####
#
# OBJ File Generated by Meshlab
#
####
# Object olympics.obj
#
# Vertices: 3933
# Faces: 7862
#
####
v 2.138629 -0.905491 0.138582
v 2.138629 -0.905491 -0.138582
v 2.339182 -0.849545 0.015999
v 2.331453 -0.857274 0.057403
v 2.341821 -0.846536 0.000000
v 2.032674 -0.776704 -0.049243
v 1.972911 -0.736334 0.000000
v 2.015833 -0.757501 0.000000
v 1.539095 -0.185839 0.085831
v 1.565184 -0.219839 0.057403
v 1.562892 -0.128389 -0.138582
v 1.482047 -0.120788 -0.126000
v 1.521303 -0.165552 -0.106066
v 1.463377 -0.123246 -0.138582
v 1.269070 -0.148827 0.057403
v 0.797525 -0.022322 -0.138582
v 0.123033 -0.936519 0.138582
v 0.261320 -1.025815 0.138582
v 2.256390 -1.047872 0.138582
v 2.259457 -1.051869 0.136357
v 2.301639 -1.099968 -0.106066
v 2.200811 -0.978415 0.150000
v 2.166995 -0.939855 0.143776
v 2.151016 -0.921635 0.140836
v 2.118040 -0.878659 -0.126000
v 2.194187 -0.984223 -0.148607
v 2.194704 -0.983770 -0.148716
v 2.192815 -0.985427 -0.148318
v 2.331453 -0.857274 -0.057403
v 1.482047 -0.120788 0.126000
v 1.567413 -0.222744 -0.049244
v 1.565845 -0.223164 -0.057403
v 1.340629 0.052422 0.136357
v 1.481987 0.045038 -0.122741
v 1.202175 0.139347 0.057403
v 1.269070 -0.148827 -0.057403
v 1.325209 -0.064702 -0.138582
v 1.202175 0.058167 -0.138582
v 1.309931 0.087426 -0.114313
v 1.319753 0.076226 -0.121366
v 1.062919 0.058523 -0.132246
v 0.934533 -0.125019 0.138582
v 0.936425 -0.096152 0.138582
v 0.832418 -0.223167 -0.057403
v 0.907390 -0.132567 -0.121742
v 0.910479 -0.245948 -0.138582
v 0.063504 -0.849326 -0.007556
v 0.062258 -0.847905 0.000000
v 0.338390 -0.818932 -0.091583
v 0.342094 -0.827872 -0.106066
v 0.273734 -0.894663 -0.133703
v 0.265750 -0.905068 -0.138582
v 0.286042 -0.878624 -0.126182
v 0.248132 -0.928028 -0.141787
v 0.194416 -0.989280 -0.148327
v 0.185686 -0.999235 -0.146720
v 2.274877 -0.934746 -0.138582
v 1.457024 0.025882 0.138582
v 1.103581 -0.116804 0.098523
v 1.054183 0.047137 -0.138582
v 0.975495 -0.001985 -0.145126
v 2.139092 -0.966138 0.150000
v 2.196254 -0.982411 0.149041
v 1.405899 -0.015224 -0.148607
v 2.183394 -0.993689 0.146336
v 1.407271 -0.014021 -0.148318
v 2.181675 -0.995196 0.145975
v 1.407108 -0.014163 -0.148352
v 2.200811 -0.978415 -0.150000
v 1.627176 -0.263113 0.000000
v 1.612613 -0.325493 0.000000
v 1.584253 -0.241946 0.000000
v 1.481987 0.045038 0.122741
v 1.511625 0.116470 0.106066
v 1.584859 -0.075356 -0.150000
v 1.406466 0.130314 0.150000
v 1.381016 -0.000212 0.146640
v 1.397911 -0.000212 0.150000
v 1.340629 0.052422 -0.136357
v 1.079142 -0.064702 -0.138582
v 1.098850 -0.112073 -0.106066
v 1.083336 -0.096559 0.117112
v 0.954043 -0.073192 -0.141787
v 0.924473 0.037166 0.128186
v 0.876519 -0.167768 0.106066
v 0.916134 -0.122597 0.126182
v 0.831231 -0.224713 0.053060
v 0.389090 -0.755816 0.000000
v 0.000000 -0.851985 0.000000
v 0.325656 -0.833452 0.106066
v 0.338390 -0.818932 0.091583
v 0.063504 -0.849326 0.007556
v 0.265750 -0.905068 0.138582
v 0.102800 -1.101313 -0.106066
v 2.259892 -1.048568 -0.138582
v 2.259457 -1.051869 -0.136357
v 2.278045 -0.910682 0.122364
v 2.219070 -0.999235 0.146640
v 2.267384 -0.991657 0.150000
v 2.118040 -0.878659 0.126000
v 2.278045 -0.910682 -0.122364
v 2.255093 -0.930810 -0.138582
v 2.339182 -0.849545 -0.015999
v 2.065649 -0.767868 0.106066
v 2.060991 -0.813608 0.085830
v 2.032674 -0.776704 0.049243
v 1.544269 -0.173348 -0.106066
v 1.539095 -0.185839 -0.085831
v 1.461458 -0.093956 0.138582
v 1.475851 0.022137 -0.138582
v 1.460994 -0.033309 0.150000
v 1.423017 -0.000212 0.145006
v 1.322041 -0.088765 -0.122364
v 1.460994 -0.033309 -0.150000
v 1.322041 -0.088765 0.122364
v 1.299150 -0.111657 0.106066
v 1.260905 -0.149902 0.015999
v 1.128841 -0.150600 0.057403
v 1.138671 -0.151894 0.007556
v 1.138671 -0.151894 -0.007556
v 1.099375 0.100093 0.106066
v 1.062919 0.058523 0.132246
v 0.928500 0.022137 -0.138582
v 0.928500 0.022137 0.138582
v 0.832418 -0.223167 0.057403
v 0.831231 -0.224713 -0.053060
v 0.446967 -0.776155 0.106066
v 0.369758 -0.778053 0.057403
v 0.149225 -0.931309 -0.138582
v 0.277703 -1.038386 0.128186
v 2.202175 -0.999235 0.150000
v 2.118098 -1.044485 -0.122741
v 2.202175 -0.999235 -0.150000
v 2.143062 -1.025329 -0.138582
v 2.177069 -0.999235 -0.145006
v 2.078783 -0.833895 -0.106066
v 2.060991 -0.813608 -0.085830
v 2.151016 -0.921635 -0.140836
v 1.521303 -0.165552 0.106066
v 1.399276 -0.021033 -0.150000
v 1.381016 -0.000212 -0.146640
v 0.943357 -0.033309 0.150000
v 0.936425 -0.096152 -0.138582
v 0.916134 -0.122597 -0.126182
v 0.072809 -0.858631 -0.057403
v 0.000000 -0.863403 -0.057403
v 0.248132 -0.928028 0.141787
v 0.203508 -0.978913 -0.150000
v 0.273676 -1.023358 0.138582
v 0.226680 -0.999235 0.145126
v 0.261320 -1.025815 -0.138582
v 0.975495 -0.001985 0.145126
v 1.016490 -0.001985 0.146720
v 1.048356 0.136033 -0.138582
v 1.016490 -0.001985 -0.146720
v 0.943357 -0.033309 -0.150000
v 0.203508 -0.978913 0.150000
v 1.399276 -0.021033 0.150000
v 1.449070 -0.077812 0.140836
v 0.202176 -0.999235 -0.150000
v 0.226680 -0.999235 -0.145126
v 0.243962 -0.912464 -0.138582
v 0.294786 -0.868653 -0.121742
v 0.309959 -0.851352 -0.114037
v 1.565184 -0.219839 -0.057403
v 1.555986 -0.207853 -0.067424
v 1.562095 -0.215813 -0.060768
v 1.085494 -0.112949 0.106066
v 1.407216 -0.014069 -0.148330
v 1.397911 -0.000212 -0.150000
v 0.353444 -1.088995 -0.023199
v 0.435717 -1.053898 -0.057403
v 2.181285 -0.995538 0.145893
v 2.177069 -0.999235 0.145006
v 1.405382 -0.015677 -0.148716
v -0.247414 -0.925346 0.141235
v -0.261995 -0.906343 0.138582
v -0.261995 -0.906343 -0.138582
v -0.130526 -0.993430 -0.150000
v -0.366393 -0.776978 -0.057403
v -0.951045 -0.076569 0.141235
v -0.936463 -0.095572 0.138582
v -0.837742 -0.129083 -0.138582
v -0.915764 -0.122548 -0.125932
v -0.934533 -0.125019 -0.138582
v -1.198459 -0.057332 0.138582
v -1.098821 -0.112526 0.106066
v -1.198459 0.106136 -0.106066
v -0.138796 -1.056242 0.134605
v -0.099054 -1.101559 -0.106066
v 0.000000 -1.059388 -0.138582
v -0.342094 -0.827873 -0.106066
v -0.321818 -0.834755 -0.106066
v -0.321818 -0.834755 0.106066
v -0.860933 -0.185070 0.088201
v -1.138116 -0.151821 -0.010374
v -0.342649 -1.085490 -0.057403
v -0.975550 -0.001985 0.145137
v -0.940852 0.024639 0.138582
v -0.204213 -0.983534 0.149069
v -0.278913 -1.042903 -0.125061
v -0.998671 -0.022262 -0.150000
v -1.000000 -0.001985 -0.150000
v -0.216743 -0.994522 0.146434
v -0.218090 -0.995703 0.146150
v -0.218768 -0.996299 0.146008
v -0.199788 -0.979653 -0.150000
v -0.247414 -0.925346 -0.141235
v -0.207014 -0.869403 -0.150000
v -0.337526 -0.816844 0.088201
v -0.337526 -0.816844 -0.088201
v -0.402612 -0.670279 0.057403
v -0.832669 -0.221905 0.057403
v -0.832066 -0.224937 0.057403
v -0.813550 -0.244037 0.000000
v -0.830637 -0.224554 0.049963
v -0.830637 -0.224554 -0.049963
v -0.856365 -0.174042 -0.106066
v -0.889815 0.060854 0.106066
v -0.886286 0.114697 0.106066
v -0.856365 -0.174042 0.106066
v -0.876640 -0.167160 0.106066
v -0.939640 -0.034004 -0.150000
v -0.919546 0.040988 0.125061
v -1.016453 -0.001985 0.146727
v -1.079024 -0.092729 0.120161
v -0.182006 -0.999929 0.146727
v -0.199788 -0.979653 0.150000
v -0.209878 -0.988502 0.147878
v -0.222909 -0.999929 -0.145137
v -0.119436 -0.909186 -0.120161
v -0.145506 -0.932049 -0.138582
v -0.099638 -0.889389 -0.106066
v -0.069122 -0.858873 0.057403
v -0.282695 -0.879367 0.125932
v -0.384909 -0.757878 0.000000
v -0.863474 -0.233352 -0.106066
v -0.915764 -0.122548 0.125932
v -1.054180 0.047181 0.138582
v -1.059663 0.054328 0.134605
v -1.060440 0.048427 0.138582
v -1.079024 -0.092729 -0.120161
v -1.052953 -0.069866 -0.138582
v -0.975550 -0.001985 -0.145137
v -1.138116 -0.151821 0.010374
v -0.144279 -1.049096 0.138582
v -0.273676 -1.023358 0.138582
v -0.138796 -1.056242 -0.134605
v -0.382684 -0.925865 -0.150000
v -0.144279 -1.049096 -0.138582
v -0.940852 0.024639 -0.138582
v -1.054180 0.047181 -0.138582
v -1.016453 -0.001985 -0.146727
v -1.000000 -0.001985 0.150000
v -0.992221 -0.016605 -0.148643
v -0.440086 -1.064447 0.000000
v -2.073784 -0.828144 -0.106066
v -2.060112 -0.812554 -0.090516
v -1.993579 -0.973178 -0.138582
v -1.536576 -0.183642 -0.090516
v -1.540552 -0.174042 -0.106066
v -1.321492 -0.065396 0.138582
v -1.317620 -0.094807 0.118760
v -1.345673 -0.070206 0.138582
v -1.267268 -0.145160 -0.046651
v -1.259572 -0.153935 0.000000
v -1.322136 0.072569 0.123078
v -1.298446 0.099583 0.106066
v -1.301626 0.148105 0.106066
v -1.198459 0.057473 0.138582
v -1.340827 0.003734 0.138582
v -1.477071 0.039864 0.125839
v -1.463696 0.126768 0.138582
v -1.477071 0.039864 -0.125839
v -1.429986 0.003734 -0.143683
v -1.456990 0.024455 -0.138582
v -1.336478 0.048427 -0.138582
v -2.279068 -0.901388 0.118760
v -2.336655 -0.842786 0.002794
v -2.219828 -0.999929 0.145749
v -2.198459 -0.999929 0.150000
v -2.150486 -0.920859 -0.141488
v -2.253026 -1.043193 -0.138582
v -2.124553 -1.017638 0.138582
v -2.134509 -0.900038 0.138582
v -1.446203 -0.075336 -0.141488
v -1.398229 0.003734 0.150000
v -1.429986 0.003734 0.143683
v -1.542024 0.083264 -0.057403
v -1.376860 0.003734 -0.145749
v -2.327413 -0.853042 -0.057403
v -1.406549 -0.016819 0.148613
v -1.409489 -0.014241 0.147995
v -1.408333 -0.015254 0.148238
v -1.417728 -0.007016 -0.146262
v -1.337369 0.055199 -0.134018
v -1.301626 0.148105 -0.106066
v -1.298446 0.099583 -0.106066
v -2.259319 -1.051395 0.134017
v -2.267704 -0.987711 0.150000
v -2.196733 -0.973594 -0.150000
v -2.139410 -0.962192 -0.150000
v -2.088669 -1.056738 0.106066
v -2.084745 -1.116611 0.106066
v -2.037513 -0.867112 0.138582
v -2.118241 -0.878838 0.128641
v -2.118241 -0.878838 -0.128641
v -1.572342 -0.338360 -0.106066
v -1.564265 -0.219726 -0.060344
v -1.478447 -0.117358 0.128641
v -1.522904 -0.168051 0.106066
v -1.478447 -0.117358 -0.128641
v -1.269388 -0.144881 0.057403
v -1.457278 -0.034004 -0.150000
v -1.399956 -0.022602 -0.150000
v -1.337369 0.055199 0.134018
v -1.343663 0.046998 0.138582
v -1.336478 0.048427 0.138582
v -1.446203 -0.075336 0.141488
v -1.462179 -0.096157 0.138582
v -1.559175 -0.129083 0.138582
v -2.327300 -0.851315 0.057403
v -2.327413 -0.853042 0.057403
v -2.329420 -0.851035 -0.046651
v -2.327300 -0.851315 -0.057403
v -2.279068 -0.901388 -0.118760
v -2.295062 -0.855559 -0.106066
v -1.536576 -0.183642 0.090516
v -1.463696 -0.119300 -0.138582
v -1.267268 -0.145160 0.046651
v -1.198459 -0.149929 0.000000
v -1.376860 0.003734 0.145749
v -1.399956 -0.022602 0.150000
v -1.472135 0.021443 -0.138582
v -1.416800 -0.007829 -0.146457
v -1.345673 -0.070206 -0.138582
v -1.321492 -0.065396 -0.138582
v -2.139410 -0.962192 0.150000
v -2.150486 -0.920859 0.141488
v -2.196733 -0.973594 0.150000
v -2.260211 -1.044622 -0.138582
v -2.166703 -0.999929 -0.143683
v -2.198459 -0.999929 -0.150000
v -2.166703 -0.999929 0.143683
v -1.298444 0.298421 0.057403
v -1.329852 0.290005 0.106066
v -1.349873 0.141753 0.138582
v -1.432304 0.262553 0.150000
v -1.534755 0.235101 0.106066
v -1.566163 0.226685 0.057403
v -1.555501 0.114681 0.000000
v -1.577192 0.223730 0.000000
v -1.566163 0.226685 -0.057403
v -1.534755 0.235101 -0.106066
v -1.463696 0.126768 -0.138582
v -1.511943 0.120416 -0.106066
v -1.432304 0.262553 -0.150000
v -1.349873 0.141753 -0.138582
v -1.406785 0.134260 -0.150000
v -1.287415 0.301376 0.000000
v -1.269388 0.152349 -0.057403
v -1.335768 0.443820 0.000000
v -1.346317 0.439451 0.057403
v -1.376358 0.427007 0.106066
v -1.376857 0.277410 0.138582
v -1.487750 0.247696 0.138582
v -1.602383 0.333384 0.057403
v -1.612932 0.329015 0.000000
v -1.602383 0.333384 -0.057403
v -1.527383 0.364451 -0.138582
v -1.487750 0.247696 -0.138582
v -1.474350 0.386418 -0.150000
v -1.376857 0.277410 -0.138582
v -1.421317 0.408385 -0.138582
v -1.329852 0.290005 -0.106066
v -1.298444 0.298421 -0.057403
v -1.412189 0.573025 0.057403
v -1.421317 0.408385 0.138582
v -1.482492 0.532435 0.138582
v -1.532204 0.503734 0.150000
v -1.474350 0.386418 0.150000
v -1.572342 0.345828 0.106066
v -1.527383 0.364451 0.138582
v -1.662108 0.428734 0.000000
v -1.624060 0.450701 -0.106066
v -1.572342 0.345828 -0.106066
v -1.482492 0.532435 -0.138582
v -1.376358 0.427007 -0.106066
v -1.412189 0.573025 -0.057403
v -1.346317 0.439451 -0.057403
v -1.402300 0.578734 0.000000
v -1.494932 0.696859 0.057403
v -1.520728 0.677064 0.106066
v -1.440348 0.556767 0.106066
v -1.559336 0.647440 0.138582
v -1.650416 0.577551 0.138582
v -1.581916 0.475033 0.138582
v -1.652219 0.434443 0.057403
v -1.624060 0.450701 0.106066
v -1.714821 0.528132 0.057403
v -1.652219 0.434443 -0.057403
v -1.650416 0.577551 -0.138582
v -1.581916 0.475033 -0.138582
v -1.532204 0.503734 -0.150000
v -1.604876 0.612495 -0.150000
v -1.440348 0.556767 -0.106066
v -1.593130 0.808833 0.057403
v -1.485873 0.703810 0.000000
v -1.650533 0.751431 0.138582
v -1.691123 0.710841 0.150000
v -1.604876 0.612495 0.150000
v -1.689024 0.547927 0.106066
v -1.789115 0.612849 0.057403
v -1.723879 0.521181 0.000000
v -1.789115 0.612849 -0.057403
v -1.714821 0.528132 -0.057403
v -1.689024 0.547927 -0.106066
v -1.650533 0.751431 -0.138582
v -1.559336 0.647440 -0.138582
v -1.520728 0.677064 -0.106066
v -1.593130 0.808833 -0.057403
v -1.494932 0.696859 -0.057403
v -1.754524 0.842628 0.138582
v -1.616123 0.785841 0.106066
v -1.731712 0.670251 0.138582
v -1.854037 0.712940 0.106066
v -1.766123 0.635841 0.106066
v -1.873831 0.687143 0.057403
v -1.797189 0.604775 0.000000
v -1.731712 0.670251 -0.138582
v -1.766123 0.635841 -0.106066
v -1.691123 0.710841 -0.150000
v -1.705105 0.907032 -0.057403
v -1.616123 0.785841 -0.106066
v -1.585057 0.816907 0.000000
v -1.705105 0.907032 0.057403
v -1.698154 0.916090 0.000000
v -1.828938 0.989775 0.057403
v -1.724899 0.881235 0.106066
v -1.869528 0.919472 0.138582
v -1.898229 0.869760 0.150000
v -1.789468 0.797087 0.150000
v -1.824412 0.751547 0.138582
v -1.880782 0.678084 0.000000
v -1.873831 0.687143 -0.057403
v -1.854037 0.712940 -0.106066
v -1.926931 0.820047 -0.138582
v -1.789468 0.797087 -0.150000
v -1.824412 0.751547 -0.138582
v -1.754524 0.842628 -0.138582
v -1.869528 0.919472 -0.138582
v -1.845196 0.961615 -0.106066
v -1.724899 0.881235 -0.106066
v -1.823229 0.999663 0.000000
v -1.845196 0.961615 0.106066
v -1.974956 1.025606 0.106066
v -1.993579 0.980647 0.138582
v -2.015546 0.927614 0.150000
v -1.926931 0.820047 0.138582
v -1.951262 0.777904 0.106066
v -1.973229 0.739856 0.000000
v -1.967520 0.749744 0.057403
v -1.967520 0.749744 -0.057403
v -1.951262 0.777904 -0.106066
v -2.037513 0.874581 -0.138582
v -2.015546 0.927614 -0.150000
v -1.993579 0.980647 -0.138582
v -1.898229 0.869760 -0.150000
v -1.974956 1.025606 -0.106066
v -1.828938 0.989775 -0.057403
v -1.962513 1.055647 -0.057403
v -2.100587 1.114549 0.000000
v -2.111959 1.072112 0.106066
v -1.962513 1.055647 0.057403
v -2.139410 0.969660 0.150000
v -2.056136 0.829621 0.106066
v -2.037513 0.874581 0.138582
v -2.068579 0.799581 0.057403
v -2.072948 0.789032 0.000000
v -2.175278 0.835800 -0.057403
v -2.068579 0.799581 -0.057403
v -2.166862 0.867208 -0.106066
v -2.056136 0.829621 -0.106066
v -2.124553 1.025106 -0.138582
v -2.103543 1.103520 -0.057403
v -1.958143 1.066195 0.000000
v -2.103543 1.103520 0.057403
v -2.124553 1.025106 0.138582
v -2.267703 0.995179 0.150000
v -2.154267 0.914213 0.138582
v -2.166862 0.867208 0.106066
v -2.178233 0.824771 0.000000
v -2.175278 0.835800 0.057403
v -2.285792 0.857783 -0.057403
v -2.281548 0.890020 -0.106066
v -2.275196 0.938267 -0.138582
v -2.139410 0.969660 -0.150000
v -2.154267 0.914213 -0.138582
v -2.260211 1.052090 -0.138582
v -2.111959 1.072112 -0.106066
v -2.253859 1.100338 -0.106066
v -2.248124 1.143896 0.000000
v -2.249614 1.132575 0.057403
v -2.398229 1.142316 0.057403
v -2.253859 1.100338 0.106066
v -2.260211 1.052090 0.138582
v -2.275196 0.938267 0.138582
v -2.398229 0.946332 0.138582
v -2.398229 0.897668 0.106066
v -2.285792 0.857783 0.057403
v -2.281548 0.890020 0.106066
v -2.287282 0.846462 0.000000
v -2.398229 0.865152 -0.057403
v -2.398229 0.897668 -0.106066
v -2.398229 1.003734 -0.150000
v -2.267703 0.995179 -0.150000
v -2.398229 1.061137 -0.138582
v -2.398229 1.109800 -0.106066
v -2.398229 1.142316 -0.057403
v -2.249614 1.132575 -0.057403
v -2.546844 1.132575 0.057403
v -2.536248 1.052090 0.138582
v -2.398229 1.109800 0.106066
v -2.398229 1.003734 0.150000
v -2.398229 1.061137 0.138582
v -2.398229 0.865152 0.057403
v -2.398229 0.853734 0.000000
v -2.398229 0.946332 -0.138582
v -2.542600 1.100338 -0.106066
v -2.398229 1.153734 0.000000
v -2.548335 1.143896 0.000000
v -2.671905 1.025106 0.138582
v -2.542600 1.100338 0.106066
v -2.528756 0.995179 0.150000
v -2.514911 0.890020 0.106066
v -2.521263 0.938268 0.138582
v -2.629596 0.867208 0.106066
v -2.621181 0.835800 0.057403
v -2.510667 0.857783 0.057403
v -2.510667 0.857783 -0.057403
v -2.509177 0.846462 0.000000
v -2.621181 0.835800 -0.057403
v -2.514911 0.890020 -0.106066
v -2.521263 0.938268 -0.138582
v -2.657048 0.969660 -0.150000
v -2.528756 0.995179 -0.150000
v -2.536248 1.052090 -0.138582
v -2.684500 1.072112 -0.106066
v -2.546844 1.132575 -0.057403
v -2.695871 1.114549 0.000000
v -2.692916 1.103520 0.057403
v -2.684500 1.072112 0.106066
v -2.657048 0.969660 0.150000
v -2.642192 0.914213 0.138582
v -2.727880 0.799581 0.057403
v -2.618226 0.824771 0.000000
v -2.723510 0.789032 0.000000
v -2.740323 0.829621 -0.106066
v -2.629596 0.867208 -0.106066
v -2.642192 0.914213 -0.138582
v -2.780913 0.927614 -0.150000
v -2.802880 0.980647 -0.138582
v -2.671905 1.025106 -0.138582
v -2.821502 1.025606 -0.106066
v -2.692916 1.103520 -0.057403
v -2.833946 1.055647 0.057403
v -2.821502 1.025606 0.106066
v -2.926931 0.919471 0.138582
v -2.898229 0.869759 0.150000
v -2.802880 0.980647 0.138582
v -2.758946 0.874581 0.138582
v -2.780913 0.927614 0.150000
v -2.740323 0.829621 0.106066
v -2.828938 0.749744 0.057403
v -2.823229 0.739856 0.000000
v -2.828938 0.749744 -0.057403
v -2.845196 0.777904 -0.106066
v -2.727880 0.799581 -0.057403
v -2.758946 0.874581 -0.138582
v -2.898229 0.869759 -0.150000
v -2.951262 0.961615 -0.106066
v -2.833946 1.055647 -0.057403
v -2.838315 1.066196 0.000000
v -3.098305 0.916090 0.000000
v -3.091354 0.907032 0.057403
v -2.967520 0.989775 0.057403
v -3.071560 0.881235 0.106066
v -2.951262 0.961615 0.106066
v -3.006991 0.797087 0.150000
v -2.869528 0.820047 0.138582
v -2.942422 0.712940 0.106066
v -2.845196 0.777904 0.106066
v -2.922627 0.687143 0.057403
v -2.915677 0.678084 0.000000
v -2.869528 0.820047 -0.138582
v -3.006991 0.797087 -0.150000
v -3.041935 0.842628 -0.138582
v -2.926931 0.919471 -0.138582
v -2.967520 0.989775 -0.057403
v -3.091354 0.907032 -0.057403
v -2.973229 0.999663 0.000000
v -3.105336 0.710841 0.150000
v -3.041935 0.842628 0.138582
v -2.972046 0.751547 0.138582
v -3.030336 0.635841 0.106066
v -2.922627 0.687143 -0.057403
v -2.972046 0.751547 -0.138582
v -2.942422 0.712940 -0.106066
v -3.105336 0.710841 -0.150000
v -3.071560 0.881235 -0.106066
v -3.203328 0.808833 0.057403
v -3.211402 0.816907 0.000000
v -3.275731 0.677064 0.106066
v -3.237123 0.647440 0.138582
v -3.145926 0.751431 0.138582
v -3.180336 0.785841 0.106066
v -3.191583 0.612495 0.150000
v -3.107435 0.547927 0.106066
v -3.064746 0.670251 0.138582
v -3.007344 0.612849 0.057403
v -3.072580 0.521181 0.000000
v -2.999270 0.604775 0.000000
v -3.007344 0.612849 -0.057403
v -3.107435 0.547927 -0.106066
v -3.030336 0.635841 -0.106066
v -3.146042 0.577551 -0.138582
v -3.064746 0.670251 -0.138582
v -3.275731 0.677064 -0.106066
v -3.145926 0.751431 -0.138582
v -3.203328 0.808833 -0.057403
v -3.180336 0.785841 -0.106066
v -3.301527 0.696859 -0.057403
v -3.384270 0.573025 0.057403
v -3.356111 0.556767 0.106066
v -3.301527 0.696859 0.057403
v -3.264255 0.503734 0.150000
v -3.214543 0.475033 0.138582
v -3.146042 0.577551 0.138582
v -3.172399 0.450701 0.106066
v -3.081638 0.528132 0.057403
v -3.144239 0.434443 -0.057403
v -3.081638 0.528132 -0.057403
v -3.172399 0.450701 -0.106066
v -3.264255 0.503734 -0.150000
v -3.191583 0.612495 -0.150000
v -3.237123 0.647440 -0.138582
v -3.394159 0.578734 0.000000
v -3.310586 0.703810 0.000000
v -3.313967 0.532435 0.138582
v -3.322109 0.386418 0.150000
v -3.269076 0.364451 0.138582
v -3.224117 0.345828 0.106066
v -3.194076 0.333385 0.057403
v -3.144239 0.434443 0.057403
v -3.134351 0.428734 0.000000
v -3.322109 0.386418 -0.150000
v -3.214543 0.475033 -0.138582
v -3.313967 0.532435 -0.138582
v -3.450142 0.439451 -0.057403
v -3.384270 0.573025 -0.057403
v -3.356111 0.556767 -0.106066
v -3.450142 0.439451 0.057403
v -3.466607 0.290005 0.106066
v -3.420101 0.427007 0.106066
v -3.375142 0.408385 0.138582
v -3.261703 0.235101 0.106066
v -3.219266 0.223730 0.000000
v -3.183527 0.329015 0.000000
v -3.194076 0.333385 -0.057403
v -3.261703 0.235101 -0.106066
v -3.224117 0.345828 -0.106066
v -3.308709 0.247696 -0.138582
v -3.269076 0.364451 -0.138582
v -3.375142 0.408385 -0.138582
v -3.419602 0.277410 -0.138582
v -3.420101 0.427007 -0.106066
v -3.466607 0.290005 -0.106066
v -3.498015 0.298421 -0.057403
v -3.460691 0.443820 0.000000
v -3.538391 0.153839 0.000000
v -3.527071 0.152349 0.057403
v -3.509044 0.301376 0.000000
v -3.498015 0.298421 0.057403
v -3.419602 0.277410 0.138582
v -3.364155 0.262553 0.150000
v -3.308709 0.247696 0.138582
v -3.284516 0.120416 0.106066
v -3.240957 0.114681 0.000000
v -3.230295 0.226686 0.057403
v -3.230295 0.226686 -0.057403
v -3.252278 0.116172 -0.057403
v -3.389674 0.134260 -0.150000
v -3.364155 0.262553 -0.150000
v -3.504295 0.003734 0.106066
v -3.494833 0.148105 0.106066
v -3.446586 0.141753 0.138582
v -3.455632 0.003734 0.138582
v -3.340827 0.003734 0.138582
v -3.332763 0.126768 0.138582
v -3.389674 0.134260 0.150000
v -3.292163 0.003734 0.106066
v -3.252278 0.116172 0.057403
v -3.248230 0.003734 0.000000
v -3.292163 0.003734 -0.106066
v -3.284516 0.120416 -0.106066
v -3.332763 0.126768 -0.138582
v -3.455632 0.003734 -0.138582
v -3.446586 0.141753 -0.138582
v -3.494833 0.148105 -0.106066
v -3.536811 0.003734 -0.057403
v -3.548229 0.003734 0.000000
v -3.527071 0.152349 -0.057403
v -3.538391 -0.146371 0.000000
v -3.536811 0.003734 0.057403
v -3.494833 -0.140637 0.106066
v -3.332763 -0.119300 0.138582
v -3.398229 0.003734 0.150000
v -3.284516 -0.112948 0.106066
v -3.252278 -0.108704 0.057403
v -3.259647 0.003734 0.057403
v -3.240957 -0.107213 0.000000
v -3.284516 -0.112948 -0.106066
v -3.259647 0.003734 -0.057403
v -3.332763 -0.119300 -0.138582
v -3.389674 -0.126792 -0.150000
v -3.340827 0.003734 -0.138582
v -3.398229 0.003734 -0.150000
v -3.494833 -0.140637 -0.106066
v -3.504295 0.003734 -0.106066
v -3.527071 -0.144881 0.057403
v -3.389674 -0.126792 0.150000
v -3.446586 -0.134285 0.138582
v -3.364155 -0.255085 0.150000
v -3.230295 -0.219217 0.057403
v -3.230295 -0.219217 -0.057403
v -3.252278 -0.108704 -0.057403
v -3.446586 -0.134285 -0.138582
v -3.466607 -0.282537 -0.106066
v -3.527071 -0.144881 -0.057403
v -3.509044 -0.293908 0.000000
v -3.498015 -0.290953 0.057403
v -3.420101 -0.419539 0.106066
v -3.375142 -0.400916 0.138582
v -3.466607 -0.282537 0.106066
v -3.322109 -0.378949 0.150000
v -3.419602 -0.269942 0.138582
v -3.308709 -0.240228 0.138582
v -3.194076 -0.325916 0.057403
v -3.261703 -0.227633 0.106066
v -3.219266 -0.216262 0.000000
v -3.194076 -0.325916 -0.057403
v -3.261703 -0.227633 -0.106066
v -3.224117 -0.338360 -0.106066
v -3.364155 -0.255085 -0.150000
v -3.308709 -0.240228 -0.138582
v -3.419602 -0.269942 -0.138582
v -3.375142 -0.400916 -0.138582
v -3.498015 -0.290953 -0.057403
v -3.450142 -0.431982 -0.057403
v -3.384270 -0.565557 0.057403
v -3.450142 -0.431982 0.057403
v -3.356111 -0.549299 0.106066
v -3.313967 -0.524967 0.138582
v -3.269076 -0.356982 0.138582
v -3.224117 -0.338360 0.106066
v -3.144239 -0.426975 0.057403
v -3.183527 -0.321547 0.000000
v -3.134351 -0.421266 0.000000
v -3.144239 -0.426975 -0.057403
v -3.269076 -0.356982 -0.138582
v -3.264255 -0.496266 -0.150000
v -3.322109 -0.378949 -0.150000
v -3.356111 -0.549299 -0.106066
v -3.384270 -0.565557 -0.057403
v -3.420101 -0.419539 -0.106066
v -3.394159 -0.571266 0.000000
v -3.460691 -0.436352 0.000000
v -3.310586 -0.696342 0.000000
v -3.275731 -0.669596 0.106066
v -3.191583 -0.605027 0.150000
v -3.264255 -0.496266 0.150000
v -3.146042 -0.570083 0.138582
v -3.214543 -0.467565 0.138582
v -3.081638 -0.520664 0.057403
v -3.172399 -0.443233 0.106066
v -3.072580 -0.513713 0.000000
v -3.081638 -0.520664 -0.057403
v -3.172399 -0.443233 -0.106066
v -3.146042 -0.570083 -0.138582
v -3.214543 -0.467565 -0.138582
v -3.191583 -0.605027 -0.150000
v -3.275731 -0.669596 -0.106066
v -3.313967 -0.524967 -0.138582
v -3.301527 -0.689391 -0.057403
v -3.301527 -0.689391 0.057403
v -3.237123 -0.639972 0.138582
v -3.064746 -0.662783 0.138582
v -3.030336 -0.628373 0.106066
v -3.007344 -0.605380 0.057403
v -3.107435 -0.540458 0.106066
v -2.999270 -0.597307 0.000000
v -3.007344 -0.605380 -0.057403
v -3.064746 -0.662783 -0.138582
v -3.107435 -0.540458 -0.106066
v -3.180336 -0.778373 -0.106066
v -3.237123 -0.639972 -0.138582
v -3.211402 -0.809439 0.000000
v -3.098305 -0.908622 0.000000
v -3.091354 -0.899564 0.057403
v -3.071560 -0.873767 0.106066
v -3.180336 -0.778373 0.106066
v -3.203329 -0.801365 0.057403
v -3.145926 -0.743962 0.138582
v -3.006991 -0.789619 0.150000
v -3.105336 -0.703373 0.150000
v -2.972046 -0.744079 0.138582
v -2.942422 -0.705471 0.106066
v -2.922627 -0.679675 0.057403
v -2.915677 -0.670616 0.000000
v -2.922627 -0.679675 -0.057403
v -2.942422 -0.705471 -0.106066
v -3.030336 -0.628373 -0.106066
v -3.105336 -0.703373 -0.150000
v -3.145926 -0.743962 -0.138582
v -3.091354 -0.899564 -0.057403
v -3.203329 -0.801365 -0.057403
v -2.967520 -0.982307 0.057403
v -2.951262 -0.954147 0.106066
v -2.926930 -0.912003 0.138582
v -2.898229 -0.862291 0.150000
v -3.041935 -0.835160 0.138582
v -2.828938 -0.742276 0.057403
v -2.823229 -0.732388 0.000000
v -2.845196 -0.770436 -0.106066
v -2.972046 -0.744079 -0.138582
v -3.041935 -0.835160 -0.138582
v -3.006991 -0.789619 -0.150000
v -3.071560 -0.873767 -0.106066
v -2.973229 -0.992195 0.000000
v -2.838315 -1.058727 0.000000
v -2.833946 -1.048178 0.057403
v -2.740323 -0.822153 0.106066
v -2.869528 -0.812579 0.138582
v -2.727880 -0.792112 0.057403
v -2.845196 -0.770436 0.106066
v -2.723511 -0.781564 0.000000
v -2.727880 -0.792112 -0.057403
v -2.828938 -0.742276 -0.057403
v -2.780913 -0.920145 -0.150000
v -2.898229 -0.862291 -0.150000
v -2.869528 -0.812579 -0.138582
v -2.821503 -1.018138 -0.106066
v -2.951262 -0.954147 -0.106066
v -2.926930 -0.912003 -0.138582
v -2.967520 -0.982307 -0.057403
v -2.802880 -0.973178 0.138582
v -2.821503 -1.018138 0.106066
v -2.780913 -0.920145 0.150000
v -2.657048 -0.962192 0.150000
v -2.758946 -0.867112 0.138582
v -2.629596 -0.859740 0.106066
v -2.621181 -0.828332 0.057403
v -2.621181 -0.828332 -0.057403
v -2.629596 -0.859740 -0.106066
v -2.740323 -0.822153 -0.106066
v -2.758946 -0.867112 -0.138582
v -2.671905 -1.017638 -0.138582
v -2.802880 -0.973178 -0.138582
v -2.684500 -1.064644 -0.106066
v -2.692916 -1.096052 -0.057403
v -2.833946 -1.048178 -0.057403
v -2.548335 -1.136427 0.000000
v -2.695871 -1.107081 0.000000
v -2.692916 -1.096052 0.057403
v -2.671905 -1.017638 0.138582
v -2.684500 -1.064644 0.106066
v -2.642191 -0.906745 0.138582
v -2.514911 -0.882552 0.106066
v -2.510667 -0.850314 0.057403
v -2.509177 -0.838994 0.000000
v -2.618226 -0.817303 0.000000
v -2.642191 -0.906745 -0.138582
v -2.528756 -0.987711 -0.150000
v -2.657048 -0.962192 -0.150000
v -2.536248 -1.044622 -0.138582
v -2.398229 -1.146266 0.000000
v -2.546844 -1.125107 0.057403
v -2.398229 -1.102332 0.106066
v -2.542600 -1.092869 0.106066
v -2.398229 -1.053668 0.138582
v -2.528756 -0.987711 0.150000
v -2.536248 -1.044622 0.138582
v -2.521263 -0.930799 0.138582
v -2.398229 -0.890200 0.106066
v -2.398229 -0.857684 0.057403
v -2.398229 -0.846266 0.000000
v -2.510667 -0.850314 -0.057403
v -2.398229 -0.890200 -0.106066
v -2.398229 -0.938863 -0.138582
v -2.514911 -0.882552 -0.106066
v -2.521263 -0.930799 -0.138582
v -2.546844 -1.125107 -0.057403
v -2.542600 -1.092869 -0.106066
v -2.260211 -1.044622 0.138582
v -2.398229 -0.996266 0.150000
v -2.275196 -0.930799 0.138582
v -2.398229 -0.938863 0.138582
v -2.275196 -0.930799 -0.138582
v -2.267704 -0.987711 -0.150000
v -2.398229 -0.996266 -0.150000
v -2.259319 -1.051395 -0.134017
v -2.398229 -1.053668 -0.138582
v -1.974956 -1.018138 0.106066
v -2.015546 -0.920145 -0.150000
v -1.958143 -1.058727 0.000000
v -1.845196 -0.954147 0.106066
v -1.962513 -1.048178 0.057403
v -1.993579 -0.973178 0.138582
v -2.015546 -0.920145 0.150000
v -2.056135 -0.822153 -0.106066
v -1.951262 -0.770436 -0.106066
v -2.037513 -0.867112 -0.138582
v -1.828938 -0.982307 -0.057403
v -1.823230 -0.992195 0.000000
v -1.724899 -0.873767 0.106066
v -1.828938 -0.982307 0.057403
v -1.869528 -0.912003 0.138582
v -1.898229 -0.862291 0.150000
v -1.789468 -0.789619 0.150000
v -1.824412 -0.744079 0.138582
v -1.926931 -0.812579 0.138582
v -1.873831 -0.679675 0.057403
v -1.967520 -0.742276 0.057403
v -1.926931 -0.812579 -0.138582
v -1.789468 -0.789619 -0.150000
v -1.898229 -0.862291 -0.150000
v -1.845196 -0.954147 -0.106066
v -1.869528 -0.912003 -0.138582
v -1.705104 -0.899564 -0.057403
v -1.585057 -0.809439 0.000000
v -1.705104 -0.899564 0.057403
v -1.698154 -0.908622 0.000000
v -1.616123 -0.778373 0.106066
v -1.754523 -0.835160 0.138582
v -1.766123 -0.628373 0.106066
v -1.854037 -0.705471 0.106066
v -1.789115 -0.605381 0.057403
v -1.880782 -0.670616 0.000000
v -1.854037 -0.705471 -0.106066
v -1.873831 -0.679675 -0.057403
v -1.766123 -0.628373 -0.106066
v -1.824412 -0.744079 -0.138582
v -1.650533 -0.743963 -0.138582
v -1.754523 -0.835160 -0.138582
v -1.616123 -0.778373 -0.106066
v -1.724899 -0.873767 -0.106066
v -1.494931 -0.689391 0.057403
v -1.593130 -0.801365 0.057403
v -1.520728 -0.669596 0.106066
v -1.559335 -0.639972 0.138582
v -1.691123 -0.703373 0.150000
v -1.650533 -0.743963 0.138582
v -1.731712 -0.662783 0.138582
v -1.723879 -0.513713 0.000000
v -1.797189 -0.597307 0.000000
v -1.789115 -0.605381 -0.057403
v -1.650416 -0.570083 -0.138582
v -1.691123 -0.703373 -0.150000
v -1.731712 -0.662783 -0.138582
v -1.604876 -0.605027 -0.150000
v -1.559335 -0.639972 -0.138582
v -1.520728 -0.669596 -0.106066
v -1.593130 -0.801365 -0.057403
v -1.412189 -0.565557 0.057403
v -1.440348 -0.549299 0.106066
v -1.581916 -0.467565 0.138582
v -1.650416 -0.570083 0.138582
v -1.604876 -0.605027 0.150000
v -1.624060 -0.443233 0.106066
v -1.689024 -0.540458 0.106066
v -1.652220 -0.426975 0.057403
v -1.714820 -0.520664 0.057403
v -1.714820 -0.520664 -0.057403
v -1.624060 -0.443233 -0.106066
v -1.581916 -0.467565 -0.138582
v -1.689024 -0.540458 -0.106066
v -1.440348 -0.549299 -0.106066
v -1.485873 -0.696342 0.000000
v -1.494931 -0.689391 -0.057403
v -1.376358 -0.419539 0.106066
v -1.482492 -0.524967 0.138582
v -1.532204 -0.496266 0.150000
v -1.572342 -0.338360 0.106066
v -1.602383 -0.325916 0.057403
v -1.662108 -0.421266 0.000000
v -1.602383 -0.325916 -0.057403
v -1.652220 -0.426975 -0.057403
v -1.527383 -0.356982 -0.138582
v -1.474350 -0.378949 -0.150000
v -1.532204 -0.496266 -0.150000
v -1.482492 -0.524967 -0.138582
v -1.335768 -0.436352 0.000000
v -1.402300 -0.571266 0.000000
v -1.412189 -0.565557 -0.057403
v -1.346317 -0.431982 0.057403
v -1.329852 -0.282537 0.106066
v -1.421317 -0.400916 0.138582
v -1.474350 -0.378949 0.150000
v -1.527383 -0.356982 0.138582
v -1.534755 -0.227633 -0.106066
v -1.487750 -0.240228 -0.138582
v -1.421317 -0.400916 -0.138582
v -1.376857 -0.269942 -0.138582
v -1.329852 -0.282537 -0.106066
v -1.346317 -0.431982 -0.057403
v -1.376358 -0.419539 -0.106066
v -1.298444 -0.290953 -0.057403
v -1.298444 -0.290953 0.057403
v -1.376857 -0.269942 0.138582
v -1.432304 -0.255085 0.150000
v -1.534755 -0.227633 0.106066
v -1.487750 -0.240228 0.138582
v -1.432304 -0.255085 -0.150000
v -1.269388 -0.144881 -0.057403
v -1.287415 -0.293908 0.000000
v -0.087644 -0.702288 0.000000
v -0.130081 -0.713659 0.106066
v -0.177087 -0.726254 0.138582
v -0.232533 -0.741110 0.150000
v -0.287980 -0.755967 0.138582
v -0.207014 -0.869403 0.150000
v -0.282695 -0.879367 -0.125932
v -0.232533 -0.741110 -0.150000
v -0.177087 -0.726254 -0.138582
v -0.176587 -0.576656 0.106066
v -0.098673 -0.705243 0.057403
v -0.327612 -0.639213 0.138582
v -0.334985 -0.768562 0.106066
v -0.372572 -0.657836 0.106066
v -0.367822 -0.777361 -0.049963
v -0.372572 -0.657836 -0.106066
v -0.287980 -0.755967 -0.138582
v -0.334985 -0.768562 -0.106066
v -0.274579 -0.617246 -0.150000
v -0.221546 -0.595279 -0.138582
v -0.130081 -0.713659 -0.106066
v -0.098673 -0.705243 -0.057403
v -0.146546 -0.564213 0.057403
v -0.274579 -0.617246 0.150000
v -0.221546 -0.595279 0.138582
v -0.424289 -0.552962 0.106066
v -0.452449 -0.569220 0.057403
v -0.413161 -0.674649 0.000000
v -0.424289 -0.552962 -0.106066
v -0.402612 -0.670279 -0.057403
v -0.327612 -0.639213 -0.138582
v -0.282722 -0.471228 -0.138582
v -0.176587 -0.576656 -0.106066
v -0.212418 -0.430638 -0.057403
v -0.202530 -0.424929 0.000000
v -0.135998 -0.559843 0.000000
v -0.146546 -0.564213 -0.057403
v -0.212418 -0.430638 0.057403
v -0.295161 -0.306805 0.057403
v -0.320958 -0.326599 0.106066
v -0.240578 -0.446896 0.106066
v -0.405106 -0.391168 0.150000
v -0.282722 -0.471228 0.138582
v -0.450646 -0.426112 0.138582
v -0.382146 -0.528631 0.138582
v -0.332433 -0.499929 0.150000
v -0.489254 -0.455737 0.106066
v -0.515050 -0.475531 0.057403
v -0.524109 -0.482482 0.000000
v -0.452449 -0.569220 -0.057403
v -0.462337 -0.574929 0.000000
v -0.489254 -0.455737 -0.106066
v -0.450646 -0.426112 -0.138582
v -0.382146 -0.528631 -0.138582
v -0.405106 -0.391168 -0.150000
v -0.359565 -0.356224 -0.138582
v -0.332433 -0.499929 -0.150000
v -0.320958 -0.326599 -0.106066
v -0.240578 -0.446896 -0.106066
v -0.286103 -0.299854 0.000000
v -0.359565 -0.356224 0.138582
v -0.450763 -0.252233 0.138582
v -0.491352 -0.292823 0.150000
v -0.515050 -0.475531 -0.057403
v -0.531942 -0.333412 -0.138582
v -0.450763 -0.252233 -0.138582
v -0.385286 -0.186757 0.000000
v -0.295161 -0.306805 -0.057403
v -0.498383 -0.087573 0.000000
v -0.505334 -0.096632 0.057403
v -0.393360 -0.194830 0.057403
v -0.525129 -0.122428 0.106066
v -0.554753 -0.161036 0.138582
v -0.416352 -0.217823 0.106066
v -0.531942 -0.333412 0.138582
v -0.624642 -0.252117 0.138582
v -0.654266 -0.290724 0.106066
v -0.566352 -0.367823 0.106066
v -0.589344 -0.390815 0.057403
v -0.674061 -0.316521 0.057403
v -0.597418 -0.398889 0.000000
v -0.681012 -0.325579 0.000000
v -0.589344 -0.390815 -0.057403
v -0.674061 -0.316521 -0.057403
v -0.566352 -0.367823 -0.106066
v -0.624642 -0.252117 -0.138582
v -0.491352 -0.292823 -0.150000
v -0.554753 -0.161036 -0.138582
v -0.416352 -0.217823 -0.106066
v -0.525129 -0.122428 -0.106066
v -0.505334 -0.096632 -0.057403
v -0.393360 -0.194830 -0.057403
v -0.589697 -0.206576 0.150000
v -0.698459 -0.133904 0.150000
v -0.727160 -0.183616 0.138582
v -0.751492 -0.225760 0.106066
v -0.773459 -0.263808 0.000000
v -0.767750 -0.253920 -0.057403
v -0.751492 -0.225760 -0.106066
v -0.727160 -0.183616 -0.138582
v -0.654266 -0.290724 -0.106066
v -0.698459 -0.133904 -0.150000
v -0.589697 -0.206576 -0.150000
v -0.669758 -0.084192 -0.138582
v -0.629168 -0.013889 -0.057403
v -0.623459 -0.004000 0.000000
v -0.758373 0.062532 0.000000
v -0.762742 0.051983 0.057403
v -0.645426 -0.042048 0.106066
v -0.629168 -0.013889 0.057403
v -0.793808 -0.023017 0.138582
v -0.815775 -0.076050 0.150000
v -0.669758 -0.084192 0.138582
v -0.837742 -0.129083 0.138582
v -0.775186 0.021942 -0.106066
v -0.645426 -0.042048 -0.106066
v -0.924783 0.021443 0.138582
v -0.939640 -0.034004 0.150000
v -0.815775 -0.076050 -0.150000
v -0.793808 -0.023017 -0.138582
v -1.198459 0.000070 0.150000
v -1.067933 -0.008485 0.150000
v -1.198459 -0.057332 -0.138582
v -1.198459 0.000070 -0.150000
v -1.198459 0.057473 -0.138582
v -1.060440 0.048427 -0.138582
v -1.328985 -0.008485 0.150000
v -1.328985 -0.008485 -0.150000
v -1.472135 0.021443 0.138582
v -1.508019 0.060543 0.106066
v -1.767750 -0.013889 0.057403
v -1.751492 -0.042048 0.106066
v -1.634175 0.051983 0.057403
v -1.621732 0.021942 0.106066
v -1.603109 -0.023017 0.138582
v -1.698459 -0.133904 0.150000
v -1.581142 -0.076050 0.150000
v -1.645426 -0.225760 -0.106066
v -1.669758 -0.183616 -0.138582
v -1.698459 -0.133904 -0.150000
v -1.581142 -0.076050 -0.150000
v -1.767750 -0.013889 -0.057403
v -1.634175 0.051983 -0.057403
v -1.891584 -0.096632 0.057403
v -1.773459 -0.004000 0.000000
v -1.842165 -0.161036 0.138582
v -1.727160 -0.084192 0.138582
v -1.772276 -0.252117 0.138582
v -1.669758 -0.183616 0.138582
v -1.742651 -0.290724 0.106066
v -1.623459 -0.263808 0.000000
v -1.629168 -0.253920 0.057403
v -1.629168 -0.253920 -0.057403
v -1.722857 -0.316521 -0.057403
v -1.742651 -0.290724 -0.106066
v -1.772276 -0.252117 -0.138582
v -1.727160 -0.084192 -0.138582
v -1.751492 -0.042048 -0.106066
v -1.891584 -0.096632 -0.057403
v -1.871789 -0.122428 0.106066
v -1.807220 -0.206576 0.150000
v -1.864976 -0.333412 0.138582
v -1.830566 -0.367823 0.106066
v -1.799500 -0.398889 0.000000
v -1.715906 -0.325579 0.000000
v -1.722857 -0.316521 0.057403
v -1.807220 -0.206576 -0.150000
v -1.842165 -0.161036 -0.138582
v -1.980566 -0.217823 -0.106066
v -2.003558 -0.194830 -0.057403
v -1.871789 -0.122428 -0.106066
v -1.898534 -0.087573 0.000000
v -2.011631 -0.186757 0.000000
v -2.003558 -0.194830 0.057403
v -2.075960 -0.326599 0.106066
v -1.946155 -0.252233 0.138582
v -1.980566 -0.217823 0.106066
v -1.991812 -0.391168 0.150000
v -1.946272 -0.426112 0.138582
v -1.905566 -0.292823 0.150000
v -1.907664 -0.455737 0.106066
v -1.807573 -0.390815 0.057403
v -1.881868 -0.475531 -0.057403
v -1.907664 -0.455737 -0.106066
v -1.830566 -0.367823 -0.106066
v -1.807573 -0.390815 -0.057403
v -1.946272 -0.426112 -0.138582
v -1.864976 -0.333412 -0.138582
v -1.946155 -0.252233 -0.138582
v -1.905566 -0.292823 -0.150000
v -2.075960 -0.326599 -0.106066
v -2.194388 -0.424929 0.000000
v -2.184500 -0.430638 0.057403
v -2.101757 -0.306805 0.057403
v -2.156340 -0.446896 0.106066
v -2.037353 -0.356224 0.138582
v -2.014772 -0.528631 0.138582
v -1.972628 -0.552962 0.106066
v -1.944469 -0.569220 0.057403
v -1.881868 -0.475531 0.057403
v -1.872809 -0.482482 0.000000
v -1.944469 -0.569220 -0.057403
v -2.014772 -0.528631 -0.138582
v -1.991812 -0.391168 -0.150000
v -2.037353 -0.356224 -0.138582
v -2.184500 -0.430638 -0.057403
v -2.101757 -0.306805 -0.057403
v -2.110815 -0.299854 0.000000
v -2.260920 -0.559843 0.000000
v -2.114196 -0.471228 0.138582
v -2.064484 -0.499929 0.150000
v -2.069305 -0.639213 0.138582
v -1.994305 -0.670279 -0.057403
v -1.934580 -0.574929 0.000000
v -1.972628 -0.552962 -0.106066
v -2.069305 -0.639213 -0.138582
v -2.064484 -0.499929 -0.150000
v -2.175371 -0.595279 -0.138582
v -2.220331 -0.576656 -0.106066
v -2.156340 -0.446896 -0.106066
v -2.114196 -0.471228 -0.138582
v -2.250371 -0.564213 -0.057403
v -2.298244 -0.705243 0.057403
v -2.266837 -0.713658 0.106066
v -2.220331 -0.576656 0.106066
v -2.250371 -0.564213 0.057403
v -2.219831 -0.726253 0.138582
v -2.175371 -0.595279 0.138582
v -2.122338 -0.617246 0.150000
v -2.024346 -0.657836 0.106066
v -1.994305 -0.670279 0.057403
v -2.108938 -0.755967 -0.138582
v -2.024346 -0.657836 -0.106066
v -2.122338 -0.617246 -0.150000
v -2.219831 -0.726253 -0.138582
v -2.309274 -0.702287 0.000000
v -2.295062 -0.855559 0.106066
v -2.246815 -0.861911 0.138582
v -2.164385 -0.741110 0.150000
v -2.132992 -0.876896 0.138582
v -2.061933 -0.768562 0.106066
v -2.108938 -0.755967 0.138582
v -2.132992 -0.876896 -0.138582
v -2.246815 -0.861911 -0.138582
v -2.164385 -0.741110 -0.150000
v -2.266837 -0.713658 -0.106066
v -2.337116 -0.842260 0.000000
v -2.298244 -0.705243 -0.057403
v -2.219831 -1.273605 0.138582
v -2.164385 -1.258748 0.150000
v -2.189904 -1.130456 0.150000
v -2.030525 -1.222881 0.057403
v -2.052507 -1.112367 0.057403
v -2.061933 -1.231296 -0.106066
v -2.084745 -1.116611 -0.106066
v -2.132992 -1.122963 -0.138582
v -2.266837 -1.286200 -0.106066
v -2.246815 -1.137948 -0.138582
v -2.298244 -1.294616 -0.057403
v -2.327300 -1.148544 -0.057403
v -2.295062 -1.144300 -0.106066
v -2.309274 -1.297571 0.000000
v -2.220331 -1.423202 0.106066
v -2.298244 -1.294616 0.057403
v -2.266837 -1.286200 0.106066
v -2.069305 -1.360646 0.138582
v -2.108938 -1.243892 0.138582
v -2.024346 -1.342023 0.106066
v -1.994305 -1.329580 0.057403
v -2.061933 -1.231296 0.106066
v -2.019496 -1.219926 0.000000
v -1.983756 -1.325210 0.000000
v -1.994305 -1.329580 -0.057403
v -2.024346 -1.342023 -0.106066
v -2.030525 -1.222881 -0.057403
v -2.108938 -1.243892 -0.138582
v -2.164385 -1.258748 -0.150000
v -2.219831 -1.273605 -0.138582
v -2.250371 -1.435646 -0.057403
v -2.156340 -1.552962 0.106066
v -2.250371 -1.435646 0.057403
v -2.122338 -1.382613 0.150000
v -2.175371 -1.404580 0.138582
v -2.064484 -1.499929 0.150000
v -2.014772 -1.471228 0.138582
v -1.944469 -1.430638 0.057403
v -1.934580 -1.424929 0.000000
v -1.944469 -1.430638 -0.057403
v -1.972628 -1.446896 -0.106066
v -2.014772 -1.471228 -0.138582
v -2.064484 -1.499929 -0.150000
v -2.122338 -1.382613 -0.150000
v -2.069305 -1.360646 -0.138582
v -2.220331 -1.423202 -0.106066
v -2.175371 -1.404580 -0.138582
v -2.156340 -1.552962 -0.106066
v -2.260920 -1.440015 0.000000
v -2.194388 -1.574929 0.000000
v -2.101757 -1.693054 0.057403
v -2.184500 -1.569220 0.057403
v -2.075960 -1.673260 0.106066
v -2.114196 -1.528631 0.138582
v -1.972628 -1.446896 0.106066
v -1.991812 -1.608691 -0.150000
v -2.037353 -1.643635 -0.138582
v -2.075960 -1.673260 -0.106066
v -2.114196 -1.528631 -0.138582
v -2.101757 -1.693054 -0.057403
v -2.184500 -1.569220 -0.057403
v -2.003558 -1.805028 0.057403
v -1.980566 -1.782036 0.106066
v -2.037353 -1.643635 0.138582
v -1.991812 -1.608691 0.150000
v -1.905566 -1.707036 0.150000
v -1.864976 -1.666446 0.138582
v -1.946272 -1.573746 0.138582
v -1.830566 -1.632036 0.106066
v -1.907664 -1.544122 0.106066
v -1.872809 -1.517377 0.000000
v -1.881868 -1.524327 0.057403
v -1.799500 -1.600970 0.000000
v -1.881868 -1.524327 -0.057403
v -1.907664 -1.544122 -0.106066
v -1.864976 -1.666446 -0.138582
v -1.946272 -1.573746 -0.138582
v -1.905566 -1.707036 -0.150000
v -1.946155 -1.747626 -0.138582
v -2.003558 -1.805028 -0.057403
v -2.011631 -1.813102 0.000000
v -2.110815 -1.700005 0.000000
v -1.842165 -1.838823 0.138582
v -1.946155 -1.747626 0.138582
v -1.772276 -1.747742 0.138582
v -1.807573 -1.609044 0.057403
v -1.807573 -1.609044 -0.057403
v -1.830566 -1.632036 -0.106066
v -1.772276 -1.747742 -0.138582
v -1.807220 -1.793283 -0.150000
v -1.871789 -1.877431 -0.106066
v -1.980566 -1.782036 -0.106066
v -1.767750 -1.985970 0.057403
v -1.891584 -1.903227 0.057403
v -1.898534 -1.912286 0.000000
v -1.871789 -1.877431 0.106066
v -1.698459 -1.865955 0.150000
v -1.807220 -1.793283 0.150000
v -1.669757 -1.816243 0.138582
v -1.645426 -1.774099 0.106066
v -1.742651 -1.709135 0.106066
v -1.722857 -1.683338 0.057403
v -1.715906 -1.674280 0.000000
v -1.629168 -1.745939 -0.057403
v -1.722857 -1.683338 -0.057403
v -1.669757 -1.816243 -0.138582
v -1.742651 -1.709135 -0.106066
v -1.698459 -1.865955 -0.150000
v -1.842165 -1.838823 -0.138582
v -1.891584 -1.903227 -0.057403
v -1.638545 -2.062391 0.000000
v -1.634175 -2.051842 0.057403
v -1.621732 -2.021801 0.106066
v -1.727160 -1.915667 0.138582
v -1.751492 -1.957811 0.106066
v -1.603109 -1.976842 0.138582
v -1.581142 -1.923809 0.150000
v -1.540553 -1.825817 0.106066
v -1.528109 -1.795776 0.057403
v -1.629168 -1.745939 0.057403
v -1.523740 -1.785227 0.000000
v -1.623459 -1.736051 0.000000
v -1.559175 -1.870776 -0.138582
v -1.645426 -1.774099 -0.106066
v -1.581142 -1.923809 -0.150000
v -1.751492 -1.957811 -0.106066
v -1.727160 -1.915667 -0.138582
v -1.634175 -2.051842 -0.057403
v -1.773459 -1.995859 0.000000
v -1.767750 -1.985970 -0.057403
v -1.472135 -2.021302 0.138582
v -1.457278 -1.965855 0.150000
v -1.429826 -1.863403 0.106066
v -1.559175 -1.870776 0.138582
v -1.421410 -1.831995 0.057403
v -1.421410 -1.831995 -0.057403
v -1.528109 -1.795776 -0.057403
v -1.442421 -1.910409 -0.138582
v -1.540553 -1.825817 -0.106066
v -1.457278 -1.965855 -0.150000
v -1.603109 -1.976842 -0.138582
v -1.493145 -2.099715 -0.057403
v -1.621732 -2.021801 -0.106066
v -1.496101 -2.110744 0.000000
v -1.348564 -2.140091 0.000000
v -1.347074 -2.128771 0.057403
v -1.493145 -2.099715 0.057403
v -1.484730 -2.068307 0.106066
v -1.328985 -1.991374 0.150000
v -1.442421 -1.910409 0.138582
v -1.315141 -1.886216 0.106066
v -1.309406 -1.842657 0.000000
v -1.418455 -1.820966 0.000000
v -1.315141 -1.886216 -0.106066
v -1.429826 -1.863403 -0.106066
v -1.321493 -1.934463 -0.138582
v -1.328985 -1.991374 -0.150000
v -1.484730 -2.068307 -0.106066
v -1.472135 -2.021302 -0.138582
v -1.336478 -2.048286 0.138582
v -1.342830 -2.096533 0.106066
v -1.198459 -1.893863 0.106066
v -1.321493 -1.934463 0.138582
v -1.198459 -1.861348 0.057403
v -1.310897 -1.853978 0.057403
v -1.198459 -1.849929 0.000000
v -1.310897 -1.853978 -0.057403
v -1.336478 -2.048286 -0.138582
v -1.198459 -2.105995 -0.106066
v -1.198459 -2.138511 -0.057403
v -1.342830 -2.096533 -0.106066
v -1.198459 -2.149929 0.000000
v -1.347074 -2.128771 -0.057403
v -1.048354 -2.140091 0.000000
v -1.198459 -2.138511 0.057403
v -1.054089 -2.096533 0.106066
v -1.198459 -2.105995 0.106066
v -1.198459 -2.057332 0.138582
v -1.075425 -1.934463 0.138582
v -1.198459 -1.942527 0.138582
v -1.198459 -1.999929 0.150000
v -1.081777 -1.886216 0.106066
v -1.086021 -1.853978 0.057403
v -1.198459 -1.861348 -0.057403
v -1.198459 -1.893863 -0.106066
v -1.198459 -1.999929 -0.150000
v -1.198459 -1.942527 -0.138582
v -1.067933 -1.991374 -0.150000
v -1.198459 -2.057332 -0.138582
v -1.054089 -2.096533 -0.106066
v -1.049844 -2.128771 -0.057403
v -0.900817 -2.110744 0.000000
v -1.049844 -2.128771 0.057403
v -0.924783 -2.021302 0.138582
v -1.067933 -1.991374 0.150000
v -1.060440 -2.048286 0.138582
v -0.939640 -1.965855 0.150000
v -1.086021 -1.853978 -0.057403
v -1.087512 -1.842658 0.000000
v -0.967092 -1.863403 -0.106066
v -1.075425 -1.934463 -0.138582
v -1.081777 -1.886216 -0.106066
v -0.924783 -2.021302 -0.138582
v -1.060440 -2.048286 -0.138582
v -0.912188 -2.068307 -0.106066
v -0.762742 -2.051842 0.057403
v -0.903772 -2.099715 0.057403
v -0.775186 -2.021801 0.106066
v -0.912188 -2.068307 0.106066
v -0.815775 -1.923809 0.150000
v -0.954497 -1.910409 0.138582
v -0.967092 -1.863403 0.106066
v -0.975507 -1.831995 0.057403
v -0.978463 -1.820966 0.000000
v -0.873178 -1.785227 0.000000
v -0.856365 -1.825817 -0.106066
v -0.975507 -1.831995 -0.057403
v -0.837742 -1.870776 -0.138582
v -0.954497 -1.910409 -0.138582
v -0.939640 -1.965855 -0.150000
v -0.762742 -2.051842 -0.057403
v -0.903772 -2.099715 -0.057403
v -0.629168 -1.985970 0.057403
v -0.645426 -1.957811 0.106066
v -0.669758 -1.915667 0.138582
v -0.793808 -1.976842 0.138582
v -0.698459 -1.865955 0.150000
v -0.837742 -1.870776 0.138582
v -0.767750 -1.745939 0.057403
v -0.868808 -1.795776 0.057403
v -0.856365 -1.825817 0.106066
v -0.767750 -1.745939 -0.057403
v -0.868808 -1.795776 -0.057403
v -0.727160 -1.816243 -0.138582
v -0.815775 -1.923809 -0.150000
v -0.793808 -1.976842 -0.138582
v -0.775186 -2.021801 -0.106066
v -0.629168 -1.985970 -0.057403
v -0.758373 -2.062391 0.000000
v -0.498383 -1.912286 0.000000
v -0.505334 -1.903227 0.057403
v -0.554753 -1.838823 0.138582
v -0.624642 -1.747742 0.138582
v -0.751492 -1.774099 0.106066
v -0.727160 -1.816243 0.138582
v -0.681011 -1.674280 0.000000
v -0.773459 -1.736051 0.000000
v -0.674061 -1.683338 -0.057403
v -0.751492 -1.774099 -0.106066
v -0.669758 -1.915667 -0.138582
v -0.698459 -1.865955 -0.150000
v -0.554753 -1.838823 -0.138582
v -0.645426 -1.957811 -0.106066
v -0.623459 -1.995859 0.000000
v -0.385286 -1.813102 0.000000
v -0.393360 -1.805029 0.057403
v -0.416352 -1.782036 0.106066
v -0.525128 -1.877431 0.106066
v -0.589697 -1.793283 0.150000
v -0.531942 -1.666447 0.138582
v -0.654266 -1.709135 0.106066
v -0.674061 -1.683338 0.057403
v -0.566352 -1.632036 -0.106066
v -0.624642 -1.747742 -0.138582
v -0.654266 -1.709135 -0.106066
v -0.531942 -1.666447 -0.138582
v -0.491352 -1.707036 -0.150000
v -0.589697 -1.793283 -0.150000
v -0.416352 -1.782036 -0.106066
v -0.525128 -1.877431 -0.106066
v -0.505334 -1.903227 -0.057403
v -0.295161 -1.693054 0.057403
v -0.450763 -1.747626 0.138582
v -0.491352 -1.707036 0.150000
v -0.566352 -1.632036 0.106066
v -0.524108 -1.517377 0.000000
v -0.589344 -1.609044 0.057403
v -0.515050 -1.524327 -0.057403
v -0.597418 -1.600970 0.000000
v -0.489253 -1.544122 -0.106066
v -0.589344 -1.609044 -0.057403
v -0.450646 -1.573746 -0.138582
v -0.359565 -1.643635 -0.138582
v -0.450763 -1.747626 -0.138582
v -0.393360 -1.805029 -0.057403
v -0.202530 -1.574930 0.000000
v -0.212418 -1.569221 0.057403
v -0.286103 -1.700005 0.000000
v -0.320958 -1.673260 0.106066
v -0.240578 -1.552963 0.106066
v -0.282722 -1.528631 0.138582
v -0.359565 -1.643635 0.138582
v -0.332433 -1.499930 0.150000
v -0.405106 -1.608691 0.150000
v -0.450646 -1.573746 0.138582
v -0.515050 -1.524327 0.057403
v -0.489253 -1.544122 0.106066
v -0.462337 -1.424929 0.000000
v -0.452449 -1.430639 -0.057403
v -0.424289 -1.446896 -0.106066
v -0.382146 -1.471228 -0.138582
v -0.332433 -1.499930 -0.150000
v -0.405106 -1.608691 -0.150000
v -0.282722 -1.528631 -0.138582
v -0.240578 -1.552963 -0.106066
v -0.320958 -1.673260 -0.106066
v -0.295161 -1.693054 -0.057403
v -0.221546 -1.404580 0.138582
v -0.274579 -1.382613 0.150000
v -0.382146 -1.471228 0.138582
v -0.424289 -1.446896 0.106066
v -0.452449 -1.430639 0.057403
v -0.402612 -1.329580 -0.057403
v -0.372572 -1.342023 -0.106066
v -0.327612 -1.360646 -0.138582
v -0.274579 -1.382613 -0.150000
v -0.176587 -1.423202 -0.106066
v -0.212418 -1.569221 -0.057403
v -0.098673 -1.294616 0.057403
v -0.135998 -1.440015 0.000000
v -0.130081 -1.286201 0.106066
v -0.176587 -1.423202 0.106066
v -0.146546 -1.435646 0.057403
v -0.177087 -1.273605 0.138582
v -0.232533 -1.258749 0.150000
v -0.327612 -1.360646 0.138582
v -0.287980 -1.243892 0.138582
v -0.372572 -1.342023 0.106066
v -0.413161 -1.325210 0.000000
v -0.402612 -1.329580 0.057403
v -0.334985 -1.231297 -0.106066
v -0.232533 -1.258749 -0.150000
v -0.221546 -1.404580 -0.138582
v -0.146546 -1.435646 -0.057403
v -0.058297 -1.150035 0.000000
v -0.087644 -1.297572 0.000000
v -0.334985 -1.231297 0.106066
v -0.366393 -1.222881 0.057403
v -0.377422 -1.219926 0.000000
v -0.344410 -1.112367 -0.057403
v -0.366393 -1.222881 -0.057403
v -0.312173 -1.116611 -0.106066
v -0.263925 -1.122963 -0.138582
v -0.287980 -1.243892 -0.138582
v -0.177087 -1.273605 -0.138582
v -0.101856 -1.144300 -0.106066
v -0.098673 -1.294616 -0.057403
v -0.130081 -1.286201 -0.106066
v -0.257607 -1.026554 0.138582
v 2.331017 -0.850620 0.057403
v 2.270553 -0.712964 0.106066
v 2.250531 -0.861216 0.138582
v 2.193620 -0.868709 0.150000
v 2.112654 -0.755273 -0.138582
v 2.136709 -0.876201 -0.138582
v 2.193620 -0.868709 -0.150000
v 2.250531 -0.861216 -0.138582
v 2.298779 -0.854864 -0.106066
v 2.301961 -0.704548 0.057403
v 2.224047 -0.575962 0.106066
v 2.126055 -0.616552 0.150000
v 2.168101 -0.740416 0.150000
v 2.223548 -0.725559 0.138582
v 2.073022 -0.638519 0.138582
v 2.112654 -0.755273 0.138582
v 1.987473 -0.673954 0.000000
v 2.065649 -0.767868 -0.106066
v 2.034241 -0.776284 -0.057403
v 2.168101 -0.740416 -0.150000
v 2.270553 -0.712964 -0.106066
v 2.223548 -0.725559 -0.138582
v 2.224047 -0.575962 -0.106066
v 2.301961 -0.704548 -0.057403
v 2.254088 -0.563519 -0.057403
v 2.264637 -0.559149 0.000000
v 2.312990 -0.701593 0.000000
v 2.198105 -0.424235 0.000000
v 2.188216 -0.429944 0.057403
v 2.254088 -0.563519 0.057403
v 2.160056 -0.446202 0.106066
v 2.068201 -0.499235 0.150000
v 2.179088 -0.594585 0.138582
v 2.018489 -0.527936 0.138582
v 2.028063 -0.657141 0.106066
v 1.998022 -0.669585 0.057403
v 1.938297 -0.574235 0.000000
v 2.028063 -0.657141 -0.106066
v 1.998022 -0.669585 -0.057403
v 2.073022 -0.638519 -0.138582
v 2.117913 -0.470534 -0.138582
v 2.179088 -0.594585 -0.138582
v 2.126055 -0.616552 -0.150000
v 2.160056 -0.446202 -0.106066
v 2.105473 -0.306110 0.057403
v 2.079676 -0.325905 0.106066
v 2.041069 -0.355529 0.138582
v 2.117913 -0.470534 0.138582
v 1.949989 -0.425418 0.138582
v 1.948185 -0.568526 0.057403
v 1.976345 -0.552268 0.106066
v 1.876526 -0.481788 0.000000
v 1.885584 -0.474837 -0.057403
v 1.948185 -0.568526 -0.057403
v 1.911381 -0.455043 -0.106066
v 1.976345 -0.552268 -0.106066
v 2.018489 -0.527936 -0.138582
v 2.068201 -0.499235 -0.150000
v 2.079676 -0.325905 -0.106066
v 2.105473 -0.306110 -0.057403
v 2.188216 -0.429944 -0.057403
v 2.007274 -0.194136 0.057403
v 2.114532 -0.299159 0.000000
v 1.984282 -0.217128 0.106066
v 1.949872 -0.251539 0.138582
v 1.995528 -0.390474 0.150000
v 1.834282 -0.367128 0.106066
v 1.911381 -0.455043 0.106066
v 1.811290 -0.390120 0.057403
v 1.803216 -0.398194 0.000000
v 1.885584 -0.474837 0.057403
v 1.811290 -0.390120 -0.057403
v 1.834282 -0.367128 -0.106066
v 1.949989 -0.425418 -0.138582
v 2.041069 -0.355529 -0.138582
v 1.995528 -0.390474 -0.150000
v 1.984282 -0.217128 -0.106066
v 2.007274 -0.194136 -0.057403
v 2.015348 -0.186062 0.000000
v 1.895300 -0.095937 0.057403
v 1.875506 -0.121734 0.106066
v 1.775993 -0.251422 0.138582
v 1.909282 -0.292128 0.150000
v 1.746368 -0.290030 0.106066
v 1.868693 -0.332718 0.138582
v 1.726573 -0.315826 0.057403
v 1.868693 -0.332718 -0.138582
v 1.949872 -0.251539 -0.138582
v 1.909282 -0.292128 -0.150000
v 1.875506 -0.121734 -0.106066
v 1.895300 -0.095937 -0.057403
v 1.777175 -0.003306 0.000000
v 1.771466 -0.013194 0.057403
v 1.730877 -0.083498 0.138582
v 1.810937 -0.205882 0.150000
v 1.845881 -0.160341 0.138582
v 1.673474 -0.182922 0.138582
v 1.632884 -0.253225 0.057403
v 1.719623 -0.324885 0.000000
v 1.632884 -0.253225 -0.057403
v 1.726573 -0.315826 -0.057403
v 1.775993 -0.251422 -0.138582
v 1.746368 -0.290030 -0.106066
v 1.810937 -0.205882 -0.150000
v 1.730877 -0.083498 -0.138582
v 1.755208 -0.041354 -0.106066
v 1.845881 -0.160341 -0.138582
v 1.771466 -0.013194 -0.057403
v 1.902251 -0.086879 0.000000
v 1.625448 0.022637 0.106066
v 1.755208 -0.041354 0.106066
v 1.702175 -0.133210 0.150000
v 1.584859 -0.075356 0.150000
v 1.562892 -0.128389 0.138582
v 1.649143 -0.225065 0.106066
v 1.544269 -0.173348 0.106066
v 1.702175 -0.133210 -0.150000
v 1.673474 -0.182922 -0.138582
v 1.606826 -0.022323 -0.138582
v 1.637892 0.052678 -0.057403
v 1.475851 0.022137 0.138582
v 1.508086 0.062476 -0.106066
v 1.202175 0.058167 0.138582
v 1.202175 0.000765 0.150000
v 1.340194 0.049121 0.138582
v 1.332702 -0.007790 0.150000
v 1.202175 -0.105301 -0.106066
v 1.202175 -0.056637 -0.138582
v 1.202175 0.000765 -0.150000
v 1.332702 -0.007790 -0.150000
v 1.064157 0.049121 0.138582
v 1.071649 -0.007790 0.150000
v 1.202175 -0.056637 0.138582
v 1.079142 -0.064702 0.138582
v 1.202175 -0.105301 0.106066
v 1.071649 -0.007790 -0.150000
v 0.797525 -0.022322 0.138582
v 0.819492 -0.075355 0.150000
v 0.841459 -0.128388 -0.138582
v 0.632885 -0.013194 0.057403
v 0.649143 -0.041354 0.106066
v 0.702175 -0.133210 0.150000
v 0.730877 -0.182922 0.138582
v 0.755208 -0.225066 0.106066
v 0.771466 -0.253225 -0.057403
v 0.863785 -0.182288 -0.091583
v 0.819492 -0.075355 -0.150000
v 0.649143 -0.041354 -0.106066
v 0.778902 0.022637 -0.106066
v 0.627176 -0.003306 0.000000
v 0.502100 -0.086879 0.000000
v 0.528845 -0.121734 0.106066
v 0.673474 -0.083498 0.138582
v 0.593414 -0.205882 0.150000
v 0.628359 -0.251422 0.138582
v 0.771466 -0.253225 0.057403
v 0.677778 -0.315826 -0.057403
v 0.657983 -0.290030 -0.106066
v 0.755208 -0.225066 -0.106066
v 0.730877 -0.182922 -0.138582
v 0.702175 -0.133210 -0.150000
v 0.558470 -0.160341 -0.138582
v 0.673474 -0.083498 -0.138582
v 0.632885 -0.013194 -0.057403
v 0.509051 -0.095937 -0.057403
v 0.509051 -0.095937 0.057403
v 0.420069 -0.217128 0.106066
v 0.454479 -0.251539 0.138582
v 0.558470 -0.160341 0.138582
v 0.495069 -0.292128 0.150000
v 0.535659 -0.332718 0.138582
v 0.570069 -0.367128 0.106066
v 0.657983 -0.290030 0.106066
v 0.684728 -0.324885 0.000000
v 0.677778 -0.315826 0.057403
v 0.601135 -0.398194 0.000000
v 0.593061 -0.390120 -0.057403
v 0.535659 -0.332718 -0.138582
v 0.628359 -0.251422 -0.138582
v 0.593414 -0.205882 -0.150000
v 0.420069 -0.217128 -0.106066
v 0.397077 -0.194136 -0.057403
v 0.528845 -0.121734 -0.106066
v 0.289819 -0.299159 0.000000
v 0.298878 -0.306110 0.057403
v 0.389003 -0.186062 0.000000
v 0.397077 -0.194136 0.057403
v 0.408822 -0.390474 0.150000
v 0.492970 -0.455043 0.106066
v 0.518767 -0.474837 0.057403
v 0.593061 -0.390120 0.057403
v 0.527825 -0.481788 0.000000
v 0.492970 -0.455043 -0.106066
v 0.570069 -0.367128 -0.106066
v 0.408822 -0.390474 -0.150000
v 0.454479 -0.251539 -0.138582
v 0.495069 -0.292128 -0.150000
v 0.298878 -0.306110 -0.057403
v 0.216135 -0.429944 0.057403
v 0.286438 -0.470534 0.138582
v 0.363282 -0.355529 0.138582
v 0.324674 -0.325905 0.106066
v 0.454363 -0.425418 0.138582
v 0.456166 -0.568526 0.057403
v 0.466054 -0.574235 0.000000
v 0.456166 -0.568526 -0.057403
v 0.428006 -0.552268 -0.106066
v 0.518767 -0.474837 -0.057403
v 0.454363 -0.425418 -0.138582
v 0.286438 -0.470534 -0.138582
v 0.244294 -0.446202 -0.106066
v 0.363282 -0.355529 -0.138582
v 0.324674 -0.325905 -0.106066
v 0.216135 -0.429944 -0.057403
v 0.206246 -0.424235 0.000000
v 0.244294 -0.446202 0.106066
v 0.180304 -0.575962 0.106066
v 0.331329 -0.638519 0.138582
v 0.385862 -0.527936 0.138582
v 0.336150 -0.499235 0.150000
v 0.376288 -0.657141 0.106066
v 0.428006 -0.552268 0.106066
v 0.406329 -0.669585 0.057403
v 0.376288 -0.657141 -0.106066
v 0.278296 -0.616552 -0.150000
v 0.385862 -0.527936 -0.138582
v 0.336150 -0.499235 -0.150000
v 0.225263 -0.594585 -0.138582
v 0.150263 -0.563518 -0.057403
v 0.139714 -0.559149 0.000000
v 0.150263 -0.563518 0.057403
v 0.102390 -0.704548 0.057403
v 0.133798 -0.712964 0.106066
v 0.180803 -0.725559 0.138582
v 0.225263 -0.594585 0.138582
v 0.236250 -0.740416 0.150000
v 0.278296 -0.616552 0.150000
v 0.370110 -0.776284 0.057403
v 0.370110 -0.776284 -0.057403
v 0.338702 -0.767868 -0.106066
v 0.331329 -0.638519 -0.138582
v 0.180304 -0.575962 -0.106066
v 0.102390 -0.704548 -0.057403
v 0.073334 -0.850620 0.057403
v 0.210731 -0.868709 0.150000
v 0.291696 -0.755273 0.138582
v 0.236250 -0.740416 -0.150000
v 0.153819 -0.861216 -0.138582
v 0.105572 -0.854864 -0.106066
v 0.180803 -0.725559 -0.138582
v 0.133798 -0.712964 -0.106066
v 0.073334 -0.850620 -0.057403
v 0.210731 -1.129761 0.150000
v 0.202176 -0.999235 0.150000
v 0.185686 -0.999235 0.146720
v 0.102390 -1.293922 0.057403
v 0.105572 -1.143606 0.106066
v 0.073334 -1.147850 0.057403
v 0.133798 -1.285506 0.106066
v 0.153819 -1.137254 0.138582
v 0.291696 -1.243197 0.138582
v 0.348127 -1.111673 0.057403
v 0.348127 -1.111673 -0.057403
v 0.370110 -1.222186 -0.057403
v 0.291696 -1.243197 -0.138582
v 0.153819 -1.137254 -0.138582
v 0.210731 -1.129761 -0.150000
v 0.133798 -1.285506 -0.106066
v 0.105572 -1.143606 -0.106066
v 0.102390 -1.293922 -0.057403
v 0.073334 -1.147850 -0.057403
v 0.062014 -1.149340 0.000000
v 0.091361 -1.296877 0.000000
v 0.180304 -1.422508 0.106066
v 0.180803 -1.272911 0.138582
v 0.278296 -1.381918 0.150000
v 0.331329 -1.359951 0.138582
v 0.236250 -1.258054 0.150000
v 0.376288 -1.341329 0.106066
v 0.338702 -1.230602 0.106066
v 0.381139 -1.219231 0.000000
v 0.370110 -1.222186 0.057403
v 0.376288 -1.341329 -0.106066
v 0.338702 -1.230602 -0.106066
v 0.331329 -1.359951 -0.138582
v 0.236250 -1.258054 -0.150000
v 0.225263 -1.403885 -0.138582
v 0.180803 -1.272911 -0.138582
v 0.150263 -1.434951 -0.057403
v 0.139714 -1.439321 0.000000
v 0.216135 -1.568526 0.057403
v 0.150263 -1.434951 0.057403
v 0.336150 -1.499235 0.150000
v 0.225263 -1.403885 0.138582
v 0.385862 -1.470534 0.138582
v 0.406329 -1.328885 0.057403
v 0.416878 -1.324516 0.000000
v 0.456166 -1.429944 -0.057403
v 0.428006 -1.446202 -0.106066
v 0.406329 -1.328885 -0.057403
v 0.385862 -1.470534 -0.138582
v 0.278296 -1.381918 -0.150000
v 0.244294 -1.552268 -0.106066
v 0.180304 -1.422508 -0.106066
v 0.298878 -1.692360 0.057403
v 0.206246 -1.574235 0.000000
v 0.244294 -1.552268 0.106066
v 0.286438 -1.527936 0.138582
v 0.408822 -1.607996 0.150000
v 0.454363 -1.573052 0.138582
v 0.456166 -1.429944 0.057403
v 0.428006 -1.446202 0.106066
v 0.518767 -1.523633 0.057403
v 0.527825 -1.516682 0.000000
v 0.466054 -1.424235 0.000000
v 0.454363 -1.573052 -0.138582
v 0.336150 -1.499235 -0.150000
v 0.363282 -1.642941 -0.138582
v 0.286438 -1.527936 -0.138582
v 0.298878 -1.692360 -0.057403
v 0.216135 -1.568526 -0.057403
v 0.389003 -1.812408 0.000000
v 0.289819 -1.699310 0.000000
v 0.420069 -1.781342 0.106066
v 0.363282 -1.642941 0.138582
v 0.324674 -1.672565 0.106066
v 0.495069 -1.706342 0.150000
v 0.492970 -1.543427 0.106066
v 0.601135 -1.600276 0.000000
v 0.570069 -1.631342 -0.106066
v 0.518767 -1.523633 -0.057403
v 0.535658 -1.665752 -0.138582
v 0.492970 -1.543427 -0.106066
v 0.495069 -1.706342 -0.150000
v 0.408822 -1.607996 -0.150000
v 0.454479 -1.746931 -0.138582
v 0.324674 -1.672565 -0.106066
v 0.397076 -1.804334 -0.057403
v 0.509051 -1.902533 0.057403
v 0.528845 -1.876736 0.106066
v 0.397076 -1.804334 0.057403
v 0.454479 -1.746931 0.138582
v 0.628359 -1.747048 0.138582
v 0.535658 -1.665752 0.138582
v 0.570069 -1.631342 0.106066
v 0.677778 -1.682644 0.057403
v 0.684728 -1.673585 0.000000
v 0.593061 -1.608349 0.057403
v 0.593061 -1.608349 -0.057403
v 0.558470 -1.838129 -0.138582
v 0.528845 -1.876736 -0.106066
v 0.420069 -1.781342 -0.106066
v 0.627176 -1.995164 0.000000
v 0.702176 -1.865260 0.150000
v 0.558470 -1.838129 0.138582
v 0.593414 -1.792588 0.150000
v 0.657983 -1.708440 0.106066
v 0.777176 -1.735357 0.000000
v 0.677778 -1.682644 -0.057403
v 0.730877 -1.815548 -0.138582
v 0.657983 -1.708440 -0.106066
v 0.593414 -1.792588 -0.150000
v 0.628359 -1.747048 -0.138582
v 0.673475 -1.914972 -0.138582
v 0.509051 -1.902533 -0.057403
v 0.632885 -1.985276 -0.057403
v 0.502100 -1.911591 0.000000
v 0.762089 -2.061696 0.000000
v 0.632885 -1.985276 0.057403
v 0.673475 -1.914972 0.138582
v 0.649143 -1.957116 0.106066
v 0.819492 -1.923114 0.150000
v 0.730877 -1.815548 0.138582
v 0.872525 -1.795081 0.057403
v 0.755209 -1.773404 0.106066
v 0.876894 -1.784532 0.000000
v 0.771466 -1.745245 0.057403
v 0.872525 -1.795081 -0.057403
v 0.771466 -1.745245 -0.057403
v 0.755209 -1.773404 -0.106066
v 0.702176 -1.865260 -0.150000
v 0.819492 -1.923114 -0.150000
v 0.797525 -1.976148 -0.138582
v 0.778902 -2.021106 -0.106066
v 0.649143 -1.957116 -0.106066
v 0.766459 -2.051148 -0.057403
v 0.915905 -2.067613 0.106066
v 0.778902 -2.021106 0.106066
v 0.766459 -2.051148 0.057403
v 0.797525 -1.976148 0.138582
v 0.970809 -1.862709 0.106066
v 0.860082 -1.825122 0.106066
v 0.841459 -1.870082 0.138582
v 0.982179 -1.820272 0.000000
v 0.979224 -1.831301 -0.057403
v 0.860082 -1.825122 -0.106066
v 0.958213 -1.909714 -0.138582
v 0.841459 -1.870082 -0.138582
v 0.907489 -2.099021 -0.057403
v 0.904534 -2.110049 0.000000
v 1.053560 -2.128076 0.057403
v 0.907489 -2.099021 0.057403
v 1.064157 -2.047591 0.138582
v 0.928500 -2.020607 0.138582
v 0.943357 -1.965161 0.150000
v 1.079142 -1.933768 0.138582
v 0.958213 -1.909714 0.138582
v 1.089738 -1.853284 0.057403
v 0.979224 -1.831301 0.057403
v 1.089738 -1.853284 -0.057403
v 1.085494 -1.885521 -0.106066
v 1.079142 -1.933768 -0.138582
v 0.970809 -1.862709 -0.106066
v 1.071649 -1.990680 -0.150000
v 0.943357 -1.965161 -0.150000
v 1.064157 -2.047591 -0.138582
v 0.928500 -2.020607 -0.138582
v 0.915905 -2.067613 -0.106066
v 1.052070 -2.139396 0.000000
v 1.202175 -2.105301 0.106066
v 1.057805 -2.095838 0.106066
v 1.071649 -1.990680 0.150000
v 1.202175 -1.941832 0.138582
v 1.085494 -1.885521 0.106066
v 1.202175 -1.849235 0.000000
v 1.202175 -1.860653 -0.057403
v 1.091228 -1.841963 0.000000
v 1.202175 -1.941832 -0.138582
v 1.202175 -2.056638 -0.138582
v 1.057805 -2.095838 -0.106066
v 1.202175 -2.137817 -0.057403
v 1.202175 -2.149235 0.000000
v 1.053560 -2.128076 -0.057403
v 1.202175 -2.137817 0.057403
v 1.346546 -2.095838 0.106066
v 1.202175 -2.056638 0.138582
v 1.202175 -1.999235 0.150000
v 1.202175 -1.860653 0.057403
v 1.202175 -1.893169 0.106066
v 1.318857 -1.885521 -0.106066
v 1.325209 -1.933768 -0.138582
v 1.202175 -1.893169 -0.106066
v 1.202175 -1.999235 -0.150000
v 1.346546 -2.095838 -0.106066
v 1.202175 -2.105301 -0.106066
v 1.350790 -2.128076 0.057403
v 1.340194 -2.047591 0.138582
v 1.332701 -1.990680 0.150000
v 1.433542 -1.862709 0.106066
v 1.325209 -1.933768 0.138582
v 1.318857 -1.885521 0.106066
v 1.314613 -1.853284 0.057403
v 1.313123 -1.841963 0.000000
v 1.425127 -1.831301 -0.057403
v 1.433542 -1.862709 -0.106066
v 1.314613 -1.853284 -0.057403
v 1.332701 -1.990680 -0.150000
v 1.340194 -2.047591 -0.138582
v 1.350790 -2.128076 -0.057403
v 1.352280 -2.139396 0.000000
v 1.642262 -2.061696 0.000000
v 1.637892 -2.051148 0.057403
v 1.496862 -2.099021 0.057403
v 1.499817 -2.110049 0.000000
v 1.475851 -2.020607 0.138582
v 1.488446 -2.067613 0.106066
v 1.584859 -1.923114 0.150000
v 1.460994 -1.965161 0.150000
v 1.446138 -1.909714 0.138582
v 1.562892 -1.870081 0.138582
v 1.544269 -1.825122 0.106066
v 1.531826 -1.795081 0.057403
v 1.425127 -1.831301 0.057403
v 1.422172 -1.820272 0.000000
v 1.531826 -1.795081 -0.057403
v 1.562892 -1.870081 -0.138582
v 1.584859 -1.923114 -0.150000
v 1.460994 -1.965161 -0.150000
v 1.446138 -1.909714 -0.138582
v 1.606826 -1.976147 -0.138582
v 1.475851 -2.020607 -0.138582
v 1.488446 -2.067613 -0.106066
v 1.496862 -2.099021 -0.057403
v 1.777175 -1.995164 0.000000
v 1.771466 -1.985276 0.057403
v 1.625448 -2.021106 0.106066
v 1.606826 -1.976147 0.138582
v 1.649143 -1.773404 0.106066
v 1.632884 -1.745245 0.057403
v 1.627176 -1.735357 0.000000
v 1.527457 -1.784532 0.000000
v 1.544269 -1.825122 -0.106066
v 1.702175 -1.865260 -0.150000
v 1.730876 -1.914972 -0.138582
v 1.755208 -1.957116 -0.106066
v 1.625448 -2.021106 -0.106066
v 1.771466 -1.985276 -0.057403
v 1.637892 -2.051148 -0.057403
v 1.895300 -1.902533 0.057403
v 1.755208 -1.957116 0.106066
v 1.875506 -1.876736 0.106066
v 1.730876 -1.914972 0.138582
v 1.673474 -1.815548 0.138582
v 1.702175 -1.865260 0.150000
v 1.746368 -1.708440 0.106066
v 1.726574 -1.682644 0.057403
v 1.719623 -1.673585 0.000000
v 1.726574 -1.682644 -0.057403
v 1.746368 -1.708440 -0.106066
v 1.632884 -1.745245 -0.057403
v 1.673474 -1.815548 -0.138582
v 1.649143 -1.773404 -0.106066
v 1.775993 -1.747048 -0.138582
v 1.810937 -1.792588 -0.150000
v 1.875506 -1.876736 -0.106066
v 1.895300 -1.902533 -0.057403
v 1.902251 -1.911591 0.000000
v 1.845882 -1.838129 0.138582
v 1.909282 -1.706342 0.150000
v 1.810937 -1.792588 0.150000
v 1.775993 -1.747048 0.138582
v 1.811290 -1.608350 0.057403
v 1.803216 -1.600276 0.000000
v 1.949872 -1.746931 -0.138582
v 1.845882 -1.838129 -0.138582
v 1.984282 -1.781342 -0.106066
v 2.114532 -1.699310 0.000000
v 2.105473 -1.692360 0.057403
v 2.007274 -1.804334 0.057403
v 1.984282 -1.781342 0.106066
v 2.079676 -1.672565 0.106066
v 1.949872 -1.746931 0.138582
v 1.868693 -1.665752 0.138582
v 1.911381 -1.543427 0.106066
v 1.834282 -1.631342 0.106066
v 1.885584 -1.523633 -0.057403
v 1.911381 -1.543427 -0.106066
v 1.834282 -1.631342 -0.106066
v 1.811290 -1.608350 -0.057403
v 1.868693 -1.665752 -0.138582
v 1.995528 -1.607996 -0.150000
v 1.909282 -1.706342 -0.150000
v 2.079676 -1.672565 -0.106066
v 2.105473 -1.692360 -0.057403
v 2.015348 -1.812408 0.000000
v 2.007274 -1.804334 -0.057403
v 2.160056 -1.552268 0.106066
v 2.041069 -1.642941 0.138582
v 2.117913 -1.527936 0.138582
v 1.995528 -1.607996 0.150000
v 1.976345 -1.446202 0.106066
v 1.949989 -1.573052 0.138582
v 1.885584 -1.523633 0.057403
v 1.948185 -1.429944 0.057403
v 1.876526 -1.516682 0.000000
v 1.976345 -1.446202 -0.106066
v 2.068201 -1.499235 -0.150000
v 1.949989 -1.573052 -0.138582
v 2.117913 -1.527936 -0.138582
v 2.041069 -1.642941 -0.138582
v 2.188216 -1.568526 0.057403
v 2.224047 -1.422508 0.106066
v 2.179088 -1.403885 0.138582
v 2.068201 -1.499235 0.150000
v 2.126055 -1.381918 0.150000
v 2.018489 -1.470534 0.138582
v 2.073022 -1.359951 0.138582
v 1.998022 -1.328885 0.057403
v 1.938297 -1.424235 0.000000
v 1.998022 -1.328885 -0.057403
v 1.948185 -1.429944 -0.057403
v 2.018489 -1.470534 -0.138582
v 2.126055 -1.381918 -0.150000
v 2.179088 -1.403885 -0.138582
v 2.224047 -1.422508 -0.106066
v 2.160056 -1.552268 -0.106066
v 2.198105 -1.574235 0.000000
v 2.188216 -1.568526 -0.057403
v 2.301961 -1.293922 0.057403
v 2.254088 -1.434951 0.057403
v 2.270553 -1.285506 0.106066
v 2.223548 -1.272911 0.138582
v 2.168101 -1.258054 0.150000
v 2.034241 -1.222186 0.057403
v 2.028063 -1.341329 0.106066
v 1.987473 -1.324516 0.000000
v 2.023212 -1.219231 0.000000
v 2.028063 -1.341329 -0.106066
v 2.065649 -1.230602 -0.106066
v 2.073022 -1.359951 -0.138582
v 2.223548 -1.272911 -0.138582
v 2.270553 -1.285506 -0.106066
v 2.301961 -1.293922 -0.057403
v 2.312990 -1.296877 0.000000
v 2.264637 -1.439321 0.000000
v 2.254088 -1.434951 -0.057403
v 2.342337 -1.149340 0.000000
v 2.298779 -1.143606 0.106066
v 2.112654 -1.243197 0.138582
v 2.136709 -1.122269 0.138582
v 2.065649 -1.230602 0.106066
v 2.056224 -1.111673 0.057403
v 2.044904 -1.110182 0.000000
v 2.034241 -1.222186 -0.057403
v 2.088462 -1.115917 -0.106066
v 2.112654 -1.243197 -0.138582
v 2.250531 -1.137254 -0.138582
v 2.168101 -1.258054 -0.150000
v 2.331017 -1.147850 -0.057403
v 2.143062 -1.025329 0.138582
v 2.193620 -1.129761 0.150000
v 2.219070 -0.999235 -0.146640
v 1.048356 0.136033 0.138582
v 1.000000 -0.001985 0.150000
v 0.991445 0.128541 -0.150000
v 1.000000 -0.001985 -0.150000
v 1.110815 0.295657 0.000000
v 1.096603 0.142385 0.106066
v 0.991445 0.128541 0.150000
v 0.910479 0.241977 0.138582
v 0.863474 0.229382 0.106066
v 0.832066 0.220966 0.057403
v 0.821037 0.218011 0.000000
v 0.863474 0.229382 -0.106066
v 0.886286 0.114697 -0.106066
v 0.934533 0.121048 -0.138582
v 0.965926 0.256834 -0.150000
v 1.068378 0.284286 -0.106066
v 1.128841 0.146630 -0.057403
v 1.099786 0.292702 -0.057403
v 1.099786 0.292702 0.057403
v 1.051913 0.433731 0.057403
v 1.068378 0.284286 0.106066
v 0.965926 0.256834 0.150000
v 1.021372 0.271691 0.138582
v 0.870847 0.358731 0.138582
v 0.795846 0.327665 0.057403
v 0.832066 0.220966 -0.057403
v 0.910479 0.241977 -0.138582
v 0.923879 0.380698 -0.150000
v 1.021372 0.271691 -0.138582
v 0.986041 0.567306 0.057403
v 1.062461 0.438101 0.000000
v 0.957881 0.551048 0.106066
v 1.021872 0.421288 0.106066
v 0.866025 0.498015 0.150000
v 0.923879 0.380698 0.150000
v 0.976912 0.402665 0.138582
v 0.816313 0.469314 0.138582
v 0.825887 0.340109 0.106066
v 0.746010 0.428724 0.057403
v 0.736121 0.423015 0.000000
v 0.785298 0.323296 0.000000
v 0.746010 0.428724 -0.057403
v 0.795846 0.327665 -0.057403
v 0.870847 0.358731 -0.138582
v 0.825887 0.340109 -0.106066
v 0.976912 0.402665 -0.138582
v 0.957881 0.551048 -0.106066
v 1.051913 0.433731 -0.057403
v 1.021872 0.421288 -0.106066
v 0.995929 0.573015 0.000000
v 0.903298 0.691140 0.057403
v 0.915737 0.526716 0.138582
v 0.793353 0.606776 0.150000
v 0.747813 0.571832 0.138582
v 0.774169 0.444982 0.106066
v 0.683409 0.522413 0.057403
v 0.674350 0.515462 0.000000
v 0.774169 0.444982 -0.106066
v 0.816313 0.469314 -0.138582
v 0.747813 0.571832 -0.138582
v 0.866025 0.498015 -0.150000
v 0.877501 0.671345 -0.106066
v 0.915737 0.526716 -0.138582
v 0.903298 0.691140 -0.057403
v 0.986041 0.567306 -0.057403
v 0.805099 0.803114 0.057403
v 0.782107 0.780121 0.106066
v 0.877501 0.671345 0.106066
v 0.747696 0.745711 0.138582
v 0.838894 0.641721 0.138582
v 0.632107 0.630121 0.106066
v 0.709205 0.542207 0.106066
v 0.601041 0.599056 0.000000
v 0.683409 0.522413 -0.057403
v 0.609114 0.607129 -0.057403
v 0.709205 0.542207 -0.106066
v 0.632107 0.630121 -0.106066
v 0.666517 0.664532 -0.138582
v 0.707107 0.705122 -0.150000
v 0.793353 0.606776 -0.150000
v 0.838894 0.641721 -0.138582
v 0.912356 0.698090 0.000000
v 0.643706 0.836908 0.138582
v 0.608761 0.791368 0.150000
v 0.666517 0.664532 0.138582
v 0.707107 0.705122 0.150000
v 0.544193 0.707220 0.106066
v 0.609114 0.607129 0.057403
v 0.517447 0.672365 0.000000
v 0.573817 0.745828 -0.138582
v 0.747696 0.745711 -0.138582
v 0.693125 0.901312 -0.057403
v 0.805099 0.803114 -0.057403
v 0.782107 0.780121 -0.106066
v 0.700075 0.910371 0.000000
v 0.813173 0.811188 0.000000
v 0.693125 0.901312 0.057403
v 0.673330 0.875516 0.106066
v 0.471299 0.814328 0.138582
v 0.446967 0.772184 0.106066
v 0.573817 0.745828 0.138582
v 0.430709 0.744025 0.057403
v 0.524398 0.681424 0.057403
v 0.524398 0.681424 -0.057403
v 0.544193 0.707220 -0.106066
v 0.500000 0.864040 -0.150000
v 0.528701 0.913752 -0.138582
v 0.643706 0.836908 -0.138582
v 0.608761 0.791368 -0.150000
v 0.553033 0.955896 -0.106066
v 0.673330 0.875516 -0.106066
v 0.440086 1.060476 0.000000
v 0.435716 1.049927 0.057403
v 0.575000 0.993944 0.000000
v 0.553033 0.955896 0.106066
v 0.569291 0.984056 0.057403
v 0.423273 1.019886 0.106066
v 0.404650 0.974927 0.138582
v 0.528701 0.913752 0.138582
v 0.500000 0.864040 0.150000
v 0.425000 0.734136 0.000000
v 0.329650 0.793861 -0.057403
v 0.342094 0.823902 -0.106066
v 0.430709 0.744025 -0.057403
v 0.471299 0.814328 -0.138582
v 0.446967 0.772184 -0.106066
v 0.435716 1.049927 -0.057403
v 0.569291 0.984056 -0.057403
v 0.294687 1.097800 0.057403
v 0.273676 1.019387 0.138582
v 0.243962 0.908494 0.138582
v 0.382684 0.921894 0.150000
v 0.231367 0.861489 0.106066
v 0.342094 0.823902 0.106066
v 0.360716 0.868861 0.138582
v 0.222951 0.830081 0.057403
v 0.325281 0.783312 0.000000
v 0.329650 0.793861 0.057403
v 0.222951 0.830081 -0.057403
v 0.231367 0.861489 -0.106066
v 0.360716 0.868861 -0.138582
v 0.258819 0.963941 -0.150000
v 0.404650 0.974927 -0.138582
v 0.382684 0.921894 -0.150000
v 0.273676 1.019387 -0.138582
v 0.423273 1.019886 -0.106066
v 0.286271 1.066393 -0.106066
v 0.294687 1.097800 -0.057403
v 0.297642 1.108829 0.000000
v 0.144371 1.094618 0.106066
v 0.286271 1.066393 0.106066
v 0.258819 0.963941 0.150000
v 0.123034 0.932548 0.138582
v 0.116682 0.884301 0.106066
v 0.112437 0.852063 0.057403
v 0.110947 0.840743 0.000000
v 0.219996 0.819052 0.000000
v 0.112437 0.852063 -0.057403
v 0.116682 0.884301 -0.106066
v 0.123034 0.932548 -0.138582
v 0.243962 0.908494 -0.138582
v 0.130526 0.989460 -0.150000
v 0.138019 1.046371 -0.138582
v 0.148615 1.126856 -0.057403
v 0.000000 1.136597 0.057403
v 0.150105 1.138176 0.000000
v 0.000000 1.104081 0.106066
v 0.148615 1.126856 0.057403
v 0.138019 1.046371 0.138582
v 0.130526 0.989460 0.150000
v 0.000000 0.891949 0.106066
v 0.000000 0.859433 0.057403
v 0.000000 0.848015 0.000000
v 0.000000 0.859433 -0.057403
v 0.000000 1.055417 -0.138582
v 0.144371 1.094618 -0.106066
v 0.000000 1.136597 -0.057403
v 0.000000 1.148015 0.000000
v -0.150105 1.138176 0.000000
v -0.144371 1.094618 0.106066
v 0.000000 1.055417 0.138582
v -0.138019 1.046371 0.138582
v -0.130526 0.989460 0.150000
v 0.000000 0.998015 0.150000
v -0.123034 0.932548 0.138582
v -0.116682 0.884301 0.106066
v 0.000000 0.940612 0.138582
v -0.116682 0.884301 -0.106066
v 0.000000 0.891949 -0.106066
v 0.000000 0.998015 -0.150000
v 0.000000 0.940612 -0.138582
v -0.130526 0.989460 -0.150000
v 0.000000 1.104081 -0.106066
v -0.148615 1.126856 -0.057403
v -0.148615 1.126856 0.057403
v -0.286271 1.066393 0.106066
v -0.273676 1.019387 0.138582
v -0.258819 0.963941 0.150000
v -0.243962 0.908494 0.138582
v -0.112437 0.852063 0.057403
v -0.110947 0.840743 0.000000
v -0.219996 0.819052 0.000000
v -0.222951 0.830081 -0.057403
v -0.231367 0.861489 -0.106066
v -0.112437 0.852063 -0.057403
v -0.123034 0.932548 -0.138582
v -0.138019 1.046371 -0.138582
v -0.273676 1.019387 -0.138582
v -0.286271 1.066393 -0.106066
v -0.294687 1.097800 -0.057403
v -0.144371 1.094618 -0.106066
v -0.294687 1.097800 0.057403
v -0.404650 0.974927 0.138582
v -0.231367 0.861489 0.106066
v -0.222951 0.830081 0.057403
v -0.325281 0.783312 0.000000
v -0.243962 0.908494 -0.138582
v -0.258819 0.963941 -0.150000
v -0.404650 0.974927 -0.138582
v -0.297642 1.108829 0.000000
v -0.569291 0.984056 0.057403
v -0.435716 1.049927 0.057403
v -0.553033 0.955896 0.106066
v -0.423273 1.019887 0.106066
v -0.500000 0.864040 0.150000
v -0.471299 0.814328 0.138582
v -0.382684 0.921894 0.150000
v -0.360716 0.868861 0.138582
v -0.446967 0.772184 0.106066
v -0.329650 0.793861 0.057403
v -0.342094 0.823902 0.106066
v -0.430709 0.744025 -0.057403
v -0.446967 0.772184 -0.106066
v -0.329650 0.793861 -0.057403
v -0.342094 0.823902 -0.106066
v -0.382684 0.921894 -0.150000
v -0.360716 0.868861 -0.138582
v -0.528701 0.913752 -0.138582
v -0.553033 0.955896 -0.106066
v -0.435716 1.049927 -0.057403
v -0.423273 1.019887 -0.106066
v -0.440086 1.060476 0.000000
v -0.693125 0.901312 0.057403
v -0.575000 0.993944 0.000000
v -0.673330 0.875516 0.106066
v -0.528701 0.913752 0.138582
v -0.573817 0.745828 0.138582
v -0.544192 0.707220 0.106066
v -0.524398 0.681424 0.057403
v -0.430709 0.744025 0.057403
v -0.425000 0.734136 0.000000
v -0.524398 0.681424 -0.057403
v -0.544192 0.707220 -0.106066
v -0.573817 0.745828 -0.138582
v -0.471299 0.814328 -0.138582
v -0.608761 0.791368 -0.150000
v -0.500000 0.864040 -0.150000
v -0.693125 0.901312 -0.057403
v -0.700076 0.910371 0.000000
v -0.569291 0.984056 -0.057403
v -0.782107 0.780121 0.106066
v -0.747696 0.745711 0.138582
v -0.608761 0.791368 0.150000
v -0.643706 0.836908 0.138582
v -0.666517 0.664532 0.138582
v -0.517447 0.672365 0.000000
v -0.609114 0.607129 -0.057403
v -0.666517 0.664532 -0.138582
v -0.707107 0.705122 -0.150000
v -0.643706 0.836908 -0.138582
v -0.782107 0.780121 -0.106066
v -0.673330 0.875516 -0.106066
v -0.805099 0.803114 0.057403
v -0.838894 0.641721 0.138582
v -0.707107 0.705122 0.150000
v -0.793353 0.606776 0.150000
v -0.683409 0.522413 0.057403
v -0.609114 0.607129 0.057403
v -0.632107 0.630121 0.106066
v -0.601041 0.599056 0.000000
v -0.674350 0.515462 0.000000
v -0.683409 0.522413 -0.057403
v -0.632107 0.630121 -0.106066
v -0.747813 0.571832 -0.138582
v -0.747696 0.745711 -0.138582
v -0.805099 0.803114 -0.057403
v -0.813173 0.811188 0.000000
v -0.995929 0.573015 0.000000
v -0.986041 0.567306 0.057403
v -0.957881 0.551048 0.106066
v -0.877501 0.671345 0.106066
v -0.903298 0.691140 0.057403
v -0.816313 0.469314 0.138582
v -0.747813 0.571832 0.138582
v -0.774169 0.444982 0.106066
v -0.709205 0.542207 0.106066
v -0.746010 0.428724 0.057403
v -0.736122 0.423015 0.000000
v -0.709205 0.542207 -0.106066
v -0.816313 0.469314 -0.138582
v -0.793353 0.606776 -0.150000
v -0.838894 0.641721 -0.138582
v -0.915737 0.526716 -0.138582
v -0.957881 0.551048 -0.106066
v -0.903298 0.691140 -0.057403
v -0.877501 0.671345 -0.106066
v -0.986041 0.567306 -0.057403
v -0.912356 0.698090 0.000000
v -1.062461 0.438101 0.000000
v -1.021872 0.421288 0.106066
v -0.976912 0.402665 0.138582
v -0.915737 0.526716 0.138582
v -0.923879 0.380698 0.150000
v -0.866025 0.498015 0.150000
v -0.870847 0.358731 0.138582
v -0.825887 0.340109 0.106066
v -0.785297 0.323296 0.000000
v -0.795846 0.327665 -0.057403
v -0.774169 0.444982 -0.106066
v -0.746010 0.428724 -0.057403
v -0.870847 0.358731 -0.138582
v -0.976912 0.402665 -0.138582
v -0.866025 0.498015 -0.150000
v -1.021872 0.421288 -0.106066
v -1.051913 0.433731 -0.057403
v -1.099785 0.292702 0.057403
v -1.051913 0.433731 0.057403
v -1.068378 0.284286 0.106066
v -0.965926 0.256834 0.150000
v -0.795846 0.327665 0.057403
v -0.821037 0.218011 0.000000
v -0.832066 0.220966 -0.057403
v -0.825887 0.340109 -0.106066
v -0.910479 0.241977 -0.138582
v -0.923879 0.380698 -0.150000
v -1.021372 0.271691 -0.138582
v -1.099785 0.292702 -0.057403
v -1.140161 0.148120 0.000000
v -1.110814 0.295657 0.000000
v -1.128841 0.146630 0.057403
v -1.021372 0.271691 0.138582
v -0.991445 0.128541 0.150000
v -0.910479 0.241977 0.138582
v -0.854048 0.110453 0.057403
v -0.863474 0.229382 0.106066
v -0.832066 0.220966 0.057403
v -0.863474 0.229382 -0.106066
v -0.991445 0.128541 -0.150000
v -1.048356 0.136034 -0.138582
v -0.965926 0.256834 -0.150000
v -1.128841 0.146630 -0.057403
v -1.068378 0.284286 -0.106066
v -0.934533 0.121049 0.138582
v -1.110814 -0.299627 0.000000
v -1.099785 -0.296672 0.057403
v -1.068378 -0.288256 0.106066
v -0.991445 -0.132511 0.150000
v -0.934533 -0.125019 0.138582
v -0.876640 -0.167160 -0.106066
v -0.910479 -0.245947 -0.138582
v -0.991445 -0.132511 -0.150000
v -0.965926 -0.260804 -0.150000
v -1.021372 -0.275661 -0.138582
v -1.096603 -0.146356 -0.106066
v -1.068378 -0.288256 -0.106066
v -1.128841 -0.150600 -0.057403
v -1.062461 -0.442071 0.000000
v -0.976912 -0.406636 0.138582
v -1.021372 -0.275661 0.138582
v -0.965926 -0.260804 0.150000
v -0.870847 -0.362702 0.138582
v -0.825887 -0.344079 0.106066
v -0.785297 -0.327266 0.000000
v -0.832066 -0.224937 -0.057403
v -0.923879 -0.384669 -0.150000
v -1.051913 -0.437702 0.057403
v -0.957881 -0.555018 0.106066
v -1.021872 -0.425258 0.106066
v -0.816313 -0.473284 0.138582
v -0.923879 -0.384669 0.150000
v -0.746010 -0.432694 0.057403
v -0.795846 -0.331636 0.057403
v -0.736122 -0.426985 0.000000
v -0.795846 -0.331636 -0.057403
v -0.825887 -0.344079 -0.106066
v -0.870847 -0.362702 -0.138582
v -0.976912 -0.406636 -0.138582
v -1.051913 -0.437702 -0.057403
v -1.021872 -0.425258 -0.106066
v -0.986041 -0.571276 -0.057403
v -0.903298 -0.695110 0.057403
v -0.986041 -0.571276 0.057403
v -0.995929 -0.576985 0.000000
v -0.838894 -0.645691 0.138582
v -0.915737 -0.530686 0.138582
v -0.747813 -0.575802 0.138582
v -0.866025 -0.501985 0.150000
v -0.709206 -0.546178 0.106066
v -0.774169 -0.448952 0.106066
v -0.683409 -0.526383 0.057403
v -0.683409 -0.526383 -0.057403
v -0.774169 -0.448952 -0.106066
v -0.746010 -0.432694 -0.057403
v -0.816313 -0.473284 -0.138582
v -0.866025 -0.501985 -0.150000
v -0.957881 -0.555018 -0.106066
v -0.915737 -0.530686 -0.138582
v -0.912356 -0.702061 0.000000
v -0.805099 -0.807084 0.057403
v -0.877501 -0.675315 0.106066
v -0.793353 -0.610747 0.150000
v -0.707107 -0.709092 0.150000
v -0.632107 -0.634092 0.106066
v -0.601041 -0.603026 0.000000
v -0.674350 -0.519432 0.000000
v -0.709206 -0.546178 -0.106066
v -0.666517 -0.668502 -0.138582
v -0.793353 -0.610747 -0.150000
v -0.747813 -0.575802 -0.138582
v -0.707107 -0.709092 -0.150000
v -0.747697 -0.749682 -0.138582
v -0.782107 -0.784092 -0.106066
v -0.838894 -0.645691 -0.138582
v -0.805099 -0.807084 -0.057403
v -0.877501 -0.675315 -0.106066
v -0.813173 -0.815158 0.000000
v -0.903298 -0.695110 -0.057403
v -0.673330 -0.879486 0.106066
v -0.782107 -0.784092 0.106066
v -0.643706 -0.840879 0.138582
v -0.747697 -0.749682 0.138582
v -0.608761 -0.795339 0.150000
v -0.573817 -0.749798 0.138582
v -0.666517 -0.668502 0.138582
v -0.524398 -0.685394 0.057403
v -0.609114 -0.611100 0.057403
v -0.517447 -0.676336 0.000000
v -0.524398 -0.685394 -0.057403
v -0.544193 -0.711191 -0.106066
v -0.609114 -0.611100 -0.057403
v -0.632107 -0.634092 -0.106066
v -0.608761 -0.795339 -0.150000
v -0.693125 -0.905283 -0.057403
v -0.693125 -0.905283 0.057403
v -0.700076 -0.914342 0.000000
v -0.553033 -0.959867 0.106066
v -0.528701 -0.917723 0.138582
v -0.500000 -0.868011 0.150000
v -0.544193 -0.711191 0.106066
v -0.425000 -0.738107 0.000000
v -0.430709 -0.747995 -0.057403
v -0.573817 -0.749798 -0.138582
v -0.471299 -0.818299 -0.138582
v -0.500000 -0.868011 -0.150000
v -0.553033 -0.959867 -0.106066
v -0.673330 -0.879486 -0.106066
v -0.643706 -0.840879 -0.138582
v -0.569291 -0.988026 0.057403
v -0.404651 -0.978898 0.138582
v -0.382684 -0.925865 0.150000
v -0.471299 -0.818299 0.138582
v -0.360717 -0.872832 0.138582
v -0.342094 -0.827873 0.106066
v -0.365790 -0.780010 0.057403
v -0.446967 -0.776155 0.106066
v -0.446967 -0.776155 -0.106066
v -0.360717 -0.872832 -0.138582
v -0.528701 -0.917723 -0.138582
v -0.423273 -1.023857 -0.106066
v -0.575000 -0.997914 0.000000
v -0.569291 -0.988026 -0.057403
v -0.258819 -0.967911 0.150000
v -0.258819 -0.967911 -0.150000
v -0.273676 -1.023358 -0.138582
v -0.404651 -0.978898 -0.138582
v -0.138019 -1.050341 0.138582
v 0.000000 -1.001985 0.150000
v 0.000000 -0.944583 0.138582
v -0.123034 -0.936519 0.138582
v -0.130526 -0.993430 0.150000
v 0.000000 -0.944583 -0.138582
v 0.130526 -0.993430 0.150000
v 0.123033 -0.936519 -0.138582
v 0.130526 -0.993430 -0.150000
v 0.000000 -1.001985 -0.150000
v 0.138018 -1.050341 -0.138582
v 0.000000 -1.108051 -0.106066
v 0.404650 -0.978898 0.138582
v 0.258819 -0.967911 -0.150000
v 0.569291 -0.988026 0.057403
v 0.440086 -1.064447 0.000000
v 0.553033 -0.959867 0.106066
v 0.435717 -1.053898 0.057403
v 0.500000 -0.868011 0.150000
v 0.360717 -0.872832 0.138582
v 0.382684 -0.925865 0.150000
v 0.471298 -0.818299 0.138582
v 0.471298 -0.818299 -0.138582
v 0.500000 -0.868011 -0.150000
v 0.382684 -0.925865 -0.150000
v 0.360717 -0.872832 -0.138582
v 0.404650 -0.978898 -0.138582
v 0.569291 -0.988026 -0.057403
v 0.575000 -0.997914 0.000000
v 0.643706 -0.840879 0.138582
v 0.528701 -0.917723 0.138582
v 0.573817 -0.749798 0.138582
v 0.524398 -0.685394 -0.057403
v 0.446967 -0.776155 -0.106066
v 0.528701 -0.917723 -0.138582
v 0.673330 -0.879486 -0.106066
v 0.553033 -0.959867 -0.106066
v 0.693125 -0.905283 -0.057403
v 0.693125 -0.905283 0.057403
v 0.805099 -0.807084 0.057403
v 0.673330 -0.879486 0.106066
v 0.747696 -0.749682 0.138582
v 0.666517 -0.668502 0.138582
v 0.608762 -0.795339 0.150000
v 0.632107 -0.634092 0.106066
v 0.609114 -0.611100 0.057403
v 0.524398 -0.685394 0.057403
v 0.544193 -0.711191 0.106066
v 0.517447 -0.676336 0.000000
v 0.632107 -0.634092 -0.106066
v 0.544193 -0.711191 -0.106066
v 0.666517 -0.668502 -0.138582
v 0.573817 -0.749798 -0.138582
v 0.643706 -0.840879 -0.138582
v 0.608762 -0.795339 -0.150000
v 0.805099 -0.807084 -0.057403
v 0.700076 -0.914342 0.000000
v 0.782107 -0.784092 0.106066
v 0.877501 -0.675315 0.106066
v 0.838894 -0.645691 0.138582
v 0.793353 -0.610747 0.150000
v 0.707107 -0.709092 0.150000
v 0.601041 -0.603026 0.000000
v 0.609114 -0.611100 -0.057403
v 0.747813 -0.575802 -0.138582
v 0.707107 -0.709092 -0.150000
v 0.747696 -0.749682 -0.138582
v 0.877501 -0.675315 -0.106066
v 0.782107 -0.784092 -0.106066
v 0.912356 -0.702061 0.000000
v 0.813173 -0.815158 0.000000
v 0.995929 -0.576985 0.000000
v 0.903298 -0.695110 0.057403
v 0.957881 -0.555018 0.106066
v 0.915737 -0.530687 0.138582
v 0.866025 -0.501985 0.150000
v 0.747813 -0.575802 0.138582
v 0.709205 -0.546178 0.106066
v 0.683409 -0.526383 0.057403
v 0.736121 -0.426985 0.000000
v 0.746010 -0.432694 -0.057403
v 0.683409 -0.526383 -0.057403
v 0.674350 -0.519432 0.000000
v 0.709205 -0.546178 -0.106066
v 0.816313 -0.473284 -0.138582
v 0.793353 -0.610747 -0.150000
v 0.866025 -0.501985 -0.150000
v 0.838894 -0.645691 -0.138582
v 0.957881 -0.555018 -0.106066
v 0.903298 -0.695110 -0.057403
v 0.986041 -0.571276 0.057403
v 1.051913 -0.437702 0.057403
v 1.021872 -0.425258 0.106066
v 0.976912 -0.406636 0.138582
v 0.923879 -0.384669 0.150000
v 0.774169 -0.448952 0.106066
v 0.816313 -0.473284 0.138582
v 0.795846 -0.331636 0.057403
v 0.746010 -0.432694 0.057403
v 0.774169 -0.448952 -0.106066
v 0.870847 -0.362702 -0.138582
v 0.915737 -0.530687 -0.138582
v 1.051913 -0.437702 -0.057403
v 0.986041 -0.571276 -0.057403
v 1.068377 -0.288256 0.106066
v 0.965926 -0.260805 0.150000
v 0.910479 -0.245948 0.138582
v 0.870847 -0.362702 0.138582
v 0.832066 -0.224937 0.057403
v 0.825887 -0.344079 0.106066
v 0.785298 -0.327266 0.000000
v 0.863474 -0.233353 -0.106066
v 0.795846 -0.331636 -0.057403
v 0.825887 -0.344079 -0.106066
v 0.965926 -0.260805 -0.150000
v 0.923879 -0.384669 -0.150000
v 1.068377 -0.288256 -0.106066
v 0.976912 -0.406636 -0.138582
v 1.021872 -0.425258 -0.106066
v 1.062461 -0.442071 0.000000
v 1.099786 -0.296672 0.057403
v 1.021372 -0.275661 0.138582
v 0.991445 -0.132511 0.150000
v 0.863474 -0.233353 0.106066
v 0.991445 -0.132511 -0.150000
v 1.021372 -0.275661 -0.138582
v 1.110814 -0.299627 0.000000
v 1.099786 -0.296672 -0.057403
v 3.547911 -0.000212 0.000000
v 3.503977 -0.000212 0.106066
v 3.446267 0.137807 0.138582
v 3.455313 -0.000212 0.138582
v 3.389355 0.130314 0.150000
v 3.259329 -0.000212 0.057403
v 3.291845 -0.000212 0.106066
v 3.251959 0.112225 0.057403
v 3.247911 -0.000212 0.000000
v 3.259329 -0.000212 -0.057403
v 3.291845 -0.000212 -0.106066
v 3.397911 -0.000212 -0.150000
v 3.340508 -0.000212 -0.138582
v 3.526752 0.148403 0.057403
v 3.538072 0.149893 0.000000
v 3.466288 0.286059 0.106066
v 3.494514 0.144158 0.106066
v 3.419283 0.273464 0.138582
v 3.332444 0.122821 0.138582
v 3.308390 0.243750 0.138582
v 3.284197 0.116470 0.106066
v 3.251959 0.112225 -0.057403
v 3.240639 0.110735 0.000000
v 3.229977 0.222739 -0.057403
v 3.261385 0.231155 -0.106066
v 3.332444 0.122821 -0.138582
v 3.284197 0.116470 -0.106066
v 3.389355 0.130314 -0.150000
v 3.466288 0.286059 -0.106066
v 3.446267 0.137807 -0.138582
v 3.494514 0.144158 -0.106066
v 3.526752 0.148403 -0.057403
v 3.460372 0.439874 0.000000
v 3.449823 0.435504 0.057403
v 3.497697 0.294475 0.057403
v 3.419782 0.423061 0.106066
v 3.321790 0.382471 0.150000
v 3.363837 0.258607 0.150000
v 3.268757 0.360504 0.138582
v 3.223798 0.341882 0.106066
v 3.261385 0.231155 0.106066
v 3.229977 0.222739 0.057403
v 3.193757 0.329438 -0.057403
v 3.218948 0.219784 0.000000
v 3.223798 0.341882 -0.106066
v 3.268757 0.360504 -0.138582
v 3.363837 0.258607 -0.150000
v 3.308390 0.243750 -0.138582
v 3.321790 0.382471 -0.150000
v 3.374823 0.404438 -0.138582
v 3.419782 0.423061 -0.106066
v 3.419283 0.273464 -0.138582
v 3.449823 0.435504 -0.057403
v 3.497697 0.294475 -0.057403
v 3.508725 0.297430 0.000000
v 3.393840 0.574788 0.000000
v 3.374823 0.404438 0.138582
v 3.214224 0.471087 0.138582
v 3.172080 0.446755 0.106066
v 3.193757 0.329438 0.057403
v 3.143921 0.430497 0.057403
v 3.134032 0.424788 0.000000
v 3.183208 0.325069 0.000000
v 3.313648 0.528489 -0.138582
v 3.355792 0.552821 -0.106066
v 3.383951 0.569079 -0.057403
v 3.275412 0.673118 0.106066
v 3.383951 0.569079 0.057403
v 3.355792 0.552821 0.106066
v 3.263936 0.499788 0.150000
v 3.313648 0.528489 0.138582
v 3.145724 0.573605 0.138582
v 3.081320 0.524186 0.057403
v 3.081320 0.524186 -0.057403
v 3.143921 0.430497 -0.057403
v 3.214224 0.471087 -0.138582
v 3.172080 0.446755 -0.106066
v 3.191264 0.608549 -0.150000
v 3.263936 0.499788 -0.150000
v 3.275412 0.673118 -0.106066
v 3.301209 0.692913 -0.057403
v 3.203010 0.804887 0.057403
v 3.180018 0.781895 0.106066
v 3.301209 0.692913 0.057403
v 3.236805 0.643494 0.138582
v 3.191264 0.608549 0.150000
v 3.064428 0.666305 0.138582
v 3.107116 0.543980 0.106066
v 3.007025 0.608902 0.057403
v 2.998952 0.600829 0.000000
v 3.072261 0.517235 0.000000
v 3.007025 0.608902 -0.057403
v 3.030018 0.631894 -0.106066
v 3.145724 0.573605 -0.138582
v 3.107116 0.543980 -0.106066
v 3.064428 0.666305 -0.138582
v 3.105017 0.706895 -0.150000
v 3.145607 0.747484 -0.138582
v 3.236805 0.643494 -0.138582
v 3.203010 0.804887 -0.057403
v 3.211084 0.812961 0.000000
v 3.310267 0.699863 0.000000
v 3.006672 0.793141 0.150000
v 3.145607 0.747484 0.138582
v 2.971728 0.747601 0.138582
v 3.105017 0.706895 0.150000
v 2.942103 0.708993 0.106066
v 3.030018 0.631894 0.106066
v 2.922309 0.683197 -0.057403
v 2.942103 0.708993 -0.106066
v 2.971728 0.747601 -0.138582
v 3.006672 0.793141 -0.150000
v 3.071241 0.877289 -0.106066
v 3.180018 0.781895 -0.106066
v 3.097986 0.912144 0.000000
v 3.091036 0.903086 0.057403
v 2.967201 0.985829 0.057403
v 3.041617 0.838682 0.138582
v 3.071241 0.877289 0.106066
v 2.897911 0.865813 0.150000
v 2.869210 0.816101 0.138582
v 2.828620 0.745798 0.057403
v 2.922309 0.683197 0.057403
v 2.822911 0.735909 0.000000
v 2.828620 0.745798 -0.057403
v 2.915358 0.674138 0.000000
v 2.844877 0.773957 -0.106066
v 3.041617 0.838682 -0.138582
v 2.967201 0.985829 -0.057403
v 2.972911 0.995717 0.000000
v 3.091036 0.903086 -0.057403
v 2.833627 1.051701 0.057403
v 2.821184 1.021660 0.106066
v 2.802561 0.976700 0.138582
v 2.926612 0.915525 0.138582
v 2.950944 0.957669 0.106066
v 2.780594 0.923667 0.150000
v 2.758627 0.870634 0.138582
v 2.740004 0.825675 0.106066
v 2.727561 0.795634 0.057403
v 2.844877 0.773957 0.106066
v 2.723191 0.785085 0.000000
v 2.727561 0.795634 -0.057403
v 2.869210 0.816101 -0.138582
v 2.758627 0.870634 -0.138582
v 2.926612 0.915525 -0.138582
v 2.897911 0.865813 -0.150000
v 2.950944 0.957669 -0.106066
v 2.833627 1.051701 -0.057403
v 2.837997 1.062249 0.000000
v 2.684182 1.068166 0.106066
v 2.671587 1.021160 0.138582
v 2.656730 0.965714 0.150000
v 2.641873 0.910267 0.138582
v 2.617907 0.820825 0.000000
v 2.620862 0.831854 -0.057403
v 2.740004 0.825675 -0.106066
v 2.656730 0.965714 -0.150000
v 2.671587 1.021160 -0.138582
v 2.780594 0.923667 -0.150000
v 2.821184 1.021660 -0.106066
v 2.802561 0.976700 -0.138582
v 2.684182 1.068166 -0.106066
v 2.695553 1.110603 0.000000
v 2.546526 1.128629 0.057403
v 2.692598 1.099574 0.057403
v 2.528437 0.991233 0.150000
v 2.620862 0.831854 0.057403
v 2.629278 0.863262 0.106066
v 2.510349 0.853836 0.057403
v 2.508858 0.842516 0.000000
v 2.514592 0.886074 -0.106066
v 2.629278 0.863262 -0.106066
v 2.641873 0.910267 -0.138582
v 2.520944 0.934321 -0.138582
v 2.692598 1.099574 -0.057403
v 2.397911 1.149788 0.000000
v 2.548016 1.139950 0.000000
v 2.397911 1.138370 0.057403
v 2.542281 1.096391 0.106066
v 2.535929 1.048144 0.138582
v 2.520944 0.934321 0.138582
v 2.397911 0.893722 0.106066
v 2.514592 0.886074 0.106066
v 2.397911 0.849788 0.000000
v 2.510349 0.853836 -0.057403
v 2.397911 0.942385 -0.138582
v 2.528437 0.991233 -0.150000
v 2.535929 1.048144 -0.138582
v 2.546526 1.128629 -0.057403
v 2.542281 1.096391 -0.106066
v 2.253540 1.096391 0.106066
v 2.397911 1.057190 0.138582
v 2.397911 1.105854 0.106066
v 2.267384 0.991233 0.150000
v 2.397911 0.999788 0.150000
v 2.397911 0.942385 0.138582
v 2.281229 0.886074 0.106066
v 2.285473 0.853836 0.057403
v 2.397911 0.861206 0.057403
v 2.286963 0.842516 0.000000
v 2.397911 0.861206 -0.057403
v 2.397911 0.893722 -0.106066
v 2.274877 0.934321 -0.138582
v 2.397911 0.999788 -0.150000
v 2.259892 1.048144 -0.138582
v 2.397911 1.057190 -0.138582
v 2.253540 1.096391 -0.106066
v 2.397911 1.105854 -0.106066
v 2.397911 1.138370 -0.057403
v 2.249296 1.128629 0.057403
v 2.103224 1.099574 0.057403
v 2.259892 1.048144 0.138582
v 2.124235 1.021160 0.138582
v 2.274877 0.934321 0.138582
v 2.153949 0.910267 0.138582
v 2.166544 0.863262 0.106066
v 2.285473 0.853836 -0.057403
v 2.281229 0.886074 -0.106066
v 2.267384 0.991233 -0.150000
v 2.139092 0.965714 -0.150000
v 2.124235 1.021160 -0.138582
v 2.111640 1.068166 -0.106066
v 2.249296 1.128629 -0.057403
v 2.247805 1.139950 0.000000
v 1.962195 1.051701 0.057403
v 2.111640 1.068166 0.106066
v 1.974638 1.021660 0.106066
v 1.993261 0.976700 0.138582
v 2.015228 0.923667 0.150000
v 2.139092 0.965714 0.150000
v 2.037194 0.870634 0.138582
v 2.068260 0.795634 0.057403
v 2.174959 0.831854 0.057403
v 2.072630 0.785085 0.000000
v 2.177914 0.820825 0.000000
v 2.174959 0.831854 -0.057403
v 2.037194 0.870634 -0.138582
v 2.153949 0.910267 -0.138582
v 2.166544 0.863262 -0.106066
v 2.015228 0.923667 -0.150000
v 2.100269 1.110603 0.000000
v 2.103224 1.099574 -0.057403
v 1.844877 0.957669 0.106066
v 1.869210 0.915525 0.138582
v 1.897911 0.865813 0.150000
v 2.055817 0.825675 0.106066
v 1.967201 0.745798 0.057403
v 1.972911 0.735909 0.000000
v 1.967201 0.745798 -0.057403
v 2.068260 0.795634 -0.057403
v 2.055817 0.825675 -0.106066
v 1.869210 0.915525 -0.138582
v 1.993261 0.976700 -0.138582
v 1.844877 0.957669 -0.106066
v 1.962195 1.051701 -0.057403
v 1.974638 1.021660 -0.106066
v 1.822911 0.995717 0.000000
v 1.957825 1.062249 0.000000
v 1.828620 0.985829 0.057403
v 1.926612 0.816101 0.138582
v 1.950944 0.773957 0.106066
v 1.873513 0.683197 -0.057403
v 1.853718 0.708993 -0.106066
v 1.950944 0.773957 -0.106066
v 1.824094 0.747601 -0.138582
v 1.926612 0.816101 -0.138582
v 1.897911 0.865813 -0.150000
v 1.828620 0.985829 -0.057403
v 1.584738 0.812961 0.000000
v 1.704786 0.903086 0.057403
v 1.697835 0.912144 0.000000
v 1.724581 0.877289 0.106066
v 1.650214 0.747484 0.138582
v 1.754205 0.838682 0.138582
v 1.731394 0.666305 0.138582
v 1.824094 0.747601 0.138582
v 1.789150 0.793141 0.150000
v 1.765804 0.631894 0.106066
v 1.853718 0.708993 0.106066
v 1.873513 0.683197 0.057403
v 1.880464 0.674138 0.000000
v 1.788797 0.608902 -0.057403
v 1.765804 0.631894 -0.106066
v 1.731394 0.666305 -0.138582
v 1.789150 0.793141 -0.150000
v 1.615804 0.781895 -0.106066
v 1.754205 0.838682 -0.138582
v 1.592812 0.804887 -0.057403
v 1.704786 0.903086 -0.057403
v 1.724581 0.877289 -0.106066
v 1.485554 0.699863 0.000000
v 1.592812 0.804887 0.057403
v 1.615804 0.781895 0.106066
v 1.559017 0.643494 0.138582
v 1.690804 0.706895 0.150000
v 1.650098 0.573605 0.138582
v 1.688706 0.543980 0.106066
v 1.788797 0.608902 0.057403
v 1.723561 0.517235 0.000000
v 1.796870 0.600829 0.000000
v 1.688706 0.543980 -0.106066
v 1.650098 0.573605 -0.138582
v 1.690804 0.706895 -0.150000
v 1.650214 0.747484 -0.138582
v 1.520410 0.673118 -0.106066
v 1.411870 0.569079 0.057403
v 1.520410 0.673118 0.106066
v 1.494613 0.692913 0.057403
v 1.440030 0.552821 0.106066
v 1.531885 0.499788 0.150000
v 1.604557 0.608549 0.150000
v 1.581598 0.471087 0.138582
v 1.714502 0.524186 0.057403
v 1.661789 0.424788 0.000000
v 1.651901 0.430497 -0.057403
v 1.714502 0.524186 -0.057403
v 1.623741 0.446755 -0.106066
v 1.581598 0.471087 -0.138582
v 1.604557 0.608549 -0.150000
v 1.531885 0.499788 -0.150000
v 1.559017 0.643494 -0.138582
v 1.494613 0.692913 -0.057403
v 1.411870 0.569079 -0.057403
v 1.401982 0.574788 0.000000
v 1.482173 0.528489 0.138582
v 1.602064 0.329438 0.057403
v 1.651901 0.430497 0.057403
v 1.623741 0.446755 0.106066
v 1.612613 0.325069 0.000000
v 1.482173 0.528489 -0.138582
v 1.376039 0.423061 -0.106066
v 1.440030 0.552821 -0.106066
v 1.298125 0.294475 0.057403
v 1.345998 0.435504 0.057403
v 1.329533 0.286059 0.106066
v 1.376539 0.273464 0.138582
v 1.420998 0.404438 0.138582
v 1.376039 0.423061 0.106066
v 1.431985 0.258607 0.150000
v 1.474031 0.382471 0.150000
v 1.527064 0.360504 0.138582
v 1.565845 0.222739 0.057403
v 1.572024 0.341882 0.106066
v 1.576874 0.219784 0.000000
v 1.565845 0.222739 -0.057403
v 1.602064 0.329438 -0.057403
v 1.487432 0.243750 -0.138582
v 1.572024 0.341882 -0.106066
v 1.474031 0.382471 -0.150000
v 1.527064 0.360504 -0.138582
v 1.431985 0.258607 -0.150000
v 1.420998 0.404438 -0.138582
v 1.329533 0.286059 -0.106066
v 1.298125 0.294475 -0.057403
v 1.345998 0.435504 -0.057403
v 1.335449 0.439874 0.000000
v 1.269070 0.148403 0.057403
v 1.534437 0.231155 0.106066
v 1.487432 0.243750 0.138582
v 1.543862 0.112226 0.057403
v 1.555183 0.110735 0.000000
v 1.511625 0.116470 -0.106066
v 1.463377 0.122822 -0.138582
v 1.534437 0.231155 -0.106066
v 1.376539 0.273464 -0.138582
v 1.269070 0.148403 -0.057403
v 1.287096 0.297430 0.000000
v 1.343696 0.048425 -0.138582
v 1.329533 -0.286483 0.106066
v 1.301307 -0.144583 0.106066
v 1.431985 -0.259031 0.150000
v 1.406466 -0.130738 0.150000
v 1.534437 -0.231579 -0.106066
v 1.487432 -0.244174 -0.138582
v 1.406466 -0.130738 -0.150000
v 1.376539 -0.273888 -0.138582
v 1.349555 -0.138231 -0.138582
v 1.298125 -0.294899 -0.057403
v 1.298125 -0.294899 0.057403
v 1.376039 -0.423485 0.106066
v 1.420998 -0.404863 0.138582
v 1.376539 -0.273888 0.138582
v 1.487432 -0.244174 0.138582
v 1.602064 -0.329863 0.057403
v 1.565845 -0.223164 0.057403
v 1.572024 -0.342306 -0.106066
v 1.527064 -0.360929 -0.138582
v 1.474031 -0.382896 -0.150000
v 1.431985 -0.259031 -0.150000
v 1.329533 -0.286483 -0.106066
v 1.335449 -0.440298 0.000000
v 1.287096 -0.297854 0.000000
v 1.345998 -0.435929 0.057403
v 1.482173 -0.528913 0.138582
v 1.474031 -0.382896 0.150000
v 1.581598 -0.471511 0.138582
v 1.623741 -0.447179 0.106066
v 1.572024 -0.342306 0.106066
v 1.527064 -0.360929 0.138582
v 1.651901 -0.430921 0.057403
v 1.651901 -0.430921 -0.057403
v 1.602064 -0.329863 -0.057403
v 1.623741 -0.447179 -0.106066
v 1.531885 -0.500212 -0.150000
v 1.482173 -0.528913 -0.138582
v 1.420998 -0.404863 -0.138582
v 1.411870 -0.569503 -0.057403
v 1.345998 -0.435929 -0.057403
v 1.376039 -0.423485 -0.106066
v 1.411870 -0.569503 0.057403
v 1.401982 -0.575212 0.000000
v 1.494613 -0.693337 0.057403
v 1.440030 -0.553245 0.106066
v 1.531885 -0.500212 0.150000
v 1.604557 -0.608974 0.150000
v 1.714502 -0.524610 0.057403
v 1.661789 -0.425212 0.000000
v 1.714502 -0.524610 -0.057403
v 1.688706 -0.544405 -0.106066
v 1.650098 -0.574029 -0.138582
v 1.581598 -0.471511 -0.138582
v 1.559017 -0.643918 -0.138582
v 1.440030 -0.553245 -0.106066
v 1.485554 -0.700288 0.000000
v 1.520410 -0.673542 0.106066
v 1.615804 -0.782319 0.106066
v 1.559017 -0.643918 0.138582
v 1.690804 -0.707319 0.150000
v 1.650098 -0.574029 0.138582
v 1.688706 -0.544405 0.106066
v 1.723561 -0.517659 0.000000
v 1.796870 -0.601253 0.000000
v 1.788796 -0.609327 -0.057403
v 1.731394 -0.666729 -0.138582
v 1.604557 -0.608974 -0.150000
v 1.520410 -0.673542 -0.106066
v 1.615804 -0.782319 -0.106066
v 1.494613 -0.693337 -0.057403
v 1.592812 -0.805311 0.057403
v 1.704786 -0.903510 0.057403
v 1.754205 -0.839106 0.138582
v 1.650214 -0.747909 0.138582
v 1.824094 -0.748025 0.138582
v 1.731394 -0.666729 0.138582
v 1.873513 -0.683621 0.057403
v 1.788796 -0.609327 0.057403
v 1.765804 -0.632319 0.106066
v 1.880464 -0.674562 0.000000
v 1.873513 -0.683621 -0.057403
v 1.853718 -0.709418 -0.106066
v 1.765804 -0.632319 -0.106066
v 1.824094 -0.748025 -0.138582
v 1.690804 -0.707319 -0.150000
v 1.650214 -0.747909 -0.138582
v 1.704786 -0.903510 -0.057403
v 1.697835 -0.912568 0.000000
v 1.584738 -0.813385 0.000000
v 1.592812 -0.805311 -0.057403
v 1.828620 -0.986253 0.057403
v 1.844878 -0.958093 0.106066
v 1.724581 -0.877713 0.106066
v 1.897911 -0.866238 0.150000
v 1.789150 -0.793565 0.150000
v 1.853718 -0.709418 0.106066
v 1.967202 -0.746222 0.057403
v 1.967202 -0.746222 -0.057403
v 1.950944 -0.774382 -0.106066
v 1.926612 -0.816526 -0.138582
v 1.897911 -0.866238 -0.150000
v 1.789150 -0.793565 -0.150000
v 1.869210 -0.915950 -0.138582
v 1.754205 -0.839106 -0.138582
v 1.724581 -0.877713 -0.106066
v 1.828620 -0.986253 -0.057403
v 1.822911 -0.996141 0.000000
v 1.962194 -1.052125 0.057403
v 1.869210 -0.915950 0.138582
v 1.926612 -0.816526 0.138582
v 2.037194 -0.871059 0.138582
v 2.055817 -0.826099 0.106066
v 2.034903 -0.779609 0.057403
v 1.950944 -0.774382 0.106066
v 2.055817 -0.826099 -0.106066
v 1.993261 -0.977125 -0.138582
v 1.844878 -0.958093 -0.106066
v 1.962194 -1.052125 -0.057403
v 2.124235 -1.021584 0.138582
v 1.993261 -0.977125 0.138582
v 2.015227 -0.924092 0.150000
v 2.139092 -0.966138 -0.150000
v 2.124235 -1.021584 -0.138582
v 2.015227 -0.924092 -0.150000
v 1.974637 -1.022084 -0.106066
v 2.301639 -1.099968 0.106066
v 2.397911 -1.000212 0.150000
v 2.259892 -1.048568 0.138582
v 2.300937 -0.887790 -0.106066
v 2.397911 -1.057614 -0.138582
v 2.267384 -0.991657 -0.150000
v 2.546525 -1.129053 0.057403
v 2.397911 -1.150212 0.000000
v 2.397911 -1.138794 0.057403
v 2.535929 -1.048568 0.138582
v 2.397911 -1.057614 0.138582
v 2.528437 -0.991657 0.150000
v 2.520944 -0.934746 0.138582
v 2.397911 -0.942810 0.138582
v 2.510348 -0.854261 0.057403
v 2.397911 -0.861630 0.057403
v 2.397911 -0.942810 -0.138582
v 2.397911 -1.000212 -0.150000
v 2.542281 -1.096815 -0.106066
v 2.397911 -1.106278 -0.106066
v 2.397911 -1.138794 -0.057403
v 2.546525 -1.129053 -0.057403
v 2.548015 -1.140374 0.000000
v 2.692598 -1.099998 0.057403
v 2.684181 -1.068590 0.106066
v 2.542281 -1.096815 0.106066
v 2.620862 -0.832278 0.057403
v 2.514592 -0.886498 0.106066
v 2.617907 -0.821249 0.000000
v 2.508858 -0.842940 0.000000
v 2.620862 -0.832278 -0.057403
v 2.629278 -0.863686 -0.106066
v 2.510348 -0.854261 -0.057403
v 2.514592 -0.886498 -0.106066
v 2.528437 -0.991657 -0.150000
v 2.520944 -0.934746 -0.138582
v 2.535929 -1.048568 -0.138582
v 2.684181 -1.068590 -0.106066
v 2.692598 -1.099998 -0.057403
v 2.695553 -1.111027 0.000000
v 2.837997 -1.062673 0.000000
v 2.833627 -1.052125 0.057403
v 2.802562 -0.977125 0.138582
v 2.656730 -0.966138 0.150000
v 2.671587 -1.021584 0.138582
v 2.641873 -0.910691 0.138582
v 2.758627 -0.871059 0.138582
v 2.629278 -0.863686 0.106066
v 2.727561 -0.796059 0.057403
v 2.723192 -0.785510 0.000000
v 2.727561 -0.796059 -0.057403
v 2.740005 -0.826099 -0.106066
v 2.780594 -0.924092 -0.150000
v 2.641873 -0.910691 -0.138582
v 2.656730 -0.966138 -0.150000
v 2.671587 -1.021584 -0.138582
v 2.821184 -1.022084 -0.106066
v 2.833627 -1.052125 -0.057403
v 2.967201 -0.986253 0.057403
v 2.950944 -0.958093 0.106066
v 2.821184 -1.022084 0.106066
v 2.780594 -0.924092 0.150000
v 2.740005 -0.826099 0.106066
v 2.828620 -0.746222 0.057403
v 2.822911 -0.736334 0.000000
v 2.828620 -0.746222 -0.057403
v 2.844877 -0.774382 -0.106066
v 2.758627 -0.871059 -0.138582
v 2.802562 -0.977125 -0.138582
v 2.972911 -0.996141 0.000000
v 2.926612 -0.915950 0.138582
v 3.006672 -0.793565 0.150000
v 2.971728 -0.748025 0.138582
v 2.869210 -0.816526 0.138582
v 2.897911 -0.866238 0.150000
v 2.922309 -0.683621 0.057403
v 2.844877 -0.774382 0.106066
v 2.915358 -0.674562 0.000000
v 2.922309 -0.683621 -0.057403
v 2.869210 -0.816526 -0.138582
v 2.926612 -0.915950 -0.138582
v 2.897911 -0.866238 -0.150000
v 2.950944 -0.958093 -0.106066
v 3.091036 -0.903510 -0.057403
v 2.967201 -0.986253 -0.057403
v 3.097986 -0.912568 0.000000
v 3.180017 -0.782319 0.106066
v 3.091036 -0.903510 0.057403
v 3.071241 -0.877713 0.106066
v 3.105017 -0.707319 0.150000
v 3.041617 -0.839106 0.138582
v 3.064428 -0.666729 0.138582
v 2.942103 -0.709418 0.106066
v 3.064428 -0.666729 -0.138582
v 2.942103 -0.709418 -0.106066
v 3.006672 -0.793565 -0.150000
v 2.971728 -0.748025 -0.138582
v 3.041617 -0.839106 -0.138582
v 3.071241 -0.877713 -0.106066
v 3.180017 -0.782319 -0.106066
v 3.203010 -0.805311 -0.057403
v 3.203010 -0.805311 0.057403
v 3.145607 -0.747909 0.138582
v 3.107116 -0.544405 0.106066
v 3.007025 -0.609327 0.057403
v 3.030018 -0.632319 0.106066
v 3.072261 -0.517659 0.000000
v 2.998951 -0.601253 0.000000
v 3.081320 -0.524610 -0.057403
v 3.007025 -0.609327 -0.057403
v 3.030018 -0.632319 -0.106066
v 3.105017 -0.707319 -0.150000
v 3.236805 -0.643918 -0.138582
v 3.275412 -0.673542 -0.106066
v 3.145607 -0.747909 -0.138582
v 3.301209 -0.693337 -0.057403
v 3.211083 -0.813385 0.000000
v 3.393840 -0.575212 0.000000
v 3.383951 -0.569503 0.057403
v 3.301209 -0.693337 0.057403
v 3.310267 -0.700288 0.000000
v 3.355792 -0.553245 0.106066
v 3.275412 -0.673542 0.106066
v 3.236805 -0.643918 0.138582
v 3.145724 -0.574029 0.138582
v 3.191264 -0.608974 0.150000
v 3.172080 -0.447179 0.106066
v 3.081320 -0.524610 0.057403
v 3.172080 -0.447179 -0.106066
v 3.107116 -0.544405 -0.106066
v 3.214224 -0.471511 -0.138582
v 3.145724 -0.574029 -0.138582
v 3.191264 -0.608974 -0.150000
v 3.355792 -0.553245 -0.106066
v 3.383951 -0.569503 -0.057403
v 3.419782 -0.423485 0.106066
v 3.313648 -0.528914 0.138582
v 3.214224 -0.471511 0.138582
v 3.263936 -0.500212 0.150000
v 3.143921 -0.430921 0.057403
v 3.134032 -0.425212 0.000000
v 3.143921 -0.430921 -0.057403
v 3.321790 -0.382896 -0.150000
v 3.263936 -0.500212 -0.150000
v 3.313648 -0.528914 -0.138582
v 3.419782 -0.423485 -0.106066
v 3.449824 -0.435929 -0.057403
v 3.460372 -0.440298 0.000000
v 3.449824 -0.435929 0.057403
v 3.374823 -0.404863 0.138582
v 3.363837 -0.259031 0.150000
v 3.308390 -0.244175 0.138582
v 3.268757 -0.360929 0.138582
v 3.321790 -0.382896 0.150000
v 3.223798 -0.342306 0.106066
v 3.193757 -0.329863 0.057403
v 3.218948 -0.220209 0.000000
v 3.183208 -0.325493 0.000000
v 3.223798 -0.342306 -0.106066
v 3.193757 -0.329863 -0.057403
v 3.261385 -0.231580 -0.106066
v 3.268757 -0.360929 -0.138582
v 3.308390 -0.244175 -0.138582
v 3.374823 -0.404863 -0.138582
v 3.497697 -0.294899 -0.057403
v 3.497697 -0.294899 0.057403
v 3.494514 -0.144583 0.106066
v 3.419283 -0.273888 0.138582
v 3.466288 -0.286483 0.106066
v 3.284197 -0.116894 0.106066
v 3.261385 -0.231580 0.106066
v 3.229976 -0.223164 0.057403
v 3.229976 -0.223164 -0.057403
v 3.332444 -0.123246 -0.138582
v 3.389355 -0.130738 -0.150000
v 3.363837 -0.259031 -0.150000
v 3.446267 -0.138231 -0.138582
v 3.419283 -0.273888 -0.138582
v 3.494514 -0.144583 -0.106066
v 3.466288 -0.286483 -0.106066
v 3.508725 -0.297854 0.000000
v 3.536493 -0.000212 0.057403
v 3.526752 -0.148827 0.057403
v 3.538072 -0.150317 0.000000
v 3.397911 -0.000212 0.150000
v 3.389355 -0.130738 0.150000
v 3.446267 -0.138231 0.138582
v 3.340508 -0.000212 0.138582
v 3.332444 -0.123246 0.138582
v 3.240639 -0.111159 0.000000
v 3.251959 -0.112650 0.057403
v 3.251959 -0.112650 -0.057403
v 3.284197 -0.116894 -0.106066
v 3.455313 -0.000212 -0.138582
v 3.503977 -0.000212 -0.106066
v 3.526752 -0.148827 -0.057403
v 3.536493 -0.000212 -0.057403
v 2.397911 -0.894146 0.106066
v 2.300937 -0.887790 0.106066
v 2.298779 -0.854864 0.106066
v 2.274877 -0.934746 0.138582
v 2.255093 -0.930810 0.138582
v 2.153949 -0.910691 0.138582
v 2.136709 -0.876201 0.138582
v 2.078783 -0.833895 0.106066
v 2.037194 -0.871059 -0.138582
v 2.397911 -0.861630 -0.057403
v 2.397911 -0.894146 -0.106066
v 2.397911 -0.850212 0.000000
v 2.336296 -0.852431 -0.031456
v 2.034241 -0.776284 0.057403
v 2.034903 -0.779609 -0.057403
v 1.567413 -0.222744 0.049244
v 1.534437 -0.231579 0.106066
v 1.649143 -0.225065 -0.106066
v 1.508086 0.062476 0.106066
v 1.606826 -0.022323 0.138582
v 1.542091 0.085198 0.057403
v 1.463377 -0.123246 0.138582
v 1.625448 0.022637 -0.106066
v 1.543862 0.112226 -0.057403
v 1.343696 0.048425 0.138582
v 1.349555 0.137807 0.138582
v 1.325209 -0.064702 0.138582
v 1.344993 -0.068637 -0.138582
v 1.423017 -0.000212 -0.145006
v 1.406466 0.130314 -0.150000
v 1.340194 0.049121 -0.138582
v 1.301307 0.144159 -0.106066
v 1.349555 0.137807 -0.138582
v 1.257569 0.147134 0.000000
v 1.202175 0.150765 0.000000
v 1.261833 0.142271 0.023043
v 1.268193 0.135020 0.057403
v 1.298447 0.100521 0.106066
v 1.301307 0.144159 0.106066
v 1.268633 -0.142173 0.057403
v 1.258265 -0.152911 0.000000
v 1.202175 -0.149235 0.000000
v 1.268633 -0.142173 -0.057403
v 1.260905 -0.149902 -0.015999
v 1.301307 -0.144583 -0.106066
v 1.299150 -0.111657 -0.106066
v 1.268193 0.135020 -0.057403
v 1.257749 0.149893 0.000000
v 1.202175 0.106831 0.106066
v 1.048356 -0.140004 0.138582
v 1.129366 -0.142589 0.057403
v 1.202175 -0.137817 0.057403
v 1.096603 -0.146356 0.106066
v 1.129366 -0.142589 -0.057403
v 1.202175 -0.137817 -0.057403
v 1.128841 -0.150600 -0.057403
v 1.096603 -0.146356 -0.106066
v 1.140254 0.146706 0.000000
v 1.202175 0.139347 -0.057403
v 1.054183 0.047137 0.138582
v 1.052950 -0.069911 -0.138582
v 1.083336 -0.096559 -0.117112
v 0.940855 0.024595 -0.138582
v 0.924473 0.037166 -0.128186
v 0.889852 0.060299 -0.106066
v 0.762089 0.063226 0.000000
v 0.843905 0.090999 0.000000
v 0.876519 -0.167768 -0.106066
v 0.892217 -0.149868 -0.114037
v 0.860082 -0.173348 -0.106066
v 0.934533 -0.125019 -0.138582
v 0.766459 0.052678 -0.057403
v 0.855846 0.083020 -0.057403
v 0.854048 0.110452 -0.057403
v 0.370944 -0.776507 0.053060
v 0.430709 -0.747995 0.057403
v 0.425000 -0.738107 0.000000
v 0.370944 -0.776507 -0.053060
v 0.430709 -0.747995 -0.057403
v 0.369758 -0.778053 -0.057403
v 0.325656 -0.833452 -0.106066
v 0.291696 -0.755273 -0.138582
v 0.118839 -0.904661 0.117112
v 0.153819 -0.861216 0.138582
v 0.105572 -0.854864 0.106066
v 0.103325 -0.889147 0.106066
v 0.000000 -0.863403 0.057403
v 0.267642 -0.876201 0.138582
v 0.258819 -0.967911 0.150000
v 0.149225 -0.931309 0.138582
v 0.210731 -0.868709 -0.150000
v 0.118839 -0.904661 -0.117112
v 0.000000 -0.895919 -0.106066
v 0.103325 -0.889147 -0.106066
v 0.072545 -1.135812 0.057403
v 0.102800 -1.101313 0.106066
v 0.000000 -1.059388 0.138582
v 0.315889 -1.115917 0.106066
v 0.312324 -1.061519 0.106066
v 0.423273 -1.023857 0.106066
v 0.346329 -1.084241 0.057403
v 0.359447 -1.110182 0.000000
v 0.423273 -1.023857 -0.106066
v 0.312324 -1.061519 -0.106066
v 0.315889 -1.115917 -0.106066
v 0.346329 -1.084241 -0.057403
v 0.267642 -1.122269 -0.138582
v 0.277703 -1.038386 -0.128186
v 0.273676 -1.023358 -0.138582
v 0.000000 -1.151985 0.000000
v 0.000000 -1.140567 -0.057403
v 2.250531 -1.137254 0.138582
v 2.118098 -1.044485 0.122741
v 2.088462 -1.115917 0.106066
v 2.092000 -1.061923 0.106066
v 2.057995 -1.084645 0.057403
v 1.974637 -1.022084 0.106066
v 2.056224 -1.111673 -0.057403
v 2.057995 -1.084645 -0.057403
v 1.957825 -1.062673 0.000000
v 2.092000 -1.061923 -0.106066
v 2.193620 -1.129761 -0.150000
v 2.136709 -1.122269 -0.138582
v 2.298779 -1.143606 -0.106066
v 2.331894 -1.134467 -0.057403
v 2.256390 -1.047872 -0.138582
v 2.331900 -0.856827 -0.055005
v 2.331017 -0.850620 -0.057403
v 1.267308 0.136029 0.052623
v 1.098850 -0.112073 0.106066
v 1.104832 -0.118055 0.096527
v 0.940855 0.024595 0.138582
v 0.934533 0.121048 0.138582
v 0.998668 -0.022307 0.150000
v 0.954043 -0.073192 0.141787
v 0.777175 -0.263113 0.000000
v 0.286042 -0.878624 0.126182
v 0.342094 -0.827872 0.106066
v 0.267642 -0.876201 -0.138582
v 0.356187 -1.090827 -0.010014
v 0.139256 -1.059743 -0.132246
v 0.147993 -1.048357 -0.138582
v 0.147993 -1.048357 0.138582
v 0.138018 -1.050341 0.138582
v 1.642261 0.063226 0.000000
v 1.637892 0.052678 0.057403
v 1.449070 -0.077812 -0.140836
v 1.461458 -0.093956 -0.138582
v 1.554032 0.093176 0.000000
v 1.542091 0.085198 -0.057403
v 1.463377 0.122822 0.138582
v 1.298447 0.100521 -0.106066
v 1.202175 0.106831 -0.106066
v 1.129630 0.134592 0.057403
v 1.128841 0.146630 0.057403
v 1.139918 -0.153316 0.000000
v 1.099375 0.100093 -0.106066
v 1.129630 0.134592 -0.057403
v 1.096603 0.142385 -0.106066
v 1.140162 0.148120 0.000000
v 1.052950 -0.069911 0.138582
v 1.064157 0.049121 -0.138582
v 0.854048 0.110452 0.057403
v 0.842728 0.108962 0.000000
v 0.855846 0.083020 0.057403
v 0.766459 0.052678 0.057403
v 0.778902 0.022637 0.106066
v 0.886286 0.114697 0.106066
v 0.889852 0.060299 0.106066
v 0.841459 -0.128388 0.138582
v 0.863785 -0.182288 0.091583
v 0.860082 -0.173348 0.106066
v 0.813086 -0.245404 0.000000
v 0.832066 -0.224937 -0.057403
v 0.406329 -0.669585 -0.057403
v 0.416878 -0.673954 0.000000
v 0.091361 -0.701593 0.000000
v 0.338702 -0.767868 0.106066
v 0.072809 -0.858631 0.057403
v 0.061921 -1.147927 0.000000
v 0.000000 -1.140567 0.057403
v 0.139256 -1.059743 0.132246
v 0.358270 -1.092219 0.000000
v 0.072545 -1.135812 -0.057403
v 2.342518 -1.146581 0.000000
v 2.331017 -1.147850 0.057403
v 2.331894 -1.134467 0.057403
v 2.397911 -1.106278 0.106066
v 2.046054 -1.092623 0.000000
v 2.188258 -0.989423 0.147360
v 1.457024 0.025882 -0.138582
v 0.998668 -0.022307 -0.150000
v 1.048356 -0.140004 -0.138582
v 1.344993 -0.068637 0.138582
v 1.349555 -0.138231 0.138582
v 0.267642 -1.122269 0.138582
v -0.069618 -0.851315 0.057403
v -0.099638 -0.889389 0.106066
v 0.000000 -0.895919 0.106066
v -0.101856 -0.855559 0.106066
v -0.145506 -0.932049 0.138582
v -0.119436 -0.909186 0.120161
v -0.150103 -0.861911 0.138582
v -0.263925 -0.876896 0.138582
v -0.257607 -1.026554 -0.138582
v -0.150103 -0.861911 -0.138582
v -0.101856 -0.855559 -0.106066
v -0.069122 -0.858873 -0.057403
v -0.060343 -0.850094 -0.010374
v -0.069618 -0.851315 -0.057403
v -0.058632 -0.848142 0.000000
v -0.060343 -0.850094 0.010374
v -0.430709 -0.747995 0.057403
v -0.367822 -0.777361 0.049963
v -0.366393 -0.776978 0.057403
v -0.775186 0.021942 0.106066
v -0.855810 0.083575 0.057403
v -0.936463 -0.095572 -0.138582
v -0.855810 0.083575 -0.057403
v -0.919546 0.040988 -0.125061
v -0.934533 0.121049 -0.138582
v -0.762742 0.051983 -0.057403
v -0.889815 0.060854 -0.106066
v -0.886286 0.114697 -0.106066
v -1.048356 0.136034 0.138582
v -0.998671 -0.022262 0.150000
v -1.096603 -0.146356 0.106066
v -1.048356 -0.140004 0.138582
v -1.052953 -0.069866 0.138582
v -1.075425 -0.065396 0.138582
v -1.075425 -0.065396 -0.138582
v -1.067933 -0.008485 -0.150000
v -0.924783 0.021443 -0.138582
v -1.059663 0.054328 -0.134605
v -1.198459 0.150071 0.000000
v -1.129659 0.134143 0.057403
v -1.096603 0.142385 0.106066
v -1.099405 0.099644 0.106066
v -1.128841 -0.150600 0.057403
v -1.129336 -0.143042 0.057403
v -1.198459 -0.138511 0.057403
v -1.099785 -0.296672 -0.057403
v -1.139827 -0.153772 0.000000
v -1.198459 -0.138511 -0.057403
v -1.129336 -0.143042 -0.057403
v -1.048356 -0.140004 -0.138582
v -1.098821 -0.112526 -0.106066
v -1.099405 0.099644 -0.106066
v -1.096603 0.142385 -0.106066
v -0.068799 -1.136058 -0.057403
v -0.099054 -1.101559 0.106066
v -0.101856 -1.144300 0.106066
v -0.207014 -1.130456 0.150000
v -0.150103 -1.137948 0.138582
v -0.278913 -1.042903 0.125061
v -0.312173 -1.116611 0.106066
v -0.263925 -1.122963 0.138582
v -0.308644 -1.062768 0.106066
v -0.423273 -1.023857 0.106066
v -0.355731 -1.110877 0.000000
v -0.344410 -1.112367 0.057403
v -0.342649 -1.085490 0.057403
v -0.435717 -1.053898 0.057403
v -0.308644 -1.062768 -0.106066
v -0.345314 -1.087271 -0.044590
v -0.435717 -1.053898 -0.057403
v -0.198459 -0.999929 -0.150000
v -0.207014 -1.130456 -0.150000
v -0.150103 -1.137948 -0.138582
v -0.058175 -1.148172 0.000000
v -0.069618 -1.148544 -0.057403
v -0.182006 -0.999929 -0.146727
v -0.138019 -1.050341 -0.138582
v -0.346940 -1.088357 -0.036773
v -0.991068 -0.015594 -0.148401
v -0.990939 -0.015481 -0.148374
v -0.990875 -0.015425 -0.148360
v -0.992763 -0.017080 -0.148757
v -0.263925 -0.876896 -0.138582
v -0.365790 -0.780010 -0.057403
v -0.767750 -0.253920 0.057403
v -0.832669 -0.221905 -0.057403
v -0.860933 -0.185070 -0.088201
v -0.910479 -0.245947 0.138582
v -0.863474 -0.233352 0.106066
v -0.951045 -0.076569 -0.141235
v -0.843869 0.091554 0.000000
v -0.854048 0.110453 -0.057403
v -0.842728 0.108962 0.000000
v -1.140283 0.146258 0.000000
v -1.129659 0.134143 -0.057403
v -0.068799 -1.136058 0.057403
v -0.069618 -1.148544 0.057403
v 0.000000 -1.108051 0.106066
v -0.354590 -1.093469 0.000000
v -0.222909 -0.999929 0.145137
v -0.198459 -0.999929 0.150000
v -0.123034 -0.936519 -0.138582
v -1.309042 0.087500 0.113676
v -1.406785 0.134260 0.150000
v -1.456990 0.024455 0.138582
v -1.511943 0.120416 0.106066
v -1.542024 0.083264 0.057403
v -1.638545 0.062532 0.000000
v -1.553965 0.091243 0.000000
v -1.508019 0.060543 -0.106066
v -1.544181 0.116172 -0.057403
v -1.603109 -0.023017 -0.138582
v -1.621732 0.021942 -0.106066
v -2.338620 -1.150035 0.000000
v -2.328497 -1.130277 0.057403
v -2.398229 -1.134848 0.057403
v -2.298242 -1.095778 0.106066
v -2.315155 -1.115063 0.078863
v -2.295062 -1.144300 0.106066
v -2.296897 -0.883558 0.106066
v -2.329420 -0.851035 0.046651
v -2.331496 -0.848669 0.034069
v -2.398229 -0.857684 -0.057403
v -2.296897 -0.883558 -0.106066
v -2.328497 -1.130277 -0.057403
v -2.253026 -1.043193 0.138582
v -2.251015 -0.925990 0.138582
v -2.189904 -0.869403 0.150000
v -2.251015 -0.925990 -0.138582
v -2.189904 -0.869403 -0.150000
v -2.134509 -0.900038 -0.138582
v -2.124553 -1.017638 -0.138582
v -2.139698 -1.020651 -0.138582
v -2.119618 -1.036059 -0.125839
v -2.061933 -0.768562 -0.106066
v -2.052507 -1.112367 -0.057403
v -1.974956 -1.018138 -0.106066
v -1.962513 -1.048178 -0.057403
v -2.088669 -1.056738 -0.106066
v -2.041187 -1.110877 0.000000
v -2.047329 -1.084361 -0.022141
v -2.029044 -0.772616 -0.057403
v -1.983756 -0.674649 0.000000
v -2.032423 -0.776469 -0.060344
v -1.967520 -0.742276 -0.057403
v -1.567644 -0.223579 0.057403
v -1.587275 -0.245964 0.000000
v -1.612932 -0.321547 0.000000
v -1.564265 -0.219726 0.060344
v -1.645426 -0.225760 0.106066
v -1.567644 -0.223579 -0.057403
v -1.522904 -0.168051 -0.106066
v -1.349873 -0.134285 0.138582
v -1.301626 -0.140637 0.106066
v -1.406785 -0.126792 0.150000
v -1.463696 -0.119300 0.138582
v -1.462179 -0.096157 -0.138582
v -1.559175 -0.129083 -0.138582
v -1.406785 -0.126792 -0.150000
v -1.549359 0.088165 -0.022141
v -1.343663 0.046998 -0.138582
v -2.327300 -1.148544 0.057403
v -2.323654 -1.124755 0.065192
v -2.042723 -1.087438 0.000000
v -2.119618 -1.036059 0.125839
v -2.139698 -1.020651 0.138582
v -2.132992 -1.122963 0.138582
v -2.045441 -1.085622 -0.013066
v -2.054664 -1.079460 -0.057403
v -1.299791 -0.112637 -0.106066
v -1.551247 0.089427 -0.013066
v -1.392129 -0.013677 -0.148560
v -1.398229 0.003734 -0.150000
v -1.407171 -0.016274 0.148482
v -1.269388 0.152349 0.057403
v -1.258068 0.153839 0.000000
v -1.268191 0.134082 0.057403
v -1.198459 0.106136 0.106066
v -1.198459 0.138652 0.057403
v -1.544181 0.116172 0.057403
v -1.268191 0.134082 -0.057403
v -1.198459 0.138652 -0.057403
v -1.257567 0.146196 0.000000
v -2.339121 -1.142392 0.000000
v -2.246815 -1.137948 0.138582
v -2.398229 -1.134848 -0.057403
v -2.398229 -1.102332 -0.106066
v -2.298242 -1.095778 -0.106066
v -2.219828 -0.999929 -0.145749
v -2.054664 -1.079460 0.057403
v -1.951262 -0.770436 0.106066
v -2.060112 -0.812554 0.090516
v -2.056135 -0.822153 0.106066
v -2.073784 -0.828144 0.106066
v -2.032423 -0.776469 0.060344
v -2.029044 -0.772616 0.057403
v -1.973229 -0.732388 0.000000
v -2.009413 -0.750232 0.000000
v -1.299791 -0.112637 0.106066
v -1.269275 -0.143153 0.057403
v -1.198459 -0.105996 0.106066
v -1.317620 -0.094807 -0.118760
v -1.301626 -0.140637 -0.106066
v -1.349873 -0.134285 -0.138582
v -1.269275 -0.143153 -0.057403
v -1.198459 -0.105996 -0.106066
v -1.457278 -0.034004 0.150000
v -2.189904 -1.130456 -0.150000
v -1.540552 -0.174042 0.106066
# 3933 vertices, 0 vertices normals

f 24 1 62
f 2 25 1628
f 69 2234 133
f 2234 69 3337
f 103 3541 3656
f 3 5 1649
f 3 1623 4
f 1646 1649 5
f 1638 104 3536
f 105 3319 3318
f 3543 6 1641
f 7 8 3304
f 9 10 1738
f 159 109 111
f 12 3676 11
f 3676 12 14
f 12 13 14
f 1755 1757 116
f 117 3569 3230
f 117 15 3568
f 39 3680 3560
f 3596 1768 3598
f 16 1771 3593
f 3603 1860 128
f 3611 3614 17
f 3611 17 3618
f 157 1877 1876
f 1877 157 2716
f 130 18 3724
f 18 130 149
f 20 19 3640
f 19 20 3334
f 20 3332 3334
f 21 3336 3351
f 23 62 22
f 23 24 62
f 25 136 1640
f 3321 136 3537
f 135 28 133
f 26 27 133
f 28 26 133
f 27 69 133
f 3655 29 3541
f 30 139 1738
f 3221 3545 139
f 31 32 165
f 33 3566 1747
f 34 110 3719
f 34 3719 3201
f 3657 35 3565
f 3657 3564 35
f 3657 3565 3564
f 3572 3569 3570
f 3572 36 3216
f 113 3574 37
f 40 38 39
f 40 39 79
f 1756 82 3658
f 3584 120 3684
f 120 3584 3582
f 83 143 1761
f 41 60 3591
f 41 3690 60
f 86 42 43
f 44 2821 3702
f 3597 3598 45
f 3597 3596 3598
f 3597 45 3596
f 87 2818 125
f 1874 47 48
f 47 1874 145
f 3665 3616 93
f 163 3610 164
f 164 50 163
f 164 3609 50
f 49 50 3609
f 51 2735 52
f 51 53 2735
f 51 52 53
f 161 151 160
f 54 52 2723
f 55 160 56
f 3669 2720 3670
f 131 174 2232
f 101 3335 57
f 78 112 58
f 3659 3579 3580
f 3659 3580 59
f 61 3591 60
f 171 3634 3668
f 3718 65 63
f 65 3718 62
f 132 134 3651
f 132 3329 134
f 66 68 3557
f 66 169 68
f 63 65 67
f 64 68 169
f 67 3718 63
f 175 140 170
f 64 66 3557
f 64 169 66
f 174 67 173
f 64 140 175
f 69 138 1629
f 3328 138 69
f 3542 106 3319
f 3305 137 3321
f 1639 8 1658
f 70 3544 72
f 72 3544 71
f 165 72 31
f 31 72 32
f 1743 3547 73
f 73 3547 74
f 75 3675 114
f 73 58 1743
f 76 77 78
f 3555 115 3722
f 3213 140 14
f 3559 79 3206
f 3206 79 3561
f 119 3684 3570
f 118 3684 119
f 1750 3590 80
f 3585 3590 81
f 3681 41 3685
f 3685 41 3687
f 1753 122 3588
f 153 3588 2236
f 1756 3689 82
f 82 3689 3658
f 3720 83 156
f 2834 83 3720
f 3695 84 3697
f 43 3663 3698
f 42 3663 43
f 85 86 3700
f 2833 86 85
f 3699 85 3700
f 3701 87 3664
f 2820 87 3701
f 3702 126 44
f 3704 3603 88
f 88 3603 3605
f 1861 88 3606
f 1866 48 92
f 92 48 89
f 3706 3665 90
f 90 3665 3666
f 91 90 3666
f 1861 3606 3608
f 3609 3608 49
f 49 3608 50
f 92 3707 1866
f 3616 147 93
f 93 147 2729
f 54 148 52
f 2723 148 54
f 3625 3710 3672
f 94 3669 1891
f 2721 3669 94
f 95 96 3654
f 3531 97 3530
f 3345 97 3532
f 131 98 22
f 22 98 99
f 3718 22 62
f 100 1 3535
f 3318 100 3536
f 101 102 3335
f 57 102 101
f 3540 103 5
f 3 4 3347
f 105 3536 104
f 3318 3536 105
f 7 106 8
f 6 8 1639
f 3223 3544 10
f 107 108 13
f 13 108 3211
f 30 109 3550
f 34 1744 110
f 3553 33 1747
f 3554 33 3553
f 111 112 158
f 158 112 78
f 37 3556 113
f 113 3556 3574
f 114 3675 140
f 3558 3557 170
f 115 116 3208
f 117 3568 3580
f 118 119 3579
f 120 3582 3583
f 121 122 1753
f 2240 122 121
f 3590 3589 80
f 3592 3591 123
f 3660 84 124
f 3661 84 3660
f 1767 1768 44
f 3592 3593 2247
f 1778 125 3699
f 3699 125 2818
f 3664 126 3701
f 3701 126 3702
f 127 91 3666
f 90 91 128
f 3605 3606 88
f 3612 3611 3618
f 1871 3620 3622
f 2717 3620 129
f 3672 3710 3671
f 3710 3624 1879
f 3628 130 3627
f 3633 3636 3632
f 3632 3636 3637
f 131 19 98
f 3325 3641 2232
f 132 3649 3329
f 133 134 135
f 3652 96 21
f 3532 97 3533
f 1640 136 137
f 137 136 3321
f 3330 138 3328
f 2229 2234 3654
f 1738 139 9
f 9 139 3545
f 141 140 1752
f 170 140 141
f 170 141 3206
f 3572 3571 36
f 2241 152 2236
f 142 3663 3662
f 1761 143 144
f 144 143 3599
f 47 145 146
f 3617 147 157
f 55 148 160
f 2715 3620 2717
f 1875 150 1876
f 149 150 18
f 3637 3636 151
f 3670 56 1888
f 2720 56 3670
f 3642 3641 3643
f 3326 3641 3325
f 3662 152 142
f 2236 152 3662
f 153 3662 1754
f 2236 3662 153
f 154 60 155
f 156 61 3720
f 3720 61 2238
f 1882 1877 3671
f 1876 150 157
f 158 159 111
f 3210 159 158
f 158 77 1748
f 78 77 158
f 1758 3720 155
f 155 3720 2238
f 160 148 161
f 161 148 2723
f 162 3609 163
f 165 32 167
f 32 166 167
f 3659 59 3579
f 59 168 3579
f 68 64 170
f 173 67 62
f 67 65 62
f 62 174 173
f 176 177 2706
f 178 1032 3807
f 207 3800 3795
f 3800 207 179
f 3740 3739 1026
f 3740 3725 234
f 1047 1026 3739
f 194 1030 1038
f 3808 1040 180
f 2684 236 2685
f 181 182 1143
f 184 3746 183
f 3746 184 185
f 184 2593 185
f 186 3925 187
f 245 3771 2588
f 245 3767 3768
f 3776 1150 188
f 189 246 3782
f 246 189 2710
f 189 3779 2710
f 190 191 2721
f 1032 193 1043
f 192 193 2701
f 210 2697 194
f 195 221 222
f 217 2608 3810
f 240 3766 241
f 3748 3761 251
f 3748 251 3749
f 196 2600 3770
f 242 3775 3759
f 3825 3824 1622
f 3793 197 3802
f 231 233 3826
f 254 198 199
f 229 204 200
f 204 229 2706
f 201 3733 1616
f 201 2708 3733
f 3806 202 203
f 244 3805 203
f 3805 3804 203
f 200 204 205
f 3805 244 3804
f 255 3803 3804
f 205 229 200
f 3824 205 206
f 3732 235 177
f 207 208 209
f 2707 208 207
f 194 2698 210
f 210 2698 2697
f 3743 3742 2698
f 2700 211 192
f 1053 236 212
f 3809 195 213
f 213 195 214
f 216 213 214
f 1122 216 215
f 215 216 2607
f 3810 215 217
f 217 215 2608
f 1124 3811 218
f 1142 219 224
f 224 219 220
f 221 238 222
f 222 238 3813
f 1144 3814 223
f 224 199 1142
f 2576 225 254
f 3758 226 3757
f 2595 202 185
f 1151 3762 252
f 3801 248 250
f 3728 3730 3726
f 3726 3730 2713
f 3825 227 228
f 228 227 2714
f 176 228 1031
f 2706 228 176
f 229 228 2706
f 230 207 3795
f 231 232 233
f 3826 232 231
f 3737 3736 3738
f 89 3737 3739
f 3740 234 3615
f 2697 235 194
f 2684 3742 236
f 1040 236 1053
f 218 3811 2593
f 2593 3811 237
f 2592 238 182
f 3748 3751 3761
f 239 240 241
f 3753 240 239
f 1143 198 3754
f 3754 198 254
f 3759 243 242
f 242 243 3775
f 223 3814 202
f 2582 244 203
f 226 187 3755
f 245 3768 3769
f 3777 3762 3776
f 3825 246 227
f 247 3783 1622
f 201 3792 2708
f 3795 3733 230
f 230 3733 207
f 1619 248 190
f 2713 3730 3729
f 1043 193 211
f 211 193 192
f 249 208 2707
f 3797 3800 250
f 244 251 3761
f 203 253 252
f 196 3771 331
f 196 3773 2600
f 3784 3783 3786
f 2693 3783 247
f 3760 253 202
f 202 253 203
f 3754 181 1143
f 2591 181 3754
f 3754 225 1147
f 254 225 3754
f 3793 3802 256
f 3802 3823 256
f 2706 3824 206
f 316 347 317
f 3842 3841 888
f 257 258 920
f 259 3861 3863
f 3858 3863 1280
f 3919 3920 1266
f 3873 3870 1021
f 3876 260 261
f 263 3923 262
f 263 262 264
f 3929 265 1024
f 1024 265 266
f 265 3929 3772
f 3827 269 267
f 3827 268 269
f 3827 267 268
f 332 317 287
f 332 271 317
f 272 3829 273
f 272 1154 3829
f 272 1155 1154
f 274 334 3836
f 275 276 3897
f 296 277 3885
f 3887 3842 888
f 3887 3839 3842
f 906 278 3844
f 3845 3846 896
f 3846 3845 322
f 280 3850 281
f 282 3855 922
f 911 341 283
f 3889 284 3890
f 306 1265 285
f 3865 3893 3892
f 310 3880 320
f 286 3881 314
f 293 287 288
f 3884 289 3895
f 3896 1153 315
f 3896 315 290
f 324 291 3847
f 324 325 291
f 342 3857 343
f 288 294 293
f 295 275 3897
f 335 295 3897
f 292 333 287
f 3898 292 287
f 294 333 292
f 294 292 3898
f 295 335 275
f 3828 288 287
f 298 296 297
f 188 296 298
f 890 299 904
f 899 326 908
f 3911 911 3912
f 3912 911 1286
f 280 340 300
f 281 340 280
f 301 282 302
f 3854 282 301
f 913 3889 303
f 303 3889 304
f 285 339 305
f 1265 339 285
f 3918 306 3917
f 1266 306 3918
f 3916 3918 3917
f 920 307 257
f 1257 307 1268
f 308 309 1010
f 1021 310 311
f 311 310 3933
f 1011 312 329
f 313 330 3924
f 286 315 3881
f 314 315 286
f 1148 3926 337
f 316 317 318
f 288 3829 1154
f 3880 319 320
f 320 319 321
f 904 299 3850
f 3850 299 3909
f 322 3845 323
f 324 1272 325
f 326 3848 327
f 908 326 3853
f 3856 3858 3857
f 284 344 3890
f 1276 344 281
f 1258 3868 3859
f 328 311 3933
f 312 3876 261
f 329 312 3881
f 266 330 313
f 331 330 266
f 3877 263 264
f 287 333 332
f 332 333 1152
f 274 3834 356
f 274 276 334
f 315 335 3897
f 314 335 315
f 3928 336 3926
f 3926 336 337
f 358 3885 290
f 290 3885 277
f 906 3851 278
f 278 3851 1263
f 338 339 340
f 307 3855 1268
f 343 3913 301
f 3913 283 341
f 1283 283 3913
f 302 342 301
f 301 342 343
f 3931 319 333
f 344 340 281
f 347 3828 287
f 347 287 317
f 355 359 3897
f 355 3897 276
f 360 345 3899
f 360 3899 3900
f 345 346 269
f 345 269 3899
f 346 365 347
f 346 347 269
f 365 348 3828
f 365 3828 347
f 348 366 273
f 348 273 3828
f 366 349 3830
f 366 3830 273
f 349 350 3904
f 349 3904 3830
f 350 352 351
f 350 351 3904
f 352 353 3835
f 352 3835 351
f 353 354 356
f 353 356 3835
f 354 371 355
f 354 355 356
f 371 357 359
f 371 359 355
f 357 373 358
f 357 358 359
f 373 375 297
f 373 297 358
f 375 376 361
f 375 361 297
f 376 360 3900
f 376 3900 361
f 362 363 345
f 362 345 360
f 363 364 346
f 363 346 345
f 364 378 365
f 364 365 346
f 378 381 348
f 378 348 365
f 381 383 366
f 381 366 348
f 383 382 349
f 383 349 366
f 382 367 350
f 382 350 349
f 367 368 352
f 367 352 350
f 368 369 353
f 368 353 352
f 369 386 354
f 369 354 353
f 386 370 371
f 386 371 354
f 370 372 357
f 370 357 371
f 372 374 373
f 372 373 357
f 374 388 375
f 374 375 373
f 388 390 376
f 388 376 375
f 390 362 360
f 390 360 376
f 391 377 363
f 391 363 362
f 377 394 364
f 377 364 363
f 394 379 378
f 394 378 364
f 379 380 381
f 379 381 378
f 380 397 383
f 380 383 381
f 397 399 382
f 397 382 383
f 399 398 367
f 399 367 382
f 398 384 368
f 398 368 367
f 384 401 369
f 384 369 368
f 401 385 386
f 401 386 369
f 385 403 370
f 385 370 386
f 403 404 372
f 403 372 370
f 404 387 374
f 404 374 372
f 387 406 388
f 387 388 374
f 406 389 390
f 406 390 388
f 389 391 362
f 389 362 390
f 408 392 377
f 408 377 391
f 392 393 394
f 392 394 377
f 393 395 379
f 393 379 394
f 395 411 380
f 395 380 379
f 411 396 397
f 411 397 380
f 396 412 399
f 396 399 397
f 412 400 398
f 412 398 399
f 400 414 384
f 400 384 398
f 414 416 401
f 414 401 384
f 416 417 385
f 416 385 401
f 417 402 403
f 417 403 385
f 402 405 404
f 402 404 403
f 405 419 387
f 405 387 404
f 419 420 406
f 419 406 387
f 420 422 389
f 420 389 406
f 422 408 391
f 422 391 389
f 435 407 392
f 435 392 408
f 407 424 393
f 407 393 392
f 424 409 395
f 424 395 393
f 409 410 411
f 409 411 395
f 410 425 396
f 410 396 411
f 425 427 412
f 425 412 396
f 427 413 400
f 427 400 412
f 413 429 414
f 413 414 400
f 429 415 416
f 429 416 414
f 415 431 417
f 415 417 416
f 431 430 402
f 431 402 417
f 430 432 405
f 430 405 402
f 432 418 419
f 432 419 405
f 418 434 420
f 418 420 419
f 434 421 422
f 434 422 420
f 421 435 408
f 421 408 422
f 437 436 407
f 437 407 435
f 436 439 424
f 436 424 407
f 439 423 409
f 439 409 424
f 423 442 410
f 423 410 409
f 442 443 425
f 442 425 410
f 443 426 427
f 443 427 425
f 426 428 413
f 426 413 427
f 428 444 429
f 428 429 413
f 444 445 415
f 444 415 429
f 445 446 431
f 445 431 415
f 446 449 430
f 446 430 431
f 449 448 432
f 449 432 430
f 448 450 418
f 448 418 432
f 450 453 434
f 450 434 418
f 453 433 421
f 453 421 434
f 433 437 435
f 433 435 421
f 454 438 436
f 454 436 437
f 438 455 439
f 438 439 436
f 455 440 423
f 455 423 439
f 440 441 442
f 440 442 423
f 441 459 443
f 441 443 442
f 459 460 426
f 459 426 443
f 460 462 428
f 460 428 426
f 462 461 444
f 462 444 428
f 461 463 445
f 461 445 444
f 463 464 446
f 463 446 445
f 464 447 449
f 464 449 446
f 447 468 448
f 447 448 449
f 468 451 450
f 468 450 448
f 451 452 453
f 451 453 450
f 452 470 433
f 452 433 453
f 470 454 437
f 470 437 433
f 486 474 438
f 486 438 454
f 474 456 455
f 474 455 438
f 456 457 440
f 456 440 455
f 457 458 441
f 457 441 440
f 458 477 459
f 458 459 441
f 477 476 460
f 477 460 459
f 476 478 462
f 476 462 460
f 478 479 461
f 478 461 462
f 479 481 463
f 479 463 461
f 481 483 464
f 481 464 463
f 483 465 447
f 483 447 464
f 465 466 468
f 465 468 447
f 466 467 451
f 466 451 468
f 467 469 452
f 467 452 451
f 469 471 470
f 469 470 452
f 471 486 454
f 471 454 470
f 472 487 474
f 472 474 486
f 487 473 456
f 487 456 474
f 473 488 457
f 473 457 456
f 488 475 458
f 488 458 457
f 475 490 477
f 475 477 458
f 490 491 476
f 490 476 477
f 491 493 478
f 491 478 476
f 493 492 479
f 493 479 478
f 492 480 481
f 492 481 479
f 480 482 483
f 480 483 481
f 482 498 465
f 482 465 483
f 498 497 466
f 498 466 465
f 497 484 467
f 497 467 466
f 484 500 469
f 484 469 467
f 500 485 471
f 500 471 469
f 485 472 486
f 485 486 471
f 502 503 487
f 502 487 472
f 503 505 473
f 503 473 487
f 505 506 488
f 505 488 473
f 506 489 475
f 506 475 488
f 489 507 490
f 489 490 475
f 507 511 491
f 507 491 490
f 511 510 493
f 511 493 491
f 510 512 492
f 510 492 493
f 512 494 480
f 512 480 492
f 494 495 482
f 494 482 480
f 495 496 498
f 495 498 482
f 496 516 497
f 496 497 498
f 516 499 484
f 516 484 497
f 499 501 500
f 499 500 484
f 501 520 485
f 501 485 500
f 520 502 472
f 520 472 485
f 530 504 503
f 530 503 502
f 504 523 505
f 504 505 503
f 523 525 506
f 523 506 505
f 525 524 489
f 525 489 506
f 524 508 507
f 524 507 489
f 508 509 511
f 508 511 507
f 509 526 510
f 509 510 511
f 526 527 512
f 526 512 510
f 527 513 494
f 527 494 512
f 513 514 495
f 513 495 494
f 514 528 496
f 514 496 495
f 528 515 516
f 528 516 496
f 515 517 499
f 515 499 516
f 517 518 501
f 517 501 499
f 518 519 520
f 518 520 501
f 519 530 502
f 519 502 520
f 531 521 504
f 531 504 530
f 521 533 523
f 521 523 504
f 533 522 525
f 533 525 523
f 522 534 524
f 522 524 525
f 534 536 508
f 534 508 524
f 536 535 509
f 536 509 508
f 535 539 526
f 535 526 509
f 539 541 527
f 539 527 526
f 541 540 513
f 541 513 527
f 540 543 514
f 540 514 513
f 543 544 528
f 543 528 514
f 544 546 515
f 544 515 528
f 546 547 517
f 546 517 515
f 547 529 518
f 547 518 517
f 529 549 519
f 529 519 518
f 549 531 530
f 549 530 519
f 550 551 521
f 550 521 531
f 551 552 533
f 551 533 521
f 552 532 522
f 552 522 533
f 532 553 534
f 532 534 522
f 553 554 536
f 553 536 534
f 554 537 535
f 554 535 536
f 537 538 539
f 537 539 535
f 538 556 541
f 538 541 539
f 556 542 540
f 556 540 541
f 542 559 543
f 542 543 540
f 559 560 544
f 559 544 543
f 560 545 546
f 560 546 544
f 545 563 547
f 545 547 546
f 563 548 529
f 563 529 547
f 548 565 549
f 548 549 529
f 565 550 531
f 565 531 549
f 583 566 551
f 583 551 550
f 566 567 552
f 566 552 551
f 567 570 532
f 567 532 552
f 570 572 553
f 570 553 532
f 572 571 554
f 572 554 553
f 571 573 537
f 571 537 554
f 573 555 538
f 573 538 537
f 555 557 556
f 555 556 538
f 557 578 542
f 557 542 556
f 578 558 559
f 578 559 542
f 558 579 560
f 558 560 559
f 579 561 545
f 579 545 560
f 561 562 563
f 561 563 545
f 562 564 548
f 562 548 563
f 564 582 565
f 564 565 548
f 582 583 550
f 582 550 565
f 601 586 566
f 601 566 583
f 586 588 567
f 586 567 566
f 588 568 570
f 588 570 567
f 568 569 572
f 568 572 570
f 569 590 571
f 569 571 572
f 590 592 573
f 590 573 571
f 592 574 555
f 592 555 573
f 574 575 557
f 574 557 555
f 575 576 578
f 575 578 557
f 576 577 558
f 576 558 578
f 577 595 579
f 577 579 558
f 595 580 561
f 595 561 579
f 580 598 562
f 580 562 561
f 598 581 564
f 598 564 562
f 581 599 582
f 581 582 564
f 599 601 583
f 599 583 582
f 584 585 586
f 584 586 601
f 585 587 588
f 585 588 586
f 587 603 568
f 587 568 588
f 603 589 569
f 603 569 568
f 589 604 590
f 589 590 569
f 604 591 592
f 604 592 590
f 591 593 574
f 591 574 592
f 593 594 575
f 593 575 574
f 594 606 576
f 594 576 575
f 606 608 577
f 606 577 576
f 608 607 595
f 608 595 577
f 607 596 580
f 607 580 595
f 596 597 598
f 596 598 580
f 597 610 581
f 597 581 598
f 610 600 599
f 610 599 581
f 600 584 601
f 600 601 599
f 612 611 585
f 612 585 584
f 611 616 587
f 611 587 585
f 616 615 603
f 616 603 587
f 615 602 589
f 615 589 603
f 602 619 604
f 602 604 589
f 619 605 591
f 619 591 604
f 605 620 593
f 605 593 591
f 620 622 594
f 620 594 593
f 622 623 606
f 622 606 594
f 623 625 608
f 623 608 606
f 625 627 607
f 625 607 608
f 627 609 596
f 627 596 607
f 609 629 597
f 609 597 596
f 629 631 610
f 629 610 597
f 631 630 600
f 631 600 610
f 630 612 584
f 630 584 600
f 648 635 611
f 648 611 612
f 635 613 616
f 635 616 611
f 613 614 615
f 613 615 616
f 614 617 602
f 614 602 615
f 617 638 619
f 617 619 602
f 638 618 605
f 638 605 619
f 618 640 620
f 618 620 605
f 640 621 622
f 640 622 620
f 621 642 623
f 621 623 622
f 642 624 625
f 642 625 623
f 624 626 627
f 624 627 625
f 626 645 609
f 626 609 627
f 645 646 629
f 645 629 609
f 646 628 631
f 646 631 629
f 628 632 630
f 628 630 631
f 632 648 612
f 632 612 630
f 647 633 635
f 647 635 648
f 633 634 613
f 633 613 635
f 634 649 614
f 634 614 613
f 649 636 617
f 649 617 614
f 636 637 638
f 636 638 617
f 637 639 618
f 637 618 638
f 639 654 640
f 639 640 618
f 654 655 621
f 654 621 640
f 655 641 642
f 655 642 621
f 641 643 624
f 641 624 642
f 643 657 626
f 643 626 624
f 657 644 645
f 657 645 626
f 644 658 646
f 644 646 645
f 658 661 628
f 658 628 646
f 661 660 632
f 661 632 628
f 660 647 648
f 660 648 632
f 679 662 633
f 679 633 647
f 662 664 634
f 662 634 633
f 664 665 649
f 664 649 634
f 665 650 636
f 665 636 649
f 650 651 637
f 650 637 636
f 651 652 639
f 651 639 637
f 652 653 654
f 652 654 639
f 653 668 655
f 653 655 654
f 668 669 641
f 668 641 655
f 669 671 643
f 669 643 641
f 671 673 657
f 671 657 643
f 673 656 644
f 673 644 657
f 656 674 658
f 656 658 644
f 674 676 661
f 674 661 658
f 676 659 660
f 676 660 661
f 659 679 647
f 659 647 660
f 682 683 662
f 682 662 679
f 683 663 664
f 683 664 662
f 663 684 665
f 663 665 664
f 684 685 650
f 684 650 665
f 685 686 651
f 685 651 650
f 686 666 652
f 686 652 651
f 666 689 653
f 666 653 652
f 689 667 668
f 689 668 653
f 667 690 669
f 667 669 668
f 690 670 671
f 690 671 669
f 670 672 673
f 670 673 671
f 672 693 656
f 672 656 673
f 693 675 674
f 693 674 656
f 675 677 676
f 675 676 674
f 677 678 659
f 677 659 676
f 678 682 679
f 678 679 659
f 680 681 683
f 680 683 682
f 681 695 663
f 681 663 683
f 695 696 684
f 695 684 663
f 696 700 685
f 696 685 684
f 700 699 686
f 700 686 685
f 699 687 666
f 699 666 686
f 687 702 689
f 687 689 666
f 702 688 667
f 702 667 689
f 688 691 690
f 688 690 667
f 691 705 670
f 691 670 690
f 705 706 672
f 705 672 670
f 706 692 693
f 706 693 672
f 692 708 675
f 692 675 693
f 708 709 677
f 708 677 675
f 709 712 678
f 709 678 677
f 712 680 682
f 712 682 678
f 711 714 681
f 711 681 680
f 714 694 695
f 714 695 681
f 694 697 696
f 694 696 695
f 697 717 700
f 697 700 696
f 717 698 699
f 717 699 700
f 698 701 687
f 698 687 699
f 701 720 702
f 701 702 687
f 720 703 688
f 720 688 702
f 703 723 691
f 703 691 688
f 723 704 705
f 723 705 691
f 704 726 706
f 704 706 705
f 726 727 692
f 726 692 706
f 727 707 708
f 727 708 692
f 707 729 709
f 707 709 708
f 729 710 712
f 729 712 709
f 710 711 680
f 710 680 712
f 713 730 714
f 713 714 711
f 730 715 694
f 730 694 714
f 715 732 697
f 715 697 694
f 732 731 717
f 732 717 697
f 731 716 698
f 731 698 717
f 716 718 701
f 716 701 698
f 718 719 720
f 718 720 701
f 719 721 703
f 719 703 720
f 721 736 723
f 721 723 703
f 736 722 704
f 736 704 723
f 722 724 726
f 722 726 704
f 724 725 727
f 724 727 726
f 725 737 707
f 725 707 727
f 737 728 729
f 737 729 707
f 728 739 710
f 728 710 729
f 739 713 711
f 739 711 710
f 740 741 730
f 740 730 713
f 741 744 715
f 741 715 730
f 744 746 732
f 744 732 715
f 746 733 731
f 746 731 732
f 733 747 716
f 733 716 731
f 747 749 718
f 747 718 716
f 749 734 719
f 749 719 718
f 734 750 721
f 734 721 719
f 750 735 736
f 750 736 721
f 735 752 722
f 735 722 736
f 752 755 724
f 752 724 722
f 755 754 725
f 755 725 724
f 754 756 737
f 754 737 725
f 756 738 728
f 756 728 737
f 738 758 739
f 738 739 728
f 758 740 713
f 758 713 739
f 777 761 741
f 777 741 740
f 761 742 744
f 761 744 741
f 742 743 746
f 742 746 744
f 743 745 733
f 743 733 746
f 745 764 747
f 745 747 733
f 764 765 749
f 764 749 747
f 765 748 734
f 765 734 749
f 748 767 750
f 748 750 734
f 767 751 735
f 767 735 750
f 751 753 752
f 751 752 735
f 753 770 755
f 753 755 752
f 770 772 754
f 770 754 755
f 772 757 756
f 772 756 754
f 757 775 738
f 757 738 756
f 775 759 758
f 775 758 738
f 759 777 740
f 759 740 758
f 776 760 761
f 776 761 777
f 760 762 742
f 760 742 761
f 762 763 743
f 762 743 742
f 763 781 745
f 763 745 743
f 781 783 764
f 781 764 745
f 783 785 765
f 783 765 764
f 785 766 748
f 785 748 765
f 766 768 767
f 766 767 748
f 768 769 751
f 768 751 767
f 769 788 753
f 769 753 751
f 788 790 770
f 788 770 753
f 790 771 772
f 790 772 770
f 771 793 757
f 771 757 772
f 793 773 775
f 793 775 757
f 773 774 759
f 773 759 775
f 774 776 777
f 774 777 759
f 778 795 760
f 778 760 776
f 795 779 762
f 795 762 760
f 779 796 763
f 779 763 762
f 796 780 781
f 796 781 763
f 780 782 783
f 780 783 781
f 782 800 785
f 782 785 783
f 800 784 766
f 800 766 785
f 784 786 768
f 784 768 766
f 786 787 769
f 786 769 768
f 787 804 788
f 787 788 769
f 804 789 790
f 804 790 788
f 789 791 771
f 789 771 790
f 791 806 793
f 791 793 771
f 806 792 773
f 806 773 793
f 792 794 774
f 792 774 773
f 794 778 776
f 794 776 774
f 807 812 795
f 807 795 778
f 812 811 779
f 812 779 795
f 811 813 796
f 811 796 779
f 813 815 780
f 813 780 796
f 815 797 782
f 815 782 780
f 797 798 800
f 797 800 782
f 798 799 784
f 798 784 800
f 799 801 786
f 799 786 784
f 801 802 787
f 801 787 786
f 802 822 804
f 802 804 787
f 822 803 789
f 822 789 804
f 803 823 791
f 803 791 789
f 823 824 806
f 823 806 791
f 824 805 792
f 824 792 806
f 805 826 794
f 805 794 792
f 826 807 778
f 826 778 794
f 808 809 812
f 808 812 807
f 809 810 811
f 809 811 812
f 810 831 813
f 810 813 811
f 831 814 815
f 831 815 813
f 814 816 797
f 814 797 815
f 816 817 798
f 816 798 797
f 817 818 799
f 817 799 798
f 818 819 801
f 818 801 799
f 819 820 802
f 819 802 801
f 820 821 822
f 820 822 802
f 821 835 803
f 821 803 822
f 835 837 823
f 835 823 803
f 837 836 824
f 837 824 823
f 836 838 805
f 836 805 824
f 838 825 826
f 838 826 805
f 825 808 807
f 825 807 826
f 839 827 809
f 839 809 808
f 827 828 810
f 827 810 809
f 828 829 831
f 828 831 810
f 829 830 814
f 829 814 831
f 830 843 816
f 830 816 814
f 843 845 817
f 843 817 816
f 845 832 818
f 845 818 817
f 832 833 819
f 832 819 818
f 833 848 820
f 833 820 819
f 848 834 821
f 848 821 820
f 834 851 835
f 834 835 821
f 851 850 837
f 851 837 835
f 850 854 836
f 850 836 837
f 854 853 838
f 854 838 836
f 853 855 825
f 853 825 838
f 855 839 808
f 855 808 825
f 840 841 827
f 840 827 839
f 841 857 828
f 841 828 827
f 857 856 829
f 857 829 828
f 856 858 830
f 856 830 829
f 858 860 843
f 858 843 830
f 860 842 845
f 860 845 843
f 842 844 832
f 842 832 845
f 844 846 833
f 844 833 832
f 846 847 848
f 846 848 833
f 847 865 834
f 847 834 848
f 865 866 851
f 865 851 834
f 866 849 850
f 866 850 851
f 849 868 854
f 849 854 850
f 868 852 853
f 868 853 854
f 852 871 855
f 852 855 853
f 871 840 839
f 871 839 855
f 873 874 841
f 873 841 840
f 874 876 857
f 874 857 841
f 876 875 856
f 876 856 857
f 875 859 858
f 875 858 856
f 859 877 860
f 859 860 858
f 877 861 842
f 877 842 860
f 861 862 844
f 861 844 842
f 862 881 846
f 862 846 844
f 881 863 847
f 881 847 846
f 863 864 865
f 863 865 847
f 864 882 866
f 864 866 865
f 882 884 849
f 882 849 866
f 884 867 868
f 884 868 849
f 867 869 852
f 867 852 868
f 869 870 871
f 869 871 852
f 870 873 840
f 870 840 871
f 872 887 874
f 872 874 873
f 887 889 876
f 887 876 874
f 889 892 875
f 889 875 876
f 892 891 859
f 892 859 875
f 891 893 877
f 891 877 859
f 893 878 861
f 893 861 877
f 878 879 862
f 878 862 861
f 879 880 881
f 879 881 862
f 880 897 863
f 880 863 881
f 897 900 864
f 897 864 863
f 900 901 882
f 900 882 864
f 901 883 884
f 901 884 882
f 883 885 867
f 883 867 884
f 885 903 869
f 885 869 867
f 903 902 870
f 903 870 869
f 902 872 873
f 902 873 870
f 886 3840 887
f 886 887 872
f 3840 888 889
f 3840 889 887
f 888 890 892
f 888 892 889
f 890 905 891
f 890 891 892
f 905 907 893
f 905 893 891
f 907 894 878
f 907 878 893
f 894 895 879
f 894 879 878
f 895 896 880
f 895 880 879
f 896 3847 897
f 896 897 880
f 3847 898 900
f 3847 900 897
f 898 899 901
f 898 901 900
f 899 910 883
f 899 883 901
f 910 912 885
f 910 885 883
f 912 3911 903
f 912 903 885
f 3911 3910 902
f 3911 902 903
f 3910 886 872
f 3910 872 902
f 904 300 905
f 904 905 890
f 300 906 907
f 300 907 905
f 906 3844 894
f 906 894 907
f 908 909 910
f 908 910 899
f 909 341 912
f 909 912 910
f 341 911 3911
f 341 3911 912
f 913 918 284
f 913 284 3889
f 918 919 338
f 918 338 284
f 922 914 302
f 922 302 282
f 914 259 3856
f 914 3856 302
f 924 926 917
f 924 917 915
f 926 916 913
f 926 913 917
f 916 927 918
f 916 918 913
f 927 928 919
f 927 919 918
f 928 931 305
f 928 305 919
f 931 3915 3917
f 931 3917 305
f 3869 921 920
f 3869 920 258
f 921 934 922
f 921 922 920
f 934 936 914
f 934 914 922
f 936 938 259
f 936 259 914
f 938 937 3861
f 938 3861 259
f 937 923 3862
f 937 3862 3861
f 923 924 915
f 923 915 3862
f 942 941 926
f 942 926 924
f 941 925 916
f 941 916 926
f 925 944 927
f 925 927 916
f 944 929 928
f 944 928 927
f 929 930 931
f 929 931 928
f 930 946 3915
f 930 3915 931
f 946 932 933
f 946 933 3915
f 932 948 3921
f 932 3921 933
f 948 950 3869
f 948 3869 3921
f 950 949 921
f 950 921 3869
f 949 952 934
f 949 934 921
f 952 935 936
f 952 936 934
f 935 954 938
f 935 938 936
f 954 956 937
f 954 937 938
f 956 939 923
f 956 923 937
f 939 942 924
f 939 924 923
f 940 958 941
f 940 941 942
f 958 943 925
f 958 925 941
f 943 962 944
f 943 944 925
f 962 961 929
f 962 929 944
f 961 963 930
f 961 930 929
f 963 945 946
f 963 946 930
f 945 947 932
f 945 932 946
f 947 965 948
f 947 948 932
f 965 966 950
f 965 950 948
f 966 951 949
f 966 949 950
f 951 969 952
f 951 952 949
f 969 968 935
f 969 935 952
f 968 953 954
f 968 954 935
f 953 955 956
f 953 956 954
f 955 973 939
f 955 939 956
f 973 940 942
f 973 942 939
f 988 957 958
f 988 958 940
f 957 959 943
f 957 943 958
f 959 960 962
f 959 962 943
f 960 978 961
f 960 961 962
f 978 977 963
f 978 963 961
f 977 980 945
f 977 945 963
f 980 982 947
f 980 947 945
f 982 964 965
f 982 965 947
f 964 983 966
f 964 966 965
f 983 986 951
f 983 951 966
f 986 967 969
f 986 969 951
f 967 970 968
f 967 968 969
f 970 971 953
f 970 953 968
f 971 972 955
f 971 955 953
f 972 989 973
f 972 973 955
f 989 988 940
f 989 940 973
f 1003 974 957
f 1003 957 988
f 974 975 959
f 974 959 957
f 975 991 960
f 975 960 959
f 991 992 978
f 991 978 960
f 992 976 977
f 992 977 978
f 976 979 980
f 976 980 977
f 979 981 982
f 979 982 980
f 981 995 964
f 981 964 982
f 995 997 983
f 995 983 964
f 997 984 986
f 997 986 983
f 984 985 967
f 984 967 986
f 985 1000 970
f 985 970 967
f 1000 1001 971
f 1000 971 970
f 1001 987 972
f 1001 972 971
f 987 1004 989
f 987 989 972
f 1004 1003 988
f 1004 988 989
f 1002 1005 974
f 1002 974 1003
f 1005 990 975
f 1005 975 974
f 990 1007 991
f 990 991 975
f 1007 1008 992
f 1007 992 991
f 1008 1009 976
f 1008 976 992
f 1009 993 979
f 1009 979 976
f 993 994 981
f 993 981 979
f 994 3872 995
f 994 995 981
f 3872 996 997
f 3872 997 995
f 996 308 984
f 996 984 997
f 308 998 985
f 308 985 984
f 998 999 1000
f 998 1000 985
f 999 1012 1001
f 999 1001 1000
f 1012 1016 987
f 1012 987 1001
f 1016 1015 1004
f 1016 1004 987
f 1015 1002 1003
f 1015 1003 1004
f 1025 1018 1005
f 1025 1005 1002
f 1018 1006 990
f 1018 990 1005
f 1006 1019 1007
f 1006 1007 990
f 1019 1020 1008
f 1019 1008 1007
f 1020 1022 1009
f 1020 1009 1008
f 1022 1021 993
f 1022 993 1009
f 1021 3870 994
f 1021 994 993
f 1010 1011 998
f 1010 998 308
f 1011 1023 999
f 1011 999 998
f 1023 1013 1012
f 1023 1012 999
f 1013 1014 1016
f 1013 1016 1012
f 1014 1017 1015
f 1014 1015 1016
f 1017 1025 1002
f 1017 1002 1015
f 313 3878 1006
f 313 1006 1018
f 3878 3877 1019
f 3878 1019 1006
f 3877 3879 1020
f 3877 1020 1019
f 3879 3880 1022
f 3879 1022 1020
f 3880 310 1021
f 3880 1021 1022
f 329 3883 1023
f 329 1023 1011
f 3883 3928 1013
f 3883 1013 1023
f 3928 3927 1014
f 3928 1014 1013
f 3927 1024 1017
f 3927 1017 1014
f 1024 266 1025
f 1024 1025 1017
f 1026 1036 3725
f 1026 3725 3740
f 1036 1027 3728
f 1036 3728 3725
f 1027 1028 3731
f 1027 3731 3728
f 1028 1029 1031
f 1028 1031 3731
f 1029 1030 3732
f 1029 3732 1031
f 1043 1042 3807
f 1043 3807 1032
f 1042 1033 209
f 1042 209 3807
f 1033 1034 3734
f 1033 3734 209
f 1034 1046 3735
f 1034 3735 3734
f 1046 1047 3738
f 1046 3738 3735
f 1061 1048 1036
f 1061 1036 1026
f 1048 1035 1027
f 1048 1027 1036
f 1035 1050 1028
f 1035 1028 1027
f 1050 1049 1029
f 1050 1029 1028
f 1049 1037 1030
f 1049 1030 1029
f 1037 1039 1038
f 1037 1038 1030
f 1039 212 3743
f 1039 3743 1038
f 1053 1055 180
f 1053 180 1040
f 1055 1041 1043
f 1055 1043 180
f 1041 1056 1042
f 1041 1042 1043
f 1056 1044 1033
f 1056 1033 1042
f 1044 1045 1034
f 1044 1034 1033
f 1045 1058 1046
f 1045 1046 1034
f 1058 1062 1047
f 1058 1047 1046
f 1062 1061 1026
f 1062 1026 1047
f 1060 1063 1048
f 1060 1048 1061
f 1063 1066 1035
f 1063 1035 1048
f 1066 1068 1050
f 1066 1050 1035
f 1068 1071 1049
f 1068 1049 1050
f 1071 1070 1037
f 1071 1037 1049
f 1070 1051 1039
f 1070 1039 1037
f 1051 1052 212
f 1051 212 1039
f 1052 1076 1053
f 1052 1053 212
f 1076 1075 1055
f 1076 1055 1053
f 1075 1054 1041
f 1075 1041 1055
f 1054 1079 1056
f 1054 1056 1041
f 1079 1082 1044
f 1079 1044 1056
f 1082 1057 1045
f 1082 1045 1044
f 1057 1084 1058
f 1057 1058 1045
f 1084 1059 1062
f 1084 1062 1058
f 1059 1060 1061
f 1059 1061 1062
f 1085 1064 1063
f 1085 1063 1060
f 1064 1065 1066
f 1064 1066 1063
f 1065 1086 1068
f 1065 1068 1066
f 1086 1067 1071
f 1086 1071 1068
f 1067 1069 1070
f 1067 1070 1071
f 1069 1072 1051
f 1069 1051 1070
f 1072 1073 1052
f 1072 1052 1051
f 1073 1074 1076
f 1073 1076 1052
f 1074 1089 1075
f 1074 1075 1076
f 1089 1077 1054
f 1089 1054 1075
f 1077 1078 1079
f 1077 1079 1054
f 1078 1080 1082
f 1078 1082 1079
f 1080 1081 1057
f 1080 1057 1082
f 1081 1083 1084
f 1081 1084 1057
f 1083 1093 1059
f 1083 1059 1084
f 1093 1085 1060
f 1093 1060 1059
f 1092 1096 1064
f 1092 1064 1085
f 1096 1099 1065
f 1096 1065 1064
f 1099 1087 1086
f 1099 1086 1065
f 1087 1088 1067
f 1087 1067 1086
f 1088 1100 1069
f 1088 1069 1067
f 1100 1103 1072
f 1100 1072 1069
f 1103 1104 1073
f 1103 1073 1072
f 1104 1106 1074
f 1104 1074 1073
f 1106 1108 1089
f 1106 1089 1074
f 1108 1110 1077
f 1108 1077 1089
f 1110 1090 1078
f 1110 1078 1077
f 1090 1112 1080
f 1090 1080 1078
f 1112 1091 1081
f 1112 1081 1080
f 1091 1114 1083
f 1091 1083 1081
f 1114 1117 1093
f 1114 1093 1083
f 1117 1092 1085
f 1117 1085 1093
f 1094 1095 1096
f 1094 1096 1092
f 1095 1097 1099
f 1095 1099 1096
f 1097 1098 1087
f 1097 1087 1099
f 1098 1118 1088
f 1098 1088 1087
f 1118 1101 1100
f 1118 1100 1088
f 1101 1102 1103
f 1101 1103 1100
f 1102 1105 1104
f 1102 1104 1103
f 1105 1107 1106
f 1105 1106 1104
f 1107 1109 1108
f 1107 1108 1106
f 1109 1126 1110
f 1109 1110 1108
f 1126 1111 1090
f 1126 1090 1110
f 1111 1128 1112
f 1111 1112 1090
f 1128 1113 1091
f 1128 1091 1112
f 1113 1115 1114
f 1113 1114 1091
f 1115 1116 1117
f 1115 1117 1114
f 1116 1094 1092
f 1116 1092 1117
f 1131 1135 1095
f 1131 1095 1094
f 1135 1134 1097
f 1135 1097 1095
f 1134 1138 1098
f 1134 1098 1097
f 1138 1119 1118
f 1138 1118 1098
f 1119 1120 1101
f 1119 1101 1118
f 1120 1121 1102
f 1120 1102 1101
f 1121 3809 1105
f 1121 1105 1102
f 3809 1122 1107
f 3809 1107 1105
f 1122 1123 1109
f 1122 1109 1107
f 1123 1124 1126
f 1123 1126 1109
f 1124 1125 1111
f 1124 1111 1126
f 1125 1127 1128
f 1125 1128 1111
f 1127 1129 1113
f 1127 1113 1128
f 1129 1141 1115
f 1129 1115 1113
f 1141 1130 1116
f 1141 1116 1115
f 1130 1131 1094
f 1130 1094 1116
f 1132 1133 1135
f 1132 1135 1131
f 1133 3744 1134
f 1133 1134 1135
f 3744 1136 1138
f 3744 1138 1134
f 1136 1137 1119
f 1136 1119 1138
f 1137 1139 1120
f 1137 1120 1119
f 1139 221 1121
f 1139 1121 1120
f 221 195 3809
f 221 3809 1121
f 218 183 1125
f 218 1125 1124
f 183 1144 1127
f 183 1127 1125
f 1144 1145 1129
f 1144 1129 1127
f 1145 1140 1141
f 1145 1141 1129
f 1140 3750 1130
f 1140 1130 1141
f 3750 1132 1131
f 3750 1131 1130
f 1142 1143 1137
f 1142 1137 1136
f 1143 182 1139
f 1143 1139 1137
f 223 3761 1145
f 223 1145 1144
f 3761 3751 1140
f 3761 1140 1145
f 3902 270 241
f 3902 241 3766
f 270 1146 1147
f 270 1147 241
f 1146 186 3758
f 1146 3758 1147
f 3930 1148 3759
f 3930 3759 3775
f 1148 1149 3760
f 1148 3760 3759
f 1149 1150 1151
f 1149 1151 3760
f 318 1152 1146
f 318 1146 270
f 1152 262 186
f 1152 186 1146
f 262 3923 3925
f 262 3925 186
f 337 1153 1149
f 337 1149 1148
f 1153 277 1150
f 1153 1150 1149
f 277 296 188
f 277 188 1150
f 1159 1160 1154
f 1159 1154 1155
f 1160 1162 3931
f 1160 3931 1154
f 3882 1166 314
f 3882 314 3881
f 1166 3836 334
f 1166 334 314
f 1170 1156 1158
f 1170 1158 3832
f 1156 1157 1159
f 1156 1159 1158
f 1157 1172 1160
f 1157 1160 1159
f 1172 1161 1162
f 1172 1162 1160
f 1161 1174 321
f 1161 321 1162
f 1174 3874 3933
f 1174 3933 321
f 1178 1163 261
f 1178 261 3875
f 1163 1164 3882
f 1163 3882 261
f 1164 1165 1166
f 1164 1166 3882
f 1165 1182 3836
f 1165 3836 1166
f 1182 1183 3837
f 1182 3837 3836
f 1183 1167 1168
f 1183 1168 3837
f 1167 1170 3832
f 1167 3832 1168
f 1197 1169 1156
f 1197 1156 1170
f 1169 1185 1157
f 1169 1157 1156
f 1185 1171 1172
f 1185 1172 1157
f 1171 1186 1161
f 1171 1161 1172
f 1186 1173 1174
f 1186 1174 1161
f 1173 1175 3874
f 1173 3874 1174
f 1175 1191 1177
f 1175 1177 3874
f 1191 1190 1176
f 1191 1176 1177
f 1190 1179 1178
f 1190 1178 1176
f 1179 1180 1163
f 1179 1163 1178
f 1180 1181 1164
f 1180 1164 1163
f 1181 1192 1165
f 1181 1165 1164
f 1192 1193 1182
f 1192 1182 1165
f 1193 1196 1183
f 1193 1183 1182
f 1196 1184 1167
f 1196 1167 1183
f 1184 1197 1170
f 1184 1170 1167
f 1198 1199 1169
f 1198 1169 1197
f 1199 1202 1185
f 1199 1185 1169
f 1202 1201 1171
f 1202 1171 1185
f 1201 1205 1186
f 1201 1186 1171
f 1205 1187 1173
f 1205 1173 1186
f 1187 1188 1175
f 1187 1175 1173
f 1188 1207 1191
f 1188 1191 1175
f 1207 1189 1190
f 1207 1190 1191
f 1189 1211 1179
f 1189 1179 1190
f 1211 1210 1180
f 1211 1180 1179
f 1210 1213 1181
f 1210 1181 1180
f 1213 1215 1192
f 1213 1192 1181
f 1215 1214 1193
f 1215 1193 1192
f 1214 1194 1196
f 1214 1196 1193
f 1194 1195 1184
f 1194 1184 1196
f 1195 1198 1197
f 1195 1197 1184
f 1233 1219 1199
f 1233 1199 1198
f 1219 1200 1202
f 1219 1202 1199
f 1200 1221 1201
f 1200 1201 1202
f 1221 1203 1205
f 1221 1205 1201
f 1203 1204 1187
f 1203 1187 1205
f 1204 1206 1188
f 1204 1188 1187
f 1206 1225 1207
f 1206 1207 1188
f 1225 1226 1189
f 1225 1189 1207
f 1226 1208 1211
f 1226 1211 1189
f 1208 1209 1210
f 1208 1210 1211
f 1209 1212 1213
f 1209 1213 1210
f 1212 1229 1215
f 1212 1215 1213
f 1229 1230 1214
f 1229 1214 1215
f 1230 1216 1194
f 1230 1194 1214
f 1216 1232 1195
f 1216 1195 1194
f 1232 1233 1198
f 1232 1198 1195
f 1217 1218 1219
f 1217 1219 1233
f 1218 1220 1200
f 1218 1200 1219
f 1220 1235 1221
f 1220 1221 1200
f 1235 1236 1203
f 1235 1203 1221
f 1236 1222 1204
f 1236 1204 1203
f 1222 1223 1206
f 1222 1206 1204
f 1223 1224 1225
f 1223 1225 1206
f 1224 1239 1226
f 1224 1226 1225
f 1239 1227 1208
f 1239 1208 1226
f 1227 1240 1209
f 1227 1209 1208
f 1240 1228 1212
f 1240 1212 1209
f 1228 1242 1229
f 1228 1229 1212
f 1242 1246 1230
f 1242 1230 1229
f 1246 1245 1216
f 1246 1216 1230
f 1245 1231 1232
f 1245 1232 1216
f 1231 1217 1233
f 1231 1233 1232
f 1234 1251 1218
f 1234 1218 1217
f 1251 1250 1220
f 1251 1220 1218
f 1250 1253 1235
f 1250 1235 1220
f 1253 1254 1236
f 1253 1236 1235
f 1254 1237 1222
f 1254 1222 1236
f 1237 1255 1223
f 1237 1223 1222
f 1255 1256 1224
f 1255 1224 1223
f 1256 3867 1239
f 1256 1239 1224
f 3867 1238 1227
f 3867 1227 1239
f 1238 1258 1240
f 1238 1240 1227
f 1258 1241 1228
f 1258 1228 1240
f 1241 1259 1242
f 1241 1242 1228
f 1259 1243 1246
f 1259 1246 1242
f 1243 1244 1245
f 1243 1245 1246
f 1244 1247 1231
f 1244 1231 1245
f 1247 1234 1217
f 1247 1217 1231
f 1261 1248 1251
f 1261 1251 1234
f 1248 1249 1250
f 1248 1250 1251
f 1249 1252 1253
f 1249 1253 1250
f 1252 1264 1254
f 1252 1254 1253
f 1264 1267 1237
f 1264 1237 1254
f 1267 1266 1255
f 1267 1255 1237
f 1266 3920 1256
f 1266 1256 1255
f 3859 1257 1241
f 3859 1241 1258
f 1257 1270 1259
f 1257 1259 1241
f 1270 1260 1243
f 1270 1243 1259
f 1260 1271 1244
f 1260 1244 1243
f 1271 1273 1247
f 1271 1247 1244
f 1273 1261 1234
f 1273 1234 1247
f 322 1262 1249
f 322 1249 1248
f 1262 1263 1252
f 1262 1252 1249
f 1263 3852 1264
f 1263 1264 1252
f 3852 1265 1267
f 3852 1267 1264
f 1265 306 1266
f 1265 1266 1267
f 1268 3854 1270
f 1268 1270 1257
f 3854 1269 1260
f 3854 1260 1270
f 1269 327 1271
f 1269 1271 1260
f 327 325 1273
f 327 1273 1271
f 325 1272 1261
f 325 1261 1273
f 3909 1276 281
f 3909 281 3850
f 1281 3932 343
f 1281 343 3857
f 1287 1289 3886
f 1287 3886 3838
f 1289 1290 3843
f 1289 3843 3886
f 1290 1274 3909
f 1290 3909 3843
f 1274 1275 1276
f 1274 1276 3909
f 1275 1292 3891
f 1275 3891 1276
f 1292 1295 304
f 1292 304 3891
f 1295 1277 1278
f 1295 1278 304
f 1277 1296 3864
f 1277 3864 1278
f 1296 1300 3860
f 1296 3860 3864
f 1300 1279 1280
f 1300 1280 3860
f 1279 1301 1281
f 1279 1281 1280
f 1301 1302 3932
f 1301 3932 1281
f 1302 1303 1283
f 1302 1283 3932
f 1303 1282 1286
f 1303 1286 1283
f 1282 1284 1285
f 1282 1285 1286
f 1284 1287 3838
f 1284 3838 1285
f 1322 1306 1289
f 1322 1289 1287
f 1306 1288 1290
f 1306 1290 1289
f 1288 1308 1274
f 1288 1274 1290
f 1308 1307 1275
f 1308 1275 1274
f 1307 1291 1292
f 1307 1292 1275
f 1291 1293 1295
f 1291 1295 1292
f 1293 1294 1277
f 1293 1277 1295
f 1294 1297 1296
f 1294 1296 1277
f 1297 1298 1300
f 1297 1300 1296
f 1298 1299 1279
f 1298 1279 1300
f 1299 1318 1301
f 1299 1301 1279
f 1318 1317 1302
f 1318 1302 1301
f 1317 1320 1303
f 1317 1303 1302
f 1320 1319 1282
f 1320 1282 1303
f 1319 1304 1284
f 1319 1284 1282
f 1304 1322 1287
f 1304 1287 1284
f 1323 1325 1306
f 1323 1306 1322
f 1325 1305 1288
f 1325 1288 1306
f 1305 1327 1308
f 1305 1308 1288
f 1327 1309 1307
f 1327 1307 1308
f 1309 1310 1291
f 1309 1291 1307
f 1310 1328 1293
f 1310 1293 1291
f 1328 1311 1294
f 1328 1294 1293
f 1311 1312 1297
f 1311 1297 1294
f 1312 1313 1298
f 1312 1298 1297
f 1313 1314 1299
f 1313 1299 1298
f 1314 1315 1318
f 1314 1318 1299
f 1315 1316 1317
f 1315 1317 1318
f 1316 1332 1320
f 1316 1320 1317
f 1332 1321 1319
f 1332 1319 1320
f 1321 1334 1304
f 1321 1304 1319
f 1334 1323 1322
f 1334 1322 1304
f 1355 1324 1325
f 1355 1325 1323
f 1324 1326 1305
f 1324 1305 1325
f 1326 1337 1327
f 1326 1327 1305
f 1337 1338 1309
f 1337 1309 1327
f 1338 1341 1310
f 1338 1310 1309
f 1341 1343 1328
f 1341 1328 1310
f 1343 1345 1311
f 1343 1311 1328
f 1345 1344 1312
f 1345 1312 1311
f 1344 1347 1313
f 1344 1313 1312
f 1347 1348 1314
f 1347 1314 1313
f 1348 1350 1315
f 1348 1315 1314
f 1350 1329 1316
f 1350 1316 1315
f 1329 1330 1332
f 1329 1332 1316
f 1330 1331 1321
f 1330 1321 1332
f 1331 1333 1334
f 1331 1334 1321
f 1333 1355 1323
f 1333 1323 1334
f 1354 1335 1324
f 1354 1324 1355
f 1335 1336 1326
f 1335 1326 1324
f 1336 1357 1337
f 1336 1337 1326
f 1357 1339 1338
f 1357 1338 1337
f 1339 1340 1341
f 1339 1341 1338
f 1340 1342 1343
f 1340 1343 1341
f 1342 1359 1345
f 1342 1345 1343
f 1359 1346 1344
f 1359 1344 1345
f 1346 1360 1347
f 1346 1347 1344
f 1360 1361 1348
f 1360 1348 1347
f 1361 1349 1350
f 1361 1350 1348
f 1349 1351 1329
f 1349 1329 1350
f 1351 1352 1330
f 1351 1330 1329
f 1352 1365 1331
f 1352 1331 1330
f 1365 1353 1333
f 1365 1333 1331
f 1353 1354 1355
f 1353 1355 1333
f 1368 1367 1335
f 1368 1335 1354
f 1367 1369 1336
f 1367 1336 1335
f 1369 1356 1357
f 1369 1357 1336
f 1356 1371 1339
f 1356 1339 1357
f 1371 1358 1340
f 1371 1340 1339
f 1358 1374 1342
f 1358 1342 1340
f 1374 1375 1359
f 1374 1359 1342
f 1375 1376 1346
f 1375 1346 1359
f 1376 1378 1360
f 1376 1360 1346
f 1378 1380 1361
f 1378 1361 1360
f 1380 1362 1349
f 1380 1349 1361
f 1362 1363 1351
f 1362 1351 1349
f 1363 1382 1352
f 1363 1352 1351
f 1382 1364 1365
f 1382 1365 1352
f 1364 1383 1353
f 1364 1353 1365
f 1383 1368 1354
f 1383 1354 1353
f 1402 1366 1367
f 1402 1367 1368
f 1366 1388 1369
f 1366 1369 1367
f 1388 1387 1356
f 1388 1356 1369
f 1387 1370 1371
f 1387 1371 1356
f 1370 1372 1358
f 1370 1358 1371
f 1372 1373 1374
f 1372 1374 1358
f 1373 1393 1375
f 1373 1375 1374
f 1393 1395 1376
f 1393 1376 1375
f 1395 1377 1378
f 1395 1378 1376
f 1377 1397 1380
f 1377 1380 1378
f 1397 1379 1362
f 1397 1362 1380
f 1379 1381 1363
f 1379 1363 1362
f 1381 1400 1382
f 1381 1382 1363
f 1400 1399 1364
f 1400 1364 1382
f 1399 1403 1383
f 1399 1383 1364
f 1403 1402 1368
f 1403 1368 1383
f 1384 1385 1366
f 1384 1366 1402
f 1385 1386 1388
f 1385 1388 1366
f 1386 1389 1387
f 1386 1387 1388
f 1389 1390 1370
f 1389 1370 1387
f 1390 1407 1372
f 1390 1372 1370
f 1407 1391 1373
f 1407 1373 1372
f 1391 1392 1393
f 1391 1393 1373
f 1392 1394 1395
f 1392 1395 1393
f 1394 1410 1377
f 1394 1377 1395
f 1410 1412 1397
f 1410 1397 1377
f 1412 1396 1379
f 1412 1379 1397
f 1396 1398 1381
f 1396 1381 1379
f 1398 1414 1400
f 1398 1400 1381
f 1414 1416 1399
f 1414 1399 1400
f 1416 1401 1403
f 1416 1403 1399
f 1401 1384 1402
f 1401 1402 1403
f 1417 1420 1385
f 1417 1385 1384
f 1420 1421 1386
f 1420 1386 1385
f 1421 1404 1389
f 1421 1389 1386
f 1404 1405 1390
f 1404 1390 1389
f 1405 1423 1407
f 1405 1407 1390
f 1423 1406 1391
f 1423 1391 1407
f 1406 1408 1392
f 1406 1392 1391
f 1408 1426 1394
f 1408 1394 1392
f 1426 1409 1410
f 1426 1410 1394
f 1409 1428 1412
f 1409 1412 1410
f 1428 1411 1396
f 1428 1396 1412
f 1411 1413 1398
f 1411 1398 1396
f 1413 1432 1414
f 1413 1414 1398
f 1432 1431 1416
f 1432 1416 1414
f 1431 1415 1401
f 1431 1401 1416
f 1415 1417 1384
f 1415 1384 1401
f 1418 1419 1420
f 1418 1420 1417
f 1419 1434 1421
f 1419 1421 1420
f 1434 1433 1404
f 1434 1404 1421
f 1433 1422 1405
f 1433 1405 1404
f 1422 1436 1423
f 1422 1423 1405
f 1436 1424 1406
f 1436 1406 1423
f 1424 1438 1408
f 1424 1408 1406
f 1438 1425 1426
f 1438 1426 1408
f 1425 1440 1409
f 1425 1409 1426
f 1440 1427 1428
f 1440 1428 1409
f 1427 1429 1411
f 1427 1411 1428
f 1429 1430 1413
f 1429 1413 1411
f 1430 1441 1432
f 1430 1432 1413
f 1441 1444 1431
f 1441 1431 1432
f 1444 1446 1415
f 1444 1415 1431
f 1446 1418 1417
f 1446 1417 1415
f 1445 1448 1419
f 1445 1419 1418
f 1448 1450 1434
f 1448 1434 1419
f 1450 1451 1433
f 1450 1433 1434
f 1451 1454 1422
f 1451 1422 1433
f 1454 1453 1436
f 1454 1436 1422
f 1453 1435 1424
f 1453 1424 1436
f 1435 1437 1438
f 1435 1438 1424
f 1437 1439 1425
f 1437 1425 1438
f 1439 1457 1440
f 1439 1440 1425
f 1457 1458 1427
f 1457 1427 1440
f 1458 1460 1429
f 1458 1429 1427
f 1460 1459 1430
f 1460 1430 1429
f 1459 1462 1441
f 1459 1441 1430
f 1462 1442 1444
f 1462 1444 1441
f 1442 1443 1446
f 1442 1446 1444
f 1443 1445 1418
f 1443 1418 1446
f 1447 1466 1448
f 1447 1448 1445
f 1466 1449 1450
f 1466 1450 1448
f 1449 1469 1451
f 1449 1451 1450
f 1469 1468 1454
f 1469 1454 1451
f 1468 1452 1453
f 1468 1453 1454
f 1452 1455 1435
f 1452 1435 1453
f 1455 1456 1437
f 1455 1437 1435
f 1456 1472 1439
f 1456 1439 1437
f 1472 1471 1457
f 1472 1457 1439
f 1471 1475 1458
f 1471 1458 1457
f 1475 1474 1460
f 1475 1460 1458
f 1474 1461 1459
f 1474 1459 1460
f 1461 1477 1462
f 1461 1462 1459
f 1477 1463 1442
f 1477 1442 1462
f 1463 1464 1443
f 1463 1443 1442
f 1464 1447 1445
f 1464 1445 1443
f 1465 1480 1466
f 1465 1466 1447
f 1480 1482 1449
f 1480 1449 1466
f 1482 1467 1469
f 1482 1469 1449
f 1467 1470 1468
f 1467 1468 1469
f 1470 1484 1452
f 1470 1452 1468
f 1484 1485 1455
f 1484 1455 1452
f 1485 1486 1456
f 1485 1456 1455
f 1486 1487 1472
f 1486 1472 1456
f 1487 1490 1471
f 1487 1471 1472
f 1490 1473 1475
f 1490 1475 1471
f 1473 1492 1474
f 1473 1474 1475
f 1492 1493 1461
f 1492 1461 1474
f 1493 1476 1477
f 1493 1477 1461
f 1476 1478 1463
f 1476 1463 1477
f 1478 1495 1464
f 1478 1464 1463
f 1495 1465 1447
f 1495 1447 1464
f 1512 1479 1480
f 1512 1480 1465
f 1479 1481 1482
f 1479 1482 1480
f 1481 1499 1467
f 1481 1467 1482
f 1499 1483 1470
f 1499 1470 1467
f 1483 1501 1484
f 1483 1484 1470
f 1501 1504 1485
f 1501 1485 1484
f 1504 1503 1486
f 1504 1486 1485
f 1503 1488 1487
f 1503 1487 1486
f 1488 1506 1490
f 1488 1490 1487
f 1506 1489 1473
f 1506 1473 1490
f 1489 1491 1492
f 1489 1492 1473
f 1491 1508 1493
f 1491 1493 1492
f 1508 1509 1476
f 1508 1476 1493
f 1509 1510 1478
f 1509 1478 1476
f 1510 1494 1495
f 1510 1495 1478
f 1494 1512 1465
f 1494 1465 1495
f 1527 1496 1479
f 1527 1479 1512
f 1496 1497 1481
f 1496 1481 1479
f 1497 1498 1499
f 1497 1499 1481
f 1498 1500 1483
f 1498 1483 1499
f 1500 1518 1501
f 1500 1501 1483
f 1518 1517 1504
f 1518 1504 1501
f 1517 1502 1503
f 1517 1503 1504
f 1502 1520 1488
f 1502 1488 1503
f 1520 1505 1506
f 1520 1506 1488
f 1505 1522 1489
f 1505 1489 1506
f 1522 1507 1491
f 1522 1491 1489
f 1507 1524 1508
f 1507 1508 1491
f 1524 1523 1509
f 1524 1509 1508
f 1523 1526 1510
f 1523 1510 1509
f 1526 1511 1494
f 1526 1494 1510
f 1511 1527 1512
f 1511 1512 1494
f 1513 1514 1496
f 1513 1496 1527
f 1514 1531 1497
f 1514 1497 1496
f 1531 1515 1498
f 1531 1498 1497
f 1515 1532 1500
f 1515 1500 1498
f 1532 1516 1518
f 1532 1518 1500
f 1516 1534 1517
f 1516 1517 1518
f 1534 1535 1502
f 1534 1502 1517
f 1535 1519 1520
f 1535 1520 1502
f 1519 1521 1505
f 1519 1505 1520
f 1521 1538 1522
f 1521 1522 1505
f 1538 1537 1507
f 1538 1507 1522
f 1537 1541 1524
f 1537 1524 1507
f 1541 1525 1523
f 1541 1523 1524
f 1525 1543 1526
f 1525 1526 1523
f 1543 1544 1511
f 1543 1511 1526
f 1544 1513 1527
f 1544 1527 1511
f 1528 1529 1514
f 1528 1514 1513
f 1529 1530 1531
f 1529 1531 1514
f 1530 1546 1515
f 1530 1515 1531
f 1546 1547 1532
f 1546 1532 1515
f 1547 1533 1516
f 1547 1516 1532
f 1533 1548 1534
f 1533 1534 1516
f 1548 1550 1535
f 1548 1535 1534
f 1550 1552 1519
f 1550 1519 1535
f 1552 1554 1521
f 1552 1521 1519
f 1554 1536 1538
f 1554 1538 1521
f 1536 1539 1537
f 1536 1537 1538
f 1539 1540 1541
f 1539 1541 1537
f 1540 1557 1525
f 1540 1525 1541
f 1557 1542 1543
f 1557 1543 1525
f 1542 1558 1544
f 1542 1544 1543
f 1558 1528 1513
f 1558 1513 1544
f 1561 1545 1529
f 1561 1529 1528
f 1545 1562 1530
f 1545 1530 1529
f 1562 1565 1546
f 1562 1546 1530
f 1565 1567 1547
f 1565 1547 1546
f 1567 1568 1533
f 1567 1533 1547
f 1568 1570 1548
f 1568 1548 1533
f 1570 1569 1550
f 1570 1550 1548
f 1569 1549 1552
f 1569 1552 1550
f 1549 1551 1554
f 1549 1554 1552
f 1551 1553 1536
f 1551 1536 1554
f 1553 1555 1539
f 1553 1539 1536
f 1555 1576 1540
f 1555 1540 1539
f 1576 1556 1557
f 1576 1557 1540
f 1556 1579 1542
f 1556 1542 1557
f 1579 1580 1558
f 1579 1558 1542
f 1580 1561 1528
f 1580 1528 1558
f 1559 1560 1545
f 1559 1545 1561
f 1560 1563 1562
f 1560 1562 1545
f 1563 1564 1565
f 1563 1565 1562
f 1564 1566 1567
f 1564 1567 1565
f 1566 1583 1568
f 1566 1568 1567
f 1583 1584 1570
f 1583 1570 1568
f 1584 1585 1569
f 1584 1569 1570
f 1585 1571 1549
f 1585 1549 1569
f 1571 1572 1551
f 1571 1551 1549
f 1572 1573 1553
f 1572 1553 1551
f 1573 1574 1555
f 1573 1555 1553
f 1574 1575 1576
f 1574 1576 1555
f 1575 1577 1556
f 1575 1556 1576
f 1577 1578 1579
f 1577 1579 1556
f 1578 1591 1580
f 1578 1580 1579
f 1591 1559 1561
f 1591 1561 1580
f 1593 1596 1560
f 1593 1560 1559
f 1596 1595 1563
f 1596 1563 1560
f 1595 1581 1564
f 1595 1564 1563
f 1581 1582 1566
f 1581 1566 1564
f 1582 1599 1583
f 1582 1583 1566
f 1599 1601 1584
f 1599 1584 1583
f 1601 1603 1585
f 1601 1585 1584
f 1603 1602 1571
f 1603 1571 1585
f 1602 1586 1572
f 1602 1572 1571
f 1586 1587 1573
f 1586 1573 1572
f 1587 1588 1574
f 1587 1574 1573
f 1588 1589 1575
f 1588 1575 1574
f 1589 1606 1577
f 1589 1577 1575
f 1606 1590 1578
f 1606 1578 1577
f 1590 1607 1591
f 1590 1591 1578
f 1607 1593 1559
f 1607 1559 1591
f 1609 1592 1596
f 1609 1596 1593
f 1592 1594 1595
f 1592 1595 1596
f 1594 1597 1581
f 1594 1581 1595
f 1597 1598 1582
f 1597 1582 1581
f 1598 1600 1599
f 1598 1599 1582
f 1600 1610 1601
f 1600 1601 1599
f 1610 1611 1603
f 1610 1603 1601
f 1611 1612 1602
f 1611 1602 1603
f 1612 1614 1586
f 1612 1586 1602
f 1614 1604 1587
f 1614 1587 1586
f 1604 1617 1588
f 1604 1588 1587
f 1617 1605 1589
f 1617 1589 1588
f 1605 1618 1606
f 1605 1606 1589
f 1618 1621 1590
f 1618 1590 1606
f 1621 1620 1607
f 1621 1607 1590
f 1620 1609 1593
f 1620 1593 1607
f 1608 3821 1592
f 1608 1592 1609
f 3821 3780 1594
f 3821 1594 1592
f 3780 3782 1597
f 3780 1597 1594
f 3782 3781 1598
f 3782 1598 1597
f 3781 3785 1600
f 3781 1600 1598
f 3785 3784 1610
f 3785 1610 1600
f 3784 3789 1611
f 3784 1611 1610
f 3789 3788 1612
f 3789 1612 1611
f 3788 1613 1614
f 3788 1614 1612
f 1613 1615 1604
f 1613 1604 1614
f 1615 1616 1617
f 1615 1617 1604
f 1616 3796 1605
f 1616 1605 1617
f 3796 3797 1618
f 3796 1618 1605
f 3797 1619 1621
f 3797 1621 1618
f 1619 3799 1620
f 1619 1620 1621
f 3799 1608 1609
f 3799 1609 1620
f 3825 1622 3785
f 3825 3785 3781
f 3795 3800 3797
f 3795 3797 3796
f 1649 1632 1623
f 1649 1623 3
f 1632 1624 3531
f 1632 3531 1623
f 1624 1636 1625
f 1624 1625 3531
f 1636 1635 1626
f 1636 1626 1625
f 1635 1638 3535
f 1635 3535 1626
f 1640 1627 1628
f 1640 1628 25
f 1627 1642 1629
f 1627 1629 1628
f 1642 1644 1630
f 1642 1630 1629
f 1644 1643 1631
f 1644 1631 1630
f 1643 1646 3656
f 1643 3656 1631
f 1648 1652 1632
f 1648 1632 1649
f 1652 1633 1624
f 1652 1624 1632
f 1633 1655 1636
f 1633 1636 1624
f 1655 1634 1635
f 1655 1635 1636
f 1634 1637 1638
f 1634 1638 1635
f 1637 1657 104
f 1637 104 1638
f 1657 1658 3542
f 1657 3542 104
f 1639 1661 1641
f 1639 1641 6
f 1661 1660 1640
f 1661 1640 1641
f 1660 1662 1627
f 1660 1627 1640
f 1662 1665 1642
f 1662 1642 1627
f 1665 1664 1644
f 1665 1644 1642
f 1664 1645 1643
f 1664 1643 1644
f 1645 1647 1646
f 1645 1646 1643
f 1647 1648 1649
f 1647 1649 1646
f 1650 1651 1652
f 1650 1652 1648
f 1651 1653 1633
f 1651 1633 1652
f 1653 1670 1655
f 1653 1655 1633
f 1670 1654 1634
f 1670 1634 1655
f 1654 1656 1637
f 1654 1637 1634
f 1656 1673 1657
f 1656 1657 1637
f 1673 1672 1658
f 1673 1658 1657
f 1672 1659 1639
f 1672 1639 1658
f 1659 1676 1661
f 1659 1661 1639
f 1676 1678 1660
f 1676 1660 1661
f 1678 1679 1662
f 1678 1662 1660
f 1679 1680 1665
f 1679 1665 1662
f 1680 1663 1664
f 1680 1664 1665
f 1663 1666 1645
f 1663 1645 1664
f 1666 1683 1647
f 1666 1647 1645
f 1683 1650 1648
f 1683 1648 1647
f 1685 1667 1651
f 1685 1651 1650
f 1667 1668 1653
f 1667 1653 1651
f 1668 1669 1670
f 1668 1670 1653
f 1669 1688 1654
f 1669 1654 1670
f 1688 1671 1656
f 1688 1656 1654
f 1671 1690 1673
f 1671 1673 1656
f 1690 1693 1672
f 1690 1672 1673
f 1693 1674 1659
f 1693 1659 1672
f 1674 1675 1676
f 1674 1676 1659
f 1675 1677 1678
f 1675 1678 1676
f 1677 1696 1679
f 1677 1679 1678
f 1696 1698 1680
f 1696 1680 1679
f 1698 1697 1663
f 1698 1663 1680
f 1697 1681 1666
f 1697 1666 1663
f 1681 1682 1683
f 1681 1683 1666
f 1682 1685 1650
f 1682 1650 1683
f 1701 1684 1667
f 1701 1667 1685
f 1684 1686 1668
f 1684 1668 1667
f 1686 1687 1669
f 1686 1669 1668
f 1687 1705 1688
f 1687 1688 1669
f 1705 1707 1671
f 1705 1671 1688
f 1707 1689 1690
f 1707 1690 1671
f 1689 1691 1693
f 1689 1693 1690
f 1691 1692 1674
f 1691 1674 1693
f 1692 1694 1675
f 1692 1675 1674
f 1694 1695 1677
f 1694 1677 1675
f 1695 1709 1696
f 1695 1696 1677
f 1709 1711 1698
f 1709 1698 1696
f 1711 1710 1697
f 1711 1697 1698
f 1710 1699 1681
f 1710 1681 1697
f 1699 1700 1682
f 1699 1682 1681
f 1700 1701 1685
f 1700 1685 1682
f 1731 1702 1684
f 1731 1684 1701
f 1702 1703 1686
f 1702 1686 1684
f 1703 1718 1687
f 1703 1687 1686
f 1718 1717 1705
f 1718 1705 1687
f 1717 1704 1707
f 1717 1707 1705
f 1704 1706 1689
f 1704 1689 1707
f 1706 1708 1691
f 1706 1691 1689
f 1708 1721 1692
f 1708 1692 1691
f 1721 1723 1694
f 1721 1694 1692
f 1723 1725 1695
f 1723 1695 1694
f 1725 1724 1709
f 1725 1709 1695
f 1724 1726 1711
f 1724 1711 1709
f 1726 1729 1710
f 1726 1710 1711
f 1729 1712 1699
f 1729 1699 1710
f 1712 1713 1700
f 1712 1700 1699
f 1713 1731 1701
f 1713 1701 1700
f 1714 1715 1702
f 1714 1702 1731
f 1715 1733 1703
f 1715 1703 1702
f 1733 1716 1718
f 1733 1718 1703
f 1716 1734 1717
f 1716 1717 1718
f 1734 1719 1704
f 1734 1704 1717
f 1719 1737 1706
f 1719 1706 1704
f 1737 1720 1708
f 1737 1708 1706
f 1720 70 1721
f 1720 1721 1708
f 70 1722 1723
f 70 1723 1721
f 1722 3546 1725
f 1722 1725 1723
f 3546 1740 1724
f 3546 1724 1725
f 1740 1739 1726
f 1740 1726 1724
f 1739 1727 1729
f 1739 1729 1726
f 1727 1728 1712
f 1727 1712 1729
f 1728 1730 1713
f 1728 1713 1712
f 1730 1714 1731
f 1730 1731 1713
f 3673 3674 1715
f 3673 1715 1714
f 3674 1732 1733
f 3674 1733 1715
f 1732 3548 1716
f 1732 1716 1733
f 3548 1735 1734
f 3548 1734 1716
f 1735 1736 1719
f 1735 1719 1734
f 1736 1738 1737
f 1736 1737 1719
f 1738 10 1720
f 1738 1720 1737
f 107 11 1740
f 107 1740 3546
f 11 75 1739
f 11 1739 1740
f 75 1741 1727
f 75 1727 1739
f 1741 3551 1728
f 1741 1728 1727
f 3551 1742 1730
f 3551 1730 1728
f 1742 3673 1714
f 1742 1714 1730
f 1743 111 1735
f 1743 1735 3548
f 111 109 1736
f 111 1736 1735
f 114 110 1741
f 114 1741 75
f 110 1744 3551
f 110 3551 1741
f 3577 1745 1747
f 3577 1747 3566
f 1745 1746 1748
f 1745 1748 1747
f 1746 1755 3555
f 1746 3555 1748
f 1749 1750 37
f 1749 37 3574
f 1750 1751 1752
f 1750 1752 37
f 1751 38 3559
f 1751 3559 1752
f 1753 1754 1746
f 1753 1746 1745
f 1754 1756 1755
f 1754 1755 1746
f 1756 3658 1757
f 1756 1757 1755
f 80 1758 1751
f 80 1751 1750
f 1758 3690 38
f 1758 38 1751
f 3690 41 3681
f 3690 3681 38
f 3695 1759 124
f 3695 124 84
f 1759 1760 142
f 1759 142 124
f 1761 1769 156
f 1761 156 83
f 1769 16 123
f 1769 123 156
f 1772 1762 3694
f 1772 3694 3594
f 1762 1763 3695
f 1762 3695 3694
f 1763 1775 1759
f 1763 1759 3695
f 1775 1764 1760
f 1775 1760 1759
f 1764 1765 3698
f 1764 3698 1760
f 1765 1766 3700
f 1765 3700 3698
f 1767 1781 3598
f 1767 3598 1768
f 1781 1782 1761
f 1781 1761 3598
f 1782 1783 1769
f 1782 1769 1761
f 1783 1785 16
f 1783 16 1769
f 1785 1770 1771
f 1785 1771 16
f 1770 1786 3600
f 1770 3600 1771
f 1786 1772 3594
f 1786 3594 3600
f 1773 1788 1762
f 1773 1762 1772
f 1788 1774 1763
f 1788 1763 1762
f 1774 1791 1775
f 1774 1775 1763
f 1791 1776 1764
f 1791 1764 1775
f 1776 1777 1765
f 1776 1765 1764
f 1777 1795 1766
f 1777 1766 1765
f 1795 1797 1778
f 1795 1778 1766
f 1797 1796 3664
f 1797 3664 1778
f 1796 1779 1767
f 1796 1767 3664
f 1779 1780 1781
f 1779 1781 1767
f 1780 1801 1782
f 1780 1782 1781
f 1801 1802 1783
f 1801 1783 1782
f 1802 1784 1785
f 1802 1785 1783
f 1784 1805 1770
f 1784 1770 1785
f 1805 1787 1786
f 1805 1786 1770
f 1787 1773 1772
f 1787 1772 1786
f 1808 1809 1788
f 1808 1788 1773
f 1809 1789 1774
f 1809 1774 1788
f 1789 1790 1791
f 1789 1791 1774
f 1790 1792 1776
f 1790 1776 1791
f 1792 1793 1777
f 1792 1777 1776
f 1793 1794 1795
f 1793 1795 1777
f 1794 1813 1797
f 1794 1797 1795
f 1813 1798 1796
f 1813 1796 1797
f 1798 1799 1779
f 1798 1779 1796
f 1799 1816 1780
f 1799 1780 1779
f 1816 1800 1801
f 1816 1801 1780
f 1800 1819 1802
f 1800 1802 1801
f 1819 1818 1784
f 1819 1784 1802
f 1818 1803 1805
f 1818 1805 1784
f 1803 1804 1787
f 1803 1787 1805
f 1804 1808 1773
f 1804 1773 1787
f 1806 1807 1809
f 1806 1809 1808
f 1807 1824 1789
f 1807 1789 1809
f 1824 1823 1790
f 1824 1790 1789
f 1823 1810 1792
f 1823 1792 1790
f 1810 1825 1793
f 1810 1793 1792
f 1825 1811 1794
f 1825 1794 1793
f 1811 1812 1813
f 1811 1813 1794
f 1812 1814 1798
f 1812 1798 1813
f 1814 1830 1799
f 1814 1799 1798
f 1830 1815 1816
f 1830 1816 1799
f 1815 1831 1800
f 1815 1800 1816
f 1831 1817 1819
f 1831 1819 1800
f 1817 1834 1818
f 1817 1818 1819
f 1834 1835 1803
f 1834 1803 1818
f 1835 1820 1804
f 1835 1804 1803
f 1820 1806 1808
f 1820 1808 1804
f 1837 1821 1807
f 1837 1807 1806
f 1821 1838 1824
f 1821 1824 1807
f 1838 1822 1823
f 1838 1823 1824
f 1822 1842 1810
f 1822 1810 1823
f 1842 1841 1825
f 1842 1825 1810
f 1841 1844 1811
f 1841 1811 1825
f 1844 1826 1812
f 1844 1812 1811
f 1826 1827 1814
f 1826 1814 1812
f 1827 1828 1830
f 1827 1830 1814
f 1828 1829 1815
f 1828 1815 1830
f 1829 1848 1831
f 1829 1831 1815
f 1848 1849 1817
f 1848 1817 1831
f 1849 1832 1834
f 1849 1834 1817
f 1832 1833 1835
f 1832 1835 1834
f 1833 1836 1820
f 1833 1820 1835
f 1836 1837 1806
f 1836 1806 1820
f 1852 1853 1821
f 1852 1821 1837
f 1853 1839 1838
f 1853 1838 1821
f 1839 1857 1822
f 1839 1822 1838
f 1857 1859 1842
f 1857 1842 1822
f 1859 1840 1841
f 1859 1841 1842
f 1840 1843 1844
f 1840 1844 1841
f 1843 1845 1826
f 1843 1826 1844
f 1845 3704 1827
f 1845 1827 1826
f 3704 3703 1828
f 3704 1828 1827
f 3703 1846 1829
f 3703 1829 1828
f 1846 1863 1848
f 1846 1848 1829
f 1863 1847 1849
f 1863 1849 1848
f 1847 1850 1832
f 1847 1832 1849
f 1850 1864 1833
f 1850 1833 1832
f 1864 1851 1836
f 1864 1836 1833
f 1851 1852 1837
f 1851 1837 1836
f 3705 1854 1853
f 3705 1853 1852
f 1854 1855 1839
f 1854 1839 1853
f 1855 1856 1857
f 1855 1857 1839
f 1856 1858 1859
f 1856 1859 1857
f 1858 1868 1840
f 1858 1840 1859
f 1868 3706 1843
f 1868 1843 1840
f 3706 1860 1845
f 3706 1845 1843
f 1860 3603 3704
f 1860 3704 1845
f 1861 1862 1846
f 1861 1846 3703
f 1862 3610 1863
f 1862 1863 1846
f 3610 1869 1847
f 3610 1847 1863
f 1869 1872 1850
f 1869 1850 1847
f 1872 1873 1864
f 1872 1864 1850
f 1873 1865 1851
f 1873 1851 1864
f 1865 3705 1852
f 1865 1852 1851
f 1866 3613 1855
f 1866 1855 1854
f 3613 3612 1856
f 3613 1856 1855
f 3612 1867 1858
f 3612 1858 1856
f 1867 3616 1868
f 1867 1868 1858
f 3616 3665 3706
f 3616 3706 1868
f 3667 3619 1869
f 3667 1869 3610
f 3619 1870 1872
f 3619 1872 1869
f 1870 1871 1873
f 1870 1873 1872
f 1871 1874 1865
f 1871 1865 1873
f 1874 48 3705
f 1874 3705 1865
f 1882 1875 1876
f 1882 1876 1877
f 3635 1889 160
f 3635 160 151
f 1895 1878 1880
f 1895 1880 1894
f 1878 1881 1879
f 1878 1879 1880
f 1881 1897 1882
f 1881 1882 1879
f 1897 1900 1875
f 1897 1875 1882
f 1900 1883 3724
f 1900 3724 1875
f 1883 1902 3626
f 1883 3626 3724
f 1902 1904 1884
f 1902 1884 3626
f 1904 1903 3630
f 1904 3630 1884
f 1903 1886 1885
f 1903 1885 3630
f 1886 1906 3633
f 1886 3633 1885
f 1906 1887 3635
f 1906 3635 3633
f 1887 1908 1889
f 1887 1889 3635
f 1908 1910 1888
f 1908 1888 1889
f 1910 1890 1891
f 1910 1891 1888
f 1890 1892 1893
f 1890 1893 1891
f 1892 1895 1894
f 1892 1894 1893
f 1912 1914 1878
f 1912 1878 1895
f 1914 1896 1881
f 1914 1881 1878
f 1896 1916 1897
f 1896 1897 1881
f 1916 1898 1900
f 1916 1900 1897
f 1898 1899 1883
f 1898 1883 1900
f 1899 1901 1902
f 1899 1902 1883
f 1901 1918 1904
f 1901 1904 1902
f 1918 1919 1903
f 1918 1903 1904
f 1919 1922 1886
f 1919 1886 1903
f 1922 1905 1906
f 1922 1906 1886
f 1905 1907 1887
f 1905 1887 1906
f 1907 1924 1908
f 1907 1908 1887
f 1924 1909 1910
f 1924 1910 1908
f 1909 1926 1890
f 1909 1890 1910
f 1926 1911 1892
f 1926 1892 1890
f 1911 1912 1895
f 1911 1895 1892
f 1928 1913 1914
f 1928 1914 1912
f 1913 1929 1896
f 1913 1896 1914
f 1929 1930 1916
f 1929 1916 1896
f 1930 1915 1898
f 1930 1898 1916
f 1915 1917 1899
f 1915 1899 1898
f 1917 1934 1901
f 1917 1901 1899
f 1934 1933 1918
f 1934 1918 1901
f 1933 1937 1919
f 1933 1919 1918
f 1937 1920 1922
f 1937 1922 1919
f 1920 1921 1905
f 1920 1905 1922
f 1921 1923 1907
f 1921 1907 1905
f 1923 1939 1924
f 1923 1924 1907
f 1939 1941 1909
f 1939 1909 1924
f 1941 1925 1926
f 1941 1926 1909
f 1925 1943 1911
f 1925 1911 1926
f 1943 1928 1912
f 1943 1912 1911
f 1945 1927 1913
f 1945 1913 1928
f 1927 1948 1929
f 1927 1929 1913
f 1948 1947 1930
f 1948 1930 1929
f 1947 1931 1915
f 1947 1915 1930
f 1931 1932 1917
f 1931 1917 1915
f 1932 1950 1934
f 1932 1934 1917
f 1950 1935 1933
f 1950 1933 1934
f 1935 1936 1937
f 1935 1937 1933
f 1936 1953 1920
f 1936 1920 1937
f 1953 1955 1921
f 1953 1921 1920
f 1955 1938 1923
f 1955 1923 1921
f 1938 1957 1939
f 1938 1939 1923
f 1957 1940 1941
f 1957 1941 1939
f 1940 1959 1925
f 1940 1925 1941
f 1959 1942 1943
f 1959 1943 1925
f 1942 1945 1928
f 1942 1928 1943
f 1944 1963 1927
f 1944 1927 1945
f 1963 1946 1948
f 1963 1948 1927
f 1946 1964 1947
f 1946 1947 1948
f 1964 1949 1931
f 1964 1931 1947
f 1949 1966 1932
f 1949 1932 1931
f 1966 1967 1950
f 1966 1950 1932
f 1967 1970 1935
f 1967 1935 1950
f 1970 1951 1936
f 1970 1936 1935
f 1951 1971 1953
f 1951 1953 1936
f 1971 1952 1955
f 1971 1955 1953
f 1952 1954 1938
f 1952 1938 1955
f 1954 1956 1957
f 1954 1957 1938
f 1956 1958 1940
f 1956 1940 1957
f 1958 1974 1959
f 1958 1959 1940
f 1974 1960 1942
f 1974 1942 1959
f 1960 1944 1945
f 1960 1945 1942
f 1989 1961 1963
f 1989 1963 1944
f 1961 1962 1946
f 1961 1946 1963
f 1962 1977 1964
f 1962 1964 1946
f 1977 1978 1949
f 1977 1949 1964
f 1978 1965 1966
f 1978 1966 1949
f 1965 1979 1967
f 1965 1967 1966
f 1979 1968 1970
f 1979 1970 1967
f 1968 1969 1951
f 1968 1951 1970
f 1969 1981 1971
f 1969 1971 1951
f 1981 1983 1952
f 1981 1952 1971
f 1983 1985 1954
f 1983 1954 1952
f 1985 1984 1956
f 1985 1956 1954
f 1984 1972 1958
f 1984 1958 1956
f 1972 1973 1974
f 1972 1974 1958
f 1973 1987 1960
f 1973 1960 1974
f 1987 1989 1944
f 1987 1944 1960
f 1975 1991 1961
f 1975 1961 1989
f 1991 1993 1962
f 1991 1962 1961
f 1993 1992 1977
f 1993 1977 1962
f 1992 1976 1978
f 1992 1978 1977
f 1976 1995 1965
f 1976 1965 1978
f 1995 1997 1979
f 1995 1979 1965
f 1997 1999 1968
f 1997 1968 1979
f 1999 1980 1969
f 1999 1969 1968
f 1980 2001 1981
f 1980 1981 1969
f 2001 2002 1983
f 2001 1983 1981
f 2002 1982 1985
f 2002 1985 1983
f 1982 2003 1984
f 1982 1984 1985
f 2003 1986 1972
f 2003 1972 1984
f 1986 2007 1973
f 1986 1973 1972
f 2007 1988 1987
f 2007 1987 1973
f 1988 1975 1989
f 1988 1989 1987
f 1990 2011 1991
f 1990 1991 1975
f 2011 2010 1993
f 2011 1993 1991
f 2010 2012 1992
f 2010 1992 1993
f 2012 1994 1976
f 2012 1976 1992
f 1994 2015 1995
f 1994 1995 1976
f 2015 2014 1997
f 2015 1997 1995
f 2014 1996 1999
f 2014 1999 1997
f 1996 1998 1980
f 1996 1980 1999
f 1998 2000 2001
f 1998 2001 1980
f 2000 2018 2002
f 2000 2002 2001
f 2018 2020 1982
f 2018 1982 2002
f 2020 2004 2003
f 2020 2003 1982
f 2004 2005 1986
f 2004 1986 2003
f 2005 2006 2007
f 2005 2007 1986
f 2006 2008 1988
f 2006 1988 2007
f 2008 1990 1975
f 2008 1975 1988
f 2022 2024 2011
f 2022 2011 1990
f 2024 2009 2010
f 2024 2010 2011
f 2009 2026 2012
f 2009 2012 2010
f 2026 2027 1994
f 2026 1994 2012
f 2027 2029 2015
f 2027 2015 1994
f 2029 2013 2014
f 2029 2014 2015
f 2013 2031 1996
f 2013 1996 2014
f 2031 2016 1998
f 2031 1998 1996
f 2016 2017 2000
f 2016 2000 1998
f 2017 2035 2018
f 2017 2018 2000
f 2035 2019 2020
f 2035 2020 2018
f 2019 2037 2004
f 2019 2004 2020
f 2037 2039 2005
f 2037 2005 2004
f 2039 2040 2006
f 2039 2006 2005
f 2040 2021 2008
f 2040 2008 2006
f 2021 2022 1990
f 2021 1990 2008
f 2041 2023 2024
f 2041 2024 2022
f 2023 2043 2009
f 2023 2009 2024
f 2043 2025 2026
f 2043 2026 2009
f 2025 2044 2027
f 2025 2027 2026
f 2044 2028 2029
f 2044 2029 2027
f 2028 2046 2013
f 2028 2013 2029
f 2046 2030 2031
f 2046 2031 2013
f 2030 2049 2016
f 2030 2016 2031
f 2049 2032 2017
f 2049 2017 2016
f 2032 2033 2035
f 2032 2035 2017
f 2033 2034 2019
f 2033 2019 2035
f 2034 2036 2037
f 2034 2037 2019
f 2036 2038 2039
f 2036 2039 2037
f 2038 2052 2040
f 2038 2040 2039
f 2052 2055 2021
f 2052 2021 2040
f 2055 2041 2022
f 2055 2022 2021
f 2054 2056 2023
f 2054 2023 2041
f 2056 2042 2043
f 2056 2043 2023
f 2042 2058 2025
f 2042 2025 2043
f 2058 2059 2044
f 2058 2044 2025
f 2059 2045 2028
f 2059 2028 2044
f 2045 2061 2046
f 2045 2046 2028
f 2061 2060 2030
f 2061 2030 2046
f 2060 2047 2049
f 2060 2049 2030
f 2047 2048 2032
f 2047 2032 2049
f 2048 2064 2033
f 2048 2033 2032
f 2064 2050 2034
f 2064 2034 2033
f 2050 2065 2036
f 2050 2036 2034
f 2065 2051 2038
f 2065 2038 2036
f 2051 2067 2052
f 2051 2052 2038
f 2067 2053 2055
f 2067 2055 2052
f 2053 2054 2041
f 2053 2041 2055
f 2082 2068 2056
f 2082 2056 2054
f 2068 2057 2042
f 2068 2042 2056
f 2057 2069 2058
f 2057 2058 2042
f 2069 2070 2059
f 2069 2059 2058
f 2070 2072 2045
f 2070 2045 2059
f 2072 2073 2061
f 2072 2061 2045
f 2073 2074 2060
f 2073 2060 2061
f 2074 2075 2047
f 2074 2047 2060
f 2075 2078 2048
f 2075 2048 2047
f 2078 2062 2064
f 2078 2064 2048
f 2062 2063 2050
f 2062 2050 2064
f 2063 2079 2065
f 2063 2065 2050
f 2079 2080 2051
f 2079 2051 2065
f 2080 2066 2067
f 2080 2067 2051
f 2066 2081 2053
f 2066 2053 2067
f 2081 2082 2054
f 2081 2054 2053
f 2086 2085 2068
f 2086 2068 2082
f 2085 2088 2057
f 2085 2057 2068
f 2088 2087 2069
f 2088 2069 2057
f 2087 2090 2070
f 2087 2070 2069
f 2090 2091 2072
f 2090 2072 2070
f 2091 2071 2073
f 2091 2073 2072
f 2071 2095 2074
f 2071 2074 2073
f 2095 2096 2075
f 2095 2075 2074
f 2096 2076 2078
f 2096 2078 2075
f 2076 2077 2062
f 2076 2062 2078
f 2077 2101 2063
f 2077 2063 2062
f 2101 2100 2079
f 2101 2079 2063
f 2100 2103 2080
f 2100 2080 2079
f 2103 2104 2066
f 2103 2066 2080
f 2104 2105 2081
f 2104 2081 2066
f 2105 2086 2082
f 2105 2082 2081
f 2083 2084 2085
f 2083 2085 2086
f 2084 2108 2088
f 2084 2088 2085
f 2108 2109 2087
f 2108 2087 2088
f 2109 2089 2090
f 2109 2090 2087
f 2089 2092 2091
f 2089 2091 2090
f 2092 2093 2071
f 2092 2071 2091
f 2093 2094 2095
f 2093 2095 2071
f 2094 2113 2096
f 2094 2096 2095
f 2113 2097 2076
f 2113 2076 2096
f 2097 2114 2077
f 2097 2077 2076
f 2114 2098 2101
f 2114 2101 2077
f 2098 2099 2100
f 2098 2100 2101
f 2099 2102 2103
f 2099 2103 2100
f 2102 2118 2104
f 2102 2104 2103
f 2118 2120 2105
f 2118 2105 2104
f 2120 2083 2086
f 2120 2086 2105
f 2106 2107 2084
f 2106 2084 2083
f 2107 2122 2108
f 2107 2108 2084
f 2122 2124 2109
f 2122 2109 2108
f 2124 2126 2089
f 2124 2089 2109
f 2126 2125 2092
f 2126 2092 2089
f 2125 2110 2093
f 2125 2093 2092
f 2110 2111 2094
f 2110 2094 2093
f 2111 2112 2113
f 2111 2113 2094
f 2112 2132 2097
f 2112 2097 2113
f 2132 2134 2114
f 2132 2114 2097
f 2134 2133 2098
f 2134 2098 2114
f 2133 2115 2099
f 2133 2099 2098
f 2115 2116 2102
f 2115 2102 2099
f 2116 2117 2118
f 2116 2118 2102
f 2117 2119 2120
f 2117 2120 2118
f 2119 2106 2083
f 2119 2083 2120
f 2139 2121 2107
f 2139 2107 2106
f 2121 2123 2122
f 2121 2122 2107
f 2123 2140 2124
f 2123 2124 2122
f 2140 2142 2126
f 2140 2126 2124
f 2142 2143 2125
f 2142 2125 2126
f 2143 2127 2110
f 2143 2110 2125
f 2127 2128 2111
f 2127 2111 2110
f 2128 2129 2112
f 2128 2112 2111
f 2129 2130 2132
f 2129 2132 2112
f 2130 2131 2134
f 2130 2134 2132
f 2131 2135 2133
f 2131 2133 2134
f 2135 2136 2115
f 2135 2115 2133
f 2136 2147 2116
f 2136 2116 2115
f 2147 2137 2117
f 2147 2117 2116
f 2137 2138 2119
f 2137 2119 2117
f 2138 2139 2106
f 2138 2106 2119
f 2167 2151 2121
f 2167 2121 2139
f 2151 2152 2123
f 2151 2123 2121
f 2152 2154 2140
f 2152 2140 2123
f 2154 2141 2142
f 2154 2142 2140
f 2141 2155 2143
f 2141 2143 2142
f 2155 2157 2127
f 2155 2127 2143
f 2157 2144 2128
f 2157 2128 2127
f 2144 2145 2129
f 2144 2129 2128
f 2145 2161 2130
f 2145 2130 2129
f 2161 2160 2131
f 2161 2131 2130
f 2160 2162 2135
f 2160 2135 2131
f 2162 2164 2136
f 2162 2136 2135
f 2164 2146 2147
f 2164 2147 2136
f 2146 2148 2137
f 2146 2137 2147
f 2148 2168 2138
f 2148 2138 2137
f 2168 2167 2139
f 2168 2139 2138
f 2149 2150 2151
f 2149 2151 2167
f 2150 2153 2152
f 2150 2152 2151
f 2153 2170 2154
f 2153 2154 2152
f 2170 2172 2141
f 2170 2141 2154
f 2172 2174 2155
f 2172 2155 2141
f 2174 2156 2157
f 2174 2157 2155
f 2156 2175 2144
f 2156 2144 2157
f 2175 2177 2145
f 2175 2145 2144
f 2177 2158 2161
f 2177 2161 2145
f 2158 2159 2160
f 2158 2160 2161
f 2159 2180 2162
f 2159 2162 2160
f 2180 2163 2164
f 2180 2164 2162
f 2163 2182 2146
f 2163 2146 2164
f 2182 2165 2148
f 2182 2148 2146
f 2165 2166 2168
f 2165 2168 2148
f 2166 2149 2167
f 2166 2167 2168
f 2199 2183 2150
f 2199 2150 2149
f 2183 2169 2153
f 2183 2153 2150
f 2169 2171 2170
f 2169 2170 2153
f 2171 2186 2172
f 2171 2172 2170
f 2186 2188 2174
f 2186 2174 2172
f 2188 2173 2156
f 2188 2156 2174
f 2173 2176 2175
f 2173 2175 2156
f 2176 2191 2177
f 2176 2177 2175
f 2191 2193 2158
f 2191 2158 2177
f 2193 2178 2159
f 2193 2159 2158
f 2178 2194 2180
f 2178 2180 2159
f 2194 2179 2163
f 2194 2163 2180
f 2179 2181 2182
f 2179 2182 2163
f 2181 2198 2165
f 2181 2165 2182
f 2198 2200 2166
f 2198 2166 2165
f 2200 2199 2149
f 2200 2149 2166
f 2217 2202 2183
f 2217 2183 2199
f 2202 2184 2169
f 2202 2169 2183
f 2184 2185 2171
f 2184 2171 2169
f 2185 2187 2186
f 2185 2186 2171
f 2187 2189 2188
f 2187 2188 2186
f 2189 2207 2173
f 2189 2173 2188
f 2207 2190 2176
f 2207 2176 2173
f 2190 2208 2191
f 2190 2191 2176
f 2208 2192 2193
f 2208 2193 2191
f 2192 2210 2178
f 2192 2178 2193
f 2210 2212 2194
f 2210 2194 2178
f 2212 2195 2179
f 2212 2179 2194
f 2195 2196 2181
f 2195 2181 2179
f 2196 2197 2198
f 2196 2198 2181
f 2197 2218 2200
f 2197 2200 2198
f 2218 2217 2199
f 2218 2199 2200
f 2216 2201 2202
f 2216 2202 2217
f 2201 2203 2184
f 2201 2184 2202
f 2203 2204 2185
f 2203 2185 2184
f 2204 2205 2187
f 2204 2187 2185
f 2205 2221 2189
f 2205 2189 2187
f 2221 2223 2207
f 2221 2207 2189
f 2223 2206 2190
f 2223 2190 2207
f 2206 2209 2208
f 2206 2208 2190
f 2209 2226 2192
f 2209 2192 2208
f 2226 2211 2210
f 2226 2210 2192
f 2211 2228 2212
f 2211 2212 2210
f 2228 2230 2195
f 2228 2195 2212
f 2230 2213 2196
f 2230 2196 2195
f 2213 2214 2197
f 2213 2197 2196
f 2214 2215 2218
f 2214 2218 2197
f 2215 2216 2217
f 2215 2217 2218
f 2219 3714 2201
f 2219 2201 2216
f 3714 2220 2203
f 3714 2203 2201
f 2220 3640 2204
f 2220 2204 2203
f 3640 2233 2205
f 3640 2205 2204
f 2233 2222 2221
f 2233 2221 2205
f 2222 3642 2223
f 2222 2223 2221
f 3642 2224 2206
f 3642 2206 2223
f 2224 2225 2209
f 2224 2209 2206
f 2225 3646 2226
f 2225 2226 2209
f 3646 2227 2211
f 3646 2211 2226
f 2227 3651 2228
f 2227 2228 2211
f 3651 3650 2230
f 3651 2230 2228
f 3650 2229 2213
f 3650 2213 2230
f 2229 3652 2214
f 2229 2214 2213
f 3652 2231 2215
f 3652 2215 2214
f 2231 2219 2216
f 2231 2216 2215
f 131 2232 2222
f 131 2222 2233
f 133 2234 2229
f 133 2229 3650
f 2235 2241 2236
f 2235 2236 3588
f 2248 2237 2238
f 2248 2238 3591
f 2239 2253 3683
f 2239 3683 3688
f 2253 2255 2240
f 2253 2240 3683
f 2255 2257 2235
f 2255 2235 2240
f 2257 2256 2241
f 2257 2241 2235
f 2256 2242 3661
f 2256 3661 2241
f 2242 2243 3696
f 2242 3696 3661
f 2243 2244 3691
f 2243 3691 3696
f 2244 2245 3692
f 2244 3692 3691
f 2245 2260 3602
f 2245 3602 3692
f 2260 2246 2247
f 2260 2247 3602
f 2246 2261 2248
f 2246 2248 2247
f 2261 2249 2237
f 2261 2237 2248
f 2249 2263 154
f 2249 154 2237
f 2263 2250 3687
f 2263 3687 154
f 2250 2252 2251
f 2250 2251 3687
f 2252 2239 3688
f 2252 3688 2251
f 2265 2254 2253
f 2265 2253 2239
f 2254 2267 2255
f 2254 2255 2253
f 2267 2270 2257
f 2267 2257 2255
f 2270 2269 2256
f 2270 2256 2257
f 2269 2258 2242
f 2269 2242 2256
f 2258 2272 2243
f 2258 2243 2242
f 2272 2259 2244
f 2272 2244 2243
f 2259 2275 2245
f 2259 2245 2244
f 2275 2277 2260
f 2275 2260 2245
f 2277 2279 2246
f 2277 2246 2260
f 2279 2278 2261
f 2279 2261 2246
f 2278 2262 2249
f 2278 2249 2261
f 2262 2280 2263
f 2262 2263 2249
f 2280 2283 2250
f 2280 2250 2263
f 2283 2282 2252
f 2283 2252 2250
f 2282 2265 2239
f 2282 2239 2252
f 2284 2264 2254
f 2284 2254 2265
f 2264 2266 2267
f 2264 2267 2254
f 2266 2286 2270
f 2266 2270 2267
f 2286 2268 2269
f 2286 2269 2270
f 2268 2271 2258
f 2268 2258 2269
f 2271 2289 2272
f 2271 2272 2258
f 2289 2273 2259
f 2289 2259 2272
f 2273 2274 2275
f 2273 2275 2259
f 2274 2276 2277
f 2274 2277 2275
f 2276 2292 2279
f 2276 2279 2277
f 2292 2293 2278
f 2292 2278 2279
f 2293 2295 2262
f 2293 2262 2278
f 2295 2297 2280
f 2295 2280 2262
f 2297 2281 2283
f 2297 2283 2280
f 2281 2299 2282
f 2281 2282 2283
f 2299 2284 2265
f 2299 2265 2282
f 2316 2285 2264
f 2316 2264 2284
f 2285 2302 2266
f 2285 2266 2264
f 2302 2304 2286
f 2302 2286 2266
f 2304 2287 2268
f 2304 2268 2286
f 2287 2288 2271
f 2287 2271 2268
f 2288 2306 2289
f 2288 2289 2271
f 2306 2290 2273
f 2306 2273 2289
f 2290 2291 2274
f 2290 2274 2273
f 2291 2308 2276
f 2291 2276 2274
f 2308 2310 2292
f 2308 2292 2276
f 2310 2294 2293
f 2310 2293 2292
f 2294 2314 2295
f 2294 2295 2293
f 2314 2315 2297
f 2314 2297 2295
f 2315 2296 2281
f 2315 2281 2297
f 2296 2298 2299
f 2296 2299 2281
f 2298 2316 2284
f 2298 2284 2299
f 2330 2300 2285
f 2330 2285 2316
f 2300 2301 2302
f 2300 2302 2285
f 2301 2303 2304
f 2301 2304 2302
f 2303 2320 2287
f 2303 2287 2304
f 2320 2319 2288
f 2320 2288 2287
f 2319 2305 2306
f 2319 2306 2288
f 2305 2322 2290
f 2305 2290 2306
f 2322 2307 2291
f 2322 2291 2290
f 2307 2309 2308
f 2307 2308 2291
f 2309 2311 2310
f 2309 2310 2308
f 2311 2312 2294
f 2311 2294 2310
f 2312 2313 2314
f 2312 2314 2294
f 2313 2325 2315
f 2313 2315 2314
f 2325 2328 2296
f 2325 2296 2315
f 2328 2327 2298
f 2328 2298 2296
f 2327 2330 2316
f 2327 2316 2298
f 2329 2331 2300
f 2329 2300 2330
f 2331 2332 2301
f 2331 2301 2300
f 2332 2317 2303
f 2332 2303 2301
f 2317 2318 2320
f 2317 2320 2303
f 2318 2335 2319
f 2318 2319 2320
f 2335 2321 2305
f 2335 2305 2319
f 2321 2337 2322
f 2321 2322 2305
f 2337 2323 2307
f 2337 2307 2322
f 2323 2338 2309
f 2323 2309 2307
f 2338 2339 2311
f 2338 2311 2309
f 2339 2324 2312
f 2339 2312 2311
f 2324 2343 2313
f 2324 2313 2312
f 2343 2342 2325
f 2343 2325 2313
f 2342 2345 2328
f 2342 2328 2325
f 2345 2326 2327
f 2345 2327 2328
f 2326 2329 2330
f 2326 2330 2327
f 2348 2350 2331
f 2348 2331 2329
f 2350 2349 2332
f 2350 2332 2331
f 2349 2353 2317
f 2349 2317 2332
f 2353 2354 2318
f 2353 2318 2317
f 2354 2333 2335
f 2354 2335 2318
f 2333 2334 2321
f 2333 2321 2335
f 2334 2336 2337
f 2334 2337 2321
f 2336 2355 2323
f 2336 2323 2337
f 2355 2358 2338
f 2355 2338 2323
f 2358 2360 2339
f 2358 2339 2338
f 2360 2359 2324
f 2360 2324 2339
f 2359 2340 2343
f 2359 2343 2324
f 2340 2341 2342
f 2340 2342 2343
f 2341 2344 2345
f 2341 2345 2342
f 2344 2362 2326
f 2344 2326 2345
f 2362 2348 2329
f 2362 2329 2326
f 2346 2347 2350
f 2346 2350 2348
f 2347 2351 2349
f 2347 2349 2350
f 2351 2352 2353
f 2351 2353 2349
f 2352 2366 2354
f 2352 2354 2353
f 2366 2369 2333
f 2366 2333 2354
f 2369 2368 2334
f 2369 2334 2333
f 2368 2372 2336
f 2368 2336 2334
f 2372 2371 2355
f 2372 2355 2336
f 2371 2356 2358
f 2371 2358 2355
f 2356 2357 2360
f 2356 2360 2358
f 2357 2375 2359
f 2357 2359 2360
f 2375 2378 2340
f 2375 2340 2359
f 2378 2377 2341
f 2378 2341 2340
f 2377 2380 2344
f 2377 2344 2341
f 2380 2361 2362
f 2380 2362 2344
f 2361 2346 2348
f 2361 2348 2362
f 2383 2363 2347
f 2383 2347 2346
f 2363 2385 2351
f 2363 2351 2347
f 2385 2364 2352
f 2385 2352 2351
f 2364 2386 2366
f 2364 2366 2352
f 2386 2365 2369
f 2386 2369 2366
f 2365 2367 2368
f 2365 2368 2369
f 2367 2370 2372
f 2367 2372 2368
f 2370 2391 2371
f 2370 2371 2372
f 2391 2373 2356
f 2391 2356 2371
f 2373 2374 2357
f 2373 2357 2356
f 2374 2395 2375
f 2374 2375 2357
f 2395 2376 2378
f 2395 2378 2375
f 2376 2379 2377
f 2376 2377 2378
f 2379 2381 2380
f 2379 2380 2377
f 2381 2382 2361
f 2381 2361 2380
f 2382 2383 2346
f 2382 2346 2361
f 2400 2402 2363
f 2400 2363 2383
f 2402 2384 2385
f 2402 2385 2363
f 2384 2403 2364
f 2384 2364 2385
f 2403 2404 2386
f 2403 2386 2364
f 2404 2387 2365
f 2404 2365 2386
f 2387 2388 2367
f 2387 2367 2365
f 2388 2389 2370
f 2388 2370 2367
f 2389 2390 2391
f 2389 2391 2370
f 2390 2392 2373
f 2390 2373 2391
f 2392 2393 2374
f 2392 2374 2373
f 2393 2394 2395
f 2393 2395 2374
f 2394 2396 2376
f 2394 2376 2395
f 2396 2397 2379
f 2396 2379 2376
f 2397 2410 2381
f 2397 2381 2379
f 2410 2398 2382
f 2410 2382 2381
f 2398 2400 2383
f 2398 2383 2382
f 2412 2399 2402
f 2412 2402 2400
f 2399 2401 2384
f 2399 2384 2402
f 2401 2415 2403
f 2401 2403 2384
f 2415 2418 2404
f 2415 2404 2403
f 2418 2421 2387
f 2418 2387 2404
f 2421 2405 2388
f 2421 2388 2387
f 2405 2406 2389
f 2405 2389 2388
f 2406 2407 2390
f 2406 2390 2389
f 2407 2408 2392
f 2407 2392 2390
f 2408 2423 2393
f 2408 2393 2392
f 2423 2425 2394
f 2423 2394 2393
f 2425 2424 2396
f 2425 2396 2394
f 2424 2409 2397
f 2424 2397 2396
f 2409 2427 2410
f 2409 2410 2397
f 2427 2411 2398
f 2427 2398 2410
f 2411 2412 2400
f 2411 2400 2398
f 2413 2429 2399
f 2413 2399 2412
f 2429 2414 2401
f 2429 2401 2399
f 2414 2416 2415
f 2414 2415 2401
f 2416 2417 2418
f 2416 2418 2415
f 2417 2419 2421
f 2417 2421 2418
f 2419 2420 2405
f 2419 2405 2421
f 2420 2434 2406
f 2420 2406 2405
f 2434 2435 2407
f 2434 2407 2406
f 2435 2439 2408
f 2435 2408 2407
f 2439 2422 2423
f 2439 2423 2408
f 2422 2440 2425
f 2422 2425 2423
f 2440 2426 2424
f 2440 2424 2425
f 2426 2441 2409
f 2426 2409 2424
f 2441 2445 2427
f 2441 2427 2409
f 2445 2428 2411
f 2445 2411 2427
f 2428 2413 2412
f 2428 2412 2411
f 2454 2446 2429
f 2454 2429 2413
f 2446 2430 2414
f 2446 2414 2429
f 2430 2431 2416
f 2430 2416 2414
f 2431 2432 2417
f 2431 2417 2416
f 2432 2433 2419
f 2432 2419 2417
f 2433 2448 2420
f 2433 2420 2419
f 2448 2449 2434
f 2448 2434 2420
f 2449 2436 2435
f 2449 2435 2434
f 2436 2437 2439
f 2436 2439 2435
f 2437 2438 2422
f 2437 2422 2439
f 2438 2451 2440
f 2438 2440 2422
f 2451 2452 2426
f 2451 2426 2440
f 2452 2442 2441
f 2452 2441 2426
f 2442 2443 2445
f 2442 2445 2441
f 2443 2444 2428
f 2443 2428 2445
f 2444 2454 2413
f 2444 2413 2428
f 2476 2456 2446
f 2476 2446 2454
f 2456 2458 2430
f 2456 2430 2446
f 2458 2447 2431
f 2458 2431 2430
f 2447 2461 2432
f 2447 2432 2431
f 2461 2462 2433
f 2461 2433 2432
f 2462 2465 2448
f 2462 2448 2433
f 2465 2464 2449
f 2465 2449 2448
f 2464 2450 2436
f 2464 2436 2449
f 2450 2468 2437
f 2450 2437 2436
f 2468 2469 2438
f 2468 2438 2437
f 2469 2471 2451
f 2469 2451 2438
f 2471 2470 2452
f 2471 2452 2451
f 2470 2453 2442
f 2470 2442 2452
f 2453 2475 2443
f 2453 2443 2442
f 2475 2474 2444
f 2475 2444 2443
f 2474 2476 2454
f 2474 2454 2444
f 2478 2455 2456
f 2478 2456 2476
f 2455 2457 2458
f 2455 2458 2456
f 2457 2480 2447
f 2457 2447 2458
f 2480 2459 2461
f 2480 2461 2447
f 2459 2460 2462
f 2459 2462 2461
f 2460 2463 2465
f 2460 2465 2462
f 2463 2484 2464
f 2463 2464 2465
f 2484 2485 2450
f 2484 2450 2464
f 2485 2466 2468
f 2485 2468 2450
f 2466 2467 2469
f 2466 2469 2468
f 2467 2489 2471
f 2467 2471 2469
f 2489 2491 2470
f 2489 2470 2471
f 2491 2472 2453
f 2491 2453 2470
f 2472 2473 2475
f 2472 2475 2453
f 2473 2494 2474
f 2473 2474 2475
f 2494 2478 2476
f 2494 2476 2474
f 2493 2477 2455
f 2493 2455 2478
f 2477 2479 2457
f 2477 2457 2455
f 2479 2498 2480
f 2479 2480 2457
f 2498 2497 2459
f 2498 2459 2480
f 2497 2481 2460
f 2497 2460 2459
f 2481 2482 2463
f 2481 2463 2460
f 2482 2483 2484
f 2482 2484 2463
f 2483 2500 2485
f 2483 2485 2484
f 2500 2486 2466
f 2500 2466 2485
f 2486 2487 2467
f 2486 2467 2466
f 2487 2488 2489
f 2487 2489 2467
f 2488 2490 2491
f 2488 2491 2489
f 2490 2504 2472
f 2490 2472 2491
f 2504 2506 2473
f 2504 2473 2472
f 2506 2492 2494
f 2506 2494 2473
f 2492 2493 2478
f 2492 2478 2494
f 2521 2507 2477
f 2521 2477 2493
f 2507 2495 2479
f 2507 2479 2477
f 2495 2496 2498
f 2495 2498 2479
f 2496 2509 2497
f 2496 2497 2498
f 2509 2499 2481
f 2509 2481 2497
f 2499 2513 2482
f 2499 2482 2481
f 2513 2512 2483
f 2513 2483 2482
f 2512 2514 2500
f 2512 2500 2483
f 2514 2501 2486
f 2514 2486 2500
f 2501 2517 2487
f 2501 2487 2486
f 2517 2502 2488
f 2517 2488 2487
f 2502 2503 2490
f 2502 2490 2488
f 2503 2519 2504
f 2503 2504 2490
f 2519 2505 2506
f 2519 2506 2504
f 2505 2520 2492
f 2505 2492 2506
f 2520 2521 2493
f 2520 2493 2492
f 2542 2526 2507
f 2542 2507 2521
f 2526 2525 2495
f 2526 2495 2507
f 2525 2508 2496
f 2525 2496 2495
f 2508 2510 2509
f 2508 2509 2496
f 2510 2528 2499
f 2510 2499 2509
f 2528 2530 2513
f 2528 2513 2499
f 2530 2511 2512
f 2530 2512 2513
f 2511 2515 2514
f 2511 2514 2512
f 2515 2516 2501
f 2515 2501 2514
f 2516 2533 2517
f 2516 2517 2501
f 2533 2518 2502
f 2533 2502 2517
f 2518 2535 2503
f 2518 2503 2502
f 2535 2536 2519
f 2535 2519 2503
f 2536 2540 2505
f 2536 2505 2519
f 2540 2539 2520
f 2540 2520 2505
f 2539 2542 2521
f 2539 2521 2520
f 2522 2523 2526
f 2522 2526 2542
f 2523 2524 2525
f 2523 2525 2526
f 2524 2546 2508
f 2524 2508 2525
f 2546 2548 2510
f 2546 2510 2508
f 2548 2527 2528
f 2548 2528 2510
f 2527 2529 2530
f 2527 2530 2528
f 2529 2531 2511
f 2529 2511 2530
f 2531 2532 2515
f 2531 2515 2511
f 2532 2554 2516
f 2532 2516 2515
f 2554 2553 2533
f 2554 2533 2516
f 2553 2534 2518
f 2553 2518 2533
f 2534 2557 2535
f 2534 2535 2518
f 2557 2537 2536
f 2557 2536 2535
f 2537 2538 2540
f 2537 2540 2536
f 2538 2541 2539
f 2538 2539 2540
f 2541 2522 2542
f 2541 2542 2539
f 2543 2561 2523
f 2543 2523 2522
f 2561 2544 2524
f 2561 2524 2523
f 2544 2545 2546
f 2544 2546 2524
f 2545 2547 2548
f 2545 2548 2546
f 2547 2549 2527
f 2547 2527 2548
f 2549 2550 2529
f 2549 2529 2527
f 2550 2564 2531
f 2550 2531 2529
f 2564 2551 2532
f 2564 2532 2531
f 2551 2552 2554
f 2551 2554 2532
f 2552 2567 2553
f 2552 2553 2554
f 2567 2555 2534
f 2567 2534 2553
f 2555 2569 2557
f 2555 2557 2534
f 2569 2556 2537
f 2569 2537 2557
f 2556 2558 2538
f 2556 2538 2537
f 2558 2559 2541
f 2558 2541 2538
f 2559 2543 2522
f 2559 2522 2541
f 2573 2560 2561
f 2573 2561 2543
f 2560 2562 2544
f 2560 2544 2561
f 2562 2575 2545
f 2562 2545 2544
f 2575 2563 2547
f 2575 2547 2545
f 2563 2577 2549
f 2563 2549 2547
f 2577 2579 2550
f 2577 2550 2549
f 2579 2580 2564
f 2579 2564 2550
f 2580 2565 2551
f 2580 2551 2564
f 2565 2566 2552
f 2565 2552 2551
f 2566 2581 2567
f 2566 2567 2552
f 2581 2568 2555
f 2581 2555 2567
f 2568 2584 2569
f 2568 2569 2555
f 2584 2570 2556
f 2584 2556 2569
f 2570 2586 2558
f 2570 2558 2556
f 2586 2571 2559
f 2586 2559 2558
f 2571 2573 2543
f 2571 2543 2559
f 2572 2574 2560
f 2572 2560 2573
f 2574 3765 2562
f 2574 2562 2560
f 3765 3753 2575
f 3765 2575 2562
f 3753 2576 2563
f 3753 2563 2575
f 2576 2587 2577
f 2576 2577 2563
f 2587 220 2579
f 2587 2579 2577
f 220 2578 2580
f 220 2580 2579
f 2578 3817 2565
f 2578 2565 2580
f 3817 3816 2566
f 3817 2566 2565
f 3816 3752 2581
f 3816 2581 2566
f 3752 3749 2568
f 3752 2568 2581
f 3749 2582 2584
f 3749 2584 2568
f 2582 2583 2570
f 2582 2570 2584
f 2583 3777 2586
f 2583 2586 2570
f 3777 2585 2571
f 3777 2571 2586
f 2585 2572 2573
f 2585 2573 2571
f 254 199 2587
f 254 2587 2576
f 203 252 2583
f 203 2583 2582
f 2588 2589 3767
f 2588 3767 245
f 2589 2590 3755
f 2589 3755 3767
f 2590 2603 3756
f 2590 3756 3755
f 2603 2604 2591
f 2603 2591 3756
f 2604 3812 2592
f 2604 2592 2591
f 237 2594 185
f 237 185 2593
f 2594 2596 2595
f 2594 2595 185
f 2596 2597 3774
f 2596 3774 2595
f 2597 2599 2598
f 2597 2598 3774
f 2599 3770 2600
f 2599 2600 2598
f 2601 2610 2589
f 2601 2589 2588
f 2610 2612 2590
f 2610 2590 2589
f 2612 2602 2603
f 2612 2603 2590
f 2602 2614 2604
f 2602 2604 2603
f 2614 2605 3812
f 2614 3812 2604
f 2605 2606 3813
f 2605 3813 3812
f 2606 2616 214
f 2606 214 3813
f 2607 2618 2608
f 2607 2608 215
f 2618 2619 237
f 2618 237 2608
f 2619 2620 2594
f 2619 2594 237
f 2620 2609 2596
f 2620 2596 2594
f 2609 2621 2597
f 2609 2597 2596
f 2621 2623 2599
f 2621 2599 2597
f 2623 2622 3770
f 2623 3770 2599
f 2622 2601 2588
f 2622 2588 3770
f 2627 2626 2610
f 2627 2610 2601
f 2626 2611 2612
f 2626 2612 2610
f 2611 2629 2602
f 2611 2602 2612
f 2629 2631 2614
f 2629 2614 2602
f 2631 2613 2605
f 2631 2605 2614
f 2613 2633 2606
f 2613 2606 2605
f 2633 2615 2616
f 2633 2616 2606
f 2615 2617 2607
f 2615 2607 2616
f 2617 2637 2618
f 2617 2618 2607
f 2637 2636 2619
f 2637 2619 2618
f 2636 2638 2620
f 2636 2620 2619
f 2638 2639 2609
f 2638 2609 2620
f 2639 2641 2621
f 2639 2621 2609
f 2641 2640 2623
f 2641 2623 2621
f 2640 2624 2622
f 2640 2622 2623
f 2624 2627 2601
f 2624 2601 2622
f 2642 2625 2626
f 2642 2626 2627
f 2625 2644 2611
f 2625 2611 2626
f 2644 2628 2629
f 2644 2629 2611
f 2628 2645 2631
f 2628 2631 2629
f 2645 2630 2613
f 2645 2613 2631
f 2630 2632 2633
f 2630 2633 2613
f 2632 2634 2615
f 2632 2615 2633
f 2634 2649 2617
f 2634 2617 2615
f 2649 2635 2637
f 2649 2637 2617
f 2635 2650 2636
f 2635 2636 2637
f 2650 2653 2638
f 2650 2638 2636
f 2653 2652 2639
f 2653 2639 2638
f 2652 2657 2641
f 2652 2641 2639
f 2657 2659 2640
f 2657 2640 2641
f 2659 2661 2624
f 2659 2624 2640
f 2661 2642 2627
f 2661 2627 2624
f 2660 2643 2625
f 2660 2625 2642
f 2643 2663 2644
f 2643 2644 2625
f 2663 2665 2628
f 2663 2628 2644
f 2665 2646 2645
f 2665 2645 2628
f 2646 2668 2630
f 2646 2630 2645
f 2668 2647 2632
f 2668 2632 2630
f 2647 2670 2634
f 2647 2634 2632
f 2670 2648 2649
f 2670 2649 2634
f 2648 2674 2635
f 2648 2635 2649
f 2674 2675 2650
f 2674 2650 2635
f 2675 2651 2653
f 2675 2653 2650
f 2651 2654 2652
f 2651 2652 2653
f 2654 2655 2657
f 2654 2657 2652
f 2655 2656 2659
f 2655 2659 2657
f 2656 2658 2661
f 2656 2661 2659
f 2658 2660 2642
f 2658 2642 2661
f 2679 2678 2643
f 2679 2643 2660
f 2678 2662 2663
f 2678 2663 2643
f 2662 2664 2665
f 2662 2665 2663
f 2664 2666 2646
f 2664 2646 2665
f 2666 2667 2668
f 2666 2668 2646
f 2667 2683 2647
f 2667 2647 2668
f 2683 2669 2670
f 2683 2670 2647
f 2669 2671 2648
f 2669 2648 2670
f 2671 2672 2674
f 2671 2674 2648
f 2672 2673 2675
f 2672 2675 2674
f 2673 2686 2651
f 2673 2651 2675
f 2686 2676 2654
f 2686 2654 2651
f 2676 2691 2655
f 2676 2655 2654
f 2691 2690 2656
f 2691 2656 2655
f 2690 2677 2658
f 2690 2658 2656
f 2677 2679 2660
f 2677 2660 2658
f 2704 2692 2678
f 2704 2678 2679
f 2692 2680 2662
f 2692 2662 2678
f 2680 2681 2664
f 2680 2664 2662
f 2681 2682 2666
f 2681 2666 2664
f 2682 2695 2667
f 2682 2667 2666
f 2695 2699 2683
f 2695 2683 2667
f 2699 3741 2669
f 2699 2669 2683
f 3741 2684 2671
f 3741 2671 2669
f 2684 2685 2672
f 2684 2672 2671
f 2685 2700 2673
f 2685 2673 2672
f 2700 2687 2686
f 2700 2686 2673
f 2687 2688 2676
f 2687 2676 2686
f 2688 2702 2691
f 2688 2691 2676
f 2702 2689 2690
f 2702 2690 2691
f 2689 2705 2677
f 2689 2677 2690
f 2705 2704 2679
f 2705 2679 2677
f 256 3791 2692
f 256 2692 2704
f 3791 3787 2680
f 3791 2680 2692
f 3787 2693 2681
f 3787 2681 2680
f 2693 2694 2682
f 2693 2682 2681
f 2694 2696 2695
f 2694 2695 2682
f 2696 2697 2699
f 2696 2699 2695
f 2697 2698 3741
f 2697 3741 2699
f 192 2701 2687
f 192 2687 2700
f 2701 249 2688
f 2701 2688 2687
f 249 2709 2702
f 249 2702 2688
f 2709 2703 2689
f 2709 2689 2702
f 2703 3794 2705
f 2703 2705 2689
f 3794 256 2704
f 3794 2704 2705
f 247 2706 2694
f 247 2694 2693
f 2706 177 2696
f 2706 2696 2694
f 2707 2708 2709
f 2707 2709 249
f 2708 3792 2703
f 2708 2703 2709
f 3822 3625 2710
f 3822 2710 3779
f 3625 2711 2714
f 3625 2714 2710
f 2711 2712 2713
f 2711 2713 2714
f 3621 2715 3826
f 3621 3826 233
f 2715 2719 179
f 2715 179 3826
f 2719 191 3801
f 2719 3801 179
f 3672 2716 2711
f 3672 2711 3625
f 2716 17 2712
f 2716 2712 2711
f 17 3614 3727
f 17 3727 2712
f 2717 2718 2719
f 2717 2719 2715
f 2718 2720 191
f 2718 191 2719
f 2720 3669 2721
f 2720 2721 191
f 3628 2722 149
f 3628 149 130
f 2722 2730 3617
f 2722 3617 149
f 2735 2734 2723
f 2735 2723 52
f 2734 2736 3637
f 2734 3637 2723
f 2738 2724 2727
f 2738 2727 2725
f 2724 2726 3628
f 2724 3628 2727
f 2726 2740 2722
f 2726 2722 3628
f 2740 2728 2730
f 2740 2730 2722
f 2728 2731 2729
f 2728 2729 2730
f 2731 127 3666
f 2731 3666 2729
f 3607 2743 50
f 3607 50 3608
f 2743 2732 2735
f 2743 2735 50
f 2732 2733 2734
f 2732 2734 2735
f 2733 2744 2736
f 2733 2736 2734
f 2744 2746 3631
f 2744 3631 2736
f 2746 2737 172
f 2746 172 3631
f 2737 2738 2725
f 2737 2725 172
f 2766 2748 2724
f 2766 2724 2738
f 2748 2750 2726
f 2748 2726 2724
f 2750 2739 2740
f 2750 2740 2726
f 2739 2753 2728
f 2739 2728 2740
f 2753 2741 2731
f 2753 2731 2728
f 2741 2757 127
f 2741 127 2731
f 2757 2756 3604
f 2757 3604 127
f 2756 2758 3605
f 2756 3605 3604
f 2758 2742 3607
f 2758 3607 3605
f 2742 2760 2743
f 2742 2743 3607
f 2760 2762 2732
f 2760 2732 2743
f 2762 2764 2733
f 2762 2733 2732
f 2764 2763 2744
f 2764 2744 2733
f 2763 2745 2746
f 2763 2746 2744
f 2745 2747 2737
f 2745 2737 2746
f 2747 2766 2738
f 2747 2738 2737
f 2780 2749 2748
f 2780 2748 2766
f 2749 2767 2750
f 2749 2750 2748
f 2767 2751 2739
f 2767 2739 2750
f 2751 2771 2753
f 2751 2753 2739
f 2771 2752 2741
f 2771 2741 2753
f 2752 2754 2757
f 2752 2757 2741
f 2754 2755 2756
f 2754 2756 2757
f 2755 2772 2758
f 2755 2758 2756
f 2772 2773 2742
f 2772 2742 2758
f 2773 2759 2760
f 2773 2760 2742
f 2759 2761 2762
f 2759 2762 2760
f 2761 2775 2764
f 2761 2764 2762
f 2775 2776 2763
f 2775 2763 2764
f 2776 2778 2745
f 2776 2745 2763
f 2778 2765 2747
f 2778 2747 2745
f 2765 2780 2766
f 2765 2766 2747
f 2779 2782 2749
f 2779 2749 2780
f 2782 2768 2767
f 2782 2767 2749
f 2768 2769 2751
f 2768 2751 2767
f 2769 2770 2771
f 2769 2771 2751
f 2770 2786 2752
f 2770 2752 2771
f 2786 2787 2754
f 2786 2754 2752
f 2787 2788 2755
f 2787 2755 2754
f 2788 2792 2772
f 2788 2772 2755
f 2792 2791 2773
f 2792 2773 2772
f 2791 2793 2759
f 2791 2759 2773
f 2793 2774 2761
f 2793 2761 2759
f 2774 2795 2775
f 2774 2775 2761
f 2795 2797 2776
f 2795 2776 2775
f 2797 2777 2778
f 2797 2778 2776
f 2777 2799 2765
f 2777 2765 2778
f 2799 2779 2780
f 2799 2780 2765
f 2781 2800 2782
f 2781 2782 2779
f 2800 2783 2768
f 2800 2768 2782
f 2783 2784 2769
f 2783 2769 2768
f 2784 2785 2770
f 2784 2770 2769
f 2785 2806 2786
f 2785 2786 2770
f 2806 2805 2787
f 2806 2787 2786
f 2805 2808 2788
f 2805 2788 2787
f 2808 2789 2792
f 2808 2792 2788
f 2789 2790 2791
f 2789 2791 2792
f 2790 2809 2793
f 2790 2793 2791
f 2809 2794 2774
f 2809 2774 2793
f 2794 2796 2795
f 2794 2795 2774
f 2796 2811 2797
f 2796 2797 2795
f 2811 2798 2777
f 2811 2777 2797
f 2798 2813 2799
f 2798 2799 2777
f 2813 2781 2779
f 2813 2779 2799
f 2829 2801 2800
f 2829 2800 2781
f 2801 2802 2783
f 2801 2783 2800
f 2802 2803 2784
f 2802 2784 2783
f 2803 2804 2785
f 2803 2785 2784
f 2804 2817 2806
f 2804 2806 2785
f 2817 2819 2805
f 2817 2805 2806
f 2819 2807 2808
f 2819 2808 2805
f 2807 2820 2789
f 2807 2789 2808
f 2820 2822 2790
f 2820 2790 2789
f 2822 2823 2809
f 2822 2809 2790
f 2823 2810 2794
f 2823 2794 2809
f 2810 2825 2796
f 2810 2796 2794
f 2825 2827 2811
f 2825 2811 2796
f 2827 2828 2798
f 2827 2798 2811
f 2828 2812 2813
f 2828 2813 2798
f 2812 2829 2781
f 2812 2781 2813
f 2836 2830 2801
f 2836 2801 2829
f 2830 2814 2802
f 2830 2802 2801
f 2814 2831 2803
f 2814 2803 2802
f 2831 2815 2804
f 2831 2804 2803
f 2815 2816 2817
f 2815 2817 2804
f 2816 2833 2819
f 2816 2819 2817
f 2833 2818 2807
f 2833 2807 2819
f 2818 87 2820
f 2818 2820 2807
f 3702 2821 2823
f 3702 2823 2822
f 2821 46 2810
f 2821 2810 2823
f 46 2824 2825
f 46 2825 2810
f 2824 2835 2827
f 2824 2827 2825
f 2835 2826 2828
f 2835 2828 2827
f 2826 2837 2812
f 2826 2812 2828
f 2837 2836 2829
f 2837 2829 2812
f 118 3581 2814
f 118 2814 2830
f 3581 3578 2831
f 3581 2831 2814
f 3578 2832 2815
f 3578 2815 2831
f 2832 42 2816
f 2832 2816 2815
f 42 86 2833
f 42 2833 2816
f 3599 2834 2824
f 3599 2824 46
f 2834 3721 2835
f 2834 2835 2824
f 3721 3585 2826
f 3721 2826 2835
f 3585 3584 2837
f 3585 2837 2826
f 3584 3684 2836
f 3584 2836 2837
f 3513 2838 2852
f 3513 2852 2851
f 2851 2854 2839
f 2851 2839 3513
f 2854 2840 2841
f 2854 2841 2839
f 2840 2842 3516
f 2840 3516 2841
f 2842 2856 3519
f 2842 3519 3516
f 2856 2858 2844
f 2856 2844 3519
f 2858 2845 2843
f 2858 2843 2844
f 2845 2860 2846
f 2845 2846 2843
f 2860 2859 2847
f 2860 2847 2846
f 2859 2864 2848
f 2859 2848 2847
f 2864 2863 2850
f 2864 2850 2848
f 2863 2865 2849
f 2863 2849 2850
f 2865 2867 3525
f 2865 3525 2849
f 2867 2868 3526
f 2867 3526 3525
f 2868 2869 3528
f 2868 3528 3526
f 2838 3528 2869
f 2838 2869 2852
f 2892 2872 2851
f 2892 2851 2852
f 2872 2853 2854
f 2872 2854 2851
f 2853 2855 2840
f 2853 2840 2854
f 2855 2875 2842
f 2855 2842 2840
f 2875 2857 2856
f 2875 2856 2842
f 2857 2878 2858
f 2857 2858 2856
f 2878 2879 2845
f 2878 2845 2858
f 2879 2881 2860
f 2879 2860 2845
f 2881 2861 2859
f 2881 2859 2860
f 2861 2862 2864
f 2861 2864 2859
f 2862 2885 2863
f 2862 2863 2864
f 2885 2884 2865
f 2885 2865 2863
f 2884 2889 2867
f 2884 2867 2865
f 2889 2866 2868
f 2889 2868 2867
f 2866 2891 2869
f 2866 2869 2868
f 2891 2892 2852
f 2891 2852 2869
f 2870 2871 2872
f 2870 2872 2892
f 2871 2873 2853
f 2871 2853 2872
f 2873 2894 2855
f 2873 2855 2853
f 2894 2874 2875
f 2894 2875 2855
f 2874 2876 2857
f 2874 2857 2875
f 2876 2877 2878
f 2876 2878 2857
f 2877 2897 2879
f 2877 2879 2878
f 2897 2900 2881
f 2897 2881 2879
f 2900 2880 2861
f 2900 2861 2881
f 2880 2882 2862
f 2880 2862 2861
f 2882 2883 2885
f 2882 2885 2862
f 2883 2886 2884
f 2883 2884 2885
f 2886 2887 2889
f 2886 2889 2884
f 2887 2888 2866
f 2887 2866 2889
f 2888 2890 2891
f 2888 2891 2866
f 2890 2870 2892
f 2890 2892 2891
f 2893 2905 2871
f 2893 2871 2870
f 2905 2906 2873
f 2905 2873 2871
f 2906 2908 2894
f 2906 2894 2873
f 2908 2907 2874
f 2908 2874 2894
f 2907 2895 2876
f 2907 2876 2874
f 2895 2896 2877
f 2895 2877 2876
f 2896 2898 2897
f 2896 2897 2877
f 2898 2899 2900
f 2898 2900 2897
f 2899 2912 2880
f 2899 2880 2900
f 2912 2914 2882
f 2912 2882 2880
f 2914 2913 2883
f 2914 2883 2882
f 2913 2916 2886
f 2913 2886 2883
f 2916 2901 2887
f 2916 2887 2886
f 2901 2902 2888
f 2901 2888 2887
f 2902 2903 2890
f 2902 2890 2888
f 2903 2893 2870
f 2903 2870 2890
f 2939 2921 2905
f 2939 2905 2893
f 2921 2904 2906
f 2921 2906 2905
f 2904 2922 2908
f 2904 2908 2906
f 2922 2923 2907
f 2922 2907 2908
f 2923 2909 2895
f 2923 2895 2907
f 2909 2925 2896
f 2909 2896 2895
f 2925 2910 2898
f 2925 2898 2896
f 2910 2928 2899
f 2910 2899 2898
f 2928 2911 2912
f 2928 2912 2899
f 2911 2932 2914
f 2911 2914 2912
f 2932 2931 2913
f 2932 2913 2914
f 2931 2915 2916
f 2931 2916 2913
f 2915 2936 2901
f 2915 2901 2916
f 2936 2917 2902
f 2936 2902 2901
f 2917 2918 2903
f 2917 2903 2902
f 2918 2939 2893
f 2918 2893 2903
f 2938 2919 2921
f 2938 2921 2939
f 2919 2920 2904
f 2919 2904 2921
f 2920 2941 2922
f 2920 2922 2904
f 2941 2943 2923
f 2941 2923 2922
f 2943 2924 2909
f 2943 2909 2923
f 2924 2945 2925
f 2924 2925 2909
f 2945 2926 2910
f 2945 2910 2925
f 2926 2927 2928
f 2926 2928 2910
f 2927 2929 2911
f 2927 2911 2928
f 2929 2930 2932
f 2929 2932 2911
f 2930 2933 2931
f 2930 2931 2932
f 2933 2934 2915
f 2933 2915 2931
f 2934 2935 2936
f 2934 2936 2915
f 2935 2951 2917
f 2935 2917 2936
f 2951 2937 2918
f 2951 2918 2917
f 2937 2938 2939
f 2937 2939 2918
f 2952 2953 2919
f 2952 2919 2938
f 2953 2956 2920
f 2953 2920 2919
f 2956 2955 2941
f 2956 2941 2920
f 2955 2940 2943
f 2955 2943 2941
f 2940 2942 2924
f 2940 2924 2943
f 2942 2944 2945
f 2942 2945 2924
f 2944 2960 2926
f 2944 2926 2945
f 2960 2963 2927
f 2960 2927 2926
f 2963 2946 2929
f 2963 2929 2927
f 2946 2947 2930
f 2946 2930 2929
f 2947 2948 2933
f 2947 2933 2930
f 2948 2949 2934
f 2948 2934 2933
f 2949 2965 2935
f 2949 2935 2934
f 2965 2950 2951
f 2965 2951 2935
f 2950 2968 2937
f 2950 2937 2951
f 2968 2952 2938
f 2968 2938 2937
f 2967 2954 2953
f 2967 2953 2952
f 2954 2973 2956
f 2954 2956 2953
f 2973 2972 2955
f 2973 2955 2956
f 2972 2957 2940
f 2972 2940 2955
f 2957 2958 2942
f 2957 2942 2940
f 2958 2978 2944
f 2958 2944 2942
f 2978 2959 2960
f 2978 2960 2944
f 2959 2961 2963
f 2959 2963 2960
f 2961 2962 2946
f 2961 2946 2963
f 2962 2964 2947
f 2962 2947 2946
f 2964 2981 2948
f 2964 2948 2947
f 2981 2984 2949
f 2981 2949 2948
f 2984 2983 2965
f 2984 2965 2949
f 2983 2985 2950
f 2983 2950 2965
f 2985 2966 2968
f 2985 2968 2950
f 2966 2967 2952
f 2966 2952 2968
f 2987 2969 2954
f 2987 2954 2967
f 2969 2970 2973
f 2969 2973 2954
f 2970 2971 2972
f 2970 2972 2973
f 2971 2974 2957
f 2971 2957 2972
f 2974 2975 2958
f 2974 2958 2957
f 2975 2976 2978
f 2975 2978 2958
f 2976 2977 2959
f 2976 2959 2978
f 2977 2979 2961
f 2977 2961 2959
f 2979 2980 2962
f 2979 2962 2961
f 2980 2994 2964
f 2980 2964 2962
f 2994 2982 2981
f 2994 2981 2964
f 2982 2997 2984
f 2982 2984 2981
f 2997 2999 2983
f 2997 2983 2984
f 2999 2998 2985
f 2999 2985 2983
f 2998 2986 2966
f 2998 2966 2985
f 2986 2987 2967
f 2986 2967 2966
f 3001 3003 2969
f 3001 2969 2987
f 3003 2988 2970
f 3003 2970 2969
f 2988 2989 2971
f 2988 2971 2970
f 2989 2990 2974
f 2989 2974 2971
f 2990 2991 2975
f 2990 2975 2974
f 2991 3006 2976
f 2991 2976 2975
f 3006 3005 2977
f 3006 2977 2976
f 3005 2992 2979
f 3005 2979 2977
f 2992 2993 2980
f 2992 2980 2979
f 2993 3010 2994
f 2993 2994 2980
f 3010 3011 2982
f 3010 2982 2994
f 3011 2995 2997
f 3011 2997 2982
f 2995 2996 2999
f 2995 2999 2997
f 2996 3000 2998
f 2996 2998 2999
f 3000 3013 2986
f 3000 2986 2998
f 3013 3001 2987
f 3013 2987 2986
f 3015 3002 3003
f 3015 3003 3001
f 3002 3017 2988
f 3002 2988 3003
f 3017 3018 2989
f 3017 2989 2988
f 3018 3004 2990
f 3018 2990 2989
f 3004 3019 2991
f 3004 2991 2990
f 3019 3021 3006
f 3019 3006 2991
f 3021 3007 3005
f 3021 3005 3006
f 3007 3008 2992
f 3007 2992 3005
f 3008 3023 2993
f 3008 2993 2992
f 3023 3009 3010
f 3023 3010 2993
f 3009 3012 3011
f 3009 3011 3010
f 3012 3025 2995
f 3012 2995 3011
f 3025 3026 2996
f 3025 2996 2995
f 3026 3028 3000
f 3026 3000 2996
f 3028 3027 3013
f 3028 3013 3000
f 3027 3015 3001
f 3027 3001 3013
f 3014 3016 3002
f 3014 3002 3015
f 3016 3031 3017
f 3016 3017 3002
f 3031 3030 3018
f 3031 3018 3017
f 3030 3033 3004
f 3030 3004 3018
f 3033 3034 3019
f 3033 3019 3004
f 3034 3020 3021
f 3034 3021 3019
f 3020 3037 3007
f 3020 3007 3021
f 3037 3022 3008
f 3037 3008 3007
f 3022 3039 3023
f 3022 3023 3008
f 3039 3040 3009
f 3039 3009 3023
f 3040 3024 3012
f 3040 3012 3009
f 3024 3042 3025
f 3024 3025 3012
f 3042 3044 3026
f 3042 3026 3025
f 3044 3046 3028
f 3044 3028 3026
f 3046 3047 3027
f 3046 3027 3028
f 3047 3014 3015
f 3047 3015 3027
f 3062 3048 3016
f 3062 3016 3014
f 3048 3029 3031
f 3048 3031 3016
f 3029 3050 3030
f 3029 3030 3031
f 3050 3032 3033
f 3050 3033 3030
f 3032 3052 3034
f 3032 3034 3033
f 3052 3035 3020
f 3052 3020 3034
f 3035 3036 3037
f 3035 3037 3020
f 3036 3038 3022
f 3036 3022 3037
f 3038 3055 3039
f 3038 3039 3022
f 3055 3056 3040
f 3055 3040 3039
f 3056 3041 3024
f 3056 3024 3040
f 3041 3057 3042
f 3041 3042 3024
f 3057 3043 3044
f 3057 3044 3042
f 3043 3045 3046
f 3043 3046 3044
f 3045 3061 3047
f 3045 3047 3046
f 3061 3062 3014
f 3061 3014 3047
f 3079 3049 3048
f 3079 3048 3062
f 3049 3064 3029
f 3049 3029 3048
f 3064 3051 3050
f 3064 3050 3029
f 3051 3068 3032
f 3051 3032 3050
f 3068 3053 3052
f 3068 3052 3032
f 3053 3054 3035
f 3053 3035 3052
f 3054 3071 3036
f 3054 3036 3035
f 3071 3073 3038
f 3071 3038 3036
f 3073 3074 3055
f 3073 3055 3038
f 3074 3077 3056
f 3074 3056 3055
f 3077 3076 3041
f 3077 3041 3056
f 3076 3058 3057
f 3076 3057 3041
f 3058 3059 3043
f 3058 3043 3057
f 3059 3060 3045
f 3059 3045 3043
f 3060 3080 3061
f 3060 3061 3045
f 3080 3079 3062
f 3080 3062 3061
f 3096 3063 3049
f 3096 3049 3079
f 3063 3065 3064
f 3063 3064 3049
f 3065 3066 3051
f 3065 3051 3064
f 3066 3067 3068
f 3066 3068 3051
f 3067 3069 3053
f 3067 3053 3068
f 3069 3084 3054
f 3069 3054 3053
f 3084 3070 3071
f 3084 3071 3054
f 3070 3072 3073
f 3070 3073 3071
f 3072 3088 3074
f 3072 3074 3073
f 3088 3089 3077
f 3088 3077 3074
f 3089 3075 3076
f 3089 3076 3077
f 3075 3078 3058
f 3075 3058 3076
f 3078 3091 3059
f 3078 3059 3058
f 3091 3094 3060
f 3091 3060 3059
f 3094 3093 3080
f 3094 3080 3060
f 3093 3096 3079
f 3093 3079 3080
f 3095 3097 3063
f 3095 3063 3096
f 3097 3081 3065
f 3097 3065 3063
f 3081 3082 3066
f 3081 3066 3065
f 3082 3083 3067
f 3082 3067 3066
f 3083 3098 3069
f 3083 3069 3067
f 3098 3099 3084
f 3098 3084 3069
f 3099 3085 3070
f 3099 3070 3084
f 3085 3086 3072
f 3085 3072 3070
f 3086 3087 3088
f 3086 3088 3072
f 3087 3102 3089
f 3087 3089 3088
f 3102 3104 3075
f 3102 3075 3089
f 3104 3105 3078
f 3104 3078 3075
f 3105 3090 3091
f 3105 3091 3078
f 3090 3092 3094
f 3090 3094 3091
f 3092 3106 3093
f 3092 3093 3094
f 3106 3095 3096
f 3106 3096 3093
f 3109 3108 3097
f 3109 3097 3095
f 3108 3110 3081
f 3108 3081 3097
f 3110 3112 3082
f 3110 3082 3081
f 3112 3115 3083
f 3112 3083 3082
f 3115 3114 3098
f 3115 3098 3083
f 3114 3117 3099
f 3114 3099 3098
f 3117 3118 3085
f 3117 3085 3099
f 3118 3119 3086
f 3118 3086 3085
f 3119 3100 3087
f 3119 3087 3086
f 3100 3101 3102
f 3100 3102 3087
f 3101 3103 3104
f 3101 3104 3102
f 3103 3123 3105
f 3103 3105 3104
f 3123 3125 3090
f 3123 3090 3105
f 3125 3128 3092
f 3125 3092 3090
f 3128 3127 3106
f 3128 3106 3092
f 3127 3109 3095
f 3127 3095 3106
f 3107 3130 3108
f 3107 3108 3109
f 3130 3131 3110
f 3130 3110 3108
f 3131 3111 3112
f 3131 3112 3110
f 3111 3133 3115
f 3111 3115 3112
f 3133 3113 3114
f 3133 3114 3115
f 3113 3116 3117
f 3113 3117 3114
f 3116 3136 3118
f 3116 3118 3117
f 3136 3138 3119
f 3136 3119 3118
f 3138 3120 3100
f 3138 3100 3119
f 3120 3121 3101
f 3120 3101 3100
f 3121 3122 3103
f 3121 3103 3101
f 3122 3141 3123
f 3122 3123 3103
f 3141 3142 3125
f 3141 3125 3123
f 3142 3124 3128
f 3142 3128 3125
f 3124 3126 3127
f 3124 3127 3128
f 3126 3107 3109
f 3126 3109 3127
f 3129 3146 3130
f 3129 3130 3107
f 3146 3145 3131
f 3146 3131 3130
f 3145 3132 3111
f 3145 3111 3131
f 3132 3149 3133
f 3132 3133 3111
f 3149 3134 3113
f 3149 3113 3133
f 3134 3135 3116
f 3134 3116 3113
f 3135 3151 3136
f 3135 3136 3116
f 3151 3137 3138
f 3151 3138 3136
f 3137 3154 3120
f 3137 3120 3138
f 3154 3139 3121
f 3154 3121 3120
f 3139 3140 3122
f 3139 3122 3121
f 3140 3157 3141
f 3140 3141 3122
f 3157 3159 3142
f 3157 3142 3141
f 3159 3143 3124
f 3159 3124 3142
f 3143 3160 3126
f 3143 3126 3124
f 3160 3129 3107
f 3160 3107 3126
f 3162 3144 3146
f 3162 3146 3129
f 3144 3147 3145
f 3144 3145 3146
f 3147 3163 3132
f 3147 3132 3145
f 3163 3148 3149
f 3163 3149 3132
f 3148 3150 3134
f 3148 3134 3149
f 3150 3166 3135
f 3150 3135 3134
f 3166 3165 3151
f 3166 3151 3135
f 3165 3152 3137
f 3165 3137 3151
f 3152 3153 3154
f 3152 3154 3137
f 3153 3155 3139
f 3153 3139 3154
f 3155 3156 3140
f 3155 3140 3139
f 3156 3158 3157
f 3156 3157 3140
f 3158 3168 3159
f 3158 3159 3157
f 3168 3170 3143
f 3168 3143 3159
f 3170 3161 3160
f 3170 3160 3143
f 3161 3162 3129
f 3161 3129 3160
f 3194 3172 3144
f 3194 3144 3162
f 3172 3176 3147
f 3172 3147 3144
f 3176 3175 3163
f 3176 3163 3147
f 3175 3178 3148
f 3175 3148 3163
f 3178 3179 3150
f 3178 3150 3148
f 3179 3181 3166
f 3179 3166 3150
f 3181 3164 3165
f 3181 3165 3166
f 3164 3167 3152
f 3164 3152 3165
f 3167 3184 3153
f 3167 3153 3152
f 3184 3186 3155
f 3184 3155 3153
f 3186 3188 3156
f 3186 3156 3155
f 3188 3187 3158
f 3188 3158 3156
f 3187 3190 3168
f 3187 3168 3158
f 3190 3169 3170
f 3190 3170 3168
f 3169 3193 3161
f 3169 3161 3170
f 3193 3194 3162
f 3193 3162 3161
f 3205 3171 3172
f 3205 3172 3194
f 3171 3173 3176
f 3171 3176 3172
f 3173 3174 3175
f 3173 3175 3176
f 3174 3177 3178
f 3174 3178 3175
f 3177 3197 3179
f 3177 3179 3178
f 3197 3196 3181
f 3197 3181 3179
f 3196 3180 3164
f 3196 3164 3181
f 3180 3182 3167
f 3180 3167 3164
f 3182 3183 3184
f 3182 3184 3167
f 3183 3202 3186
f 3183 3186 3184
f 3202 3185 3188
f 3202 3188 3186
f 3185 3189 3187
f 3185 3187 3188
f 3189 3203 3190
f 3189 3190 3187
f 3203 3191 3169
f 3203 3169 3190
f 3191 3192 3193
f 3191 3193 3169
f 3192 3205 3194
f 3192 3194 3193
f 3576 3195 3171
f 3576 3171 3205
f 3195 3567 3173
f 3195 3173 3171
f 3567 3554 3174
f 3567 3174 3173
f 3554 76 3177
f 3554 3177 3174
f 76 3679 3197
f 76 3197 3177
f 3679 74 3196
f 3679 3196 3197
f 74 3198 3180
f 74 3180 3196
f 3198 3199 3182
f 3198 3182 3180
f 3199 3552 3183
f 3199 3183 3182
f 3552 3200 3202
f 3552 3202 3183
f 3200 3201 3185
f 3200 3185 3202
f 3201 3558 3189
f 3201 3189 3185
f 3558 3561 3203
f 3558 3203 3189
f 3561 3560 3191
f 3561 3191 3203
f 3560 3204 3192
f 3560 3192 3191
f 3204 3576 3205
f 3204 3205 3192
f 78 58 3679
f 78 3679 76
f 170 3206 3561
f 170 3561 3558
f 3230 3217 15
f 3230 15 117
f 3217 3207 3208
f 3217 3208 15
f 3207 3220 3723
f 3207 3723 3208
f 3220 3209 3210
f 3220 3210 3723
f 3209 3221 3550
f 3209 3550 3210
f 3211 3212 14
f 3211 14 13
f 3212 3227 3213
f 3212 3213 14
f 3227 3214 3215
f 3227 3215 3213
f 3214 3228 3573
f 3214 3573 3215
f 3228 3216 36
f 3228 36 3573
f 3229 3231 3217
f 3229 3217 3230
f 3231 3218 3207
f 3231 3207 3217
f 3218 3219 3220
f 3218 3220 3207
f 3219 3233 3209
f 3219 3209 3220
f 3233 3237 3221
f 3233 3221 3209
f 3237 3236 3545
f 3237 3545 3221
f 3236 3222 3223
f 3236 3223 3545
f 71 3240 32
f 71 32 72
f 3240 3224 3211
f 3240 3211 32
f 3224 3225 3212
f 3224 3212 3211
f 3225 3226 3227
f 3225 3227 3212
f 3226 3244 3214
f 3226 3214 3227
f 3244 3247 3228
f 3244 3228 3214
f 3247 3246 3216
f 3247 3216 3228
f 3246 3229 3230
f 3246 3230 3216
f 3249 3248 3231
f 3249 3231 3229
f 3248 3251 3218
f 3248 3218 3231
f 3251 3232 3219
f 3251 3219 3218
f 3232 3252 3233
f 3232 3233 3219
f 3252 3234 3237
f 3252 3237 3233
f 3234 3235 3236
f 3234 3236 3237
f 3235 3238 3222
f 3235 3222 3236
f 3238 3255 71
f 3238 71 3222
f 3255 3239 3240
f 3255 3240 71
f 3239 3241 3224
f 3239 3224 3240
f 3241 3259 3225
f 3241 3225 3224
f 3259 3242 3226
f 3259 3226 3225
f 3242 3243 3244
f 3242 3244 3226
f 3243 3261 3247
f 3243 3247 3244
f 3261 3245 3246
f 3261 3246 3247
f 3245 3249 3229
f 3245 3229 3246
f 3262 3250 3248
f 3262 3248 3249
f 3250 3263 3251
f 3250 3251 3248
f 3263 3265 3232
f 3263 3232 3251
f 3265 3253 3252
f 3265 3252 3232
f 3253 3267 3234
f 3253 3234 3252
f 3267 3268 3235
f 3267 3235 3234
f 3268 3254 3238
f 3268 3238 3235
f 3254 3269 3255
f 3254 3255 3238
f 3269 3256 3239
f 3269 3239 3255
f 3256 3257 3241
f 3256 3241 3239
f 3257 3258 3259
f 3257 3259 3241
f 3258 3273 3242
f 3258 3242 3259
f 3273 3260 3243
f 3273 3243 3242
f 3260 3274 3261
f 3260 3261 3243
f 3274 3276 3245
f 3274 3245 3261
f 3276 3262 3249
f 3276 3249 3245
f 3295 3277 3250
f 3295 3250 3262
f 3277 3264 3263
f 3277 3263 3250
f 3264 3280 3265
f 3264 3265 3263
f 3280 3266 3253
f 3280 3253 3265
f 3266 3282 3267
f 3266 3267 3253
f 3282 3285 3268
f 3282 3268 3267
f 3285 3284 3254
f 3285 3254 3268
f 3284 3270 3269
f 3284 3269 3254
f 3270 3271 3256
f 3270 3256 3269
f 3271 3289 3257
f 3271 3257 3256
f 3289 3272 3258
f 3289 3258 3257
f 3272 3291 3273
f 3272 3273 3258
f 3291 3292 3260
f 3291 3260 3273
f 3292 3275 3274
f 3292 3274 3260
f 3275 3296 3276
f 3275 3276 3274
f 3296 3295 3262
f 3296 3262 3276
f 3294 3278 3277
f 3294 3277 3295
f 3278 3299 3264
f 3278 3264 3277
f 3299 3279 3280
f 3299 3280 3264
f 3279 3301 3266
f 3279 3266 3280
f 3301 3281 3282
f 3301 3282 3266
f 3281 3302 3285
f 3281 3285 3282
f 3302 3283 3284
f 3302 3284 3285
f 3283 3286 3270
f 3283 3270 3284
f 3286 3287 3271
f 3286 3271 3270
f 3287 3288 3289
f 3287 3289 3271
f 3288 3290 3272
f 3288 3272 3289
f 3290 3308 3291
f 3290 3291 3272
f 3308 3310 3292
f 3308 3292 3291
f 3310 3311 3275
f 3310 3275 3292
f 3311 3293 3296
f 3311 3296 3275
f 3293 3294 3295
f 3293 3295 3296
f 3313 3297 3278
f 3313 3278 3294
f 3297 3298 3299
f 3297 3299 3278
f 3298 3315 3279
f 3298 3279 3299
f 3315 3300 3301
f 3315 3301 3279
f 3300 3316 3281
f 3300 3281 3301
f 3316 3320 3302
f 3316 3302 3281
f 3320 3303 3283
f 3320 3283 3302
f 3303 7 3286
f 3303 3286 3283
f 7 3304 3287
f 7 3287 3286
f 3304 3305 3288
f 3304 3288 3287
f 3305 3306 3290
f 3305 3290 3288
f 3306 3307 3308
f 3306 3308 3290
f 3307 3309 3310
f 3307 3310 3308
f 3309 3323 3311
f 3309 3311 3310
f 3323 3312 3293
f 3323 3293 3311
f 3312 3313 3294
f 3312 3294 3293
f 3648 3314 3297
f 3648 3297 3313
f 3314 3645 3298
f 3314 3298 3297
f 3645 3326 3315
f 3645 3315 3298
f 3326 3327 3300
f 3326 3300 3315
f 3327 3317 3316
f 3327 3316 3300
f 3317 3318 3320
f 3317 3320 3316
f 3318 3319 3303
f 3318 3303 3320
f 3321 3537 3306
f 3321 3306 3305
f 3537 3330 3307
f 3537 3307 3306
f 3330 3322 3309
f 3330 3309 3307
f 3322 3331 3323
f 3322 3323 3309
f 3331 3324 3312
f 3331 3312 3323
f 3324 3648 3313
f 3324 3313 3312
f 3325 62 3327
f 3325 3327 3326
f 62 1 3317
f 62 3317 3327
f 3328 3329 3322
f 3328 3322 3330
f 3329 3649 3331
f 3329 3331 3322
f 3716 3342 3334
f 3716 3334 3332
f 3342 3333 99
f 3342 99 3334
f 3333 3345 3532
f 3333 3532 99
f 3539 3348 57
f 3539 57 3335
f 3348 3349 3337
f 3348 3337 57
f 3349 3336 95
f 3349 95 3337
f 3354 3338 3340
f 3354 3340 3339
f 3338 3357 3716
f 3338 3716 3340
f 3357 3341 3342
f 3357 3342 3716
f 3341 3343 3333
f 3341 3333 3342
f 3343 3344 3345
f 3343 3345 3333
f 3344 3359 3529
f 3344 3529 3345
f 3359 3346 3347
f 3359 3347 3529
f 3346 3361 3540
f 3346 3540 3347
f 3361 3364 3538
f 3361 3538 3540
f 3364 3365 3539
f 3364 3539 3538
f 3365 3367 3348
f 3365 3348 3539
f 3367 3366 3349
f 3367 3349 3348
f 3366 3368 3336
f 3366 3336 3349
f 3368 3350 3351
f 3368 3351 3336
f 3350 3353 3352
f 3350 3352 3351
f 3353 3354 3339
f 3353 3339 3352
f 3371 3355 3338
f 3371 3338 3354
f 3355 3356 3357
f 3355 3357 3338
f 3356 3376 3341
f 3356 3341 3357
f 3376 3375 3343
f 3376 3343 3341
f 3375 3377 3344
f 3375 3344 3343
f 3377 3379 3359
f 3377 3359 3344
f 3379 3358 3346
f 3379 3346 3359
f 3358 3360 3361
f 3358 3361 3346
f 3360 3362 3364
f 3360 3364 3361
f 3362 3363 3365
f 3362 3365 3364
f 3363 3385 3367
f 3363 3367 3365
f 3385 3386 3366
f 3385 3366 3367
f 3386 3387 3368
f 3386 3368 3366
f 3387 3369 3350
f 3387 3350 3368
f 3369 3370 3353
f 3369 3353 3350
f 3370 3371 3354
f 3370 3354 3353
f 3372 3373 3355
f 3372 3355 3371
f 3373 3392 3356
f 3373 3356 3355
f 3392 3374 3376
f 3392 3376 3356
f 3374 3393 3375
f 3374 3375 3376
f 3393 3378 3377
f 3393 3377 3375
f 3378 3394 3379
f 3378 3379 3377
f 3394 3380 3358
f 3394 3358 3379
f 3380 3381 3360
f 3380 3360 3358
f 3381 3382 3362
f 3381 3362 3360
f 3382 3383 3363
f 3382 3363 3362
f 3383 3399 3385
f 3383 3385 3363
f 3399 3384 3386
f 3399 3386 3385
f 3384 3400 3387
f 3384 3387 3386
f 3400 3388 3369
f 3400 3369 3387
f 3388 3389 3370
f 3388 3370 3369
f 3389 3372 3371
f 3389 3371 3370
f 3401 3390 3373
f 3401 3373 3372
f 3390 3391 3392
f 3390 3392 3373
f 3391 3402 3374
f 3391 3374 3392
f 3402 3406 3393
f 3402 3393 3374
f 3406 3405 3378
f 3406 3378 3393
f 3405 3408 3394
f 3405 3394 3378
f 3408 3395 3380
f 3408 3380 3394
f 3395 3396 3381
f 3395 3381 3380
f 3396 3397 3382
f 3396 3382 3381
f 3397 3398 3383
f 3397 3383 3382
f 3398 3411 3399
f 3398 3399 3383
f 3411 3413 3384
f 3411 3384 3399
f 3413 3412 3400
f 3413 3400 3384
f 3412 3414 3388
f 3412 3388 3400
f 3414 3416 3389
f 3414 3389 3388
f 3416 3401 3372
f 3416 3372 3389
f 3417 3419 3390
f 3417 3390 3401
f 3419 3420 3391
f 3419 3391 3390
f 3420 3422 3402
f 3420 3402 3391
f 3422 3403 3406
f 3422 3406 3402
f 3403 3404 3405
f 3403 3405 3406
f 3404 3424 3408
f 3404 3408 3405
f 3424 3407 3395
f 3424 3395 3408
f 3407 3409 3396
f 3407 3396 3395
f 3409 3410 3397
f 3409 3397 3396
f 3410 3426 3398
f 3410 3398 3397
f 3426 3428 3411
f 3426 3411 3398
f 3428 3427 3413
f 3428 3413 3411
f 3427 3429 3412
f 3427 3412 3413
f 3429 3430 3414
f 3429 3414 3412
f 3430 3415 3416
f 3430 3416 3414
f 3415 3417 3401
f 3415 3401 3416
f 3448 3433 3419
f 3448 3419 3417
f 3433 3418 3420
f 3433 3420 3419
f 3418 3434 3422
f 3418 3422 3420
f 3434 3421 3403
f 3434 3403 3422
f 3421 3423 3404
f 3421 3404 3403
f 3423 3437 3424
f 3423 3424 3404
f 3437 3436 3407
f 3437 3407 3424
f 3436 3439 3409
f 3436 3409 3407
f 3439 3441 3410
f 3439 3410 3409
f 3441 3442 3426
f 3441 3426 3410
f 3442 3425 3428
f 3442 3428 3426
f 3425 3443 3427
f 3425 3427 3428
f 3443 3446 3429
f 3443 3429 3427
f 3446 3431 3430
f 3446 3430 3429
f 3431 3432 3415
f 3431 3415 3430
f 3432 3448 3417
f 3432 3417 3415
f 3452 3451 3433
f 3452 3433 3448
f 3451 3454 3418
f 3451 3418 3433
f 3454 3455 3434
f 3454 3434 3418
f 3455 3457 3421
f 3455 3421 3434
f 3457 3456 3423
f 3457 3423 3421
f 3456 3435 3437
f 3456 3437 3423
f 3435 3459 3436
f 3435 3436 3437
f 3459 3438 3439
f 3459 3439 3436
f 3438 3440 3441
f 3438 3441 3439
f 3440 3461 3442
f 3440 3442 3441
f 3461 3463 3425
f 3461 3425 3442
f 3463 3464 3443
f 3463 3443 3425
f 3464 3444 3446
f 3464 3446 3443
f 3444 3445 3431
f 3444 3431 3446
f 3445 3447 3432
f 3445 3432 3431
f 3447 3452 3448
f 3447 3448 3432
f 3449 3450 3451
f 3449 3451 3452
f 3450 3453 3454
f 3450 3454 3451
f 3453 3468 3455
f 3453 3455 3454
f 3468 3470 3457
f 3468 3457 3455
f 3470 3469 3456
f 3470 3456 3457
f 3469 3458 3435
f 3469 3435 3456
f 3458 3471 3459
f 3458 3459 3435
f 3471 3472 3438
f 3471 3438 3459
f 3472 3473 3440
f 3472 3440 3438
f 3473 3460 3461
f 3473 3461 3440
f 3460 3462 3463
f 3460 3463 3461
f 3462 3475 3464
f 3462 3464 3463
f 3475 3476 3444
f 3475 3444 3464
f 3476 3465 3445
f 3476 3445 3444
f 3465 3466 3447
f 3465 3447 3445
f 3466 3449 3452
f 3466 3452 3447
f 3479 3480 3450
f 3479 3450 3449
f 3480 3467 3453
f 3480 3453 3450
f 3467 3481 3468
f 3467 3468 3453
f 3481 3485 3470
f 3481 3470 3468
f 3485 3484 3469
f 3485 3469 3470
f 3484 3486 3458
f 3484 3458 3469
f 3486 3487 3471
f 3486 3471 3458
f 3487 3489 3472
f 3487 3472 3471
f 3489 3491 3473
f 3489 3473 3472
f 3491 3490 3460
f 3491 3460 3473
f 3490 3493 3462
f 3490 3462 3460
f 3493 3474 3475
f 3493 3475 3462
f 3474 3495 3476
f 3474 3476 3475
f 3495 3477 3465
f 3495 3465 3476
f 3477 3478 3466
f 3477 3466 3465
f 3478 3479 3449
f 3478 3449 3466
f 3512 3497 3480
f 3512 3480 3479
f 3497 3500 3467
f 3497 3467 3480
f 3500 3499 3481
f 3500 3481 3467
f 3499 3482 3485
f 3499 3485 3481
f 3482 3483 3484
f 3482 3484 3485
f 3483 3502 3486
f 3483 3486 3484
f 3502 3503 3487
f 3502 3487 3486
f 3503 3488 3489
f 3503 3489 3487
f 3488 3504 3491
f 3488 3491 3489
f 3504 3492 3490
f 3504 3490 3491
f 3492 3494 3493
f 3492 3493 3490
f 3494 3507 3474
f 3494 3474 3493
f 3507 3509 3495
f 3507 3495 3474
f 3509 3511 3477
f 3509 3477 3495
f 3511 3496 3478
f 3511 3478 3477
f 3496 3512 3479
f 3496 3479 3478
f 3515 3514 3497
f 3515 3497 3512
f 3514 3498 3500
f 3514 3500 3497
f 3498 3518 3499
f 3498 3499 3500
f 3518 3517 3482
f 3518 3482 3499
f 3517 3520 3483
f 3517 3483 3482
f 3520 3501 3502
f 3520 3502 3483
f 3501 3522 3503
f 3501 3503 3502
f 3522 3521 3488
f 3522 3488 3503
f 3521 3523 3504
f 3521 3504 3488
f 3523 3524 3492
f 3523 3492 3504
f 3524 3505 3494
f 3524 3494 3492
f 3505 3506 3507
f 3505 3507 3494
f 3506 3508 3509
f 3506 3509 3507
f 3508 3510 3511
f 3508 3511 3509
f 3510 3527 3496
f 3510 3496 3511
f 3527 3515 3512
f 3527 3512 3496
f 2838 3513 3514
f 2838 3514 3515
f 3513 2839 3498
f 3513 3498 3514
f 2839 2841 3518
f 2839 3518 3498
f 2841 3516 3517
f 2841 3517 3518
f 3516 3519 3520
f 3516 3520 3517
f 3519 2844 3501
f 3519 3501 3520
f 2844 2843 3522
f 2844 3522 3501
f 2843 2846 3521
f 2843 3521 3522
f 2846 2847 3523
f 2846 3523 3521
f 2847 2848 3524
f 2847 3524 3523
f 2848 2850 3505
f 2848 3505 3524
f 2850 2849 3506
f 2850 3506 3505
f 2849 3525 3508
f 2849 3508 3506
f 3525 3526 3510
f 3525 3510 3508
f 3526 3528 3527
f 3526 3527 3510
f 3528 2838 3515
f 3528 3515 3527
f 3529 3347 4
f 3529 4 3530
f 1623 3531 3530
f 1623 3530 4
f 3345 3529 3530
f 3345 3530 97
f 3531 1625 3533
f 3531 3533 97
f 99 3532 3533
f 99 3533 22
f 22 3533 1625
f 22 1625 1626
f 1 24 1626
f 1 1626 3535
f 24 23 22
f 24 22 3534
f 1 100 3318
f 1 3318 3317
f 100 3535 1638
f 100 1638 3536
f 25 2 3537
f 25 3537 136
f 2 138 3330
f 2 3330 3537
f 69 134 3329
f 69 3329 3328
f 1629 1630 102
f 1629 102 69
f 1630 1631 3335
f 1630 3335 102
f 3538 3539 3335
f 3538 3335 29
f 1631 3656 29
f 1631 29 3335
f 3540 3538 29
f 3540 29 3655
f 103 3656 1646
f 103 1646 5
f 3541 103 3540
f 3541 3540 3655
f 3 3347 3540
f 3 3540 5
f 3319 105 104
f 3319 104 3542
f 3319 106 7
f 3319 7 3303
f 106 3542 1658
f 106 1658 8
f 6 3543 3304
f 6 3304 8
f 3543 137 3305
f 3543 3305 3304
f 10 3544 70
f 10 70 1720
f 10 9 3545
f 10 3545 3223
f 165 166 3546
f 165 3546 1722
f 166 108 107
f 166 107 3546
f 166 32 3211
f 166 3211 108
f 3549 3547 1732
f 3549 1732 3674
f 3547 1743 3548
f 3547 3548 1732
f 3547 3549 3198
f 3547 3198 74
f 109 30 1738
f 109 1738 1736
f 109 159 3210
f 109 3210 3550
f 30 3550 3221
f 30 3221 139
f 13 12 11
f 13 11 107
f 3676 3675 75
f 3676 75 11
f 1744 3678 1742
f 1744 1742 3551
f 1744 34 3201
f 1744 3201 3200
f 3678 3677 3673
f 3678 3673 1742
f 3678 1744 3200
f 3678 3200 3552
f 3553 77 76
f 3553 76 3554
f 1748 3555 3722
f 1748 3722 158
f 3208 3723 3722
f 3208 3722 115
f 115 3555 1755
f 115 1755 116
f 3213 3215 3556
f 3213 3556 140
f 140 3556 37
f 140 37 1752
f 140 110 114
f 3719 3557 3558
f 3719 3558 3201
f 79 3559 38
f 79 38 40
f 79 3560 3561
f 3564 3562 3563
f 3564 3563 35
f 3587 3563 3562
f 3587 3562 3575
f 3564 3195 3576
f 3564 3576 3562
f 3565 3566 3567
f 3565 3567 3195
f 3566 33 3554
f 3566 3554 3567
f 15 3208 116
f 15 116 3568
f 1757 3580 3568
f 1757 3568 116
f 117 3580 3570
f 117 3570 3569
f 3216 3230 3569
f 3216 3569 3572
f 3570 3583 3571
f 3570 3571 3572
f 3573 36 3571
f 3573 3571 3574
f 3583 1749 3574
f 3583 3574 3571
f 3215 3573 3574
f 3215 3574 3556
f 3680 39 38
f 3680 38 3681
f 3680 3575 3204
f 3680 3204 3560
f 3575 3562 3576
f 3575 3576 3204
f 121 1753 1745
f 121 1745 3577
f 3658 59 3580
f 3658 3580 1757
f 3658 3689 3578
f 3658 3578 3581
f 3579 119 3570
f 3579 3570 3580
f 3579 3581 118
f 3684 120 3583
f 3684 3583 3570
f 3582 81 1749
f 3582 1749 3583
f 81 3590 1750
f 81 1750 1749
f 81 3582 3584
f 81 3584 3585
f 3686 3586 3563
f 3686 3563 3587
f 122 2240 2235
f 122 2235 3588
f 3588 153 1754
f 3588 1754 1753
f 3589 3720 1758
f 3589 1758 80
f 3589 3590 3585
f 3589 3585 3721
f 83 2834 3599
f 83 3599 143
f 156 123 3591
f 156 3591 61
f 2247 2248 3591
f 2247 3591 3592
f 3592 123 16
f 3592 16 3593
f 3600 3594 3595
f 3600 3595 3601
f 1768 3596 2821
f 1768 2821 44
f 3596 46 2821
f 45 3598 1761
f 45 1761 144
f 45 144 3599
f 45 3599 46
f 3602 2247 3593
f 3602 3593 3601
f 1771 3600 3601
f 1771 3601 3593
f 3692 3602 3601
f 3692 3601 3595
f 126 3664 1767
f 126 1767 44
f 48 47 146
f 48 146 89
f 128 91 127
f 128 127 3604
f 3603 128 3604
f 3603 3604 3605
f 3606 3605 3607
f 3606 3607 3608
f 3608 3609 1862
f 3608 1862 1861
f 3609 164 3610
f 163 53 3667
f 163 3667 3610
f 163 50 2735
f 3707 3614 3613
f 3707 3613 1866
f 3611 3612 3613
f 3611 3613 3614
f 3614 3707 3615
f 3614 3615 3727
f 3618 157 1867
f 3618 1867 3612
f 157 147 3616
f 157 3616 1867
f 157 150 149
f 157 149 3617
f 157 3618 17
f 157 17 2716
f 52 148 3619
f 52 3619 3667
f 148 129 1870
f 148 1870 3619
f 148 56 2720
f 148 2720 2718
f 129 3620 1871
f 129 1871 1870
f 129 148 2718
f 129 2718 2717
f 3622 145 1874
f 3622 1874 1871
f 3622 3620 2715
f 3622 2715 3621
f 145 3622 3621
f 145 3621 146
f 1893 1894 3708
f 1893 3708 3712
f 3623 3624 3822
f 3623 3822 3709
f 3624 3710 3625
f 3624 3625 3822
f 3724 3626 3627
f 3724 3627 130
f 2727 3628 3627
f 2727 3627 3629
f 3626 1884 3629
f 3626 3629 3627
f 2725 2727 3629
f 2725 3629 3711
f 172 2725 3711
f 172 3711 3668
f 3630 1885 3634
f 3630 3634 171
f 3631 172 3634
f 3631 3634 3632
f 1885 3633 3632
f 1885 3632 3634
f 2736 3631 3632
f 2736 3632 3637
f 3633 3635 151
f 3633 151 3636
f 2723 3637 151
f 2723 151 161
f 3712 3708 3638
f 3712 3638 3639
f 3352 3339 3713
f 3352 3713 3653
f 3715 3332 2220
f 3715 2220 3714
f 3332 20 3640
f 3332 3640 2220
f 19 131 2233
f 19 2233 3640
f 2232 3641 3642
f 2232 3642 2222
f 2232 174 62
f 2232 62 3325
f 3643 3644 2224
f 3643 2224 3642
f 3643 3641 3326
f 3643 3326 3645
f 3644 3717 2225
f 3644 2225 2224
f 3644 3643 3645
f 3644 3645 3314
f 3717 3647 3646
f 3717 3646 2225
f 3647 3649 2227
f 3647 2227 3646
f 3647 3717 3648
f 3647 3648 3324
f 3649 132 3651
f 3649 3651 2227
f 3649 3647 3324
f 3649 3324 3331
f 134 133 3650
f 134 3650 3651
f 96 3652 2229
f 96 2229 3654
f 96 95 3336
f 96 3336 21
f 21 3653 2231
f 21 2231 3652
f 3653 3713 2219
f 3653 2219 2231
f 3654 2234 3337
f 3654 3337 95
f 3206 141 1752
f 3206 1752 3559
f 59 3658 3581
f 3660 152 2241
f 3660 2241 3661
f 3662 3663 42
f 3662 42 2832
f 41 154 3687
f 86 43 3698
f 86 3698 3700
f 87 125 1778
f 87 1778 3664
f 3665 93 2729
f 3665 2729 3666
f 3630 171 3668
f 3630 3668 3711
f 3669 3670 1888
f 3669 1888 1891
f 3671 1877 2716
f 3671 2716 3672
f 138 2 1628
f 138 1628 1629
f 137 3543 1641
f 137 1641 1640
f 3222 71 3544
f 3222 3544 3223
f 72 165 1722
f 72 1722 70
f 3673 3677 3549
f 3673 3549 3674
f 3549 3677 3199
f 3549 3199 3198
f 14 140 3675
f 14 3675 3676
f 3677 3678 3552
f 3677 3552 3199
f 58 73 74
f 58 74 3679
f 77 3553 1747
f 77 1747 1748
f 3566 3565 35
f 3566 35 3577
f 3575 3680 3681
f 3575 3681 3587
f 3563 3586 3682
f 3563 3682 35
f 3682 3586 3688
f 3682 3688 3683
f 35 3682 121
f 35 121 3577
f 121 3682 3683
f 121 3683 2240
f 3684 118 2830
f 3684 2830 2836
f 3685 3686 3587
f 3685 3587 3681
f 2251 3686 3685
f 2251 3685 3687
f 3586 3686 2251
f 3586 2251 3688
f 1754 3662 3689
f 1754 3689 1756
f 3689 3662 2832
f 3689 2832 3578
f 155 60 3690
f 155 3690 1758
f 2237 154 155
f 2237 155 2238
f 3694 3693 3595
f 3694 3595 3594
f 3595 3693 3691
f 3595 3691 3692
f 3697 3693 3694
f 3697 3694 3695
f 3691 3693 3697
f 3691 3697 3696
f 3696 3697 84
f 3696 84 3661
f 1760 3698 3663
f 1760 3663 142
f 85 3699 2818
f 85 2818 2833
f 1766 1778 3699
f 1766 3699 3700
f 3701 3702 2822
f 3701 2822 2820
f 88 1861 3703
f 88 3703 3704
f 48 1866 1854
f 48 1854 3705
f 90 128 1860
f 90 1860 3706
f 3707 92 89
f 3707 89 3615
f 2730 2729 147
f 2730 147 3617
f 1880 3623 3708
f 1880 3708 1894
f 3708 3623 3709
f 3708 3709 3638
f 3624 3623 1880
f 3624 1880 1879
f 1882 3671 3710
f 1882 3710 1879
f 3711 3629 1884
f 3711 1884 3630
f 1889 1888 56
f 1889 56 160
f 1893 3712 94
f 1893 94 1891
f 94 3712 3639
f 94 3639 2721
f 3713 3715 3714
f 3713 3714 2219
f 3340 3715 3713
f 3340 3713 3339
f 3332 3715 3340
f 3332 3340 3716
f 3717 3644 3314
f 3717 3314 3648
f 3653 21 3351
f 3653 3351 3352
f 22 3718 174
f 22 174 131
f 1743 58 112
f 1743 112 111
f 110 3557 3719
f 142 152 3660
f 142 3660 124
f 3720 3589 3721
f 3720 3721 2834
f 99 98 19
f 99 19 3334
f 134 69 28
f 134 28 135
f 69 102 57
f 69 57 3337
f 158 3722 3723
f 158 3723 3210
f 3724 18 150
f 3724 150 1875
f 3727 3615 234
f 3727 234 3726
f 3725 3728 3726
f 3725 3726 234
f 2712 3727 3726
f 2712 3726 2713
f 3728 3731 3729
f 3728 3729 3730
f 2714 2713 3729
f 2714 3729 228
f 228 3729 3731
f 228 3731 1031
f 177 176 1031
f 177 1031 3732
f 177 235 2697
f 177 2697 2696
f 235 3732 1030
f 235 1030 194
f 1032 178 2701
f 1032 2701 193
f 178 208 249
f 178 249 2701
f 207 3733 2708
f 207 2708 2707
f 209 3734 232
f 209 232 207
f 3734 3735 233
f 3734 233 232
f 146 3621 233
f 146 233 3736
f 3735 3738 3736
f 3735 3736 233
f 89 146 3736
f 89 3736 3737
f 3737 3738 1047
f 3737 1047 3739
f 3740 3615 89
f 3740 89 3739
f 2698 194 1038
f 2698 1038 3743
f 2698 3742 2684
f 2698 2684 3741
f 3742 3743 212
f 3742 212 236
f 1040 3808 2685
f 1040 2685 236
f 3808 211 2700
f 3808 2700 2685
f 3810 3811 1124
f 3810 1124 1123
f 3745 219 3744
f 3745 3744 1133
f 219 1142 1136
f 219 1136 3744
f 219 3745 2578
f 219 2578 220
f 182 238 221
f 182 221 1139
f 182 181 2591
f 182 2591 2592
f 2593 184 183
f 2593 183 218
f 3746 3814 1144
f 3746 1144 183
f 3751 3747 3750
f 3751 3750 1140
f 3751 3748 3749
f 3751 3749 3752
f 3747 3815 1132
f 3747 1132 3750
f 3747 3751 3752
f 3747 3752 3816
f 239 225 2576
f 239 2576 3753
f 1147 3758 3757
f 1147 3757 3754
f 3755 3756 3757
f 3755 3757 226
f 226 3758 186
f 226 186 187
f 2595 3774 243
f 2595 243 202
f 202 243 3759
f 202 3759 3760
f 202 244 3761
f 202 3761 223
f 251 244 2582
f 251 2582 3749
f 3762 1151 1150
f 3762 1150 3776
f 3762 3777 2583
f 3762 2583 252
f 3906 3763 3818
f 3906 3818 3819
f 3764 3766 3765
f 3764 3765 2574
f 3766 240 3753
f 3766 3753 3765
f 3767 3755 187
f 3767 187 3768
f 3925 3769 3768
f 3925 3768 187
f 245 3769 331
f 245 331 3771
f 3770 2588 3771
f 3770 3771 196
f 331 3772 3773
f 331 3773 196
f 2598 2600 3773
f 2598 3773 3775
f 3772 3930 3775
f 3772 3775 3773
f 3774 2598 3775
f 3774 3775 243
f 3776 3819 2585
f 3776 2585 3777
f 3819 3818 2572
f 3819 2572 2585
f 3639 3638 3798
f 3639 3798 3778
f 3820 3779 3780
f 3820 3780 3821
f 3779 189 3782
f 3779 3782 3780
f 246 3825 3781
f 246 3781 3782
f 1622 3783 3784
f 1622 3784 3785
f 1622 3824 2706
f 1622 2706 247
f 3786 3790 3789
f 3786 3789 3784
f 3786 3783 2693
f 3786 2693 3787
f 3790 3823 3788
f 3790 3788 3789
f 3790 3786 3787
f 3790 3787 3791
f 3823 3802 1613
f 3823 1613 3788
f 197 3792 1615
f 197 1615 1613
f 197 3793 256
f 197 256 3794
f 3792 201 1616
f 3792 1616 1615
f 3792 197 3794
f 3792 3794 2703
f 3733 3795 3796
f 3733 3796 1616
f 248 1619 3797
f 248 3797 250
f 248 3801 191
f 248 191 190
f 190 3778 3799
f 190 3799 1619
f 3778 3798 1608
f 3778 1608 3799
f 250 3800 179
f 250 179 3801
f 195 222 3813
f 195 3813 214
f 252 253 3760
f 252 3760 1151
f 3803 3806 203
f 3803 203 3804
f 3806 255 3804
f 205 204 2706
f 205 2706 206
f 208 178 3807
f 208 3807 209
f 211 3808 180
f 211 180 1043
f 213 216 1122
f 213 1122 3809
f 2616 2607 216
f 2616 216 214
f 215 3810 1123
f 215 1123 1122
f 3811 3810 2608
f 3811 2608 237
f 1132 3815 3745
f 1132 3745 1133
f 3745 3815 3817
f 3745 3817 2578
f 3812 3813 238
f 3812 238 2592
f 185 202 3814
f 185 3814 3746
f 3815 3747 3816
f 3815 3816 3817
f 199 224 220
f 199 220 2587
f 225 239 241
f 225 241 1147
f 3903 3764 3818
f 3903 3818 3763
f 3818 3764 2574
f 3818 2574 2572
f 3766 3764 3903
f 3766 3903 3902
f 3819 3776 188
f 3819 188 3906
f 3798 3820 3821
f 3798 3821 1608
f 3709 3820 3798
f 3709 3798 3638
f 3779 3820 3709
f 3779 3709 3822
f 3823 3790 3791
f 3823 3791 256
f 3778 190 2721
f 3778 2721 3639
f 228 229 3824
f 228 3824 3825
f 1142 199 198
f 1142 198 1143
f 2714 227 246
f 2714 246 2710
f 207 232 3826
f 207 3826 179
f 3754 3757 3756
f 3754 3756 2591
f 268 270 3902
f 267 269 347
f 267 347 316
f 267 316 318
f 267 318 270
f 317 1152 318
f 3828 273 3829
f 3828 3829 288
f 273 3830 1155
f 273 1155 272
f 1158 1159 1155
f 1158 1155 3831
f 3830 3904 3831
f 3830 3831 1155
f 3832 1158 3831
f 3832 3831 3833
f 1168 3832 3833
f 1168 3833 3895
f 351 3835 289
f 351 289 3884
f 3837 1168 289
f 3837 289 3834
f 3835 356 3834
f 3835 3834 289
f 3836 3837 3834
f 3836 3834 274
f 356 355 276
f 356 276 274
f 314 334 276
f 314 276 275
f 1285 3838 3908
f 1285 3908 3849
f 3839 3887 888
f 3839 888 3840
f 3841 299 890
f 3841 890 888
f 3842 3886 3843
f 3842 3843 3841
f 3844 323 895
f 3844 895 894
f 3844 278 1263
f 3844 1263 1262
f 323 3845 896
f 323 896 895
f 323 3844 1262
f 323 1262 322
f 279 1272 896
f 279 896 3846
f 1272 324 3847
f 1272 3847 896
f 279 1248 1261
f 279 1261 1272
f 279 3846 322
f 279 322 1248
f 291 3848 898
f 291 898 3847
f 3848 326 899
f 3848 899 898
f 3848 291 325
f 3848 325 327
f 3849 3908 886
f 3849 886 3910
f 3850 280 300
f 3850 300 904
f 340 344 284
f 340 284 338
f 340 3851 906
f 340 906 300
f 340 339 1265
f 340 1265 3852
f 3851 340 3852
f 3851 3852 1263
f 3853 301 909
f 3853 909 908
f 326 327 1269
f 326 1269 3853
f 282 3854 1268
f 282 1268 3855
f 301 3853 1269
f 301 1269 3854
f 302 3856 3857
f 302 3857 342
f 1280 1281 3857
f 1280 3857 3858
f 3858 3856 259
f 3858 259 3863
f 3862 915 3888
f 3862 3888 3892
f 258 257 3859
f 258 3859 3868
f 257 307 1257
f 257 1257 3859
f 3860 1280 3863
f 3860 3863 3893
f 3861 3862 3893
f 3861 3893 3863
f 3864 3860 3893
f 3864 3893 3865
f 3920 3919 3915
f 3920 3915 933
f 3920 3922 3867
f 3920 3867 1256
f 3922 3866 1238
f 3922 1238 3867
f 258 3868 3866
f 258 3866 3869
f 3866 3868 1258
f 3866 1258 1238
f 3870 3871 3872
f 3870 3872 994
f 3870 3873 3874
f 3870 3874 1177
f 3871 3875 996
f 3871 996 3872
f 3875 309 308
f 3875 308 996
f 266 265 3772
f 266 3772 331
f 260 3876 1010
f 260 1010 309
f 3876 312 1011
f 3876 1011 1010
f 309 3875 261
f 309 261 260
f 330 331 3769
f 330 3769 3924
f 263 3877 3878
f 263 3878 3923
f 264 333 3879
f 264 3879 3877
f 333 319 3880
f 333 3880 3879
f 288 1154 3931
f 288 3931 333
f 3881 315 3883
f 3881 3883 329
f 312 261 3882
f 312 3882 3881
f 315 336 3928
f 315 3928 3883
f 351 3884 3895
f 351 3895 3833
f 336 315 1153
f 336 1153 337
f 296 3885 358
f 296 358 297
f 307 920 922
f 307 922 3855
f 911 283 1283
f 911 1283 1286
f 3864 3865 3892
f 3864 3892 3888
f 1276 3891 3890
f 1276 3890 344
f 3889 3890 3891
f 3889 3891 304
f 306 285 305
f 306 305 3917
f 310 320 321
f 310 321 3933
f 3894 3926 1148
f 3894 1148 3930
f 290 277 1153
f 290 1153 3896
f 294 3898 287
f 294 287 293
f 3899 3901 3907
f 3899 3907 3900
f 3907 3901 3903
f 3907 3903 3763
f 269 268 3901
f 269 3901 3899
f 3901 268 3902
f 3901 3902 3903
f 3833 3831 3904
f 3833 3904 351
f 359 358 290
f 359 290 3897
f 361 3905 298
f 361 298 297
f 298 3905 3906
f 298 3906 188
f 3900 3907 3905
f 3900 3905 361
f 3905 3907 3763
f 3905 3763 3906
f 3908 3839 3840
f 3908 3840 886
f 3886 3839 3908
f 3886 3908 3838
f 299 3841 3843
f 299 3843 3909
f 3912 3849 3910
f 3912 3910 3911
f 1285 3849 3912
f 1285 3912 1286
f 301 3913 341
f 301 341 909
f 917 3914 3888
f 917 3888 915
f 3888 3914 1278
f 3888 1278 3864
f 303 3914 917
f 303 917 913
f 1278 3914 303
f 1278 303 304
f 919 305 339
f 919 339 338
f 3915 3919 3916
f 3915 3916 3917
f 1266 3918 3916
f 1266 3916 3919
f 3922 3920 933
f 3922 933 3921
f 3866 3922 3921
f 3866 3921 3869
f 3871 3870 1177
f 3871 1177 1176
f 3875 3871 1176
f 3875 1176 1178
f 266 313 1018
f 266 1018 1025
f 313 3924 3923
f 313 3923 3878
f 3923 3924 3769
f 3923 3769 3925
f 333 264 262
f 333 262 1152
f 3926 3894 3927
f 3926 3927 3928
f 3927 3894 3929
f 3927 3929 1024
f 3929 3894 3930
f 3929 3930 3772
f 1162 321 319
f 1162 319 3931
f 3932 1283 3913
f 3932 3913 343
f 311 328 3873
f 311 3873 1021
f 328 3933 3874
f 328 3874 3873
# 7862 faces, 0 coords texture

# End of File
