####
#
# OBJ File Generated by Meshlab
#
####
# Object 8_fertility_output_res_3.5.obj
#
# Vertices: 5424
# Faces: 10860
#
####
v -0.122340 0.150942 0.063420
v -0.271498 0.209338 0.083296
v -0.297555 0.086491 0.083500
v -0.185182 0.029910 0.048604
v -0.043259 0.258945 0.037538
v -0.041617 0.332038 0.064653
v -0.119193 0.151612 -0.052577
v -0.045602 0.259293 -0.025489
v -0.001128 0.022783 0.041586
v -0.001010 0.025824 -0.037963
v -0.071656 -0.038078 0.043370
v -0.184054 0.029960 -0.038813
v -0.074530 -0.038268 -0.037815
v -0.153538 -0.250096 0.050618
v -0.153569 -0.248853 -0.048183
v -0.238742 -0.292283 0.065980
v -0.267993 0.214757 -0.096502
v -0.295542 0.084004 -0.087075
v -0.045225 0.332005 -0.050841
v -0.237600 -0.290355 -0.055253
v -0.049735 -0.087602 0.035935
v 0.036370 -0.087247 0.042406
v -0.123499 -0.355176 0.063537
v -0.052750 -0.087070 -0.032202
v 0.123356 -0.019999 0.038580
v 0.101663 0.020221 0.022718
v 0.034797 -0.084902 -0.038884
v 0.120737 -0.015546 -0.038156
v -0.124973 -0.356206 -0.063228
v 0.099987 0.023045 -0.019982
v 0.036186 0.253882 -0.025483
v 0.037893 0.252503 0.033558
v 0.133499 0.064137 -0.022521
v 0.137035 0.062351 0.027983
v 0.041031 0.314646 -0.039936
v 0.164365 0.041657 -0.034874
v 0.043344 0.312898 0.050901
v 0.167412 0.038692 0.036145
v -0.224029 -0.381793 0.056076
v -0.223493 -0.378498 -0.048476
v 0.119924 0.001229 -0.045685
v 0.117046 0.011143 -0.053814
v 0.111646 0.018253 -0.065364
v 0.105573 0.024449 -0.074968
v 0.097398 0.032219 -0.084158
v 0.088479 0.039441 -0.092418
v 0.077666 0.047619 -0.100899
v 0.066245 0.056393 -0.108948
v 0.053433 0.066606 -0.117101
v 0.041347 0.079142 -0.124004
v 0.030191 0.092451 -0.130694
v 0.020342 0.106942 -0.136371
v 0.011483 0.122581 -0.140594
v 0.003046 0.138981 -0.143923
v -0.004424 0.156530 -0.144991
v -0.011112 0.174819 -0.144105
v -0.016726 0.193373 -0.141229
v -0.021541 0.211781 -0.136500
v -0.024937 0.229545 -0.129865
v -0.027507 0.246384 -0.121550
v -0.029204 0.262079 -0.112046
v -0.030604 0.275911 -0.101313
v -0.031644 0.287448 -0.090007
v -0.032366 0.296753 -0.079766
v -0.034440 0.306035 -0.068711
v -0.037676 0.317148 -0.060083
v 0.033749 0.305175 -0.054024
v 0.031674 0.298251 -0.065766
v 0.027432 0.290163 -0.077674
v 0.024982 0.281453 -0.087619
v 0.022488 0.271183 -0.097643
v 0.020912 0.258949 -0.106863
v 0.020174 0.245130 -0.114888
v 0.019854 0.230296 -0.121395
v 0.020173 0.214838 -0.126313
v 0.020648 0.198821 -0.129331
v 0.022751 0.182819 -0.130752
v 0.025933 0.167137 -0.130947
v 0.030915 0.152349 -0.130120
v 0.036968 0.138315 -0.128214
v 0.043362 0.124778 -0.125296
v 0.051539 0.112263 -0.121686
v 0.061048 0.100354 -0.117444
v 0.072317 0.089372 -0.112603
v 0.084409 0.079505 -0.106945
v 0.095937 0.070319 -0.100456
v 0.106896 0.062679 -0.093628
v 0.117183 0.056266 -0.086024
v 0.127294 0.050815 -0.077876
v 0.135676 0.045732 -0.067880
v 0.144543 0.042331 -0.057833
v 0.154936 0.039874 -0.048057
v -0.297564 0.098702 -0.092936
v -0.300611 0.114656 -0.100132
v -0.303997 0.130144 -0.107811
v -0.305996 0.147260 -0.117251
v -0.301115 0.167424 -0.125312
v -0.288126 0.187443 -0.121738
v -0.276072 0.203969 -0.111099
v -0.163998 -0.258563 -0.070325
v -0.167517 -0.263289 -0.092116
v -0.172647 -0.268815 -0.114427
v -0.192878 -0.275887 -0.124744
v -0.213752 -0.282108 -0.126331
v -0.235692 -0.287273 -0.118115
v -0.237600 -0.288665 -0.094798
v -0.237683 -0.288849 -0.074576
v -0.197357 0.043221 -0.048390
v -0.210008 0.054398 -0.056476
v -0.223727 0.062338 -0.066624
v -0.232852 0.066061 -0.083027
v -0.237071 0.070897 -0.101025
v -0.249899 0.074684 -0.118157
v -0.272907 0.076464 -0.125238
v -0.295389 0.078574 -0.110411
v 0.100627 0.030119 -0.030960
v 0.100312 0.033084 -0.038542
v 0.097941 0.037978 -0.046528
v 0.093912 0.042261 -0.054096
v 0.087999 0.047190 -0.061378
v 0.079789 0.052783 -0.068125
v 0.070538 0.059611 -0.074671
v 0.059869 0.068083 -0.080848
v 0.048389 0.078240 -0.086519
v 0.036935 0.089579 -0.091384
v 0.026250 0.101717 -0.095029
v 0.016766 0.114482 -0.097556
v 0.008381 0.127729 -0.099323
v 0.001505 0.141425 -0.101282
v -0.004960 0.155192 -0.101103
v -0.010571 0.169042 -0.099501
v -0.015498 0.182507 -0.095872
v -0.019343 0.195369 -0.091533
v -0.022765 0.207309 -0.085946
v -0.025712 0.217814 -0.078625
v -0.028102 0.227843 -0.070525
v -0.028991 0.237592 -0.062888
v -0.029744 0.245126 -0.055308
v -0.031451 0.250261 -0.048214
v -0.034203 0.253335 -0.040777
v -0.037866 0.257100 -0.034108
v 0.026971 0.252996 -0.034857
v 0.021971 0.250524 -0.042630
v 0.019428 0.245948 -0.050123
v 0.015044 0.243438 -0.058425
v 0.011336 0.239237 -0.067313
v 0.008628 0.233257 -0.076436
v 0.007641 0.224891 -0.084845
v 0.008274 0.214604 -0.091385
v 0.009683 0.203101 -0.096663
v 0.011595 0.190668 -0.100999
v 0.014549 0.177355 -0.103926
v 0.018550 0.164012 -0.105383
v 0.023565 0.150934 -0.105550
v 0.029540 0.138406 -0.104469
v 0.036282 0.126217 -0.102697
v 0.044581 0.114918 -0.099376
v 0.053943 0.103970 -0.095230
v 0.064504 0.093909 -0.089789
v 0.075243 0.084665 -0.083793
v 0.085358 0.076442 -0.077627
v 0.094377 0.069922 -0.071113
v 0.102429 0.064557 -0.064388
v 0.109773 0.060566 -0.057072
v 0.116339 0.058666 -0.049198
v 0.122653 0.058252 -0.040252
v 0.127657 0.059516 -0.032611
v -0.134225 0.158665 -0.066652
v -0.148505 0.164132 -0.076593
v -0.163623 0.169573 -0.082924
v -0.179527 0.175532 -0.086601
v -0.196307 0.182245 -0.088796
v -0.213946 0.189501 -0.090718
v -0.232175 0.197465 -0.092931
v -0.250198 0.205314 -0.091926
v -0.151847 -0.264632 -0.059608
v -0.148802 -0.277418 -0.066127
v -0.145126 -0.290299 -0.070929
v -0.140769 -0.303228 -0.073960
v -0.136034 -0.316396 -0.075745
v -0.131262 -0.330090 -0.076091
v -0.127128 -0.344414 -0.072279
v -0.125824 0.131711 -0.067252
v -0.134340 0.114535 -0.074400
v -0.142817 0.098552 -0.077338
v -0.151225 0.083230 -0.077362
v -0.159464 0.068846 -0.072627
v -0.166785 0.055903 -0.063808
v -0.174351 0.043294 -0.053203
v -0.222882 -0.383421 -0.054028
v -0.221479 -0.392458 -0.063684
v -0.209894 -0.399205 -0.073424
v -0.193077 -0.393471 -0.074408
v -0.177526 -0.386673 -0.073842
v -0.162233 -0.380080 -0.072785
v -0.148659 -0.373048 -0.070572
v -0.136502 -0.365210 -0.067193
v -0.058588 0.336834 -0.046325
v -0.068897 0.339543 -0.043918
v -0.077962 0.340237 -0.042996
v -0.086911 0.340049 -0.042434
v -0.095980 0.338966 -0.041908
v -0.105096 0.337364 -0.041757
v -0.114586 0.335458 -0.042319
v -0.124238 0.332920 -0.043225
v -0.134294 0.330119 -0.045199
v -0.144748 0.326508 -0.047663
v -0.155594 0.322100 -0.050834
v -0.166967 0.316632 -0.054896
v -0.178994 0.309906 -0.060192
v -0.192031 0.301084 -0.066291
v -0.206016 0.289833 -0.072551
v -0.220217 0.275302 -0.076850
v -0.231789 0.258572 -0.078865
v -0.243269 0.241410 -0.081797
v -0.252939 0.225354 -0.083179
v -0.282646 0.225774 0.085715
v -0.294343 0.243206 0.075324
v -0.313046 0.256069 0.056472
v -0.322635 0.257429 0.027813
v -0.323490 0.256380 0.000164
v -0.323267 0.257239 -0.027174
v -0.317796 0.258877 -0.057839
v -0.296970 0.249100 -0.082168
v -0.280842 0.231397 -0.093111
v -0.224768 -0.370768 -0.050016
v -0.226285 -0.361787 -0.053102
v -0.228151 -0.350685 -0.055541
v -0.230052 -0.338901 -0.057156
v -0.231979 -0.326572 -0.057832
v -0.233963 -0.314316 -0.057398
v -0.235932 -0.301683 -0.056487
v -0.012854 0.014972 -0.049912
v -0.024852 0.007306 -0.057024
v -0.034852 -0.001533 -0.060817
v -0.044800 -0.009726 -0.060933
v -0.052986 -0.017599 -0.057143
v -0.059948 -0.024655 -0.051792
v -0.066805 -0.031714 -0.045417
v -0.239561 -0.277097 -0.056186
v -0.241345 -0.265216 -0.056664
v -0.243402 -0.251845 -0.058095
v -0.245449 -0.238189 -0.059710
v -0.247608 -0.224009 -0.061105
v -0.249801 -0.209456 -0.062290
v -0.251968 -0.194615 -0.063117
v -0.254202 -0.179648 -0.063770
v -0.256466 -0.164352 -0.064269
v -0.258729 -0.149084 -0.064764
v -0.261085 -0.133634 -0.065210
v -0.263436 -0.118252 -0.065685
v -0.265805 -0.102806 -0.066203
v -0.268193 -0.087431 -0.066801
v -0.270568 -0.072146 -0.067495
v -0.272932 -0.056873 -0.068326
v -0.275346 -0.041685 -0.069279
v -0.277775 -0.026531 -0.070296
v -0.280221 -0.011135 -0.071400
v -0.282654 0.004121 -0.072556
v -0.285156 0.019735 -0.073834
v -0.287731 0.035541 -0.075529
v -0.290455 0.051602 -0.077979
v -0.293119 0.068049 -0.081358
v 0.006579 0.007972 -0.042838
v 0.011110 -0.004768 -0.045420
v 0.015338 -0.016194 -0.047031
v 0.019371 -0.027359 -0.047776
v 0.023101 -0.038438 -0.047743
v 0.026655 -0.049404 -0.046915
v 0.029608 -0.059749 -0.045526
v 0.032091 -0.070731 -0.043277
v 0.021017 -0.088407 -0.047667
v 0.008447 -0.090505 -0.052850
v -0.004245 -0.091238 -0.055095
v -0.016023 -0.090979 -0.053365
v -0.026138 -0.089758 -0.049377
v -0.035160 -0.088102 -0.044550
v -0.043990 -0.086524 -0.039123
v -0.199091 0.028057 -0.029168
v -0.209239 0.023391 -0.024276
v -0.214368 0.011967 -0.025467
v -0.212378 0.001500 -0.028409
v -0.210442 -0.009183 -0.031179
v -0.208794 -0.020225 -0.033775
v -0.206986 -0.031464 -0.036038
v -0.204722 -0.043232 -0.038007
v -0.201971 -0.055344 -0.039816
v -0.198913 -0.067925 -0.041423
v -0.195790 -0.080972 -0.042731
v -0.192976 -0.094422 -0.043861
v -0.190513 -0.108170 -0.044796
v -0.188000 -0.122035 -0.045633
v -0.185408 -0.135827 -0.046200
v -0.182768 -0.149550 -0.046709
v -0.180446 -0.163024 -0.046908
v -0.178567 -0.176189 -0.046881
v -0.176814 -0.188765 -0.046796
v -0.175101 -0.200758 -0.046520
v -0.173336 -0.211933 -0.046390
v -0.170625 -0.222825 -0.046015
v -0.166089 -0.231466 -0.046539
v -0.161147 -0.240845 -0.047286
v -0.051941 0.267764 -0.032831
v -0.053730 0.273603 -0.037878
v -0.054249 0.278739 -0.042228
v -0.054070 0.284341 -0.045868
v -0.053280 0.290776 -0.048466
v -0.052909 0.298238 -0.050760
v -0.052462 0.306962 -0.052358
v -0.051340 0.318141 -0.053278
v -0.166024 0.023292 -0.038155
v -0.153116 0.017479 -0.037457
v -0.141902 0.011848 -0.036998
v -0.131986 0.006109 -0.036621
v -0.122659 0.000035 -0.036505
v -0.113707 -0.006258 -0.036564
v -0.105025 -0.012596 -0.036709
v -0.096549 -0.019049 -0.037081
v -0.088237 -0.025595 -0.037540
v -0.080675 -0.032084 -0.037826
v 0.023903 0.323084 -0.045127
v 0.007146 0.328600 -0.048432
v -0.009994 0.332624 -0.050898
v -0.027261 0.334108 -0.051596
v 0.028893 -0.103250 -0.038723
v 0.023784 -0.119057 -0.037860
v 0.018694 -0.133870 -0.037624
v 0.012233 -0.149238 -0.037691
v 0.004962 -0.164903 -0.037750
v -0.002640 -0.180987 -0.038118
v -0.010406 -0.197204 -0.039065
v -0.018735 -0.213276 -0.040197
v -0.027676 -0.229402 -0.041507
v -0.037321 -0.245138 -0.042658
v -0.047437 -0.260598 -0.043991
v -0.058047 -0.275471 -0.045246
v -0.068660 -0.290173 -0.047279
v -0.079253 -0.304596 -0.050010
v -0.090129 -0.319089 -0.053005
v -0.101433 -0.332689 -0.056132
v -0.113255 -0.345572 -0.059258
v 0.172607 0.052039 -0.026418
v 0.180966 0.060342 -0.027220
v 0.189096 0.066713 -0.030458
v 0.196289 0.075601 -0.033622
v 0.202260 0.087467 -0.035431
v 0.205303 0.102118 -0.034730
v 0.204862 0.116958 -0.029841
v 0.201602 0.128623 -0.022960
v 0.200714 0.143008 -0.022897
v 0.204667 0.153068 -0.033346
v 0.206337 0.167160 -0.044755
v 0.203938 0.186957 -0.052695
v 0.197189 0.208497 -0.054872
v 0.187544 0.228576 -0.053634
v 0.176025 0.245811 -0.050054
v 0.164046 0.259897 -0.045064
v 0.152455 0.271573 -0.040153
v 0.141286 0.281626 -0.036183
v 0.130592 0.290345 -0.032585
v 0.120121 0.297264 -0.029865
v 0.110016 0.302983 -0.027749
v 0.100144 0.307327 -0.026675
v 0.091106 0.310728 -0.026210
v 0.082383 0.313094 -0.026361
v 0.073898 0.313424 -0.026536
v 0.065898 0.314818 -0.029104
v 0.054661 0.314116 -0.032364
v -0.105851 0.133309 -0.048047
v -0.094828 0.119760 -0.045685
v -0.084319 0.108091 -0.043607
v -0.074477 0.097698 -0.042070
v -0.064929 0.087856 -0.041001
v -0.055419 0.078495 -0.040281
v -0.046136 0.069257 -0.039813
v -0.036914 0.059822 -0.039556
v -0.027167 0.049822 -0.039294
v -0.015630 0.038024 -0.038859
v -0.054984 -0.079843 -0.032768
v -0.057256 -0.074339 -0.032969
v -0.059256 -0.069570 -0.033098
v -0.061463 -0.064661 -0.033494
v -0.063585 -0.059740 -0.034156
v -0.065734 -0.054690 -0.034973
v -0.067885 -0.049588 -0.036099
v -0.070669 -0.044231 -0.037027
v 0.049749 0.264286 -0.020677
v 0.060628 0.269459 -0.017783
v 0.068282 0.271386 -0.016915
v 0.075168 0.271255 -0.016862
v 0.081154 0.270631 -0.016887
v 0.087231 0.269014 -0.017052
v 0.093641 0.266777 -0.017426
v 0.100582 0.262798 -0.018357
v 0.107455 0.257281 -0.019739
v 0.113323 0.249474 -0.022449
v 0.117151 0.239534 -0.027084
v 0.118669 0.228091 -0.034163
v 0.122066 0.213718 -0.041133
v 0.129262 0.196632 -0.043673
v 0.139550 0.181400 -0.040231
v 0.150065 0.169245 -0.034609
v 0.159520 0.159240 -0.028267
v 0.167167 0.151160 -0.021984
v 0.171748 0.141977 -0.017268
v 0.169600 0.131624 -0.017730
v 0.164341 0.123954 -0.020935
v 0.157749 0.116525 -0.024582
v 0.151901 0.108594 -0.027246
v 0.147275 0.099771 -0.027255
v 0.145779 0.091402 -0.024553
v 0.143264 0.083792 -0.022923
v 0.140810 0.074516 -0.021294
v 0.044132 0.268378 -0.033780
v 0.047926 0.282136 -0.039354
v 0.047189 0.297396 -0.042050
v 0.020289 0.028131 -0.033242
v 0.035519 0.031625 -0.037748
v 0.050574 0.032325 -0.035916
v 0.061481 0.029139 -0.031309
v 0.069989 0.024214 -0.026789
v 0.076952 0.019032 -0.021939
v 0.085479 0.015076 -0.017567
v 0.045144 -0.071643 -0.032196
v 0.057725 -0.063722 -0.031296
v 0.069147 -0.062602 -0.037645
v 0.081828 -0.058729 -0.041544
v 0.093956 -0.052277 -0.042960
v 0.104739 -0.043490 -0.042406
v 0.113013 -0.031083 -0.039668
v 0.160980 0.025633 -0.041507
v 0.153345 0.013349 -0.044397
v 0.143091 0.002537 -0.044296
v 0.132416 -0.005795 -0.041195
v -0.298124 0.089654 0.062701
v -0.298277 0.090838 0.045609
v -0.298278 0.091476 0.030028
v -0.298056 0.091558 0.014489
v -0.297794 0.091365 -0.001200
v -0.297555 0.090959 -0.017061
v -0.297312 0.090254 -0.033277
v -0.297000 0.089114 -0.049498
v -0.296507 0.087089 -0.066915
v -0.051343 -0.095773 -0.031111
v -0.050730 -0.106595 -0.029558
v -0.051578 -0.118281 -0.027890
v -0.053706 -0.130735 -0.026448
v -0.056902 -0.143364 -0.025300
v -0.060937 -0.156043 -0.024204
v -0.066143 -0.168334 -0.023634
v -0.072816 -0.179975 -0.023666
v -0.080469 -0.190852 -0.024242
v -0.088777 -0.200928 -0.025063
v -0.097613 -0.210476 -0.026217
v -0.106753 -0.219219 -0.027745
v -0.116331 -0.227415 -0.029999
v -0.124636 -0.233937 -0.032664
v -0.132139 -0.239512 -0.035583
v -0.137769 -0.243211 -0.038083
v -0.144089 -0.246947 -0.041784
v -0.120252 -0.364094 0.053294
v -0.117340 -0.369592 0.041301
v -0.114854 -0.373325 0.028326
v -0.113563 -0.375302 0.014616
v -0.113794 -0.375449 0.000756
v -0.114996 -0.374381 -0.012990
v -0.117151 -0.372328 -0.026445
v -0.119774 -0.369051 -0.039240
v -0.122969 -0.364181 -0.051833
v 0.113288 -0.010341 -0.036854
v 0.109271 -0.005794 -0.035216
v 0.106642 -0.001415 -0.033323
v 0.104380 0.002164 -0.031660
v 0.102643 0.004914 -0.029610
v 0.101626 0.007946 -0.027267
v 0.100212 0.011650 -0.023994
v 0.098984 0.017550 -0.024145
v 0.142641 0.063280 -0.029668
v 0.150952 0.059479 -0.033785
v 0.158575 0.051880 -0.035705
v 0.100631 0.038252 -0.021953
v 0.107531 0.050736 -0.021947
v 0.119387 0.058258 -0.022360
v -0.058441 0.267623 -0.022194
v -0.067146 0.270648 -0.020066
v -0.074239 0.272372 -0.019370
v -0.079336 0.272471 -0.018230
v -0.084412 0.272196 -0.017264
v -0.089456 0.271459 -0.016284
v -0.094533 0.270039 -0.015471
v -0.099776 0.267983 -0.015042
v -0.105005 0.265450 -0.014861
v -0.110238 0.262210 -0.014939
v -0.115079 0.257913 -0.015463
v -0.119506 0.252557 -0.016465
v -0.122959 0.245801 -0.018019
v -0.125514 0.237637 -0.020333
v -0.127031 0.228310 -0.023283
v -0.127796 0.217553 -0.027066
v -0.127783 0.205331 -0.031606
v -0.126860 0.190944 -0.037183
v -0.123918 0.173939 -0.043589
v -0.223628 -0.382911 0.048484
v -0.223246 -0.384088 0.039031
v -0.222922 -0.385153 0.027900
v -0.222739 -0.385698 0.015778
v -0.222695 -0.385620 0.003429
v -0.222729 -0.384688 -0.008884
v -0.222892 -0.383065 -0.020599
v -0.223080 -0.381327 -0.031674
v -0.223503 -0.378690 -0.040592
v -0.040986 0.346327 0.052149
v -0.039280 0.353908 0.040712
v -0.037711 0.358681 0.029528
v -0.036652 0.361397 0.017873
v -0.036437 0.362191 0.006121
v -0.037068 0.361525 -0.005646
v -0.038479 0.358972 -0.017191
v -0.040613 0.354135 -0.028196
v -0.042939 0.345759 -0.039401
v -0.079921 -0.043094 0.031900
v -0.087411 -0.046580 0.018396
v -0.091201 -0.048183 0.002849
v -0.089993 -0.047821 -0.013089
v -0.083624 -0.044569 -0.027488
v 0.003479 0.041598 0.031915
v 0.004080 0.056547 0.021728
v 0.005705 0.059703 0.003947
v 0.004411 0.057936 -0.014323
v 0.003699 0.043807 -0.026363
v 0.130586 -0.030438 0.034341
v 0.135208 -0.037546 0.027877
v 0.138708 -0.041775 0.019682
v 0.140110 -0.043759 0.009957
v 0.140060 -0.043680 -0.000235
v 0.138794 -0.042080 -0.010396
v 0.136418 -0.038841 -0.019786
v 0.132495 -0.033977 -0.027599
v 0.127457 -0.026319 -0.033978
v -0.238603 -0.291442 0.050612
v -0.238385 -0.291397 0.038218
v -0.238248 -0.290962 0.026702
v -0.238119 -0.290729 0.015480
v -0.238015 -0.290513 0.004232
v -0.237896 -0.290406 -0.006898
v -0.237785 -0.290421 -0.018003
v -0.237679 -0.290506 -0.029001
v -0.237682 -0.290029 -0.041160
v -0.026472 0.250841 -0.022939
v -0.006523 0.247377 -0.021740
v 0.013966 0.242875 -0.023295
v -0.184432 0.017527 0.031859
v -0.184894 0.012577 0.017390
v -0.184950 0.011787 0.004198
v -0.184749 0.013227 -0.008763
v -0.183939 0.017932 -0.022842
v -0.110888 0.156444 0.042995
v -0.106527 0.158969 0.024474
v -0.106135 0.159142 0.006645
v -0.108005 0.158121 -0.011177
v -0.111232 0.156257 -0.029787
v -0.150350 -0.234897 0.034471
v -0.148871 -0.224263 0.017343
v -0.148266 -0.220544 0.001161
v -0.147778 -0.224419 -0.014704
v -0.149355 -0.234625 -0.030686
v -0.057946 -0.089177 0.026436
v -0.065300 -0.092029 0.015268
v -0.069504 -0.093307 0.002242
v -0.067372 -0.092144 -0.011271
v -0.061304 -0.089043 -0.023042
v 0.042639 0.325058 0.040837
v 0.043250 0.333762 0.032253
v 0.043145 0.339222 0.023730
v 0.042791 0.342389 0.014604
v 0.042365 0.343194 0.005199
v 0.042053 0.342477 -0.004202
v 0.041884 0.340225 -0.013467
v 0.041743 0.335571 -0.022058
v 0.041308 0.327453 -0.030706
v 0.036248 0.248634 0.022255
v 0.034891 0.247085 0.012690
v 0.034160 0.246960 0.004075
v 0.034250 0.247803 -0.004646
v 0.034706 0.249662 -0.014078
v 0.132761 0.066345 0.018834
v 0.130191 0.068141 0.011172
v 0.128865 0.068340 0.003138
v 0.129246 0.068296 -0.004834
v 0.130847 0.066833 -0.013172
v 0.173226 0.034390 0.027420
v 0.176483 0.032199 0.020772
v 0.178195 0.030764 0.014263
v 0.178849 0.030065 0.007512
v 0.178766 0.030164 0.000727
v 0.178108 0.030784 -0.005972
v 0.176767 0.032014 -0.012568
v 0.174809 0.033841 -0.019104
v 0.171299 0.036152 -0.026228
v -0.043155 0.253809 0.026437
v -0.042716 0.251406 0.016074
v -0.042267 0.251154 0.006019
v -0.042973 0.252435 -0.003975
v -0.044586 0.255538 -0.014554
v 0.044930 -0.092392 0.033514
v 0.049694 -0.095534 0.025591
v 0.052592 -0.097323 0.017429
v 0.053615 -0.098124 0.009235
v 0.053519 -0.098086 0.001096
v 0.052760 -0.097467 -0.007064
v 0.050899 -0.096054 -0.015134
v 0.047685 -0.093825 -0.022775
v 0.042302 -0.090265 -0.030369
v 0.098659 0.025187 0.016960
v 0.098990 0.023856 0.008770
v 0.098258 0.025305 0.001454
v 0.097153 0.025414 -0.005291
v 0.097994 0.024915 -0.012393
v 0.055234 0.310924 0.040773
v 0.064986 0.310071 0.036507
v 0.074682 0.310472 0.034057
v 0.082964 0.309288 0.032867
v 0.091594 0.307771 0.031804
v 0.100762 0.304519 0.031485
v 0.110304 0.300185 0.031270
v 0.120489 0.294554 0.031994
v 0.130884 0.287663 0.033640
v 0.141615 0.279764 0.036220
v 0.152809 0.270486 0.039738
v 0.164614 0.259693 0.044235
v 0.176859 0.246791 0.049793
v 0.188889 0.230789 0.055390
v 0.199149 0.210906 0.058374
v 0.205832 0.188991 0.055829
v 0.208140 0.168633 0.048542
v 0.206710 0.153046 0.038073
v 0.203057 0.142878 0.027528
v 0.203460 0.128706 0.026831
v 0.207120 0.116964 0.032990
v 0.207837 0.102436 0.037735
v 0.205517 0.087402 0.038708
v 0.200105 0.074531 0.037328
v 0.193056 0.065503 0.034425
v 0.185317 0.058457 0.031310
v 0.175784 0.050871 0.028659
v 0.051800 0.262909 0.028841
v 0.061203 0.266715 0.025524
v 0.069793 0.268954 0.024452
v 0.075841 0.269079 0.023790
v 0.082018 0.268532 0.023542
v 0.088029 0.266804 0.023723
v 0.094400 0.264091 0.023923
v 0.101310 0.260337 0.023984
v 0.108240 0.255132 0.024396
v 0.114836 0.248142 0.025539
v 0.120047 0.238847 0.028523
v 0.123348 0.227792 0.034246
v 0.127376 0.214686 0.040522
v 0.133933 0.199271 0.044411
v 0.142705 0.183814 0.043600
v 0.152285 0.170883 0.038979
v 0.161113 0.160417 0.032813
v 0.168731 0.152053 0.026061
v 0.174408 0.142913 0.020295
v 0.173277 0.131276 0.020441
v 0.168029 0.122665 0.024280
v 0.162051 0.115403 0.028774
v 0.156208 0.107691 0.032479
v 0.151212 0.099909 0.034039
v 0.148528 0.091020 0.032938
v 0.146746 0.083115 0.029920
v 0.144529 0.074309 0.026361
v 0.018337 0.237204 0.031280
v -0.005517 0.236945 0.029972
v -0.026345 0.242901 0.033014
v 0.115429 -0.015772 0.037936
v 0.110677 -0.011214 0.036739
v 0.107723 -0.007473 0.035113
v 0.105810 -0.004123 0.033361
v 0.104252 -0.001084 0.031007
v 0.102987 0.002341 0.028765
v 0.101827 0.006699 0.025872
v 0.100996 0.013606 0.026557
v -0.048321 -0.096715 0.034538
v -0.048004 -0.107596 0.032824
v -0.049055 -0.119277 0.031147
v -0.051323 -0.131439 0.029788
v -0.054812 -0.144144 0.028548
v -0.059072 -0.156830 0.027294
v -0.064441 -0.169549 0.026060
v -0.070705 -0.181512 0.025246
v -0.078086 -0.192385 0.025311
v -0.086163 -0.202404 0.025987
v -0.094837 -0.211222 0.027519
v -0.103770 -0.219381 0.029640
v -0.112815 -0.226984 0.032275
v -0.121352 -0.233823 0.035212
v -0.129480 -0.240013 0.038615
v -0.136329 -0.244248 0.041621
v -0.143763 -0.248582 0.045622
v -0.056440 0.266187 0.035569
v -0.066609 0.269704 0.035621
v -0.072651 0.270297 0.035257
v -0.078044 0.270516 0.035015
v -0.082759 0.270047 0.034553
v -0.087545 0.269245 0.033946
v -0.092714 0.267911 0.033212
v -0.098020 0.265761 0.032482
v -0.103469 0.263171 0.031900
v -0.108721 0.259955 0.031659
v -0.113779 0.255976 0.031806
v -0.118290 0.250767 0.032441
v -0.122254 0.244425 0.033613
v -0.125522 0.236871 0.035415
v -0.127916 0.227964 0.037934
v -0.129301 0.217322 0.041257
v -0.129523 0.205101 0.045389
v -0.128401 0.190880 0.050670
v -0.126528 0.173165 0.055878
v 0.121378 0.056720 0.028039
v 0.108618 0.048182 0.027647
v 0.102603 0.035414 0.026463
v -0.200296 0.027234 0.039540
v -0.211849 0.023157 0.033598
v -0.216358 0.012629 0.034475
v -0.215298 0.002180 0.036888
v -0.213187 -0.008379 0.039555
v -0.211217 -0.019447 0.042172
v -0.209149 -0.031009 0.044634
v -0.206469 -0.042991 0.046656
v -0.203356 -0.055406 0.048380
v -0.200285 -0.068234 0.049681
v -0.197583 -0.081544 0.050670
v -0.195133 -0.095169 0.051247
v -0.192455 -0.108937 0.051595
v -0.189556 -0.122747 0.051679
v -0.186953 -0.136699 0.051547
v -0.184870 -0.150631 0.051199
v -0.182862 -0.164186 0.050738
v -0.180922 -0.177488 0.050135
v -0.179293 -0.190368 0.049364
v -0.177854 -0.202943 0.048536
v -0.175714 -0.214805 0.047702
v -0.171832 -0.225601 0.047567
v -0.166839 -0.234080 0.047493
v -0.161933 -0.242878 0.049578
v 0.162276 0.049035 0.037688
v 0.154864 0.056442 0.035877
v 0.146798 0.061050 0.032631
v 0.164872 0.021099 0.041809
v 0.157791 0.007478 0.044343
v 0.147443 -0.003839 0.044014
v 0.136422 -0.011872 0.041569
v 0.114699 -0.034855 0.039572
v 0.105998 -0.046922 0.042959
v 0.095195 -0.056088 0.043963
v 0.082730 -0.062550 0.042479
v 0.070250 -0.065516 0.038095
v 0.058596 -0.066592 0.032658
v 0.046669 -0.074383 0.034102
v -0.112830 -0.344933 0.059715
v -0.101535 -0.332740 0.056574
v -0.090165 -0.319970 0.053864
v -0.078377 -0.306082 0.051709
v -0.066941 -0.291813 0.049694
v -0.055979 -0.277091 0.047559
v -0.045480 -0.262083 0.045789
v -0.035248 -0.246791 0.044406
v -0.025407 -0.231259 0.043611
v -0.016274 -0.215373 0.042810
v -0.007514 -0.199267 0.042432
v 0.000675 -0.182875 0.041938
v 0.008638 -0.166398 0.041609
v 0.015675 -0.150276 0.041234
v 0.022068 -0.135040 0.041497
v 0.027154 -0.120493 0.042316
v 0.031734 -0.105177 0.042814
v 0.020313 0.025521 0.038662
v 0.036539 0.028269 0.042758
v 0.052206 0.029032 0.042141
v 0.064549 0.027239 0.038263
v 0.073896 0.023125 0.033234
v 0.080877 0.018019 0.027565
v 0.087635 0.014620 0.022030
v 0.027216 0.322537 0.057285
v 0.011309 0.328823 0.061155
v -0.005730 0.332646 0.064056
v -0.023623 0.334090 0.064812
v 0.047126 0.267516 0.042620
v 0.050565 0.281058 0.047964
v 0.049668 0.295735 0.051664
v -0.294929 0.070390 0.079334
v -0.292222 0.053688 0.076693
v -0.289576 0.037431 0.075214
v -0.286949 0.021330 0.074372
v -0.284485 0.005594 0.073717
v -0.281993 -0.010003 0.073099
v -0.279463 -0.025511 0.072583
v -0.276999 -0.040989 0.072141
v -0.274584 -0.056496 0.071802
v -0.272183 -0.071981 0.071518
v -0.269750 -0.087647 0.071399
v -0.267368 -0.103242 0.071322
v -0.265029 -0.118896 0.071403
v -0.262726 -0.134475 0.071570
v -0.260376 -0.149974 0.071683
v -0.257997 -0.165356 0.071757
v -0.255596 -0.180586 0.071569
v -0.253367 -0.195671 0.071352
v -0.251265 -0.210527 0.070790
v -0.249120 -0.225070 0.070105
v -0.246895 -0.239312 0.069028
v -0.244733 -0.253028 0.067838
v -0.242642 -0.266495 0.066631
v -0.240727 -0.279141 0.065886
v -0.067954 -0.043998 0.042295
v -0.064854 -0.049110 0.041379
v -0.062574 -0.054289 0.040038
v -0.060287 -0.059288 0.039114
v -0.057996 -0.064316 0.038383
v -0.055822 -0.069278 0.037847
v -0.053606 -0.074302 0.037548
v -0.051622 -0.080195 0.036927
v -0.108396 0.131826 0.058463
v -0.096870 0.117727 0.054951
v -0.085947 0.105947 0.052111
v -0.075785 0.095292 0.049955
v -0.065833 0.085400 0.048267
v -0.056233 0.075660 0.046924
v -0.046707 0.066186 0.045839
v -0.037342 0.056612 0.044991
v -0.027417 0.046277 0.044055
v -0.016442 0.035357 0.043084
v -0.078019 -0.031622 0.043308
v -0.085296 -0.024934 0.043126
v -0.093796 -0.018241 0.042793
v -0.102456 -0.011864 0.042657
v -0.111536 -0.005743 0.042968
v -0.121029 0.000189 0.043550
v -0.131002 0.005982 0.044481
v -0.141502 0.011726 0.045522
v -0.153136 0.017720 0.046367
v -0.166541 0.023751 0.047257
v -0.256707 0.224581 0.081629
v -0.248481 0.239451 0.081514
v -0.237355 0.256514 0.080971
v -0.225389 0.272449 0.079297
v -0.210730 0.285751 0.075014
v -0.196999 0.296959 0.070377
v -0.183684 0.306433 0.066433
v -0.171252 0.313977 0.062980
v -0.159344 0.320004 0.060212
v -0.147945 0.324683 0.057958
v -0.136959 0.328675 0.056723
v -0.126291 0.331923 0.055868
v -0.116000 0.334576 0.055246
v -0.105901 0.336582 0.054863
v -0.096223 0.338180 0.055008
v -0.086729 0.339241 0.055267
v -0.077394 0.339701 0.055849
v -0.067731 0.339351 0.057098
v -0.056943 0.337520 0.059197
v -0.236918 -0.304104 0.066528
v -0.234860 -0.317037 0.067277
v -0.232798 -0.329532 0.067041
v -0.230719 -0.341993 0.065806
v -0.228704 -0.353889 0.063715
v -0.226806 -0.364952 0.060934
v -0.225125 -0.374837 0.057699
v -0.047566 0.268391 0.044919
v -0.049150 0.275270 0.050751
v -0.049489 0.280356 0.055181
v -0.049647 0.285569 0.059261
v -0.050018 0.291434 0.062881
v -0.050385 0.298373 0.065865
v -0.050406 0.307088 0.068037
v -0.048854 0.318335 0.068379
v 0.006204 0.005247 0.045736
v 0.011422 -0.008070 0.047392
v 0.015746 -0.019505 0.048110
v 0.019876 -0.030709 0.048300
v 0.023777 -0.041666 0.048122
v 0.027520 -0.052318 0.047630
v 0.030565 -0.062567 0.046843
v 0.033632 -0.073333 0.045284
v 0.023164 -0.090538 0.050465
v 0.010675 -0.092195 0.055063
v -0.001489 -0.092905 0.057738
v -0.013520 -0.092715 0.057828
v -0.024130 -0.091507 0.054590
v -0.033185 -0.089680 0.049658
v -0.041551 -0.087836 0.043698
v -0.013544 0.012924 0.053699
v -0.023976 0.004458 0.061762
v -0.033896 -0.003824 0.066236
v -0.043519 -0.011949 0.067403
v -0.052294 -0.019670 0.064984
v -0.059160 -0.026301 0.059398
v -0.065427 -0.032455 0.052092
v -0.298719 0.082081 0.108745
v -0.279021 0.079776 0.128108
v -0.255425 0.077191 0.122634
v -0.243135 0.071666 0.106723
v -0.237076 0.066006 0.090058
v -0.225338 0.061134 0.076826
v -0.212166 0.053275 0.067741
v -0.199010 0.042843 0.058925
v -0.127487 -0.342863 0.069600
v -0.132338 -0.329286 0.071472
v -0.136968 -0.315934 0.071152
v -0.141336 -0.303011 0.069893
v -0.145013 -0.290242 0.068175
v -0.148049 -0.277562 0.065135
v -0.151119 -0.265695 0.060414
v -0.223422 -0.387581 0.060571
v -0.220464 -0.396186 0.070610
v -0.204325 -0.396883 0.075290
v -0.189069 -0.390832 0.075165
v -0.173152 -0.385928 0.075286
v -0.157815 -0.380477 0.074508
v -0.144647 -0.373120 0.071808
v -0.133545 -0.364585 0.067614
v -0.034879 0.253378 0.045819
v -0.030739 0.250663 0.053221
v -0.027972 0.245736 0.059132
v -0.025696 0.241186 0.065377
v -0.023366 0.235875 0.071548
v -0.020061 0.227798 0.078576
v -0.017285 0.217944 0.085442
v -0.015438 0.202390 0.090357
v -0.013214 0.184054 0.093062
v -0.009421 0.164787 0.095484
v -0.003791 0.146845 0.098041
v 0.002577 0.130814 0.098875
v 0.009876 0.116508 0.097816
v 0.017854 0.103310 0.095400
v 0.026550 0.090761 0.093182
v 0.035870 0.079231 0.091076
v 0.045154 0.068639 0.087659
v 0.055215 0.059466 0.083890
v 0.065802 0.051417 0.079168
v 0.076608 0.044615 0.073451
v 0.086798 0.039171 0.067013
v 0.095889 0.034924 0.060475
v 0.101488 0.031484 0.053704
v 0.104464 0.028657 0.046838
v 0.105745 0.025717 0.039787
v 0.104369 0.024728 0.033211
v -0.129695 0.130912 0.076425
v -0.138069 0.114055 0.082704
v -0.146145 0.098185 0.085128
v -0.154019 0.082904 0.085747
v -0.161714 0.068066 0.083364
v -0.168961 0.054700 0.075389
v -0.175826 0.042909 0.063589
v 0.031639 0.251074 0.044665
v 0.025827 0.248210 0.052444
v 0.022998 0.245780 0.060015
v 0.020080 0.242692 0.067390
v 0.017711 0.238273 0.075006
v 0.015713 0.231393 0.083054
v 0.014309 0.221123 0.091018
v 0.014020 0.206433 0.097879
v 0.015103 0.189226 0.102985
v 0.017789 0.170889 0.106119
v 0.021424 0.154047 0.107767
v 0.026401 0.139332 0.107771
v 0.032156 0.126468 0.106741
v 0.039117 0.114728 0.104928
v 0.046935 0.103890 0.102190
v 0.055176 0.093576 0.099132
v 0.063755 0.084141 0.095646
v 0.072601 0.075637 0.091454
v 0.081895 0.067938 0.086414
v 0.091441 0.061232 0.080203
v 0.100783 0.055711 0.073600
v 0.108944 0.052226 0.066211
v 0.116352 0.050834 0.059501
v 0.121931 0.051123 0.052666
v 0.128030 0.053620 0.045308
v 0.131518 0.056405 0.037507
v -0.253129 0.203326 0.085620
v -0.237080 0.195247 0.086753
v -0.219660 0.187968 0.087046
v -0.202721 0.181144 0.087300
v -0.186347 0.174772 0.087600
v -0.170462 0.169133 0.087021
v -0.154683 0.163819 0.083712
v -0.139165 0.158009 0.076024
v -0.277754 0.202476 0.101040
v -0.286796 0.188880 0.114459
v -0.301693 0.170400 0.120448
v -0.308011 0.150622 0.113312
v -0.306311 0.133650 0.104006
v -0.302852 0.118001 0.096438
v -0.299996 0.102502 0.089250
v -0.239115 -0.291783 0.084374
v -0.239702 -0.292023 0.104783
v -0.229224 -0.289904 0.124550
v -0.207935 -0.284557 0.126940
v -0.187590 -0.278432 0.123187
v -0.175443 -0.271877 0.105894
v -0.171454 -0.266449 0.086372
v -0.164837 -0.260887 0.067925
v 0.124118 -0.005240 0.044959
v 0.121641 0.002894 0.053378
v 0.118491 0.008130 0.062027
v 0.113075 0.012485 0.071146
v 0.106014 0.017076 0.080411
v 0.096244 0.023128 0.089857
v 0.085132 0.030484 0.098596
v 0.073275 0.039003 0.106468
v 0.061409 0.047898 0.113730
v 0.049996 0.057499 0.120659
v 0.039168 0.068643 0.126923
v 0.028597 0.080925 0.132963
v 0.018533 0.094831 0.138011
v 0.009334 0.110495 0.141169
v 0.001226 0.127946 0.143541
v -0.006075 0.147718 0.145378
v -0.012080 0.170253 0.145605
v -0.016292 0.194598 0.142032
v -0.019633 0.218717 0.136498
v -0.020762 0.240164 0.128105
v -0.021500 0.257977 0.119345
v -0.021955 0.271913 0.110659
v -0.023040 0.283403 0.101301
v -0.024139 0.293262 0.092665
v -0.028334 0.304434 0.082577
v -0.032889 0.316322 0.073871
v 0.038312 0.304860 0.066588
v 0.035945 0.296843 0.080501
v 0.033748 0.288649 0.090678
v 0.031532 0.278371 0.100351
v 0.029489 0.267208 0.108523
v 0.027427 0.253041 0.116142
v 0.024578 0.236592 0.122325
v 0.022795 0.217166 0.127627
v 0.021571 0.196059 0.131303
v 0.022983 0.174972 0.133887
v 0.025032 0.155566 0.134326
v 0.029326 0.138873 0.133804
v 0.035010 0.124445 0.132202
v 0.042441 0.111615 0.130108
v 0.050599 0.099476 0.127156
v 0.059456 0.088047 0.123639
v 0.068721 0.077556 0.119307
v 0.078526 0.068138 0.114164
v 0.089105 0.059726 0.108037
v 0.100258 0.052200 0.100886
v 0.111626 0.045823 0.093344
v 0.123242 0.040977 0.085758
v 0.133930 0.037063 0.078171
v 0.142403 0.034538 0.068586
v 0.150656 0.033512 0.058738
v 0.159572 0.034081 0.049380
v -0.145536 0.139863 0.082737
v -0.161470 0.146680 0.086534
v -0.177449 0.152905 0.087664
v -0.193730 0.159242 0.087369
v -0.210458 0.165851 0.086874
v -0.228054 0.173022 0.086489
v -0.245541 0.180977 0.085804
v -0.266322 0.188500 0.088405
v -0.153072 0.122809 0.085843
v -0.168676 0.130432 0.087509
v -0.184693 0.137481 0.087661
v -0.201045 0.144208 0.087203
v -0.218187 0.151047 0.086546
v -0.235698 0.158519 0.085981
v -0.256103 0.166020 0.087697
v -0.270367 0.176622 0.101967
v -0.160740 0.106911 0.086905
v -0.176029 0.115030 0.087904
v -0.191817 0.122524 0.087910
v -0.208292 0.129618 0.087377
v -0.225413 0.136586 0.086575
v -0.243837 0.143666 0.086616
v -0.262103 0.152116 0.097132
v -0.272591 0.162698 0.113852
v -0.168272 0.091749 0.087346
v -0.183260 0.100191 0.088502
v -0.198892 0.108121 0.088519
v -0.215139 0.115451 0.087903
v -0.231930 0.122332 0.087200
v -0.251612 0.129122 0.091597
v -0.262366 0.138712 0.107925
v -0.280292 0.146631 0.121586
v -0.175782 0.076966 0.085810
v -0.190487 0.085868 0.087923
v -0.205679 0.094340 0.088534
v -0.221299 0.101972 0.088312
v -0.238482 0.108512 0.089279
v -0.253844 0.116034 0.100878
v -0.264262 0.124927 0.116820
v -0.288773 0.130475 0.124843
v -0.183167 0.063466 0.079775
v -0.197666 0.072545 0.083812
v -0.212204 0.081539 0.086175
v -0.226871 0.089496 0.088006
v -0.243389 0.095734 0.094265
v -0.253086 0.103630 0.109671
v -0.268673 0.110303 0.123061
v -0.296330 0.113936 0.122989
v -0.190622 0.052368 0.069897
v -0.204694 0.061743 0.076031
v -0.218339 0.070843 0.081237
v -0.232696 0.077983 0.087588
v -0.244374 0.083648 0.100794
v -0.253271 0.090817 0.117212
v -0.273797 0.095223 0.126284
v -0.299539 0.097727 0.116600
v -0.137263 0.177118 0.069413
v -0.136144 0.193598 0.062834
v -0.135387 0.207870 0.056797
v -0.134418 0.220192 0.051353
v -0.132700 0.230689 0.046910
v -0.129893 0.239763 0.043520
v -0.126214 0.247460 0.041110
v -0.121720 0.253887 0.039538
v -0.116793 0.259146 0.038563
v -0.111454 0.263353 0.038162
v -0.105885 0.266551 0.038257
v -0.100219 0.269249 0.038617
v -0.094616 0.271483 0.039040
v -0.089172 0.272971 0.039708
v -0.083863 0.273969 0.040259
v -0.078784 0.274529 0.040814
v -0.073346 0.274856 0.041432
v -0.066496 0.274227 0.041821
v -0.058600 0.272897 0.042855
v -0.149719 0.181112 0.078840
v -0.146110 0.197170 0.072914
v -0.143207 0.211408 0.066886
v -0.140652 0.223648 0.061093
v -0.138241 0.234261 0.055702
v -0.135105 0.243422 0.051443
v -0.130894 0.251236 0.048363
v -0.125930 0.257762 0.046347
v -0.120503 0.263170 0.045006
v -0.114829 0.267501 0.044266
v -0.108884 0.270964 0.044017
v -0.102883 0.273692 0.044124
v -0.096842 0.275872 0.044398
v -0.090887 0.277461 0.044783
v -0.085105 0.278540 0.045225
v -0.079175 0.279258 0.045712
v -0.073127 0.279493 0.046326
v -0.066399 0.279167 0.047104
v -0.058246 0.277737 0.048256
v -0.163728 0.185611 0.084963
v -0.157963 0.201459 0.080734
v -0.153064 0.215645 0.075480
v -0.148810 0.228145 0.069666
v -0.145101 0.238859 0.063897
v -0.140905 0.248049 0.059052
v -0.136061 0.255944 0.055399
v -0.130656 0.262646 0.052693
v -0.124785 0.268164 0.050910
v -0.118597 0.272697 0.049798
v -0.112245 0.276312 0.049237
v -0.105740 0.279112 0.049128
v -0.099243 0.281360 0.049140
v -0.092777 0.282951 0.049366
v -0.086318 0.284070 0.049686
v -0.079879 0.284719 0.050093
v -0.073116 0.284853 0.050703
v -0.065898 0.284272 0.051616
v -0.058015 0.282837 0.052971
v -0.179064 0.190808 0.087373
v -0.171775 0.206380 0.085673
v -0.164822 0.220856 0.082077
v -0.158815 0.233602 0.076796
v -0.153468 0.244507 0.070806
v -0.148093 0.253895 0.065488
v -0.142210 0.261881 0.061401
v -0.135972 0.268632 0.058308
v -0.129467 0.274286 0.056132
v -0.122680 0.278878 0.054764
v -0.115825 0.282642 0.053823
v -0.108826 0.285634 0.053365
v -0.101830 0.287984 0.053035
v -0.094818 0.289608 0.053185
v -0.087848 0.290624 0.053545
v -0.080762 0.291244 0.053837
v -0.073536 0.291117 0.054568
v -0.065963 0.290243 0.055614
v -0.057976 0.288371 0.057156
v -0.194870 0.196764 0.087683
v -0.186838 0.212241 0.087738
v -0.178383 0.226874 0.086334
v -0.170359 0.240055 0.082091
v -0.163285 0.251305 0.076173
v -0.156402 0.260858 0.070541
v -0.149334 0.269022 0.066045
v -0.142151 0.275922 0.062548
v -0.134763 0.281644 0.060041
v -0.127273 0.286316 0.058434
v -0.119732 0.290157 0.057279
v -0.112152 0.293217 0.056570
v -0.104593 0.295664 0.056015
v -0.097043 0.297328 0.056085
v -0.089513 0.298362 0.056434
v -0.081966 0.298803 0.056848
v -0.074270 0.298461 0.057732
v -0.066423 0.297172 0.059043
v -0.058346 0.294857 0.060746
v -0.211288 0.203537 0.087538
v -0.202391 0.218941 0.087883
v -0.193243 0.233703 0.087826
v -0.183323 0.247403 0.085297
v -0.174178 0.259154 0.079909
v -0.165704 0.268955 0.073999
v -0.157307 0.277318 0.068984
v -0.148922 0.284301 0.065340
v -0.140565 0.290109 0.062638
v -0.132238 0.294844 0.060680
v -0.123902 0.298668 0.059487
v -0.115666 0.301822 0.058598
v -0.107476 0.304266 0.058065
v -0.099352 0.306022 0.058138
v -0.091330 0.307075 0.058499
v -0.083307 0.307412 0.059192
v -0.075252 0.306926 0.060141
v -0.067125 0.305441 0.061552
v -0.058974 0.302666 0.063570
v -0.227566 0.210488 0.087253
v -0.218471 0.226074 0.087249
v -0.208007 0.241233 0.087665
v -0.197335 0.255546 0.086417
v -0.186048 0.267890 0.081487
v -0.175683 0.278064 0.075561
v -0.165777 0.286570 0.070541
v -0.156140 0.293718 0.066541
v -0.146681 0.299538 0.063762
v -0.137386 0.304258 0.061692
v -0.128257 0.308136 0.060385
v -0.119219 0.311270 0.059604
v -0.110392 0.313814 0.059116
v -0.101697 0.315641 0.059224
v -0.093142 0.316822 0.059568
v -0.084700 0.317230 0.060363
v -0.076312 0.316856 0.061439
v -0.067961 0.315429 0.062913
v -0.059515 0.312412 0.065060
v -0.243834 0.217100 0.086969
v -0.233339 0.233260 0.087166
v -0.223408 0.249100 0.086943
v -0.211008 0.264123 0.084848
v -0.198687 0.277133 0.080394
v -0.186191 0.287713 0.074704
v -0.174648 0.296572 0.069923
v -0.163622 0.303790 0.065981
v -0.152972 0.309701 0.063231
v -0.142666 0.314459 0.061163
v -0.132605 0.318327 0.059899
v -0.122832 0.321557 0.059044
v -0.113227 0.324121 0.058529
v -0.103942 0.326138 0.058431
v -0.094839 0.327507 0.058862
v -0.085933 0.328282 0.059597
v -0.077149 0.328304 0.060353
v -0.068454 0.327451 0.061937
v -0.058821 0.324405 0.064386
v -0.118048 0.173890 0.040419
v -0.114392 0.173745 0.023382
v -0.114033 0.173368 0.007003
v -0.115694 0.173225 -0.009356
v -0.118806 0.173276 -0.026486
v -0.122590 0.189177 0.036539
v -0.119966 0.188034 0.021975
v -0.119546 0.187407 0.007234
v -0.120490 0.187813 -0.007405
v -0.122962 0.189149 -0.022207
v -0.125061 0.202946 0.033337
v -0.122762 0.201385 0.020442
v -0.122099 0.200784 0.007480
v -0.122482 0.201361 -0.005591
v -0.124375 0.203012 -0.018607
v -0.125691 0.215168 0.030508
v -0.123533 0.213450 0.019273
v -0.122667 0.212805 0.007693
v -0.122972 0.213484 -0.003882
v -0.124615 0.215233 -0.015470
v -0.124609 0.225629 0.028412
v -0.122871 0.224016 0.018348
v -0.122261 0.223443 0.007993
v -0.122626 0.224180 -0.002430
v -0.124134 0.225902 -0.012861
v -0.122578 0.234575 0.026802
v -0.121099 0.233045 0.017667
v -0.121041 0.232708 0.008247
v -0.121652 0.233521 -0.001254
v -0.123094 0.235431 -0.010672
v -0.119784 0.242180 0.025602
v -0.118670 0.240813 0.017158
v -0.118793 0.240660 0.008408
v -0.119453 0.241733 -0.000315
v -0.120817 0.243477 -0.009160
v -0.116180 0.248547 0.024865
v -0.115513 0.247412 0.016809
v -0.115804 0.247543 0.008638
v -0.116516 0.248608 0.000325
v -0.117651 0.250447 -0.007965
v -0.111973 0.253747 0.024462
v -0.111523 0.252774 0.016748
v -0.111829 0.252978 0.008770
v -0.112535 0.254209 0.000793
v -0.113486 0.255875 -0.007311
v -0.107212 0.257759 0.024497
v -0.106871 0.256877 0.016782
v -0.107237 0.257175 0.008939
v -0.107869 0.258433 0.001010
v -0.108701 0.260057 -0.006982
v -0.102076 0.260945 0.024793
v -0.101788 0.259845 0.017045
v -0.102233 0.260307 0.009036
v -0.102781 0.261532 0.001041
v -0.103671 0.263294 -0.006912
v -0.096816 0.263397 0.025391
v -0.096487 0.262185 0.017468
v -0.096994 0.262574 0.009161
v -0.097621 0.263783 0.000941
v -0.098439 0.265804 -0.007097
v -0.091422 0.265106 0.026239
v -0.091271 0.263953 0.017958
v -0.091700 0.264086 0.009245
v -0.092354 0.265410 0.000755
v -0.093262 0.267380 -0.007536
v -0.086407 0.266290 0.026966
v -0.086092 0.264801 0.018315
v -0.086420 0.265016 0.009292
v -0.087132 0.266287 0.000378
v -0.088093 0.268467 -0.008100
v -0.081684 0.266943 0.027303
v -0.081020 0.265310 0.018509
v -0.081136 0.265287 0.009080
v -0.081810 0.266569 -0.000087
v -0.082997 0.269145 -0.008911
v -0.076830 0.266968 0.027517
v -0.075915 0.265049 0.018414
v -0.075568 0.265024 0.008758
v -0.076309 0.266471 -0.000679
v -0.077834 0.269123 -0.009885
v -0.071694 0.266674 0.027602
v -0.070024 0.264314 0.018115
v -0.069552 0.264073 0.008295
v -0.070460 0.265433 -0.001469
v -0.072039 0.268340 -0.010657
v -0.064669 0.265225 0.027174
v -0.063212 0.262692 0.017679
v -0.062552 0.261754 0.007648
v -0.063478 0.263035 -0.002215
v -0.065731 0.266825 -0.011973
v -0.056059 0.261876 0.026854
v -0.054317 0.258620 0.017046
v -0.053857 0.257506 0.006926
v -0.055136 0.259016 -0.003359
v -0.056656 0.262310 -0.012842
v -0.101187 0.140277 0.042121
v -0.090718 0.126091 0.040009
v -0.080410 0.114181 0.038248
v -0.070380 0.103496 0.036690
v -0.060410 0.093506 0.035600
v -0.050738 0.083749 0.034518
v -0.041333 0.074095 0.033645
v -0.032089 0.064480 0.032757
v -0.022894 0.054940 0.031857
v -0.012020 0.045740 0.030990
v -0.097199 0.144312 0.024123
v -0.087201 0.131092 0.023232
v -0.077127 0.119382 0.022263
v -0.067006 0.108797 0.021383
v -0.056982 0.098798 0.020643
v -0.047294 0.089029 0.020012
v -0.037882 0.079304 0.019379
v -0.028822 0.069677 0.018744
v -0.019952 0.060581 0.018175
v -0.008854 0.053969 0.018023
v -0.096734 0.145165 0.006173
v -0.086777 0.132408 0.005736
v -0.076608 0.120779 0.005255
v -0.066391 0.110307 0.004873
v -0.056307 0.100464 0.004497
v -0.046557 0.090783 0.004204
v -0.036975 0.081301 0.003918
v -0.028024 0.071626 0.003693
v -0.019091 0.062721 0.003510
v -0.007774 0.057369 0.003521
v -0.098347 0.143744 -0.011563
v -0.088194 0.130704 -0.011716
v -0.078015 0.119135 -0.011635
v -0.067803 0.108626 -0.011586
v -0.057764 0.098896 -0.011544
v -0.047871 0.089517 -0.011606
v -0.038328 0.080173 -0.011594
v -0.029268 0.070651 -0.011513
v -0.020237 0.061820 -0.011415
v -0.008903 0.055034 -0.011383
v -0.101106 0.140571 -0.030176
v -0.090323 0.126929 -0.029040
v -0.080202 0.115228 -0.028255
v -0.070246 0.104716 -0.027549
v -0.060354 0.094956 -0.027062
v -0.050654 0.085662 -0.026810
v -0.041194 0.076374 -0.026619
v -0.032041 0.067098 -0.026338
v -0.022638 0.057554 -0.026138
v -0.011894 0.048475 -0.025791
v -0.116186 0.118554 0.071214
v -0.124112 0.103738 0.079111
v -0.132469 0.088840 0.083038
v -0.140573 0.073967 0.084096
v -0.148385 0.059345 0.081013
v -0.155062 0.046629 0.072239
v -0.160967 0.035509 0.060121
v -0.103873 0.106282 0.066784
v -0.111683 0.093300 0.075336
v -0.119786 0.079393 0.080546
v -0.127940 0.065034 0.082364
v -0.135968 0.050835 0.079261
v -0.142449 0.038899 0.069937
v -0.147545 0.028482 0.058249
v -0.092855 0.095250 0.063382
v -0.100255 0.083250 0.072048
v -0.108066 0.070076 0.077883
v -0.116120 0.056323 0.080339
v -0.124240 0.042551 0.077546
v -0.130854 0.031380 0.068184
v -0.136101 0.021713 0.056847
v -0.082384 0.085151 0.060772
v -0.089580 0.073558 0.069411
v -0.097177 0.061008 0.075336
v -0.105047 0.047766 0.078153
v -0.113231 0.034730 0.075464
v -0.119999 0.024106 0.066606
v -0.125491 0.014998 0.055692
v -0.072311 0.075434 0.058921
v -0.079299 0.064236 0.067438
v -0.086803 0.052111 0.073401
v -0.094791 0.039490 0.075987
v -0.102842 0.027131 0.073307
v -0.109783 0.016933 0.065269
v -0.115450 0.008423 0.054708
v -0.062519 0.065932 0.057329
v -0.069424 0.055053 0.065877
v -0.076950 0.043349 0.071795
v -0.084937 0.031205 0.074271
v -0.093126 0.019547 0.071740
v -0.100067 0.009845 0.064055
v -0.105855 0.001785 0.053959
v -0.052978 0.056526 0.056164
v -0.059796 0.045875 0.064654
v -0.067450 0.034509 0.070389
v -0.075646 0.022994 0.072575
v -0.083774 0.011911 0.070280
v -0.090805 0.002739 0.063058
v -0.096656 -0.004862 0.053474
v -0.043508 0.046962 0.055240
v -0.050429 0.036479 0.063694
v -0.058290 0.025552 0.069298
v -0.066702 0.014581 0.071184
v -0.074931 0.004270 0.068822
v -0.081884 -0.004308 0.062062
v -0.087813 -0.011625 0.053169
v -0.034081 0.036770 0.054573
v -0.041282 0.026595 0.062759
v -0.049553 0.016191 0.068181
v -0.058235 0.005947 0.069948
v -0.066578 -0.003544 0.067482
v -0.073459 -0.011579 0.061242
v -0.079383 -0.018488 0.053002
v -0.023812 0.025293 0.054016
v -0.032294 0.015844 0.062270
v -0.041278 0.006402 0.067160
v -0.050484 -0.002916 0.068703
v -0.058831 -0.011533 0.066038
v -0.065803 -0.018982 0.060419
v -0.071444 -0.025537 0.052815
v -0.170742 0.012979 0.033570
v -0.173167 0.007247 0.018736
v -0.173949 0.006093 0.004132
v -0.172984 0.007601 -0.010282
v -0.170581 0.013131 -0.024759
v -0.158088 0.007775 0.033912
v -0.161778 0.002126 0.019230
v -0.162849 0.000818 0.004057
v -0.161701 0.002572 -0.010936
v -0.157958 0.007992 -0.025195
v -0.147023 0.002625 0.033479
v -0.151065 -0.003096 0.019222
v -0.152370 -0.004432 0.003907
v -0.151029 -0.002416 -0.011111
v -0.147364 0.003010 -0.025188
v -0.136643 -0.002616 0.032803
v -0.140976 -0.008369 0.018916
v -0.142440 -0.009763 0.003726
v -0.141191 -0.007657 -0.011233
v -0.137478 -0.002258 -0.025034
v -0.126720 -0.007594 0.031879
v -0.131252 -0.013243 0.018453
v -0.133057 -0.014842 0.003488
v -0.131988 -0.012999 -0.011345
v -0.128365 -0.008056 -0.025160
v -0.117360 -0.012829 0.031227
v -0.122315 -0.018352 0.018090
v -0.124461 -0.020204 0.003274
v -0.123509 -0.018666 -0.011597
v -0.119730 -0.013977 -0.025377
v -0.108564 -0.018391 0.030964
v -0.113940 -0.023619 0.017864
v -0.116425 -0.025634 0.003070
v -0.115552 -0.024368 -0.011863
v -0.111530 -0.020052 -0.025742
v -0.100176 -0.024305 0.031045
v -0.106168 -0.029152 0.017821
v -0.108999 -0.031122 0.002927
v -0.108192 -0.030382 -0.012231
v -0.103758 -0.026377 -0.026364
v -0.092464 -0.030495 0.031442
v -0.098880 -0.034973 0.017981
v -0.102179 -0.036758 0.002842
v -0.101306 -0.036382 -0.012616
v -0.096211 -0.032683 -0.027086
v -0.085284 -0.037105 0.032042
v -0.092627 -0.040882 0.018243
v -0.096218 -0.042589 0.002831
v -0.095136 -0.042322 -0.012956
v -0.089207 -0.038810 -0.027581
v -0.196594 0.020068 0.026650
v -0.207789 0.019541 0.022937
v -0.212474 0.010060 0.022937
v -0.212133 0.000505 0.024548
v -0.210704 -0.009785 0.026531
v -0.209360 -0.020657 0.028365
v -0.207753 -0.032009 0.029984
v -0.205597 -0.043863 0.031518
v -0.202699 -0.056049 0.032674
v -0.199557 -0.068730 0.033609
v -0.196753 -0.081860 0.034216
v -0.194206 -0.095320 0.034620
v -0.191377 -0.108924 0.034761
v -0.188395 -0.122633 0.034757
v -0.186068 -0.136450 0.034507
v -0.184165 -0.150110 0.034163
v -0.181985 -0.163394 0.033685
v -0.179725 -0.176112 0.033114
v -0.177822 -0.188394 0.032463
v -0.176031 -0.200087 0.031689
v -0.173122 -0.210838 0.031047
v -0.168620 -0.219655 0.030881
v -0.163110 -0.226465 0.032106
v -0.156656 -0.231011 0.032503
v -0.195387 0.017260 0.015102
v -0.205967 0.017585 0.013186
v -0.210862 0.009102 0.013320
v -0.210754 -0.000438 0.014203
v -0.209672 -0.010637 0.015192
v -0.208541 -0.021441 0.016124
v -0.207080 -0.032725 0.016991
v -0.205102 -0.044439 0.017666
v -0.202374 -0.056582 0.018260
v -0.199304 -0.069111 0.018651
v -0.196438 -0.082151 0.018926
v -0.193807 -0.095516 0.019022
v -0.190947 -0.109025 0.018995
v -0.187989 -0.122569 0.018832
v -0.185764 -0.136239 0.018606
v -0.183844 -0.149658 0.018226
v -0.181658 -0.162573 0.017828
v -0.179310 -0.174823 0.017401
v -0.176990 -0.186415 0.016925
v -0.174680 -0.197158 0.016449
v -0.171538 -0.206708 0.016051
v -0.166779 -0.214152 0.015946
v -0.161070 -0.219250 0.016294
v -0.155166 -0.222556 0.017198
v -0.195083 0.016544 0.004298
v -0.205384 0.017057 0.004285
v -0.210252 0.008763 0.004283
v -0.210214 -0.000767 0.004386
v -0.209235 -0.011030 0.004460
v -0.208148 -0.021831 0.004454
v -0.206775 -0.033070 0.004401
v -0.204819 -0.044701 0.004352
v -0.202152 -0.056766 0.004249
v -0.199081 -0.069283 0.004166
v -0.196184 -0.082243 0.003980
v -0.193523 -0.095568 0.003753
v -0.190697 -0.109029 0.003563
v -0.187782 -0.122561 0.003282
v -0.185497 -0.136088 0.002956
v -0.183492 -0.149409 0.002650
v -0.181324 -0.162179 0.002349
v -0.179103 -0.174310 0.002074
v -0.176900 -0.185634 0.001845
v -0.174481 -0.196024 0.001623
v -0.171382 -0.205125 0.001457
v -0.166728 -0.212419 0.001393
v -0.160825 -0.217224 0.001325
v -0.154188 -0.219575 0.001204
v -0.195244 0.017728 -0.006424
v -0.205641 0.017857 -0.004423
v -0.210455 0.008952 -0.004732
v -0.210147 -0.000674 -0.005532
v -0.209048 -0.011001 -0.006425
v -0.207962 -0.021809 -0.007360
v -0.206694 -0.032939 -0.008196
v -0.204699 -0.044601 -0.008987
v -0.202028 -0.056597 -0.009674
v -0.198952 -0.069099 -0.010381
v -0.195988 -0.082059 -0.010944
v -0.193281 -0.095411 -0.011426
v -0.190550 -0.108917 -0.011943
v -0.187691 -0.122493 -0.012329
v -0.185285 -0.136068 -0.012691
v -0.183091 -0.149448 -0.013023
v -0.180846 -0.162353 -0.013227
v -0.178720 -0.174678 -0.013307
v -0.176759 -0.186223 -0.013360
v -0.174682 -0.196893 -0.013286
v -0.171786 -0.206464 -0.013163
v -0.167058 -0.214342 -0.013059
v -0.160923 -0.219951 -0.013441
v -0.154247 -0.222903 -0.014193
v -0.195746 0.020913 -0.017370
v -0.207534 0.020192 -0.013763
v -0.211597 0.010257 -0.014309
v -0.210688 -0.000064 -0.015988
v -0.209307 -0.010499 -0.018041
v -0.208068 -0.021226 -0.019783
v -0.206679 -0.032475 -0.021361
v -0.204683 -0.044017 -0.022800
v -0.201965 -0.056127 -0.024133
v -0.198908 -0.068623 -0.025243
v -0.195844 -0.081612 -0.026247
v -0.193115 -0.095003 -0.027084
v -0.190489 -0.108670 -0.027746
v -0.187747 -0.122347 -0.028336
v -0.185173 -0.136059 -0.028867
v -0.182756 -0.149568 -0.029156
v -0.180433 -0.162825 -0.029326
v -0.178401 -0.175527 -0.029346
v -0.176547 -0.187606 -0.029177
v -0.174705 -0.198841 -0.028995
v -0.172191 -0.209316 -0.028619
v -0.168102 -0.218147 -0.028714
v -0.162401 -0.225629 -0.028897
v -0.155832 -0.230929 -0.029237
v -0.209484 0.036808 0.050390
v -0.221149 0.044728 0.062246
v -0.231277 0.049290 0.077353
v -0.236335 0.053817 0.094774
v -0.241144 0.059791 0.112791
v -0.258271 0.062860 0.126165
v -0.283445 0.063963 0.127056
v -0.295166 0.066528 0.102410
v -0.219585 0.028482 0.046661
v -0.226866 0.032493 0.062973
v -0.230652 0.036833 0.081297
v -0.232800 0.042224 0.099491
v -0.240359 0.046836 0.118805
v -0.260748 0.047994 0.128082
v -0.285643 0.048347 0.124286
v -0.292021 0.050913 0.098864
v -0.222199 0.015940 0.048691
v -0.225859 0.020153 0.066462
v -0.227403 0.025018 0.085211
v -0.229324 0.029862 0.104531
v -0.240858 0.032729 0.123304
v -0.262525 0.032934 0.128995
v -0.286111 0.032852 0.121292
v -0.289301 0.035055 0.096572
v -0.219833 0.004721 0.052020
v -0.222510 0.008552 0.070100
v -0.223956 0.012805 0.089248
v -0.227251 0.016780 0.109184
v -0.241793 0.018294 0.125897
v -0.263843 0.017953 0.129829
v -0.285413 0.017266 0.118537
v -0.286659 0.019482 0.094901
v -0.216783 -0.006309 0.055404
v -0.218948 -0.003222 0.073723
v -0.220905 0.000351 0.093081
v -0.225334 0.003552 0.113341
v -0.242364 0.003922 0.127930
v -0.264736 0.002777 0.130214
v -0.283461 0.002074 0.115805
v -0.284111 0.003974 0.093628
v -0.213892 -0.017742 0.058553
v -0.215855 -0.015270 0.077076
v -0.217878 -0.012302 0.096595
v -0.223622 -0.009980 0.117120
v -0.242713 -0.010769 0.128914
v -0.265056 -0.012316 0.130206
v -0.281193 -0.012993 0.113660
v -0.281632 -0.011353 0.092475
v -0.211064 -0.029639 0.061358
v -0.212768 -0.027578 0.080164
v -0.214855 -0.025268 0.099756
v -0.222322 -0.023785 0.120153
v -0.242564 -0.025427 0.129262
v -0.264691 -0.027405 0.129685
v -0.278963 -0.028057 0.112000
v -0.279159 -0.026648 0.091499
v -0.207948 -0.041878 0.063873
v -0.209415 -0.040327 0.082860
v -0.211780 -0.038446 0.102563
v -0.220967 -0.037904 0.122631
v -0.241955 -0.040080 0.129400
v -0.263894 -0.042350 0.129089
v -0.276584 -0.043074 0.110753
v -0.276770 -0.041959 0.090686
v -0.204761 -0.054593 0.065934
v -0.206275 -0.053421 0.085072
v -0.208935 -0.052122 0.104995
v -0.219717 -0.052283 0.124376
v -0.240934 -0.054732 0.129547
v -0.262730 -0.057282 0.128614
v -0.274399 -0.058139 0.109782
v -0.274392 -0.057203 0.090125
v -0.201820 -0.067751 0.067542
v -0.203471 -0.066960 0.086884
v -0.206319 -0.066114 0.106904
v -0.218239 -0.066734 0.125790
v -0.239648 -0.069509 0.129721
v -0.261267 -0.072203 0.128098
v -0.272113 -0.073153 0.109146
v -0.272040 -0.072587 0.089656
v -0.199207 -0.081284 0.068711
v -0.200990 -0.080807 0.088230
v -0.203904 -0.080276 0.108375
v -0.216747 -0.081403 0.126621
v -0.238049 -0.084241 0.129927
v -0.259662 -0.087075 0.127854
v -0.269801 -0.088366 0.108636
v -0.269646 -0.087858 0.089380
v -0.196778 -0.095064 0.069552
v -0.198651 -0.094821 0.089124
v -0.201701 -0.094631 0.109336
v -0.214824 -0.095985 0.127432
v -0.236261 -0.099043 0.130119
v -0.257862 -0.102241 0.127846
v -0.267613 -0.103470 0.108387
v -0.267272 -0.103385 0.089229
v -0.194320 -0.108972 0.069985
v -0.196250 -0.108972 0.089719
v -0.199496 -0.108981 0.109910
v -0.212842 -0.110702 0.127841
v -0.234262 -0.113873 0.130319
v -0.255476 -0.117137 0.127290
v -0.265211 -0.118714 0.108274
v -0.265014 -0.118738 0.089215
v -0.191621 -0.123018 0.070187
v -0.193773 -0.123069 0.089990
v -0.197206 -0.123398 0.110340
v -0.210829 -0.125293 0.127886
v -0.232136 -0.128652 0.130546
v -0.253361 -0.132030 0.127349
v -0.263069 -0.133833 0.108305
v -0.262720 -0.134154 0.089267
v -0.188856 -0.136986 0.070176
v -0.191162 -0.137268 0.090150
v -0.194834 -0.137656 0.110477
v -0.208488 -0.139835 0.128327
v -0.229928 -0.143386 0.130591
v -0.251176 -0.147037 0.127469
v -0.260793 -0.148959 0.108306
v -0.260456 -0.149466 0.089395
v -0.186468 -0.150963 0.069990
v -0.188561 -0.151334 0.090046
v -0.192140 -0.151905 0.110692
v -0.206216 -0.154330 0.128306
v -0.227722 -0.157988 0.130539
v -0.248693 -0.161681 0.127136
v -0.258483 -0.163888 0.108345
v -0.258191 -0.164665 0.089359
v -0.184393 -0.164841 0.069583
v -0.186276 -0.165235 0.089809
v -0.189807 -0.166106 0.110536
v -0.204008 -0.168658 0.128116
v -0.225401 -0.172412 0.130609
v -0.246817 -0.176306 0.127516
v -0.256439 -0.178720 0.108300
v -0.255926 -0.179739 0.089303
v -0.182457 -0.178283 0.069049
v -0.184217 -0.178992 0.089381
v -0.187775 -0.180044 0.110172
v -0.201715 -0.182819 0.127900
v -0.223209 -0.186748 0.130631
v -0.244539 -0.190863 0.127427
v -0.254244 -0.193482 0.108192
v -0.253734 -0.194652 0.089039
v -0.180622 -0.191535 0.068392
v -0.182384 -0.192417 0.088844
v -0.185910 -0.193856 0.109614
v -0.199371 -0.196837 0.127849
v -0.220976 -0.201021 0.130587
v -0.242514 -0.205350 0.127559
v -0.252311 -0.208111 0.108053
v -0.251626 -0.209458 0.088727
v -0.178987 -0.204482 0.067619
v -0.180701 -0.205587 0.088183
v -0.184315 -0.207420 0.108973
v -0.197221 -0.210775 0.127393
v -0.218833 -0.215167 0.130515
v -0.240353 -0.219690 0.127434
v -0.250257 -0.222615 0.107833
v -0.249486 -0.223995 0.088146
v -0.177339 -0.217035 0.066859
v -0.179037 -0.218503 0.087503
v -0.182578 -0.220627 0.108300
v -0.195210 -0.224485 0.126878
v -0.216652 -0.229194 0.130319
v -0.238465 -0.233970 0.127636
v -0.248394 -0.236943 0.107389
v -0.247327 -0.238217 0.087414
v -0.175405 -0.228724 0.066220
v -0.177376 -0.230911 0.086811
v -0.180816 -0.233685 0.107655
v -0.193264 -0.237993 0.126097
v -0.214500 -0.243142 0.130010
v -0.236400 -0.248264 0.127386
v -0.246257 -0.251034 0.106795
v -0.245166 -0.252189 0.086384
v -0.172957 -0.239954 0.066331
v -0.175633 -0.242837 0.086308
v -0.179106 -0.246363 0.106934
v -0.191331 -0.251442 0.125224
v -0.212261 -0.256958 0.129426
v -0.234095 -0.262350 0.126603
v -0.244108 -0.264856 0.106015
v -0.243076 -0.265678 0.085437
v -0.168989 -0.249887 0.065831
v -0.173735 -0.254616 0.086296
v -0.177207 -0.259066 0.106333
v -0.189324 -0.264787 0.124329
v -0.210132 -0.270742 0.128296
v -0.231592 -0.276185 0.125622
v -0.241944 -0.278437 0.105257
v -0.241055 -0.279099 0.084687
v -0.297448 0.218807 0.103186
v -0.322365 0.224028 0.081602
v -0.320212 0.223592 0.051976
v -0.319203 0.225951 0.025984
v -0.318884 0.226768 -0.000606
v -0.318493 0.226421 -0.027423
v -0.318360 0.223881 -0.054314
v -0.320322 0.221850 -0.083177
v -0.302326 0.218807 -0.111668
v -0.317241 0.195587 0.104312
v -0.315913 0.198571 0.074474
v -0.316019 0.202297 0.050107
v -0.315802 0.203306 0.024100
v -0.315375 0.203421 -0.001040
v -0.315115 0.203098 -0.026320
v -0.314708 0.201905 -0.052577
v -0.313750 0.198042 -0.078046
v -0.314772 0.193123 -0.106129
v -0.312762 0.173848 0.093652
v -0.312334 0.178274 0.070847
v -0.312523 0.180022 0.045837
v -0.312382 0.180819 0.021906
v -0.311953 0.181084 -0.001410
v -0.311688 0.180524 -0.024756
v -0.311359 0.179247 -0.048848
v -0.310729 0.176735 -0.074075
v -0.310451 0.172043 -0.097429
v -0.308925 0.155470 0.087883
v -0.309327 0.158463 0.064943
v -0.309366 0.160099 0.041934
v -0.309230 0.160856 0.019951
v -0.308861 0.160958 -0.001552
v -0.308600 0.160440 -0.023169
v -0.308207 0.159121 -0.045425
v -0.307728 0.156830 -0.068726
v -0.306674 0.153055 -0.091735
v -0.305963 0.138049 0.081414
v -0.306386 0.140550 0.059338
v -0.306394 0.141878 0.038340
v -0.306240 0.142492 0.018206
v -0.305922 0.142501 -0.001620
v -0.305674 0.141951 -0.021621
v -0.305315 0.140748 -0.042137
v -0.304823 0.138642 -0.063564
v -0.303893 0.135367 -0.085682
v -0.303253 0.121676 0.074395
v -0.303564 0.123791 0.054021
v -0.303600 0.124768 0.034998
v -0.303490 0.125126 0.016629
v -0.303247 0.125069 -0.001593
v -0.302954 0.124506 -0.020020
v -0.302632 0.123448 -0.039008
v -0.302193 0.121716 -0.058567
v -0.301315 0.118489 -0.079183
v -0.300719 0.105679 0.068102
v -0.300951 0.107524 0.049100
v -0.300946 0.108122 0.032105
v -0.300752 0.108328 0.015393
v -0.300517 0.108175 -0.001454
v -0.300251 0.107666 -0.018537
v -0.299996 0.106828 -0.035863
v -0.299610 0.105304 -0.053875
v -0.298992 0.103127 -0.072911
v -0.267782 0.224609 0.067970
v -0.256689 0.243165 0.068559
v -0.247201 0.259649 0.067125
v -0.235079 0.276448 0.066127
v -0.221629 0.291859 0.064563
v -0.206645 0.304529 0.061792
v -0.192389 0.315040 0.059155
v -0.178574 0.323274 0.056608
v -0.165426 0.329422 0.054102
v -0.152909 0.334254 0.052141
v -0.140984 0.338176 0.050758
v -0.129515 0.341365 0.049779
v -0.118363 0.344043 0.049239
v -0.107663 0.345991 0.048692
v -0.097200 0.347488 0.048423
v -0.087089 0.348618 0.048598
v -0.077071 0.349281 0.048699
v -0.066848 0.349569 0.049361
v -0.055084 0.348422 0.050610
v -0.280508 0.230227 0.057018
v -0.260074 0.242717 0.052265
v -0.252592 0.260326 0.051542
v -0.241324 0.277903 0.050905
v -0.228995 0.295126 0.050497
v -0.214431 0.309735 0.049453
v -0.199493 0.321614 0.048132
v -0.184854 0.330737 0.046654
v -0.170725 0.337597 0.045117
v -0.157198 0.342498 0.043499
v -0.144381 0.346275 0.042258
v -0.132160 0.349450 0.041435
v -0.120435 0.351940 0.040788
v -0.109005 0.353786 0.040276
v -0.097998 0.355262 0.040092
v -0.087137 0.356377 0.040030
v -0.076353 0.356824 0.040114
v -0.065357 0.356719 0.040175
v -0.053430 0.355878 0.040331
v -0.285020 0.245239 0.042876
v -0.264123 0.238850 0.034871
v -0.255380 0.260508 0.035013
v -0.245356 0.278541 0.034601
v -0.233767 0.296939 0.034837
v -0.219422 0.312924 0.034687
v -0.204011 0.325494 0.034197
v -0.189106 0.335651 0.033708
v -0.174464 0.343246 0.033040
v -0.160288 0.348453 0.032161
v -0.146850 0.352348 0.031354
v -0.134094 0.355420 0.030769
v -0.121859 0.357733 0.030299
v -0.110034 0.359566 0.030009
v -0.098507 0.361047 0.029850
v -0.087099 0.361959 0.029800
v -0.075657 0.362231 0.029728
v -0.063987 0.361722 0.029658
v -0.051649 0.360680 0.029568
v -0.287028 0.253866 0.022518
v -0.268235 0.236472 0.018079
v -0.257090 0.260524 0.017748
v -0.247525 0.278831 0.017901
v -0.236028 0.297916 0.018311
v -0.221797 0.314494 0.018782
v -0.206211 0.327669 0.019104
v -0.191096 0.338214 0.019276
v -0.176217 0.345971 0.019232
v -0.161795 0.351467 0.019020
v -0.148044 0.355425 0.018777
v -0.135033 0.358402 0.018548
v -0.122581 0.360844 0.018400
v -0.110575 0.362759 0.018329
v -0.098754 0.364251 0.018340
v -0.087026 0.365109 0.018308
v -0.075221 0.365097 0.018232
v -0.063180 0.364528 0.018131
v -0.050551 0.363233 0.018040
v -0.288258 0.256790 0.000131
v -0.269676 0.235453 -0.000507
v -0.257855 0.261025 0.000383
v -0.248163 0.279282 0.000925
v -0.236360 0.298483 0.001714
v -0.221911 0.315141 0.002642
v -0.206500 0.328628 0.003552
v -0.191180 0.339059 0.004360
v -0.176286 0.346737 0.004959
v -0.161874 0.352274 0.005393
v -0.148137 0.356272 0.005691
v -0.135058 0.359238 0.005889
v -0.122678 0.361721 0.006088
v -0.110623 0.363669 0.006214
v -0.098805 0.365154 0.006298
v -0.086995 0.365955 0.006367
v -0.075098 0.365892 0.006344
v -0.062960 0.365309 0.006289
v -0.050276 0.364068 0.006174
v -0.287239 0.256528 -0.022530
v -0.268542 0.237324 -0.019167
v -0.257150 0.261791 -0.017097
v -0.247401 0.280274 -0.015937
v -0.235372 0.299225 -0.014865
v -0.220758 0.315782 -0.013535
v -0.205324 0.329131 -0.012017
v -0.189961 0.339182 -0.010570
v -0.175018 0.346363 -0.009291
v -0.160812 0.351684 -0.008223
v -0.147238 0.355661 -0.007378
v -0.134429 0.358641 -0.006671
v -0.122185 0.361062 -0.006219
v -0.110368 0.362952 -0.005876
v -0.098688 0.364257 -0.005625
v -0.087039 0.364998 -0.005545
v -0.075297 0.365039 -0.005492
v -0.063318 0.364526 -0.005529
v -0.050756 0.363305 -0.005561
v -0.283883 0.250670 -0.044643
v -0.264408 0.240110 -0.035522
v -0.254611 0.262621 -0.034250
v -0.245111 0.281221 -0.032901
v -0.232786 0.300067 -0.031514
v -0.217997 0.316068 -0.029673
v -0.202300 0.328608 -0.027485
v -0.186916 0.337802 -0.025215
v -0.172220 0.344165 -0.023044
v -0.158425 0.349239 -0.021358
v -0.145327 0.352991 -0.019913
v -0.132913 0.355930 -0.018812
v -0.121109 0.358146 -0.017958
v -0.109646 0.359912 -0.017407
v -0.098407 0.361319 -0.017157
v -0.087155 0.362166 -0.016967
v -0.075805 0.362165 -0.016888
v -0.064206 0.361847 -0.016954
v -0.052052 0.360801 -0.017032
v -0.279521 0.237415 -0.061351
v -0.258106 0.243494 -0.051715
v -0.249708 0.262388 -0.050653
v -0.239358 0.280911 -0.049138
v -0.227111 0.299069 -0.047727
v -0.212068 0.314228 -0.045075
v -0.196378 0.325269 -0.041595
v -0.181560 0.333227 -0.038176
v -0.167707 0.339291 -0.035240
v -0.154635 0.343841 -0.032810
v -0.142238 0.347339 -0.030767
v -0.130523 0.350100 -0.029216
v -0.119327 0.352476 -0.028207
v -0.108469 0.354211 -0.027485
v -0.097832 0.355611 -0.027138
v -0.087218 0.356608 -0.027140
v -0.076539 0.356986 -0.027157
v -0.065658 0.356651 -0.027395
v -0.054146 0.355659 -0.027767
v -0.267195 0.224034 -0.070800
v -0.251814 0.244573 -0.068350
v -0.242013 0.260939 -0.065523
v -0.230653 0.278672 -0.063630
v -0.218061 0.295835 -0.061838
v -0.202945 0.309176 -0.057728
v -0.188262 0.318780 -0.052737
v -0.174629 0.325943 -0.048101
v -0.161955 0.331708 -0.044676
v -0.149903 0.336079 -0.041645
v -0.138468 0.339611 -0.039370
v -0.127561 0.342394 -0.037496
v -0.117084 0.344808 -0.036466
v -0.106953 0.346708 -0.035803
v -0.096979 0.348123 -0.035495
v -0.087209 0.349273 -0.035657
v -0.077370 0.349623 -0.035997
v -0.067458 0.349198 -0.036580
v -0.056515 0.348213 -0.037424
v -0.295321 0.072571 0.059467
v -0.295524 0.074005 0.043428
v -0.295471 0.074432 0.028818
v -0.295317 0.074546 0.014027
v -0.295117 0.074461 -0.000877
v -0.294904 0.074006 -0.015927
v -0.294687 0.073341 -0.030967
v -0.294413 0.072480 -0.046121
v -0.293924 0.070684 -0.062430
v -0.292564 0.055754 0.057730
v -0.292674 0.056816 0.042485
v -0.292638 0.057335 0.028170
v -0.292590 0.057607 0.013849
v -0.292452 0.057472 -0.000575
v -0.292222 0.057110 -0.014970
v -0.291945 0.056409 -0.029353
v -0.291657 0.055410 -0.043770
v -0.291249 0.054089 -0.059119
v -0.289823 0.038993 0.057061
v -0.289887 0.039981 0.042024
v -0.289864 0.040608 0.027914
v -0.289806 0.040787 0.013853
v -0.289673 0.040762 -0.000184
v -0.289458 0.040416 -0.014199
v -0.289196 0.039788 -0.028269
v -0.288911 0.038787 -0.042281
v -0.288472 0.037481 -0.057328
v -0.287181 0.022708 0.056764
v -0.287253 0.023570 0.041872
v -0.287223 0.024062 0.027909
v -0.287113 0.024315 0.014055
v -0.286899 0.024278 0.000256
v -0.286722 0.023995 -0.013571
v -0.286534 0.023397 -0.027357
v -0.286320 0.022581 -0.041418
v -0.285890 0.021330 -0.056227
v -0.284649 0.006698 0.056559
v -0.284709 0.007411 0.041905
v -0.284697 0.007842 0.028018
v -0.284597 0.008038 0.014350
v -0.284406 0.008009 0.000719
v -0.284199 0.007767 -0.012948
v -0.284001 0.007299 -0.026746
v -0.283746 0.006505 -0.040588
v -0.283355 0.005617 -0.055408
v -0.282160 -0.009075 0.056432
v -0.282209 -0.008490 0.041884
v -0.282176 -0.008162 0.028213
v -0.282072 -0.007999 0.014636
v -0.281898 -0.008007 0.001122
v -0.281706 -0.008243 -0.012417
v -0.281502 -0.008671 -0.026090
v -0.281242 -0.009223 -0.039977
v -0.280812 -0.010137 -0.054556
v -0.279670 -0.024724 0.056212
v -0.279716 -0.024258 0.041956
v -0.279661 -0.023949 0.028296
v -0.279538 -0.023861 0.014896
v -0.279362 -0.023893 0.001487
v -0.279188 -0.024076 -0.011976
v -0.279006 -0.024436 -0.025538
v -0.278764 -0.024959 -0.039297
v -0.278369 -0.025554 -0.053793
v -0.277151 -0.040337 0.056096
v -0.277182 -0.039917 0.041888
v -0.277109 -0.039718 0.028467
v -0.276995 -0.039594 0.015045
v -0.276836 -0.039646 0.001785
v -0.276689 -0.039830 -0.011565
v -0.276544 -0.040124 -0.025026
v -0.276325 -0.040512 -0.038662
v -0.275918 -0.041022 -0.052995
v -0.274690 -0.055953 0.055907
v -0.274689 -0.055636 0.041975
v -0.274607 -0.055436 0.028457
v -0.274487 -0.055357 0.015284
v -0.274348 -0.055394 0.002019
v -0.274206 -0.055520 -0.011190
v -0.274049 -0.055735 -0.024500
v -0.273825 -0.056024 -0.038053
v -0.273457 -0.056405 -0.052246
v -0.272271 -0.071652 0.055883
v -0.272252 -0.071425 0.041867
v -0.272167 -0.071245 0.028663
v -0.272035 -0.071178 0.015378
v -0.271928 -0.071155 0.002321
v -0.271801 -0.071259 -0.010810
v -0.271606 -0.071404 -0.024057
v -0.271375 -0.071582 -0.037450
v -0.271047 -0.071795 -0.051561
v -0.269808 -0.087413 0.055744
v -0.269808 -0.087259 0.041999
v -0.269736 -0.087164 0.028692
v -0.269602 -0.087038 0.015641
v -0.269487 -0.087029 0.002560
v -0.269381 -0.087066 -0.010465
v -0.269199 -0.087125 -0.023621
v -0.268966 -0.087196 -0.036980
v -0.268630 -0.087327 -0.050975
v -0.267356 -0.103210 0.055824
v -0.267340 -0.103180 0.042033
v -0.267276 -0.103082 0.028890
v -0.267120 -0.102995 0.015834
v -0.266976 -0.102932 0.002843
v -0.266872 -0.102915 -0.010181
v -0.266757 -0.102907 -0.023272
v -0.266584 -0.102910 -0.036567
v -0.266255 -0.102870 -0.050499
v -0.265017 -0.119003 0.055923
v -0.265010 -0.119043 0.042196
v -0.264942 -0.119033 0.029089
v -0.264762 -0.118966 0.016045
v -0.264572 -0.118889 0.003093
v -0.264410 -0.118796 -0.009893
v -0.264300 -0.118741 -0.022972
v -0.264170 -0.118619 -0.036213
v -0.263871 -0.118474 -0.050067
v -0.262729 -0.134704 0.056106
v -0.262671 -0.134841 0.042381
v -0.262555 -0.134883 0.029257
v -0.262409 -0.134865 0.016292
v -0.262235 -0.134784 0.003323
v -0.262050 -0.134715 -0.009640
v -0.261920 -0.134525 -0.022659
v -0.261749 -0.134383 -0.035850
v -0.261462 -0.134109 -0.049664
v -0.260350 -0.150326 0.056264
v -0.260247 -0.150492 0.042539
v -0.260088 -0.150575 0.029416
v -0.259932 -0.150599 0.016457
v -0.259769 -0.150567 0.003536
v -0.259636 -0.150425 -0.009345
v -0.259510 -0.150292 -0.022336
v -0.259358 -0.150022 -0.035493
v -0.259103 -0.149652 -0.049233
v -0.257892 -0.165797 0.056304
v -0.257781 -0.166003 0.042575
v -0.257644 -0.166105 0.029504
v -0.257501 -0.166133 0.016575
v -0.257330 -0.166106 0.003770
v -0.257176 -0.165984 -0.009074
v -0.257050 -0.165775 -0.021974
v -0.256915 -0.165506 -0.035047
v -0.256749 -0.165145 -0.048827
v -0.255450 -0.181105 0.056229
v -0.255359 -0.181321 0.042505
v -0.255255 -0.181396 0.029491
v -0.255154 -0.181441 0.016674
v -0.255010 -0.181375 0.003941
v -0.254806 -0.181250 -0.008744
v -0.254642 -0.181051 -0.021557
v -0.254524 -0.180829 -0.034583
v -0.254431 -0.180375 -0.048277
v -0.253171 -0.196218 0.055880
v -0.253040 -0.196400 0.042336
v -0.252914 -0.196404 0.029386
v -0.252781 -0.196377 0.016710
v -0.252651 -0.196321 0.004140
v -0.252488 -0.196213 -0.008443
v -0.252346 -0.196061 -0.021087
v -0.252249 -0.195865 -0.034030
v -0.252158 -0.195541 -0.047637
v -0.250980 -0.211071 0.055476
v -0.250820 -0.211129 0.041928
v -0.250689 -0.211094 0.029217
v -0.250529 -0.210985 0.016675
v -0.250379 -0.210899 0.004278
v -0.250258 -0.210814 -0.008108
v -0.250165 -0.210759 -0.020614
v -0.250071 -0.210662 -0.033322
v -0.249965 -0.210352 -0.046812
v -0.248789 -0.225552 0.054690
v -0.248645 -0.225553 0.041406
v -0.248570 -0.225355 0.028839
v -0.248443 -0.225226 0.016578
v -0.248266 -0.225129 0.004367
v -0.248083 -0.225068 -0.007784
v -0.247969 -0.225068 -0.020030
v -0.247834 -0.225113 -0.032449
v -0.247705 -0.224883 -0.045728
v -0.246566 -0.239633 0.053685
v -0.246439 -0.239526 0.040577
v -0.246385 -0.239266 0.028380
v -0.246288 -0.239064 0.016339
v -0.246110 -0.238930 0.004438
v -0.245895 -0.238921 -0.007469
v -0.245718 -0.239010 -0.019361
v -0.245567 -0.239138 -0.031400
v -0.245466 -0.239098 -0.044270
v -0.244392 -0.253363 0.052465
v -0.244266 -0.253116 0.039670
v -0.244213 -0.252763 0.027781
v -0.244151 -0.252498 0.016093
v -0.244013 -0.252387 0.004423
v -0.243824 -0.252373 -0.007165
v -0.243607 -0.252490 -0.018708
v -0.243414 -0.252743 -0.030315
v -0.243352 -0.252723 -0.042899
v -0.242356 -0.266515 0.051364
v -0.242230 -0.266239 0.038862
v -0.242158 -0.265890 0.027256
v -0.242105 -0.265610 0.015807
v -0.242008 -0.265450 0.004404
v -0.241827 -0.265422 -0.006961
v -0.241601 -0.265559 -0.018236
v -0.241419 -0.265753 -0.029540
v -0.241378 -0.265540 -0.041772
v -0.240422 -0.279447 0.050742
v -0.240298 -0.278948 0.038206
v -0.240186 -0.278603 0.026896
v -0.240098 -0.278336 0.015590
v -0.239984 -0.278179 0.004338
v -0.239821 -0.278112 -0.006892
v -0.239651 -0.278149 -0.017989
v -0.239518 -0.278237 -0.029099
v -0.239410 -0.278481 -0.040818
v -0.140628 0.140151 -0.074532
v -0.148525 0.123054 -0.078531
v -0.156673 0.107133 -0.080194
v -0.164828 0.091924 -0.079620
v -0.172868 0.077875 -0.075419
v -0.180624 0.065169 -0.067918
v -0.188406 0.053347 -0.058755
v -0.155631 0.146927 -0.080261
v -0.163455 0.130648 -0.082040
v -0.171364 0.115221 -0.082554
v -0.179280 0.100563 -0.081888
v -0.187032 0.086547 -0.078911
v -0.194693 0.074209 -0.072849
v -0.202316 0.063403 -0.064840
v -0.171191 0.153300 -0.084348
v -0.179007 0.137832 -0.084678
v -0.186812 0.123004 -0.084628
v -0.194346 0.108602 -0.084296
v -0.201821 0.095117 -0.082276
v -0.208969 0.083151 -0.077089
v -0.215766 0.073010 -0.070644
v -0.187426 0.159904 -0.087016
v -0.195264 0.144930 -0.086987
v -0.202913 0.130349 -0.086866
v -0.210175 0.116378 -0.086767
v -0.216904 0.103179 -0.085034
v -0.223412 0.091459 -0.081569
v -0.230334 0.079475 -0.079964
v -0.204409 0.166883 -0.088975
v -0.212403 0.152085 -0.089063
v -0.219838 0.137730 -0.088881
v -0.226757 0.123680 -0.088653
v -0.233488 0.110266 -0.089082
v -0.238404 0.096931 -0.091962
v -0.238879 0.083622 -0.096468
v -0.222424 0.174518 -0.090877
v -0.230459 0.159779 -0.090576
v -0.238669 0.144878 -0.091389
v -0.245114 0.130229 -0.095967
v -0.247367 0.116176 -0.102834
v -0.247557 0.102483 -0.109065
v -0.247990 0.088865 -0.114348
v -0.241369 0.182481 -0.092716
v -0.250746 0.167401 -0.096224
v -0.256034 0.152522 -0.104029
v -0.257838 0.137585 -0.112473
v -0.260989 0.122358 -0.118482
v -0.265109 0.106949 -0.121891
v -0.268973 0.091485 -0.123957
v -0.262493 0.190669 -0.098536
v -0.266162 0.177177 -0.111269
v -0.271211 0.160620 -0.119260
v -0.278109 0.143608 -0.124621
v -0.285552 0.126487 -0.127273
v -0.292560 0.109187 -0.125314
v -0.295979 0.093739 -0.118721
v -0.113134 0.119886 -0.062343
v -0.101333 0.108178 -0.058530
v -0.090778 0.097691 -0.055922
v -0.080806 0.087649 -0.053920
v -0.071198 0.078091 -0.052202
v -0.061757 0.068741 -0.051199
v -0.052498 0.059552 -0.050401
v -0.043334 0.050151 -0.049882
v -0.033859 0.039590 -0.049732
v -0.024086 0.028508 -0.049669
v -0.121303 0.104680 -0.070390
v -0.109535 0.094788 -0.067052
v -0.098692 0.085067 -0.064395
v -0.088431 0.075781 -0.062261
v -0.078577 0.066573 -0.060680
v -0.069042 0.057584 -0.059438
v -0.059734 0.048464 -0.058524
v -0.050689 0.039207 -0.057726
v -0.041834 0.029409 -0.057108
v -0.032649 0.017996 -0.056929
v -0.129925 0.089565 -0.074479
v -0.118060 0.080505 -0.071784
v -0.107059 0.071649 -0.069325
v -0.096579 0.062838 -0.067410
v -0.086654 0.054210 -0.065892
v -0.077025 0.045555 -0.064754
v -0.067733 0.036832 -0.063775
v -0.058871 0.027841 -0.062618
v -0.050343 0.018591 -0.061847
v -0.042357 0.008924 -0.061161
v -0.138504 0.074521 -0.074965
v -0.126655 0.066047 -0.072818
v -0.115519 0.057720 -0.070595
v -0.105075 0.049568 -0.069041
v -0.095034 0.041405 -0.067487
v -0.085481 0.033232 -0.066079
v -0.076283 0.024981 -0.064857
v -0.067481 0.016610 -0.063635
v -0.059212 0.008030 -0.062760
v -0.051542 -0.000757 -0.061644
v -0.146723 0.060176 -0.070342
v -0.134873 0.052048 -0.068423
v -0.123787 0.044424 -0.066527
v -0.113255 0.036833 -0.064913
v -0.103243 0.029321 -0.063469
v -0.093639 0.021770 -0.062132
v -0.084391 0.014118 -0.060902
v -0.075558 0.006487 -0.059646
v -0.067227 -0.001447 -0.058877
v -0.059596 -0.009437 -0.058015
v -0.153687 0.047516 -0.061289
v -0.141644 0.039827 -0.059242
v -0.130513 0.032921 -0.057684
v -0.120104 0.026021 -0.056463
v -0.110202 0.018987 -0.055484
v -0.100673 0.011861 -0.054665
v -0.091498 0.004763 -0.053863
v -0.082605 -0.002453 -0.053188
v -0.074144 -0.009789 -0.052779
v -0.066360 -0.017305 -0.052340
v -0.160045 0.035133 -0.050257
v -0.147283 0.028408 -0.048780
v -0.136346 0.022110 -0.047588
v -0.126169 0.015812 -0.046869
v -0.116480 0.009282 -0.046353
v -0.107235 0.002615 -0.046024
v -0.098221 -0.004114 -0.045757
v -0.089419 -0.010896 -0.045668
v -0.080861 -0.017788 -0.045756
v -0.072989 -0.024682 -0.045807
v -0.132846 0.177460 -0.058773
v -0.143573 0.181644 -0.070717
v -0.156591 0.186173 -0.079807
v -0.171866 0.191631 -0.085297
v -0.188072 0.198032 -0.088366
v -0.205103 0.205225 -0.090439
v -0.222435 0.212747 -0.092595
v -0.239580 0.220044 -0.092383
v -0.132427 0.194110 -0.051157
v -0.140282 0.197622 -0.063862
v -0.150984 0.202123 -0.074602
v -0.164441 0.207398 -0.082053
v -0.179705 0.213661 -0.086742
v -0.195904 0.220950 -0.089673
v -0.212623 0.228648 -0.091411
v -0.228966 0.236606 -0.090737
v -0.132340 0.208143 -0.044495
v -0.138328 0.211746 -0.056847
v -0.146689 0.216317 -0.068004
v -0.158018 0.221905 -0.076750
v -0.171412 0.228411 -0.082936
v -0.186325 0.235948 -0.087192
v -0.201695 0.244254 -0.089315
v -0.218184 0.252807 -0.088456
v -0.131844 0.220335 -0.038736
v -0.136891 0.223883 -0.050303
v -0.143768 0.228583 -0.060919
v -0.152831 0.234486 -0.069956
v -0.163907 0.241507 -0.076999
v -0.176726 0.249588 -0.081883
v -0.190836 0.258540 -0.084570
v -0.205302 0.267941 -0.084240
v -0.130767 0.230977 -0.033972
v -0.135092 0.234476 -0.044613
v -0.140987 0.239170 -0.054366
v -0.148481 0.245200 -0.062873
v -0.157503 0.252551 -0.069819
v -0.168076 0.261121 -0.074868
v -0.180042 0.270551 -0.077303
v -0.192810 0.280601 -0.077331
v -0.128680 0.240333 -0.030119
v -0.132585 0.243706 -0.039863
v -0.137665 0.248361 -0.048845
v -0.143944 0.254428 -0.056567
v -0.151507 0.261858 -0.062955
v -0.160248 0.270571 -0.067585
v -0.170150 0.280401 -0.069983
v -0.180760 0.290938 -0.069970
v -0.125735 0.248327 -0.027202
v -0.129149 0.251646 -0.036186
v -0.133569 0.256290 -0.044363
v -0.138956 0.262328 -0.051492
v -0.145336 0.269739 -0.057171
v -0.152761 0.278477 -0.061179
v -0.160990 0.288361 -0.063221
v -0.169739 0.299118 -0.063177
v -0.121851 0.254984 -0.025065
v -0.124835 0.258298 -0.033520
v -0.128750 0.262966 -0.041118
v -0.133223 0.268955 -0.047806
v -0.138782 0.276398 -0.052879
v -0.145108 0.285125 -0.056333
v -0.152083 0.295001 -0.057840
v -0.159347 0.305765 -0.057661
v -0.117182 0.260343 -0.023761
v -0.119942 0.263719 -0.031712
v -0.123316 0.268450 -0.038895
v -0.127204 0.274460 -0.045165
v -0.131918 0.281923 -0.049885
v -0.137274 0.290662 -0.052986
v -0.143257 0.300529 -0.053917
v -0.149331 0.311236 -0.053452
v -0.112119 0.264568 -0.023005
v -0.114669 0.268171 -0.030583
v -0.117614 0.272967 -0.037397
v -0.120983 0.279011 -0.043313
v -0.124949 0.286474 -0.047776
v -0.129531 0.295260 -0.050375
v -0.134511 0.305119 -0.051025
v -0.139585 0.315724 -0.050289
v -0.106933 0.268152 -0.022613
v -0.109169 0.271782 -0.029982
v -0.111774 0.276668 -0.036502
v -0.114634 0.282780 -0.042039
v -0.118004 0.290257 -0.046199
v -0.121815 0.299055 -0.048477
v -0.125930 0.308892 -0.048901
v -0.130082 0.319416 -0.047891
v -0.101533 0.270939 -0.022696
v -0.103637 0.274777 -0.029746
v -0.105875 0.279777 -0.035917
v -0.108301 0.285853 -0.041234
v -0.111035 0.293295 -0.045226
v -0.114178 0.302120 -0.047300
v -0.117504 0.311941 -0.047383
v -0.120898 0.322487 -0.046241
v -0.096199 0.273048 -0.023155
v -0.098024 0.277106 -0.029916
v -0.099916 0.282098 -0.035883
v -0.101902 0.288224 -0.040868
v -0.104114 0.295635 -0.044757
v -0.106624 0.304490 -0.046679
v -0.109274 0.314402 -0.046635
v -0.111891 0.324903 -0.045379
v -0.090937 0.274812 -0.023716
v -0.092487 0.278854 -0.030464
v -0.093940 0.283853 -0.036060
v -0.095471 0.289971 -0.040816
v -0.097185 0.297357 -0.044571
v -0.099111 0.306250 -0.046464
v -0.101139 0.316243 -0.046610
v -0.103189 0.326885 -0.045228
v -0.085809 0.275801 -0.024763
v -0.086911 0.280159 -0.030959
v -0.087948 0.285249 -0.036200
v -0.088984 0.291277 -0.040644
v -0.090157 0.298542 -0.044337
v -0.091580 0.307372 -0.046595
v -0.093097 0.317466 -0.046992
v -0.094595 0.328330 -0.045551
v -0.080699 0.276450 -0.025628
v -0.081268 0.280756 -0.031515
v -0.081732 0.285777 -0.036542
v -0.082261 0.291806 -0.040735
v -0.082988 0.299006 -0.044306
v -0.083934 0.307703 -0.046837
v -0.085077 0.317960 -0.047550
v -0.086196 0.329128 -0.046334
v -0.074902 0.276014 -0.026309
v -0.075472 0.280578 -0.032084
v -0.075214 0.285484 -0.036964
v -0.075320 0.291370 -0.041190
v -0.075627 0.298487 -0.044689
v -0.076213 0.307084 -0.047295
v -0.077066 0.317449 -0.048268
v -0.077851 0.328998 -0.047197
v -0.068917 0.275333 -0.027309
v -0.068523 0.279446 -0.032783
v -0.068465 0.284279 -0.037713
v -0.068139 0.290126 -0.041807
v -0.068105 0.297066 -0.045136
v -0.068412 0.305457 -0.047723
v -0.069053 0.315698 -0.049229
v -0.069541 0.327521 -0.048405
v -0.060540 0.272412 -0.028897
v -0.061353 0.277434 -0.034396
v -0.061177 0.282110 -0.039234
v -0.060892 0.287838 -0.043159
v -0.060567 0.294599 -0.046109
v -0.060539 0.302524 -0.048714
v -0.060975 0.312443 -0.050271
v -0.060809 0.324442 -0.050164
v -0.207348 0.037581 -0.039300
v -0.218650 0.028060 -0.035706
v -0.218482 0.015113 -0.039483
v -0.215616 0.004002 -0.043210
v -0.213030 -0.007280 -0.046863
v -0.210706 -0.018565 -0.049984
v -0.208282 -0.030217 -0.052711
v -0.205470 -0.042110 -0.055256
v -0.202287 -0.054361 -0.057477
v -0.199037 -0.067060 -0.059372
v -0.195830 -0.080119 -0.061072
v -0.192962 -0.093646 -0.062458
v -0.190720 -0.107508 -0.063670
v -0.188550 -0.121458 -0.064658
v -0.186204 -0.135423 -0.065536
v -0.183683 -0.149204 -0.066112
v -0.181471 -0.162917 -0.066473
v -0.179871 -0.176349 -0.066661
v -0.178412 -0.189348 -0.066625
v -0.176939 -0.201878 -0.066629
v -0.175287 -0.214019 -0.066554
v -0.173441 -0.225332 -0.066911
v -0.170976 -0.236674 -0.067180
v -0.167700 -0.246880 -0.067734
v -0.220397 0.045586 -0.050688
v -0.224640 0.031570 -0.053002
v -0.222172 0.019126 -0.056845
v -0.219272 0.007156 -0.060906
v -0.216157 -0.004583 -0.064705
v -0.213048 -0.016448 -0.068167
v -0.209885 -0.028389 -0.071318
v -0.206497 -0.040552 -0.074145
v -0.202924 -0.053020 -0.076638
v -0.199473 -0.065856 -0.078917
v -0.196297 -0.079144 -0.080765
v -0.193555 -0.092816 -0.082424
v -0.191161 -0.106717 -0.083835
v -0.188853 -0.120753 -0.085000
v -0.186535 -0.134743 -0.086003
v -0.184193 -0.148762 -0.086801
v -0.182107 -0.162586 -0.087373
v -0.180375 -0.176230 -0.087664
v -0.178725 -0.189492 -0.087948
v -0.177078 -0.202415 -0.088166
v -0.175472 -0.214954 -0.088465
v -0.173740 -0.227293 -0.088863
v -0.171873 -0.239138 -0.089626
v -0.169845 -0.251184 -0.090648
v -0.228485 0.049079 -0.068366
v -0.227321 0.036056 -0.071969
v -0.224266 0.023617 -0.075953
v -0.220887 0.011225 -0.079996
v -0.217212 -0.001055 -0.083840
v -0.213708 -0.013334 -0.087393
v -0.210818 -0.025886 -0.090756
v -0.207784 -0.038508 -0.093858
v -0.204643 -0.051407 -0.096853
v -0.202105 -0.064811 -0.099243
v -0.199402 -0.078440 -0.101544
v -0.197184 -0.092381 -0.103364
v -0.194902 -0.106434 -0.104936
v -0.192588 -0.120549 -0.106473
v -0.190297 -0.134775 -0.107659
v -0.188158 -0.148899 -0.108636
v -0.186008 -0.163051 -0.109390
v -0.184286 -0.176880 -0.109867
v -0.182406 -0.190408 -0.110396
v -0.180774 -0.203628 -0.110811
v -0.178830 -0.216647 -0.111477
v -0.177003 -0.229525 -0.112182
v -0.175493 -0.242555 -0.112819
v -0.174303 -0.255492 -0.113360
v -0.230843 0.053407 -0.086908
v -0.228078 0.040886 -0.091033
v -0.225152 0.028058 -0.095604
v -0.222718 0.015113 -0.100091
v -0.220527 0.002237 -0.104298
v -0.218924 -0.011104 -0.108207
v -0.218327 -0.024593 -0.110977
v -0.217404 -0.037987 -0.113632
v -0.216507 -0.051843 -0.115641
v -0.215416 -0.065841 -0.117321
v -0.214334 -0.080011 -0.118492
v -0.213055 -0.094310 -0.119550
v -0.211612 -0.108649 -0.120612
v -0.210031 -0.123054 -0.121369
v -0.208297 -0.137459 -0.122230
v -0.206489 -0.151909 -0.122803
v -0.204775 -0.166107 -0.123282
v -0.203081 -0.180191 -0.123646
v -0.201559 -0.193992 -0.123896
v -0.199941 -0.207654 -0.124310
v -0.198445 -0.221126 -0.124590
v -0.196981 -0.234674 -0.124886
v -0.195569 -0.248193 -0.124995
v -0.194159 -0.261893 -0.125005
v -0.235100 0.058076 -0.106467
v -0.235046 0.044374 -0.111453
v -0.235744 0.030322 -0.115119
v -0.236730 0.016183 -0.117276
v -0.237561 0.002072 -0.118756
v -0.237976 -0.011994 -0.119795
v -0.238084 -0.026057 -0.120520
v -0.237794 -0.040139 -0.121364
v -0.237197 -0.054292 -0.122071
v -0.236318 -0.068596 -0.122742
v -0.235269 -0.083024 -0.123329
v -0.234014 -0.097474 -0.123833
v -0.232634 -0.112042 -0.124318
v -0.231075 -0.126609 -0.124944
v -0.229397 -0.141200 -0.125511
v -0.227711 -0.155709 -0.125930
v -0.226021 -0.170157 -0.126140
v -0.224453 -0.184331 -0.126343
v -0.222839 -0.198368 -0.126761
v -0.221313 -0.212356 -0.127054
v -0.219769 -0.226271 -0.127036
v -0.218216 -0.240041 -0.126988
v -0.216763 -0.253988 -0.126999
v -0.215279 -0.267944 -0.126745
v -0.252665 0.059953 -0.120439
v -0.254853 0.045143 -0.121665
v -0.256434 0.030317 -0.122605
v -0.257624 0.015604 -0.123274
v -0.258393 0.001108 -0.123698
v -0.258984 -0.013381 -0.124145
v -0.259325 -0.027843 -0.124294
v -0.259365 -0.042281 -0.124319
v -0.259065 -0.056844 -0.124322
v -0.258383 -0.071503 -0.124102
v -0.257362 -0.086096 -0.123683
v -0.256419 -0.100906 -0.123775
v -0.255058 -0.115656 -0.123419
v -0.253774 -0.130450 -0.123488
v -0.252108 -0.145306 -0.123168
v -0.250268 -0.160065 -0.122735
v -0.248332 -0.174573 -0.122172
v -0.246685 -0.188817 -0.121859
v -0.245600 -0.203104 -0.122046
v -0.244151 -0.217519 -0.121884
v -0.242354 -0.231565 -0.121254
v -0.240909 -0.245623 -0.120797
v -0.239076 -0.259578 -0.119844
v -0.237313 -0.273388 -0.118827
v -0.276771 0.061196 -0.125098
v -0.279925 0.045443 -0.124014
v -0.281355 0.029844 -0.121189
v -0.281006 0.014832 -0.117651
v -0.280103 0.000148 -0.114684
v -0.278580 -0.014434 -0.112022
v -0.276728 -0.029058 -0.109829
v -0.274591 -0.043589 -0.107965
v -0.272491 -0.058222 -0.106540
v -0.270162 -0.072958 -0.105327
v -0.267810 -0.087695 -0.104447
v -0.265529 -0.102535 -0.103595
v -0.263007 -0.117434 -0.102981
v -0.260646 -0.132306 -0.102395
v -0.258270 -0.147194 -0.101933
v -0.256062 -0.162022 -0.101468
v -0.253878 -0.176806 -0.101003
v -0.251805 -0.191378 -0.100571
v -0.249747 -0.205818 -0.100044
v -0.247578 -0.220078 -0.099450
v -0.245410 -0.234178 -0.098652
v -0.243468 -0.248078 -0.097615
v -0.241418 -0.261769 -0.096624
v -0.239481 -0.274993 -0.095813
v -0.293006 0.063739 -0.104377
v -0.289964 0.048319 -0.099387
v -0.286956 0.032694 -0.096361
v -0.284401 0.017393 -0.094165
v -0.281949 0.002291 -0.092199
v -0.279435 -0.012768 -0.090578
v -0.277008 -0.027615 -0.089149
v -0.274624 -0.042578 -0.087902
v -0.272241 -0.057498 -0.086782
v -0.269904 -0.072462 -0.085855
v -0.267592 -0.087555 -0.085024
v -0.265244 -0.102684 -0.084387
v -0.262940 -0.117812 -0.083775
v -0.260624 -0.133025 -0.083263
v -0.258254 -0.148133 -0.082767
v -0.255949 -0.163282 -0.082294
v -0.253797 -0.178259 -0.081770
v -0.251618 -0.193163 -0.081192
v -0.249491 -0.207774 -0.080524
v -0.247388 -0.222199 -0.079615
v -0.245293 -0.236412 -0.078347
v -0.243267 -0.250227 -0.077069
v -0.241323 -0.263289 -0.075880
v -0.239376 -0.276791 -0.074480
v -0.043326 -0.080016 0.044807
v -0.034810 -0.080979 0.051023
v -0.025438 -0.082058 0.055941
v -0.014660 -0.082358 0.059045
v -0.002626 -0.081690 0.058983
v 0.009628 -0.080170 0.056183
v 0.021679 -0.077644 0.051991
v -0.045389 -0.073553 0.045486
v -0.036786 -0.073588 0.052016
v -0.027349 -0.073568 0.057063
v -0.016591 -0.072922 0.060241
v -0.004609 -0.071399 0.059991
v 0.007368 -0.069247 0.057258
v 0.019459 -0.066411 0.052946
v -0.047511 -0.067735 0.046058
v -0.039057 -0.066770 0.052807
v -0.029717 -0.065754 0.058275
v -0.018967 -0.064019 0.061260
v -0.007341 -0.061642 0.061241
v 0.004620 -0.058871 0.058253
v 0.016192 -0.055748 0.053682
v -0.049890 -0.062065 0.046675
v -0.041522 -0.060197 0.053688
v -0.032368 -0.058172 0.059372
v -0.021846 -0.055427 0.062620
v -0.010390 -0.052091 0.062223
v 0.001157 -0.048603 0.059264
v 0.012744 -0.045110 0.054394
v -0.052302 -0.056389 0.047548
v -0.044253 -0.053681 0.054764
v -0.035371 -0.050647 0.060544
v -0.025031 -0.046936 0.063702
v -0.013882 -0.042653 0.063311
v -0.002539 -0.038408 0.060065
v 0.008815 -0.034342 0.054970
v -0.054820 -0.050613 0.048693
v -0.047113 -0.047049 0.055826
v -0.038573 -0.043084 0.061431
v -0.028701 -0.038380 0.064668
v -0.017791 -0.033246 0.064139
v -0.006695 -0.028206 0.060773
v 0.004600 -0.023585 0.055339
v -0.057596 -0.044882 0.049885
v -0.050320 -0.040354 0.057030
v -0.042416 -0.035503 0.062766
v -0.032826 -0.029762 0.065477
v -0.022357 -0.023685 0.064899
v -0.011505 -0.017878 0.061276
v -0.000227 -0.012454 0.055379
v -0.060647 -0.038785 0.051324
v -0.054321 -0.033550 0.058307
v -0.046790 -0.027679 0.063827
v -0.037770 -0.020976 0.066607
v -0.027661 -0.013880 0.065539
v -0.017050 -0.007071 0.061503
v -0.005993 -0.000631 0.054873
v -0.040393 -0.097635 0.042039
v -0.040366 -0.108757 0.040138
v -0.041731 -0.120933 0.038111
v -0.044436 -0.133622 0.036335
v -0.048380 -0.146549 0.034961
v -0.053212 -0.159697 0.033564
v -0.058939 -0.172578 0.032322
v -0.065424 -0.184933 0.031408
v -0.072934 -0.196351 0.031380
v -0.081190 -0.206869 0.032161
v -0.090074 -0.216430 0.033982
v -0.099164 -0.225397 0.036317
v -0.108235 -0.233968 0.038862
v -0.117337 -0.242077 0.041879
v -0.125711 -0.249024 0.045217
v -0.133673 -0.255311 0.049322
v -0.141651 -0.259760 0.053300
v -0.032376 -0.099743 0.048046
v -0.032838 -0.111235 0.046206
v -0.034589 -0.123589 0.044167
v -0.037568 -0.136435 0.042253
v -0.041776 -0.149591 0.040694
v -0.046892 -0.162875 0.039198
v -0.052793 -0.176039 0.037776
v -0.059498 -0.188720 0.036769
v -0.067120 -0.200652 0.036595
v -0.075460 -0.211740 0.037351
v -0.084376 -0.221973 0.039176
v -0.093502 -0.231569 0.041527
v -0.102651 -0.240819 0.044049
v -0.111791 -0.249447 0.046903
v -0.120804 -0.257300 0.050338
v -0.129506 -0.264284 0.054236
v -0.138458 -0.271123 0.059053
v -0.023713 -0.102213 0.052976
v -0.024676 -0.113938 0.051454
v -0.026838 -0.126363 0.049486
v -0.030172 -0.139342 0.047588
v -0.034626 -0.152701 0.045869
v -0.040065 -0.166219 0.044283
v -0.046219 -0.179714 0.042692
v -0.053105 -0.192814 0.041474
v -0.060819 -0.205283 0.041091
v -0.069271 -0.216986 0.041767
v -0.078240 -0.227903 0.043439
v -0.087447 -0.238234 0.045816
v -0.096748 -0.248009 0.048321
v -0.106087 -0.257252 0.051240
v -0.115457 -0.265936 0.054582
v -0.124913 -0.274117 0.058297
v -0.134685 -0.282101 0.062604
v -0.013495 -0.104071 0.056497
v -0.014928 -0.116168 0.055014
v -0.017662 -0.128870 0.053364
v -0.021687 -0.142147 0.051711
v -0.026586 -0.155793 0.049990
v -0.032527 -0.169717 0.048477
v -0.039082 -0.183582 0.046914
v -0.046294 -0.197143 0.045603
v -0.054187 -0.210206 0.045065
v -0.062765 -0.222558 0.045532
v -0.071855 -0.234268 0.047101
v -0.081243 -0.245285 0.049297
v -0.090767 -0.255856 0.051937
v -0.100449 -0.265923 0.054805
v -0.110272 -0.275562 0.057897
v -0.120282 -0.284933 0.061268
v -0.130632 -0.294030 0.065008
v -0.001767 -0.105011 0.056674
v -0.003566 -0.117827 0.055550
v -0.007052 -0.130976 0.054572
v -0.011780 -0.144707 0.053600
v -0.017581 -0.158895 0.052214
v -0.024074 -0.173296 0.051034
v -0.031275 -0.187631 0.049860
v -0.038945 -0.201750 0.048726
v -0.047173 -0.215380 0.048205
v -0.056002 -0.228490 0.048568
v -0.065278 -0.240958 0.049893
v -0.074888 -0.252940 0.052026
v -0.084751 -0.264386 0.054541
v -0.094836 -0.275446 0.057258
v -0.105145 -0.286272 0.060061
v -0.115671 -0.296619 0.062986
v -0.126304 -0.306480 0.066477
v 0.010160 -0.105415 0.053949
v 0.007826 -0.118752 0.052924
v 0.003944 -0.132593 0.052250
v -0.001458 -0.146876 0.051789
v -0.007861 -0.161766 0.051336
v -0.015065 -0.176827 0.051039
v -0.022813 -0.191846 0.050411
v -0.031026 -0.206551 0.049927
v -0.039760 -0.220854 0.049725
v -0.048912 -0.234746 0.050249
v -0.058541 -0.248171 0.051057
v -0.068432 -0.261107 0.053239
v -0.078692 -0.273640 0.055704
v -0.089259 -0.285933 0.058244
v -0.100167 -0.297810 0.060648
v -0.110990 -0.309000 0.063401
v -0.121836 -0.319601 0.066924
v 0.021264 -0.105196 0.049478
v 0.018342 -0.119632 0.048335
v 0.013807 -0.133793 0.047577
v 0.007948 -0.148617 0.047189
v 0.001030 -0.164223 0.047425
v -0.006509 -0.180089 0.047550
v -0.014532 -0.195828 0.047819
v -0.023137 -0.211271 0.047904
v -0.032135 -0.226422 0.048328
v -0.041763 -0.241093 0.048836
v -0.051735 -0.255484 0.050068
v -0.062040 -0.269513 0.052035
v -0.072595 -0.283250 0.054418
v -0.083758 -0.296633 0.056705
v -0.095076 -0.309487 0.058897
v -0.106445 -0.321895 0.061743
v -0.117207 -0.332711 0.065308
v -0.056491 -0.098147 0.025236
v -0.063894 -0.100190 0.014610
v -0.068296 -0.101432 0.002116
v -0.065928 -0.100013 -0.010941
v -0.059417 -0.097669 -0.022106
v -0.056075 -0.108163 0.024115
v -0.063524 -0.109744 0.014067
v -0.067543 -0.110389 0.002034
v -0.065111 -0.109407 -0.010346
v -0.058637 -0.107457 -0.020908
v -0.056756 -0.119097 0.023114
v -0.063868 -0.119875 0.013539
v -0.067364 -0.120308 0.002067
v -0.065018 -0.119669 -0.009619
v -0.058940 -0.118532 -0.019654
v -0.058451 -0.130658 0.022093
v -0.064641 -0.130633 0.013059
v -0.067374 -0.130970 0.002109
v -0.065416 -0.130695 -0.008766
v -0.060248 -0.130295 -0.018355
v -0.060840 -0.142432 0.021229
v -0.065712 -0.142258 0.012066
v -0.067634 -0.142179 0.002112
v -0.066412 -0.142254 -0.007959
v -0.062337 -0.142446 -0.017164
v -0.064360 -0.155071 0.019818
v -0.067789 -0.154019 0.011227
v -0.069317 -0.153898 0.001889
v -0.068405 -0.154054 -0.007395
v -0.065493 -0.154637 -0.016275
v -0.068994 -0.167167 0.018792
v -0.072145 -0.165814 0.010513
v -0.073258 -0.165348 0.001624
v -0.072720 -0.165498 -0.007300
v -0.070304 -0.166482 -0.015876
v -0.075091 -0.178603 0.018231
v -0.078005 -0.176721 0.010088
v -0.079031 -0.176034 0.001378
v -0.078477 -0.176380 -0.007406
v -0.076479 -0.177681 -0.015926
v -0.082153 -0.189090 0.018128
v -0.084757 -0.186758 0.009963
v -0.085989 -0.185767 0.001194
v -0.085889 -0.186164 -0.007797
v -0.083933 -0.187920 -0.016392
v -0.089985 -0.198318 0.018663
v -0.092490 -0.195621 0.010220
v -0.093552 -0.194625 0.001094
v -0.093597 -0.195115 -0.008131
v -0.092046 -0.197575 -0.017034
v -0.098335 -0.206659 0.019715
v -0.100531 -0.203182 0.010738
v -0.101557 -0.202158 0.001142
v -0.101796 -0.203206 -0.008547
v -0.100637 -0.206119 -0.017897
v -0.106915 -0.213690 0.021290
v -0.108775 -0.209557 0.011558
v -0.109823 -0.208246 0.001201
v -0.110508 -0.209841 -0.009213
v -0.109764 -0.214185 -0.019133
v -0.115428 -0.219927 0.023288
v -0.116933 -0.214641 0.012633
v -0.118235 -0.212969 0.001215
v -0.119614 -0.215545 -0.010424
v -0.118808 -0.220936 -0.020831
v -0.123751 -0.225416 0.025714
v -0.124757 -0.218750 0.013875
v -0.126404 -0.216498 0.001044
v -0.127363 -0.219637 -0.011669
v -0.127981 -0.226829 -0.023381
v -0.130910 -0.229849 0.028135
v -0.131918 -0.221700 0.015199
v -0.132829 -0.218678 0.001029
v -0.134449 -0.222641 -0.013236
v -0.133937 -0.230524 -0.025450
v -0.137392 -0.233035 0.030759
v -0.137704 -0.223668 0.016429
v -0.138415 -0.219848 0.000960
v -0.138838 -0.224132 -0.014069
v -0.139078 -0.233074 -0.027511
v -0.143377 -0.234413 0.032302
v -0.143118 -0.224478 0.017284
v -0.143029 -0.220480 0.001077
v -0.142973 -0.224960 -0.014674
v -0.143386 -0.234796 -0.028057
v -0.059833 -0.082142 0.027318
v -0.061869 -0.076635 0.027752
v -0.063855 -0.071744 0.028114
v -0.065946 -0.067084 0.028345
v -0.068204 -0.062488 0.028956
v -0.070502 -0.057810 0.029753
v -0.073047 -0.053268 0.030575
v -0.075791 -0.048376 0.031640
v -0.067073 -0.085082 0.015825
v -0.068876 -0.079447 0.016157
v -0.070694 -0.074504 0.016230
v -0.072589 -0.069763 0.016367
v -0.074714 -0.065164 0.016621
v -0.077283 -0.060704 0.017075
v -0.080064 -0.056213 0.017608
v -0.083395 -0.051701 0.018074
v -0.070911 -0.086645 0.002393
v -0.072371 -0.081044 0.002508
v -0.074100 -0.076018 0.002544
v -0.076016 -0.071241 0.002594
v -0.078212 -0.066588 0.002621
v -0.080603 -0.062031 0.002681
v -0.083684 -0.057654 0.002751
v -0.087136 -0.053086 0.002818
v -0.069187 -0.085490 -0.011376
v -0.070917 -0.080035 -0.011353
v -0.072784 -0.075338 -0.011375
v -0.075051 -0.070707 -0.011578
v -0.077291 -0.066163 -0.011770
v -0.079850 -0.061767 -0.012081
v -0.082588 -0.057362 -0.012454
v -0.085905 -0.052829 -0.012848
v -0.063390 -0.082634 -0.023504
v -0.065450 -0.077466 -0.023579
v -0.067681 -0.072722 -0.023807
v -0.069734 -0.068255 -0.024146
v -0.071981 -0.063687 -0.024659
v -0.074295 -0.059173 -0.025398
v -0.076794 -0.054580 -0.026210
v -0.079596 -0.049805 -0.027113
v 0.043713 -0.066289 0.038199
v 0.056216 -0.060295 0.036972
v 0.067242 -0.058397 0.042835
v 0.079285 -0.054937 0.047689
v 0.091401 -0.048207 0.048694
v 0.101496 -0.038901 0.046305
v 0.108439 -0.028374 0.041010
v 0.041352 -0.057545 0.040418
v 0.053645 -0.052876 0.039920
v 0.064273 -0.050260 0.045957
v 0.075799 -0.046065 0.050731
v 0.087611 -0.039317 0.051165
v 0.097092 -0.031065 0.046788
v 0.103858 -0.022235 0.039996
v 0.038476 -0.048319 0.041739
v 0.050794 -0.044160 0.042040
v 0.061257 -0.040960 0.047770
v 0.072509 -0.036385 0.052057
v 0.084148 -0.030047 0.051219
v 0.093298 -0.023295 0.045488
v 0.100332 -0.016576 0.038406
v 0.035247 -0.038037 0.042742
v 0.047646 -0.034144 0.043027
v 0.058357 -0.030512 0.048073
v 0.069656 -0.025856 0.051472
v 0.081151 -0.020565 0.050231
v 0.090116 -0.015885 0.043680
v 0.097411 -0.011285 0.036373
v 0.031634 -0.027105 0.042428
v 0.044490 -0.023096 0.042756
v 0.055603 -0.019256 0.047768
v 0.067119 -0.015254 0.050895
v 0.078478 -0.011450 0.048118
v 0.087201 -0.008749 0.041480
v 0.094563 -0.006940 0.033667
v 0.028060 -0.015821 0.041473
v 0.041710 -0.011527 0.042224
v 0.053257 -0.007953 0.047000
v 0.065210 -0.004608 0.049283
v 0.076284 -0.002621 0.045982
v 0.084541 -0.002114 0.039070
v 0.091780 -0.002390 0.031167
v 0.024796 -0.003999 0.040320
v 0.039376 0.000381 0.041808
v 0.051707 0.003656 0.046089
v 0.063998 0.005804 0.046926
v 0.074765 0.006132 0.043242
v 0.082641 0.004432 0.036488
v 0.089283 0.003591 0.028911
v 0.021980 0.009364 0.039181
v 0.037709 0.013147 0.042212
v 0.051125 0.015864 0.045268
v 0.063886 0.016560 0.043716
v 0.073963 0.014667 0.039140
v 0.080984 0.011556 0.033162
v 0.088339 0.008838 0.025896
v 0.050563 -0.079875 0.028636
v 0.054108 -0.083297 0.022214
v 0.056005 -0.085301 0.015495
v 0.056607 -0.086020 0.008407
v 0.056549 -0.085991 0.001064
v 0.055857 -0.085150 -0.006263
v 0.054489 -0.083584 -0.013392
v 0.052603 -0.081282 -0.020315
v 0.049531 -0.077500 -0.026472
v 0.061359 -0.071287 0.027180
v 0.063378 -0.074736 0.021300
v 0.064789 -0.076927 0.014970
v 0.065409 -0.077714 0.008090
v 0.065314 -0.077389 0.000843
v 0.064797 -0.076587 -0.006545
v 0.063935 -0.075250 -0.013700
v 0.062431 -0.072939 -0.020297
v 0.060229 -0.069027 -0.026082
v 0.072934 -0.071136 0.031936
v 0.075139 -0.075209 0.024746
v 0.076678 -0.077642 0.016830
v 0.077410 -0.078139 0.008482
v 0.077428 -0.077723 0.000075
v 0.076905 -0.076861 -0.008245
v 0.075783 -0.075598 -0.016478
v 0.074084 -0.073068 -0.024432
v 0.071842 -0.068555 -0.031524
v 0.085744 -0.068956 0.035816
v 0.088204 -0.074191 0.028025
v 0.089837 -0.077228 0.018780
v 0.090538 -0.077717 0.009074
v 0.090507 -0.077080 -0.000382
v 0.089865 -0.075828 -0.009679
v 0.088790 -0.073869 -0.018791
v 0.087083 -0.070537 -0.027495
v 0.084644 -0.065318 -0.035132
v 0.098568 -0.062810 0.037379
v 0.101343 -0.068541 0.029569
v 0.103365 -0.072441 0.020143
v 0.104062 -0.073538 0.009821
v 0.103772 -0.072851 -0.000451
v 0.103004 -0.071171 -0.010382
v 0.101754 -0.068727 -0.020024
v 0.099772 -0.064739 -0.028939
v 0.097148 -0.059164 -0.036611
v 0.109993 -0.054059 0.037143
v 0.113322 -0.060172 0.029908
v 0.115764 -0.064713 0.020830
v 0.116506 -0.066259 0.010299
v 0.116267 -0.065736 -0.000220
v 0.115203 -0.063937 -0.010541
v 0.113794 -0.061123 -0.020379
v 0.111501 -0.056661 -0.029223
v 0.108461 -0.050811 -0.036745
v 0.119998 -0.043145 0.035464
v 0.124473 -0.049606 0.029033
v 0.127377 -0.054344 0.020631
v 0.128523 -0.056295 0.010425
v 0.128132 -0.056000 -0.000166
v 0.126983 -0.054079 -0.010374
v 0.125120 -0.050996 -0.020146
v 0.122264 -0.046231 -0.028622
v 0.118273 -0.039982 -0.035293
v 0.039152 -0.107360 0.035240
v 0.034209 -0.122034 0.035124
v 0.028680 -0.136587 0.034727
v 0.022138 -0.151850 0.034517
v 0.014758 -0.168422 0.034823
v 0.006697 -0.185298 0.035185
v -0.001832 -0.202112 0.035519
v -0.010728 -0.218646 0.035958
v -0.019869 -0.235141 0.036825
v -0.029847 -0.251244 0.037701
v -0.040223 -0.267186 0.038821
v -0.051025 -0.282849 0.040307
v -0.062009 -0.298131 0.042084
v -0.073625 -0.312938 0.043757
v -0.085564 -0.327081 0.045512
v -0.097353 -0.340783 0.047810
v -0.108881 -0.352995 0.050452
v 0.044567 -0.109339 0.026964
v 0.039503 -0.123568 0.027366
v 0.033991 -0.138002 0.027316
v 0.027446 -0.153477 0.027254
v 0.019842 -0.170141 0.027418
v 0.011638 -0.187393 0.027646
v 0.002988 -0.204478 0.027888
v -0.006055 -0.221390 0.028258
v -0.015295 -0.238179 0.028946
v -0.025324 -0.254732 0.029630
v -0.035832 -0.271025 0.030573
v -0.046629 -0.287031 0.031697
v -0.057943 -0.302529 0.032827
v -0.069632 -0.317431 0.034089
v -0.081402 -0.331842 0.035582
v -0.093458 -0.345434 0.037186
v -0.105456 -0.358249 0.039189
v 0.048316 -0.110837 0.018675
v 0.043350 -0.124788 0.019077
v 0.037881 -0.139192 0.019142
v 0.031380 -0.154700 0.019200
v 0.023615 -0.171476 0.019223
v 0.015427 -0.188977 0.019411
v 0.006784 -0.206378 0.019584
v -0.002263 -0.223522 0.019812
v -0.011648 -0.240594 0.020256
v -0.021688 -0.257376 0.020739
v -0.032231 -0.273944 0.021352
v -0.043204 -0.290140 0.022020
v -0.054750 -0.305570 0.022703
v -0.066483 -0.320518 0.023511
v -0.078245 -0.335024 0.024500
v -0.090421 -0.348620 0.025611
v -0.102539 -0.361569 0.026905
v 0.049963 -0.111521 0.009929
v 0.045234 -0.125439 0.010215
v 0.039881 -0.139802 0.010312
v 0.033361 -0.155329 0.010361
v 0.025702 -0.172220 0.010394
v 0.017673 -0.189883 0.010473
v 0.009120 -0.207498 0.010530
v 0.000077 -0.224824 0.010642
v -0.009299 -0.242112 0.010803
v -0.019468 -0.259018 0.011030
v -0.030056 -0.275740 0.011256
v -0.041265 -0.291859 0.011563
v -0.053054 -0.307295 0.011846
v -0.064817 -0.322193 0.012195
v -0.076494 -0.336823 0.012741
v -0.088809 -0.350361 0.013238
v -0.101196 -0.363294 0.013915
v 0.050004 -0.111550 0.001152
v 0.045408 -0.125493 0.001262
v 0.040000 -0.139842 0.001307
v 0.033544 -0.155387 0.001290
v 0.025827 -0.172205 0.001274
v 0.017864 -0.189921 0.001193
v 0.009447 -0.207534 0.001087
v 0.000533 -0.225046 0.001011
v -0.008932 -0.242304 0.000937
v -0.018963 -0.259447 0.000823
v -0.029761 -0.276001 0.000804
v -0.041092 -0.292136 0.000750
v -0.052797 -0.307559 0.000710
v -0.064627 -0.322514 0.000687
v -0.076455 -0.336931 0.000622
v -0.088830 -0.350541 0.000708
v -0.101264 -0.363435 0.000693
v 0.048966 -0.110999 -0.007538
v 0.044226 -0.125059 -0.007612
v 0.038744 -0.139451 -0.007624
v 0.031927 -0.154844 -0.007605
v 0.024241 -0.171595 -0.007646
v 0.016124 -0.189054 -0.007884
v 0.007757 -0.206612 -0.008106
v -0.001052 -0.224015 -0.008450
v -0.010425 -0.241346 -0.008794
v -0.020430 -0.258336 -0.009186
v -0.031035 -0.275019 -0.009583
v -0.042300 -0.291049 -0.009913
v -0.054056 -0.306427 -0.010268
v -0.065748 -0.321411 -0.010747
v -0.077558 -0.335892 -0.011266
v -0.089870 -0.349546 -0.011766
v -0.102382 -0.362443 -0.012275
v 0.046299 -0.109831 -0.015876
v 0.041080 -0.123889 -0.016020
v 0.035385 -0.138371 -0.015924
v 0.028707 -0.153752 -0.015927
v 0.020840 -0.170309 -0.015996
v 0.012793 -0.187542 -0.016272
v 0.004514 -0.204887 -0.016786
v -0.004172 -0.222133 -0.017312
v -0.013447 -0.239296 -0.018006
v -0.023348 -0.256203 -0.018665
v -0.033863 -0.272713 -0.019361
v -0.044871 -0.288735 -0.020098
v -0.056400 -0.304190 -0.020844
v -0.068000 -0.319100 -0.021775
v -0.079778 -0.333641 -0.022766
v -0.091975 -0.347400 -0.023764
v -0.104509 -0.360408 -0.024896
v 0.041928 -0.107895 -0.023742
v 0.036519 -0.122384 -0.023574
v 0.030731 -0.136838 -0.023475
v 0.024077 -0.152306 -0.023529
v 0.016341 -0.168650 -0.023638
v 0.008314 -0.185568 -0.024027
v 0.000231 -0.202642 -0.024769
v -0.008319 -0.219647 -0.025644
v -0.017526 -0.236538 -0.026516
v -0.027326 -0.253226 -0.027491
v -0.037662 -0.269564 -0.028474
v -0.048514 -0.285475 -0.029556
v -0.059802 -0.300764 -0.030714
v -0.071337 -0.315728 -0.032081
v -0.082904 -0.330250 -0.033648
v -0.094936 -0.344307 -0.035135
v -0.107545 -0.357500 -0.037170
v 0.036437 -0.105598 -0.030992
v 0.030873 -0.120537 -0.030814
v 0.025254 -0.135441 -0.030707
v 0.018688 -0.150687 -0.030753
v 0.011045 -0.166805 -0.030804
v 0.003123 -0.183372 -0.031287
v -0.004754 -0.200031 -0.032200
v -0.013179 -0.216739 -0.033304
v -0.022287 -0.233218 -0.034421
v -0.032030 -0.249615 -0.035540
v -0.042248 -0.265601 -0.036747
v -0.052851 -0.281214 -0.038172
v -0.063944 -0.296328 -0.039728
v -0.075125 -0.311132 -0.041641
v -0.086379 -0.325830 -0.043891
v -0.098236 -0.340005 -0.046122
v -0.110399 -0.352832 -0.048594
v 0.019060 0.044570 0.040020
v 0.038818 0.045637 0.040837
v 0.054190 0.042789 0.034910
v 0.065679 0.037053 0.029596
v 0.074516 0.030310 0.024815
v 0.080689 0.023717 0.020362
v 0.087256 0.017259 0.015886
v 0.017703 0.066689 0.027484
v 0.042554 0.065130 0.027307
v 0.056017 0.053346 0.021497
v 0.066360 0.044022 0.017536
v 0.074916 0.035257 0.014223
v 0.081064 0.026994 0.011533
v 0.086960 0.019343 0.009363
v 0.021098 0.065911 0.004183
v 0.040472 0.066513 0.004007
v 0.056078 0.057170 0.003763
v 0.066276 0.046621 0.003234
v 0.074340 0.036823 0.002703
v 0.080537 0.028228 0.002205
v 0.086564 0.020840 0.001704
v 0.019097 0.066421 -0.018017
v 0.041247 0.063441 -0.017378
v 0.054068 0.052799 -0.013356
v 0.064153 0.043573 -0.010553
v 0.072535 0.034958 -0.008593
v 0.079094 0.027212 -0.006673
v 0.086123 0.020489 -0.005275
v 0.019445 0.046837 -0.032304
v 0.038157 0.048287 -0.032454
v 0.051784 0.043411 -0.026231
v 0.061982 0.036961 -0.021877
v 0.070606 0.030310 -0.018336
v 0.077354 0.023801 -0.015048
v 0.085242 0.018604 -0.011573
v -0.045794 -0.078950 -0.039776
v -0.047979 -0.072670 -0.040121
v -0.050249 -0.067009 -0.040362
v -0.052409 -0.061493 -0.040807
v -0.054697 -0.055840 -0.041517
v -0.057026 -0.050082 -0.042474
v -0.059463 -0.044253 -0.043568
v -0.062392 -0.038078 -0.044737
v -0.036688 -0.079296 -0.045467
v -0.038712 -0.071987 -0.046051
v -0.040940 -0.065341 -0.046560
v -0.043340 -0.058805 -0.047172
v -0.045905 -0.052247 -0.047966
v -0.048591 -0.045652 -0.048930
v -0.051581 -0.038897 -0.049919
v -0.055090 -0.032033 -0.050892
v -0.027246 -0.080115 -0.050335
v -0.029112 -0.071694 -0.051187
v -0.031369 -0.063800 -0.051940
v -0.033920 -0.056192 -0.052683
v -0.036721 -0.048604 -0.053482
v -0.039889 -0.041023 -0.054368
v -0.043404 -0.033415 -0.055299
v -0.047732 -0.025584 -0.056264
v -0.016908 -0.080513 -0.054394
v -0.018598 -0.070896 -0.055223
v -0.020938 -0.061995 -0.056210
v -0.023629 -0.053233 -0.056923
v -0.026747 -0.044681 -0.057770
v -0.030255 -0.036115 -0.058542
v -0.034286 -0.027445 -0.059138
v -0.039051 -0.018703 -0.060039
v -0.005005 -0.079892 -0.056194
v -0.006750 -0.069475 -0.057309
v -0.009260 -0.059552 -0.058422
v -0.012235 -0.049855 -0.059080
v -0.015608 -0.040282 -0.059555
v -0.019416 -0.030763 -0.060000
v -0.023808 -0.021152 -0.060375
v -0.028947 -0.011290 -0.060615
v 0.007704 -0.078159 -0.054567
v 0.005806 -0.067129 -0.055871
v 0.003267 -0.056575 -0.057115
v -0.000103 -0.046104 -0.057937
v -0.003805 -0.035753 -0.058216
v -0.007909 -0.025427 -0.058214
v -0.012515 -0.014992 -0.058051
v -0.017541 -0.004737 -0.057601
v 0.020260 -0.075365 -0.049655
v 0.018177 -0.063969 -0.051554
v 0.015231 -0.053129 -0.052907
v 0.011895 -0.042339 -0.053691
v 0.008043 -0.031356 -0.054072
v 0.003892 -0.020495 -0.053756
v -0.000616 -0.009675 -0.052971
v -0.006367 0.002465 -0.051753
v -0.042816 -0.096476 -0.037899
v -0.034630 -0.098346 -0.043359
v -0.026047 -0.100692 -0.048146
v -0.016240 -0.102544 -0.052046
v -0.004862 -0.103695 -0.053969
v 0.007413 -0.103841 -0.051533
v 0.018795 -0.103606 -0.045996
v -0.042904 -0.107563 -0.036292
v -0.035173 -0.109952 -0.041723
v -0.026994 -0.112600 -0.046555
v -0.017688 -0.114845 -0.050416
v -0.006877 -0.116575 -0.052336
v 0.004559 -0.117689 -0.050125
v 0.015204 -0.118204 -0.044665
v -0.044233 -0.119752 -0.034559
v -0.036932 -0.122305 -0.040137
v -0.029170 -0.125094 -0.044954
v -0.020406 -0.127661 -0.048973
v -0.010297 -0.129883 -0.050973
v 0.000587 -0.131603 -0.049448
v 0.010362 -0.132891 -0.044345
v -0.046872 -0.132433 -0.033152
v -0.039985 -0.135125 -0.038772
v -0.032500 -0.138031 -0.043689
v -0.024191 -0.140886 -0.047614
v -0.014858 -0.143564 -0.049702
v -0.004750 -0.145905 -0.048788
v 0.004678 -0.147690 -0.044299
v -0.050661 -0.145405 -0.031984
v -0.044037 -0.148175 -0.037724
v -0.036915 -0.151257 -0.042615
v -0.029002 -0.154405 -0.046530
v -0.020275 -0.157527 -0.048858
v -0.010883 -0.160503 -0.048417
v -0.002192 -0.162969 -0.044022
v -0.055254 -0.158334 -0.031000
v -0.049114 -0.161281 -0.036828
v -0.042290 -0.164589 -0.041809
v -0.034807 -0.168088 -0.045796
v -0.026554 -0.171652 -0.048263
v -0.017681 -0.175259 -0.048197
v -0.009375 -0.178408 -0.044307
v -0.061091 -0.170968 -0.030455
v -0.055189 -0.174199 -0.036382
v -0.048734 -0.177787 -0.041486
v -0.041525 -0.181656 -0.045503
v -0.033611 -0.185774 -0.047933
v -0.025193 -0.189934 -0.047971
v -0.017083 -0.193898 -0.044909
v -0.067902 -0.183048 -0.030499
v -0.062245 -0.186620 -0.036403
v -0.055922 -0.190618 -0.041463
v -0.048917 -0.194997 -0.045376
v -0.041298 -0.199655 -0.047718
v -0.033320 -0.204496 -0.047988
v -0.025490 -0.209205 -0.045482
v -0.075688 -0.194383 -0.031033
v -0.070043 -0.198464 -0.036925
v -0.063804 -0.202958 -0.041933
v -0.057012 -0.207871 -0.045929
v -0.049672 -0.213202 -0.048572
v -0.041890 -0.218864 -0.049249
v -0.034235 -0.224495 -0.046834
v -0.084095 -0.205124 -0.032013
v -0.078468 -0.209687 -0.037913
v -0.072269 -0.214740 -0.042872
v -0.065594 -0.220337 -0.046797
v -0.058491 -0.226447 -0.049349
v -0.051073 -0.232998 -0.049899
v -0.043803 -0.239473 -0.047747
v -0.092961 -0.215143 -0.033352
v -0.087343 -0.220251 -0.039418
v -0.081134 -0.225936 -0.044359
v -0.074552 -0.232280 -0.048083
v -0.067654 -0.239251 -0.050380
v -0.060595 -0.246628 -0.051057
v -0.053644 -0.254098 -0.048967
v -0.102104 -0.224596 -0.035112
v -0.096390 -0.230121 -0.041370
v -0.090158 -0.236520 -0.046221
v -0.083637 -0.243676 -0.049656
v -0.076991 -0.251512 -0.051596
v -0.070345 -0.259806 -0.052031
v -0.063938 -0.268151 -0.050074
v -0.111169 -0.233138 -0.037444
v -0.105332 -0.239455 -0.043569
v -0.099100 -0.246485 -0.048369
v -0.092780 -0.254542 -0.051690
v -0.086421 -0.263222 -0.053622
v -0.080171 -0.272581 -0.054086
v -0.074091 -0.281826 -0.052285
v -0.119907 -0.241111 -0.040090
v -0.113877 -0.248023 -0.046021
v -0.107942 -0.256026 -0.050775
v -0.101948 -0.264899 -0.054084
v -0.095954 -0.274652 -0.056286
v -0.090061 -0.284872 -0.057026
v -0.084411 -0.295565 -0.055444
v -0.127438 -0.247702 -0.042975
v -0.122217 -0.256086 -0.048792
v -0.116735 -0.265094 -0.053380
v -0.111259 -0.275033 -0.056969
v -0.105738 -0.285663 -0.059521
v -0.100241 -0.297196 -0.060913
v -0.094670 -0.308737 -0.059304
v -0.134738 -0.253518 -0.046478
v -0.130497 -0.263445 -0.052345
v -0.125881 -0.273790 -0.057107
v -0.120925 -0.284774 -0.060815
v -0.115804 -0.296458 -0.063609
v -0.110500 -0.308751 -0.065200
v -0.105478 -0.322000 -0.063081
v -0.142352 -0.258438 -0.050905
v -0.139450 -0.270508 -0.057733
v -0.135421 -0.282201 -0.062537
v -0.130891 -0.294202 -0.066138
v -0.126006 -0.306704 -0.068770
v -0.120992 -0.320005 -0.070069
v -0.116220 -0.333725 -0.067824
v 0.042773 -0.063219 -0.036408
v 0.040173 -0.054380 -0.039199
v 0.037527 -0.044811 -0.041339
v 0.034405 -0.034374 -0.042146
v 0.030879 -0.023373 -0.041662
v 0.027460 -0.012110 -0.040352
v 0.024426 -0.000614 -0.038572
v 0.021625 0.012243 -0.035348
v 0.055177 -0.057177 -0.036007
v 0.052732 -0.049371 -0.039169
v 0.049967 -0.040171 -0.041191
v 0.046790 -0.029770 -0.042292
v 0.043743 -0.018544 -0.041951
v 0.040842 -0.007219 -0.041249
v 0.038278 0.004531 -0.040372
v 0.036599 0.017061 -0.039147
v 0.066294 -0.055265 -0.042606
v 0.063395 -0.046450 -0.045893
v 0.060537 -0.036365 -0.047388
v 0.057551 -0.025320 -0.047910
v 0.054550 -0.014091 -0.047518
v 0.052002 -0.002802 -0.046510
v 0.050211 0.008553 -0.044639
v 0.049576 0.020331 -0.041592
v 0.078697 -0.051030 -0.046903
v 0.075376 -0.041703 -0.050830
v 0.072195 -0.031032 -0.051847
v 0.069123 -0.020051 -0.051634
v 0.066531 -0.009240 -0.049992
v 0.064373 0.000928 -0.047276
v 0.062891 0.010940 -0.044021
v 0.061855 0.020329 -0.038582
v 0.090720 -0.044084 -0.047903
v 0.087330 -0.034555 -0.050663
v 0.083894 -0.024272 -0.050404
v 0.080875 -0.014478 -0.048888
v 0.077936 -0.005462 -0.046042
v 0.075248 0.002505 -0.042436
v 0.072844 0.010018 -0.038320
v 0.070984 0.017370 -0.033278
v 0.100481 -0.034861 -0.045533
v 0.096428 -0.026066 -0.045703
v 0.092689 -0.017787 -0.044122
v 0.089167 -0.010338 -0.041420
v 0.085922 -0.003967 -0.038282
v 0.082842 0.001801 -0.034919
v 0.080068 0.007497 -0.031447
v 0.077863 0.013374 -0.027694
v 0.107295 -0.024145 -0.040719
v 0.102742 -0.017085 -0.039128
v 0.099257 -0.011334 -0.036632
v 0.096230 -0.006472 -0.033738
v 0.093469 -0.002215 -0.030898
v 0.090637 0.001282 -0.027729
v 0.087710 0.006163 -0.024168
v 0.085915 0.011127 -0.021345
v 0.015027 0.241388 -0.013997
v 0.015388 0.239613 -0.005181
v 0.015895 0.238548 0.003568
v 0.016620 0.237681 0.012299
v 0.017547 0.236909 0.021242
v -0.006140 0.246583 -0.012933
v -0.005459 0.245152 -0.004108
v -0.005041 0.243476 0.004618
v -0.005045 0.241601 0.013201
v -0.005333 0.239422 0.021717
v -0.026534 0.249590 -0.013502
v -0.025674 0.248069 -0.004121
v -0.025050 0.246472 0.005191
v -0.025519 0.245067 0.014439
v -0.026729 0.244040 0.023661
v 0.048226 0.259758 -0.011620
v 0.058924 0.264521 -0.010517
v 0.067723 0.266076 -0.010201
v 0.074050 0.266170 -0.010165
v 0.080029 0.265408 -0.010177
v 0.085780 0.264078 -0.010270
v 0.091949 0.261811 -0.010515
v 0.098151 0.258272 -0.011082
v 0.104479 0.252744 -0.012296
v 0.108883 0.244759 -0.014755
v 0.109456 0.234732 -0.019162
v 0.107312 0.223502 -0.025679
v 0.108056 0.207138 -0.031756
v 0.116609 0.189124 -0.032061
v 0.129141 0.175138 -0.028586
v 0.142291 0.165663 -0.023293
v 0.153698 0.158047 -0.018395
v 0.162354 0.150629 -0.014109
v 0.167864 0.141842 -0.011009
v 0.166018 0.131991 -0.011244
v 0.159925 0.124348 -0.013207
v 0.153122 0.118385 -0.015628
v 0.145639 0.112010 -0.017637
v 0.140136 0.103872 -0.018332
v 0.137729 0.095110 -0.017085
v 0.137216 0.086299 -0.015120
v 0.136433 0.077542 -0.013176
v 0.047119 0.256872 -0.003633
v 0.058377 0.261426 -0.003148
v 0.066612 0.262895 -0.003085
v 0.073491 0.263055 -0.003128
v 0.079425 0.262263 -0.003162
v 0.085249 0.260998 -0.003206
v 0.091057 0.258653 -0.003403
v 0.097137 0.255022 -0.003849
v 0.102629 0.249629 -0.004627
v 0.106134 0.241549 -0.006259
v 0.105253 0.231394 -0.008878
v 0.099807 0.220087 -0.012603
v 0.098126 0.202133 -0.016169
v 0.108713 0.184444 -0.015418
v 0.121868 0.170109 -0.013952
v 0.136984 0.161659 -0.010906
v 0.150203 0.156823 -0.007948
v 0.159783 0.150132 -0.006016
v 0.165302 0.141758 -0.004691
v 0.164118 0.132287 -0.004713
v 0.158815 0.125046 -0.005451
v 0.151277 0.119165 -0.006386
v 0.143483 0.113833 -0.007294
v 0.136687 0.106457 -0.007638
v 0.133440 0.097088 -0.007214
v 0.133461 0.087816 -0.006132
v 0.133815 0.078340 -0.005063
v 0.047226 0.255598 0.004332
v 0.058180 0.259895 0.004311
v 0.066466 0.261199 0.004117
v 0.073226 0.261453 0.004013
v 0.079217 0.260516 0.003879
v 0.085024 0.259118 0.003811
v 0.090702 0.256700 0.003650
v 0.096293 0.252993 0.003421
v 0.101303 0.247515 0.003013
v 0.104727 0.240091 0.002569
v 0.103823 0.229995 0.002228
v 0.097597 0.219020 0.002710
v 0.094562 0.200472 0.003423
v 0.105585 0.182378 0.003615
v 0.119107 0.167623 0.003664
v 0.135449 0.160045 0.003263
v 0.149046 0.156024 0.002639
v 0.159281 0.150134 0.002167
v 0.164768 0.141778 0.001745
v 0.164272 0.132569 0.001777
v 0.158808 0.125266 0.002168
v 0.151481 0.119713 0.002667
v 0.143277 0.114470 0.003206
v 0.135681 0.107624 0.003604
v 0.131658 0.097876 0.003799
v 0.131930 0.088045 0.003705
v 0.132840 0.078792 0.003455
v 0.048238 0.255663 0.012286
v 0.058820 0.259673 0.011640
v 0.067327 0.261055 0.011346
v 0.073662 0.261220 0.011100
v 0.079509 0.260528 0.010972
v 0.085040 0.258900 0.010909
v 0.090591 0.256247 0.010885
v 0.096119 0.252440 0.010868
v 0.101478 0.247580 0.010920
v 0.105490 0.240496 0.011343
v 0.105842 0.230996 0.013157
v 0.102228 0.219942 0.017315
v 0.100955 0.203279 0.022320
v 0.110321 0.185166 0.022189
v 0.123647 0.171348 0.020473
v 0.138198 0.162712 0.016825
v 0.150963 0.157199 0.013222
v 0.160538 0.150574 0.010277
v 0.166430 0.142086 0.008207
v 0.165936 0.132357 0.008057
v 0.160449 0.124684 0.009642
v 0.152922 0.119155 0.011767
v 0.144699 0.114132 0.013805
v 0.137382 0.106988 0.015168
v 0.133585 0.097268 0.015330
v 0.133749 0.087815 0.013971
v 0.134258 0.078411 0.012011
v 0.049495 0.257361 0.020085
v 0.060683 0.261927 0.019041
v 0.067962 0.263241 0.018166
v 0.074781 0.263531 0.018048
v 0.080381 0.262961 0.017851
v 0.085962 0.261253 0.017911
v 0.091688 0.258636 0.018057
v 0.097677 0.254937 0.018234
v 0.103866 0.250020 0.018388
v 0.109270 0.243315 0.019114
v 0.112022 0.233892 0.021982
v 0.112072 0.222952 0.027743
v 0.113623 0.208584 0.034208
v 0.120522 0.191510 0.036540
v 0.131701 0.176775 0.033925
v 0.143966 0.166565 0.028806
v 0.154998 0.158835 0.023334
v 0.163888 0.151555 0.018259
v 0.169482 0.142490 0.014491
v 0.168956 0.131648 0.014253
v 0.163349 0.123736 0.017085
v 0.156100 0.117645 0.020644
v 0.148621 0.112114 0.024064
v 0.142086 0.104418 0.026578
v 0.139294 0.095202 0.025536
v 0.138815 0.086139 0.023133
v 0.138221 0.077413 0.020438
v 0.053158 0.274058 -0.027562
v 0.055085 0.286296 -0.032877
v 0.055961 0.300592 -0.034380
v 0.061707 0.277581 -0.024605
v 0.063285 0.288665 -0.029287
v 0.064330 0.301493 -0.030712
v 0.069577 0.278842 -0.023279
v 0.070799 0.289448 -0.027673
v 0.072664 0.302199 -0.029127
v 0.076402 0.279036 -0.022794
v 0.078108 0.289395 -0.027037
v 0.080333 0.301427 -0.028598
v 0.082997 0.278150 -0.022738
v 0.085588 0.288385 -0.026936
v 0.088306 0.300048 -0.028524
v 0.089790 0.276568 -0.023064
v 0.093172 0.286242 -0.027475
v 0.096896 0.297551 -0.028981
v 0.096904 0.273675 -0.023794
v 0.101197 0.283181 -0.028434
v 0.105772 0.293618 -0.030151
v 0.104415 0.269604 -0.024830
v 0.109464 0.278391 -0.029813
v 0.115094 0.288666 -0.031744
v 0.112184 0.263713 -0.026362
v 0.117860 0.271992 -0.032080
v 0.124314 0.281509 -0.034490
v 0.119387 0.255751 -0.029288
v 0.126088 0.263725 -0.034990
v 0.133747 0.273055 -0.038054
v 0.125519 0.245932 -0.033460
v 0.134145 0.253824 -0.039071
v 0.143250 0.262920 -0.042167
v 0.130629 0.234294 -0.039571
v 0.141725 0.242145 -0.044303
v 0.153054 0.251198 -0.047207
v 0.136377 0.220428 -0.045353
v 0.149788 0.228285 -0.049392
v 0.163053 0.237133 -0.051883
v 0.143906 0.204631 -0.048547
v 0.158032 0.212284 -0.053100
v 0.172969 0.220538 -0.055326
v 0.152206 0.188310 -0.047934
v 0.166252 0.194868 -0.054037
v 0.181860 0.201877 -0.056507
v 0.160561 0.173170 -0.043907
v 0.173458 0.177221 -0.051454
v 0.188951 0.182274 -0.054337
v 0.168025 0.160422 -0.037191
v 0.179728 0.161994 -0.043888
v 0.193268 0.164422 -0.046606
v 0.174385 0.151391 -0.028924
v 0.183881 0.151542 -0.033885
v 0.194894 0.152164 -0.035482
v 0.177782 0.142134 -0.022586
v 0.185867 0.142203 -0.025855
v 0.194272 0.142554 -0.025769
v 0.176017 0.131614 -0.023562
v 0.185185 0.130933 -0.026555
v 0.194289 0.129678 -0.025868
v 0.171881 0.122915 -0.027741
v 0.182960 0.121050 -0.031717
v 0.194857 0.118621 -0.032171
v 0.167152 0.113814 -0.031996
v 0.179717 0.109928 -0.036047
v 0.193355 0.105685 -0.036933
v 0.162292 0.104002 -0.033931
v 0.175690 0.098712 -0.037468
v 0.189652 0.092771 -0.038023
v 0.158300 0.094699 -0.033398
v 0.171135 0.088772 -0.036325
v 0.184635 0.081876 -0.036557
v 0.154904 0.086668 -0.031064
v 0.166790 0.080356 -0.033847
v 0.178542 0.073369 -0.033629
v 0.152226 0.078828 -0.028478
v 0.162221 0.073158 -0.031041
v 0.172688 0.066099 -0.030650
v 0.148637 0.071297 -0.026816
v 0.157228 0.065682 -0.030202
v 0.165631 0.059381 -0.029822
v 0.037466 0.263499 -0.041394
v 0.031811 0.259762 -0.048984
v 0.026714 0.256051 -0.056736
v 0.021964 0.251599 -0.064894
v 0.018096 0.246016 -0.073621
v 0.015579 0.238455 -0.082489
v 0.014765 0.228902 -0.090280
v 0.015252 0.218016 -0.096577
v 0.016380 0.205990 -0.101672
v 0.017745 0.193105 -0.105945
v 0.019978 0.179482 -0.108904
v 0.023496 0.165834 -0.110283
v 0.028248 0.152613 -0.110351
v 0.034122 0.140043 -0.109205
v 0.040591 0.127751 -0.107358
v 0.048743 0.116537 -0.104047
v 0.058136 0.105677 -0.099890
v 0.068648 0.095655 -0.094661
v 0.079625 0.086522 -0.088610
v 0.089870 0.078331 -0.082386
v 0.099246 0.071639 -0.075779
v 0.107610 0.065992 -0.068915
v 0.115472 0.061768 -0.061395
v 0.123118 0.059343 -0.052927
v 0.130005 0.058278 -0.044860
v 0.136676 0.059051 -0.036266
v 0.041686 0.277109 -0.047513
v 0.036306 0.271943 -0.055555
v 0.031238 0.266542 -0.064064
v 0.027010 0.260521 -0.072464
v 0.023516 0.253294 -0.081269
v 0.021330 0.244272 -0.089732
v 0.020295 0.233788 -0.097385
v 0.020785 0.221908 -0.103645
v 0.021555 0.209134 -0.108796
v 0.021997 0.195450 -0.112971
v 0.023580 0.181269 -0.115461
v 0.026630 0.167050 -0.116674
v 0.031307 0.153487 -0.116460
v 0.037106 0.140590 -0.115145
v 0.043542 0.128168 -0.113105
v 0.051771 0.116733 -0.109820
v 0.060990 0.105693 -0.105799
v 0.071760 0.095569 -0.100679
v 0.083109 0.086546 -0.094795
v 0.093679 0.078092 -0.088448
v 0.103568 0.071303 -0.081713
v 0.112379 0.065307 -0.074567
v 0.121051 0.061176 -0.066727
v 0.129057 0.057909 -0.058235
v 0.136801 0.056036 -0.049484
v 0.144089 0.056025 -0.041121
v 0.041827 0.291905 -0.051396
v 0.036920 0.285068 -0.062064
v 0.032659 0.278280 -0.070730
v 0.028873 0.270905 -0.080555
v 0.025621 0.262062 -0.089520
v 0.023815 0.251608 -0.098234
v 0.022658 0.239507 -0.106037
v 0.022510 0.226371 -0.112589
v 0.022877 0.212299 -0.117758
v 0.022999 0.197575 -0.121211
v 0.024640 0.182425 -0.123309
v 0.027348 0.167485 -0.123727
v 0.032191 0.153395 -0.123257
v 0.038004 0.139970 -0.121898
v 0.044416 0.127059 -0.119210
v 0.052587 0.115124 -0.116182
v 0.061961 0.103737 -0.111949
v 0.072890 0.093262 -0.106979
v 0.084798 0.083889 -0.101395
v 0.095869 0.075294 -0.094926
v 0.106461 0.068165 -0.088162
v 0.116021 0.062001 -0.080692
v 0.125326 0.057442 -0.072611
v 0.134283 0.053532 -0.063829
v 0.142816 0.050683 -0.054460
v 0.150656 0.050358 -0.044688
v 0.011430 0.243511 -0.031157
v -0.006873 0.246648 -0.030054
v -0.023976 0.250858 -0.031000
v 0.008900 0.242774 -0.038244
v -0.007290 0.244208 -0.037309
v -0.021688 0.249072 -0.038865
v 0.006704 0.240438 -0.045610
v -0.007849 0.240312 -0.044174
v -0.020608 0.245572 -0.045758
v 0.004646 0.237352 -0.053842
v -0.008439 0.235964 -0.051576
v -0.020537 0.240096 -0.052889
v 0.002316 0.233833 -0.062705
v -0.008935 0.231140 -0.060122
v -0.020433 0.233207 -0.060314
v 0.000294 0.228717 -0.072131
v -0.009285 0.225415 -0.069141
v -0.019625 0.225308 -0.068459
v -0.000406 0.221243 -0.080780
v -0.009103 0.218219 -0.078002
v -0.018184 0.217015 -0.077000
v 0.000371 0.211525 -0.087788
v -0.007810 0.208781 -0.084975
v -0.015897 0.207262 -0.084344
v 0.002133 0.200445 -0.093203
v -0.005579 0.197865 -0.090810
v -0.013251 0.196022 -0.089813
v 0.004719 0.188042 -0.097473
v -0.002647 0.185629 -0.094953
v -0.009553 0.183669 -0.094460
v 0.008087 0.175068 -0.100413
v 0.001285 0.172570 -0.098227
v -0.005406 0.170529 -0.097909
v 0.012518 0.161698 -0.101888
v 0.005995 0.159323 -0.099822
v -0.000081 0.157020 -0.099645
v 0.017844 0.148699 -0.102119
v 0.011735 0.146123 -0.100162
v 0.006001 0.143604 -0.099833
v 0.024073 0.136029 -0.101042
v 0.018281 0.133261 -0.098820
v 0.012997 0.130462 -0.098305
v 0.031208 0.123782 -0.099207
v 0.025856 0.120738 -0.097114
v 0.020692 0.117452 -0.096397
v 0.039587 0.112116 -0.096141
v 0.034522 0.108627 -0.094564
v 0.030004 0.105108 -0.094138
v 0.049249 0.100996 -0.092122
v 0.044449 0.097221 -0.090474
v 0.040264 0.093294 -0.090313
v 0.059785 0.090688 -0.086626
v 0.055245 0.086635 -0.085130
v 0.051225 0.082222 -0.085137
v 0.070583 0.081282 -0.080656
v 0.066066 0.077043 -0.079059
v 0.062377 0.072349 -0.079260
v 0.080649 0.073170 -0.074490
v 0.076262 0.068868 -0.072883
v 0.072753 0.064022 -0.073078
v 0.089546 0.066672 -0.067958
v 0.085164 0.062224 -0.066655
v 0.081785 0.057358 -0.066761
v 0.097245 0.061472 -0.061496
v 0.092646 0.057136 -0.059992
v 0.089423 0.051958 -0.060142
v 0.103996 0.057623 -0.054486
v 0.099034 0.053100 -0.053261
v 0.095651 0.047543 -0.053292
v 0.109719 0.055680 -0.046411
v 0.103431 0.050737 -0.045756
v 0.099579 0.043833 -0.045432
v 0.113780 0.055589 -0.038775
v 0.106188 0.049679 -0.037569
v 0.101505 0.041658 -0.038122
v 0.117434 0.056665 -0.030263
v 0.107208 0.049979 -0.030037
v 0.101209 0.039278 -0.029895
v 0.015891 0.236507 0.039963
v 0.014209 0.236521 0.048326
v 0.011554 0.235807 0.055667
v 0.009837 0.234305 0.062901
v 0.008417 0.231547 0.070575
v 0.007105 0.226559 0.078748
v 0.006304 0.217611 0.086844
v 0.006670 0.204310 0.093568
v 0.008459 0.187075 0.097831
v 0.011634 0.169180 0.100926
v 0.015491 0.152313 0.102511
v 0.020632 0.137528 0.102553
v 0.026829 0.124512 0.101650
v 0.033969 0.112621 0.099849
v 0.042043 0.101601 0.097141
v 0.050352 0.091117 0.094106
v 0.058993 0.081632 0.090623
v 0.068003 0.073077 0.086719
v 0.077395 0.065557 0.081796
v 0.087029 0.058877 0.075982
v 0.095988 0.053451 0.069407
v 0.103975 0.049999 0.062743
v 0.109987 0.048168 0.056132
v 0.114944 0.048647 0.049522
v 0.117396 0.050524 0.043205
v 0.120450 0.053581 0.036011
v -0.004777 0.234193 0.038228
v -0.004620 0.231804 0.045887
v -0.003937 0.229978 0.053276
v -0.003388 0.228668 0.060702
v -0.003096 0.226736 0.068169
v -0.002755 0.222953 0.076275
v -0.002443 0.215654 0.084625
v -0.001326 0.202152 0.090301
v 0.001321 0.185400 0.093744
v 0.004505 0.167368 0.096389
v 0.008787 0.150282 0.098639
v 0.014133 0.135236 0.098780
v 0.020668 0.121926 0.097971
v 0.028309 0.109811 0.096246
v 0.036473 0.098342 0.093406
v 0.044961 0.087483 0.090696
v 0.053714 0.077760 0.087095
v 0.062955 0.069135 0.083298
v 0.072663 0.061551 0.078569
v 0.082448 0.054947 0.072960
v 0.091710 0.049575 0.066685
v 0.099358 0.045536 0.060539
v 0.104792 0.043557 0.054086
v 0.107849 0.043027 0.047766
v 0.109265 0.043879 0.041306
v 0.109318 0.045721 0.034819
v -0.024676 0.241041 0.041225
v -0.021816 0.237600 0.048169
v -0.020462 0.234798 0.054981
v -0.018214 0.231725 0.061615
v -0.015487 0.228244 0.068673
v -0.013055 0.224082 0.076068
v -0.010671 0.215546 0.084053
v -0.008981 0.201687 0.088869
v -0.006632 0.184250 0.091347
v -0.002709 0.165710 0.094072
v 0.001921 0.148363 0.096967
v 0.007753 0.132790 0.097574
v 0.014739 0.119090 0.096852
v 0.022641 0.106503 0.094661
v 0.031097 0.094559 0.092055
v 0.039646 0.083071 0.089610
v 0.048650 0.073030 0.085953
v 0.058339 0.064083 0.082401
v 0.068380 0.056351 0.077545
v 0.078656 0.049672 0.071958
v 0.088320 0.044272 0.065896
v 0.096926 0.040010 0.060341
v 0.102167 0.037224 0.053303
v 0.104804 0.035173 0.046763
v 0.105248 0.034703 0.040495
v 0.104024 0.034005 0.033502
v 0.040168 0.262887 0.050583
v 0.044965 0.276533 0.057227
v 0.044803 0.290655 0.062569
v 0.035483 0.259872 0.059007
v 0.040238 0.270952 0.066288
v 0.041463 0.284191 0.073237
v 0.031317 0.255321 0.066584
v 0.036928 0.265340 0.074397
v 0.038444 0.276551 0.083361
v 0.028031 0.250656 0.074024
v 0.033988 0.258679 0.082288
v 0.036000 0.268711 0.091487
v 0.025426 0.244398 0.081687
v 0.031539 0.250634 0.089913
v 0.034070 0.258530 0.099535
v 0.023107 0.235856 0.089413
v 0.029007 0.240316 0.097447
v 0.031413 0.246630 0.106967
v 0.021117 0.224099 0.097073
v 0.026366 0.227549 0.104580
v 0.028471 0.231799 0.113732
v 0.020163 0.209028 0.103607
v 0.024852 0.211234 0.110926
v 0.025988 0.214376 0.119481
v 0.020541 0.190911 0.108922
v 0.023881 0.192842 0.115929
v 0.024354 0.194568 0.123810
v 0.022638 0.172449 0.112131
v 0.025456 0.173591 0.119246
v 0.025405 0.174544 0.126631
v 0.025746 0.155170 0.114026
v 0.027911 0.155966 0.120734
v 0.027655 0.155979 0.127908
v 0.030512 0.140536 0.113920
v 0.032305 0.140632 0.120994
v 0.031713 0.140095 0.127653
v 0.036197 0.127522 0.113046
v 0.037788 0.127416 0.119906
v 0.037189 0.126249 0.126504
v 0.042965 0.115859 0.111050
v 0.044602 0.115460 0.117981
v 0.044220 0.113910 0.124472
v 0.050668 0.104930 0.108405
v 0.052413 0.104308 0.115307
v 0.052159 0.102302 0.121624
v 0.059009 0.094699 0.105226
v 0.061224 0.094084 0.111976
v 0.061268 0.091665 0.118526
v 0.067394 0.084918 0.101628
v 0.069878 0.084294 0.108130
v 0.070287 0.081557 0.114423
v 0.076447 0.076544 0.097174
v 0.079019 0.075524 0.103441
v 0.079789 0.072585 0.109525
v 0.085730 0.068665 0.091835
v 0.088488 0.067468 0.097768
v 0.089674 0.064329 0.103495
v 0.095449 0.061817 0.085527
v 0.098600 0.060544 0.091149
v 0.100352 0.057117 0.096627
v 0.104938 0.056106 0.078345
v 0.108717 0.054934 0.083931
v 0.111183 0.051293 0.089143
v 0.114107 0.053403 0.071217
v 0.118745 0.051950 0.076552
v 0.122114 0.047298 0.082000
v 0.122016 0.051819 0.063819
v 0.128096 0.049726 0.069197
v 0.132165 0.045100 0.074307
v 0.129730 0.051604 0.056536
v 0.135290 0.049297 0.061424
v 0.141811 0.042691 0.066056
v 0.135188 0.053318 0.049179
v 0.143226 0.049934 0.053116
v 0.148641 0.043270 0.057205
v 0.141618 0.055763 0.040894
v 0.148734 0.051985 0.044308
v 0.155456 0.045345 0.046817
v 0.055140 0.272094 0.035751
v 0.063422 0.275941 0.031491
v 0.070422 0.276986 0.029189
v 0.077656 0.277366 0.028273
v 0.084235 0.276514 0.027941
v 0.090977 0.274686 0.027970
v 0.098208 0.271749 0.028187
v 0.105837 0.267674 0.028468
v 0.113743 0.262049 0.029170
v 0.121400 0.254679 0.030747
v 0.128345 0.245462 0.033861
v 0.134419 0.234307 0.038711
v 0.140586 0.221367 0.044202
v 0.147632 0.206604 0.048339
v 0.155458 0.190869 0.049355
v 0.163097 0.175628 0.046689
v 0.169898 0.162183 0.040975
v 0.175909 0.152218 0.033089
v 0.180347 0.142862 0.025838
v 0.179467 0.131033 0.026014
v 0.175674 0.121684 0.030614
v 0.171289 0.112288 0.035079
v 0.166820 0.103171 0.037687
v 0.162835 0.094063 0.038296
v 0.159132 0.086042 0.036716
v 0.156240 0.078234 0.033726
v 0.153054 0.070052 0.030662
v 0.057048 0.284511 0.040679
v 0.064171 0.286522 0.035473
v 0.072160 0.287772 0.032604
v 0.079453 0.287545 0.031486
v 0.086755 0.286437 0.031099
v 0.094393 0.284265 0.031052
v 0.102415 0.281059 0.031301
v 0.110882 0.276406 0.031832
v 0.119493 0.270344 0.033077
v 0.128043 0.262666 0.035258
v 0.136322 0.253260 0.038667
v 0.144490 0.242225 0.043191
v 0.152706 0.229204 0.048143
v 0.161029 0.214163 0.052541
v 0.168952 0.197315 0.054606
v 0.175955 0.180117 0.052763
v 0.181471 0.164241 0.047169
v 0.185446 0.152053 0.038172
v 0.188109 0.142619 0.029728
v 0.187772 0.130639 0.029792
v 0.186036 0.120374 0.034911
v 0.183202 0.109152 0.039077
v 0.179677 0.097942 0.040471
v 0.175392 0.088115 0.039971
v 0.170903 0.079557 0.038124
v 0.166363 0.072060 0.035270
v 0.161231 0.064502 0.033036
v 0.056860 0.297939 0.042280
v 0.065233 0.298979 0.036901
v 0.073056 0.298942 0.034405
v 0.081356 0.298873 0.033046
v 0.089395 0.297361 0.032524
v 0.097683 0.294914 0.032410
v 0.106604 0.291024 0.032672
v 0.115889 0.285948 0.033442
v 0.125379 0.279400 0.034922
v 0.134880 0.271428 0.037724
v 0.144532 0.262135 0.041544
v 0.154531 0.251098 0.046016
v 0.164753 0.238050 0.051168
v 0.174707 0.222448 0.056077
v 0.183760 0.204168 0.058498
v 0.190718 0.184649 0.056346
v 0.194868 0.166380 0.049992
v 0.196702 0.152391 0.040261
v 0.196311 0.142640 0.029941
v 0.196713 0.129597 0.029604
v 0.197347 0.118676 0.035735
v 0.196427 0.105463 0.040126
v 0.193089 0.092371 0.040887
v 0.188429 0.081377 0.039682
v 0.182831 0.072293 0.037257
v 0.176367 0.064881 0.034386
v 0.169644 0.058024 0.032590
v 0.025435 0.332310 -0.033978
v 0.008427 0.336512 -0.037115
v -0.008990 0.340703 -0.039042
v -0.026697 0.344044 -0.039460
v 0.026412 0.339379 -0.024735
v 0.009776 0.343553 -0.026903
v -0.007507 0.347649 -0.028143
v -0.024791 0.351318 -0.028533
v 0.027130 0.344322 -0.015052
v 0.010869 0.348672 -0.016474
v -0.006136 0.352633 -0.017190
v -0.022971 0.356169 -0.017246
v 0.027480 0.346748 -0.004894
v 0.011591 0.351308 -0.005473
v -0.005171 0.355346 -0.005726
v -0.021665 0.358796 -0.005751
v 0.027852 0.347502 0.005407
v 0.012029 0.352131 0.005634
v -0.004560 0.356209 0.005824
v -0.021050 0.359638 0.006005
v 0.028290 0.346761 0.015682
v 0.012352 0.351409 0.016744
v -0.004383 0.355434 0.017485
v -0.021059 0.358897 0.017794
v 0.028521 0.343810 0.025742
v 0.012385 0.348446 0.027763
v -0.004693 0.352556 0.028958
v -0.021781 0.356052 0.029375
v 0.028311 0.338439 0.035532
v 0.011996 0.343194 0.038310
v -0.005375 0.347415 0.040047
v -0.023006 0.351018 0.040730
v 0.028052 0.331349 0.045073
v 0.011455 0.336473 0.049234
v -0.005985 0.340772 0.051531
v -0.023709 0.344052 0.052303
v 0.021587 0.315167 -0.057451
v 0.018875 0.307168 -0.070696
v 0.017333 0.298698 -0.081946
v 0.015137 0.289048 -0.093394
v 0.013736 0.277690 -0.103838
v 0.013027 0.264252 -0.113588
v 0.012813 0.249051 -0.121824
v 0.013410 0.233001 -0.128636
v 0.014523 0.216360 -0.133652
v 0.015995 0.199290 -0.136392
v 0.018645 0.182396 -0.137723
v 0.022601 0.166029 -0.137537
v 0.027815 0.150491 -0.136356
v 0.034178 0.135799 -0.134173
v 0.040941 0.121736 -0.130576
v 0.049093 0.108534 -0.126530
v 0.058808 0.096170 -0.121923
v 0.070215 0.084697 -0.116939
v 0.082349 0.073997 -0.111125
v 0.094044 0.064661 -0.104325
v 0.105433 0.056527 -0.097375
v 0.115773 0.049454 -0.089603
v 0.125898 0.043330 -0.081442
v 0.135598 0.037783 -0.072425
v 0.144294 0.032544 -0.062300
v 0.152999 0.029151 -0.051871
v 0.005867 0.320561 -0.061232
v 0.005022 0.312338 -0.073703
v 0.003781 0.303397 -0.085701
v 0.002911 0.293132 -0.096788
v 0.002279 0.281001 -0.107458
v 0.002267 0.266882 -0.117442
v 0.002875 0.251170 -0.126374
v 0.004179 0.234388 -0.133612
v 0.006252 0.216902 -0.139041
v 0.009020 0.199037 -0.142284
v 0.012608 0.181267 -0.143328
v 0.017253 0.164206 -0.143063
v 0.023186 0.148020 -0.141808
v 0.029816 0.132574 -0.139078
v 0.037095 0.118000 -0.135005
v 0.045458 0.104313 -0.130312
v 0.055334 0.091468 -0.125198
v 0.066842 0.079420 -0.119854
v 0.079086 0.068477 -0.113742
v 0.090903 0.058768 -0.106509
v 0.102001 0.050376 -0.099036
v 0.112353 0.042948 -0.091096
v 0.122032 0.036049 -0.082858
v 0.130824 0.029570 -0.073691
v 0.138654 0.023799 -0.063805
v 0.146198 0.018055 -0.054041
v -0.009929 0.323686 -0.063364
v -0.010278 0.314425 -0.075199
v -0.010247 0.304724 -0.086593
v -0.010351 0.294079 -0.097290
v -0.010081 0.281624 -0.107980
v -0.009605 0.267320 -0.118255
v -0.008553 0.251308 -0.127450
v -0.006623 0.234228 -0.135317
v -0.003958 0.216372 -0.141531
v 0.000015 0.197875 -0.145356
v 0.004652 0.179549 -0.146936
v 0.010325 0.161824 -0.146672
v 0.016843 0.144935 -0.145429
v 0.023935 0.128964 -0.142018
v 0.031854 0.113888 -0.137776
v 0.040737 0.099816 -0.132656
v 0.050876 0.086622 -0.126800
v 0.062557 0.074175 -0.121158
v 0.074805 0.062966 -0.114286
v 0.086577 0.053318 -0.106474
v 0.097507 0.045036 -0.098459
v 0.107457 0.037494 -0.090205
v 0.116463 0.030096 -0.081920
v 0.124335 0.023103 -0.072632
v 0.131096 0.016385 -0.062589
v 0.137151 0.009802 -0.053074
v -0.026427 0.322964 -0.062954
v -0.024321 0.312155 -0.073878
v -0.023734 0.302515 -0.083735
v -0.022549 0.291931 -0.094779
v -0.021640 0.279755 -0.105352
v -0.020630 0.265548 -0.116003
v -0.019156 0.249660 -0.125658
v -0.017178 0.232524 -0.133667
v -0.013799 0.214526 -0.140457
v -0.009566 0.195907 -0.144932
v -0.003791 0.177212 -0.147122
v 0.002434 0.159128 -0.147495
v 0.009609 0.141711 -0.146178
v 0.017458 0.125418 -0.142597
v 0.025933 0.110029 -0.138309
v 0.035313 0.095570 -0.132833
v 0.045938 0.082340 -0.126370
v 0.057852 0.069665 -0.120087
v 0.070118 0.058641 -0.112309
v 0.081941 0.049443 -0.104223
v 0.092534 0.041366 -0.095989
v 0.102146 0.033761 -0.087608
v 0.110593 0.026138 -0.078900
v 0.117575 0.018578 -0.069140
v 0.122942 0.012458 -0.059119
v 0.127786 0.004112 -0.048667
v 0.055140 0.325618 -0.026336
v 0.054908 0.332686 -0.019928
v 0.054894 0.336843 -0.012078
v 0.054896 0.338832 -0.003613
v 0.055079 0.339243 0.005066
v 0.055483 0.338198 0.013701
v 0.055776 0.335322 0.022041
v 0.055863 0.330004 0.029444
v 0.055403 0.321959 0.036142
v 0.065809 0.323993 -0.024283
v 0.066141 0.330222 -0.017988
v 0.066110 0.333817 -0.010948
v 0.066298 0.335668 -0.003135
v 0.066504 0.336053 0.004961
v 0.066702 0.335058 0.012997
v 0.066897 0.332393 0.020706
v 0.066467 0.327473 0.027980
v 0.066391 0.320640 0.033127
v 0.075335 0.322773 -0.022391
v 0.075839 0.327915 -0.016763
v 0.076383 0.331126 -0.010097
v 0.076810 0.332747 -0.002835
v 0.077037 0.333085 0.004742
v 0.077084 0.332167 0.012346
v 0.076871 0.329736 0.019633
v 0.076431 0.325641 0.026082
v 0.075237 0.318977 0.031622
v 0.084035 0.320621 -0.021610
v 0.085137 0.325417 -0.015803
v 0.086294 0.328291 -0.009686
v 0.086952 0.329729 -0.002793
v 0.087230 0.330005 0.004383
v 0.087126 0.329159 0.011609
v 0.086558 0.326955 0.018556
v 0.085628 0.323286 0.024743
v 0.084468 0.317866 0.029734
v 0.093024 0.318037 -0.021314
v 0.094876 0.322091 -0.015857
v 0.096258 0.324882 -0.009756
v 0.097130 0.326223 -0.003107
v 0.097456 0.326508 0.003836
v 0.097219 0.325668 0.010811
v 0.096392 0.323646 0.017475
v 0.095095 0.320454 0.023544
v 0.093591 0.315324 0.028621
v 0.102951 0.314028 -0.022153
v 0.105087 0.318363 -0.016687
v 0.106834 0.321110 -0.010621
v 0.107877 0.322587 -0.003854
v 0.108193 0.322849 0.003195
v 0.107817 0.321882 0.010156
v 0.106800 0.319807 0.016763
v 0.105138 0.316433 0.022669
v 0.103099 0.311878 0.027722
v 0.113280 0.309364 -0.023554
v 0.115982 0.313742 -0.018206
v 0.118028 0.316800 -0.011905
v 0.119256 0.318576 -0.004838
v 0.119655 0.318865 0.002553
v 0.119205 0.317789 0.009837
v 0.117911 0.315366 0.016626
v 0.115915 0.311791 0.022590
v 0.113427 0.306904 0.027619
v 0.124193 0.303720 -0.025482
v 0.127414 0.308387 -0.020055
v 0.129867 0.311870 -0.013479
v 0.131388 0.313814 -0.005961
v 0.131838 0.314204 0.001962
v 0.131284 0.312963 0.009818
v 0.129703 0.310100 0.016945
v 0.127276 0.306053 0.023073
v 0.124179 0.301008 0.028183
v 0.135559 0.296875 -0.028247
v 0.139543 0.302044 -0.022479
v 0.142545 0.305905 -0.015398
v 0.144387 0.308253 -0.007225
v 0.145014 0.308816 0.001485
v 0.144225 0.307364 0.010001
v 0.142204 0.304109 0.017760
v 0.139203 0.299578 0.024273
v 0.135489 0.294268 0.029562
v 0.147464 0.288581 -0.031495
v 0.152392 0.294279 -0.025399
v 0.156250 0.298835 -0.017736
v 0.158720 0.301790 -0.008761
v 0.159487 0.302735 0.000980
v 0.158491 0.301299 0.010685
v 0.155855 0.297601 0.019269
v 0.152009 0.292503 0.026368
v 0.147277 0.286576 0.032095
v 0.159988 0.278783 -0.035353
v 0.166334 0.285248 -0.029043
v 0.171314 0.290583 -0.020784
v 0.174537 0.294175 -0.010638
v 0.175564 0.295354 0.000532
v 0.174356 0.294041 0.011652
v 0.170864 0.289980 0.021425
v 0.165890 0.284308 0.029330
v 0.159858 0.277743 0.035340
v 0.173477 0.267647 -0.040336
v 0.181427 0.274655 -0.033647
v 0.187948 0.280722 -0.024504
v 0.192180 0.284692 -0.012808
v 0.193756 0.286481 0.000141
v 0.192215 0.285306 0.013187
v 0.187757 0.281101 0.024777
v 0.181229 0.274687 0.033509
v 0.173412 0.267345 0.039689
v 0.187524 0.254000 -0.045996
v 0.197675 0.261544 -0.039165
v 0.206126 0.267933 -0.028721
v 0.211814 0.272548 -0.015330
v 0.214057 0.274678 -0.000124
v 0.212236 0.273748 0.015445
v 0.206414 0.269325 0.029009
v 0.197658 0.262386 0.038865
v 0.187848 0.254756 0.045368
v 0.200949 0.236220 -0.050347
v 0.213567 0.243452 -0.043563
v 0.224182 0.249811 -0.032547
v 0.231964 0.254772 -0.017698
v 0.234985 0.257072 -0.000076
v 0.232746 0.256116 0.017779
v 0.225173 0.251885 0.033359
v 0.214434 0.245672 0.044530
v 0.202033 0.238467 0.051530
v 0.212086 0.214480 -0.052133
v 0.226234 0.220014 -0.045759
v 0.238950 0.225034 -0.034531
v 0.248324 0.228996 -0.018795
v 0.252077 0.230825 0.000132
v 0.248968 0.230018 0.019432
v 0.239965 0.226779 0.035431
v 0.227862 0.222258 0.047444
v 0.214007 0.216982 0.054902
v 0.218190 0.190297 -0.049445
v 0.232240 0.192860 -0.043206
v 0.244802 0.195193 -0.032420
v 0.253455 0.197105 -0.017027
v 0.256418 0.198169 0.000687
v 0.254101 0.198055 0.018447
v 0.245804 0.196794 0.034112
v 0.233595 0.194844 0.045081
v 0.220131 0.192257 0.052160
v 0.217836 0.168445 -0.040574
v 0.228455 0.168760 -0.034179
v 0.237724 0.168782 -0.024828
v 0.244335 0.168959 -0.012641
v 0.246948 0.169334 0.001132
v 0.245562 0.169321 0.015205
v 0.239677 0.169448 0.028021
v 0.230443 0.169788 0.037635
v 0.219760 0.169751 0.044187
v 0.212707 0.153504 -0.029149
v 0.219378 0.153444 -0.023322
v 0.224810 0.153252 -0.016053
v 0.228486 0.153190 -0.007566
v 0.230246 0.153057 0.001699
v 0.229595 0.152992 0.011093
v 0.226698 0.152996 0.019929
v 0.221525 0.153197 0.027608
v 0.214934 0.153439 0.033642
v 0.205497 0.143329 -0.018814
v 0.209362 0.143403 -0.014327
v 0.212356 0.143430 -0.009221
v 0.214378 0.143399 -0.003638
v 0.215324 0.143371 0.002285
v 0.215544 0.143157 0.008190
v 0.214016 0.143118 0.013862
v 0.211674 0.142999 0.019115
v 0.207899 0.142978 0.023682
v 0.206790 0.128212 -0.019179
v 0.210302 0.128061 -0.014456
v 0.213097 0.128045 -0.009398
v 0.214859 0.128039 -0.003946
v 0.215631 0.127978 0.001845
v 0.215225 0.127967 0.007603
v 0.213785 0.127936 0.013120
v 0.211414 0.128006 0.018245
v 0.208127 0.128132 0.022779
v 0.212398 0.116367 -0.025758
v 0.217954 0.116621 -0.020396
v 0.222137 0.116959 -0.013952
v 0.224650 0.116926 -0.006506
v 0.225482 0.116745 0.001247
v 0.224749 0.116566 0.009048
v 0.222510 0.116387 0.016377
v 0.218859 0.116245 0.022944
v 0.213908 0.116332 0.028505
v 0.214652 0.100484 -0.030670
v 0.221976 0.100090 -0.025216
v 0.227998 0.100161 -0.018065
v 0.231947 0.100115 -0.009045
v 0.233207 0.100058 0.000796
v 0.232463 0.100149 0.010562
v 0.229354 0.100391 0.019916
v 0.224096 0.100521 0.027675
v 0.217128 0.100880 0.033609
v 0.211781 0.084118 -0.031227
v 0.219247 0.082291 -0.026044
v 0.225698 0.080917 -0.018982
v 0.229866 0.080129 -0.009738
v 0.231818 0.079819 0.000468
v 0.231405 0.080032 0.010952
v 0.228628 0.080716 0.021012
v 0.222741 0.082096 0.029074
v 0.215045 0.083994 0.034769
v 0.204888 0.071306 -0.028931
v 0.211453 0.068174 -0.023788
v 0.216526 0.065875 -0.017186
v 0.220238 0.064312 -0.008816
v 0.222132 0.063549 0.000534
v 0.221937 0.063718 0.010207
v 0.219720 0.064697 0.019443
v 0.215248 0.066760 0.027185
v 0.209063 0.070087 0.032994
v 0.196274 0.062136 -0.025876
v 0.201229 0.058875 -0.020627
v 0.205089 0.056179 -0.014515
v 0.207801 0.054295 -0.007300
v 0.209303 0.053245 0.000811
v 0.209305 0.053388 0.009127
v 0.207813 0.054537 0.017114
v 0.205007 0.057026 0.024153
v 0.200272 0.060264 0.029619
v 0.187340 0.055621 -0.022378
v 0.190994 0.052704 -0.017602
v 0.193680 0.050337 -0.012013
v 0.195504 0.048777 -0.005626
v 0.196539 0.047960 0.001108
v 0.196720 0.047831 0.008095
v 0.195956 0.048854 0.014895
v 0.193982 0.050824 0.020912
v 0.191069 0.053952 0.026347
v 0.177851 0.048451 -0.021511
v 0.181061 0.045684 -0.016051
v 0.182898 0.044105 -0.010596
v 0.184439 0.042662 -0.004826
v 0.185482 0.041673 0.001264
v 0.185688 0.041590 0.007441
v 0.184864 0.042554 0.013403
v 0.183523 0.044562 0.018815
v 0.180735 0.047302 0.023957
v 0.025809 0.314529 0.071094
v 0.011068 0.320472 0.074779
v -0.004813 0.323105 0.077028
v -0.021111 0.322050 0.076582
v 0.024612 0.306406 0.084410
v 0.010789 0.310877 0.088091
v -0.004191 0.312602 0.089095
v -0.017789 0.309619 0.087528
v 0.023102 0.296162 0.096666
v 0.010383 0.300304 0.099106
v -0.003323 0.300881 0.099812
v -0.016338 0.298617 0.096655
v 0.021635 0.285282 0.105823
v 0.009606 0.288147 0.108640
v -0.002973 0.288846 0.108853
v -0.014524 0.287066 0.106319
v 0.020076 0.272305 0.114341
v 0.008689 0.274749 0.116763
v -0.002851 0.275412 0.117065
v -0.013818 0.274772 0.114777
v 0.018326 0.257527 0.121811
v 0.007935 0.259277 0.124551
v -0.002967 0.260158 0.124849
v -0.013176 0.259837 0.123217
v 0.016946 0.239507 0.128275
v 0.007456 0.241193 0.131825
v -0.002744 0.241923 0.132930
v -0.012688 0.241883 0.131689
v 0.016242 0.219095 0.134035
v 0.007845 0.220052 0.138236
v -0.001578 0.220525 0.140540
v -0.011425 0.220189 0.139904
v 0.016319 0.196854 0.137614
v 0.009047 0.197036 0.142333
v 0.000532 0.196810 0.144932
v -0.008376 0.195974 0.145012
v 0.018047 0.174857 0.140063
v 0.011630 0.174269 0.144727
v 0.003928 0.173289 0.147489
v -0.004425 0.171939 0.147983
v 0.020849 0.154636 0.140021
v 0.015130 0.153297 0.144565
v 0.008251 0.151511 0.147476
v 0.000837 0.149555 0.147913
v 0.025460 0.137193 0.139094
v 0.020295 0.135063 0.143293
v 0.014079 0.132614 0.145807
v 0.007113 0.129939 0.146018
v 0.031624 0.122139 0.137145
v 0.027138 0.119333 0.141319
v 0.021344 0.116061 0.143906
v 0.015065 0.112962 0.143765
v 0.039368 0.108641 0.134852
v 0.035066 0.105125 0.138468
v 0.029741 0.101326 0.140452
v 0.023911 0.097687 0.140248
v 0.047520 0.095855 0.131360
v 0.043544 0.091857 0.134489
v 0.038677 0.087665 0.135983
v 0.033457 0.083951 0.135222
v 0.056519 0.083929 0.127414
v 0.052773 0.079509 0.130067
v 0.048095 0.075026 0.130841
v 0.043410 0.071394 0.129525
v 0.065976 0.073034 0.122646
v 0.062414 0.068315 0.124646
v 0.058256 0.063862 0.124906
v 0.053805 0.060051 0.123379
v 0.076040 0.063326 0.117032
v 0.072875 0.058468 0.118594
v 0.068879 0.053943 0.118231
v 0.064991 0.050390 0.116503
v 0.086991 0.054603 0.110689
v 0.084018 0.049564 0.111822
v 0.080414 0.044977 0.111270
v 0.076583 0.041202 0.109483
v 0.098747 0.046729 0.103646
v 0.096021 0.041251 0.104842
v 0.092397 0.036363 0.104098
v 0.088565 0.032585 0.101758
v 0.110277 0.039797 0.095518
v 0.107633 0.034069 0.096397
v 0.104050 0.028690 0.095816
v 0.099985 0.025105 0.093032
v 0.121760 0.034108 0.088161
v 0.119014 0.027439 0.088657
v 0.114773 0.021758 0.087371
v 0.109768 0.018316 0.084388
v 0.132579 0.029280 0.079840
v 0.128759 0.022072 0.080107
v 0.123548 0.016190 0.078502
v 0.118048 0.012843 0.074889
v 0.141630 0.025745 0.071103
v 0.137199 0.017566 0.071353
v 0.130860 0.011101 0.069616
v 0.123772 0.008329 0.065918
v 0.150026 0.023060 0.062152
v 0.144625 0.013723 0.062623
v 0.136619 0.006619 0.060943
v 0.128466 0.003402 0.057153
v 0.158115 0.022296 0.052266
v 0.151336 0.010243 0.053569
v 0.142133 0.001796 0.052319
v 0.132024 -0.003421 0.048978
v -0.045870 0.263045 -0.038829
v -0.048261 0.268909 -0.043224
v -0.048776 0.274208 -0.047140
v -0.048579 0.279677 -0.050470
v -0.047550 0.285599 -0.053087
v -0.046233 0.292048 -0.055290
v -0.045276 0.299869 -0.057058
v -0.043791 0.308198 -0.058221
v -0.041466 0.259039 -0.045168
v -0.044271 0.264151 -0.049176
v -0.045249 0.269099 -0.053123
v -0.045205 0.274176 -0.056580
v -0.044284 0.279599 -0.059580
v -0.042909 0.285405 -0.062235
v -0.041287 0.291696 -0.064235
v -0.038586 0.298881 -0.066599
v -0.038094 0.254891 -0.051390
v -0.041222 0.259353 -0.055660
v -0.043041 0.263364 -0.059710
v -0.043561 0.267880 -0.063599
v -0.043098 0.272941 -0.067106
v -0.041920 0.278353 -0.070219
v -0.040117 0.284170 -0.073040
v -0.037451 0.290476 -0.075432
v -0.036022 0.249437 -0.058699
v -0.039428 0.252939 -0.062777
v -0.041750 0.256236 -0.067030
v -0.042979 0.260340 -0.071277
v -0.043243 0.264970 -0.075399
v -0.042259 0.270255 -0.079168
v -0.040224 0.275851 -0.082680
v -0.036918 0.281618 -0.085992
v -0.034868 0.241086 -0.066283
v -0.038740 0.244072 -0.070368
v -0.041394 0.247079 -0.074795
v -0.042982 0.250722 -0.079541
v -0.043373 0.255193 -0.084276
v -0.042300 0.260096 -0.088788
v -0.040098 0.265451 -0.092878
v -0.036459 0.270889 -0.097116
v -0.033753 0.230750 -0.074051
v -0.037448 0.233129 -0.078209
v -0.040153 0.235913 -0.082956
v -0.041497 0.239361 -0.087983
v -0.041776 0.243336 -0.093087
v -0.040915 0.247817 -0.098156
v -0.038599 0.252573 -0.102935
v -0.034922 0.257458 -0.107375
v -0.030896 0.219593 -0.082010
v -0.034603 0.221472 -0.086154
v -0.037079 0.223759 -0.090833
v -0.038594 0.226680 -0.095946
v -0.038957 0.230108 -0.101273
v -0.038178 0.233900 -0.106596
v -0.036178 0.238031 -0.111781
v -0.032823 0.242301 -0.116834
v -0.027335 0.208088 -0.089193
v -0.030823 0.209232 -0.093174
v -0.033324 0.210915 -0.097870
v -0.035071 0.213084 -0.103002
v -0.035846 0.215738 -0.108517
v -0.035285 0.218889 -0.114153
v -0.033418 0.222338 -0.119650
v -0.030143 0.225969 -0.124907
v -0.023652 0.195633 -0.094865
v -0.026942 0.196134 -0.098898
v -0.029772 0.197016 -0.103528
v -0.031430 0.198515 -0.108876
v -0.032178 0.200490 -0.114560
v -0.031665 0.202908 -0.120430
v -0.029709 0.205718 -0.126113
v -0.026550 0.208760 -0.131515
v -0.019730 0.182003 -0.098986
v -0.023097 0.181889 -0.102977
v -0.025613 0.182227 -0.107855
v -0.027476 0.183005 -0.113328
v -0.027833 0.184377 -0.119234
v -0.027085 0.186196 -0.125159
v -0.025135 0.188393 -0.130948
v -0.021700 0.190812 -0.136353
v -0.014673 0.167934 -0.102080
v -0.018020 0.167194 -0.105965
v -0.020252 0.167014 -0.110907
v -0.021818 0.167149 -0.116324
v -0.022290 0.167842 -0.122229
v -0.021353 0.169061 -0.128153
v -0.019450 0.170607 -0.133996
v -0.016166 0.172568 -0.139465
v -0.008818 0.153660 -0.103805
v -0.011903 0.152385 -0.107472
v -0.014409 0.151411 -0.112110
v -0.015569 0.151102 -0.117666
v -0.015795 0.151188 -0.123455
v -0.015022 0.151760 -0.129437
v -0.012842 0.152914 -0.135180
v -0.009391 0.154505 -0.140468
v -0.002119 0.139460 -0.103643
v -0.005169 0.137648 -0.107230
v -0.007096 0.136324 -0.112028
v -0.008165 0.135366 -0.117279
v -0.008234 0.134978 -0.122994
v -0.007260 0.135065 -0.128780
v -0.005279 0.135690 -0.134518
v -0.001892 0.136987 -0.139699
v 0.005015 0.125337 -0.102010
v 0.002644 0.123309 -0.105885
v 0.001119 0.121610 -0.110400
v 0.000228 0.120285 -0.115532
v 0.000480 0.119502 -0.120924
v 0.001449 0.119195 -0.126473
v 0.003426 0.119458 -0.131911
v 0.006701 0.120534 -0.136908
v 0.013611 0.111722 -0.099902
v 0.011381 0.109284 -0.103344
v 0.010100 0.107324 -0.107677
v 0.009712 0.105818 -0.112388
v 0.009913 0.104723 -0.117505
v 0.011076 0.104228 -0.122668
v 0.012957 0.104276 -0.127766
v 0.015845 0.104964 -0.132672
v 0.023541 0.098708 -0.097173
v 0.021905 0.096231 -0.100374
v 0.020619 0.093914 -0.103988
v 0.020555 0.092403 -0.108378
v 0.020692 0.091005 -0.112831
v 0.021687 0.090258 -0.117592
v 0.023285 0.089925 -0.122353
v 0.026104 0.090549 -0.126966
v 0.034869 0.086520 -0.093683
v 0.033302 0.083799 -0.096394
v 0.032565 0.081589 -0.099737
v 0.032315 0.079779 -0.103406
v 0.032756 0.078467 -0.107462
v 0.033755 0.077647 -0.111571
v 0.035404 0.077373 -0.115810
v 0.037817 0.077768 -0.120002
v 0.046471 0.074872 -0.088728
v 0.045524 0.072278 -0.091508
v 0.044948 0.070059 -0.094431
v 0.044898 0.068179 -0.097788
v 0.045381 0.066768 -0.101347
v 0.046357 0.065756 -0.105146
v 0.047989 0.065347 -0.108987
v 0.050247 0.065476 -0.113024
v 0.058191 0.064552 -0.082883
v 0.057592 0.062018 -0.085543
v 0.057231 0.059741 -0.088304
v 0.057599 0.058106 -0.091403
v 0.058241 0.056636 -0.094668
v 0.059409 0.055668 -0.098031
v 0.060986 0.055029 -0.101624
v 0.063034 0.055446 -0.105385
v 0.069504 0.056258 -0.076918
v 0.068974 0.053627 -0.079267
v 0.069089 0.051651 -0.081856
v 0.069513 0.049918 -0.084612
v 0.070214 0.048324 -0.087509
v 0.071673 0.047506 -0.090549
v 0.072636 0.047011 -0.093925
v 0.075298 0.046802 -0.097041
v 0.079144 0.049341 -0.070199
v 0.078660 0.046721 -0.072565
v 0.079055 0.044807 -0.075051
v 0.079487 0.042878 -0.077518
v 0.080569 0.041465 -0.080170
v 0.081676 0.040479 -0.083017
v 0.083414 0.039112 -0.085807
v 0.084694 0.039475 -0.089361
v 0.087040 0.043701 -0.063446
v 0.087278 0.041046 -0.065440
v 0.087334 0.039010 -0.068053
v 0.087902 0.037018 -0.070304
v 0.089046 0.035425 -0.072740
v 0.090355 0.033807 -0.075187
v 0.091751 0.033104 -0.077939
v 0.094561 0.031936 -0.080557
v 0.094109 0.038475 -0.055774
v 0.093623 0.035979 -0.058384
v 0.094045 0.033628 -0.060440
v 0.094647 0.031643 -0.062752
v 0.095566 0.029582 -0.064875
v 0.097087 0.027890 -0.067121
v 0.099214 0.026024 -0.069267
v 0.101530 0.025364 -0.071951
v 0.097985 0.033321 -0.048214
v 0.098585 0.030719 -0.050386
v 0.098973 0.028548 -0.052678
v 0.099765 0.026348 -0.054605
v 0.100688 0.024168 -0.056497
v 0.102484 0.022232 -0.058294
v 0.104216 0.020481 -0.060334
v 0.107878 0.018229 -0.061749
v 0.100046 0.028704 -0.040579
v 0.101325 0.025234 -0.042267
v 0.102109 0.022932 -0.044243
v 0.103130 0.020665 -0.045917
v 0.104622 0.018717 -0.047533
v 0.106122 0.016700 -0.049167
v 0.108676 0.014364 -0.050265
v 0.111744 0.012748 -0.052549
v 0.101394 0.022710 -0.032156
v 0.102355 0.019590 -0.034474
v 0.103430 0.016437 -0.035437
v 0.104983 0.014148 -0.037091
v 0.106591 0.011798 -0.038590
v 0.108874 0.009779 -0.039863
v 0.111562 0.007007 -0.041308
v 0.115005 0.003243 -0.042213
v -0.039362 0.264780 0.051145
v -0.033847 0.259295 0.057103
v -0.030881 0.254501 0.063510
v -0.028554 0.248681 0.069278
v -0.026118 0.241390 0.075651
v -0.023784 0.232830 0.082217
v -0.021215 0.219881 0.088925
v -0.019611 0.203759 0.093856
v -0.017539 0.184505 0.097093
v -0.013859 0.164543 0.099422
v -0.008071 0.145961 0.101382
v -0.001130 0.129379 0.102043
v 0.006327 0.114386 0.100856
v 0.014379 0.100540 0.098406
v 0.023347 0.087631 0.095934
v 0.033121 0.075932 0.093517
v 0.042953 0.065246 0.090250
v 0.053521 0.055845 0.086403
v 0.064516 0.047651 0.081573
v 0.075841 0.040907 0.075659
v 0.086439 0.035250 0.068768
v 0.095281 0.031057 0.061849
v 0.102748 0.027327 0.054718
v 0.105745 0.023937 0.047665
v 0.106863 0.020802 0.040902
v 0.105150 0.016625 0.033234
v -0.040957 0.271037 0.055155
v -0.035091 0.265926 0.061423
v -0.031967 0.259954 0.067415
v -0.029695 0.253347 0.073544
v -0.027664 0.245513 0.079947
v -0.025429 0.235292 0.086728
v -0.023783 0.222056 0.093172
v -0.022513 0.204829 0.098295
v -0.020602 0.185096 0.101854
v -0.016726 0.164744 0.104437
v -0.011203 0.145457 0.105900
v -0.004181 0.128157 0.106145
v 0.003496 0.112557 0.104788
v 0.011827 0.098164 0.102403
v 0.021128 0.084990 0.099680
v 0.031407 0.073249 0.097023
v 0.041711 0.062445 0.093343
v 0.052720 0.053072 0.089387
v 0.064144 0.044914 0.084201
v 0.075595 0.037997 0.077994
v 0.086367 0.032455 0.070908
v 0.095990 0.028078 0.063687
v 0.102406 0.024559 0.056379
v 0.107126 0.020992 0.049145
v 0.108195 0.017189 0.041545
v 0.106752 0.012754 0.034827
v -0.041401 0.276249 0.059300
v -0.035568 0.270855 0.064816
v -0.032460 0.264234 0.071236
v -0.030349 0.256890 0.077741
v -0.028451 0.248428 0.084419
v -0.026731 0.237696 0.091301
v -0.025554 0.223686 0.097815
v -0.024530 0.206122 0.103231
v -0.022566 0.185959 0.107205
v -0.018816 0.165090 0.109869
v -0.013439 0.145173 0.111169
v -0.006548 0.127146 0.111018
v 0.001418 0.110962 0.109583
v 0.009981 0.096137 0.107013
v 0.019576 0.082653 0.104053
v 0.030301 0.070866 0.100814
v 0.041117 0.060124 0.097022
v 0.052453 0.050706 0.092417
v 0.064053 0.042494 0.086934
v 0.075804 0.035692 0.080379
v 0.086623 0.029977 0.073111
v 0.096198 0.025873 0.065720
v 0.103519 0.022385 0.058231
v 0.107928 0.019092 0.050595
v 0.109327 0.014783 0.042802
v 0.107575 0.009308 0.035372
v -0.041782 0.281313 0.062900
v -0.035774 0.275432 0.068368
v -0.032730 0.268409 0.074982
v -0.030907 0.260549 0.081818
v -0.029177 0.251447 0.088807
v -0.027768 0.240192 0.095897
v -0.026863 0.225717 0.102651
v -0.026115 0.207624 0.108399
v -0.024233 0.186930 0.112769
v -0.020531 0.165491 0.115587
v -0.015117 0.144968 0.116803
v -0.008035 0.126363 0.116528
v 0.000013 0.109637 0.114827
v 0.008794 0.094375 0.112148
v 0.018751 0.080683 0.108822
v 0.029811 0.068819 0.105182
v 0.041066 0.058146 0.100805
v 0.052699 0.048803 0.095914
v 0.064506 0.040543 0.089901
v 0.076297 0.033604 0.083004
v 0.087145 0.027755 0.075326
v 0.096981 0.023843 0.067832
v 0.104315 0.020559 0.059982
v 0.108910 0.017231 0.051977
v 0.110333 0.012749 0.043859
v 0.108929 0.006812 0.036632
v -0.041991 0.286584 0.066341
v -0.035813 0.280247 0.071780
v -0.032704 0.272792 0.078623
v -0.031060 0.264566 0.085792
v -0.029743 0.254933 0.093140
v -0.028528 0.243134 0.100511
v -0.027890 0.228081 0.107572
v -0.027264 0.209423 0.113822
v -0.025338 0.188107 0.118611
v -0.021760 0.165961 0.121636
v -0.016119 0.144864 0.122784
v -0.008720 0.125815 0.122335
v -0.000829 0.108479 0.120478
v 0.008638 0.093131 0.117648
v 0.018771 0.079210 0.114000
v 0.030212 0.067404 0.109745
v 0.041502 0.056566 0.104949
v 0.053384 0.047267 0.099462
v 0.065218 0.038829 0.093123
v 0.077154 0.031818 0.085818
v 0.088181 0.025951 0.077879
v 0.097825 0.021826 0.069803
v 0.105291 0.018724 0.061676
v 0.109866 0.015439 0.053268
v 0.111562 0.011013 0.044961
v 0.110212 0.004485 0.037867
v -0.041965 0.292593 0.069254
v -0.035404 0.285375 0.074863
v -0.032343 0.277505 0.082095
v -0.030665 0.268942 0.089636
v -0.029919 0.258892 0.097420
v -0.028824 0.246516 0.105116
v -0.028489 0.230856 0.112662
v -0.027705 0.211506 0.119399
v -0.025561 0.189457 0.124748
v -0.022073 0.166628 0.127939
v -0.016210 0.144930 0.129069
v -0.008563 0.125481 0.128337
v -0.000337 0.107891 0.126412
v 0.009423 0.092426 0.123270
v 0.019751 0.078392 0.119286
v 0.031120 0.066357 0.114467
v 0.042701 0.055698 0.109112
v 0.054582 0.046349 0.103204
v 0.066446 0.037662 0.096495
v 0.078513 0.030593 0.088872
v 0.089340 0.024152 0.080488
v 0.099019 0.019982 0.071948
v 0.106345 0.016904 0.063368
v 0.111123 0.013643 0.054522
v 0.112946 0.009121 0.046225
v 0.112063 0.002344 0.039113
v -0.041493 0.299547 0.071611
v -0.034468 0.291163 0.077214
v -0.030988 0.282471 0.085269
v -0.029604 0.273614 0.093355
v -0.028991 0.263285 0.101621
v -0.028290 0.250347 0.109782
v -0.028067 0.234003 0.117844
v -0.027154 0.213831 0.125249
v -0.024472 0.191035 0.130840
v -0.021145 0.167487 0.134519
v -0.014827 0.145318 0.135379
v -0.006802 0.125706 0.134264
v 0.001429 0.107913 0.132251
v 0.011202 0.092323 0.128814
v 0.021696 0.078291 0.124441
v 0.033156 0.066424 0.119012
v 0.044331 0.055284 0.113321
v 0.056294 0.046028 0.106900
v 0.068231 0.037323 0.099942
v 0.080089 0.029576 0.092012
v 0.091171 0.023166 0.083334
v 0.100762 0.018682 0.074346
v 0.108150 0.015269 0.065187
v 0.112736 0.011907 0.056439
v 0.114617 0.007156 0.047779
v 0.114453 -0.000692 0.040714
v -0.039887 0.308095 0.073217
v -0.032041 0.297327 0.080043
v -0.028902 0.287997 0.087915
v -0.027287 0.278481 0.097237
v -0.026767 0.267810 0.105902
v -0.026153 0.254338 0.114573
v -0.025732 0.237323 0.123061
v -0.024801 0.216367 0.131119
v -0.021907 0.192755 0.137027
v -0.017981 0.168726 0.140877
v -0.011344 0.146258 0.141088
v -0.003500 0.126526 0.139431
v 0.004823 0.108858 0.137278
v 0.014215 0.093037 0.133935
v 0.024701 0.079193 0.129064
v 0.035647 0.066928 0.123313
v 0.046930 0.056079 0.117150
v 0.058551 0.046534 0.110458
v 0.070436 0.037577 0.103358
v 0.082342 0.029561 0.095303
v 0.093322 0.022371 0.086470
v 0.102682 0.017283 0.077145
v 0.110197 0.013607 0.067840
v 0.114993 0.009807 0.058486
v 0.117488 0.004640 0.050260
v 0.117930 -0.003024 0.042764
v 0.169802 0.019607 0.032395
v 0.162851 0.004553 0.035377
v 0.152902 -0.008278 0.035835
v 0.141435 -0.019778 0.034506
v 0.172838 0.017674 0.024167
v 0.166658 0.002261 0.026700
v 0.157280 -0.011928 0.027426
v 0.146554 -0.024749 0.027418
v 0.174634 0.016280 0.016111
v 0.169109 0.000810 0.017766
v 0.160438 -0.014166 0.018572
v 0.149892 -0.028293 0.018979
v 0.175580 0.015728 0.008084
v 0.170366 0.000123 0.008647
v 0.161968 -0.015168 0.009062
v 0.151519 -0.029816 0.009445
v 0.175504 0.015857 0.000053
v 0.170401 0.000299 -0.000473
v 0.162101 -0.015084 -0.000647
v 0.151649 -0.029823 -0.000548
v 0.174780 0.016599 -0.007887
v 0.169325 0.001234 -0.009457
v 0.161027 -0.014006 -0.010344
v 0.150441 -0.028420 -0.010429
v 0.173272 0.017874 -0.015726
v 0.167189 0.002921 -0.018326
v 0.158436 -0.011733 -0.019653
v 0.147822 -0.025726 -0.019843
v 0.170704 0.019853 -0.023628
v 0.163863 0.005383 -0.027025
v 0.154337 -0.008320 -0.028196
v 0.143555 -0.021093 -0.027987
v 0.166919 0.022699 -0.031767
v 0.159135 0.008824 -0.035559
v 0.149219 -0.003470 -0.036399
v 0.138045 -0.015122 -0.034525
v 0.120636 0.059015 0.019705
v 0.118931 0.060223 0.011333
v 0.118289 0.060761 0.003052
v 0.118420 0.060577 -0.005206
v 0.119199 0.059894 -0.013493
v 0.107653 0.050570 0.019775
v 0.106462 0.051699 0.011410
v 0.105894 0.052351 0.002939
v 0.106417 0.052074 -0.005486
v 0.106900 0.051653 -0.013820
v 0.100556 0.036328 0.018174
v 0.099621 0.038582 0.010615
v 0.098882 0.038637 0.002487
v 0.099196 0.038984 -0.005438
v 0.099769 0.038292 -0.013377
v -0.134653 -0.373439 -0.054808
v -0.132289 -0.379102 -0.041785
v -0.129618 -0.382719 -0.027851
v -0.127685 -0.385115 -0.013651
v -0.126482 -0.386326 0.000785
v -0.126206 -0.386089 0.015389
v -0.127156 -0.383877 0.029821
v -0.129117 -0.379667 0.043562
v -0.131342 -0.373636 0.056500
v -0.146960 -0.381457 -0.057537
v -0.144733 -0.387644 -0.043583
v -0.142674 -0.391894 -0.029061
v -0.140981 -0.394544 -0.014169
v -0.139849 -0.395928 0.000917
v -0.139544 -0.395587 0.016187
v -0.140148 -0.393053 0.031202
v -0.141489 -0.388543 0.045712
v -0.143021 -0.382059 0.059310
v -0.160480 -0.388675 -0.059247
v -0.158588 -0.395167 -0.044802
v -0.156765 -0.399786 -0.029808
v -0.155299 -0.402820 -0.014463
v -0.154282 -0.404248 0.001190
v -0.153986 -0.403599 0.016835
v -0.154430 -0.400886 0.032359
v -0.155269 -0.396006 0.047234
v -0.156507 -0.389261 0.061444
v -0.175447 -0.395301 -0.060103
v -0.173645 -0.401949 -0.045432
v -0.171975 -0.406918 -0.030191
v -0.170585 -0.410145 -0.014485
v -0.169774 -0.411252 0.001438
v -0.169635 -0.410147 0.017433
v -0.169872 -0.406925 0.032975
v -0.170703 -0.401728 0.047953
v -0.171686 -0.394709 0.062137
v -0.190755 -0.402067 -0.060644
v -0.188959 -0.408680 -0.045843
v -0.187481 -0.413583 -0.030368
v -0.186348 -0.416613 -0.014428
v -0.185724 -0.417408 0.001830
v -0.185449 -0.416061 0.017945
v -0.185807 -0.412413 0.033577
v -0.186425 -0.406696 0.048338
v -0.187579 -0.399507 0.062204
v -0.207398 -0.408239 -0.060597
v -0.205364 -0.414934 -0.045786
v -0.203957 -0.419354 -0.030243
v -0.202942 -0.422295 -0.014168
v -0.202214 -0.422905 0.002295
v -0.201751 -0.421654 0.018615
v -0.201503 -0.418018 0.034522
v -0.201867 -0.412033 0.049145
v -0.202681 -0.404961 0.062744
v -0.220627 -0.400058 -0.052785
v -0.219497 -0.406109 -0.040475
v -0.218771 -0.410534 -0.026858
v -0.218561 -0.413427 -0.012276
v -0.218049 -0.414621 0.002725
v -0.218169 -0.414445 0.017833
v -0.218332 -0.412572 0.032737
v -0.218281 -0.408785 0.046638
v -0.218965 -0.403623 0.058922
v -0.222020 -0.389326 -0.045837
v -0.221507 -0.392835 -0.034819
v -0.221052 -0.396152 -0.023126
v -0.220795 -0.398372 -0.010290
v -0.220757 -0.399373 0.003109
v -0.220845 -0.399296 0.016613
v -0.221242 -0.398002 0.029647
v -0.221754 -0.395699 0.041702
v -0.222493 -0.392283 0.052655
v -0.137915 -0.353793 -0.077722
v -0.149681 -0.362201 -0.082224
v -0.163838 -0.369635 -0.085234
v -0.179740 -0.376219 -0.086318
v -0.195763 -0.383182 -0.086996
v -0.213708 -0.389577 -0.085604
v -0.223616 -0.382590 -0.072453
v -0.224034 -0.376048 -0.060756
v -0.140785 -0.339499 -0.083375
v -0.150888 -0.349008 -0.091417
v -0.165131 -0.357609 -0.096234
v -0.181969 -0.364211 -0.097537
v -0.198684 -0.371392 -0.098364
v -0.218255 -0.377339 -0.096146
v -0.225338 -0.370830 -0.079644
v -0.225629 -0.365480 -0.065934
v -0.144975 -0.325329 -0.085355
v -0.153132 -0.334245 -0.096476
v -0.166407 -0.343656 -0.105048
v -0.184201 -0.350727 -0.106798
v -0.201785 -0.357691 -0.108030
v -0.222532 -0.363017 -0.104160
v -0.227319 -0.357762 -0.085462
v -0.227493 -0.353776 -0.069935
v -0.149393 -0.311516 -0.085106
v -0.156082 -0.319398 -0.098726
v -0.167992 -0.328478 -0.110591
v -0.186444 -0.335871 -0.113642
v -0.204805 -0.342770 -0.115026
v -0.225842 -0.347385 -0.109585
v -0.229245 -0.344039 -0.089573
v -0.229499 -0.341097 -0.072865
v -0.153442 -0.297843 -0.083524
v -0.159078 -0.304792 -0.098975
v -0.169496 -0.313086 -0.113808
v -0.188397 -0.320734 -0.118391
v -0.207592 -0.327347 -0.119931
v -0.228681 -0.332032 -0.113193
v -0.231433 -0.329945 -0.092355
v -0.231552 -0.328029 -0.074416
v -0.157454 -0.284520 -0.080199
v -0.162115 -0.290454 -0.097524
v -0.170475 -0.297832 -0.115424
v -0.190108 -0.305490 -0.121973
v -0.209954 -0.312046 -0.123543
v -0.231642 -0.316815 -0.115811
v -0.233544 -0.315853 -0.093845
v -0.233677 -0.314795 -0.074789
v -0.160729 -0.270949 -0.075126
v -0.164854 -0.276712 -0.095094
v -0.171751 -0.282927 -0.115110
v -0.191494 -0.290449 -0.123919
v -0.212045 -0.296779 -0.125616
v -0.233989 -0.301777 -0.117267
v -0.235626 -0.301954 -0.094510
v -0.235706 -0.302196 -0.074314
v -0.224931 -0.370140 -0.040636
v -0.225070 -0.369928 -0.030104
v -0.224975 -0.371111 -0.019482
v -0.224910 -0.372099 -0.008146
v -0.224880 -0.372749 0.003594
v -0.224866 -0.373004 0.015425
v -0.224928 -0.372859 0.026937
v -0.225089 -0.372732 0.038048
v -0.225218 -0.373071 0.048308
v -0.226731 -0.359710 -0.041350
v -0.226886 -0.359453 -0.030333
v -0.226921 -0.359788 -0.019225
v -0.226914 -0.360329 -0.007775
v -0.226919 -0.360749 0.003765
v -0.226897 -0.361035 0.015374
v -0.226902 -0.361287 0.026847
v -0.226994 -0.361610 0.038076
v -0.227021 -0.362641 0.049367
v -0.228464 -0.349057 -0.042627
v -0.228628 -0.348497 -0.030752
v -0.228714 -0.348502 -0.019159
v -0.228779 -0.348740 -0.007681
v -0.228831 -0.349081 0.003905
v -0.228856 -0.349419 0.015478
v -0.228863 -0.349810 0.027087
v -0.228890 -0.350463 0.038743
v -0.228895 -0.351614 0.050683
v -0.230261 -0.337652 -0.043468
v -0.230368 -0.337134 -0.031026
v -0.230476 -0.337086 -0.019212
v -0.230593 -0.337231 -0.007601
v -0.230687 -0.337472 0.003955
v -0.230731 -0.337829 0.015592
v -0.230772 -0.338286 0.027346
v -0.230817 -0.338963 0.039299
v -0.230831 -0.340095 0.051916
v -0.232125 -0.325831 -0.043619
v -0.232173 -0.325554 -0.030972
v -0.232276 -0.325526 -0.019110
v -0.232402 -0.325671 -0.007523
v -0.232496 -0.325901 0.004026
v -0.232540 -0.326176 0.015638
v -0.232606 -0.326619 0.027381
v -0.232721 -0.327213 0.039539
v -0.232816 -0.328094 0.052476
v -0.234057 -0.313849 -0.042863
v -0.234080 -0.313854 -0.030486
v -0.234132 -0.313922 -0.018773
v -0.234223 -0.314054 -0.007316
v -0.234313 -0.314244 0.004087
v -0.234369 -0.314530 0.015566
v -0.234459 -0.314859 0.027243
v -0.234616 -0.315301 0.039220
v -0.234792 -0.315854 0.052204
v -0.235850 -0.302323 -0.041660
v -0.235922 -0.302194 -0.029595
v -0.235983 -0.302240 -0.018325
v -0.236053 -0.302344 -0.007100
v -0.236140 -0.302523 0.004180
v -0.236232 -0.302726 0.015484
v -0.236343 -0.303025 0.026894
v -0.236520 -0.303302 0.038593
v -0.236658 -0.304026 0.051425
v -0.137258 -0.352033 0.075181
v -0.142060 -0.338373 0.077846
v -0.147119 -0.325049 0.078355
v -0.151686 -0.311708 0.077849
v -0.155397 -0.298402 0.076688
v -0.158541 -0.285412 0.074595
v -0.161143 -0.272504 0.071366
v -0.146825 -0.361024 0.081245
v -0.150735 -0.347134 0.086490
v -0.155466 -0.333422 0.088744
v -0.160010 -0.319773 0.089584
v -0.163619 -0.306003 0.089775
v -0.166619 -0.292333 0.088985
v -0.169039 -0.279153 0.087703
v -0.159251 -0.369606 0.086070
v -0.160819 -0.356626 0.095206
v -0.163738 -0.342038 0.100215
v -0.166835 -0.327586 0.103168
v -0.169676 -0.313224 0.104883
v -0.172011 -0.299043 0.105655
v -0.173908 -0.285234 0.105789
v -0.174820 -0.375608 0.087225
v -0.176594 -0.364113 0.098086
v -0.178449 -0.350861 0.106919
v -0.180478 -0.336359 0.113153
v -0.182495 -0.321451 0.117364
v -0.184575 -0.306691 0.119816
v -0.186058 -0.292335 0.121736
v -0.191035 -0.380844 0.087059
v -0.193302 -0.369541 0.097765
v -0.195899 -0.356800 0.106892
v -0.198580 -0.342912 0.114152
v -0.201209 -0.328209 0.119356
v -0.203632 -0.313372 0.122880
v -0.205865 -0.298729 0.125230
v -0.206823 -0.387126 0.087286
v -0.210043 -0.375617 0.097478
v -0.213508 -0.362764 0.105965
v -0.217207 -0.348783 0.112940
v -0.220788 -0.334075 0.117961
v -0.224014 -0.319089 0.121513
v -0.226902 -0.304261 0.123727
v -0.222773 -0.386589 0.079414
v -0.225476 -0.374993 0.087522
v -0.228363 -0.362196 0.093667
v -0.231031 -0.348499 0.098223
v -0.233274 -0.334199 0.101380
v -0.235781 -0.319937 0.103397
v -0.237984 -0.305637 0.104243
v -0.224833 -0.379339 0.067977
v -0.226609 -0.369079 0.073112
v -0.228648 -0.357390 0.077751
v -0.230777 -0.344838 0.081216
v -0.232908 -0.331683 0.083503
v -0.235075 -0.318212 0.084513
v -0.237057 -0.305251 0.084729
# 5424 vertices, 0 vertices normals

f 1 989 1057
f 1 1057 949
f 949 1057 1065
f 949 1065 950
f 950 1065 1073
f 950 1073 951
f 951 1073 1081
f 951 1081 952
f 952 1081 1089
f 952 1089 953
f 953 1089 1097
f 953 1097 954
f 954 1097 1105
f 954 1105 955
f 955 1105 907
f 955 907 4
f 989 988 1058
f 989 1058 1057
f 1057 1058 1066
f 1057 1066 1065
f 1065 1066 1074
f 1065 1074 1073
f 1073 1074 1082
f 1073 1082 1081
f 1081 1082 1090
f 1081 1090 1089
f 1089 1090 1098
f 1089 1098 1097
f 1097 1098 1106
f 1097 1106 1105
f 1105 1106 906
f 1105 906 907
f 988 987 1059
f 988 1059 1058
f 1058 1059 1067
f 1058 1067 1066
f 1066 1067 1075
f 1066 1075 1074
f 1074 1075 1083
f 1074 1083 1082
f 1082 1083 1091
f 1082 1091 1090
f 1090 1091 1099
f 1090 1099 1098
f 1098 1099 1107
f 1098 1107 1106
f 1106 1107 905
f 1106 905 906
f 987 986 1060
f 987 1060 1059
f 1059 1060 1068
f 1059 1068 1067
f 1067 1068 1076
f 1067 1076 1075
f 1075 1076 1084
f 1075 1084 1083
f 1083 1084 1092
f 1083 1092 1091
f 1091 1092 1100
f 1091 1100 1099
f 1099 1100 1108
f 1099 1108 1107
f 1107 1108 904
f 1107 904 905
f 986 985 1061
f 986 1061 1060
f 1060 1061 1069
f 1060 1069 1068
f 1068 1069 1077
f 1068 1077 1076
f 1076 1077 1085
f 1076 1085 1084
f 1084 1085 1093
f 1084 1093 1092
f 1092 1093 1101
f 1092 1101 1100
f 1100 1101 1109
f 1100 1109 1108
f 1108 1109 903
f 1108 903 904
f 985 984 1062
f 985 1062 1061
f 1061 1062 1070
f 1061 1070 1069
f 1069 1070 1078
f 1069 1078 1077
f 1077 1078 1086
f 1077 1086 1085
f 1085 1086 1094
f 1085 1094 1093
f 1093 1094 1102
f 1093 1102 1101
f 1101 1102 1110
f 1101 1110 1109
f 1109 1110 902
f 1109 902 903
f 984 983 1063
f 984 1063 1062
f 1062 1063 1071
f 1062 1071 1070
f 1070 1071 1079
f 1070 1079 1078
f 1078 1079 1087
f 1078 1087 1086
f 1086 1087 1095
f 1086 1095 1094
f 1094 1095 1103
f 1094 1103 1102
f 1102 1103 1111
f 1102 1111 1110
f 1110 1111 901
f 1110 901 902
f 983 982 1064
f 983 1064 1063
f 1063 1064 1072
f 1063 1072 1071
f 1071 1072 1080
f 1071 1080 1079
f 1079 1080 1088
f 1079 1088 1087
f 1087 1088 1096
f 1087 1096 1095
f 1095 1096 1104
f 1095 1104 1103
f 1103 1104 1112
f 1103 1112 1111
f 1111 1112 900
f 1111 900 901
f 982 2 990
f 982 990 1064
f 1064 990 991
f 1064 991 1072
f 1072 991 992
f 1072 992 1080
f 1080 992 993
f 1080 993 1088
f 1088 993 994
f 1088 994 1096
f 1096 994 995
f 1096 995 1104
f 1104 995 996
f 1104 996 1112
f 1112 996 3
f 1112 3 900
f 1 719 1113
f 1 1113 989
f 989 1113 1132
f 989 1132 988
f 988 1132 1151
f 988 1151 987
f 987 1151 1170
f 987 1170 986
f 986 1170 1189
f 986 1189 985
f 985 1189 1208
f 985 1208 984
f 984 1208 1227
f 984 1227 983
f 983 1227 1246
f 983 1246 982
f 982 1246 844
f 982 844 2
f 719 718 1114
f 719 1114 1113
f 1113 1114 1133
f 1113 1133 1132
f 1132 1133 1152
f 1132 1152 1151
f 1151 1152 1171
f 1151 1171 1170
f 1170 1171 1190
f 1170 1190 1189
f 1189 1190 1209
f 1189 1209 1208
f 1208 1209 1228
f 1208 1228 1227
f 1227 1228 1247
f 1227 1247 1246
f 1246 1247 845
f 1246 845 844
f 718 717 1115
f 718 1115 1114
f 1114 1115 1134
f 1114 1134 1133
f 1133 1134 1153
f 1133 1153 1152
f 1152 1153 1172
f 1152 1172 1171
f 1171 1172 1191
f 1171 1191 1190
f 1190 1191 1210
f 1190 1210 1209
f 1209 1210 1229
f 1209 1229 1228
f 1228 1229 1248
f 1228 1248 1247
f 1247 1248 846
f 1247 846 845
f 717 716 1116
f 717 1116 1115
f 1115 1116 1135
f 1115 1135 1134
f 1134 1135 1154
f 1134 1154 1153
f 1153 1154 1173
f 1153 1173 1172
f 1172 1173 1192
f 1172 1192 1191
f 1191 1192 1211
f 1191 1211 1210
f 1210 1211 1230
f 1210 1230 1229
f 1229 1230 1249
f 1229 1249 1248
f 1248 1249 847
f 1248 847 846
f 716 715 1117
f 716 1117 1116
f 1116 1117 1136
f 1116 1136 1135
f 1135 1136 1155
f 1135 1155 1154
f 1154 1155 1174
f 1154 1174 1173
f 1173 1174 1193
f 1173 1193 1192
f 1192 1193 1212
f 1192 1212 1211
f 1211 1212 1231
f 1211 1231 1230
f 1230 1231 1250
f 1230 1250 1249
f 1249 1250 848
f 1249 848 847
f 715 714 1118
f 715 1118 1117
f 1117 1118 1137
f 1117 1137 1136
f 1136 1137 1156
f 1136 1156 1155
f 1155 1156 1175
f 1155 1175 1174
f 1174 1175 1194
f 1174 1194 1193
f 1193 1194 1213
f 1193 1213 1212
f 1212 1213 1232
f 1212 1232 1231
f 1231 1232 1251
f 1231 1251 1250
f 1250 1251 849
f 1250 849 848
f 714 713 1119
f 714 1119 1118
f 1118 1119 1138
f 1118 1138 1137
f 1137 1138 1157
f 1137 1157 1156
f 1156 1157 1176
f 1156 1176 1175
f 1175 1176 1195
f 1175 1195 1194
f 1194 1195 1214
f 1194 1214 1213
f 1213 1214 1233
f 1213 1233 1232
f 1232 1233 1252
f 1232 1252 1251
f 1251 1252 850
f 1251 850 849
f 713 712 1120
f 713 1120 1119
f 1119 1120 1139
f 1119 1139 1138
f 1138 1139 1158
f 1138 1158 1157
f 1157 1158 1177
f 1157 1177 1176
f 1176 1177 1196
f 1176 1196 1195
f 1195 1196 1215
f 1195 1215 1214
f 1214 1215 1234
f 1214 1234 1233
f 1233 1234 1253
f 1233 1253 1252
f 1252 1253 851
f 1252 851 850
f 712 711 1121
f 712 1121 1120
f 1120 1121 1140
f 1120 1140 1139
f 1139 1140 1159
f 1139 1159 1158
f 1158 1159 1178
f 1158 1178 1177
f 1177 1178 1197
f 1177 1197 1196
f 1196 1197 1216
f 1196 1216 1215
f 1215 1216 1235
f 1215 1235 1234
f 1234 1235 1254
f 1234 1254 1253
f 1253 1254 852
f 1253 852 851
f 711 710 1122
f 711 1122 1121
f 1121 1122 1141
f 1121 1141 1140
f 1140 1141 1160
f 1140 1160 1159
f 1159 1160 1179
f 1159 1179 1178
f 1178 1179 1198
f 1178 1198 1197
f 1197 1198 1217
f 1197 1217 1216
f 1216 1217 1236
f 1216 1236 1235
f 1235 1236 1255
f 1235 1255 1254
f 1254 1255 853
f 1254 853 852
f 710 709 1123
f 710 1123 1122
f 1122 1123 1142
f 1122 1142 1141
f 1141 1142 1161
f 1141 1161 1160
f 1160 1161 1180
f 1160 1180 1179
f 1179 1180 1199
f 1179 1199 1198
f 1198 1199 1218
f 1198 1218 1217
f 1217 1218 1237
f 1217 1237 1236
f 1236 1237 1256
f 1236 1256 1255
f 1255 1256 854
f 1255 854 853
f 709 708 1124
f 709 1124 1123
f 1123 1124 1143
f 1123 1143 1142
f 1142 1143 1162
f 1142 1162 1161
f 1161 1162 1181
f 1161 1181 1180
f 1180 1181 1200
f 1180 1200 1199
f 1199 1200 1219
f 1199 1219 1218
f 1218 1219 1238
f 1218 1238 1237
f 1237 1238 1257
f 1237 1257 1256
f 1256 1257 855
f 1256 855 854
f 708 707 1125
f 708 1125 1124
f 1124 1125 1144
f 1124 1144 1143
f 1143 1144 1163
f 1143 1163 1162
f 1162 1163 1182
f 1162 1182 1181
f 1181 1182 1201
f 1181 1201 1200
f 1200 1201 1220
f 1200 1220 1219
f 1219 1220 1239
f 1219 1239 1238
f 1238 1239 1258
f 1238 1258 1257
f 1257 1258 856
f 1257 856 855
f 707 706 1126
f 707 1126 1125
f 1125 1126 1145
f 1125 1145 1144
f 1144 1145 1164
f 1144 1164 1163
f 1163 1164 1183
f 1163 1183 1182
f 1182 1183 1202
f 1182 1202 1201
f 1201 1202 1221
f 1201 1221 1220
f 1220 1221 1240
f 1220 1240 1239
f 1239 1240 1259
f 1239 1259 1258
f 1258 1259 857
f 1258 857 856
f 706 705 1127
f 706 1127 1126
f 1126 1127 1146
f 1126 1146 1145
f 1145 1146 1165
f 1145 1165 1164
f 1164 1165 1184
f 1164 1184 1183
f 1183 1184 1203
f 1183 1203 1202
f 1202 1203 1222
f 1202 1222 1221
f 1221 1222 1241
f 1221 1241 1240
f 1240 1241 1260
f 1240 1260 1259
f 1259 1260 858
f 1259 858 857
f 705 704 1128
f 705 1128 1127
f 1127 1128 1147
f 1127 1147 1146
f 1146 1147 1166
f 1146 1166 1165
f 1165 1166 1185
f 1165 1185 1184
f 1184 1185 1204
f 1184 1204 1203
f 1203 1204 1223
f 1203 1223 1222
f 1222 1223 1242
f 1222 1242 1241
f 1241 1242 1261
f 1241 1261 1260
f 1260 1261 859
f 1260 859 858
f 704 703 1129
f 704 1129 1128
f 1128 1129 1148
f 1128 1148 1147
f 1147 1148 1167
f 1147 1167 1166
f 1166 1167 1186
f 1166 1186 1185
f 1185 1186 1205
f 1185 1205 1204
f 1204 1205 1224
f 1204 1224 1223
f 1223 1224 1243
f 1223 1243 1242
f 1242 1243 1262
f 1242 1262 1261
f 1261 1262 860
f 1261 860 859
f 703 702 1130
f 703 1130 1129
f 1129 1130 1149
f 1129 1149 1148
f 1148 1149 1168
f 1148 1168 1167
f 1167 1168 1187
f 1167 1187 1186
f 1186 1187 1206
f 1186 1206 1205
f 1205 1206 1225
f 1205 1225 1224
f 1224 1225 1244
f 1224 1244 1243
f 1243 1244 1263
f 1243 1263 1262
f 1262 1263 861
f 1262 861 860
f 702 701 1131
f 702 1131 1130
f 1130 1131 1150
f 1130 1150 1149
f 1149 1150 1169
f 1149 1169 1168
f 1168 1169 1188
f 1168 1188 1187
f 1187 1188 1207
f 1187 1207 1206
f 1206 1207 1226
f 1206 1226 1225
f 1225 1226 1245
f 1225 1245 1244
f 1244 1245 1264
f 1244 1264 1263
f 1263 1264 862
f 1263 862 861
f 701 5 870
f 701 870 1131
f 1131 870 871
f 1131 871 1150
f 1150 871 872
f 1150 872 1169
f 1169 872 873
f 1169 873 1188
f 1188 873 874
f 1188 874 1207
f 1207 874 875
f 1207 875 1226
f 1226 875 876
f 1226 876 1245
f 1245 876 877
f 1245 877 1264
f 1264 877 6
f 1264 6 862
f 1 557 1265
f 1 1265 719
f 719 1265 1270
f 719 1270 718
f 718 1270 1275
f 718 1275 717
f 717 1275 1280
f 717 1280 716
f 716 1280 1285
f 716 1285 715
f 715 1285 1290
f 715 1290 714
f 714 1290 1295
f 714 1295 713
f 713 1295 1300
f 713 1300 712
f 712 1300 1305
f 712 1305 711
f 711 1305 1310
f 711 1310 710
f 710 1310 1315
f 710 1315 709
f 709 1315 1320
f 709 1320 708
f 708 1320 1325
f 708 1325 707
f 707 1325 1330
f 707 1330 706
f 706 1330 1335
f 706 1335 705
f 705 1335 1340
f 705 1340 704
f 704 1340 1345
f 704 1345 703
f 703 1345 1350
f 703 1350 702
f 702 1350 1355
f 702 1355 701
f 701 1355 600
f 701 600 5
f 557 558 1266
f 557 1266 1265
f 1265 1266 1271
f 1265 1271 1270
f 1270 1271 1276
f 1270 1276 1275
f 1275 1276 1281
f 1275 1281 1280
f 1280 1281 1286
f 1280 1286 1285
f 1285 1286 1291
f 1285 1291 1290
f 1290 1291 1296
f 1290 1296 1295
f 1295 1296 1301
f 1295 1301 1300
f 1300 1301 1306
f 1300 1306 1305
f 1305 1306 1311
f 1305 1311 1310
f 1310 1311 1316
f 1310 1316 1315
f 1315 1316 1321
f 1315 1321 1320
f 1320 1321 1326
f 1320 1326 1325
f 1325 1326 1331
f 1325 1331 1330
f 1330 1331 1336
f 1330 1336 1335
f 1335 1336 1341
f 1335 1341 1340
f 1340 1341 1346
f 1340 1346 1345
f 1345 1346 1351
f 1345 1351 1350
f 1350 1351 1356
f 1350 1356 1355
f 1355 1356 601
f 1355 601 600
f 558 559 1267
f 558 1267 1266
f 1266 1267 1272
f 1266 1272 1271
f 1271 1272 1277
f 1271 1277 1276
f 1276 1277 1282
f 1276 1282 1281
f 1281 1282 1287
f 1281 1287 1286
f 1286 1287 1292
f 1286 1292 1291
f 1291 1292 1297
f 1291 1297 1296
f 1296 1297 1302
f 1296 1302 1301
f 1301 1302 1307
f 1301 1307 1306
f 1306 1307 1312
f 1306 1312 1311
f 1311 1312 1317
f 1311 1317 1316
f 1316 1317 1322
f 1316 1322 1321
f 1321 1322 1327
f 1321 1327 1326
f 1326 1327 1332
f 1326 1332 1331
f 1331 1332 1337
f 1331 1337 1336
f 1336 1337 1342
f 1336 1342 1341
f 1341 1342 1347
f 1341 1347 1346
f 1346 1347 1352
f 1346 1352 1351
f 1351 1352 1357
f 1351 1357 1356
f 1356 1357 602
f 1356 602 601
f 559 560 1268
f 559 1268 1267
f 1267 1268 1273
f 1267 1273 1272
f 1272 1273 1278
f 1272 1278 1277
f 1277 1278 1283
f 1277 1283 1282
f 1282 1283 1288
f 1282 1288 1287
f 1287 1288 1293
f 1287 1293 1292
f 1292 1293 1298
f 1292 1298 1297
f 1297 1298 1303
f 1297 1303 1302
f 1302 1303 1308
f 1302 1308 1307
f 1307 1308 1313
f 1307 1313 1312
f 1312 1313 1318
f 1312 1318 1317
f 1317 1318 1323
f 1317 1323 1322
f 1322 1323 1328
f 1322 1328 1327
f 1327 1328 1333
f 1327 1333 1332
f 1332 1333 1338
f 1332 1338 1337
f 1337 1338 1343
f 1337 1343 1342
f 1342 1343 1348
f 1342 1348 1347
f 1347 1348 1353
f 1347 1353 1352
f 1352 1353 1358
f 1352 1358 1357
f 1357 1358 603
f 1357 603 602
f 560 561 1269
f 560 1269 1268
f 1268 1269 1274
f 1268 1274 1273
f 1273 1274 1279
f 1273 1279 1278
f 1278 1279 1284
f 1278 1284 1283
f 1283 1284 1289
f 1283 1289 1288
f 1288 1289 1294
f 1288 1294 1293
f 1293 1294 1299
f 1293 1299 1298
f 1298 1299 1304
f 1298 1304 1303
f 1303 1304 1309
f 1303 1309 1308
f 1308 1309 1314
f 1308 1314 1313
f 1313 1314 1319
f 1313 1319 1318
f 1318 1319 1324
f 1318 1324 1323
f 1323 1324 1329
f 1323 1329 1328
f 1328 1329 1334
f 1328 1334 1333
f 1333 1334 1339
f 1333 1339 1338
f 1338 1339 1344
f 1338 1344 1343
f 1343 1344 1349
f 1343 1349 1348
f 1348 1349 1354
f 1348 1354 1353
f 1353 1354 1359
f 1353 1359 1358
f 1358 1359 604
f 1358 604 603
f 561 7 502
f 561 502 1269
f 1269 502 501
f 1269 501 1274
f 1274 501 500
f 1274 500 1279
f 1279 500 499
f 1279 499 1284
f 1284 499 498
f 1284 498 1289
f 1289 498 497
f 1289 497 1294
f 1294 497 496
f 1294 496 1299
f 1299 496 495
f 1299 495 1304
f 1304 495 494
f 1304 494 1309
f 1309 494 493
f 1309 493 1314
f 1314 493 492
f 1314 492 1319
f 1319 492 491
f 1319 491 1324
f 1324 491 490
f 1324 490 1329
f 1329 490 489
f 1329 489 1334
f 1334 489 488
f 1334 488 1339
f 1339 488 487
f 1339 487 1344
f 1344 487 486
f 1344 486 1349
f 1349 486 485
f 1349 485 1354
f 1354 485 484
f 1354 484 1359
f 1359 484 8
f 1359 8 604
f 1 824 1360
f 1 1360 557
f 557 1360 1370
f 557 1370 558
f 558 1370 1380
f 558 1380 559
f 559 1380 1390
f 559 1390 560
f 560 1390 1400
f 560 1400 561
f 561 1400 369
f 561 369 7
f 824 825 1361
f 824 1361 1360
f 1360 1361 1371
f 1360 1371 1370
f 1370 1371 1381
f 1370 1381 1380
f 1380 1381 1391
f 1380 1391 1390
f 1390 1391 1401
f 1390 1401 1400
f 1400 1401 370
f 1400 370 369
f 825 826 1362
f 825 1362 1361
f 1361 1362 1372
f 1361 1372 1371
f 1371 1372 1382
f 1371 1382 1381
f 1381 1382 1392
f 1381 1392 1391
f 1391 1392 1402
f 1391 1402 1401
f 1401 1402 371
f 1401 371 370
f 826 827 1363
f 826 1363 1362
f 1362 1363 1373
f 1362 1373 1372
f 1372 1373 1383
f 1372 1383 1382
f 1382 1383 1393
f 1382 1393 1392
f 1392 1393 1403
f 1392 1403 1402
f 1402 1403 372
f 1402 372 371
f 827 828 1364
f 827 1364 1363
f 1363 1364 1374
f 1363 1374 1373
f 1373 1374 1384
f 1373 1384 1383
f 1383 1384 1394
f 1383 1394 1393
f 1393 1394 1404
f 1393 1404 1403
f 1403 1404 373
f 1403 373 372
f 828 829 1365
f 828 1365 1364
f 1364 1365 1375
f 1364 1375 1374
f 1374 1375 1385
f 1374 1385 1384
f 1384 1385 1395
f 1384 1395 1394
f 1394 1395 1405
f 1394 1405 1404
f 1404 1405 374
f 1404 374 373
f 829 830 1366
f 829 1366 1365
f 1365 1366 1376
f 1365 1376 1375
f 1375 1376 1386
f 1375 1386 1385
f 1385 1386 1396
f 1385 1396 1395
f 1395 1396 1406
f 1395 1406 1405
f 1405 1406 375
f 1405 375 374
f 830 831 1367
f 830 1367 1366
f 1366 1367 1377
f 1366 1377 1376
f 1376 1377 1387
f 1376 1387 1386
f 1386 1387 1397
f 1386 1397 1396
f 1396 1397 1407
f 1396 1407 1406
f 1406 1407 376
f 1406 376 375
f 831 832 1368
f 831 1368 1367
f 1367 1368 1378
f 1367 1378 1377
f 1377 1378 1388
f 1377 1388 1387
f 1387 1388 1398
f 1387 1398 1397
f 1397 1398 1408
f 1397 1408 1407
f 1407 1408 377
f 1407 377 376
f 832 833 1369
f 832 1369 1368
f 1368 1369 1379
f 1368 1379 1378
f 1378 1379 1389
f 1378 1389 1388
f 1388 1389 1399
f 1388 1399 1398
f 1398 1399 1409
f 1398 1409 1408
f 1408 1409 378
f 1408 378 377
f 833 9 526
f 833 526 1369
f 1369 526 527
f 1369 527 1379
f 1379 527 528
f 1379 528 1389
f 1389 528 529
f 1389 529 1399
f 1399 529 530
f 1399 530 1409
f 1409 530 10
f 1409 10 378
f 1 949 1410
f 1 1410 824
f 824 1410 1417
f 824 1417 825
f 825 1417 1424
f 825 1424 826
f 826 1424 1431
f 826 1431 827
f 827 1431 1438
f 827 1438 828
f 828 1438 1445
f 828 1445 829
f 829 1445 1452
f 829 1452 830
f 830 1452 1459
f 830 1459 831
f 831 1459 1466
f 831 1466 832
f 832 1466 1473
f 832 1473 833
f 833 1473 893
f 833 893 9
f 949 950 1411
f 949 1411 1410
f 1410 1411 1418
f 1410 1418 1417
f 1417 1418 1425
f 1417 1425 1424
f 1424 1425 1432
f 1424 1432 1431
f 1431 1432 1439
f 1431 1439 1438
f 1438 1439 1446
f 1438 1446 1445
f 1445 1446 1453
f 1445 1453 1452
f 1452 1453 1460
f 1452 1460 1459
f 1459 1460 1467
f 1459 1467 1466
f 1466 1467 1474
f 1466 1474 1473
f 1473 1474 894
f 1473 894 893
f 950 951 1412
f 950 1412 1411
f 1411 1412 1419
f 1411 1419 1418
f 1418 1419 1426
f 1418 1426 1425
f 1425 1426 1433
f 1425 1433 1432
f 1432 1433 1440
f 1432 1440 1439
f 1439 1440 1447
f 1439 1447 1446
f 1446 1447 1454
f 1446 1454 1453
f 1453 1454 1461
f 1453 1461 1460
f 1460 1461 1468
f 1460 1468 1467
f 1467 1468 1475
f 1467 1475 1474
f 1474 1475 895
f 1474 895 894
f 951 952 1413
f 951 1413 1412
f 1412 1413 1420
f 1412 1420 1419
f 1419 1420 1427
f 1419 1427 1426
f 1426 1427 1434
f 1426 1434 1433
f 1433 1434 1441
f 1433 1441 1440
f 1440 1441 1448
f 1440 1448 1447
f 1447 1448 1455
f 1447 1455 1454
f 1454 1455 1462
f 1454 1462 1461
f 1461 1462 1469
f 1461 1469 1468
f 1468 1469 1476
f 1468 1476 1475
f 1475 1476 896
f 1475 896 895
f 952 953 1414
f 952 1414 1413
f 1413 1414 1421
f 1413 1421 1420
f 1420 1421 1428
f 1420 1428 1427
f 1427 1428 1435
f 1427 1435 1434
f 1434 1435 1442
f 1434 1442 1441
f 1441 1442 1449
f 1441 1449 1448
f 1448 1449 1456
f 1448 1456 1455
f 1455 1456 1463
f 1455 1463 1462
f 1462 1463 1470
f 1462 1470 1469
f 1469 1470 1477
f 1469 1477 1476
f 1476 1477 897
f 1476 897 896
f 953 954 1415
f 953 1415 1414
f 1414 1415 1422
f 1414 1422 1421
f 1421 1422 1429
f 1421 1429 1428
f 1428 1429 1436
f 1428 1436 1435
f 1435 1436 1443
f 1435 1443 1442
f 1442 1443 1450
f 1442 1450 1449
f 1449 1450 1457
f 1449 1457 1456
f 1456 1457 1464
f 1456 1464 1463
f 1463 1464 1471
f 1463 1471 1470
f 1470 1471 1478
f 1470 1478 1477
f 1477 1478 898
f 1477 898 897
f 954 955 1416
f 954 1416 1415
f 1415 1416 1423
f 1415 1423 1422
f 1422 1423 1430
f 1422 1430 1429
f 1429 1430 1437
f 1429 1437 1436
f 1436 1437 1444
f 1436 1444 1443
f 1443 1444 1451
f 1443 1451 1450
f 1450 1451 1458
f 1450 1458 1457
f 1457 1458 1465
f 1457 1465 1464
f 1464 1465 1472
f 1464 1472 1471
f 1471 1472 1479
f 1471 1479 1478
f 1478 1479 899
f 1478 899 898
f 955 4 843
f 955 843 1416
f 1416 843 842
f 1416 842 1423
f 1423 842 841
f 1423 841 1430
f 1430 841 840
f 1430 840 1437
f 1437 840 839
f 1437 839 1444
f 1444 839 838
f 1444 838 1451
f 1451 838 837
f 1451 837 1458
f 1458 837 836
f 1458 836 1465
f 1465 836 835
f 1465 835 1472
f 1472 835 834
f 1472 834 1479
f 1479 834 11
f 1479 11 899
f 4 552 1480
f 4 1480 843
f 843 1480 1485
f 843 1485 842
f 842 1485 1490
f 842 1490 841
f 841 1490 1495
f 841 1495 840
f 840 1495 1500
f 840 1500 839
f 839 1500 1505
f 839 1505 838
f 838 1505 1510
f 838 1510 837
f 837 1510 1515
f 837 1515 836
f 836 1515 1520
f 836 1520 835
f 835 1520 1525
f 835 1525 834
f 834 1525 521
f 834 521 11
f 552 553 1481
f 552 1481 1480
f 1480 1481 1486
f 1480 1486 1485
f 1485 1486 1491
f 1485 1491 1490
f 1490 1491 1496
f 1490 1496 1495
f 1495 1496 1501
f 1495 1501 1500
f 1500 1501 1506
f 1500 1506 1505
f 1505 1506 1511
f 1505 1511 1510
f 1510 1511 1516
f 1510 1516 1515
f 1515 1516 1521
f 1515 1521 1520
f 1520 1521 1526
f 1520 1526 1525
f 1525 1526 522
f 1525 522 521
f 553 554 1482
f 553 1482 1481
f 1481 1482 1487
f 1481 1487 1486
f 1486 1487 1492
f 1486 1492 1491
f 1491 1492 1497
f 1491 1497 1496
f 1496 1497 1502
f 1496 1502 1501
f 1501 1502 1507
f 1501 1507 1506
f 1506 1507 1512
f 1506 1512 1511
f 1511 1512 1517
f 1511 1517 1516
f 1516 1517 1522
f 1516 1522 1521
f 1521 1522 1527
f 1521 1527 1526
f 1526 1527 523
f 1526 523 522
f 554 555 1483
f 554 1483 1482
f 1482 1483 1488
f 1482 1488 1487
f 1487 1488 1493
f 1487 1493 1492
f 1492 1493 1498
f 1492 1498 1497
f 1497 1498 1503
f 1497 1503 1502
f 1502 1503 1508
f 1502 1508 1507
f 1507 1508 1513
f 1507 1513 1512
f 1512 1513 1518
f 1512 1518 1517
f 1517 1518 1523
f 1517 1523 1522
f 1522 1523 1528
f 1522 1528 1527
f 1527 1528 524
f 1527 524 523
f 555 556 1484
f 555 1484 1483
f 1483 1484 1489
f 1483 1489 1488
f 1488 1489 1494
f 1488 1494 1493
f 1493 1494 1499
f 1493 1499 1498
f 1498 1499 1504
f 1498 1504 1503
f 1503 1504 1509
f 1503 1509 1508
f 1508 1509 1514
f 1508 1514 1513
f 1513 1514 1519
f 1513 1519 1518
f 1518 1519 1524
f 1518 1524 1523
f 1523 1524 1529
f 1523 1529 1528
f 1528 1529 525
f 1528 525 524
f 556 12 311
f 556 311 1484
f 1484 311 312
f 1484 312 1489
f 1489 312 313
f 1489 313 1494
f 1494 313 314
f 1494 314 1499
f 1499 314 315
f 1499 315 1504
f 1504 315 316
f 1504 316 1509
f 1509 316 317
f 1509 317 1514
f 1514 317 318
f 1514 318 1519
f 1519 318 319
f 1519 319 1524
f 1524 319 320
f 1524 320 1529
f 1529 320 13
f 1529 13 525
f 4 723 1530
f 4 1530 552
f 552 1530 1554
f 552 1554 553
f 553 1554 1578
f 553 1578 554
f 554 1578 1602
f 554 1602 555
f 555 1602 1626
f 555 1626 556
f 556 1626 279
f 556 279 12
f 723 724 1531
f 723 1531 1530
f 1530 1531 1555
f 1530 1555 1554
f 1554 1555 1579
f 1554 1579 1578
f 1578 1579 1603
f 1578 1603 1602
f 1602 1603 1627
f 1602 1627 1626
f 1626 1627 280
f 1626 280 279
f 724 725 1532
f 724 1532 1531
f 1531 1532 1556
f 1531 1556 1555
f 1555 1556 1580
f 1555 1580 1579
f 1579 1580 1604
f 1579 1604 1603
f 1603 1604 1628
f 1603 1628 1627
f 1627 1628 281
f 1627 281 280
f 725 726 1533
f 725 1533 1532
f 1532 1533 1557
f 1532 1557 1556
f 1556 1557 1581
f 1556 1581 1580
f 1580 1581 1605
f 1580 1605 1604
f 1604 1605 1629
f 1604 1629 1628
f 1628 1629 282
f 1628 282 281
f 726 727 1534
f 726 1534 1533
f 1533 1534 1558
f 1533 1558 1557
f 1557 1558 1582
f 1557 1582 1581
f 1581 1582 1606
f 1581 1606 1605
f 1605 1606 1630
f 1605 1630 1629
f 1629 1630 283
f 1629 283 282
f 727 728 1535
f 727 1535 1534
f 1534 1535 1559
f 1534 1559 1558
f 1558 1559 1583
f 1558 1583 1582
f 1582 1583 1607
f 1582 1607 1606
f 1606 1607 1631
f 1606 1631 1630
f 1630 1631 284
f 1630 284 283
f 728 729 1536
f 728 1536 1535
f 1535 1536 1560
f 1535 1560 1559
f 1559 1560 1584
f 1559 1584 1583
f 1583 1584 1608
f 1583 1608 1607
f 1607 1608 1632
f 1607 1632 1631
f 1631 1632 285
f 1631 285 284
f 729 730 1537
f 729 1537 1536
f 1536 1537 1561
f 1536 1561 1560
f 1560 1561 1585
f 1560 1585 1584
f 1584 1585 1609
f 1584 1609 1608
f 1608 1609 1633
f 1608 1633 1632
f 1632 1633 286
f 1632 286 285
f 730 731 1538
f 730 1538 1537
f 1537 1538 1562
f 1537 1562 1561
f 1561 1562 1586
f 1561 1586 1585
f 1585 1586 1610
f 1585 1610 1609
f 1609 1610 1634
f 1609 1634 1633
f 1633 1634 287
f 1633 287 286
f 731 732 1539
f 731 1539 1538
f 1538 1539 1563
f 1538 1563 1562
f 1562 1563 1587
f 1562 1587 1586
f 1586 1587 1611
f 1586 1611 1610
f 1610 1611 1635
f 1610 1635 1634
f 1634 1635 288
f 1634 288 287
f 732 733 1540
f 732 1540 1539
f 1539 1540 1564
f 1539 1564 1563
f 1563 1564 1588
f 1563 1588 1587
f 1587 1588 1612
f 1587 1612 1611
f 1611 1612 1636
f 1611 1636 1635
f 1635 1636 289
f 1635 289 288
f 733 734 1541
f 733 1541 1540
f 1540 1541 1565
f 1540 1565 1564
f 1564 1565 1589
f 1564 1589 1588
f 1588 1589 1613
f 1588 1613 1612
f 1612 1613 1637
f 1612 1637 1636
f 1636 1637 290
f 1636 290 289
f 734 735 1542
f 734 1542 1541
f 1541 1542 1566
f 1541 1566 1565
f 1565 1566 1590
f 1565 1590 1589
f 1589 1590 1614
f 1589 1614 1613
f 1613 1614 1638
f 1613 1638 1637
f 1637 1638 291
f 1637 291 290
f 735 736 1543
f 735 1543 1542
f 1542 1543 1567
f 1542 1567 1566
f 1566 1567 1591
f 1566 1591 1590
f 1590 1591 1615
f 1590 1615 1614
f 1614 1615 1639
f 1614 1639 1638
f 1638 1639 292
f 1638 292 291
f 736 737 1544
f 736 1544 1543
f 1543 1544 1568
f 1543 1568 1567
f 1567 1568 1592
f 1567 1592 1591
f 1591 1592 1616
f 1591 1616 1615
f 1615 1616 1640
f 1615 1640 1639
f 1639 1640 293
f 1639 293 292
f 737 738 1545
f 737 1545 1544
f 1544 1545 1569
f 1544 1569 1568
f 1568 1569 1593
f 1568 1593 1592
f 1592 1593 1617
f 1592 1617 1616
f 1616 1617 1641
f 1616 1641 1640
f 1640 1641 294
f 1640 294 293
f 738 739 1546
f 738 1546 1545
f 1545 1546 1570
f 1545 1570 1569
f 1569 1570 1594
f 1569 1594 1593
f 1593 1594 1618
f 1593 1618 1617
f 1617 1618 1642
f 1617 1642 1641
f 1641 1642 295
f 1641 295 294
f 739 740 1547
f 739 1547 1546
f 1546 1547 1571
f 1546 1571 1570
f 1570 1571 1595
f 1570 1595 1594
f 1594 1595 1619
f 1594 1619 1618
f 1618 1619 1643
f 1618 1643 1642
f 1642 1643 296
f 1642 296 295
f 740 741 1548
f 740 1548 1547
f 1547 1548 1572
f 1547 1572 1571
f 1571 1572 1596
f 1571 1596 1595
f 1595 1596 1620
f 1595 1620 1619
f 1619 1620 1644
f 1619 1644 1643
f 1643 1644 297
f 1643 297 296
f 741 742 1549
f 741 1549 1548
f 1548 1549 1573
f 1548 1573 1572
f 1572 1573 1597
f 1572 1597 1596
f 1596 1597 1621
f 1596 1621 1620
f 1620 1621 1645
f 1620 1645 1644
f 1644 1645 298
f 1644 298 297
f 742 743 1550
f 742 1550 1549
f 1549 1550 1574
f 1549 1574 1573
f 1573 1574 1598
f 1573 1598 1597
f 1597 1598 1622
f 1597 1622 1621
f 1621 1622 1646
f 1621 1646 1645
f 1645 1646 299
f 1645 299 298
f 743 744 1551
f 743 1551 1550
f 1550 1551 1575
f 1550 1575 1574
f 1574 1575 1599
f 1574 1599 1598
f 1598 1599 1623
f 1598 1623 1622
f 1622 1623 1647
f 1622 1647 1646
f 1646 1647 300
f 1646 300 299
f 744 745 1552
f 744 1552 1551
f 1551 1552 1576
f 1551 1576 1575
f 1575 1576 1600
f 1575 1600 1599
f 1599 1600 1624
f 1599 1624 1623
f 1623 1624 1648
f 1623 1648 1647
f 1647 1648 301
f 1647 301 300
f 745 746 1553
f 745 1553 1552
f 1552 1553 1577
f 1552 1577 1576
f 1576 1577 1601
f 1576 1601 1600
f 1600 1601 1625
f 1600 1625 1624
f 1624 1625 1649
f 1624 1649 1648
f 1648 1649 302
f 1648 302 301
f 746 14 562
f 746 562 1553
f 1553 562 563
f 1553 563 1577
f 1577 563 564
f 1577 564 1601
f 1601 564 565
f 1601 565 1625
f 1625 565 566
f 1625 566 1649
f 1649 566 15
f 1649 15 302
f 4 907 1650
f 4 1650 723
f 723 1650 1658
f 723 1658 724
f 724 1658 1666
f 724 1666 725
f 725 1666 1674
f 725 1674 726
f 726 1674 1682
f 726 1682 727
f 727 1682 1690
f 727 1690 728
f 728 1690 1698
f 728 1698 729
f 729 1698 1706
f 729 1706 730
f 730 1706 1714
f 730 1714 731
f 731 1714 1722
f 731 1722 732
f 732 1722 1730
f 732 1730 733
f 733 1730 1738
f 733 1738 734
f 734 1738 1746
f 734 1746 735
f 735 1746 1754
f 735 1754 736
f 736 1754 1762
f 736 1762 737
f 737 1762 1770
f 737 1770 738
f 738 1770 1778
f 738 1778 739
f 739 1778 1786
f 739 1786 740
f 740 1786 1794
f 740 1794 741
f 741 1794 1802
f 741 1802 742
f 742 1802 1810
f 742 1810 743
f 743 1810 1818
f 743 1818 744
f 744 1818 1826
f 744 1826 745
f 745 1826 1834
f 745 1834 746
f 746 1834 1004
f 746 1004 14
f 907 906 1651
f 907 1651 1650
f 1650 1651 1659
f 1650 1659 1658
f 1658 1659 1667
f 1658 1667 1666
f 1666 1667 1675
f 1666 1675 1674
f 1674 1675 1683
f 1674 1683 1682
f 1682 1683 1691
f 1682 1691 1690
f 1690 1691 1699
f 1690 1699 1698
f 1698 1699 1707
f 1698 1707 1706
f 1706 1707 1715
f 1706 1715 1714
f 1714 1715 1723
f 1714 1723 1722
f 1722 1723 1731
f 1722 1731 1730
f 1730 1731 1739
f 1730 1739 1738
f 1738 1739 1747
f 1738 1747 1746
f 1746 1747 1755
f 1746 1755 1754
f 1754 1755 1763
f 1754 1763 1762
f 1762 1763 1771
f 1762 1771 1770
f 1770 1771 1779
f 1770 1779 1778
f 1778 1779 1787
f 1778 1787 1786
f 1786 1787 1795
f 1786 1795 1794
f 1794 1795 1803
f 1794 1803 1802
f 1802 1803 1811
f 1802 1811 1810
f 1810 1811 1819
f 1810 1819 1818
f 1818 1819 1827
f 1818 1827 1826
f 1826 1827 1835
f 1826 1835 1834
f 1834 1835 1003
f 1834 1003 1004
f 906 905 1652
f 906 1652 1651
f 1651 1652 1660
f 1651 1660 1659
f 1659 1660 1668
f 1659 1668 1667
f 1667 1668 1676
f 1667 1676 1675
f 1675 1676 1684
f 1675 1684 1683
f 1683 1684 1692
f 1683 1692 1691
f 1691 1692 1700
f 1691 1700 1699
f 1699 1700 1708
f 1699 1708 1707
f 1707 1708 1716
f 1707 1716 1715
f 1715 1716 1724
f 1715 1724 1723
f 1723 1724 1732
f 1723 1732 1731
f 1731 1732 1740
f 1731 1740 1739
f 1739 1740 1748
f 1739 1748 1747
f 1747 1748 1756
f 1747 1756 1755
f 1755 1756 1764
f 1755 1764 1763
f 1763 1764 1772
f 1763 1772 1771
f 1771 1772 1780
f 1771 1780 1779
f 1779 1780 1788
f 1779 1788 1787
f 1787 1788 1796
f 1787 1796 1795
f 1795 1796 1804
f 1795 1804 1803
f 1803 1804 1812
f 1803 1812 1811
f 1811 1812 1820
f 1811 1820 1819
f 1819 1820 1828
f 1819 1828 1827
f 1827 1828 1836
f 1827 1836 1835
f 1835 1836 1002
f 1835 1002 1003
f 905 904 1653
f 905 1653 1652
f 1652 1653 1661
f 1652 1661 1660
f 1660 1661 1669
f 1660 1669 1668
f 1668 1669 1677
f 1668 1677 1676
f 1676 1677 1685
f 1676 1685 1684
f 1684 1685 1693
f 1684 1693 1692
f 1692 1693 1701
f 1692 1701 1700
f 1700 1701 1709
f 1700 1709 1708
f 1708 1709 1717
f 1708 1717 1716
f 1716 1717 1725
f 1716 1725 1724
f 1724 1725 1733
f 1724 1733 1732
f 1732 1733 1741
f 1732 1741 1740
f 1740 1741 1749
f 1740 1749 1748
f 1748 1749 1757
f 1748 1757 1756
f 1756 1757 1765
f 1756 1765 1764
f 1764 1765 1773
f 1764 1773 1772
f 1772 1773 1781
f 1772 1781 1780
f 1780 1781 1789
f 1780 1789 1788
f 1788 1789 1797
f 1788 1797 1796
f 1796 1797 1805
f 1796 1805 1804
f 1804 1805 1813
f 1804 1813 1812
f 1812 1813 1821
f 1812 1821 1820
f 1820 1821 1829
f 1820 1829 1828
f 1828 1829 1837
f 1828 1837 1836
f 1836 1837 1001
f 1836 1001 1002
f 904 903 1654
f 904 1654 1653
f 1653 1654 1662
f 1653 1662 1661
f 1661 1662 1670
f 1661 1670 1669
f 1669 1670 1678
f 1669 1678 1677
f 1677 1678 1686
f 1677 1686 1685
f 1685 1686 1694
f 1685 1694 1693
f 1693 1694 1702
f 1693 1702 1701
f 1701 1702 1710
f 1701 1710 1709
f 1709 1710 1718
f 1709 1718 1717
f 1717 1718 1726
f 1717 1726 1725
f 1725 1726 1734
f 1725 1734 1733
f 1733 1734 1742
f 1733 1742 1741
f 1741 1742 1750
f 1741 1750 1749
f 1749 1750 1758
f 1749 1758 1757
f 1757 1758 1766
f 1757 1766 1765
f 1765 1766 1774
f 1765 1774 1773
f 1773 1774 1782
f 1773 1782 1781
f 1781 1782 1790
f 1781 1790 1789
f 1789 1790 1798
f 1789 1798 1797
f 1797 1798 1806
f 1797 1806 1805
f 1805 1806 1814
f 1805 1814 1813
f 1813 1814 1822
f 1813 1822 1821
f 1821 1822 1830
f 1821 1830 1829
f 1829 1830 1838
f 1829 1838 1837
f 1837 1838 1000
f 1837 1000 1001
f 903 902 1655
f 903 1655 1654
f 1654 1655 1663
f 1654 1663 1662
f 1662 1663 1671
f 1662 1671 1670
f 1670 1671 1679
f 1670 1679 1678
f 1678 1679 1687
f 1678 1687 1686
f 1686 1687 1695
f 1686 1695 1694
f 1694 1695 1703
f 1694 1703 1702
f 1702 1703 1711
f 1702 1711 1710
f 1710 1711 1719
f 1710 1719 1718
f 1718 1719 1727
f 1718 1727 1726
f 1726 1727 1735
f 1726 1735 1734
f 1734 1735 1743
f 1734 1743 1742
f 1742 1743 1751
f 1742 1751 1750
f 1750 1751 1759
f 1750 1759 1758
f 1758 1759 1767
f 1758 1767 1766
f 1766 1767 1775
f 1766 1775 1774
f 1774 1775 1783
f 1774 1783 1782
f 1782 1783 1791
f 1782 1791 1790
f 1790 1791 1799
f 1790 1799 1798
f 1798 1799 1807
f 1798 1807 1806
f 1806 1807 1815
f 1806 1815 1814
f 1814 1815 1823
f 1814 1823 1822
f 1822 1823 1831
f 1822 1831 1830
f 1830 1831 1839
f 1830 1839 1838
f 1838 1839 999
f 1838 999 1000
f 902 901 1656
f 902 1656 1655
f 1655 1656 1664
f 1655 1664 1663
f 1663 1664 1672
f 1663 1672 1671
f 1671 1672 1680
f 1671 1680 1679
f 1679 1680 1688
f 1679 1688 1687
f 1687 1688 1696
f 1687 1696 1695
f 1695 1696 1704
f 1695 1704 1703
f 1703 1704 1712
f 1703 1712 1711
f 1711 1712 1720
f 1711 1720 1719
f 1719 1720 1728
f 1719 1728 1727
f 1727 1728 1736
f 1727 1736 1735
f 1735 1736 1744
f 1735 1744 1743
f 1743 1744 1752
f 1743 1752 1751
f 1751 1752 1760
f 1751 1760 1759
f 1759 1760 1768
f 1759 1768 1767
f 1767 1768 1776
f 1767 1776 1775
f 1775 1776 1784
f 1775 1784 1783
f 1783 1784 1792
f 1783 1792 1791
f 1791 1792 1800
f 1791 1800 1799
f 1799 1800 1808
f 1799 1808 1807
f 1807 1808 1816
f 1807 1816 1815
f 1815 1816 1824
f 1815 1824 1823
f 1823 1824 1832
f 1823 1832 1831
f 1831 1832 1840
f 1831 1840 1839
f 1839 1840 998
f 1839 998 999
f 901 900 1657
f 901 1657 1656
f 1656 1657 1665
f 1656 1665 1664
f 1664 1665 1673
f 1664 1673 1672
f 1672 1673 1681
f 1672 1681 1680
f 1680 1681 1689
f 1680 1689 1688
f 1688 1689 1697
f 1688 1697 1696
f 1696 1697 1705
f 1696 1705 1704
f 1704 1705 1713
f 1704 1713 1712
f 1712 1713 1721
f 1712 1721 1720
f 1720 1721 1729
f 1720 1729 1728
f 1728 1729 1737
f 1728 1737 1736
f 1736 1737 1745
f 1736 1745 1744
f 1744 1745 1753
f 1744 1753 1752
f 1752 1753 1761
f 1752 1761 1760
f 1760 1761 1769
f 1760 1769 1768
f 1768 1769 1777
f 1768 1777 1776
f 1776 1777 1785
f 1776 1785 1784
f 1784 1785 1793
f 1784 1793 1792
f 1792 1793 1801
f 1792 1801 1800
f 1800 1801 1809
f 1800 1809 1808
f 1808 1809 1817
f 1808 1817 1816
f 1816 1817 1825
f 1816 1825 1824
f 1824 1825 1833
f 1824 1833 1832
f 1832 1833 1841
f 1832 1841 1840
f 1840 1841 997
f 1840 997 998
f 900 3 792
f 900 792 1657
f 1657 792 793
f 1657 793 1665
f 1665 793 794
f 1665 794 1673
f 1673 794 795
f 1673 795 1681
f 1681 795 796
f 1681 796 1689
f 1689 796 797
f 1689 797 1697
f 1697 797 798
f 1697 798 1705
f 1705 798 799
f 1705 799 1713
f 1713 799 800
f 1713 800 1721
f 1721 800 801
f 1721 801 1729
f 1729 801 802
f 1729 802 1737
f 1737 802 803
f 1737 803 1745
f 1745 803 804
f 1745 804 1753
f 1753 804 805
f 1753 805 1761
f 1761 805 806
f 1761 806 1769
f 1769 806 807
f 1769 807 1777
f 1777 807 808
f 1777 808 1785
f 1785 808 809
f 1785 809 1793
f 1793 809 810
f 1793 810 1801
f 1801 810 811
f 1801 811 1809
f 1809 811 812
f 1809 812 1817
f 1817 812 813
f 1817 813 1825
f 1825 813 814
f 1825 814 1833
f 1833 814 815
f 1833 815 1841
f 1841 815 16
f 1841 16 997
f 2 217 1842
f 2 1842 990
f 990 1842 1851
f 990 1851 991
f 991 1851 1860
f 991 1860 992
f 992 1860 1869
f 992 1869 993
f 993 1869 1878
f 993 1878 994
f 994 1878 1887
f 994 1887 995
f 995 1887 1896
f 995 1896 996
f 996 1896 435
f 996 435 3
f 217 218 1843
f 217 1843 1842
f 1842 1843 1852
f 1842 1852 1851
f 1851 1852 1861
f 1851 1861 1860
f 1860 1861 1870
f 1860 1870 1869
f 1869 1870 1879
f 1869 1879 1878
f 1878 1879 1888
f 1878 1888 1887
f 1887 1888 1897
f 1887 1897 1896
f 1896 1897 436
f 1896 436 435
f 218 219 1844
f 218 1844 1843
f 1843 1844 1853
f 1843 1853 1852
f 1852 1853 1862
f 1852 1862 1861
f 1861 1862 1871
f 1861 1871 1870
f 1870 1871 1880
f 1870 1880 1879
f 1879 1880 1889
f 1879 1889 1888
f 1888 1889 1898
f 1888 1898 1897
f 1897 1898 437
f 1897 437 436
f 219 220 1845
f 219 1845 1844
f 1844 1845 1854
f 1844 1854 1853
f 1853 1854 1863
f 1853 1863 1862
f 1862 1863 1872
f 1862 1872 1871
f 1871 1872 1881
f 1871 1881 1880
f 1880 1881 1890
f 1880 1890 1889
f 1889 1890 1899
f 1889 1899 1898
f 1898 1899 438
f 1898 438 437
f 220 221 1846
f 220 1846 1845
f 1845 1846 1855
f 1845 1855 1854
f 1854 1855 1864
f 1854 1864 1863
f 1863 1864 1873
f 1863 1873 1872
f 1872 1873 1882
f 1872 1882 1881
f 1881 1882 1891
f 1881 1891 1890
f 1890 1891 1900
f 1890 1900 1899
f 1899 1900 439
f 1899 439 438
f 221 222 1847
f 221 1847 1846
f 1846 1847 1856
f 1846 1856 1855
f 1855 1856 1865
f 1855 1865 1864
f 1864 1865 1874
f 1864 1874 1873
f 1873 1874 1883
f 1873 1883 1882
f 1882 1883 1892
f 1882 1892 1891
f 1891 1892 1901
f 1891 1901 1900
f 1900 1901 440
f 1900 440 439
f 222 223 1848
f 222 1848 1847
f 1847 1848 1857
f 1847 1857 1856
f 1856 1857 1866
f 1856 1866 1865
f 1865 1866 1875
f 1865 1875 1874
f 1874 1875 1884
f 1874 1884 1883
f 1883 1884 1893
f 1883 1893 1892
f 1892 1893 1902
f 1892 1902 1901
f 1901 1902 441
f 1901 441 440
f 223 224 1849
f 223 1849 1848
f 1848 1849 1858
f 1848 1858 1857
f 1857 1858 1867
f 1857 1867 1866
f 1866 1867 1876
f 1866 1876 1875
f 1875 1876 1885
f 1875 1885 1884
f 1884 1885 1894
f 1884 1894 1893
f 1893 1894 1903
f 1893 1903 1902
f 1902 1903 442
f 1902 442 441
f 224 225 1850
f 224 1850 1849
f 1849 1850 1859
f 1849 1859 1858
f 1858 1859 1868
f 1858 1868 1867
f 1867 1868 1877
f 1867 1877 1876
f 1876 1877 1886
f 1876 1886 1885
f 1885 1886 1895
f 1885 1895 1894
f 1894 1895 1904
f 1894 1904 1903
f 1903 1904 443
f 1903 443 442
f 225 17 99
f 225 99 1850
f 1850 99 98
f 1850 98 1859
f 1859 98 97
f 1859 97 1868
f 1868 97 96
f 1868 96 1877
f 1877 96 95
f 1877 95 1886
f 1886 95 94
f 1886 94 1895
f 1895 94 93
f 1895 93 1904
f 1904 93 18
f 1904 18 443
f 2 844 1905
f 2 1905 217
f 217 1905 1924
f 217 1924 218
f 218 1924 1943
f 218 1943 219
f 219 1943 1962
f 219 1962 220
f 220 1962 1981
f 220 1981 221
f 221 1981 2000
f 221 2000 222
f 222 2000 2019
f 222 2019 223
f 223 2019 2038
f 223 2038 224
f 224 2038 2057
f 224 2057 225
f 225 2057 216
f 225 216 17
f 844 845 1906
f 844 1906 1905
f 1905 1906 1925
f 1905 1925 1924
f 1924 1925 1944
f 1924 1944 1943
f 1943 1944 1963
f 1943 1963 1962
f 1962 1963 1982
f 1962 1982 1981
f 1981 1982 2001
f 1981 2001 2000
f 2000 2001 2020
f 2000 2020 2019
f 2019 2020 2039
f 2019 2039 2038
f 2038 2039 2058
f 2038 2058 2057
f 2057 2058 215
f 2057 215 216
f 845 846 1907
f 845 1907 1906
f 1906 1907 1926
f 1906 1926 1925
f 1925 1926 1945
f 1925 1945 1944
f 1944 1945 1964
f 1944 1964 1963
f 1963 1964 1983
f 1963 1983 1982
f 1982 1983 2002
f 1982 2002 2001
f 2001 2002 2021
f 2001 2021 2020
f 2020 2021 2040
f 2020 2040 2039
f 2039 2040 2059
f 2039 2059 2058
f 2058 2059 214
f 2058 214 215
f 846 847 1908
f 846 1908 1907
f 1907 1908 1927
f 1907 1927 1926
f 1926 1927 1946
f 1926 1946 1945
f 1945 1946 1965
f 1945 1965 1964
f 1964 1965 1984
f 1964 1984 1983
f 1983 1984 2003
f 1983 2003 2002
f 2002 2003 2022
f 2002 2022 2021
f 2021 2022 2041
f 2021 2041 2040
f 2040 2041 2060
f 2040 2060 2059
f 2059 2060 213
f 2059 213 214
f 847 848 1909
f 847 1909 1908
f 1908 1909 1928
f 1908 1928 1927
f 1927 1928 1947
f 1927 1947 1946
f 1946 1947 1966
f 1946 1966 1965
f 1965 1966 1985
f 1965 1985 1984
f 1984 1985 2004
f 1984 2004 2003
f 2003 2004 2023
f 2003 2023 2022
f 2022 2023 2042
f 2022 2042 2041
f 2041 2042 2061
f 2041 2061 2060
f 2060 2061 212
f 2060 212 213
f 848 849 1910
f 848 1910 1909
f 1909 1910 1929
f 1909 1929 1928
f 1928 1929 1948
f 1928 1948 1947
f 1947 1948 1967
f 1947 1967 1966
f 1966 1967 1986
f 1966 1986 1985
f 1985 1986 2005
f 1985 2005 2004
f 2004 2005 2024
f 2004 2024 2023
f 2023 2024 2043
f 2023 2043 2042
f 2042 2043 2062
f 2042 2062 2061
f 2061 2062 211
f 2061 211 212
f 849 850 1911
f 849 1911 1910
f 1910 1911 1930
f 1910 1930 1929
f 1929 1930 1949
f 1929 1949 1948
f 1948 1949 1968
f 1948 1968 1967
f 1967 1968 1987
f 1967 1987 1986
f 1986 1987 2006
f 1986 2006 2005
f 2005 2006 2025
f 2005 2025 2024
f 2024 2025 2044
f 2024 2044 2043
f 2043 2044 2063
f 2043 2063 2062
f 2062 2063 210
f 2062 210 211
f 850 851 1912
f 850 1912 1911
f 1911 1912 1931
f 1911 1931 1930
f 1930 1931 1950
f 1930 1950 1949
f 1949 1950 1969
f 1949 1969 1968
f 1968 1969 1988
f 1968 1988 1987
f 1987 1988 2007
f 1987 2007 2006
f 2006 2007 2026
f 2006 2026 2025
f 2025 2026 2045
f 2025 2045 2044
f 2044 2045 2064
f 2044 2064 2063
f 2063 2064 209
f 2063 209 210
f 851 852 1913
f 851 1913 1912
f 1912 1913 1932
f 1912 1932 1931
f 1931 1932 1951
f 1931 1951 1950
f 1950 1951 1970
f 1950 1970 1969
f 1969 1970 1989
f 1969 1989 1988
f 1988 1989 2008
f 1988 2008 2007
f 2007 2008 2027
f 2007 2027 2026
f 2026 2027 2046
f 2026 2046 2045
f 2045 2046 2065
f 2045 2065 2064
f 2064 2065 208
f 2064 208 209
f 852 853 1914
f 852 1914 1913
f 1913 1914 1933
f 1913 1933 1932
f 1932 1933 1952
f 1932 1952 1951
f 1951 1952 1971
f 1951 1971 1970
f 1970 1971 1990
f 1970 1990 1989
f 1989 1990 2009
f 1989 2009 2008
f 2008 2009 2028
f 2008 2028 2027
f 2027 2028 2047
f 2027 2047 2046
f 2046 2047 2066
f 2046 2066 2065
f 2065 2066 207
f 2065 207 208
f 853 854 1915
f 853 1915 1914
f 1914 1915 1934
f 1914 1934 1933
f 1933 1934 1953
f 1933 1953 1952
f 1952 1953 1972
f 1952 1972 1971
f 1971 1972 1991
f 1971 1991 1990
f 1990 1991 2010
f 1990 2010 2009
f 2009 2010 2029
f 2009 2029 2028
f 2028 2029 2048
f 2028 2048 2047
f 2047 2048 2067
f 2047 2067 2066
f 2066 2067 206
f 2066 206 207
f 854 855 1916
f 854 1916 1915
f 1915 1916 1935
f 1915 1935 1934
f 1934 1935 1954
f 1934 1954 1953
f 1953 1954 1973
f 1953 1973 1972
f 1972 1973 1992
f 1972 1992 1991
f 1991 1992 2011
f 1991 2011 2010
f 2010 2011 2030
f 2010 2030 2029
f 2029 2030 2049
f 2029 2049 2048
f 2048 2049 2068
f 2048 2068 2067
f 2067 2068 205
f 2067 205 206
f 855 856 1917
f 855 1917 1916
f 1916 1917 1936
f 1916 1936 1935
f 1935 1936 1955
f 1935 1955 1954
f 1954 1955 1974
f 1954 1974 1973
f 1973 1974 1993
f 1973 1993 1992
f 1992 1993 2012
f 1992 2012 2011
f 2011 2012 2031
f 2011 2031 2030
f 2030 2031 2050
f 2030 2050 2049
f 2049 2050 2069
f 2049 2069 2068
f 2068 2069 204
f 2068 204 205
f 856 857 1918
f 856 1918 1917
f 1917 1918 1937
f 1917 1937 1936
f 1936 1937 1956
f 1936 1956 1955
f 1955 1956 1975
f 1955 1975 1974
f 1974 1975 1994
f 1974 1994 1993
f 1993 1994 2013
f 1993 2013 2012
f 2012 2013 2032
f 2012 2032 2031
f 2031 2032 2051
f 2031 2051 2050
f 2050 2051 2070
f 2050 2070 2069
f 2069 2070 203
f 2069 203 204
f 857 858 1919
f 857 1919 1918
f 1918 1919 1938
f 1918 1938 1937
f 1937 1938 1957
f 1937 1957 1956
f 1956 1957 1976
f 1956 1976 1975
f 1975 1976 1995
f 1975 1995 1994
f 1994 1995 2014
f 1994 2014 2013
f 2013 2014 2033
f 2013 2033 2032
f 2032 2033 2052
f 2032 2052 2051
f 2051 2052 2071
f 2051 2071 2070
f 2070 2071 202
f 2070 202 203
f 858 859 1920
f 858 1920 1919
f 1919 1920 1939
f 1919 1939 1938
f 1938 1939 1958
f 1938 1958 1957
f 1957 1958 1977
f 1957 1977 1976
f 1976 1977 1996
f 1976 1996 1995
f 1995 1996 2015
f 1995 2015 2014
f 2014 2015 2034
f 2014 2034 2033
f 2033 2034 2053
f 2033 2053 2052
f 2052 2053 2072
f 2052 2072 2071
f 2071 2072 201
f 2071 201 202
f 859 860 1921
f 859 1921 1920
f 1920 1921 1940
f 1920 1940 1939
f 1939 1940 1959
f 1939 1959 1958
f 1958 1959 1978
f 1958 1978 1977
f 1977 1978 1997
f 1977 1997 1996
f 1996 1997 2016
f 1996 2016 2015
f 2015 2016 2035
f 2015 2035 2034
f 2034 2035 2054
f 2034 2054 2053
f 2053 2054 2073
f 2053 2073 2072
f 2072 2073 200
f 2072 200 201
f 860 861 1922
f 860 1922 1921
f 1921 1922 1941
f 1921 1941 1940
f 1940 1941 1960
f 1940 1960 1959
f 1959 1960 1979
f 1959 1979 1978
f 1978 1979 1998
f 1978 1998 1997
f 1997 1998 2017
f 1997 2017 2016
f 2016 2017 2036
f 2016 2036 2035
f 2035 2036 2055
f 2035 2055 2054
f 2054 2055 2074
f 2054 2074 2073
f 2073 2074 199
f 2073 199 200
f 861 862 1923
f 861 1923 1922
f 1922 1923 1942
f 1922 1942 1941
f 1941 1942 1961
f 1941 1961 1960
f 1960 1961 1980
f 1960 1980 1979
f 1979 1980 1999
f 1979 1999 1998
f 1998 1999 2018
f 1998 2018 2017
f 2017 2018 2037
f 2017 2037 2036
f 2036 2037 2056
f 2036 2056 2055
f 2055 2056 2075
f 2055 2075 2074
f 2074 2075 198
f 2074 198 199
f 862 6 512
f 862 512 1923
f 1923 512 513
f 1923 513 1942
f 1942 513 514
f 1942 514 1961
f 1961 514 515
f 1961 515 1980
f 1980 515 516
f 1980 516 1999
f 1999 516 517
f 1999 517 2018
f 2018 517 518
f 2018 518 2037
f 2037 518 519
f 2037 519 2056
f 2056 519 520
f 2056 520 2075
f 2075 520 19
f 2075 19 198
f 3 435 2076
f 3 2076 792
f 792 2076 2085
f 792 2085 793
f 793 2085 2094
f 793 2094 794
f 794 2094 2103
f 794 2103 795
f 795 2103 2112
f 795 2112 796
f 796 2112 2121
f 796 2121 797
f 797 2121 2130
f 797 2130 798
f 798 2130 2139
f 798 2139 799
f 799 2139 2148
f 799 2148 800
f 800 2148 2157
f 800 2157 801
f 801 2157 2166
f 801 2166 802
f 802 2166 2175
f 802 2175 803
f 803 2175 2184
f 803 2184 804
f 804 2184 2193
f 804 2193 805
f 805 2193 2202
f 805 2202 806
f 806 2202 2211
f 806 2211 807
f 807 2211 2220
f 807 2220 808
f 808 2220 2229
f 808 2229 809
f 809 2229 2238
f 809 2238 810
f 810 2238 2247
f 810 2247 811
f 811 2247 2256
f 811 2256 812
f 812 2256 2265
f 812 2265 813
f 813 2265 2274
f 813 2274 814
f 814 2274 2283
f 814 2283 815
f 815 2283 540
f 815 540 16
f 435 436 2077
f 435 2077 2076
f 2076 2077 2086
f 2076 2086 2085
f 2085 2086 2095
f 2085 2095 2094
f 2094 2095 2104
f 2094 2104 2103
f 2103 2104 2113
f 2103 2113 2112
f 2112 2113 2122
f 2112 2122 2121
f 2121 2122 2131
f 2121 2131 2130
f 2130 2131 2140
f 2130 2140 2139
f 2139 2140 2149
f 2139 2149 2148
f 2148 2149 2158
f 2148 2158 2157
f 2157 2158 2167
f 2157 2167 2166
f 2166 2167 2176
f 2166 2176 2175
f 2175 2176 2185
f 2175 2185 2184
f 2184 2185 2194
f 2184 2194 2193
f 2193 2194 2203
f 2193 2203 2202
f 2202 2203 2212
f 2202 2212 2211
f 2211 2212 2221
f 2211 2221 2220
f 2220 2221 2230
f 2220 2230 2229
f 2229 2230 2239
f 2229 2239 2238
f 2238 2239 2248
f 2238 2248 2247
f 2247 2248 2257
f 2247 2257 2256
f 2256 2257 2266
f 2256 2266 2265
f 2265 2266 2275
f 2265 2275 2274
f 2274 2275 2284
f 2274 2284 2283
f 2283 2284 541
f 2283 541 540
f 436 437 2078
f 436 2078 2077
f 2077 2078 2087
f 2077 2087 2086
f 2086 2087 2096
f 2086 2096 2095
f 2095 2096 2105
f 2095 2105 2104
f 2104 2105 2114
f 2104 2114 2113
f 2113 2114 2123
f 2113 2123 2122
f 2122 2123 2132
f 2122 2132 2131
f 2131 2132 2141
f 2131 2141 2140
f 2140 2141 2150
f 2140 2150 2149
f 2149 2150 2159
f 2149 2159 2158
f 2158 2159 2168
f 2158 2168 2167
f 2167 2168 2177
f 2167 2177 2176
f 2176 2177 2186
f 2176 2186 2185
f 2185 2186 2195
f 2185 2195 2194
f 2194 2195 2204
f 2194 2204 2203
f 2203 2204 2213
f 2203 2213 2212
f 2212 2213 2222
f 2212 2222 2221
f 2221 2222 2231
f 2221 2231 2230
f 2230 2231 2240
f 2230 2240 2239
f 2239 2240 2249
f 2239 2249 2248
f 2248 2249 2258
f 2248 2258 2257
f 2257 2258 2267
f 2257 2267 2266
f 2266 2267 2276
f 2266 2276 2275
f 2275 2276 2285
f 2275 2285 2284
f 2284 2285 542
f 2284 542 541
f 437 438 2079
f 437 2079 2078
f 2078 2079 2088
f 2078 2088 2087
f 2087 2088 2097
f 2087 2097 2096
f 2096 2097 2106
f 2096 2106 2105
f 2105 2106 2115
f 2105 2115 2114
f 2114 2115 2124
f 2114 2124 2123
f 2123 2124 2133
f 2123 2133 2132
f 2132 2133 2142
f 2132 2142 2141
f 2141 2142 2151
f 2141 2151 2150
f 2150 2151 2160
f 2150 2160 2159
f 2159 2160 2169
f 2159 2169 2168
f 2168 2169 2178
f 2168 2178 2177
f 2177 2178 2187
f 2177 2187 2186
f 2186 2187 2196
f 2186 2196 2195
f 2195 2196 2205
f 2195 2205 2204
f 2204 2205 2214
f 2204 2214 2213
f 2213 2214 2223
f 2213 2223 2222
f 2222 2223 2232
f 2222 2232 2231
f 2231 2232 2241
f 2231 2241 2240
f 2240 2241 2250
f 2240 2250 2249
f 2249 2250 2259
f 2249 2259 2258
f 2258 2259 2268
f 2258 2268 2267
f 2267 2268 2277
f 2267 2277 2276
f 2276 2277 2286
f 2276 2286 2285
f 2285 2286 543
f 2285 543 542
f 438 439 2080
f 438 2080 2079
f 2079 2080 2089
f 2079 2089 2088
f 2088 2089 2098
f 2088 2098 2097
f 2097 2098 2107
f 2097 2107 2106
f 2106 2107 2116
f 2106 2116 2115
f 2115 2116 2125
f 2115 2125 2124
f 2124 2125 2134
f 2124 2134 2133
f 2133 2134 2143
f 2133 2143 2142
f 2142 2143 2152
f 2142 2152 2151
f 2151 2152 2161
f 2151 2161 2160
f 2160 2161 2170
f 2160 2170 2169
f 2169 2170 2179
f 2169 2179 2178
f 2178 2179 2188
f 2178 2188 2187
f 2187 2188 2197
f 2187 2197 2196
f 2196 2197 2206
f 2196 2206 2205
f 2205 2206 2215
f 2205 2215 2214
f 2214 2215 2224
f 2214 2224 2223
f 2223 2224 2233
f 2223 2233 2232
f 2232 2233 2242
f 2232 2242 2241
f 2241 2242 2251
f 2241 2251 2250
f 2250 2251 2260
f 2250 2260 2259
f 2259 2260 2269
f 2259 2269 2268
f 2268 2269 2278
f 2268 2278 2277
f 2277 2278 2287
f 2277 2287 2286
f 2286 2287 544
f 2286 544 543
f 439 440 2081
f 439 2081 2080
f 2080 2081 2090
f 2080 2090 2089
f 2089 2090 2099
f 2089 2099 2098
f 2098 2099 2108
f 2098 2108 2107
f 2107 2108 2117
f 2107 2117 2116
f 2116 2117 2126
f 2116 2126 2125
f 2125 2126 2135
f 2125 2135 2134
f 2134 2135 2144
f 2134 2144 2143
f 2143 2144 2153
f 2143 2153 2152
f 2152 2153 2162
f 2152 2162 2161
f 2161 2162 2171
f 2161 2171 2170
f 2170 2171 2180
f 2170 2180 2179
f 2179 2180 2189
f 2179 2189 2188
f 2188 2189 2198
f 2188 2198 2197
f 2197 2198 2207
f 2197 2207 2206
f 2206 2207 2216
f 2206 2216 2215
f 2215 2216 2225
f 2215 2225 2224
f 2224 2225 2234
f 2224 2234 2233
f 2233 2234 2243
f 2233 2243 2242
f 2242 2243 2252
f 2242 2252 2251
f 2251 2252 2261
f 2251 2261 2260
f 2260 2261 2270
f 2260 2270 2269
f 2269 2270 2279
f 2269 2279 2278
f 2278 2279 2288
f 2278 2288 2287
f 2287 2288 545
f 2287 545 544
f 440 441 2082
f 440 2082 2081
f 2081 2082 2091
f 2081 2091 2090
f 2090 2091 2100
f 2090 2100 2099
f 2099 2100 2109
f 2099 2109 2108
f 2108 2109 2118
f 2108 2118 2117
f 2117 2118 2127
f 2117 2127 2126
f 2126 2127 2136
f 2126 2136 2135
f 2135 2136 2145
f 2135 2145 2144
f 2144 2145 2154
f 2144 2154 2153
f 2153 2154 2163
f 2153 2163 2162
f 2162 2163 2172
f 2162 2172 2171
f 2171 2172 2181
f 2171 2181 2180
f 2180 2181 2190
f 2180 2190 2189
f 2189 2190 2199
f 2189 2199 2198
f 2198 2199 2208
f 2198 2208 2207
f 2207 2208 2217
f 2207 2217 2216
f 2216 2217 2226
f 2216 2226 2225
f 2225 2226 2235
f 2225 2235 2234
f 2234 2235 2244
f 2234 2244 2243
f 2243 2244 2253
f 2243 2253 2252
f 2252 2253 2262
f 2252 2262 2261
f 2261 2262 2271
f 2261 2271 2270
f 2270 2271 2280
f 2270 2280 2279
f 2279 2280 2289
f 2279 2289 2288
f 2288 2289 546
f 2288 546 545
f 441 442 2083
f 441 2083 2082
f 2082 2083 2092
f 2082 2092 2091
f 2091 2092 2101
f 2091 2101 2100
f 2100 2101 2110
f 2100 2110 2109
f 2109 2110 2119
f 2109 2119 2118
f 2118 2119 2128
f 2118 2128 2127
f 2127 2128 2137
f 2127 2137 2136
f 2136 2137 2146
f 2136 2146 2145
f 2145 2146 2155
f 2145 2155 2154
f 2154 2155 2164
f 2154 2164 2163
f 2163 2164 2173
f 2163 2173 2172
f 2172 2173 2182
f 2172 2182 2181
f 2181 2182 2191
f 2181 2191 2190
f 2190 2191 2200
f 2190 2200 2199
f 2199 2200 2209
f 2199 2209 2208
f 2208 2209 2218
f 2208 2218 2217
f 2217 2218 2227
f 2217 2227 2226
f 2226 2227 2236
f 2226 2236 2235
f 2235 2236 2245
f 2235 2245 2244
f 2244 2245 2254
f 2244 2254 2253
f 2253 2254 2263
f 2253 2263 2262
f 2262 2263 2272
f 2262 2272 2271
f 2271 2272 2281
f 2271 2281 2280
f 2280 2281 2290
f 2280 2290 2289
f 2289 2290 547
f 2289 547 546
f 442 443 2084
f 442 2084 2083
f 2083 2084 2093
f 2083 2093 2092
f 2092 2093 2102
f 2092 2102 2101
f 2101 2102 2111
f 2101 2111 2110
f 2110 2111 2120
f 2110 2120 2119
f 2119 2120 2129
f 2119 2129 2128
f 2128 2129 2138
f 2128 2138 2137
f 2137 2138 2147
f 2137 2147 2146
f 2146 2147 2156
f 2146 2156 2155
f 2155 2156 2165
f 2155 2165 2164
f 2164 2165 2174
f 2164 2174 2173
f 2173 2174 2183
f 2173 2183 2182
f 2182 2183 2192
f 2182 2192 2191
f 2191 2192 2201
f 2191 2201 2200
f 2200 2201 2210
f 2200 2210 2209
f 2209 2210 2219
f 2209 2219 2218
f 2218 2219 2228
f 2218 2228 2227
f 2227 2228 2237
f 2227 2237 2236
f 2236 2237 2246
f 2236 2246 2245
f 2245 2246 2255
f 2245 2255 2254
f 2254 2255 2264
f 2254 2264 2263
f 2263 2264 2273
f 2263 2273 2272
f 2272 2273 2282
f 2272 2282 2281
f 2281 2282 2291
f 2281 2291 2290
f 2290 2291 548
f 2290 548 547
f 443 18 263
f 443 263 2084
f 2084 263 262
f 2084 262 2093
f 2093 262 261
f 2093 261 2102
f 2102 261 260
f 2102 260 2111
f 2111 260 259
f 2111 259 2120
f 2120 259 258
f 2120 258 2129
f 2129 258 257
f 2129 257 2138
f 2138 257 256
f 2138 256 2147
f 2147 256 255
f 2147 255 2156
f 2156 255 254
f 2156 254 2165
f 2165 254 253
f 2165 253 2174
f 2174 253 252
f 2174 252 2183
f 2183 252 251
f 2183 251 2192
f 2192 251 250
f 2192 250 2201
f 2201 250 249
f 2201 249 2210
f 2210 249 248
f 2210 248 2219
f 2219 248 247
f 2219 247 2228
f 2228 247 246
f 2228 246 2237
f 2237 246 245
f 2237 245 2246
f 2246 245 244
f 2246 244 2255
f 2255 244 243
f 2255 243 2264
f 2264 243 242
f 2264 242 2273
f 2273 242 241
f 2273 241 2282
f 2282 241 240
f 2282 240 2291
f 2291 240 20
f 2291 20 548
f 7 183 2292
f 7 2292 168
f 168 2292 2299
f 168 2299 169
f 169 2299 2306
f 169 2306 170
f 170 2306 2313
f 170 2313 171
f 171 2313 2320
f 171 2320 172
f 172 2320 2327
f 172 2327 173
f 173 2327 2334
f 173 2334 174
f 174 2334 2341
f 174 2341 175
f 175 2341 99
f 175 99 17
f 183 184 2293
f 183 2293 2292
f 2292 2293 2300
f 2292 2300 2299
f 2299 2300 2307
f 2299 2307 2306
f 2306 2307 2314
f 2306 2314 2313
f 2313 2314 2321
f 2313 2321 2320
f 2320 2321 2328
f 2320 2328 2327
f 2327 2328 2335
f 2327 2335 2334
f 2334 2335 2342
f 2334 2342 2341
f 2341 2342 98
f 2341 98 99
f 184 185 2294
f 184 2294 2293
f 2293 2294 2301
f 2293 2301 2300
f 2300 2301 2308
f 2300 2308 2307
f 2307 2308 2315
f 2307 2315 2314
f 2314 2315 2322
f 2314 2322 2321
f 2321 2322 2329
f 2321 2329 2328
f 2328 2329 2336
f 2328 2336 2335
f 2335 2336 2343
f 2335 2343 2342
f 2342 2343 97
f 2342 97 98
f 185 186 2295
f 185 2295 2294
f 2294 2295 2302
f 2294 2302 2301
f 2301 2302 2309
f 2301 2309 2308
f 2308 2309 2316
f 2308 2316 2315
f 2315 2316 2323
f 2315 2323 2322
f 2322 2323 2330
f 2322 2330 2329
f 2329 2330 2337
f 2329 2337 2336
f 2336 2337 2344
f 2336 2344 2343
f 2343 2344 96
f 2343 96 97
f 186 187 2296
f 186 2296 2295
f 2295 2296 2303
f 2295 2303 2302
f 2302 2303 2310
f 2302 2310 2309
f 2309 2310 2317
f 2309 2317 2316
f 2316 2317 2324
f 2316 2324 2323
f 2323 2324 2331
f 2323 2331 2330
f 2330 2331 2338
f 2330 2338 2337
f 2337 2338 2345
f 2337 2345 2344
f 2344 2345 95
f 2344 95 96
f 187 188 2297
f 187 2297 2296
f 2296 2297 2304
f 2296 2304 2303
f 2303 2304 2311
f 2303 2311 2310
f 2310 2311 2318
f 2310 2318 2317
f 2317 2318 2325
f 2317 2325 2324
f 2324 2325 2332
f 2324 2332 2331
f 2331 2332 2339
f 2331 2339 2338
f 2338 2339 2346
f 2338 2346 2345
f 2345 2346 94
f 2345 94 95
f 188 189 2298
f 188 2298 2297
f 2297 2298 2305
f 2297 2305 2304
f 2304 2305 2312
f 2304 2312 2311
f 2311 2312 2319
f 2311 2319 2318
f 2318 2319 2326
f 2318 2326 2325
f 2325 2326 2333
f 2325 2333 2332
f 2332 2333 2340
f 2332 2340 2339
f 2339 2340 2347
f 2339 2347 2346
f 2346 2347 93
f 2346 93 94
f 189 12 108
f 189 108 2298
f 2298 108 109
f 2298 109 2305
f 2305 109 110
f 2305 110 2312
f 2312 110 111
f 2312 111 2319
f 2319 111 112
f 2319 112 2326
f 2326 112 113
f 2326 113 2333
f 2333 113 114
f 2333 114 2340
f 2340 114 115
f 2340 115 2347
f 2347 115 18
f 2347 18 93
f 7 369 2348
f 7 2348 183
f 183 2348 2358
f 183 2358 184
f 184 2358 2368
f 184 2368 185
f 185 2368 2378
f 185 2378 186
f 186 2378 2388
f 186 2388 187
f 187 2388 2398
f 187 2398 188
f 188 2398 2408
f 188 2408 189
f 189 2408 311
f 189 311 12
f 369 370 2349
f 369 2349 2348
f 2348 2349 2359
f 2348 2359 2358
f 2358 2359 2369
f 2358 2369 2368
f 2368 2369 2379
f 2368 2379 2378
f 2378 2379 2389
f 2378 2389 2388
f 2388 2389 2399
f 2388 2399 2398
f 2398 2399 2409
f 2398 2409 2408
f 2408 2409 312
f 2408 312 311
f 370 371 2350
f 370 2350 2349
f 2349 2350 2360
f 2349 2360 2359
f 2359 2360 2370
f 2359 2370 2369
f 2369 2370 2380
f 2369 2380 2379
f 2379 2380 2390
f 2379 2390 2389
f 2389 2390 2400
f 2389 2400 2399
f 2399 2400 2410
f 2399 2410 2409
f 2409 2410 313
f 2409 313 312
f 371 372 2351
f 371 2351 2350
f 2350 2351 2361
f 2350 2361 2360
f 2360 2361 2371
f 2360 2371 2370
f 2370 2371 2381
f 2370 2381 2380
f 2380 2381 2391
f 2380 2391 2390
f 2390 2391 2401
f 2390 2401 2400
f 2400 2401 2411
f 2400 2411 2410
f 2410 2411 314
f 2410 314 313
f 372 373 2352
f 372 2352 2351
f 2351 2352 2362
f 2351 2362 2361
f 2361 2362 2372
f 2361 2372 2371
f 2371 2372 2382
f 2371 2382 2381
f 2381 2382 2392
f 2381 2392 2391
f 2391 2392 2402
f 2391 2402 2401
f 2401 2402 2412
f 2401 2412 2411
f 2411 2412 315
f 2411 315 314
f 373 374 2353
f 373 2353 2352
f 2352 2353 2363
f 2352 2363 2362
f 2362 2363 2373
f 2362 2373 2372
f 2372 2373 2383
f 2372 2383 2382
f 2382 2383 2393
f 2382 2393 2392
f 2392 2393 2403
f 2392 2403 2402
f 2402 2403 2413
f 2402 2413 2412
f 2412 2413 316
f 2412 316 315
f 374 375 2354
f 374 2354 2353
f 2353 2354 2364
f 2353 2364 2363
f 2363 2364 2374
f 2363 2374 2373
f 2373 2374 2384
f 2373 2384 2383
f 2383 2384 2394
f 2383 2394 2393
f 2393 2394 2404
f 2393 2404 2403
f 2403 2404 2414
f 2403 2414 2413
f 2413 2414 317
f 2413 317 316
f 375 376 2355
f 375 2355 2354
f 2354 2355 2365
f 2354 2365 2364
f 2364 2365 2375
f 2364 2375 2374
f 2374 2375 2385
f 2374 2385 2384
f 2384 2385 2395
f 2384 2395 2394
f 2394 2395 2405
f 2394 2405 2404
f 2404 2405 2415
f 2404 2415 2414
f 2414 2415 318
f 2414 318 317
f 376 377 2356
f 376 2356 2355
f 2355 2356 2366
f 2355 2366 2365
f 2365 2366 2376
f 2365 2376 2375
f 2375 2376 2386
f 2375 2386 2385
f 2385 2386 2396
f 2385 2396 2395
f 2395 2396 2406
f 2395 2406 2405
f 2405 2406 2416
f 2405 2416 2415
f 2415 2416 319
f 2415 319 318
f 377 378 2357
f 377 2357 2356
f 2356 2357 2367
f 2356 2367 2366
f 2366 2367 2377
f 2366 2377 2376
f 2376 2377 2387
f 2376 2387 2386
f 2386 2387 2397
f 2386 2397 2396
f 2396 2397 2407
f 2396 2407 2406
f 2406 2407 2417
f 2406 2417 2416
f 2416 2417 320
f 2416 320 319
f 378 10 233
f 378 233 2357
f 2357 233 234
f 2357 234 2367
f 2367 234 235
f 2367 235 2377
f 2377 235 236
f 2377 236 2387
f 2387 236 237
f 2387 237 2397
f 2397 237 238
f 2397 238 2407
f 2407 238 239
f 2407 239 2417
f 2417 239 13
f 2417 13 320
f 7 168 2418
f 7 2418 502
f 502 2418 2426
f 502 2426 501
f 501 2426 2434
f 501 2434 500
f 500 2434 2442
f 500 2442 499
f 499 2442 2450
f 499 2450 498
f 498 2450 2458
f 498 2458 497
f 497 2458 2466
f 497 2466 496
f 496 2466 2474
f 496 2474 495
f 495 2474 2482
f 495 2482 494
f 494 2482 2490
f 494 2490 493
f 493 2490 2498
f 493 2498 492
f 492 2498 2506
f 492 2506 491
f 491 2506 2514
f 491 2514 490
f 490 2514 2522
f 490 2522 489
f 489 2522 2530
f 489 2530 488
f 488 2530 2538
f 488 2538 487
f 487 2538 2546
f 487 2546 486
f 486 2546 2554
f 486 2554 485
f 485 2554 2562
f 485 2562 484
f 484 2562 303
f 484 303 8
f 168 169 2419
f 168 2419 2418
f 2418 2419 2427
f 2418 2427 2426
f 2426 2427 2435
f 2426 2435 2434
f 2434 2435 2443
f 2434 2443 2442
f 2442 2443 2451
f 2442 2451 2450
f 2450 2451 2459
f 2450 2459 2458
f 2458 2459 2467
f 2458 2467 2466
f 2466 2467 2475
f 2466 2475 2474
f 2474 2475 2483
f 2474 2483 2482
f 2482 2483 2491
f 2482 2491 2490
f 2490 2491 2499
f 2490 2499 2498
f 2498 2499 2507
f 2498 2507 2506
f 2506 2507 2515
f 2506 2515 2514
f 2514 2515 2523
f 2514 2523 2522
f 2522 2523 2531
f 2522 2531 2530
f 2530 2531 2539
f 2530 2539 2538
f 2538 2539 2547
f 2538 2547 2546
f 2546 2547 2555
f 2546 2555 2554
f 2554 2555 2563
f 2554 2563 2562
f 2562 2563 304
f 2562 304 303
f 169 170 2420
f 169 2420 2419
f 2419 2420 2428
f 2419 2428 2427
f 2427 2428 2436
f 2427 2436 2435
f 2435 2436 2444
f 2435 2444 2443
f 2443 2444 2452
f 2443 2452 2451
f 2451 2452 2460
f 2451 2460 2459
f 2459 2460 2468
f 2459 2468 2467
f 2467 2468 2476
f 2467 2476 2475
f 2475 2476 2484
f 2475 2484 2483
f 2483 2484 2492
f 2483 2492 2491
f 2491 2492 2500
f 2491 2500 2499
f 2499 2500 2508
f 2499 2508 2507
f 2507 2508 2516
f 2507 2516 2515
f 2515 2516 2524
f 2515 2524 2523
f 2523 2524 2532
f 2523 2532 2531
f 2531 2532 2540
f 2531 2540 2539
f 2539 2540 2548
f 2539 2548 2547
f 2547 2548 2556
f 2547 2556 2555
f 2555 2556 2564
f 2555 2564 2563
f 2563 2564 305
f 2563 305 304
f 170 171 2421
f 170 2421 2420
f 2420 2421 2429
f 2420 2429 2428
f 2428 2429 2437
f 2428 2437 2436
f 2436 2437 2445
f 2436 2445 2444
f 2444 2445 2453
f 2444 2453 2452
f 2452 2453 2461
f 2452 2461 2460
f 2460 2461 2469
f 2460 2469 2468
f 2468 2469 2477
f 2468 2477 2476
f 2476 2477 2485
f 2476 2485 2484
f 2484 2485 2493
f 2484 2493 2492
f 2492 2493 2501
f 2492 2501 2500
f 2500 2501 2509
f 2500 2509 2508
f 2508 2509 2517
f 2508 2517 2516
f 2516 2517 2525
f 2516 2525 2524
f 2524 2525 2533
f 2524 2533 2532
f 2532 2533 2541
f 2532 2541 2540
f 2540 2541 2549
f 2540 2549 2548
f 2548 2549 2557
f 2548 2557 2556
f 2556 2557 2565
f 2556 2565 2564
f 2564 2565 306
f 2564 306 305
f 171 172 2422
f 171 2422 2421
f 2421 2422 2430
f 2421 2430 2429
f 2429 2430 2438
f 2429 2438 2437
f 2437 2438 2446
f 2437 2446 2445
f 2445 2446 2454
f 2445 2454 2453
f 2453 2454 2462
f 2453 2462 2461
f 2461 2462 2470
f 2461 2470 2469
f 2469 2470 2478
f 2469 2478 2477
f 2477 2478 2486
f 2477 2486 2485
f 2485 2486 2494
f 2485 2494 2493
f 2493 2494 2502
f 2493 2502 2501
f 2501 2502 2510
f 2501 2510 2509
f 2509 2510 2518
f 2509 2518 2517
f 2517 2518 2526
f 2517 2526 2525
f 2525 2526 2534
f 2525 2534 2533
f 2533 2534 2542
f 2533 2542 2541
f 2541 2542 2550
f 2541 2550 2549
f 2549 2550 2558
f 2549 2558 2557
f 2557 2558 2566
f 2557 2566 2565
f 2565 2566 307
f 2565 307 306
f 172 173 2423
f 172 2423 2422
f 2422 2423 2431
f 2422 2431 2430
f 2430 2431 2439
f 2430 2439 2438
f 2438 2439 2447
f 2438 2447 2446
f 2446 2447 2455
f 2446 2455 2454
f 2454 2455 2463
f 2454 2463 2462
f 2462 2463 2471
f 2462 2471 2470
f 2470 2471 2479
f 2470 2479 2478
f 2478 2479 2487
f 2478 2487 2486
f 2486 2487 2495
f 2486 2495 2494
f 2494 2495 2503
f 2494 2503 2502
f 2502 2503 2511
f 2502 2511 2510
f 2510 2511 2519
f 2510 2519 2518
f 2518 2519 2527
f 2518 2527 2526
f 2526 2527 2535
f 2526 2535 2534
f 2534 2535 2543
f 2534 2543 2542
f 2542 2543 2551
f 2542 2551 2550
f 2550 2551 2559
f 2550 2559 2558
f 2558 2559 2567
f 2558 2567 2566
f 2566 2567 308
f 2566 308 307
f 173 174 2424
f 173 2424 2423
f 2423 2424 2432
f 2423 2432 2431
f 2431 2432 2440
f 2431 2440 2439
f 2439 2440 2448
f 2439 2448 2447
f 2447 2448 2456
f 2447 2456 2455
f 2455 2456 2464
f 2455 2464 2463
f 2463 2464 2472
f 2463 2472 2471
f 2471 2472 2480
f 2471 2480 2479
f 2479 2480 2488
f 2479 2488 2487
f 2487 2488 2496
f 2487 2496 2495
f 2495 2496 2504
f 2495 2504 2503
f 2503 2504 2512
f 2503 2512 2511
f 2511 2512 2520
f 2511 2520 2519
f 2519 2520 2528
f 2519 2528 2527
f 2527 2528 2536
f 2527 2536 2535
f 2535 2536 2544
f 2535 2544 2543
f 2543 2544 2552
f 2543 2552 2551
f 2551 2552 2560
f 2551 2560 2559
f 2559 2560 2568
f 2559 2568 2567
f 2567 2568 309
f 2567 309 308
f 174 175 2425
f 174 2425 2424
f 2424 2425 2433
f 2424 2433 2432
f 2432 2433 2441
f 2432 2441 2440
f 2440 2441 2449
f 2440 2449 2448
f 2448 2449 2457
f 2448 2457 2456
f 2456 2457 2465
f 2456 2465 2464
f 2464 2465 2473
f 2464 2473 2472
f 2472 2473 2481
f 2472 2481 2480
f 2480 2481 2489
f 2480 2489 2488
f 2488 2489 2497
f 2488 2497 2496
f 2496 2497 2505
f 2496 2505 2504
f 2504 2505 2513
f 2504 2513 2512
f 2512 2513 2521
f 2512 2521 2520
f 2520 2521 2529
f 2520 2529 2528
f 2528 2529 2537
f 2528 2537 2536
f 2536 2537 2545
f 2536 2545 2544
f 2544 2545 2553
f 2544 2553 2552
f 2552 2553 2561
f 2552 2561 2560
f 2560 2561 2569
f 2560 2569 2568
f 2568 2569 310
f 2568 310 309
f 175 17 216
f 175 216 2425
f 2425 216 215
f 2425 215 2433
f 2433 215 214
f 2433 214 2441
f 2441 214 213
f 2441 213 2449
f 2449 213 212
f 2449 212 2457
f 2457 212 211
f 2457 211 2465
f 2465 211 210
f 2465 210 2473
f 2473 210 209
f 2473 209 2481
f 2481 209 208
f 2481 208 2489
f 2489 208 207
f 2489 207 2497
f 2497 207 206
f 2497 206 2505
f 2505 206 205
f 2505 205 2513
f 2513 205 204
f 2513 204 2521
f 2521 204 203
f 2521 203 2529
f 2529 203 202
f 2529 202 2537
f 2537 202 201
f 2537 201 2545
f 2545 201 200
f 2545 200 2553
f 2553 200 199
f 2553 199 2561
f 2561 199 198
f 2561 198 2569
f 2569 198 19
f 2569 19 310
f 12 279 2570
f 12 2570 108
f 108 2570 2594
f 108 2594 109
f 109 2594 2618
f 109 2618 110
f 110 2618 2642
f 110 2642 111
f 111 2642 2666
f 111 2666 112
f 112 2666 2690
f 112 2690 113
f 113 2690 2714
f 113 2714 114
f 114 2714 2738
f 114 2738 115
f 115 2738 263
f 115 263 18
f 279 280 2571
f 279 2571 2570
f 2570 2571 2595
f 2570 2595 2594
f 2594 2595 2619
f 2594 2619 2618
f 2618 2619 2643
f 2618 2643 2642
f 2642 2643 2667
f 2642 2667 2666
f 2666 2667 2691
f 2666 2691 2690
f 2690 2691 2715
f 2690 2715 2714
f 2714 2715 2739
f 2714 2739 2738
f 2738 2739 262
f 2738 262 263
f 280 281 2572
f 280 2572 2571
f 2571 2572 2596
f 2571 2596 2595
f 2595 2596 2620
f 2595 2620 2619
f 2619 2620 2644
f 2619 2644 2643
f 2643 2644 2668
f 2643 2668 2667
f 2667 2668 2692
f 2667 2692 2691
f 2691 2692 2716
f 2691 2716 2715
f 2715 2716 2740
f 2715 2740 2739
f 2739 2740 261
f 2739 261 262
f 281 282 2573
f 281 2573 2572
f 2572 2573 2597
f 2572 2597 2596
f 2596 2597 2621
f 2596 2621 2620
f 2620 2621 2645
f 2620 2645 2644
f 2644 2645 2669
f 2644 2669 2668
f 2668 2669 2693
f 2668 2693 2692
f 2692 2693 2717
f 2692 2717 2716
f 2716 2717 2741
f 2716 2741 2740
f 2740 2741 260
f 2740 260 261
f 282 283 2574
f 282 2574 2573
f 2573 2574 2598
f 2573 2598 2597
f 2597 2598 2622
f 2597 2622 2621
f 2621 2622 2646
f 2621 2646 2645
f 2645 2646 2670
f 2645 2670 2669
f 2669 2670 2694
f 2669 2694 2693
f 2693 2694 2718
f 2693 2718 2717
f 2717 2718 2742
f 2717 2742 2741
f 2741 2742 259
f 2741 259 260
f 283 284 2575
f 283 2575 2574
f 2574 2575 2599
f 2574 2599 2598
f 2598 2599 2623
f 2598 2623 2622
f 2622 2623 2647
f 2622 2647 2646
f 2646 2647 2671
f 2646 2671 2670
f 2670 2671 2695
f 2670 2695 2694
f 2694 2695 2719
f 2694 2719 2718
f 2718 2719 2743
f 2718 2743 2742
f 2742 2743 258
f 2742 258 259
f 284 285 2576
f 284 2576 2575
f 2575 2576 2600
f 2575 2600 2599
f 2599 2600 2624
f 2599 2624 2623
f 2623 2624 2648
f 2623 2648 2647
f 2647 2648 2672
f 2647 2672 2671
f 2671 2672 2696
f 2671 2696 2695
f 2695 2696 2720
f 2695 2720 2719
f 2719 2720 2744
f 2719 2744 2743
f 2743 2744 257
f 2743 257 258
f 285 286 2577
f 285 2577 2576
f 2576 2577 2601
f 2576 2601 2600
f 2600 2601 2625
f 2600 2625 2624
f 2624 2625 2649
f 2624 2649 2648
f 2648 2649 2673
f 2648 2673 2672
f 2672 2673 2697
f 2672 2697 2696
f 2696 2697 2721
f 2696 2721 2720
f 2720 2721 2745
f 2720 2745 2744
f 2744 2745 256
f 2744 256 257
f 286 287 2578
f 286 2578 2577
f 2577 2578 2602
f 2577 2602 2601
f 2601 2602 2626
f 2601 2626 2625
f 2625 2626 2650
f 2625 2650 2649
f 2649 2650 2674
f 2649 2674 2673
f 2673 2674 2698
f 2673 2698 2697
f 2697 2698 2722
f 2697 2722 2721
f 2721 2722 2746
f 2721 2746 2745
f 2745 2746 255
f 2745 255 256
f 287 288 2579
f 287 2579 2578
f 2578 2579 2603
f 2578 2603 2602
f 2602 2603 2627
f 2602 2627 2626
f 2626 2627 2651
f 2626 2651 2650
f 2650 2651 2675
f 2650 2675 2674
f 2674 2675 2699
f 2674 2699 2698
f 2698 2699 2723
f 2698 2723 2722
f 2722 2723 2747
f 2722 2747 2746
f 2746 2747 254
f 2746 254 255
f 288 289 2580
f 288 2580 2579
f 2579 2580 2604
f 2579 2604 2603
f 2603 2604 2628
f 2603 2628 2627
f 2627 2628 2652
f 2627 2652 2651
f 2651 2652 2676
f 2651 2676 2675
f 2675 2676 2700
f 2675 2700 2699
f 2699 2700 2724
f 2699 2724 2723
f 2723 2724 2748
f 2723 2748 2747
f 2747 2748 253
f 2747 253 254
f 289 290 2581
f 289 2581 2580
f 2580 2581 2605
f 2580 2605 2604
f 2604 2605 2629
f 2604 2629 2628
f 2628 2629 2653
f 2628 2653 2652
f 2652 2653 2677
f 2652 2677 2676
f 2676 2677 2701
f 2676 2701 2700
f 2700 2701 2725
f 2700 2725 2724
f 2724 2725 2749
f 2724 2749 2748
f 2748 2749 252
f 2748 252 253
f 290 291 2582
f 290 2582 2581
f 2581 2582 2606
f 2581 2606 2605
f 2605 2606 2630
f 2605 2630 2629
f 2629 2630 2654
f 2629 2654 2653
f 2653 2654 2678
f 2653 2678 2677
f 2677 2678 2702
f 2677 2702 2701
f 2701 2702 2726
f 2701 2726 2725
f 2725 2726 2750
f 2725 2750 2749
f 2749 2750 251
f 2749 251 252
f 291 292 2583
f 291 2583 2582
f 2582 2583 2607
f 2582 2607 2606
f 2606 2607 2631
f 2606 2631 2630
f 2630 2631 2655
f 2630 2655 2654
f 2654 2655 2679
f 2654 2679 2678
f 2678 2679 2703
f 2678 2703 2702
f 2702 2703 2727
f 2702 2727 2726
f 2726 2727 2751
f 2726 2751 2750
f 2750 2751 250
f 2750 250 251
f 292 293 2584
f 292 2584 2583
f 2583 2584 2608
f 2583 2608 2607
f 2607 2608 2632
f 2607 2632 2631
f 2631 2632 2656
f 2631 2656 2655
f 2655 2656 2680
f 2655 2680 2679
f 2679 2680 2704
f 2679 2704 2703
f 2703 2704 2728
f 2703 2728 2727
f 2727 2728 2752
f 2727 2752 2751
f 2751 2752 249
f 2751 249 250
f 293 294 2585
f 293 2585 2584
f 2584 2585 2609
f 2584 2609 2608
f 2608 2609 2633
f 2608 2633 2632
f 2632 2633 2657
f 2632 2657 2656
f 2656 2657 2681
f 2656 2681 2680
f 2680 2681 2705
f 2680 2705 2704
f 2704 2705 2729
f 2704 2729 2728
f 2728 2729 2753
f 2728 2753 2752
f 2752 2753 248
f 2752 248 249
f 294 295 2586
f 294 2586 2585
f 2585 2586 2610
f 2585 2610 2609
f 2609 2610 2634
f 2609 2634 2633
f 2633 2634 2658
f 2633 2658 2657
f 2657 2658 2682
f 2657 2682 2681
f 2681 2682 2706
f 2681 2706 2705
f 2705 2706 2730
f 2705 2730 2729
f 2729 2730 2754
f 2729 2754 2753
f 2753 2754 247
f 2753 247 248
f 295 296 2587
f 295 2587 2586
f 2586 2587 2611
f 2586 2611 2610
f 2610 2611 2635
f 2610 2635 2634
f 2634 2635 2659
f 2634 2659 2658
f 2658 2659 2683
f 2658 2683 2682
f 2682 2683 2707
f 2682 2707 2706
f 2706 2707 2731
f 2706 2731 2730
f 2730 2731 2755
f 2730 2755 2754
f 2754 2755 246
f 2754 246 247
f 296 297 2588
f 296 2588 2587
f 2587 2588 2612
f 2587 2612 2611
f 2611 2612 2636
f 2611 2636 2635
f 2635 2636 2660
f 2635 2660 2659
f 2659 2660 2684
f 2659 2684 2683
f 2683 2684 2708
f 2683 2708 2707
f 2707 2708 2732
f 2707 2732 2731
f 2731 2732 2756
f 2731 2756 2755
f 2755 2756 245
f 2755 245 246
f 297 298 2589
f 297 2589 2588
f 2588 2589 2613
f 2588 2613 2612
f 2612 2613 2637
f 2612 2637 2636
f 2636 2637 2661
f 2636 2661 2660
f 2660 2661 2685
f 2660 2685 2684
f 2684 2685 2709
f 2684 2709 2708
f 2708 2709 2733
f 2708 2733 2732
f 2732 2733 2757
f 2732 2757 2756
f 2756 2757 244
f 2756 244 245
f 298 299 2590
f 298 2590 2589
f 2589 2590 2614
f 2589 2614 2613
f 2613 2614 2638
f 2613 2638 2637
f 2637 2638 2662
f 2637 2662 2661
f 2661 2662 2686
f 2661 2686 2685
f 2685 2686 2710
f 2685 2710 2709
f 2709 2710 2734
f 2709 2734 2733
f 2733 2734 2758
f 2733 2758 2757
f 2757 2758 243
f 2757 243 244
f 299 300 2591
f 299 2591 2590
f 2590 2591 2615
f 2590 2615 2614
f 2614 2615 2639
f 2614 2639 2638
f 2638 2639 2663
f 2638 2663 2662
f 2662 2663 2687
f 2662 2687 2686
f 2686 2687 2711
f 2686 2711 2710
f 2710 2711 2735
f 2710 2735 2734
f 2734 2735 2759
f 2734 2759 2758
f 2758 2759 242
f 2758 242 243
f 300 301 2592
f 300 2592 2591
f 2591 2592 2616
f 2591 2616 2615
f 2615 2616 2640
f 2615 2640 2639
f 2639 2640 2664
f 2639 2664 2663
f 2663 2664 2688
f 2663 2688 2687
f 2687 2688 2712
f 2687 2712 2711
f 2711 2712 2736
f 2711 2736 2735
f 2735 2736 2760
f 2735 2760 2759
f 2759 2760 241
f 2759 241 242
f 301 302 2593
f 301 2593 2592
f 2592 2593 2617
f 2592 2617 2616
f 2616 2617 2641
f 2616 2641 2640
f 2640 2641 2665
f 2640 2665 2664
f 2664 2665 2689
f 2664 2689 2688
f 2688 2689 2713
f 2688 2713 2712
f 2712 2713 2737
f 2712 2737 2736
f 2736 2737 2761
f 2736 2761 2760
f 2760 2761 240
f 2760 240 241
f 302 15 100
f 302 100 2593
f 2593 100 101
f 2593 101 2617
f 2617 101 102
f 2617 102 2641
f 2641 102 103
f 2641 103 2665
f 2665 103 104
f 2665 104 2689
f 2689 104 105
f 2689 105 2713
f 2713 105 106
f 2713 106 2737
f 2737 106 107
f 2737 107 2761
f 2761 107 20
f 2761 20 240
f 21 892 2762
f 21 2762 823
f 823 2762 2769
f 823 2769 822
f 822 2769 2776
f 822 2776 821
f 821 2776 2783
f 821 2783 820
f 820 2783 2790
f 820 2790 819
f 819 2790 2797
f 819 2797 818
f 818 2797 2804
f 818 2804 817
f 817 2804 2811
f 817 2811 816
f 816 2811 899
f 816 899 11
f 892 891 2763
f 892 2763 2762
f 2762 2763 2770
f 2762 2770 2769
f 2769 2770 2777
f 2769 2777 2776
f 2776 2777 2784
f 2776 2784 2783
f 2783 2784 2791
f 2783 2791 2790
f 2790 2791 2798
f 2790 2798 2797
f 2797 2798 2805
f 2797 2805 2804
f 2804 2805 2812
f 2804 2812 2811
f 2811 2812 898
f 2811 898 899
f 891 890 2764
f 891 2764 2763
f 2763 2764 2771
f 2763 2771 2770
f 2770 2771 2778
f 2770 2778 2777
f 2777 2778 2785
f 2777 2785 2784
f 2784 2785 2792
f 2784 2792 2791
f 2791 2792 2799
f 2791 2799 2798
f 2798 2799 2806
f 2798 2806 2805
f 2805 2806 2813
f 2805 2813 2812
f 2812 2813 897
f 2812 897 898
f 890 889 2765
f 890 2765 2764
f 2764 2765 2772
f 2764 2772 2771
f 2771 2772 2779
f 2771 2779 2778
f 2778 2779 2786
f 2778 2786 2785
f 2785 2786 2793
f 2785 2793 2792
f 2792 2793 2800
f 2792 2800 2799
f 2799 2800 2807
f 2799 2807 2806
f 2806 2807 2814
f 2806 2814 2813
f 2813 2814 896
f 2813 896 897
f 889 888 2766
f 889 2766 2765
f 2765 2766 2773
f 2765 2773 2772
f 2772 2773 2780
f 2772 2780 2779
f 2779 2780 2787
f 2779 2787 2786
f 2786 2787 2794
f 2786 2794 2793
f 2793 2794 2801
f 2793 2801 2800
f 2800 2801 2808
f 2800 2808 2807
f 2807 2808 2815
f 2807 2815 2814
f 2814 2815 895
f 2814 895 896
f 888 887 2767
f 888 2767 2766
f 2766 2767 2774
f 2766 2774 2773
f 2773 2774 2781
f 2773 2781 2780
f 2780 2781 2788
f 2780 2788 2787
f 2787 2788 2795
f 2787 2795 2794
f 2794 2795 2802
f 2794 2802 2801
f 2801 2802 2809
f 2801 2809 2808
f 2808 2809 2816
f 2808 2816 2815
f 2815 2816 894
f 2815 894 895
f 887 886 2768
f 887 2768 2767
f 2767 2768 2775
f 2767 2775 2774
f 2774 2775 2782
f 2774 2782 2781
f 2781 2782 2789
f 2781 2789 2788
f 2788 2789 2796
f 2788 2796 2795
f 2795 2796 2803
f 2795 2803 2802
f 2802 2803 2810
f 2802 2810 2809
f 2809 2810 2817
f 2809 2817 2816
f 2816 2817 893
f 2816 893 894
f 886 22 885
f 886 885 2768
f 2768 885 884
f 2768 884 2775
f 2775 884 883
f 2775 883 2782
f 2782 883 882
f 2782 882 2789
f 2789 882 881
f 2789 881 2796
f 2796 881 880
f 2796 880 2803
f 2803 880 879
f 2803 879 2810
f 2810 879 878
f 2810 878 2817
f 2817 878 9
f 2817 9 893
f 21 684 2818
f 21 2818 892
f 892 2818 2835
f 892 2835 891
f 891 2835 2852
f 891 2852 890
f 890 2852 2869
f 890 2869 889
f 889 2869 2886
f 889 2886 888
f 888 2886 2903
f 888 2903 887
f 887 2903 2920
f 887 2920 886
f 886 2920 777
f 886 777 22
f 684 685 2819
f 684 2819 2818
f 2818 2819 2836
f 2818 2836 2835
f 2835 2836 2853
f 2835 2853 2852
f 2852 2853 2870
f 2852 2870 2869
f 2869 2870 2887
f 2869 2887 2886
f 2886 2887 2904
f 2886 2904 2903
f 2903 2904 2921
f 2903 2921 2920
f 2920 2921 776
f 2920 776 777
f 685 686 2820
f 685 2820 2819
f 2819 2820 2837
f 2819 2837 2836
f 2836 2837 2854
f 2836 2854 2853
f 2853 2854 2871
f 2853 2871 2870
f 2870 2871 2888
f 2870 2888 2887
f 2887 2888 2905
f 2887 2905 2904
f 2904 2905 2922
f 2904 2922 2921
f 2921 2922 775
f 2921 775 776
f 686 687 2821
f 686 2821 2820
f 2820 2821 2838
f 2820 2838 2837
f 2837 2838 2855
f 2837 2855 2854
f 2854 2855 2872
f 2854 2872 2871
f 2871 2872 2889
f 2871 2889 2888
f 2888 2889 2906
f 2888 2906 2905
f 2905 2906 2923
f 2905 2923 2922
f 2922 2923 774
f 2922 774 775
f 687 688 2822
f 687 2822 2821
f 2821 2822 2839
f 2821 2839 2838
f 2838 2839 2856
f 2838 2856 2855
f 2855 2856 2873
f 2855 2873 2872
f 2872 2873 2890
f 2872 2890 2889
f 2889 2890 2907
f 2889 2907 2906
f 2906 2907 2924
f 2906 2924 2923
f 2923 2924 773
f 2923 773 774
f 688 689 2823
f 688 2823 2822
f 2822 2823 2840
f 2822 2840 2839
f 2839 2840 2857
f 2839 2857 2856
f 2856 2857 2874
f 2856 2874 2873
f 2873 2874 2891
f 2873 2891 2890
f 2890 2891 2908
f 2890 2908 2907
f 2907 2908 2925
f 2907 2925 2924
f 2924 2925 772
f 2924 772 773
f 689 690 2824
f 689 2824 2823
f 2823 2824 2841
f 2823 2841 2840
f 2840 2841 2858
f 2840 2858 2857
f 2857 2858 2875
f 2857 2875 2874
f 2874 2875 2892
f 2874 2892 2891
f 2891 2892 2909
f 2891 2909 2908
f 2908 2909 2926
f 2908 2926 2925
f 2925 2926 771
f 2925 771 772
f 690 691 2825
f 690 2825 2824
f 2824 2825 2842
f 2824 2842 2841
f 2841 2842 2859
f 2841 2859 2858
f 2858 2859 2876
f 2858 2876 2875
f 2875 2876 2893
f 2875 2893 2892
f 2892 2893 2910
f 2892 2910 2909
f 2909 2910 2927
f 2909 2927 2926
f 2926 2927 770
f 2926 770 771
f 691 692 2826
f 691 2826 2825
f 2825 2826 2843
f 2825 2843 2842
f 2842 2843 2860
f 2842 2860 2859
f 2859 2860 2877
f 2859 2877 2876
f 2876 2877 2894
f 2876 2894 2893
f 2893 2894 2911
f 2893 2911 2910
f 2910 2911 2928
f 2910 2928 2927
f 2927 2928 769
f 2927 769 770
f 692 693 2827
f 692 2827 2826
f 2826 2827 2844
f 2826 2844 2843
f 2843 2844 2861
f 2843 2861 2860
f 2860 2861 2878
f 2860 2878 2877
f 2877 2878 2895
f 2877 2895 2894
f 2894 2895 2912
f 2894 2912 2911
f 2911 2912 2929
f 2911 2929 2928
f 2928 2929 768
f 2928 768 769
f 693 694 2828
f 693 2828 2827
f 2827 2828 2845
f 2827 2845 2844
f 2844 2845 2862
f 2844 2862 2861
f 2861 2862 2879
f 2861 2879 2878
f 2878 2879 2896
f 2878 2896 2895
f 2895 2896 2913
f 2895 2913 2912
f 2912 2913 2930
f 2912 2930 2929
f 2929 2930 767
f 2929 767 768
f 694 695 2829
f 694 2829 2828
f 2828 2829 2846
f 2828 2846 2845
f 2845 2846 2863
f 2845 2863 2862
f 2862 2863 2880
f 2862 2880 2879
f 2879 2880 2897
f 2879 2897 2896
f 2896 2897 2914
f 2896 2914 2913
f 2913 2914 2931
f 2913 2931 2930
f 2930 2931 766
f 2930 766 767
f 695 696 2830
f 695 2830 2829
f 2829 2830 2847
f 2829 2847 2846
f 2846 2847 2864
f 2846 2864 2863
f 2863 2864 2881
f 2863 2881 2880
f 2880 2881 2898
f 2880 2898 2897
f 2897 2898 2915
f 2897 2915 2914
f 2914 2915 2932
f 2914 2932 2931
f 2931 2932 765
f 2931 765 766
f 696 697 2831
f 696 2831 2830
f 2830 2831 2848
f 2830 2848 2847
f 2847 2848 2865
f 2847 2865 2864
f 2864 2865 2882
f 2864 2882 2881
f 2881 2882 2899
f 2881 2899 2898
f 2898 2899 2916
f 2898 2916 2915
f 2915 2916 2933
f 2915 2933 2932
f 2932 2933 764
f 2932 764 765
f 697 698 2832
f 697 2832 2831
f 2831 2832 2849
f 2831 2849 2848
f 2848 2849 2866
f 2848 2866 2865
f 2865 2866 2883
f 2865 2883 2882
f 2882 2883 2900
f 2882 2900 2899
f 2899 2900 2917
f 2899 2917 2916
f 2916 2917 2934
f 2916 2934 2933
f 2933 2934 763
f 2933 763 764
f 698 699 2833
f 698 2833 2832
f 2832 2833 2850
f 2832 2850 2849
f 2849 2850 2867
f 2849 2867 2866
f 2866 2867 2884
f 2866 2884 2883
f 2883 2884 2901
f 2883 2901 2900
f 2900 2901 2918
f 2900 2918 2917
f 2917 2918 2935
f 2917 2935 2934
f 2934 2935 762
f 2934 762 763
f 699 700 2834
f 699 2834 2833
f 2833 2834 2851
f 2833 2851 2850
f 2850 2851 2868
f 2850 2868 2867
f 2867 2868 2885
f 2867 2885 2884
f 2884 2885 2902
f 2884 2902 2901
f 2901 2902 2919
f 2901 2919 2918
f 2918 2919 2936
f 2918 2936 2935
f 2935 2936 761
f 2935 761 762
f 700 14 914
f 700 914 2834
f 2834 914 913
f 2834 913 2851
f 2851 913 912
f 2851 912 2868
f 2868 912 911
f 2868 911 2885
f 2885 911 910
f 2885 910 2902
f 2902 910 909
f 2902 909 2919
f 2919 909 908
f 2919 908 2936
f 2936 908 23
f 2936 23 761
f 21 567 2937
f 21 2937 684
f 684 2937 2942
f 684 2942 685
f 685 2942 2947
f 685 2947 686
f 686 2947 2952
f 686 2952 687
f 687 2952 2957
f 687 2957 688
f 688 2957 2962
f 688 2962 689
f 689 2962 2967
f 689 2967 690
f 690 2967 2972
f 690 2972 691
f 691 2972 2977
f 691 2977 692
f 692 2977 2982
f 692 2982 693
f 693 2982 2987
f 693 2987 694
f 694 2987 2992
f 694 2992 695
f 695 2992 2997
f 695 2997 696
f 696 2997 3002
f 696 3002 697
f 697 3002 3007
f 697 3007 698
f 698 3007 3012
f 698 3012 699
f 699 3012 3017
f 699 3017 700
f 700 3017 562
f 700 562 14
f 567 568 2938
f 567 2938 2937
f 2937 2938 2943
f 2937 2943 2942
f 2942 2943 2948
f 2942 2948 2947
f 2947 2948 2953
f 2947 2953 2952
f 2952 2953 2958
f 2952 2958 2957
f 2957 2958 2963
f 2957 2963 2962
f 2962 2963 2968
f 2962 2968 2967
f 2967 2968 2973
f 2967 2973 2972
f 2972 2973 2978
f 2972 2978 2977
f 2977 2978 2983
f 2977 2983 2982
f 2982 2983 2988
f 2982 2988 2987
f 2987 2988 2993
f 2987 2993 2992
f 2992 2993 2998
f 2992 2998 2997
f 2997 2998 3003
f 2997 3003 3002
f 3002 3003 3008
f 3002 3008 3007
f 3007 3008 3013
f 3007 3013 3012
f 3012 3013 3018
f 3012 3018 3017
f 3017 3018 563
f 3017 563 562
f 568 569 2939
f 568 2939 2938
f 2938 2939 2944
f 2938 2944 2943
f 2943 2944 2949
f 2943 2949 2948
f 2948 2949 2954
f 2948 2954 2953
f 2953 2954 2959
f 2953 2959 2958
f 2958 2959 2964
f 2958 2964 2963
f 2963 2964 2969
f 2963 2969 2968
f 2968 2969 2974
f 2968 2974 2973
f 2973 2974 2979
f 2973 2979 2978
f 2978 2979 2984
f 2978 2984 2983
f 2983 2984 2989
f 2983 2989 2988
f 2988 2989 2994
f 2988 2994 2993
f 2993 2994 2999
f 2993 2999 2998
f 2998 2999 3004
f 2998 3004 3003
f 3003 3004 3009
f 3003 3009 3008
f 3008 3009 3014
f 3008 3014 3013
f 3013 3014 3019
f 3013 3019 3018
f 3018 3019 564
f 3018 564 563
f 569 570 2940
f 569 2940 2939
f 2939 2940 2945
f 2939 2945 2944
f 2944 2945 2950
f 2944 2950 2949
f 2949 2950 2955
f 2949 2955 2954
f 2954 2955 2960
f 2954 2960 2959
f 2959 2960 2965
f 2959 2965 2964
f 2964 2965 2970
f 2964 2970 2969
f 2969 2970 2975
f 2969 2975 2974
f 2974 2975 2980
f 2974 2980 2979
f 2979 2980 2985
f 2979 2985 2984
f 2984 2985 2990
f 2984 2990 2989
f 2989 2990 2995
f 2989 2995 2994
f 2994 2995 3000
f 2994 3000 2999
f 2999 3000 3005
f 2999 3005 3004
f 3004 3005 3010
f 3004 3010 3009
f 3009 3010 3015
f 3009 3015 3014
f 3014 3015 3020
f 3014 3020 3019
f 3019 3020 565
f 3019 565 564
f 570 571 2941
f 570 2941 2940
f 2940 2941 2946
f 2940 2946 2945
f 2945 2946 2951
f 2945 2951 2950
f 2950 2951 2956
f 2950 2956 2955
f 2955 2956 2961
f 2955 2961 2960
f 2960 2961 2966
f 2960 2966 2965
f 2965 2966 2971
f 2965 2971 2970
f 2970 2971 2976
f 2970 2976 2975
f 2975 2976 2981
f 2975 2981 2980
f 2980 2981 2986
f 2980 2986 2985
f 2985 2986 2991
f 2985 2991 2990
f 2990 2991 2996
f 2990 2996 2995
f 2995 2996 3001
f 2995 3001 3000
f 3000 3001 3006
f 3000 3006 3005
f 3005 3006 3011
f 3005 3011 3010
f 3010 3011 3016
f 3010 3016 3015
f 3015 3016 3021
f 3015 3021 3020
f 3020 3021 566
f 3020 566 565
f 571 24 444
f 571 444 2941
f 2941 444 445
f 2941 445 2946
f 2946 445 446
f 2946 446 2951
f 2951 446 447
f 2951 447 2956
f 2956 447 448
f 2956 448 2961
f 2961 448 449
f 2961 449 2966
f 2966 449 450
f 2966 450 2971
f 2971 450 451
f 2971 451 2976
f 2976 451 452
f 2976 452 2981
f 2981 452 453
f 2981 453 2986
f 2986 453 454
f 2986 454 2991
f 2991 454 455
f 2991 455 2996
f 2996 455 456
f 2996 456 3001
f 3001 456 457
f 3001 457 3006
f 3006 457 458
f 3006 458 3011
f 3011 458 459
f 3011 459 3016
f 3016 459 460
f 3016 460 3021
f 3021 460 15
f 3021 15 566
f 21 823 3022
f 21 3022 567
f 567 3022 3030
f 567 3030 568
f 568 3030 3038
f 568 3038 569
f 569 3038 3046
f 569 3046 570
f 570 3046 3054
f 570 3054 571
f 571 3054 379
f 571 379 24
f 823 822 3023
f 823 3023 3022
f 3022 3023 3031
f 3022 3031 3030
f 3030 3031 3039
f 3030 3039 3038
f 3038 3039 3047
f 3038 3047 3046
f 3046 3047 3055
f 3046 3055 3054
f 3054 3055 380
f 3054 380 379
f 822 821 3024
f 822 3024 3023
f 3023 3024 3032
f 3023 3032 3031
f 3031 3032 3040
f 3031 3040 3039
f 3039 3040 3048
f 3039 3048 3047
f 3047 3048 3056
f 3047 3056 3055
f 3055 3056 381
f 3055 381 380
f 821 820 3025
f 821 3025 3024
f 3024 3025 3033
f 3024 3033 3032
f 3032 3033 3041
f 3032 3041 3040
f 3040 3041 3049
f 3040 3049 3048
f 3048 3049 3057
f 3048 3057 3056
f 3056 3057 382
f 3056 382 381
f 820 819 3026
f 820 3026 3025
f 3025 3026 3034
f 3025 3034 3033
f 3033 3034 3042
f 3033 3042 3041
f 3041 3042 3050
f 3041 3050 3049
f 3049 3050 3058
f 3049 3058 3057
f 3057 3058 383
f 3057 383 382
f 819 818 3027
f 819 3027 3026
f 3026 3027 3035
f 3026 3035 3034
f 3034 3035 3043
f 3034 3043 3042
f 3042 3043 3051
f 3042 3051 3050
f 3050 3051 3059
f 3050 3059 3058
f 3058 3059 384
f 3058 384 383
f 818 817 3028
f 818 3028 3027
f 3027 3028 3036
f 3027 3036 3035
f 3035 3036 3044
f 3035 3044 3043
f 3043 3044 3052
f 3043 3052 3051
f 3051 3052 3060
f 3051 3060 3059
f 3059 3060 385
f 3059 385 384
f 817 816 3029
f 817 3029 3028
f 3028 3029 3037
f 3028 3037 3036
f 3036 3037 3045
f 3036 3045 3044
f 3044 3045 3053
f 3044 3053 3052
f 3052 3053 3061
f 3052 3061 3060
f 3060 3061 386
f 3060 386 385
f 816 11 521
f 816 521 3029
f 3029 521 522
f 3029 522 3037
f 3037 522 523
f 3037 523 3045
f 3045 523 524
f 3045 524 3053
f 3053 524 525
f 3053 525 3061
f 3061 525 13
f 3061 13 386
f 22 760 3062
f 22 3062 885
f 885 3062 3069
f 885 3069 884
f 884 3069 3076
f 884 3076 883
f 883 3076 3083
f 883 3083 882
f 882 3083 3090
f 882 3090 881
f 881 3090 3097
f 881 3097 880
f 880 3097 3104
f 880 3104 879
f 879 3104 3111
f 879 3111 878
f 878 3111 778
f 878 778 9
f 760 759 3063
f 760 3063 3062
f 3062 3063 3070
f 3062 3070 3069
f 3069 3070 3077
f 3069 3077 3076
f 3076 3077 3084
f 3076 3084 3083
f 3083 3084 3091
f 3083 3091 3090
f 3090 3091 3098
f 3090 3098 3097
f 3097 3098 3105
f 3097 3105 3104
f 3104 3105 3112
f 3104 3112 3111
f 3111 3112 779
f 3111 779 778
f 759 758 3064
f 759 3064 3063
f 3063 3064 3071
f 3063 3071 3070
f 3070 3071 3078
f 3070 3078 3077
f 3077 3078 3085
f 3077 3085 3084
f 3084 3085 3092
f 3084 3092 3091
f 3091 3092 3099
f 3091 3099 3098
f 3098 3099 3106
f 3098 3106 3105
f 3105 3106 3113
f 3105 3113 3112
f 3112 3113 780
f 3112 780 779
f 758 757 3065
f 758 3065 3064
f 3064 3065 3072
f 3064 3072 3071
f 3071 3072 3079
f 3071 3079 3078
f 3078 3079 3086
f 3078 3086 3085
f 3085 3086 3093
f 3085 3093 3092
f 3092 3093 3100
f 3092 3100 3099
f 3099 3100 3107
f 3099 3107 3106
f 3106 3107 3114
f 3106 3114 3113
f 3113 3114 781
f 3113 781 780
f 757 756 3066
f 757 3066 3065
f 3065 3066 3073
f 3065 3073 3072
f 3072 3073 3080
f 3072 3080 3079
f 3079 3080 3087
f 3079 3087 3086
f 3086 3087 3094
f 3086 3094 3093
f 3093 3094 3101
f 3093 3101 3100
f 3100 3101 3108
f 3100 3108 3107
f 3107 3108 3115
f 3107 3115 3114
f 3114 3115 782
f 3114 782 781
f 756 755 3067
f 756 3067 3066
f 3066 3067 3074
f 3066 3074 3073
f 3073 3074 3081
f 3073 3081 3080
f 3080 3081 3088
f 3080 3088 3087
f 3087 3088 3095
f 3087 3095 3094
f 3094 3095 3102
f 3094 3102 3101
f 3101 3102 3109
f 3101 3109 3108
f 3108 3109 3116
f 3108 3116 3115
f 3115 3116 783
f 3115 783 782
f 755 754 3068
f 755 3068 3067
f 3067 3068 3075
f 3067 3075 3074
f 3074 3075 3082
f 3074 3082 3081
f 3081 3082 3089
f 3081 3089 3088
f 3088 3089 3096
f 3088 3096 3095
f 3095 3096 3103
f 3095 3103 3102
f 3102 3103 3110
f 3102 3110 3109
f 3109 3110 3117
f 3109 3117 3116
f 3116 3117 784
f 3116 784 783
f 754 25 676
f 754 676 3068
f 3068 676 677
f 3068 677 3075
f 3075 677 678
f 3075 678 3082
f 3082 678 679
f 3082 679 3089
f 3089 679 680
f 3089 680 3096
f 3096 680 681
f 3096 681 3103
f 3103 681 682
f 3103 682 3110
f 3110 682 683
f 3110 683 3117
f 3117 683 26
f 3117 26 784
f 22 605 3118
f 22 3118 760
f 760 3118 3127
f 760 3127 759
f 759 3127 3136
f 759 3136 758
f 758 3136 3145
f 758 3145 757
f 757 3145 3154
f 757 3154 756
f 756 3154 3163
f 756 3163 755
f 755 3163 3172
f 755 3172 754
f 754 3172 531
f 754 531 25
f 605 606 3119
f 605 3119 3118
f 3118 3119 3128
f 3118 3128 3127
f 3127 3128 3137
f 3127 3137 3136
f 3136 3137 3146
f 3136 3146 3145
f 3145 3146 3155
f 3145 3155 3154
f 3154 3155 3164
f 3154 3164 3163
f 3163 3164 3173
f 3163 3173 3172
f 3172 3173 532
f 3172 532 531
f 606 607 3120
f 606 3120 3119
f 3119 3120 3129
f 3119 3129 3128
f 3128 3129 3138
f 3128 3138 3137
f 3137 3138 3147
f 3137 3147 3146
f 3146 3147 3156
f 3146 3156 3155
f 3155 3156 3165
f 3155 3165 3164
f 3164 3165 3174
f 3164 3174 3173
f 3173 3174 533
f 3173 533 532
f 607 608 3121
f 607 3121 3120
f 3120 3121 3130
f 3120 3130 3129
f 3129 3130 3139
f 3129 3139 3138
f 3138 3139 3148
f 3138 3148 3147
f 3147 3148 3157
f 3147 3157 3156
f 3156 3157 3166
f 3156 3166 3165
f 3165 3166 3175
f 3165 3175 3174
f 3174 3175 534
f 3174 534 533
f 608 609 3122
f 608 3122 3121
f 3121 3122 3131
f 3121 3131 3130
f 3130 3131 3140
f 3130 3140 3139
f 3139 3140 3149
f 3139 3149 3148
f 3148 3149 3158
f 3148 3158 3157
f 3157 3158 3167
f 3157 3167 3166
f 3166 3167 3176
f 3166 3176 3175
f 3175 3176 535
f 3175 535 534
f 609 610 3123
f 609 3123 3122
f 3122 3123 3132
f 3122 3132 3131
f 3131 3132 3141
f 3131 3141 3140
f 3140 3141 3150
f 3140 3150 3149
f 3149 3150 3159
f 3149 3159 3158
f 3158 3159 3168
f 3158 3168 3167
f 3167 3168 3177
f 3167 3177 3176
f 3176 3177 536
f 3176 536 535
f 610 611 3124
f 610 3124 3123
f 3123 3124 3133
f 3123 3133 3132
f 3132 3133 3142
f 3132 3142 3141
f 3141 3142 3151
f 3141 3151 3150
f 3150 3151 3160
f 3150 3160 3159
f 3159 3160 3169
f 3159 3169 3168
f 3168 3169 3178
f 3168 3178 3177
f 3177 3178 537
f 3177 537 536
f 611 612 3125
f 611 3125 3124
f 3124 3125 3134
f 3124 3134 3133
f 3133 3134 3143
f 3133 3143 3142
f 3142 3143 3152
f 3142 3152 3151
f 3151 3152 3161
f 3151 3161 3160
f 3160 3161 3170
f 3160 3170 3169
f 3169 3170 3179
f 3169 3179 3178
f 3178 3179 538
f 3178 538 537
f 612 613 3126
f 612 3126 3125
f 3125 3126 3135
f 3125 3135 3134
f 3134 3135 3144
f 3134 3144 3143
f 3143 3144 3153
f 3143 3153 3152
f 3152 3153 3162
f 3152 3162 3161
f 3161 3162 3171
f 3161 3171 3170
f 3170 3171 3180
f 3170 3180 3179
f 3179 3180 539
f 3179 539 538
f 613 27 424
f 613 424 3126
f 3126 424 425
f 3126 425 3135
f 3135 425 426
f 3135 426 3144
f 3144 426 427
f 3144 427 3153
f 3153 427 428
f 3153 428 3162
f 3162 428 429
f 3162 429 3171
f 3171 429 430
f 3171 430 3180
f 3180 430 28
f 3180 28 539
f 22 777 3181
f 22 3181 605
f 605 3181 3198
f 605 3198 606
f 606 3198 3215
f 606 3215 607
f 607 3215 3232
f 607 3232 608
f 608 3232 3249
f 608 3249 609
f 609 3249 3266
f 609 3266 610
f 610 3266 3283
f 610 3283 611
f 611 3283 3300
f 611 3300 612
f 612 3300 3317
f 612 3317 613
f 613 3317 325
f 613 325 27
f 777 776 3182
f 777 3182 3181
f 3181 3182 3199
f 3181 3199 3198
f 3198 3199 3216
f 3198 3216 3215
f 3215 3216 3233
f 3215 3233 3232
f 3232 3233 3250
f 3232 3250 3249
f 3249 3250 3267
f 3249 3267 3266
f 3266 3267 3284
f 3266 3284 3283
f 3283 3284 3301
f 3283 3301 3300
f 3300 3301 3318
f 3300 3318 3317
f 3317 3318 326
f 3317 326 325
f 776 775 3183
f 776 3183 3182
f 3182 3183 3200
f 3182 3200 3199
f 3199 3200 3217
f 3199 3217 3216
f 3216 3217 3234
f 3216 3234 3233
f 3233 3234 3251
f 3233 3251 3250
f 3250 3251 3268
f 3250 3268 3267
f 3267 3268 3285
f 3267 3285 3284
f 3284 3285 3302
f 3284 3302 3301
f 3301 3302 3319
f 3301 3319 3318
f 3318 3319 327
f 3318 327 326
f 775 774 3184
f 775 3184 3183
f 3183 3184 3201
f 3183 3201 3200
f 3200 3201 3218
f 3200 3218 3217
f 3217 3218 3235
f 3217 3235 3234
f 3234 3235 3252
f 3234 3252 3251
f 3251 3252 3269
f 3251 3269 3268
f 3268 3269 3286
f 3268 3286 3285
f 3285 3286 3303
f 3285 3303 3302
f 3302 3303 3320
f 3302 3320 3319
f 3319 3320 328
f 3319 328 327
f 774 773 3185
f 774 3185 3184
f 3184 3185 3202
f 3184 3202 3201
f 3201 3202 3219
f 3201 3219 3218
f 3218 3219 3236
f 3218 3236 3235
f 3235 3236 3253
f 3235 3253 3252
f 3252 3253 3270
f 3252 3270 3269
f 3269 3270 3287
f 3269 3287 3286
f 3286 3287 3304
f 3286 3304 3303
f 3303 3304 3321
f 3303 3321 3320
f 3320 3321 329
f 3320 329 328
f 773 772 3186
f 773 3186 3185
f 3185 3186 3203
f 3185 3203 3202
f 3202 3203 3220
f 3202 3220 3219
f 3219 3220 3237
f 3219 3237 3236
f 3236 3237 3254
f 3236 3254 3253
f 3253 3254 3271
f 3253 3271 3270
f 3270 3271 3288
f 3270 3288 3287
f 3287 3288 3305
f 3287 3305 3304
f 3304 3305 3322
f 3304 3322 3321
f 3321 3322 330
f 3321 330 329
f 772 771 3187
f 772 3187 3186
f 3186 3187 3204
f 3186 3204 3203
f 3203 3204 3221
f 3203 3221 3220
f 3220 3221 3238
f 3220 3238 3237
f 3237 3238 3255
f 3237 3255 3254
f 3254 3255 3272
f 3254 3272 3271
f 3271 3272 3289
f 3271 3289 3288
f 3288 3289 3306
f 3288 3306 3305
f 3305 3306 3323
f 3305 3323 3322
f 3322 3323 331
f 3322 331 330
f 771 770 3188
f 771 3188 3187
f 3187 3188 3205
f 3187 3205 3204
f 3204 3205 3222
f 3204 3222 3221
f 3221 3222 3239
f 3221 3239 3238
f 3238 3239 3256
f 3238 3256 3255
f 3255 3256 3273
f 3255 3273 3272
f 3272 3273 3290
f 3272 3290 3289
f 3289 3290 3307
f 3289 3307 3306
f 3306 3307 3324
f 3306 3324 3323
f 3323 3324 332
f 3323 332 331
f 770 769 3189
f 770 3189 3188
f 3188 3189 3206
f 3188 3206 3205
f 3205 3206 3223
f 3205 3223 3222
f 3222 3223 3240
f 3222 3240 3239
f 3239 3240 3257
f 3239 3257 3256
f 3256 3257 3274
f 3256 3274 3273
f 3273 3274 3291
f 3273 3291 3290
f 3290 3291 3308
f 3290 3308 3307
f 3307 3308 3325
f 3307 3325 3324
f 3324 3325 333
f 3324 333 332
f 769 768 3190
f 769 3190 3189
f 3189 3190 3207
f 3189 3207 3206
f 3206 3207 3224
f 3206 3224 3223
f 3223 3224 3241
f 3223 3241 3240
f 3240 3241 3258
f 3240 3258 3257
f 3257 3258 3275
f 3257 3275 3274
f 3274 3275 3292
f 3274 3292 3291
f 3291 3292 3309
f 3291 3309 3308
f 3308 3309 3326
f 3308 3326 3325
f 3325 3326 334
f 3325 334 333
f 768 767 3191
f 768 3191 3190
f 3190 3191 3208
f 3190 3208 3207
f 3207 3208 3225
f 3207 3225 3224
f 3224 3225 3242
f 3224 3242 3241
f 3241 3242 3259
f 3241 3259 3258
f 3258 3259 3276
f 3258 3276 3275
f 3275 3276 3293
f 3275 3293 3292
f 3292 3293 3310
f 3292 3310 3309
f 3309 3310 3327
f 3309 3327 3326
f 3326 3327 335
f 3326 335 334
f 767 766 3192
f 767 3192 3191
f 3191 3192 3209
f 3191 3209 3208
f 3208 3209 3226
f 3208 3226 3225
f 3225 3226 3243
f 3225 3243 3242
f 3242 3243 3260
f 3242 3260 3259
f 3259 3260 3277
f 3259 3277 3276
f 3276 3277 3294
f 3276 3294 3293
f 3293 3294 3311
f 3293 3311 3310
f 3310 3311 3328
f 3310 3328 3327
f 3327 3328 336
f 3327 336 335
f 766 765 3193
f 766 3193 3192
f 3192 3193 3210
f 3192 3210 3209
f 3209 3210 3227
f 3209 3227 3226
f 3226 3227 3244
f 3226 3244 3243
f 3243 3244 3261
f 3243 3261 3260
f 3260 3261 3278
f 3260 3278 3277
f 3277 3278 3295
f 3277 3295 3294
f 3294 3295 3312
f 3294 3312 3311
f 3311 3312 3329
f 3311 3329 3328
f 3328 3329 337
f 3328 337 336
f 765 764 3194
f 765 3194 3193
f 3193 3194 3211
f 3193 3211 3210
f 3210 3211 3228
f 3210 3228 3227
f 3227 3228 3245
f 3227 3245 3244
f 3244 3245 3262
f 3244 3262 3261
f 3261 3262 3279
f 3261 3279 3278
f 3278 3279 3296
f 3278 3296 3295
f 3295 3296 3313
f 3295 3313 3312
f 3312 3313 3330
f 3312 3330 3329
f 3329 3330 338
f 3329 338 337
f 764 763 3195
f 764 3195 3194
f 3194 3195 3212
f 3194 3212 3211
f 3211 3212 3229
f 3211 3229 3228
f 3228 3229 3246
f 3228 3246 3245
f 3245 3246 3263
f 3245 3263 3262
f 3262 3263 3280
f 3262 3280 3279
f 3279 3280 3297
f 3279 3297 3296
f 3296 3297 3314
f 3296 3314 3313
f 3313 3314 3331
f 3313 3331 3330
f 3330 3331 339
f 3330 339 338
f 763 762 3196
f 763 3196 3195
f 3195 3196 3213
f 3195 3213 3212
f 3212 3213 3230
f 3212 3230 3229
f 3229 3230 3247
f 3229 3247 3246
f 3246 3247 3264
f 3246 3264 3263
f 3263 3264 3281
f 3263 3281 3280
f 3280 3281 3298
f 3280 3298 3297
f 3297 3298 3315
f 3297 3315 3314
f 3314 3315 3332
f 3314 3332 3331
f 3331 3332 340
f 3331 340 339
f 762 761 3197
f 762 3197 3196
f 3196 3197 3214
f 3196 3214 3213
f 3213 3214 3231
f 3213 3231 3230
f 3230 3231 3248
f 3230 3248 3247
f 3247 3248 3265
f 3247 3265 3264
f 3264 3265 3282
f 3264 3282 3281
f 3281 3282 3299
f 3281 3299 3298
f 3298 3299 3316
f 3298 3316 3315
f 3315 3316 3333
f 3315 3333 3332
f 3332 3333 341
f 3332 341 340
f 761 23 461
f 761 461 3197
f 3197 461 462
f 3197 462 3214
f 3214 462 463
f 3214 463 3231
f 3231 463 464
f 3231 464 3248
f 3248 464 465
f 3248 465 3265
f 3265 465 466
f 3265 466 3282
f 3282 466 467
f 3282 467 3299
f 3299 467 468
f 3299 468 3316
f 3316 468 469
f 3316 469 3333
f 3333 469 29
f 3333 29 341
f 9 778 3334
f 9 3334 526
f 526 3334 3341
f 526 3341 527
f 527 3341 3348
f 527 3348 528
f 528 3348 3355
f 528 3355 529
f 529 3355 3362
f 529 3362 530
f 530 3362 417
f 530 417 10
f 778 779 3335
f 778 3335 3334
f 3334 3335 3342
f 3334 3342 3341
f 3341 3342 3349
f 3341 3349 3348
f 3348 3349 3356
f 3348 3356 3355
f 3355 3356 3363
f 3355 3363 3362
f 3362 3363 418
f 3362 418 417
f 779 780 3336
f 779 3336 3335
f 3335 3336 3343
f 3335 3343 3342
f 3342 3343 3350
f 3342 3350 3349
f 3349 3350 3357
f 3349 3357 3356
f 3356 3357 3364
f 3356 3364 3363
f 3363 3364 419
f 3363 419 418
f 780 781 3337
f 780 3337 3336
f 3336 3337 3344
f 3336 3344 3343
f 3343 3344 3351
f 3343 3351 3350
f 3350 3351 3358
f 3350 3358 3357
f 3357 3358 3365
f 3357 3365 3364
f 3364 3365 420
f 3364 420 419
f 781 782 3338
f 781 3338 3337
f 3337 3338 3345
f 3337 3345 3344
f 3344 3345 3352
f 3344 3352 3351
f 3351 3352 3359
f 3351 3359 3358
f 3358 3359 3366
f 3358 3366 3365
f 3365 3366 421
f 3365 421 420
f 782 783 3339
f 782 3339 3338
f 3338 3339 3346
f 3338 3346 3345
f 3345 3346 3353
f 3345 3353 3352
f 3352 3353 3360
f 3352 3360 3359
f 3359 3360 3367
f 3359 3367 3366
f 3366 3367 422
f 3366 422 421
f 783 784 3340
f 783 3340 3339
f 3339 3340 3347
f 3339 3347 3346
f 3346 3347 3354
f 3346 3354 3353
f 3353 3354 3361
f 3353 3361 3360
f 3360 3361 3368
f 3360 3368 3367
f 3367 3368 423
f 3367 423 422
f 784 26 614
f 784 614 3340
f 3340 614 615
f 3340 615 3347
f 3347 615 616
f 3347 616 3354
f 3354 616 617
f 3354 617 3361
f 3361 617 618
f 3361 618 3368
f 3368 618 30
f 3368 30 423
f 24 379 3369
f 24 3369 278
f 278 3369 3377
f 278 3377 277
f 277 3377 3385
f 277 3385 276
f 276 3385 3393
f 276 3393 275
f 275 3393 3401
f 275 3401 274
f 274 3401 3409
f 274 3409 273
f 273 3409 3417
f 273 3417 272
f 272 3417 271
f 272 271 27
f 379 380 3370
f 379 3370 3369
f 3369 3370 3378
f 3369 3378 3377
f 3377 3378 3386
f 3377 3386 3385
f 3385 3386 3394
f 3385 3394 3393
f 3393 3394 3402
f 3393 3402 3401
f 3401 3402 3410
f 3401 3410 3409
f 3409 3410 3418
f 3409 3418 3417
f 3417 3418 270
f 3417 270 271
f 380 381 3371
f 380 3371 3370
f 3370 3371 3379
f 3370 3379 3378
f 3378 3379 3387
f 3378 3387 3386
f 3386 3387 3395
f 3386 3395 3394
f 3394 3395 3403
f 3394 3403 3402
f 3402 3403 3411
f 3402 3411 3410
f 3410 3411 3419
f 3410 3419 3418
f 3418 3419 269
f 3418 269 270
f 381 382 3372
f 381 3372 3371
f 3371 3372 3380
f 3371 3380 3379
f 3379 3380 3388
f 3379 3388 3387
f 3387 3388 3396
f 3387 3396 3395
f 3395 3396 3404
f 3395 3404 3403
f 3403 3404 3412
f 3403 3412 3411
f 3411 3412 3420
f 3411 3420 3419
f 3419 3420 268
f 3419 268 269
f 382 383 3373
f 382 3373 3372
f 3372 3373 3381
f 3372 3381 3380
f 3380 3381 3389
f 3380 3389 3388
f 3388 3389 3397
f 3388 3397 3396
f 3396 3397 3405
f 3396 3405 3404
f 3404 3405 3413
f 3404 3413 3412
f 3412 3413 3421
f 3412 3421 3420
f 3420 3421 267
f 3420 267 268
f 383 384 3374
f 383 3374 3373
f 3373 3374 3382
f 3373 3382 3381
f 3381 3382 3390
f 3381 3390 3389
f 3389 3390 3398
f 3389 3398 3397
f 3397 3398 3406
f 3397 3406 3405
f 3405 3406 3414
f 3405 3414 3413
f 3413 3414 3422
f 3413 3422 3421
f 3421 3422 266
f 3421 266 267
f 384 385 3375
f 384 3375 3374
f 3374 3375 3383
f 3374 3383 3382
f 3382 3383 3391
f 3382 3391 3390
f 3390 3391 3399
f 3390 3399 3398
f 3398 3399 3407
f 3398 3407 3406
f 3406 3407 3415
f 3406 3415 3414
f 3414 3415 3423
f 3414 3423 3422
f 3422 3423 265
f 3422 265 266
f 385 386 3376
f 385 3376 3375
f 3375 3376 3384
f 3375 3384 3383
f 3383 3384 3392
f 3383 3392 3391
f 3391 3392 3400
f 3391 3400 3399
f 3399 3400 3408
f 3399 3408 3407
f 3407 3408 3416
f 3407 3416 3415
f 3415 3416 3424
f 3415 3424 3423
f 3423 3424 264
f 3423 264 265
f 386 13 239
f 386 239 3376
f 3376 239 238
f 3376 238 3384
f 3384 238 237
f 3384 237 3392
f 3392 237 236
f 3392 236 3400
f 3400 236 235
f 3400 235 3408
f 3408 235 234
f 3408 234 3416
f 3416 234 233
f 3416 233 3424
f 3424 233 10
f 3424 10 264
f 24 278 3425
f 24 3425 444
f 444 3425 3432
f 444 3432 445
f 445 3432 3439
f 445 3439 446
f 446 3439 3446
f 446 3446 447
f 447 3446 3453
f 447 3453 448
f 448 3453 3460
f 448 3460 449
f 449 3460 3467
f 449 3467 450
f 450 3467 3474
f 450 3474 451
f 451 3474 3481
f 451 3481 452
f 452 3481 3488
f 452 3488 453
f 453 3488 3495
f 453 3495 454
f 454 3495 3502
f 454 3502 455
f 455 3502 3509
f 455 3509 456
f 456 3509 3516
f 456 3516 457
f 457 3516 3523
f 457 3523 458
f 458 3523 3530
f 458 3530 459
f 459 3530 3537
f 459 3537 460
f 460 3537 176
f 460 176 15
f 278 277 3426
f 278 3426 3425
f 3425 3426 3433
f 3425 3433 3432
f 3432 3433 3440
f 3432 3440 3439
f 3439 3440 3447
f 3439 3447 3446
f 3446 3447 3454
f 3446 3454 3453
f 3453 3454 3461
f 3453 3461 3460
f 3460 3461 3468
f 3460 3468 3467
f 3467 3468 3475
f 3467 3475 3474
f 3474 3475 3482
f 3474 3482 3481
f 3481 3482 3489
f 3481 3489 3488
f 3488 3489 3496
f 3488 3496 3495
f 3495 3496 3503
f 3495 3503 3502
f 3502 3503 3510
f 3502 3510 3509
f 3509 3510 3517
f 3509 3517 3516
f 3516 3517 3524
f 3516 3524 3523
f 3523 3524 3531
f 3523 3531 3530
f 3530 3531 3538
f 3530 3538 3537
f 3537 3538 177
f 3537 177 176
f 277 276 3427
f 277 3427 3426
f 3426 3427 3434
f 3426 3434 3433
f 3433 3434 3441
f 3433 3441 3440
f 3440 3441 3448
f 3440 3448 3447
f 3447 3448 3455
f 3447 3455 3454
f 3454 3455 3462
f 3454 3462 3461
f 3461 3462 3469
f 3461 3469 3468
f 3468 3469 3476
f 3468 3476 3475
f 3475 3476 3483
f 3475 3483 3482
f 3482 3483 3490
f 3482 3490 3489
f 3489 3490 3497
f 3489 3497 3496
f 3496 3497 3504
f 3496 3504 3503
f 3503 3504 3511
f 3503 3511 3510
f 3510 3511 3518
f 3510 3518 3517
f 3517 3518 3525
f 3517 3525 3524
f 3524 3525 3532
f 3524 3532 3531
f 3531 3532 3539
f 3531 3539 3538
f 3538 3539 178
f 3538 178 177
f 276 275 3428
f 276 3428 3427
f 3427 3428 3435
f 3427 3435 3434
f 3434 3435 3442
f 3434 3442 3441
f 3441 3442 3449
f 3441 3449 3448
f 3448 3449 3456
f 3448 3456 3455
f 3455 3456 3463
f 3455 3463 3462
f 3462 3463 3470
f 3462 3470 3469
f 3469 3470 3477
f 3469 3477 3476
f 3476 3477 3484
f 3476 3484 3483
f 3483 3484 3491
f 3483 3491 3490
f 3490 3491 3498
f 3490 3498 3497
f 3497 3498 3505
f 3497 3505 3504
f 3504 3505 3512
f 3504 3512 3511
f 3511 3512 3519
f 3511 3519 3518
f 3518 3519 3526
f 3518 3526 3525
f 3525 3526 3533
f 3525 3533 3532
f 3532 3533 3540
f 3532 3540 3539
f 3539 3540 179
f 3539 179 178
f 275 274 3429
f 275 3429 3428
f 3428 3429 3436
f 3428 3436 3435
f 3435 3436 3443
f 3435 3443 3442
f 3442 3443 3450
f 3442 3450 3449
f 3449 3450 3457
f 3449 3457 3456
f 3456 3457 3464
f 3456 3464 3463
f 3463 3464 3471
f 3463 3471 3470
f 3470 3471 3478
f 3470 3478 3477
f 3477 3478 3485
f 3477 3485 3484
f 3484 3485 3492
f 3484 3492 3491
f 3491 3492 3499
f 3491 3499 3498
f 3498 3499 3506
f 3498 3506 3505
f 3505 3506 3513
f 3505 3513 3512
f 3512 3513 3520
f 3512 3520 3519
f 3519 3520 3527
f 3519 3527 3526
f 3526 3527 3534
f 3526 3534 3533
f 3533 3534 3541
f 3533 3541 3540
f 3540 3541 180
f 3540 180 179
f 274 273 3430
f 274 3430 3429
f 3429 3430 3437
f 3429 3437 3436
f 3436 3437 3444
f 3436 3444 3443
f 3443 3444 3451
f 3443 3451 3450
f 3450 3451 3458
f 3450 3458 3457
f 3457 3458 3465
f 3457 3465 3464
f 3464 3465 3472
f 3464 3472 3471
f 3471 3472 3479
f 3471 3479 3478
f 3478 3479 3486
f 3478 3486 3485
f 3485 3486 3493
f 3485 3493 3492
f 3492 3493 3500
f 3492 3500 3499
f 3499 3500 3507
f 3499 3507 3506
f 3506 3507 3514
f 3506 3514 3513
f 3513 3514 3521
f 3513 3521 3520
f 3520 3521 3528
f 3520 3528 3527
f 3527 3528 3535
f 3527 3535 3534
f 3534 3535 3542
f 3534 3542 3541
f 3541 3542 181
f 3541 181 180
f 273 272 3431
f 273 3431 3430
f 3430 3431 3438
f 3430 3438 3437
f 3437 3438 3445
f 3437 3445 3444
f 3444 3445 3452
f 3444 3452 3451
f 3451 3452 3459
f 3451 3459 3458
f 3458 3459 3466
f 3458 3466 3465
f 3465 3466 3473
f 3465 3473 3472
f 3472 3473 3480
f 3472 3480 3479
f 3479 3480 3487
f 3479 3487 3486
f 3486 3487 3494
f 3486 3494 3493
f 3493 3494 3501
f 3493 3501 3500
f 3500 3501 3508
f 3500 3508 3507
f 3507 3508 3515
f 3507 3515 3514
f 3514 3515 3522
f 3514 3522 3521
f 3521 3522 3529
f 3521 3529 3528
f 3528 3529 3536
f 3528 3536 3535
f 3535 3536 3543
f 3535 3543 3542
f 3542 3543 182
f 3542 182 181
f 272 27 325
f 272 325 3431
f 3431 325 326
f 3431 326 3438
f 3438 326 327
f 3438 327 3445
f 3445 327 328
f 3445 328 3452
f 3452 328 329
f 3452 329 3459
f 3459 329 330
f 3459 330 3466
f 3466 330 331
f 3466 331 3473
f 3473 331 332
f 3473 332 3480
f 3480 332 333
f 3480 333 3487
f 3487 333 334
f 3487 334 3494
f 3494 334 335
f 3494 335 3501
f 3501 335 336
f 3501 336 3508
f 3508 336 337
f 3508 337 3515
f 3515 337 338
f 3515 338 3522
f 3522 338 339
f 3522 339 3529
f 3529 339 340
f 3529 340 3536
f 3536 340 341
f 3536 341 3543
f 3543 341 29
f 3543 29 182
f 27 271 3544
f 27 3544 424
f 424 3544 3552
f 424 3552 425
f 425 3552 3560
f 425 3560 426
f 426 3560 3568
f 426 3568 427
f 427 3568 3576
f 427 3576 428
f 428 3576 3584
f 428 3584 429
f 429 3584 3592
f 429 3592 430
f 430 3592 470
f 430 470 28
f 271 270 3545
f 271 3545 3544
f 3544 3545 3553
f 3544 3553 3552
f 3552 3553 3561
f 3552 3561 3560
f 3560 3561 3569
f 3560 3569 3568
f 3568 3569 3577
f 3568 3577 3576
f 3576 3577 3585
f 3576 3585 3584
f 3584 3585 3593
f 3584 3593 3592
f 3592 3593 471
f 3592 471 470
f 270 269 3546
f 270 3546 3545
f 3545 3546 3554
f 3545 3554 3553
f 3553 3554 3562
f 3553 3562 3561
f 3561 3562 3570
f 3561 3570 3569
f 3569 3570 3578
f 3569 3578 3577
f 3577 3578 3586
f 3577 3586 3585
f 3585 3586 3594
f 3585 3594 3593
f 3593 3594 472
f 3593 472 471
f 269 268 3547
f 269 3547 3546
f 3546 3547 3555
f 3546 3555 3554
f 3554 3555 3563
f 3554 3563 3562
f 3562 3563 3571
f 3562 3571 3570
f 3570 3571 3579
f 3570 3579 3578
f 3578 3579 3587
f 3578 3587 3586
f 3586 3587 3595
f 3586 3595 3594
f 3594 3595 473
f 3594 473 472
f 268 267 3548
f 268 3548 3547
f 3547 3548 3556
f 3547 3556 3555
f 3555 3556 3564
f 3555 3564 3563
f 3563 3564 3572
f 3563 3572 3571
f 3571 3572 3580
f 3571 3580 3579
f 3579 3580 3588
f 3579 3588 3587
f 3587 3588 3596
f 3587 3596 3595
f 3595 3596 474
f 3595 474 473
f 267 266 3549
f 267 3549 3548
f 3548 3549 3557
f 3548 3557 3556
f 3556 3557 3565
f 3556 3565 3564
f 3564 3565 3573
f 3564 3573 3572
f 3572 3573 3581
f 3572 3581 3580
f 3580 3581 3589
f 3580 3589 3588
f 3588 3589 3597
f 3588 3597 3596
f 3596 3597 475
f 3596 475 474
f 266 265 3550
f 266 3550 3549
f 3549 3550 3558
f 3549 3558 3557
f 3557 3558 3566
f 3557 3566 3565
f 3565 3566 3574
f 3565 3574 3573
f 3573 3574 3582
f 3573 3582 3581
f 3581 3582 3590
f 3581 3590 3589
f 3589 3590 3598
f 3589 3598 3597
f 3597 3598 476
f 3597 476 475
f 265 264 3551
f 265 3551 3550
f 3550 3551 3559
f 3550 3559 3558
f 3558 3559 3567
f 3558 3567 3566
f 3566 3567 3575
f 3566 3575 3574
f 3574 3575 3583
f 3574 3583 3582
f 3582 3583 3591
f 3582 3591 3590
f 3590 3591 3599
f 3590 3599 3598
f 3598 3599 477
f 3598 477 476
f 264 10 417
f 264 417 3551
f 3551 417 418
f 3551 418 3559
f 3559 418 419
f 3559 419 3567
f 3567 419 420
f 3567 420 3575
f 3575 420 421
f 3575 421 3583
f 3583 421 422
f 3583 422 3591
f 3591 422 423
f 3591 423 3599
f 3599 423 30
f 3599 30 477
f 31 585 3600
f 31 3600 551
f 551 3600 3605
f 551 3605 550
f 550 3605 3610
f 550 3610 549
f 549 3610 604
f 549 604 8
f 585 584 3601
f 585 3601 3600
f 3600 3601 3606
f 3600 3606 3605
f 3605 3606 3611
f 3605 3611 3610
f 3610 3611 603
f 3610 603 604
f 584 583 3602
f 584 3602 3601
f 3601 3602 3607
f 3601 3607 3606
f 3606 3607 3612
f 3606 3612 3611
f 3611 3612 602
f 3611 602 603
f 583 582 3603
f 583 3603 3602
f 3602 3603 3608
f 3602 3608 3607
f 3607 3608 3613
f 3607 3613 3612
f 3612 3613 601
f 3612 601 602
f 582 581 3604
f 582 3604 3603
f 3603 3604 3609
f 3603 3609 3608
f 3608 3609 3614
f 3608 3614 3613
f 3613 3614 600
f 3613 600 601
f 581 32 673
f 581 673 3604
f 3604 673 674
f 3604 674 3609
f 3609 674 675
f 3609 675 3614
f 3614 675 5
f 3614 5 600
f 31 387 3615
f 31 3615 585
f 585 3615 3642
f 585 3642 584
f 584 3642 3669
f 584 3669 583
f 583 3669 3696
f 583 3696 582
f 582 3696 3723
f 582 3723 581
f 581 3723 646
f 581 646 32
f 387 388 3616
f 387 3616 3615
f 3615 3616 3643
f 3615 3643 3642
f 3642 3643 3670
f 3642 3670 3669
f 3669 3670 3697
f 3669 3697 3696
f 3696 3697 3724
f 3696 3724 3723
f 3723 3724 647
f 3723 647 646
f 388 389 3617
f 388 3617 3616
f 3616 3617 3644
f 3616 3644 3643
f 3643 3644 3671
f 3643 3671 3670
f 3670 3671 3698
f 3670 3698 3697
f 3697 3698 3725
f 3697 3725 3724
f 3724 3725 648
f 3724 648 647
f 389 390 3618
f 389 3618 3617
f 3617 3618 3645
f 3617 3645 3644
f 3644 3645 3672
f 3644 3672 3671
f 3671 3672 3699
f 3671 3699 3698
f 3698 3699 3726
f 3698 3726 3725
f 3725 3726 649
f 3725 649 648
f 390 391 3619
f 390 3619 3618
f 3618 3619 3646
f 3618 3646 3645
f 3645 3646 3673
f 3645 3673 3672
f 3672 3673 3700
f 3672 3700 3699
f 3699 3700 3727
f 3699 3727 3726
f 3726 3727 650
f 3726 650 649
f 391 392 3620
f 391 3620 3619
f 3619 3620 3647
f 3619 3647 3646
f 3646 3647 3674
f 3646 3674 3673
f 3673 3674 3701
f 3673 3701 3700
f 3700 3701 3728
f 3700 3728 3727
f 3727 3728 651
f 3727 651 650
f 392 393 3621
f 392 3621 3620
f 3620 3621 3648
f 3620 3648 3647
f 3647 3648 3675
f 3647 3675 3674
f 3674 3675 3702
f 3674 3702 3701
f 3701 3702 3729
f 3701 3729 3728
f 3728 3729 652
f 3728 652 651
f 393 394 3622
f 393 3622 3621
f 3621 3622 3649
f 3621 3649 3648
f 3648 3649 3676
f 3648 3676 3675
f 3675 3676 3703
f 3675 3703 3702
f 3702 3703 3730
f 3702 3730 3729
f 3729 3730 653
f 3729 653 652
f 394 395 3623
f 394 3623 3622
f 3622 3623 3650
f 3622 3650 3649
f 3649 3650 3677
f 3649 3677 3676
f 3676 3677 3704
f 3676 3704 3703
f 3703 3704 3731
f 3703 3731 3730
f 3730 3731 654
f 3730 654 653
f 395 396 3624
f 395 3624 3623
f 3623 3624 3651
f 3623 3651 3650
f 3650 3651 3678
f 3650 3678 3677
f 3677 3678 3705
f 3677 3705 3704
f 3704 3705 3732
f 3704 3732 3731
f 3731 3732 655
f 3731 655 654
f 396 397 3625
f 396 3625 3624
f 3624 3625 3652
f 3624 3652 3651
f 3651 3652 3679
f 3651 3679 3678
f 3678 3679 3706
f 3678 3706 3705
f 3705 3706 3733
f 3705 3733 3732
f 3732 3733 656
f 3732 656 655
f 397 398 3626
f 397 3626 3625
f 3625 3626 3653
f 3625 3653 3652
f 3652 3653 3680
f 3652 3680 3679
f 3679 3680 3707
f 3679 3707 3706
f 3706 3707 3734
f 3706 3734 3733
f 3733 3734 657
f 3733 657 656
f 398 399 3627
f 398 3627 3626
f 3626 3627 3654
f 3626 3654 3653
f 3653 3654 3681
f 3653 3681 3680
f 3680 3681 3708
f 3680 3708 3707
f 3707 3708 3735
f 3707 3735 3734
f 3734 3735 658
f 3734 658 657
f 399 400 3628
f 399 3628 3627
f 3627 3628 3655
f 3627 3655 3654
f 3654 3655 3682
f 3654 3682 3681
f 3681 3682 3709
f 3681 3709 3708
f 3708 3709 3736
f 3708 3736 3735
f 3735 3736 659
f 3735 659 658
f 400 401 3629
f 400 3629 3628
f 3628 3629 3656
f 3628 3656 3655
f 3655 3656 3683
f 3655 3683 3682
f 3682 3683 3710
f 3682 3710 3709
f 3709 3710 3737
f 3709 3737 3736
f 3736 3737 660
f 3736 660 659
f 401 402 3630
f 401 3630 3629
f 3629 3630 3657
f 3629 3657 3656
f 3656 3657 3684
f 3656 3684 3683
f 3683 3684 3711
f 3683 3711 3710
f 3710 3711 3738
f 3710 3738 3737
f 3737 3738 661
f 3737 661 660
f 402 403 3631
f 402 3631 3630
f 3630 3631 3658
f 3630 3658 3657
f 3657 3658 3685
f 3657 3685 3684
f 3684 3685 3712
f 3684 3712 3711
f 3711 3712 3739
f 3711 3739 3738
f 3738 3739 662
f 3738 662 661
f 403 404 3632
f 403 3632 3631
f 3631 3632 3659
f 3631 3659 3658
f 3658 3659 3686
f 3658 3686 3685
f 3685 3686 3713
f 3685 3713 3712
f 3712 3713 3740
f 3712 3740 3739
f 3739 3740 663
f 3739 663 662
f 404 405 3633
f 404 3633 3632
f 3632 3633 3660
f 3632 3660 3659
f 3659 3660 3687
f 3659 3687 3686
f 3686 3687 3714
f 3686 3714 3713
f 3713 3714 3741
f 3713 3741 3740
f 3740 3741 664
f 3740 664 663
f 405 406 3634
f 405 3634 3633
f 3633 3634 3661
f 3633 3661 3660
f 3660 3661 3688
f 3660 3688 3687
f 3687 3688 3715
f 3687 3715 3714
f 3714 3715 3742
f 3714 3742 3741
f 3741 3742 665
f 3741 665 664
f 406 407 3635
f 406 3635 3634
f 3634 3635 3662
f 3634 3662 3661
f 3661 3662 3689
f 3661 3689 3688
f 3688 3689 3716
f 3688 3716 3715
f 3715 3716 3743
f 3715 3743 3742
f 3742 3743 666
f 3742 666 665
f 407 408 3636
f 407 3636 3635
f 3635 3636 3663
f 3635 3663 3662
f 3662 3663 3690
f 3662 3690 3689
f 3689 3690 3717
f 3689 3717 3716
f 3716 3717 3744
f 3716 3744 3743
f 3743 3744 667
f 3743 667 666
f 408 409 3637
f 408 3637 3636
f 3636 3637 3664
f 3636 3664 3663
f 3663 3664 3691
f 3663 3691 3690
f 3690 3691 3718
f 3690 3718 3717
f 3717 3718 3745
f 3717 3745 3744
f 3744 3745 668
f 3744 668 667
f 409 410 3638
f 409 3638 3637
f 3637 3638 3665
f 3637 3665 3664
f 3664 3665 3692
f 3664 3692 3691
f 3691 3692 3719
f 3691 3719 3718
f 3718 3719 3746
f 3718 3746 3745
f 3745 3746 669
f 3745 669 668
f 410 411 3639
f 410 3639 3638
f 3638 3639 3666
f 3638 3666 3665
f 3665 3666 3693
f 3665 3693 3692
f 3692 3693 3720
f 3692 3720 3719
f 3719 3720 3747
f 3719 3747 3746
f 3746 3747 670
f 3746 670 669
f 411 412 3640
f 411 3640 3639
f 3639 3640 3667
f 3639 3667 3666
f 3666 3667 3694
f 3666 3694 3693
f 3693 3694 3721
f 3693 3721 3720
f 3720 3721 3748
f 3720 3748 3747
f 3747 3748 671
f 3747 671 670
f 412 413 3641
f 412 3641 3640
f 3640 3641 3668
f 3640 3668 3667
f 3667 3668 3695
f 3667 3695 3694
f 3694 3695 3722
f 3694 3722 3721
f 3721 3722 3749
f 3721 3749 3748
f 3748 3749 672
f 3748 672 671
f 413 33 590
f 413 590 3641
f 3641 590 589
f 3641 589 3668
f 3668 589 588
f 3668 588 3695
f 3695 588 587
f 3695 587 3722
f 3722 587 586
f 3722 586 3749
f 3749 586 34
f 3749 34 672
f 31 414 3750
f 31 3750 387
f 387 3750 3753
f 387 3753 388
f 388 3753 3756
f 388 3756 389
f 389 3756 3759
f 389 3759 390
f 390 3759 3762
f 390 3762 391
f 391 3762 3765
f 391 3765 392
f 392 3765 3768
f 392 3768 393
f 393 3768 3771
f 393 3771 394
f 394 3771 3774
f 394 3774 395
f 395 3774 3777
f 395 3777 396
f 396 3777 3780
f 396 3780 397
f 397 3780 3783
f 397 3783 398
f 398 3783 3786
f 398 3786 399
f 399 3786 3789
f 399 3789 400
f 400 3789 3792
f 400 3792 401
f 401 3792 3795
f 401 3795 402
f 402 3795 3798
f 402 3798 403
f 403 3798 3801
f 403 3801 404
f 404 3801 3804
f 404 3804 405
f 405 3804 3807
f 405 3807 406
f 406 3807 3810
f 406 3810 407
f 407 3810 3813
f 407 3813 408
f 408 3813 3816
f 408 3816 409
f 409 3816 3819
f 409 3819 410
f 410 3819 3822
f 410 3822 411
f 411 3822 3825
f 411 3825 412
f 412 3825 3828
f 412 3828 413
f 413 3828 478
f 413 478 33
f 414 415 3751
f 414 3751 3750
f 3750 3751 3754
f 3750 3754 3753
f 3753 3754 3757
f 3753 3757 3756
f 3756 3757 3760
f 3756 3760 3759
f 3759 3760 3763
f 3759 3763 3762
f 3762 3763 3766
f 3762 3766 3765
f 3765 3766 3769
f 3765 3769 3768
f 3768 3769 3772
f 3768 3772 3771
f 3771 3772 3775
f 3771 3775 3774
f 3774 3775 3778
f 3774 3778 3777
f 3777 3778 3781
f 3777 3781 3780
f 3780 3781 3784
f 3780 3784 3783
f 3783 3784 3787
f 3783 3787 3786
f 3786 3787 3790
f 3786 3790 3789
f 3789 3790 3793
f 3789 3793 3792
f 3792 3793 3796
f 3792 3796 3795
f 3795 3796 3799
f 3795 3799 3798
f 3798 3799 3802
f 3798 3802 3801
f 3801 3802 3805
f 3801 3805 3804
f 3804 3805 3808
f 3804 3808 3807
f 3807 3808 3811
f 3807 3811 3810
f 3810 3811 3814
f 3810 3814 3813
f 3813 3814 3817
f 3813 3817 3816
f 3816 3817 3820
f 3816 3820 3819
f 3819 3820 3823
f 3819 3823 3822
f 3822 3823 3826
f 3822 3826 3825
f 3825 3826 3829
f 3825 3829 3828
f 3828 3829 479
f 3828 479 478
f 415 416 3752
f 415 3752 3751
f 3751 3752 3755
f 3751 3755 3754
f 3754 3755 3758
f 3754 3758 3757
f 3757 3758 3761
f 3757 3761 3760
f 3760 3761 3764
f 3760 3764 3763
f 3763 3764 3767
f 3763 3767 3766
f 3766 3767 3770
f 3766 3770 3769
f 3769 3770 3773
f 3769 3773 3772
f 3772 3773 3776
f 3772 3776 3775
f 3775 3776 3779
f 3775 3779 3778
f 3778 3779 3782
f 3778 3782 3781
f 3781 3782 3785
f 3781 3785 3784
f 3784 3785 3788
f 3784 3788 3787
f 3787 3788 3791
f 3787 3791 3790
f 3790 3791 3794
f 3790 3794 3793
f 3793 3794 3797
f 3793 3797 3796
f 3796 3797 3800
f 3796 3800 3799
f 3799 3800 3803
f 3799 3803 3802
f 3802 3803 3806
f 3802 3806 3805
f 3805 3806 3809
f 3805 3809 3808
f 3808 3809 3812
f 3808 3812 3811
f 3811 3812 3815
f 3811 3815 3814
f 3814 3815 3818
f 3814 3818 3817
f 3817 3818 3821
f 3817 3821 3820
f 3820 3821 3824
f 3820 3824 3823
f 3823 3824 3827
f 3823 3827 3826
f 3826 3827 3830
f 3826 3830 3829
f 3829 3830 480
f 3829 480 479
f 416 35 368
f 416 368 3752
f 3752 368 367
f 3752 367 3755
f 3755 367 366
f 3755 366 3758
f 3758 366 365
f 3758 365 3761
f 3761 365 364
f 3761 364 3764
f 3764 364 363
f 3764 363 3767
f 3767 363 362
f 3767 362 3770
f 3770 362 361
f 3770 361 3773
f 3773 361 360
f 3773 360 3776
f 3776 360 359
f 3776 359 3779
f 3779 359 358
f 3779 358 3782
f 3782 358 357
f 3782 357 3785
f 3785 357 356
f 3785 356 3788
f 3788 356 355
f 3788 355 3791
f 3791 355 354
f 3791 354 3794
f 3794 354 353
f 3794 353 3797
f 3797 353 352
f 3797 352 3800
f 3800 352 351
f 3800 351 3803
f 3803 351 350
f 3803 350 3806
f 3806 350 349
f 3806 349 3809
f 3809 349 348
f 3809 348 3812
f 3812 348 347
f 3812 347 3815
f 3815 347 346
f 3815 346 3818
f 3818 346 345
f 3818 345 3821
f 3821 345 344
f 3821 344 3824
f 3824 344 343
f 3824 343 3827
f 3827 343 342
f 3827 342 3830
f 3830 342 36
f 3830 36 480
f 31 142 3831
f 31 3831 414
f 414 3831 3857
f 414 3857 415
f 415 3857 3883
f 415 3883 416
f 416 3883 67
f 416 67 35
f 142 143 3832
f 142 3832 3831
f 3831 3832 3858
f 3831 3858 3857
f 3857 3858 3884
f 3857 3884 3883
f 3883 3884 68
f 3883 68 67
f 143 144 3833
f 143 3833 3832
f 3832 3833 3859
f 3832 3859 3858
f 3858 3859 3885
f 3858 3885 3884
f 3884 3885 69
f 3884 69 68
f 144 145 3834
f 144 3834 3833
f 3833 3834 3860
f 3833 3860 3859
f 3859 3860 3886
f 3859 3886 3885
f 3885 3886 70
f 3885 70 69
f 145 146 3835
f 145 3835 3834
f 3834 3835 3861
f 3834 3861 3860
f 3860 3861 3887
f 3860 3887 3886
f 3886 3887 71
f 3886 71 70
f 146 147 3836
f 146 3836 3835
f 3835 3836 3862
f 3835 3862 3861
f 3861 3862 3888
f 3861 3888 3887
f 3887 3888 72
f 3887 72 71
f 147 148 3837
f 147 3837 3836
f 3836 3837 3863
f 3836 3863 3862
f 3862 3863 3889
f 3862 3889 3888
f 3888 3889 73
f 3888 73 72
f 148 149 3838
f 148 3838 3837
f 3837 3838 3864
f 3837 3864 3863
f 3863 3864 3890
f 3863 3890 3889
f 3889 3890 74
f 3889 74 73
f 149 150 3839
f 149 3839 3838
f 3838 3839 3865
f 3838 3865 3864
f 3864 3865 3891
f 3864 3891 3890
f 3890 3891 75
f 3890 75 74
f 150 151 3840
f 150 3840 3839
f 3839 3840 3866
f 3839 3866 3865
f 3865 3866 3892
f 3865 3892 3891
f 3891 3892 76
f 3891 76 75
f 151 152 3841
f 151 3841 3840
f 3840 3841 3867
f 3840 3867 3866
f 3866 3867 3893
f 3866 3893 3892
f 3892 3893 77
f 3892 77 76
f 152 153 3842
f 152 3842 3841
f 3841 3842 3868
f 3841 3868 3867
f 3867 3868 3894
f 3867 3894 3893
f 3893 3894 78
f 3893 78 77
f 153 154 3843
f 153 3843 3842
f 3842 3843 3869
f 3842 3869 3868
f 3868 3869 3895
f 3868 3895 3894
f 3894 3895 79
f 3894 79 78
f 154 155 3844
f 154 3844 3843
f 3843 3844 3870
f 3843 3870 3869
f 3869 3870 3896
f 3869 3896 3895
f 3895 3896 80
f 3895 80 79
f 155 156 3845
f 155 3845 3844
f 3844 3845 3871
f 3844 3871 3870
f 3870 3871 3897
f 3870 3897 3896
f 3896 3897 81
f 3896 81 80
f 156 157 3846
f 156 3846 3845
f 3845 3846 3872
f 3845 3872 3871
f 3871 3872 3898
f 3871 3898 3897
f 3897 3898 82
f 3897 82 81
f 157 158 3847
f 157 3847 3846
f 3846 3847 3873
f 3846 3873 3872
f 3872 3873 3899
f 3872 3899 3898
f 3898 3899 83
f 3898 83 82
f 158 159 3848
f 158 3848 3847
f 3847 3848 3874
f 3847 3874 3873
f 3873 3874 3900
f 3873 3900 3899
f 3899 3900 84
f 3899 84 83
f 159 160 3849
f 159 3849 3848
f 3848 3849 3875
f 3848 3875 3874
f 3874 3875 3901
f 3874 3901 3900
f 3900 3901 85
f 3900 85 84
f 160 161 3850
f 160 3850 3849
f 3849 3850 3876
f 3849 3876 3875
f 3875 3876 3902
f 3875 3902 3901
f 3901 3902 86
f 3901 86 85
f 161 162 3851
f 161 3851 3850
f 3850 3851 3877
f 3850 3877 3876
f 3876 3877 3903
f 3876 3903 3902
f 3902 3903 87
f 3902 87 86
f 162 163 3852
f 162 3852 3851
f 3851 3852 3878
f 3851 3878 3877
f 3877 3878 3904
f 3877 3904 3903
f 3903 3904 88
f 3903 88 87
f 163 164 3853
f 163 3853 3852
f 3852 3853 3879
f 3852 3879 3878
f 3878 3879 3905
f 3878 3905 3904
f 3904 3905 89
f 3904 89 88
f 164 165 3854
f 164 3854 3853
f 3853 3854 3880
f 3853 3880 3879
f 3879 3880 3906
f 3879 3906 3905
f 3905 3906 90
f 3905 90 89
f 165 166 3855
f 165 3855 3854
f 3854 3855 3881
f 3854 3881 3880
f 3880 3881 3907
f 3880 3907 3906
f 3906 3907 91
f 3906 91 90
f 166 167 3856
f 166 3856 3855
f 3855 3856 3882
f 3855 3882 3881
f 3881 3882 3908
f 3881 3908 3907
f 3907 3908 92
f 3907 92 91
f 167 33 478
f 167 478 3856
f 3856 478 479
f 3856 479 3882
f 3882 479 480
f 3882 480 3908
f 3908 480 36
f 3908 36 92
f 31 551 3909
f 31 3909 142
f 142 3909 3912
f 142 3912 143
f 143 3912 3915
f 143 3915 144
f 144 3915 3918
f 144 3918 145
f 145 3918 3921
f 145 3921 146
f 146 3921 3924
f 146 3924 147
f 147 3924 3927
f 147 3927 148
f 148 3927 3930
f 148 3930 149
f 149 3930 3933
f 149 3933 150
f 150 3933 3936
f 150 3936 151
f 151 3936 3939
f 151 3939 152
f 152 3939 3942
f 152 3942 153
f 153 3942 3945
f 153 3945 154
f 154 3945 3948
f 154 3948 155
f 155 3948 3951
f 155 3951 156
f 156 3951 3954
f 156 3954 157
f 157 3954 3957
f 157 3957 158
f 158 3957 3960
f 158 3960 159
f 159 3960 3963
f 159 3963 160
f 160 3963 3966
f 160 3966 161
f 161 3966 3969
f 161 3969 162
f 162 3969 3972
f 162 3972 163
f 163 3972 3975
f 163 3975 164
f 164 3975 3978
f 164 3978 165
f 165 3978 3981
f 165 3981 166
f 166 3981 3984
f 166 3984 167
f 167 3984 483
f 167 483 33
f 551 550 3910
f 551 3910 3909
f 3909 3910 3913
f 3909 3913 3912
f 3912 3913 3916
f 3912 3916 3915
f 3915 3916 3919
f 3915 3919 3918
f 3918 3919 3922
f 3918 3922 3921
f 3921 3922 3925
f 3921 3925 3924
f 3924 3925 3928
f 3924 3928 3927
f 3927 3928 3931
f 3927 3931 3930
f 3930 3931 3934
f 3930 3934 3933
f 3933 3934 3937
f 3933 3937 3936
f 3936 3937 3940
f 3936 3940 3939
f 3939 3940 3943
f 3939 3943 3942
f 3942 3943 3946
f 3942 3946 3945
f 3945 3946 3949
f 3945 3949 3948
f 3948 3949 3952
f 3948 3952 3951
f 3951 3952 3955
f 3951 3955 3954
f 3954 3955 3958
f 3954 3958 3957
f 3957 3958 3961
f 3957 3961 3960
f 3960 3961 3964
f 3960 3964 3963
f 3963 3964 3967
f 3963 3967 3966
f 3966 3967 3970
f 3966 3970 3969
f 3969 3970 3973
f 3969 3973 3972
f 3972 3973 3976
f 3972 3976 3975
f 3975 3976 3979
f 3975 3979 3978
f 3978 3979 3982
f 3978 3982 3981
f 3981 3982 3985
f 3981 3985 3984
f 3984 3985 482
f 3984 482 483
f 550 549 3911
f 550 3911 3910
f 3910 3911 3914
f 3910 3914 3913
f 3913 3914 3917
f 3913 3917 3916
f 3916 3917 3920
f 3916 3920 3919
f 3919 3920 3923
f 3919 3923 3922
f 3922 3923 3926
f 3922 3926 3925
f 3925 3926 3929
f 3925 3929 3928
f 3928 3929 3932
f 3928 3932 3931
f 3931 3932 3935
f 3931 3935 3934
f 3934 3935 3938
f 3934 3938 3937
f 3937 3938 3941
f 3937 3941 3940
f 3940 3941 3944
f 3940 3944 3943
f 3943 3944 3947
f 3943 3947 3946
f 3946 3947 3950
f 3946 3950 3949
f 3949 3950 3953
f 3949 3953 3952
f 3952 3953 3956
f 3952 3956 3955
f 3955 3956 3959
f 3955 3959 3958
f 3958 3959 3962
f 3958 3962 3961
f 3961 3962 3965
f 3961 3965 3964
f 3964 3965 3968
f 3964 3968 3967
f 3967 3968 3971
f 3967 3971 3970
f 3970 3971 3974
f 3970 3974 3973
f 3973 3974 3977
f 3973 3977 3976
f 3976 3977 3980
f 3976 3980 3979
f 3979 3980 3983
f 3979 3983 3982
f 3982 3983 3986
f 3982 3986 3985
f 3985 3986 481
f 3985 481 482
f 549 8 141
f 549 141 3911
f 3911 141 140
f 3911 140 3914
f 3914 140 139
f 3914 139 3917
f 3917 139 138
f 3917 138 3920
f 3920 138 137
f 3920 137 3923
f 3923 137 136
f 3923 136 3926
f 3926 136 135
f 3926 135 3929
f 3929 135 134
f 3929 134 3932
f 3932 134 133
f 3932 133 3935
f 3935 133 132
f 3935 132 3938
f 3938 132 131
f 3938 131 3941
f 3941 131 130
f 3941 130 3944
f 3944 130 129
f 3944 129 3947
f 3947 129 128
f 3947 128 3950
f 3950 128 127
f 3950 127 3953
f 3953 127 126
f 3953 126 3956
f 3956 126 125
f 3956 125 3959
f 3959 125 124
f 3959 124 3962
f 3962 124 123
f 3962 123 3965
f 3965 123 122
f 3965 122 3968
f 3968 122 121
f 3968 121 3971
f 3971 121 120
f 3971 120 3974
f 3974 120 119
f 3974 119 3977
f 3977 119 118
f 3977 118 3980
f 3980 118 117
f 3980 117 3983
f 3983 117 116
f 3983 116 3986
f 3986 116 30
f 3986 30 481
f 32 956 3987
f 32 3987 673
f 673 3987 4013
f 673 4013 674
f 674 4013 4039
f 674 4039 675
f 675 4039 923
f 675 923 5
f 956 957 3988
f 956 3988 3987
f 3987 3988 4014
f 3987 4014 4013
f 4013 4014 4040
f 4013 4040 4039
f 4039 4040 924
f 4039 924 923
f 957 958 3989
f 957 3989 3988
f 3988 3989 4015
f 3988 4015 4014
f 4014 4015 4041
f 4014 4041 4040
f 4040 4041 925
f 4040 925 924
f 958 959 3990
f 958 3990 3989
f 3989 3990 4016
f 3989 4016 4015
f 4015 4016 4042
f 4015 4042 4041
f 4041 4042 926
f 4041 926 925
f 959 960 3991
f 959 3991 3990
f 3990 3991 4017
f 3990 4017 4016
f 4016 4017 4043
f 4016 4043 4042
f 4042 4043 927
f 4042 927 926
f 960 961 3992
f 960 3992 3991
f 3991 3992 4018
f 3991 4018 4017
f 4017 4018 4044
f 4017 4044 4043
f 4043 4044 928
f 4043 928 927
f 961 962 3993
f 961 3993 3992
f 3992 3993 4019
f 3992 4019 4018
f 4018 4019 4045
f 4018 4045 4044
f 4044 4045 929
f 4044 929 928
f 962 963 3994
f 962 3994 3993
f 3993 3994 4020
f 3993 4020 4019
f 4019 4020 4046
f 4019 4046 4045
f 4045 4046 930
f 4045 930 929
f 963 964 3995
f 963 3995 3994
f 3994 3995 4021
f 3994 4021 4020
f 4020 4021 4047
f 4020 4047 4046
f 4046 4047 931
f 4046 931 930
f 964 965 3996
f 964 3996 3995
f 3995 3996 4022
f 3995 4022 4021
f 4021 4022 4048
f 4021 4048 4047
f 4047 4048 932
f 4047 932 931
f 965 966 3997
f 965 3997 3996
f 3996 3997 4023
f 3996 4023 4022
f 4022 4023 4049
f 4022 4049 4048
f 4048 4049 933
f 4048 933 932
f 966 967 3998
f 966 3998 3997
f 3997 3998 4024
f 3997 4024 4023
f 4023 4024 4050
f 4023 4050 4049
f 4049 4050 934
f 4049 934 933
f 967 968 3999
f 967 3999 3998
f 3998 3999 4025
f 3998 4025 4024
f 4024 4025 4051
f 4024 4051 4050
f 4050 4051 935
f 4050 935 934
f 968 969 4000
f 968 4000 3999
f 3999 4000 4026
f 3999 4026 4025
f 4025 4026 4052
f 4025 4052 4051
f 4051 4052 936
f 4051 936 935
f 969 970 4001
f 969 4001 4000
f 4000 4001 4027
f 4000 4027 4026
f 4026 4027 4053
f 4026 4053 4052
f 4052 4053 937
f 4052 937 936
f 970 971 4002
f 970 4002 4001
f 4001 4002 4028
f 4001 4028 4027
f 4027 4028 4054
f 4027 4054 4053
f 4053 4054 938
f 4053 938 937
f 971 972 4003
f 971 4003 4002
f 4002 4003 4029
f 4002 4029 4028
f 4028 4029 4055
f 4028 4055 4054
f 4054 4055 939
f 4054 939 938
f 972 973 4004
f 972 4004 4003
f 4003 4004 4030
f 4003 4030 4029
f 4029 4030 4056
f 4029 4056 4055
f 4055 4056 940
f 4055 940 939
f 973 974 4005
f 973 4005 4004
f 4004 4005 4031
f 4004 4031 4030
f 4030 4031 4057
f 4030 4057 4056
f 4056 4057 941
f 4056 941 940
f 974 975 4006
f 974 4006 4005
f 4005 4006 4032
f 4005 4032 4031
f 4031 4032 4058
f 4031 4058 4057
f 4057 4058 942
f 4057 942 941
f 975 976 4007
f 975 4007 4006
f 4006 4007 4033
f 4006 4033 4032
f 4032 4033 4059
f 4032 4059 4058
f 4058 4059 943
f 4058 943 942
f 976 977 4008
f 976 4008 4007
f 4007 4008 4034
f 4007 4034 4033
f 4033 4034 4060
f 4033 4060 4059
f 4059 4060 944
f 4059 944 943
f 977 978 4009
f 977 4009 4008
f 4008 4009 4035
f 4008 4035 4034
f 4034 4035 4061
f 4034 4061 4060
f 4060 4061 945
f 4060 945 944
f 978 979 4010
f 978 4010 4009
f 4009 4010 4036
f 4009 4036 4035
f 4035 4036 4062
f 4035 4062 4061
f 4061 4062 946
f 4061 946 945
f 979 980 4011
f 979 4011 4010
f 4010 4011 4037
f 4010 4037 4036
f 4036 4037 4063
f 4036 4063 4062
f 4062 4063 947
f 4062 947 946
f 980 981 4012
f 980 4012 4011
f 4011 4012 4038
f 4011 4038 4037
f 4037 4038 4064
f 4037 4064 4063
f 4063 4064 948
f 4063 948 947
f 981 34 720
f 981 720 4012
f 4012 720 721
f 4012 721 4038
f 4038 721 722
f 4038 722 4064
f 4064 722 26
f 4064 26 948
f 32 789 4065
f 32 4065 956
f 956 4065 4068
f 956 4068 957
f 957 4068 4071
f 957 4071 958
f 958 4071 4074
f 958 4074 959
f 959 4074 4077
f 959 4077 960
f 960 4077 4080
f 960 4080 961
f 961 4080 4083
f 961 4083 962
f 962 4083 4086
f 962 4086 963
f 963 4086 4089
f 963 4089 964
f 964 4089 4092
f 964 4092 965
f 965 4092 4095
f 965 4095 966
f 966 4095 4098
f 966 4098 967
f 967 4098 4101
f 967 4101 968
f 968 4101 4104
f 968 4104 969
f 969 4104 4107
f 969 4107 970
f 970 4107 4110
f 970 4110 971
f 971 4110 4113
f 971 4113 972
f 972 4113 4116
f 972 4116 973
f 973 4116 4119
f 973 4119 974
f 974 4119 4122
f 974 4122 975
f 975 4122 4125
f 975 4125 976
f 976 4125 4128
f 976 4128 977
f 977 4128 4131
f 977 4131 978
f 978 4131 4134
f 978 4134 979
f 979 4134 4137
f 979 4137 980
f 980 4137 4140
f 980 4140 981
f 981 4140 749
f 981 749 34
f 789 790 4066
f 789 4066 4065
f 4065 4066 4069
f 4065 4069 4068
f 4068 4069 4072
f 4068 4072 4071
f 4071 4072 4075
f 4071 4075 4074
f 4074 4075 4078
f 4074 4078 4077
f 4077 4078 4081
f 4077 4081 4080
f 4080 4081 4084
f 4080 4084 4083
f 4083 4084 4087
f 4083 4087 4086
f 4086 4087 4090
f 4086 4090 4089
f 4089 4090 4093
f 4089 4093 4092
f 4092 4093 4096
f 4092 4096 4095
f 4095 4096 4099
f 4095 4099 4098
f 4098 4099 4102
f 4098 4102 4101
f 4101 4102 4105
f 4101 4105 4104
f 4104 4105 4108
f 4104 4108 4107
f 4107 4108 4111
f 4107 4111 4110
f 4110 4111 4114
f 4110 4114 4113
f 4113 4114 4117
f 4113 4117 4116
f 4116 4117 4120
f 4116 4120 4119
f 4119 4120 4123
f 4119 4123 4122
f 4122 4123 4126
f 4122 4126 4125
f 4125 4126 4129
f 4125 4129 4128
f 4128 4129 4132
f 4128 4132 4131
f 4131 4132 4135
f 4131 4135 4134
f 4134 4135 4138
f 4134 4138 4137
f 4137 4138 4141
f 4137 4141 4140
f 4140 4141 748
f 4140 748 749
f 790 791 4067
f 790 4067 4066
f 4066 4067 4070
f 4066 4070 4069
f 4069 4070 4073
f 4069 4073 4072
f 4072 4073 4076
f 4072 4076 4075
f 4075 4076 4079
f 4075 4079 4078
f 4078 4079 4082
f 4078 4082 4081
f 4081 4082 4085
f 4081 4085 4084
f 4084 4085 4088
f 4084 4088 4087
f 4087 4088 4091
f 4087 4091 4090
f 4090 4091 4094
f 4090 4094 4093
f 4093 4094 4097
f 4093 4097 4096
f 4096 4097 4100
f 4096 4100 4099
f 4099 4100 4103
f 4099 4103 4102
f 4102 4103 4106
f 4102 4106 4105
f 4105 4106 4109
f 4105 4109 4108
f 4108 4109 4112
f 4108 4112 4111
f 4111 4112 4115
f 4111 4115 4114
f 4114 4115 4118
f 4114 4118 4117
f 4117 4118 4121
f 4117 4121 4120
f 4120 4121 4124
f 4120 4124 4123
f 4123 4124 4127
f 4123 4127 4126
f 4126 4127 4130
f 4126 4130 4129
f 4129 4130 4133
f 4129 4133 4132
f 4132 4133 4136
f 4132 4136 4135
f 4135 4136 4139
f 4135 4139 4138
f 4138 4139 4142
f 4138 4142 4141
f 4141 4142 747
f 4141 747 748
f 791 37 1031
f 791 1031 4067
f 4067 1031 1032
f 4067 1032 4070
f 4070 1032 1033
f 4070 1033 4073
f 4073 1033 1034
f 4073 1034 4076
f 4076 1034 1035
f 4076 1035 4079
f 4079 1035 1036
f 4079 1036 4082
f 4082 1036 1037
f 4082 1037 4085
f 4085 1037 1038
f 4085 1038 4088
f 4088 1038 1039
f 4088 1039 4091
f 4091 1039 1040
f 4091 1040 4094
f 4094 1040 1041
f 4094 1041 4097
f 4097 1041 1042
f 4097 1042 4100
f 4100 1042 1043
f 4100 1043 4103
f 4103 1043 1044
f 4103 1044 4106
f 4106 1044 1045
f 4106 1045 4109
f 4109 1045 1046
f 4109 1046 4112
f 4112 1046 1047
f 4112 1047 4115
f 4115 1047 1048
f 4115 1048 4118
f 4118 1048 1049
f 4118 1049 4121
f 4121 1049 1050
f 4121 1050 4124
f 4124 1050 1051
f 4124 1051 4127
f 4127 1051 1052
f 4127 1052 4130
f 4130 1052 1053
f 4130 1053 4133
f 4133 1053 1054
f 4133 1054 4136
f 4136 1054 1055
f 4136 1055 4139
f 4139 1055 1056
f 4139 1056 4142
f 4142 1056 38
f 4142 38 747
f 32 646 4143
f 32 4143 789
f 789 4143 4170
f 789 4170 790
f 790 4170 4197
f 790 4197 791
f 791 4197 619
f 791 619 37
f 646 647 4144
f 646 4144 4143
f 4143 4144 4171
f 4143 4171 4170
f 4170 4171 4198
f 4170 4198 4197
f 4197 4198 620
f 4197 620 619
f 647 648 4145
f 647 4145 4144
f 4144 4145 4172
f 4144 4172 4171
f 4171 4172 4199
f 4171 4199 4198
f 4198 4199 621
f 4198 621 620
f 648 649 4146
f 648 4146 4145
f 4145 4146 4173
f 4145 4173 4172
f 4172 4173 4200
f 4172 4200 4199
f 4199 4200 622
f 4199 622 621
f 649 650 4147
f 649 4147 4146
f 4146 4147 4174
f 4146 4174 4173
f 4173 4174 4201
f 4173 4201 4200
f 4200 4201 623
f 4200 623 622
f 650 651 4148
f 650 4148 4147
f 4147 4148 4175
f 4147 4175 4174
f 4174 4175 4202
f 4174 4202 4201
f 4201 4202 624
f 4201 624 623
f 651 652 4149
f 651 4149 4148
f 4148 4149 4176
f 4148 4176 4175
f 4175 4176 4203
f 4175 4203 4202
f 4202 4203 625
f 4202 625 624
f 652 653 4150
f 652 4150 4149
f 4149 4150 4177
f 4149 4177 4176
f 4176 4177 4204
f 4176 4204 4203
f 4203 4204 626
f 4203 626 625
f 653 654 4151
f 653 4151 4150
f 4150 4151 4178
f 4150 4178 4177
f 4177 4178 4205
f 4177 4205 4204
f 4204 4205 627
f 4204 627 626
f 654 655 4152
f 654 4152 4151
f 4151 4152 4179
f 4151 4179 4178
f 4178 4179 4206
f 4178 4206 4205
f 4205 4206 628
f 4205 628 627
f 655 656 4153
f 655 4153 4152
f 4152 4153 4180
f 4152 4180 4179
f 4179 4180 4207
f 4179 4207 4206
f 4206 4207 629
f 4206 629 628
f 656 657 4154
f 656 4154 4153
f 4153 4154 4181
f 4153 4181 4180
f 4180 4181 4208
f 4180 4208 4207
f 4207 4208 630
f 4207 630 629
f 657 658 4155
f 657 4155 4154
f 4154 4155 4182
f 4154 4182 4181
f 4181 4182 4209
f 4181 4209 4208
f 4208 4209 631
f 4208 631 630
f 658 659 4156
f 658 4156 4155
f 4155 4156 4183
f 4155 4183 4182
f 4182 4183 4210
f 4182 4210 4209
f 4209 4210 632
f 4209 632 631
f 659 660 4157
f 659 4157 4156
f 4156 4157 4184
f 4156 4184 4183
f 4183 4184 4211
f 4183 4211 4210
f 4210 4211 633
f 4210 633 632
f 660 661 4158
f 660 4158 4157
f 4157 4158 4185
f 4157 4185 4184
f 4184 4185 4212
f 4184 4212 4211
f 4211 4212 634
f 4211 634 633
f 661 662 4159
f 661 4159 4158
f 4158 4159 4186
f 4158 4186 4185
f 4185 4186 4213
f 4185 4213 4212
f 4212 4213 635
f 4212 635 634
f 662 663 4160
f 662 4160 4159
f 4159 4160 4187
f 4159 4187 4186
f 4186 4187 4214
f 4186 4214 4213
f 4213 4214 636
f 4213 636 635
f 663 664 4161
f 663 4161 4160
f 4160 4161 4188
f 4160 4188 4187
f 4187 4188 4215
f 4187 4215 4214
f 4214 4215 637
f 4214 637 636
f 664 665 4162
f 664 4162 4161
f 4161 4162 4189
f 4161 4189 4188
f 4188 4189 4216
f 4188 4216 4215
f 4215 4216 638
f 4215 638 637
f 665 666 4163
f 665 4163 4162
f 4162 4163 4190
f 4162 4190 4189
f 4189 4190 4217
f 4189 4217 4216
f 4216 4217 639
f 4216 639 638
f 666 667 4164
f 666 4164 4163
f 4163 4164 4191
f 4163 4191 4190
f 4190 4191 4218
f 4190 4218 4217
f 4217 4218 640
f 4217 640 639
f 667 668 4165
f 667 4165 4164
f 4164 4165 4192
f 4164 4192 4191
f 4191 4192 4219
f 4191 4219 4218
f 4218 4219 641
f 4218 641 640
f 668 669 4166
f 668 4166 4165
f 4165 4166 4193
f 4165 4193 4192
f 4192 4193 4220
f 4192 4220 4219
f 4219 4220 642
f 4219 642 641
f 669 670 4167
f 669 4167 4166
f 4166 4167 4194
f 4166 4194 4193
f 4193 4194 4221
f 4193 4221 4220
f 4220 4221 643
f 4220 643 642
f 670 671 4168
f 670 4168 4167
f 4167 4168 4195
f 4167 4195 4194
f 4194 4195 4222
f 4194 4222 4221
f 4221 4222 644
f 4221 644 643
f 671 672 4169
f 671 4169 4168
f 4168 4169 4196
f 4168 4196 4195
f 4195 4196 4223
f 4195 4223 4222
f 4222 4223 645
f 4222 645 644
f 672 34 749
f 672 749 4169
f 4169 749 748
f 4169 748 4196
f 4196 748 747
f 4196 747 4223
f 4223 747 38
f 4223 38 645
f 35 321 4224
f 35 4224 580
f 580 4224 4228
f 580 4228 579
f 579 4228 4232
f 579 4232 578
f 578 4232 4236
f 578 4236 577
f 577 4236 4240
f 577 4240 576
f 576 4240 4244
f 576 4244 575
f 575 4244 4248
f 575 4248 574
f 574 4248 4252
f 574 4252 573
f 573 4252 4256
f 573 4256 572
f 572 4256 785
f 572 785 37
f 321 322 4225
f 321 4225 4224
f 4224 4225 4229
f 4224 4229 4228
f 4228 4229 4233
f 4228 4233 4232
f 4232 4233 4237
f 4232 4237 4236
f 4236 4237 4241
f 4236 4241 4240
f 4240 4241 4245
f 4240 4245 4244
f 4244 4245 4249
f 4244 4249 4248
f 4248 4249 4253
f 4248 4253 4252
f 4252 4253 4257
f 4252 4257 4256
f 4256 4257 786
f 4256 786 785
f 322 323 4226
f 322 4226 4225
f 4225 4226 4230
f 4225 4230 4229
f 4229 4230 4234
f 4229 4234 4233
f 4233 4234 4238
f 4233 4238 4237
f 4237 4238 4242
f 4237 4242 4241
f 4241 4242 4246
f 4241 4246 4245
f 4245 4246 4250
f 4245 4250 4249
f 4249 4250 4254
f 4249 4254 4253
f 4253 4254 4258
f 4253 4258 4257
f 4257 4258 787
f 4257 787 786
f 323 324 4227
f 323 4227 4226
f 4226 4227 4231
f 4226 4231 4230
f 4230 4231 4235
f 4230 4235 4234
f 4234 4235 4239
f 4234 4239 4238
f 4238 4239 4243
f 4238 4243 4242
f 4242 4243 4247
f 4242 4247 4246
f 4246 4247 4251
f 4246 4251 4250
f 4250 4251 4255
f 4250 4255 4254
f 4254 4255 4259
f 4254 4259 4258
f 4258 4259 788
f 4258 788 787
f 324 19 520
f 324 520 4227
f 4227 520 519
f 4227 519 4231
f 4231 519 518
f 4231 518 4235
f 4235 518 517
f 4235 517 4239
f 4239 517 516
f 4239 516 4243
f 4243 516 515
f 4243 515 4247
f 4247 515 514
f 4247 514 4251
f 4251 514 513
f 4251 513 4255
f 4255 513 512
f 4255 512 4259
f 4259 512 6
f 4259 6 788
f 35 67 4260
f 35 4260 321
f 321 4260 4286
f 321 4286 322
f 322 4286 4312
f 322 4312 323
f 323 4312 4338
f 323 4338 324
f 324 4338 66
f 324 66 19
f 67 68 4261
f 67 4261 4260
f 4260 4261 4287
f 4260 4287 4286
f 4286 4287 4313
f 4286 4313 4312
f 4312 4313 4339
f 4312 4339 4338
f 4338 4339 65
f 4338 65 66
f 68 69 4262
f 68 4262 4261
f 4261 4262 4288
f 4261 4288 4287
f 4287 4288 4314
f 4287 4314 4313
f 4313 4314 4340
f 4313 4340 4339
f 4339 4340 64
f 4339 64 65
f 69 70 4263
f 69 4263 4262
f 4262 4263 4289
f 4262 4289 4288
f 4288 4289 4315
f 4288 4315 4314
f 4314 4315 4341
f 4314 4341 4340
f 4340 4341 63
f 4340 63 64
f 70 71 4264
f 70 4264 4263
f 4263 4264 4290
f 4263 4290 4289
f 4289 4290 4316
f 4289 4316 4315
f 4315 4316 4342
f 4315 4342 4341
f 4341 4342 62
f 4341 62 63
f 71 72 4265
f 71 4265 4264
f 4264 4265 4291
f 4264 4291 4290
f 4290 4291 4317
f 4290 4317 4316
f 4316 4317 4343
f 4316 4343 4342
f 4342 4343 61
f 4342 61 62
f 72 73 4266
f 72 4266 4265
f 4265 4266 4292
f 4265 4292 4291
f 4291 4292 4318
f 4291 4318 4317
f 4317 4318 4344
f 4317 4344 4343
f 4343 4344 60
f 4343 60 61
f 73 74 4267
f 73 4267 4266
f 4266 4267 4293
f 4266 4293 4292
f 4292 4293 4319
f 4292 4319 4318
f 4318 4319 4345
f 4318 4345 4344
f 4344 4345 59
f 4344 59 60
f 74 75 4268
f 74 4268 4267
f 4267 4268 4294
f 4267 4294 4293
f 4293 4294 4320
f 4293 4320 4319
f 4319 4320 4346
f 4319 4346 4345
f 4345 4346 58
f 4345 58 59
f 75 76 4269
f 75 4269 4268
f 4268 4269 4295
f 4268 4295 4294
f 4294 4295 4321
f 4294 4321 4320
f 4320 4321 4347
f 4320 4347 4346
f 4346 4347 57
f 4346 57 58
f 76 77 4270
f 76 4270 4269
f 4269 4270 4296
f 4269 4296 4295
f 4295 4296 4322
f 4295 4322 4321
f 4321 4322 4348
f 4321 4348 4347
f 4347 4348 56
f 4347 56 57
f 77 78 4271
f 77 4271 4270
f 4270 4271 4297
f 4270 4297 4296
f 4296 4297 4323
f 4296 4323 4322
f 4322 4323 4349
f 4322 4349 4348
f 4348 4349 55
f 4348 55 56
f 78 79 4272
f 78 4272 4271
f 4271 4272 4298
f 4271 4298 4297
f 4297 4298 4324
f 4297 4324 4323
f 4323 4324 4350
f 4323 4350 4349
f 4349 4350 54
f 4349 54 55
f 79 80 4273
f 79 4273 4272
f 4272 4273 4299
f 4272 4299 4298
f 4298 4299 4325
f 4298 4325 4324
f 4324 4325 4351
f 4324 4351 4350
f 4350 4351 53
f 4350 53 54
f 80 81 4274
f 80 4274 4273
f 4273 4274 4300
f 4273 4300 4299
f 4299 4300 4326
f 4299 4326 4325
f 4325 4326 4352
f 4325 4352 4351
f 4351 4352 52
f 4351 52 53
f 81 82 4275
f 81 4275 4274
f 4274 4275 4301
f 4274 4301 4300
f 4300 4301 4327
f 4300 4327 4326
f 4326 4327 4353
f 4326 4353 4352
f 4352 4353 51
f 4352 51 52
f 82 83 4276
f 82 4276 4275
f 4275 4276 4302
f 4275 4302 4301
f 4301 4302 4328
f 4301 4328 4327
f 4327 4328 4354
f 4327 4354 4353
f 4353 4354 50
f 4353 50 51
f 83 84 4277
f 83 4277 4276
f 4276 4277 4303
f 4276 4303 4302
f 4302 4303 4329
f 4302 4329 4328
f 4328 4329 4355
f 4328 4355 4354
f 4354 4355 49
f 4354 49 50
f 84 85 4278
f 84 4278 4277
f 4277 4278 4304
f 4277 4304 4303
f 4303 4304 4330
f 4303 4330 4329
f 4329 4330 4356
f 4329 4356 4355
f 4355 4356 48
f 4355 48 49
f 85 86 4279
f 85 4279 4278
f 4278 4279 4305
f 4278 4305 4304
f 4304 4305 4331
f 4304 4331 4330
f 4330 4331 4357
f 4330 4357 4356
f 4356 4357 47
f 4356 47 48
f 86 87 4280
f 86 4280 4279
f 4279 4280 4306
f 4279 4306 4305
f 4305 4306 4332
f 4305 4332 4331
f 4331 4332 4358
f 4331 4358 4357
f 4357 4358 46
f 4357 46 47
f 87 88 4281
f 87 4281 4280
f 4280 4281 4307
f 4280 4307 4306
f 4306 4307 4333
f 4306 4333 4332
f 4332 4333 4359
f 4332 4359 4358
f 4358 4359 45
f 4358 45 46
f 88 89 4282
f 88 4282 4281
f 4281 4282 4308
f 4281 4308 4307
f 4307 4308 4334
f 4307 4334 4333
f 4333 4334 4360
f 4333 4360 4359
f 4359 4360 44
f 4359 44 45
f 89 90 4283
f 89 4283 4282
f 4282 4283 4309
f 4282 4309 4308
f 4308 4309 4335
f 4308 4335 4334
f 4334 4335 4361
f 4334 4361 4360
f 4360 4361 43
f 4360 43 44
f 90 91 4284
f 90 4284 4283
f 4283 4284 4310
f 4283 4310 4309
f 4309 4310 4336
f 4309 4336 4335
f 4335 4336 4362
f 4335 4362 4361
f 4361 4362 42
f 4361 42 43
f 91 92 4285
f 91 4285 4284
f 4284 4285 4311
f 4284 4311 4310
f 4310 4311 4337
f 4310 4337 4336
f 4336 4337 4363
f 4336 4363 4362
f 4362 4363 41
f 4362 41 42
f 92 36 431
f 92 431 4285
f 4285 431 432
f 4285 432 4311
f 4311 432 433
f 4311 433 4337
f 4337 433 434
f 4337 434 4363
f 4363 434 28
f 4363 28 41
f 35 580 4364
f 35 4364 368
f 368 4364 4373
f 368 4373 367
f 367 4373 4382
f 367 4382 366
f 366 4382 4391
f 366 4391 365
f 365 4391 4400
f 365 4400 364
f 364 4400 4409
f 364 4409 363
f 363 4409 4418
f 363 4418 362
f 362 4418 4427
f 362 4427 361
f 361 4427 4436
f 361 4436 360
f 360 4436 4445
f 360 4445 359
f 359 4445 4454
f 359 4454 358
f 358 4454 4463
f 358 4463 357
f 357 4463 4472
f 357 4472 356
f 356 4472 4481
f 356 4481 355
f 355 4481 4490
f 355 4490 354
f 354 4490 4499
f 354 4499 353
f 353 4499 4508
f 353 4508 352
f 352 4508 4517
f 352 4517 351
f 351 4517 4526
f 351 4526 350
f 350 4526 4535
f 350 4535 349
f 349 4535 4544
f 349 4544 348
f 348 4544 4553
f 348 4553 347
f 347 4553 4562
f 347 4562 346
f 346 4562 4571
f 346 4571 345
f 345 4571 4580
f 345 4580 344
f 344 4580 4589
f 344 4589 343
f 343 4589 4598
f 343 4598 342
f 342 4598 599
f 342 599 36
f 580 579 4365
f 580 4365 4364
f 4364 4365 4374
f 4364 4374 4373
f 4373 4374 4383
f 4373 4383 4382
f 4382 4383 4392
f 4382 4392 4391
f 4391 4392 4401
f 4391 4401 4400
f 4400 4401 4410
f 4400 4410 4409
f 4409 4410 4419
f 4409 4419 4418
f 4418 4419 4428
f 4418 4428 4427
f 4427 4428 4437
f 4427 4437 4436
f 4436 4437 4446
f 4436 4446 4445
f 4445 4446 4455
f 4445 4455 4454
f 4454 4455 4464
f 4454 4464 4463
f 4463 4464 4473
f 4463 4473 4472
f 4472 4473 4482
f 4472 4482 4481
f 4481 4482 4491
f 4481 4491 4490
f 4490 4491 4500
f 4490 4500 4499
f 4499 4500 4509
f 4499 4509 4508
f 4508 4509 4518
f 4508 4518 4517
f 4517 4518 4527
f 4517 4527 4526
f 4526 4527 4536
f 4526 4536 4535
f 4535 4536 4545
f 4535 4545 4544
f 4544 4545 4554
f 4544 4554 4553
f 4553 4554 4563
f 4553 4563 4562
f 4562 4563 4572
f 4562 4572 4571
f 4571 4572 4581
f 4571 4581 4580
f 4580 4581 4590
f 4580 4590 4589
f 4589 4590 4599
f 4589 4599 4598
f 4598 4599 598
f 4598 598 599
f 579 578 4366
f 579 4366 4365
f 4365 4366 4375
f 4365 4375 4374
f 4374 4375 4384
f 4374 4384 4383
f 4383 4384 4393
f 4383 4393 4392
f 4392 4393 4402
f 4392 4402 4401
f 4401 4402 4411
f 4401 4411 4410
f 4410 4411 4420
f 4410 4420 4419
f 4419 4420 4429
f 4419 4429 4428
f 4428 4429 4438
f 4428 4438 4437
f 4437 4438 4447
f 4437 4447 4446
f 4446 4447 4456
f 4446 4456 4455
f 4455 4456 4465
f 4455 4465 4464
f 4464 4465 4474
f 4464 4474 4473
f 4473 4474 4483
f 4473 4483 4482
f 4482 4483 4492
f 4482 4492 4491
f 4491 4492 4501
f 4491 4501 4500
f 4500 4501 4510
f 4500 4510 4509
f 4509 4510 4519
f 4509 4519 4518
f 4518 4519 4528
f 4518 4528 4527
f 4527 4528 4537
f 4527 4537 4536
f 4536 4537 4546
f 4536 4546 4545
f 4545 4546 4555
f 4545 4555 4554
f 4554 4555 4564
f 4554 4564 4563
f 4563 4564 4573
f 4563 4573 4572
f 4572 4573 4582
f 4572 4582 4581
f 4581 4582 4591
f 4581 4591 4590
f 4590 4591 4600
f 4590 4600 4599
f 4599 4600 597
f 4599 597 598
f 578 577 4367
f 578 4367 4366
f 4366 4367 4376
f 4366 4376 4375
f 4375 4376 4385
f 4375 4385 4384
f 4384 4385 4394
f 4384 4394 4393
f 4393 4394 4403
f 4393 4403 4402
f 4402 4403 4412
f 4402 4412 4411
f 4411 4412 4421
f 4411 4421 4420
f 4420 4421 4430
f 4420 4430 4429
f 4429 4430 4439
f 4429 4439 4438
f 4438 4439 4448
f 4438 4448 4447
f 4447 4448 4457
f 4447 4457 4456
f 4456 4457 4466
f 4456 4466 4465
f 4465 4466 4475
f 4465 4475 4474
f 4474 4475 4484
f 4474 4484 4483
f 4483 4484 4493
f 4483 4493 4492
f 4492 4493 4502
f 4492 4502 4501
f 4501 4502 4511
f 4501 4511 4510
f 4510 4511 4520
f 4510 4520 4519
f 4519 4520 4529
f 4519 4529 4528
f 4528 4529 4538
f 4528 4538 4537
f 4537 4538 4547
f 4537 4547 4546
f 4546 4547 4556
f 4546 4556 4555
f 4555 4556 4565
f 4555 4565 4564
f 4564 4565 4574
f 4564 4574 4573
f 4573 4574 4583
f 4573 4583 4582
f 4582 4583 4592
f 4582 4592 4591
f 4591 4592 4601
f 4591 4601 4600
f 4600 4601 596
f 4600 596 597
f 577 576 4368
f 577 4368 4367
f 4367 4368 4377
f 4367 4377 4376
f 4376 4377 4386
f 4376 4386 4385
f 4385 4386 4395
f 4385 4395 4394
f 4394 4395 4404
f 4394 4404 4403
f 4403 4404 4413
f 4403 4413 4412
f 4412 4413 4422
f 4412 4422 4421
f 4421 4422 4431
f 4421 4431 4430
f 4430 4431 4440
f 4430 4440 4439
f 4439 4440 4449
f 4439 4449 4448
f 4448 4449 4458
f 4448 4458 4457
f 4457 4458 4467
f 4457 4467 4466
f 4466 4467 4476
f 4466 4476 4475
f 4475 4476 4485
f 4475 4485 4484
f 4484 4485 4494
f 4484 4494 4493
f 4493 4494 4503
f 4493 4503 4502
f 4502 4503 4512
f 4502 4512 4511
f 4511 4512 4521
f 4511 4521 4520
f 4520 4521 4530
f 4520 4530 4529
f 4529 4530 4539
f 4529 4539 4538
f 4538 4539 4548
f 4538 4548 4547
f 4547 4548 4557
f 4547 4557 4556
f 4556 4557 4566
f 4556 4566 4565
f 4565 4566 4575
f 4565 4575 4574
f 4574 4575 4584
f 4574 4584 4583
f 4583 4584 4593
f 4583 4593 4592
f 4592 4593 4602
f 4592 4602 4601
f 4601 4602 595
f 4601 595 596
f 576 575 4369
f 576 4369 4368
f 4368 4369 4378
f 4368 4378 4377
f 4377 4378 4387
f 4377 4387 4386
f 4386 4387 4396
f 4386 4396 4395
f 4395 4396 4405
f 4395 4405 4404
f 4404 4405 4414
f 4404 4414 4413
f 4413 4414 4423
f 4413 4423 4422
f 4422 4423 4432
f 4422 4432 4431
f 4431 4432 4441
f 4431 4441 4440
f 4440 4441 4450
f 4440 4450 4449
f 4449 4450 4459
f 4449 4459 4458
f 4458 4459 4468
f 4458 4468 4467
f 4467 4468 4477
f 4467 4477 4476
f 4476 4477 4486
f 4476 4486 4485
f 4485 4486 4495
f 4485 4495 4494
f 4494 4495 4504
f 4494 4504 4503
f 4503 4504 4513
f 4503 4513 4512
f 4512 4513 4522
f 4512 4522 4521
f 4521 4522 4531
f 4521 4531 4530
f 4530 4531 4540
f 4530 4540 4539
f 4539 4540 4549
f 4539 4549 4548
f 4548 4549 4558
f 4548 4558 4557
f 4557 4558 4567
f 4557 4567 4566
f 4566 4567 4576
f 4566 4576 4575
f 4575 4576 4585
f 4575 4585 4584
f 4584 4585 4594
f 4584 4594 4593
f 4593 4594 4603
f 4593 4603 4602
f 4602 4603 594
f 4602 594 595
f 575 574 4370
f 575 4370 4369
f 4369 4370 4379
f 4369 4379 4378
f 4378 4379 4388
f 4378 4388 4387
f 4387 4388 4397
f 4387 4397 4396
f 4396 4397 4406
f 4396 4406 4405
f 4405 4406 4415
f 4405 4415 4414
f 4414 4415 4424
f 4414 4424 4423
f 4423 4424 4433
f 4423 4433 4432
f 4432 4433 4442
f 4432 4442 4441
f 4441 4442 4451
f 4441 4451 4450
f 4450 4451 4460
f 4450 4460 4459
f 4459 4460 4469
f 4459 4469 4468
f 4468 4469 4478
f 4468 4478 4477
f 4477 4478 4487
f 4477 4487 4486
f 4486 4487 4496
f 4486 4496 4495
f 4495 4496 4505
f 4495 4505 4504
f 4504 4505 4514
f 4504 4514 4513
f 4513 4514 4523
f 4513 4523 4522
f 4522 4523 4532
f 4522 4532 4531
f 4531 4532 4541
f 4531 4541 4540
f 4540 4541 4550
f 4540 4550 4549
f 4549 4550 4559
f 4549 4559 4558
f 4558 4559 4568
f 4558 4568 4567
f 4567 4568 4577
f 4567 4577 4576
f 4576 4577 4586
f 4576 4586 4585
f 4585 4586 4595
f 4585 4595 4594
f 4594 4595 4604
f 4594 4604 4603
f 4603 4604 593
f 4603 593 594
f 574 573 4371
f 574 4371 4370
f 4370 4371 4380
f 4370 4380 4379
f 4379 4380 4389
f 4379 4389 4388
f 4388 4389 4398
f 4388 4398 4397
f 4397 4398 4407
f 4397 4407 4406
f 4406 4407 4416
f 4406 4416 4415
f 4415 4416 4425
f 4415 4425 4424
f 4424 4425 4434
f 4424 4434 4433
f 4433 4434 4443
f 4433 4443 4442
f 4442 4443 4452
f 4442 4452 4451
f 4451 4452 4461
f 4451 4461 4460
f 4460 4461 4470
f 4460 4470 4469
f 4469 4470 4479
f 4469 4479 4478
f 4478 4479 4488
f 4478 4488 4487
f 4487 4488 4497
f 4487 4497 4496
f 4496 4497 4506
f 4496 4506 4505
f 4505 4506 4515
f 4505 4515 4514
f 4514 4515 4524
f 4514 4524 4523
f 4523 4524 4533
f 4523 4533 4532
f 4532 4533 4542
f 4532 4542 4541
f 4541 4542 4551
f 4541 4551 4550
f 4550 4551 4560
f 4550 4560 4559
f 4559 4560 4569
f 4559 4569 4568
f 4568 4569 4578
f 4568 4578 4577
f 4577 4578 4587
f 4577 4587 4586
f 4586 4587 4596
f 4586 4596 4595
f 4595 4596 4605
f 4595 4605 4604
f 4604 4605 592
f 4604 592 593
f 573 572 4372
f 573 4372 4371
f 4371 4372 4381
f 4371 4381 4380
f 4380 4381 4390
f 4380 4390 4389
f 4389 4390 4399
f 4389 4399 4398
f 4398 4399 4408
f 4398 4408 4407
f 4407 4408 4417
f 4407 4417 4416
f 4416 4417 4426
f 4416 4426 4425
f 4425 4426 4435
f 4425 4435 4434
f 4434 4435 4444
f 4434 4444 4443
f 4443 4444 4453
f 4443 4453 4452
f 4452 4453 4462
f 4452 4462 4461
f 4461 4462 4471
f 4461 4471 4470
f 4470 4471 4480
f 4470 4480 4479
f 4479 4480 4489
f 4479 4489 4488
f 4488 4489 4498
f 4488 4498 4497
f 4497 4498 4507
f 4497 4507 4506
f 4506 4507 4516
f 4506 4516 4515
f 4515 4516 4525
f 4515 4525 4524
f 4524 4525 4534
f 4524 4534 4533
f 4533 4534 4543
f 4533 4543 4542
f 4542 4543 4552
f 4542 4552 4551
f 4551 4552 4561
f 4551 4561 4560
f 4560 4561 4570
f 4560 4570 4569
f 4569 4570 4579
f 4569 4579 4578
f 4578 4579 4588
f 4578 4588 4587
f 4587 4588 4597
f 4587 4597 4596
f 4596 4597 4606
f 4596 4606 4605
f 4605 4606 591
f 4605 591 592
f 572 37 619
f 572 619 4372
f 4372 619 620
f 4372 620 4381
f 4381 620 621
f 4381 621 4390
f 4390 621 622
f 4390 622 4399
f 4399 622 623
f 4399 623 4408
f 4408 623 624
f 4408 624 4417
f 4417 624 625
f 4417 625 4426
f 4426 625 626
f 4426 626 4435
f 4435 626 627
f 4435 627 4444
f 4444 627 628
f 4444 628 4453
f 4453 628 629
f 4453 629 4462
f 4462 629 630
f 4462 630 4471
f 4471 630 631
f 4471 631 4480
f 4480 631 632
f 4480 632 4489
f 4489 632 633
f 4489 633 4498
f 4498 633 634
f 4498 634 4507
f 4507 634 635
f 4507 635 4516
f 4516 635 636
f 4516 636 4525
f 4525 636 637
f 4525 637 4534
f 4534 637 638
f 4534 638 4543
f 4543 638 639
f 4543 639 4552
f 4552 639 640
f 4552 640 4561
f 4561 640 641
f 4561 641 4570
f 4570 641 642
f 4570 642 4579
f 4579 642 643
f 4579 643 4588
f 4588 643 644
f 4588 644 4597
f 4597 644 645
f 4597 645 4606
f 4606 645 38
f 4606 38 591
f 37 785 4607
f 37 4607 1031
f 1031 4607 4611
f 1031 4611 1032
f 1032 4611 4615
f 1032 4615 1033
f 1033 4615 4619
f 1033 4619 1034
f 1034 4619 4623
f 1034 4623 1035
f 1035 4623 4627
f 1035 4627 1036
f 1036 4627 4631
f 1036 4631 1037
f 1037 4631 4635
f 1037 4635 1038
f 1038 4635 4639
f 1038 4639 1039
f 1039 4639 4643
f 1039 4643 1040
f 1040 4643 4647
f 1040 4647 1041
f 1041 4647 4651
f 1041 4651 1042
f 1042 4651 4655
f 1042 4655 1043
f 1043 4655 4659
f 1043 4659 1044
f 1044 4659 4663
f 1044 4663 1045
f 1045 4663 4667
f 1045 4667 1046
f 1046 4667 4671
f 1046 4671 1047
f 1047 4671 4675
f 1047 4675 1048
f 1048 4675 4679
f 1048 4679 1049
f 1049 4679 4683
f 1049 4683 1050
f 1050 4683 4687
f 1050 4687 1051
f 1051 4687 4691
f 1051 4691 1052
f 1052 4691 4695
f 1052 4695 1053
f 1053 4695 4699
f 1053 4699 1054
f 1054 4699 4703
f 1054 4703 1055
f 1055 4703 4707
f 1055 4707 1056
f 1056 4707 750
f 1056 750 38
f 785 786 4608
f 785 4608 4607
f 4607 4608 4612
f 4607 4612 4611
f 4611 4612 4616
f 4611 4616 4615
f 4615 4616 4620
f 4615 4620 4619
f 4619 4620 4624
f 4619 4624 4623
f 4623 4624 4628
f 4623 4628 4627
f 4627 4628 4632
f 4627 4632 4631
f 4631 4632 4636
f 4631 4636 4635
f 4635 4636 4640
f 4635 4640 4639
f 4639 4640 4644
f 4639 4644 4643
f 4643 4644 4648
f 4643 4648 4647
f 4647 4648 4652
f 4647 4652 4651
f 4651 4652 4656
f 4651 4656 4655
f 4655 4656 4660
f 4655 4660 4659
f 4659 4660 4664
f 4659 4664 4663
f 4663 4664 4668
f 4663 4668 4667
f 4667 4668 4672
f 4667 4672 4671
f 4671 4672 4676
f 4671 4676 4675
f 4675 4676 4680
f 4675 4680 4679
f 4679 4680 4684
f 4679 4684 4683
f 4683 4684 4688
f 4683 4688 4687
f 4687 4688 4692
f 4687 4692 4691
f 4691 4692 4696
f 4691 4696 4695
f 4695 4696 4700
f 4695 4700 4699
f 4699 4700 4704
f 4699 4704 4703
f 4703 4704 4708
f 4703 4708 4707
f 4707 4708 751
f 4707 751 750
f 786 787 4609
f 786 4609 4608
f 4608 4609 4613
f 4608 4613 4612
f 4612 4613 4617
f 4612 4617 4616
f 4616 4617 4621
f 4616 4621 4620
f 4620 4621 4625
f 4620 4625 4624
f 4624 4625 4629
f 4624 4629 4628
f 4628 4629 4633
f 4628 4633 4632
f 4632 4633 4637
f 4632 4637 4636
f 4636 4637 4641
f 4636 4641 4640
f 4640 4641 4645
f 4640 4645 4644
f 4644 4645 4649
f 4644 4649 4648
f 4648 4649 4653
f 4648 4653 4652
f 4652 4653 4657
f 4652 4657 4656
f 4656 4657 4661
f 4656 4661 4660
f 4660 4661 4665
f 4660 4665 4664
f 4664 4665 4669
f 4664 4669 4668
f 4668 4669 4673
f 4668 4673 4672
f 4672 4673 4677
f 4672 4677 4676
f 4676 4677 4681
f 4676 4681 4680
f 4680 4681 4685
f 4680 4685 4684
f 4684 4685 4689
f 4684 4689 4688
f 4688 4689 4693
f 4688 4693 4692
f 4692 4693 4697
f 4692 4697 4696
f 4696 4697 4701
f 4696 4701 4700
f 4700 4701 4705
f 4700 4705 4704
f 4704 4705 4709
f 4704 4709 4708
f 4708 4709 752
f 4708 752 751
f 787 788 4610
f 787 4610 4609
f 4609 4610 4614
f 4609 4614 4613
f 4613 4614 4618
f 4613 4618 4617
f 4617 4618 4622
f 4617 4622 4621
f 4621 4622 4626
f 4621 4626 4625
f 4625 4626 4630
f 4625 4630 4629
f 4629 4630 4634
f 4629 4634 4633
f 4633 4634 4638
f 4633 4638 4637
f 4637 4638 4642
f 4637 4642 4641
f 4641 4642 4646
f 4641 4646 4645
f 4645 4646 4650
f 4645 4650 4649
f 4649 4650 4654
f 4649 4654 4653
f 4653 4654 4658
f 4653 4658 4657
f 4657 4658 4662
f 4657 4662 4661
f 4661 4662 4666
f 4661 4666 4665
f 4665 4666 4670
f 4665 4670 4669
f 4669 4670 4674
f 4669 4674 4673
f 4673 4674 4678
f 4673 4678 4677
f 4677 4678 4682
f 4677 4682 4681
f 4681 4682 4686
f 4681 4686 4685
f 4685 4686 4690
f 4685 4690 4689
f 4689 4690 4694
f 4689 4694 4693
f 4693 4694 4698
f 4693 4698 4697
f 4697 4698 4702
f 4697 4702 4701
f 4701 4702 4706
f 4701 4706 4705
f 4705 4706 4710
f 4705 4710 4709
f 4709 4710 753
f 4709 753 752
f 788 6 1030
f 788 1030 4610
f 4610 1030 1029
f 4610 1029 4614
f 4614 1029 1028
f 4614 1028 4618
f 4618 1028 1027
f 4618 1027 4622
f 4622 1027 1026
f 4622 1026 4626
f 4626 1026 1025
f 4626 1025 4630
f 4630 1025 1024
f 4630 1024 4634
f 4634 1024 1023
f 4634 1023 4638
f 4638 1023 1022
f 4638 1022 4642
f 4642 1022 1021
f 4642 1021 4646
f 4646 1021 1020
f 4646 1020 4650
f 4650 1020 1019
f 4650 1019 4654
f 4654 1019 1018
f 4654 1018 4658
f 4658 1018 1017
f 4658 1017 4662
f 4662 1017 1016
f 4662 1016 4666
f 4666 1016 1015
f 4666 1015 4670
f 4670 1015 1014
f 4670 1014 4674
f 4674 1014 1013
f 4674 1013 4678
f 4678 1013 1012
f 4678 1012 4682
f 4682 1012 1011
f 4682 1011 4686
f 4686 1011 1010
f 4686 1010 4690
f 4690 1010 1009
f 4690 1009 4694
f 4694 1009 1008
f 4694 1008 4698
f 4698 1008 1007
f 4698 1007 4702
f 4702 1007 1006
f 4702 1006 4706
f 4706 1006 1005
f 4706 1005 4710
f 4710 1005 25
f 4710 25 753
f 8 303 4711
f 8 4711 141
f 141 4711 4719
f 141 4719 140
f 140 4719 4727
f 140 4727 139
f 139 4727 4735
f 139 4735 138
f 138 4735 4743
f 138 4743 137
f 137 4743 4751
f 137 4751 136
f 136 4751 4759
f 136 4759 135
f 135 4759 4767
f 135 4767 134
f 134 4767 4775
f 134 4775 133
f 133 4775 4783
f 133 4783 132
f 132 4783 4791
f 132 4791 131
f 131 4791 4799
f 131 4799 130
f 130 4799 4807
f 130 4807 129
f 129 4807 4815
f 129 4815 128
f 128 4815 4823
f 128 4823 127
f 127 4823 4831
f 127 4831 126
f 126 4831 4839
f 126 4839 125
f 125 4839 4847
f 125 4847 124
f 124 4847 4855
f 124 4855 123
f 123 4855 4863
f 123 4863 122
f 122 4863 4871
f 122 4871 121
f 121 4871 4879
f 121 4879 120
f 120 4879 4887
f 120 4887 119
f 119 4887 4895
f 119 4895 118
f 118 4895 4903
f 118 4903 117
f 117 4903 4911
f 117 4911 116
f 116 4911 477
f 116 477 30
f 303 304 4712
f 303 4712 4711
f 4711 4712 4720
f 4711 4720 4719
f 4719 4720 4728
f 4719 4728 4727
f 4727 4728 4736
f 4727 4736 4735
f 4735 4736 4744
f 4735 4744 4743
f 4743 4744 4752
f 4743 4752 4751
f 4751 4752 4760
f 4751 4760 4759
f 4759 4760 4768
f 4759 4768 4767
f 4767 4768 4776
f 4767 4776 4775
f 4775 4776 4784
f 4775 4784 4783
f 4783 4784 4792
f 4783 4792 4791
f 4791 4792 4800
f 4791 4800 4799
f 4799 4800 4808
f 4799 4808 4807
f 4807 4808 4816
f 4807 4816 4815
f 4815 4816 4824
f 4815 4824 4823
f 4823 4824 4832
f 4823 4832 4831
f 4831 4832 4840
f 4831 4840 4839
f 4839 4840 4848
f 4839 4848 4847
f 4847 4848 4856
f 4847 4856 4855
f 4855 4856 4864
f 4855 4864 4863
f 4863 4864 4872
f 4863 4872 4871
f 4871 4872 4880
f 4871 4880 4879
f 4879 4880 4888
f 4879 4888 4887
f 4887 4888 4896
f 4887 4896 4895
f 4895 4896 4904
f 4895 4904 4903
f 4903 4904 4912
f 4903 4912 4911
f 4911 4912 476
f 4911 476 477
f 304 305 4713
f 304 4713 4712
f 4712 4713 4721
f 4712 4721 4720
f 4720 4721 4729
f 4720 4729 4728
f 4728 4729 4737
f 4728 4737 4736
f 4736 4737 4745
f 4736 4745 4744
f 4744 4745 4753
f 4744 4753 4752
f 4752 4753 4761
f 4752 4761 4760
f 4760 4761 4769
f 4760 4769 4768
f 4768 4769 4777
f 4768 4777 4776
f 4776 4777 4785
f 4776 4785 4784
f 4784 4785 4793
f 4784 4793 4792
f 4792 4793 4801
f 4792 4801 4800
f 4800 4801 4809
f 4800 4809 4808
f 4808 4809 4817
f 4808 4817 4816
f 4816 4817 4825
f 4816 4825 4824
f 4824 4825 4833
f 4824 4833 4832
f 4832 4833 4841
f 4832 4841 4840
f 4840 4841 4849
f 4840 4849 4848
f 4848 4849 4857
f 4848 4857 4856
f 4856 4857 4865
f 4856 4865 4864
f 4864 4865 4873
f 4864 4873 4872
f 4872 4873 4881
f 4872 4881 4880
f 4880 4881 4889
f 4880 4889 4888
f 4888 4889 4897
f 4888 4897 4896
f 4896 4897 4905
f 4896 4905 4904
f 4904 4905 4913
f 4904 4913 4912
f 4912 4913 475
f 4912 475 476
f 305 306 4714
f 305 4714 4713
f 4713 4714 4722
f 4713 4722 4721
f 4721 4722 4730
f 4721 4730 4729
f 4729 4730 4738
f 4729 4738 4737
f 4737 4738 4746
f 4737 4746 4745
f 4745 4746 4754
f 4745 4754 4753
f 4753 4754 4762
f 4753 4762 4761
f 4761 4762 4770
f 4761 4770 4769
f 4769 4770 4778
f 4769 4778 4777
f 4777 4778 4786
f 4777 4786 4785
f 4785 4786 4794
f 4785 4794 4793
f 4793 4794 4802
f 4793 4802 4801
f 4801 4802 4810
f 4801 4810 4809
f 4809 4810 4818
f 4809 4818 4817
f 4817 4818 4826
f 4817 4826 4825
f 4825 4826 4834
f 4825 4834 4833
f 4833 4834 4842
f 4833 4842 4841
f 4841 4842 4850
f 4841 4850 4849
f 4849 4850 4858
f 4849 4858 4857
f 4857 4858 4866
f 4857 4866 4865
f 4865 4866 4874
f 4865 4874 4873
f 4873 4874 4882
f 4873 4882 4881
f 4881 4882 4890
f 4881 4890 4889
f 4889 4890 4898
f 4889 4898 4897
f 4897 4898 4906
f 4897 4906 4905
f 4905 4906 4914
f 4905 4914 4913
f 4913 4914 474
f 4913 474 475
f 306 307 4715
f 306 4715 4714
f 4714 4715 4723
f 4714 4723 4722
f 4722 4723 4731
f 4722 4731 4730
f 4730 4731 4739
f 4730 4739 4738
f 4738 4739 4747
f 4738 4747 4746
f 4746 4747 4755
f 4746 4755 4754
f 4754 4755 4763
f 4754 4763 4762
f 4762 4763 4771
f 4762 4771 4770
f 4770 4771 4779
f 4770 4779 4778
f 4778 4779 4787
f 4778 4787 4786
f 4786 4787 4795
f 4786 4795 4794
f 4794 4795 4803
f 4794 4803 4802
f 4802 4803 4811
f 4802 4811 4810
f 4810 4811 4819
f 4810 4819 4818
f 4818 4819 4827
f 4818 4827 4826
f 4826 4827 4835
f 4826 4835 4834
f 4834 4835 4843
f 4834 4843 4842
f 4842 4843 4851
f 4842 4851 4850
f 4850 4851 4859
f 4850 4859 4858
f 4858 4859 4867
f 4858 4867 4866
f 4866 4867 4875
f 4866 4875 4874
f 4874 4875 4883
f 4874 4883 4882
f 4882 4883 4891
f 4882 4891 4890
f 4890 4891 4899
f 4890 4899 4898
f 4898 4899 4907
f 4898 4907 4906
f 4906 4907 4915
f 4906 4915 4914
f 4914 4915 473
f 4914 473 474
f 307 308 4716
f 307 4716 4715
f 4715 4716 4724
f 4715 4724 4723
f 4723 4724 4732
f 4723 4732 4731
f 4731 4732 4740
f 4731 4740 4739
f 4739 4740 4748
f 4739 4748 4747
f 4747 4748 4756
f 4747 4756 4755
f 4755 4756 4764
f 4755 4764 4763
f 4763 4764 4772
f 4763 4772 4771
f 4771 4772 4780
f 4771 4780 4779
f 4779 4780 4788
f 4779 4788 4787
f 4787 4788 4796
f 4787 4796 4795
f 4795 4796 4804
f 4795 4804 4803
f 4803 4804 4812
f 4803 4812 4811
f 4811 4812 4820
f 4811 4820 4819
f 4819 4820 4828
f 4819 4828 4827
f 4827 4828 4836
f 4827 4836 4835
f 4835 4836 4844
f 4835 4844 4843
f 4843 4844 4852
f 4843 4852 4851
f 4851 4852 4860
f 4851 4860 4859
f 4859 4860 4868
f 4859 4868 4867
f 4867 4868 4876
f 4867 4876 4875
f 4875 4876 4884
f 4875 4884 4883
f 4883 4884 4892
f 4883 4892 4891
f 4891 4892 4900
f 4891 4900 4899
f 4899 4900 4908
f 4899 4908 4907
f 4907 4908 4916
f 4907 4916 4915
f 4915 4916 472
f 4915 472 473
f 308 309 4717
f 308 4717 4716
f 4716 4717 4725
f 4716 4725 4724
f 4724 4725 4733
f 4724 4733 4732
f 4732 4733 4741
f 4732 4741 4740
f 4740 4741 4749
f 4740 4749 4748
f 4748 4749 4757
f 4748 4757 4756
f 4756 4757 4765
f 4756 4765 4764
f 4764 4765 4773
f 4764 4773 4772
f 4772 4773 4781
f 4772 4781 4780
f 4780 4781 4789
f 4780 4789 4788
f 4788 4789 4797
f 4788 4797 4796
f 4796 4797 4805
f 4796 4805 4804
f 4804 4805 4813
f 4804 4813 4812
f 4812 4813 4821
f 4812 4821 4820
f 4820 4821 4829
f 4820 4829 4828
f 4828 4829 4837
f 4828 4837 4836
f 4836 4837 4845
f 4836 4845 4844
f 4844 4845 4853
f 4844 4853 4852
f 4852 4853 4861
f 4852 4861 4860
f 4860 4861 4869
f 4860 4869 4868
f 4868 4869 4877
f 4868 4877 4876
f 4876 4877 4885
f 4876 4885 4884
f 4884 4885 4893
f 4884 4893 4892
f 4892 4893 4901
f 4892 4901 4900
f 4900 4901 4909
f 4900 4909 4908
f 4908 4909 4917
f 4908 4917 4916
f 4916 4917 471
f 4916 471 472
f 309 310 4718
f 309 4718 4717
f 4717 4718 4726
f 4717 4726 4725
f 4725 4726 4734
f 4725 4734 4733
f 4733 4734 4742
f 4733 4742 4741
f 4741 4742 4750
f 4741 4750 4749
f 4749 4750 4758
f 4749 4758 4757
f 4757 4758 4766
f 4757 4766 4765
f 4765 4766 4774
f 4765 4774 4773
f 4773 4774 4782
f 4773 4782 4781
f 4781 4782 4790
f 4781 4790 4789
f 4789 4790 4798
f 4789 4798 4797
f 4797 4798 4806
f 4797 4806 4805
f 4805 4806 4814
f 4805 4814 4813
f 4813 4814 4822
f 4813 4822 4821
f 4821 4822 4830
f 4821 4830 4829
f 4829 4830 4838
f 4829 4838 4837
f 4837 4838 4846
f 4837 4846 4845
f 4845 4846 4854
f 4845 4854 4853
f 4853 4854 4862
f 4853 4862 4861
f 4861 4862 4870
f 4861 4870 4869
f 4869 4870 4878
f 4869 4878 4877
f 4877 4878 4886
f 4877 4886 4885
f 4885 4886 4894
f 4885 4894 4893
f 4893 4894 4902
f 4893 4902 4901
f 4901 4902 4910
f 4901 4910 4909
f 4909 4910 4918
f 4909 4918 4917
f 4917 4918 470
f 4917 470 471
f 310 19 66
f 310 66 4718
f 4718 66 65
f 4718 65 4726
f 4726 65 64
f 4726 64 4734
f 4734 64 63
f 4734 63 4742
f 4742 63 62
f 4742 62 4750
f 4750 62 61
f 4750 61 4758
f 4758 61 60
f 4758 60 4766
f 4766 60 59
f 4766 59 4774
f 4774 59 58
f 4774 58 4782
f 4782 58 57
f 4782 57 4790
f 4790 57 56
f 4790 56 4798
f 4798 56 55
f 4798 55 4806
f 4806 55 54
f 4806 54 4814
f 4814 54 53
f 4814 53 4822
f 4822 53 52
f 4822 52 4830
f 4830 52 51
f 4830 51 4838
f 4838 51 50
f 4838 50 4846
f 4846 50 49
f 4846 49 4854
f 4854 49 48
f 4854 48 4862
f 4862 48 47
f 4862 47 4870
f 4870 47 46
f 4870 46 4878
f 4878 46 45
f 4878 45 4886
f 4886 45 44
f 4886 44 4894
f 4894 44 43
f 4894 43 4902
f 4902 43 42
f 4902 42 4910
f 4910 42 41
f 4910 41 4918
f 4918 41 28
f 4918 28 470
f 5 923 4919
f 5 4919 870
f 870 4919 4945
f 870 4945 871
f 871 4945 4971
f 871 4971 872
f 872 4971 4997
f 872 4997 873
f 873 4997 5023
f 873 5023 874
f 874 5023 5049
f 874 5049 875
f 875 5049 5075
f 875 5075 876
f 876 5075 5101
f 876 5101 877
f 877 5101 1030
f 877 1030 6
f 923 924 4920
f 923 4920 4919
f 4919 4920 4946
f 4919 4946 4945
f 4945 4946 4972
f 4945 4972 4971
f 4971 4972 4998
f 4971 4998 4997
f 4997 4998 5024
f 4997 5024 5023
f 5023 5024 5050
f 5023 5050 5049
f 5049 5050 5076
f 5049 5076 5075
f 5075 5076 5102
f 5075 5102 5101
f 5101 5102 1029
f 5101 1029 1030
f 924 925 4921
f 924 4921 4920
f 4920 4921 4947
f 4920 4947 4946
f 4946 4947 4973
f 4946 4973 4972
f 4972 4973 4999
f 4972 4999 4998
f 4998 4999 5025
f 4998 5025 5024
f 5024 5025 5051
f 5024 5051 5050
f 5050 5051 5077
f 5050 5077 5076
f 5076 5077 5103
f 5076 5103 5102
f 5102 5103 1028
f 5102 1028 1029
f 925 926 4922
f 925 4922 4921
f 4921 4922 4948
f 4921 4948 4947
f 4947 4948 4974
f 4947 4974 4973
f 4973 4974 5000
f 4973 5000 4999
f 4999 5000 5026
f 4999 5026 5025
f 5025 5026 5052
f 5025 5052 5051
f 5051 5052 5078
f 5051 5078 5077
f 5077 5078 5104
f 5077 5104 5103
f 5103 5104 1027
f 5103 1027 1028
f 926 927 4923
f 926 4923 4922
f 4922 4923 4949
f 4922 4949 4948
f 4948 4949 4975
f 4948 4975 4974
f 4974 4975 5001
f 4974 5001 5000
f 5000 5001 5027
f 5000 5027 5026
f 5026 5027 5053
f 5026 5053 5052
f 5052 5053 5079
f 5052 5079 5078
f 5078 5079 5105
f 5078 5105 5104
f 5104 5105 1026
f 5104 1026 1027
f 927 928 4924
f 927 4924 4923
f 4923 4924 4950
f 4923 4950 4949
f 4949 4950 4976
f 4949 4976 4975
f 4975 4976 5002
f 4975 5002 5001
f 5001 5002 5028
f 5001 5028 5027
f 5027 5028 5054
f 5027 5054 5053
f 5053 5054 5080
f 5053 5080 5079
f 5079 5080 5106
f 5079 5106 5105
f 5105 5106 1025
f 5105 1025 1026
f 928 929 4925
f 928 4925 4924
f 4924 4925 4951
f 4924 4951 4950
f 4950 4951 4977
f 4950 4977 4976
f 4976 4977 5003
f 4976 5003 5002
f 5002 5003 5029
f 5002 5029 5028
f 5028 5029 5055
f 5028 5055 5054
f 5054 5055 5081
f 5054 5081 5080
f 5080 5081 5107
f 5080 5107 5106
f 5106 5107 1024
f 5106 1024 1025
f 929 930 4926
f 929 4926 4925
f 4925 4926 4952
f 4925 4952 4951
f 4951 4952 4978
f 4951 4978 4977
f 4977 4978 5004
f 4977 5004 5003
f 5003 5004 5030
f 5003 5030 5029
f 5029 5030 5056
f 5029 5056 5055
f 5055 5056 5082
f 5055 5082 5081
f 5081 5082 5108
f 5081 5108 5107
f 5107 5108 1023
f 5107 1023 1024
f 930 931 4927
f 930 4927 4926
f 4926 4927 4953
f 4926 4953 4952
f 4952 4953 4979
f 4952 4979 4978
f 4978 4979 5005
f 4978 5005 5004
f 5004 5005 5031
f 5004 5031 5030
f 5030 5031 5057
f 5030 5057 5056
f 5056 5057 5083
f 5056 5083 5082
f 5082 5083 5109
f 5082 5109 5108
f 5108 5109 1022
f 5108 1022 1023
f 931 932 4928
f 931 4928 4927
f 4927 4928 4954
f 4927 4954 4953
f 4953 4954 4980
f 4953 4980 4979
f 4979 4980 5006
f 4979 5006 5005
f 5005 5006 5032
f 5005 5032 5031
f 5031 5032 5058
f 5031 5058 5057
f 5057 5058 5084
f 5057 5084 5083
f 5083 5084 5110
f 5083 5110 5109
f 5109 5110 1021
f 5109 1021 1022
f 932 933 4929
f 932 4929 4928
f 4928 4929 4955
f 4928 4955 4954
f 4954 4955 4981
f 4954 4981 4980
f 4980 4981 5007
f 4980 5007 5006
f 5006 5007 5033
f 5006 5033 5032
f 5032 5033 5059
f 5032 5059 5058
f 5058 5059 5085
f 5058 5085 5084
f 5084 5085 5111
f 5084 5111 5110
f 5110 5111 1020
f 5110 1020 1021
f 933 934 4930
f 933 4930 4929
f 4929 4930 4956
f 4929 4956 4955
f 4955 4956 4982
f 4955 4982 4981
f 4981 4982 5008
f 4981 5008 5007
f 5007 5008 5034
f 5007 5034 5033
f 5033 5034 5060
f 5033 5060 5059
f 5059 5060 5086
f 5059 5086 5085
f 5085 5086 5112
f 5085 5112 5111
f 5111 5112 1019
f 5111 1019 1020
f 934 935 4931
f 934 4931 4930
f 4930 4931 4957
f 4930 4957 4956
f 4956 4957 4983
f 4956 4983 4982
f 4982 4983 5009
f 4982 5009 5008
f 5008 5009 5035
f 5008 5035 5034
f 5034 5035 5061
f 5034 5061 5060
f 5060 5061 5087
f 5060 5087 5086
f 5086 5087 5113
f 5086 5113 5112
f 5112 5113 1018
f 5112 1018 1019
f 935 936 4932
f 935 4932 4931
f 4931 4932 4958
f 4931 4958 4957
f 4957 4958 4984
f 4957 4984 4983
f 4983 4984 5010
f 4983 5010 5009
f 5009 5010 5036
f 5009 5036 5035
f 5035 5036 5062
f 5035 5062 5061
f 5061 5062 5088
f 5061 5088 5087
f 5087 5088 5114
f 5087 5114 5113
f 5113 5114 1017
f 5113 1017 1018
f 936 937 4933
f 936 4933 4932
f 4932 4933 4959
f 4932 4959 4958
f 4958 4959 4985
f 4958 4985 4984
f 4984 4985 5011
f 4984 5011 5010
f 5010 5011 5037
f 5010 5037 5036
f 5036 5037 5063
f 5036 5063 5062
f 5062 5063 5089
f 5062 5089 5088
f 5088 5089 5115
f 5088 5115 5114
f 5114 5115 1016
f 5114 1016 1017
f 937 938 4934
f 937 4934 4933
f 4933 4934 4960
f 4933 4960 4959
f 4959 4960 4986
f 4959 4986 4985
f 4985 4986 5012
f 4985 5012 5011
f 5011 5012 5038
f 5011 5038 5037
f 5037 5038 5064
f 5037 5064 5063
f 5063 5064 5090
f 5063 5090 5089
f 5089 5090 5116
f 5089 5116 5115
f 5115 5116 1015
f 5115 1015 1016
f 938 939 4935
f 938 4935 4934
f 4934 4935 4961
f 4934 4961 4960
f 4960 4961 4987
f 4960 4987 4986
f 4986 4987 5013
f 4986 5013 5012
f 5012 5013 5039
f 5012 5039 5038
f 5038 5039 5065
f 5038 5065 5064
f 5064 5065 5091
f 5064 5091 5090
f 5090 5091 5117
f 5090 5117 5116
f 5116 5117 1014
f 5116 1014 1015
f 939 940 4936
f 939 4936 4935
f 4935 4936 4962
f 4935 4962 4961
f 4961 4962 4988
f 4961 4988 4987
f 4987 4988 5014
f 4987 5014 5013
f 5013 5014 5040
f 5013 5040 5039
f 5039 5040 5066
f 5039 5066 5065
f 5065 5066 5092
f 5065 5092 5091
f 5091 5092 5118
f 5091 5118 5117
f 5117 5118 1013
f 5117 1013 1014
f 940 941 4937
f 940 4937 4936
f 4936 4937 4963
f 4936 4963 4962
f 4962 4963 4989
f 4962 4989 4988
f 4988 4989 5015
f 4988 5015 5014
f 5014 5015 5041
f 5014 5041 5040
f 5040 5041 5067
f 5040 5067 5066
f 5066 5067 5093
f 5066 5093 5092
f 5092 5093 5119
f 5092 5119 5118
f 5118 5119 1012
f 5118 1012 1013
f 941 942 4938
f 941 4938 4937
f 4937 4938 4964
f 4937 4964 4963
f 4963 4964 4990
f 4963 4990 4989
f 4989 4990 5016
f 4989 5016 5015
f 5015 5016 5042
f 5015 5042 5041
f 5041 5042 5068
f 5041 5068 5067
f 5067 5068 5094
f 5067 5094 5093
f 5093 5094 5120
f 5093 5120 5119
f 5119 5120 1011
f 5119 1011 1012
f 942 943 4939
f 942 4939 4938
f 4938 4939 4965
f 4938 4965 4964
f 4964 4965 4991
f 4964 4991 4990
f 4990 4991 5017
f 4990 5017 5016
f 5016 5017 5043
f 5016 5043 5042
f 5042 5043 5069
f 5042 5069 5068
f 5068 5069 5095
f 5068 5095 5094
f 5094 5095 5121
f 5094 5121 5120
f 5120 5121 1010
f 5120 1010 1011
f 943 944 4940
f 943 4940 4939
f 4939 4940 4966
f 4939 4966 4965
f 4965 4966 4992
f 4965 4992 4991
f 4991 4992 5018
f 4991 5018 5017
f 5017 5018 5044
f 5017 5044 5043
f 5043 5044 5070
f 5043 5070 5069
f 5069 5070 5096
f 5069 5096 5095
f 5095 5096 5122
f 5095 5122 5121
f 5121 5122 1009
f 5121 1009 1010
f 944 945 4941
f 944 4941 4940
f 4940 4941 4967
f 4940 4967 4966
f 4966 4967 4993
f 4966 4993 4992
f 4992 4993 5019
f 4992 5019 5018
f 5018 5019 5045
f 5018 5045 5044
f 5044 5045 5071
f 5044 5071 5070
f 5070 5071 5097
f 5070 5097 5096
f 5096 5097 5123
f 5096 5123 5122
f 5122 5123 1008
f 5122 1008 1009
f 945 946 4942
f 945 4942 4941
f 4941 4942 4968
f 4941 4968 4967
f 4967 4968 4994
f 4967 4994 4993
f 4993 4994 5020
f 4993 5020 5019
f 5019 5020 5046
f 5019 5046 5045
f 5045 5046 5072
f 5045 5072 5071
f 5071 5072 5098
f 5071 5098 5097
f 5097 5098 5124
f 5097 5124 5123
f 5123 5124 1007
f 5123 1007 1008
f 946 947 4943
f 946 4943 4942
f 4942 4943 4969
f 4942 4969 4968
f 4968 4969 4995
f 4968 4995 4994
f 4994 4995 5021
f 4994 5021 5020
f 5020 5021 5047
f 5020 5047 5046
f 5046 5047 5073
f 5046 5073 5072
f 5072 5073 5099
f 5072 5099 5098
f 5098 5099 5125
f 5098 5125 5124
f 5124 5125 1006
f 5124 1006 1007
f 947 948 4944
f 947 4944 4943
f 4943 4944 4970
f 4943 4970 4969
f 4969 4970 4996
f 4969 4996 4995
f 4995 4996 5022
f 4995 5022 5021
f 5021 5022 5048
f 5021 5048 5047
f 5047 5048 5074
f 5047 5074 5073
f 5073 5074 5100
f 5073 5100 5099
f 5099 5100 5126
f 5099 5126 5125
f 5125 5126 1005
f 5125 1005 1006
f 948 26 683
f 948 683 4944
f 4944 683 682
f 4944 682 4970
f 4970 682 681
f 4970 681 4996
f 4996 681 680
f 4996 680 5022
f 5022 680 679
f 5022 679 5048
f 5048 679 678
f 5048 678 5074
f 5074 678 677
f 5074 677 5100
f 5100 677 676
f 5100 676 5126
f 5126 676 25
f 5126 25 1005
f 38 750 5127
f 38 5127 591
f 591 5127 5131
f 591 5131 592
f 592 5131 5135
f 592 5135 593
f 593 5135 5139
f 593 5139 594
f 594 5139 5143
f 594 5143 595
f 595 5143 5147
f 595 5147 596
f 596 5147 5151
f 596 5151 597
f 597 5151 5155
f 597 5155 598
f 598 5155 5159
f 598 5159 599
f 599 5159 431
f 599 431 36
f 750 751 5128
f 750 5128 5127
f 5127 5128 5132
f 5127 5132 5131
f 5131 5132 5136
f 5131 5136 5135
f 5135 5136 5140
f 5135 5140 5139
f 5139 5140 5144
f 5139 5144 5143
f 5143 5144 5148
f 5143 5148 5147
f 5147 5148 5152
f 5147 5152 5151
f 5151 5152 5156
f 5151 5156 5155
f 5155 5156 5160
f 5155 5160 5159
f 5159 5160 432
f 5159 432 431
f 751 752 5129
f 751 5129 5128
f 5128 5129 5133
f 5128 5133 5132
f 5132 5133 5137
f 5132 5137 5136
f 5136 5137 5141
f 5136 5141 5140
f 5140 5141 5145
f 5140 5145 5144
f 5144 5145 5149
f 5144 5149 5148
f 5148 5149 5153
f 5148 5153 5152
f 5152 5153 5157
f 5152 5157 5156
f 5156 5157 5161
f 5156 5161 5160
f 5160 5161 433
f 5160 433 432
f 752 753 5130
f 752 5130 5129
f 5129 5130 5134
f 5129 5134 5133
f 5133 5134 5138
f 5133 5138 5137
f 5137 5138 5142
f 5137 5142 5141
f 5141 5142 5146
f 5141 5146 5145
f 5145 5146 5150
f 5145 5150 5149
f 5149 5150 5154
f 5149 5154 5153
f 5153 5154 5158
f 5153 5158 5157
f 5157 5158 5162
f 5157 5162 5161
f 5161 5162 434
f 5161 434 433
f 753 25 531
f 753 531 5130
f 5130 531 532
f 5130 532 5134
f 5134 532 533
f 5134 533 5138
f 5138 533 534
f 5138 534 5142
f 5142 534 535
f 5142 535 5146
f 5146 535 536
f 5146 536 5150
f 5150 536 537
f 5150 537 5154
f 5154 537 538
f 5154 538 5158
f 5158 538 539
f 5158 539 5162
f 5162 539 28
f 5162 28 434
f 34 586 5163
f 34 5163 720
f 720 5163 5168
f 720 5168 721
f 721 5168 5173
f 721 5173 722
f 722 5173 614
f 722 614 26
f 586 587 5164
f 586 5164 5163
f 5163 5164 5169
f 5163 5169 5168
f 5168 5169 5174
f 5168 5174 5173
f 5173 5174 615
f 5173 615 614
f 587 588 5165
f 587 5165 5164
f 5164 5165 5170
f 5164 5170 5169
f 5169 5170 5175
f 5169 5175 5174
f 5174 5175 616
f 5174 616 615
f 588 589 5166
f 588 5166 5165
f 5165 5166 5171
f 5165 5171 5170
f 5170 5171 5176
f 5170 5176 5175
f 5175 5176 617
f 5175 617 616
f 589 590 5167
f 589 5167 5166
f 5166 5167 5172
f 5166 5172 5171
f 5171 5172 5177
f 5171 5177 5176
f 5176 5177 618
f 5176 618 617
f 590 33 483
f 590 483 5167
f 5167 483 482
f 5167 482 5172
f 5172 482 481
f 5172 481 5177
f 5177 481 30
f 5177 30 618
f 29 469 5178
f 29 5178 197
f 197 5178 5187
f 197 5187 196
f 196 5187 5196
f 196 5196 195
f 195 5196 5205
f 195 5205 194
f 194 5205 5214
f 194 5214 193
f 193 5214 5223
f 193 5223 192
f 192 5223 5232
f 192 5232 191
f 191 5232 5241
f 191 5241 190
f 190 5241 511
f 190 511 40
f 469 468 5179
f 469 5179 5178
f 5178 5179 5188
f 5178 5188 5187
f 5187 5188 5197
f 5187 5197 5196
f 5196 5197 5206
f 5196 5206 5205
f 5205 5206 5215
f 5205 5215 5214
f 5214 5215 5224
f 5214 5224 5223
f 5223 5224 5233
f 5223 5233 5232
f 5232 5233 5242
f 5232 5242 5241
f 5241 5242 510
f 5241 510 511
f 468 467 5180
f 468 5180 5179
f 5179 5180 5189
f 5179 5189 5188
f 5188 5189 5198
f 5188 5198 5197
f 5197 5198 5207
f 5197 5207 5206
f 5206 5207 5216
f 5206 5216 5215
f 5215 5216 5225
f 5215 5225 5224
f 5224 5225 5234
f 5224 5234 5233
f 5233 5234 5243
f 5233 5243 5242
f 5242 5243 509
f 5242 509 510
f 467 466 5181
f 467 5181 5180
f 5180 5181 5190
f 5180 5190 5189
f 5189 5190 5199
f 5189 5199 5198
f 5198 5199 5208
f 5198 5208 5207
f 5207 5208 5217
f 5207 5217 5216
f 5216 5217 5226
f 5216 5226 5225
f 5225 5226 5235
f 5225 5235 5234
f 5234 5235 5244
f 5234 5244 5243
f 5243 5244 508
f 5243 508 509
f 466 465 5182
f 466 5182 5181
f 5181 5182 5191
f 5181 5191 5190
f 5190 5191 5200
f 5190 5200 5199
f 5199 5200 5209
f 5199 5209 5208
f 5208 5209 5218
f 5208 5218 5217
f 5217 5218 5227
f 5217 5227 5226
f 5226 5227 5236
f 5226 5236 5235
f 5235 5236 5245
f 5235 5245 5244
f 5244 5245 507
f 5244 507 508
f 465 464 5183
f 465 5183 5182
f 5182 5183 5192
f 5182 5192 5191
f 5191 5192 5201
f 5191 5201 5200
f 5200 5201 5210
f 5200 5210 5209
f 5209 5210 5219
f 5209 5219 5218
f 5218 5219 5228
f 5218 5228 5227
f 5227 5228 5237
f 5227 5237 5236
f 5236 5237 5246
f 5236 5246 5245
f 5245 5246 506
f 5245 506 507
f 464 463 5184
f 464 5184 5183
f 5183 5184 5193
f 5183 5193 5192
f 5192 5193 5202
f 5192 5202 5201
f 5201 5202 5211
f 5201 5211 5210
f 5210 5211 5220
f 5210 5220 5219
f 5219 5220 5229
f 5219 5229 5228
f 5228 5229 5238
f 5228 5238 5237
f 5237 5238 5247
f 5237 5247 5246
f 5246 5247 505
f 5246 505 506
f 463 462 5185
f 463 5185 5184
f 5184 5185 5194
f 5184 5194 5193
f 5193 5194 5203
f 5193 5203 5202
f 5202 5203 5212
f 5202 5212 5211
f 5211 5212 5221
f 5211 5221 5220
f 5220 5221 5230
f 5220 5230 5229
f 5229 5230 5239
f 5229 5239 5238
f 5238 5239 5248
f 5238 5248 5247
f 5247 5248 504
f 5247 504 505
f 462 461 5186
f 462 5186 5185
f 5185 5186 5195
f 5185 5195 5194
f 5194 5195 5204
f 5194 5204 5203
f 5203 5204 5213
f 5203 5213 5212
f 5212 5213 5222
f 5212 5222 5221
f 5221 5222 5231
f 5221 5231 5230
f 5230 5231 5240
f 5230 5240 5239
f 5239 5240 5249
f 5239 5249 5248
f 5248 5249 503
f 5248 503 504
f 461 23 922
f 461 922 5186
f 5186 922 921
f 5186 921 5195
f 5195 921 920
f 5195 920 5204
f 5204 920 919
f 5204 919 5213
f 5213 919 918
f 5213 918 5222
f 5222 918 917
f 5222 917 5231
f 5231 917 916
f 5231 916 5240
f 5240 916 915
f 5240 915 5249
f 5249 915 39
f 5249 39 503
f 29 197 5250
f 29 5250 182
f 182 5250 5258
f 182 5258 181
f 181 5258 5266
f 181 5266 180
f 180 5266 5274
f 180 5274 179
f 179 5274 5282
f 179 5282 178
f 178 5282 5290
f 178 5290 177
f 177 5290 5298
f 177 5298 176
f 176 5298 100
f 176 100 15
f 197 196 5251
f 197 5251 5250
f 5250 5251 5259
f 5250 5259 5258
f 5258 5259 5267
f 5258 5267 5266
f 5266 5267 5275
f 5266 5275 5274
f 5274 5275 5283
f 5274 5283 5282
f 5282 5283 5291
f 5282 5291 5290
f 5290 5291 5299
f 5290 5299 5298
f 5298 5299 101
f 5298 101 100
f 196 195 5252
f 196 5252 5251
f 5251 5252 5260
f 5251 5260 5259
f 5259 5260 5268
f 5259 5268 5267
f 5267 5268 5276
f 5267 5276 5275
f 5275 5276 5284
f 5275 5284 5283
f 5283 5284 5292
f 5283 5292 5291
f 5291 5292 5300
f 5291 5300 5299
f 5299 5300 102
f 5299 102 101
f 195 194 5253
f 195 5253 5252
f 5252 5253 5261
f 5252 5261 5260
f 5260 5261 5269
f 5260 5269 5268
f 5268 5269 5277
f 5268 5277 5276
f 5276 5277 5285
f 5276 5285 5284
f 5284 5285 5293
f 5284 5293 5292
f 5292 5293 5301
f 5292 5301 5300
f 5300 5301 103
f 5300 103 102
f 194 193 5254
f 194 5254 5253
f 5253 5254 5262
f 5253 5262 5261
f 5261 5262 5270
f 5261 5270 5269
f 5269 5270 5278
f 5269 5278 5277
f 5277 5278 5286
f 5277 5286 5285
f 5285 5286 5294
f 5285 5294 5293
f 5293 5294 5302
f 5293 5302 5301
f 5301 5302 104
f 5301 104 103
f 193 192 5255
f 193 5255 5254
f 5254 5255 5263
f 5254 5263 5262
f 5262 5263 5271
f 5262 5271 5270
f 5270 5271 5279
f 5270 5279 5278
f 5278 5279 5287
f 5278 5287 5286
f 5286 5287 5295
f 5286 5295 5294
f 5294 5295 5303
f 5294 5303 5302
f 5302 5303 105
f 5302 105 104
f 192 191 5256
f 192 5256 5255
f 5255 5256 5264
f 5255 5264 5263
f 5263 5264 5272
f 5263 5272 5271
f 5271 5272 5280
f 5271 5280 5279
f 5279 5280 5288
f 5279 5288 5287
f 5287 5288 5296
f 5287 5296 5295
f 5295 5296 5304
f 5295 5304 5303
f 5303 5304 106
f 5303 106 105
f 191 190 5257
f 191 5257 5256
f 5256 5257 5265
f 5256 5265 5264
f 5264 5265 5273
f 5264 5273 5272
f 5272 5273 5281
f 5272 5281 5280
f 5280 5281 5289
f 5280 5289 5288
f 5288 5289 5297
f 5288 5297 5296
f 5296 5297 5305
f 5296 5305 5304
f 5304 5305 107
f 5304 107 106
f 190 40 226
f 190 226 5257
f 5257 226 227
f 5257 227 5265
f 5265 227 228
f 5265 228 5273
f 5273 228 229
f 5273 229 5281
f 5281 229 230
f 5281 230 5289
f 5289 230 231
f 5289 231 5297
f 5297 231 232
f 5297 232 5305
f 5305 232 20
f 5305 20 107
f 40 511 5306
f 40 5306 226
f 226 5306 5315
f 226 5315 227
f 227 5315 5324
f 227 5324 228
f 228 5324 5333
f 228 5333 229
f 229 5333 5342
f 229 5342 230
f 230 5342 5351
f 230 5351 231
f 231 5351 5360
f 231 5360 232
f 232 5360 548
f 232 548 20
f 511 510 5307
f 511 5307 5306
f 5306 5307 5316
f 5306 5316 5315
f 5315 5316 5325
f 5315 5325 5324
f 5324 5325 5334
f 5324 5334 5333
f 5333 5334 5343
f 5333 5343 5342
f 5342 5343 5352
f 5342 5352 5351
f 5351 5352 5361
f 5351 5361 5360
f 5360 5361 547
f 5360 547 548
f 510 509 5308
f 510 5308 5307
f 5307 5308 5317
f 5307 5317 5316
f 5316 5317 5326
f 5316 5326 5325
f 5325 5326 5335
f 5325 5335 5334
f 5334 5335 5344
f 5334 5344 5343
f 5343 5344 5353
f 5343 5353 5352
f 5352 5353 5362
f 5352 5362 5361
f 5361 5362 546
f 5361 546 547
f 509 508 5309
f 509 5309 5308
f 5308 5309 5318
f 5308 5318 5317
f 5317 5318 5327
f 5317 5327 5326
f 5326 5327 5336
f 5326 5336 5335
f 5335 5336 5345
f 5335 5345 5344
f 5344 5345 5354
f 5344 5354 5353
f 5353 5354 5363
f 5353 5363 5362
f 5362 5363 545
f 5362 545 546
f 508 507 5310
f 508 5310 5309
f 5309 5310 5319
f 5309 5319 5318
f 5318 5319 5328
f 5318 5328 5327
f 5327 5328 5337
f 5327 5337 5336
f 5336 5337 5346
f 5336 5346 5345
f 5345 5346 5355
f 5345 5355 5354
f 5354 5355 5364
f 5354 5364 5363
f 5363 5364 544
f 5363 544 545
f 507 506 5311
f 507 5311 5310
f 5310 5311 5320
f 5310 5320 5319
f 5319 5320 5329
f 5319 5329 5328
f 5328 5329 5338
f 5328 5338 5337
f 5337 5338 5347
f 5337 5347 5346
f 5346 5347 5356
f 5346 5356 5355
f 5355 5356 5365
f 5355 5365 5364
f 5364 5365 543
f 5364 543 544
f 506 505 5312
f 506 5312 5311
f 5311 5312 5321
f 5311 5321 5320
f 5320 5321 5330
f 5320 5330 5329
f 5329 5330 5339
f 5329 5339 5338
f 5338 5339 5348
f 5338 5348 5347
f 5347 5348 5357
f 5347 5357 5356
f 5356 5357 5366
f 5356 5366 5365
f 5365 5366 542
f 5365 542 543
f 505 504 5313
f 505 5313 5312
f 5312 5313 5322
f 5312 5322 5321
f 5321 5322 5331
f 5321 5331 5330
f 5330 5331 5340
f 5330 5340 5339
f 5339 5340 5349
f 5339 5349 5348
f 5348 5349 5358
f 5348 5358 5357
f 5357 5358 5367
f 5357 5367 5366
f 5366 5367 541
f 5366 541 542
f 504 503 5314
f 504 5314 5313
f 5313 5314 5323
f 5313 5323 5322
f 5322 5323 5332
f 5322 5332 5331
f 5331 5332 5341
f 5331 5341 5340
f 5340 5341 5350
f 5340 5350 5349
f 5349 5350 5359
f 5349 5359 5358
f 5358 5359 5368
f 5358 5368 5367
f 5367 5368 540
f 5367 540 541
f 503 39 869
f 503 869 5314
f 5314 869 868
f 5314 868 5323
f 5323 868 867
f 5323 867 5332
f 5332 867 866
f 5332 866 5341
f 5341 866 865
f 5341 865 5350
f 5350 865 864
f 5350 864 5359
f 5359 864 863
f 5359 863 5368
f 5368 863 16
f 5368 16 540
f 23 908 5369
f 23 5369 922
f 922 5369 5376
f 922 5376 921
f 921 5376 5383
f 921 5383 920
f 920 5383 5390
f 920 5390 919
f 919 5390 5397
f 919 5397 918
f 918 5397 5404
f 918 5404 917
f 917 5404 5411
f 917 5411 916
f 916 5411 5418
f 916 5418 915
f 915 5418 869
f 915 869 39
f 908 909 5370
f 908 5370 5369
f 5369 5370 5377
f 5369 5377 5376
f 5376 5377 5384
f 5376 5384 5383
f 5383 5384 5391
f 5383 5391 5390
f 5390 5391 5398
f 5390 5398 5397
f 5397 5398 5405
f 5397 5405 5404
f 5404 5405 5412
f 5404 5412 5411
f 5411 5412 5419
f 5411 5419 5418
f 5418 5419 868
f 5418 868 869
f 909 910 5371
f 909 5371 5370
f 5370 5371 5378
f 5370 5378 5377
f 5377 5378 5385
f 5377 5385 5384
f 5384 5385 5392
f 5384 5392 5391
f 5391 5392 5399
f 5391 5399 5398
f 5398 5399 5406
f 5398 5406 5405
f 5405 5406 5413
f 5405 5413 5412
f 5412 5413 5420
f 5412 5420 5419
f 5419 5420 867
f 5419 867 868
f 910 911 5372
f 910 5372 5371
f 5371 5372 5379
f 5371 5379 5378
f 5378 5379 5386
f 5378 5386 5385
f 5385 5386 5393
f 5385 5393 5392
f 5392 5393 5400
f 5392 5400 5399
f 5399 5400 5407
f 5399 5407 5406
f 5406 5407 5414
f 5406 5414 5413
f 5413 5414 5421
f 5413 5421 5420
f 5420 5421 866
f 5420 866 867
f 911 912 5373
f 911 5373 5372
f 5372 5373 5380
f 5372 5380 5379
f 5379 5380 5387
f 5379 5387 5386
f 5386 5387 5394
f 5386 5394 5393
f 5393 5394 5401
f 5393 5401 5400
f 5400 5401 5408
f 5400 5408 5407
f 5407 5408 5415
f 5407 5415 5414
f 5414 5415 5422
f 5414 5422 5421
f 5421 5422 865
f 5421 865 866
f 912 913 5374
f 912 5374 5373
f 5373 5374 5381
f 5373 5381 5380
f 5380 5381 5388
f 5380 5388 5387
f 5387 5388 5395
f 5387 5395 5394
f 5394 5395 5402
f 5394 5402 5401
f 5401 5402 5409
f 5401 5409 5408
f 5408 5409 5416
f 5408 5416 5415
f 5415 5416 5423
f 5415 5423 5422
f 5422 5423 864
f 5422 864 865
f 913 914 5375
f 913 5375 5374
f 5374 5375 5382
f 5374 5382 5381
f 5381 5382 5389
f 5381 5389 5388
f 5388 5389 5396
f 5388 5396 5395
f 5395 5396 5403
f 5395 5403 5402
f 5402 5403 5410
f 5402 5410 5409
f 5409 5410 5417
f 5409 5417 5416
f 5416 5417 5424
f 5416 5424 5423
f 5423 5424 863
f 5423 863 864
f 914 14 1004
f 914 1004 5375
f 5375 1004 1003
f 5375 1003 5382
f 5382 1003 1002
f 5382 1002 5389
f 5389 1002 1001
f 5389 1001 5396
f 5396 1001 1000
f 5396 1000 5403
f 5403 1000 999
f 5403 999 5410
f 5410 999 998
f 5410 998 5417
f 5417 998 997
f 5417 997 5424
f 5424 997 16
f 5424 16 863
# 10860 faces, 0 coords texture

# End of File
