####
#
# OBJ File Generated by Meshlab
#
####
# Object 9_dinopet_input.obj
#
# Vertices: 4500
# Faces: 8996
#
####
v 0.958980 -0.565985 -0.577002
v 0.955428 -0.561637 -0.577719
v 0.969074 -0.547864 -0.585283
v -0.085707 -0.953129 1.886160
v -0.096534 -0.953906 1.880490
v -0.096534 -0.950546 1.872730
v 0.154244 -0.564106 1.818140
v 0.121542 -0.562076 1.845810
v 0.139765 -0.664136 1.837990
v -0.810654 -0.237582 -0.370430
v -0.837379 -0.228008 -0.380317
v -0.852810 -0.289502 -0.383328
v 0.506431 0.190442 0.241467
v 0.515544 0.143104 0.188604
v 0.520136 0.087241 0.277365
v -0.256869 -0.200385 0.363237
v -0.158904 -0.286020 0.398658
v -0.181429 -0.242189 0.267381
v -0.005155 -0.002204 1.470620
v -0.097832 0.002430 1.527140
v -0.090748 -0.015532 1.475450
v -0.735488 -0.570563 -0.353688
v -0.721353 -0.563745 -0.364291
v -0.724822 -0.568975 -0.366034
v -0.261788 -0.991777 1.758570
v -0.261295 -0.987336 1.742780
v -0.214126 -1.076470 1.745220
v 0.118214 1.918130 0.373641
v 0.125110 1.847485 0.440528
v 0.063425 1.853420 0.449601
v 0.874736 -0.298919 -0.495169
v 0.883374 -0.305104 -0.509983
v 0.885311 -0.297465 -0.470806
v 0.057484 -0.286675 1.896160
v 0.037587 -0.288726 1.906420
v 0.048573 -0.322326 1.899030
v -0.150185 -0.025359 1.935210
v -0.129316 0.049788 1.946120
v -0.144276 -0.021163 1.950640
v 0.759620 -0.532438 -0.388988
v 0.765865 -0.502044 -0.392377
v 0.767513 -0.499949 -0.365705
v -0.072510 -0.138642 2.003910
v -0.005155 -0.141899 2.007640
v -0.005155 -0.102510 2.017730
v 0.970588 -0.554501 -0.583389
v -0.401361 0.475295 0.057136
v -0.357959 0.497754 -0.064688
v -0.435673 0.501830 -0.018653
v -0.578764 1.041420 -2.018230
v -0.529199 0.957441 -2.009875
v -0.606038 0.944715 -2.018190
v -0.293756 -0.138428 0.462090
v -0.263691 -0.057142 0.516030
v -0.291358 -0.001998 0.492774
v -0.316285 1.141110 -0.361749
v -0.314601 1.030801 -0.380084
v -0.334369 1.041581 -0.340407
v 0.977292 -0.601763 -0.571659
v 0.986872 -0.607942 -0.574708
v 0.981289 -0.605088 -0.576170
v 0.402004 0.932538 -0.352806
v 0.392034 0.833298 -0.357958
v 0.376771 0.838943 -0.342133
v -0.762118 -0.181934 -0.485972
v -0.765270 -0.256972 -0.434239
v -0.742513 -0.188867 -0.439963
v 0.281549 1.444990 -0.276401
v 0.307274 1.536960 -0.146466
v 0.267435 1.522300 -0.258372
v 0.499557 1.188230 -1.805990
v 0.478404 1.077500 -1.870130
v 0.485712 1.124820 -1.886420
v 0.218120 -0.060999 1.789340
v 0.218366 -0.006917 1.795540
v 0.197569 -0.010483 1.855320
v -0.569341 1.305390 -1.210820
v -0.626424 1.315990 -1.214220
v -0.633375 1.284050 -1.343060
v -0.790629 -0.062910 -0.543757
v -0.764411 -0.071859 -0.526433
v -0.778422 -0.006984 -0.533030
v 0.425259 1.061070 -0.460855
v 0.415686 0.909387 -0.476332
v 0.415300 0.914053 -0.426411
v -0.106680 -0.237773 1.960520
v -0.111338 -0.246032 1.949130
v -0.124459 -0.226436 1.954050
v 0.756696 -0.124884 -0.365001
v 0.762627 -0.174234 -0.373701
v 0.730536 -0.134317 -0.391913
v 0.600883 1.100910 0.358161
v 0.582071 1.182695 0.314553
v 0.545506 1.196900 0.382588
v -0.575948 1.411090 -0.949441
v -0.662521 1.389570 -0.950893
v -0.672112 1.355870 -0.895081
v 0.711243 0.779173 -0.546817
v 0.721800 0.842506 -0.442812
v 0.720825 0.915233 -0.499816
v -0.891291 -0.591854 -0.489212
v -0.898205 -0.559313 -0.474469
v -0.904123 -0.593125 -0.482514
v 0.891176 -0.487151 -0.479619
v 0.894885 -0.487263 -0.466624
v 0.897411 -0.483445 -0.482034
v -0.501585 1.166250 -1.036890
v -0.473076 1.215470 -1.023460
v -0.488558 1.213840 -1.071900
v 0.749348 -0.574273 -0.366199
v 0.751145 -0.568414 -0.364576
v 0.739370 -0.566599 -0.351207
v 0.256931 0.389082 0.516593
v 0.199811 0.479206 0.554038
v 0.272940 0.544886 0.544675
v 0.732951 0.907010 -0.157485
v 0.722306 0.902359 -0.064415
v 0.707857 0.812043 -0.070571
v 0.407327 1.466770 0.088468
v 0.383048 1.417665 -0.032545
v 0.402956 1.386450 -0.019723
v -0.620965 1.072930 -0.966815
v -0.563203 1.056800 -0.973210
v -0.564787 0.964243 -0.913252
v 0.114170 -0.226436 1.954050
v 0.123513 -0.182912 1.963850
v 0.106889 -0.190091 1.976780
v 0.858110 0.415815 -1.985530
v 0.883686 0.411388 -2.000010
v 0.871599 0.410502 -1.996630
v 0.734497 1.096800 -0.802372
v 0.679713 1.061020 -0.891429
v 0.690490 0.988625 -0.837931
v 0.197508 -0.383721 1.761970
v 0.162426 -0.312131 1.800290
v 0.191006 -0.313839 1.767260
v 0.499625 1.154880 -1.696700
v 0.526004 1.047880 -1.745760
v 0.495650 1.093370 -1.764540
v -0.215748 0.455233 -0.402227
v -0.213916 0.365729 -0.364840
v -0.255380 0.357100 -0.293941
v -0.883193 -0.271389 -0.464872
v -0.871367 -0.275664 -0.489826
v -0.878713 -0.295574 -0.487802
v -0.067774 -0.286675 1.896160
v -0.055144 -0.269257 1.903520
v -0.078347 -0.260341 1.890690
v 0.140936 -0.469761 1.620770
v 0.179196 -0.378935 1.638680
v 0.150224 -0.379624 1.618470
v -0.401487 0.708030 -2.000460
v -0.388496 0.721593 -1.948650
v -0.358268 0.645400 -1.954600
v -0.389778 0.511664 0.461001
v -0.342844 0.622601 0.530842
v -0.283233 0.544886 0.544675
v 0.891362 -0.633946 -0.491925
v 0.879790 -0.637840 -0.497367
v 0.886515 -0.639769 -0.491491
v -0.786039 -0.347549 -0.421283
v -0.810211 -0.347333 -0.456048
v -0.780946 -0.363955 -0.423454
v 0.896939 -0.476304 -0.495838
v 0.060349 -0.316703 1.610180
v -0.005155 -0.285792 1.603200
v -0.005155 -0.319443 1.609140
v 0.646272 0.761470 -1.944610
v 0.676402 0.765264 -1.996800
v 0.702639 0.692697 -1.998540
v 0.700006 0.968223 -1.994840
v 0.648514 0.887190 -2.017020
v 0.733648 0.920014 -1.996200
v 0.304266 0.520212 -0.186513
v 0.274678 0.438656 -0.240227
v 0.254726 0.511850 -0.336063
v 0.479463 1.018430 -1.849140
v 0.448138 0.892410 -1.926700
v 0.457947 0.962907 -1.933600
v 0.241532 0.891539 -0.484850
v 0.242792 0.999109 -0.471705
v 0.188194 0.989454 -0.496418
v -0.866432 -0.653662 -0.466149
v -0.861980 -0.644557 -0.478378
v -0.866382 -0.648345 -0.479430
v -0.807100 -0.430082 -0.359882
v -0.831743 -0.371590 -0.370688
v -0.787745 -0.396975 -0.358686
v 0.875591 0.414632 -2.010420
v 0.865057 0.419071 -2.007060
v 0.881020 0.424066 -2.010040
v 0.224736 -0.984157 1.797680
v 0.174855 -1.065590 1.808630
v 0.192190 -1.080110 1.789160
v -0.005156 2.046790 0.234650
v -0.005156 2.097010 0.147985
v 0.050232 2.090015 0.138172
v 0.109068 0.420983 -0.447849
v 0.109709 0.325006 -0.403019
v 0.051957 0.317417 -0.410357
v -0.005160 2.407450 -0.728786
v 0.045274 2.465380 -0.752562
v -0.005160 2.460810 -0.758909
v -0.489137 -0.057493 0.001571
v -0.393975 -0.021672 -0.001723
v -0.434070 -0.039534 -0.062860
v 0.076434 -0.242170 1.891050
v 0.053871 -0.240792 1.898770
v 0.067431 -0.233774 1.892960
v -0.740826 -0.134317 -0.391913
v -0.766985 -0.124884 -0.365001
v -0.772917 -0.174234 -0.373701
v -0.511146 1.075750 -0.961698
v -0.517061 0.990995 -0.903989
v 0.536097 1.491710 -1.196030
v 0.509873 1.526830 -1.111120
v 0.559645 1.547130 -1.105560
v -0.156703 1.299300 0.710668
v -0.080930 1.385200 0.701472
v -0.156703 1.463740 0.677805
v 0.745013 -0.559658 -0.405011
v 0.756113 -0.558943 -0.387403
v 0.223178 0.669014 -0.463561
v 0.214316 0.562123 -0.432894
v 0.166123 0.544999 -0.455705
v 0.891065 0.486378 -2.000950
v 0.867797 0.460276 -2.009600
v 0.890974 0.464968 -2.000890
v 0.872903 -0.271388 -0.464872
v 0.859618 -0.214978 -0.472611
v 0.863166 -0.213466 -0.435137
v -0.679343 1.145340 -0.688067
v -0.587191 1.083800 -0.648176
v -0.672591 1.079580 -0.650459
v 0.767195 0.716288 -2.015290
v 0.733912 0.611383 -1.998750
v 0.799699 0.634501 -2.015290
v 0.454448 1.328400 -1.052150
v 0.452677 1.302280 -1.101790
v 0.452331 1.369560 -1.093770
v 0.269128 -0.094747 0.082907
v 0.310348 -0.049055 0.061810
v 0.256825 0.011928 -0.015771
v -0.955560 -0.571230 -0.556219
v -0.963333 -0.553978 -0.575120
v -0.959338 -0.577419 -0.562186
v -0.194445 -0.567131 1.768720
v -0.205142 -0.669346 1.779690
v -0.216249 -0.670156 1.766670
v 0.933069 -0.504716 -0.483209
v 0.949841 -0.532324 -0.493823
v 0.919407 -0.509383 -0.491002
v -0.884938 -0.309974 -0.409242
v -0.897207 -0.300736 -0.437184
v -0.882354 -0.302440 -0.405254
v -0.571024 0.867645 -1.846920
v -0.657226 0.909846 -1.841690
v -0.696395 0.856948 -1.860420
v 0.525425 0.117807 0.135595
v 0.581780 0.040528 0.070323
v 0.538385 0.055409 0.143509
v 0.200447 2.002160 0.162829
v 0.189803 2.052220 0.077409
v 0.147187 2.067660 0.102210
v -0.142603 -0.061225 1.964670
v -0.139697 -0.074748 1.964940
v -0.142689 -0.077221 1.970570
v -0.991292 -0.592344 -0.591568
v -0.996421 -0.589341 -0.587248
v -0.996770 -0.595702 -0.589380
v 0.608191 1.525370 -1.109040
v 0.607157 1.492610 -1.196300
v 0.631500 1.461600 -1.125340
v 0.682763 0.717076 0.016343
v 0.698126 0.724180 -0.083599
v 0.663085 0.655327 -0.114613
v 0.091817 -0.975496 1.853630
v 0.080054 -0.967207 1.857930
v 0.093538 -0.964591 1.855930
v 0.604379 0.890071 0.363610
v 0.628174 0.981556 0.281648
v 0.664008 0.887861 0.211576
v 0.336033 0.407501 -2.017130
v 0.312120 0.390017 -2.019640
v 0.325096 0.388765 -2.024060
v -0.005138 0.634092 -0.521301
v -0.005143 0.521293 -0.491459
v 0.057697 0.526192 -0.485028
v 0.206500 -0.168197 0.116160
v 0.248494 -0.164783 0.201523
v 0.171136 -0.242189 0.267381
v 0.725007 -0.082612 -0.480477
v 0.767704 -0.119097 -0.529850
v 0.754121 -0.071858 -0.526433
v 0.801296 -0.113652 -0.363590
v 0.833135 -0.153615 -0.400553
v 0.811024 -0.159217 -0.374257
v 0.068539 -0.067409 1.224690
v -0.004786 -0.057993 1.117270
v 0.067825 -0.070788 1.114530
v 0.107322 -0.955003 1.869260
v 0.095187 -0.963062 1.878140
v 0.093661 -0.948862 1.882460
v 0.501610 0.933496 -1.831660
v 0.584397 1.262260 -0.715674
v 0.679466 1.240470 -0.730546
v 0.582405 1.158270 -0.679169
v -0.654426 1.173920 -1.958260
v -0.615006 1.195700 -1.962030
v -0.612184 1.167140 -1.993650
v -0.214474 -0.274077 1.699740
v -0.203776 -0.305905 1.633750
v -0.210523 -0.269431 1.631250
v -0.468982 0.201029 0.010641
v -0.502008 0.190889 0.010390
v -0.480928 0.172506 0.046547
v 0.131437 -0.377788 1.791100
v 0.120509 -0.307274 1.805450
v 0.141232 -0.376332 1.792340
v -0.239894 -0.580138 1.698030
v -0.249308 -0.660843 1.666170
v -0.276341 -0.712700 1.721230
v 0.458604 0.522561 -1.995770
v 0.467868 0.525949 -1.996960
v 0.479207 0.523737 -1.958850
v -0.516660 1.347020 0.399892
v -0.461904 1.401430 0.446570
v -0.471036 1.332815 0.482930
v 0.572943 1.102810 -0.578078
v 0.477922 1.084490 -0.587303
v 0.468403 1.129080 -0.506036
v 0.092009 -0.220927 1.883950
v 0.140362 -0.055632 1.926930
v 0.139895 -0.025359 1.935210
v 0.134726 -0.047677 1.952000
v 0.462786 1.215470 -1.023460
v 0.478268 1.213840 -1.071900
v 0.454794 1.259050 -1.063160
v 0.445524 1.247640 -0.831477
v 0.444227 1.159520 -0.859501
v 0.450908 1.098320 -0.801408
v 0.348186 0.548752 -1.991840
v 0.343999 0.538278 -1.992360
v 0.398938 0.532868 -2.002070
v -0.803141 0.518359 -1.938050
v -0.838402 0.551523 -1.928950
v -0.848708 0.524494 -1.929910
v 0.972826 -0.584527 -0.545164
v 0.985625 -0.583331 -0.558527
v 0.976526 -0.591004 -0.553660
v -0.005156 0.944745 0.697262
v -0.005156 1.036798 0.709810
v -0.080930 1.034057 0.704116
v -0.647156 1.211450 -0.020812
v -0.687369 1.147075 -0.085212
v -0.671932 1.209440 -0.181037
v 0.074622 -0.036060 1.404360
v -0.004786 -0.041203 1.322340
v 0.070729 -0.054593 1.321030
v -0.064375 -0.228052 1.923640
v -0.074639 -0.218683 1.925530
v -0.060573 -0.206037 1.921660
v -0.730876 -0.601089 -0.378448
v -0.738913 -0.591796 -0.386661
v -0.739474 -0.601355 -0.383510
v -0.460435 0.501510 0.133365
v -0.429796 0.475606 0.182182
v -0.501936 1.343120 -1.356310
v -0.501024 1.299520 -1.347700
v -0.496650 1.240410 -1.493320
v 0.725860 -0.570874 -0.393657
v 0.715329 -0.579057 -0.380816
v 0.727384 -0.580418 -0.389866
v -0.329950 0.316976 -2.030040
v -0.347158 0.333286 -2.003230
v -0.324969 0.315670 -2.020330
v 0.835443 -0.316616 -0.475102
v 0.804567 -0.325133 -0.446680
v 0.802176 -0.332970 -0.449099
v -0.766403 -0.558943 -0.387403
v -0.769571 -0.529573 -0.363775
v -0.765183 -0.556801 -0.363375
v 0.605063 0.153611 -0.091224
v 0.656454 0.084490 -0.148475
v 0.633510 0.124503 -0.067116
v -0.851213 0.689119 -1.908960
v -0.759961 0.734424 -1.887660
v -0.791184 0.665791 -1.892540
v -0.205609 -1.068440 1.734720
v -0.470808 1.107170 -0.723885
v -0.508843 1.145550 -0.691499
v -0.501724 1.079840 -0.657544
v 0.732223 -0.188867 -0.439963
v 0.751828 -0.181934 -0.485972
v 0.718180 -0.139020 -0.433243
v -0.228656 -0.006917 1.795540
v -0.192173 0.066042 1.857120
v -0.207859 -0.010483 1.855320
v -0.976286 -0.591339 -0.558486
v -0.963754 -0.579366 -0.564113
v -0.970216 -0.585527 -0.568550
v 0.872382 0.548353 -1.940420
v 0.878798 0.531144 -1.941090
v 0.834708 0.541709 -1.929380
v -0.650617 1.388030 -1.217690
v -0.638753 1.444500 -1.207400
v -0.636968 1.405590 -1.369340
v 0.436712 1.102540 -0.358474
v 0.424796 1.013479 -0.372580
v -0.005155 0.052478 -0.257574
v -0.005155 0.133164 -0.315219
v 0.052597 0.140754 -0.307882
v -0.052867 2.535020 -0.688828
v -0.091379 2.505480 -0.652417
v -0.082840 2.521210 -0.681291
v -0.215589 -0.965380 1.625950
v -0.170737 -1.033040 1.632330
v -0.189127 -1.054350 1.707730
v 0.451658 1.252410 -0.962527
v 0.465285 1.180030 -0.983517
v 0.587867 0.784072 0.344581
v 0.549220 0.779846 0.396183
v 0.454807 1.185310 -0.764951
v 0.617276 1.127030 -1.006970
v 0.662470 1.177720 -0.989966
v 0.665391 1.131820 -0.946706
v 0.983199 -0.604892 -0.588939
v 0.988376 -0.605364 -0.590151
v 0.984630 -0.602434 -0.591166
v 0.888172 0.542402 -1.969580
v 0.885332 0.517096 -1.999340
v 0.893442 0.525740 -1.970370
v -0.416518 0.730555 -0.427817
v -0.421054 0.822304 -0.427114
v -0.421247 0.819971 -0.452074
v -0.480046 1.172930 -1.634000
v -0.473870 1.255990 -1.606710
v -0.464341 1.237540 -1.658440
v 0.889047 0.502565 -2.000730
v 0.897079 0.510190 -1.971490
v -0.882075 -0.679559 -0.487083
v -0.875888 -0.675046 -0.485763
v -0.880395 -0.679065 -0.491928
v -0.410450 0.697005 0.525148
v -0.418343 0.804144 0.556346
v -0.355812 0.811570 0.589488
v 0.283466 -0.138428 0.462090
v 0.281068 -0.001998 0.492774
v 0.349715 -0.081796 0.422414
v 0.047955 2.417740 -0.724277
v 0.079461 2.463240 -0.733941
v -0.115925 2.032800 0.215022
v -0.060540 2.090015 0.138172
v -0.062969 -0.471793 1.617270
v -0.125727 -0.555923 1.604660
v -0.069661 -0.556469 1.600330
v 0.130793 -0.116011 1.877860
v 0.162539 -0.066924 1.887850
v 0.159995 -0.112615 1.859890
v -0.062857 -0.294746 1.254680
v -0.005963 -0.279208 1.350720
v -0.006182 -0.302392 1.257750
v -0.435993 1.123630 -0.308158
v -0.435842 1.211960 -0.231213
v -0.400662 1.150260 -0.273666
v 0.062765 -0.980847 1.888040
v 0.066918 -0.963495 1.887410
v 0.062765 -0.978829 1.883650
v -0.890413 -0.457274 -0.504379
v -0.869259 -0.484288 -0.481228
v -0.854833 -0.474213 -0.478938
v -0.333939 1.810420 0.090671
v -0.339616 1.730230 0.039560
v -0.312010 1.770100 -0.061860
v 0.245090 0.357100 -0.293941
v 0.235305 0.246224 -0.244311
v 0.272271 0.324660 -0.183966
v -0.458428 0.892410 -1.926700
v -0.489753 1.018430 -1.849140
v -0.468237 0.962907 -1.933600
v -0.893862 -0.619450 -0.498170
v -0.905793 -0.621009 -0.490132
v 0.735706 -0.621073 -0.376697
v 0.732025 -0.623924 -0.379390
v 0.732553 -0.626065 -0.377444
v -0.807689 0.809522 -1.999040
v -0.780585 0.868353 -1.997590
v -0.714289 0.842885 -2.015720
v 0.509981 0.590321 -1.998110
v 0.540514 0.666538 -1.998110
v 0.551085 0.665724 -1.948230
v -0.095536 -1.072760 1.628080
v -0.105428 -1.099980 1.705600
v -0.843377 -0.404794 -0.374624
v -0.186169 -0.888534 1.807410
v -0.125397 -1.000860 1.787890
v -0.192022 -0.889702 1.778040
v 0.647066 1.199880 -1.795590
v 0.654077 1.156700 -1.876070
v 0.671980 1.138260 -1.772120
v 0.644986 1.307720 -1.710330
v 0.585079 1.286320 -1.747780
v 0.622990 1.268300 -1.740070
v 0.681791 0.761128 -0.631298
v 0.667346 0.676101 -0.589519
v 0.645397 1.315810 -1.353900
v 0.653821 1.320720 -1.517660
v 0.655515 1.272650 -1.495410
v -0.558632 1.554930 -1.066070
v -0.636811 1.484760 -1.028370
v -0.622037 1.526030 -1.068890
v -0.250726 1.721280 -0.226099
v -0.190293 1.679620 -0.284500
v -0.227635 1.621560 -0.292865
v 0.400160 0.697006 0.525148
v 0.389824 0.604335 0.493075
v 0.332553 0.622601 0.530842
v 0.850173 -0.218890 -0.403129
v 0.847191 -0.150085 -0.437465
v 0.447941 0.475916 0.307228
v 0.395083 0.434068 0.159967
v 0.414087 0.391429 0.327007
v -0.301174 0.926135 0.653828
v -0.228938 1.024568 0.682500
v -0.156703 0.939264 0.685873
v 0.754980 -0.256972 -0.434239
v 0.772456 -0.318010 -0.396452
v 0.774514 -0.315455 -0.423259
v 0.843539 -0.642545 -0.454430
v 0.859916 -0.654034 -0.453421
v 0.850723 -0.651488 -0.462182
v -0.127108 -0.278156 1.817470
v -0.130799 -0.307274 1.805450
v -0.126016 -0.308729 1.810080
v -0.100833 2.518480 -0.703743
v -0.058383 2.537700 -0.722922
v -0.062179 2.525650 -0.745224
v -0.102543 2.437570 -0.712620
v -0.065884 2.358240 -0.677759
v -0.058265 2.417740 -0.724277
v -0.152674 -0.166871 1.852720
v -0.170285 -0.112615 1.859890
v -0.204427 -0.117352 1.826600
v -0.126793 1.532280 -0.376646
v -0.065957 1.468640 -0.410302
v -0.129804 1.409700 -0.426673
v -0.979941 -0.518484 -0.574498
v -0.992798 -0.485937 -0.548969
v -0.995202 -0.514063 -0.563791
v 0.402044 0.537099 -2.003560
v 0.893875 -0.628323 -0.473606
v 0.890555 -0.640222 -0.476869
v 0.068057 -0.260341 1.890690
v 0.097635 -0.251175 1.872450
v 0.094927 -0.261805 1.865710
v 0.639616 1.344890 -1.219430
v 0.616134 1.315990 -1.214220
v -0.005155 0.213851 -0.372865
v -0.005152 0.311173 -0.417241
v -0.062261 0.317417 -0.410357
v 0.563379 1.404420 -1.556700
v 0.568306 1.428200 -1.463845
v 0.582005 1.423360 -1.463515
v 0.870236 -0.676667 -0.481471
v 0.871785 -0.679559 -0.487083
v 0.865599 -0.675046 -0.485763
v 0.398517 0.446471 -1.957270
v 0.383688 0.427622 -1.967650
v 0.369925 0.454405 -1.947540
v 0.875726 -0.651372 -0.466283
v 0.876633 -0.648598 -0.461176
v -0.105476 -0.957686 1.865990
v -0.178233 1.468985 -0.376650
v 0.146398 0.939264 0.685873
v 0.216008 0.836401 0.643278
v 0.290880 0.926135 0.653828
v -0.124473 0.065046 -0.240266
v -0.122564 0.147038 -0.299228
v -0.168278 0.170636 -0.283859
v 0.171845 -0.468771 1.638800
v -0.835187 0.566509 -2.014070
v -0.871074 0.665441 -2.001140
v -0.891563 0.599499 -2.000140
v 0.640140 0.082668 -0.303843
v 0.592956 0.110364 -0.212630
v 0.614746 0.124093 -0.191038
v -0.129177 2.455870 -0.695687
v -0.117515 2.380220 -0.659662
v 0.146166 2.421190 -0.618662
v 0.111444 2.490740 -0.664111
v 0.125932 2.473360 -0.678008
v 0.868023 -0.669619 -0.473474
v 0.877684 -0.673898 -0.483740
v 0.728674 0.990512 -1.927620
v -0.083108 -0.762220 1.529220
v -0.005155 -0.876827 1.493920
v -0.005155 -0.762459 1.524160
v -0.005120 1.069430 -0.541296
v -0.005123 0.965618 -0.546408
v -0.073691 0.971138 -0.535594
v 0.572556 1.506200 -1.191440
v 0.572894 1.479090 -1.281215
v -0.696615 1.284820 -1.664920
v -0.670725 1.339100 -1.686540
v -0.655277 1.307720 -1.710330
v 0.840670 -0.345643 -0.499393
v 0.872771 -0.328119 -0.524672
v 0.882942 -0.350011 -0.544048
v -0.070542 -0.240267 1.516660
v -0.005155 -0.244283 1.577900
v -0.005450 -0.246586 1.516470
v 0.772629 -0.353024 -0.395419
v 0.785411 -0.365340 -0.371661
v 0.767683 -0.369879 -0.391778
v 0.860884 -0.502573 -0.475757
v 0.864897 -0.527440 -0.474482
v 0.874810 -0.505062 -0.472153
v -0.320638 -0.049055 0.061810
v -0.267115 0.011928 -0.015771
v -0.301779 0.060864 0.012268
v 0.680066 1.202720 -1.671150
v 0.655512 1.236490 -1.727280
v 0.670319 1.180970 -1.706070
v 0.345175 -0.025490 0.034559
v 0.383685 -0.021672 -0.001723
v 0.333368 0.075745 0.017926
v 0.645937 -0.033678 -0.087512
v 0.656624 -0.057806 -0.226128
v 0.613995 -0.075495 -0.112149
v -0.203399 -0.257850 0.569305
v -0.137149 -0.325954 0.686944
v -0.146724 -0.314818 0.538743
v 0.309800 0.372062 -2.022940
v 0.310009 0.386980 -2.011340
v -0.706012 -0.007610 -0.268367
v -0.690597 0.027505 -0.226972
v -0.666914 -0.057806 -0.226128
v 0.863346 0.480815 -2.011500
v -0.675681 1.131820 -0.946706
v -0.672760 1.177720 -0.989966
v -0.627566 1.127030 -1.006970
v -0.828221 -0.328929 -0.377664
v -0.859783 -0.314407 -0.386628
v -0.456241 -0.032721 0.060148
v -0.522750 -0.004041 0.129364
v -0.553249 -0.023144 0.064365
v -0.246400 0.259883 0.503577
v -0.320476 0.121866 0.471259
v -0.347744 0.266003 0.454127
v -0.104271 -0.288202 1.139440
v -0.131197 -0.233379 1.134760
v -0.138362 -0.249316 1.006660
v 0.197934 -0.565705 1.779120
v 0.170027 -0.468190 1.782210
v 0.156857 -0.469037 1.776890
v -0.573548 1.264480 0.270944
v -0.592360 1.182695 0.314553
v -0.614431 1.160900 0.245610
v 0.740271 -0.554714 -0.347202
v 0.066918 -0.965512 1.891800
v 0.644136 1.173920 -1.958260
v 0.673288 1.123780 -1.950210
v -0.840584 0.441736 -1.947450
v -0.819720 0.441242 -1.976590
v -0.833305 0.421165 -1.980700
v -0.932724 0.332234 -2.020920
v -0.929607 0.323963 -2.026920
v -0.938594 0.326532 -2.032140
v -0.989951 -0.540593 -0.521667
v -0.960131 -0.532324 -0.493823
v -0.972065 -0.558280 -0.511312
v 0.055056 -0.385879 1.617420
v 0.856880 0.415901 -1.996500
v 0.875520 0.410627 -2.006200
v 0.284556 0.623335 -0.325512
v 0.309325 0.627516 -0.250736
v 0.226257 -0.004692 1.724850
v 0.216572 0.066483 1.726080
v 0.205594 0.069630 1.795960
v 0.048759 2.501450 -0.757324
v -0.005156 2.529970 -0.751554
v -0.005158 2.502600 -0.765507
v 0.136848 2.299970 -0.340302
v 0.174151 2.235365 -0.287446
v 0.185015 2.271640 -0.381471
v 0.866932 -0.642059 -0.491356
v 0.865453 -0.636836 -0.492931
v 0.882010 -0.632056 -0.499545
v -0.505276 1.240920 -0.731606
v -0.594687 1.262260 -0.715674
v -0.928471 0.375817 -1.999720
v -0.913954 0.419488 -1.961500
v -0.918649 0.378151 -1.980910
v 0.455313 0.034798 -0.148107
v 0.518480 0.017799 -0.198984
v 0.535543 -0.062838 -0.197000
v -0.198703 -0.278790 1.772500
v -0.198679 -0.259898 1.775670
v -0.005120 1.643130 -0.368945
v 0.121779 1.736260 -0.332234
v -0.005127 1.739230 -0.364625
v 0.515924 1.124330 -1.645930
v 0.592158 1.105020 -1.676180
v 0.526137 1.109460 -1.679690
v 0.290880 1.302740 0.662547
v 0.290880 1.210545 0.667281
v 0.356044 1.215265 0.630911
v -0.133803 -0.182912 1.963850
v -0.122689 -0.135339 1.991840
v -0.117183 -0.190091 1.976780
v 0.087230 -0.002243 0.683247
v 0.084807 -0.031288 0.784938
v 0.156096 -0.070950 0.773415
v 0.800364 -0.237582 -0.370430
v 0.787094 -0.165458 -0.364296
v -0.883060 -0.328119 -0.524672
v -0.919380 -0.337706 -0.550377
v -0.893231 -0.350011 -0.544048
v 0.634605 1.334710 -1.149700
v 0.640326 1.388030 -1.217690
v -0.005155 -0.880700 1.931130
v 0.028505 -0.934510 1.927060
v -0.005157 -0.944544 1.930930
v 0.682777 0.937965 -0.800005
v 0.621977 0.902923 -0.857122
v 0.621928 0.850866 -0.828776
v 0.579949 0.073332 -0.235332
v 0.520798 0.104549 -0.179679
v 0.584638 0.001712 -0.251496
v -0.077720 -0.233774 1.892960
v -0.102299 -0.220927 1.883950
v -0.089382 -0.213172 1.886520
v 0.175342 -0.888534 1.807410
v 0.203146 -0.778190 1.776000
v 0.181449 -0.889702 1.778040
v 0.883061 -0.294709 -0.431730
v 0.865848 -0.277776 -0.403409
v 0.877049 -0.271369 -0.431264
v 0.083088 -0.981925 1.852020
v 0.620624 1.198980 -1.890330
v 0.604716 1.195700 -1.962030
v -0.109541 0.142993 1.712970
v -0.186667 0.124895 1.720060
v -0.100882 0.115835 1.645410
v -0.050820 2.515070 -0.641347
v -0.005156 2.518570 -0.635968
v -0.005156 2.540520 -0.688377
v -0.472148 0.895683 -0.759008
v -0.504277 0.810509 -0.796822
v -0.455905 0.835708 -0.674284
v 0.835089 -0.615690 -0.437354
v 0.838117 -0.607102 -0.461311
v -0.888219 0.579468 -1.967730
v -0.870697 0.597989 -1.925380
v -0.867335 0.586126 -1.935830
v -0.486158 1.262950 -1.108010
v -0.465084 1.259050 -1.063160
v -0.462968 1.302280 -1.101790
v -0.301174 1.118350 0.672014
v -0.301174 1.022242 0.662921
v -0.363706 1.014817 0.629779
v -0.217022 -0.881243 1.768310
v -0.203719 -0.970097 1.789120
v -0.226988 -0.879882 1.784460
v -0.005155 0.037250 1.558790
v -0.005155 0.058902 1.575430
v -0.108068 0.025962 1.565170
v -0.757468 -0.445046 -0.351659
v -0.766524 -0.397704 -0.384993
v -0.743754 -0.440429 -0.375058
v 0.133287 -0.064335 1.405000
v 0.544195 1.435530 -1.369510
v 0.540146 1.463620 -1.282770
v 0.524665 1.442780 -1.280065
v 0.246580 -0.200385 0.363237
v 0.290487 -0.161370 0.286887
v 0.796810 -0.430082 -0.359882
v 0.783732 -0.475019 -0.370324
v 0.768790 -0.460031 -0.352193
v 0.972623 -0.596437 -0.577662
v 0.976805 -0.600068 -0.580790
v 0.147852 -0.121465 1.495860
v 0.141144 -0.133060 1.409970
v 0.136098 -0.172306 1.504350
v -0.156671 -0.121465 1.496160
v -0.162060 -0.166974 1.573190
v -0.146388 -0.172306 1.505530
v -0.217216 -0.237219 1.701960
v -0.199273 -0.240248 1.777190
v -0.117408 0.151022 0.526597
v -0.005155 0.155387 0.532818
v -0.005155 0.254784 0.532688
v -0.426237 0.911283 0.587543
v -0.428868 1.019537 0.593409
v -0.482229 1.013495 0.542156
v -0.540019 0.162037 0.039934
v -0.502650 0.150053 0.094124
v 0.408054 0.804145 0.556346
v 0.455004 0.790453 0.508150
v 0.872064 -0.302440 -0.405254
v -0.889716 -0.317469 -0.415948
v -0.861649 -0.322365 -0.389224
v -0.864028 -0.332355 -0.390885
v -0.647912 1.387490 -1.142790
v -0.645835 1.300630 -1.111030
v -0.644895 1.334710 -1.149700
v 0.970165 -0.512776 -0.504223
v 0.955294 -0.484118 -0.493052
v 0.806615 0.484059 -1.972390
v 0.828225 0.479343 -1.946060
v 0.819048 0.472003 -1.974730
v -0.587377 1.156940 -1.561610
v -0.525963 1.208610 -1.480110
v -0.519905 1.157260 -1.566770
v -0.049690 -0.207301 1.910300
v -0.042142 -0.224909 1.906910
v -0.038799 -0.232116 1.912700
v 0.622628 1.166460 -1.039960
v 0.647615 1.258030 -1.069770
v 0.618835 1.214480 -1.076590
v 0.408385 1.557200 0.233759
v 0.370057 1.636510 0.278346
v 0.368401 1.576040 0.404458
v -0.207054 0.053432 0.523309
v -0.224299 0.139368 0.506541
v 0.812904 0.497848 -2.000390
v 0.824484 0.487655 -2.002170
v 0.194366 2.224890 -0.464480
v 0.175524 2.342370 -0.533246
v 0.165145 2.322830 -0.561302
v -0.867442 0.376855 -1.993380
v -0.872253 0.389905 -1.965720
v -0.889636 0.360079 -1.984500
v 0.491434 1.079840 -0.657544
v 0.576901 1.083800 -0.648176
v -0.548675 0.055409 0.143509
v -0.592070 0.040528 0.070323
v -0.535715 0.117807 0.135595
v 0.754893 -0.556800 -0.363375
v -0.624513 1.231240 -1.808840
v -0.665803 1.236490 -1.727280
v -0.657357 1.199880 -1.795590
v -0.841648 0.514863 -2.007450
v -0.798859 0.493191 -1.998580
v -0.807234 0.481959 -1.999960
v 0.691155 0.832879 -0.669801
v 0.705990 0.874056 -0.584808
v -0.727583 1.082700 -0.149613
v -0.705438 1.132915 -0.242163
v 0.222377 1.423230 -0.371820
v 0.726662 -0.620947 -0.369673
v 0.727606 -0.624604 -0.372548
v 0.724749 -0.619503 -0.373272
v -0.736952 -0.620947 -0.369673
v -0.732774 -0.611853 -0.370375
v -0.735038 -0.619503 -0.373272
v 0.871039 0.686325 -1.955430
v 0.881272 0.599499 -2.000140
v 0.889760 0.622728 -1.957700
v -0.960351 -0.404216 -0.491791
v -0.962750 -0.396042 -0.530027
v -0.972593 -0.427543 -0.527704
v 0.196060 1.961090 -0.325855
v 0.221923 2.110600 -0.352245
v 0.174690 2.087460 -0.411098
v -0.351919 0.557431 -1.996620
v -0.344451 0.565764 -1.961100
v -0.352769 0.557302 -1.964210
v 0.826747 -0.578760 -0.421108
v 0.846747 -0.618636 -0.424687
v 0.110305 -0.073952 -0.094881
v 0.112237 -0.004453 -0.167573
v 0.167912 0.030698 -0.144781
v -0.967406 -0.584812 -0.546861
v -0.970637 -0.586072 -0.551719
v 0.350380 0.414253 -1.970900
v 0.354594 0.393123 -1.990350
v 0.339072 0.395676 -1.984900
v -0.852061 -0.529810 -0.464278
v -0.871174 -0.502573 -0.475757
v -0.875187 -0.527440 -0.474482
v 0.492072 1.150290 -1.787820
v -0.005155 0.141917 1.931590
v 0.046656 0.142503 1.934900
v 0.063134 0.145832 1.898040
v 0.962304 -0.427543 -0.527704
v 0.960598 -0.464493 -0.546850
v 0.973646 -0.457303 -0.535479
v -0.080200 -0.065512 1.004770
v -0.005155 -0.051898 1.003780
v -0.005155 -0.037929 0.893619
v 0.089468 0.049541 1.580300
v 0.189512 -0.007265 1.586230
v 0.165859 0.040692 1.604510
v -0.823427 0.758941 -1.904130
v -0.796104 0.820522 -1.894410
v -0.822658 0.822672 -1.947030
v -0.528156 0.678280 -1.898980
v -0.561375 0.665723 -1.948230
v -0.531391 0.590342 -1.949750
v -0.419297 0.721786 -1.896210
v -0.426865 0.807951 -1.935530
v 0.086332 -0.889221 1.900570
v 0.085531 -0.932604 1.895200
v 0.043827 -0.950364 1.914420
v -0.483162 0.518393 -0.093525
v -0.426496 0.549000 -0.165281
v -0.402751 0.540718 -0.127846
v -0.359965 0.477140 -0.013273
v -0.337260 0.498676 -0.099893
v -0.005156 -1.035710 1.520850
v 0.048291 -0.945823 1.491610
v -0.005157 -0.961303 1.490630
v -0.798405 -0.350084 -0.377843
v -0.786180 -0.343204 -0.395923
v -0.782919 -0.353024 -0.395419
v -0.152995 0.569330 0.591483
v -0.079076 0.663488 0.622198
v -0.005156 0.573658 0.600860
v -0.005156 1.988395 0.313219
v -0.066837 1.982460 0.304146
v 0.529729 0.162037 0.039934
v 0.492360 0.150053 0.094124
v 0.267927 -0.881563 1.739830
v 0.251005 -0.987336 1.742780
v 0.270889 -0.883627 1.752320
v 0.690090 0.706309 -1.902290
v 0.719213 0.798309 -1.876350
v 0.749671 0.734424 -1.887660
v 0.104630 -0.172386 1.876260
v 0.079092 -0.213172 1.886520
v 0.091452 -0.169405 1.878200
v 0.120854 -0.171276 1.869060
v -0.994262 -0.536108 -0.574762
v -0.979545 -0.538848 -0.584584
v -0.979364 -0.547864 -0.585283
v -0.050635 -0.266861 1.927080
v -0.078584 -0.259893 1.940340
v -0.079250 -0.251037 1.932010
v -0.119487 -0.015527 1.995730
v -0.094513 0.045960 1.991250
v -0.113879 0.046405 1.976230
v 0.129718 -0.070584 1.946980
v 0.132078 -0.056269 1.951570
v 0.132313 -0.061225 1.964670
v -0.080930 0.848639 0.669291
v -0.317564 1.536960 -0.146466
v -0.271469 1.593000 -0.246925
v -0.297193 1.623640 -0.162059
v 0.085529 -0.263015 0.222433
v 0.040187 -0.291666 0.297801
v -0.005155 -0.268184 0.212685
v -0.812790 -0.471472 -0.448661
v -0.839784 -0.453158 -0.484191
v -0.005155 -0.192034 0.049161
v 0.052575 -0.132993 -0.022860
v 0.100258 -0.184471 0.064005
v 0.439699 1.029520 -0.600280
v 0.423718 1.041610 -0.517789
v 0.895503 -0.621009 -0.490132
v -0.754361 -0.604693 -0.375979
v -0.756714 -0.595564 -0.365560
v -0.753207 -0.606096 -0.367151
v -0.005156 2.245670 -0.116782
v -0.005156 2.290270 -0.203601
v 0.038838 2.283185 -0.213516
v 0.218639 1.383240 0.670176
v 0.146398 1.299300 0.710668
v 0.649558 1.352050 -1.635660
v 0.673853 1.300450 -1.610710
v 0.772584 -0.074651 -0.343214
v 0.759748 -0.012815 -0.328974
v 0.741774 -0.020643 -0.320769
v 0.068337 -0.649935 1.569880
v -0.005155 -0.556784 1.597820
v -0.005155 -0.650212 1.566090
v 0.119535 -0.310955 1.611030
v 0.171299 -0.270788 1.608400
v 0.123352 -0.275831 1.607510
v -0.095416 -0.246753 1.885100
v -0.069250 -0.249824 1.898170
v 0.989448 -0.601053 -0.573629
v 0.988135 -0.593747 -0.566848
v 0.980950 -0.598786 -0.562274
v 0.569792 1.216280 -0.381393
v 0.670612 1.133120 -0.467459
v 0.673003 1.183130 -0.334713
v -0.820492 0.460356 -2.003180
v -0.804950 0.467101 -1.972210
v 0.437542 0.590884 -0.402922
v 0.397763 0.728651 -0.391448
v 0.420041 0.576620 -0.338506
v 0.835637 -0.106690 -0.434004
v 0.822831 -0.109787 -0.391818
v 0.359539 0.579607 -0.237038
v 0.392460 0.540718 -0.127846
v 0.085126 -0.246753 1.885100
v 0.106329 -0.227530 1.873730
v 0.248264 1.992050 -0.239237
v 0.273835 1.881320 -0.140099
v 0.216152 1.847090 -0.259863
v 0.130987 0.054918 1.927440
v 0.119027 0.049788 1.946120
v 0.164587 -0.042229 0.670642
v 0.170792 -0.010676 0.587193
v 0.211880 -0.107928 0.643880
v -0.119366 0.420983 -0.447849
v -0.125095 0.532436 -0.478144
v -0.067987 0.526192 -0.485028
v 0.339174 1.539475 -0.057419
v 0.335002 1.650040 -0.011550
v -0.554991 1.383470 -1.661080
v -0.501305 1.357670 -1.654230
v -0.484002 1.339630 -1.703920
v 0.463889 1.253040 -0.211770
v 0.499334 1.266520 -0.122801
v 0.478893 1.293845 -0.074035
v 0.623085 1.284050 -1.343060
v 0.559051 1.305390 -1.210820
v 0.608822 0.822996 -1.874700
v 0.553884 0.761235 -1.888750
v 0.560734 0.867645 -1.846920
v -0.212085 -0.252158 1.631380
v -0.181589 -0.270788 1.608400
v -0.182791 -0.254040 1.608330
v -0.413384 0.393981 -1.991210
v -0.404326 0.400176 -2.015280
v -0.386038 0.379221 -2.019820
v -0.439628 -0.053475 0.328501
v -0.370202 -0.107423 0.307694
v -0.360005 -0.081796 0.422414
v -0.926456 -0.466795 -0.469386
v -0.967254 -0.434827 -0.496873
v -0.935496 -0.445140 -0.466273
v 0.185243 -0.109785 1.585490
v 0.161513 -0.113271 1.562100
v 0.181958 -0.163517 1.596370
v 0.870997 -0.610979 -0.439497
v 0.863886 -0.574510 -0.427040
v 0.838875 -0.580851 -0.408421
v 0.412663 0.554856 -2.013570
v 0.435953 0.610964 -2.015380
v -0.742646 0.905838 -0.338806
v -0.733451 0.973444 -0.406734
v -0.732092 1.065160 -0.322448
v 0.727043 -0.624833 -0.375875
v 0.730392 -0.625923 -0.374047
v 0.729655 -0.627169 -0.377218
v 0.312152 0.407531 -1.998360
v 0.315651 0.382298 -2.003850
v 0.664171 1.076380 -1.750070
v 0.598845 1.044230 -1.741110
v 0.876125 -0.638703 -0.453241
v 0.360468 0.433934 -1.958820
v 0.339547 0.464153 -1.954170
v -0.341956 1.463380 -0.127332
v -0.324464 1.396045 -0.217865
v -0.291839 1.444990 -0.276401
v 0.886119 -0.481652 -0.490508
v 0.905847 -0.463172 -0.509970
v 0.884254 -0.472994 -0.497125
v -0.718974 -0.564133 -0.384201
v 0.051801 0.103599 1.987350
v 0.026173 0.091703 2.001310
v 0.044594 0.041821 2.004080
v -0.544386 1.331710 -1.727530
v -0.612318 1.366680 -1.702270
v -0.605034 1.331390 -1.721130
v -0.752924 -0.573484 -0.395729
v -0.763046 -0.569673 -0.385481
v -0.760545 -0.574646 -0.383052
v 0.720457 1.038840 -0.760771
v 0.715476 1.106750 -0.719363
v 0.698101 1.043800 -0.670557
v -0.777745 -0.425831 -0.445072
v -0.791056 -0.454069 -0.446119
v -0.752402 -0.460043 -0.422578
v 0.651970 1.073040 0.199686
v 0.681816 0.985375 0.114170
v 0.692395 1.076150 0.027429
v -0.485161 1.197290 -1.583170
v 0.349674 0.477140 -0.013273
v 0.326970 0.498676 -0.099893
v 0.347668 0.497754 -0.064688
v 0.657989 0.980451 0.205631
v -0.873456 -0.213467 -0.435137
v -0.887339 -0.271369 -0.431264
v -0.876137 -0.277777 -0.403409
v 0.670505 1.363220 -0.999555
v 0.640663 1.428260 -0.988984
v 0.652230 1.389570 -0.950893
v 0.739437 -0.613510 -0.375900
v 0.738689 -0.615193 -0.369618
v -0.628698 -0.015655 0.004954
v -0.656227 -0.033678 -0.087512
v -0.624285 -0.075495 -0.112149
v 0.630328 0.047850 -0.320889
v 0.636829 -0.014470 -0.330776
v 0.567264 0.556578 0.100256
v 0.496323 0.529204 0.040801
v 0.520068 0.537485 0.003366
v 0.678042 -0.024580 -0.413752
v 0.711266 -0.022448 -0.477354
v -0.142255 1.080470 -0.519669
v -0.193581 1.185825 -0.466220
v -0.254335 1.106680 -0.458561
v -0.785619 -0.246845 -0.376153
v -0.750417 -0.183917 -0.400763
v -0.767608 -0.255031 -0.400171
v -0.744787 1.096800 -0.802372
v -0.730747 1.038840 -0.760771
v -0.700781 0.988625 -0.837931
v -0.105859 0.149913 1.817850
v -0.073437 0.145832 1.898040
v -0.005155 0.144055 1.888910
v 0.813445 -0.067585 -0.380968
v 0.324203 0.470799 -2.000770
v 0.318201 0.449884 -1.982870
v 0.320184 0.451188 -2.003360
v -0.381364 1.541990 0.031627
v -0.361660 1.502685 -0.047852
v -0.379787 1.465075 -0.019432
v -0.277049 -0.885439 1.769390
v -0.281178 -0.883627 1.752320
v 0.103548 -0.227234 1.424200
v 0.124929 -0.197799 1.332530
v 0.098529 -0.245109 1.339350
v -0.827584 0.571495 -1.924540
v -0.783020 0.552625 -1.922500
v -0.790343 0.540837 -1.932770
v -0.581645 0.678074 0.325551
v -0.598157 0.784072 0.344581
v -0.627972 0.782968 0.268564
v -0.474179 1.253040 -0.211770
v -0.509624 1.266520 -0.122801
v -0.489183 1.293845 -0.074035
v -0.685533 0.690346 -1.950040
v -0.712929 0.692697 -1.998540
v -0.719843 0.613968 -1.952400
v 0.337454 0.266003 0.454127
v 0.359570 0.381966 0.444017
v 0.289467 1.925610 -0.016953
v 0.261712 2.030230 -0.151739
v -0.926893 0.414423 -1.986670
v -0.925000 0.400816 -2.013360
v -0.928902 0.368397 -2.019600
v -0.545069 1.280000 -0.033832
v -0.581379 1.250445 0.049613
v -0.559308 1.272240 0.118556
v -0.048496 -0.559729 1.885090
v -0.055517 -0.662463 1.886430
v -0.005155 -0.662599 1.894330
v 0.373578 0.417928 -2.012150
v 0.357888 0.401500 -2.015730
v -0.108322 -0.969768 1.869320
v -0.105476 -0.963062 1.878140
v -0.105476 -0.961045 1.873750
v 0.609078 1.303090 -1.149700
v 0.547667 1.292460 -1.146430
v -0.743241 0.907010 -0.157485
v -0.742943 0.906424 -0.248145
v -0.737183 0.827828 -0.267740
v 0.091363 -1.029810 1.548330
v 0.174722 -0.956530 1.546690
v 0.128724 -0.962857 1.512840
v -0.683578 1.123780 -1.950210
v -0.693281 1.091710 -1.854170
v -0.711583 1.058480 -1.937100
v 0.107428 -0.995152 1.836770
v 0.081318 -1.001890 1.862100
v 0.098325 -0.987348 1.863650
v 0.230257 -0.879074 1.798900
v 0.250514 -0.882173 1.789000
v -0.702685 1.076150 0.027429
v -0.722963 0.991580 -0.065028
v -0.888459 -0.670467 -0.500050
v -0.894333 -0.664967 -0.496326
v -0.890208 -0.674334 -0.497347
v -0.005121 1.532520 -0.398311
v -0.129859 1.637960 -0.342902
v -0.005156 1.305910 0.723495
v -0.080930 1.214455 0.717334
v 0.046469 -0.258562 1.924270
v 0.040341 -0.266861 1.927080
v 0.029649 -0.272204 1.914420
v -0.153105 1.621270 0.610686
v -0.224096 1.537835 0.613941
v 0.934887 -0.536825 -0.502090
v -0.840613 -0.503084 -0.398951
v -0.813011 -0.480279 -0.412554
v -0.822825 -0.504624 -0.415145
v 0.216698 -0.879882 1.784460
v 0.193429 -0.970097 1.789120
v 0.205467 -0.974276 1.805540
v -0.419280 0.542283 -1.910200
v -0.463954 0.519374 -1.921300
v -0.456790 0.513531 -1.933290
v -0.147707 1.699055 0.559050
v -0.079131 1.703940 0.567382
v 0.273763 1.016325 -0.423299
v 0.302627 0.920493 -0.398418
v 0.862954 -0.655963 -0.459251
v 0.876607 -0.657734 -0.471540
v 0.865754 -0.661873 -0.466033
v 0.982804 -0.546500 -0.576699
v -0.033056 -0.321106 1.906560
v -0.005155 -0.384160 1.903710
v -0.036559 -0.384504 1.900090
v -0.253159 -0.992429 1.777900
v -0.213881 -1.081960 1.765920
v 0.776438 0.057687 -0.479401
v 0.797988 0.045142 -0.470201
v 0.783657 0.031999 -0.499370
v -0.888054 -0.665854 -0.477256
v -0.895887 -0.659684 -0.485730
v -0.893991 -0.669184 -0.489661
v -0.090395 2.194490 -0.548005
v -0.161802 2.207610 -0.506223
v -0.137801 2.305180 -0.589273
v -0.076491 -0.468174 1.879180
v -0.040610 -0.467317 1.892560
v -0.369861 0.381966 0.444017
v -0.426343 0.309605 0.336625
v -0.424377 0.391429 0.327007
v 0.044868 -0.227512 1.898690
v 0.244053 1.106680 -0.458561
v 0.131999 1.080470 -0.519669
v -0.742914 -0.615386 -0.365172
v -0.735656 -0.604563 -0.359806
v -0.736153 -0.613878 -0.364544
v -0.514557 -0.001149 0.186477
v -0.403682 -0.074515 0.158808
v -0.432639 -0.042444 0.109314
v -0.743938 0.920013 -1.996200
v -0.651543 1.130070 -2.003840
v -0.096048 -0.385943 1.872960
v -0.110711 -0.469460 1.859480
v -0.463411 0.621526 -0.493228
v -0.450559 0.700731 -0.534632
v -0.481450 0.673264 -0.609615
v -0.302077 0.306448 -2.033210
v -0.306075 0.325844 -2.016870
v -0.300202 0.313839 -2.029030
v -0.059241 -0.316393 1.144940
v -0.716722 1.292710 -0.905638
v -0.698642 1.327600 -0.957577
v -0.697620 1.249030 -0.970324
v 0.138554 2.400970 -0.639456
v 0.118887 2.455870 -0.695687
v 0.267000 -0.668360 1.738210
v 0.266051 -0.712700 1.721230
v 0.278409 -0.772672 1.750920
v 0.572262 0.175427 -0.024776
v 0.562994 0.112555 0.069752
v -0.120242 -0.995152 1.836770
v -0.084951 -1.020150 1.837540
v -0.092029 -1.001890 1.862100
v -0.142310 1.776840 0.507414
v -0.073733 1.853420 0.449601
v -0.005156 1.786610 0.524078
v -0.005155 0.015700 1.520780
v 0.907412 -0.480044 -0.502057
v 0.101899 -0.123475 1.938160
v 0.088536 -0.123055 1.909420
v 0.090301 -0.128989 1.927410
v 0.638657 1.452340 -1.083310
v 0.095558 0.149913 1.817850
v -0.826641 -0.496809 -0.449716
v -0.365822 0.420177 -2.017770
v -0.329069 0.438354 -2.004720
v -0.322525 0.412773 -2.009020
v -0.135942 1.261880 -0.479006
v -0.184301 1.342555 -0.425413
v -0.244908 1.291180 -0.412770
v -0.754234 -0.569450 -0.401090
v 0.777438 -0.479645 -0.399713
v -0.005156 2.414820 -0.441253
v -0.043109 2.369510 -0.373528
v -0.066424 2.407650 -0.452189
v -0.145892 -0.076207 1.974490
v -0.146022 -0.072139 1.987360
v -0.142891 -0.097603 1.968680
v 0.483026 1.289710 -1.512940
v 0.463580 1.255990 -1.606710
v 0.497119 1.341400 -1.533650
v -0.354721 -0.116785 0.218372
v -0.102655 0.052386 0.561524
v -0.005155 0.061675 0.568530
v -0.005155 0.094672 0.548476
v -0.301174 1.302740 0.662547
v -0.301174 1.210545 0.667281
v -0.228938 1.208825 0.691341
v 0.047170 -0.219673 1.922660
v 0.039401 -0.207301 1.910300
v 0.035829 -0.225116 1.917070
v 0.110350 0.229030 -0.358190
v 0.157902 0.342131 -0.380209
v 0.201789 0.276226 -0.327453
v -0.483779 0.959631 -1.996960
v -0.793947 0.031999 -0.499370
v -0.774733 0.039377 -0.511168
v 0.520657 1.388465 -1.451580
v 0.513233 1.393850 -1.364100
v 0.859747 0.628093 -1.914500
v 0.886930 0.591756 -1.962820
v 0.860407 0.597989 -1.925380
v 0.286903 1.623640 -0.162059
v 0.703999 0.842885 -2.015720
v 0.093927 2.133160 0.041592
v 0.088380 2.182330 -0.047510
v 0.044386 2.189415 -0.037595
v 0.956964 -0.434826 -0.496873
v 0.973134 -0.463132 -0.512989
v 0.269111 -0.808512 1.733700
v 0.261077 -0.889984 1.732820
v -0.345775 0.499963 -1.995350
v -0.339726 0.505442 -1.968200
v -0.331276 0.470362 -1.973350
v -0.101665 -1.029810 1.548330
v -0.150879 -1.012120 1.568640
v -0.185014 -0.956530 1.546690
v -0.005744 -0.258536 1.433510
v -0.067551 -0.251449 1.432450
v -0.065308 -0.271353 1.347830
v 0.521632 0.200453 -0.058858
v -0.679330 0.629663 -0.425723
v -0.612688 0.588764 -0.372101
v -0.668706 0.614326 -0.328348
v -0.235813 0.135348 -0.194681
v -0.259187 0.230004 -0.189324
v -0.282681 0.219085 -0.100288
v 0.953043 -0.553978 -0.575120
v 0.951318 -0.535275 -0.562779
v 0.969651 -0.518484 -0.574498
v 0.137779 -0.147093 1.326660
v 0.137089 -0.161706 1.235030
v 0.590195 1.472295 -1.283645
v 0.325939 0.378735 -2.001890
v 0.324494 0.369928 -2.015890
v 0.315565 0.367859 -2.017530
v -0.459217 1.461980 0.314247
v -0.433183 1.458910 0.403748
v -0.253074 0.999109 -0.471705
v -0.284050 1.016325 -0.423299
v -0.104231 2.133160 0.041592
v -0.110078 2.082980 0.128307
v 0.457688 1.285020 -1.007250
v 0.475868 1.262950 -1.108010
v -0.569058 0.584974 -0.467699
v -0.623347 0.630537 -0.528609
v -0.132134 -0.177517 1.951010
v -0.139236 -0.129552 1.960260
v -0.134732 -0.125327 1.953350
v -0.583523 1.451980 -1.370990
v -0.558630 1.418045 -1.460340
v -0.554485 1.435530 -1.369510
v 0.337824 0.542470 -1.965700
v 0.390372 1.150260 -0.273666
v 0.396188 1.041399 -0.313236
v 0.425703 1.123630 -0.308158
v 0.075418 -0.953129 1.886160
v 0.779767 -0.118340 -0.355106
v -0.573284 0.112555 0.069752
v -0.616223 0.136799 0.003392
v 0.990859 -0.601225 -0.584033
v 0.987544 -0.600964 -0.590786
v 0.991480 -0.605862 -0.585867
v -0.710903 0.981693 -0.706798
v -0.712187 0.941704 -0.619391
v -0.686682 0.891797 -0.752384
v -0.995850 -0.580238 -0.584047
v -0.987387 -0.578202 -0.588106
v -0.989485 -0.586415 -0.589979
v 0.856142 -0.653662 -0.466149
v 0.859299 -0.660212 -0.471871
v 0.372379 0.455604 0.073347
v 0.359832 0.406584 0.080650
v 0.225520 0.135348 -0.194681
v 0.215093 0.046412 -0.124922
v 0.314385 0.734819 -0.314960
v 0.241771 -0.984240 1.733680
v -0.994701 -0.608759 -0.578802
v -0.999688 -0.611407 -0.577707
v -0.999865 -0.611993 -0.580076
v 0.114806 0.532436 -0.478144
v 0.909090 -0.337706 -0.550377
v 0.791367 -0.070738 -0.352144
v 0.776164 -0.009652 -0.340487
v 0.983831 -0.566748 -0.579437
v 0.982420 -0.553844 -0.576094
v 0.988655 -0.561439 -0.562961
v -0.094389 -0.994903 1.868490
v -0.082743 -1.001720 1.870070
v -0.082743 -0.999704 1.865690
v -0.146232 -1.024180 1.785250
v -0.096630 -1.053470 1.792280
v -0.152966 -0.210728 1.835100
v -0.186191 -0.181601 1.820900
v -0.173146 -0.167527 1.834310
v 0.739427 0.785833 -2.015290
v -0.629125 1.214470 -1.076590
v -0.657905 1.258030 -1.069770
v -0.710296 0.968223 -1.994840
v -0.689352 1.040930 -1.999070
v 0.517425 1.213410 -1.817120
v 0.086244 -0.953906 1.880490
v 0.086244 -0.955922 1.884870
v 0.075418 -0.955145 1.890550
v -0.816223 -0.395786 -0.479238
v -0.810621 -0.368260 -0.466452
v -0.478501 0.941965 -0.802864
v -0.465167 1.040270 -0.764837
v -0.461918 0.983965 -0.714106
v 0.100421 -0.469460 1.859480
v 0.128833 -0.470392 1.832210
v 0.500856 1.075750 -0.961698
v 0.467329 1.065030 -0.884871
v 0.506771 0.990995 -0.903989
v -0.236141 -0.978314 1.703870
v -0.271367 -0.889984 1.732820
v -0.252061 -0.984240 1.733680
v -0.785884 0.506181 -1.999410
v -0.841038 0.538349 -2.010440
v -0.792164 0.499085 -1.999160
v -0.058600 -0.945823 1.491610
v -0.092065 -0.965556 1.501970
v -0.580082 1.216280 -0.381393
v -0.580853 1.164060 -0.484080
v -0.680902 1.133120 -0.467459
v 0.396788 0.451547 0.394004
v 0.510069 1.443560 -1.201300
v 0.129244 -0.218873 1.589760
v 0.125414 -0.242159 1.606180
v 0.179082 -0.209799 1.605200
v 0.331445 0.589935 -1.957410
v 0.362853 0.561255 -1.924520
v 0.334161 0.565764 -1.961100
v -0.879423 -0.431164 -0.516813
v -0.867654 -0.400031 -0.524003
v -0.917136 -0.411321 -0.544195
v -0.742071 1.184790 -0.764419
v -0.725766 1.106750 -0.719363
v -0.154725 -0.967436 1.804200
v -0.142029 -0.963029 1.836350
v 0.613813 0.968456 -1.806470
v 0.724153 0.927781 -1.864180
v 0.646936 0.909846 -1.841690
v -0.751232 0.034908 -0.495374
v -0.786728 0.057687 -0.479401
v 0.132006 1.776840 0.507414
v 0.201757 1.687775 0.522774
v 0.250520 1.751820 0.444629
v 0.248050 2.084875 -0.222449
v 0.211455 2.170760 -0.234589
v 0.880207 0.563818 -1.999350
v 0.063205 0.484919 0.575596
v -0.005155 0.399725 0.557494
v -0.667956 0.772977 -1.893020
v -0.619113 0.822996 -1.874700
v -0.978375 -0.492148 -0.559707
v -0.983936 -0.457303 -0.535479
v 0.877764 -0.665854 -0.477256
v -0.040971 0.133032 1.967110
v -0.062098 0.103599 1.987350
v -0.077105 0.111820 1.971080
v 0.412880 0.924418 -0.386686
v 0.405322 0.826534 -0.389067
v 0.409554 0.827487 -0.407251
v -0.245596 0.246224 -0.244311
v -0.282561 0.324660 -0.183966
v -0.405952 0.105160 0.419790
v -0.416148 0.207382 0.378207
v -0.402633 0.505522 -2.003950
v -0.392201 0.477713 -2.007790
v -0.057460 -0.219673 1.922660
v 0.973835 -0.566129 -0.585024
v -0.053958 -0.274050 1.948230
v -0.042914 -0.275886 1.937270
v -0.005155 -0.282226 1.935510
v 0.436266 0.944425 -0.626207
v -0.345432 0.946695 -0.323666
v -0.335054 0.840757 -0.319313
v -0.317721 0.825944 -0.352019
v 0.090656 0.119910 1.941010
v 0.078987 0.115537 1.955550
v 0.063012 -1.010670 1.864400
v 0.064976 -0.994978 1.878690
v 0.072453 -1.001720 1.870070
v 0.142051 -0.967436 1.804200
v 0.130058 -0.963029 1.836350
v -0.376243 0.191924 0.064717
v -0.343658 0.075745 0.017926
v -0.386084 0.069165 -0.007754
v -0.216057 -0.143622 1.786530
v -0.221945 -0.103080 1.784090
v 0.114169 0.065046 -0.240266
v 0.054507 -0.009432 -0.177544
v 0.090578 0.115835 1.645410
v 0.099238 0.142994 1.712970
v 0.176374 0.124895 1.720060
v 0.816772 0.572240 -1.924540
v 0.858974 0.574857 -1.940310
v 0.820042 0.564687 -1.928870
v -0.149067 -0.761808 1.537760
v -0.078087 -0.868968 1.496940
v -0.759638 -0.574273 -0.366199
v -0.749660 -0.566599 -0.351207
v -0.749217 -0.572747 -0.355429
v -0.005156 0.757645 0.652913
v -0.005156 0.665651 0.626887
v 0.068767 0.663488 0.622198
v 0.474871 1.197290 -1.583170
v 0.486360 1.240410 -1.493320
v -0.738965 0.990512 -1.927620
v 0.731260 -0.622028 -0.369840
v 0.733280 -0.625182 -0.374740
v 0.099006 2.506760 -0.720342
v -0.832849 -0.534323 -0.443747
v -0.851394 -0.501683 -0.468280
v 0.128222 -0.249316 0.996971
v 0.170587 -0.197330 0.859831
v 0.149687 -0.264411 0.849960
v 0.749315 -0.583881 -0.379944
v 0.748226 -0.584252 -0.365933
v 0.750221 -0.493007 -0.348747
v 0.747178 -0.445046 -0.351659
v -0.369059 1.368560 -0.153558
v -0.362440 1.265615 -0.217977
v -0.384860 1.259410 -0.213612
v 0.151770 -0.166974 1.572890
v 0.740259 0.555973 -1.954560
v 0.772751 0.557203 -1.922460
v 0.758533 0.539720 -1.959950
v -0.088405 -0.949085 1.894590
v -0.066425 -0.960132 1.903920
v -0.074512 -0.964839 1.896180
v -0.701445 0.832879 -0.669801
v -0.716280 0.874056 -0.584808
v 0.093252 2.488910 -0.733731
v -0.099772 0.049541 1.580300
v -0.980455 -0.512776 -0.504223
v -0.943359 -0.504717 -0.483210
v 0.466467 1.312310 -1.633250
v 0.454051 1.237540 -1.658440
v 0.448339 1.295060 -1.684400
v -0.139717 -0.095506 1.963780
v -0.130606 -0.236893 1.850780
v -0.123420 -0.245894 1.860670
v -0.116619 -0.227530 1.873730
v 0.545910 1.175910 -1.962260
v 0.544429 1.190270 -1.899530
v 0.586825 1.208970 -1.896540
v -0.005126 0.861806 -0.551519
v -0.142598 0.872228 -0.534275
v -0.565538 1.110360 -1.011790
v -0.507825 1.127950 -1.004090
v -0.737333 -0.624833 -0.375875
v -0.735865 -0.618451 -0.377727
v -0.737017 -0.622733 -0.378222
v 0.320428 0.470709 -1.976770
v 0.323832 0.493395 -1.971380
v 0.329728 0.492045 -1.997420
v 0.743801 -0.082661 -0.342483
v -0.218687 -0.058990 1.596840
v -0.225373 -0.107255 1.662500
v -0.217784 -0.107804 1.604720
v -0.135708 -0.242159 1.606180
v -0.073469 -0.249294 1.600660
v -0.073047 -0.265455 1.601730
v 0.468450 1.172860 -0.433203
v 0.433273 1.083010 -0.413182
v 0.391071 0.475295 0.057136
v 0.425382 0.501830 -0.018653
v -0.222628 -0.161598 1.680860
v -0.217514 -0.207945 1.629420
v -0.218567 -0.161777 1.617960
v 0.707621 -0.552961 -0.362701
v 0.723865 -0.564840 -0.349678
v 0.711063 -0.563745 -0.364291
v -0.461948 1.252410 -0.962527
v -0.475575 1.180030 -0.983517
v -0.074148 -0.100655 2.012590
v 0.800331 -0.368260 -0.466452
v 0.770656 -0.363955 -0.423454
v 0.758443 -0.396419 -0.425518
v -0.139986 -0.133879 1.974780
v -0.773608 0.055684 -0.462192
v -0.746602 0.051029 -0.452403
v -0.802577 0.055853 -0.415022
v 0.740098 -0.014456 -0.518230
v 0.764443 0.039377 -0.511168
v 0.740942 0.034908 -0.495374
v -0.290011 0.705194 -0.380373
v -0.252879 0.580214 -0.391300
v -0.233466 0.669014 -0.463561
v -0.062905 0.140754 -0.307882
v -0.516721 0.190442 0.241467
v -0.432244 0.253709 0.180233
v -0.478222 0.231550 0.297907
v 0.534779 1.280000 -0.033832
v 0.571089 1.250445 0.049613
v 0.636865 1.211450 -0.020812
v 0.983787 -0.573931 -0.550811
v 0.990461 -0.521577 -0.542300
v 0.991441 -0.544272 -0.555859
v 0.979661 -0.540593 -0.521667
v 0.777051 0.507040 -1.968520
v 0.766540 0.521150 -1.967080
v 0.783899 0.519484 -1.997070
v 0.799163 -0.007187 -0.372044
v -0.175436 2.322830 -0.561302
v 0.881204 -0.492802 -0.475610
v 0.871585 -0.488708 -0.482855
v -0.005155 -0.360014 0.684235
v -0.075798 -0.353149 0.683253
v -0.078763 -0.342991 0.528524
v -0.136222 2.473360 -0.678008
v -0.109300 2.506760 -0.720342
v -0.684260 1.309910 -0.810293
v -0.689757 1.240470 -0.730546
v 0.194276 -0.130315 0.752762
v 0.200246 -0.199304 0.727862
v 0.953464 -0.579366 -0.564113
v 0.965996 -0.591339 -0.558486
v 0.959926 -0.585527 -0.568550
v 0.509220 0.527726 0.209594
v 0.540288 0.602900 0.267572
v 0.571461 0.614368 0.202269
v 0.090432 -0.213220 1.931590
v 0.102405 -0.220505 1.937100
v 0.087314 -0.242223 1.934710
v -0.731115 0.915233 -0.499816
v -0.721534 0.779173 -0.546817
v -0.005155 -0.285085 1.911650
v -0.005155 -0.320007 1.908760
v -0.026813 -0.286938 1.910880
v -0.987095 -0.600068 -0.580790
v -0.991579 -0.605088 -0.576170
v 0.940702 -0.364949 -0.531144
v 0.923613 -0.336418 -0.519750
v 0.922792 -0.344733 -0.473201
v -0.189371 -0.209799 1.605200
v -0.192248 -0.163517 1.596370
v -0.950360 -0.553396 -0.540783
v -0.957521 -0.509986 -0.546836
v -0.961608 -0.535275 -0.562779
v 0.844245 -0.150378 -0.481195
v 0.830980 -0.104303 -0.484360
v -0.076650 -0.070788 1.117760
v 0.469794 1.278130 -1.708640
v 0.473712 1.339630 -1.703920
v -0.722647 -0.486875 -0.366219
v -0.741034 -0.445616 -0.404621
v -0.722006 -0.488538 -0.392889
v 0.131261 -0.649315 1.576610
v 0.154629 -0.555547 1.607640
v 0.115434 -0.555923 1.604660
v -0.722684 -0.568922 -0.382556
v -0.726629 -0.579408 -0.366471
v -0.723780 0.731284 -0.183540
v -0.727453 0.739965 -0.280768
v -0.701555 0.680473 -0.304631
v 0.856092 -0.648345 -0.479430
v 0.859534 -0.655076 -0.482846
v 0.662301 1.079580 -0.650459
v 0.666875 1.084090 -0.577344
v 0.805934 -0.395786 -0.479238
v 0.815923 -0.425542 -0.487465
v 0.780766 -0.454069 -0.446119
v 0.104179 -0.470551 1.619410
v 0.108956 -0.382384 1.618040
v -0.147855 -0.081998 1.904500
v -0.134447 -0.104771 1.912260
v -0.141083 -0.116011 1.877860
v 0.384339 0.503935 -2.005640
v 0.393423 0.523486 -2.002970
v 0.444532 0.509779 -1.995900
v -0.178738 0.133589 1.800200
v -0.183011 0.115379 1.847970
v -0.212083 0.276226 -0.327453
v -0.168201 0.342131 -0.380209
v -0.749717 0.785833 -2.015290
v -0.838157 0.743475 -2.000930
v -0.777485 0.716288 -2.015290
v -0.784804 -0.315456 -0.423259
v -0.814857 -0.325133 -0.446680
v -0.790357 -0.337925 -0.419808
v -0.005155 -1.127320 1.823040
v 0.092873 -1.112500 1.818420
v 0.083740 -1.088460 1.824260
v -0.671600 0.016225 -0.194128
v -0.478985 0.992448 -0.835077
v -0.388309 0.641974 -1.906930
v -0.956357 -0.561806 -0.520655
v -0.963634 -0.579432 -0.538358
v 0.834483 0.455103 -1.953780
v 0.829145 0.451390 -1.978530
v -0.839105 0.522507 -2.008110
v -0.005156 1.471100 0.692275
v 0.705897 -0.525862 -0.362722
v 0.712357 -0.486875 -0.366219
v 0.711716 -0.488538 -0.392889
v -0.693053 0.717076 0.016343
v -0.668523 0.709043 0.105644
v -0.682972 0.799360 0.111799
v 0.234627 1.291180 -0.412770
v 0.258088 1.368085 -0.344585
v 0.296683 1.328710 -0.308398
v 0.301720 1.770100 -0.061860
v 0.271081 1.745690 -0.143980
v -0.125398 -0.174266 1.943880
v -0.119953 -0.223443 1.944610
v -0.112695 -0.220505 1.937100
v -0.128340 0.250830 0.525996
v -0.066748 0.325277 0.541745
v -0.141871 0.396180 0.550333
v 0.103936 -0.126574 1.881490
v 0.093206 -0.125658 1.881360
v 0.111476 -0.110591 1.906900
v -0.875863 -0.670905 -0.492696
v -0.879076 -0.675340 -0.495016
v 0.506386 1.128150 -1.617390
v 0.583881 1.118670 -1.642230
v -0.890194 -0.292896 -0.464244
v -0.893351 -0.294709 -0.431730
v 0.879939 -0.644738 -0.497359
v 0.886064 -0.646311 -0.492423
v -0.121735 2.490740 -0.664111
v -0.130824 0.643890 -0.508439
v -0.136711 0.758059 -0.521357
v -0.191319 0.767714 -0.496644
v 0.791474 0.493224 -1.970540
v 0.796978 0.508552 -1.998480
v -0.191046 -0.761529 1.543140
v -0.130922 -0.876582 1.506000
v -0.647310 0.118540 -0.164883
v -0.687308 0.092162 -0.251225
v -0.697586 0.070211 -0.229167
v 0.879774 -0.663269 -0.500350
v 0.878169 -0.670467 -0.500050
v 0.884044 -0.664967 -0.496326
v 0.172721 0.115379 1.847970
v 0.181883 0.066042 1.857120
v -0.755303 -0.559658 -0.405011
v 0.223318 -0.184686 0.608316
v 0.984273 -0.561561 -0.538000
v 0.961775 -0.558279 -0.511312
v 0.829178 -0.153949 -0.517458
v 0.846170 -0.220256 -0.502024
v 0.617681 0.782968 0.268564
v -0.055583 2.465380 -0.752562
v -0.531268 -0.086524 -0.070051
v -0.482669 -0.058161 -0.131635
v 0.494061 0.669622 0.428756
v 0.508365 0.784411 0.456896
v -0.777973 -0.369879 -0.391778
v 0.237027 1.820780 0.382433
v 0.184367 1.834975 0.409135
v 0.573233 1.451980 -1.370990
v -0.382978 0.011682 0.421102
v -0.340241 0.020035 0.446837
v -0.888428 0.571926 -1.969370
v -0.869268 0.578486 -1.940310
v 0.330512 0.519958 -1.967440
v -0.271301 -0.779153 1.708740
v -0.249574 -0.766148 1.639030
v -0.224170 -0.564102 1.793040
v -0.180317 -0.468190 1.782210
v -0.208223 -0.565705 1.779120
v -0.055158 -0.227512 1.898690
v -0.044149 -0.237999 1.905820
v 0.056120 2.407650 -0.452189
v 0.111317 2.390230 -0.476068
v 0.142384 -0.166871 1.852720
v 0.194137 -0.117352 1.826600
v 0.162856 -0.167527 1.834310
v 0.641253 1.130070 -2.003840
v 0.686118 1.113420 -1.989880
v 0.079056 -0.161535 1.878810
v 0.054521 -0.185698 1.892280
v 0.070956 -0.153431 1.886220
v -0.892300 -0.632056 -0.499545
v -0.901652 -0.633946 -0.491925
v 0.706432 1.292710 -0.905638
v 0.727668 1.157190 -0.863962
v 0.724837 1.245940 -0.833880
v 0.143884 -0.110664 1.322190
v 0.725575 -0.618451 -0.377727
v 0.726727 -0.622733 -0.378222
v -0.487046 1.375680 0.257003
v 0.454432 1.415300 -1.040370
v 0.458646 1.366390 -0.996676
v 0.484494 1.430290 -0.990019
v -0.809989 0.634501 -2.015290
v -0.406478 1.041399 -0.313236
v -0.555284 1.232080 -1.819280
v -0.527715 1.213410 -1.817120
v -0.515656 1.160910 -1.895800
v -0.706109 1.001870 -1.833710
v -0.766249 0.932357 -1.930470
v -0.885365 -0.678931 -0.495835
v 0.056128 -0.960132 1.903920
v -0.005156 -0.992983 1.908540
v -0.307760 0.358578 -2.008060
v -0.301101 0.331896 -2.023940
v -0.114023 0.123329 1.921790
v -0.612184 1.400550 -1.549990
v -0.611553 1.421425 -1.460160
v -0.592296 1.423360 -1.463515
v 0.756234 -0.397704 -0.384993
v 0.733464 -0.440429 -0.375058
v 0.132399 -0.077221 1.970570
v 0.135695 -0.062893 1.969110
v 0.614223 1.231240 -1.808840
v -0.069049 -0.198695 1.984190
v -0.790057 -0.118340 -0.355106
v -0.754091 -0.082661 -0.342483
v -0.078640 -0.649935 1.569880
v -0.005155 -0.342019 1.013450
v -0.059058 -0.334879 1.012590
v -0.066903 -0.348788 0.851653
v 0.399884 0.830595 -0.372127
v -0.127507 -0.071259 2.002770
v -0.143624 -0.097760 1.983110
v 0.728001 -0.495912 -0.409849
v 0.742112 -0.460043 -0.422578
v 0.760150 -0.474468 -0.422939
v -0.064811 -0.185698 1.892280
v -0.089346 -0.161535 1.878810
v -0.081246 -0.153431 1.886220
v -0.511900 0.933496 -1.831660
v -0.505940 1.093370 -1.764540
v -0.195306 2.271640 -0.381471
v -0.208526 2.221200 -0.308030
v -0.184444 2.235365 -0.287446
v 0.294250 1.853180 0.224443
v 0.278809 1.909670 0.154603
v 0.323649 1.810420 0.090671
v -0.101742 -0.169405 1.878200
v -0.123854 -0.125700 1.877310
v -0.114226 -0.126574 1.881490
v 0.986480 -0.595702 -0.589380
v 0.982824 -0.598014 -0.592708
v 0.740127 -0.183917 -0.400763
v 0.122973 -0.098589 1.113300
v 0.070266 -0.065512 0.999929
v 0.128213 -0.096018 0.997415
v -0.155365 -0.469903 1.798840
v -0.119264 -0.385243 1.848700
v -0.139123 -0.470392 1.832210
v 0.568182 0.713963 -0.732038
v 0.493987 0.810509 -0.796822
v 0.484126 0.745008 -0.718298
v -0.863040 -0.464165 -0.397482
v -0.869996 -0.480782 -0.415431
v -0.504187 1.334650 0.063701
v -0.510424 1.340835 0.231796
v -0.457432 1.404340 0.114113
v -0.442087 0.168355 0.358849
v -0.480739 0.095896 0.351171
v 0.775917 0.525601 -1.996460
v 0.827260 0.539952 -2.006390
v 0.291489 0.060864 0.012268
v 0.323575 0.186054 0.040995
v 0.872944 -0.490485 -0.438420
v 0.874836 -0.507523 -0.454870
v 0.858238 -0.508427 -0.426889
v -0.083030 -0.314288 0.378055
v 0.990702 -0.586317 -0.575352
v 0.986131 -0.589341 -0.587248
v 0.990857 -0.595372 -0.580618
v -0.917063 0.342022 -2.003100
v -0.005155 -0.284309 1.946350
v 0.253401 -0.057142 0.516030
v 0.196760 0.053432 0.523309
v -0.277514 0.608522 -0.358218
v 0.336830 0.516958 -1.994330
v 0.752756 -0.569673 -0.385481
v 0.750255 -0.574646 -0.383052
v 0.072973 -0.321643 1.885450
v 0.091774 -0.318442 1.864360
v 0.085758 -0.385943 1.872960
v 0.730744 -0.445616 -0.404621
v -0.145849 -0.122671 1.230680
v -0.142757 -0.147093 1.326950
v -0.141766 -0.161706 1.236650
v -0.904741 -0.316915 -0.529806
v -0.559510 0.779846 0.396183
v -0.724393 -0.037105 -0.299137
v -0.734479 0.040696 -0.297441
v -0.005155 -1.031250 1.866410
v 0.035115 -0.993744 1.895990
v 0.029909 -1.019610 1.871400
v 0.064348 -0.199240 1.887750
v -0.995046 -0.492692 -0.525743
v -1.000750 -0.521577 -0.542300
v -0.005155 -0.083910 -0.114822
v -0.005155 -0.137972 -0.032830
v 0.178833 -1.054350 1.707730
v 0.095125 -1.099980 1.705600
v 0.195316 -1.068440 1.734720
v -0.352058 0.462166 -1.948660
v -0.385663 0.445838 -1.941380
v -0.373467 0.415597 -1.952520
v -0.904866 -0.478595 -0.453829
v 0.571355 0.678074 0.325551
v 0.509648 0.576995 0.316389
v 0.797399 0.809522 -1.999040
v -0.222170 -0.107928 0.643880
v -0.174880 -0.042229 0.670642
v -0.181086 -0.010676 0.587193
v 0.127234 2.443720 -0.599144
v -0.903706 -0.307257 -0.447632
v -0.904101 -0.303060 -0.484636
v -0.916575 -0.314453 -0.502146
v 0.669053 1.145340 -0.688067
v 0.747925 -0.594767 -0.377229
v 0.746424 -0.595564 -0.365560
v 0.547667 1.199370 -1.076830
v 0.608205 1.263010 -1.114380
v 0.541730 1.250110 -1.112810
v -0.056971 -0.776242 1.905350
v -0.005155 -0.776688 1.914490
v -0.054671 -0.248765 1.920630
v -0.049452 -0.238277 1.919370
v 0.108974 -0.385243 1.848700
v 0.687835 0.892785 0.120116
v 0.672682 0.799360 0.111799
v -0.400624 0.400281 -1.963850
v 0.482886 1.464440 -1.121960
v 0.490558 1.386290 -1.206480
v -0.134080 -0.082001 1.320010
v -0.156245 -0.095924 1.406020
v -0.148863 -0.110664 1.322190
v 0.625013 0.636827 0.058299
v 0.612681 0.579369 -0.045685
v -0.005155 -1.085630 1.623300
v -0.005155 -1.115130 1.702950
v 0.122696 -0.216305 1.241100
v 0.138035 -0.173668 1.123420
v 0.121509 -0.233379 1.128300
v -0.142253 -0.064335 1.405000
v -0.166594 -0.079585 1.489860
v -0.533736 1.384110 -1.549690
v -0.507409 1.341400 -1.533650
v -0.476758 1.312310 -1.633250
v 0.082885 0.080623 1.604690
v 0.167246 0.100207 1.659320
v -0.552487 0.149625 -0.154460
v -0.625036 0.124093 -0.191038
v -0.603245 0.110364 -0.212630
v -0.836410 -0.063895 -0.427090
v -0.830072 -0.060427 -0.482049
v -0.825460 -0.004937 -0.418373
v -0.005155 -0.355630 0.852832
v -0.040476 -0.354390 0.768042
v -0.737667 0.986085 -0.239966
v 0.110507 -1.139000 1.770670
v 0.203587 -1.081960 1.765920
v -0.656562 0.761470 -1.944610
v -0.890080 -0.637840 -0.497367
v -0.896805 -0.639769 -0.491491
v -0.801657 -0.070738 -0.352144
v -0.770038 -0.012815 -0.328974
v -0.782874 -0.074651 -0.343214
v -0.733506 -0.530924 -0.404976
v -0.759965 -0.502279 -0.412336
v -0.756817 -0.533659 -0.407634
v -0.868215 -0.597835 -0.480371
v -0.873207 -0.624851 -0.491321
v 0.347978 0.645400 -1.954600
v 0.361217 0.635061 -2.001060
v -0.732090 0.842506 -0.442812
v -0.731126 0.748646 -0.377995
v 0.756256 0.875986 -1.880180
v 0.785813 0.820522 -1.894410
v -0.005155 0.088380 2.005740
v -0.005155 0.038828 2.009950
v 0.482014 1.053910 -2.001450
v 0.467145 1.080880 -1.954550
v 0.491969 1.131860 -1.959560
v 0.676392 0.891797 -0.752384
v 0.630339 0.806974 -0.793410
v -0.139099 1.171175 -0.499337
v -0.070531 1.165655 -0.510151
v 0.971607 -0.582626 -0.538996
v 0.219694 -0.058895 1.653140
v 0.208397 -0.058990 1.596840
v 0.118036 0.250830 0.525996
v 0.056440 0.325277 0.541745
v 0.467932 0.231550 0.297907
v 0.470449 0.095896 0.351171
v -0.557957 1.292460 -1.146430
v -0.498316 1.303440 -1.141980
v 0.145075 -0.469903 1.798840
v 0.172354 -0.566194 1.787080
v -0.923186 -0.442145 -0.525674
v 0.494524 1.208770 -1.718800
v 0.497858 1.247270 -1.738360
v -0.555797 1.196900 0.382588
v -0.672089 -0.021554 -0.162027
v 0.732653 0.906424 -0.248145
v 0.727376 0.986085 -0.239966
v 0.239340 1.198930 -0.435665
v 0.270368 1.217695 -0.383479
v 0.110750 -0.320852 0.845206
v 0.126855 -0.325954 0.685329
v 0.056599 -0.348788 0.848423
v 0.042563 2.535020 -0.688828
v -0.005156 2.545180 -0.727399
v 0.048079 2.537700 -0.722923
v -0.831708 0.564475 -1.928870
v -0.875980 0.568764 -1.940310
v -0.894543 -0.472994 -0.497125
v -0.916137 -0.463172 -0.509970
v 0.652704 1.325450 -1.057640
v 0.640634 1.366330 -1.100820
v -0.655687 1.315810 -1.353900
v 0.168446 0.133589 1.800200
v -0.372972 0.585866 -1.913490
v -0.373143 0.560906 -1.924520
v -0.182644 -0.566194 1.787080
v -0.268373 1.368085 -0.344585
v -0.232659 1.423230 -0.371820
v -0.733489 -0.610195 -0.377561
v -0.148340 -0.133060 1.410560
v 0.154248 -0.027951 1.541820
v 0.142505 -0.044872 1.483880
v 0.170947 -0.066217 1.553410
v 0.985560 -0.580237 -0.584047
v 0.979195 -0.586414 -0.589979
v -0.525417 1.271600 -1.341050
v -0.579743 1.267870 -1.339140
v -0.586607 1.208770 -1.474900
v -0.787728 -0.479646 -0.399713
v -0.776155 -0.502044 -0.392377
v 0.316763 0.431241 -2.005930
v 0.314855 0.410584 -2.010670
v -0.476873 0.499344 -1.965720
v -0.470405 0.493482 -1.968200
v -0.742843 -0.626065 -0.377444
v -0.745632 -0.622239 -0.372579
v -0.743570 -0.625182 -0.374740
v -0.495636 1.311140 -0.809510
v -0.488862 1.357770 -0.894368
v -0.579634 1.377740 -0.894942
v 0.342790 0.553194 -1.965320
v 0.342487 0.558607 -1.964200
v 0.347172 0.551022 -1.993710
v 0.080444 -0.015532 1.475450
v 0.087528 0.002430 1.527140
v 0.594743 1.331390 -1.721130
v 0.084099 -0.989521 1.856350
v 0.094447 -0.976943 1.858620
v 0.208277 -0.161777 1.617960
v 0.215083 -0.107255 1.662500
v 0.207494 -0.107804 1.604720
v 0.378019 0.641975 -1.906930
v 0.415208 0.570003 -1.895380
v 0.362682 0.585866 -1.913490
v -0.454564 0.189376 0.060153
v -0.485335 0.176088 0.129009
v -0.468419 0.218016 0.154432
v -0.686692 0.765264 -1.996800
v -0.417617 1.466770 0.088468
v -0.393338 1.417665 -0.032545
v 0.124442 -0.125327 1.953350
v 0.119095 -0.115536 1.943060
v 0.126763 -0.092392 1.955640
v -0.491972 -0.023207 0.253278
v 0.070202 -0.959886 1.869500
v 0.065240 -0.972757 1.868480
v -0.216792 -0.168197 0.116160
v -0.156312 -0.215606 0.169296
v -0.110562 -0.184471 0.064005
v 0.669040 0.629663 -0.425723
v 0.602398 0.588764 -0.372101
v 0.558768 0.584974 -0.467699
v -0.730253 -0.602560 -0.368148
v 0.066811 0.111820 1.971080
v 0.038407 0.138659 1.950550
v -0.650430 0.082668 -0.303843
v -0.640618 0.047850 -0.320889
v -0.692520 0.037852 -0.417363
v -0.682824 1.282230 -1.013340
v -0.670437 1.214510 -1.028540
v -0.169552 -1.047680 1.813960
v -0.159626 -1.038270 1.797100
v -0.156456 2.421190 -0.618662
v -0.148845 2.400970 -0.639456
v -0.164766 0.060737 1.899360
v 0.425552 1.211960 -0.231213
v -0.997834 -0.600964 -0.590786
v -0.993114 -0.598014 -0.592708
v -0.994919 -0.602434 -0.591166
v -0.005155 -0.022702 1.402590
v -0.595370 1.286320 -1.747780
v -0.728470 -0.139021 -0.433243
v 0.198235 2.221200 -0.308030
v 0.334964 0.442777 -1.964010
v -0.304540 1.853180 0.224443
v -0.339328 1.765905 0.194089
v -0.342020 1.715820 0.322932
v -0.734155 -0.564840 -0.349678
v 0.064221 -0.964839 1.896180
v -0.565789 1.149650 -1.041990
v -0.085707 -0.955145 1.890550
v 0.877341 0.566328 -1.969370
v 0.873308 0.545152 -1.997590
v 0.881998 0.555668 -1.969370
v 0.833087 -0.404794 -0.374624
v 0.870744 -0.382426 -0.398045
v 0.858667 -0.350742 -0.392756
v -0.945177 -0.536825 -0.502091
v 0.130788 -0.022604 1.981560
v 0.112070 0.046550 1.960640
v 0.136503 -0.034694 1.964790
v 0.085232 -1.072760 1.628080
v 0.554497 0.964243 -0.913252
v 0.552913 1.056800 -0.973210
v 0.610675 1.072930 -0.966815
v 0.686324 1.284820 -1.664920
v 0.676277 1.263790 -1.694030
v 0.686159 1.217800 -1.640250
v -0.142427 0.976349 -0.526972
v 0.605933 0.136799 0.003392
v 0.628885 0.078042 0.005984
v -0.847920 0.416891 -2.011970
v -0.872472 0.455837 -2.014900
v -0.882298 0.434235 -2.019070
v 0.841791 0.430587 -1.967290
v 0.840245 0.429577 -1.985370
v 0.072544 2.521210 -0.681291
v 0.090539 2.518480 -0.703743
v -0.615334 1.383630 -1.654620
v -0.642108 1.367300 -1.536870
v -0.659848 1.352050 -1.635660
v 0.445951 -0.032721 0.060148
v 0.422349 -0.042444 0.109314
v 0.879311 -0.528595 -0.471394
v 0.123805 -0.259034 1.838810
v 0.160370 -0.239760 1.816020
v 0.159772 -0.259524 1.814070
v 0.829461 -0.226134 -0.509851
v 0.861077 -0.275664 -0.489826
v 0.570562 1.164060 -0.484080
v -0.594926 0.746497 -1.943690
v -0.564174 0.761235 -1.888750
v 0.468695 0.992448 -0.835077
v 0.950062 -0.404216 -0.491791
v 0.113977 -1.000860 1.787890
v 0.022752 -0.321106 1.906560
v 0.026255 -0.384504 1.900090
v 0.055580 2.358240 -0.677759
v -0.005153 2.348340 -0.687403
v -0.479634 0.873463 -2.001520
v 0.859706 -0.480782 -0.415431
v 0.830323 -0.503083 -0.398951
v -0.435691 1.300290 -0.154269
v -0.418177 1.225275 -0.213968
v 0.129407 -0.074748 1.964940
v 0.239425 -0.773904 1.795980
v 0.218389 -0.668527 1.779950
v 0.234060 -0.665941 1.794360
v 0.094447 -0.980305 1.866370
v 0.098032 -0.969768 1.869320
v 0.878868 -0.532501 -0.454421
v 0.895483 0.414802 -2.005230
v 0.895434 0.418190 -2.009440
v 0.889326 0.410339 -2.009000
v -0.824841 0.582215 -1.911540
v 0.154350 2.366660 -0.503960
v 0.206428 2.246500 -0.423155
v 0.070758 2.324200 -0.305803
v 0.114871 2.263170 -0.243371
v -0.090344 -0.967207 1.857930
v -0.079035 -0.981980 1.859680
v -0.075530 -0.972757 1.868480
v -0.879045 -0.648789 -0.492754
v -0.869824 -0.655076 -0.482846
v -0.872661 -0.663026 -0.487706
v -0.530426 0.087241 0.277365
v -0.414197 0.533052 -2.008110
v -0.477144 0.505422 -1.998040
v -0.411872 0.525058 -2.003990
v 0.056209 -1.001810 1.878220
v 0.042023 -1.030740 1.846480
v 0.285618 0.733538 0.600683
v 0.146398 0.752533 0.641319
v 0.607399 1.220890 0.133058
v 0.549018 1.272240 0.118556
v -0.546387 1.491710 -1.196030
v -0.569935 1.547130 -1.105560
v -0.582847 1.506200 -1.191440
v -0.622025 0.986881 -0.909965
v 0.542959 -0.023144 0.064365
v 0.478847 -0.057493 0.001571
v -0.425590 0.914053 -0.426411
v -0.423170 0.924418 -0.386686
v -0.443563 1.083010 -0.413182
v -0.005156 1.128850 0.722358
v 0.070621 1.034057 0.704116
v 0.924029 -0.366004 -0.559835
v 0.568474 1.041420 -2.018230
v 0.679062 1.040930 -1.999070
v -0.145589 -0.935678 1.844590
v 0.032732 -0.261762 1.914560
v 0.098032 -0.971785 1.873700
v -0.532959 0.899200 0.485037
v -0.518655 0.784411 0.456896
v -0.465294 0.790453 0.508150
v 0.396526 0.579223 -0.284310
v 0.434699 0.548808 -0.188917
v -0.919995 0.433929 -2.008840
v -0.891703 0.412080 -2.022510
v -0.902654 0.384860 -2.024910
v -0.046119 -0.225116 1.917070
v -0.224607 0.562123 -0.432894
v 0.124042 -0.093621 1.224760
v 0.142055 -0.122671 1.229060
v 0.879426 -0.317469 -0.415948
v 0.905424 -0.319750 -0.460432
v 0.888234 -0.332150 -0.423936
v 0.094709 -0.267450 1.246610
v 0.091563 -0.288202 1.133780
v 0.881001 -0.591854 -0.489212
v 0.862917 -0.624851 -0.491321
v 0.883572 -0.619450 -0.498170
v 0.816351 -0.496809 -0.449716
v 0.819886 -0.539595 -0.415851
v 0.822559 -0.534322 -0.443747
v 0.456177 1.455390 -1.082760
v 0.869133 -0.431164 -0.516813
v 0.829494 -0.453157 -0.484191
v -0.056759 -0.258562 1.924270
v 0.290880 1.118350 0.672014
v 0.290880 1.022242 0.662921
v 0.353413 1.014817 0.629779
v 0.870690 0.554025 -1.998570
v 0.877924 0.573853 -1.967730
v 0.129099 -0.181814 1.415860
v 0.110431 -0.216958 1.512010
v 0.451627 0.983965 -0.714106
v 0.454877 1.040270 -0.764837
v 0.468211 0.941965 -0.802864
v 0.138796 -0.060832 1.973400
v 0.138193 -0.054603 1.986060
v 0.135732 -0.072139 1.987360
v 0.894576 -0.478595 -0.453829
v 0.892468 -0.463197 -0.438962
v -0.782745 -0.318010 -0.396452
v 0.137756 -0.046245 1.954990
v 0.830431 -0.571141 -0.447888
v 0.850776 -0.563563 -0.468538
v -0.039941 -0.272204 1.914420
v -0.159977 -0.264411 0.856420
v -0.180877 -0.197330 0.866291
v -0.210536 -0.199304 0.729478
v 0.982508 -0.485937 -0.548969
v 0.984756 -0.492692 -0.525743
v -0.075266 -0.994978 1.878690
v -0.075266 -0.992959 1.874310
v 0.807169 -0.234564 -0.498432
v 0.827043 -0.290318 -0.478462
v 0.798898 -0.303437 -0.452461
v -0.460103 1.330870 -0.953560
v -0.467978 1.285020 -1.007250
v -0.523523 1.393850 -1.364100
v -0.508420 1.341780 -1.438520
v -0.272003 2.030230 -0.151739
v -0.284125 1.881320 -0.140099
v -0.258554 1.992050 -0.239237
v -0.092702 -0.256787 1.950330
v -0.122221 1.975465 0.294332
v -0.174876 1.961270 0.267630
v -0.366337 1.215265 0.630911
v -0.425412 1.318610 0.565967
v -0.494633 1.527800 -1.071890
v -0.466467 1.455390 -1.082760
v -0.493176 1.464440 -1.121960
v 0.523445 1.384110 -1.549690
v 0.533820 1.409820 -1.459600
v 0.548339 1.418045 -1.460340
v -0.152454 -0.088072 0.888826
v -0.087843 -0.052361 0.893513
v -0.095111 -0.031288 0.785745
v -0.891399 -0.674490 -0.492673
v -0.887974 -0.673898 -0.483740
v -0.886973 -0.679160 -0.490197
v 0.618408 -0.015655 0.004954
v 0.641075 0.027247 -0.019495
v -0.005139 2.068930 -0.497667
v -0.005132 2.187410 -0.569741
v 0.651039 1.146880 -1.650840
v 0.033859 -0.237999 1.905820
v 0.028509 -0.232116 1.912700
v 0.031852 -0.224909 1.906910
v 0.310186 0.121866 0.471259
v 0.329950 0.020035 0.446837
v 0.395662 0.105161 0.419790
v -0.835116 0.436314 -2.007660
v -0.722632 0.074658 -0.318930
v -0.740566 0.066209 -0.336675
v -0.718786 0.077186 -0.362292
v -0.877222 -0.642059 -0.491356
v -0.172829 -0.066924 1.887850
v 0.881109 -0.674490 -0.492673
v 0.883702 -0.669184 -0.489661
v -0.349464 1.539475 -0.057419
v 0.329325 1.730230 0.039560
v 0.363827 1.678630 0.163735
v -0.406817 0.579223 -0.284310
v -0.444989 0.548808 -0.188917
v -0.518684 0.529705 -0.193610
v -0.202483 -1.080110 1.789160
v 0.119602 1.637960 -0.342902
v -0.167147 -0.469037 1.776890
v -0.871742 0.470119 -1.935050
v -0.905413 0.488715 -1.944270
v -0.910900 0.459098 -1.950060
v 0.201796 -0.252158 1.631380
v 0.204440 -0.255578 1.700520
v 0.205377 -0.234731 1.631820
v 0.200233 -0.269431 1.631250
v -0.122360 0.046550 1.960640
v -0.146793 -0.034694 1.964790
v 0.821453 -0.371590 -0.370688
v 0.777455 -0.396975 -0.358686
v -0.085707 -0.949770 1.878410
v -0.461198 1.098320 -0.801408
v -0.469265 0.197311 -0.061561
v -0.439110 0.155066 -0.062733
v -0.477378 0.134627 -0.128280
v -0.131143 -0.171276 1.869060
v -0.750513 0.550100 -1.954610
v -0.766282 0.578647 -1.912020
v 0.106039 -0.970268 1.865710
v 0.134879 -0.935678 1.844590
v 0.090056 -0.160183 1.939010
v 0.074743 -0.199587 1.929250
v 0.505330 0.907226 -0.854308
v 0.572289 -0.089575 -0.158350
v 0.578457 -0.065354 -0.012948
v 0.068292 -0.259893 1.940340
v 0.101048 -0.246032 1.949130
v 0.094401 -0.245145 1.942850
v 0.825813 0.556320 -1.928910
v -0.063090 -0.253077 1.962570
v -0.277725 1.522300 -0.258372
v 0.367362 0.554090 -1.934440
v 0.367003 0.548051 -1.938780
v -0.986816 -0.591004 -0.553660
v 0.845927 -0.439286 -0.384054
v 0.887600 0.414486 -2.011390
v -0.495386 1.312640 -1.724910
v -0.519901 1.271500 -1.750750
v -0.042892 -0.253079 1.913320
v -0.039499 -0.243534 1.913260
v -0.893489 -0.494188 -0.460472
v -0.885100 -0.505062 -0.472153
v -0.891494 -0.492802 -0.475610
v -0.845927 -0.106690 -0.434004
v -0.823735 -0.067585 -0.380968
v -0.833121 -0.109787 -0.391818
v 0.052779 -0.181511 1.908540
v 0.130542 0.127468 1.876200
v 0.154476 0.060737 1.899360
v 0.892099 0.425317 -1.995210
v 0.888866 0.443628 -1.983970
v 0.877240 0.442111 -1.966420
v -0.933903 -0.336418 -0.519750
v 0.499240 0.764176 -2.015380
v 0.391197 0.708030 -2.000460
v 0.467053 0.685897 -2.015380
v 0.491718 0.190889 0.010390
v 0.505366 1.160910 -1.895800
v 0.544994 1.232080 -1.819280
v 0.852750 -0.464165 -0.397482
v 0.882973 -0.416864 -0.408319
v 0.888947 -0.443482 -0.422511
v -0.982913 -0.596437 -0.577662
v -0.979965 -0.584071 -0.582840
v -0.984264 -0.590050 -0.585277
v -0.897220 0.591756 -1.962820
v 0.241173 0.073638 -0.105226
v 0.282032 0.159148 -0.053444
v -0.446562 1.352315 -0.020078
v -0.064814 -0.009432 -0.177544
v -0.120609 -0.073952 -0.094881
v -0.741550 -0.622028 -0.369840
v 0.157979 0.170636 -0.283859
v 0.724449 -0.566819 -0.398566
v 0.743944 -0.569450 -0.401090
v 0.418787 0.469633 -2.003330
v 0.433407 0.491297 -1.999130
v 0.444156 0.487715 -1.971390
v 0.406228 0.730555 -0.427817
v 0.410764 0.822304 -0.427114
v -0.583672 0.162742 -0.124563
v -0.458325 1.433160 0.214180
v -0.438417 1.464375 0.201357
v 0.319258 0.302822 -0.005895
v 0.367656 0.306214 0.165365
v 0.373377 0.282275 0.146696
v 0.205767 -0.143621 1.786530
v 0.195748 -0.163715 1.809310
v 0.194314 -0.205773 1.782920
v 0.190033 -0.060392 1.576330
v -0.915382 -0.488562 -0.485085
v -0.917702 -0.480044 -0.502057
v -0.929697 -0.509383 -0.491002
v -0.734739 -0.566819 -0.398565
v -0.736150 -0.570874 -0.393657
v 0.058960 -0.249824 1.898170
v -0.185253 -0.270108 0.703985
v -0.991240 -0.598786 -0.562274
v -0.982540 -0.597581 -0.565640
v -0.886897 -0.657735 -0.471540
v -0.895786 -0.651360 -0.482350
v -0.750388 -0.014457 -0.518230
v 0.184155 -0.567131 1.768720
v 0.194852 -0.669346 1.779690
v 0.506370 1.347020 0.399892
v 0.460746 1.332815 0.482930
v 0.517062 1.238170 0.447062
v 0.617711 0.791975 -1.940890
v 0.080706 -0.560489 1.868630
v 0.098600 0.087845 0.541863
v 0.092351 0.052386 0.561524
v 0.181368 0.015715 0.543145
v -0.040212 -1.019610 1.871400
v -0.005529 -1.057230 1.819570
v -0.052745 -1.030740 1.846480
v -0.853829 -0.642545 -0.454430
v -0.848407 -0.607102 -0.461311
v -0.856125 -0.634066 -0.474511
v -0.869589 -0.660212 -0.471871
v -0.872176 -0.668289 -0.478644
v -0.108903 0.087845 0.541863
v 0.030169 -0.354390 0.767639
v 0.822143 -0.478276 -0.390589
v 0.802721 -0.480278 -0.412554
v -0.553354 1.284750 -1.751840
v 0.218639 1.208825 0.691341
v 0.146398 1.123000 0.711173
v -0.228410 -0.060999 1.789340
v -0.209846 -0.063254 1.844960
v -0.904861 -0.378132 -0.554123
v -0.632267 0.902923 -0.857122
v -0.693067 0.937965 -0.800005
v -0.632218 0.850866 -0.828776
v -0.469939 1.317470 -0.045284
v -0.617689 1.220890 0.133058
v -0.784733 0.502732 -1.967890
v -0.796586 0.532001 -1.937290
v -0.452778 0.482237 -1.997960
v -0.463565 0.479558 -1.970080
v 0.841771 -0.529810 -0.464278
v -0.760511 -0.493007 -0.348747
v -0.752591 -0.527376 -0.346733
v 0.174031 1.342555 -0.425413
v 0.116818 -0.278156 1.817470
v 0.112393 -0.275895 1.827960
v 0.977098 -0.578202 -0.588106
v 0.973975 -0.590050 -0.585277
v -0.120654 0.229030 -0.358190
v -0.502259 1.131860 -1.959560
v -0.554720 1.190270 -1.899530
v -0.556200 1.175910 -1.962260
v 0.240441 1.721280 -0.226099
v 0.261179 1.593000 -0.246925
v 0.790877 -0.470604 -0.407578
v -0.005155 0.138144 1.948050
v -0.048711 0.138659 1.950550
v 0.051774 -0.271353 1.346650
v 0.527754 1.129320 0.494231
v 0.471438 1.223965 0.530099
v 0.421209 1.127790 0.599274
v 0.467088 0.134627 -0.128280
v -0.370122 0.406584 0.080650
v -0.326342 0.365622 -0.051658
v -0.342339 0.463398 -0.052931
v -0.104737 -0.980305 1.866370
v -0.104737 -0.976943 1.858620
v 0.125685 1.261880 -0.479006
v 0.060283 1.165655 -0.510151
v -0.005120 1.254010 -0.498462
v 0.893833 -0.593125 -0.482514
v 0.084219 0.045960 1.991250
v -1.001150 -0.601225 -0.584033
v -1.001770 -0.605862 -0.585867
v -0.240547 -0.879074 1.798900
v -0.235121 -0.776305 1.781570
v -0.116283 -0.313649 1.834420
v -0.141727 -0.377788 1.791100
v 0.710100 0.028854 -0.470252
v 0.682230 0.037852 -0.417363
v 0.344431 -0.116785 0.218372
v 0.677018 0.092162 -0.251225
v 0.637020 0.118540 -0.164883
v -0.095822 -0.932604 1.895200
v -0.199040 -0.561549 1.631380
v -0.215173 -0.651069 1.601870
v 0.080126 2.194490 -0.548005
v 0.127513 2.305180 -0.589273
v 0.066926 2.286610 -0.618301
v -0.684143 1.300450 -1.610710
v -0.686567 1.263790 -1.694030
v 0.369496 1.465075 -0.019432
v -0.228938 1.383240 0.670176
v -0.768733 -0.396419 -0.425518
v -0.073306 -1.010670 1.864400
v -0.643993 0.701010 0.194944
v -0.659146 0.794435 0.203260
v -0.766132 0.069019 -0.370357
v -0.790257 0.046613 -0.367641
v -0.005140 1.837480 -0.390175
v -0.126383 1.836710 -0.351437
v -0.115895 1.946680 -0.397890
v -0.467565 1.044730 -0.678816
v 0.890082 0.443256 -2.001600
v 0.893076 0.468447 -1.976940
v 0.717293 1.082700 -0.149613
v 0.695148 1.132915 -0.242163
v 0.661642 1.209440 -0.181037
v -0.232214 2.110600 -0.352245
v -0.206355 1.961090 -0.325855
v -0.184978 2.087460 -0.411098
v 0.078717 -1.075730 1.809970
v 0.159259 -1.047680 1.813960
v 0.964202 -0.574756 -0.579395
v -0.357462 0.551022 -1.993710
v -0.122541 -0.004453 -0.167573
v -0.178211 0.030698 -0.144781
v -0.224057 -0.232866 0.454887
v -0.451331 0.507238 -1.938950
v 0.725863 -0.613878 -0.364544
v 0.722484 -0.611853 -0.370375
v 0.326706 0.375563 -2.027200
v 0.338285 0.385066 -2.022950
v 0.341033 0.380590 -2.014650
v -0.224851 -0.107441 1.732500
v 0.969675 -0.584071 -0.582840
v -0.730840 -0.526065 -0.344252
v -0.750561 -0.554714 -0.347202
v 0.767455 -0.425831 -0.445072
v 0.144544 0.660932 0.616401
v -0.185814 2.342370 -0.533246
v -0.204656 2.224890 -0.464480
v 0.939382 -0.375341 -0.484665
v 0.902907 -0.361237 -0.431768
v -0.851913 0.760366 -1.952900
v -0.881329 0.686325 -1.955430
v -0.728022 -0.591714 -0.366783
v -0.064966 -0.985563 1.892760
v -0.066502 -1.001810 1.878220
v -0.279417 -0.094747 0.082907
v -0.295086 1.454400 0.617195
v -0.281802 1.598710 0.538134
v -0.458231 0.475916 0.307228
v -0.434341 0.586461 0.416188
v -0.820194 -0.160237 -0.530147
v -0.856460 -0.220256 -0.502024
v -0.839751 -0.226135 -0.509851
v 0.842520 -0.289502 -0.383328
v 0.727540 -0.487073 -0.346262
v -0.391215 1.047045 -0.297411
v 0.632649 1.231250 -1.480460
v 0.569453 1.267870 -1.339140
v -0.683293 1.183130 -0.334713
v -0.073639 -0.241675 1.926110
v -0.342672 1.254835 -0.257653
v -0.519510 0.527726 0.209594
v 0.043654 -0.274050 1.948230
v 0.082409 -0.256787 1.950330
v 0.096387 -0.237773 1.960520
v -0.739494 -0.624974 -0.379271
v -0.739945 -0.627169 -0.377218
v 0.768132 -0.006984 -0.533030
v 0.107219 2.380220 -0.659662
v 0.708496 0.077187 -0.362292
v 0.730276 0.066209 -0.336675
v 0.712342 0.074658 -0.318930
v 0.966870 -0.592331 -0.573642
v -0.680795 1.363220 -0.999555
v -0.663089 1.412170 -1.041420
v 0.584636 0.746497 -1.943690
v 0.729194 -0.618547 -0.380128
v -0.369829 0.579607 -0.237038
v -0.460256 0.495197 -1.996160
v -0.408604 0.519009 -2.002640
v 0.664864 0.016759 -0.132360
v 0.661799 -0.021554 -0.162027
v 0.661732 0.022005 -0.074935
v -0.075593 -0.048107 2.010730
v -0.074873 -0.074041 2.013700
v -0.005155 -0.075423 2.018230
v 0.352540 0.514619 -1.941220
v 0.344964 0.487457 -1.946430
v -0.233828 1.889740 0.320238
v -0.222284 1.945950 0.241534
v -0.246887 2.067700 -0.075212
v -0.208083 2.134920 -0.128076
v -0.179365 2.152210 -0.094475
v 0.044854 -0.269257 1.903520
v 0.084099 -0.992884 1.864100
v 0.072453 -0.996340 1.857930
v 0.030667 0.133032 1.967110
v 0.755259 0.533865 -1.964680
v -0.130051 -0.093621 1.226370
v -0.076625 -0.067409 1.225490
v -0.031220 -0.272854 1.925820
v -0.005155 0.146944 1.802910
v -0.139398 -0.275714 1.819050
v -0.145348 -0.307956 1.809500
v -0.675154 0.016759 -0.132360
v -0.673716 0.012704 -0.173538
v -0.675199 0.051790 -0.129154
v -0.100346 -0.160183 1.939010
v -0.112189 -0.123475 1.938160
v -0.100591 -0.128989 1.927410
v 0.229551 -0.080231 0.560056
v 0.140583 -1.012120 1.568640
v 0.160444 -1.033040 1.632330
v -0.905174 -0.487263 -0.466624
v -0.901466 -0.487152 -0.479619
v 0.261011 -0.779153 1.708740
v 0.239018 -0.660843 1.666170
v 0.239284 -0.766148 1.639030
v -0.407149 1.455840 0.493249
v -0.344475 1.527275 0.515691
v 0.146398 1.463740 0.677805
v -0.353190 0.397296 -2.021110
v 0.109664 -0.223443 1.944610
v -0.156703 1.031132 0.698523
v -0.005155 -0.203353 1.986510
v -0.462621 1.369560 -1.093770
v -0.481609 1.390780 -1.132830
v -0.594928 0.001711 -0.251496
v -0.609539 -0.064552 -0.261379
v -0.528770 0.017799 -0.198984
v -0.088209 -0.234369 1.927880
v 0.469755 1.172930 -1.634000
v -0.128370 -0.110023 1.896450
v -0.662261 1.073040 0.199686
v -0.692106 0.985375 0.114170
v 0.054968 -0.251449 1.430690
v 0.059062 -0.240267 1.515480
v 0.124295 -0.213646 1.853850
v -0.504814 1.208770 -1.718800
v -0.509915 1.154880 -1.696700
v -0.347667 0.363497 -1.980100
v -0.332648 0.340195 -1.996430
v 0.105620 2.032800 0.215022
v 0.399586 0.525795 -1.929980
v 0.361311 0.537282 -1.939280
v 0.720836 0.748646 -0.377995
v 0.726893 0.827828 -0.267740
v 0.732356 0.905838 -0.338806
v -0.467701 0.500782 -1.997010
v -0.259098 -0.162279 0.519562
v 0.261014 1.675265 0.491382
v 0.858990 0.496245 -2.011090
v 0.046885 -0.316393 1.141710
v 0.049180 -0.294746 1.253580
v 0.165881 -0.306259 1.610950
v 0.262902 0.794754 -0.430990
v 0.123922 -0.258951 1.606320
v 0.062744 -0.265455 1.601730
v 0.196210 -0.381654 1.698620
v 0.212218 -0.472474 1.756880
v 0.120544 0.643890 -0.508439
v 0.792570 -0.002237 -0.519205
v 0.980028 -0.599831 -0.588803
v -0.915714 -0.319750 -0.460432
v -0.618495 1.263010 -1.114380
v -0.494784 1.430290 -0.990019
v -0.572009 1.449270 -0.986220
v -0.489312 1.486760 -1.030620
v -0.145985 -0.062893 1.969110
v 0.072727 -0.314288 0.378055
v -0.054898 0.041821 2.004080
v -0.832432 -0.478276 -0.390589
v -0.801167 -0.470604 -0.407578
v 0.844543 -0.474213 -0.478938
v 0.858969 -0.484287 -0.481228
v 0.841104 -0.501683 -0.468280
v 0.039162 -0.238277 1.919370
v 0.029210 -0.243534 1.913260
v -0.166145 -0.377390 1.799440
v -0.194583 -0.467945 1.793430
v 0.724189 0.040696 -0.297441
v -0.504351 0.669622 0.428756
v -0.481291 0.572769 0.367992
v -0.519938 0.576995 0.316389
v 0.882707 0.422332 -1.984680
v 0.888020 0.415918 -1.996080
v -0.819843 -0.460756 -0.375641
v -0.666744 0.084490 -0.148475
v -0.615353 0.153611 -0.091224
v -0.643800 0.124502 -0.067116
v -0.005434 -1.040870 1.797350
v -0.005155 -1.079000 1.800840
v -0.994563 -0.561562 -0.538000
v -0.811586 -0.113652 -0.363590
v -0.488479 0.503529 -1.959870
v 0.063845 -0.100655 2.012590
v 0.064569 -0.074041 2.013700
v -0.177539 0.100207 1.659320
v -0.093189 0.080623 1.604690
v 0.164305 -0.214924 1.817220
v -0.588107 1.331770 -0.802309
v -0.476999 0.546125 -1.908490
v 0.116099 1.836710 -0.351437
v -0.891771 0.407882 -1.954700
v -0.902409 0.370915 -1.975900
v 0.415122 1.318610 0.565967
v 0.349957 1.386505 0.591581
v -0.707502 0.807392 0.022499
v -0.718147 0.812043 -0.070571
v -0.993094 -0.546500 -0.576699
v -0.223948 0.205787 -0.261067
v 0.654995 0.077683 -0.064911
v -0.996947 -0.610776 -0.581488
v 0.065494 -0.353149 0.682446
v 0.461858 0.895684 -0.759008
v -0.333865 0.186054 0.040995
v -0.098826 -0.123055 1.909420
v -0.080952 -0.149749 1.908580
v -0.087606 -0.151622 1.931110
v -0.665285 0.077683 -0.064911
v 0.826120 -0.063895 -0.427090
v -0.795701 -0.365341 -0.371661
v -0.890934 -0.653103 -0.498792
v -0.880844 -0.656862 -0.495595
v -0.882248 -0.666114 -0.498350
v 0.737475 0.054736 -0.427078
v 0.736312 0.051030 -0.452403
v 0.792287 0.055853 -0.415022
v -0.712122 1.027910 -0.589844
v 0.078115 -0.949085 1.894590
v 0.229604 -0.580138 1.698030
v -0.172716 -0.312131 1.800290
v -0.797441 -0.312806 -0.377607
v -0.894664 0.562258 -1.969370
v -0.887454 0.535949 -1.997910
v -0.896728 0.512168 -1.999360
v 0.312283 0.372994 -2.014420
v 0.886917 -0.300736 -0.437184
v -0.005155 0.085087 1.596830
v -0.740682 -0.625923 -0.374047
v 0.832070 -0.542117 -0.401841
v -0.890229 -0.644739 -0.497359
v -0.360249 1.386505 0.591581
v -0.298146 0.304481 -2.043450
v -0.311363 0.307198 -2.031760
v -0.412294 0.932538 -0.352806
v -0.402324 0.833298 -0.357958
v -0.410174 0.830595 -0.372127
v -0.870206 -0.654034 -0.453421
v -0.861013 -0.651488 -0.462182
v 0.725593 -0.580877 -0.355495
v 0.737034 -0.594684 -0.357351
v 0.725507 -0.593235 -0.356771
v 0.341629 0.557431 -1.996620
v -0.005155 -0.014778 2.011460
v 0.060474 -0.012828 2.006570
v 0.206926 -0.237219 1.701960
v 0.315160 0.428735 -1.989460
v 0.322897 0.401389 -1.987420
v -0.326547 0.463426 0.494346
v -0.267225 0.389082 0.516593
v -0.176152 0.040692 1.604510
v 0.077316 -0.151622 1.931110
v 0.147916 2.251055 -0.260620
v -0.005155 -0.559556 1.891740
v 0.058745 -0.198695 1.984190
v 0.052786 -0.253077 1.962570
v -0.970888 -0.464493 -0.546850
v 0.122442 -0.381641 1.815650
v 0.475045 0.176088 0.129010
v 0.470638 0.172506 0.046547
v -0.378691 1.576040 0.404458
v 0.061444 -0.185399 1.924420
v 0.853738 -0.332355 -0.390885
v 0.818248 -0.350572 -0.373743
v 0.488025 1.303440 -1.141980
v 0.393392 -0.074515 0.158808
v 0.504267 -0.001149 0.186477
v -0.005156 0.851195 0.675087
v 0.070621 0.848639 0.669291
v -0.465603 0.034798 -0.148107
v 0.396859 1.455840 0.493249
v 0.451614 1.401430 0.446570
v 0.402858 0.451116 -2.007330
v 0.429379 0.464946 -1.976860
v 0.175901 -0.181601 1.820900
v -0.147142 2.299970 -0.340302
v -0.081062 2.324200 -0.305803
v 0.749675 -0.502278 -0.412336
v 0.052665 -0.471793 1.617270
v 0.544701 1.383470 -1.661080
v 0.601894 1.400550 -1.549990
v -0.849165 -0.580851 -0.408421
v -0.874176 -0.574510 -0.427040
v -0.881287 -0.610979 -0.439497
v 0.857925 -0.597835 -0.480371
v 0.874085 -0.558744 -0.478711
v 0.146398 0.845898 0.663596
v -0.216066 0.051589 1.657690
v 0.498553 1.145550 -0.691499
v -0.082743 -0.996340 1.857930
v -0.084364 -0.988823 1.855420
v 0.479021 1.486760 -1.030620
v 0.484343 1.527800 -1.071890
v 0.128946 -0.129552 1.960260
v 0.121844 -0.177517 1.951010
v 0.129696 -0.133879 1.974780
v 0.091341 2.461640 -0.581898
v 0.081085 2.505480 -0.652417
v -0.176416 0.544999 -0.455705
v -0.617448 1.492610 -1.196300
v -0.614185 1.467455 -1.283315
v 0.891979 -0.600036 -0.464525
v 0.373537 0.481093 -2.009340
v -0.102026 -0.337371 0.769298
v -0.121044 -0.320852 0.850859
v 0.893194 0.426656 -2.005980
v -0.257640 1.927670 0.193636
v -0.920092 0.324661 -2.022970
v -0.906650 0.332034 -2.021080
v -0.922566 0.319937 -2.034490
v -0.005155 -0.230109 0.130923
v 0.047551 -0.226327 0.138345
v 0.271508 1.598710 0.538134
v -0.868528 -0.508427 -0.426889
v -0.867716 -0.538381 -0.422967
v 0.833120 0.474260 -2.002590
v 0.118080 -0.110023 1.896450
v 0.124157 -0.104771 1.912260
v -0.931558 0.322532 -2.039690
v -0.934641 0.342936 -2.029350
v -0.937727 0.329185 -2.036110
v 0.734850 -0.605897 -0.360617
v 0.725367 -0.604563 -0.359806
v 0.870554 -0.656862 -0.495595
v 0.880645 -0.653103 -0.498792
v -0.550436 1.463620 -1.282770
v -0.534955 1.442780 -1.280065
v 0.359913 -0.107423 0.307694
v -0.116749 -0.970268 1.865710
v -0.117611 -0.955003 1.869260
v -0.277290 -0.668360 1.738210
v -0.279662 -0.665594 1.767030
v -0.405373 0.434068 0.159967
v -0.610773 0.628794 0.147600
v -0.635304 0.636827 0.058299
v -0.345292 1.650040 -0.011550
v -0.965583 -0.484118 -0.493052
v -0.928007 -0.484005 -0.477864
v -0.583662 0.747123 -1.996590
v -0.509530 0.764176 -2.015380
v -0.477343 0.685897 -2.015380
v 0.223182 -0.059699 1.724300
v 0.374570 1.259410 -0.213612
v 0.345531 1.162670 -0.282396
v -0.195532 -0.109785 1.585490
v -0.171214 -0.113271 1.562100
v -0.508148 1.247270 -1.738360
v -0.502362 1.150290 -1.787820
v 0.205299 -0.965380 1.625950
v -0.212056 1.687775 0.522774
v 0.415947 0.911283 0.587543
v -0.107557 -0.278167 1.852070
v -0.087373 -0.282563 1.878560
v -0.815400 0.609394 -1.898130
v -0.478094 1.336660 -1.138480
v -0.132042 1.736260 -0.332234
v -0.392354 0.734057 -0.363110
v -0.387061 0.838943 -0.342133
v -0.307979 0.306500 -2.040410
v -0.302943 0.312250 -2.045280
v -0.314049 0.312153 -2.043300
v 0.062358 -0.282243 1.604920
v 0.205584 -0.105361 0.030499
v 0.152463 -0.113498 0.004421
v 0.717163 0.739965 -0.280768
v 0.844580 0.523902 -2.007860
v 0.834083 0.534488 -2.006820
v -0.114920 -0.172386 1.876260
v -0.708391 1.043800 -0.670557
v -0.856664 -0.281771 -0.492013
v -0.817459 -0.234564 -0.498432
v -0.725619 -0.579057 -0.380816
v -0.207798 -0.383721 1.761970
v -0.212909 -0.310257 1.699240
v -0.201296 -0.313839 1.767260
v -0.550578 0.602900 0.267572
v -0.581751 0.614368 0.202269
v -0.480084 1.278130 -1.708640
v -0.484534 1.230010 -1.685550
v -1.001150 -0.595373 -0.580618
v 0.861887 -0.668289 -0.478644
v 0.142161 -0.088072 0.883174
v 0.170627 -0.137472 0.871962
v -0.086723 -0.242170 1.891050
v -0.096626 -0.889221 1.900570
v -0.038814 -0.934510 1.927060
v -0.054130 -0.950364 1.914420
v -0.393254 0.372062 -1.999780
v -0.563093 1.141960 -2.003230
v 0.817227 0.494035 -1.941880
v 0.856636 0.491397 -1.935740
v 0.180022 1.679620 -0.284500
v -0.933884 0.318080 -2.038140
v -0.300777 -0.161371 0.286887
v -0.898524 -0.332150 -0.423936
v -0.868957 -0.350742 -0.392756
v -0.509847 1.188230 -1.805990
v -0.500848 1.386290 -1.206480
v 0.698366 -0.073450 -0.302074
v 0.676466 -0.087556 -0.316665
v 0.714123 -0.103205 -0.366316
v -0.094389 -0.989521 1.856350
v -0.093378 -0.981925 1.852020
v -0.997162 -0.607942 -0.574708
v -1.000710 -0.606139 -0.578424
v -1.002220 -0.609892 -0.580785
v -0.273191 0.794754 -0.430990
v -0.969269 -0.565985 -0.577002
v -0.980878 -0.554501 -0.583389
v -0.974492 -0.574757 -0.579395
v -0.286949 -0.773761 1.766130
v -0.270473 -0.773614 1.786000
v -0.264281 -0.665414 1.785720
v 0.142691 0.569330 0.591483
v 0.802500 -0.471472 -0.448661
v 0.063349 -0.241675 1.926110
v 0.064349 -0.218683 1.925530
v 0.054085 -0.228052 1.923640
v 0.472872 0.518393 -0.093525
v -0.754838 0.042395 -0.323192
v 0.099774 2.082980 0.128307
v 0.040644 -0.257603 1.905930
v 0.788115 -0.350084 -0.377843
v 0.817931 -0.328928 -0.377664
v 0.818673 -0.337699 -0.377998
v 0.673539 1.240540 -1.586260
v 0.515127 1.271600 -1.341050
v 0.515673 1.208610 -1.480110
v 0.490734 1.299520 -1.347700
v -0.739484 -0.618547 -0.380128
v -0.746382 -0.611463 -0.380827
v -0.743620 -0.619514 -0.379958
v -0.840721 -0.571141 -0.447888
v -0.861066 -0.563563 -0.468538
v -0.857037 -0.618636 -0.424687
v -0.837036 -0.578760 -0.421108
v -0.845379 -0.615690 -0.437354
v -0.668280 0.980451 0.205631
v -0.638465 0.981556 0.281648
v -0.005155 0.011321 0.686010
v -0.097534 -0.002243 0.683247
v -0.721556 -0.022448 -0.477354
v -0.688332 -0.024580 -0.413752
v -0.398232 0.358094 0.208638
v 0.056838 -0.385208 1.889680
v 0.030306 -0.467317 1.892560
v -0.700380 0.706309 -1.902290
v -0.735856 0.634641 -1.906810
v 0.179335 -0.381076 1.792450
v 0.204169 -0.470018 1.786730
v -0.096534 -0.955922 1.884870
v -0.649906 1.344890 -1.219430
v -0.114472 -0.470551 1.619410
v 0.919305 -0.501029 -0.509914
v 0.932109 -0.528360 -0.522845
v 0.937759 -0.482567 -0.533429
v 0.082833 2.231500 -0.136613
v 0.335142 0.946695 -0.323666
v 0.343263 0.843486 -0.323538
v 0.371478 0.943830 -0.321157
v 0.957117 -0.584812 -0.546861
v 0.953344 -0.579432 -0.538358
v 0.945270 -0.571230 -0.556219
v -0.005155 -0.320316 0.373169
v 0.858882 -0.305137 -0.493242
v 0.834368 -0.310904 -0.471045
v -0.654332 1.358040 -1.364910
v -0.244349 -0.665941 1.794360
v -0.875743 -0.636836 -0.492931
v -0.085033 -0.199587 1.929250
v 0.946067 -0.561805 -0.520655
v -0.244677 2.139520 -0.293160
v -0.216718 2.246500 -0.423155
v -0.059067 2.501450 -0.757324
v -0.089760 2.463240 -0.733941
v 0.457275 1.044730 -0.678816
v -0.433736 0.462570 -1.944860
v -0.409103 0.511495 -1.930590
v -0.398478 0.481199 -1.933990
v -0.739587 -0.609978 -0.381103
v -0.749488 -0.602757 -0.382849
v 0.291174 0.812844 -0.389396
v -0.336932 0.403386 -1.969710
v -0.328316 0.376169 -1.982420
v -0.531922 0.200453 -0.058858
v -0.005120 1.405000 -0.443958
v 0.055708 1.468640 -0.410302
v 0.119547 1.409700 -0.426673
v -0.355822 1.162670 -0.282396
v -0.350627 1.054682 -0.303031
v -0.368795 1.053250 -0.301777
v 0.480797 1.391680 -0.951053
v 0.115909 -0.924995 1.869820
v -0.148487 -0.871606 1.854000
v -0.150652 -0.055632 1.926930
v -0.145016 -0.047677 1.952000
v -0.142367 -0.056269 1.951570
v -0.732596 0.902359 -0.064415
v 0.218987 -0.008589 1.651850
v -0.005155 -0.049015 2.014660
v 0.065289 -0.048107 2.010730
v -0.005139 2.277090 -0.633080
v 0.038192 -0.559729 1.885090
v 0.066198 -0.468174 1.879180
v 0.925137 -0.421764 -0.454950
v 0.925206 -0.445140 -0.466272
v 0.893811 -0.303060 -0.484636
v -0.583233 1.102810 -0.578077
v -0.677165 1.084090 -0.577344
v 0.214006 0.139368 0.506541
v 0.236107 0.259883 0.503577
v 0.986657 -0.610776 -0.581488
v 0.984411 -0.608759 -0.578802
v 0.980207 -0.604162 -0.582893
v -0.072662 -0.282243 1.604920
v -0.129828 -0.310955 1.611030
v -0.070652 -0.316703 1.610180
v 0.232355 0.780277 -0.474206
v 0.279721 0.705194 -0.380373
v 0.307432 0.825944 -0.352019
v 0.204184 -0.274077 1.699740
v 0.202620 -0.310257 1.699240
v 0.193486 -0.305905 1.633750
v 0.500857 1.393340 -1.278805
v 0.136431 -0.314818 0.538743
v 0.068459 -0.342991 0.528524
v 0.854803 -0.645271 -0.442837
v 0.175590 -0.666609 1.806690
v -0.948049 -0.482567 -0.533429
v -0.956004 -0.435049 -0.540552
v 0.146398 1.031132 0.698523
v 0.441062 1.295660 -0.901626
v 0.444322 1.215700 -0.917884
v -0.112174 -0.112469 1.910040
v -0.129385 -0.115536 1.943060
v -0.064161 -0.240792 1.898770
v -0.777994 -0.119097 -0.529850
v -0.735296 -0.082612 -0.480477
v -0.191662 0.015715 0.543145
v 0.578512 1.239570 -1.815510
v 0.815170 -0.004936 -0.418373
v 0.819782 -0.060426 -0.482049
v -0.185802 -0.236841 1.608220
v 0.799921 -0.347333 -0.456048
v 0.716339 -0.579408 -0.366471
v 0.714532 -0.568975 -0.366034
v 0.712394 -0.568922 -0.382556
v -0.306973 1.328710 -0.308398
v -0.113179 -1.133970 1.798540
v -0.120811 -1.139000 1.770670
v -0.005155 -1.159230 1.772390
v -0.913850 0.357710 -2.028610
v -0.895277 0.349997 -2.024270
v -0.911926 0.330982 -2.032800
v 0.478572 1.357770 -0.894368
v -0.674298 0.887861 0.211576
v -0.698125 0.892785 0.120116
v -0.103546 2.488910 -0.733731
v -0.856217 -0.439286 -0.384054
v -0.164640 2.366660 -0.503960
v 0.658343 0.095575 -0.280375
v -0.491087 1.391680 -0.951053
v -0.278217 -0.881563 1.739830
v 0.714103 -0.037105 -0.299137
v 0.695722 -0.007609 -0.268367
v -0.446557 0.944425 -0.626207
v -0.545833 -0.062838 -0.197000
v -0.582579 -0.089575 -0.158350
v 0.050283 -0.206037 1.921660
v -0.103595 2.073560 -0.468974
v 0.133383 -0.237920 1.835030
v -0.051767 -0.875460 1.924620
v 0.064976 -0.992959 1.874310
v 0.725566 0.634641 -1.906810
v 0.805110 0.609394 -1.898130
v 0.755991 0.578647 -1.912020
v 0.776970 -0.247496 -0.470110
v 0.044381 -0.248765 1.920630
v -0.488695 1.077500 -1.870130
v 0.458692 0.201029 0.010641
v 0.444274 0.189376 0.060153
v 0.535756 0.547865 -0.318478
v 0.480872 1.227220 -0.286274
v -0.355465 -0.025490 0.034559
v 0.041462 -0.875460 1.924620
v 0.680308 0.027505 -0.226972
v 0.687296 0.070211 -0.229167
v -0.721951 0.897709 0.028655
v -0.712318 0.986930 0.028042
v -0.115585 -0.129212 -0.015438
v -0.062882 -0.132993 -0.022860
v 0.132601 -0.097603 1.968680
v 0.133334 -0.097760 1.983110
v -0.242640 0.780277 -0.474206
v 0.064976 -0.989595 1.866550
v 0.068746 -0.981980 1.859680
v 0.223534 1.889740 0.320238
v 0.334184 1.527275 0.515691
v -0.005149 0.408495 -0.461617
v -0.445210 0.492415 -1.940520
v 0.214561 -0.107441 1.732500
v 0.211655 -0.103079 1.784090
v -0.418675 1.557200 0.233759
v -0.400019 1.549595 0.132693
v 0.530309 0.072363 0.210333
v -0.358355 0.543474 -1.991930
v -0.353910 0.529043 -1.992660
v 0.660146 1.214510 -1.028540
v -0.499230 0.604127 -1.902600
v -0.472529 0.701419 -1.881500
v -0.443416 0.624778 -1.888970
v 0.869230 0.418699 -1.981500
v 0.614286 1.403070 -1.459665
v 0.631818 1.367300 -1.536870
v -0.418075 0.533870 -1.924450
v -0.536294 1.047880 -1.745760
v 0.142676 -0.210727 1.835100
v -0.813238 -0.059227 -0.527086
v -0.825305 -0.104690 -0.526022
v 0.989575 -0.611993 -0.580076
v -0.287924 1.802780 0.321585
v 0.555499 1.149650 -1.041990
v 0.936625 -0.398117 -0.553035
v 0.906846 -0.411321 -0.544195
v 0.894571 -0.378132 -0.554123
v 0.672534 1.282230 -1.013340
v 0.687330 1.249030 -0.970324
v -0.435086 1.013479 -0.372580
v -0.114500 -0.169656 1.940530
v -0.464738 1.328400 -1.052150
v -0.826213 -0.425542 -0.487465
v -0.005155 -0.017289 0.787584
v 0.491646 1.343120 -1.356310
v -0.636573 -0.084102 -0.246248
v -0.228679 -0.668527 1.779950
v -0.369582 0.359054 -2.023850
v 0.717918 -0.590893 -0.379355
v 0.728624 -0.591796 -0.386661
v -0.251814 0.891539 -0.484850
v -0.478740 1.172860 -0.433203
v -0.478693 1.129080 -0.506036
v 0.232187 -0.564506 1.785230
v 0.184293 -0.467945 1.793430
v -0.258784 -0.164784 0.201523
v -0.425490 0.746268 -0.491614
v -0.427941 0.832903 -0.516520
v -0.425976 0.909387 -0.476332
v -0.908364 0.336770 -2.008340
v 0.864633 0.564487 -1.940310
v 0.736517 -0.131374 -0.486389
v 0.784092 -0.169187 -0.520082
v 0.257138 1.801300 -0.183099
v 0.116535 1.532280 -0.376646
v 0.217353 1.621560 -0.292865
v -0.748560 -0.582871 -0.356549
v -0.747324 -0.594685 -0.357351
v 0.352150 1.265615 -0.217977
v 0.555248 1.110360 -1.011790
v 0.491295 1.166250 -1.036890
v 0.497535 1.127950 -1.004090
v 0.425401 1.300290 -0.154269
v -0.889158 -0.532501 -0.454421
v -0.896222 -0.565410 -0.456135
v 0.179158 2.102280 -0.008011
v 0.130995 2.166890 -0.072312
v 0.467804 1.336660 -1.138480
v 0.471319 1.390780 -1.132830
v -0.005155 -0.273925 1.915800
v -0.024108 -0.273641 1.916230
v -0.843425 -0.153615 -0.400553
v -0.860463 -0.218890 -0.403129
v -0.823166 -0.302732 -0.374541
v -0.095833 -0.263015 0.222432
v -0.284968 0.438656 -0.240227
v -0.265016 0.511850 -0.336063
v 0.780339 -0.062910 -0.543757
v 0.793897 -0.109912 -0.542123
v 0.169071 2.152210 -0.094475
v 0.236596 2.067700 -0.075212
v 0.175512 -0.236841 1.608220
v 0.172502 -0.254040 1.608330
v 0.213880 -0.564102 1.793040
v 0.095187 -0.961045 1.873750
v 0.095187 -0.957686 1.865990
v 0.371074 1.541990 0.031627
v 0.351370 1.502685 -0.047853
v 0.362579 0.461708 -2.011940
v 0.269372 -0.665594 1.767030
v 0.241285 -0.569118 1.754090
v 0.411410 0.189899 0.033157
v 0.458129 0.218016 0.154432
v 0.365953 0.191924 0.064718
v -0.590239 0.073332 -0.235332
v -0.977160 -0.592331 -0.573642
v -0.314607 0.385844 -1.996710
v -0.317681 0.350112 -1.997730
v -0.567264 1.262670 -0.149550
v 0.130764 -0.070127 1.928050
v 0.137565 -0.081998 1.904500
v 0.407886 1.225275 -0.213968
v -0.436080 0.787753 -1.996290
v -0.159504 -0.135578 1.005180
v -0.144485 -0.173668 1.129880
v -0.156440 -0.186428 1.005660
v 0.558376 1.470865 -1.280475
v 0.204667 -0.042525 -0.055163
v 0.135058 -0.307956 1.809500
v 0.129109 -0.275714 1.819050
v 0.129427 -0.095506 1.963780
v 0.682991 1.091710 -1.854170
v 0.647793 0.598991 -0.230972
v 0.658416 0.614327 -0.328348
v 0.691265 0.680473 -0.304631
v -0.134616 -0.197799 1.333710
v -0.400114 0.604334 0.493075
v 0.498130 1.341780 -1.438520
v 0.757318 -0.255031 -0.400171
v 0.787151 -0.312805 -0.377607
v -0.288699 -0.772672 1.750920
v -0.283567 -0.780779 1.740170
v -0.924180 0.336285 -2.035030
v 0.453121 0.621526 -0.493228
v 0.440269 0.700731 -0.534632
v 0.471160 0.673264 -0.609615
v 0.155855 -0.377390 1.799440
v -0.716187 -0.525862 -0.362722
v -0.134095 -0.259034 1.838810
v -0.107925 -0.251175 1.872450
v -0.105217 -0.261805 1.865710
v 0.483454 0.542062 -1.997190
v 0.403907 0.533052 -2.008110
v 0.102875 -1.133970 1.798540
v -0.417656 0.428538 -1.953220
v 0.989398 -0.611407 -0.577707
v -0.435549 1.061070 -0.460855
v -0.896722 -0.654427 -0.494207
v -0.890064 -0.663269 -0.500350
v 0.731781 1.184790 -0.764419
v 0.211990 1.945950 0.241534
v 0.164577 1.961270 0.267630
v -0.830176 -0.539595 -0.415851
v -0.137525 2.443720 -0.599144
v -0.101635 2.461640 -0.581898
v 0.327705 0.220712 0.046626
v 0.072973 -1.020150 1.837540
v -0.563213 0.834906 -2.015790
v 0.324079 1.041581 -0.340407
v -0.107640 -0.775731 1.880380
v 0.504082 1.116680 -1.992380
v 0.552803 1.141960 -2.003230
v -0.724413 -0.103206 -0.366316
v -0.686756 -0.087556 -0.316665
v -0.708656 -0.073450 -0.302074
v 0.084697 -0.952696 1.864310
v 0.076323 -0.951862 1.871440
v 0.561719 1.449270 -0.986220
v 0.552490 1.509760 -1.025690
v 0.810610 -0.002421 -0.474206
v -0.641791 1.461600 -1.125340
v 0.945714 -0.435049 -0.540552
v 0.345520 0.811570 0.589488
v -0.077208 -0.965512 1.891800
v -0.668633 0.095575 -0.280375
v -0.737896 -0.624604 -0.372548
v 0.451392 0.518580 -1.994710
v 0.461545 0.516707 -1.966800
v -0.734443 0.927781 -1.864180
v 0.449813 1.330870 -0.953560
v 0.677079 1.147075 -0.085212
v 0.566605 1.251740 -0.269917
v 0.477416 1.206770 -0.363720
v 0.205776 0.051589 1.657690
v -0.496002 1.124820 -1.886420
v -0.470003 1.024160 -1.946230
v 0.968085 -0.492148 -0.559707
v -0.475963 1.135590 -0.938826
v -0.454612 1.215700 -0.917884
v -0.454517 1.159520 -0.859501
v -0.433291 0.419776 -1.982660
v -0.927533 0.345730 -2.005890
v -0.934572 0.346023 -2.017150
v 0.704675 -0.527302 -0.387758
v -0.797384 -0.165458 -0.364296
v 0.742302 -0.527376 -0.346733
v -0.342190 0.374602 -2.023990
v -0.330439 0.351870 -2.028830
v 0.242869 -0.992429 1.777900
v 0.228634 -0.874757 1.623380
v 0.210382 -0.762578 1.569010
v 0.202463 -0.869478 1.546170
v -0.084557 -0.036060 1.404360
v -0.079555 -0.054593 1.321030
v 0.362976 0.395837 -2.003780
v 0.379682 0.411666 -1.996100
v 0.369623 0.409705 -1.978240
v -0.660187 1.148520 0.080243
v 0.104210 -0.169656 1.940530
v -0.933989 -0.463477 -0.521494
v 0.072453 -0.999704 1.865690
v 0.248808 -0.162279 0.519562
v -0.182135 -0.468771 1.638800
v -0.189486 -0.378935 1.638680
v -0.210432 -0.475778 1.698130
v -0.638879 0.807279 -2.002030
v -0.628001 0.791975 -1.940890
v -0.929594 -0.501029 -0.509914
v 0.755842 0.069019 -0.370357
v 0.750919 0.070075 -0.392231
v 0.880123 -0.457274 -0.504379
v 0.213654 0.205787 -0.261067
v 0.857426 -0.538380 -0.422967
v 0.332049 0.463398 -0.052931
v 0.302160 0.394029 -0.118449
v 0.409106 0.547853 -1.910110
v -0.156370 0.076808 1.621030
v -0.204604 -0.205773 1.782920
v -0.170660 -0.239760 1.816020
v 0.599249 -0.064552 -0.261379
v -0.137053 -0.092392 1.955640
v 0.022692 0.124686 1.982910
v -0.005155 0.132588 1.965420
v 0.857576 0.436443 -1.960670
v -0.820900 -0.002421 -0.474206
v 0.200142 -0.475778 1.698130
v 0.364824 0.511021 -0.102583
v -0.148046 -0.046245 1.954990
v 0.382064 0.734057 -0.363110
v 0.885932 -0.565410 -0.456135
v 0.358769 1.368560 -0.153558
v 0.332381 1.254835 -0.257653
v 0.342977 0.579847 -1.999530
v -0.468936 1.366390 -0.996676
v -0.581829 0.640513 -0.614484
v -0.578472 0.713963 -0.732038
v -0.494416 0.745008 -0.718298
v 0.844623 0.525078 -1.930510
v 0.792424 0.522076 -1.938420
v 0.501919 0.855540 -0.830128
v -0.315524 0.319541 -2.015790
v -0.005156 2.196450 -0.027731
v 0.940070 -0.553396 -0.540783
v 0.380925 1.047045 -0.297411
v 0.358505 1.053250 -0.301777
v 0.840779 0.454081 -2.002550
v -0.665805 1.272650 -1.495410
v -0.664112 1.320720 -1.517660
v 0.225851 -0.978314 1.703870
v 0.249420 -0.880035 1.701310
v -0.005156 2.334870 -0.290420
v 0.770295 0.868353 -1.997590
v -0.005156 1.629830 0.626254
v -0.005156 1.708220 0.575166
v 0.309505 0.378288 -2.025460
v 0.312468 0.366680 -2.027130
v 0.315862 0.373913 -2.029500
v -0.751755 -0.593269 -0.386338
v -0.005132 0.747949 -0.536410
v 0.063599 0.753160 -0.527788
v 0.879918 -0.674334 -0.497347
v -0.881874 -0.488708 -0.482855
v 0.815015 -0.104690 -0.526022
v 0.809904 -0.160237 -0.530147
v 0.405568 0.371837 0.248296
v 0.420101 0.919538 -0.541425
v 0.417650 0.832903 -0.516520
v 0.427417 0.779937 -0.576037
v -0.005155 -0.015716 -0.186198
v 0.626678 1.405590 -1.369340
v 0.628463 1.444500 -1.207400
v -0.314556 0.520212 -0.186513
v -0.298559 0.422436 -0.185240
v -0.933081 -0.344733 -0.473201
v -0.950992 -0.364949 -0.531144
v -0.861334 0.398002 -2.015170
v 0.205959 -0.670156 1.766670
v -0.353030 0.549944 -1.965350
v -0.347877 0.535497 -1.965870
v -0.170062 -0.259524 1.814070
v 0.603895 1.467455 -1.283315
v 0.329669 0.421791 -1.974560
v 0.471001 0.572769 0.367992
v -0.439993 0.455282 -2.002750
v -0.379170 0.446014 -2.013340
v -0.737959 1.157190 -0.863962
v -0.690003 1.061020 -0.891429
v -0.233607 -0.184686 0.608316
v 0.053991 -0.217912 1.893520
v -0.592695 1.158270 -0.679169
v -0.639175 0.078042 0.005984
v -0.651365 0.027247 -0.019495
v 0.713490 0.731284 -0.183540
v 0.455356 0.507163 -1.968070
v -0.164918 -0.555547 1.607640
v -0.746807 -0.131374 -0.486389
v 0.410082 0.007050 0.386792
v 0.429338 -0.053475 0.328501
v 0.206732 -0.881243 1.768310
v -0.005155 -0.275274 1.924170
v 0.020916 -0.272854 1.925820
v -0.259710 -0.880035 1.701310
v -0.279401 -0.808512 1.733700
v -0.978955 -0.576728 -0.529576
v -0.994782 -0.569675 -0.545841
v -0.690356 1.202720 -1.671150
v -0.680609 1.180970 -1.706070
v -0.600486 1.472295 -1.283645
v -0.583185 1.479090 -1.281215
v 0.637622 1.387490 -1.142790
v 0.635545 1.300630 -1.111030
v -0.650953 1.428250 -0.988984
v 0.076796 2.277850 -0.221208
v 0.120316 -0.236893 1.850780
v -0.942399 -0.528360 -0.522845
v -0.779080 -0.460032 -0.352193
v -0.794022 -0.475020 -0.370324
v -0.777803 -0.499949 -0.365705
v 0.644042 1.358040 -1.364910
v 0.917268 -0.394515 -0.441441
v -0.375115 0.511021 -0.102583
v -0.582552 0.175427 -0.024776
v 0.148611 -0.286020 0.398658
v 0.741465 -0.593269 -0.386338
v 0.729184 -0.601355 -0.383510
v 0.739198 -0.602757 -0.382849
v 0.700613 0.981693 -0.706798
v 0.473489 0.959631 -1.996960
v 0.459713 1.024160 -1.946230
v -0.860119 0.481146 -2.011010
v -0.063069 -0.181511 1.908540
v -0.515620 0.907226 -0.854308
v -0.567690 0.824282 -0.838791
v -0.512209 0.855539 -0.830128
v 0.063437 0.971138 -0.535594
v -0.614669 0.890071 0.363610
v -0.612921 0.995490 0.360886
v -0.572066 1.000055 0.421599
v 0.450145 0.501510 0.133365
v 0.419506 0.475606 0.182182
v -1.001730 -0.544272 -0.555859
v 0.132336 0.872228 -0.534275
v 0.132167 0.976349 -0.526972
v -0.885126 -0.507523 -0.454870
v -0.344297 0.431475 -1.957990
v -0.361095 0.388769 -1.965810
v 0.969255 -0.538848 -0.584584
v 0.070662 -0.149749 1.908580
v 0.083252 -0.129649 1.891260
v 0.736092 -0.611463 -0.380827
v 0.733330 -0.619514 -0.379958
v -0.137767 -0.096018 1.005490
v 0.098032 -0.966408 1.861560
v -0.949672 -0.375341 -0.484665
v -0.316078 0.387135 -2.013570
v -0.156023 -0.775983 1.842050
v -0.802860 -0.002237 -0.519205
v 0.057214 1.331855 -0.462568
v 0.183313 1.185825 -0.466220
v -0.913197 -0.361238 -0.431768
v -0.881034 -0.382426 -0.398045
v -0.133645 -0.275831 1.607510
v -0.151226 -0.469761 1.620770
v -0.160514 -0.379624 1.618470
v -0.377177 0.542883 -1.938870
v 0.115726 -0.308729 1.810080
v 0.070621 1.385200 0.701472
v -0.993489 -0.604893 -0.588939
v -0.998319 -0.609140 -0.586162
v -0.998665 -0.605364 -0.590151
v -0.465097 1.185310 -0.764951
v -0.221745 2.170760 -0.234589
v -0.234316 2.119230 -0.154900
v 0.115108 -0.174266 1.943880
v -0.295911 0.733538 0.600683
v -0.298542 0.829836 0.627255
v -0.477435 1.080880 -1.954550
v 0.167963 1.468985 -0.376650
v -0.054564 2.473910 -0.566971
v -0.121611 2.390230 -0.476068
v -0.729503 0.798309 -1.876350
v -0.544111 1.409820 -1.459600
v -0.036478 0.091703 2.001310
v -0.024044 0.112682 1.996280
v 0.972250 -0.597581 -0.565640
v 0.059358 -0.556469 1.600330
v 0.600632 1.442300 -1.370330
v -0.728208 -0.590893 -0.379355
v 0.840923 0.689119 -1.908960
v 0.780894 0.665792 -1.892540
v -0.430391 0.919538 -0.541425
v -0.299758 1.925610 -0.016953
v -0.610922 1.442300 -1.370330
v 0.142450 -0.130810 1.117340
v -0.156703 0.752533 0.641319
v -0.154849 0.660932 0.616401
v -0.219968 0.648710 0.592997
v -0.415858 0.371837 0.248296
v 0.723463 -0.557190 -0.402901
v 0.708684 -0.564133 -0.384201
v 0.324763 0.840757 -0.319313
v -0.965718 -0.561637 -0.577719
v -0.447832 0.590883 -0.402922
v -0.408054 0.728651 -0.391448
v 0.288249 0.829836 0.627255
v 0.873341 -0.674239 -0.499077
v 0.871958 -0.666114 -0.498350
v -0.947022 -0.465248 -0.483118
v -0.139021 -0.962857 1.512840
v -0.212753 -0.869478 1.546170
v -0.990497 -0.604162 -0.582893
v -0.993349 -0.606717 -0.584445
v 0.742918 -0.606095 -0.367151
v -0.052805 -0.205463 1.897660
v -0.074638 -0.199240 1.887750
v -0.121766 -0.110591 1.906900
v 0.105993 -0.313649 1.834420
v -0.887742 0.352028 -2.005010
v 0.460517 1.107170 -0.723885
v -0.873243 -0.655963 -0.459251
v 0.809553 -0.460756 -0.375641
v -0.893262 -0.416864 -0.408319
v 0.147478 -0.186428 0.995965
v 0.650337 1.158070 -1.620660
v 0.086047 -1.053470 1.792280
v 0.135936 -1.024180 1.785250
v 0.633703 0.701010 0.194944
v 0.658233 0.709043 0.105644
v 0.763626 0.533349 -1.998010
v 0.769309 0.529012 -1.997390
v 0.421954 0.253709 0.180233
v -0.812466 -0.332970 -0.449099
v 0.418578 1.019537 0.593409
v 0.471939 1.013495 0.542156
v 0.428127 1.464375 0.201357
v -0.886923 -0.648598 -0.461176
v -0.886015 -0.651372 -0.466283
v -0.215757 -0.974276 1.805540
v -0.377614 0.551144 -1.934470
v 0.923699 -0.463477 -0.521494
v -0.103496 -0.125658 1.881360
v -0.093542 -0.129649 1.891260
v -0.588802 1.239570 -1.815510
v -0.597115 1.208970 -1.896540
v -0.900845 -0.640222 -0.476870
v -0.126199 -0.924995 1.869820
v -0.737830 -0.487073 -0.346262
v -0.983424 -0.463132 -0.512989
v 0.712673 0.991580 -0.065028
v 0.517866 0.678280 -1.898980
v 0.501971 0.790272 -1.863840
v 0.142800 1.621270 0.610686
v 0.137403 1.699055 0.559050
v -0.562780 1.509760 -1.025690
v -0.493423 0.530094 -1.997550
v -0.108369 -0.267450 1.248810
v 0.062206 -0.138642 2.003910
v 0.412189 0.445494 -1.983260
v -0.658083 0.598990 -0.230972
v -0.640527 0.589179 -0.138328
v -0.673376 0.655327 -0.114613
v -0.998945 -0.561439 -0.562961
v -0.994077 -0.573931 -0.550811
v -0.999658 -0.573515 -0.568611
v -0.904164 -0.628323 -0.473606
v -0.886415 -0.638703 -0.453241
v -0.198466 0.989454 -0.496418
v -0.419844 0.827487 -0.407251
v -0.381768 0.943830 -0.321157
v -0.371721 0.842054 -0.322284
v -0.353554 0.843486 -0.323538
v 0.660434 1.339100 -1.686540
v -0.116634 -0.227234 1.426550
v -0.139239 -0.181815 1.417630
v -0.531088 0.104549 -0.179679
v 0.991926 -0.609892 -0.580785
v -0.141053 -0.070127 1.928050
v -0.137848 -0.089188 1.931490
v -0.677636 0.676101 -0.589519
v -0.704381 0.712373 -0.483757
v -0.415612 0.826534 -0.389067
v -0.633281 1.268300 -1.740070
v -0.249715 -0.773904 1.795980
v 0.441933 0.524337 -1.938150
v 0.436365 0.513882 -1.939250
v -0.934318 -0.366004 -0.559835
v 0.466781 0.551141 -1.908430
v 0.454188 0.532644 -1.920830
v 0.013805 -0.273641 1.916230
v 0.016509 -0.286938 1.910880
v -0.946915 -0.398117 -0.553035
v -0.067462 1.331855 -0.462568
v 0.630237 0.589180 -0.138328
v -0.731785 -0.553395 -0.345678
v 0.095209 0.013260 1.552250
v 0.097764 0.025962 1.565170
v 0.868423 -0.295573 -0.487802
v 0.846374 -0.281771 -0.492013
v 0.854449 -0.301313 -0.487411
v 0.379541 0.477197 -1.938250
v 0.857850 0.582658 -1.935830
v 0.390178 0.503551 -1.932460
v 0.367451 1.610310 0.097681
v -0.260813 1.751820 0.444629
v -0.271307 1.675265 0.491382
v -0.319752 1.663930 0.424544
v 0.936732 -0.465248 -0.483118
v 0.917717 -0.484005 -0.477864
v 0.484500 1.170090 -1.662510
v -0.860447 0.494073 -1.932260
v -0.896251 0.514047 -1.942010
v 0.113130 -0.245894 1.860670
v -0.520163 1.526830 -1.111120
v -0.365752 0.659942 -0.280224
v -0.125170 2.263170 -0.243371
v 0.056529 1.982460 0.304146
v -0.098684 2.182330 -0.047510
v -0.141294 2.166890 -0.072312
v -0.103106 -0.956061 1.861640
v -0.103827 -0.964591 1.855930
v -0.770440 -0.474468 -0.422939
v -0.738291 -0.495912 -0.409849
v 0.874648 -0.309973 -0.409242
v 0.851359 -0.322365 -0.389224
v 0.067782 -0.868968 1.496940
v 0.138774 -0.761808 1.537760
v 0.072804 -0.762220 1.529220
v -0.987634 -0.594651 -0.587125
v -0.420372 0.007050 0.386792
v -0.281368 1.745690 -0.143980
v -0.267425 1.801300 -0.183099
v -0.902758 -0.463197 -0.438962
v -0.883234 -0.490485 -0.438420
v 0.103589 0.046405 1.976230
v -0.848645 0.503132 -2.008480
v -0.047881 -0.288726 1.906420
v -0.761434 -0.568414 -0.364576
v -0.994460 -0.603983 -0.569552
v -0.987582 -0.601763 -0.571659
v 0.720550 -0.526065 -0.344252
v 0.721495 -0.553394 -0.345678
v -0.149086 -0.060832 1.973400
v -0.587936 1.123280 -1.612850
v -0.516676 1.128150 -1.617390
v -0.005155 -0.467059 1.897700
v 0.158984 2.202140 -0.180939
v 0.197790 2.134920 -0.128076
v 0.224025 2.119230 -0.154900
v -0.087099 2.277850 -0.221208
v -0.049147 2.283185 -0.213516
v -0.899237 -0.443482 -0.422511
v -0.935427 -0.421765 -0.454950
v 0.097267 -0.278167 1.852070
v 0.077083 -0.282563 1.878560
v 0.577086 1.156940 -1.561610
v 0.509615 1.157260 -1.566770
v 0.077919 -0.234369 1.927880
v 0.068960 -0.251037 1.932010
v 0.422893 1.458910 0.403748
v 0.093312 2.073560 -0.468974
v 0.105598 1.946680 -0.397890
v -0.005147 1.944750 -0.431606
v -0.458629 1.295060 -1.684400
v -0.107038 -0.305882 1.007830
v 0.626521 1.484760 -1.028370
v 0.611747 1.526030 -1.068890
v 0.652799 1.412170 -1.041420
v -0.100722 -0.213220 1.931590
v -1.000990 -0.586318 -0.575352
v -0.995914 -0.583331 -0.558527
v 0.168221 -0.873047 1.513750
v 0.947231 -0.509985 -0.546836
v -0.215884 0.069630 1.795960
v -0.920536 0.481168 -1.974380
v -0.004416 -0.054316 1.226310
v 0.448927 1.461980 0.314247
v 0.084099 -0.994903 1.868490
v 0.218639 1.024568 0.682500
v 0.983972 -0.536108 -0.574762
v 0.860784 0.665441 -2.001140
v 0.824897 0.566509 -2.014070
v 0.697087 -0.092130 -0.408572
v 0.654067 -0.070778 -0.330402
v 0.074074 -0.988823 1.855420
v 0.868017 0.546493 -1.997350
v -0.075266 -0.989595 1.866550
v -0.506515 0.528409 -1.952510
v -0.696450 1.217800 -1.640250
v -0.653407 1.187610 -1.568000
v -0.660628 1.158070 -1.620660
v -0.425498 0.570003 -1.895380
v -0.355256 0.333304 -2.017540
v -0.324675 0.734819 -0.314960
v -0.130385 -0.098589 1.118950
v -0.148605 -0.130810 1.123800
v -0.842360 -0.542117 -0.401841
v -0.380348 1.636510 0.278346
v 0.711661 0.897709 0.028655
v 0.135044 -0.053156 1.960270
v 0.137939 -0.052555 1.962790
v -0.005156 1.930000 0.391788
v -0.005156 1.858305 0.457933
v -0.132081 -0.216305 1.243000
v -0.238924 -0.874757 1.623380
v -0.180917 -0.137472 0.878422
v -0.204566 -0.130315 0.754377
v -0.546046 0.547865 -0.318478
v -0.430331 0.576620 -0.338506
v -0.896353 -0.646311 -0.492423
v -0.578596 1.428200 -1.463845
v -0.407077 0.451547 0.394004
v 0.247348 1.927670 0.193636
v 0.213767 -0.232866 0.454887
v -0.602448 1.105020 -1.676180
v -0.665441 1.128660 -1.684920
v -0.674461 1.076380 -1.750070
v -0.289098 1.909670 0.154603
v 0.462239 0.701419 -1.881500
v 0.488940 0.604127 -1.902600
v 0.433126 0.624778 -1.888970
v 0.046667 -0.776242 1.905350
v -0.472292 0.205908 -0.019757
v -0.759605 -0.583881 -0.379944
v -0.758215 -0.594767 -0.377229
v -0.145334 -0.053157 1.960270
v -0.148229 -0.052555 1.962790
v 0.205454 0.455233 -0.402227
v -0.848373 0.401488 -1.985680
v 0.103730 0.123329 1.921790
v -0.778293 0.509904 -1.965770
v 0.173752 -0.648848 1.581090
v 0.188750 -0.561549 1.631380
v 0.814551 0.582215 -1.911540
v -0.902269 -0.600037 -0.464526
v 0.273277 -0.780779 1.740170
v 0.150247 -0.135578 0.995487
v -0.215667 -0.234731 1.631820
v -0.983116 -0.584528 -0.545164
v 0.565657 1.411090 -0.949441
v 0.856557 0.464204 -1.945240
v -0.151522 -0.376333 1.792340
v 0.983059 -0.606717 -0.584445
v -0.094987 -0.952696 1.864310
v -0.086613 -0.951862 1.871440
v -0.383667 0.282275 0.146696
v -0.337994 0.220712 0.046626
v 0.664909 0.051790 -0.129154
v 0.648856 0.794435 0.203260
v 0.742160 -0.582392 -0.390587
v -0.854535 -0.150378 -0.481195
v -0.839468 -0.153949 -0.517458
v -0.005155 0.026474 1.544360
v -0.105513 0.013260 1.552250
v -0.134215 -0.258951 1.606320
v 0.263367 1.966160 0.084763
v 0.883602 0.515152 -1.942120
v 0.897685 0.492502 -1.973370
v 0.883926 0.496115 -1.945770
v 0.459649 1.317470 -0.045284
v -0.845733 -0.316616 -0.475102
v -0.844658 -0.310904 -0.471045
v 0.481682 -0.023206 0.253278
v -0.990318 -0.599831 -0.588803
v -0.434008 1.041610 -0.517789
v -0.622971 0.579369 -0.045685
v -0.570828 0.554537 -0.119648
v -0.998425 -0.593747 -0.566847
v -0.999738 -0.601053 -0.573629
v 0.351385 0.740277 -0.323410
v 0.355462 0.659942 -0.280224
v 0.485410 1.342360 -1.208650
v 0.151521 2.207610 -0.506223
v -0.382870 0.375944 -1.976290
v 0.783679 0.878312 -1.939120
v 0.573372 0.747123 -1.996590
v -0.536427 1.109460 -1.679690
v -0.609135 1.044230 -1.741110
v 0.242588 0.580214 -0.391300
v 0.431797 0.168355 0.358849
v 0.405857 0.207383 0.378207
v 0.530505 1.366710 -1.709550
v 0.131567 0.396180 0.550333
v -0.925540 0.452656 -1.978660
v -0.786454 -0.009653 -0.340487
v -0.766564 0.045375 -0.340166
v -0.720390 0.028854 -0.470252
v -0.494790 1.170090 -1.662510
v -0.814167 0.492595 -1.940240
v -0.005155 0.115402 1.634570
v 0.655150 1.128660 -1.684920
v 0.277632 1.802780 0.321585
v 0.569344 1.377740 -0.894942
v 0.813137 0.758941 -1.904130
v -0.292322 0.159148 -0.053444
v -0.156703 0.845898 0.663596
v -0.226307 0.836401 0.643278
v 0.763003 0.545567 -1.997740
v -0.875160 -0.313617 -0.506699
v -0.847653 -0.327919 -0.485237
v 0.789392 -0.340397 -0.380162
v 0.812877 -0.302732 -0.374541
v -0.049238 -0.248316 1.905880
v 0.416053 0.309605 0.336625
v 0.394715 0.295940 0.241661
v -0.658805 0.887190 -2.017020
v -0.735127 1.245940 -0.833881
v -0.828538 -0.350572 -0.373743
v 0.135602 -0.076207 1.974490
v 0.251498 -0.991777 1.758570
v -0.341735 0.589935 -1.957410
v 0.113564 -0.125700 1.877310
v -0.514372 1.116680 -1.992380
v 0.837364 -0.327919 -0.485237
v 0.447142 1.404340 0.114113
v 0.723216 -0.530924 -0.404976
v -0.431500 1.127790 0.599274
v 0.952461 -0.396041 -0.530027
v 0.827867 0.743476 -2.000930
v 0.841623 0.760366 -1.952900
v -0.143673 -0.237920 1.835030
v -0.174594 -0.214924 1.817220
v -0.538045 1.129320 0.494231
v -0.535502 1.014260 0.489634
v 0.068822 1.703940 0.567382
v -0.057859 -0.226327 0.138345
v -0.421700 0.189899 0.033157
v -0.103950 -0.948862 1.882460
v -0.758516 -0.584252 -0.365933
v 0.522669 0.899200 0.485037
v -0.769910 -0.532439 -0.388988
v -0.005120 1.161720 -0.519879
v -0.422850 0.424812 -2.009190
v -0.884375 -0.558744 -0.478711
v 0.493897 1.334650 0.063701
v 0.528578 1.299565 0.167323
v -0.185148 -1.065590 1.808630
v -0.235026 -0.984157 1.797680
v 0.336019 0.377705 -2.005490
v -0.005155 0.141292 1.700080
v -0.850960 -0.345643 -0.499393
v -0.422953 0.554856 -2.013570
v 0.420654 0.256912 0.222302
v -0.744202 0.611383 -1.998750
v -0.773293 0.545567 -1.997740
v 0.106948 -0.993162 1.816320
v 0.879746 0.532885 -1.998180
v 0.204883 -0.651069 1.601870
v -0.289572 0.639212 0.572679
v -0.492304 1.053910 -2.001450
v -0.650924 1.366330 -1.100820
v -0.648947 1.452340 -1.083310
v -0.447002 1.102540 -0.358474
v -0.487706 1.206770 -0.363720
v -0.077208 -0.963495 1.887410
v 0.520978 -0.086524 -0.070051
v 0.423780 -0.039534 -0.062860
v 0.127558 -0.089188 1.931490
v 0.344410 0.425912 -2.014410
v 0.183706 -0.776852 1.803030
v 0.051874 2.525650 -0.745224
v 0.372764 0.219882 0.110614
v 0.626283 -0.084102 -0.246248
v -0.070778 -0.012828 2.006570
v -0.094389 -0.992884 1.864100
v 0.735342 -0.622239 -0.372579
v 0.732625 -0.615386 -0.365172
v 0.295764 0.313741 -0.094931
v 0.316051 0.365622 -0.051658
v 0.717732 -0.591713 -0.366783
v 0.145733 -0.775983 1.842050
v 0.628589 0.807280 -2.002030
v -0.104691 -0.245145 1.942850
v -0.327732 0.322061 -2.038160
v -0.994120 -0.566748 -0.579437
v -0.857999 -0.370362 -0.515442
v 0.077540 -0.052361 0.890283
v -0.662629 0.743083 -0.715780
v -0.422386 0.053718 -0.073730
v 0.675243 0.690346 -1.950040
v 0.657665 0.772977 -1.893020
v 0.426422 0.492586 -1.942310
v -0.229984 -0.058895 1.653140
v 0.601263 1.421425 -1.460160
v 0.723199 -0.610195 -0.377561
v 0.729297 -0.609978 -0.381103
v 0.112259 0.147038 -0.299228
v 0.361432 0.842054 -0.322284
v 0.416575 0.807951 -1.935530
v 0.469344 0.873463 -2.001520
v -0.005156 2.479250 -0.558813
v 0.044260 2.473910 -0.566971
v 0.812536 -0.504624 -0.415145
v -0.080492 -0.959886 1.869500
v 0.180756 -0.761529 1.543140
v 0.904680 -0.481354 -0.472052
v 0.916166 -0.466795 -0.469386
v -0.550804 0.666538 -1.998110
v -0.446243 0.610964 -2.015380
v 0.723161 0.973444 -0.406734
v -0.251575 -0.569118 1.754090
v 0.101884 -0.112469 1.910040
v -0.242477 -0.564506 1.785230
v -0.056960 0.142503 1.934900
v 0.886480 -0.644714 -0.479230
v -0.748979 -0.615193 -0.369618
v -0.745140 -0.605897 -0.360617
v -0.098814 0.027929 0.602884
v -0.294845 0.623335 -0.325512
v -0.310469 0.360568 -2.020710
v -0.881809 0.551755 -1.997350
v -0.005155 -1.086770 1.817630
v 0.216380 1.528270 -0.326626
v -0.787260 -0.247496 -0.470110
v -0.794381 -0.169188 -0.520082
v -0.100950 0.119910 1.941010
v 0.906285 -0.314453 -0.502146
v -0.353267 0.579847 -1.999530
v 0.886432 -0.654426 -0.494207
v -0.200323 -0.060392 1.576330
v 0.174963 -0.270108 0.702370
v -0.073868 0.753160 -0.527788
v 0.092816 -0.956061 1.861640
v -0.083263 -0.321643 1.885450
v -0.067131 -0.385208 1.889680
v 0.508394 0.529705 -0.193610
v 0.120625 -0.876582 1.506000
v -0.229276 -0.008589 1.651850
v -0.199804 -0.007265 1.586230
v 0.673970 1.309910 -0.810293
v -0.912962 0.506802 -1.971710
v -0.906399 0.484037 -2.002250
v -0.913917 0.459824 -2.005740
v -0.150055 -0.664136 1.837990
v -0.103775 -0.662902 1.867140
v 0.465672 1.135590 -0.938826
v -0.089281 0.115537 1.955550
v -0.005156 2.147230 0.061321
v -0.054693 2.189415 -0.037595
v -0.630915 1.198980 -1.890330
v -0.428456 1.223200 0.582620
v -0.481729 1.223965 0.530099
v -0.799682 -0.340397 -0.380162
v -0.220369 -0.209170 1.697570
v -0.855721 0.419532 -1.954020
v -0.882357 0.444060 -1.941130
v -0.226861 0.066484 1.726080
v -0.236547 -0.004692 1.724850
v -0.058867 -0.322326 1.899030
v 0.850658 0.433037 -2.003000
v 0.701832 1.027910 -0.589844
v -0.885962 0.544756 -1.940540
v 0.563258 1.264480 0.270944
v 0.500134 1.340835 0.231796
v 0.604141 1.160900 0.245610
v -0.837332 -0.290319 -0.478462
v 0.070621 1.214455 0.717334
v -0.226663 1.528270 -0.326626
v -0.175987 -0.015616 1.899260
v -0.573670 1.404420 -1.556700
v 0.905092 -0.488562 -0.485085
v 0.853456 0.509901 -2.009440
v -0.005155 -1.137190 1.733870
v -0.122866 -1.132590 1.745670
v -0.005155 -1.151420 1.746270
v -0.717911 -0.552961 -0.362701
v -0.714965 -0.527302 -0.387758
v -0.716355 -0.553955 -0.386142
v 0.410957 0.819971 -0.452074
v 0.415200 0.746268 -0.491614
v -0.424144 1.028084 -0.330482
v 0.207162 -0.157404 1.749060
v 0.729204 -0.624974 -0.379271
v -0.672022 0.022005 -0.074935
v 0.695818 1.001870 -1.833710
v 0.981003 -0.592344 -0.591568
v 0.138197 -0.871606 1.854000
v 0.063165 -0.249294 1.600660
v -0.512262 0.790272 -1.863840
v -0.325669 0.440500 -1.980220
v -0.320841 0.413189 -1.988060
v -0.131832 -0.562076 1.845810
v -0.164534 -0.564106 1.818140
v 0.779967 0.046613 -0.367641
v -0.213436 -0.778190 1.776000
v 0.387183 0.434438 -2.010000
v 0.394850 0.428145 -1.989840
v -0.737674 -0.580418 -0.389866
v -0.189625 -0.381076 1.792450
v -0.495700 1.342360 -1.208650
v -0.885026 -0.298919 -0.495169
v 0.738927 -0.572747 -0.355429
v 0.447191 0.528697 -1.932670
v 0.408024 0.541951 -1.924260
v 0.095718 -0.305882 0.999757
v -0.415125 0.526413 -1.929500
v -0.896770 -0.644714 -0.479230
v 0.203622 0.365729 -0.364840
v 0.573382 0.162742 -0.124563
v -0.880525 -0.676667 -0.481471
v -0.128518 1.918130 0.373641
v -0.141277 0.054918 1.927440
v 0.149333 -1.038270 1.797100
v -0.540795 1.366710 -1.709550
v -0.214960 -0.042525 -0.055163
v -0.312917 0.920493 -0.398418
v 0.849494 -0.314407 -0.386628
v -0.005157 0.109030 1.999280
v -0.005155 0.122638 1.983570
v -0.184042 -0.648848 1.581090
v 0.413853 1.028084 -0.330482
v 0.744548 0.042395 -0.323192
v 0.474244 1.230010 -1.685550
v -0.766546 0.875986 -1.880180
v -0.793969 0.878312 -1.939120
v -0.451352 1.295660 -0.901626
v 0.449376 0.812786 -1.876810
v 0.378206 0.721594 -1.948650
v 0.425790 0.787753 -1.996290
v 0.088510 0.027929 0.602884
v -0.828963 -0.337699 -0.377998
v -0.735883 -0.580877 -0.355495
v 0.847709 -0.370362 -0.515442
v 0.857364 -0.400031 -0.524003
v 0.879904 -0.292896 -0.464244
v -0.301464 0.812844 -0.389396
v 0.521101 0.590342 -1.949750
v 0.352498 0.443911 -2.013470
v -0.233472 -0.059699 1.724300
v 0.613057 0.630537 -0.528609
v -0.752064 -0.020643 -0.320769
v -0.251464 0.073638 -0.105226
v -0.225386 0.046412 -0.124922
v -0.640629 0.806974 -0.793410
v 0.193109 -0.257850 0.569305
v 0.424050 0.586461 0.416188
v -0.005155 -0.260535 1.962790
v 0.885597 -0.659684 -0.485730
v -0.870037 0.628093 -1.914500
v -0.900050 0.622728 -1.957700
v 0.428820 0.155066 -0.062733
v 0.412097 0.053718 -0.073730
v 0.375794 0.069165 -0.007754
v -0.217452 -0.157404 1.749060
v -0.568666 1.470865 -1.280475
v -0.808278 0.045141 -0.470201
v -0.119249 -0.382384 1.618040
v -0.122683 -0.275895 1.827960
v -0.457133 1.006630 -1.986100
v -0.108322 -0.966408 1.861560
v -0.878313 -0.669619 -0.473474
v 0.207224 -0.207945 1.629420
v -0.821314 -0.159217 -0.374257
v 0.661310 0.016225 -0.194128
v -1.001500 -0.607808 -0.586527
v -1.002120 -0.611248 -0.582701
v -0.405005 0.295940 0.241661
v -0.377945 0.306214 0.165365
v -0.493316 1.289710 -1.512940
v -0.714858 1.212310 -0.925101
v 0.169099 -0.018367 1.566160
v -0.297037 0.312184 -2.038100
v 0.491014 1.357670 -1.654230
v -0.895600 -0.297465 -0.470806
v 0.109194 -0.015527 1.995730
v 0.118738 -0.048823 2.000640
v 0.266759 -0.885439 1.769390
v -0.768335 0.517583 -1.960720
v -0.371242 0.528363 -1.939540
v 0.509611 1.271500 -1.750750
v -0.297963 0.319559 -2.039990
v 0.128842 1.171175 -0.499337
v 0.518909 0.957441 -2.009875
v 0.595748 0.944715 -2.018190
v -0.336807 0.466472 -1.999810
v -0.619368 1.303090 -1.149700
v -0.865093 -0.645271 -0.442837
v -0.464722 1.415300 -1.040370
v 0.775890 -0.343204 -0.395923
v 0.105282 -0.129212 -0.015438
v -0.220672 -0.762578 1.569010
v 0.234387 2.139520 -0.293160
v 0.697212 0.807392 0.022499
v 0.977345 -0.594651 -0.587125
v -0.477592 0.514778 0.095470
v -0.520271 0.590321 -1.998110
v -0.792154 0.490365 -1.969170
v -0.157486 2.067660 0.102210
v 0.210080 -0.209170 1.697570
v 0.188983 -0.240248 1.777190
v -0.450670 0.451565 -1.974950
v -0.050494 -0.291666 0.297801
v -0.739352 0.062588 -0.409703
v -0.695358 0.066691 -0.384174
v 0.107104 0.151022 0.526597
v -0.984125 -0.566129 -0.585024
v -0.857481 -0.150085 -0.437465
v -0.869908 -0.214978 -0.472611
v -0.883630 -0.674239 -0.499077
v -0.129032 -0.048823 2.000640
v -0.148483 -0.054603 1.986060
v -0.361675 0.740277 -0.323410
v -0.552020 1.250110 -1.112810
v -0.141555 -0.649315 1.576610
v 0.577646 1.123280 -1.612850
v -0.139913 -0.218873 1.590140
v -0.122196 -0.216958 1.513770
v -0.576895 1.251740 -0.269917
v 0.331665 1.463380 -0.127333
v 0.314174 1.396045 -0.217865
v -0.140008 -0.070584 1.946980
v 0.804534 0.505824 -1.940160
v -0.618481 1.525370 -1.109040
v 0.436271 1.352315 -0.020078
v 0.883199 -0.494188 -0.460472
v 0.746527 -0.533659 -0.407634
v 0.305994 1.141110 -0.361749
v 0.738270 -0.582871 -0.356549
v -0.005155 -0.472916 1.615840
v 0.253992 -0.665414 1.785720
v -0.135414 1.847485 0.440528
v -0.365592 0.353410 -1.989020
v 0.062359 -0.239113 1.579370
v -0.488212 1.084490 -0.587303
v 0.054672 -0.985563 1.892760
v 0.763318 0.055684 -0.462192
v 0.602631 0.995490 0.360886
v 0.561776 1.000055 0.421599
v -0.864739 -0.301314 -0.487411
v 0.279279 0.639212 0.572679
v -0.491163 1.227220 -0.286274
v -0.315553 0.329391 -2.038060
v -0.303349 0.334227 -2.032480
v -0.120010 0.325006 -0.403019
v 0.725198 -0.570563 -0.353688
v -0.540599 0.072363 0.210333
v 0.426371 0.668576 -0.447268
v 0.077661 -1.027280 1.808300
v -0.223944 -0.778505 1.766870
v 0.416206 0.549000 -0.165281
v 0.013735 0.112682 1.996280
v -0.525834 0.143104 0.188604
v -0.260272 2.016930 0.004776
v -0.260804 -0.882173 1.789000
v 0.552923 0.834906 -2.015790
v -0.176171 -0.306259 1.610950
v -0.683830 1.240540 -1.586260
v 0.600483 0.628794 0.147600
v 0.879952 0.470114 -1.953110
v -0.210741 2.002160 0.162829
v 0.372688 0.011683 0.421102
v 0.389730 1.549595 0.132693
v 0.458975 0.197311 -0.061561
v 0.495118 0.184069 -0.110410
v 0.984912 -0.514062 -0.563791
v -0.102107 -0.975496 1.853630
v 0.652339 0.743083 -0.715780
v -0.134585 -0.213646 1.853850
v -0.708417 0.724180 -0.083599
v 0.812368 0.822672 -1.947030
v 0.086244 -0.950546 1.872730
v -0.921480 0.323157 -2.038340
v 0.467301 0.514778 0.095470
v -0.206038 -0.163715 1.809310
v -0.156703 1.123000 0.711173
v -0.809187 -0.303437 -0.452461
v 0.887915 -0.559313 -0.474469
v -0.178512 -0.873047 1.513750
v -0.647119 -0.014471 -0.330776
v -0.744672 0.069007 -0.353036
v -0.624104 0.968456 -1.806470
v -0.692082 0.761128 -0.631298
v -0.214459 -0.470018 1.786730
v 0.504892 1.312260 -1.208310
v -0.071734 -0.185399 1.924420
v 0.249981 2.016930 0.004776
v -0.527353 1.238170 0.447062
v 0.825352 0.535988 -2.010440
v 0.040515 2.515070 -0.641347
v -0.809453 -0.007187 -0.372044
v -0.179928 -0.977124 1.774530
v -0.361534 0.498106 -1.942140
v 0.576317 1.208770 -1.474900
v 0.862371 -0.663026 -0.487706
v 0.865573 -0.670905 -0.492696
v -0.080930 1.546785 0.652030
v 0.445615 0.835708 -0.674284
v 0.960347 -0.586072 -0.551719
v 0.968665 -0.576728 -0.529576
v -0.116138 -1.119750 1.734390
v 0.775329 -0.246845 -0.376152
v -0.166390 -0.070950 0.775030
v -0.869172 -0.305137 -0.493242
v -0.696408 1.113420 -1.989880
v -0.747765 0.054736 -0.427078
v -0.119486 -0.993162 1.816320
v -0.903637 0.536622 -1.969870
v 0.601894 1.167140 -1.993650
v -0.661329 1.146880 -1.650840
v -0.883324 0.559200 -1.998570
v 0.721802 1.065160 -0.322448
v 0.774112 0.552239 -1.932600
v 0.779361 0.546578 -1.936950
v 0.169355 -0.977124 1.774530
v -0.072957 -0.239113 1.579660
v -0.005155 -0.349878 0.528501
v -0.273657 1.966160 0.084763
v -0.707377 -0.092130 -0.408572
v -0.891602 0.569785 -1.999350
v 0.032610 -0.275886 1.937270
v -0.005155 -0.253316 1.597040
v 0.446843 1.006630 -1.986100
v -0.742315 -0.623924 -0.379390
v -0.567284 0.873229 -0.859312
v 0.248895 0.230004 -0.189324
v 0.272389 0.219085 -0.100288
v 0.112396 -0.135339 1.991840
v 0.115719 -0.098077 2.000080
v 0.331730 1.715820 0.322932
v -0.735797 -0.593235 -0.356771
v -0.632918 1.166460 -1.039960
v -0.194665 1.834975 0.409135
v -0.896409 -0.481653 -0.490508
v -0.329548 0.302822 -0.005895
v -0.306055 0.313741 -0.094931
v -0.200097 2.052220 0.077409
v -0.752450 -0.582392 -0.390587
v -0.530358 0.537485 0.003366
v -0.459666 0.812786 -1.876810
v 0.760801 0.529124 -1.966470
v 0.784230 0.537942 -1.937330
v 0.709553 0.613968 -1.952400
v 0.852075 0.509995 -1.931830
v -0.642939 1.231250 -1.480460
v 0.045214 -0.662463 1.886430
v 0.827089 -0.228008 -0.380317
v -0.215876 -0.105361 0.030499
v -0.162761 -0.113498 0.004421
v -0.109456 -0.987348 1.863650
v 0.213654 -0.778505 1.766870
v 0.224831 -0.776305 1.781570
v -0.374117 1.678630 0.163735
v -0.749727 -0.613511 -0.375900
v -0.449989 1.029520 -0.600280
v -0.733753 -0.557190 -0.402901
v -0.664367 1.156700 -1.876070
v 0.472379 -0.058161 -0.131635
v -0.073513 0.484919 0.575596
v -0.005155 -1.151500 1.801710
v -0.992709 -0.553845 -0.576094
v -1.000400 -0.554713 -0.560657
v -0.804187 -0.109912 -0.542123
v 0.663426 0.012704 -0.173538
v -0.210110 0.479206 0.554038
v -0.108322 -0.971785 1.873700
v -0.222507 -0.472474 1.756880
v 0.912896 -0.442145 -0.525674
v -0.662994 1.325450 -1.057640
v 0.094447 -0.982322 1.870760
v -0.050934 -0.257603 1.905930
v 0.448035 1.433160 0.214180
v 0.476756 1.375680 0.257003
v -0.682270 1.138260 -1.772120
v 0.485096 1.312640 -1.724910
v 0.949048 -0.577419 -0.562186
v -0.436661 0.668575 -0.447268
v -0.005155 -1.101390 1.830390
v -0.206499 -0.381654 1.698620
v -0.530947 1.388465 -1.451580
v -0.158210 2.251055 -0.260620
v -0.312450 0.394029 -0.118449
v -0.893664 -0.305105 -0.509983
v 0.097347 -0.775731 1.880380
v -0.049321 -0.219148 1.899400
v -0.102064 -0.318442 1.864360
v -0.455815 1.247640 -0.831477
v 0.756274 0.045375 -0.340166
v 0.719963 -0.602559 -0.368148
v -0.515182 1.312260 -1.208310
v -0.359704 1.664335 0.076092
v 0.577817 1.331770 -0.802309
v 0.485346 1.311140 -0.809510
v 0.494986 1.240920 -0.731606
v 0.409007 0.721787 -1.896210
v -0.437707 0.779937 -0.576037
v 0.542197 0.149625 -0.154460
v 0.701897 0.941704 -0.619391
v -0.505408 0.184068 -0.110410
v 0.158181 -0.277630 1.808160
v 0.742634 -0.573483 -0.395729
v 0.864870 -0.313617 -0.506699
v -0.214730 -0.255578 1.700520
v 0.288268 0.422436 -0.185240
v 0.688352 1.327600 -0.957577
v 0.309461 1.663930 0.424544
v 0.126440 0.758059 -0.521357
v 0.181038 0.767714 -0.496644
v -0.185880 -0.666609 1.806690
v -0.193996 -0.776852 1.803030
v 0.744071 -0.604693 -0.375979
v 0.571539 0.640513 -0.614484
v 0.548342 1.554930 -1.066070
v 0.032602 -0.253079 1.913320
v 0.038948 -0.248316 1.905880
v 0.093482 -0.662902 1.867140
v -0.103177 -1.112500 1.818420
v -0.094044 -1.088460 1.824260
v -0.005155 -0.269240 1.599060
v 0.039032 -0.219148 1.899400
v -0.377740 1.610310 0.097681
v -0.112709 -0.245109 1.341110
v 0.042515 -0.205463 1.897660
v -0.841270 -0.104303 -0.484360
v -0.179393 -0.018367 1.566160
v -0.877535 0.374101 -2.019150
v -0.594171 1.118670 -1.642230
v -0.526214 1.124330 -1.645930
v 0.543063 1.284750 -1.751840
v -0.073055 -0.980847 1.888040
v 0.602028 1.366680 -1.702270
v 0.868786 -0.675340 -0.495016
v 0.870105 -0.679065 -0.491928
v -0.089020 -1.075730 1.809970
v -0.043022 -0.261762 1.914560
v 0.048241 -0.334879 1.007750
v 0.560538 0.554537 -0.119648
v -0.073055 -0.975467 1.875900
v -0.077208 -0.960134 1.879660
v -0.981897 -0.582627 -0.538996
v -0.588747 -0.065354 -0.012948
v 0.105835 -1.119750 1.734390
v 0.112562 -1.132590 1.745670
v 0.990111 -0.554713 -0.560657
v 0.984492 -0.569675 -0.545841
v -0.005669 -0.323831 1.147090
v 0.734382 0.069008 -0.353036
v -0.064281 -0.217912 1.893520
v -0.132732 -0.381641 1.815650
v 0.188413 -0.278790 1.772500
v 0.165697 -0.015616 1.899260
v -0.073055 -0.978829 1.883650
v 0.126962 -0.082001 1.320010
v 0.873336 0.439427 -2.008290
v 0.221263 2.034220 0.038376
v 0.802948 -0.059227 -0.527086
v 0.146074 0.076808 1.621030
v 0.260183 -0.773614 1.786000
v 0.276659 -0.773761 1.766130
v 0.203832 -1.076470 1.745220
v 0.686105 0.856948 -1.860420
v 0.462002 0.205908 -0.019757
v -0.104737 -0.982322 1.870760
v 0.070621 1.546785 0.652030
v -0.126012 -0.098077 2.000080
v 0.875075 -0.678931 -0.495835
v 0.525212 1.014260 0.489634
v 0.329039 1.765905 0.194089
v 0.092248 2.437570 -0.712620
v 0.713966 1.041050 -0.474662
v 0.868755 -0.648789 -0.492754
v 0.876683 -0.679160 -0.490197
v 0.467770 0.520762 -1.964540
v 0.990425 -0.606139 -0.578424
v -0.876044 -0.661873 -0.466033
v 0.661822 1.355870 -0.895081
v 0.321629 0.369715 -2.024090
v -0.311629 1.234910 -0.335074
v -0.280654 1.217695 -0.383479
v -0.093137 2.231500 -0.136613
v 0.556974 1.262670 -0.149550
v 0.643117 1.187620 -1.568000
v 0.133987 -0.021163 1.950640
v 0.825013 0.543631 -2.007370
v 0.075418 -0.949770 1.878410
v -0.169278 2.202140 -0.180939
v 0.991834 -0.611247 -0.582701
v 0.989368 -0.573514 -0.568611
v 0.885497 -0.651359 -0.482350
v 0.146014 -0.215606 0.169296
v -0.189452 2.102280 -0.008011
v 0.512460 -0.004041 0.129364
v 0.316255 0.463426 0.494346
v -0.152504 -0.044872 1.483880
v -0.350789 0.339990 -2.029230
v 0.284792 1.454400 0.617195
v 0.213796 1.537835 0.613941
v 0.893416 -0.307257 -0.447632
v 0.706065 -0.553955 -0.386142
v 0.557400 0.824282 -0.838791
v 0.559775 0.782746 -0.810197
v 0.704567 1.212310 -0.925101
v -0.077209 2.286610 -0.618301
v -0.375119 0.351825 -2.008000
v 0.894451 -0.316915 -0.529806
v 0.605044 1.383630 -1.654620
v 0.117214 -0.071259 2.002770
v -0.611173 1.100910 0.358161
v 0.340336 1.054682 -0.303031
v -0.164541 -0.027951 1.541820
v 0.984170 -0.603983 -0.569552
v 0.062765 -0.975467 1.875900
v -0.065360 -0.385879 1.617420
v 0.212338 -0.161598 1.680860
v -0.032997 0.124686 1.982910
v 0.775749 -0.347549 -0.421283
v -0.005155 -0.387810 1.617070
v 0.701293 1.058480 -1.937100
v -0.097604 -0.242223 1.934710
v 0.720586 -0.601089 -0.378448
v -0.258340 2.084875 -0.222449
v 0.032801 2.369510 -0.373528
v 0.387943 0.358094 0.208638
v -0.005155 0.039356 0.607768
v -0.520359 1.443560 -1.201300
v -0.511147 1.393340 -1.278805
v 0.496556 0.540296 -1.952170
v 0.991205 -0.607808 -0.586527
v 0.267224 0.608522 -0.358218
v -0.557957 1.199370 -1.076830
v -0.827780 0.464069 -1.943810
v -0.577554 0.556578 0.100256
v 0.418166 1.223200 0.582620
v -0.226441 1.847090 -0.259863
v -0.168471 -0.277630 1.808160
v -0.090344 -1.027280 1.808300
v 0.199556 -0.063254 1.844960
v 0.301339 1.234910 -0.335074
v 0.188389 -0.259898 1.775670
v 0.379488 0.511664 0.461001
v -0.249621 1.198930 -0.435665
v -0.624576 1.403070 -1.459665
v -0.907700 -0.483445 -0.482034
v -0.914970 -0.481355 -0.472052
v 0.111917 1.975465 0.294332
v -0.231554 2.034220 0.038376
v -0.430945 0.256912 0.222302
v 0.556994 0.873229 -0.859312
v 0.685068 0.066691 -0.384174
v 0.649897 1.148520 0.080243
v 0.611734 0.986881 -0.909965
v 0.209669 0.648710 0.592997
v 0.066918 -0.960134 1.879660
v 0.157481 -0.079585 1.489860
v -0.140835 0.127468 1.876200
v -0.724256 1.041050 -0.474662
v -0.180942 -0.066217 1.553410
v -0.664357 -0.070778 -0.330402
v -0.538868 1.299565 0.167323
v -0.239841 -0.080231 0.560056
v 0.988029 -0.609139 -0.586162
v -0.907229 -0.476304 -0.495838
v -0.927558 -0.394515 -0.441441
v -0.382669 0.455604 0.073347
v 0.148754 -0.095924 1.406020
v -0.045417 -0.993744 1.895990
v 0.349415 1.664335 0.076092
v -0.383055 0.219882 0.110614
v -0.090999 -0.560489 1.868630
v 0.412820 0.467723 -1.948690
v 0.405218 0.536635 -1.929190
v 0.780067 -0.337924 -0.419808
v 0.759281 -0.529573 -0.363775
v -0.761209 0.070075 -0.392231
v -0.371508 0.635061 -2.001060
v -0.477619 1.065030 -0.884871
v -0.141078 -0.022604 1.981560
v -0.319615 0.627516 -0.250736
v 0.755959 0.932357 -1.930470
v 0.729062 0.062588 -0.409703
v -0.247320 1.820780 0.382433
v -0.413245 1.386450 -0.019723
v -0.745996 -0.621073 -0.376697
v 0.534096 1.331710 -1.727530
v 0.845835 -0.634065 -0.474511
v 0.851690 -0.644556 -0.478378
v -0.570065 0.782746 -0.810197
v 0.694091 0.712373 -0.483757
v 0.081762 -0.965556 1.501970
v -0.506614 0.529204 0.040801
v 0.304310 1.030801 -0.380084
v -0.889601 -0.528596 -0.471395
# 4500 vertices, 0 vertices normals

f 1 2 3
f 4 5 6
f 7 8 9
f 10 11 12
f 14 13 15
f 18 17 16
f 21 20 19
f 23 22 24
f 25 26 27
f 30 29 28
f 32 31 33
f 34 35 36
f 39 38 37
f 40 41 42
f 43 44 45
f 1 3 46
f 49 48 47
f 50 51 52
f 53 54 55
f 56 57 58
f 61 60 59
f 62 63 64
f 67 66 65
f 69 68 70
f 73 72 71
f 74 75 76
f 77 78 79
f 82 81 80
f 83 84 85
f 88 87 86
f 90 89 91
f 92 93 94
f 95 96 97
f 100 99 98
f 103 102 101
f 106 105 104
f 108 107 109
f 110 111 112
f 115 114 113
f 116 117 118
f 121 120 119
f 122 123 124
f 125 126 127
f 129 128 130
f 133 132 131
f 135 134 136
f 139 138 137
f 140 141 142
f 143 144 145
f 146 147 148
f 150 149 151
f 152 153 154
f 155 157 156
f 159 158 160
f 162 161 163
f 104 164 106
f 165 167 166
f 168 169 170
f 171 173 172
f 174 175 176
f 179 178 177
f 182 181 180
f 184 183 185
f 187 186 188
f 189 190 191
f 192 193 194
f 197 196 195
f 198 199 200
f 201 203 202
f 205 204 206
f 207 209 208
f 210 211 212
f 123 213 214
f 215 216 217
f 218 219 220
f 222 221 40
f 223 224 225
f 228 227 226
f 229 230 231
f 232 234 233
f 237 236 235
f 239 238 240
f 242 241 243
f 246 245 244
f 247 249 248
f 251 250 252
f 254 253 255
f 256 257 258
f 259 261 260
f 262 263 264
f 265 266 267
f 268 270 269
f 271 273 272
f 276 275 274
f 278 277 279
f 282 281 280
f 285 284 283
f 287 286 288
f 289 290 291
f 293 292 294
f 296 295 297
f 300 299 298
f 302 301 303
f 177 304 139
f 307 306 305
f 308 309 310
f 312 311 313
f 314 315 316
f 317 319 318
f 320 321 322
f 323 324 325
f 328 327 326
f 329 330 331
f 209 207 332
f 333 334 335
f 337 336 338
f 339 340 341
f 343 342 344
f 345 346 347
f 348 350 349
f 351 352 353
f 355 354 356
f 359 358 357
f 360 361 362
f 365 364 363
f 367 366 47
f 368 369 370
f 371 373 372
f 375 374 376
f 379 378 377
f 381 380 382
f 385 384 383
f 387 386 388
f 26 389 27
f 390 391 392
f 395 394 393
f 397 396 398
f 400 399 401
f 403 402 404
f 405 406 407
f 408 409 62
f 410 411 412
f 414 413 415
f 416 417 418
f 420 419 336
f 421 280 422
f 423 339 341
f 424 425 426
f 429 428 427
f 431 430 432
f 435 434 433
f 437 436 438
f 440 226 439
f 442 441 443
f 446 445 444
f 449 448 447
f 450 202 451
f 452 195 453
f 456 455 454
f 458 457 459
f 460 462 461
f 463 464 465
f 466 468 467
f 470 469 471
f 473 472 474
f 476 475 477
f 480 479 478
f 103 481 482
f 483 485 484
f 486 487 488
f 489 490 491
f 418 492 493
f 187 494 186
f 495 497 496
f 500 499 498
f 501 503 502
f 98 505 504
f 508 507 506
f 511 510 509
f 512 513 514
f 516 515 517
f 518 231 519
f 521 520 522
f 523 525 524
f 527 526 528
f 530 529 531
f 532 533 534
f 535 536 537
f 538 540 539
f 541 542 543
f 544 545 546
f 548 547 549
f 344 550 323
f 552 158 551
f 553 555 554
f 506 556 557
f 558 560 559
f 561 562 563
f 566 565 564
f 568 567 569
f 570 571 530
f 5 572 6
f 546 573 544
f 574 575 576
f 577 579 578
f 150 580 149
f 582 581 583
f 584 585 586
f 587 538 588
f 589 591 590
f 564 593 592
f 173 171 594
f 595 597 596
f 598 599 600
f 272 602 601
f 603 604 605
f 606 607 608
f 609 611 610
f 614 613 612
f 616 615 617
f 620 619 618
f 623 622 621
f 624 626 625
f 628 627 629
f 632 631 630
f 633 634 284
f 636 635 637
f 226 638 439
f 639 640 641
f 643 642 12
f 644 645 646
f 649 648 647
f 650 651 652
f 653 654 655
f 658 657 656
f 112 111 659
f 467 660 466
f 661 499 662
f 663 665 664
f 668 667 666
f 670 669 671
f 167 165 672
f 673 674 130
f 176 675 676
f 677 678 679
f 682 681 680
f 683 684 685
f 686 687 688
f 391 689 690
f 691 693 692
f 694 695 696
f 311 697 698
f 700 699 701
f 702 704 703
f 705 706 707
f 708 710 709
f 711 712 713
f 714 715 90
f 718 717 716
f 719 556 720
f 721 723 722
f 724 726 725
f 729 728 727
f 732 731 730
f 735 734 733
f 738 737 736
f 278 739 277
f 741 740 661
f 742 744 743
f 745 746 747
f 749 748 750
f 529 751 752
f 755 754 753
f 758 757 756
f 759 761 760
f 762 764 763
f 767 766 765
f 769 768 770
f 359 357 771
f 774 773 772
f 775 776 449
f 777 779 778
f 780 781 61
f 783 782 784
f 787 786 785
f 789 788 698
f 790 791 792
f 793 794 795
f 315 796 797
f 799 798 515
f 737 800 736
f 801 803 802
f 805 804 806
f 807 808 250
f 811 810 809
f 813 812 814
f 815 816 817
f 818 820 819
f 821 822 823
f 825 824 790
f 827 809 826
f 830 829 828
f 831 832 833
f 835 834 330
f 838 837 836
f 255 643 12
f 111 839 659
f 841 840 842
f 843 844 845
f 846 847 98
f 356 849 848
f 70 68 850
f 852 851 853
f 856 855 854
f 857 859 858
f 860 861 862
f 864 863 865
f 866 867 868
f 870 869 751
f 871 872 873
f 246 874 875
f 878 877 876
f 880 879 881
f 177 139 882
f 883 884 885
f 888 887 886
f 889 890 891
f 893 892 894
f 895 896 897
f 898 899 900
f 153 902 901
f 904 903 905
f 906 907 908
f 909 48 910
f 913 912 911
f 916 915 914
f 917 919 918
f 195 921 920
f 259 922 923
f 926 925 924
f 928 927 929
f 930 932 931
f 930 933 457
f 934 935 936
f 937 938 939
f 940 941 942
f 943 944 945
f 946 351 525
f 947 949 948
f 950 951 952
f 471 954 953
f 955 956 957
f 331 958 959
f 158 960 551
f 962 961 963
f 966 965 964
f 705 967 968
f 507 970 969
f 971 972 973
f 975 974 976
f 977 979 978
f 980 148 981
f 982 983 984
f 987 986 985
f 988 989 664
f 990 992 991
f 519 993 994
f 995 996 174
f 207 997 998
f 999 1000 1001
f 334 1002 1003
f 1005 1004 1006
f 1007 1008 1009
f 1011 1010 69
f 1012 1013 1014
f 1015 1017 1016
f 1018 557 1019
f 1022 1021 1020
f 1024 1023 1025
f 1026 1027 1028
f 1029 1030 1031
f 1034 1033 1032
f 1036 1035 1037
f 1038 1039 1040
f 1041 1042 489
f 1043 1045 1044
f 1048 1047 1046
f 634 1050 1049
f 1052 1051 703
f 551 1038 1053
f 1054 569 1055
f 1057 1056 1058
f 1059 1061 1060
f 1062 23 24
f 1063 1064 1065
f 1067 1066 1068
f 1070 1069 1071
f 1072 1073 1074
f 1075 1077 1076
f 1078 1079 1080
f 437 1081 436
f 1082 1083 1084
f 1079 1085 282
f 1086 1087 1088
f 1089 1090 1091
f 483 1092 1093
f 1094 1095 1096
f 1097 1098 729
f 1099 1100 1101
f 1102 1103 292
f 1106 1105 1104
f 1109 1108 1107
f 1111 1110 1112
f 1113 1114 1115
f 994 993 1116
f 304 138 139
f 1118 1117 1119
f 1120 1121 1122
f 1123 1124 25
f 1126 1125 1127
f 1130 1129 1128
f 1131 1132 1133
f 1134 1135 1136
f 1138 1137 1139
f 1141 113 1140
f 1143 1142 1000
f 1144 1145 1146
f 1147 1148 1149
f 1150 1151 1152
f 1153 1154 283
f 1157 1156 1155
f 1159 557 1158
f 1160 1161 1162
f 1163 1165 1164
f 1167 1166 1168
f 1169 1171 1170
f 1172 192 1173
f 1174 848 1175
f 1177 1176 1178
f 1179 544 1180
f 218 1182 1181
f 1183 1184 1185
f 1186 1187 220
f 1188 251 252
f 1189 1191 1190
f 1192 1193 1194
f 1195 1196 1197
f 797 316 315
f 1199 1198 1186
f 180 1200 1201
f 1204 1203 1202
f 46 3 1205
f 1208 1207 1206
f 1209 25 1210
f 1211 1212 1213
f 1214 1215 1216
f 1217 1218 1219
f 1220 1150 1221
f 1223 1222 1224
f 208 209 1225
f 1226 182 1227
f 1229 1228 1230
f 1232 1231 1233
f 1234 488 487
f 1235 308 310
f 1237 1220 1236
f 1240 1239 1238
f 1243 1242 1241
f 460 650 1244
f 1245 1246 1247
f 1249 591 1248
f 1251 1250 1252
f 922 1254 1253
f 1255 1256 1257
f 1258 1260 1259
f 20 1261 19
f 106 164 1262
f 1265 1264 1263
f 1266 273 271
f 1267 1115 885
f 953 1268 471
f 1269 1270 1271
f 1272 1274 1273
f 1070 1275 1069
f 41 1276 778
f 1277 1279 1278
f 1282 1281 1280
f 1284 1283 1285
f 1030 1029 1286
f 1287 1288 1289
f 1290 1291 1292
f 1293 1295 1294
f 1296 1297 1298
f 51 50 1299
f 1301 82 1300
f 1285 1303 1302
f 1304 1306 1305
f 1307 1011 69
f 1308 172 173
f 1309 1310 1311
f 1312 1313 888
f 1314 924 1315
f 1316 1317 1318
f 1319 1320 1321
f 1322 1323 1324
f 922 1253 1325
f 1326 1327 1328
f 1331 1330 1329
f 1332 1333 1334
f 1336 1335 1126
f 272 1337 602
f 1338 1340 1339
f 1192 1194 1172
f 1341 326 1342
f 1106 1343 1344
f 639 641 122
f 1345 1346 453
f 238 338 1347
f 1348 337 338
f 1350 1349 1326
f 1081 370 814
f 1351 1352 1353
f 1354 1356 1355
f 1357 342 343
f 1360 1359 1358
f 467 1361 660
f 1362 295 971
f 837 1363 1364
f 1366 1365 1367
f 1368 1370 1369
f 1371 1372 1373
f 1204 1374 1375
f 521 1377 1376
f 1378 1379 873
f 475 476 1298
f 1380 676 675
f 924 925 1381
f 1382 1383 1384
f 198 1385 225
f 608 607 1386
f 1387 1388 972
f 1389 1390 1391
f 1392 1393 1394
f 1396 496 1395
f 1397 1399 1398
f 169 1400 235
f 1401 1402 805
f 1404 50 1403
f 73 71 1405
f 1406 1407 1408
f 1075 1409 1410
f 1411 1412 1413
f 8 1415 1414
f 1416 1418 1417
f 1421 1420 1419
f 1423 1422 1424
f 1426 1425 911
f 202 450 201
f 1427 1428 1429
f 522 520 1430
f 215 774 1431
f 1434 1433 1432
f 1437 1436 1435
f 1439 1438 1440
f 1442 232 1441
f 495 1443 1444
f 1447 1446 1445
f 1448 1301 1449
f 1450 1451 1452
f 1143 1453 1454
f 1455 858 859
f 1456 919 1457
f 848 849 1045
f 1458 1459 258
f 548 1461 1460
f 593 1462 592
f 1465 1464 1463
f 1468 1467 1466
f 142 1469 1470
f 1472 1471 649
f 1473 1316 1474
f 1475 362 815
f 1389 1476 1390
f 1477 1478 1479
f 959 958 1480
f 1481 1483 1482
f 1003 1484 1485
f 1487 1486 1488
f 1490 1169 1489
f 1491 1492 1493
f 272 601 271
f 543 1495 1494
f 1496 1497 410
f 1498 1499 1500
f 1503 1502 1501
f 1504 595 1505
f 1506 1508 1507
f 1509 1510 1511
f 1512 1513 1283
f 1514 1403 1234
f 1516 1515 1047
f 1517 591 1249
f 1518 879 1519
f 1522 1521 1520
f 1523 110 1524
f 1525 779 1526
f 1527 1528 1529
f 1530 1037 1434
f 1533 1532 1531
f 1536 1535 1534
f 1537 1538 1369
f 1539 1517 1249
f 295 1387 971
f 766 767 1540
f 670 1542 1541
f 1545 1544 1543
f 1546 1353 1352
f 1547 1548 1549
f 1550 1551 1552
f 1554 600 1553
f 1555 107 1556
f 1558 1557 1559
f 1560 1561 1562
f 971 973 1563
f 1564 1566 1565
f 1567 1568 1569
f 1570 83 1571
f 1572 1084 1573
f 1575 1574 1576
f 1579 1578 1577
f 1580 1581 108
f 1582 43 45
f 1583 1585 1584
f 1351 1586 1352
f 1588 1587 1589
f 1592 1591 1590
f 1594 1593 1595
f 410 1596 411
f 1597 1599 1598
f 1600 1601 1602
f 604 1068 605
f 349 1603 348
f 1605 1604 1606
f 1607 1608 1609
f 1610 1387 1116
f 1611 1219 1218
f 104 1612 1613
f 1614 1615 1616
f 1617 535 1618
f 1441 1620 1619
f 1006 1621 1622
f 1623 1625 1624
f 1628 1627 1626
f 1629 1630 1631
f 1632 1538 1633
f 1636 1635 1634
f 1637 1638 1382
f 1639 1640 1641
f 1642 1643 786
f 1645 1644 1646
f 1647 1648 993
f 1649 299 890
f 1650 1545 1651
f 1653 1652 1654
f 1656 1655 1657
f 1658 24 1659
f 1660 1661 1662
f 1664 1663 686
f 1666 1665 329
f 1667 1668 1669
f 1671 151 1670
f 1674 1673 1672
f 1675 1676 1677
f 1113 1678 1679
f 1680 141 1681
f 1682 1684 1683
f 1686 1685 1687
f 1688 1689 1690
f 1691 636 637
f 1411 1692 1412
f 153 901 1693
f 1644 1694 1695
f 1697 1696 811
f 1698 1424 844
f 1699 219 1181
f 1700 1701 1702
f 1703 1704 1705
f 1706 1707 1708
f 1709 1307 1710
f 1711 1713 1712
f 1714 1715 1716
f 1719 1718 1717
f 1720 443 1721
f 1722 702 1723
f 1087 1724 1725
f 1726 160 1727
f 1728 414 415
f 1729 1731 1730
f 1732 1607 1733
f 1734 1504 1735
f 1736 1737 1738
f 1740 1739 1741
f 1742 1743 679
f 380 1744 1275
f 1622 1745 1006
f 1746 1606 1747
f 1749 1748 1647
f 280 421 1750
f 203 201 1751
f 1753 206 1752
f 1754 1755 799
f 163 1756 769
f 1452 1757 1758
f 1759 563 562
f 1031 1761 1760
f 755 1762 1763
f 1764 1357 343
f 1766 1765 321
f 1767 1769 1768
f 1770 1771 816
f 683 1773 1772
f 1775 1774 1776
f 662 1778 1777
f 1781 1780 1779
f 1783 482 1782
f 87 88 1712
f 1786 1785 1784
f 783 1335 1787
f 1046 1788 1789
f 1341 1790 326
f 1791 1792 1793
f 582 1794 581
f 465 1795 463
f 1796 1797 1798
f 1799 1514 1800
f 1801 443 441
f 1802 905 1803
f 1804 1242 1805
f 326 327 1342
f 1113 1806 1114
f 1807 1808 1809
f 1811 1526 1810
f 945 1813 1812
f 1814 740 1552
f 710 86 1815
f 1817 1816 211
f 976 1818 975
f 1819 1820 1821
f 62 1822 63
f 1823 1281 1824
f 1825 1826 1827
f 1828 1830 1829
f 1832 1831 479
f 1833 1834 1835
f 1838 1837 1836
f 1841 1840 1839
f 1366 1843 1842
f 1844 90 91
f 1845 1847 1846
f 1848 1850 1849
f 1851 1853 1852
f 686 1663 687
f 1189 1854 1855
f 1856 1857 1858
f 1471 1859 1860
f 1609 1861 1862
f 626 1863 1864
f 1866 1865 1867
f 1868 17 18
f 1870 1869 1871
f 1872 666 667
f 1479 1873 1477
f 448 1875 1874
f 1593 1594 1876
f 1764 343 1877
f 111 1879 1878
f 1882 1881 1880
f 1701 1883 1702
f 1885 1884 1886
f 717 1887 716
f 1888 1132 1131
f 525 351 353
f 1665 835 329
f 1889 635 1890
f 1892 1891 1893
f 931 932 1894
f 1541 1895 1896
f 956 1898 1897
f 296 994 295
f 1901 1900 1899
f 1902 1903 1904
f 1034 1032 1905
f 1296 199 1297
f 1627 1906 1907
f 1308 1908 1400
f 1909 1910 1911
f 590 1912 589
f 1913 1914 1915
f 1073 1916 1665
f 1918 1917 1524
f 1919 1921 1920
f 1923 1922 721
f 1924 360 1925
f 1414 1415 1926
f 282 1928 1927
f 1903 1929 1904
f 1431 1931 1930
f 1237 1849 1850
f 1934 1933 1932
f 1936 1935 1099
f 1937 1938 493
f 1941 1940 1939
f 1943 1942 1933
f 1944 1945 1946
f 1947 1498 1948
f 1950 1949 1951
f 1954 1953 1952
f 1955 1821 1956
f 848 1957 1160
f 1958 1959 194
f 400 875 399
f 1459 1458 1960
f 1783 1961 1962
f 1965 1964 1963
f 1968 1967 1966
f 1101 1100 1573
f 101 1969 1970
f 1435 1971 1972
f 1633 1974 1973
f 928 1976 1975
f 1268 1519 471
f 1064 1977 1978
f 1979 1980 1981
f 1982 846 1983
f 1104 1984 1985
f 348 1603 1986
f 1988 893 1987
f 1989 1990 792
f 1991 1992 13
f 756 1993 1994
f 1995 7 1996
f 1997 1438 469
f 882 1998 1999
f 656 657 2000
f 1095 2001 637
f 116 2002 2003
f 1268 953 1191
f 1706 2005 2004
f 2007 2006 2008
f 2009 2011 2010
f 2012 1763 2013
f 2014 2015 1997
f 2016 819 2017
f 78 2018 79
f 825 648 55
f 1267 2019 1500
f 2020 1195 2021
f 248 2022 247
f 1274 2023 2024
f 2025 855 856
f 785 1933 2026
f 2028 2027 2029
f 1870 2031 2030
f 1885 1934 1884
f 2032 2033 2034
f 2035 1967 2036
f 1049 2037 2038
f 2040 1197 2039
f 2042 2041 2043
f 2044 2045 2046
f 2047 2048 2049
f 2050 2051 2027
f 190 189 674
f 502 2052 501
f 739 2053 2054
f 2055 2057 2056
f 2058 2060 2059
f 2061 2062 2063
f 1138 1684 2064
f 2065 1122 2066
f 2067 2068 2069
f 1286 1029 2070
f 278 2071 2072
f 2075 2074 2073
f 2076 2077 2078
f 2079 1229 1230
f 1485 2081 2080
f 2082 2083 2084
f 2086 1247 2085
f 2087 2088 763
f 1232 2070 1231
f 2090 1611 2089
f 2091 397 398
f 1360 2092 1015
f 2093 2094 2095
f 1709 1142 1838
f 2096 19 2050
f 1087 1086 143
f 605 1068 2097
f 2098 1108 67
f 2099 685 684
f 1118 2100 1560
f 2101 2102 2103
f 2104 1507 1508
f 2105 1802 1892
f 2106 1555 641
f 4 2107 5
f 2109 2108 2110
f 2111 2112 2113
f 1380 995 676
f 2114 671 1694
f 2116 2115 2117
f 1900 2118 1899
f 2119 2120 2121
f 2123 2122 2124
f 2125 1104 600
f 385 2126 2127
f 2129 2128 2130
f 128 2131 2132
f 2133 2134 2011
f 2136 2135 2137
f 2138 2139 624
f 616 617 2140
f 2141 2143 2142
f 2144 1749 2145
f 985 2146 1570
f 2147 2148 1459
f 2149 1417 1418
f 1616 1615 632
f 2150 1312 886
f 1489 2151 733
f 1054 568 569
f 2152 1207 2153
f 450 2154 2155
f 2156 51 1299
f 1082 1376 1377
f 2158 1867 2157
f 2134 2133 590
f 1529 2160 2159
f 838 797 796
f 2161 943 945
f 2163 2162 2164
f 2054 2165 2166
f 2167 1866 1867
f 2169 2168 2170
f 1128 2171 755
f 2172 685 2173
f 2174 2175 683
f 2176 2177 2178
f 2179 2180 2181
f 2182 2070 1029
f 2185 2184 2183
f 2186 1893 2187
f 2188 575 2189
f 2190 1601 2191
f 2194 2193 2192
f 876 1054 2100
f 256 258 1459
f 122 124 2195
f 2138 2197 2196
f 2199 2198 2200
f 2201 352 2202
f 1498 1500 1948
f 608 1386 2203
f 2204 1778 2205
f 1444 2206 495
f 1185 2207 1183
f 301 302 2208
f 2209 2210 2211
f 2212 2213 995
f 2214 2215 2216
f 817 2217 815
f 1595 2218 1594
f 1845 2219 2220
f 2223 2222 2221
f 1941 2224 2225
f 2226 2228 2227
f 475 175 477
f 2229 2231 2230
f 2232 240 1791
f 2233 2234 1668
f 937 939 2235
f 2236 2237 2238
f 2239 1305 2240
f 1352 1586 1824
f 806 804 405
f 2241 784 2242
f 2243 2244 2245
f 2246 2247 2248
f 1763 1128 755
f 1865 2249 2250
f 1685 2251 915
f 2252 335 334
f 752 2253 2254
f 2255 937 2235
f 2256 2257 2258
f 1313 2260 2259
f 1393 2261 2262
f 2263 2264 2265
f 2266 1580 2267
f 2241 783 784
f 2268 368 2269
f 2271 2270 2272
f 86 2273 1477
f 452 2275 2274
f 2277 2276 1290
f 2278 2279 2280
f 2281 2282 2283
f 2284 2285 2286
f 2287 2289 2288
f 1871 1869 983
f 260 2290 2291
f 1217 2293 2292
f 623 621 2294
f 2295 2297 2296
f 2298 2299 2300
f 2301 665 2128
f 2303 2302 2304
f 2305 185 2180
f 2306 542 1674
f 2307 2308 593
f 2309 1121 1120
f 2126 1254 260
f 1838 2311 2310
f 2312 2313 2314
f 2315 1209 1210
f 700 2316 699
f 2317 247 2022
f 2318 2319 2320
f 2322 2321 2323
f 2322 2324 2321
f 2326 2325 39
f 2328 777 2327
f 4 6 2329
f 1457 1715 792
f 1692 2330 1412
f 2331 2332 2333
f 1549 2334 541
f 1087 143 1724
f 2335 2336 1129
f 2337 1490 2338
f 2340 2339 1629
f 1418 2341 2149
f 629 2343 2342
f 2344 2346 2345
f 1303 1431 774
f 404 402 2347
f 2348 1477 1873
f 1058 947 2349
f 2351 2350 2048
f 875 2352 399
f 1365 1871 982
f 2112 2111 2353
f 2354 674 189
f 1066 2355 2356
f 2357 1925 2358
f 2360 2359 2361
f 2363 2362 2364
f 2365 1780 1781
f 1754 1907 1906
f 2366 2367 1743
f 2368 2369 2370
f 2253 752 751
f 2371 1915 717
f 2374 2373 2372
f 2375 922 1325
f 2376 1405 2377
f 2378 2380 2379
f 2382 2381 2383
f 754 2384 753
f 1378 2386 2385
f 2159 2387 1527
f 958 2243 1480
f 2389 2388 1897
f 2390 2042 2043
f 1496 2391 1378
f 221 2393 2392
f 2394 2395 2396
f 2398 2397 1468
f 1950 2399 1949
f 2401 2400 1341
f 2402 2403 2404
f 2405 2406 2407
f 2029 2408 1035
f 2411 2410 2409
f 2011 2009 2133
f 2412 1658 2413
f 208 2414 207
f 631 2415 630
f 2417 399 2416
f 2418 2419 1215
f 82 2420 81
f 2421 1996 2422
f 1118 1560 1117
f 2423 2424 2425
f 1020 2426 168
f 1414 2427 8
f 2428 2429 2430
f 1846 300 1845
f 2431 2433 2432
f 2434 2436 2435
f 2149 341 1417
f 2285 889 891
f 2180 2437 2438
f 912 913 596
f 790 2439 791
f 2440 1955 1614
f 2081 1485 1484
f 2158 2441 2442
f 2065 1858 2401
f 1068 1066 2443
f 2444 968 2445
f 2446 2447 398
f 710 1815 43
f 1440 2448 1439
f 2110 2108 1502
f 2450 2449 2451
f 2387 2452 1856
f 656 1149 2453
f 2454 2455 345
f 2457 2040 2456
f 2254 2458 616
f 381 2460 2459
f 850 1706 2461
f 715 297 1362
f 2463 2462 2141
f 2465 2464 2031
f 2466 560 558
f 1893 1891 2432
f 2468 2467 2469
f 2470 1307 2471
f 2472 2442 2441
f 2473 2474 1463
f 2224 1127 2475
f 2476 2477 2478
f 695 2479 728
f 1225 2295 208
f 2481 2480 2482
f 1571 85 1466
f 1155 2483 2484
f 2485 2486 2487
f 2228 2488 960
f 2080 1063 2489
f 2093 2491 2490
f 2492 764 2493
f 2495 2494 534
f 2497 2496 1103
f 2498 290 289
f 1165 1163 911
f 1160 1175 848
f 2500 2499 586
f 1535 2501 1534
f 320 2502 2503
f 341 340 1417
f 2506 2505 2504
f 603 2507 604
f 603 605 2508
f 2509 119 120
f 1290 218 2510
f 2314 2313 906
f 2511 769 770
f 1282 1824 1281
f 1257 2512 1393
f 1133 2514 2513
f 1075 2511 1653
f 1589 2516 2515
f 2517 2518 2519
f 1412 390 2520
f 2522 2521 228
f 2523 2524 2525
f 2526 2528 2527
f 2529 1690 2530
f 2531 46 1476
f 2183 2532 2185
f 577 2533 2534
f 779 777 2328
f 2535 17 632
f 1197 2040 2536
f 851 2537 2538
f 16 2535 53
f 2539 2540 2541
f 1494 1495 2542
f 2543 1476 2464
f 2544 2460 2545
f 1583 1667 2546
f 2189 1511 2547
f 2548 1611 2549
f 930 332 933
f 2550 1641 2551
f 582 2553 2552
f 2079 2554 1229
f 2555 2556 2431
f 618 2557 1232
f 2558 1187 2559
f 1453 1143 999
f 2560 155 2561
f 2564 2563 2562
f 283 284 2038
f 809 1732 826
f 800 737 2565
f 1526 2566 1525
f 2197 2138 625
f 465 2567 1795
f 2568 1018 2569
f 1078 1085 1079
f 2388 2533 577
f 2570 849 356
f 2180 185 2437
f 2235 939 2571
f 1527 2572 1528
f 2573 367 2560
f 2574 2575 2576
f 2014 1997 469
f 2577 2578 2041
f 1213 2579 1591
f 1248 2505 2580
f 984 350 1624
f 2581 2583 2582
f 780 2584 2543
f 2586 2085 2585
f 1021 2587 1020
f 1789 1788 2588
f 2313 2312 2589
f 2590 2591 1473
f 2593 2592 2594
f 2595 2596 2597
f 2599 2598 1764
f 2600 2275 2601
f 2604 2603 2602
f 553 2605 34
f 2607 2606 2053
f 2608 2081 2473
f 2609 1532 1533
f 2610 2611 1649
f 937 2612 1478
f 1267 2613 1115
f 532 2614 2615
f 1626 1907 520
f 1811 1585 1883
f 2616 2618 2617
f 2173 829 2172
f 2619 2620 2621
f 2430 1005 2622
f 2623 2624 1163
f 2626 2361 2625
f 2627 2629 2628
f 2630 2558 2631
f 967 2632 968
f 2633 1269 1271
f 1630 2634 2346
f 525 2635 524
f 1815 2636 44
f 2279 2637 2638
f 2640 2639 2641
f 2571 2642 361
f 702 1722 2643
f 1840 2644 1674
f 2060 2058 1971
f 2645 1174 2646
f 2647 2648 611
f 2649 1774 998
f 2650 2651 1832
f 2652 375 2653
f 2654 197 195
f 1560 1562 1117
f 2351 2656 2655
f 2659 2658 2657
f 2660 2591 2590
f 53 2661 54
f 2662 1452 1451
f 439 2663 431
f 44 43 1815
f 2158 2157 2378
f 2664 2665 462
f 2666 151 1671
f 1201 2667 180
f 979 2669 2668
f 134 2671 2670
f 223 225 2672
f 1213 2673 2579
f 427 2674 1843
f 801 1913 2675
f 2676 805 806
f 776 775 291
f 68 1708 1707
f 1554 1730 1731
f 2678 2677 2679
f 267 2680 265
f 2681 951 950
f 2682 1464 941
f 2683 1190 2684
f 2685 2686 2687
f 1955 1956 1614
f 1295 2688 2689
f 2690 2691 1768
f 2692 2583 2499
f 2693 2695 2694
f 2168 2696 2697
f 2683 2684 2698
f 2701 2700 2699
f 2151 2702 2703
f 671 669 2704
f 1965 1963 2705
f 2039 2706 2660
f 2597 2707 2708
f 159 688 158
f 2709 744 2710
f 2407 2711 2142
f 2712 2044 2046
f 2713 2706 1196
f 2714 701 2517
f 2715 693 2716
f 2717 2718 705
f 1703 2719 2720
f 2528 2526 2549
f 934 936 2721
f 1329 2722 579
f 2723 2127 2291
f 2724 1382 1384
f 2450 1112 2449
f 2725 2008 2440
f 1480 2243 2726
f 1779 932 1717
f 705 707 2717
f 2727 620 1492
f 2728 2729 2730
f 2731 2701 2699
f 2732 993 1648
f 1431 216 215
f 187 188 2733
f 2734 2735 2736
f 2738 2737 2739
f 2116 1003 1485
f 1369 2740 1368
f 1802 2105 2741
f 2742 1250 1251
f 2743 2615 2614
f 1109 2744 2251
f 2745 2746 2747
f 2551 2113 2112
f 1340 1050 2748
f 332 207 998
f 736 2749 33
f 2750 1540 2710
f 1555 2106 107
f 854 2390 2751
f 1040 1039 2752
f 2753 1961 2179
f 2277 2754 2630
f 2755 1241 2756
f 2757 2758 2759
f 2434 2760 2761
f 2762 2764 2763
f 2048 2765 2049
f 218 1181 219
f 2767 1065 2766
f 2768 2322 2323
f 1049 2770 2769
f 2772 2771 1222
f 2710 1540 2773
f 2748 1050 634
f 883 2473 884
f 203 1751 682
f 1617 587 2090
f 2774 2339 2340
f 1454 684 2775
f 1221 1150 2776
f 2777 2778 2576
f 2023 1058 2024
f 1461 2779 1460
f 2780 1881 1926
f 2781 923 2782
f 1077 1075 1653
f 1341 1342 2783
f 1294 2365 2784
f 2113 2785 2786
f 2787 1348 239
f 2139 2789 2788
f 351 2790 2791
f 206 1753 2792
f 2793 2424 2794
f 2795 2394 2796
f 2407 2406 2797
f 2798 2799 1279
f 41 2800 1276
f 1670 2801 672
f 2802 561 2803
f 1606 1604 807
f 2804 2805 2806
f 2807 2254 2808
f 575 2809 2189
f 743 2709 2810
f 307 305 2811
f 2813 2812 2177
f 2815 2232 2814
f 2817 2816 2818
f 2735 2181 1720
f 2820 2819 1912
f 2821 1595 1729
f 2822 2823 406
f 2643 1722 1512
f 551 960 2824
f 2825 1675 2395
f 631 2826 2827
f 2828 191 2521
f 2101 2601 2829
f 2727 1492 1491
f 2832 2831 2830
f 952 2833 2834
f 2835 2662 1451
f 1775 459 1774
f 2617 2618 2699
f 1189 2836 2837
f 462 460 1244
f 2838 811 827
f 457 2840 2839
f 2843 2842 2841
f 2764 2845 2844
f 648 825 647
f 1726 2847 2846
f 2022 1848 2317
f 2849 2848 2192
f 776 2498 2850
f 2852 2206 2851
f 320 2853 2854
f 326 1790 1857
f 2855 1224 2560
f 2513 2857 2856
f 949 947 2858
f 1996 655 1995
f 2860 2859 1542
f 2861 2862 2863
f 2864 677 75
f 1358 2866 2865
f 1643 2867 2868
f 601 217 271
f 2869 2650 2870
f 1899 2624 2871
f 1258 2872 1198
f 2442 2472 1669
f 2873 2238 576
f 1773 683 685
f 148 2874 2875
f 1878 222 839
f 2876 754 2171
f 2637 758 2877
f 1180 513 2878
f 2879 2758 2880
f 399 2352 2416
f 2882 2881 2883
f 2884 979 977
f 2886 2885 289
f 2657 2658 2887
f 2888 2889 2109
f 1805 1242 1243
f 1001 700 2714
f 1839 2890 732
f 1970 2436 184
f 2891 234 1442
f 2892 2564 2893
f 2413 1658 2894
f 2897 2896 2895
f 2573 2898 2899
f 2900 2901 2650
f 2902 269 270
f 2903 564 592
f 713 2904 2905
f 980 981 2906
f 2909 2908 2907
f 1035 2057 2055
f 1929 1026 2910
f 428 1366 1367
f 309 2469 2911
f 2236 707 706
f 2913 2912 810
f 2316 700 2914
f 2843 2841 2915
f 16 1031 2916
f 186 494 2698
f 2918 803 2917
f 2356 2919 1797
f 844 843 1698
f 368 2920 369
f 2921 2922 2923
f 2484 2924 2925
f 2926 2927 2928
f 1593 2929 1595
f 2932 2931 2930
f 1462 1203 1204
f 2933 2934 2935
f 2936 114 115
f 2527 2272 2526
f 2234 2937 1669
f 2938 2940 2939
f 1573 996 2941
f 2303 2942 1890
f 2943 1309 197
f 2944 2605 553
f 2946 2945 2947
f 2948 508 2568
f 1792 238 1347
f 149 1656 1657
f 2010 747 2009
f 2393 221 222
f 2950 2949 2951
f 2953 2952 2954
f 772 2282 1302
f 2354 191 2828
f 2955 2956 879
f 653 2163 2164
f 2957 2959 2958
f 2645 2960 2961
f 2963 2286 2962
f 2964 2084 2965
f 2480 2966 2855
f 2967 2153 2968
f 2969 388 2970
f 2971 2972 2671
f 5 2973 1157
f 78 2974 2018
f 667 668 2915
f 740 1814 498
f 455 2975 454
f 2977 2976 2978
f 354 355 1174
f 2979 966 964
f 1113 742 743
f 1226 2004 2005
f 2982 2981 2980
f 2983 2984 2985
f 2986 951 2681
f 2987 377 2988
f 2552 897 486
f 405 407 2989
f 1769 1767 2990
f 1782 481 2991
f 1974 1661 1162
f 238 1792 1791
f 2642 2992 361
f 2993 1188 2977
f 2526 2994 2995
f 1751 2997 2996
f 958 2998 2243
f 1399 543 1398
f 3000 2999 3001
f 3003 3002 2953
f 2412 1062 1658
f 1201 3004 2667
f 2652 3006 3005
f 3007 315 314
f 1936 276 274
f 3008 3009 3010
f 3011 3012 3013
f 1792 3014 1793
f 303 301 3015
f 3016 495 2206
f 2169 2368 2168
f 3018 3017 3019
f 2720 3020 1160
f 893 3021 1987
f 3022 3023 2767
f 539 2155 3024
f 3025 2427 3026
f 3027 3028 1312
f 3029 33 2749
f 911 2118 1937
f 1428 3030 3031
f 3033 3032 2298
f 596 1505 595
f 3034 3035 3036
f 3037 3039 3038
f 274 1935 1936
f 180 2667 3040
f 3041 3004 3042
f 3043 3044 3045
f 1431 3046 1931
f 3048 3047 2725
f 751 3049 870
f 7 9 3050
f 449 2299 448
f 3052 3051 2779
f 2445 2202 3053
f 419 3055 3054
f 3057 3056 2620
f 730 2906 3058
f 3060 3059 81
f 54 3061 824
f 1875 2430 1874
f 1551 2377 3062
f 3064 3063 2732
f 953 1190 1191
f 1445 1052 138
f 1642 1567 3065
f 1584 3066 1583
f 2559 1186 2872
f 3067 3068 3069
f 3070 1057 1058
f 3071 3072 3073
f 3074 3075 3076
f 3077 3054 339
f 3078 2646 3079
f 2996 3080 537
f 468 466 1487
f 2683 2698 3081
f 2995 1833 3082
f 3083 2583 2581
f 95 3084 2677
f 1124 3085 26
f 3087 3086 2692
f 750 748 3088
f 1752 3090 3089
f 3091 2939 2940
f 2519 2528 3092
f 1726 159 160
f 2142 3093 2141
f 2908 3094 2907
f 3095 468 1487
f 3097 3096 3098
f 1223 1472 649
f 1543 1285 2281
f 526 3099 528
f 392 2520 390
f 2688 2940 3100
f 2740 3031 2891
f 3101 479 480
f 3102 3103 2782
f 2078 2077 3104
f 3105 408 1360
f 618 1233 3106
f 1357 2047 342
f 722 3107 721
f 3108 3109 384
f 3110 3111 1175
f 2513 1705 1704
f 2389 3113 3112
f 1519 470 471
f 1776 1774 2649
f 2706 2184 2660
f 3115 3114 2248
f 2422 1996 3050
f 1595 2929 3116
f 3117 3118 2072
f 1995 655 2780
f 28 1758 3119
f 3120 2793 823
f 1007 1009 3121
f 3000 3122 2999
f 3124 2405 3123
f 3125 3126 2065
f 256 1459 2148
f 261 259 3127
f 2591 3128 3129
f 818 3130 425
f 2693 1888 1131
f 3132 3131 3133
f 2725 2440 1614
f 3134 2131 128
f 2803 3135 3136
f 3137 1195 1197
f 339 3054 340
f 1832 3138 1831
f 3139 1776 2649
f 1953 3140 3141
f 3034 3142 3035
f 2101 3143 2600
f 1844 395 393
f 1919 820 3144
f 3145 3146 3147
f 3130 3148 3149
f 2199 3150 2757
f 3151 1711 3057
f 2551 2223 2113
f 2267 757 3152
f 1076 3153 1409
f 2286 3154 2962
f 1513 3155 1283
f 422 1755 1754
f 637 3156 1096
f 369 813 370
f 249 3157 2493
f 2496 1592 1590
f 2910 1028 3158
f 3160 3159 373
f 3161 3116 2929
f 166 167 3039
f 3162 3163 1428
f 3164 2972 3165
f 537 3080 1618
f 2991 1970 184
f 2090 2089 1617
f 97 1619 2712
f 2916 3166 18
f 3167 3168 3169
f 2830 3170 667
f 2347 3171 1503
f 3173 3172 293
f 1001 3174 2470
f 3176 3175 2316
f 3177 962 3178
f 2866 3179 2865
f 3180 3182 3181
f 3183 1015 2092
f 3184 102 3185
f 1670 149 1657
f 1115 883 885
f 273 1266 2017
f 100 98 847
f 724 133 1072
f 730 3058 1770
f 3186 3187 1309
f 3188 240 3189
f 3190 3191 1634
f 3192 3193 11
f 642 3194 12
f 3195 1868 18
f 1047 1515 851
f 1158 719 1920
f 142 3196 3197
f 1995 2780 1926
f 3199 293 3198
f 72 882 71
f 3186 3201 3200
f 3202 3203 2668
f 3165 654 3204
f 1882 2967 3026
f 3206 3205 1406
f 23 2104 22
f 2509 3208 3207
f 2394 2795 3209
f 3210 3211 3164
f 3213 3212 3214
f 3215 2083 1951
f 2932 401 3216
f 1939 1126 1127
f 3217 3006 3218
f 1134 3219 1135
f 644 646 204
f 458 3220 3221
f 3183 2092 3222
f 1817 1965 1816
f 2862 3223 152
f 954 471 469
f 3224 3226 3225
f 1435 2060 1971
f 2902 270 2490
f 772 3227 1759
f 871 873 3228
f 3230 3229 135
f 3231 3114 2816
f 3232 500 1051
f 3233 3234 3235
f 3104 2077 3234
f 3236 1885 1886
f 444 2561 3237
f 1285 3238 1303
f 527 3240 3239
f 3242 3241 322
f 1146 3243 2842
f 234 232 1442
f 2530 1194 1193
f 3244 3245 3246
f 991 2397 990
f 3229 3247 2971
f 1995 1926 1415
f 1654 1652 3248
f 2266 3084 2045
f 3250 3249 3251
f 3252 324 3253
f 1689 3254 193
f 1903 3001 3255
f 3142 3256 3035
f 3257 2198 3169
f 492 418 417
f 1763 1762 2745
f 3258 2734 3259
f 3260 306 1916
f 262 3262 3261
f 1268 1191 3263
f 350 984 983
f 3264 3265 414
f 2067 2816 2817
f 2404 3266 2402
f 1170 1486 3267
f 3268 3223 2862
f 1201 3269 2980
f 3270 2907 3094
f 2580 2505 2506
f 1550 3272 3271
f 3273 3274 3275
f 278 3276 3277
f 3278 3279 2814
f 649 647 2772
f 1212 3280 2673
f 303 3015 904
f 116 2003 2523
f 1149 1148 2453
f 406 3281 2822
f 887 3282 886
f 576 3283 2873
f 1536 2107 3284
f 1181 1182 2201
f 1595 1731 1729
f 1950 3285 1737
f 854 2751 3286
f 1677 3287 3288
f 3041 3042 1380
f 1799 1800 3289
f 3290 3077 3014
f 2148 2147 899
f 417 416 1321
f 2118 2624 1899
f 1882 3026 1414
f 1602 1080 3291
f 3292 3293 3105
f 893 3294 3021
f 240 238 1791
f 3295 3101 3296
f 1334 3297 2259
f 1109 1107 2744
f 1309 264 3186
f 3298 3299 3300
f 3255 3301 1026
f 3302 3303 668
f 761 794 793
f 2214 2216 1145
f 184 2761 183
f 1577 1700 3304
f 3305 11 10
f 659 839 3306
f 3158 3307 3308
f 1340 2748 633
f 185 183 2437
f 194 3309 192
f 3312 3311 3310
f 3314 3313 358
f 3315 3316 3317
f 1180 699 1179
f 365 363 2025
f 2453 3318 2645
f 2154 2580 2506
f 1263 2068 3319
f 1120 2065 3126
f 3052 3320 3051
f 2607 3321 2606
f 3322 447 1874
f 3324 3323 3325
f 2861 3327 3326
f 3328 3051 3320
f 3330 3329 2739
f 2186 2187 1486
f 3331 2234 2233
f 2952 1559 2577
f 784 1432 2242
f 2273 86 87
f 134 2670 3044
f 1298 3332 2391
f 2752 3333 2158
f 3334 3335 174
f 2060 1436 3336
f 1073 3260 1916
f 3337 2709 2710
f 3338 789 3339
f 479 1831 478
f 695 729 3340
f 3341 3057 1353
f 3342 2608 3343
f 3134 2696 3344
f 3345 1954 1589
f 1764 2598 1357
f 2839 2840 2068
f 3175 3010 3009
f 3346 580 150
f 174 3347 1084
f 1043 1161 1957
f 1859 1599 1860
f 3048 2725 1614
f 3018 3348 37
f 131 1785 1786
f 1363 837 838
f 992 2212 3349
f 2824 2488 3350
f 3351 3179 3352
f 3353 1972 1042
f 2470 1710 1307
f 1891 1892 1803
f 3152 3354 2267
f 3355 3356 3357
f 3358 404 3359
f 3360 1852 2726
f 3361 2756 1241
f 964 3362 1311
f 2993 2977 3363
f 3365 3364 2982
f 2132 1697 3366
f 3367 3368 2507
f 3370 3369 3310
f 1277 1278 3371
f 173 3372 1308
f 3373 3374 1199
f 3376 3375 3377
f 365 3003 3378
f 286 3379 3380
f 3381 1741 2308
f 2014 470 3382
f 3383 1748 3384
f 521 522 3385
f 3388 3387 3386
f 1882 1926 1881
f 1897 3389 1497
f 2665 2475 461
f 1174 3111 2646
f 3390 3391 720
f 1801 1178 1176
f 3392 3196 3393
f 3394 2371 3395
f 2130 2128 3396
f 1820 2827 1821
f 2421 3397 2163
f 3128 3398 3399
f 1712 1351 1711
f 3400 3339 789
f 272 3401 1337
f 3402 2100 1118
f 1511 1510 919
f 1754 3403 1907
f 211 3305 212
f 3404 1474 3405
f 639 3407 3406
f 630 3408 2661
f 3409 209 931
f 66 67 1109
f 651 3226 652
f 3410 391 690
f 2382 3216 2381
f 1541 1896 669
f 837 3411 3412
f 3413 276 3233
f 2396 2395 3414
f 3415 2502 3323
f 3060 3416 3059
f 449 3418 3417
f 3419 1193 1192
f 1639 2203 1640
f 2843 668 3303
f 1290 2276 1291
f 2167 2140 1866
f 1479 3420 3421
f 3422 1420 3423
f 1137 1138 1960
f 3424 2704 3425
f 3340 729 1098
f 3427 3426 841
f 3429 3428 2822
f 3431 3430 2017
f 2585 3432 510
f 2979 3433 966
f 2813 2177 2176
f 3434 2649 998
f 3328 2114 3435
f 3436 3437 3438
f 2799 1278 1279
f 3439 507 3136
f 3121 288 198
f 3440 2550 2551
f 3392 3441 908
f 3442 2701 1364
f 291 3443 2681
f 850 2461 3010
f 3446 3445 3444
f 724 1072 3447
f 3448 179 3449
f 2129 3450 2301
f 3451 1830 1828
f 3454 3453 3452
f 1553 599 3455
f 2576 2778 2574
f 3458 3457 3456
f 1683 1794 582
f 1572 3459 3460
f 3461 934 2721
f 3462 3463 182
f 1513 2950 2951
f 2328 1526 779
f 2836 3464 3184
f 1145 2216 3074
f 3465 1904 3466
f 36 2152 2153
f 3467 3 2
f 3468 1781 3469
f 3329 3330 2581
f 3471 2588 3470
f 3224 3472 2284
f 3431 819 820
f 277 2054 3473
f 3394 3395 3474
f 289 241 2498
f 2531 1 46
f 2633 1271 3475
f 634 633 2748
f 1978 1065 1064
f 2148 899 898
f 1946 437 438
f 3270 3476 2907
f 1537 1633 1538
f 1158 557 556
f 82 3477 1300
f 127 2576 125
f 80 81 3059
f 2689 2296 1295
f 3008 3478 2487
f 1706 2004 3479
f 1774 933 998
f 3481 2918 3480
f 1022 1447 304
f 3038 3482 3037
f 2975 3483 3484
f 2209 2211 793
f 3092 1218 1217
f 2584 780 59
f 868 3485 3398
f 2462 2463 3486
f 3487 1699 1181
f 1873 2574 2778
f 3488 3489 3490
f 2330 3491 390
f 1896 549 934
f 2998 2244 2243
f 3405 1270 1269
f 558 559 200
f 3493 3492 2270
f 3494 2068 2067
f 3495 3496 446
f 1798 3497 2467
f 3010 3498 850
f 2083 2082 1951
f 256 1831 257
f 3265 3500 3499
f 1520 1941 2225
f 258 3501 1458
f 2600 2601 2101
f 1356 3502 1355
f 3504 3503 1977
f 3505 1624 1625
f 975 3506 974
f 1337 3401 3507
f 1130 2012 2455
f 2219 1845 300
f 1906 421 422
f 1015 3105 1360
f 364 3508 363
f 139 1998 882
f 244 874 246
f 1304 3509 3510
f 3511 3169 3168
f 2316 2914 3176
f 3162 3257 3163
f 474 472 3512
f 3513 1354 1809
f 1736 1950 1737
f 1847 1845 3514
f 628 2593 627
f 3515 3517 3516
f 2024 1058 2349
f 2657 3235 2076
f 2855 3518 1224
f 1326 1328 1662
f 2392 3520 3519
f 2980 2981 3521
f 245 246 3522
f 1884 1934 2610
f 3500 1279 3499
f 3104 3234 3233
f 3173 293 3199
f 3413 275 276
f 95 2678 96
f 709 1586 708
f 1147 354 1148
f 3523 433 3524
f 576 575 3525
f 1344 56 1106
f 678 1500 2019
f 3526 3527 1739
f 2859 2860 3528
f 3529 1321 3530
f 3532 3531 2724
f 2844 1093 3533
f 1372 2383 1373
f 1828 3535 3534
f 2644 3536 3057
f 3486 3537 317
f 481 1970 2991
f 3538 831 833
f 288 1385 198
f 3228 2886 871
f 834 2811 3539
f 2761 2760 3540
f 1276 3541 778
f 1854 3081 3542
f 2170 130 674
f 200 199 1296
f 1520 3543 1941
f 3544 2294 621
f 2151 3545 3546
f 3547 3548 1928
f 3550 2609 3549
f 3368 2137 2507
f 512 948 949
f 3551 3213 3214
f 3552 1687 161
f 302 3205 2166
f 2478 3553 3554
f 3555 119 821
f 1475 360 362
f 2760 3556 3557
f 726 724 1982
f 1479 2574 1873
f 3558 2087 763
f 1042 2374 490
f 3485 868 3559
f 164 1060 3560
f 1366 1842 1365
f 1692 3452 214
f 3056 3561 3562
f 3564 3563 2468
f 1602 1601 2190
f 230 1647 519
f 3565 1783 1962
f 2907 3016 3566
f 768 2459 3567
f 2306 3017 37
f 3528 3568 2859
f 1047 852 1046
f 2306 398 2447
f 3509 1304 859
f 3569 117 116
f 3570 1021 3571
f 170 169 235
f 1451 3573 3572
f 2678 2679 3574
f 2183 2184 3575
f 983 1869 349
f 746 745 3499
f 651 650 3576
f 3390 3136 3135
f 878 876 3402
f 1421 418 389
f 3577 2777 127
f 2784 2774 2340
f 3578 2795 2796
f 3579 3580 3581
f 2168 2368 2696
f 3456 2961 3078
f 656 2000 326
f 3584 3583 3582
f 2024 1273 1274
f 371 2392 2393
f 2670 3045 3044
f 3022 2767 2766
f 1452 1758 1450
f 2933 2853 3241
f 2806 3585 3586
f 1188 2976 2977
f 3161 1343 3587
f 433 3588 3524
f 3589 3591 3590
f 501 3592 2122
f 933 1774 459
f 3593 3594 3236
f 3595 1949 2333
f 60 3256 3596
f 1672 3598 3597
f 3600 3599 1326
f 2199 3601 3588
f 3602 3563 840
f 3603 2492 2493
f 1591 2579 1590
f 2369 2828 2521
f 3414 3604 3605
f 718 2448 3606
f 1544 1284 1543
f 3436 768 188
f 1272 1105 1274
f 2223 2785 2113
f 3109 2692 2499
f 3241 2853 322
f 325 3607 3608
f 2307 3381 2308
f 1185 3609 3610
f 3052 3611 1440
f 1227 3455 598
f 3612 546 3008
f 3613 3233 276
f 3248 2544 3614
f 3615 3616 893
f 1633 1973 1632
f 3619 3618 3617
f 2598 2599 3620
f 1306 3621 2240
f 1728 1617 2089
f 3620 3622 2598
f 3213 3103 3212
f 2780 317 3537
f 1160 3020 1175
f 12 1088 255
f 2998 958 330
f 1011 3623 3207
f 3624 3626 3625
f 1981 3271 1979
f 978 2666 977
f 808 3627 3628
f 175 475 176
f 3629 2643 1544
f 3630 3631 2319
f 3434 3632 2141
f 1129 2171 1128
f 3317 568 1054
f 2278 2280 3633
f 2312 3634 2589
f 2798 3635 2799
f 1691 637 2617
f 195 920 3636
f 1345 3637 3638
f 3639 3640 2176
f 3641 1077 3642
f 3151 2620 2619
f 3134 3344 2131
f 554 555 2141
f 2221 3643 3644
f 3646 3645 3647
f 1673 3598 1672
f 3648 2383 1637
f 3649 1860 1029
f 512 3650 3651
f 3652 1905 3653
f 1485 3654 2116
f 843 845 3655
f 2395 1677 3414
f 147 146 3656
f 3657 1070 1071
f 2417 3658 3659
f 3660 3661 659
f 2680 1280 3662
f 814 3663 3664
f 3665 2776 2968
f 2881 2755 2756
f 3666 3667 3668
f 2048 2350 1437
f 2799 3669 3670
f 2073 1286 2557
f 3133 3131 2713
f 3672 1034 3671
f 3537 3673 3674
f 2950 3676 3675
f 587 1617 1618
f 3579 2314 3580
f 3677 1631 3678
f 1527 1529 2159
f 2793 2794 3679
f 331 959 83
f 3680 3681 3682
f 1013 3683 1014
f 2589 907 2313
f 2154 3024 2155
f 2644 1673 1674
f 3229 319 3247
f 2548 3082 3264
f 3166 2916 1286
f 1244 3684 1820
f 501 2052 3592
f 1358 3364 3365
f 1962 1961 2753
f 3005 3466 2652
f 205 3106 644
f 1470 1469 1330
f 3685 3687 3686
f 3688 2619 2992
f 3689 269 2902
f 2159 2452 2387
f 2392 3519 221
f 3583 3584 3690
f 3312 1165 3691
f 3692 1333 3363
f 397 3693 396
f 2552 1683 582
f 3631 3694 2319
f 3695 358 359
f 3495 3517 3515
f 2555 1536 3284
f 3679 3696 823
f 3321 1488 3697
f 2433 2556 2512
f 389 418 493
f 2247 2246 2117
f 1939 1336 1126
f 1894 3409 931
f 3200 3667 3666
f 576 2237 3698
f 3 3699 1205
f 3700 858 3701
f 1102 3702 3703
f 2053 3704 2607
f 3540 183 2761
f 103 101 481
f 3229 2971 135
f 2308 1462 593
f 2240 3705 2239
f 2709 3337 2773
f 1810 2328 614
f 3449 72 73
f 3173 3384 2144
f 3117 3321 2607
f 2812 3706 2177
f 3131 900 3707
f 3710 3709 3708
f 2290 627 2291
f 2020 3711 1195
f 375 3712 374
f 2589 3634 3713
f 3228 1379 243
f 3715 1884 3714
f 1205 3699 1605
f 3716 1189 2837
f 2103 3717 2783
f 267 266 1546
f 937 1478 938
f 3462 3380 1553
f 3718 117 3569
f 3720 1813 3719
f 3721 3722 30
f 1237 1236 1849
f 3279 3278 1090
f 1842 1871 1365
f 961 3003 2953
f 3576 3723 651
f 3530 416 3724
f 2648 610 611
f 3413 2887 2658
f 1180 514 513
f 3130 2016 3148
f 1638 1383 1382
f 1586 1351 708
f 2257 3725 3726
f 2228 2226 2488
f 3727 3523 3728
f 3407 639 122
f 877 3317 876
f 853 851 2538
f 3729 2753 2734
f 1355 3730 1354
f 2560 3731 155
f 2725 2007 2008
f 2784 2340 2939
f 2684 1076 3641
f 3723 1886 3225
f 2357 1924 1925
f 2621 2620 2728
f 523 760 761
f 138 704 137
f 1836 1837 3732
f 447 3322 3733
f 1862 2889 1609
f 3734 3735 3736
f 3737 2101 2829
f 3268 2156 3223
f 35 3610 2152
f 3740 3739 3738
f 12 11 3193
f 2982 3364 1359
f 2327 2786 613
f 721 3107 3741
f 1942 3313 3314
f 1274 3070 2023
f 935 3522 936
f 2345 2575 2344
f 314 3742 3007
f 719 3430 3431
f 1120 1122 2065
f 291 2681 950
f 3743 3378 3744
f 3745 2680 3746
f 869 870 1040
f 1179 3009 3008
f 225 224 3747
f 3396 2128 3748
f 798 2873 3283
f 2582 2583 2692
f 3744 3378 3003
f 2705 2364 3192
f 1267 885 3749
f 2419 3258 1215
f 3216 2417 3659
f 2454 1424 3750
f 3577 2707 45
f 3751 1656 3752
f 1177 1216 1215
f 337 1919 3181
f 2982 2980 3365
f 3753 3097 3098
f 415 536 535
f 697 311 2896
f 3754 103 482
f 3352 3179 2866
f 1501 3753 1532
f 3755 926 924
f 3756 1847 3514
f 1023 3757 1025
f 2324 3045 2666
f 3556 3586 3565
f 214 124 123
f 2228 688 687
f 2417 2416 3658
f 875 3758 2352
f 1201 3042 3004
f 2134 590 591
f 3014 3759 1793
f 3486 318 2462
f 1213 1212 2673
f 1815 2348 2636
f 3760 810 1696
f 3414 3288 3604
f 1578 3661 1577
f 3761 2615 2690
f 1782 2991 2305
f 1406 1408 1361
f 3036 3762 3034
f 3763 3764 2329
f 3765 3766 2727
f 2594 2592 3767
f 155 3237 2561
f 1928 3768 3547
f 871 956 1897
f 3444 3160 3769
f 3770 3771 2563
f 3773 767 3772
f 3065 1567 3774
f 3775 3732 1837
f 3776 3778 3777
f 2179 2181 2735
f 2184 2185 2660
f 3183 3779 1017
f 3780 3781 1686
f 3710 3663 812
f 3121 559 560
f 2788 3782 2498
f 3783 3531 3532
f 3152 757 758
f 3784 3169 3511
f 3786 3785 3580
f 210 212 1108
f 2416 3787 3788
f 3790 3789 2212
f 3456 1888 2209
f 841 2508 3602
f 2951 3791 1931
f 2765 3353 1041
f 3792 865 3680
f 2738 1592 2496
f 3652 1855 3671
f 3793 3466 1904
f 3482 1025 3774
f 206 204 1752
f 3794 1446 1975
f 531 1202 530
f 2426 2587 3795
f 2170 2168 129
f 2956 2955 2435
f 3796 3734 3797
f 3747 224 3798
f 822 821 2311
f 2300 3799 3800
f 3801 1651 2802
f 3431 2017 819
f 2904 1847 3756
f 113 114 3802
f 3803 2214 1145
f 3804 3805 2516
f 597 976 974
f 3227 773 215
f 1588 3806 1448
f 3807 3796 2651
f 3110 2719 1705
f 345 347 3808
f 2750 3809 1498
f 3293 1571 408
f 1615 1956 1821
f 3810 1051 500
f 3739 3570 3738
f 1709 1710 3174
f 2344 3678 1631
f 3119 1757 3811
f 67 1108 1109
f 1137 1960 1458
f 3812 3759 3014
f 211 1816 3305
f 1134 1136 2159
f 929 3509 3813
f 2727 3814 620
f 525 3816 3815
f 1455 859 1305
f 237 3701 3817
f 2068 3494 3319
f 3780 3819 3818
f 3821 3820 2946
f 3822 2357 2358
f 2770 878 3402
f 1625 1623 1
f 3823 1991 3824
f 1403 52 3825
f 1980 2376 1981
f 97 1245 3826
f 914 3827 2733
f 2418 1215 1214
f 2248 3828 2246
f 1497 872 871
f 1959 3829 3309
f 3830 2020 2021
f 2927 2490 2491
f 1394 1393 2262
f 2839 1717 3831
f 2911 3832 50
f 3066 379 3833
f 2549 2995 2548
f 119 3555 3834
f 1687 915 916
f 1080 3569 2523
f 3835 1825 2800
f 2107 2973 5
f 3836 794 761
f 2550 2150 3837
f 3838 3839 3700
f 1509 2790 946
f 3841 3840 1397
f 2670 150 3045
f 3666 1454 2775
f 917 3516 3517
f 601 602 3227
f 3842 3458 3843
f 1878 2393 222
f 1260 3844 1450
f 3845 2833 952
f 1694 671 3424
f 314 3846 3742
f 1534 3847 2973
f 1358 1359 3364
f 1506 3743 3848
f 3849 799 1755
f 3245 3388 3246
f 1725 254 255
f 554 997 553
f 381 3850 380
f 598 1985 3851
f 3852 1269 1027
f 101 3853 1969
f 3854 3855 2191
f 3082 2548 2995
f 3125 2401 1341
f 2645 3318 1174
f 1754 1906 422
f 2315 3856 3857
f 3858 877 878
f 3428 2823 2822
f 1113 2613 3859
f 1863 2386 1864
f 2952 1558 1559
f 2119 1418 2120
f 718 716 3860
f 3575 3861 2183
f 2404 3862 3551
f 3721 920 921
f 3823 3824 2403
f 1794 3863 3864
f 1169 3865 1489
f 45 44 3577
f 430 431 3866
f 1349 1238 3523
f 1988 1987 2056
f 3867 3752 2742
f 636 1738 1890
f 2958 2804 2957
f 2204 1979 3271
f 157 3868 156
f 372 3069 371
f 3314 358 3695
f 1113 1115 2613
f 2847 1726 1727
f 3832 2467 3869
f 3011 3013 465
f 3870 3871 3281
f 3872 2200 3873
f 3823 3800 1991
f 3794 1975 1976
f 3874 4 2329
f 3875 2197 3876
f 3008 545 1179
f 3221 3877 2840
f 758 1994 2877
f 2009 2820 2133
f 160 158 552
f 283 2038 3878
f 2422 3879 734
f 681 3880 680
f 3881 1864 2404
f 3882 628 629
f 1196 2706 2039
f 2682 3883 2766
f 1329 1330 1469
f 521 1376 1572
f 2483 3884 2924
f 1498 1947 2750
f 3110 3079 2646
f 3574 3432 2678
f 3886 3885 1093
f 2402 3887 3888
f 3889 3067 372
f 3890 3879 3050
f 604 1067 1068
f 285 3377 3375
f 2254 2253 2458
f 3127 3782 2789
f 3197 1594 140
f 3624 3625 2872
f 2426 3891 169
f 3892 1712 1713
f 1827 1669 2472
f 374 3893 2883
f 1371 3894 1372
f 2559 1187 1186
f 1493 2332 3846
f 3153 1439 3895
f 1506 1071 3743
f 712 3896 2904
f 2710 2773 3337
f 2199 3588 2198
f 3599 3897 3356
f 2792 3898 206
f 3371 966 2174
f 444 156 3495
f 3733 3047 3443
f 1077 1653 1654
f 41 778 42
f 1042 1972 2374
f 2221 3644 2785
f 2319 3694 3803
f 3899 927 3900
f 2951 1931 3155
f 2396 3605 3901
f 3902 1565 2542
f 123 1555 1556
f 3507 3390 3903
f 2682 2766 1978
f 632 630 2535
f 2545 382 3657
f 3682 2519 3092
f 1788 3904 3905
f 3876 2197 625
f 1496 3906 2391
f 3907 3789 2981
f 3908 178 3909
f 1099 1101 1936
f 3207 3208 1010
f 1581 3299 3298
f 1283 3238 1285
f 1642 3065 1575
f 1772 3911 3910
f 599 598 3455
f 2229 3912 2937
f 2176 3913 3764
f 3153 954 1438
f 1900 1938 1937
f 643 253 802
f 2779 3051 1645
f 2467 3497 3869
f 1860 1599 1597
f 3710 3708 3426
f 3867 3311 3914
f 655 1996 2421
f 105 3915 3916
f 2250 2249 3028
f 3917 2863 3918
f 1759 1337 3507
f 3919 2659 100
f 2297 2295 1225
f 2854 3920 320
f 2315 3072 3071
f 3921 1264 3469
f 2815 2814 3279
f 2174 3433 2175
f 3922 3920 2854
f 106 3915 105
f 1514 1234 1800
f 992 990 3104
f 828 2173 864
f 2188 517 515
f 293 294 3198
f 3923 1114 1806
f 2870 479 3101
f 3924 552 571
f 1604 1605 3699
f 3926 3925 1228
f 1910 2963 3927
f 1206 1636 3656
f 1593 3928 3713
f 3929 3475 1804
f 3395 3606 3611
f 1684 3863 1794
f 1354 3730 1809
f 2746 3930 3655
f 101 1970 481
f 2529 3931 1690
f 3369 1381 1899
f 3932 850 3498
f 3933 2893 3934
f 3204 3164 3165
f 1806 3935 3923
f 3482 3038 1024
f 2220 1787 1335
f 2824 1039 1038
f 1640 1386 3936
f 3937 3830 867
f 2170 129 130
f 1739 2847 3938
f 1074 3447 1072
f 2892 144 2564
f 1566 1564 3939
f 1745 1622 3940
f 2073 2074 18
f 2675 1915 2371
f 1681 140 1007
f 3759 3278 1793
f 2338 301 2337
f 1553 3379 3941
f 1335 1336 2220
f 1450 30 1260
f 864 999 863
f 3647 596 597
f 1733 1607 1609
f 3942 3276 278
f 3752 3867 3751
f 1236 3944 3943
f 2212 992 3945
f 3946 3646 3914
f 3902 3947 3948
f 306 3260 3949
f 3950 3951 3952
f 3954 3953 3270
f 1930 2815 216
f 3791 3189 1931
f 340 3055 3955
f 2904 713 712
f 3940 2006 2007
f 38 2325 3956
f 1296 412 558
f 3188 239 240
f 3957 3362 3958
f 3959 840 3564
f 49 908 3441
f 3595 2639 3215
f 3961 3960 2277
f 914 3962 642
f 3170 1872 667
f 3224 3715 3472
f 3895 718 3860
f 574 2791 2809
f 3750 2455 2454
f 2426 169 168
f 2759 3601 2199
f 1575 3963 1574
f 56 1344 57
f 3554 3553 2873
f 3964 3965 2715
f 3564 2468 2469
f 2136 1807 2135
f 1224 3731 2560
f 3911 1772 1773
f 1095 1094 3412
f 3211 2742 2671
f 3967 3966 3947
f 62 64 2982
f 3968 3656 146
f 3969 3366 227
f 2286 2285 3154
f 2675 2917 801
f 3447 1074 3970
f 59 3505 2584
f 678 2019 679
f 346 3971 347
f 3972 3855 3973
f 2436 2761 184
f 93 92 3974
f 3089 2641 2792
f 1410 163 2511
f 2893 3975 2892
f 3726 2258 2257
f 2810 3966 743
f 2445 3976 2201
f 2024 2349 3977
f 3978 2091 398
f 2717 2477 2425
f 3789 3790 1380
f 1807 3979 1012
f 3915 106 3980
f 827 826 3981
f 576 3525 3283
f 3982 3984 3983
f 3900 168 3899
f 1366 428 429
f 3307 3475 3929
f 3986 3985 3987
f 1719 3921 1718
f 3989 3988 84
f 239 338 238
f 3049 1053 870
f 3990 2757 3872
f 17 2535 16
f 2407 3991 2405
f 3992 2588 3471
f 3993 2618 2616
f 2479 695 694
f 1671 165 977
f 262 264 2654
f 3850 2036 1968
f 3940 1622 1522
f 106 1262 3980
f 3358 403 404
f 1051 3994 3232
f 3681 2714 2517
f 1842 3995 1870
f 3001 2999 3255
f 2713 3131 3707
f 3996 733 3879
f 2285 891 3154
f 2669 3997 1433
f 1260 3722 1259
f 3998 2148 898
f 3999 3005 4000
f 2147 2861 3917
f 3953 4001 4002
f 365 2025 3002
f 3928 1876 3197
f 3349 2212 3789
f 782 1036 1530
f 1388 1610 4003
f 4004 248 249
f 955 3845 2075
f 1956 1615 1614
f 3432 3574 510
f 1680 2722 1469
f 2211 2210 2693
f 4006 4005 3578
f 4007 3508 364
f 2895 4008 2743
f 1408 2741 2105
f 2638 4009 2920
f 1724 145 4010
f 4011 112 1578
f 4013 4012 3336
f 1522 4014 2006
f 2612 3420 1479
f 2198 3588 434
f 3883 940 2595
f 3000 4015 3122
f 3565 1962 4016
f 3747 475 4017
f 804 3281 406
f 2500 4018 383
f 1874 2430 2622
f 3508 2554 2079
f 442 4019 441
f 670 2114 2411
f 3721 4020 1259
f 3436 3438 2459
f 3566 2206 2852
f 38 3935 4021
f 3680 865 3681
f 4022 3546 3545
f 75 1743 76
f 2300 3800 1140
f 385 1253 2126
f 4023 1014 2355
f 2389 4024 2534
f 3215 2639 2083
f 4025 57 1344
f 1017 3779 3854
f 2565 4026 800
f 3504 4027 4028
f 2366 3749 2367
f 1530 1036 1037
f 4029 2502 3415
f 1359 4030 62
f 1371 3689 3584
f 540 538 2997
f 972 1388 4031
f 2951 2949 3791
f 4032 1544 1545
f 896 4033 4034
f 4009 2032 369
f 552 1053 571
f 3300 3299 4035
f 2760 3557 3540
f 2166 2165 2208
f 37 3978 2306
f 1576 1566 2867
f 3049 751 529
f 3344 2370 3760
f 1980 73 2376
f 3211 2671 2972
f 304 178 4036
f 770 768 3567
f 3803 1145 1144
f 923 922 2375
f 4037 3908 4038
f 4039 711 1004
f 4040 802 803
f 3351 3183 2865
f 1621 713 2905
f 1741 3381 1740
f 3377 2540 2539
f 3271 1981 1550
f 3434 3139 2649
f 547 1646 245
f 2414 2944 553
f 2614 532 3249
f 1743 2367 76
f 24 22 4041
f 91 2923 3702
f 4042 4043 1668
f 33 31 4044
f 3507 563 1759
f 1954 1952 2363
f 4025 2929 4045
f 4046 3570 3739
f 485 1516 1048
f 25 27 1210
f 2037 1119 4047
f 2446 396 4048
f 3376 633 3375
f 1154 2540 285
f 1767 3922 2935
f 2078 4049 2076
f 28 29 1758
f 2264 3618 3619
f 848 1174 355
f 1817 4050 1965
f 1323 1322 611
f 661 740 499
f 2350 1436 1437
f 3632 554 2141
f 4052 4051 1329
f 4053 2451 3453
f 3733 3322 4054
f 3684 652 2256
f 332 931 209
f 1754 4055 3403
f 2109 2889 3705
f 1558 2025 856
f 3751 3646 1655
f 15 1992 3418
f 3063 3064 3280
f 2636 4056 2778
f 2308 1741 4057
f 3209 1117 2825
f 1315 3369 3370
f 4058 4059 2384
f 2436 2434 2761
f 22 1508 3177
f 3645 3646 3946
f 728 729 695
f 4060 4061 4062
f 1494 4063 3338
f 577 1596 410
f 55 1761 1031
f 2873 799 3849
f 2192 2848 4064
f 3197 1876 1594
f 4065 3345 1589
f 972 4031 2692
f 3038 3039 4066
f 4067 2874 3251
f 1299 50 4068
f 880 1519 879
f 1157 4069 572
f 3257 3784 3163
f 1505 1735 1504
f 2267 3354 2266
f 1125 2242 2648
f 916 2733 1756
f 1542 2859 1541
f 2438 4070 4019
f 2501 3566 3847
f 470 2014 469
f 2768 2323 4071
f 3987 3985 23
f 3305 4072 11
f 3836 761 759
f 3108 4073 628
f 4075 2928 4074
f 1897 1898 3113
f 3826 3406 1110
f 829 2173 828
f 2784 2939 3091
f 2530 4022 2529
f 3884 1392 1394
f 3765 4076 4077
f 368 370 4078
f 2810 2709 2773
f 3350 2167 3333
f 262 3775 263
f 1245 4079 3406
f 2051 3615 4080
f 1048 1789 3992
f 1317 1902 1318
f 3719 335 2252
f 3426 2508 841
f 1683 486 1682
f 3102 2375 1325
f 4081 1805 1243
f 4021 3978 37
f 1543 2281 4082
f 1242 3361 1241
f 1674 2334 2890
f 2587 2426 1020
f 13 3213 3551
f 3045 2324 3043
f 254 4083 1914
f 1652 3567 2544
f 2115 4084 4085
f 3829 926 4086
f 4087 1129 1130
f 2117 2246 3720
f 4025 1483 1481
f 821 823 3696
f 500 3232 499
f 3847 3566 2852
f 4088 3485 3000
f 991 1467 1468
f 1466 62 409
f 71 4089 1405
f 2415 2258 3408
f 2343 3875 2342
f 4090 2755 2882
f 2485 3479 4091
f 3909 4092 4093
f 233 3410 232
f 3814 1331 1329
f 1538 1632 1369
f 3405 4094 1270
f 4095 806 2974
f 262 3732 3775
f 3842 3843 795
f 1028 3307 3158
f 2959 4096 2434
f 3501 258 4033
f 2757 1795 3589
f 4097 3152 2637
f 2336 2876 2171
f 842 840 3959
f 4098 3820 527
f 3412 3993 1095
f 2886 4099 871
f 3724 1766 4100
f 3738 3571 4036
f 3810 2294 1723
f 868 867 3559
f 2923 1563 2921
f 3636 920 3721
f 3797 3734 3736
f 484 3471 483
f 4101 2173 685
f 3379 1553 3380
f 3933 3934 65
f 3366 1697 2838
f 1909 3726 1910
f 2468 1796 1798
f 862 3052 2779
f 3891 1400 169
f 2336 2171 1129
f 654 319 655
f 3718 1928 4102
f 356 354 3219
f 3658 3788 2927
f 3239 1844 393
f 4061 4060 2479
f 2905 3756 3543
f 3309 3829 4086
f 3097 3510 3096
f 193 1194 2530
f 1554 3587 2125
f 3036 781 4103
f 3045 151 2666
f 1272 1273 546
f 47 366 4104
f 2698 2684 2035
f 4105 3918 3861
f 205 644 204
f 548 1460 547
f 3846 1491 1493
f 1478 1477 2273
f 3979 1809 3730
f 845 4106 989
f 1345 4107 1346
f 2407 4109 4108
f 4110 3404 3852
f 990 2078 3104
f 2695 2898 2573
f 4111 3195 952
f 1583 3066 606
f 4113 4112 2304
f 3216 401 2417
f 3227 602 1759
f 1739 1740 3526
f 3266 2404 1864
f 2612 1479 1478
f 4114 2428 1875
f 1935 3548 3547
f 2232 1791 2814
f 2930 3522 400
f 2931 2932 4115
f 2644 1840 1841
f 4116 3770 4117
f 3966 2810 3947
f 3476 3016 2907
f 2736 1721 4118
f 3653 1905 2359
f 2944 2207 2605
f 1823 4119 4120
f 3328 2411 2114
f 1883 1585 2546
f 3246 3388 1853
f 2879 2880 4121
f 756 4122 1993
f 3193 1088 12
f 3718 4102 118
f 750 3088 3511
f 4123 455 456
f 2630 327 328
f 3561 3056 3536
f 1723 4124 1722
f 1772 2174 683
f 4126 4125 787
f 2764 2762 3067
f 1693 3133 3711
f 2504 3792 3680
f 3867 2629 3311
f 2778 4056 1873
f 4054 1745 3940
f 506 3439 556
f 2570 356 4127
f 4128 3351 4129
f 4130 3019 3597
f 3500 3082 1833
f 3358 3359 4131
f 1147 3219 354
f 511 2193 4132
f 4133 121 3834
f 2158 2442 3912
f 835 1665 1916
f 2156 902 3223
f 270 268 2094
f 1844 91 395
f 138 304 1445
f 4134 1866 617
f 33 4044 736
f 3206 3942 279
f 3519 3835 4135
f 4136 1200 1226
f 1018 2568 508
f 1471 648 649
f 1524 4011 4137
f 3595 3215 1951
f 1553 3455 3462
f 456 454 4138
f 2915 2830 667
f 2263 2265 3099
f 3164 4139 3210
f 2463 555 3673
f 3764 3763 2176
f 1473 3129 1316
f 2425 2477 2476
f 3405 1474 4094
f 4020 4140 1259
f 1349 1350 3355
f 179 177 72
f 3110 3020 2720
f 3712 375 4141
f 3997 4142 1432
f 3030 4143 233
f 19 1261 2051
f 2976 1262 3560
f 2120 1416 3182
f 777 2111 2327
f 2186 4144 1893
f 832 2716 833
f 2754 2558 2630
f 3547 1750 1906
f 176 475 3747
f 1827 2800 1825
f 1592 4145 1211
f 4146 92 4147
f 3975 3781 4148
f 517 4149 115
f 2051 1261 3615
f 1768 3761 2690
f 1083 174 1084
f 2156 478 902
f 384 2723 3767
f 2295 2296 2689
f 463 4150 1134
f 4151 4152 4090
f 3916 3627 1312
f 2746 3655 3450
f 2131 1696 1697
f 2588 3992 1789
f 2466 4153 560
f 4137 4011 4154
f 4155 838 836
f 1097 727 585
f 78 4095 2974
f 99 2659 2657
f 990 4156 3244
f 3267 4157 3865
f 3420 3190 3609
f 2493 764 4158
f 996 4159 2941
f 4160 4028 4027
f 576 3698 574
f 2182 1597 4161
f 2388 3389 1897
f 2930 401 2932
f 4162 2602 3512
f 1123 4163 2934
f 3250 3251 148
f 1006 1004 1621
f 2267 108 757
f 4164 4038 3909
f 61 59 780
f 1378 3332 476
f 1024 4165 313
f 3924 160 552
f 30 3722 1260
f 3294 1948 1500
f 16 53 1031
f 4166 2507 603
f 1099 1935 4167
f 1680 1469 142
f 1676 344 3287
f 2369 2522 4168
f 2615 533 532
f 4169 2829 2601
f 1515 3886 2537
f 282 1750 3768
f 2300 4170 3417
f 3988 2398 85
f 2654 3262 262
f 3619 3617 31
f 3207 3623 4171
f 1325 4173 4172
f 2260 1604 4174
f 2686 2685 3331
f 4069 2484 4175
f 1580 2266 4035
f 3509 929 3510
f 1119 1117 3209
f 846 4176 1983
f 2458 2231 2687
f 704 702 3629
f 2822 4132 2194
f 1549 541 4177
f 2121 424 426
f 3711 1196 1195
f 2786 2947 2945
f 2814 1793 3278
f 1660 4178 2720
f 759 1291 2276
f 4179 1976 3813
f 2679 2279 2278
f 868 2532 866
f 141 140 1681
f 236 3817 1531
f 3315 1154 3316
f 3276 3942 4180
f 4119 1823 2596
f 612 2945 4098
f 2379 2380 3027
f 2091 4021 1806
f 4061 625 4062
f 4050 1964 1965
f 2832 2841 4181
f 2411 1542 670
f 1573 1100 4182
f 893 4080 3615
f 2064 1960 1138
f 1661 1660 1162
f 1494 4183 543
f 1619 3826 1441
f 2642 3688 2992
f 3831 930 457
f 3708 4166 603
f 3823 3385 522
f 759 524 4184
f 1206 1207 1635
f 2457 2456 3404
f 2190 3974 1078
f 2659 2002 2658
f 2453 1148 354
f 3781 3975 4185
f 3618 2264 2263
f 1173 192 3309
f 3302 1872 2716
f 2226 2808 4186
f 2314 3727 3728
f 4100 1734 4187
f 3934 2893 2564
f 2640 4188 2639
f 1908 4179 3839
f 215 773 774
f 4097 2637 2279
f 2515 4189 2304
f 1831 4190 257
f 432 439 431
f 3897 4191 1537
f 4192 2690 4008
f 1384 1383 4075
f 2687 2686 615
f 2949 4193 3791
f 3736 1167 1799
f 2919 2870 3101
f 361 2992 4194
f 2259 3297 888
f 3690 3689 3787
f 2611 3314 3695
f 1139 3863 1138
f 1142 4195 3775
f 993 2732 1116
f 2588 3905 3470
f 1306 1304 3097
f 1249 1248 2580
f 3767 2723 2594
f 326 4196 328
f 4192 2691 2690
f 2730 2619 2621
f 4197 858 1455
f 3693 3966 3967
f 2335 1139 2336
f 1727 160 3924
f 1341 2783 3125
f 2139 2788 242
f 2009 4198 2820
f 2810 2773 3948
f 595 1504 4123
f 1818 4123 456
f 2204 4092 3448
f 50 3869 4068
f 1858 1790 2400
f 830 828 3792
f 2832 2915 2841
f 2464 1476 1389
f 1177 3259 1176
f 3177 3848 962
f 2503 4100 1766
f 1762 755 753
f 2959 2957 4096
f 1990 1457 792
f 3665 1221 2776
f 3350 4186 2167
f 512 949 3650
f 3011 58 3012
f 4199 2516 1589
f 1173 3309 4086
f 763 4200 762
f 2901 2651 2650
f 1426 3529 4187
f 2405 3991 3123
f 3543 1521 2905
f 3954 3270 1922
f 482 481 1782
f 1285 1302 2281
f 3785 3786 906
f 660 2105 4144
f 4088 3001 4201
f 2508 605 3602
f 4202 2568 2569
f 2446 4048 2542
f 769 188 768
f 691 1146 2842
f 4204 4203 2846
f 3373 4205 1699
f 772 773 3227
f 655 317 2780
f 4193 2787 3188
f 3062 502 503
f 2783 3717 3125
f 2591 3129 1473
f 1501 3621 3753
f 92 4146 281
f 3388 4206 1853
f 4207 348 2983
f 834 835 307
f 769 2511 163
f 4208 1747 2993
f 833 1872 3170
f 1301 1448 2420
f 2465 2543 2464
f 2870 2919 2869
f 2598 2656 1357
f 497 4004 4158
f 2476 4147 92
f 2269 4078 1945
f 815 362 4194
f 281 1078 92
f 1078 281 1085
f 3983 4209 3982
f 4063 1494 2542
f 3915 3628 3627
f 714 90 4210
f 2831 3170 2830
f 14 923 2781
f 3068 1579 3520
f 3473 2166 3205
f 2696 2370 3344
f 2286 4211 2284
f 3818 4212 3780
f 1171 1169 1490
f 369 2032 813
f 3140 3477 80
f 4047 3209 2795
f 3259 2736 4118
f 1168 4213 1404
f 278 3277 2071
f 2842 3243 2841
f 73 1405 2376
f 2227 2807 2226
f 1075 1076 1409
f 2285 2284 3472
f 4109 2142 2143
f 1273 2024 546
f 2978 2976 3560
f 2691 1767 1768
f 3394 2675 2371
f 70 2471 69
f 3607 3739 3740
f 2698 3437 186
f 2957 2804 2806
f 496 1396 2703
f 1589 4112 4214
f 4215 1443 496
f 1454 3668 1143
f 2128 665 3748
f 3950 4216 3951
f 2204 3272 4217
f 3275 637 1889
f 259 14 3127
f 3663 3710 4218
f 3513 1808 407
f 2770 1049 1050
f 1646 1644 244
f 692 1144 691
f 4219 1698 843
f 2523 4220 2524
f 2506 2293 3024
f 3837 1639 2550
f 1503 4221 4222
f 1124 3241 3242
f 3546 4223 2151
f 2969 1137 1458
f 4224 4125 4126
f 3882 3703 2922
f 3072 3983 3984
f 2681 4225 2986
f 307 2811 834
f 4226 4162 3512
f 3252 489 4046
f 1093 1092 3533
f 4227 3273 210
f 18 16 2916
f 1698 4228 1423
f 50 1235 310
f 4229 3421 1184
f 3972 2190 2191
f 828 864 865
f 635 636 1890
f 4116 1086 3193
f 2969 1458 3501
f 3163 4143 3030
f 1975 1446 1447
f 2802 4082 561
f 383 4018 1325
f 3713 1482 1483
f 3440 2112 2379
f 3997 4230 4142
f 3977 573 2024
f 480 478 2156
f 2840 457 3221
f 2281 2283 561
f 1680 579 2722
f 2041 2578 2043
f 3963 3338 4063
f 1223 4076 1599
f 2204 4217 1777
f 1221 3665 1208
f 2389 1897 3113
f 1420 3422 1419
f 126 2817 2818
f 4103 2465 2031
f 2405 3124 1775
f 888 886 1312
f 2204 4231 1979
f 3699 4174 1604
f 2918 3481 494
f 2577 4232 2954
f 1098 3703 3340
f 20 3773 1261
f 4233 3453 2451
f 1811 1810 1585
f 2747 3450 2129
f 2585 1246 96
f 2816 3115 2818
f 105 3916 2249
f 1378 4234 4235
f 2663 638 2838
f 1219 1611 2090
f 4236 4237 2707
f 1431 1930 216
f 2570 1427 1429
f 1223 3518 2966
f 465 2160 1529
f 1048 1046 1789
f 1243 1241 4081
f 3471 3470 1092
f 2658 2002 116
f 3604 4012 4013
f 1228 3925 2042
f 3007 2700 3442
f 4238 823 822
f 4190 1799 3289
f 1917 1523 1524
f 4041 3178 4239
f 3086 2921 1563
f 2188 3525 575
f 376 3361 2653
f 2448 718 3895
f 2622 1005 1006
f 690 689 2712
f 2423 2794 2424
f 529 530 3049
f 881 2956 3853
f 3078 2514 1133
f 2321 3203 2323
f 49 3441 48
f 872 1496 873
f 1178 1801 2289
f 1950 1951 2082
f 764 762 4158
f 437 4078 1081
f 1684 1682 2064
f 4240 2086 1402
f 1971 4037 2373
f 3173 2263 3099
f 1340 3376 1339
f 560 1007 3121
f 2827 2826 1821
f 3444 3769 1523
f 2171 754 755
f 2894 1658 1659
f 4241 4140 4020
f 1174 3318 354
f 1536 1534 2107
f 4242 3382 2626
f 2927 2491 2928
f 1559 1557 2578
f 2481 4244 4243
f 600 1104 598
f 4115 2932 2382
f 3023 4085 4084
f 1210 27 3983
f 2659 3919 4220
f 278 3118 3704
f 4169 4245 4226
f 75 679 1743
f 4246 364 3378
f 906 49 4247
f 2905 2904 3756
f 2726 4206 1480
f 789 698 3400
f 4012 3608 3336
f 3485 4015 3000
f 4125 4224 1568
f 592 1462 1204
f 4112 4113 2084
f 478 4248 902
f 1608 4250 4249
f 1043 1162 1161
f 220 2510 218
f 3848 1508 1506
f 236 4251 170
f 49 47 4104
f 2913 4252 2912
f 3077 3812 3014
f 2034 4253 3709
f 1216 1177 1178
f 994 1116 1387
f 4254 3025 1152
f 4255 518 296
f 2770 1050 1338
f 2073 4256 4257
f 2851 1444 4258
f 1192 4260 4259
f 472 2102 2101
f 1659 24 4041
f 494 3481 3081
f 3795 3891 2426
f 1820 3684 2827
f 1616 632 17
f 3125 3717 4261
f 4262 2953 2954
f 2156 52 51
f 3088 1413 4263
f 3713 3634 4121
f 1968 1966 4264
f 3898 2792 2333
f 4265 842 3959
f 2133 2820 590
f 3095 1488 3321
f 2911 2469 3832
f 1131 2898 2695
f 4220 2003 2659
f 3795 490 2374
f 4266 3875 3876
f 417 1321 1320
f 990 3244 2078
f 4267 1716 1457
f 1470 3393 3196
f 4268 3254 1689
f 3866 2888 2109
f 2624 2623 1164
f 2936 2547 1511
f 652 3684 650
f 3582 4270 4269
f 3708 603 2508
f 942 1465 3956
f 3059 4271 80
f 3989 3244 4156
f 3074 3076 3243
f 2559 2631 2558
f 2377 1551 2376
f 4272 4073 384
f 1275 1744 2412
f 941 1464 1465
f 157 4273 917
f 416 418 1419
f 1155 4274 2483
f 94 2476 92
f 3290 1792 1347
f 3839 4179 3813
f 2874 4067 534
f 4275 4192 4008
f 1317 4201 1902
f 4276 3331 2233
f 3870 4277 3871
f 3869 3497 4068
f 1177 3258 3259
f 3856 2315 3071
f 442 2438 4019
f 1554 2125 600
f 1339 3858 1338
f 3819 3780 3552
f 3287 1677 1676
f 1567 1642 4125
f 1027 1269 2633
f 2208 4278 2337
f 148 147 4279
f 4281 4280 3696
f 4211 2286 2963
f 751 869 2253
f 1663 1664 1375
f 1279 1277 3910
f 2447 2446 1495
f 2738 2496 2497
f 2383 2381 1637
f 331 330 958
f 2699 1691 2617
f 4265 1167 4282
f 3243 3076 4181
f 1076 954 3153
f 626 1864 3214
f 1650 1651 4283
f 2983 4284 4207
f 2122 970 2948
f 3167 433 4285
f 301 2338 3015
f 2029 2027 2408
f 4184 1182 218
f 4100 3530 3724
f 2187 2432 4157
f 3931 4286 1690
f 2895 4287 4275
f 1108 212 1107
f 4083 1724 4010
f 4288 3502 1356
f 3489 2724 4075
f 2798 1835 4289
f 4038 2372 2373
f 3392 3393 4290
f 2571 361 360
f 2084 4113 2082
f 962 3744 961
f 3159 372 373
f 3880 1517 1539
f 3955 420 3182
f 1041 3353 1042
f 4205 220 1699
f 4083 4010 4291
f 452 921 195
f 987 3292 2525
f 116 3413 2658
f 1968 4264 1744
f 3741 3107 4292
f 4293 816 815
f 2236 706 2444
f 1236 4294 1849
f 3889 2764 3067
f 3290 3014 1792
f 2147 3917 899
f 4035 4295 3300
f 1266 3686 3687
f 2988 3619 2987
f 3461 1896 934
f 1412 2520 1413
f 1388 4296 4031
f 2537 2845 4297
f 1233 1231 645
f 4298 4009 2877
f 2543 2584 2531
f 825 790 1714
f 1227 3463 3455
f 473 4299 4261
f 2906 981 3058
f 4300 4301 4302
f 3467 1334 4174
f 1911 3927 1287
f 3371 965 966
f 376 2881 2756
f 486 897 487
f 1157 1155 4069
f 2047 2049 342
f 2443 2356 1797
f 2335 1129 4087
f 2245 2149 2341
f 2323 3202 4071
f 1705 2719 1703
f 3705 2240 2108
f 4103 781 2465
f 703 3810 1723
f 3744 962 3848
f 47 2855 367
f 2430 1875 2428
f 3538 833 3170
f 3857 3856 3558
f 3144 820 818
f 498 499 740
f 1209 3857 4163
f 1328 1327 3727
f 1637 1382 3531
f 2497 1097 584
f 1471 1472 1859
f 3842 3836 3961
f 3740 3738 4303
f 1210 3983 3072
f 260 2343 2290
f 3357 750 4304
f 2169 2354 2828
f 2920 4009 369
f 1716 4267 917
f 2957 3586 4096
f 4305 728 2479
f 113 3033 1140
f 3447 4306 1982
f 862 2779 1461
f 34 36 1880
f 4064 3429 2194
f 2331 4307 3007
f 2143 2141 4308
f 3769 4309 1879
f 3788 2490 2927
f 3821 3240 3820
f 2827 2256 2415
f 4310 2987 32
f 2837 3184 3185
f 2639 4188 2083
f 382 380 1070
f 4248 3998 3132
f 4007 2413 2894
f 4311 788 3757
f 1055 2599 1561
f 538 3080 2997
f 4225 1616 1868
f 4169 452 4107
f 2113 2327 2111
f 477 4312 3335
f 3148 1089 4313
f 1452 2662 4314
f 3683 438 2901
f 3015 3996 903
f 3787 3689 2902
f 3462 4316 4315
f 1117 1562 2825
f 4318 4317 248
f 1092 4319 3533
f 2124 2122 2948
f 3814 2727 3766
f 3838 1908 3839
f 688 960 158
f 841 3602 840
f 3114 3231 1812
f 3246 1853 4320
f 216 2815 4321
f 2944 4323 4322
f 8 4324 9
f 1465 1463 2474
f 3755 1251 1252
f 2391 3332 1378
f 663 3965 3964
f 2087 4325 4326
f 2295 2689 4323
f 680 3880 1539
f 69 1010 4128
f 4054 2007 3047
f 166 3037 4327
f 1222 2771 155
f 3409 4328 1225
f 3070 1527 1057
f 1305 859 1304
f 542 541 2334
f 2372 4164 3891
f 491 1021 3570
f 3126 4329 1120
f 223 3798 224
f 1323 3593 4330
f 1894 1780 4331
f 3920 4275 320
f 1258 1199 1260
f 4184 524 2635
f 2271 3512 2270
f 3255 2999 3301
f 2200 3150 2199
f 373 371 4309
f 2314 3786 3580
f 2151 2703 3545
f 2908 721 3094
f 2607 3704 3118
f 1563 973 3086
f 1128 1763 2012
f 2763 3533 1918
f 4332 3771 3770
f 3247 319 654
f 1926 1882 1414
f 2574 1479 4229
f 3655 988 3450
f 1311 1310 2979
f 3 3467 3699
f 2918 2917 3480
f 3939 1564 4333
f 1985 1984 1272
f 574 3053 2202
f 494 3081 2698
f 3878 2037 4047
f 4291 4010 4212
f 3957 453 196
f 2215 3396 4334
f 3488 3783 3532
f 4336 3664 4335
f 1405 4089 4337
f 1039 3333 2752
f 672 1671 1670
f 3828 3114 1812
f 4338 2261 2556
f 2052 4339 3592
f 611 609 1323
f 4341 4340 3526
f 282 1927 1079
f 3640 4175 2176
f 2729 3451 4194
f 3097 1304 3510
f 2342 3875 696
f 3951 2747 2129
f 3398 2532 868
f 1886 1884 3715
f 2488 4186 3350
f 2596 1582 2597
f 1887 4291 3818
f 2986 4111 952
f 4182 1100 1099
f 2419 3729 3258
f 2280 2638 2920
f 2087 4342 2088
f 126 2634 2817
f 4106 345 3808
f 3893 4151 2882
f 1457 1990 3802
f 2277 3960 2276
f 3864 581 1794
f 3107 903 4292
f 968 3487 1181
f 3021 678 677
f 793 2211 445
f 1992 2300 3417
f 832 2715 2716
f 3689 1371 269
f 1518 3263 2958
f 4002 1850 1848
f 4279 4343 2357
f 3880 2134 1517
f 741 1552 740
f 2876 4058 754
f 1465 942 941
f 2420 1448 3806
f 1245 1247 4079
f 2360 880 881
f 406 3513 407
f 2686 1613 615
f 2008 2006 4344
f 1238 4285 3523
f 1045 1957 848
f 2460 382 2545
f 207 2414 997
f 2704 4270 3425
f 2045 2044 4295
f 2774 2784 3468
f 2230 3912 2229
f 3945 4345 2941
f 2456 2590 1473
f 4346 4347 3913
f 3424 3425 4348
f 805 3870 804
f 1214 1216 2288
f 578 2466 1596
f 137 4032 1998
f 2434 4096 2760
f 1729 1008 2821
f 3674 34 1880
f 1070 3657 382
f 2665 461 462
f 3686 271 217
f 3052 1997 2015
f 1134 464 463
f 3757 3065 1025
f 534 4067 532
f 3480 3394 3474
f 1527 2066 1056
f 3035 3256 61
f 1752 204 4349
f 4148 2892 3975
f 3804 1964 2942
f 303 904 2741
f 4042 608 3147
f 1633 3600 1974
f 3399 4201 1317
f 3033 113 3802
f 647 1714 1716
f 14 259 923
f 2712 2046 97
f 3982 4350 4351
f 1218 2549 1611
f 2668 2669 1433
f 3397 734 4259
f 775 3733 3443
f 2410 2411 3328
f 1892 4144 2105
f 788 4311 698
f 3616 765 766
f 519 296 518
f 3692 887 3297
f 897 896 4034
f 4224 610 4230
f 2028 771 357
f 1895 548 549
f 3051 3435 1645
f 112 4011 110
f 3355 3357 1240
f 588 1219 2090
f 2878 701 699
f 289 2885 241
f 4353 4352 1746
f 2991 184 185
f 2763 4137 2762
f 1188 252 2976
f 2934 2933 1123
f 3871 2586 511
f 3728 3524 2879
f 4354 1244 1820
f 26 1421 389
f 4355 2581 2582
f 3655 845 988
f 2808 2226 2807
f 3534 4356 4293
f 3812 3077 4301
f 996 3347 174
f 3864 3863 2335
f 3816 3496 3495
f 4357 1849 4294
f 1072 133 131
f 910 3392 2482
f 4154 2762 4137
f 1818 456 975
f 1725 1724 4083
f 212 3305 10
f 3979 3730 1355
f 3044 3043 4358
f 3932 3498 3175
f 458 4359 334
f 2441 3541 2472
f 1748 3383 1648
f 4320 2078 3244
f 310 309 2911
f 1667 4042 1668
f 784 782 1530
f 3068 3520 3069
f 2837 3185 2805
f 1378 2385 1379
f 3351 121 4133
f 1814 622 498
f 2261 4338 4360
f 3714 1649 889
f 1199 3374 1260
f 413 745 747
f 2236 2444 2445
f 4359 2367 1002
f 1931 3189 1930
f 3735 3427 4282
f 2709 743 744
f 4082 2281 561
f 601 3227 215
f 955 1898 956
f 4077 4076 1223
f 4046 489 491
f 3032 3033 1989
f 298 359 4361
f 2239 1455 1305
f 3543 1940 1941
f 3308 3929 4152
f 3524 2759 2879
f 585 4305 586
f 4362 191 190
f 1668 2234 1669
f 1946 1945 437
f 1373 2383 3648
f 241 242 2788
f 84 83 959
f 3883 941 940
f 458 334 333
f 2620 3056 2728
f 3726 4211 1910
f 564 2903 566
f 969 3136 507
f 3186 263 4363
f 2673 4364 3198
f 4036 4303 3738
f 1141 1140 3823
f 1947 1948 4365
f 1890 1964 4050
f 2933 2854 2853
f 1841 1829 3561
f 3456 3457 2961
f 708 1351 1712
f 4139 4366 4367
f 900 3575 3707
f 1258 4140 4241
f 1099 1628 1626
f 3145 3147 2203
f 1275 2413 1069
f 3571 1021 1022
f 2669 4327 3997
f 1258 1198 1199
f 2117 2115 2247
f 4031 2582 2692
f 3969 2132 3366
f 4368 925 3829
f 2215 2130 3396
f 4020 2600 4241
f 817 2358 2217
f 4242 2015 2014
f 3118 3117 2607
f 4369 1447 1022
f 1634 3609 3190
f 3073 4268 3071
f 1927 3718 1079
f 4219 843 3930
f 820 1920 3431
f 2519 3682 2517
f 4172 4370 1325
f 42 778 779
f 2940 2688 1293
f 2483 4371 3884
f 3440 3027 2150
f 2659 99 100
f 2389 2533 2388
f 3754 3185 103
f 3366 2838 638
f 2996 537 681
f 1709 1011 1307
f 426 1785 132
f 805 1402 3870
f 371 3069 2392
f 1571 83 85
f 2499 3083 586
f 2129 2301 2128
f 433 3167 435
f 4327 2884 166
f 615 616 2458
f 860 3474 861
f 118 4102 274
f 2296 2297 1294
f 4372 3373 1699
f 2576 127 2777
f 4373 1586 709
f 2495 534 533
f 2306 3978 398
f 2333 2332 3898
f 680 1539 451
f 1603 1391 4353
f 998 554 3632
f 1703 2720 4178
f 1159 1921 1348
f 4374 4341 3526
f 2664 462 4354
f 2489 1065 2767
f 2341 3360 2245
f 2476 3554 4375
f 1913 254 1914
f 1496 872 1497
f 3075 3538 2831
f 4143 392 233
f 3216 3659 2381
f 2799 3635 3669
f 4376 2311 1838
f 3619 2988 2264
f 3139 3093 2711
f 3169 435 3167
f 3284 2107 4
f 1539 4377 451
f 592 1375 2903
f 986 4378 3970
f 159 1726 4379
f 3483 3323 3324
f 644 1233 645
f 2013 2745 4216
f 172 1308 3891
f 4380 4374 3381
f 3687 1089 3148
f 3123 2864 74
f 710 708 88
f 947 1056 2309
f 4381 323 325
f 315 3007 796
f 1897 1497 871
f 3598 3057 3341
f 3589 2567 3013
f 347 3971 3631
f 1367 1365 4382
f 944 333 335
f 1697 811 2838
f 3956 3935 38
f 4357 2495 2317
f 3446 3444 1917
f 1690 1689 2530
f 1884 2610 3714
f 2851 4258 4371
f 2525 2524 987
f 4173 4305 2479
f 1181 2201 3976
f 1146 3074 3243
f 183 4383 2437
f 3587 1106 1104
f 2151 4223 3419
f 620 3106 1492
f 8 2427 4324
f 1780 2365 1294
f 884 1484 3749
f 2573 4104 366
f 4384 4300 3949
f 2485 4091 2486
f 1360 4030 1359
f 2560 2695 2573
f 734 3879 733
f 3186 4363 4195
f 3929 1804 1805
f 869 2230 2231
f 1378 4235 2386
f 4128 3208 2509
f 2163 4260 2162
f 690 2712 1619
f 4325 3071 4268
f 1781 1779 1718
f 745 414 3265
f 466 4144 2186
f 247 1769 3157
f 489 3252 1041
f 3896 891 1846
f 895 2553 386
f 2337 1171 1490
f 1025 3065 3774
f 3867 3914 3751
f 1470 4244 2481
f 250 3628 3980
f 3890 4292 903
f 1398 3841 1397
f 4385 3376 3377
f 886 3282 3837
f 685 2099 4101
f 4387 4386 3070
f 2177 3706 2178
f 3205 3206 3473
f 2630 2783 1342
f 694 4266 3876
f 3963 788 789
f 4344 2664 4354
f 3579 1662 1328
f 747 746 4198
f 786 2868 785
f 490 3795 2587
f 4388 3958 964
f 205 206 3898
f 1799 1167 1168
f 4389 1016 1600
f 3544 4390 3675
f 1088 1087 1725
f 4391 1003 2116
f 1836 4238 4376
f 2218 1595 2821
f 3608 3607 2059
f 3640 4069 4175
f 1266 271 3686
f 2985 1333 1332
f 1502 3171 2110
f 4197 4392 3550
f 204 646 4349
f 3989 3387 3388
f 404 2347 4250
f 4175 2925 2176
f 4378 3919 100
f 606 4042 1667
f 2629 3370 3310
f 3412 3411 2731
f 1655 3646 3647
f 840 3563 3564
f 4268 1688 4325
f 1123 25 1209
f 2680 267 1280
f 4367 1250 3210
f 1227 182 3463
f 4070 2288 4019
f 3110 1175 3020
f 1417 340 3955
f 688 159 686
f 1633 4191 3599
f 3930 843 3655
f 4180 1361 4393
f 3482 3774 1569
f 2513 2899 1131
f 4394 2604 3638
f 3718 118 117
f 4355 3329 2581
f 4220 2523 2003
f 4264 3987 1062
f 455 3415 3483
f 4348 3583 3758
f 223 3040 2667
f 1480 3386 959
f 2865 3222 1358
f 4320 1851 505
f 1855 3652 3653
f 892 2750 1947
f 2938 3678 1183
f 1585 1583 2546
f 4006 567 568
f 4395 3596 3256
f 2502 4029 2503
f 3748 832 831
f 559 3121 200
f 2633 3475 3307
f 3468 2365 1781
f 4396 1391 1603
f 4057 4397 1203
f 1904 1929 3793
f 1782 2305 1961
f 3263 3716 2804
f 2471 70 3932
f 950 957 4398
f 4399 2604 2602
f 3273 1817 211
f 3022 2597 3023
f 1664 4203 2903
f 260 4400 2196
f 3230 2141 2462
f 243 2385 2386
f 948 2349 947
f 1723 2294 4124
f 524 760 523
f 115 113 4401
f 2677 2678 95
f 1943 4402 1942
f 1820 1819 4354
f 1706 3479 2485
f 588 2090 587
f 1550 1552 741
f 3348 3746 2326
f 2693 2561 444
f 3132 3998 898
f 345 4106 2454
f 1134 4150 3219
f 857 3839 3813
f 4177 1547 1549
f 210 3273 211
f 545 544 1179
f 767 765 3772
f 3937 3861 3918
f 3551 3881 2404
f 937 2255 2612
f 31 3617 4044
f 105 4134 1612
f 3423 3242 322
f 474 3650 949
f 3749 2366 1267
f 995 3790 2212
f 2729 2728 3562
f 2203 1386 1640
f 1617 1728 535
f 2075 3845 3195
f 112 659 3661
f 4403 3158 3308
f 2094 3783 3488
f 1853 1851 4320
f 2855 2966 3518
f 571 1053 3049
f 2259 4174 1334
f 1104 1985 598
f 4404 2835 4405
f 2739 1212 1211
f 519 231 230
f 823 4314 2835
f 1452 4314 4238
f 3506 1655 974
f 3864 2335 4087
f 1254 2126 1253
f 3205 302 1407
f 3499 1279 3910
f 1846 890 300
f 4406 2749 3643
f 2962 3154 712
f 2088 1395 4200
f 4407 3304 3835
f 3360 4408 4409
f 447 775 449
f 3350 3333 1039
f 1991 3862 3824
f 3499 3910 746
f 1514 1404 1403
f 4019 2289 441
f 3844 3374 3373
f 1139 1137 2970
f 2726 2243 2245
f 1958 3984 4351
f 2277 328 4196
f 3161 1344 1343
f 1742 2019 1267
f 2370 2696 2368
f 3173 3099 394
f 1031 1030 2916
f 1629 3319 1630
f 4050 1889 1890
f 1371 1373 269
f 2557 1286 1232
f 3697 1170 1171
f 1936 2941 4345
f 3010 2485 3478
f 385 2127 2723
f 653 3204 654
f 4335 3735 3734
f 426 425 4410
f 2473 3343 2608
f 3802 2936 1456
f 3819 3860 716
f 1568 4230 4327
f 4062 626 3214
f 147 3656 2255
f 316 2061 314
f 1407 2741 1408
f 814 812 3663
f 2870 1832 479
f 3901 3605 2655
f 3425 4270 3582
f 925 4368 1901
f 3952 2130 2215
f 1561 1877 1562
f 3959 309 308
f 4306 3447 3970
f 1694 1644 3435
f 2663 3981 431
f 3397 2422 734
f 3386 84 959
f 3024 4411 539
f 3793 4412 4141
f 1807 1012 2135
f 62 4030 408
f 4404 4405 2632
f 3735 4282 3736
f 1507 3657 1506
f 2262 4346 3706
f 4040 803 3827
f 1634 3610 3609
f 1189 2683 1854
f 1729 1730 3941
f 1033 860 862
f 1386 4413 3936
f 193 192 1194
f 3599 1350 1326
f 3372 3794 4179
f 4018 2500 586
f 4070 1214 2288
f 4339 4414 969
f 630 2415 3408
f 1354 4064 1356
f 3852 3404 3405
f 2053 2165 2054
f 3736 4282 1167
f 2247 4085 4415
f 2534 4052 1329
f 2067 2817 3494
f 324 323 550
f 4122 2676 4095
f 741 4217 3272
f 2059 3607 3740
f 3670 965 3371
f 3555 4280 3834
f 3387 3989 84
f 2825 1562 1675
f 4066 2975 3484
f 4263 2520 4143
f 2204 1777 1778
f 1833 2798 3500
f 1717 932 3831
f 2828 2369 2368
f 665 3964 3748
f 3376 4385 1339
f 674 673 190
f 1417 3955 1416
f 15 3418 3782
f 2918 494 187
f 2844 2763 2764
f 811 809 827
f 4324 4254 3741
f 2935 2934 2990
f 3842 2000 4416
f 153 1693 154
f 1116 3063 1610
f 637 635 1889
f 2554 4239 1229
f 3107 722 903
f 2728 2730 2621
f 4243 4077 2480
f 3854 3973 3855
f 1613 1612 615
f 3325 4287 3324
f 2414 208 4323
f 3638 2604 4399
f 2866 3365 4417
f 2537 851 1515
f 425 424 818
f 2901 438 3807
f 21 4402 4418
f 509 3633 2193
f 1682 488 3326
f 2506 2504 2293
f 1777 661 662
f 988 664 2301
f 3031 234 2891
f 1855 3653 2836
f 1762 3930 2746
f 1061 2686 3331
f 2352 3690 3787
f 2347 4222 4250
f 2070 2182 4155
f 1794 1683 1684
f 3572 3573 3844
f 477 3887 4235
f 2046 95 97
f 3510 929 927
f 252 3980 1262
f 477 3888 3887
f 899 3917 4105
f 2924 2812 2813
f 402 3171 2347
f 2429 1288 4039
f 66 2251 1685
f 1394 2262 3706
f 60 4419 59
f 2466 578 579
f 1123 3241 1124
f 4024 4052 2534
f 3067 2762 3068
f 453 1346 452
f 3985 3614 2104
f 4411 3024 2293
f 1725 255 1088
f 2423 3972 3973
f 3117 2072 4420
f 3715 3225 1886
f 2908 2909 1803
f 1126 1335 2241
f 2283 2282 772
f 454 2975 4421
f 3806 2964 2420
f 4090 4152 4081
f 3596 4382 60
f 3692 2978 887
f 803 801 2917
f 580 3752 1656
f 4350 1900 1901
f 3442 1364 1363
f 3072 2315 1210
f 4136 3352 2866
f 3733 775 447
f 4231 3449 1980
f 2057 1035 2408
f 4420 2072 2071
f 2708 4415 4085
f 550 3253 324
f 3956 2325 942
f 339 4301 3077
f 3859 1267 1499
f 449 3417 4170
f 1091 3278 3759
f 4154 1578 1579
f 2055 4422 4071
f 1368 1111 2450
f 2182 1860 1597
f 3631 3950 3694
f 4296 4355 2582
f 1260 3374 3844
f 1275 2412 2413
f 4175 2484 2925
f 1547 3840 3249
f 698 4311 311
f 1636 3191 2255
f 1540 2750 766
f 3062 503 1814
f 1329 4051 3814
f 145 144 2892
f 620 618 3106
f 2895 2743 2897
f 2523 3569 116
f 855 1230 854
f 4127 1427 2570
f 1318 1902 3465
f 4423 4028 3343
f 3844 3573 1450
f 3061 2439 824
f 498 622 623
f 3746 2680 3662
f 581 3864 1422
f 2953 4262 961
f 539 4411 588
f 3979 1807 1809
f 3712 4403 3893
f 535 1728 415
f 1439 2448 3895
f 1053 1038 870
f 1447 1445 304
f 2302 2303 1890
f 472 473 4261
f 4424 379 3066
f 3470 3446 4319
f 4384 3812 4300
f 174 1083 3334
f 1783 1782 1961
f 2703 1396 4342
f 3708 2508 3426
f 454 4421 4425
f 3930 753 4219
f 144 2563 2564
f 3138 3797 4190
f 2419 2418 3557
f 3802 1456 1457
f 985 3293 3292
f 2328 613 614
f 2288 1216 2287
f 4229 2575 2574
f 1648 3064 2732
f 245 1646 244
f 4251 3096 3899
f 3372 4179 1908
f 1370 2451 4053
f 1953 3141 4332
f 3773 4333 3948
f 415 413 536
f 1005 2430 2429
f 2088 1396 1395
f 3384 3173 3199
f 4426 3994 594
f 1324 4330 3576
f 2814 1791 1793
f 3965 692 2715
f 2575 2345 2576
f 714 4255 715
f 3326 3268 2862
f 487 4034 1800
f 1095 3993 2001
f 1686 3781 4185
f 2622 1006 1745
f 56 58 3011
f 4172 4173 2479
f 3707 2184 2706
f 2769 1119 2037
f 2334 731 2890
f 1056 1057 1527
f 2793 3120 4404
f 2563 4117 3770
f 260 2127 2126
f 2543 2531 1476
f 4160 3342 4028
f 938 3892 4427
f 4348 3425 3583
f 1278 2799 3371
f 4351 3984 3982
f 1088 3193 1086
f 3842 4196 2000
f 4297 3159 4428
f 3100 1183 2207
f 3973 4281 2423
f 1354 3429 4064
f 1864 3881 3214
f 3456 1132 1888
f 2327 2113 2786
f 2159 2160 464
f 3666 2775 2175
f 140 2821 1007
f 2582 4031 4296
f 156 3237 155
f 1595 3116 1731
f 4350 3982 1938
f 828 865 3792
f 1264 1265 2774
f 3789 3907 64
f 2994 4429 3492
f 4309 3769 373
f 1611 2548 2089
f 119 2509 3207
f 2980 3521 3042
f 3178 962 963
f 3280 3064 4364
f 3942 3206 4180
f 4410 3149 1784
f 1906 1627 1628
f 1463 3343 2473
f 1277 4430 1772
f 3585 482 1783
f 3802 1989 3033
f 4271 3059 3934
f 3775 4363 263
f 3188 2787 239
f 2275 2600 4020
f 999 1143 1000
f 957 2834 955
f 1994 1993 77
f 2122 2123 501
f 1495 2446 2542
f 3421 4229 1479
f 776 2850 449
f 3657 1071 1506
f 4251 3899 170
f 986 2146 985
f 3711 2713 1196
f 2331 3007 3742
f 2789 3782 2788
f 3369 1899 2871
f 239 1348 338
f 452 2274 921
f 1410 3860 162
f 1660 3579 3581
f 254 1725 4083
f 2204 2205 171
f 3822 2358 1771
f 3756 3514 1940
f 521 3385 4431
f 1288 4432 4039
f 4261 3126 3125
f 3343 4028 3342
f 3283 3525 2188
f 2135 1012 4023
f 2920 4434 4433
f 1974 1162 1043
f 1560 1055 1561
f 3589 3013 1481
f 1948 3294 894
f 2578 2577 1559
f 2692 3109 3108
f 1731 3161 1554
f 1759 562 2283
f 2377 502 3062
f 1816 2705 4072
f 3933 66 1685
f 2731 3411 2701
f 759 760 524
f 1999 1998 1650
f 3187 3200 3666
f 3027 3440 2379
f 4025 1481 58
f 325 4435 3607
f 3308 4152 4151
f 608 4042 606
f 3192 11 4072
f 4436 1367 3596
f 3088 3784 3511
f 2715 692 693
f 4404 3120 2835
f 1804 3217 3218
f 3023 2708 4085
f 2570 1045 849
f 3117 4420 3095
f 1406 3205 1407
f 1110 3407 1112
f 3411 1364 2701
f 1843 3995 1842
f 3041 4437 3798
f 2374 1972 2373
f 4177 541 1399
f 109 4438 4122
f 2251 2744 3962
f 3547 3768 1750
f 4439 2318 663
f 2596 1823 4373
f 3661 3660 1700
f 1733 1609 2889
f 1934 1932 2610
f 1037 1035 2055
f 3282 4276 3146
f 1340 1338 1050
f 3191 3190 3420
f 3825 52 3268
f 4440 2856 2857
f 278 279 3942
f 4289 1835 3492
f 2408 4080 1988
f 3547 4167 1935
f 1170 3267 1169
f 3078 1133 3456
f 3884 1394 2812
f 91 3702 395
f 2364 2362 4116
f 1912 2819 2172
f 3218 2653 3361
f 1603 349 4396
f 1102 292 3702
f 2343 2196 2197
f 2478 4441 707
f 2422 3050 3879
f 781 780 2465
f 4318 495 3016
f 4342 3931 2703
f 1254 259 260
f 1140 2298 2300
f 97 96 1246
f 2272 2527 4442
f 2406 2405 1775
f 2897 2743 4443
f 410 3389 2388
f 2888 3981 826
f 2390 1228 2042
f 2151 2432 2702
f 2433 1256 4444
f 3124 74 4445
f 488 3825 3326
f 1183 3678 1184
f 991 1822 1467
f 2005 4446 4136
f 1831 256 3998
f 2714 700 701
f 4016 1962 3729
f 3248 3614 3985
f 3263 1191 3716
f 3386 4206 3388
f 2857 1704 1703
f 2652 4141 375
f 1743 1742 2366
f 140 2218 2821
f 1638 2926 1383
f 261 2789 4400
f 2646 3111 3110
f 750 3357 749
f 3285 4113 2304
f 609 3593 1323
f 4135 221 3519
f 732 730 4356
f 4357 4294 2494
f 2074 3195 18
f 2791 2790 1509
f 704 138 1052
f 915 2251 3962
f 1058 1056 947
f 3970 1666 986
f 4344 4014 2664
f 1478 2273 938
f 229 2145 230
f 191 4362 2521
f 3884 2812 2924
f 703 1723 702
f 3047 2007 2725
f 2697 2696 3134
f 1623 4284 2
f 1729 3941 286
f 3729 1962 2753
f 1528 3011 1529
f 1097 729 727
f 619 3814 4051
f 1291 759 1292
f 1964 3804 1963
f 4109 4447 2768
f 2721 936 2931
f 4338 3874 4360
f 691 1144 1146
f 3181 3182 420
f 4055 516 4448
f 1466 409 1571
f 2104 1508 22
f 580 1656 149
f 2873 3553 2238
f 4385 2541 3858
f 1203 570 1202
f 2538 4428 3904
f 2984 3363 2985
f 819 3130 818
f 558 200 1296
f 1040 2230 869
f 2195 124 4233
f 326 1857 656
f 4148 145 2892
f 449 4170 2299
f 3074 2216 3075
f 3713 4121 1482
f 3435 2114 1694
f 1711 1353 3057
f 1274 4449 4387
f 4296 1388 4003
f 492 417 1319
f 66 3933 65
f 669 1896 3461
f 1503 1501 4221
f 2505 3792 2504
f 503 501 2123
f 1112 3407 2195
f 4388 3637 3958
f 1696 810 811
f 2271 3651 474
f 3621 1502 2108
f 1526 2328 1810
f 3482 1024 1025
f 1093 2844 3886
f 1688 4286 4326
f 834 3539 2998
f 407 4450 2136
f 4399 1345 3638
f 2915 668 2843
f 162 3819 3552
f 322 2853 320
f 1033 3528 1032
f 2444 706 705
f 2625 1905 1032
f 1588 1448 1587
f 3622 3901 2655
f 4258 1255 1257
f 2948 970 508
f 237 235 3838
f 2450 1370 1368
f 3891 1308 1400
f 2098 67 65
f 1063 3342 4160
f 1666 329 2146
f 2807 752 2254
f 179 72 3449
f 1485 2080 3654
f 3472 889 2285
f 1009 1729 286
f 4114 791 2428
f 1086 4117 143
f 2409 4451 4452
f 3829 925 926
f 4369 3900 928
f 2481 4290 1470
f 3262 4453 28
f 2033 79 4253
f 638 227 3366
f 1674 2890 1840
f 4162 4454 4399
f 665 663 3964
f 1107 212 10
f 3139 2711 2797
f 2563 3771 2562
f 3929 1805 4152
f 1080 1079 3718
f 1110 1111 1442
f 3144 818 424
f 4389 3292 3105
f 2979 1310 3187
f 2209 3843 3458
f 2407 4108 3991
f 4409 1983 4176
f 266 3341 1546
f 4432 2962 711
f 1598 4455 3765
f 1608 4249 1861
f 3958 3637 1345
f 1849 4357 1848
f 3594 2026 1885
f 1795 3990 463
f 1172 2162 4260
f 4456 725 726
f 4457 584 3083
f 3821 714 4210
f 177 882 72
f 3753 3098 1532
f 1512 3676 1513
f 2308 4057 1462
f 336 337 3181
f 2020 1693 3711
f 4232 2577 2041
f 622 2123 621
f 1918 4137 2763
f 1348 2787 1159
f 3564 2469 309
f 1080 4458 1078
f 4086 4367 4366
f 4255 297 715
f 4388 964 3670
f 127 126 4236
f 3957 196 197
f 465 3013 2567
f 1211 1591 1592
f 297 295 1362
f 3281 4132 2822
f 1300 4065 1449
f 4028 4423 3504
f 1383 2928 4075
f 2294 3810 623
f 235 1400 3838
f 4456 4459 725
f 4010 145 4148
f 3054 3055 340
f 2204 171 4093
f 4447 2322 2768
f 1612 617 615
f 2189 2547 4460
f 4123 1504 4029
f 515 4055 1754
f 4039 4432 711
f 1356 2268 4288
f 2157 1865 2250
f 3897 1537 4053
f 402 403 432
f 1007 4153 1681
f 1575 788 3963
f 3202 1433 1434
f 2602 3493 2270
f 3741 4292 4324
f 1422 4087 3750
f 2863 2862 152
f 154 1693 2020
f 1604 2260 807
f 368 4434 2920
f 2360 3464 2359
f 1028 1027 2633
f 2787 4193 1019
f 1963 2364 2705
f 1833 2994 1834
f 2071 4461 4420
f 3979 1944 1013
f 2785 3644 2947
f 3089 1753 1752
f 2189 2791 1509
f 2030 2464 1389
f 1036 782 4462
f 223 2667 3041
f 2381 3659 1638
f 1944 3502 4288
f 4321 2815 3279
f 505 4049 4320
f 3282 3145 3837
f 1380 3521 3789
f 2380 2378 2157
f 3529 1319 1321
f 4220 3919 4378
f 1290 2510 2558
f 982 1871 983
f 3953 4002 4317
f 4058 386 4059
f 3490 3489 4074
f 906 908 49
f 2715 832 3964
f 4079 1247 640
f 1713 1711 3151
f 1880 1881 3674
f 2913 3778 4252
f 3715 3714 3472
f 3236 1886 3723
f 1445 3994 1052
f 3312 3310 2871
f 2423 4281 3696
f 381 3438 3850
f 1481 3591 3589
f 3899 168 170
f 1974 3600 1326
f 496 1443 495
f 3228 2885 2886
f 2638 2877 4009
f 1653 770 1652
f 4026 2946 2947
f 345 2455 346
f 2049 2765 3253
f 126 2818 4236
f 4121 3634 2312
f 3038 4165 1024
f 3927 1288 1287
f 1250 4367 1252
f 2928 2491 4074
f 1256 2433 2512
f 4246 3743 1071
f 915 3962 914
f 2356 2869 2919
f 29 1450 1758
f 1387 1610 1388
f 758 756 1994
f 1360 408 4030
f 1679 397 4463
f 4305 4018 586
f 1534 2501 3847
f 4218 3426 3427
f 458 333 3220
f 4147 4375 3849
f 2776 1152 3025
f 2740 4464 1429
f 4341 4204 4340
f 4462 2029 1036
f 837 646 645
f 1481 1482 3591
f 989 988 845
f 2010 413 747
f 2316 1179 699
f 1558 2952 3002
f 1303 3238 3155
f 2868 4465 1943
f 791 1289 2428
f 1879 4309 1878
f 2550 3440 2150
f 4439 3630 2318
f 2531 1625 1
f 2674 3995 1843
f 4465 4402 1943
f 596 1425 1505
f 2316 3175 1179
f 2882 4151 4090
f 1264 3921 1263
f 4466 2965 4188
f 4176 504 505
f 1293 3091 2940
f 2946 3820 2945
f 1582 45 2597
f 1311 3362 3957
f 1358 3222 2092
f 3999 3465 3005
f 1524 110 4011
f 52 2156 3268
f 4467 1856 1149
f 3440 2551 2112
f 3348 39 37
f 3629 1544 4032
f 2038 2037 3878
f 1556 1581 3298
f 1993 4095 78
f 2783 2631 2559
f 3408 1909 4468
f 3265 3499 745
f 1966 3642 3986
f 3561 1829 1830
f 919 1456 2936
f 2358 1925 2217
f 3565 3585 1783
f 1012 1014 4023
f 515 798 3283
f 3313 2096 358
f 3853 2956 1969
f 2555 3284 4338
f 796 1363 838
f 4469 3034 3762
f 3530 4187 3529
f 3375 284 285
f 626 4062 625
f 3058 3822 1771
f 525 3815 946
f 3060 2964 2965
f 3091 1294 2784
f 1751 2996 682
f 2893 3933 4185
f 4397 3924 570
f 1649 2611 299
f 2819 2820 4198
f 2435 2959 2434
f 1140 3033 2298
f 2344 4229 1184
f 4466 2640 3156
f 3042 3521 1380
f 1258 3624 2872
f 28 3636 3721
f 3165 3247 654
f 2073 3166 1286
f 3311 3312 3691
f 2513 2856 2899
f 2144 2263 3173
f 3617 2145 229
f 2590 2039 2660
f 4242 4470 2015
f 4313 1091 4384
f 3766 3765 4243
f 3172 395 3702
f 465 1529 3011
f 889 3472 3714
f 1411 1413 748
f 5 1157 572
f 3384 1748 1749
f 2868 786 1643
f 1565 3902 1564
f 2103 3143 2101
f 411 558 412
f 4107 4245 4169
f 1002 2367 3749
f 987 2524 4220
f 414 745 413
f 1562 1877 1675
f 3231 2069 2161
f 1091 1090 3278
f 836 837 645
f 2909 2501 1535
f 1226 1200 181
f 1982 1983 726
f 2478 3554 2476
f 2353 3541 2441
f 180 4316 3462
f 1625 2584 3505
f 3610 1634 1635
f 331 83 1570
f 3028 3916 1312
f 1880 2967 1882
f 4450 407 1808
f 3481 4471 3542
f 3462 182 180
f 2040 2590 2456
f 637 1096 1095
f 2890 731 732
f 1609 1608 1861
f 4333 3773 20
f 2808 616 2140
f 1152 1923 4254
f 313 311 4311
f 452 1346 4107
f 4078 370 1081
f 863 1001 2714
f 3539 423 341
f 909 4472 47
f 221 4135 40
f 1620 232 3410
f 1096 3090 4349
f 2185 2532 3128
f 431 3981 3866
f 2558 2754 1290
f 2646 2960 2645
f 3344 1696 2131
f 3182 3180 2120
f 455 3483 2975
f 523 3816 525
f 3871 511 4132
f 1263 3921 2068
f 1429 1428 3031
f 227 4362 3969
f 4272 2593 628
f 3275 3274 637
f 1287 1289 2439
f 234 3031 3030
f 2539 4385 3377
f 659 3306 3660
f 3777 228 226
f 4277 2086 2085
f 1543 1284 1285
f 1414 3026 2427
f 782 783 4473
f 3346 2671 2742
f 137 704 3629
f 2578 2751 2043
f 4474 1535 1536
f 1011 4475 3623
f 3835 3304 1825
f 1377 2402 3888
f 4349 646 837
f 1581 1556 107
f 260 2291 2127
f 280 4146 4147
f 2630 2631 2783
f 1545 4082 1651
f 248 4317 2022
f 4304 1240 3357
f 393 394 526
f 2883 2881 374
f 2586 510 511
f 3533 2763 2844
f 1360 1358 2092
f 3199 3198 4364
f 1375 1374 1663
f 1106 4387 4449
f 4194 2992 2730
f 166 2884 165
f 4346 3913 2178
f 3149 425 3130
f 2872 3625 2559
f 2693 2694 2561
f 414 1728 3264
f 3296 1299 4068
f 1266 3687 2016
f 3875 4266 696
f 1390 4352 1391
f 1549 980 2906
f 1826 2546 1669
f 1598 4476 1491
f 4249 4222 2609
f 664 4439 663
f 2347 1503 4222
f 1593 3713 1483
f 3672 3671 3542
f 2926 3658 2927
f 1150 1220 4477
f 2475 1322 461
f 2223 2221 2785
f 2648 2242 4142
f 2164 4366 4139
f 3923 2474 2473
f 3710 3426 4218
f 3129 3399 1317
f 3207 1010 1011
f 1920 820 1919
f 2901 3807 2651
f 3410 690 1620
f 4278 1171 2337
f 3765 4077 4243
f 505 2076 4049
f 2806 2805 3754
f 4435 4046 3739
f 3509 857 3813
f 3602 2097 3563
f 728 4305 585
f 3175 3176 3932
f 4297 3889 3159
f 4121 3591 1482
f 2443 1797 1796
f 3521 2981 3789
f 3860 1410 1409
f 378 2265 2988
f 919 4267 1457
f 3497 3296 4068
f 1912 2172 829
f 1922 3094 721
f 1182 4184 2201
f 1313 1312 3627
f 3936 4413 3029
f 2551 1641 2223
f 4378 100 4306
f 2963 2962 4432
f 2521 4362 228
f 4379 686 159
f 837 1364 3411
f 4054 3940 2007
f 4416 3457 3458
f 2463 3673 3486
f 956 4099 957
f 1069 2413 4007
f 3320 2015 4470
f 226 440 3777
f 3015 903 904
f 2110 3866 2109
f 1002 3749 1484
f 2519 2527 2528
f 3601 3524 3588
f 1418 1416 2120
f 3008 546 545
f 3599 3600 1633
f 3679 2794 2423
f 1910 4211 2963
f 404 4250 3359
f 1867 1865 2157
f 1261 3772 3615
f 3912 2442 2937
f 2727 4476 3765
f 2341 1418 2119
f 2343 629 2290
f 1491 3846 2063
f 346 2012 2013
f 3481 3542 3081
f 1652 2544 3248
f 251 1747 1606
f 44 2777 3577
f 2982 3907 2981
f 4044 3617 229
f 2900 3683 2901
f 104 1613 1059
f 3848 3743 3744
f 2673 3198 2579
f 4253 3367 4166
f 2402 3266 2386
f 2491 3490 4074
f 3579 3727 2314
f 1856 2452 1136
f 69 4128 68
f 2476 4375 4147
f 2378 2441 2158
f 3935 1806 4021
f 3932 70 850
f 4136 4446 3352
f 1267 3859 2613
f 768 3436 2459
f 3048 2681 3443
f 4352 1605 1746
f 401 399 2417
f 2672 4315 4316
f 4457 2497 584
f 3464 2836 3653
f 1279 3500 2798
f 1534 2973 2107
f 2676 806 4095
f 3837 3145 1639
f 3648 3531 3783
f 2486 4091 1227
f 3160 373 3769
f 2176 3763 3639
f 1430 4448 1141
f 228 3777 2522
f 104 1059 164
f 1607 3359 1608
f 1998 4032 1650
f 280 281 4146
f 4278 2165 2606
f 1610 3063 2739
f 653 2164 3204
f 4328 4331 1294
f 2657 2887 3235
f 731 2906 730
f 1992 3799 2300
f 3235 2887 3413
f 975 4138 3506
f 2978 3282 887
f 3540 3557 2418
f 2386 3266 1864
f 3571 3738 3570
f 4199 2363 1963
f 1141 4401 113
f 2852 2851 4274
f 1229 3926 1228
f 2716 693 3302
f 2740 2891 1368
f 3834 4281 3973
f 1390 1205 4352
f 3390 3507 3391
f 3620 4478 3622
f 1893 2432 2187
f 3842 3961 4196
f 2189 2809 2791
f 3665 1207 1208
f 3847 2852 1156
f 3825 1234 1403
f 2270 3512 2602
f 3589 2880 2757
f 278 2072 3118
f 2974 806 405
f 410 412 1496
f 2953 3002 2952
f 1265 2339 2774
f 1221 1208 3944
f 4479 3604 4013
f 1823 4120 1281
f 1644 1695 244
f 3688 3151 2619
f 2957 2806 3586
f 2516 4199 3804
f 1991 3799 1992
f 4134 105 2249
f 1217 1219 4411
f 3940 1522 2006
f 3467 4174 3699
f 716 3818 3819
f 4366 1173 4086
f 299 3695 298
f 1257 1393 1392
f 3836 795 794
f 3673 555 553
f 3312 1164 1165
f 428 4469 427
f 3388 3245 3989
f 4029 1734 2503
f 3629 702 2643
f 4347 4346 4360
f 3690 2352 3758
f 1715 1457 1716
f 3481 3480 4471
f 3029 32 33
f 3397 2421 2422
f 3513 406 2823
f 1679 1678 3693
f 2168 2697 129
f 3538 3170 2831
f 155 3731 1222
f 881 879 2956
f 1249 2580 4377
f 2487 3612 3008
f 3628 250 808
f 2306 3597 3017
f 2611 2610 1932
f 1398 4183 3338
f 784 1530 1432
f 1678 743 3966
f 1549 2906 731
f 737 518 2565
f 4461 2071 3277
f 870 1038 1040
f 2205 4426 594
f 874 4348 3758
f 1606 807 251
f 1841 3536 2644
f 1154 1153 3316
f 3460 3459 1626
f 679 75 677
f 2542 4048 3902
f 2987 31 32
f 3427 842 4282
f 697 3400 698
f 3121 287 288
f 4227 2098 3416
f 3080 587 1618
f 894 892 1947
f 973 972 2692
f 243 241 3228
f 3002 2025 1558
f 3289 4034 4033
f 3333 1867 2158
f 3164 3211 2972
f 2138 4400 2139
f 2882 2755 2881
f 4101 1453 999
f 4106 3808 989
f 4379 1664 686
f 2101 3737 472
f 1650 4032 1545
f 2926 2928 1383
f 3598 4130 3597
f 1076 953 954
f 2769 3402 1118
f 1797 2919 3295
f 3951 2130 3952
f 2946 4026 2565
f 1464 4423 1463
f 3308 3307 3929
f 3661 1578 112
f 379 4424 4480
f 2936 1511 919
f 4297 2845 3889
f 873 1379 3228
f 1991 13 3551
f 1152 1151 1923
f 2377 1405 4337
f 2510 220 2558
f 854 1230 2390
f 3192 2364 4116
f 2389 2534 2533
f 1286 2070 1232
f 4359 1002 334
f 995 1380 3790
f 3670 3669 4388
f 2108 2109 3705
f 1354 3428 3429
f 220 4205 1186
f 476 4234 1378
f 964 3958 3362
f 4138 975 456
f 1104 2125 3587
f 3249 1548 1547
f 1460 2779 1645
f 3681 2517 3682
f 1362 971 1563
f 2423 2425 94
f 4206 2726 1852
f 2100 1055 1560
f 2894 1659 2554
f 1372 2382 2383
f 710 88 86
f 2103 2102 4261
f 3680 3682 2292
f 2258 3726 1909
f 733 2338 1490
f 2745 2747 4216
f 509 3574 2278
f 4481 42 1525
f 1775 4445 458
f 448 1874 447
f 2145 1749 230
f 2656 2598 3622
f 3753 1306 3097
f 4041 3177 3178
f 3702 292 3172
f 2093 2095 3490
f 2114 670 671
f 2083 4188 2084
f 3864 4087 1422
f 3452 4233 124
f 963 961 4262
f 3327 2861 2147
f 833 2716 1872
f 1591 1211 1213
f 3082 3500 3265
f 2423 94 3972
f 640 639 4079
f 4311 3757 1023
f 3203 978 979
f 3373 4372 3572
f 906 4247 3785
f 4304 1239 1240
f 1146 1145 3074
f 2917 2675 3394
f 1062 24 1658
f 1602 3291 2525
f 1642 1575 1643
f 2682 3503 1464
f 386 387 895
f 4482 2515 2304
f 1877 343 1676
f 4290 3393 1470
f 2750 2710 744
f 4257 3112 2075
f 917 4267 919
f 3454 3452 1411
f 577 410 2388
f 916 161 1687
f 3949 1786 4384
f 4066 3484 4165
f 1136 1135 1147
f 2081 884 2473
f 3173 394 3172
f 2046 2045 3084
f 147 2255 4343
f 4098 527 528
f 3503 1978 1977
f 1377 4431 2403
f 986 987 4220
f 3437 2036 3438
f 4230 610 4142
f 161 916 1756
f 86 1477 2348
f 4168 3778 2913
f 3399 4088 4201
f 1817 3275 1889
f 3441 3392 48
f 1986 2983 348
f 3568 1461 548
f 857 858 3700
f 2796 3901 4478
f 266 265 4130
f 2769 1118 1119
f 396 3693 3967
f 2912 4131 1732
f 4436 4395 4469
f 4239 3178 3926
f 3123 74 3124
f 777 3541 2111
f 722 905 903
f 62 2982 1359
f 423 3539 2811
f 2867 3939 4465
f 1207 2152 1635
f 1004 1005 4039
f 3826 1619 97
f 3341 4130 3598
f 3666 3668 1454
f 688 2228 960
f 3672 1033 1034
f 1945 4288 2268
f 957 950 2834
f 3834 4280 4281
f 3750 1424 1422
f 1641 2550 1639
f 3506 1657 1655
f 3119 3261 3262
f 3514 1845 2220
f 2584 1625 2531
f 4459 2119 2121
f 2069 3877 943
f 122 2195 3407
f 2320 1144 692
f 577 578 1596
f 4005 1153 3878
f 2456 1473 1474
f 4024 4256 2557
f 1807 4450 1808
f 3006 2652 2653
f 3390 3135 3903
f 1081 814 3664
f 2058 4303 4037
f 4226 3737 2829
f 2079 1230 855
f 3723 3225 651
f 3070 4386 2572
f 1353 1711 1351
f 865 863 3681
f 148 4279 981
f 2878 513 512
f 1999 1650 4283
f 612 4098 4480
f 1521 3543 1520
f 3367 2018 3368
f 2477 4441 2478
f 981 4279 3822
f 152 154 4483
f 3355 1350 3599
f 3696 4280 3555
f 1684 1138 3863
f 115 4149 4460
f 4072 3305 1816
f 3836 3960 3961
f 3537 3486 3673
f 4362 227 228
f 2549 1218 2528
f 3392 4290 2482
f 4001 1237 1850
f 2671 3346 2670
f 4429 2270 3492
f 2863 3917 2861
f 2700 2399 1736
f 1 1623 2
f 274 4102 1928
f 3469 1718 3921
f 3578 2796 4478
f 2883 3893 2882
f 2146 331 1570
f 3423 1765 3422
f 4443 2743 2614
f 911 1319 3529
f 165 2884 977
f 509 2278 3633
f 4395 3256 3142
f 3465 3466 3005
f 609 4126 3593
f 1991 3551 3862
f 1008 1729 1009
f 2121 132 4459
f 1292 759 4184
f 776 291 290
f 3147 608 2203
f 2216 4334 3075
f 282 3768 1928
f 4451 4470 2626
f 4374 3526 1740
f 1906 1750 421
f 3316 4006 568
f 2615 2743 4008
f 459 457 933
f 696 695 3340
f 2507 2137 604
f 3567 2459 2460
f 3156 3090 1096
f 3391 3401 272
f 2778 2777 2636
f 214 213 4484
f 2879 4121 2312
f 1737 3285 2302
f 1402 4277 3870
f 2085 1247 1246
f 1532 3098 1531
f 3892 87 1712
f 4427 939 938
f 1836 4376 1838
f 3602 605 2097
f 3574 2679 2278
f 2349 948 3977
f 2437 4383 4070
f 2246 3828 1813
f 3939 4333 4418
f 3725 2284 4211
f 1043 1973 1974
f 995 4159 996
f 1572 1082 1084
f 3016 3476 4318
f 1171 4278 3697
f 1981 2376 1551
f 2399 1950 1736
f 4442 2271 2272
f 4322 2207 2944
f 4371 1392 3884
f 4304 3168 3167
f 4180 3206 1406
f 701 2878 2518
f 917 4273 1716
f 4141 4412 3712
f 1545 1543 4082
f 1965 2705 1816
f 151 149 1670
f 4351 4350 4368
f 3212 4062 3214
f 1377 2403 2402
f 2442 1669 2937
f 3117 3095 3321
f 720 3430 719
f 772 1302 1303
f 2249 3916 3028
f 1680 142 141
f 3642 1654 3986
f 926 1252 4086
f 2236 2238 2478
f 4317 4318 3476
f 3153 1438 1439
f 2974 2989 2018
f 997 554 998
f 656 4467 1149
f 1924 2571 360
f 3654 2489 4084
f 3891 3795 2372
f 940 942 4485
f 1190 2683 1189
f 1836 3811 4238
f 3383 4364 3064
f 1090 3685 3279
f 4436 3596 4395
f 2192 3633 4433
f 1779 1894 932
f 2525 3292 4389
f 1103 1590 294
f 2518 2517 701
f 785 1943 1933
f 1564 3948 4333
f 2656 2351 2047
f 86 2348 1815
f 341 2244 3539
f 1099 4167 1628
f 3954 1922 1151
f 1769 247 2317
f 3948 767 3773
f 3767 4272 384
f 3713 3928 4486
f 2632 3572 4372
f 3306 4481 1525
f 4428 3159 3160
f 2272 2994 2526
f 520 521 3460
f 1930 3189 2232
f 522 1141 3823
f 815 3534 4293
f 3774 1567 1569
f 1510 1509 918
f 4094 3999 1270
f 438 436 3807
f 3659 3658 2926
f 2643 1512 1284
f 1167 4265 1166
f 2655 4479 2351
f 800 3643 2749
f 3421 3609 1185
f 1063 1065 2489
f 2048 1437 2765
f 4211 3726 3725
f 3445 3160 3444
f 1920 1921 1158
f 647 825 1714
f 2660 2185 2591
f 3761 533 2615
f 1044 4464 1632
f 2116 3654 2115
f 2213 2212 3945
f 458 76 4359
f 2053 739 3704
f 3229 318 319
f 2427 3025 4254
f 563 3903 2803
f 890 299 300
f 320 3325 3323
f 2348 4056 2636
f 2399 3007 4307
f 4421 2975 4066
f 3711 3133 2713
f 4093 4092 2204
f 4181 3076 2832
f 821 4171 2311
f 2303 4189 3805
f 2504 3680 2292
f 3719 945 944
f 378 4480 528
f 1600 1016 1017
f 2753 2735 2734
f 3803 3694 2214
f 1638 3659 2926
f 4084 2115 3654
f 2674 3036 4103
f 2569 1018 1019
f 2545 3614 2544
f 2163 653 2421
f 2389 4257 4024
f 468 3095 4420
f 3762 427 4469
f 1187 2558 220
f 357 2096 2050
f 394 3099 526
f 907 2589 908
f 3809 742 3859
f 3493 2603 4394
f 2172 1773 685
f 388 2969 387
f 1257 1256 2512
f 4261 2102 472
f 2824 3350 1039
f 325 324 4435
f 613 2945 612
f 362 361 4194
f 3817 236 237
f 3329 4003 2739
f 2736 2735 1720
f 3639 572 3640
f 1409 3895 3860
f 148 3251 2874
f 1982 724 3447
f 2192 4433 2849
f 1513 2951 3155
f 4364 3383 3199
f 3277 4393 4461
f 2907 3566 2501
f 3171 402 430
f 1868 2986 4225
f 4443 2614 3249
f 1575 3757 788
f 3688 1713 3151
f 1058 2023 3070
f 1828 3534 815
f 1857 1790 1858
f 354 3318 2453
f 2404 2403 3824
f 3183 4133 3779
f 1600 2191 1601
f 2772 4273 157
f 2330 3300 4295
f 3873 2200 3162
f 1879 1523 3769
f 1745 3322 2622
f 4385 3858 1339
f 719 3431 1920
f 3372 173 4487
f 1267 2366 1742
f 1142 1709 1000
f 2900 2650 2869
f 409 408 1571
f 4252 3358 4131
f 3436 186 3437
f 1923 721 3741
f 3422 1765 1766
f 2704 3424 671
f 3316 1153 4006
f 4025 4045 1483
f 3439 3390 720
f 2455 3750 1130
f 2098 210 1108
f 1717 1718 1779
f 3956 2474 3935
f 96 3432 2585
f 1147 1135 3219
f 1895 3568 548
f 2021 1195 3137
f 900 4105 3575
f 2786 2785 2947
f 4124 3675 3676
f 9 3890 3050
f 2259 888 1313
f 205 3898 1493
f 1043 1957 1045
f 2986 952 951
f 1766 321 2503
f 943 2161 2069
f 1960 3327 1459
f 1131 1133 2513
f 2201 2202 2445
f 3313 21 2096
f 3086 973 2692
f 3057 3536 3056
f 1636 1634 3191
f 2645 2961 4416
f 3581 4178 1660
f 815 2217 1475
f 4180 1406 1361
f 3692 2977 2978
f 3754 482 3585
f 4258 1257 1392
f 629 627 2290
f 544 3977 514
f 3877 2069 2068
f 329 835 330
f 4123 3415 455
f 63 3349 64
f 2306 1672 3597
f 3720 3719 2252
f 2891 1442 1111
f 1734 4100 2503
f 1502 3621 1501
f 3894 4115 1372
f 1032 4452 2625
f 2873 798 799
f 1858 2400 2401
f 6 572 3639
f 122 1555 123
f 3927 4432 1288
f 2974 405 2989
f 536 2010 681
f 3427 3735 4218
f 1810 614 1584
f 1862 4392 2239
f 3920 3922 4192
f 3701 237 3700
f 1852 4409 1851
f 2573 366 367
f 3745 265 2680
f 3367 2507 4166
f 2471 1307 69
f 3514 2220 1336
f 2521 2522 2369
f 4343 2235 1924
f 444 3495 446
f 4252 4131 2912
f 1378 873 1496
f 2845 2537 3886
f 4126 787 3594
f 1523 1917 3444
f 2256 2827 3684
f 1980 1979 4231
f 1858 2387 1856
f 236 170 235
f 687 2227 2228
f 2283 562 561
f 2026 1933 1934
f 3547 1906 1628
f 2295 4323 208
f 2678 3432 96
f 4238 822 2311
f 2830 2915 2832
f 260 2196 2343
f 198 200 3121
f 3635 4289 4394
f 3011 1528 2572
f 2064 1682 3326
f 636 1691 2699
f 2597 45 2707
f 1647 1748 1648
f 1244 4354 462
f 844 4106 845
f 3631 3971 3950
f 3313 1942 4402
f 681 2011 3880
f 1509 1511 2189
f 3419 735 2151
f 2736 1720 1721
f 3615 3772 3616
f 3556 3565 4016
f 3041 3798 223
f 2106 641 4240
f 4384 1091 3759
f 4115 4269 2931
f 4164 4093 172
f 313 4311 1023
f 574 2202 351
f 918 1509 3515
f 4397 570 1203
f 2797 2711 2407
f 3802 1990 1989
f 2013 1763 2745
f 3063 3280 2739
f 2599 1055 569
f 709 710 43
f 2671 134 2971
f 621 2124 3544
f 2936 3802 114
f 2209 793 795
f 1132 3456 1133
f 3289 1800 4034
f 4412 3158 4403
f 4448 517 115
f 3954 4477 4001
f 1570 1571 3293
f 1558 856 1557
f 82 80 3477
f 3936 3029 4406
f 2189 4460 2188
f 3922 1767 2691
f 3814 619 620
f 3672 860 1033
f 4025 1344 3161
f 4036 3571 304
f 1320 1319 417
f 3068 4154 1579
f 1992 3417 3418
f 3448 3449 4231
f 3368 2989 2136
f 2034 813 2032
f 2993 1747 1188
f 1238 1239 3167
f 3986 1654 3248
f 1231 4155 836
f 1720 442 443
f 4474 1891 1803
f 3028 3027 2380
f 1206 1635 1636
f 3910 1277 1772
f 3451 815 4194
f 4488 4457 2581
f 2448 3611 3606
f 793 445 446
f 3419 4259 735
f 1767 2935 2990
f 1111 1368 2891
f 1031 3649 1029
f 3517 3868 157
f 1338 878 2770
f 705 2718 4404
f 269 1373 268
f 2222 1641 1640
f 2468 1798 2467
f 4160 4027 1977
f 533 3761 2495
f 2755 4090 4081
f 1191 1189 3716
f 257 3289 4033
f 3716 2837 2805
f 3572 3844 3373
f 1258 1259 4140
f 2676 1401 805
f 1576 1574 1565
f 3213 2781 3103
f 1514 1168 1404
f 1948 894 4365
f 139 137 1998
f 3905 3904 3445
f 1437 1435 3353
f 3315 3317 877
f 1102 3703 1098
f 102 3853 101
f 1773 2819 3911
f 4451 2409 2410
f 3805 4189 2515
f 808 1313 3627
f 4399 4245 4107
f 950 4398 291
f 2066 1122 1056
f 3329 4296 4003
f 395 3172 394
f 1028 2633 3307
f 1759 2283 772
f 1062 3987 23
f 278 3704 739
f 174 4312 175
f 3479 2004 1226
f 2589 4486 3392
f 683 2175 2775
f 3386 3387 84
f 2108 2240 3621
f 3951 2129 2130
f 3462 4315 3380
f 3624 4241 4489
f 2875 2874 2494
f 2428 1289 2429
f 4284 1623 4207
f 3772 765 3616
f 2742 2628 3867
f 2979 3187 3666
f 4125 786 787
f 1356 2848 2849
f 4383 183 3540
f 3384 3199 3383
f 3085 1124 3242
f 520 3460 1626
f 2340 3677 2939
f 1878 839 111
f 3075 2831 3076
f 2703 3931 2529
f 1589 4482 4112
f 3397 4260 2163
f 2336 2970 2876
f 4121 3590 3591
f 2194 3429 2822
f 2792 1753 3089
f 352 2201 353
f 2084 3806 1588
f 135 2971 134
f 2878 4442 2518
f 2685 2937 2234
f 569 567 3620
f 697 4443 3400
f 1800 1234 487
f 3122 2457 4110
f 3392 3197 3196
f 424 3180 3144
f 1518 1268 3263
f 2956 2435 1969
f 4357 2494 2495
f 3724 416 1419
f 2688 1295 1293
f 2487 3851 1985
f 230 1749 1647
f 4306 846 1982
f 1628 4167 3547
f 1341 2400 1790
f 3965 2320 692
f 430 2110 3171
f 3330 2739 4488
f 1958 4351 1959
f 2562 4271 3934
f 3743 4246 3378
f 1101 2941 1936
f 2219 4361 1787
f 1914 4083 4291
f 1540 767 3948
f 1488 1486 1170
f 1236 3943 4294
f 3244 3989 3245
f 2476 94 2425
f 4301 4300 3812
f 432 430 402
f 2910 3158 4412
f 2112 2353 2379
f 2835 1451 3572
f 3519 4407 3835
f 522 1430 1141
f 2006 4014 4344
f 4040 914 642
f 2371 3606 3395
f 1089 3687 3685
f 4370 3102 1325
f 1024 313 1023
f 1263 3319 2339
f 2144 3384 1749
f 550 2049 3253
f 3348 2326 39
f 607 4310 4413
f 3494 2817 2634
f 260 261 4400
f 1916 306 307
f 2579 3198 294
f 1527 4490 2066
f 2672 225 1385
f 3287 323 4381
f 2034 3709 812
f 3782 3418 2498
f 4326 4325 1688
f 2889 1862 3705
f 2390 2043 2751
f 2870 2650 1832
f 2681 3048 4225
f 3461 2721 4270
f 4308 135 136
f 2566 3660 3306
f 1840 2890 1839
f 496 2702 2432
f 132 1785 131
f 4120 4485 2326
f 2042 4491 2041
f 2782 2375 3102
f 1533 1531 3817
f 590 2820 1912
f 2136 4450 1807
f 3641 3642 1967
f 619 4052 4024
f 4462 2028 2029
f 883 1115 1114
f 1901 1381 925
f 3854 2191 1600
f 1435 1972 3353
f 3113 1898 955
f 3623 4475 2311
f 3406 4079 639
f 3255 1026 1929
f 2271 4442 3651
f 64 3349 3789
f 3908 4037 4303
f 262 3261 3732
f 346 2013 3971
f 3306 1525 2566
f 4416 658 2645
f 1969 2435 2436
f 2540 1154 3315
f 2784 2365 3468
f 1599 1472 1223
f 3414 1677 3288
f 3721 30 28
f 1389 1391 4396
f 3886 2844 2845
f 35 2152 36
f 4380 593 564
f 850 1707 1706
f 3883 2595 3022
f 3382 4242 2014
f 2153 2967 36
f 3032 448 2298
f 4484 3298 3300
f 4112 4482 2304
f 4084 2489 2767
f 916 914 2733
f 969 4414 3136
f 1892 1802 1803
f 3021 3294 678
f 4426 2205 1778
f 2054 277 739
f 3955 3055 420
f 4448 4401 1141
f 3078 3079 1705
f 4015 2536 3122
f 1732 4131 1607
f 2065 2401 3125
f 2035 3641 1967
f 1737 2302 1890
f 174 176 676
f 3359 4250 1608
f 1280 1281 3662
f 3148 2016 3687
f 3727 1327 1349
f 2036 1967 1968
f 28 4453 3636
f 3054 3077 3290
f 746 3910 3911
f 443 1801 4118
f 1504 1734 4029
f 4408 1983 4409
f 1142 3775 1838
f 195 3636 2654
f 540 2997 1751
f 1831 3998 4248
f 2541 2540 3315
f 4124 3544 3675
f 2363 4199 1954
f 2640 3089 3090
f 536 413 2010
f 1588 4214 2084
f 3378 364 365
f 4300 4302 305
f 3905 3445 3446
f 4418 4465 3939
f 342 2049 550
f 3128 2591 2185
f 1720 2181 442
f 3784 4263 3163
f 3409 1225 209
f 2389 3112 4257
f 2486 3851 2487
f 1516 1047 1048
f 2916 1030 1286
f 2683 3081 1854
f 2320 3965 2318
f 1454 4101 2099
f 528 2265 378
f 989 4439 664
f 172 4093 171
f 1487 2186 1486
f 510 3574 509
f 3746 3348 3745
f 1975 4369 928
f 1958 3073 3984
f 764 2492 3558
f 1466 1822 62
f 2231 2229 2687
f 274 3548 1935
f 460 3576 650
f 3872 3873 4150
f 2412 4264 1062
f 2311 4171 3623
f 3937 867 866
f 4321 3279 3685
f 3836 2276 3960
f 3254 194 193
f 4337 4089 4492
f 2143 4308 4358
f 2087 3856 4325
f 3702 2923 2922
f 3195 4111 1868
f 1231 836 645
f 4487 173 594
f 4447 4358 3043
f 901 3133 1693
f 3355 3599 3356
f 3304 1702 1825
f 616 2808 2254
f 3523 4285 433
f 4108 4422 3991
f 98 99 2657
f 2713 3707 2706
f 1515 1516 3885
f 1776 2797 1775
f 3056 3562 2728
f 3821 2565 714
f 1298 2391 1296
f 4391 2252 334
f 2008 1819 1955
f 1484 884 2081
f 3146 2233 4043
f 3552 3780 1686
f 1349 3355 1238
f 2638 2280 2279
f 2000 657 4416
f 844 2454 4106
f 2998 3539 2244
f 2929 4025 3161
f 3643 800 4026
f 2691 4192 3922
f 2866 4417 3269
f 3442 2700 2701
f 2515 4482 1589
f 4059 4228 2384
f 889 1649 890
f 3466 4141 2652
f 265 3019 4130
f 4265 308 1166
f 4486 3928 3197
f 3180 424 2121
f 85 1468 1466
f 3044 136 134
f 2805 3185 3754
f 2353 2111 3541
f 1055 2100 1054
f 974 3647 597
f 167 4425 4421
f 3776 403 3358
f 3830 154 2020
f 436 3664 4336
f 4119 940 4485
f 1081 3664 436
f 2455 2012 346
f 3595 2641 2639
f 2314 906 3786
f 2670 3346 150
f 946 3815 3515
f 3007 3442 796
f 2363 1952 2362
f 2762 4154 3068
f 4487 594 3994
f 1577 3304 4407
f 3847 1156 2973
f 1000 1709 3174
f 3706 4346 2178
f 3443 3047 3048
f 2097 2443 1796
f 4431 3385 3823
f 4015 3559 3137
f 191 2354 189
f 4438 107 2106
f 4388 3638 3637
f 4024 4257 4256
f 662 499 3232
f 3326 2862 2861
f 859 857 3509
f 3233 3613 3945
f 4000 3006 3217
f 1579 4407 3520
f 4269 2721 2931
f 1270 3999 4000
f 1635 2152 3610
f 1895 549 1896
f 4189 2303 2304
f 607 606 3833
f 3870 3281 804
f 1516 485 3885
f 3361 376 2756
f 464 2160 465
f 4463 2091 1806
f 3700 237 3838
f 1401 2106 4240
f 1546 1352 1282
f 4172 3212 4370
f 3106 1233 644
f 1730 1554 3941
f 3236 3594 1885
f 792 791 4114
f 4088 3399 3398
f 3057 1673 2644
f 3003 365 3002
f 1593 4045 2929
f 3630 4439 3808
f 1851 4409 4176
f 2448 1440 3611
f 2174 4430 3371
f 3186 264 263
f 2987 3619 31
f 3729 2734 3258
f 244 1695 874
f 2153 1207 3665
f 318 3486 317
f 2880 3590 4121
f 3422 3724 1419
f 4023 2355 1066
f 4301 423 4302
f 496 4444 4215
f 4435 3739 3607
f 892 766 2750
f 3505 984 1624
f 3006 2653 3218
f 2299 2298 448
f 4183 1494 3338
f 4306 3970 4378
f 1022 1020 4369
f 3850 1744 380
f 3344 3760 1696
f 485 483 3885
f 4212 4010 4148
f 619 2557 618
f 4191 3897 3599
f 116 118 3413
f 1738 2699 1736
f 4243 4244 1331
f 1308 3372 1908
f 267 1546 1282
f 2640 2641 3089
f 1574 4063 2542
f 3624 4489 3143
f 723 2908 1803
f 3691 3914 3311
f 1875 3032 4114
f 2546 1667 1669
f 1029 1860 2182
f 2248 2247 4415
f 3674 3673 553
f 1514 1799 1168
f 3507 3903 563
f 2299 4170 2300
f 1622 1521 1522
f 1868 4111 2986
f 3250 1548 3249
f 1961 2305 2179
f 2289 1801 441
f 391 390 3491
f 3392 4486 3197
f 1425 1426 1735
f 3381 2307 4380
f 3918 4483 3937
f 129 2697 3134
f 3345 3477 3140
f 3276 4393 3277
f 3095 1487 1488
f 3523 3524 3728
f 450 4377 2154
f 3122 2536 2457
f 1084 3347 1573
f 231 738 229
f 3894 3582 4269
f 2480 4472 909
f 1944 1355 3502
f 2512 2261 1393
f 2818 3115 4237
f 2085 2586 4277
f 1112 2195 2449
f 1246 2585 2085
f 3694 3952 2214
f 3605 3604 4479
f 2311 4376 4238
f 758 2637 3152
f 2460 381 382
f 1294 1295 2296
f 1441 3826 1110
f 2191 3855 3972
f 2214 3952 2215
f 520 4055 4448
f 3832 3869 50
f 1683 2552 486
f 598 3851 2486
f 2204 3271 3272
f 4336 3734 3796
f 4444 2432 2433
f 2141 3093 3434
f 2229 2685 2687
f 1384 4075 2724
f 1297 4017 1298
f 458 459 1775
f 1572 3460 521
f 809 2912 1732
f 2182 4161 4155
f 4473 4462 782
f 3013 3012 1481
f 2659 2003 2002
f 2374 2372 3795
f 472 3737 4226
f 3319 3494 1630
f 1775 3124 4445
f 4305 4173 4018
f 2556 2555 4338
f 1803 1535 4474
f 2354 2169 2170
f 1839 732 3535
f 4168 2370 2369
f 2204 3448 4231
f 3427 841 842
f 2786 2945 613
f 1362 1563 89
f 1299 480 2156
f 2665 2224 2475
f 628 3882 2922
f 2030 4396 1869
f 4451 2410 4470
f 661 4217 741
f 2802 2803 4414
f 3549 3817 3701
f 3151 3057 2620
f 2839 2068 1719
f 2512 2556 2261
f 1629 1631 3677
f 3914 3691 3946
f 4403 3308 4151
f 3076 2831 2832
f 1656 3751 1655
f 880 2361 3382
f 2972 3247 3165
f 1739 3938 1741
f 1798 1797 3295
f 1701 2566 1811
f 1381 1315 924
f 3119 3811 1836
f 2362 4332 3770
f 1575 1576 1643
f 4388 3669 3635
f 3386 1480 4206
f 876 3317 1054
f 3121 1009 287
f 4207 350 348
f 2277 1290 2754
f 1303 774 772
f 2545 3657 1507
f 2165 4278 2208
f 3896 1846 1847
f 4223 3546 4022
f 4129 1708 68
f 4098 528 4480
f 3157 1769 2990
f 285 283 1154
f 3891 4164 172
f 1497 3389 410
f 3861 866 2183
f 2031 2464 2030
f 3874 2329 4347
f 388 386 4058
f 4160 1064 1063
f 44 2636 2777
f 2941 1101 1573
f 2234 3331 2685
f 3560 1262 164
f 3701 4197 3549
f 4220 4378 986
f 2173 4101 864
f 4447 3043 2322
f 47 4472 2855
f 673 2132 3969
f 385 383 1253
f 2075 2073 4257
f 242 624 2139
f 3522 246 400
f 2581 3330 4488
f 3622 2655 2656
f 1011 1709 2310
f 3758 3583 3690
f 3829 1959 4368
f 2042 3925 4491
f 649 2772 1222
f 4413 32 3029
f 1700 1702 3304
f 3872 2757 3150
f 4494 4493 2227
f 711 2962 712
f 13 2781 3213
f 3834 3973 3854
f 4380 565 4374
f 1624 350 4207
f 2922 3703 3702
f 1561 1764 1877
f 13 14 2781
f 305 4302 2811
f 2796 2394 2396
f 1114 3923 883
f 1680 1681 2466
f 3363 2977 3692
f 2306 1674 1672
f 551 2824 1038
f 2742 3752 580
f 3579 1328 3727
f 2651 3796 3138
f 2858 4299 473
f 213 3298 4484
f 3897 4495 3356
f 3419 4223 1193
f 1863 242 243
f 2457 3404 4110
f 2629 2627 3370
f 4303 2058 3740
f 2875 146 148
f 1569 1568 4327
f 4058 2384 754
f 3577 127 4236
f 4404 2718 2793
f 3204 2164 4139
f 4096 3586 3556
f 970 2122 3592
f 3269 4417 2980
f 2838 827 2663
f 2433 2431 2556
f 2132 2131 1697
f 2453 658 656
f 4237 4236 2818
f 1786 3260 131
f 3917 3918 4105
f 3368 2136 2137
f 252 250 3980
f 477 4234 476
f 3037 3482 1569
f 4263 4143 3163
f 2180 2438 2181
f 4122 4438 2676
f 1718 3469 1781
f 3553 2478 2238
f 3454 1411 748
f 2289 2287 1178
f 4275 4008 2895
f 1323 4330 1324
f 1599 4455 1598
f 2686 1061 1613
f 3109 2500 384
f 1276 1827 2472
f 2677 3354 4097
f 4003 1610 2739
f 1164 2623 1163
f 4138 2801 3506
f 3469 1264 3468
f 1495 543 2447
f 1092 483 3471
f 715 1362 89
f 2717 2425 2424
f 2064 3327 1960
f 3423 1420 3085
f 2490 270 2093
f 3421 3420 3609
f 885 884 3749
f 1839 3535 1829
f 4238 4314 823
f 2961 3457 4416
f 4046 491 3570
f 2244 341 2149
f 1423 4228 583
f 1235 4213 1166
f 3712 3893 374
f 3495 3868 3517
f 4235 3887 2402
f 282 1085 281
f 2431 4474 2555
f 2081 2608 2080
f 3413 118 275
f 1316 1318 4094
f 451 4377 450
f 648 1471 1761
f 1579 1577 4407
f 1708 4446 2005
f 3157 249 247
f 2027 2028 2050
f 1602 4389 1600
f 1067 4023 1066
f 3229 3230 2462
f 1587 1449 1589
f 1630 2346 1631
f 178 304 177
f 3809 3859 1499
f 4408 2341 4456
f 2968 3026 2967
f 2991 185 2305
f 2640 4466 4188
f 1004 713 1621
f 2837 2836 3184
f 1905 3652 1034
f 2240 1305 1306
f 4421 4066 3039
f 1326 1662 1974
f 2553 583 4059
f 2352 3787 2416
f 3239 393 526
f 2846 4379 1726
f 3260 1786 3949
f 638 2663 439
f 1225 4328 2297
f 3621 1306 3753
f 2242 1432 4142
f 4089 4283 4492
f 1804 3218 1242
f 3697 1488 1170
f 2630 328 2277
f 4361 2219 298
f 555 2463 2141
f 4382 982 4419
f 4324 4292 9
f 1541 2859 1895
f 286 3380 2672
f 2602 4162 4399
f 4443 697 2897
f 4383 2418 1214
f 1407 303 2741
f 4201 3001 1903
f 2118 911 1163
f 3904 4428 3445
f 594 171 2205
f 2497 1098 1097
f 3592 4339 969
f 3480 3474 4471
f 1847 2904 3896
f 71 882 1999
f 3039 3037 166
f 1409 3153 3895
f 978 3203 2321
f 3945 992 3104
f 1702 1883 1826
f 993 519 1647
f 4145 2739 1211
f 629 2342 3882
f 4049 2078 4320
f 1588 1589 4214
f 2345 125 2576
f 3105 3293 408
f 3750 4087 1130
f 2445 3053 3698
f 2594 2723 2291
f 1065 1978 2766
f 2354 2170 674
f 4063 1574 3963
f 2231 2253 869
f 1227 4091 3479
f 715 89 90
f 3944 3968 3943
f 957 4099 2886
f 1214 4070 4383
f 85 2398 1468
f 2294 3544 4124
f 4186 2140 2167
f 1938 1900 4350
f 1589 1954 4199
f 640 2086 4240
f 2532 3398 3128
f 124 214 3452
f 3556 2760 4096
f 321 320 2503
f 2647 1125 2648
f 3138 3796 3797
f 1825 1702 1826
f 2221 4406 3643
f 2361 2359 2625
f 3981 2663 827
f 557 1018 506
f 143 145 1724
f 2941 2213 3945
f 2518 2527 2519
f 552 551 1053
f 595 4123 1818
f 2841 3243 4181
f 2955 2958 2959
f 2331 3742 3846
f 1137 2969 2970
f 4128 120 3351
f 4330 3236 3723
f 1033 862 1461
f 619 4024 2557
f 1689 1688 4268
f 3181 3144 3180
f 2899 2856 4440
f 546 3612 1272
f 3993 2731 2618
f 935 547 245
f 2117 3720 2252
f 919 1510 918
f 3506 2801 1657
f 955 2075 3113
f 4408 726 1983
f 3852 3405 1269
f 879 1518 2955
f 3085 1420 1421
f 569 3620 2599
f 3713 4486 2589
f 4427 1713 3688
f 1490 1489 733
f 1113 743 1678
f 4013 3336 1436
f 3531 1382 2724
f 3423 3085 3242
f 3416 65 3934
f 1336 1940 3514
f 1224 3518 1223
f 1105 4449 1274
f 565 4341 4374
f 175 4312 477
f 1573 4182 1572
f 2559 3625 3626
f 3807 4336 3796
f 56 4387 1106
f 2667 3004 3041
f 2783 3626 2103
f 3707 3575 2184
f 2239 4392 1455
f 1631 2346 2344
f 1317 1316 3129
f 3745 3019 265
f 2206 1444 2851
f 4277 2586 3871
f 4210 90 1844
f 3690 3584 3689
f 500 498 623
f 3088 4263 3784
f 506 507 3439
f 3019 3017 3597
f 2306 543 542
f 2382 2932 3216
f 219 1699 220
f 4420 4461 468
f 4144 1892 1893
f 1573 3347 996
f 3801 2802 4414
f 4456 726 4408
f 2123 622 503
f 2343 2197 3875
f 3660 2566 1701
f 1476 46 1390
f 2808 2140 4186
f 2038 284 634
f 2522 3777 3778
f 795 3843 2209
f 1470 1330 1331
f 2355 2900 2869
f 4369 1020 3900
f 1814 503 622
f 2541 877 3858
f 3551 3214 3881
f 763 2088 4200
f 1821 2826 1615
f 155 2771 157
f 53 55 1031
f 2511 1075 1410
f 2311 4475 2310
f 1756 188 769
f 4246 4007 364
f 3791 4193 3188
f 612 4480 4424
f 1814 1552 3062
f 1205 1605 4352
f 3871 4132 3281
f 1019 557 1159
f 4492 4283 3801
f 4304 3167 1239
f 4065 1589 1449
f 3316 568 3317
f 396 3967 4048
f 1481 3012 58
f 1394 3706 2812
f 298 3695 359
f 2516 3805 2515
f 777 778 3541
f 2717 2424 2793
f 3696 3679 2423
f 2124 2948 4390
f 3971 4216 3950
f 1758 1757 3119
f 3944 1220 1221
f 4298 77 2033
f 797 838 4161
f 2766 3883 3022
f 2213 4159 995
f 1379 2385 243
f 3883 2682 941
f 4309 2393 1878
f 3778 3776 4252
f 771 4361 359
f 1890 1738 1737
f 3530 1321 416
f 1345 453 3957
f 1891 4474 2431
f 724 725 133
f 3664 3663 4335
f 1508 3848 3177
f 821 119 4171
f 98 4496 505
f 4389 1602 2525
f 4187 1734 1735
f 4184 2635 353
f 66 1109 2251
f 1139 2970 2336
f 2470 2914 700
f 2708 4237 4415
f 2618 2731 2699
f 1499 1498 3809
f 567 4478 3620
f 1244 650 3684
f 3327 2064 3326
f 3913 2176 2178
f 584 1097 585
f 3070 2572 1527
f 1434 1037 4071
f 2475 1127 2647
f 2855 4472 2480
f 4128 2509 120
f 1375 592 1204
f 2462 318 3229
f 2245 2244 2149
f 1700 3660 1701
f 1326 1349 1327
f 2931 936 2930
f 3323 2502 320
f 3691 4497 3946
f 898 900 3131
f 1915 2675 1913
f 1432 1433 3997
f 2142 4109 2407
f 3477 3345 4065
f 1056 1121 2309
f 274 275 118
f 572 4069 3640
f 270 2094 2093
f 2261 4360 2262
f 1450 3573 1451
f 4332 2362 1952
f 3035 61 781
f 2227 4493 2807
f 3501 387 2969
f 1173 2162 1172
f 4155 4161 838
f 732 4356 3535
f 122 641 1555
f 2557 4256 2073
f 3888 3335 3334
f 334 1003 4391
f 1391 4352 4353
f 4222 4221 2609
f 2293 1217 4411
f 3371 4430 1277
f 4418 20 21
f 4459 132 133
f 2246 1813 3720
f 1741 3938 4057
f 357 2050 2028
f 1556 3298 213
f 4216 2747 3951
f 3775 1837 1838
f 1619 1620 690
f 905 722 1803
f 1616 4225 1614
f 968 3976 2445
f 543 4183 1398
f 3877 2068 2840
f 3202 1434 4071
f 1174 1175 3111
f 4447 4109 2143
f 1549 3250 980
f 1333 3692 3297
f 4368 1959 4351
f 2538 2537 4297
f 3303 2842 2843
f 4288 1945 1944
f 1309 1311 3957
f 4215 4444 1256
f 2497 1102 1098
f 1914 4291 1887
f 3559 2021 3137
f 3226 3224 3725
f 2190 1078 4458
f 3208 4128 1010
f 1787 4473 783
f 3474 860 4471
f 1598 3765 4476
f 893 3616 892
f 886 3837 2150
f 4117 144 143
f 3878 4047 4005
f 928 3900 927
f 3473 279 277
f 2445 3698 2236
f 4477 1220 1237
f 3116 3161 1731
f 2256 652 2257
f 279 3473 3206
f 4350 1901 4368
f 3817 3549 1533
f 190 673 3969
f 3354 3152 4097
f 847 846 4306
f 1276 2472 3541
f 1046 852 853
f 2342 696 3340
f 2483 2924 2484
f 3176 2914 2470
f 4414 2803 3136
f 3794 1976 4179
f 49 4498 4247
f 3953 3954 4001
f 693 691 3303
f 3069 3520 2392
f 2044 689 3491
f 3820 3240 527
f 4356 1770 4293
f 15 13 1992
f 2439 1289 791
f 4344 4354 1819
f 3850 1968 1744
f 1107 3194 2744
f 2858 2309 1120
f 651 3225 3226
f 1071 1069 4246
f 3865 1169 3267
f 3418 2850 2498
f 1925 360 1475
f 2017 1266 2016
f 300 298 2219
f 4238 3811 1452
f 583 581 1423
f 129 3134 128
f 3941 1554 1553
f 3859 742 1113
f 3489 3532 2724
f 3108 384 4073
f 3212 3102 4370
f 4492 3801 4339
f 4213 1235 50
f 2536 2040 2457
f 895 2552 2553
f 2704 669 3461
f 3257 3169 3784
f 662 3232 4426
f 3696 3555 821
f 531 529 4493
f 793 523 761
f 3396 831 4334
f 601 215 217
f 1332 4284 2985
f 960 2488 2824
f 1689 193 2530
f 2233 1668 4043
f 1659 4041 4239
f 2504 2292 2293
f 386 2553 4059
f 1067 2135 4023
f 673 128 2132
f 3972 93 3974
f 2141 3230 4308
f 2257 3226 3725
f 2900 2355 1014
f 3757 1575 3065
f 1043 1044 1632
f 3641 1076 1077
f 2035 2684 3641
f 4309 371 2393
f 4265 3959 308
f 2012 1130 1128
f 3567 1652 770
f 596 913 1425
f 35 34 2605
f 201 540 1751
f 2908 723 721
f 140 1594 2218
f 2970 388 2876
f 2866 3269 4136
f 4341 566 4204
f 2708 2707 4237
f 4478 3901 3622
f 142 3197 140
f 3511 3168 4304
f 1454 1453 4101
f 3527 2846 2847
f 3950 3952 3694
f 4321 217 216
f 4188 2965 2084
f 2893 4185 3975
f 802 253 801
f 1047 851 852
f 3392 910 48
f 1539 1249 4377
f 2100 3402 876
f 253 254 1913
f 1856 4467 1857
f 331 2146 329
f 2151 4157 2432
f 2835 3120 823
f 730 1770 4356
f 753 3930 1762
f 3872 3150 2200
f 26 25 1124
f 3717 2103 4261
f 461 1324 460
f 363 855 2025
f 2056 2057 1988
f 4198 3911 2819
f 2076 3235 3234
f 3280 1212 2739
f 2994 2272 4429
f 915 1687 1685
f 3136 3390 3439
f 775 3443 291
f 3157 2990 3603
f 286 3941 3379
f 3785 3581 3580
f 353 2201 4184
f 3489 4075 4074
f 1072 131 1073
f 901 3132 3133
f 3115 2816 3114
f 3276 4180 4393
f 652 3226 2257
f 2795 4005 4047
f 3396 3748 831
f 4468 1911 3061
f 2726 2245 3360
f 3369 2871 3310
f 319 317 655
f 3656 3968 1206
f 3652 3671 1034
f 1824 1282 1352
f 3103 3102 3212
f 4160 1977 1064
f 537 1618 535
f 720 556 3439
f 1215 3258 1177
f 1200 4499 1201
f 633 3376 1340
f 4421 3039 167
f 1621 2905 1521
f 953 1076 1190
f 3924 571 570
f 1931 3046 3155
f 955 2833 3845
f 781 3036 3035
f 3515 3516 918
f 3552 1686 1687
f 3586 3585 3565
f 3186 3200 3187
f 3182 1416 3955
f 4451 2626 2625
f 708 1712 88
f 4384 3759 3812
f 3263 2804 2958
f 4464 2740 1369
f 3075 4334 3538
f 2839 1719 1717
f 1438 1997 1440
f 4038 3908 3909
f 2776 1150 1152
f 1168 1166 4213
f 370 813 814
f 2661 4468 54
f 2745 1762 2746
f 3147 4043 4042
f 398 396 2446
f 4237 3115 4415
f 2215 4334 2216
f 1518 1519 1268
f 1659 4239 2554
f 4435 3252 4046
f 3953 3476 3270
f 1156 4274 1155
f 3712 4412 4403
f 3972 94 93
f 1911 4468 1909
f 2317 1768 1769
f 3970 1074 1666
f 4041 22 3177
f 2664 2225 2665
f 1248 830 2505
f 2566 1526 1811
f 1966 3987 4264
f 2640 3090 3156
f 1949 2399 4307
f 444 3237 156
f 1302 2282 2281
f 3409 4331 4328
f 3023 4084 2767
f 3295 3296 3497
f 142 1470 3196
f 1537 1370 4053
f 565 566 4341
f 4103 2031 3995
f 3716 2805 2804
f 3568 3528 1033
f 523 446 3496
f 87 3892 938
f 1230 1228 2390
f 1855 1854 3671
f 4465 4418 4402
f 4405 3572 2632
f 232 1620 1441
f 3339 3840 3841
f 439 432 440
f 2164 2162 4366
f 3721 921 4020
f 3438 2036 3850
f 3109 2499 2500
f 1889 4050 1817
f 1450 29 30
f 3698 3053 574
f 2179 2305 2180
f 1746 1605 1606
f 2188 4460 4149
f 3957 197 1309
f 1976 928 929
f 1676 343 344
f 4458 1080 1602
f 4440 3785 4247
f 573 3977 544
f 2176 2925 2813
f 227 638 226
f 2427 4254 4324
f 2921 3086 628
f 3849 4375 3554
f 2167 1867 3333
f 1834 3492 1835
f 1000 3174 1001
f 323 3287 344
f 3240 4210 3239
f 1599 1859 1472
f 2758 2757 2880
f 162 3552 161
f 2752 3912 2230
f 147 4343 4279
f 2568 4390 2948
f 2416 3788 3658
f 700 1001 2470
f 1821 1955 1819
f 949 2858 474
f 627 2594 2291
f 1104 1105 1984
f 3745 3348 3018
f 1765 322 321
f 2209 3458 3456
f 3270 3094 1922
f 4276 1060 1061
f 4001 1850 4002
f 3498 3010 3175
f 1971 2058 4037
f 255 253 643
f 3926 963 3925
f 1810 1584 1585
f 1449 1301 1300
f 1547 4177 1397
f 1290 1292 218
f 2377 4337 502
f 1374 531 4494
f 3058 981 3822
f 2150 3027 1312
f 3561 1830 3562
f 2854 2935 3922
f 999 1001 863
f 2320 3803 1144
f 4131 3359 1607
f 1020 168 3900
f 3908 4303 4036
f 4228 1698 4219
f 3828 1812 1813
f 1649 3714 2610
f 647 1716 2772
f 1184 3421 1185
f 2151 1489 3865
f 1469 2722 1329
f 217 4321 3686
f 1598 2063 1597
f 1885 2026 1934
f 1229 4239 3926
f 3857 3558 2492
f 1902 1904 3465
f 35 2605 1185
f 3504 1464 3503
f 3668 3201 1143
f 2121 426 132
f 2322 3043 2324
f 3885 3886 1515
f 1756 163 161
f 3647 3645 596
f 2027 4080 2408
f 4027 3504 1977
f 1662 1661 1974
f 4155 1231 2070
f 4491 4232 2041
f 47 48 909
f 312 2896 311
f 1298 476 3332
f 1938 3982 4209
f 3834 121 119
f 1735 1426 4187
f 2437 4070 2438
f 709 43 1582
f 1077 1654 3642
f 747 4198 2009
f 458 3221 457
f 504 4176 846
f 4193 2949 2569
f 1324 461 1322
f 2637 2877 2638
f 1013 1944 1946
f 785 2868 1943
f 1474 1316 4094
f 1813 945 3719
f 4071 4108 2768
f 1160 1162 1660
f 4492 4339 2052
f 3840 1547 1397
f 4399 4454 4245
f 3885 483 1093
f 1259 3722 3721
f 4360 3874 4347
f 1952 1953 4332
f 324 3252 4435
f 984 4419 982
f 1722 3676 1512
f 2799 3670 3371
f 2429 4039 1005
f 2202 352 351
f 3397 4259 4260
f 2015 3320 3052
f 935 245 3522
f 2013 4216 3971
f 520 3403 4055
f 3450 988 2301
f 1181 3976 968
f 2536 3137 1197
f 3603 2493 3157
f 4172 2479 4060
f 864 4101 999
f 1578 4154 4011
f 3183 3222 2865
f 618 1232 1233
f 1669 1827 1826
f 3296 480 1299
f 3938 1727 4397
f 1596 2466 558
f 2774 3468 1264
f 4381 325 3608
f 3413 3233 3235
f 3867 2628 2629
f 1193 4022 2530
f 4214 4112 2084
f 1708 2005 1706
f 4500 881 3853
f 2863 4483 3918
f 2985 4284 2983
f 3184 3464 4500
f 683 2775 684
f 830 3792 2505
f 4026 3644 3643
f 1916 307 835
f 3119 3262 28
f 231 737 738
f 3814 3766 4243
f 4408 3360 2341
f 496 497 762
f 463 3872 4150
f 2236 3698 2237
f 3016 2206 3566
f 4295 4035 2045
f 964 965 3670
f 1226 2005 4136
f 1492 3106 205
f 3755 1252 926
f 3826 1245 3406
f 1358 3365 2866
f 4093 4164 3909
f 1756 2733 188
f 157 2771 2772
f 4493 4494 531
f 3010 2461 2485
f 3092 2292 3682
f 748 1413 3088
f 310 2911 50
f 542 2334 1674
f 3471 484 3992
f 3051 3328 3435
f 2077 2076 3234
f 3130 819 2016
f 1890 2942 1964
f 4322 4323 2689
f 2268 2849 4433
f 2871 1164 3312
f 2997 3080 2996
f 1973 1043 1632
f 826 1732 1733
f 2306 2447 543
f 4229 2344 2575
f 1645 3435 1644
f 2493 4158 249
f 1433 3202 2668
f 694 696 4266
f 353 2635 525
f 3145 2203 1639
f 1390 46 1205
f 2118 1163 2624
f 2863 152 4483
f 3219 4127 356
f 3323 3483 3415
f 2075 3112 3113
f 1256 1255 4215
f 3818 4291 4212
f 1561 2599 1764
f 586 3083 584
f 3515 3815 3816
f 4119 4485 4120
f 3791 3188 3189
f 1795 2567 3589
f 1103 2496 1590
f 3618 2144 2145
f 344 342 550
f 1626 3459 4182
f 2570 1429 1045
f 165 1671 672
f 249 4158 4004
f 3705 1862 2239
f 4292 3890 9
f 2238 2237 576
f 1740 3381 4374
f 3254 4268 3073
f 1377 3334 1082
f 4200 496 762
f 1548 3250 1549
f 3849 280 4147
f 1500 678 3294
f 4260 1192 1172
f 2801 4138 4425
f 4444 496 2432
f 1147 1149 1856
f 2253 2231 2458
f 2207 4322 3100
f 3140 1953 3345
f 3453 4233 3452
f 2688 3100 4322
f 3207 4171 119
f 2972 2971 3247
f 3021 677 2864
f 4242 2626 4470
f 3351 120 121
f 2181 2438 442
f 84 3988 85
f 3223 902 153
f 1106 4449 1105
f 2378 2353 2441
f 312 4165 3484
f 2338 733 3996
f 1185 3610 35
f 4419 60 4382
f 1903 1902 4201
f 4287 3325 4275
f 4500 2360 881
f 3058 1771 1770
f 4000 3005 3006
f 2511 770 1653
f 4094 1318 3999
f 3336 2059 2060
f 1978 3503 2682
f 108 2267 1580
f 4296 3329 4355
f 1407 302 303
f 3259 4118 1176
f 1424 2454 844
f 3156 3274 4466
f 2529 3545 2703
f 3567 2460 2544
f 4208 1986 4353
f 2384 4228 4219
f 1832 2651 3138
f 4422 4108 4071
f 1690 4286 1688
f 1078 3974 92
f 351 2791 574
f 2098 65 3416
f 2146 986 1666
f 3288 4381 4012
f 1603 4353 1986
f 2314 3728 2312
f 1209 2315 3857
f 2367 4359 76
f 2654 2943 197
f 257 4190 3289
f 458 4445 76
f 38 4021 37
f 2834 2833 955
f 1002 1484 1003
f 423 2811 4302
f 3254 1958 194
f 1333 3297 1334
f 4174 2259 2260
f 2549 2526 2995
f 766 892 3616
f 1126 2241 1125
f 3943 146 2875
f 3515 1509 946
f 1369 1632 4464
f 2702 496 2703
f 2478 707 2236
f 4136 3269 4499
f 1372 4115 2382
f 1976 929 3813
f 4252 3776 3358
f 596 3645 912
f 1250 2742 3210
f 3349 63 1822
f 2852 4274 1156
f 3010 3478 3008
f 3351 4133 3183
f 4479 4013 2350
f 3718 1927 1928
f 2816 2067 3231
f 3725 3224 2284
f 853 2538 3904
f 4249 2609 3550
f 497 495 4004
f 3137 2536 4015
f 1176 4118 1801
f 558 411 1596
f 1356 4064 2848
f 268 1373 3648
f 4258 1392 4371
f 2793 3679 823
f 4394 3638 4388
f 4165 3038 4066
f 4144 466 660
f 40 4135 41
f 691 2842 3303
f 3437 2035 2036
f 3015 2338 3996
f 3798 4437 176
f 427 3762 2674
f 2839 3831 457
f 2782 3103 2781
f 2588 1788 3905
f 3582 3583 3425
f 4338 3284 3874
f 268 3783 2094
f 670 1541 669
f 4422 2056 3123
f 3492 1834 2994
f 3934 3059 3416
f 964 1311 2979
f 1980 3449 73
f 2995 2994 1833
f 3244 3246 4320
f 1314 3370 2627
f 1314 2627 1251
f 3807 436 4336
f 4253 79 3367
f 1376 1082 1572
f 693 3303 3302
f 1035 1036 2029
f 1296 3906 412
f 2657 4496 98
f 4132 2193 2194
f 4169 2275 452
f 4348 874 1695
f 2469 2467 3832
f 1253 383 1325
f 2751 1557 3286
f 1705 3079 3110
f 2738 4145 1592
f 4497 912 3946
f 716 1887 3818
f 2263 2144 3618
f 2608 3342 1063
f 4117 2563 144
f 3825 3268 3326
f 3239 4210 1844
f 4172 4060 3212
f 4491 2954 4232
f 3186 4195 3201
f 3174 1710 2470
f 1879 111 110
f 3808 347 3630
f 2672 288 286
f 3912 2752 2158
f 3351 2865 3179
f 3309 194 1959
f 2017 3430 273
f 4329 4299 2858
f 2073 18 3166
f 2039 2590 2040
f 1466 1467 1822
f 3959 3564 309
f 3355 1240 1238
f 4469 4395 3034
f 556 719 1158
f 2707 3577 4236
f 4227 3416 3060
f 1173 4366 2162
f 2225 2224 2665
f 1202 570 530
f 4194 2730 2729
f 1113 4463 1806
f 4007 2894 3508
f 756 109 4122
f 1771 2358 817
f 1151 4477 3954
f 4337 2052 502
f 997 2414 553
f 2845 2764 3889
f 3873 3162 1427
f 3267 2187 4157
f 2693 2210 1888
f 2925 2924 2813
f 2661 2535 630
f 1568 4224 4230
f 2137 2135 1067
f 27 389 4209
f 861 3611 3052
f 861 3395 3611
f 597 595 1818
f 3926 3178 963
f 2330 390 1412
f 1197 1196 2039
f 672 4425 167
f 1324 3576 460
f 2797 1776 3139
f 4001 4477 1237
f 2894 2554 3508
f 1501 1532 4221
f 1314 3755 924
f 3282 3146 3145
f 1648 3383 3064
f 493 492 1937
f 477 3335 3888
f 2325 38 39
f 1518 2958 2955
f 3123 2056 1987
f 581 1422 1423
f 4466 4227 2965
f 2700 1736 2699
f 4470 2410 3320
f 4399 4107 1345
f 392 391 3410
f 871 4099 956
f 2609 1533 3549
f 3096 3510 927
f 1946 438 3683
f 2910 1026 1028
f 2330 1692 4484
f 682 202 203
f 4053 3453 4495
f 631 1615 2826
f 2207 1185 2605
f 4397 1727 3924
f 3724 3422 1766
f 991 1468 2397
f 2902 3788 3787
f 463 3990 3872
f 4221 1532 2609
f 2368 2169 2828
f 3236 4330 3593
f 2159 464 1134
f 3986 3248 3985
f 4122 4095 1993
f 3512 472 4226
f 3078 2961 2960
f 2157 2250 2380
f 2403 4431 3823
f 2345 2346 2634
f 3061 1911 1287
f 1397 4177 1399
f 2095 3488 3490
f 40 42 4481
f 2080 2608 1063
f 4392 1862 1861
f 3377 285 2540
f 2375 2782 923
f 1428 1427 3162
f 750 3511 4304
f 2597 3022 2595
f 2330 4295 3491
f 3793 1929 2910
f 3915 3627 3916
f 1905 2625 2359
f 862 861 3052
f 478 1831 4248
f 1863 243 2386
f 180 181 1200
f 4483 154 3830
f 2255 3656 1636
f 1070 380 1275
f 2268 2269 1945
f 3100 2938 1183
f 4020 2274 2275
f 3693 1678 3966
f 1255 1444 1443
f 2798 4289 3635
f 2773 1540 3948
f 857 3700 3839
f 3984 3073 3072
f 2217 1925 1475
f 3037 1569 4327
f 3398 3485 4088
f 3676 1722 4124
f 1842 1870 1871
f 2594 627 2593
f 2572 56 3011
f 1981 1551 1550
f 2513 2514 1705
f 54 824 55
f 2984 2983 1986
f 1234 3825 488
f 2471 3176 2470
f 2459 3438 381
f 213 123 1556
f 3301 4110 3852
f 3697 2606 3321
f 3630 2319 2318
f 1930 2232 2815
f 3380 4315 2672
f 3115 2248 4415
f 3676 2950 1513
f 174 676 995
f 2755 4081 1241
f 3408 2258 1909
f 580 3346 2742
f 1399 541 543
f 2001 2617 637
f 2159 1136 2452
f 3132 898 3131
f 796 3442 1363
f 4402 21 3313
f 2193 3633 2192
f 2606 3697 4278
f 306 3949 305
f 1222 3731 1224
f 512 3651 4442
f 231 518 737
f 943 3220 944
f 2397 4156 990
f 115 4401 4448
f 980 3250 148
f 1380 675 3041
f 1817 3273 3275
f 4382 3596 1367
f 2849 2268 1356
f 3854 3779 4133
f 4057 1203 1462
f 1410 162 163
f 722 723 1803
f 23 3985 2104
f 3773 3772 1261
f 56 2572 4386
f 3980 3628 3915
f 1939 1127 2224
f 4137 1918 1524
f 2062 4161 1597
f 3993 3412 2731
f 4165 312 313
f 58 57 4025
f 2523 3291 1080
f 2479 694 4061
f 4317 4002 2022
f 880 2360 2361
f 2409 1542 2411
f 4395 3142 3034
f 2565 3821 2946
f 3391 272 273
f 71 1999 4089
f 2982 64 3907
f 3356 749 3357
f 2063 2062 1597
f 3285 2304 2302
f 1531 4251 236
f 3582 3894 3584
f 901 4248 3132
f 4323 2944 2414
f 8 7 1415
f 3744 3003 961
f 2018 2989 3368
f 1201 4499 3269
f 1772 4430 2174
f 1651 4082 2802
f 2859 3568 1895
f 1887 1915 1914
f 3598 1673 3057
f 4464 1044 1045
f 589 829 830
f 3448 3909 179
f 1856 1136 1147
f 100 847 4306
f 2050 19 2051
f 3804 4199 1963
f 2485 2461 1706
f 4195 4363 3775
f 539 588 538
f 3723 3576 4330
f 4460 2547 2936
f 3945 3104 3233
f 891 890 1846
f 2034 2033 4253
f 4203 1664 4379
f 1052 703 704
f 4484 3300 2330
f 3920 4192 4275
f 1186 4205 3373
f 1779 1780 1894
f 3830 2021 867
f 934 549 935
f 687 4494 2227
f 3209 2825 2394
f 1120 4329 2858
f 3572 4405 2835
f 3288 4012 3604
f 4495 3897 4053
f 3747 4017 1297
f 81 2420 2964
f 222 4481 839
f 3391 273 3430
f 1937 2118 1900
f 540 201 2155
f 1486 2187 3267
f 1708 3352 4446
f 1220 3944 1236
f 1784 4313 4384
f 152 3223 153
f 2595 4119 2596
f 705 4404 967
f 727 728 585
f 2611 3695 299
f 1703 4178 3581
f 1227 3479 1226
f 4298 2033 2032
f 1334 3467 1332
f 2456 1474 3404
f 2947 3644 4026
f 491 2587 1021
f 440 432 403
f 1940 3543 3756
f 426 4410 1785
f 89 1563 2923
f 3201 3668 3667
f 17 1868 1616
f 3557 4016 2419
f 2233 3146 4276
f 4409 1852 3360
f 4440 4498 4104
f 2265 2264 2988
f 3184 4500 102
f 433 434 3588
f 444 445 2211
f 3805 2942 2303
f 174 3335 4312
f 566 2903 4203
f 1223 649 1222
f 4196 3961 2277
f 4040 643 802
f 1037 2055 4071
f 1444 1255 4258
f 480 3296 3101
f 2985 3363 1333
f 3981 2888 3866
f 2487 1272 3612
f 1271 3217 3475
f 3686 4321 3685
f 1553 600 599
f 1803 2909 1535
f 4187 3530 4100
f 133 725 4459
f 2088 4342 1396
f 3007 2399 2700
f 4048 3967 3947
f 2117 4391 2116
f 3127 14 15
f 3488 2095 2094
f 3155 3046 1303
f 3288 3287 4381
f 3078 2960 2646
f 619 4051 4052
f 2415 631 2827
f 3171 1502 1503
f 527 3239 526
f 983 349 350
f 4014 2225 2664
f 4021 2091 3978
f 4500 3853 102
f 4471 3672 3542
f 938 2273 87
f 4393 1361 467
f 4477 1151 1150
f 2198 434 435
f 911 4497 1165
f 909 910 2482
f 1226 181 182
f 4126 3594 3593
f 4127 3873 1427
f 912 3645 3946
f 1521 1622 1621
f 4080 2027 2051
f 2255 3191 2612
f 1643 1576 2867
f 403 3776 440
f 939 4427 2642
f 1436 2060 1435
f 1967 3642 1966
f 812 3709 3710
f 3454 748 749
f 4158 762 497
f 4373 1582 2596
f 2628 1251 2627
f 2492 4163 3857
f 2518 4442 2527
f 4347 3764 3913
f 746 3911 4198
f 2260 1313 808
f 312 3324 4287
f 4261 4299 4329
f 2954 2952 2577
f 4005 2795 3578
f 1347 419 3290
f 4197 3701 858
f 2395 2394 2825
f 3302 668 666
f 59 4419 3505
f 3433 2174 966
f 3282 3560 1060
f 3341 266 4130
f 1750 282 280
f 378 2988 377
f 4272 3767 2592
f 2685 2229 2937
f 4403 4151 3893
f 1630 3494 2634
f 233 392 3410
f 3809 744 742
f 2847 1739 3527
f 565 4380 564
f 3434 3093 3139
f 1049 2769 2037
f 3675 4390 4202
f 2443 1066 2356
f 405 804 406
f 257 4033 258
f 3662 2326 3746
f 2889 2888 1733
f 1546 3341 1353
f 428 4436 4469
f 1851 4176 505
f 3061 1287 2439
f 4385 2539 2541
f 107 108 1581
f 2062 797 4161
f 1833 1835 2798
f 3947 2810 3948
f 1056 1122 1121
f 3311 2629 3310
f 1298 4017 475
f 3183 1017 1015
f 1747 4208 1746
f 26 3085 1421
f 2679 4097 2279
f 1060 164 1059
f 1530 1434 1432
f 4128 4129 68
f 633 284 3375
f 624 242 1863
f 1447 4369 1975
f 4465 2868 2867
f 1987 3021 2864
f 1289 1288 2429
f 679 2019 1742
f 1421 1419 418
f 1581 1580 3299
f 2226 4186 2488
f 606 1667 1583
f 2397 2398 3988
f 2955 2959 2435
f 3797 3736 1799
f 3256 60 61
f 3860 3819 162
f 3797 1799 4190
f 3297 887 888
f 4438 1401 2676
f 3336 3608 2059
f 3524 3601 2759
f 2270 4429 2272
f 1493 3898 2332
f 1708 4129 3351
f 1812 2161 945
f 4293 1770 816
f 3083 2581 4457
f 2632 967 4404
f 2379 2353 2378
f 628 2922 2921
f 2406 1775 2797
f 1294 3091 1293
f 77 1993 78
f 2059 3740 2058
f 4345 3945 3613
f 2196 4400 2138
f 368 2268 4434
f 1838 2310 1709
f 2056 4422 2055
f 816 1771 817
f 4246 1069 4007
f 2062 2061 316
f 3931 4342 4326
f 435 3169 2198
f 2380 2250 3028
f 4468 2661 3408
f 1338 3858 878
f 3328 3320 2410
f 1936 3613 276
f 681 2010 2011
f 3927 1911 1910
f 97 1246 1245
f 1637 2381 1638
f 4152 1805 4081
f 736 800 2749
f 1798 3295 3497
f 4456 2119 4459
f 2154 2506 3024
f 2718 2717 2793
f 1577 3661 1700
f 3846 2061 2063
f 3073 1958 3254
f 2220 2219 1787
f 2355 2869 2356
f 3259 2734 2736
f 3822 4279 2357
f 427 1843 429
f 3154 891 3896
f 4496 2657 2076
f 256 2148 3998
f 1598 1491 2063
f 2984 2993 3363
f 4440 4247 4498
f 998 933 332
f 419 1347 336
f 2964 3806 2084
f 2008 4344 1819
f 2796 2396 3901
f 2597 2708 3023
f 1903 3255 1929
f 3504 4423 1464
f 1437 3353 2765
f 3856 2087 3558
f 3804 2942 3805
f 1520 2225 4014
f 826 1733 2888
f 2140 617 1866
f 1033 1461 3568
f 561 563 2803
f 1031 1760 3649
f 2541 3315 877
f 4259 734 735
f 2738 2497 2737
f 1612 4134 617
f 363 3508 2079
f 3135 2803 3903
f 947 2309 2858
f 2553 582 583
f 4209 493 1938
f 3110 2720 2719
f 286 287 1009
f 2089 3264 1728
f 1442 1441 1110
f 1999 4283 4089
f 1329 579 577
f 952 3195 3845
f 663 2318 3965
f 4061 3876 625
f 428 1367 4436
f 2562 3771 3141
f 4004 4318 248
f 2800 4135 3835
f 607 4413 1386
f 1937 492 911
f 4495 3453 3454
f 2332 2331 3846
f 2373 4037 4038
f 3866 2110 430
f 54 4468 3061
f 3343 1463 4423
f 2143 4358 4447
f 2321 2324 978
f 2183 866 2532
f 477 4235 4234
f 1452 3811 1757
f 316 797 2062
f 3143 4489 2600
f 1829 3535 1828
f 2421 653 655
f 3528 2860 4452
f 4464 1045 1429
f 1677 2395 1675
f 2258 2415 2256
f 4382 1365 982
f 2746 3450 2747
f 198 225 3747
f 3340 3882 2342
f 3728 2879 2312
f 1754 799 515
f 400 246 875
f 376 374 2881
f 4377 2580 2154
f 2262 4360 4346
f 1941 1939 2224
f 397 1679 3693
f 3691 1165 4497
f 2836 1189 1855
f 4135 2800 41
f 4259 3419 1192
f 3285 2082 4113
f 4319 1917 1918
f 3647 974 1655
f 3666 2175 2979
f 944 335 3719
f 1151 1922 1923
f 2851 4371 4274
f 4185 3933 1685
f 1080 3718 3569
f 2465 780 2543
f 1901 1899 1381
f 4283 1651 3801
f 2984 4208 2993
f 912 4497 911
f 1860 3649 1471
f 2065 2066 4490
f 3747 3798 176
f 3861 3937 866
f 2617 2001 2616
f 4337 4492 2052
f 4097 2679 2677
f 3099 2265 528
f 3606 717 718
f 1272 1984 1105
f 293 3172 292
f 3788 2902 2490
f 3140 4271 3141
f 874 3758 875
f 625 2138 624
f 1786 1784 4384
f 3465 3999 1318
f 3993 2616 2001
f 1823 1824 4373
f 3092 2528 1218
f 2087 4326 4342
f 3026 2968 3025
f 3122 4110 2999
f 2397 3988 3989
f 1505 1425 1735
f 4494 1663 1374
f 1858 4490 2387
f 2565 4255 714
f 4035 2266 2045
f 4416 657 658
f 4105 3861 3575
f 3527 4204 2846
f 1007 2821 1008
f 3339 3841 3338
f 3675 4202 2950
f 4394 4289 3492
f 3513 3428 1354
f 3194 642 3962
f 4245 4454 4226
f 2086 4277 1402
f 1522 1520 4014
f 1166 308 1235
f 1271 4000 3217
f 2885 3228 241
f 936 3522 2930
f 1216 1178 2287
f 2693 444 2211
f 2307 593 4380
f 3943 2875 4294
f 2535 2661 53
f 3475 3217 1804
f 537 536 681
f 1747 251 1188
f 824 2439 790
f 2208 2337 301
f 3249 3840 3339
f 1400 1908 3838
f 1907 3403 520
f 1874 2622 3322
f 963 4262 3925
f 107 4438 109
f 776 290 2498
f 3491 4295 2044
f 4390 3544 2124
f 3937 4483 3830
f 515 516 4055
f 514 948 512
f 485 1048 3992
f 3185 102 103
f 2729 1830 3451
f 2487 3478 2485
f 3972 3974 2190
f 1370 2450 2451
f 3218 3361 1242
f 3402 2769 2770
f 2474 3923 3935
f 2120 3180 2121
f 3067 3069 372
f 3220 333 944
f 4493 752 2807
f 968 2444 705
f 2362 3770 4116
f 1701 1811 1883
f 4392 4197 1455
f 1582 4373 709
f 4433 4434 2268
f 3220 943 3877
f 4153 1007 560
f 902 4248 901
f 3537 3674 1881
f 609 4224 4126
f 2884 2669 979
f 137 3629 4032
f 810 2912 809
f 3908 4036 178
f 3225 3715 3224
f 1186 3373 1199
f 2801 1670 1657
f 2741 904 1802
f 450 2155 201
f 2357 4343 1924
f 4092 3909 3448
f 377 2987 4310
f 1107 10 3194
f 918 3516 917
f 682 680 202
f 2749 4406 3029
f 1989 792 4114
f 4336 4335 3734
f 1440 1997 3052
f 744 3809 2750
f 3452 1692 1411
f 3415 4123 4029
f 3849 1755 422
f 3633 2280 4433
f 1032 3528 4452
f 1576 1565 1566
f 1848 4357 2317
f 2648 4142 610
f 3473 2054 2166
f 4226 4454 4162
f 2753 2179 2735
f 4072 2705 3192
f 1296 2391 3906
f 3108 3087 2692
f 2751 2578 1557
f 2153 3665 2968
f 4253 4166 3709
f 2564 2562 3934
f 2069 3231 2067
f 3760 4168 2913
f 2494 4294 2875
f 1822 991 3349
f 1160 1660 2720
f 738 736 4044
f 1377 3888 3334
f 694 3876 4061
f 3149 4313 1784
f 2370 4168 3760
f 4038 4164 2372
f 4310 3833 377
f 3480 2917 3394
f 549 547 935
f 2940 2938 3100
f 4485 942 2325
f 4427 3892 1713
f 2252 4391 2117
f 1936 4345 3613
f 591 589 1248
f 1208 1206 3968
f 1921 1919 337
f 4233 2449 2195
f 3030 233 234
f 1919 3144 3181
f 2097 1796 3563
f 3520 4407 3519
f 109 757 108
f 2788 2498 241
f 591 1517 2134
f 976 597 1818
f 4308 136 4358
f 1329 577 2534
f 3141 4271 2562
f 218 1292 4184
f 3257 2200 2198
f 2098 4227 210
f 3301 3852 1027
f 2188 4149 517
f 2450 1111 1112
f 2325 2326 4485
f 3909 178 179
f 2348 1873 4056
f 1703 3581 3785
f 2542 1565 1574
f 1110 3406 3407
f 2480 4077 2966
f 2704 3461 4270
f 815 3451 1828
f 2480 2481 4243
f 4425 4138 454
f 3455 3463 3462
f 4390 2568 4202
f 1836 3732 3261
f 3253 1041 3252
f 1869 4396 349
f 4134 2249 1865
f 1915 1887 717
f 2371 717 3606
f 3681 863 2714
f 856 854 3286
f 3108 628 3087
f 1471 1760 1761
f 387 3501 896
f 856 3286 1557
f 914 4040 3827
f 3264 3082 3265
f 2642 4427 3688
f 3128 3399 3129
f 2241 2242 1125
f 4276 3282 1060
f 1258 4241 3624
f 1483 4045 1593
f 4331 1780 1294
f 3709 4166 3708
f 3532 3489 3488
f 1826 1883 2546
f 521 4431 1377
f 3176 2471 3932
f 3301 1027 1026
f 2930 400 401
f 1186 1198 2872
f 4340 4204 3527
f 1870 2030 1869
f 4307 2331 2333
f 3849 3554 2873
f 1428 3163 3030
f 1051 3810 703
f 3562 1830 2729
f 4284 1332 2
f 1202 531 1374
f 2317 3761 1768
f 3066 3833 606
f 3203 979 2668
f 4389 3105 1015
f 3584 3894 1371
f 2934 3603 2990
f 3671 1854 3542
f 98 504 846
f 660 1408 2105
f 3882 3340 3703
f 2513 1704 2857
f 793 446 523
f 970 507 508
f 4361 771 4473
f 3041 675 4437
f 2396 3414 3605
f 1841 1839 1829
f 3781 3780 4212
f 3902 4048 3947
f 553 34 3674
f 598 2486 1227
f 1247 2086 640
f 2497 4457 4488
f 2673 3280 4364
f 3943 3968 146
f 813 2034 812
f 4250 4222 4249
f 2999 4110 3301
f 2585 510 2586
f 883 3923 2473
f 2847 1727 3938
f 848 355 356
f 3745 3018 3019
f 1660 1662 3579
f 4150 3873 4127
f 757 109 756
f 895 387 896
f 2850 3418 449
f 1987 2864 3123
f 2630 1342 327
f 2194 2192 4064
f 1924 2235 2571
f 3828 2248 3114
f 214 4484 1692
f 2684 1190 1076
f 957 2886 289
f 3589 3590 2880
f 4006 3578 567
f 4411 1219 588
f 3476 3953 4317
f 2653 375 376
f 2408 1988 2057
f 839 4481 3306
f 1460 1645 1646
f 2326 3662 4120
f 634 1049 2038
f 2402 2386 4235
f 3445 4428 3160
f 1153 4005 4006
f 994 1387 295
f 4440 2857 3785
f 3507 3401 3391
f 3138 4190 1831
f 1142 1143 3201
f 1251 3755 1314
f 523 3496 3816
f 2600 4489 4241
f 893 894 3294
f 508 506 1018
f 3356 4495 749
f 4331 3409 1894
f 1640 3936 2222
f 2964 3060 81
f 968 2632 3487
f 3994 1051 1052
f 689 2044 2712
f 3794 3372 4487
f 222 40 4481
f 492 1319 911
f 4088 3000 3001
f 1337 1759 602
f 4358 136 3044
f 3526 4340 3527
f 1102 2497 1103
f 1950 2082 3285
f 3862 2404 3824
f 2641 3595 2333
f 3535 4356 3534
f 3747 1297 198
f 190 3969 4362
f 1159 1158 1921
f 1013 1946 3683
f 3274 3156 637
f 4226 2829 4169
f 4043 3147 3146
f 1370 1537 1369
f 1274 4387 3070
f 3578 4478 567
f 3055 419 420
f 252 1262 2976
f 50 52 1403
f 4334 831 3538
f 3253 2765 1041
f 491 490 2587
f 4243 1331 3814
f 3618 2145 3617
f 1671 977 2666
f 3466 3793 4141
f 4182 3459 1572
f 4057 3938 4397
f 3354 2677 3084
f 4116 3193 3192
f 2329 6 3763
f 2065 4490 1858
f 2280 2920 4433
f 4286 3931 4326
f 198 1297 199
f 4067 3249 532
f 3331 4276 1061
f 289 4398 957
f 4406 2222 3936
f 268 3648 3783
f 880 3382 470
f 3161 3587 1554
f 3846 314 2061
f 3314 1932 1942
f 1957 1161 1160
f 2998 330 834
f 2776 3025 2968
f 4251 3098 3096
f 4078 2269 368
f 1857 4467 656
f 1989 4114 3032
f 2737 4488 2739
f 4059 583 4228
f 2327 613 2328
f 425 3149 4410
f 4 3874 3284
f 1716 4273 2772
f 2949 2950 4202
f 4022 1193 4223
f 952 2834 950
f 429 1843 1366
f 1861 4249 3550
f 2898 1131 2899
f 4488 2737 2497
f 940 4119 2595
f 1123 2933 3241
f 4261 4329 3126
f 4240 641 640
f 3048 1614 4225
f 4466 3274 4227
f 680 451 202
f 2989 407 2136
f 2573 2899 4440
f 1446 3994 1445
f 1995 1415 7
f 4125 1568 1567
f 1613 1061 1059
f 2555 4474 1536
f 91 89 2923
f 3751 3914 3646
f 1252 4367 4086
f 2080 2489 3654
f 614 4424 1584
f 4452 4451 2625
f 4298 1994 77
f 3979 1355 1944
f 3018 37 3017
f 4425 672 2801
f 1996 7 3050
f 77 79 2033
f 2491 2093 3490
f 3778 4168 2522
f 1940 1336 1939
f 2453 2645 658
f 3545 2529 4022
f 3078 1705 2514
f 1491 4476 2727
f 4040 642 643
f 2209 1888 2210
f 787 785 2026
f 2089 2548 3264
f 4019 2288 2289
f 264 2943 2654
f 648 1761 55
f 1460 1646 547
f 4251 1531 3098
f 3349 991 992
f 187 3827 2918
f 55 824 825
f 1986 4208 2984
f 1694 3424 1695
f 495 4318 4004
f 3760 2913 810
f 1314 1315 3370
f 1699 3487 2632
f 787 2026 3594
f 1074 1665 1666
f 2334 1549 731
f 4473 771 4462
f 4008 2690 2615
f 4353 1746 4208
f 837 3412 1094
f 3592 969 970
f 749 4495 3454
f 2909 2907 2501
f 1413 2520 4263
f 2612 3191 3420
f 1487 466 2186
f 2806 3754 3585
f 932 930 3831
f 2022 4002 1848
f 2935 2854 2933
f 1470 1331 4244
f 3841 1398 3338
f 2420 82 1301
f 2846 4203 4379
f 3558 763 764
f 3630 347 3631
f 4163 2492 3603
f 4203 4204 566
f 2992 2619 2730
f 3203 3202 2323
f 614 612 4424
f 274 1928 3548
f 4432 3927 2963
f 2878 512 4442
f 1089 3685 1090
f 2790 351 946
f 2717 4441 2477
f 1387 972 971
f 2978 3560 3282
f 2973 1156 1157
f 1663 4494 687
f 312 4287 2896
f 3083 2499 2583
f 2800 1827 1276
f 2166 2208 302
f 1281 4120 3662
f 4461 467 468
f 1785 4410 1784
f 1880 36 2967
f 1949 4307 2333
f 3063 1116 2732
f 3763 6 3639
f 3484 3483 3324
f 3793 2910 4412
f 1714 790 792
f 4209 3983 27
f 2896 4287 2895
f 3195 2074 2075
f 2884 4327 2669
f 2643 1284 1544
f 4316 3040 223
f 3430 720 3391
f 807 2260 808
f 2 1332 3467
f 4456 2341 2119
f 2271 474 3512
f 2835 4314 2662
f 500 623 3810
f 2222 4406 2221
f 3495 156 3868
f 3540 2418 4383
f 4080 893 1988
f 3219 4150 4127
f 906 2313 907
f 291 4398 289
f 1933 1942 1932
f 420 336 3181
f 2757 2759 2199
f 1525 42 779
f 104 105 1612
f 621 2123 2124
f 753 2384 4219
f 4202 2569 2949
f 609 610 4224
f 2689 2688 4322
f 3996 3890 903
f 2482 4290 2481
f 21 19 2096
f 2632 4372 1699
f 4033 896 3501
f 4139 3164 3204
f 4212 4148 3781
f 1641 2222 2223
f 3663 4218 4335
f 897 4034 487
f 3794 4487 1446
f 2320 2319 3803
f 4169 2601 2275
f 771 2028 4462
f 3678 2344 1184
f 3201 4195 1142
f 2276 3836 759
f 4062 3212 4060
f 3090 1752 4349
f 1493 1492 205
f 3833 4310 607
f 1626 4182 1099
f 259 1254 922
f 3854 1600 1017
f 1675 1877 1676
f 4136 4499 1200
f 3614 2545 1507
f 3968 3944 1208
f 1046 853 1788
f 1019 1159 2787
f 1343 1106 3587
f 880 470 1519
f 2571 939 2642
f 515 3283 2188
f 1459 3327 2147
f 1866 4134 1865
f 2266 3354 3084
f 3556 4016 3557
f 4310 32 4413
f 1443 4215 1255
f 1357 2656 2047
f 2053 2606 2165
f 3093 2142 2711
f 2742 1251 2628
f 948 514 3977
f 4157 2151 3865
f 544 514 1180
f 485 3992 484
f 4448 516 517
f 3842 795 3836
f 3834 3854 4133
f 3678 2938 3677
f 20 4418 4333
f 283 3878 1153
f 1624 4207 1623
f 4145 2738 2739
f 75 74 2864
f 579 1680 2466
f 3175 3009 1179
f 1500 1499 1267
f 3563 1796 2468
f 3889 372 3159
f 3189 240 2232
f 3777 440 3776
f 2980 3042 1201
f 2097 1068 2443
f 4272 2592 2593
f 1626 1627 1907
f 79 2018 3367
f 2783 2559 3626
f 3962 2744 3194
f 2480 909 2482
f 2877 1994 4298
f 712 3154 3896
f 853 3904 1788
f 927 3899 3096
f 3032 1875 448
f 2350 2351 4479
f 1096 4349 1094
f 1015 1016 4389
f 1872 3302 666
f 4347 2329 3764
f 1932 3314 2611
f 3492 3493 4394
f 3273 4227 3274
f 3890 3996 3879
f 4269 4115 3894
f 4282 842 4265
f 1265 1263 2339
f 1955 2440 2008
f 4270 2721 4269
f 4365 894 1947
f 987 985 3292
f 358 2096 357
f 3995 2031 1870
f 10 12 3194
f 2672 4316 223
f 2000 4196 326
f 3856 3071 4325
f 3765 4455 4076
f 2896 2897 697
f 397 2091 4463
f 1969 2436 1970
f 2780 3537 1881
f 3251 3249 4067
f 2230 1040 2752
f 3400 3249 3339
f 3031 2740 1429
f 379 377 3833
f 2654 4453 3262
f 130 128 673
f 1303 3046 1431
f 829 589 1912
f 2175 3433 2979
f 546 2024 573
f 2867 1566 3939
f 3624 3143 2103
f 1426 911 3529
f 1686 4185 1685
f 604 2137 1067
f 530 571 3049
f 1248 589 830
f 4319 1092 3470
f 930 931 332
f 921 2274 4020
f 3495 3515 3816
f 2475 2647 1322
f 689 391 3491
f 1013 1012 3979
f 3536 1841 3561
f 4255 2565 518
f 3474 3395 861
f 2733 3827 187
f 2569 1019 4193
f 2419 4016 3729
f 2494 2874 534
f 1361 1408 660
f 443 4118 1721
f 1537 4191 1633
f 56 4386 4387
f 505 4496 2076
f 180 3040 4316
f 3762 3036 2674
f 2340 1629 3677
f 1011 2310 4475
f 3880 2011 2134
f 752 4493 529
f 713 1004 711
f 1695 3424 4348
f 1294 2297 4328
f 195 196 453
f 1523 1879 110
f 3167 4285 1238
f 628 3086 3087
f 4335 4218 3735
f 1014 3683 2900
f 496 4200 1395
f 250 251 807
f 1131 2695 2693
f 1374 1204 1202
f 1809 1808 3513
f 4073 4272 628
f 4308 3230 135
f 4044 229 738
f 837 1094 4349
f 3155 3238 1283
f 2602 2603 3493
f 1951 1949 3595
f 3140 80 4271
f 74 76 4445
f 3559 4015 3485
f 4332 3141 3771
f 3470 3905 3446
f 4301 339 423
f 4227 3060 2965
f 1091 4313 1089
f 2030 1389 4396
f 4018 4173 1325
f 2466 1681 4153
f 2674 4103 3995
f 1787 4361 4473
f 4076 4455 1599
f 2458 2687 615
f 1917 4319 3446
f 661 1777 4217
f 3925 4262 4491
f 3119 1836 3261
f 4274 4371 2483
f 4381 3608 4012
f 3648 1637 3531
f 1945 4078 437
f 2560 367 2855
f 2538 4297 4428
f 469 1438 954
f 1861 3550 4392
f 3650 474 3651
f 3989 4156 2397
f 1971 2373 1972
f 3571 1022 304
f 699 1180 2878
f 3434 998 3632
f 3821 4210 3240
f 2819 1773 2172
f 786 4125 1642
f 4262 2954 4491
f 3084 95 2046
f 3653 2359 3464
f 2939 3677 2938
f 2333 2792 2641
f 1436 2350 4013
f 3437 2698 2035
f 1812 3231 2161
f 1714 792 1715
f 4490 1527 2387
f 1512 1283 1284
f 1300 3477 4065
f 3624 2103 3626
f 3801 4414 4339
f 412 3906 1496
f 1738 636 2699
f 4009 4298 2032
f 3614 1507 2104
f 297 4255 296
f 2155 539 540
f 1564 3902 3948
f 1615 631 632
f 4139 4367 3210
f 384 385 2723
f 1923 3741 4254
f 3949 4300 305
f 4448 1430 520
f 1703 3785 2857
f 3956 1465 2474
f 3733 4054 3047
f 50 1404 4213
f 2655 3605 4479
f 1073 131 3260
f 4035 3299 1580
f 4105 900 899
f 4313 3149 3148
f 2525 3291 2523
f 2672 1385 288
f 1271 1270 4000
f 2879 2759 2758
f 2151 735 733
f 3423 322 1765
f 115 4460 2936
f 2255 2235 4343
f 2871 2624 1164
f 2647 611 1322
f 860 3672 4471
f 1423 1424 1698
f 363 2079 855
f 3513 2823 3428
f 267 1282 1280
f 3334 1083 1082
f 1223 2966 4077
f 707 4441 2717
f 1454 2099 684
f 801 253 1913
f 3272 1550 741
f 2941 4159 2213
f 68 1707 850
f 4487 3994 1446
f 3054 3290 419
f 4327 4230 3997
f 2190 4458 1602
f 4394 4388 3635
f 1966 3986 3987
f 1802 904 905
f 4116 4117 1086
f 1425 913 911
f 1744 4264 2412
f 3799 1991 3800
f 3748 3964 832
f 1665 1074 1073
f 4426 3232 3994
f 4416 3458 3842
f 384 2500 383
f 2451 2449 4233
f 4480 378 379
f 4275 3325 320
f 2106 1401 4438
f 4426 1778 662
f 2200 3257 3162
f 338 336 1347
f 4440 4104 2573
f 908 2589 3392
f 3523 3727 1349
f 2934 4163 3603
f 1172 1194 192
f 2560 2694 2695
f 3338 3963 789
f 681 682 2996
f 3322 1745 4054
f 3351 3352 1708
f 1954 3345 1953
f 4461 4393 467
f 261 3127 2789
f 895 897 2552
f 3382 2361 2626
f 3201 3667 3200
f 3649 1760 1471
f 490 489 1042
f 3062 1552 1551
f 1155 2484 4069
f 2339 3319 1629
f 1309 2943 264
f 3921 1719 2068
f 2945 3820 4098
f 3066 1584 4424
f 392 4143 2520
f 337 1348 1921
f 989 3808 4439
f 3533 4319 1918
f 2634 126 125
f 176 4437 675
f 2324 2666 978
f 296 519 994
f 4085 2247 2115
f 2919 3101 3295
f 3045 150 151
f 3877 3221 3220
f 2742 3211 3210
f 1113 1679 4463
f 1682 486 488
f 3436 188 186
f 1449 1587 1448
f 3484 3324 312
f 574 2809 575
f 1963 2363 2364
f 2980 4417 3365
f 3127 15 3782
f 2409 2860 1542
f 2301 664 665
f 3549 4197 3550
f 2757 3990 1795
f 2487 1985 1272
f 2860 2409 4452
f 1590 2579 294
f 4453 2654 3636
f 985 1570 3293
f 4109 2768 4108
f 3827 803 2918
f 2903 1375 1664
f 2858 473 474
f 4047 1119 3209
f 1593 1876 3928
f 2047 2351 2048
f 4400 2789 2139
f 1891 2431 2432
f 1140 3800 3823
f 867 2021 3559
f 1127 1125 2647
f 3863 1139 2335
f 3187 1310 1309
f 292 1103 294
f 2876 388 4058
f 3849 422 280
f 2317 2495 3761
f 4419 984 3505
f 157 917 3517
f 4163 1123 1209
f 3123 3991 4422
f 1315 1381 3369
f 2292 3092 1217
f 538 587 3080
f 511 509 2193
f 1852 1853 4206
f 4373 1824 1586
f 4394 2603 2604
f 4104 4498 49
f 125 2345 2634
f 3464 2360 4500
f 4240 1402 1401
f 1863 626 624
f 2561 2694 2560
f 3249 3400 4443
f 1335 783 2241
f 1345 3957 3958
f 4209 389 493
# 8996 faces, 0 coords texture

# End of File
