####
#
# OBJ File Generated by Meshlab
#
####
# Object horse08_input.obj
#
# Vertices: 8431
# Faces: 16843
#
####
v -0.011370 0.606536 -0.372522
v -0.005734 0.611854 -0.371350
v -0.012946 0.600357 -0.376726
v -0.010532 0.593318 -0.384118
v -0.001917 0.585807 -0.391070
v -0.006879 0.588457 -0.388968
v -0.001568 0.614688 -0.370859
v 0.001139 0.615030 -0.371050
v -0.003464 0.613625 -0.371049
v 0.000667 0.585856 -0.391339
v 0.002481 0.614976 -0.371076
v -0.066359 0.561313 -0.364180
v -0.060325 0.585934 -0.344113
v -0.048439 0.587862 -0.355039
v -0.054790 0.613480 -0.233085
v -0.056729 0.605784 -0.211374
v -0.039938 0.616558 -0.219277
v -0.038616 0.621459 -0.239407
v -0.021567 0.626171 -0.244326
v -0.022272 0.623070 -0.225957
v -0.003730 0.625108 -0.231005
v -0.003649 0.627505 -0.248001
v -0.003428 0.628467 -0.265591
v -0.003102 0.627490 -0.284438
v -0.018570 0.626333 -0.282954
v -0.020322 0.627418 -0.263004
v -0.037097 0.623612 -0.259391
v -0.035421 0.622424 -0.280258
v -0.053657 0.615764 -0.276350
v -0.053750 0.616953 -0.254282
v -0.008023 0.615203 -0.355517
v -0.004933 0.614317 -0.363154
v -0.010434 0.614361 -0.355762
v -0.021193 0.595675 -0.368926
v -0.020096 0.600646 -0.365143
v -0.015344 0.600289 -0.370353
v -0.014711 0.593309 -0.376177
v -0.023222 0.582438 -0.377174
v -0.015515 0.579932 -0.384132
v -0.020611 0.556247 -0.394412
v -0.027568 0.557091 -0.391332
v -0.043273 0.603520 -0.339866
v -0.056587 0.601201 -0.325483
v -0.055077 0.608452 -0.307381
v -0.038863 0.610268 -0.328592
v -0.059480 0.497771 -0.393274
v -0.051541 0.529887 -0.393630
v -0.042672 0.528864 -0.396966
v -0.051843 0.496351 -0.396524
v -0.001888 0.572420 -0.391409
v -0.003157 0.551485 -0.394851
v -0.006453 0.551181 -0.396480
v -0.008916 0.530953 -0.397222
v -0.004372 0.532069 -0.394570
v -0.005703 0.506598 -0.391960
v -0.011564 0.503976 -0.395885
v -0.050552 0.463367 -0.389984
v -0.040694 0.464198 -0.389230
v -0.046713 0.419283 -0.370786
v -0.055499 0.421164 -0.373493
v -0.015361 0.427166 -0.365225
v -0.012930 0.470781 -0.385148
v -0.006364 0.474365 -0.380851
v -0.008061 0.432740 -0.361749
v -0.012149 0.389929 -0.255090
v -0.017211 0.378299 -0.274856
v -0.008841 0.383791 -0.284823
v -0.015740 0.375580 -0.303405
v -0.008778 0.384173 -0.313560
v -0.008557 0.381221 -0.303213
v -0.016308 0.373975 -0.292816
v -0.010490 0.400078 -0.344974
v -0.018383 0.383346 -0.334695
v -0.018166 0.394554 -0.346439
v -0.002070 0.597610 -0.143402
v -0.019796 0.594485 -0.142093
v -0.037205 0.587098 -0.138673
v -0.054331 0.575517 -0.133720
v -0.071036 0.560003 -0.131349
v -0.087276 0.540437 -0.131864
v -0.110321 0.489101 -0.132819
v -0.113391 0.470236 -0.131656
v -0.112107 0.448223 -0.128930
v -0.106526 0.423360 -0.127705
v -0.067535 0.372889 -0.127414
v -0.050266 0.363730 -0.128562
v -0.032287 0.357232 -0.129438
v -0.015226 0.353772 -0.129959
v -0.044921 0.395908 -0.189346
v -0.046938 0.375311 -0.163357
v -0.063941 0.384842 -0.162109
v -0.064048 0.408428 -0.185261
v -0.086391 0.413562 -0.158132
v -0.094839 0.417944 -0.158048
v -0.093377 0.439520 -0.183607
v -0.085130 0.433803 -0.183534
v -0.106204 0.493739 -0.181870
v -0.104710 0.490736 -0.175238
v -0.103847 0.506808 -0.171478
v -0.105020 0.509875 -0.178131
v -0.082929 0.558794 -0.164523
v -0.084246 0.548542 -0.149259
v -0.069366 0.566392 -0.147948
v -0.068653 0.575161 -0.164410
v -0.053452 0.588279 -0.166802
v -0.053569 0.581106 -0.149875
v -0.036879 0.592729 -0.154810
v -0.036836 0.599291 -0.171603
v -0.019916 0.606380 -0.176130
v -0.019864 0.599936 -0.158846
v -0.002520 0.602691 -0.161041
v -0.002684 0.609538 -0.179907
v -0.002960 0.615791 -0.197660
v -0.003501 0.621204 -0.214252
v -0.021926 0.618569 -0.208661
v -0.020536 0.612666 -0.192752
v -0.037655 0.605583 -0.187348
v -0.039614 0.611304 -0.201839
v -0.056572 0.599440 -0.194196
v -0.054320 0.594564 -0.181853
v -0.016544 0.379919 -0.326102
v -0.009196 0.394898 -0.336728
v -0.008995 0.388658 -0.324757
v -0.015568 0.377148 -0.314504
v -0.034061 0.498399 -0.398049
v -0.043348 0.496894 -0.398180
v -0.034470 0.528668 -0.398977
v -0.026940 0.529139 -0.399660
v -0.008114 0.611284 -0.364138
v -0.013442 0.605935 -0.366369
v -0.017857 0.605573 -0.361265
v -0.013531 0.611229 -0.357625
v 0.000406 0.616064 -0.356535
v 0.000916 0.614809 -0.362695
v -0.002524 0.614523 -0.362832
v -0.004393 0.615572 -0.356512
v -0.012617 0.621015 -0.322955
v -0.016027 0.623809 -0.303471
v -0.002543 0.625229 -0.303463
v -0.001681 0.622787 -0.321166
v -0.032016 0.615265 -0.323180
v -0.046433 0.614832 -0.299617
v -0.030658 0.620343 -0.302189
v -0.022729 0.618507 -0.323626
v -0.098749 0.522615 -0.132626
v -0.105434 0.506598 -0.132985
v -0.016781 0.366580 -0.162532
v -0.030749 0.369626 -0.162959
v -0.030388 0.386370 -0.193757
v -0.020384 0.382371 -0.195201
v -0.022551 0.396744 -0.212313
v -0.030498 0.401266 -0.209293
v -0.023703 0.396495 -0.228775
v -0.023921 0.374741 -0.324965
v -0.035825 0.381193 -0.335942
v -0.025970 0.386125 -0.340349
v -0.024844 0.422935 -0.366906
v -0.036548 0.419513 -0.367869
v -0.030963 0.465283 -0.387937
v -0.021312 0.467395 -0.387619
v -0.018248 0.501462 -0.398055
v -0.025691 0.499619 -0.397583
v -0.020194 0.529396 -0.399506
v -0.014216 0.529972 -0.399225
v -0.009448 0.554713 -0.396149
v -0.014575 0.555350 -0.395838
v -0.009199 0.577684 -0.388373
v -0.004251 0.575802 -0.390146
v -0.035456 0.558443 -0.387593
v -0.044274 0.560369 -0.383152
v -0.038639 0.587580 -0.363756
v -0.030930 0.585089 -0.370266
v -0.027280 0.598030 -0.362498
v -0.034343 0.600712 -0.355036
v -0.025798 0.601240 -0.359719
v -0.024203 0.605214 -0.355801
v -0.032478 0.604857 -0.349972
v -0.026889 0.611184 -0.343256
v -0.019152 0.611199 -0.351374
v -0.014967 0.614772 -0.348993
v -0.021528 0.615244 -0.339637
v -0.016393 0.617036 -0.339115
v -0.011647 0.615931 -0.348655
v -0.006725 0.616978 -0.348189
v -0.009516 0.618739 -0.337861
v -0.000898 0.620347 -0.335876
v -0.000198 0.617912 -0.347595
v -0.061933 0.415497 -0.200539
v -0.045338 0.407741 -0.204989
v -0.080928 0.429874 -0.184228
v -0.074792 0.421483 -0.184652
v -0.077314 0.401217 -0.159103
v -0.096155 0.455157 -0.181906
v -0.100923 0.437568 -0.157704
v -0.105592 0.460504 -0.157182
v -0.101121 0.471724 -0.174884
v -0.103655 0.488289 -0.170060
v -0.106900 0.480677 -0.156598
v -0.104869 0.497477 -0.155618
v -0.102722 0.504186 -0.166273
v -0.098927 0.520494 -0.165349
v -0.100885 0.513280 -0.153679
v -0.094778 0.530789 -0.151532
v -0.092423 0.540773 -0.165463
v -0.098527 0.461203 -0.191969
v -0.097505 0.458012 -0.186583
v -0.102177 0.474247 -0.180020
v -0.103275 0.477318 -0.186452
v -0.092489 0.545375 -0.170492
v -0.100218 0.523691 -0.170173
v -0.092590 0.549449 -0.175146
v -0.101288 0.527256 -0.175810
v -0.103530 0.480777 -0.193420
v -0.097821 0.464732 -0.198392
v -0.091869 0.551823 -0.178367
v -0.101085 0.530293 -0.180819
v -0.083514 0.435751 -0.192618
v -0.078008 0.430839 -0.193489
v -0.011242 0.395455 -0.234406
v -0.011075 0.389994 -0.216702
v -0.009939 0.380273 -0.196002
v -0.069046 0.581653 -0.177503
v -0.084469 0.566063 -0.176397
v -0.081306 0.387466 -0.126380
v -0.097485 0.421824 -0.158039
v -0.097771 0.404116 -0.127362
v -0.071494 0.422315 -0.198526
v -0.058974 0.464283 -0.389417
v -0.061046 0.531229 -0.387068
v -0.072209 0.583633 -0.330104
v -0.066919 0.598011 -0.316611
v -0.066857 0.605514 -0.295095
v -0.068981 0.608713 -0.251498
v -0.070142 0.604602 -0.229121
v -0.073047 0.596376 -0.205971
v -0.071111 0.587139 -0.189274
v -0.086896 0.569200 -0.182721
v -0.095054 0.442653 -0.183520
v -0.091658 0.442356 -0.193427
v -0.007114 0.364844 -0.162407
v -0.090756 0.396704 -0.126831
v -0.004384 0.389456 -0.263091
v -0.003823 0.392714 -0.240400
v -0.003567 0.388195 -0.217614
v -0.003500 0.379003 -0.195012
v -0.068772 0.607423 -0.276585
v -0.004364 0.353011 -0.129626
v 0.006727 0.597227 -0.143421
v 0.006124 0.602340 -0.161224
v 0.005888 0.609207 -0.180146
v -0.005243 0.409004 -0.348706
v -0.005529 0.398204 -0.341284
v -0.005580 0.391153 -0.329343
v -0.003240 0.475544 -0.381637
v -0.004495 0.435218 -0.363850
v 0.003034 0.617784 -0.347657
v 0.002792 0.615970 -0.356581
v 0.002626 0.614741 -0.362728
v 0.003352 0.620179 -0.335957
v 0.005797 0.615447 -0.197896
v 0.005695 0.620841 -0.214428
v -0.005571 0.385983 -0.318132
v -0.005511 0.382451 -0.307669
v -0.005115 0.383593 -0.289252
v 0.004608 0.627185 -0.284585
v 0.004158 0.624964 -0.303591
v 0.003726 0.622573 -0.321269
v 0.005005 0.628134 -0.265752
v 0.005530 0.624742 -0.231182
v 0.005301 0.627151 -0.248172
v -0.001304 0.551713 -0.394670
v -0.002238 0.532486 -0.394804
v -0.003055 0.507341 -0.392234
v -0.000114 0.571726 -0.391940
v -0.003531 0.364400 -0.162105
v -0.094407 0.444936 -0.198781
v -0.094449 0.446028 -0.194803
v -0.084010 0.562924 -0.171581
v -0.107272 0.497409 -0.190034
v -0.105395 0.513209 -0.185733
v -0.109631 0.550573 -0.242967
v -0.107853 0.548133 -0.219581
v -0.102177 0.568956 -0.205858
v -0.098472 0.577584 -0.231316
v -0.084681 0.594831 -0.228040
v -0.088318 0.586002 -0.203897
v -0.080768 0.597403 -0.281016
v -0.082804 0.598951 -0.251929
v -0.092015 0.579729 -0.289952
v -0.102289 0.554543 -0.303286
v -0.108110 0.552116 -0.272557
v -0.095959 0.579768 -0.259147
v -0.079105 0.560240 -0.348357
v -0.092667 0.557339 -0.328336
v -0.084089 0.580958 -0.313012
v -0.077913 0.595672 -0.300810
v -0.089678 0.575555 -0.189310
v -0.098197 0.560541 -0.189621
v -0.104590 0.542665 -0.201751
v -0.101940 0.537762 -0.193511
v -0.093929 0.554851 -0.183322
v -0.114990 0.527174 -0.282368
v -0.108913 0.529958 -0.312785
v -0.112222 0.503494 -0.316337
v -0.116627 0.505100 -0.286201
v -0.102442 0.502831 -0.342896
v -0.098601 0.530921 -0.339479
v -0.087105 0.531545 -0.356990
v -0.091263 0.501397 -0.358626
v -0.067267 0.498910 -0.388046
v -0.075214 0.499706 -0.380828
v -0.071320 0.531784 -0.377439
v -0.065996 0.465556 -0.386862
v -0.105263 0.485622 -0.204923
v -0.110352 0.486932 -0.216598
v -0.113124 0.506830 -0.236307
v -0.112160 0.526232 -0.232817
v -0.115985 0.527009 -0.253354
v -0.116873 0.506798 -0.257899
v -0.106804 0.520515 -0.204945
v -0.110114 0.524445 -0.215181
v -0.112213 0.506075 -0.218464
v -0.108665 0.503729 -0.207560
v -0.103689 0.483760 -0.199963
v -0.100912 0.534258 -0.187614
v -0.107693 0.502281 -0.202388
v -0.105514 0.517899 -0.197894
v -0.088028 0.500989 -0.362943
v -0.084697 0.531634 -0.360347
v 0.010406 0.611211 -0.371659
v 0.015559 0.605443 -0.373038
v 0.013038 0.592241 -0.384555
v 0.016456 0.599064 -0.377299
v 0.008622 0.587947 -0.389227
v 0.003257 0.585777 -0.391237
v 0.003824 0.614923 -0.371102
v 0.006490 0.614369 -0.371013
v 0.008292 0.613158 -0.371274
v 0.051665 0.583902 -0.356948
v 0.063769 0.581026 -0.346479
v 0.067225 0.559207 -0.365306
v 0.055018 0.561668 -0.375377
v 0.048930 0.617926 -0.241087
v 0.050629 0.612976 -0.221004
v 0.066735 0.599376 -0.214304
v 0.064630 0.607892 -0.234879
v 0.014251 0.626797 -0.248343
v 0.014790 0.624375 -0.231358
v 0.033291 0.620872 -0.227016
v 0.032135 0.624047 -0.245350
v 0.030282 0.625416 -0.263969
v 0.027692 0.624503 -0.283836
v 0.012319 0.626880 -0.284732
v 0.013438 0.627800 -0.265913
v 0.063087 0.612332 -0.256510
v 0.062061 0.611188 -0.278557
v 0.044272 0.619272 -0.281778
v 0.046830 0.620292 -0.260992
v 0.015871 0.613321 -0.356263
v 0.010106 0.613722 -0.363440
v 0.013545 0.614350 -0.355929
v 0.017633 0.591919 -0.376805
v 0.019096 0.598926 -0.371010
v 0.024056 0.598900 -0.365985
v 0.024613 0.593863 -0.369799
v 0.026044 0.559098 -0.390959
v 0.018607 0.558249 -0.394140
v 0.016761 0.579313 -0.384359
v 0.025176 0.580988 -0.377763
v 0.044902 0.606955 -0.330189
v 0.061717 0.603833 -0.309607
v 0.061960 0.596513 -0.327743
v 0.048333 0.599897 -0.341613
v 0.043839 0.514068 -0.402513
v 0.037796 0.537563 -0.397512
v 0.047394 0.539190 -0.394101
v 0.052275 0.514107 -0.399672
v 0.003621 0.552231 -0.396153
v 0.000541 0.551885 -0.394722
v 0.001797 0.572514 -0.391321
v 0.004462 0.508506 -0.396775
v -0.000371 0.508045 -0.392232
v -0.000073 0.532824 -0.394510
v 0.003991 0.533260 -0.397058
v 0.045620 0.452922 -0.405027
v 0.036954 0.451610 -0.402792
v 0.031134 0.486919 -0.402093
v 0.040566 0.488304 -0.404542
v -0.000998 0.435786 -0.365541
v -0.000111 0.476686 -0.382111
v 0.005853 0.478107 -0.389001
v 0.005853 0.437012 -0.376614
v -0.002193 0.382784 -0.291360
v 0.002993 0.377399 -0.296502
v 0.001743 0.386216 -0.268321
v 0.002589 0.375248 -0.314819
v -0.002500 0.381657 -0.309748
v -0.002420 0.385183 -0.320282
v 0.003290 0.378036 -0.325957
v 0.006659 0.405935 -0.368138
v 0.006351 0.393323 -0.359799
v -0.000566 0.404171 -0.353768
v 0.032978 0.592179 -0.141847
v 0.015525 0.596845 -0.143386
v 0.065739 0.570151 -0.132075
v 0.049727 0.583265 -0.137843
v 0.095436 0.532266 -0.129991
v 0.080960 0.553187 -0.129338
v 0.115233 0.460658 -0.130079
v 0.113834 0.479346 -0.131279
v 0.104194 0.414045 -0.126133
v 0.112030 0.438594 -0.127374
v 0.042765 0.359606 -0.127407
v 0.060768 0.367183 -0.126058
v 0.006736 0.352823 -0.129131
v 0.024252 0.354742 -0.128439
v 0.053895 0.384681 -0.211899
v 0.057686 0.377340 -0.168304
v 0.040565 0.371791 -0.165026
v 0.037058 0.382355 -0.204826
v 0.076978 0.400058 -0.215070
v 0.085719 0.402933 -0.216138
v 0.089470 0.398161 -0.172421
v 0.081196 0.396349 -0.171222
v 0.107876 0.486101 -0.187518
v 0.106853 0.485744 -0.180625
v 0.105487 0.464605 -0.187395
v 0.106766 0.464633 -0.194846
v 0.078059 0.569358 -0.167195
v 0.079573 0.560047 -0.148822
v 0.092808 0.541043 -0.150439
v 0.091065 0.551908 -0.167589
v 0.047991 0.595937 -0.173221
v 0.048716 0.589170 -0.156360
v 0.064916 0.576091 -0.151025
v 0.063856 0.583639 -0.169039
v 0.014463 0.608859 -0.180233
v 0.014769 0.601989 -0.161370
v 0.031999 0.597814 -0.159835
v 0.031523 0.604346 -0.177111
v 0.032005 0.610588 -0.193754
v 0.033249 0.616387 -0.209713
v 0.014891 0.620477 -0.214602
v 0.014555 0.615099 -0.197994
v 0.064644 0.589859 -0.184122
v 0.066803 0.594560 -0.196548
v 0.050555 0.607738 -0.203558
v 0.048704 0.602168 -0.188995
v 0.004002 0.381900 -0.337488
v -0.002252 0.390346 -0.331583
v -0.001981 0.397385 -0.343565
v 0.004677 0.387005 -0.349276
v 0.021538 0.535875 -0.400137
v 0.029170 0.536396 -0.399534
v 0.035028 0.513023 -0.403420
v 0.025905 0.512193 -0.402332
v 0.018638 0.609957 -0.358238
v 0.022362 0.603983 -0.362032
v 0.017798 0.604700 -0.366964
v 0.012998 0.610450 -0.364540
v 0.009921 0.615006 -0.356785
v 0.007736 0.614118 -0.363028
v 0.004336 0.614674 -0.362761
v 0.005178 0.615876 -0.356626
v 0.009133 0.622359 -0.321372
v 0.010858 0.624699 -0.303718
v 0.024178 0.622219 -0.304238
v 0.019820 0.619732 -0.323573
v 0.029669 0.616435 -0.324625
v 0.038528 0.617607 -0.303508
v 0.053906 0.610864 -0.301530
v 0.038682 0.612469 -0.324528
v 0.110527 0.497078 -0.131448
v 0.105286 0.513559 -0.130952
v 0.013579 0.381028 -0.195849
v 0.023758 0.381838 -0.198122
v 0.023999 0.367423 -0.164004
v 0.009826 0.365505 -0.163039
v 0.013419 0.387351 -0.248024
v 0.022417 0.390117 -0.224640
v 0.015213 0.389746 -0.221522
v 0.014413 0.405719 -0.378118
v 0.025122 0.409694 -0.389437
v 0.012309 0.389738 -0.366457
v 0.013062 0.481041 -0.394644
v 0.021962 0.484826 -0.398871
v 0.026735 0.448181 -0.397276
v 0.015140 0.442372 -0.387585
v 0.008945 0.534215 -0.398931
v 0.014803 0.535260 -0.399911
v 0.017760 0.511393 -0.401067
v 0.010512 0.509743 -0.399730
v 0.004628 0.575893 -0.389992
v 0.009903 0.577604 -0.388482
v 0.012281 0.557305 -0.395650
v 0.007064 0.556185 -0.395607
v 0.033426 0.582544 -0.371493
v 0.041549 0.584408 -0.365285
v 0.044013 0.561927 -0.382650
v 0.034513 0.560343 -0.387120
v 0.029990 0.599033 -0.360783
v 0.038638 0.597825 -0.356428
v 0.031106 0.595721 -0.363612
v 0.024472 0.609474 -0.352206
v 0.032488 0.608836 -0.344388
v 0.037301 0.602098 -0.351302
v 0.028864 0.603115 -0.356812
v 0.017473 0.614779 -0.349210
v 0.022652 0.615492 -0.339859
v 0.027605 0.613300 -0.340574
v 0.020677 0.613363 -0.349672
v 0.006266 0.617656 -0.347718
v 0.007601 0.620011 -0.336038
v 0.015983 0.617730 -0.338347
v 0.012671 0.616211 -0.348559
v 0.034622 0.389350 -0.231148
v 0.050011 0.388044 -0.238109
v 0.071579 0.387235 -0.170575
v 0.065255 0.391835 -0.215505
v 0.072305 0.397562 -0.215697
v 0.099525 0.442953 -0.191136
v 0.105156 0.442931 -0.166333
v 0.097986 0.418278 -0.169604
v 0.091460 0.420441 -0.207204
v 0.105903 0.485621 -0.174948
v 0.108446 0.485192 -0.162411
v 0.108633 0.465025 -0.164302
v 0.104691 0.464849 -0.181271
v 0.098942 0.531192 -0.173056
v 0.101655 0.522574 -0.153201
v 0.106170 0.504663 -0.155784
v 0.103735 0.506559 -0.173321
v 0.101003 0.442673 -0.206146
v 0.100265 0.442622 -0.197865
v 0.092436 0.420760 -0.214376
v 0.093093 0.421642 -0.222398
v 0.104958 0.507502 -0.178232
v 0.099028 0.534101 -0.177704
v 0.105984 0.508818 -0.183710
v 0.099230 0.536852 -0.181696
v 0.092028 0.423458 -0.231529
v 0.100957 0.443686 -0.214769
v 0.105799 0.510279 -0.188228
v 0.098548 0.538487 -0.184432
v 0.067930 0.395754 -0.232770
v 0.073982 0.398413 -0.232381
v 0.003206 0.390449 -0.243647
v 0.002978 0.379762 -0.196248
v 0.004089 0.389395 -0.216991
v 0.078460 0.575819 -0.180315
v 0.092488 0.556866 -0.182928
v 0.075766 0.380474 -0.124821
v 0.093744 0.395627 -0.125849
v 0.092493 0.401607 -0.172256
v 0.059605 0.389361 -0.241607
v 0.049125 0.488147 -0.404498
v 0.058003 0.538857 -0.388085
v 0.072338 0.592504 -0.319266
v 0.075959 0.577773 -0.332929
v 0.073688 0.599955 -0.297775
v 0.079334 0.596266 -0.230320
v 0.077715 0.602911 -0.254295
v 0.080381 0.579270 -0.194577
v 0.082394 0.586822 -0.208746
v 0.094867 0.558077 -0.188120
v 0.087927 0.405860 -0.215109
v 0.082622 0.401791 -0.234691
v 0.000063 0.364554 -0.162544
v 0.086043 0.388835 -0.125284
v 0.076450 0.601679 -0.279354
v 0.085751 0.404387 -0.236338
v 0.084724 0.402384 -0.245084
v 0.092113 0.555958 -0.174939
v 0.107636 0.465454 -0.203755
v 0.108152 0.486941 -0.195121
v 0.105317 0.563400 -0.231209
v 0.109181 0.551553 -0.207512
v 0.112738 0.524613 -0.221313
v 0.114183 0.534073 -0.244188
v 0.096806 0.573226 -0.206101
v 0.093045 0.583580 -0.228267
v 0.090697 0.592089 -0.255237
v 0.087440 0.590750 -0.284223
v 0.102013 0.571939 -0.262922
v 0.111858 0.542991 -0.276761
v 0.104980 0.546092 -0.307262
v 0.096909 0.572257 -0.293554
v 0.088233 0.574143 -0.316298
v 0.094435 0.549889 -0.331909
v 0.080338 0.554974 -0.350873
v 0.083706 0.589280 -0.303892
v 0.097880 0.563388 -0.193624
v 0.100634 0.540075 -0.188576
v 0.106751 0.514914 -0.199142
v 0.109534 0.519087 -0.205951
v 0.105118 0.544639 -0.193776
v 0.114975 0.493302 -0.296492
v 0.109705 0.500705 -0.323595
v 0.109281 0.521348 -0.316520
v 0.116218 0.516524 -0.286371
v 0.087481 0.509242 -0.366418
v 0.086048 0.532797 -0.359419
v 0.098216 0.527891 -0.342258
v 0.099035 0.506001 -0.350450
v 0.069653 0.537758 -0.379132
v 0.070782 0.513316 -0.388318
v 0.061256 0.513837 -0.394941
v 0.056910 0.488207 -0.402283
v 0.107114 0.450225 -0.239316
v 0.102223 0.445998 -0.228473
v 0.115991 0.484521 -0.268561
v 0.117953 0.507908 -0.257318
v 0.114544 0.501361 -0.238683
v 0.112761 0.478700 -0.248276
v 0.108609 0.467966 -0.222332
v 0.112142 0.472666 -0.232006
v 0.112711 0.494334 -0.222710
v 0.109368 0.490497 -0.213593
v 0.100859 0.444943 -0.222706
v 0.105666 0.512528 -0.194156
v 0.108127 0.488868 -0.206972
v 0.107793 0.467414 -0.216850
v 0.084189 0.510101 -0.370751
v 0.083523 0.533673 -0.362706
v -0.094431 0.537545 -0.079506
v -0.094073 0.537751 -0.043173
v -0.075073 0.557909 -0.052431
v -0.076004 0.556679 -0.085607
v -0.058069 0.570763 -0.091650
v -0.056158 0.573850 -0.061890
v -0.037361 0.584532 -0.069792
v -0.040099 0.581201 -0.098389
v -0.022224 0.588685 -0.103168
v -0.019876 0.591707 -0.075785
v -0.003772 0.595164 -0.079802
v -0.004426 0.592971 -0.106078
v -0.002894 0.601549 -0.055879
v -0.017796 0.598037 -0.051818
v -0.034370 0.591788 -0.045306
v -0.053246 0.580623 -0.034795
v -0.064207 0.573935 -0.027330
v -0.074914 0.561988 -0.021396
v -0.093301 0.541903 -0.011154
v -0.048652 0.353558 0.031134
v -0.029338 0.347233 0.027583
v -0.063757 0.360985 0.034168
v -0.101266 0.398073 0.031806
v -0.113096 0.414808 0.024793
v -0.119728 0.433566 0.017230
v -0.121250 0.454665 0.009826
v -0.117427 0.493393 0.000079
v -0.120496 0.474609 0.004121
v -0.025181 0.337949 -0.011946
v -0.046223 0.345032 -0.007884
v -0.041045 0.340302 -0.052908
v -0.020147 0.335557 -0.055456
v -0.060955 0.349706 -0.051011
v -0.065457 0.356726 -0.005407
v -0.082913 0.372031 -0.004716
v -0.079710 0.363575 -0.049818
v -0.095740 0.379804 -0.050395
v -0.098435 0.387813 -0.007121
v -0.112064 0.404536 -0.012021
v -0.109076 0.398066 -0.052800
v -0.118036 0.419377 -0.057203
v -0.120208 0.424843 -0.017179
v -0.122848 0.448810 -0.022587
v -0.122551 0.445248 -0.062427
v -0.119721 0.485741 -0.069082
v -0.123132 0.467287 -0.066156
v -0.122577 0.469991 -0.027222
v -0.119406 0.488490 -0.031067
v -0.004086 0.594185 -0.127273
v -0.022169 0.590004 -0.125418
v -0.039619 0.582465 -0.121382
v -0.056805 0.571655 -0.115668
v -0.074305 0.556492 -0.111738
v -0.092139 0.537021 -0.109501
v -0.120330 0.467422 -0.100528
v -0.116921 0.486101 -0.103396
v -0.119177 0.445429 -0.097064
v -0.113486 0.419256 -0.093617
v -0.055425 0.352573 -0.092956
v -0.073816 0.364088 -0.091540
v -0.036332 0.344958 -0.094130
v -0.016366 0.341316 -0.095073
v -0.087819 0.382322 0.034971
v -0.072745 0.367965 0.035267
v -0.105839 0.524496 -0.005567
v -0.112561 0.509968 -0.003084
v -0.114279 0.505408 -0.034180
v -0.107194 0.520315 -0.036973
v -0.107287 0.519299 -0.074644
v -0.114426 0.503075 -0.071912
v -0.111656 0.503672 -0.106114
v -0.104588 0.519646 -0.107886
v -0.103734 0.396627 -0.092183
v -0.089925 0.378821 -0.091297
v -0.066274 0.565315 -0.056808
v 0.004387 0.601311 -0.055407
v 0.004145 0.594759 -0.079357
v 0.004305 0.592613 -0.105600
v -0.006407 0.340833 -0.094522
v -0.009855 0.334940 -0.054889
v -0.014773 0.337126 -0.011334
v 0.004935 0.593855 -0.126785
v -0.020009 0.346500 0.028636
v 0.080263 0.549137 -0.077424
v 0.077222 0.548655 -0.041443
v 0.092310 0.526021 -0.028821
v 0.097192 0.527753 -0.069792
v 0.046952 0.577487 -0.093592
v 0.043956 0.579962 -0.065143
v 0.061165 0.566946 -0.054371
v 0.063386 0.565417 -0.084934
v 0.013037 0.592256 -0.105121
v 0.012062 0.594354 -0.078911
v 0.027618 0.589174 -0.073096
v 0.030164 0.586503 -0.100290
v 0.025863 0.595242 -0.049104
v 0.011647 0.600638 -0.055030
v 0.056950 0.573283 -0.025124
v 0.041126 0.586933 -0.039388
v 0.065688 0.565008 -0.015353
v 0.086701 0.528905 0.006248
v 0.073512 0.551580 -0.007460
v -0.010662 0.345966 0.029649
v 0.007364 0.349634 0.037361
v 0.021697 0.354814 0.043672
v 0.079790 0.400118 0.044063
v 0.063845 0.385442 0.048903
v 0.097292 0.438448 0.030745
v 0.090978 0.417715 0.037733
v 0.100688 0.458375 0.025140
v 0.101183 0.477514 0.020949
v 0.000449 0.334595 -0.054309
v 0.020735 0.337300 -0.049452
v 0.016281 0.341070 -0.003635
v -0.004344 0.336637 -0.010728
v 0.060074 0.356357 -0.041929
v 0.054213 0.363179 0.006327
v 0.035774 0.350285 0.002367
v 0.040553 0.344567 -0.045302
v 0.094589 0.387343 -0.041879
v 0.087981 0.391571 0.004204
v 0.071627 0.376748 0.006742
v 0.078158 0.370706 -0.040593
v 0.114904 0.432652 -0.050483
v 0.105948 0.434022 -0.004136
v 0.099412 0.410631 0.000585
v 0.106819 0.407508 -0.045597
v 0.109018 0.473722 -0.012841
v 0.109156 0.455051 -0.008629
v 0.118289 0.454495 -0.054165
v 0.117050 0.473245 -0.057267
v 0.031943 0.587949 -0.122807
v 0.013956 0.593525 -0.126296
v 0.065526 0.566536 -0.111237
v 0.049259 0.578890 -0.117923
v 0.098111 0.528666 -0.103947
v 0.081810 0.549774 -0.106608
v 0.118318 0.475586 -0.097496
v 0.119938 0.456666 -0.094603
v 0.108289 0.409358 -0.087693
v 0.116608 0.434849 -0.091143
v 0.062955 0.358246 -0.086272
v 0.043297 0.348517 -0.088308
v 0.003561 0.340533 -0.093985
v 0.023446 0.342589 -0.090864
v 0.030949 0.360321 0.046627
v 0.047564 0.372059 0.049398
v 0.099375 0.494528 0.017275
v 0.095343 0.509842 0.013919
v 0.113712 0.491084 -0.060456
v 0.108253 0.508029 -0.063680
v 0.102064 0.506839 -0.020441
v 0.106652 0.491064 -0.016682
v 0.109083 0.510159 -0.102093
v 0.114716 0.493578 -0.100264
v 0.096297 0.387770 -0.086366
v 0.080619 0.371369 -0.085661
v 0.069822 0.557179 -0.047450
v -0.050371 0.639881 0.073391
v -0.057508 0.635651 0.084306
v -0.061752 0.633220 0.096583
v -0.064223 0.630283 0.115554
v -0.065863 0.626321 0.130161
v -0.067701 0.619159 0.149705
v -0.068294 0.612529 0.166214
v -0.067192 0.607486 0.176649
v -0.059670 0.577458 0.214051
v -0.055033 0.565046 0.223897
v -0.048699 0.559828 0.231287
v -0.040056 0.559696 0.236346
v -0.016795 0.650731 0.036865
v -0.011510 0.652627 0.034400
v -0.065476 0.601223 0.189151
v -0.062354 0.590132 0.202121
v -0.043545 0.643676 0.064319
v -0.037836 0.646062 0.057665
v -0.031108 0.648121 0.050546
v -0.023342 0.649417 0.042519
v -0.033481 0.640154 0.042776
v -0.039703 0.637620 0.048561
v -0.046043 0.634282 0.055971
v -0.053939 0.628713 0.067413
v -0.074110 0.588237 0.182411
v -0.072078 0.576113 0.195604
v -0.062779 0.623447 0.079573
v -0.068490 0.618551 0.091481
v -0.068393 0.565251 0.207049
v -0.063431 0.553025 0.216005
v -0.071772 0.615840 0.110390
v -0.073998 0.612376 0.129476
v -0.075485 0.604032 0.151920
v -0.075361 0.597199 0.169166
v -0.057035 0.542385 0.223633
v -0.049828 0.536534 0.229409
v -0.009269 0.653418 0.033559
v -0.008702 0.639662 0.016879
v -0.011148 0.639290 0.017454
v -0.017392 0.641495 0.023778
v -0.024007 0.641504 0.033167
v -0.041467 0.534596 0.233043
v -0.035188 0.531459 0.234123
v -0.035206 0.559174 0.237194
v 0.003060 0.624474 -0.017474
v -0.000914 0.627124 -0.012833
v 0.003104 0.626434 -0.012336
v 0.002594 0.631873 -0.002435
v -0.001522 0.632530 -0.003032
v -0.002656 0.643430 0.011823
v 0.001695 0.642824 0.012299
v 0.001040 0.657436 0.028161
v -0.003395 0.657986 0.027704
v -0.002774 0.625258 -0.012597
v -0.001984 0.626393 -0.013394
v 0.002255 0.623775 -0.018886
v 0.001998 0.622833 -0.019933
v -0.007147 0.640728 0.015329
v -0.005600 0.642779 0.012842
v -0.004213 0.632093 -0.002327
v -0.005467 0.630587 -0.000421
v -0.006440 0.657112 0.029029
v -0.008079 0.654625 0.031876
v -0.004457 0.621773 -0.018972
v -0.005362 0.624512 -0.011524
v 0.004367 0.623496 -0.018590
v 0.004301 0.622606 -0.019488
v 0.004400 0.624291 -0.017275
v 0.004437 0.626183 -0.012127
v 0.003237 0.657114 0.028530
v 0.003830 0.642355 0.012761
v 0.004636 0.631475 -0.002052
v -0.007633 0.629648 0.000757
v -0.052825 0.519629 0.228983
v -0.045245 0.516941 0.231702
v -0.069261 0.536048 0.219402
v -0.061152 0.525724 0.225151
v -0.089381 0.583192 0.178063
v -0.085926 0.570201 0.191202
v -0.087063 0.603828 0.133367
v -0.089754 0.593833 0.158530
v -0.077382 0.613262 0.093185
v -0.082390 0.608733 0.109880
v -0.058912 0.624451 0.061488
v -0.069768 0.618235 0.077814
v -0.042389 0.635618 0.042878
v -0.049722 0.631246 0.050006
v -0.035643 0.638522 0.037179
v -0.081057 0.557582 0.202156
v -0.076191 0.545922 0.212029
v -0.039250 0.513717 0.232587
v -0.035898 0.508587 0.232665
v -0.010476 0.629652 0.001051
v -0.019259 0.628952 0.002027
v -0.017673 0.637876 0.019381
v -0.026592 0.635758 0.023222
v -0.030555 0.627440 0.007295
v -0.044401 0.625292 0.017280
v -0.037849 0.632776 0.028393
v -0.059904 0.617370 0.022009
v -0.071498 0.607904 0.031634
v -0.069810 0.610972 0.035260
v -0.081327 0.601615 0.053085
v -0.085352 0.594868 0.049745
v -0.098515 0.581178 0.070467
v -0.095965 0.589814 0.075517
v -0.087822 0.603455 0.096063
v -0.101148 0.588121 0.100302
v -0.109765 0.581134 0.124705
v -0.094965 0.597616 0.114923
v -0.100495 0.592137 0.139717
v -0.114027 0.574760 0.149616
v -0.114920 0.562334 0.170814
v -0.102895 0.581945 0.164340
v -0.095138 0.553651 0.195696
v -0.101757 0.566746 0.184295
v -0.111212 0.549242 0.186546
v -0.102721 0.536443 0.197090
v -0.073824 0.519657 0.220134
v -0.075568 0.505643 0.219285
v -0.065885 0.509957 0.223855
v -0.049194 0.499487 0.230661
v -0.056476 0.500206 0.227876
v -0.057985 0.494592 0.229232
v -0.050947 0.493431 0.231566
v -0.084591 0.583853 0.036834
v -0.078469 0.579459 0.026976
v -0.094039 0.554464 0.036192
v -0.098984 0.557575 0.044256
v -0.066373 0.598629 0.017963
v -0.071105 0.603348 0.026899
v -0.060223 0.613017 0.017692
v -0.058509 0.606483 0.010828
v -0.046836 0.612654 0.002024
v -0.047156 0.619154 0.007998
v -0.032180 0.622540 -0.003418
v -0.031245 0.617275 -0.009418
v -0.017152 0.620226 -0.016458
v -0.019353 0.624318 -0.009850
v -0.008577 0.624546 -0.011372
v -0.002367 0.615563 -0.034680
v -0.016514 0.612126 -0.031356
v -0.031966 0.606613 -0.024286
v -0.048988 0.598071 -0.013488
v -0.059614 0.591566 -0.005855
v -0.064833 0.586165 -0.000689
v -0.075448 0.571365 0.006781
v -0.092145 0.549345 0.015738
v -0.059621 0.389064 0.176104
v -0.066467 0.397316 0.193601
v -0.053313 0.379817 0.141344
v -0.055373 0.383272 0.157608
v -0.073119 0.408930 0.209747
v -0.080721 0.416447 0.215660
v -0.032254 0.359552 0.063400
v -0.047308 0.363819 0.067523
v -0.058570 0.369454 0.077005
v -0.070412 0.374814 0.095648
v -0.075457 0.376886 0.085638
v -0.109359 0.403947 0.084799
v -0.117507 0.422089 0.071728
v -0.084451 0.424998 0.221174
v -0.086564 0.430712 0.222732
v -0.065410 0.417817 0.210564
v -0.064010 0.412142 0.206003
v -0.044843 0.403744 0.183661
v -0.047611 0.410333 0.195918
v -0.036070 0.386176 0.137006
v -0.044567 0.385117 0.138976
v -0.043547 0.382122 0.128174
v -0.035319 0.382428 0.127841
v -0.034641 0.378232 0.116996
v -0.043553 0.378916 0.117474
v -0.043924 0.375642 0.106516
v -0.034027 0.373614 0.104424
v -0.053234 0.376464 0.111360
v -0.052512 0.378061 0.125276
v -0.081394 0.441063 0.222318
v -0.094885 0.450179 0.221995
v -0.099746 0.446399 0.224357
v -0.084465 0.434910 0.222247
v -0.051655 0.425412 0.213189
v -0.065585 0.431581 0.218769
v -0.066094 0.424565 0.215490
v -0.049982 0.417598 0.205716
v -0.120787 0.438750 0.061157
v -0.120575 0.457007 0.050294
v -0.119293 0.474916 0.041733
v -0.115627 0.497094 0.034175
v -0.052662 0.472449 0.228646
v -0.061344 0.475607 0.227956
v -0.062251 0.460390 0.224616
v -0.052456 0.457462 0.225357
v -0.076484 0.486106 0.218296
v -0.080963 0.492008 0.215433
v -0.086490 0.480325 0.212189
v -0.081854 0.476500 0.215367
v -0.036912 0.390014 0.145975
v -0.038049 0.393644 0.154743
v -0.050871 0.393042 0.170772
v -0.047155 0.388229 0.154315
v -0.039571 0.396881 0.163403
v -0.041994 0.399814 0.172243
v -0.060598 0.406255 0.198518
v -0.055370 0.399146 0.185683
v -0.088168 0.381101 0.088053
v -0.100334 0.390011 0.090328
v -0.052821 0.445985 0.222919
v -0.062991 0.449596 0.223346
v -0.064351 0.439857 0.221225
v -0.052595 0.434941 0.218939
v -0.100269 0.477392 0.209106
v -0.103713 0.531292 0.021621
v -0.110559 0.515919 0.028332
v -0.103593 0.493895 0.200625
v -0.094332 0.485750 0.207983
v -0.089630 0.500835 0.210969
v -0.098435 0.509632 0.203606
v -0.094442 0.525747 0.205918
v -0.086370 0.515867 0.213398
v -0.082061 0.530716 0.213865
v -0.088595 0.540820 0.205483
v -0.088018 0.455257 0.220995
v -0.077333 0.448163 0.222377
v -0.073581 0.456631 0.222843
v -0.080306 0.461214 0.221226
v -0.040415 0.420741 0.206268
v -0.039408 0.427509 0.211014
v -0.043232 0.426557 0.212265
v -0.044460 0.435143 0.217447
v -0.039569 0.435976 0.215488
v -0.039581 0.446067 0.219045
v -0.044874 0.445586 0.221245
v -0.044653 0.456594 0.223755
v -0.039250 0.456605 0.221604
v -0.039104 0.467774 0.223926
v -0.044993 0.469309 0.226506
v -0.039816 0.483784 0.228200
v -0.038099 0.496717 0.230441
v -0.041682 0.501690 0.230764
v -0.043336 0.492608 0.229834
v -0.101452 0.560645 0.053066
v -0.101929 0.570295 0.062686
v -0.086446 0.588563 0.044025
v -0.089862 0.598449 0.077812
v -0.078544 0.610882 0.078042
v -0.065987 0.618338 0.058776
v -0.075737 0.608597 0.056405
v -0.064266 0.617052 0.039764
v -0.055633 0.624146 0.044289
v -0.047540 0.628713 0.035366
v -0.055515 0.622289 0.027369
v -0.103621 0.458537 0.219253
v -0.077751 0.472475 0.218573
v -0.073380 0.482372 0.221654
v -0.071719 0.495717 0.221882
v -0.069599 0.491702 0.224556
v -0.065106 0.495091 0.226813
v -0.064741 0.500566 0.224962
v -0.045611 0.485622 0.229977
v -0.072125 0.465952 0.222181
v -0.068939 0.478419 0.224916
v -0.066531 0.489523 0.227262
v -0.059838 0.486884 0.230044
v -0.051977 0.487138 0.231199
v -0.091090 0.380823 0.113505
v -0.092005 0.380653 0.117406
v -0.102900 0.389024 0.116843
v -0.101786 0.389251 0.112921
v -0.109354 0.403314 0.107338
v -0.108579 0.403432 0.104039
v -0.116539 0.420786 0.090545
v -0.115474 0.420929 0.088007
v -0.121459 0.437967 0.076909
v -0.120630 0.438037 0.074627
v -0.122930 0.454636 0.067935
v -0.122322 0.454637 0.065229
v -0.122064 0.473581 0.059561
v -0.120878 0.472927 0.055889
v -0.118807 0.490403 0.053247
v -0.116518 0.494363 0.046491
v -0.083491 0.376908 0.114622
v -0.047360 0.505689 0.230098
v -0.111492 0.502250 0.191997
v -0.107966 0.518055 0.195479
v -0.111435 0.514581 0.039051
v -0.045352 0.370424 0.089379
v -0.054942 0.373309 0.094596
v -0.100591 0.466748 0.214142
v -0.095507 0.474015 0.211682
v -0.122188 0.540048 0.172355
v -0.117475 0.528254 0.186102
v -0.118727 0.565751 0.134335
v -0.122239 0.552832 0.154420
v -0.055263 0.507582 0.227690
v -0.104784 0.532038 0.033618
v -0.092855 0.551561 0.023868
v -0.066153 0.374132 0.106959
v -0.075979 0.374046 0.110960
v -0.033322 0.367454 0.085298
v -0.105503 0.532946 0.041817
v -0.109775 0.532173 0.049866
v -0.107494 0.576699 0.101208
v -0.034810 0.400121 0.172829
v -0.035697 0.405209 0.184170
v -0.034057 0.396815 0.163926
v -0.036649 0.413864 0.198655
v -0.033333 0.393372 0.155178
v -0.032635 0.389647 0.146451
v 0.004411 0.615333 -0.033716
v -0.030269 0.377871 0.117479
v -0.031169 0.382081 0.128301
v -0.029210 0.373218 0.104957
v -0.031916 0.385824 0.137467
v -0.027534 0.366974 0.085945
v -0.036272 0.446063 0.218585
v -0.035715 0.456415 0.221213
v -0.035344 0.466802 0.223355
v -0.036691 0.436072 0.215009
v -0.025121 0.358958 0.064209
v -0.035788 0.481158 0.227709
v -0.035968 0.494983 0.230484
v -0.036856 0.420349 0.205111
v -0.036874 0.427660 0.210537
v -0.095860 0.461427 0.217842
v -0.086227 0.466333 0.217922
v -0.090887 0.470451 0.214544
v -0.111868 0.514136 0.045281
v -0.127950 0.520110 0.149602
v -0.128741 0.507264 0.145971
v -0.128665 0.504977 0.168119
v -0.120615 0.508798 0.183235
v -0.125798 0.534506 0.152956
v -0.125855 0.518748 0.171002
v -0.122636 0.548558 0.133838
v -0.110030 0.569145 0.098416
v -0.111194 0.558862 0.091610
v -0.123008 0.525657 0.124357
v -0.123341 0.537532 0.130386
v -0.125943 0.498802 0.100171
v -0.125266 0.514167 0.114372
v -0.112376 0.547243 0.080820
v -0.113249 0.534888 0.068652
v -0.121551 0.496613 0.064810
v -0.125571 0.489288 0.087008
v -0.112700 0.529353 0.058284
v -0.132270 0.494554 0.138204
v -0.136064 0.479572 0.130892
v -0.135932 0.469130 0.119502
v -0.134637 0.464987 0.109141
v -0.125335 0.474139 0.073502
v -0.129814 0.464467 0.090694
v -0.125254 0.426694 0.090132
v -0.126466 0.441622 0.080142
v -0.117111 0.506701 0.054259
v -0.125377 0.459911 0.072832
v -0.123030 0.482871 0.062280
v 0.046577 0.626613 0.097390
v 0.041711 0.631961 0.084176
v 0.045201 0.621139 0.132106
v 0.048215 0.623953 0.112045
v 0.036651 0.611019 0.165102
v 0.041815 0.617367 0.146935
v 0.026436 0.603134 0.188548
v 0.031376 0.606399 0.179538
v -0.008838 0.562986 0.232117
v 0.001549 0.575139 0.224008
v -0.030432 0.559303 0.238275
v -0.019653 0.558657 0.236940
v 0.015272 0.650044 0.037818
v 0.019456 0.647230 0.041492
v 0.010577 0.588013 0.212674
v 0.019701 0.598510 0.200260
v 0.034215 0.639662 0.066277
v 0.037812 0.636556 0.073946
v 0.024253 0.644974 0.048430
v 0.029691 0.642614 0.057918
v 0.036661 0.630738 0.057856
v 0.032403 0.634127 0.050899
v 0.044639 0.620100 0.079104
v 0.040536 0.626584 0.066385
v 0.022349 0.571348 0.207764
v 0.030435 0.583663 0.194048
v 0.051562 0.608476 0.105387
v 0.049545 0.613841 0.092706
v 0.002980 0.548783 0.226143
v 0.012956 0.560600 0.218680
v 0.047736 0.602494 0.140894
v 0.050160 0.605430 0.122888
v 0.036918 0.592290 0.179795
v 0.042681 0.596863 0.162180
v -0.018561 0.534576 0.234976
v -0.007926 0.539087 0.231641
v 0.016601 0.636751 0.020944
v 0.014452 0.637545 0.019789
v 0.013450 0.651228 0.036458
v 0.025706 0.636879 0.039415
v 0.021496 0.637882 0.028700
v -0.028775 0.533913 0.235493
v 0.005803 0.626128 -0.012074
v 0.009880 0.625996 -0.011730
v 0.005761 0.624226 -0.017189
v 0.006055 0.642427 0.012844
v 0.010424 0.642240 0.013460
v 0.010931 0.631449 -0.001522
v 0.006744 0.631512 -0.001932
v 0.009903 0.656711 0.029397
v 0.005473 0.657011 0.028725
v 0.006653 0.622452 -0.019428
v 0.006507 0.623369 -0.018452
v 0.010763 0.625050 -0.012106
v 0.011178 0.623803 -0.011180
v 0.013806 0.628912 0.001917
v 0.013280 0.630573 -0.000206
v 0.012905 0.641093 0.015160
v 0.013488 0.638845 0.017919
v 0.012890 0.652607 0.034551
v 0.012371 0.655306 0.031425
v 0.013399 0.622565 -0.009607
v 0.012602 0.620307 -0.017153
v 0.015461 0.627640 0.003560
v -0.026002 0.515636 0.235160
v -0.016923 0.516821 0.234826
v -0.006443 0.521296 0.233574
v 0.005051 0.529915 0.230640
v 0.036667 0.562726 0.206309
v 0.046029 0.575791 0.192892
v 0.053528 0.585978 0.171127
v 0.058429 0.593452 0.143433
v 0.059775 0.595377 0.119726
v 0.059148 0.599656 0.104831
v 0.055884 0.606397 0.090979
v 0.050046 0.614927 0.074471
v 0.044912 0.622845 0.061436
v 0.040192 0.628205 0.052953
v 0.035484 0.632097 0.045914
v 0.016193 0.539002 0.225122
v 0.026387 0.550276 0.216432
v -0.032363 0.513282 0.233878
v 0.022182 0.634249 0.024368
v 0.026210 0.625030 0.007497
v 0.018120 0.627165 0.004523
v 0.038677 0.626059 0.037653
v 0.046285 0.615572 0.026676
v 0.035613 0.621383 0.014918
v 0.029527 0.630756 0.030110
v 0.064281 0.597413 0.049481
v 0.066227 0.594710 0.046715
v 0.058805 0.604827 0.034330
v 0.076875 0.574243 0.094708
v 0.079060 0.566160 0.090878
v 0.073325 0.580794 0.067689
v 0.069796 0.587162 0.069501
v 0.068850 0.583283 0.128262
v 0.077900 0.566295 0.144288
v 0.076100 0.572083 0.118737
v 0.066978 0.587564 0.108778
v 0.062681 0.571922 0.181450
v 0.069327 0.548676 0.192012
v 0.075419 0.561186 0.170463
v 0.067724 0.580558 0.155199
v 0.046690 0.524478 0.214886
v 0.059929 0.536158 0.206482
v 0.053815 0.556178 0.202444
v 0.041890 0.543568 0.212727
v -0.003031 0.503878 0.232811
v 0.007594 0.494855 0.230729
v 0.007046 0.511043 0.232067
v -0.022987 0.491000 0.235878
v -0.014962 0.490667 0.235421
v -0.014900 0.496501 0.233879
v -0.023399 0.497329 0.234725
v 0.081604 0.542550 0.065113
v 0.078173 0.540136 0.056081
v 0.069385 0.567158 0.044052
v 0.073749 0.570679 0.055121
v 0.058088 0.596314 0.024045
v 0.059387 0.601305 0.030692
v 0.066193 0.590991 0.042377
v 0.062934 0.587817 0.032879
v 0.036574 0.611485 -0.002021
v 0.037882 0.615385 0.003871
v 0.050029 0.609029 0.018255
v 0.049274 0.604169 0.012678
v 0.016463 0.621975 -0.008799
v 0.026653 0.619655 -0.005096
v 0.024309 0.616749 -0.011975
v 0.024114 0.609549 -0.026867
v 0.011175 0.614727 -0.033187
v 0.051390 0.590905 -0.002466
v 0.037613 0.601946 -0.016731
v 0.062800 0.576467 0.013627
v 0.059494 0.582720 0.007381
v 0.080451 0.535457 0.034932
v 0.069424 0.560032 0.023071
v -0.006377 0.386450 0.145038
v -0.010725 0.384819 0.143597
v -0.012295 0.382281 0.138828
v -0.011992 0.379201 0.132920
v 0.003787 0.387148 0.157451
v -0.001669 0.387362 0.146853
v -0.004515 0.360309 0.072453
v -0.017986 0.358416 0.065035
v 0.020051 0.370528 0.090758
v 0.012463 0.370049 0.098951
v 0.004698 0.364190 0.084312
v 0.073108 0.420976 0.076211
v 0.059904 0.405855 0.081074
v 0.007496 0.392959 0.183421
v 0.006158 0.388737 0.168472
v -0.026298 0.408739 0.198336
v -0.027330 0.402526 0.185626
v -0.011324 0.393909 0.174837
v -0.010840 0.399076 0.189760
v -0.027022 0.381738 0.128799
v -0.019172 0.380149 0.130703
v -0.020137 0.383270 0.140862
v -0.027764 0.385485 0.137965
v -0.024399 0.372813 0.105536
v -0.015038 0.373239 0.109853
v -0.017341 0.376735 0.120502
v -0.025903 0.377505 0.118005
v -0.010397 0.375871 0.125846
v -0.007377 0.372889 0.116481
v 0.006081 0.401407 0.198559
v 0.020832 0.400132 0.194417
v 0.017501 0.412107 0.207193
v 0.004139 0.413121 0.210982
v -0.024957 0.415618 0.208582
v -0.010657 0.407170 0.204084
v -0.010844 0.417355 0.214757
v -0.023681 0.423114 0.216412
v 0.086924 0.448358 0.064579
v 0.081540 0.433999 0.071214
v 0.091582 0.483335 0.053705
v 0.090309 0.463733 0.059363
v -0.020674 0.454788 0.229042
v -0.011250 0.455866 0.230536
v -0.013171 0.471103 0.234178
v -0.021805 0.469612 0.232624
v 0.012395 0.457213 0.222880
v 0.017972 0.459129 0.221009
v 0.013335 0.476386 0.226328
v 0.007269 0.472048 0.227497
v -0.019855 0.386755 0.148001
v -0.018483 0.389782 0.153302
v -0.028721 0.392920 0.155783
v -0.028360 0.389302 0.146963
v -0.016192 0.391514 0.158031
v -0.013051 0.392259 0.163587
v -0.028084 0.398869 0.173798
v -0.028795 0.396122 0.164614
v 0.047178 0.391273 0.083967
v 0.033162 0.378627 0.086677
v -0.022492 0.432436 0.222415
v -0.011154 0.429536 0.222600
v -0.011212 0.442732 0.227851
v -0.021374 0.443369 0.226551
v 0.030011 0.446524 0.215688
v 0.090711 0.500469 0.048056
v 0.087630 0.515646 0.042705
v 0.036559 0.492996 0.220788
v 0.024188 0.483535 0.225101
v 0.026938 0.462618 0.219463
v 0.038558 0.469903 0.216345
v 0.030295 0.531371 0.220965
v 0.018944 0.521028 0.228406
v 0.021397 0.502773 0.228467
v 0.033702 0.513388 0.222691
v 0.006920 0.440591 0.224103
v -0.000243 0.440897 0.225968
v 0.001713 0.426843 0.220103
v 0.012595 0.426351 0.217404
v -0.031340 0.425568 0.213638
v -0.034573 0.427107 0.211573
v -0.033636 0.420177 0.207051
v -0.028693 0.444239 0.223114
v -0.033198 0.445536 0.219782
v -0.034050 0.435517 0.216125
v -0.029933 0.433934 0.219125
v -0.027906 0.467757 0.228543
v -0.032070 0.467165 0.224750
v -0.032377 0.456033 0.222397
v -0.027678 0.455181 0.225716
v -0.029026 0.491485 0.232129
v -0.030224 0.500884 0.232773
v -0.033802 0.496422 0.231202
v -0.032197 0.483196 0.229381
v 0.074669 0.575132 0.062624
v 0.082334 0.554964 0.083967
v 0.082480 0.545342 0.074308
v 0.064831 0.593690 0.070495
v 0.056532 0.605340 0.070979
v 0.063176 0.594937 0.090046
v 0.071947 0.582657 0.094520
v 0.054182 0.609714 0.038053
v 0.045738 0.620585 0.046572
v 0.050753 0.614402 0.056558
v 0.058936 0.602956 0.051631
v 0.027263 0.413787 0.203475
v 0.002249 0.470299 0.230031
v 0.007267 0.455502 0.225169
v -0.005651 0.494886 0.233092
v -0.006970 0.489624 0.234792
v -0.002038 0.483260 0.233410
v 0.001741 0.485879 0.231472
v -0.027745 0.484091 0.232641
v -0.004058 0.469757 0.232517
v 0.000226 0.452814 0.227849
v -0.006571 0.483407 0.235350
v -0.022484 0.484480 0.235543
v -0.014620 0.482650 0.236394
v 0.045200 0.396061 0.093018
v 0.045613 0.396463 0.094275
v 0.032636 0.385934 0.097086
v 0.032389 0.385425 0.095893
v 0.056433 0.410607 0.090314
v 0.056845 0.411330 0.091665
v 0.068938 0.425568 0.085917
v 0.069652 0.426301 0.087481
v 0.078976 0.438552 0.081629
v 0.079514 0.439368 0.083487
v 0.084962 0.451110 0.077795
v 0.085191 0.452085 0.080358
v 0.088135 0.466149 0.073592
v 0.088559 0.467657 0.077673
v 0.088935 0.483751 0.066911
v 0.089026 0.481500 0.073986
v 0.023535 0.379887 0.099615
v -0.024060 0.503847 0.233884
v 0.049932 0.479406 0.211928
v 0.049354 0.503212 0.214642
v 0.088536 0.501142 0.060086
v -0.002139 0.368916 0.100694
v -0.010638 0.367536 0.093388
v 0.027142 0.429812 0.211209
v 0.024583 0.444993 0.216815
v 0.062668 0.513039 0.206947
v 0.072315 0.523738 0.194941
v 0.078568 0.536467 0.177775
v 0.081861 0.549978 0.157248
v -0.015122 0.504126 0.233689
v 0.079477 0.537189 0.043629
v 0.085877 0.517289 0.054088
v 0.015715 0.374436 0.102392
v 0.006106 0.371329 0.106817
v -0.021751 0.366492 0.086634
v 0.086831 0.517999 0.072349
v 0.084637 0.518914 0.063068
v 0.080024 0.560533 0.122249
v 0.021146 0.427431 0.214134
v 0.019305 0.443315 0.218477
v 0.013764 0.441789 0.221140
v 0.087330 0.501677 0.066867
v 0.079072 0.489365 0.170636
v 0.079679 0.502407 0.174030
v 0.062368 0.488839 0.206043
v 0.072507 0.501655 0.194059
v 0.079295 0.517119 0.176803
v 0.082906 0.531343 0.157675
v 0.082604 0.520153 0.154280
v 0.081774 0.508333 0.148260
v 0.082932 0.542675 0.114039
v 0.081891 0.553044 0.120525
v 0.086323 0.519218 0.091919
v 0.084679 0.530780 0.103595
v 0.084492 0.496293 0.139034
v 0.086616 0.487486 0.125604
v 0.087338 0.515226 0.081482
v 0.088578 0.483195 0.110788
v 0.090123 0.488075 0.087873
v 0.086257 0.468657 0.151993
v 0.082143 0.477605 0.164401
v 0.089271 0.462517 0.125332
v 0.088159 0.463442 0.136812
v 0.089481 0.471146 0.092794
v 0.089496 0.465790 0.106794
v 0.084802 0.444371 0.088075
v 0.079683 0.433005 0.089944
v 0.089291 0.495770 0.076968
v 0.090297 0.476445 0.083007
v 0.087701 0.458758 0.087298
v -0.000562 0.383589 0.138992
v 0.003035 0.384517 0.142245
v -0.002319 0.379461 0.133347
v -0.002960 0.381670 0.137772
v 0.008253 0.383854 0.150913
v 0.015270 0.383491 0.160602
v 0.017895 0.389028 0.172608
v 0.019948 0.392769 0.182262
v 0.001250 0.374830 0.120993
v -0.000763 0.377217 0.127304
v 0.034194 0.416428 0.200298
v 0.037069 0.404688 0.191048
v 0.043689 0.406571 0.190391
v 0.041081 0.422108 0.200124
v 0.031964 0.434288 0.210099
v 0.040982 0.435107 0.206710
v 0.039206 0.452013 0.212609
v 0.029819 0.402228 0.191913
v 0.050819 0.459607 0.209128
v 0.052361 0.426449 0.196309
v 0.052400 0.442819 0.203533
v 0.041015 0.390259 0.182105
v 0.048723 0.393814 0.183882
v 0.050940 0.410524 0.189289
v 0.026799 0.394139 0.182519
v 0.034064 0.394023 0.182258
v 0.025624 0.387042 0.172518
v 0.032533 0.382788 0.174392
v 0.072329 0.485222 0.193505
v 0.073205 0.469897 0.189604
v 0.064942 0.453465 0.198947
v 0.062719 0.469301 0.204119
v 0.074584 0.395400 0.149913
v 0.070965 0.395411 0.159747
v 0.005346 0.372807 0.125537
v 0.009481 0.370445 0.117688
v 0.011612 0.378066 0.148193
v 0.006924 0.378408 0.140225
v 0.005040 0.378092 0.132876
v 0.006407 0.375086 0.130599
v 0.024070 0.378259 0.165564
v 0.017047 0.378007 0.156639
v 0.075549 0.410006 0.111277
v 0.057940 0.396251 0.099194
v 0.057785 0.404722 0.096800
v 0.072296 0.420730 0.097630
v 0.021466 0.376299 0.104102
v 0.027471 0.379795 0.102477
v 0.028052 0.376431 0.104009
v 0.016035 0.370785 0.112140
v 0.027365 0.371134 0.106320
v 0.076705 0.396117 0.138796
v 0.077338 0.397485 0.126394
v 0.066222 0.397415 0.168738
v 0.060297 0.401387 0.176887
v 0.057994 0.417124 0.185844
v 0.063284 0.436710 0.191676
v 0.067726 0.425861 0.181089
v 0.072194 0.417284 0.170035
v 0.076890 0.428069 0.171072
v 0.072315 0.436162 0.182205
v 0.077822 0.456428 0.179698
v 0.082707 0.447025 0.166498
v 0.080121 0.423690 0.158588
v 0.076026 0.413251 0.159033
v 0.079554 0.413322 0.147780
v 0.082930 0.423271 0.145923
v 0.082627 0.422929 0.111732
v 0.080097 0.419338 0.111583
v 0.079637 0.429314 0.098405
v 0.082156 0.433394 0.097868
v 0.036794 0.370795 0.102793
v 0.045867 0.374876 0.100568
v 0.035267 0.377872 0.103590
v 0.043636 0.379888 0.102078
v 0.034271 0.375206 0.104079
v 0.036129 0.386445 0.100009
v 0.046639 0.395832 0.097688
v 0.045646 0.385699 0.099637
v 0.036745 0.379204 0.102049
v 0.054552 0.400065 0.182056
v 0.017138 0.374004 0.109059
v 0.025149 0.375077 0.106057
v 0.024069 0.373829 0.107629
v 0.015422 0.373409 0.111768
v 0.087150 0.442523 0.138938
v 0.085352 0.442711 0.152353
v 0.088923 0.451046 0.103070
v 0.088995 0.453132 0.096246
v 0.085547 0.430542 0.121267
v 0.084698 0.426050 0.133219
v 0.081623 0.415309 0.135928
v 0.082081 0.418270 0.123814
v 0.088649 0.442509 0.126952
v 0.089854 0.443125 0.117301
v 0.085262 0.439776 0.097904
v 0.085841 0.435071 0.108559
v 0.073869 0.424313 0.091921
v 0.059421 0.409145 0.094671
v 0.064149 0.419088 0.179411
v 0.069047 0.412428 0.169162
v 0.073323 0.408903 0.158891
v 0.076766 0.408594 0.148425
v 0.078844 0.410091 0.137430
v 0.079646 0.413641 0.124604
v 0.068538 0.436415 0.186687
v 0.057456 0.385215 0.102971
v 0.072320 0.395147 0.114244
v 0.045272 0.235855 0.143541
v 0.054586 0.236326 0.132797
v 0.055504 0.246187 0.133745
v 0.045635 0.247610 0.144168
v 0.055675 0.237442 0.121954
v 0.048212 0.238888 0.110983
v 0.048909 0.246593 0.111039
v 0.056539 0.245932 0.122606
v 0.020684 0.247999 0.142484
v 0.015759 0.247220 0.131107
v 0.015786 0.237833 0.130285
v 0.020505 0.236770 0.141892
v 0.016136 0.247079 0.119963
v 0.021501 0.247242 0.109136
v 0.022111 0.239836 0.109289
v 0.016343 0.238952 0.119396
v 0.031968 0.239797 0.102118
v 0.027319 0.240111 0.103532
v 0.026675 0.247194 0.103061
v 0.031726 0.247157 0.101659
v 0.029396 0.248148 0.150556
v 0.025349 0.248350 0.148766
v 0.024850 0.236069 0.148740
v 0.028923 0.235724 0.150737
v 0.036888 0.247045 0.102236
v 0.042252 0.246846 0.104633
v 0.042030 0.239652 0.104489
v 0.036851 0.239659 0.102437
v 0.033418 0.235564 0.151017
v 0.038334 0.235601 0.149580
v 0.038225 0.248204 0.149662
v 0.033425 0.248091 0.151145
v 0.057610 0.353830 0.106979
v 0.068021 0.357688 0.119349
v 0.065241 0.337414 0.121352
v 0.056702 0.334436 0.108954
v 0.072154 0.360543 0.131886
v 0.070069 0.362288 0.142862
v 0.065899 0.341456 0.144573
v 0.068276 0.339716 0.133788
v 0.070665 0.362530 0.152736
v 0.067968 0.361929 0.160943
v 0.064187 0.340994 0.159416
v 0.066514 0.341507 0.153392
v 0.063239 0.360746 0.167071
v 0.056426 0.359098 0.171131
v 0.053761 0.340019 0.167262
v 0.059943 0.340489 0.164130
v 0.045426 0.291031 0.153143
v 0.055725 0.321752 0.160573
v 0.050427 0.321826 0.162872
v 0.060744 0.322387 0.152782
v 0.058657 0.321915 0.157700
v 0.048586 0.291208 0.150169
v 0.050205 0.291300 0.145473
v 0.056811 0.290560 0.135505
v 0.063220 0.316526 0.135038
v 0.058776 0.318112 0.145391
v 0.052147 0.285977 0.113490
v 0.055034 0.311854 0.111075
v 0.062083 0.314529 0.123055
v 0.057891 0.288761 0.124591
v 0.054828 0.269463 0.125328
v 0.056539 0.256624 0.123622
v 0.048921 0.255770 0.112856
v 0.049004 0.266803 0.114921
v 0.045326 0.271911 0.145212
v 0.046247 0.259680 0.145397
v 0.055704 0.257764 0.134952
v 0.054041 0.270907 0.135305
v 0.014863 0.353216 0.121135
v 0.018927 0.352529 0.109835
v 0.021224 0.334807 0.112016
v 0.016515 0.336808 0.123998
v 0.014517 0.355086 0.143464
v 0.013389 0.354079 0.132340
v 0.014962 0.338388 0.135500
v 0.016556 0.339482 0.146519
v 0.022595 0.356595 0.159947
v 0.017591 0.355926 0.152690
v 0.019680 0.339955 0.154756
v 0.024330 0.339850 0.160126
v 0.026078 0.317879 0.157339
v 0.022305 0.318306 0.153434
v 0.026986 0.291674 0.150849
v 0.019855 0.318409 0.147063
v 0.017120 0.317460 0.136272
v 0.019689 0.291442 0.134715
v 0.024245 0.291980 0.145193
v 0.018943 0.289620 0.124055
v 0.017916 0.315587 0.124967
v 0.023360 0.312925 0.113735
v 0.023137 0.286631 0.113782
v 0.023508 0.264888 0.112596
v 0.022384 0.256362 0.110714
v 0.016777 0.257410 0.121052
v 0.019336 0.267546 0.122776
v 0.019607 0.271118 0.133335
v 0.016413 0.258607 0.132354
v 0.021250 0.260210 0.143725
v 0.024851 0.272449 0.144068
v 0.031615 0.256088 0.102667
v 0.026302 0.256061 0.103930
v 0.025681 0.265635 0.106560
v 0.031651 0.266356 0.104749
v 0.032690 0.284842 0.105090
v 0.026625 0.284994 0.106909
v 0.027750 0.311227 0.105900
v 0.034356 0.310740 0.103156
v 0.034442 0.333068 0.101265
v 0.027207 0.333534 0.104442
v 0.025003 0.352055 0.102630
v 0.032980 0.351990 0.099517
v 0.036647 0.356990 0.172723
v 0.028966 0.356931 0.166622
v 0.029808 0.339587 0.164986
v 0.036119 0.339167 0.169345
v 0.035043 0.317219 0.163804
v 0.030219 0.317827 0.160706
v 0.030297 0.291624 0.153820
v 0.033516 0.291126 0.156105
v 0.031854 0.272246 0.152262
v 0.028937 0.272604 0.150361
v 0.026075 0.260826 0.150212
v 0.029938 0.260588 0.152191
v 0.037349 0.265588 0.105108
v 0.042874 0.265080 0.108981
v 0.042064 0.255046 0.106797
v 0.036894 0.255757 0.103246
v 0.040843 0.310534 0.102771
v 0.046401 0.310827 0.106193
v 0.044500 0.284849 0.108699
v 0.038935 0.284739 0.105210
v 0.040607 0.352005 0.098870
v 0.047883 0.352056 0.100678
v 0.048042 0.332977 0.102513
v 0.041386 0.332895 0.100626
v 0.042225 0.339150 0.170817
v 0.048139 0.339592 0.169410
v 0.049924 0.357993 0.173816
v 0.043636 0.357308 0.175110
v 0.037136 0.291001 0.156492
v 0.041150 0.291246 0.154975
v 0.045185 0.317343 0.163132
v 0.040032 0.317048 0.164608
v 0.034217 0.260516 0.152418
v 0.038961 0.260604 0.150940
v 0.039143 0.272328 0.150939
v 0.035257 0.272154 0.152456
v 0.073359 0.380604 0.151592
v 0.070288 0.380170 0.161050
v 0.012258 0.364668 0.118306
v 0.010001 0.366246 0.123336
v 0.013682 0.368604 0.147851
v 0.018553 0.369293 0.155980
v 0.010793 0.367130 0.128254
v 0.011090 0.367875 0.138583
v 0.024883 0.369815 0.163839
v 0.032615 0.370114 0.171442
v 0.039249 0.374137 0.177791
v 0.027040 0.363626 0.105268
v 0.018436 0.363883 0.110368
v 0.073127 0.380687 0.140911
v 0.075223 0.379887 0.129457
v 0.059044 0.379621 0.174373
v 0.065513 0.379821 0.168647
v 0.047149 0.366533 0.098937
v 0.037213 0.362807 0.100843
v 0.046137 0.375335 0.179607
v 0.052619 0.378083 0.178031
v 0.070351 0.376142 0.116870
v 0.058265 0.369509 0.104938
v 0.035353 0.104764 0.116544
v 0.036092 0.109541 0.115052
v 0.042670 0.116017 0.129739
v 0.041927 0.110200 0.129912
v 0.043028 0.113417 0.138355
v 0.043387 0.119379 0.139025
v 0.037780 0.123354 0.144081
v 0.037928 0.116208 0.143616
v 0.032945 0.118300 0.146925
v 0.032729 0.125827 0.147117
v 0.028226 0.126739 0.148791
v 0.028153 0.119591 0.149023
v 0.023979 0.120085 0.149237
v 0.024053 0.126890 0.148666
v 0.020265 0.126256 0.146714
v 0.020481 0.119741 0.147563
v 0.016202 0.118478 0.143664
v 0.015971 0.124392 0.142959
v 0.011386 0.121432 0.136820
v 0.011288 0.116318 0.136843
v 0.011179 0.112488 0.128132
v 0.011519 0.117770 0.127724
v 0.015927 0.110294 0.114610
v 0.015642 0.105701 0.116136
v 0.023630 0.105420 0.107495
v 0.023376 0.102978 0.108307
v 0.020227 0.102950 0.109536
v 0.020362 0.105553 0.108654
v 0.030128 0.105203 0.108823
v 0.029663 0.102544 0.109776
v 0.026539 0.102849 0.108367
v 0.026885 0.105285 0.107548
v 0.025007 0.115159 0.105090
v 0.028160 0.115104 0.105134
v 0.017590 0.121423 0.113243
v 0.021648 0.115404 0.106696
v 0.013058 0.132932 0.133518
v 0.013297 0.128683 0.125184
v 0.021252 0.136683 0.143188
v 0.017233 0.135228 0.139320
v 0.029319 0.137157 0.145288
v 0.025108 0.137279 0.145133
v 0.038790 0.134478 0.140343
v 0.033880 0.136286 0.143676
v 0.031539 0.115200 0.106846
v 0.037378 0.121267 0.114456
v 0.043194 0.127575 0.126878
v 0.044055 0.131744 0.135277
v 0.042618 0.219447 0.141353
v 0.049614 0.219632 0.131908
v 0.052424 0.227599 0.132385
v 0.044038 0.226667 0.142760
v 0.044659 0.220569 0.115278
v 0.046644 0.230081 0.112284
v 0.053316 0.228664 0.122202
v 0.050209 0.219979 0.123144
v 0.047658 0.207484 0.124347
v 0.045522 0.190888 0.125868
v 0.040887 0.190206 0.120729
v 0.044044 0.207471 0.120910
v 0.041766 0.207341 0.140230
v 0.041473 0.190348 0.139399
v 0.045962 0.191131 0.133365
v 0.047495 0.207546 0.132238
v 0.041022 0.155618 0.137873
v 0.044466 0.155678 0.132105
v 0.044953 0.173841 0.133321
v 0.041224 0.173108 0.138614
v 0.038483 0.152722 0.119888
v 0.039472 0.171565 0.120796
v 0.044083 0.173268 0.126032
v 0.043339 0.154623 0.124832
v 0.037850 0.137210 0.119629
v 0.043006 0.139397 0.125141
v 0.044165 0.141647 0.132754
v 0.040208 0.142743 0.138450
v 0.021229 0.228019 0.141265
v 0.016985 0.229476 0.130068
v 0.019420 0.221597 0.129952
v 0.023013 0.220691 0.140071
v 0.020384 0.221963 0.121211
v 0.017767 0.230522 0.119880
v 0.023612 0.231409 0.110767
v 0.025379 0.221908 0.114445
v 0.025059 0.208607 0.119563
v 0.025529 0.190716 0.119286
v 0.021543 0.191984 0.124363
v 0.021672 0.209049 0.122684
v 0.020784 0.209138 0.130522
v 0.020996 0.192333 0.131775
v 0.023994 0.191224 0.138228
v 0.023948 0.208396 0.139056
v 0.022876 0.174002 0.137628
v 0.020034 0.174905 0.131838
v 0.017896 0.156860 0.130713
v 0.020591 0.156729 0.137254
v 0.018620 0.155567 0.123343
v 0.020528 0.174156 0.124581
v 0.024117 0.171906 0.119416
v 0.022465 0.153025 0.118607
v 0.016208 0.140411 0.123543
v 0.020430 0.137489 0.118034
v 0.018711 0.143804 0.137819
v 0.015569 0.142869 0.131273
v 0.023238 0.134469 0.108338
v 0.026641 0.134317 0.106895
v 0.028364 0.151793 0.108064
v 0.025126 0.151703 0.109399
v 0.026569 0.170757 0.109850
v 0.029885 0.170910 0.108460
v 0.031354 0.189362 0.108768
v 0.028019 0.189376 0.110143
v 0.029485 0.207544 0.110169
v 0.032793 0.207210 0.108841
v 0.033144 0.221131 0.107252
v 0.029574 0.221603 0.108470
v 0.028496 0.231666 0.105523
v 0.032417 0.231210 0.104073
v 0.028859 0.226445 0.149703
v 0.025165 0.226910 0.147764
v 0.026372 0.220054 0.146076
v 0.029495 0.219683 0.147967
v 0.029911 0.207616 0.145949
v 0.026991 0.207888 0.144199
v 0.027037 0.190611 0.142221
v 0.030124 0.190491 0.143754
v 0.029315 0.173494 0.142694
v 0.025969 0.173532 0.141246
v 0.023786 0.156652 0.141274
v 0.027481 0.156630 0.142772
v 0.026079 0.144567 0.143578
v 0.022212 0.144371 0.141920
v 0.029376 0.134287 0.107040
v 0.033096 0.134208 0.108776
v 0.032288 0.170883 0.108609
v 0.035559 0.170543 0.110296
v 0.034325 0.151468 0.109861
v 0.030851 0.151761 0.108223
v 0.035409 0.207041 0.109014
v 0.039007 0.206920 0.110699
v 0.037115 0.189014 0.110613
v 0.033799 0.189289 0.108923
v 0.036618 0.230913 0.104352
v 0.041072 0.230832 0.106358
v 0.040385 0.220819 0.109120
v 0.036346 0.220887 0.107467
v 0.033071 0.219462 0.148204
v 0.037104 0.219392 0.146784
v 0.037576 0.226159 0.148585
v 0.032995 0.226195 0.149977
v 0.033557 0.190312 0.143994
v 0.037338 0.190073 0.142941
v 0.037020 0.207297 0.144874
v 0.033253 0.207418 0.146176
v 0.031821 0.156362 0.142830
v 0.036807 0.155846 0.141450
v 0.037269 0.172923 0.141797
v 0.033082 0.173293 0.142878
v 0.035676 0.143633 0.142075
v 0.030567 0.144321 0.143630
v 0.028019 0.208101 0.115717
v 0.027088 0.190106 0.116024
v 0.025750 0.171561 0.115913
v 0.024099 0.152639 0.115352
v 0.022594 0.135767 0.113627
v 0.034864 0.135738 0.114922
v 0.036301 0.152942 0.116251
v 0.037394 0.171412 0.117142
v 0.038880 0.189775 0.117227
v 0.040858 0.207328 0.116745
v 0.041716 0.072571 0.166298
v 0.039928 0.079780 0.159392
v 0.035040 0.083006 0.163911
v 0.035263 0.075856 0.172579
v 0.037452 0.065324 0.141864
v 0.035379 0.071536 0.143426
v 0.040094 0.075928 0.152668
v 0.042783 0.068506 0.155378
v 0.001233 0.079480 0.168417
v 0.007350 0.086307 0.162490
v 0.002603 0.084525 0.158004
v -0.002944 0.077856 0.162359
v -0.003294 0.074324 0.152621
v 0.001828 0.080693 0.151347
v 0.003952 0.075268 0.142229
v 0.000356 0.070025 0.140043
v 0.013372 0.065726 0.134822
v 0.005824 0.067165 0.134447
v 0.008141 0.072019 0.137373
v 0.014297 0.070744 0.137254
v 0.018072 0.088211 0.167754
v 0.012404 0.087584 0.165757
v 0.006661 0.080784 0.172782
v 0.013152 0.081394 0.175646
v 0.021204 0.069932 0.137609
v 0.028616 0.069631 0.138288
v 0.029523 0.064347 0.135761
v 0.020974 0.064829 0.135264
v 0.020323 0.080707 0.176735
v 0.027913 0.078653 0.175973
v 0.029893 0.085577 0.166745
v 0.023913 0.087542 0.168082
v 0.037378 0.106928 0.145548
v 0.040625 0.104539 0.141100
v 0.042175 0.109280 0.139654
v 0.037624 0.111492 0.143850
v 0.033009 0.094825 0.126840
v 0.034064 0.099356 0.120277
v 0.040737 0.104744 0.132441
v 0.039450 0.100525 0.134961
v 0.039276 0.093705 0.139932
v 0.038982 0.084055 0.147410
v 0.034029 0.079247 0.139998
v 0.033292 0.088401 0.132870
v 0.036701 0.099777 0.149899
v 0.035094 0.090754 0.156887
v 0.039296 0.087840 0.152947
v 0.040130 0.097460 0.145515
v 0.015763 0.113939 0.143937
v 0.011048 0.111709 0.138568
v 0.010891 0.106350 0.140377
v 0.014676 0.108659 0.144966
v 0.011010 0.102167 0.134053
v 0.010897 0.106808 0.130940
v 0.015605 0.100502 0.119674
v 0.015044 0.096107 0.126003
v 0.012224 0.090137 0.131950
v 0.007911 0.081908 0.139225
v 0.005618 0.087479 0.146531
v 0.008785 0.095797 0.139120
v 0.008943 0.099620 0.144781
v 0.006263 0.091353 0.151997
v 0.010603 0.093279 0.155914
v 0.012737 0.101600 0.148964
v 0.016361 0.077540 0.134223
v 0.011443 0.078727 0.135112
v 0.015800 0.086665 0.127940
v 0.019450 0.085411 0.127101
v 0.021506 0.091983 0.119153
v 0.018596 0.092827 0.120503
v 0.019740 0.098454 0.112580
v 0.022847 0.098326 0.111183
v 0.023524 0.114791 0.149238
v 0.019897 0.114627 0.147567
v 0.018794 0.110192 0.148283
v 0.023246 0.110953 0.150332
v 0.022060 0.103745 0.154339
v 0.017120 0.102971 0.152151
v 0.015178 0.094692 0.158907
v 0.020278 0.095435 0.160836
v 0.023491 0.085015 0.127342
v 0.027919 0.085491 0.128671
v 0.028094 0.076925 0.135713
v 0.022023 0.076915 0.134486
v 0.025979 0.098140 0.111323
v 0.029114 0.097893 0.112988
v 0.028096 0.092036 0.121103
v 0.024684 0.091720 0.119345
v 0.028009 0.110532 0.150448
v 0.033085 0.108929 0.148634
v 0.032810 0.113008 0.147003
v 0.027827 0.114250 0.149050
v 0.025522 0.094886 0.161028
v 0.030779 0.093084 0.159518
v 0.032357 0.101721 0.152877
v 0.027165 0.103345 0.154601
v -0.000308 0.068229 0.139999
v -0.004196 0.072491 0.152799
v -0.003854 0.075973 0.163000
v 0.000351 0.077633 0.169196
v 0.005801 0.078983 0.173703
v 0.012340 0.079602 0.176694
v 0.019566 0.078944 0.177861
v 0.027313 0.076939 0.177167
v 0.034918 0.074194 0.173785
v 0.041798 0.070856 0.167518
v 0.043068 0.066715 0.156164
v 0.037606 0.063626 0.142194
v 0.029615 0.062521 0.135662
v 0.020997 0.063113 0.135385
v 0.013117 0.064040 0.134863
v 0.005351 0.065412 0.134182
v 0.005188 0.063132 0.134655
v -0.000267 0.066180 0.140355
v -0.004263 0.070651 0.153790
v -0.004393 0.073394 0.163455
v -0.000131 0.075024 0.169713
v 0.005188 0.076288 0.174357
v 0.011641 0.077067 0.177386
v 0.018768 0.076596 0.178537
v 0.021072 0.060967 0.136830
v 0.012843 0.061888 0.136121
v 0.025886 0.074947 0.178422
v 0.033574 0.072422 0.175095
v 0.040858 0.069217 0.169073
v 0.042072 0.065921 0.158684
v 0.036666 0.062168 0.143893
v 0.029146 0.060525 0.137194
v 0.042916 0.061450 0.161458
v 0.044044 0.052347 0.169166
v 0.039535 0.049269 0.149010
v 0.037657 0.057915 0.144823
v 0.032634 0.067310 0.179282
v 0.030331 0.056544 0.188004
v 0.040590 0.054923 0.182333
v 0.041042 0.064650 0.173097
v -0.002322 0.061820 0.140622
v -0.004718 0.052236 0.141770
v -0.011112 0.054848 0.158057
v -0.007073 0.065821 0.155368
v -0.007761 0.068406 0.166037
v -0.012901 0.056411 0.169941
v -0.009152 0.057054 0.177980
v -0.003762 0.069657 0.172891
v 0.008121 0.071584 0.181910
v 0.001511 0.070751 0.178232
v -0.004220 0.057690 0.184650
v 0.002054 0.058265 0.189922
v 0.011378 0.049564 0.137118
v 0.002373 0.050435 0.134715
v 0.003689 0.058959 0.134473
v 0.011851 0.057876 0.136547
v 0.020582 0.056972 0.137520
v 0.029917 0.056291 0.137139
v 0.031413 0.048160 0.139079
v 0.021066 0.048820 0.138627
v 0.010162 0.058295 0.192184
v 0.020138 0.057648 0.191239
v 0.024168 0.069634 0.182684
v 0.015678 0.071224 0.183411
v 0.005312 0.046065 0.199020
v 0.005194 0.044481 0.198549
v 0.015708 0.044556 0.198039
v 0.015988 0.046103 0.198451
v 0.027083 0.045942 0.195777
v 0.026649 0.044438 0.195464
v 0.037857 0.044044 0.190642
v 0.038439 0.045495 0.190814
v 0.044043 0.044273 0.173897
v 0.043440 0.042854 0.173961
v 0.039881 0.041999 0.151990
v 0.040356 0.043437 0.151641
v 0.032217 0.043803 0.140280
v 0.031917 0.042307 0.140752
v 0.021277 0.043169 0.139871
v 0.021399 0.044745 0.139418
v 0.011293 0.045841 0.137612
v 0.011313 0.044194 0.138003
v 0.002005 0.045463 0.135273
v 0.001886 0.047163 0.134995
v -0.005639 0.047780 0.142430
v -0.005463 0.046058 0.142524
v -0.012535 0.045932 0.159084
v -0.012799 0.047671 0.159225
v -0.016112 0.047010 0.173981
v -0.015837 0.045288 0.173683
v -0.012674 0.044674 0.182125
v -0.012874 0.046358 0.182505
v -0.008506 0.046028 0.189866
v -0.008393 0.044379 0.189428
v -0.002807 0.044355 0.195582
v -0.002820 0.045970 0.196062
v -0.001081 0.065156 0.140992
v -0.005214 0.069623 0.154593
v 0.004412 0.062106 0.135236
v 0.012116 0.060942 0.136939
v 0.020478 0.060021 0.137731
v 0.029286 0.059402 0.137374
v 0.036720 0.061128 0.144288
v 0.042101 0.064911 0.159261
v 0.040815 0.068170 0.169764
v 0.033285 0.071340 0.175730
v 0.025517 0.073864 0.179018
v 0.017688 0.075631 0.179735
v 0.010556 0.076097 0.178538
v 0.004113 0.075291 0.175437
v -0.001188 0.074005 0.170705
v -0.005426 0.072425 0.164399
v 0.000873 0.043746 0.176290
v -0.001343 0.044123 0.165907
v 0.005769 0.043913 0.152416
v 0.015675 0.043071 0.152790
v 0.025540 0.042482 0.157086
v 0.027799 0.042840 0.174139
v 0.018733 0.043328 0.181854
v 0.007959 0.043575 0.183125
v -0.077410 0.406583 0.205002
v -0.070164 0.398113 0.194029
v -0.062389 0.391372 0.178621
v -0.059515 0.385531 0.165636
v -0.093102 0.419895 0.213908
v -0.084401 0.412710 0.209462
v -0.098692 0.439497 0.222541
v -0.096433 0.430807 0.218692
v -0.058911 0.380420 0.150669
v -0.059408 0.377000 0.135413
v -0.114290 0.469754 0.209936
v -0.119556 0.456105 0.213548
v -0.113755 0.454592 0.217255
v -0.109191 0.465098 0.215637
v -0.109490 0.484955 0.201936
v -0.112609 0.477183 0.205713
v -0.105592 0.472481 0.210321
v -0.107390 0.452802 0.221408
v -0.117664 0.492246 0.192472
v -0.120848 0.483114 0.195723
v -0.123321 0.472398 0.201306
v -0.125302 0.458788 0.207945
v -0.126322 0.444083 0.214172
v -0.119442 0.440219 0.217215
v -0.105128 0.441182 0.220087
v -0.111951 0.430607 0.218236
v -0.104272 0.430408 0.217331
v -0.112124 0.441664 0.217753
v -0.131404 0.495097 0.164924
v -0.125526 0.497863 0.181216
v -0.129335 0.488880 0.182421
v -0.144217 0.428060 0.191372
v -0.146057 0.421173 0.183632
v -0.071522 0.368701 0.159899
v -0.073305 0.375393 0.175141
v -0.082024 0.402921 0.205462
v -0.088126 0.408820 0.209365
v -0.076404 0.384285 0.187557
v -0.078580 0.395633 0.200218
v -0.094734 0.415304 0.213268
v -0.102905 0.422290 0.216898
v -0.121501 0.408392 0.118521
v -0.110729 0.394011 0.128780
v -0.118107 0.386978 0.146696
v -0.134069 0.405920 0.142240
v -0.084104 0.373736 0.130940
v -0.082361 0.376883 0.125254
v -0.076442 0.375317 0.123260
v -0.090968 0.362327 0.157552
v -0.077984 0.364636 0.154745
v -0.144037 0.406328 0.165176
v -0.145982 0.413948 0.174886
v -0.134658 0.444363 0.202198
v -0.140454 0.435876 0.197471
v -0.130226 0.477644 0.188119
v -0.129743 0.461647 0.198981
v -0.137345 0.473842 0.179753
v -0.141997 0.460622 0.175718
v -0.140337 0.451814 0.183398
v -0.135686 0.465315 0.186987
v -0.141436 0.471405 0.158806
v -0.136441 0.485947 0.163262
v -0.144792 0.439965 0.159432
v -0.145043 0.433643 0.168367
v -0.143432 0.441378 0.177232
v -0.144059 0.449003 0.168806
v -0.126534 0.421895 0.104712
v -0.126056 0.417285 0.110345
v -0.134745 0.414052 0.132904
v -0.135791 0.417288 0.129156
v -0.112490 0.364626 0.170474
v -0.101129 0.362264 0.163227
v -0.096040 0.367311 0.149529
v -0.106246 0.369833 0.155430
v -0.094516 0.368338 0.143694
v -0.093988 0.374208 0.137430
v -0.104121 0.378019 0.143428
v -0.100127 0.387505 0.128700
v -0.090456 0.380803 0.127893
v -0.130425 0.446695 0.208289
v -0.072775 0.372030 0.137995
v -0.085554 0.368595 0.143594
v -0.084019 0.369833 0.135302
v -0.073191 0.373434 0.125396
v -0.142730 0.458672 0.150833
v -0.141627 0.449355 0.139393
v -0.126496 0.447983 0.084932
v -0.129744 0.442942 0.095811
v -0.141288 0.420696 0.146395
v -0.144412 0.426909 0.158218
v -0.143466 0.433252 0.148262
v -0.138838 0.429221 0.131610
v -0.137276 0.439013 0.115365
v -0.139327 0.442687 0.126182
v -0.133473 0.427226 0.114444
v -0.127336 0.429604 0.098146
v -0.108846 0.398984 0.117828
v -0.117507 0.414628 0.100306
v -0.138539 0.447506 0.186927
v -0.133892 0.459027 0.191293
v -0.142133 0.437910 0.180836
v -0.143898 0.430424 0.172812
v -0.143593 0.423908 0.163594
v -0.141003 0.417661 0.152068
v -0.134460 0.476317 0.183686
v -0.123188 0.379022 0.162296
v -0.137628 0.395921 0.159777
v -0.133850 0.360486 0.317316
v -0.141430 0.349372 0.312849
v -0.141816 0.345191 0.322272
v -0.135187 0.350922 0.334556
v -0.140451 0.339152 0.308950
v -0.131119 0.335036 0.303278
v -0.130997 0.333876 0.306805
v -0.140634 0.338392 0.314570
v -0.110673 0.351220 0.338673
v -0.103512 0.346594 0.329053
v -0.102103 0.351968 0.318691
v -0.109030 0.362277 0.320638
v -0.101715 0.339737 0.320834
v -0.105146 0.334751 0.310832
v -0.103851 0.336716 0.307004
v -0.100476 0.341715 0.314966
v -0.112597 0.332503 0.299187
v -0.107835 0.333577 0.301304
v -0.109005 0.331745 0.304786
v -0.113286 0.330698 0.302683
v -0.120881 0.354238 0.344905
v -0.116420 0.353729 0.343934
v -0.114815 0.367643 0.321551
v -0.119118 0.368681 0.321703
v -0.118155 0.330532 0.301934
v -0.123601 0.331235 0.302539
v -0.123497 0.332722 0.299714
v -0.117764 0.332213 0.298742
v -0.123171 0.368670 0.321308
v -0.127584 0.366714 0.319911
v -0.129783 0.353770 0.341540
v -0.125364 0.354287 0.344087
v -0.131079 0.359460 0.223386
v -0.140521 0.371648 0.224004
v -0.142083 0.377814 0.203624
v -0.130340 0.364925 0.204693
v -0.144670 0.383990 0.225864
v -0.143033 0.394803 0.228505
v -0.145576 0.400687 0.207180
v -0.147105 0.390740 0.204436
v -0.144471 0.401087 0.231645
v -0.142562 0.405029 0.235122
v -0.145101 0.412919 0.217054
v -0.147026 0.407479 0.211461
v -0.138849 0.408235 0.238292
v -0.133077 0.410495 0.240997
v -0.133872 0.419050 0.227635
v -0.140805 0.416761 0.222589
v -0.131755 0.402435 0.255290
v -0.136766 0.400571 0.253728
v -0.129752 0.384996 0.280594
v -0.132425 0.382009 0.278922
v -0.139358 0.398524 0.252082
v -0.140888 0.395265 0.249589
v -0.138631 0.386950 0.251127
v -0.142005 0.376410 0.248291
v -0.138523 0.367401 0.273143
v -0.133351 0.377541 0.276944
v -0.138196 0.356504 0.270787
v -0.139662 0.364598 0.246007
v -0.131470 0.353006 0.245173
v -0.131161 0.345759 0.270289
v -0.130029 0.340247 0.288952
v -0.130726 0.336845 0.297855
v -0.139814 0.343532 0.300075
v -0.137225 0.350161 0.289229
v -0.137935 0.360014 0.291516
v -0.140942 0.354484 0.303158
v -0.133312 0.366014 0.306569
v -0.130867 0.370534 0.295403
v -0.092571 0.376542 0.231693
v -0.096224 0.364483 0.228687
v -0.092388 0.368646 0.211638
v -0.089785 0.379316 0.215905
v -0.094455 0.398193 0.237237
v -0.091978 0.387833 0.234523
v -0.089380 0.389944 0.219507
v -0.091233 0.399875 0.222441
v -0.103287 0.406978 0.241453
v -0.098190 0.403638 0.239593
v -0.094704 0.406265 0.225143
v -0.099690 0.411420 0.227354
v -0.111203 0.384871 0.281874
v -0.103474 0.396925 0.258701
v -0.107656 0.399164 0.259991
v -0.107672 0.380014 0.279996
v -0.101769 0.370582 0.277471
v -0.096499 0.381241 0.254093
v -0.100323 0.391362 0.256672
v -0.102605 0.349236 0.274098
v -0.100427 0.358337 0.249483
v -0.096157 0.370075 0.251724
v -0.099702 0.360182 0.275535
v -0.102192 0.351312 0.295647
v -0.100405 0.346514 0.304987
v -0.104326 0.338694 0.300795
v -0.104819 0.340507 0.293928
v -0.110530 0.372005 0.297654
v -0.108484 0.367794 0.309468
v -0.101966 0.357385 0.307783
v -0.103809 0.362245 0.295953
v -0.111492 0.336425 0.287793
v -0.105977 0.337627 0.290302
v -0.107022 0.335482 0.296333
v -0.111990 0.334418 0.294540
v -0.110144 0.346902 0.246254
v -0.103931 0.350144 0.247687
v -0.105146 0.341959 0.272694
v -0.110847 0.339592 0.271292
v -0.105402 0.358321 0.206686
v -0.097753 0.361568 0.208707
v -0.101475 0.356666 0.226404
v -0.108346 0.353123 0.224769
v -0.115914 0.412464 0.244981
v -0.109199 0.409920 0.243273
v -0.106327 0.416006 0.229932
v -0.114474 0.420076 0.232534
v -0.118434 0.388908 0.283284
v -0.114880 0.387283 0.282486
v -0.112097 0.401117 0.260755
v -0.117270 0.402697 0.261880
v -0.118397 0.374639 0.310684
v -0.114241 0.373381 0.310387
v -0.115523 0.377398 0.299083
v -0.118729 0.378690 0.299632
v -0.117288 0.334084 0.294210
v -0.123044 0.334970 0.296092
v -0.123266 0.336919 0.289108
v -0.117210 0.335961 0.287670
v -0.117016 0.339015 0.270496
v -0.123010 0.341699 0.270787
v -0.122419 0.348781 0.245580
v -0.116519 0.345947 0.245409
v -0.115166 0.352052 0.223805
v -0.121948 0.353437 0.223544
v -0.120282 0.358796 0.205236
v -0.112910 0.357403 0.205514
v -0.121582 0.421656 0.232907
v -0.127623 0.420762 0.230891
v -0.127772 0.412080 0.243139
v -0.122110 0.413172 0.244973
v -0.122313 0.402875 0.261684
v -0.127207 0.401654 0.260128
v -0.125780 0.387179 0.281663
v -0.122066 0.388874 0.283009
v -0.122115 0.378451 0.299262
v -0.125663 0.376676 0.297974
v -0.127012 0.372373 0.308805
v -0.122635 0.374291 0.310151
v -0.145581 0.420681 0.202572
v -0.147400 0.413928 0.195510
v -0.086819 0.380340 0.203792
v -0.089245 0.371038 0.199293
v -0.095450 0.411657 0.217036
v -0.090129 0.405606 0.213996
v -0.086932 0.399112 0.210717
v -0.086036 0.389871 0.207586
v -0.109247 0.423576 0.223029
v -0.101974 0.417696 0.220041
v -0.115470 0.429753 0.223693
v -0.094287 0.365034 0.195478
v -0.101880 0.362217 0.192604
v -0.147213 0.396970 0.183651
v -0.145916 0.406050 0.188811
v -0.141849 0.426013 0.208805
v -0.136142 0.429954 0.214152
v -0.110289 0.361241 0.191469
v -0.118463 0.362548 0.191278
v -0.129964 0.431683 0.219144
v -0.122323 0.431487 0.223419
v -0.142487 0.383370 0.184020
v -0.130149 0.369113 0.189004
v -0.136965 0.220131 0.294799
v -0.136928 0.226503 0.296543
v -0.125080 0.226948 0.287264
v -0.124812 0.225091 0.286341
v -0.140192 0.214054 0.309028
v -0.139918 0.227563 0.313056
v -0.141889 0.227639 0.305142
v -0.142124 0.216965 0.301972
v -0.134203 0.210042 0.318228
v -0.134017 0.226289 0.322746
v -0.136980 0.227754 0.318783
v -0.137411 0.212057 0.314398
v -0.126753 0.208355 0.319941
v -0.126009 0.225203 0.324364
v -0.130341 0.225427 0.324608
v -0.130635 0.208801 0.320090
v -0.113418 0.209390 0.313679
v -0.112833 0.222669 0.318014
v -0.120359 0.224231 0.322426
v -0.121094 0.208206 0.317883
v -0.107144 0.220084 0.293422
v -0.107028 0.222679 0.295295
v -0.108683 0.220998 0.308878
v -0.108630 0.213320 0.304972
v -0.107970 0.225508 0.287239
v -0.108090 0.224063 0.286136
v -0.110343 0.225596 0.284314
v -0.110358 0.227025 0.285235
v -0.113355 0.227811 0.283948
v -0.113254 0.226427 0.283131
v -0.116593 0.226664 0.282848
v -0.116726 0.227724 0.283471
v -0.114114 0.233203 0.285197
v -0.111310 0.232772 0.286569
v -0.109035 0.231465 0.289210
v -0.107774 0.230830 0.296223
v -0.108626 0.233714 0.308318
v -0.111896 0.236442 0.316415
v -0.117962 0.238363 0.320120
v -0.123078 0.239751 0.322115
v -0.127295 0.240598 0.322344
v -0.131129 0.241105 0.320694
v -0.134577 0.241244 0.317150
v -0.137644 0.240832 0.311673
v -0.125686 0.233426 0.288066
v -0.117835 0.232801 0.284903
v -0.140241 0.239885 0.304233
v -0.135795 0.237152 0.296138
v -0.133858 0.330546 0.336168
v -0.139962 0.333320 0.324597
v -0.137980 0.325969 0.323045
v -0.132772 0.323266 0.333232
v -0.136997 0.328006 0.314551
v -0.139120 0.334929 0.316052
v -0.131112 0.331716 0.309797
v -0.130454 0.327021 0.310371
v -0.131398 0.315588 0.310715
v -0.128999 0.298506 0.307100
v -0.134729 0.298771 0.311102
v -0.135580 0.315347 0.313439
v -0.136874 0.313908 0.321090
v -0.136983 0.297673 0.318197
v -0.134226 0.295267 0.324741
v -0.132780 0.311592 0.329687
v -0.135554 0.278721 0.319640
v -0.137373 0.280874 0.313830
v -0.137772 0.263520 0.307949
v -0.136752 0.261953 0.314383
v -0.134053 0.263624 0.301447
v -0.134326 0.281528 0.307128
v -0.128380 0.280218 0.303176
v -0.127746 0.261956 0.298224
v -0.134437 0.248820 0.297861
v -0.127463 0.246857 0.294550
v -0.137364 0.249330 0.311702
v -0.138623 0.249853 0.304769
v -0.113207 0.322633 0.335314
v -0.107846 0.325038 0.326282
v -0.104614 0.333100 0.328528
v -0.110998 0.329871 0.338541
v -0.111255 0.326683 0.312678
v -0.108050 0.331667 0.312346
v -0.103661 0.334988 0.319957
v -0.107241 0.327142 0.317757
v -0.109689 0.314367 0.316496
v -0.111105 0.297244 0.315374
v -0.113762 0.297418 0.309398
v -0.112456 0.314887 0.312834
v -0.115041 0.310901 0.331789
v -0.117012 0.294233 0.327850
v -0.112389 0.296151 0.322611
v -0.110268 0.312886 0.324225
v -0.117570 0.260223 0.321278
v -0.112611 0.261119 0.316310
v -0.113225 0.278910 0.319881
v -0.117819 0.277353 0.324277
v -0.112473 0.260150 0.302977
v -0.113384 0.278757 0.306557
v -0.111488 0.279555 0.312837
v -0.110599 0.261254 0.309124
v -0.111114 0.244702 0.300487
v -0.109561 0.245972 0.307628
v -0.112093 0.246957 0.315180
v -0.117592 0.247222 0.319918
v -0.112152 0.245037 0.288406
v -0.109559 0.244084 0.290678
v -0.115354 0.280530 0.294440
v -0.112660 0.279685 0.296715
v -0.111375 0.260857 0.293429
v -0.113841 0.261654 0.291034
v -0.118445 0.314209 0.303507
v -0.115351 0.314528 0.304805
v -0.113892 0.298093 0.299889
v -0.116770 0.298738 0.297787
v -0.116112 0.328175 0.305304
v -0.112182 0.329141 0.307189
v -0.114625 0.324691 0.308059
v -0.118010 0.324073 0.306595
v -0.121024 0.320854 0.341726
v -0.117600 0.321239 0.340464
v -0.116333 0.330957 0.345731
v -0.120348 0.331508 0.347304
v -0.124393 0.293237 0.331523
v -0.121023 0.293264 0.330813
v -0.119047 0.309772 0.336130
v -0.122264 0.309497 0.337262
v -0.125997 0.260139 0.323840
v -0.122030 0.259896 0.323786
v -0.121932 0.276648 0.326641
v -0.125548 0.276791 0.327000
v -0.122402 0.247595 0.322298
v -0.126559 0.248082 0.322294
v -0.118572 0.245281 0.286751
v -0.114660 0.245395 0.287331
v -0.116198 0.261959 0.290251
v -0.120044 0.261891 0.290390
v -0.121331 0.280599 0.294355
v -0.117682 0.280798 0.293845
v -0.119181 0.298935 0.297340
v -0.122823 0.298757 0.298107
v -0.124832 0.314799 0.303624
v -0.121052 0.314294 0.303194
v -0.121209 0.324135 0.306254
v -0.125417 0.324897 0.306865
v -0.124985 0.329308 0.305808
v -0.120309 0.328268 0.304859
v -0.124476 0.331690 0.346879
v -0.128719 0.331505 0.344463
v -0.128310 0.321603 0.339333
v -0.124593 0.320976 0.341351
v -0.125590 0.309627 0.336868
v -0.129032 0.310164 0.334947
v -0.131171 0.293851 0.328985
v -0.127773 0.293433 0.330914
v -0.129181 0.277059 0.326024
v -0.132836 0.277447 0.323707
v -0.134184 0.260943 0.319170
v -0.130048 0.260487 0.322305
v -0.130660 0.248508 0.320518
v -0.134702 0.248881 0.316952
v -0.114471 0.297611 0.305823
v -0.114666 0.315436 0.308532
v -0.112731 0.260582 0.299358
v -0.113821 0.279269 0.302742
v -0.111158 0.244101 0.295384
v -0.124327 0.262494 0.295770
v -0.122731 0.245768 0.291312
v -0.125251 0.280454 0.300358
v -0.126193 0.298492 0.304138
v -0.127497 0.315885 0.307195
v -0.145461 0.177188 0.268766
v -0.141345 0.184446 0.274338
v -0.143148 0.189736 0.269545
v -0.147204 0.184443 0.263376
v -0.142266 0.192705 0.257756
v -0.139718 0.194951 0.265025
v -0.130691 0.200223 0.260505
v -0.130972 0.200811 0.253575
v -0.108026 0.168218 0.278643
v -0.110353 0.176053 0.281978
v -0.116829 0.174559 0.283293
v -0.115134 0.165378 0.280020
v -0.098242 0.187157 0.265837
v -0.103017 0.188613 0.270677
v -0.106121 0.180733 0.277607
v -0.102097 0.175434 0.273601
v -0.109219 0.196335 0.263240
v -0.104020 0.193862 0.265826
v -0.100032 0.193899 0.260895
v -0.106645 0.196488 0.257936
v -0.129380 0.165394 0.279680
v -0.122304 0.164552 0.280406
v -0.122962 0.174143 0.283879
v -0.128916 0.174943 0.283522
v -0.113429 0.199221 0.255505
v -0.121055 0.202399 0.253309
v -0.122144 0.201279 0.259186
v -0.115379 0.198793 0.260979
v -0.134094 0.177004 0.281664
v -0.138469 0.180325 0.278311
v -0.141545 0.171635 0.273570
v -0.135861 0.167789 0.277413
v -0.139160 0.207832 0.300597
v -0.140763 0.211978 0.295518
v -0.139540 0.209890 0.291631
v -0.139011 0.205350 0.295182
v -0.135422 0.214292 0.287318
v -0.135946 0.217186 0.290613
v -0.125074 0.222546 0.284813
v -0.125646 0.218322 0.282245
v -0.127340 0.211860 0.276542
v -0.129432 0.204138 0.268149
v -0.137767 0.200458 0.272512
v -0.136467 0.208850 0.281208
v -0.140139 0.204865 0.285260
v -0.141053 0.196353 0.276662
v -0.139556 0.191639 0.280748
v -0.139283 0.200008 0.288663
v -0.118652 0.197309 0.301367
v -0.113001 0.199548 0.299382
v -0.112665 0.202602 0.304793
v -0.120021 0.199997 0.307243
v -0.109306 0.212302 0.286988
v -0.108153 0.217031 0.290107
v -0.108678 0.208678 0.299293
v -0.109869 0.204551 0.294591
v -0.109186 0.197829 0.289529
v -0.108369 0.188069 0.283042
v -0.106330 0.194566 0.276423
v -0.108371 0.204614 0.282544
v -0.117792 0.191617 0.295380
v -0.117860 0.182871 0.288528
v -0.111960 0.184168 0.287202
v -0.112316 0.193499 0.293814
v -0.112073 0.210993 0.275911
v -0.109354 0.209012 0.277992
v -0.107092 0.199161 0.271872
v -0.110853 0.201730 0.269455
v -0.111543 0.222969 0.282400
v -0.109227 0.221276 0.284077
v -0.110269 0.216373 0.282292
v -0.112381 0.217880 0.280552
v -0.128921 0.196252 0.302444
v -0.123962 0.196213 0.302385
v -0.125636 0.199241 0.309171
v -0.129726 0.199649 0.309616
v -0.128958 0.182913 0.288964
v -0.123484 0.182404 0.289195
v -0.123276 0.190761 0.296118
v -0.128731 0.190916 0.296051
v -0.115891 0.203698 0.267629
v -0.121837 0.205109 0.266519
v -0.120326 0.212966 0.274391
v -0.115733 0.212311 0.274714
v -0.115289 0.218874 0.279674
v -0.118975 0.219331 0.279677
v -0.117864 0.224206 0.281467
v -0.114401 0.223960 0.281551
v -0.133431 0.201373 0.308185
v -0.136768 0.204410 0.304886
v -0.136737 0.201266 0.298310
v -0.133178 0.197939 0.301084
v -0.133331 0.192649 0.294610
v -0.136974 0.195969 0.291761
v -0.137280 0.187955 0.284211
v -0.133586 0.184790 0.287278
v -0.101407 0.174126 0.272277
v -0.097474 0.186090 0.264366
v -0.107728 0.166639 0.277503
v -0.114966 0.163817 0.278859
v -0.122239 0.162992 0.279226
v -0.129380 0.163850 0.278478
v -0.135913 0.166273 0.276174
v -0.141703 0.170187 0.272294
v -0.145764 0.175902 0.267467
v -0.147764 0.183307 0.261944
v -0.142620 0.191833 0.255993
v -0.130900 0.200133 0.251851
v -0.120878 0.201992 0.251463
v -0.113197 0.198524 0.253839
v -0.106180 0.195692 0.256357
v -0.099265 0.193259 0.259251
v -0.097502 0.184837 0.262627
v -0.098995 0.191738 0.257308
v -0.101880 0.172502 0.270939
v -0.107674 0.165110 0.275670
v -0.115001 0.162416 0.276911
v -0.122231 0.161535 0.277201
v -0.129276 0.162465 0.276557
v -0.135663 0.164958 0.274379
v -0.141385 0.169008 0.270658
v -0.145486 0.174805 0.265999
v -0.147854 0.182198 0.260508
v -0.143073 0.190011 0.255424
v -0.130739 0.198636 0.250476
v -0.120895 0.200604 0.249498
v -0.113513 0.196483 0.252009
v -0.106154 0.193494 0.254628
v -0.130659 0.197135 0.245611
v -0.132263 0.192377 0.237328
v -0.147251 0.180217 0.241713
v -0.143956 0.187357 0.250495
v -0.149215 0.178421 0.255784
v -0.152818 0.169563 0.246542
v -0.148954 0.160382 0.251820
v -0.146443 0.170313 0.261479
v -0.099991 0.168666 0.266957
v -0.097866 0.159842 0.259490
v -0.092589 0.176164 0.251445
v -0.095158 0.182451 0.258500
v -0.114015 0.157079 0.273056
v -0.113287 0.145761 0.264478
v -0.104767 0.149708 0.263835
v -0.106279 0.160207 0.271807
v -0.130065 0.143611 0.263211
v -0.121719 0.143729 0.264269
v -0.121632 0.155914 0.273292
v -0.129152 0.156702 0.272515
v -0.104557 0.191860 0.250311
v -0.096673 0.190214 0.252972
v -0.094261 0.185463 0.246003
v -0.102873 0.187706 0.243178
v -0.111575 0.191246 0.240111
v -0.120374 0.196079 0.236799
v -0.120128 0.199738 0.244652
v -0.112375 0.195045 0.247546
v -0.135945 0.159383 0.270167
v -0.142010 0.163956 0.266249
v -0.143828 0.152733 0.256513
v -0.137435 0.146613 0.260627
v -0.144673 0.142437 0.246837
v -0.143937 0.142133 0.245397
v -0.137499 0.135387 0.249516
v -0.138142 0.135602 0.251010
v -0.154654 0.160509 0.237732
v -0.153786 0.159964 0.236416
v -0.149364 0.150327 0.241030
v -0.150175 0.150741 0.242411
v -0.132683 0.189205 0.231748
v -0.132045 0.188281 0.230522
v -0.147184 0.174284 0.232485
v -0.147997 0.174998 0.233752
v -0.111246 0.189279 0.236492
v -0.110956 0.188288 0.235204
v -0.119971 0.192951 0.231428
v -0.120435 0.193967 0.232659
v -0.093404 0.183456 0.243460
v -0.093296 0.182578 0.242084
v -0.102064 0.184829 0.238757
v -0.102235 0.185776 0.240092
v -0.096693 0.155002 0.254375
v -0.096586 0.154558 0.252829
v -0.091464 0.172487 0.246774
v -0.091548 0.173202 0.248230
v -0.113458 0.136293 0.257162
v -0.113156 0.136080 0.255575
v -0.104646 0.140753 0.256189
v -0.104826 0.141030 0.257787
v -0.130603 0.132617 0.254034
v -0.130064 0.132447 0.252500
v -0.121631 0.133312 0.254345
v -0.122052 0.133492 0.255912
v -0.101186 0.171766 0.269536
v -0.096734 0.184231 0.261142
v -0.098154 0.191224 0.255762
v -0.105472 0.192861 0.253150
v -0.112967 0.195906 0.250482
v -0.120357 0.200208 0.247851
v -0.130259 0.198071 0.248935
v -0.142725 0.189406 0.253920
v -0.147607 0.181508 0.259092
v -0.145065 0.174057 0.264614
v -0.140918 0.168231 0.269295
v -0.135180 0.164141 0.273043
v -0.128786 0.161631 0.275236
v -0.121719 0.160702 0.275886
v -0.114459 0.161585 0.275588
v -0.107067 0.164266 0.274335
v -0.117867 0.148301 0.248696
v -0.109112 0.155023 0.248392
v -0.105727 0.169767 0.243298
v -0.113455 0.174748 0.239290
v -0.123494 0.176694 0.236182
v -0.135552 0.165348 0.237763
v -0.134185 0.154714 0.242147
v -0.127633 0.147495 0.246547
v -0.044538 0.726247 0.130712
v -0.048291 0.720537 0.136015
v -0.053228 0.691845 0.135802
v -0.056132 0.687860 0.145036
v -0.053289 0.706074 0.152257
v -0.050833 0.709848 0.145232
v -0.047485 0.656243 0.078584
v -0.055381 0.655064 0.092792
v -0.062898 0.649035 0.123686
v -0.059881 0.653636 0.106746
v -0.065208 0.644822 0.135363
v -0.069271 0.636598 0.154767
v -0.071028 0.626818 0.179055
v -0.071162 0.630607 0.169309
v -0.062344 0.605937 0.211558
v -0.059836 0.595933 0.224994
v -0.045741 0.590724 0.238743
v -0.054245 0.592058 0.233725
v -0.020449 0.665139 0.054029
v -0.015865 0.666579 0.051610
v -0.063750 0.618024 0.196538
v -0.068624 0.622848 0.187956
v -0.040794 0.658955 0.072056
v -0.035998 0.660681 0.067962
v -0.030834 0.662293 0.063379
v -0.025403 0.663674 0.058060
v -0.055050 0.674611 0.114924
v -0.050446 0.677136 0.104678
v -0.060895 0.665969 0.140391
v -0.058057 0.669691 0.130459
v -0.071525 0.650994 0.174830
v -0.067650 0.657341 0.160136
v -0.068924 0.642635 0.190489
v -0.071613 0.647243 0.182927
v -0.061308 0.635029 0.205596
v -0.063879 0.638294 0.197082
v -0.054739 0.619945 0.228881
v -0.059625 0.627556 0.218836
v -0.027780 0.680113 0.076622
v -0.022620 0.680855 0.073133
v -0.017578 0.682009 0.069751
v -0.012823 0.683228 0.067282
v -0.008391 0.684354 0.065839
v -0.006378 0.684905 0.065094
v -0.013796 0.667379 0.050602
v -0.041354 0.679242 0.090181
v -0.033316 0.680038 0.081136
v -0.046507 0.616773 0.234825
v -0.040855 0.590380 0.239735
v -0.041715 0.616358 0.236101
v -0.053950 0.660194 0.224906
v -0.045974 0.657846 0.230686
v -0.058503 0.664751 0.217464
v -0.059255 0.671531 0.208114
v -0.065906 0.689909 0.179241
v -0.066555 0.685624 0.186961
v -0.059434 0.697968 0.165539
v -0.036861 0.733399 0.124145
v -0.028134 0.737965 0.118615
v -0.021875 0.739127 0.117531
v -0.016003 0.740732 0.115650
v -0.010617 0.742934 0.112949
v -0.006058 0.744695 0.111633
v -0.002222 0.746011 0.111601
v -0.064521 0.681305 0.193929
v -0.060275 0.677023 0.199980
v -0.005249 0.713426 0.084297
v -0.001058 0.714791 0.083818
v -0.015478 0.710411 0.090059
v -0.009999 0.711942 0.086424
v -0.027682 0.708201 0.094634
v -0.021441 0.709200 0.092731
v -0.046311 0.638506 0.229584
v -0.054424 0.641965 0.222700
v -0.059822 0.646127 0.215088
v -0.061835 0.651473 0.206090
v -0.063704 0.656391 0.198219
v -0.068312 0.660800 0.191999
v -0.070568 0.665462 0.184755
v -0.070077 0.670020 0.176843
v -0.063600 0.678353 0.162140
v -0.050473 0.697509 0.121872
v -0.045659 0.700785 0.113636
v -0.036595 0.704915 0.101596
v -0.000306 0.746293 0.111235
v 0.000940 0.715227 0.083263
v -0.041454 0.656979 0.232105
v -0.041532 0.637711 0.230864
v 0.009069 0.747866 0.107402
v 0.005453 0.749011 0.105965
v 0.002655 0.748847 0.106827
v 0.000672 0.747388 0.109979
v 0.003030 0.689184 0.060440
v -0.001129 0.689478 0.059537
v 0.006694 0.718362 0.076817
v 0.010451 0.717879 0.078355
v -0.008783 0.672534 0.044144
v -0.004443 0.672305 0.044727
v -0.012842 0.668813 0.048925
v -0.011563 0.671412 0.045583
v -0.003939 0.688456 0.060631
v -0.005414 0.686113 0.063645
v 0.001974 0.716235 0.081713
v 0.003882 0.717810 0.077947
v 0.010895 0.747317 0.108071
v 0.012333 0.717657 0.079114
v 0.005115 0.689014 0.060902
v -0.002283 0.672124 0.045078
v 0.034822 0.707848 0.160416
v 0.036175 0.713982 0.154411
v 0.029014 0.697542 0.168682
v 0.025936 0.693596 0.175723
v 0.026803 0.677613 0.169912
v 0.030461 0.681690 0.160943
v 0.042569 0.649463 0.112174
v 0.039142 0.651669 0.094686
v 0.041763 0.647550 0.127664
v 0.037391 0.642922 0.144763
v 0.029215 0.630606 0.175466
v 0.034290 0.638747 0.156366
v 0.024344 0.624799 0.189354
v 0.019939 0.622163 0.197224
v -0.014215 0.596163 0.233725
v -0.004012 0.605023 0.222560
v -0.025134 0.592041 0.239646
v -0.036048 0.590698 0.240763
v 0.009862 0.665615 0.055442
v 0.014376 0.663724 0.059277
v 0.013668 0.619391 0.203976
v 0.005013 0.615553 0.209869
v 0.029886 0.657531 0.079298
v 0.033974 0.655229 0.085330
v 0.019523 0.661751 0.065071
v 0.025104 0.659749 0.072614
v 0.039756 0.670567 0.127114
v 0.038618 0.667330 0.138447
v 0.032892 0.662250 0.153610
v 0.029842 0.658326 0.163561
v 0.024602 0.649260 0.183533
v 0.019635 0.642808 0.197893
v 0.015156 0.639420 0.204862
v 0.008795 0.635815 0.209960
v 0.001036 0.632859 0.213256
v -0.005927 0.630388 0.219475
v -0.015333 0.623746 0.230066
v -0.025954 0.617497 0.236319
v 0.027070 0.677694 0.084514
v 0.030862 0.676305 0.090315
v 0.019236 0.681248 0.074350
v 0.023057 0.679476 0.078841
v 0.008024 0.666567 0.053836
v 0.013966 0.683658 0.069532
v 0.015589 0.682881 0.071088
v 0.034318 0.675551 0.097167
v 0.038004 0.673802 0.109431
v -0.036918 0.615981 0.237366
v -0.036875 0.656193 0.233362
v -0.026643 0.655258 0.232919
v -0.010107 0.662922 0.222691
v -0.017684 0.657477 0.229492
v 0.010993 0.672713 0.210365
v 0.016005 0.676478 0.203977
v 0.020965 0.685015 0.189646
v 0.035450 0.722464 0.145312
v 0.028765 0.731385 0.132347
v 0.032717 0.728733 0.136504
v 0.023673 0.737616 0.122884
v 0.025712 0.734310 0.127796
v 0.019049 0.742600 0.117646
v 0.021474 0.740359 0.119542
v -0.003332 0.667221 0.216961
v 0.004398 0.669657 0.214640
v 0.020700 0.712761 0.090350
v 0.023445 0.710760 0.092884
v 0.026013 0.708580 0.097232
v 0.028578 0.706234 0.103407
v 0.031831 0.703873 0.108819
v 0.035700 0.701579 0.113698
v -0.025719 0.638003 0.230573
v -0.036779 0.636993 0.232080
v -0.009110 0.644626 0.221021
v -0.016499 0.640407 0.227197
v 0.005206 0.651198 0.213335
v -0.002502 0.648489 0.215737
v 0.016676 0.658751 0.202425
v 0.011775 0.654681 0.208909
v 0.021354 0.667543 0.187374
v 0.037171 0.687126 0.148231
v 0.038568 0.696621 0.124207
v 0.038521 0.691029 0.138965
v 0.019416 0.713507 0.088805
v 0.017861 0.743366 0.116381
v 0.016800 0.747190 0.109182
v 0.012851 0.747262 0.108475
v 0.018085 0.744578 0.114910
v 0.018537 0.746293 0.111330
v 0.014331 0.717523 0.079508
v 0.018335 0.717294 0.080279
v 0.011413 0.688713 0.062246
v 0.007210 0.688929 0.061342
v -0.000065 0.672148 0.045359
v 0.004348 0.672063 0.046045
v 0.006880 0.670743 0.048274
v 0.007469 0.668063 0.051921
v 0.020096 0.716315 0.082785
v 0.019575 0.714598 0.086989
v 0.013719 0.684941 0.067812
v 0.013586 0.687385 0.064428
v -0.049589 0.786973 0.199390
v -0.047925 0.790127 0.197486
v -0.047556 0.748130 0.159390
v -0.044257 0.752692 0.155483
v -0.048277 0.770001 0.180457
v -0.045733 0.773991 0.177479
v -0.051943 0.732496 0.171684
v -0.050044 0.737645 0.167765
v -0.050541 0.758415 0.188162
v -0.048178 0.718827 0.249087
v -0.041598 0.715498 0.251180
v -0.053065 0.756336 0.230111
v -0.038128 0.714800 0.252273
v -0.053062 0.725311 0.238352
v -0.052926 0.736983 0.232478
v -0.043091 0.682020 0.234418
v -0.050163 0.684189 0.228696
v -0.054029 0.688420 0.221177
v -0.054342 0.694642 0.211882
v -0.061623 0.707629 0.193300
v -0.061327 0.712013 0.187431
v -0.056408 0.722513 0.178976
v -0.037936 0.757328 0.151238
v -0.030451 0.761396 0.148323
v -0.024732 0.763526 0.147679
v -0.019302 0.766975 0.146589
v -0.014189 0.771746 0.145065
v -0.009771 0.775169 0.144425
v -0.006059 0.777240 0.144662
v -0.055145 0.699709 0.204191
v -0.059361 0.703674 0.199064
v -0.004100 0.777963 0.144517
v -0.038968 0.681186 0.235699
v -0.054682 0.769079 0.219729
v -0.055380 0.764757 0.222894
v -0.041171 0.709354 0.244479
v -0.047937 0.713057 0.241009
v -0.049309 0.700481 0.235622
v -0.042433 0.698156 0.240122
v -0.052720 0.704919 0.228262
v -0.051019 0.720841 0.235009
v -0.051055 0.732458 0.228503
v -0.052654 0.713919 0.220608
v -0.056212 0.752492 0.216888
v -0.056108 0.756961 0.213629
v -0.058671 0.736953 0.201491
v -0.059258 0.731863 0.206223
v -0.054575 0.746717 0.194957
v -0.053299 0.765917 0.209192
v -0.051217 0.777820 0.204165
v -0.034031 0.780818 0.172442
v -0.038615 0.796763 0.193598
v -0.032107 0.799590 0.193148
v -0.028148 0.783236 0.171964
v -0.022736 0.786463 0.171519
v -0.026677 0.802079 0.193081
v -0.022515 0.804596 0.193130
v -0.017738 0.790495 0.171097
v -0.018362 0.807132 0.193051
v -0.014254 0.809524 0.192956
v -0.009742 0.796075 0.171008
v -0.013494 0.793856 0.170808
v -0.044250 0.793443 0.195176
v -0.040683 0.777528 0.174431
v -0.057343 0.726526 0.210778
v -0.053124 0.721343 0.214440
v -0.051491 0.741344 0.223566
v -0.054593 0.747416 0.219957
v -0.055139 0.761129 0.225680
v -0.012226 0.810341 0.193013
v -0.053171 0.772928 0.212815
v -0.007784 0.796835 0.170992
v -0.038560 0.697366 0.241301
v -0.037397 0.708590 0.245661
v 0.002292 0.782299 0.139878
v 0.006044 0.781568 0.141219
v 0.002491 0.801157 0.169611
v -0.001353 0.801931 0.168237
v -0.005659 0.815871 0.191137
v -0.001598 0.815102 0.192439
v -0.003068 0.779483 0.143596
v -0.000753 0.781664 0.140749
v -0.011057 0.812079 0.192324
v -0.008802 0.814844 0.191111
v -0.004423 0.801033 0.168438
v -0.006718 0.798471 0.170220
v 0.004444 0.800764 0.170193
v 0.007949 0.781199 0.141762
v 0.000441 0.814696 0.193046
v 0.026407 0.774959 0.220245
v 0.025491 0.771630 0.222442
v 0.032419 0.738544 0.177855
v 0.031421 0.733492 0.182572
v 0.029675 0.758712 0.200285
v 0.028587 0.754375 0.203794
v 0.025564 0.723465 0.190066
v 0.023227 0.718326 0.193940
v 0.021947 0.743599 0.210348
v -0.034659 0.714099 0.253369
v -0.027359 0.714615 0.255645
v 0.000112 0.745518 0.246836
v -0.015484 0.717673 0.250147
v -0.008217 0.727888 0.246530
v -0.025386 0.679374 0.236164
v -0.034817 0.680395 0.236878
v -0.009382 0.685944 0.225380
v -0.016793 0.681210 0.232375
v 0.014945 0.697420 0.210339
v 0.010574 0.693694 0.214977
v 0.019339 0.708134 0.201584
v 0.031312 0.744597 0.171199
v 0.024810 0.754430 0.161784
v 0.028344 0.750602 0.165081
v 0.020544 0.765338 0.154979
v 0.022208 0.759342 0.158417
v 0.016217 0.773106 0.151038
v 0.018552 0.769927 0.152521
v 0.004480 0.691318 0.218198
v -0.002877 0.689601 0.219863
v 0.014996 0.774417 0.149985
v 0.008799 0.751610 0.243027
v 0.011595 0.755486 0.240467
v -0.034678 0.696555 0.242550
v -0.026069 0.695678 0.242843
v -0.025302 0.708431 0.248110
v -0.033626 0.707821 0.246849
v -0.010324 0.705190 0.233691
v -0.009135 0.723861 0.241641
v -0.016913 0.713849 0.245702
v -0.017740 0.697703 0.239095
v 0.008981 0.717814 0.227389
v 0.013013 0.722228 0.223665
v 0.011609 0.742993 0.234773
v 0.008264 0.739198 0.237067
v 0.020779 0.763064 0.226416
v 0.015227 0.751826 0.230518
v 0.017067 0.732046 0.217005
v 0.022327 0.773134 0.187013
v 0.020084 0.789021 0.208938
v 0.023810 0.784080 0.212573
v 0.025768 0.768828 0.190326
v 0.017383 0.783429 0.181578
v 0.014481 0.797167 0.204223
v 0.016832 0.793306 0.206185
v 0.019529 0.778001 0.184106
v 0.015486 0.788015 0.179460
v 0.013283 0.791442 0.177880
v 0.009961 0.804665 0.200191
v 0.012220 0.800995 0.202198
v 0.028685 0.763553 0.195292
v 0.026059 0.779115 0.216649
v 0.003564 0.735449 0.238154
v -0.002917 0.731366 0.238772
v -0.003901 0.711224 0.229702
v 0.003130 0.714080 0.229541
v 0.005799 0.748682 0.244820
v 0.008661 0.806156 0.199255
v 0.015702 0.758779 0.234230
v 0.012052 0.792835 0.176910
v 0.009860 0.780861 0.142311
v 0.013743 0.780177 0.143154
v 0.002480 0.814289 0.193652
v 0.006573 0.813423 0.194783
v 0.010363 0.799575 0.171728
v 0.006397 0.800372 0.170774
v 0.015512 0.778647 0.145406
v 0.015189 0.776092 0.148828
v 0.012214 0.794662 0.175866
v 0.012301 0.797669 0.173425
v 0.008640 0.811351 0.196321
v 0.008747 0.808107 0.198236
v -0.090339 0.724147 0.337365
v -0.090082 0.725610 0.340477
v -0.088169 0.735370 0.331976
v -0.088480 0.733875 0.328894
v -0.093057 0.714114 0.346297
v -0.092992 0.715261 0.349669
v -0.095540 0.706370 0.353468
v -0.095681 0.706892 0.355997
v -0.087355 0.742627 0.323505
v -0.097608 0.701208 0.358098
v -0.051368 0.801262 0.213869
v -0.087886 0.660279 0.370822
v -0.081971 0.670515 0.360520
v -0.083474 0.670961 0.359815
v -0.090406 0.660982 0.369711
v -0.088789 0.660936 0.371472
v -0.082386 0.671548 0.360909
v -0.081530 0.671472 0.361124
v -0.087354 0.660827 0.371796
v -0.093907 0.661992 0.369336
v -0.085443 0.672220 0.359564
v -0.083689 0.671799 0.360388
v -0.090973 0.661323 0.370652
v -0.096311 0.665134 0.365429
v -0.086853 0.674271 0.357186
v -0.086499 0.673043 0.358498
v -0.095686 0.663261 0.367595
v -0.095722 0.673138 0.358025
v -0.086519 0.678995 0.352730
v -0.086860 0.676255 0.355264
v -0.096323 0.668426 0.362239
v -0.090925 0.686725 0.343743
v -0.083651 0.687116 0.344154
v -0.085450 0.682613 0.349029
v -0.093893 0.679279 0.351793
v -0.088989 0.689595 0.339247
v -0.082553 0.688403 0.341390
v -0.082676 0.689058 0.341584
v -0.089289 0.690174 0.339543
v -0.092327 0.682859 0.347156
v -0.084633 0.684034 0.346160
v -0.083215 0.686713 0.342937
v -0.090014 0.687136 0.341819
v -0.095725 0.674956 0.355332
v -0.086655 0.679378 0.351077
v -0.085778 0.681590 0.348871
v -0.094235 0.678792 0.351671
v -0.096809 0.670809 0.359297
v -0.087302 0.676923 0.353472
v -0.087166 0.677818 0.352614
v -0.096583 0.672297 0.357871
v -0.094938 0.665424 0.364536
v -0.086171 0.673682 0.356620
v -0.086967 0.675548 0.354799
v -0.096260 0.668521 0.361513
v -0.092319 0.661969 0.368379
v -0.084614 0.671573 0.358983
v -0.085391 0.672351 0.358023
v -0.093625 0.663240 0.366823
v -0.080926 0.678790 0.352091
v -0.081271 0.680066 0.350738
v -0.081300 0.680994 0.349808
v -0.081048 0.682182 0.348628
v -0.080537 0.683371 0.347378
v -0.080483 0.683665 0.347616
v -0.080999 0.681788 0.349742
v -0.081022 0.680317 0.351295
v -0.080840 0.679196 0.352464
v -0.080210 0.678463 0.353329
v -0.080579 0.678033 0.353028
v -0.092334 0.655645 0.377409
v -0.094984 0.656147 0.376371
v -0.096646 0.656375 0.372442
v -0.094193 0.655062 0.374081
v -0.100012 0.660794 0.367797
v -0.098353 0.658028 0.370528
v -0.102293 0.667497 0.361597
v -0.101621 0.664674 0.364247
v -0.101011 0.672425 0.356765
v -0.102018 0.669277 0.359827
v -0.097119 0.681510 0.347277
v -0.099320 0.676876 0.352517
v -0.095137 0.687418 0.342650
v -0.093154 0.691712 0.337271
v -0.101047 0.670745 0.360696
v -0.098761 0.678308 0.352796
v -0.101753 0.660859 0.369995
v -0.101852 0.664921 0.366027
v -0.098493 0.656988 0.374727
v -0.100748 0.658558 0.372602
v -0.094383 0.686360 0.340989
v -0.092689 0.691096 0.336812
v -0.090541 0.655482 0.377842
v -0.091000 0.654090 0.375450
v -0.080003 0.677653 0.353624
v -0.079921 0.678055 0.353718
v -0.089324 0.653751 0.375978
v -0.086567 0.660007 0.371244
v -0.081184 0.670341 0.360791
v -0.086672 0.660686 0.372013
v -0.089682 0.655308 0.378113
v -0.081122 0.671382 0.361264
v -0.077788 0.677165 0.354391
v -0.077728 0.677576 0.354468
v -0.100032 0.696313 0.379515
v -0.098694 0.696320 0.381719
v -0.097960 0.700933 0.381939
v -0.099367 0.700638 0.378773
v -0.098363 0.696976 0.387089
v -0.101647 0.697896 0.388721
v -0.102052 0.702695 0.387407
v -0.098792 0.701734 0.385625
v -0.101908 0.700028 0.377611
v -0.104438 0.698826 0.378228
v -0.104855 0.695104 0.379324
v -0.102246 0.695900 0.378669
v -0.101935 0.706340 0.386633
v -0.100305 0.709718 0.384806
v -0.099399 0.705574 0.385057
v -0.099317 0.705620 0.382775
v -0.100231 0.709430 0.382930
v -0.101385 0.708049 0.380278
v -0.100592 0.704830 0.379487
v -0.101835 0.703432 0.377517
v -0.102624 0.706404 0.378653
v -0.104056 0.701936 0.377915
v -0.105202 0.692114 0.380774
v -0.104759 0.688912 0.383392
v -0.102584 0.692660 0.380189
v -0.100999 0.692146 0.381298
v -0.103594 0.688516 0.384915
v -0.101930 0.688341 0.386907
v -0.099599 0.691995 0.383087
v -0.098072 0.693286 0.387937
v -0.100548 0.689937 0.389890
v -0.101429 0.694303 0.389885
v -0.100842 0.688546 0.388392
v -0.100424 0.689048 0.389248
v -0.097693 0.692253 0.386554
v -0.098523 0.692002 0.384772
v -0.097896 0.695546 0.383290
v -0.096970 0.695596 0.385387
v -0.097275 0.700340 0.383923
v -0.079155 0.774768 0.271764
v -0.076688 0.764345 0.262471
v -0.080553 0.756417 0.270096
v -0.082110 0.766594 0.278035
v -0.082935 0.808354 0.300190
v -0.081393 0.810264 0.298932
v -0.081542 0.804324 0.294723
v -0.082383 0.803428 0.296050
v -0.077394 0.763255 0.353041
v -0.079357 0.762325 0.349127
v -0.082817 0.746700 0.364048
v -0.106167 0.693934 0.378218
v -0.105853 0.694332 0.378885
v -0.105468 0.698151 0.377807
v -0.105753 0.698151 0.377079
v -0.105876 0.686951 0.383905
v -0.105562 0.687956 0.384020
v -0.105884 0.690934 0.380956
v -0.106207 0.690201 0.380492
v -0.102182 0.684788 0.389174
v -0.102482 0.686105 0.388775
v -0.104428 0.686346 0.386627
v -0.104534 0.685148 0.386798
v -0.100546 0.693700 0.391795
v -0.101488 0.693835 0.390910
v -0.100998 0.689666 0.390985
v -0.100168 0.688835 0.391633
v -0.102230 0.703779 0.389759
v -0.102762 0.703336 0.388795
v -0.102219 0.698428 0.389975
v -0.101387 0.698720 0.390972
v -0.099878 0.712911 0.385730
v -0.100423 0.711353 0.385321
v -0.102148 0.707641 0.387277
v -0.101749 0.708515 0.387991
v -0.101386 0.711702 0.379780
v -0.101522 0.710379 0.380266
v -0.100158 0.712254 0.383062
v -0.099737 0.713968 0.383008
v -0.104722 0.702838 0.376907
v -0.104524 0.702411 0.377646
v -0.103020 0.707110 0.378404
v -0.103076 0.708000 0.377705
v -0.082211 0.787376 0.308717
v -0.082781 0.787640 0.308690
v -0.084530 0.789099 0.304422
v -0.083924 0.788753 0.304545
v -0.076262 0.787559 0.318768
v -0.076601 0.787693 0.318629
v -0.080146 0.787171 0.313449
v -0.079631 0.786926 0.313568
v -0.077271 0.797403 0.323388
v -0.077821 0.797326 0.323057
v -0.075809 0.791077 0.321779
v -0.075452 0.791052 0.321972
v -0.081702 0.805463 0.318076
v -0.082276 0.805106 0.317840
v -0.079996 0.802002 0.321807
v -0.079373 0.802207 0.322150
v -0.084905 0.805665 0.306870
v -0.085139 0.805620 0.306528
v -0.083985 0.806313 0.312717
v -0.083541 0.806615 0.312962
v -0.083343 0.802238 0.297681
v -0.084904 0.804482 0.302020
v -0.084820 0.804404 0.302398
v -0.084496 0.791517 0.300853
v -0.084941 0.791665 0.301027
v -0.083188 0.797079 0.297205
v -0.084766 0.792727 0.300597
v -0.084737 0.792954 0.300888
v -0.083280 0.798042 0.296990
v -0.083205 0.798049 0.296720
v -0.083095 0.788017 0.308637
v -0.083152 0.788512 0.308559
v -0.084729 0.789783 0.304734
v -0.084762 0.789389 0.304560
v -0.076856 0.787882 0.318452
v -0.077031 0.788125 0.318248
v -0.080599 0.787960 0.313106
v -0.080470 0.787515 0.313298
v -0.078201 0.797137 0.322540
v -0.078416 0.796839 0.321866
v -0.076298 0.791085 0.321152
v -0.076092 0.791089 0.321506
v -0.082563 0.804562 0.317485
v -0.082565 0.803830 0.317013
v -0.080529 0.801087 0.320564
v -0.080383 0.801629 0.321283
v -0.085207 0.805201 0.306423
v -0.085107 0.804406 0.306558
v -0.084090 0.804938 0.312300
v -0.084169 0.805754 0.312497
v -0.083246 0.801764 0.296935
v -0.083317 0.801475 0.297202
v -0.084576 0.803199 0.301610
v -0.084616 0.803818 0.301323
v -0.084514 0.793081 0.301098
v -0.083535 0.793100 0.301205
v -0.082490 0.797741 0.298219
v -0.083183 0.798000 0.297244
v -0.082962 0.788842 0.308449
v -0.082043 0.789045 0.308056
v -0.083475 0.790156 0.304663
v -0.084473 0.790034 0.304822
v -0.077042 0.788373 0.317981
v -0.076472 0.788792 0.317252
v -0.079727 0.788577 0.312278
v -0.080497 0.788288 0.312873
v -0.078481 0.796649 0.321151
v -0.077957 0.796778 0.320002
v -0.075873 0.791570 0.319824
v -0.076366 0.791159 0.320724
v -0.082394 0.803231 0.316552
v -0.081523 0.802829 0.315789
v -0.079854 0.800508 0.318720
v -0.080515 0.800673 0.319838
v -0.084856 0.803738 0.306760
v -0.083855 0.803197 0.306957
v -0.082851 0.803720 0.311815
v -0.083839 0.804254 0.312147
v -0.083232 0.801216 0.297506
v -0.082555 0.800779 0.298521
v -0.083523 0.802273 0.302452
v -0.084403 0.802679 0.301959
v -0.061071 0.814326 0.250844
v -0.064550 0.828100 0.266651
v -0.063576 0.831170 0.262171
v -0.059692 0.818243 0.247319
v -0.058384 0.835924 0.257750
v -0.053036 0.839983 0.256577
v -0.045488 0.832322 0.241050
v -0.051006 0.829047 0.241107
v -0.049879 0.842345 0.256190
v -0.039423 0.835845 0.242218
v -0.041621 0.834336 0.241625
v -0.035771 0.837505 0.243032
v -0.044964 0.843885 0.256724
v -0.037086 0.846060 0.258614
v -0.030375 0.839928 0.243923
v -0.089413 0.741502 0.295406
v -0.085647 0.755729 0.285493
v -0.084715 0.746174 0.278288
v -0.088666 0.731992 0.287989
v -0.094559 0.653862 0.360228
v -0.096968 0.655821 0.359105
v -0.096520 0.656947 0.357073
v -0.093892 0.654847 0.357934
v -0.093040 0.655825 0.354721
v -0.095795 0.658048 0.354042
v -0.094785 0.659131 0.349997
v -0.091995 0.656808 0.350572
v -0.086547 0.664805 0.342067
v -0.088886 0.666990 0.341020
v -0.086208 0.672638 0.338076
v -0.083790 0.669903 0.339355
v -0.080237 0.675225 0.333381
v -0.082815 0.677806 0.332385
v -0.078680 0.682568 0.323816
v -0.075859 0.680805 0.324078
v -0.071279 0.686908 0.313704
v -0.074399 0.688141 0.313658
v -0.069967 0.694388 0.302163
v -0.066474 0.693327 0.302504
v -0.060456 0.699284 0.291170
v -0.064829 0.700040 0.290797
v -0.058830 0.705991 0.279601
v -0.053155 0.705119 0.279727
v -0.048000 0.709747 0.270449
v -0.054293 0.710895 0.270669
v -0.051312 0.714073 0.263977
v -0.045021 0.713058 0.263321
v -0.042840 0.714958 0.256869
v -0.049259 0.716645 0.256772
v -0.100494 0.671526 0.350645
v -0.097507 0.665183 0.350374
v -0.098755 0.663414 0.354372
v -0.101830 0.668268 0.354634
v -0.093255 0.681948 0.336298
v -0.090143 0.685142 0.331955
v -0.088304 0.677714 0.335615
v -0.091123 0.672705 0.339096
v -0.085125 0.682115 0.330402
v -0.087317 0.688141 0.327455
v -0.084843 0.690769 0.322794
v -0.081774 0.685826 0.323300
v -0.078174 0.691085 0.314199
v -0.082326 0.695890 0.315611
v -0.079986 0.702083 0.305439
v -0.074507 0.697456 0.303219
v -0.070515 0.702340 0.292020
v -0.077680 0.706206 0.294793
v -0.073557 0.709642 0.283234
v -0.065570 0.707518 0.280791
v -0.062045 0.712142 0.271848
v -0.071438 0.712515 0.273936
v -0.069935 0.715256 0.266950
v -0.059861 0.714865 0.265299
v -0.057853 0.718357 0.257715
v -0.063353 0.718467 0.258067
v -0.060985 0.722361 0.249844
v -0.056160 0.721498 0.248943
v -0.059274 0.729143 0.242706
v -0.058201 0.739222 0.237291
v -0.054501 0.739845 0.235817
v -0.055040 0.728612 0.241637
v -0.055275 0.753163 0.233657
v -0.058238 0.752406 0.235244
v -0.059969 0.765847 0.236295
v -0.057783 0.766419 0.234882
v -0.063244 0.779964 0.241295
v -0.064380 0.796250 0.247617
v -0.061286 0.797284 0.244706
v -0.059804 0.781094 0.238545
v -0.066267 0.810838 0.258021
v -0.068814 0.823306 0.272112
v -0.066377 0.825487 0.269980
v -0.063533 0.812348 0.255439
v -0.068899 0.831476 0.280272
v -0.063884 0.836986 0.280977
v -0.066724 0.834527 0.278950
v -0.066842 0.832926 0.293962
v -0.063812 0.833308 0.301013
v -0.061290 0.835880 0.297223
v -0.062823 0.836848 0.288907
v -0.091967 0.692879 0.330286
v -0.090992 0.690637 0.329520
v -0.094081 0.688299 0.334141
v -0.093575 0.691750 0.332630
v -0.091233 0.693360 0.329218
v -0.085766 0.699336 0.317917
v -0.083381 0.705828 0.308005
v -0.087347 0.715443 0.303173
v -0.086182 0.718147 0.295980
v -0.081300 0.712862 0.288151
v -0.083891 0.710769 0.298693
v -0.085648 0.720189 0.284130
v -0.079527 0.715197 0.273134
v -0.079661 0.713988 0.280494
v -0.085579 0.719300 0.290237
v -0.070723 0.735644 0.250188
v -0.076647 0.746750 0.260841
v -0.072890 0.754423 0.253454
v -0.068081 0.743157 0.244639
v -0.065802 0.751222 0.240869
v -0.070379 0.760824 0.248678
v -0.065882 0.765375 0.241605
v -0.067434 0.776462 0.246670
v -0.072390 0.770621 0.254642
v -0.074763 0.782936 0.263737
v -0.068868 0.791449 0.253973
v -0.097794 0.690982 0.343182
v -0.097203 0.690354 0.341097
v -0.101064 0.680731 0.352451
v -0.101765 0.681417 0.353981
v -0.104348 0.673518 0.362498
v -0.103635 0.672723 0.361307
v -0.104622 0.666581 0.367416
v -0.105241 0.667518 0.368466
v -0.100246 0.659378 0.378255
v -0.099803 0.657978 0.376899
v -0.096229 0.657016 0.378768
v -0.096513 0.658420 0.380164
v -0.100276 0.682916 0.390500
v -0.099536 0.685174 0.391509
v -0.100491 0.683906 0.390744
v -0.101733 0.682320 0.388837
v -0.101931 0.683528 0.389194
v -0.104495 0.683736 0.386566
v -0.104313 0.682109 0.385931
v -0.105410 0.683786 0.382454
v -0.105826 0.685560 0.383381
v -0.105921 0.689008 0.379641
v -0.105023 0.687353 0.378401
v -0.104153 0.691869 0.375433
v -0.105600 0.693114 0.377067
v -0.104862 0.697880 0.375661
v -0.102796 0.697338 0.373551
v -0.101118 0.702767 0.373016
v -0.103587 0.702958 0.375364
v -0.101774 0.708351 0.376178
v -0.100129 0.708697 0.373456
v -0.098712 0.713075 0.375970
v -0.100099 0.712443 0.378433
v -0.098562 0.715238 0.382123
v -0.096702 0.716078 0.380298
v -0.089428 0.730967 0.307318
v -0.087531 0.722872 0.300720
v -0.087958 0.720267 0.308162
v -0.090299 0.725204 0.314493
v -0.091588 0.707244 0.327680
v -0.093939 0.709363 0.332641
v -0.091649 0.718574 0.322749
v -0.089349 0.715386 0.317337
v -0.094643 0.696200 0.333418
v -0.094636 0.695263 0.333505
v -0.095388 0.694952 0.335209
v -0.095696 0.696047 0.336938
v -0.098504 0.708510 0.368730
v -0.096739 0.707960 0.361753
v -0.098858 0.702164 0.364022
v -0.099538 0.702507 0.369225
v -0.093954 0.716248 0.356211
v -0.095295 0.716894 0.364338
v -0.090876 0.728252 0.355512
v -0.090510 0.727020 0.347411
v -0.088106 0.738131 0.338112
v -0.086478 0.740450 0.345097
v -0.084564 0.752530 0.334658
v -0.087022 0.747232 0.330322
v -0.084869 0.765612 0.324489
v -0.083434 0.774746 0.316331
v -0.085903 0.772217 0.309984
v -0.087916 0.759621 0.320573
v -0.083567 0.783131 0.305020
v -0.081548 0.781899 0.311166
v -0.081762 0.785603 0.309118
v -0.083500 0.786821 0.304352
v -0.084096 0.790392 0.299893
v -0.082717 0.797637 0.295738
v -0.082363 0.796971 0.294184
v -0.084231 0.787463 0.298302
v -0.082332 0.792581 0.288972
v -0.081059 0.784175 0.280592
v -0.083240 0.775396 0.285553
v -0.083901 0.783061 0.292657
v -0.072963 0.816163 0.276848
v -0.070711 0.804683 0.264032
v -0.076883 0.793938 0.273419
v -0.078746 0.803626 0.283683
v -0.078659 0.813426 0.293778
v -0.078150 0.815903 0.296258
v -0.073330 0.825296 0.292130
v -0.073837 0.823035 0.286214
v -0.071288 0.827003 0.298701
v -0.076160 0.819080 0.303124
v -0.073198 0.820478 0.311896
v -0.067707 0.828159 0.305926
v -0.077178 0.815484 0.314691
v -0.079726 0.813946 0.305654
v -0.081986 0.811596 0.306291
v -0.079646 0.813178 0.314313
v -0.077493 0.810686 0.320803
v -0.075526 0.804124 0.325756
v -0.072784 0.804417 0.327546
v -0.074864 0.812307 0.321989
v -0.075767 0.797235 0.325986
v -0.076580 0.797372 0.324344
v -0.075000 0.790637 0.323044
v -0.074869 0.789987 0.325127
v -0.078521 0.802727 0.322957
v -0.077438 0.803562 0.324230
v -0.079459 0.808817 0.319704
v -0.080764 0.806699 0.318697
v -0.082709 0.808081 0.313344
v -0.081491 0.810709 0.313865
v -0.083534 0.809238 0.306718
v -0.084369 0.806871 0.306935
v -0.084591 0.805127 0.302325
v -0.084086 0.807392 0.301696
v -0.083104 0.802958 0.297611
v -0.079146 0.783074 0.316548
v -0.076068 0.786740 0.319931
v -0.079326 0.785563 0.314592
v -0.080860 0.760737 0.344526
v -0.082303 0.757129 0.339201
v -0.085135 0.742836 0.352116
v -0.084079 0.745294 0.359165
v -0.088418 0.732395 0.369753
v -0.090178 0.730044 0.362960
v -0.095085 0.718743 0.370992
v -0.093321 0.721798 0.376174
v -0.090845 0.723361 0.379858
v -0.086537 0.723007 0.382159
v -0.082370 0.732757 0.376242
v -0.086189 0.733443 0.374167
v -0.080985 0.746641 0.366186
v -0.077502 0.745504 0.368453
v -0.071935 0.761247 0.358794
v -0.075232 0.762954 0.355915
v -0.065679 0.781128 0.346014
v -0.069626 0.781954 0.343308
v -0.071446 0.774725 0.348290
v -0.067993 0.773122 0.351314
v -0.063373 0.795594 0.338186
v -0.068099 0.796306 0.335002
v -0.068511 0.789148 0.338879
v -0.064138 0.788619 0.341636
v -0.088493 0.718690 0.384969
v -0.093609 0.718126 0.383201
v -0.095232 0.716313 0.385102
v -0.090113 0.715667 0.387361
v -0.094403 0.700940 0.394222
v -0.099522 0.703001 0.391456
v -0.098789 0.697778 0.392696
v -0.094589 0.695656 0.394771
v -0.098264 0.687312 0.392356
v -0.095147 0.685224 0.392788
v -0.094915 0.690378 0.394402
v -0.098353 0.692545 0.392963
v -0.093354 0.706392 0.392516
v -0.091503 0.712023 0.389588
v -0.096952 0.713144 0.387128
v -0.098902 0.708121 0.389620
v -0.097928 0.655476 0.362172
v -0.095666 0.653551 0.363625
v -0.097232 0.653892 0.368160
v -0.099412 0.655897 0.366299
v -0.101308 0.658430 0.364923
v -0.102685 0.662328 0.361544
v -0.100040 0.658989 0.361231
v -0.099760 0.660308 0.359174
v -0.102898 0.664256 0.359449
v -0.102626 0.665851 0.357558
v -0.099534 0.661791 0.357317
v -0.093704 0.693708 0.332318
v -0.094425 0.694535 0.333145
v -0.094181 0.695091 0.332633
v -0.092859 0.694158 0.331171
v -0.093722 0.695836 0.331674
v -0.092018 0.694794 0.329878
v -0.050546 0.703418 0.281367
v -0.055097 0.697362 0.291916
v -0.058488 0.697781 0.292937
v -0.063080 0.692573 0.302298
v -0.059743 0.692125 0.301559
v -0.064872 0.685547 0.313477
v -0.068102 0.686032 0.313646
v -0.072886 0.679577 0.324319
v -0.069763 0.678829 0.324633
v -0.074520 0.671962 0.335145
v -0.077473 0.673277 0.334301
v -0.080987 0.667818 0.340490
v -0.077796 0.666380 0.341476
v -0.079649 0.662007 0.343752
v -0.083468 0.663144 0.342978
v -0.088422 0.655205 0.351259
v -0.084065 0.654323 0.352055
v -0.085483 0.653438 0.356343
v -0.089603 0.654287 0.355487
v -0.090618 0.653369 0.358861
v -0.086696 0.652516 0.359851
v -0.087720 0.651539 0.362613
v -0.091476 0.652434 0.361399
v -0.092695 0.652074 0.365037
v -0.089015 0.651046 0.366405
v -0.090595 0.651010 0.371260
v -0.094293 0.652263 0.369813
v -0.095729 0.656234 0.377513
v -0.099233 0.657157 0.375727
v -0.101741 0.658879 0.373508
v -0.103242 0.661397 0.370860
v -0.103510 0.665700 0.366587
v -0.102552 0.671784 0.360688
v -0.100064 0.679694 0.352058
v -0.096316 0.689164 0.340926
v -0.094250 0.693618 0.334846
v -0.093626 0.692865 0.334138
v -0.094946 0.687498 0.336583
v -0.092978 0.689756 0.336925
v -0.093812 0.691450 0.334137
v -0.101070 0.675796 0.351497
v -0.102590 0.671680 0.355549
v -0.103497 0.668725 0.358539
v -0.103753 0.666984 0.360382
v -0.103049 0.664011 0.362998
v -0.101389 0.659800 0.366395
v -0.099562 0.656737 0.369102
v -0.097564 0.654825 0.371113
v -0.042135 0.848823 0.266243
v -0.049507 0.847150 0.264044
v -0.044988 0.849180 0.268352
v -0.056934 0.838739 0.288982
v -0.059951 0.838999 0.285909
v -0.059277 0.837377 0.294822
v -0.054035 0.835186 0.304354
v -0.058570 0.835368 0.302305
v -0.060073 0.833361 0.305530
v -0.055308 0.833033 0.307610
v -0.056164 0.829731 0.312343
v -0.062724 0.828901 0.310631
v -0.067152 0.822134 0.317395
v -0.057553 0.824467 0.319432
v -0.060005 0.815724 0.326501
v -0.069078 0.813992 0.323865
v -0.068288 0.804588 0.330000
v -0.062038 0.804635 0.333116
v -0.104798 0.663349 0.372914
v -0.104238 0.662246 0.371845
v -0.102477 0.659720 0.374587
v -0.103012 0.661021 0.375836
v -0.094797 0.653253 0.372840
v -0.091260 0.652022 0.374283
v -0.065819 0.758320 0.362563
v -0.068797 0.759702 0.361010
v -0.074359 0.744459 0.370302
v -0.071554 0.743507 0.371730
v -0.064579 0.771720 0.353609
v -0.061205 0.770522 0.355176
v -0.057714 0.780111 0.349570
v -0.061708 0.780514 0.348101
v -0.059677 0.788269 0.343862
v -0.055124 0.788097 0.345556
v -0.053437 0.794481 0.343129
v -0.058486 0.794986 0.340895
v -0.053286 0.849734 0.266309
v -0.056391 0.855528 0.270990
v -0.051151 0.856561 0.274541
v -0.048527 0.851434 0.270365
v -0.063601 0.842320 0.266456
v -0.066877 0.848389 0.268584
v -0.061638 0.852800 0.269006
v -0.058313 0.846698 0.265004
v -0.068017 0.838188 0.275729
v -0.071278 0.843893 0.277214
v -0.070097 0.845419 0.271309
v -0.066837 0.839484 0.270026
v -0.063867 0.840789 0.281771
v -0.066233 0.845539 0.283569
v -0.069976 0.843933 0.281317
v -0.067008 0.838613 0.279671
v -0.057057 0.842493 0.287588
v -0.057759 0.848987 0.289753
v -0.062160 0.847225 0.286381
v -0.060550 0.842082 0.284413
v -0.046907 0.847107 0.290242
v -0.047901 0.852453 0.292504
v -0.049572 0.850971 0.297552
v -0.048834 0.845507 0.295434
v -0.046112 0.851181 0.276210
v -0.048166 0.856092 0.279745
v -0.047415 0.854154 0.286582
v -0.046026 0.848999 0.283832
v -0.059221 0.861717 0.276296
v -0.061781 0.868310 0.282209
v -0.057052 0.868828 0.284221
v -0.053992 0.862358 0.279162
v -0.069475 0.855584 0.273303
v -0.071381 0.863914 0.280629
v -0.066564 0.866671 0.281007
v -0.064390 0.859461 0.274336
v -0.073628 0.851235 0.281264
v -0.075060 0.860200 0.287891
v -0.074218 0.861762 0.282908
v -0.072554 0.852848 0.275604
v -0.067998 0.852530 0.287207
v -0.069163 0.861762 0.292687
v -0.073371 0.860216 0.291136
v -0.072103 0.851144 0.285124
v -0.059246 0.856181 0.292678
v -0.061515 0.864072 0.296362
v -0.065214 0.863054 0.294420
v -0.063714 0.854214 0.289717
v -0.050153 0.858577 0.294892
v -0.053658 0.865480 0.297407
v -0.054923 0.864409 0.301133
v -0.051641 0.857280 0.299437
v -0.050875 0.861802 0.283620
v -0.054269 0.868308 0.287823
v -0.053431 0.866773 0.292982
v -0.049894 0.860078 0.289629
v -0.063867 0.874302 0.288043
v -0.065440 0.879698 0.293831
v -0.062919 0.879737 0.294870
v -0.060023 0.874626 0.289456
v -0.072025 0.871360 0.287302
v -0.071404 0.877918 0.293346
v -0.068261 0.879091 0.293330
v -0.067855 0.873216 0.287333
v -0.074831 0.868353 0.293376
v -0.072935 0.875690 0.297736
v -0.072963 0.876791 0.294804
v -0.074361 0.869742 0.289304
v -0.069504 0.869802 0.297042
v -0.069022 0.876652 0.300273
v -0.071620 0.875660 0.299543
v -0.073210 0.868388 0.295943
v -0.063226 0.870143 0.298982
v -0.066611 0.876236 0.300594
v -0.066539 0.869596 0.297547
v -0.057521 0.871885 0.299691
v -0.061748 0.877767 0.301758
v -0.062329 0.877163 0.303638
v -0.058486 0.871037 0.302534
v -0.057847 0.874170 0.292176
v -0.061601 0.879353 0.296732
v -0.061508 0.878504 0.299446
v -0.057308 0.872916 0.296253
v -0.056732 0.837066 0.298052
v -0.052241 0.836990 0.300784
v -0.050143 0.838444 0.296935
v -0.054430 0.838434 0.292809
v -0.053926 0.843202 0.291390
v -0.051247 0.844226 0.295791
v -0.051692 0.850147 0.297911
v -0.054270 0.849960 0.293597
v -0.055854 0.857033 0.296045
v -0.053540 0.856771 0.299817
v -0.056581 0.864060 0.301574
v -0.058638 0.864409 0.298746
v -0.061756 0.871162 0.300782
v -0.059895 0.870803 0.302892
v -0.063483 0.877004 0.303768
v -0.065209 0.877290 0.302150
v -0.055266 0.826303 0.242503
v -0.057788 0.822484 0.243977
v -0.061862 0.833754 0.258908
v -0.066772 0.883169 0.297474
v -0.067838 0.884712 0.298993
v -0.066730 0.884657 0.299500
v -0.065158 0.883085 0.298213
v -0.070976 0.882136 0.297170
v -0.070720 0.884016 0.298800
v -0.069164 0.884503 0.298757
v -0.068704 0.882850 0.297134
v -0.071735 0.880532 0.300262
v -0.071232 0.882880 0.300952
v -0.071401 0.883488 0.299521
v -0.071978 0.881374 0.298207
v -0.068965 0.881136 0.301970
v -0.069340 0.883276 0.302103
v -0.070543 0.882821 0.301802
v -0.070730 0.880470 0.301495
v -0.065932 0.881172 0.303981
v -0.067243 0.883305 0.303529
v -0.068235 0.883424 0.302698
v -0.067368 0.881379 0.302788
v -0.064705 0.881704 0.302743
v -0.066399 0.883676 0.302664
v -0.066631 0.883390 0.303517
v -0.065044 0.881280 0.303966
v -0.064392 0.882775 0.299456
v -0.066196 0.884436 0.300369
v -0.066258 0.884056 0.301574
v -0.064483 0.882211 0.301234
v -0.069542 0.830762 0.282844
v -0.069291 0.831676 0.289238
v -0.064526 0.836274 0.283549
v -0.096843 0.663516 0.383828
v -0.096964 0.666569 0.385786
v -0.100811 0.668239 0.384230
v -0.100767 0.664859 0.382116
v -0.103583 0.666554 0.379873
v -0.103545 0.669975 0.382074
v -0.105166 0.671780 0.379320
v -0.105291 0.668602 0.377095
v -0.105730 0.672179 0.373051
v -0.105590 0.674987 0.375372
v -0.104817 0.679601 0.370234
v -0.104900 0.677284 0.367740
v -0.102557 0.684164 0.360271
v -0.102713 0.685858 0.363439
v -0.099367 0.693641 0.355185
v -0.098826 0.692647 0.350933
v -0.095469 0.697937 0.340998
v -0.093689 0.699776 0.334214
v -0.093515 0.698527 0.333900
v -0.087583 0.695813 0.323759
v -0.086668 0.694182 0.323002
v -0.088426 0.692283 0.325871
v -0.088384 0.694590 0.325579
v -0.096663 0.660006 0.381400
v -0.096757 0.661668 0.382582
v -0.100669 0.662832 0.380781
v -0.100501 0.661030 0.379519
v -0.103307 0.662640 0.377112
v -0.103500 0.664489 0.378463
v -0.105249 0.666640 0.375628
v -0.105082 0.664835 0.374175
v -0.105546 0.668814 0.369828
v -0.105700 0.670433 0.371462
v -0.104851 0.675866 0.365962
v -0.104700 0.674575 0.364068
v -0.102217 0.682221 0.355885
v -0.102418 0.683144 0.358164
v -0.098537 0.692080 0.348379
v -0.098241 0.691557 0.345610
v -0.095667 0.696630 0.338065
v -0.095385 0.697197 0.339530
v -0.093664 0.697562 0.333747
v -0.094288 0.696866 0.333473
v -0.093012 0.696569 0.330810
v -0.092360 0.697275 0.329799
v -0.090370 0.695826 0.327502
v -0.091033 0.695383 0.328650
v -0.090041 0.693973 0.327669
v -0.089047 0.694307 0.326680
v -0.089546 0.691670 0.327490
v -0.068277 0.884688 0.302152
v -0.067719 0.884531 0.302899
v -0.067331 0.884830 0.302134
v -0.067504 0.885072 0.301261
v -0.036339 0.847997 0.268988
v -0.041338 0.848595 0.271879
v -0.038567 0.847285 0.273690
v -0.091067 0.655426 0.379187
v -0.093007 0.655656 0.378664
v -0.093434 0.656377 0.379981
v -0.091417 0.656060 0.380537
v -0.091610 0.657305 0.381913
v -0.093635 0.657729 0.381382
v -0.093727 0.659273 0.382602
v -0.091694 0.658829 0.383128
v -0.091724 0.660520 0.384297
v -0.093775 0.660897 0.383754
v -0.092095 0.665196 0.387253
v -0.091982 0.667855 0.388796
v -0.094022 0.668273 0.388451
v -0.094090 0.665561 0.386785
v -0.093433 0.674193 0.390154
v -0.093901 0.670964 0.389612
v -0.091617 0.670536 0.390047
v -0.091117 0.673799 0.390537
v -0.092448 0.683885 0.393203
v -0.090251 0.683222 0.393826
v -0.089894 0.688131 0.395871
v -0.092069 0.688931 0.395307
v -0.091435 0.694196 0.395962
v -0.089115 0.693350 0.396510
v -0.088009 0.698799 0.396012
v -0.090670 0.699571 0.395515
v -0.089332 0.705219 0.393869
v -0.086462 0.704497 0.394418
v -0.084475 0.710442 0.391733
v -0.087421 0.711141 0.391026
v -0.086075 0.714995 0.388926
v -0.083118 0.714296 0.389801
v -0.081702 0.717790 0.387548
v -0.084630 0.718403 0.386526
v -0.082965 0.722465 0.383908
v -0.080128 0.721731 0.385102
v -0.076324 0.731311 0.379242
v -0.079082 0.732047 0.377934
v -0.053031 0.839601 0.290945
v -0.049355 0.839635 0.295180
v -0.050361 0.841057 0.295367
v -0.048049 0.842122 0.294199
v -0.047293 0.841101 0.293826
v -0.044766 0.842655 0.288366
v -0.045745 0.843817 0.288899
v -0.090748 0.676774 0.391263
v -0.090536 0.679435 0.392289
v -0.092768 0.679981 0.391695
v -0.093040 0.677213 0.390810
v -0.100750 0.685061 0.390658
v -0.100233 0.686205 0.391285
v -0.100958 0.687467 0.390752
v -0.101324 0.686384 0.390141
v -0.096347 0.684355 0.340500
v -0.099012 0.679990 0.346532
v -0.084701 0.724879 0.277338
v -0.080789 0.737294 0.268910
v -0.073913 0.728131 0.257419
v -0.077759 0.720220 0.265689
v -0.088722 0.727383 0.293154
v -0.087619 0.725556 0.296257
v -0.088934 0.734373 0.302714
v -0.089119 0.736788 0.299745
v -0.087990 0.753229 0.324062
v -0.087117 0.750954 0.325770
v -0.084745 0.757209 0.329488
v -0.085085 0.759719 0.328175
v -0.104416 0.679976 0.384781
v -0.104804 0.677335 0.383118
v -0.103029 0.676330 0.385923
v -0.102099 0.679921 0.387746
v -0.100372 0.674661 0.387859
v -0.096828 0.672332 0.388905
v -0.096135 0.675804 0.389665
v -0.099361 0.678511 0.389433
v -0.098672 0.681523 0.390612
v -0.095683 0.678796 0.390595
v -0.095364 0.681395 0.391414
v -0.098337 0.683668 0.391485
v -0.046404 0.814750 0.331701
v -0.052137 0.815949 0.329257
v -0.056123 0.804225 0.335956
v -0.050543 0.803352 0.338518
v -0.096109 0.678531 0.341051
v -0.093674 0.668876 0.342656
v -0.095944 0.666252 0.346256
v -0.098609 0.674917 0.346168
v -0.088815 0.661010 0.344700
v -0.090586 0.658536 0.347233
v -0.093269 0.660793 0.346607
v -0.091242 0.663037 0.343871
v -0.087051 0.656947 0.347914
v -0.085492 0.659515 0.345460
v -0.081274 0.658552 0.346153
v -0.082661 0.656030 0.348657
v -0.096091 0.698299 0.342845
v -0.096740 0.699103 0.346077
v -0.095226 0.702825 0.340492
v -0.094000 0.701245 0.336386
v -0.076996 0.773478 0.340049
v -0.073979 0.774998 0.344174
v -0.072585 0.781187 0.339588
v -0.076105 0.777603 0.336725
v -0.072370 0.788280 0.334336
v -0.074703 0.795914 0.329002
v -0.073862 0.788288 0.328374
v -0.105353 0.679774 0.379349
v -0.105252 0.681857 0.381108
v -0.104607 0.685566 0.376726
v -0.104673 0.683649 0.374615
v -0.103225 0.689011 0.370467
v -0.103360 0.690502 0.373233
v -0.101513 0.696664 0.370634
v -0.101010 0.695859 0.366906
v -0.070666 0.789114 0.337620
v -0.071356 0.797994 0.332037
v -0.073908 0.798332 0.330110
v -0.097085 0.669622 0.387743
v -0.100853 0.671617 0.386343
v -0.103506 0.673395 0.384277
v -0.105041 0.674955 0.381545
v -0.105451 0.677797 0.377694
v -0.104734 0.681918 0.372729
v -0.103037 0.687656 0.367610
v -0.100373 0.694995 0.362371
v -0.096393 0.704878 0.346745
v -0.097913 0.700272 0.351102
v -0.089975 0.696435 0.326333
v -0.092053 0.698135 0.328803
v -0.092020 0.699224 0.327830
v -0.089774 0.697293 0.325155
v -0.089142 0.701322 0.319213
v -0.091387 0.703630 0.321752
v -0.089013 0.711078 0.311888
v -0.086318 0.707565 0.309018
v -0.091870 0.721689 0.330127
v -0.094303 0.712034 0.339750
v -0.089332 0.737795 0.314139
v -0.090251 0.730190 0.321752
v -0.089067 0.743303 0.308795
v -0.087919 0.747003 0.319749
v -0.088850 0.749540 0.317542
v -0.089207 0.746022 0.306194
v -0.089384 0.750214 0.302824
v -0.089310 0.755428 0.312775
v -0.086443 0.772741 0.300016
v -0.086101 0.764664 0.292550
v -0.093855 0.663110 0.385233
v -0.091991 0.662870 0.385764
v -0.070985 0.791700 0.319765
v -0.071652 0.788607 0.316902
v -0.073304 0.797500 0.319964
v -0.075417 0.801651 0.318535
v -0.077275 0.804235 0.315272
v -0.078755 0.805227 0.310848
v -0.079872 0.804645 0.305439
v -0.079500 0.803615 0.300423
v -0.078424 0.801953 0.296045
v -0.078352 0.798569 0.295709
v -0.079516 0.793403 0.299033
v -0.079448 0.790125 0.302885
v -0.077854 0.788887 0.306663
v -0.075277 0.788366 0.311364
v -0.087813 0.718498 0.306224
v -0.089196 0.713459 0.314524
v -0.091493 0.705658 0.324743
v -0.077109 0.785092 0.322966
v -0.077392 0.782298 0.326167
v -0.044885 0.845645 0.283628
v -0.069162 0.884649 0.301475
v -0.070221 0.884338 0.301270
v -0.070274 0.884767 0.300246
v -0.069096 0.885174 0.300051
v -0.068313 0.885121 0.300595
v -0.064347 0.836617 0.264469
v -0.061007 0.839096 0.262165
v -0.044017 0.848155 0.274552
v -0.033072 0.846092 0.259982
v -0.079220 0.770444 0.335849
v -0.080396 0.779173 0.320387
v -0.081180 0.772842 0.326320
v -0.093011 0.699648 0.332110
v -0.091902 0.702841 0.328134
v -0.068897 0.828277 0.277097
v -0.062150 0.765266 0.237716
v -0.063542 0.750892 0.238102
v -0.061003 0.751149 0.236335
v -0.061688 0.738081 0.238249
v -0.065274 0.740234 0.240783
v -0.067424 0.731977 0.246095
v -0.063295 0.729155 0.243266
v -0.065592 0.722696 0.250225
v -0.070135 0.724910 0.253190
v -0.068657 0.718074 0.257928
v -0.081399 0.709864 0.297997
v -0.088740 0.686630 0.329724
v -0.055709 0.843283 0.260926
v -0.054131 0.844465 0.260761
v -0.066620 0.829910 0.274415
v -0.066039 0.832462 0.270589
v -0.058325 0.798420 0.238265
v -0.059521 0.797747 0.242133
v -0.057836 0.781372 0.235982
v -0.055581 0.767592 0.231639
v -0.042439 0.844970 0.282210
v -0.077520 0.776889 0.329968
v -0.080828 0.768159 0.330130
v -0.081674 0.761831 0.335333
v -0.079169 0.810949 0.291297
v -0.072887 0.721992 0.258246
v -0.027530 0.840479 0.244758
v -0.065207 0.835329 0.266095
v -0.054175 0.697175 0.292206
v -0.058342 0.691841 0.302001
v -0.063436 0.685256 0.313929
v -0.049624 0.703232 0.281657
v -0.088663 0.650620 0.371869
v -0.089401 0.651646 0.374869
v -0.087124 0.650658 0.367007
v -0.090717 0.660316 0.384614
v -0.090738 0.662600 0.386148
v -0.090749 0.664923 0.387677
v -0.090689 0.667612 0.389210
v -0.090690 0.658626 0.383444
v -0.089423 0.679210 0.392639
v -0.089141 0.682997 0.394176
v -0.089638 0.676550 0.391613
v -0.088791 0.687907 0.396218
v -0.083023 0.710148 0.392190
v -0.081639 0.713997 0.390267
v -0.080250 0.717423 0.388058
v -0.085064 0.704215 0.394859
v -0.090128 0.655235 0.379482
v -0.090614 0.657104 0.382226
v -0.090431 0.655860 0.380847
v -0.080552 0.655604 0.349322
v -0.081967 0.653898 0.352718
v -0.079242 0.658141 0.346793
v -0.083486 0.653029 0.356981
v -0.074868 0.731017 0.379701
v -0.070042 0.743201 0.372207
v -0.078654 0.721433 0.385566
v -0.064176 0.757988 0.363081
v -0.086705 0.698536 0.396422
v -0.087946 0.693113 0.396879
v -0.085832 0.651150 0.363221
v -0.084771 0.652116 0.360473
v -0.059403 0.770157 0.355744
v -0.055724 0.779709 0.350197
v -0.042257 0.712500 0.264193
v -0.045169 0.709175 0.271342
v -0.050869 0.793962 0.343938
v -0.047665 0.802770 0.339425
v -0.043268 0.814068 0.332720
v -0.052880 0.787643 0.346263
v -0.090010 0.673576 0.390885
v -0.090515 0.670314 0.390393
v -0.077766 0.661626 0.344345
v -0.076134 0.666043 0.342000
v -0.068283 0.678530 0.325098
v -0.072991 0.671653 0.335626
v -0.039863 0.714357 0.257807
v -0.071435 0.788863 0.316605
v -0.074973 0.788628 0.311199
v -0.070784 0.791880 0.319398
v -0.073048 0.797540 0.319592
v -0.075110 0.801595 0.318198
v -0.076924 0.804116 0.315014
v -0.078368 0.805084 0.310695
v -0.079458 0.804516 0.305415
v -0.079096 0.803512 0.300521
v -0.078044 0.801888 0.296247
v -0.077974 0.798587 0.295919
v -0.079112 0.793543 0.299165
v -0.079045 0.790343 0.302923
v -0.077489 0.789135 0.306611
v -0.049476 0.839539 0.297959
v -0.051279 0.837969 0.301774
v -0.052940 0.835954 0.305391
v -0.053902 0.833444 0.308949
v -0.054227 0.830470 0.313076
v -0.054054 0.825638 0.319989
v -0.051762 0.824163 0.322224
v -0.043797 0.821541 0.327904
v -0.048965 0.822861 0.325580
v -0.040759 0.820678 0.329001
v -0.055406 0.769701 0.224981
v -0.019102 0.821455 0.212144
v -0.023479 0.818987 0.212139
v -0.028827 0.829178 0.228329
v -0.024266 0.831855 0.228623
v -0.027450 0.816828 0.212105
v -0.030995 0.815229 0.211848
v -0.035886 0.826198 0.227696
v -0.032703 0.827248 0.228052
v -0.040324 0.823923 0.226734
v -0.036090 0.813003 0.211476
v -0.042569 0.809828 0.211216
v -0.045900 0.820117 0.225451
v -0.053073 0.810079 0.225727
v -0.050272 0.815966 0.224952
v -0.047599 0.806190 0.211846
v -0.055583 0.768772 0.228053
v -0.055078 0.805478 0.228699
v -0.053090 0.793819 0.217038
v -0.054088 0.787720 0.220607
v -0.056785 0.801108 0.233878
v -0.055363 0.783311 0.225379
v -0.056505 0.781559 0.229811
v -0.057240 0.780768 0.232972
v -0.022106 0.832622 0.228990
v -0.017001 0.822264 0.212362
v -0.005484 0.826834 0.212663
v -0.009905 0.827688 0.211298
v -0.014200 0.837614 0.228573
v -0.009271 0.836586 0.230114
v -0.048732 0.826349 0.325182
v -0.043347 0.824618 0.327631
v -0.041560 0.832811 0.326359
v -0.048512 0.833571 0.323241
v -0.047409 0.839499 0.319549
v -0.039376 0.839019 0.322825
v -0.037004 0.843175 0.317037
v -0.045631 0.843917 0.313825
v -0.043698 0.847122 0.308815
v -0.034856 0.846267 0.311935
v -0.033000 0.848308 0.307500
v -0.041791 0.849149 0.304462
v -0.024380 0.851532 0.261159
v -0.017540 0.850834 0.263263
v -0.012942 0.844534 0.246472
v -0.018982 0.845513 0.244754
v -0.034849 0.852363 0.288267
v -0.038550 0.850830 0.297707
v -0.030328 0.850134 0.300374
v -0.026766 0.851747 0.290572
v -0.020645 0.834397 0.228559
v -0.017991 0.836854 0.228079
v -0.013294 0.826728 0.211024
v -0.015684 0.824014 0.211783
v -0.031253 0.848173 0.259944
v -0.028622 0.850547 0.260310
v -0.022963 0.844793 0.244217
v -0.025738 0.842449 0.244424
v -0.046255 0.843020 0.294190
v -0.044491 0.848586 0.295447
v -0.040451 0.850404 0.287214
v -0.043409 0.844821 0.287702
v -0.052037 0.827494 0.321412
v -0.052176 0.834264 0.319614
v -0.053327 0.831838 0.314328
v -0.052859 0.834679 0.310849
v -0.052195 0.838099 0.315474
v -0.051053 0.842124 0.310304
v -0.051935 0.837519 0.306891
v -0.050440 0.839735 0.303059
v -0.049338 0.845036 0.305716
v -0.047607 0.846949 0.301536
v -0.048848 0.841383 0.299228
v -0.028777 0.853832 0.272779
v -0.031622 0.853364 0.279953
v -0.023721 0.852776 0.282126
v -0.021183 0.853233 0.275026
v -0.037881 0.848563 0.275168
v -0.041529 0.846329 0.282610
v -0.036635 0.851974 0.279503
v -0.034975 0.850012 0.269289
v -0.032763 0.852734 0.271094
v -0.010122 0.843964 0.247341
v -0.006696 0.836018 0.230929
v -0.014189 0.850148 0.264314
v -0.003284 0.826391 0.213328
v -0.022850 0.850952 0.291805
v -0.019904 0.851998 0.283326
v -0.017497 0.852480 0.276184
v -0.026337 0.849342 0.301620
v -0.037975 0.832086 0.327488
v -0.035629 0.838261 0.324005
v -0.033001 0.842365 0.318298
v -0.040038 0.823841 0.328741
v -0.030778 0.845443 0.313219
v -0.028963 0.847491 0.308772
v -0.035512 0.723161 0.345580
v -0.036919 0.725003 0.348121
v -0.043637 0.716215 0.355108
v -0.042243 0.714418 0.352516
v -0.050194 0.706604 0.363151
v -0.048689 0.705139 0.360274
v -0.054633 0.698589 0.368928
v -0.053527 0.697872 0.366703
v -0.030276 0.731081 0.341486
v -0.056357 0.692864 0.371092
v 0.024205 0.785900 0.237157
v -0.082479 0.659378 0.372208
v -0.078698 0.669995 0.361319
v -0.080379 0.670193 0.361021
v -0.085243 0.659744 0.371654
v -0.085988 0.660550 0.372226
v -0.080706 0.671305 0.361383
v -0.079915 0.671048 0.361688
v -0.084688 0.660106 0.372763
v -0.082451 0.659599 0.373336
v -0.078555 0.670760 0.362005
v -0.076627 0.670437 0.362341
v -0.079273 0.659031 0.373946
v -0.076519 0.659384 0.373633
v -0.074950 0.670707 0.362136
v -0.073522 0.671575 0.361386
v -0.074187 0.660658 0.372399
v -0.071246 0.663354 0.370138
v -0.071751 0.673199 0.360024
v -0.069636 0.675579 0.358049
v -0.067699 0.667470 0.366853
v -0.063456 0.673122 0.361381
v -0.067113 0.678903 0.354805
v -0.064177 0.683176 0.350289
v -0.058604 0.680187 0.353925
v -0.056293 0.683500 0.349937
v -0.062804 0.685038 0.347844
v -0.063021 0.684452 0.347543
v -0.056561 0.683035 0.349463
v -0.058082 0.680677 0.351878
v -0.063977 0.682822 0.348998
v -0.065640 0.680192 0.352143
v -0.060804 0.676482 0.357087
v -0.063303 0.672535 0.361415
v -0.067141 0.677820 0.354742
v -0.068483 0.675702 0.356801
v -0.065563 0.668855 0.364833
v -0.067264 0.666366 0.367107
v -0.069501 0.674245 0.358178
v -0.070190 0.673461 0.358863
v -0.068408 0.665064 0.368244
v -0.070859 0.663383 0.369514
v -0.071664 0.672453 0.359619
v -0.073933 0.671206 0.360475
v -0.074625 0.661315 0.370935
v -0.077655 0.660009 0.371854
v -0.075769 0.670405 0.361054
v -0.077161 0.670065 0.361331
v -0.079950 0.659467 0.372275
v -0.073573 0.677302 0.354407
v -0.072112 0.678214 0.353623
v -0.071248 0.678960 0.352975
v -0.070364 0.680020 0.351994
v -0.069636 0.681166 0.350812
v -0.069704 0.681485 0.351012
v -0.071156 0.679797 0.352843
v -0.072519 0.678597 0.353974
v -0.073700 0.677752 0.354713
v -0.074913 0.677392 0.354998
v -0.074621 0.676828 0.354905
v -0.084422 0.654011 0.379698
v -0.087173 0.654601 0.379035
v -0.084138 0.653028 0.377248
v -0.080918 0.653193 0.377397
v -0.077986 0.653908 0.376944
v -0.074244 0.655582 0.375914
v -0.069693 0.658215 0.374305
v -0.066720 0.660302 0.372804
v -0.065317 0.661853 0.371389
v -0.063267 0.664790 0.368655
v -0.060616 0.669047 0.364710
v -0.057736 0.673544 0.359684
v -0.051577 0.683302 0.350369
v -0.054578 0.679213 0.355427
v -0.060684 0.670606 0.364791
v -0.066008 0.663658 0.371734
v -0.070413 0.658562 0.375931
v -0.074122 0.655269 0.378699
v -0.077137 0.653782 0.380040
v -0.080570 0.653363 0.380374
v -0.054603 0.678313 0.353521
v -0.051892 0.682843 0.349664
v -0.088822 0.655134 0.378384
v -0.087649 0.653412 0.376506
v -0.075520 0.676746 0.355036
v -0.075491 0.677159 0.355113
v -0.066658 0.694022 0.389077
v -0.069364 0.695148 0.390947
v -0.070325 0.690582 0.390656
v -0.068101 0.689854 0.389574
v -0.070489 0.696008 0.394541
v -0.068674 0.695944 0.397922
v -0.071409 0.691780 0.398247
v -0.073310 0.691908 0.394981
v -0.066111 0.688590 0.390053
v -0.064787 0.686999 0.391946
v -0.063175 0.690480 0.391226
v -0.064316 0.692423 0.389454
v -0.068355 0.699295 0.394836
v -0.066062 0.702792 0.395593
v -0.067042 0.699282 0.397625
v -0.064641 0.697558 0.390813
v -0.063338 0.700353 0.392264
v -0.065184 0.702341 0.393971
v -0.067139 0.699111 0.392911
v -0.062186 0.693467 0.391105
v -0.062089 0.698204 0.391422
v -0.063111 0.695599 0.389716
v -0.067845 0.685633 0.391133
v -0.069304 0.681740 0.394561
v -0.066387 0.684263 0.393002
v -0.071934 0.686399 0.391802
v -0.073583 0.682607 0.395837
v -0.071166 0.681956 0.395131
v -0.069835 0.685842 0.391116
v -0.073491 0.688652 0.398686
v -0.075708 0.684912 0.397715
v -0.075307 0.688681 0.395108
v -0.073674 0.686976 0.392600
v -0.075196 0.687702 0.393641
v -0.075762 0.684059 0.397017
v -0.075151 0.683349 0.396485
v -0.071187 0.695063 0.392141
v -0.073909 0.690931 0.392651
v -0.072070 0.690322 0.391426
v -0.000602 0.750106 0.303712
v -0.001001 0.740325 0.295157
v 0.003112 0.748203 0.287609
v 0.003536 0.758042 0.297814
v 0.002719 0.786214 0.322859
v 0.003136 0.787195 0.321398
v 0.002806 0.793232 0.325457
v 0.002595 0.791053 0.327134
v -0.054658 0.741004 0.372918
v -0.043478 0.755067 0.360430
v -0.046791 0.757064 0.362681
v -0.061789 0.689258 0.390929
v -0.062405 0.689440 0.391373
v -0.064065 0.685880 0.392049
v -0.063602 0.685324 0.391626
v -0.066152 0.682099 0.393111
v -0.066393 0.682945 0.393396
v -0.069386 0.680638 0.395416
v -0.069441 0.679581 0.395382
v -0.072692 0.678707 0.396829
v -0.072252 0.679838 0.396763
v -0.074993 0.680545 0.397435
v -0.075907 0.679474 0.397451
v -0.077348 0.684219 0.398821
v -0.076070 0.684623 0.398838
v -0.074179 0.688311 0.399513
v -0.075426 0.688619 0.399708
v -0.072556 0.692888 0.400054
v -0.071482 0.692210 0.399658
v -0.068678 0.696442 0.399532
v -0.069455 0.697149 0.400084
v -0.067160 0.701519 0.398887
v -0.066775 0.700485 0.398420
v -0.065678 0.704325 0.396267
v -0.065762 0.706010 0.396477
v -0.063990 0.706737 0.394269
v -0.064310 0.705003 0.394355
v -0.062401 0.702466 0.392590
v -0.061766 0.703688 0.392262
v -0.060659 0.699420 0.391067
v -0.061402 0.698692 0.391514
v -0.061517 0.693712 0.391194
v -0.060807 0.693955 0.390741
v -0.006020 0.772995 0.329086
v -0.005373 0.773087 0.329358
v -0.009568 0.772830 0.331754
v -0.010106 0.772791 0.331432
v -0.014892 0.773830 0.333962
v -0.014352 0.773862 0.334176
v -0.019702 0.776184 0.336553
v -0.020082 0.776195 0.336466
v -0.021224 0.780082 0.339055
v -0.020839 0.779958 0.339096
v -0.017811 0.785187 0.341962
v -0.018381 0.785491 0.341940
v -0.014407 0.789066 0.342616
v -0.013820 0.788616 0.342654
v -0.008807 0.790245 0.340984
v -0.009244 0.790806 0.340902
v -0.004622 0.790651 0.337823
v -0.004259 0.790186 0.337833
v -0.000215 0.788441 0.333280
v -0.000564 0.788604 0.333439
v 0.001396 0.786965 0.329558
v 0.001695 0.786964 0.329300
v 0.002120 0.784950 0.324603
v 0.000435 0.780164 0.323548
v -0.002276 0.774944 0.327069
v -0.002568 0.774945 0.326662
v 0.001060 0.781004 0.323266
v 0.000965 0.781001 0.323529
v -0.001896 0.776197 0.326984
v -0.001794 0.775944 0.326735
v -0.005171 0.773289 0.329633
v -0.005152 0.773687 0.329802
v -0.008906 0.773494 0.331948
v -0.009168 0.773063 0.331926
v -0.013902 0.774049 0.334268
v -0.013540 0.774395 0.334231
v -0.019014 0.776389 0.336525
v -0.019344 0.776248 0.336569
v -0.020470 0.779838 0.339028
v -0.020120 0.779721 0.338849
v -0.016877 0.784391 0.341253
v -0.017306 0.784819 0.341724
v -0.013371 0.788073 0.342394
v -0.013056 0.787439 0.341820
v -0.008585 0.788866 0.340318
v -0.008587 0.789598 0.340789
v -0.004197 0.789577 0.337689
v -0.004438 0.788826 0.337392
v -0.000687 0.787329 0.333152
v -0.000255 0.788017 0.333185
v 0.001627 0.786372 0.328491
v 0.001219 0.785845 0.328638
v 0.002094 0.784198 0.324108
v 0.002290 0.784462 0.323881
v 0.000737 0.781025 0.323681
v -0.000417 0.781139 0.324074
v -0.002925 0.776794 0.326598
v -0.002135 0.776417 0.327049
v -0.005305 0.774020 0.329762
v -0.005927 0.774470 0.329092
v -0.009275 0.774325 0.330979
v -0.008872 0.773855 0.331789
v -0.013372 0.774710 0.334019
v -0.013521 0.775184 0.333134
v -0.018648 0.777096 0.335468
v -0.018770 0.776585 0.336338
v -0.019807 0.779718 0.338541
v -0.019536 0.780174 0.337571
v -0.016214 0.784289 0.339452
v -0.016500 0.784111 0.340677
v -0.012812 0.786978 0.341166
v -0.012752 0.786935 0.339859
v -0.009050 0.788169 0.338620
v -0.008671 0.788319 0.339776
v -0.004785 0.788263 0.337050
v -0.005536 0.788080 0.336171
v -0.002280 0.786696 0.332655
v -0.001225 0.786821 0.333106
v 0.000712 0.785462 0.328772
v -0.000369 0.785453 0.328647
v 0.000543 0.783970 0.324698
v 0.001770 0.784022 0.324283
v 0.017996 0.802492 0.271635
v 0.017237 0.814793 0.287552
v 0.014295 0.812122 0.291485
v 0.015611 0.798774 0.274920
v 0.018876 0.814880 0.262816
v 0.015935 0.819874 0.260091
v 0.015685 0.826033 0.278053
v 0.017564 0.820522 0.281528
v 0.013421 0.823185 0.258672
v 0.011988 0.825424 0.258132
v 0.014393 0.829301 0.276249
v 0.005696 0.832621 0.255055
v 0.004731 0.837546 0.271681
v 0.010944 0.832524 0.274176
v 0.009387 0.828351 0.256996
v -0.013437 0.716774 0.311688
v -0.006023 0.730256 0.303078
v -0.005911 0.739600 0.310612
v -0.013597 0.726166 0.319290
v -0.075519 0.651131 0.363721
v -0.072316 0.652051 0.364698
v -0.073501 0.651074 0.366498
v -0.076633 0.650236 0.365874
v -0.072186 0.652801 0.356812
v -0.068939 0.653903 0.358139
v -0.070798 0.652991 0.361917
v -0.074040 0.651981 0.360707
v -0.067529 0.666614 0.344478
v -0.064028 0.668152 0.345063
v -0.065640 0.662287 0.348343
v -0.068757 0.661206 0.347671
v -0.061199 0.677840 0.328696
v -0.058301 0.678446 0.330235
v -0.061609 0.673516 0.339066
v -0.065018 0.672147 0.338175
v -0.051963 0.690391 0.307080
v -0.048765 0.690098 0.308848
v -0.053940 0.684002 0.320103
v -0.056813 0.683981 0.318266
v -0.045224 0.703514 0.282227
v -0.040567 0.702296 0.285359
v -0.044347 0.695896 0.297255
v -0.048119 0.696787 0.295060
v -0.039494 0.711941 0.265064
v -0.034727 0.710718 0.269206
v -0.037308 0.707458 0.276024
v -0.042338 0.708602 0.272234
v -0.031396 0.713028 0.262392
v -0.036886 0.713756 0.258746
v -0.062947 0.660403 0.366883
v -0.066844 0.656959 0.364425
v -0.064948 0.658597 0.360631
v -0.060594 0.663455 0.363214
v -0.060863 0.666584 0.348628
v -0.059287 0.671844 0.344757
v -0.053242 0.677677 0.343579
v -0.054427 0.674094 0.348530
v -0.054527 0.680315 0.331883
v -0.050179 0.683757 0.333714
v -0.051821 0.680961 0.338637
v -0.057241 0.676475 0.339186
v -0.044837 0.691452 0.312573
v -0.040237 0.694043 0.317961
v -0.046291 0.688601 0.326963
v -0.050347 0.685456 0.322965
v -0.035602 0.701455 0.290239
v -0.030179 0.700865 0.296911
v -0.034681 0.697506 0.308350
v -0.039921 0.696150 0.301666
v -0.028732 0.708566 0.275114
v -0.021912 0.705539 0.282091
v -0.025615 0.703243 0.288384
v -0.031674 0.705997 0.281424
v -0.020134 0.714206 0.260280
v -0.016691 0.713387 0.263777
v -0.020836 0.709868 0.271475
v -0.024835 0.711666 0.268103
v -0.014404 0.720389 0.254419
v -0.007633 0.730339 0.250549
v -0.005875 0.728615 0.253749
v -0.011619 0.719497 0.257702
v 0.004787 0.753732 0.254613
v 0.005453 0.752592 0.256931
v -0.000022 0.740630 0.253604
v -0.001132 0.742189 0.250713
v 0.009482 0.767031 0.260406
v 0.013033 0.782207 0.268087
v 0.013353 0.780494 0.272106
v 0.010172 0.765083 0.264449
v 0.014138 0.796605 0.279892
v 0.012864 0.809472 0.294948
v 0.012767 0.806804 0.297812
v 0.014200 0.794539 0.283379
v 0.011393 0.818725 0.303559
v 0.009004 0.822242 0.303939
v 0.011221 0.815270 0.305511
v 0.003773 0.823377 0.309887
v -0.002321 0.823952 0.315800
v -0.003427 0.821093 0.320036
v 0.002620 0.818876 0.315844
v -0.048682 0.682669 0.346773
v -0.050359 0.679455 0.347914
v -0.049305 0.682204 0.342652
v -0.048198 0.684025 0.344074
v -0.047991 0.684613 0.342841
v -0.037767 0.696601 0.322375
v -0.043748 0.690837 0.331154
v -0.030483 0.699966 0.315518
v -0.025917 0.701656 0.305613
v -0.024638 0.705698 0.315368
v -0.028694 0.703578 0.321650
v -0.021510 0.706340 0.310420
v -0.022519 0.702426 0.298510
v -0.018121 0.702772 0.292495
v -0.017816 0.706465 0.305517
v -0.001071 0.729599 0.265767
v 0.001677 0.739336 0.276965
v -0.002298 0.731707 0.284283
v -0.004814 0.722308 0.270968
v 0.006833 0.750663 0.264531
v 0.004697 0.745633 0.272348
v 0.002158 0.737472 0.262296
v 0.011527 0.775187 0.279299
v 0.007557 0.766284 0.289670
v 0.006424 0.754678 0.279470
v 0.009164 0.760968 0.270800
v -0.057970 0.672558 0.367778
v -0.057896 0.671999 0.366050
v -0.051120 0.681032 0.355614
v -0.051603 0.681638 0.357733
v -0.068284 0.660043 0.380108
v -0.068504 0.659275 0.378794
v -0.063693 0.664643 0.373890
v -0.063531 0.665261 0.375357
v -0.084559 0.656002 0.383930
v -0.084500 0.654643 0.382463
v -0.080430 0.654059 0.383002
v -0.080349 0.655353 0.384523
v -0.078363 0.679430 0.397715
v -0.079056 0.681031 0.397961
v -0.078741 0.678560 0.397284
v -0.073458 0.675868 0.395651
v -0.073094 0.677384 0.396458
v -0.076554 0.678394 0.397188
v -0.076934 0.677304 0.396649
v -0.066901 0.679641 0.390410
v -0.066321 0.680997 0.392116
v -0.069683 0.678250 0.394766
v -0.070114 0.676647 0.393573
v -0.062357 0.689158 0.386290
v -0.061773 0.689164 0.389235
v -0.063685 0.684635 0.390271
v -0.064315 0.683811 0.387983
v -0.060285 0.700638 0.386007
v -0.060672 0.700036 0.389127
v -0.060769 0.694297 0.388853
v -0.061400 0.694733 0.385528
v -0.064032 0.709470 0.390590
v -0.063936 0.708234 0.393032
v -0.061729 0.704682 0.390520
v -0.061190 0.705485 0.387790
v -0.029259 0.712857 0.333722
v -0.029278 0.708398 0.326648
v -0.024563 0.710135 0.320556
v -0.023906 0.717713 0.327959
v -0.035031 0.704399 0.334449
v -0.035156 0.707146 0.340545
v -0.042163 0.698890 0.348952
v -0.041946 0.697203 0.343318
v -0.047937 0.686387 0.351983
v -0.047603 0.685286 0.350262
v -0.047117 0.685651 0.348474
v -0.046732 0.686509 0.348511
v -0.060590 0.694629 0.381494
v -0.058350 0.693970 0.376784
v -0.056637 0.699848 0.374386
v -0.058966 0.700512 0.381186
v -0.046645 0.718147 0.361229
v -0.050409 0.720067 0.368260
v -0.055984 0.708942 0.376722
v -0.052734 0.707910 0.369196
v -0.032661 0.736236 0.347447
v -0.035031 0.742510 0.350262
v -0.043643 0.731785 0.358591
v -0.039377 0.728274 0.353462
v -0.022203 0.746328 0.341274
v -0.013401 0.757552 0.332823
v -0.017873 0.761484 0.336984
v -0.024540 0.753409 0.343494
v -0.006919 0.771330 0.328476
v -0.011296 0.771350 0.331316
v -0.013903 0.768216 0.332475
v -0.008548 0.767956 0.328653
v -0.002797 0.770990 0.323955
v 0.001444 0.780019 0.320585
v 0.001088 0.780685 0.322139
v -0.002738 0.773935 0.325522
v -0.001489 0.766391 0.318619
v -0.000781 0.758716 0.311529
v 0.003431 0.767084 0.307208
v 0.002743 0.775372 0.315773
v 0.006880 0.786306 0.310657
v 0.007709 0.776827 0.300068
v 0.012055 0.787941 0.290106
v 0.010745 0.799231 0.303218
v 0.005590 0.793804 0.317998
v 0.008667 0.806346 0.312204
v 0.005817 0.809286 0.317063
v 0.003839 0.799318 0.322086
v -0.005031 0.815481 0.325671
v -0.006915 0.807070 0.332777
v -0.000330 0.803741 0.327012
v 0.001252 0.812330 0.321553
v -0.005978 0.798276 0.337521
v -0.000342 0.795081 0.332011
v -0.000860 0.797993 0.330498
v -0.007229 0.801335 0.336727
v -0.014135 0.800023 0.341120
v -0.021574 0.794058 0.343679
v -0.018621 0.792613 0.343682
v -0.012072 0.797452 0.341412
v -0.023785 0.779653 0.341219
v -0.022304 0.779978 0.339645
v -0.019441 0.785814 0.342344
v -0.021010 0.786159 0.343235
v -0.009856 0.792356 0.341035
v -0.010645 0.794897 0.341382
v -0.016534 0.791242 0.343416
v -0.015311 0.789941 0.342869
v -0.000577 0.789921 0.333331
v -0.000247 0.792391 0.332955
v -0.005215 0.795280 0.337893
v -0.004941 0.792350 0.337843
v 0.002233 0.785696 0.324494
v 0.002290 0.789920 0.328906
v 0.001519 0.787709 0.329452
v -0.016172 0.772788 0.334487
v -0.021162 0.775634 0.337228
v -0.018272 0.770760 0.335724
v -0.051507 0.738705 0.369426
v -0.047687 0.735261 0.363913
v -0.037614 0.748090 0.353279
v -0.040365 0.752546 0.357283
v -0.062273 0.715518 0.385954
v -0.059163 0.711477 0.382308
v -0.054415 0.722810 0.374226
v -0.058663 0.726376 0.379126
v -0.062411 0.728633 0.381657
v -0.066680 0.729584 0.381184
v -0.070268 0.719716 0.387284
v -0.065621 0.718259 0.387804
v -0.050117 0.757873 0.363827
v -0.054800 0.757781 0.364192
v -0.061525 0.742272 0.373486
v -0.057242 0.741838 0.373666
v -0.049425 0.769366 0.357163
v -0.044581 0.769291 0.356753
v -0.040635 0.776090 0.352440
v -0.045401 0.777026 0.352402
v -0.041486 0.784037 0.348772
v -0.036477 0.782668 0.348971
v -0.032105 0.789025 0.346341
v -0.037681 0.790397 0.346279
v -0.073050 0.712216 0.392736
v -0.067712 0.710746 0.393772
v -0.067242 0.712792 0.391507
v -0.071877 0.715329 0.390203
v -0.080869 0.692881 0.399093
v -0.075802 0.693128 0.399937
v -0.072711 0.697577 0.399902
v -0.078831 0.697790 0.399128
v -0.078135 0.688456 0.399332
v -0.082292 0.687825 0.398378
v -0.083054 0.682778 0.396597
v -0.079724 0.683562 0.398196
v -0.070347 0.702345 0.398616
v -0.068658 0.707420 0.396041
v -0.074525 0.708589 0.394937
v -0.076745 0.703032 0.397748
v -0.075606 0.651081 0.373798
v -0.078990 0.650203 0.373907
v -0.077786 0.649935 0.369258
v -0.074594 0.650756 0.369523
v -0.071235 0.653163 0.370305
v -0.068228 0.655358 0.372398
v -0.072517 0.652607 0.373993
v -0.068460 0.655505 0.367106
v -0.064820 0.658204 0.369467
v -0.066226 0.656838 0.371002
v -0.069842 0.654257 0.368599
v -0.047561 0.684995 0.345441
v -0.047040 0.685555 0.347483
v -0.047337 0.685010 0.347979
v -0.047717 0.684406 0.346805
v -0.047254 0.685739 0.343979
v -0.046592 0.686302 0.346521
v -0.051112 0.696289 0.295262
v -0.053252 0.696989 0.292497
v -0.048701 0.703045 0.281948
v -0.059485 0.684289 0.316363
v -0.061999 0.684966 0.314383
v -0.056942 0.691558 0.302443
v -0.054676 0.690872 0.304948
v -0.068303 0.671422 0.337190
v -0.071463 0.671344 0.336108
v -0.066805 0.678230 0.325565
v -0.064011 0.677782 0.327115
v -0.072172 0.660859 0.346536
v -0.075884 0.661246 0.344938
v -0.074471 0.665707 0.342523
v -0.071009 0.665799 0.343633
v -0.077601 0.651859 0.359268
v -0.081482 0.652629 0.357604
v -0.079868 0.653474 0.353378
v -0.075829 0.652658 0.355226
v -0.080112 0.650135 0.364979
v -0.083933 0.650773 0.363806
v -0.082832 0.651735 0.361068
v -0.079025 0.651025 0.362513
v -0.082699 0.649918 0.373466
v -0.086731 0.650229 0.372478
v -0.085227 0.650279 0.367598
v -0.081331 0.649775 0.368616
v -0.080504 0.653368 0.381627
v -0.084461 0.653954 0.381062
v -0.073287 0.655337 0.380297
v -0.076775 0.653829 0.381373
v -0.064501 0.664087 0.372675
v -0.069196 0.658759 0.377397
v -0.052116 0.680223 0.354849
v -0.058801 0.671347 0.365057
v -0.049081 0.683855 0.348171
v -0.048735 0.684411 0.349184
v -0.049442 0.682475 0.348114
v -0.052213 0.681510 0.349767
v -0.051340 0.678677 0.350320
v -0.061669 0.663402 0.368440
v -0.059115 0.667310 0.364713
v -0.065129 0.659171 0.372550
v -0.063685 0.660672 0.371080
v -0.072783 0.654014 0.375406
v -0.068160 0.656954 0.373989
v -0.080040 0.651280 0.376634
v -0.076744 0.652122 0.376290
v 0.006307 0.838734 0.284456
v 0.011418 0.834774 0.283120
v 0.005218 0.839176 0.281101
v -0.001982 0.825788 0.312871
v 0.004027 0.826057 0.306064
v -0.000038 0.827230 0.306905
v -0.013583 0.824593 0.320755
v -0.008723 0.822974 0.321706
v -0.007363 0.825010 0.318436
v -0.011980 0.826679 0.317602
v -0.021462 0.817167 0.330802
v -0.013925 0.811367 0.334162
v -0.011126 0.818463 0.326886
v -0.016724 0.821753 0.324768
v -0.032678 0.798696 0.342365
v -0.026259 0.796087 0.343240
v -0.018937 0.803850 0.339660
v -0.026622 0.808971 0.337017
v -0.076343 0.655627 0.384237
v -0.076518 0.654469 0.382765
v -0.072779 0.655882 0.381755
v -0.072555 0.656827 0.383071
v -0.087541 0.651270 0.375455
v -0.083639 0.650996 0.376355
v -0.068529 0.742895 0.372683
v -0.065288 0.742624 0.373160
v -0.058939 0.757708 0.364115
v -0.062533 0.757656 0.363598
v -0.049767 0.778099 0.351862
v -0.053734 0.779306 0.350824
v -0.057601 0.769793 0.356312
v -0.053766 0.769532 0.357015
v -0.043080 0.791870 0.345748
v -0.048301 0.793443 0.344747
v -0.050635 0.787189 0.346970
v -0.046204 0.785544 0.348106
v 0.008659 0.839804 0.288314
v 0.010135 0.844104 0.293787
v 0.015741 0.840889 0.293592
v 0.013925 0.836092 0.287359
v 0.017353 0.831350 0.288699
v 0.019819 0.836294 0.294516
v 0.022397 0.830315 0.296562
v 0.018905 0.825600 0.292339
v 0.018275 0.822248 0.296783
v 0.022171 0.826752 0.300285
v 0.019141 0.825623 0.305673
v 0.015439 0.821309 0.302024
v 0.012657 0.822504 0.304766
v 0.015870 0.826590 0.308354
v 0.012378 0.829644 0.308331
v 0.009901 0.825874 0.305008
v 0.006400 0.828540 0.305504
v 0.008351 0.832969 0.308589
v 0.003794 0.836536 0.309144
v 0.002156 0.830515 0.306242
v -0.007310 0.837108 0.308515
v -0.005986 0.842155 0.311283
v -0.003922 0.843544 0.306364
v -0.005335 0.838689 0.303346
v -0.001701 0.840003 0.297791
v -0.000338 0.844599 0.301408
v 0.004765 0.845328 0.296403
v 0.003444 0.841096 0.291801
v 0.011770 0.849002 0.299820
v 0.013564 0.854497 0.306410
v 0.018101 0.852121 0.307270
v 0.017115 0.846239 0.300231
v 0.021302 0.842105 0.301188
v 0.021791 0.848781 0.308716
v 0.024612 0.844500 0.310746
v 0.024307 0.836605 0.302698
v 0.024306 0.833257 0.306014
v 0.024654 0.841770 0.313975
v 0.021877 0.840626 0.318395
v 0.021291 0.832060 0.311130
v 0.017913 0.832940 0.313491
v 0.018775 0.841586 0.320167
v 0.015301 0.844695 0.319286
v 0.014175 0.835933 0.313083
v 0.010161 0.839279 0.312984
v 0.011830 0.847478 0.318684
v 0.008330 0.849953 0.318358
v 0.005853 0.843022 0.313180
v -0.003228 0.847487 0.314688
v 0.000839 0.853130 0.318700
v 0.002335 0.854137 0.315055
v -0.001369 0.848695 0.310267
v 0.001940 0.849562 0.305956
v 0.005137 0.854891 0.311430
v 0.009233 0.855424 0.307797
v 0.006695 0.850108 0.301732
v 0.014941 0.859420 0.313025
v 0.015894 0.863765 0.319667
v 0.018372 0.862721 0.320187
v 0.018511 0.857611 0.313926
v 0.021527 0.855122 0.315405
v 0.020560 0.861115 0.321249
v 0.022488 0.858923 0.322864
v 0.024007 0.851939 0.317464
v 0.024014 0.849855 0.320240
v 0.022405 0.857503 0.324811
v 0.020310 0.856855 0.327090
v 0.021557 0.848887 0.323713
v 0.018895 0.849767 0.324961
v 0.018289 0.857491 0.327861
v 0.016299 0.859427 0.327125
v 0.016017 0.852535 0.323959
v 0.013409 0.853449 0.322722
v 0.014147 0.859929 0.326015
v 0.010327 0.855274 0.322145
v 0.005104 0.858175 0.322566
v 0.009570 0.862630 0.326279
v 0.010404 0.863176 0.324476
v 0.006260 0.858965 0.319792
v 0.008402 0.859595 0.316957
v 0.011766 0.863674 0.322524
v 0.013683 0.864087 0.320447
v 0.011563 0.860084 0.314034
v -0.004150 0.828263 0.308648
v -0.009659 0.830255 0.309688
v -0.010720 0.828591 0.313864
v -0.005796 0.826763 0.314097
v -0.000616 0.839107 0.310499
v -0.004877 0.840677 0.312659
v -0.006143 0.835102 0.310000
v -0.002054 0.832709 0.307731
v 0.004960 0.851544 0.318781
v 0.001722 0.852266 0.319940
v -0.002187 0.846384 0.315994
v 0.001735 0.845384 0.314187
v 0.012594 0.861578 0.326645
v 0.010307 0.862078 0.327014
v 0.005885 0.857497 0.323614
v 0.008586 0.856943 0.322933
v 0.018740 0.817419 0.284167
v 0.019990 0.806718 0.268245
v 0.020307 0.810984 0.266031
v 0.016880 0.866468 0.324039
v 0.017895 0.867523 0.326143
v 0.019047 0.867128 0.326334
v 0.018553 0.865894 0.324321
v 0.020094 0.864877 0.325066
v 0.020103 0.866438 0.326847
v 0.021070 0.865452 0.327681
v 0.021496 0.863433 0.326266
v 0.021381 0.862496 0.327593
v 0.020970 0.864810 0.328596
v 0.019828 0.864485 0.329606
v 0.019727 0.862058 0.329053
v 0.018246 0.862490 0.329519
v 0.018798 0.864764 0.329930
v 0.017877 0.865645 0.329568
v 0.016919 0.863802 0.328991
v 0.015340 0.864683 0.328815
v 0.016798 0.866255 0.329447
v 0.015520 0.866599 0.329573
v 0.013515 0.865133 0.328987
v 0.012883 0.865543 0.328499
v 0.015115 0.866883 0.329237
v 0.015513 0.867134 0.328436
v 0.013482 0.865913 0.327349
v 0.014348 0.866260 0.326056
v 0.016132 0.867369 0.327539
v 0.016924 0.867602 0.326546
v 0.015460 0.866595 0.324617
v 0.007815 0.821640 0.306337
v 0.006633 0.816319 0.313156
v 0.010031 0.814666 0.307911
v -0.080145 0.660687 0.388612
v -0.080080 0.664046 0.390761
v -0.084434 0.664035 0.389734
v -0.084526 0.661025 0.387708
v -0.072631 0.661996 0.387384
v -0.072826 0.665238 0.389508
v -0.076212 0.664446 0.390685
v -0.076180 0.661011 0.388505
v -0.064675 0.669147 0.380412
v -0.065294 0.671606 0.382684
v -0.069187 0.667624 0.386840
v -0.068796 0.664708 0.384686
v -0.054517 0.683684 0.364891
v -0.056105 0.684890 0.368813
v -0.060905 0.677401 0.376610
v -0.059874 0.675530 0.373717
v -0.047024 0.689123 0.348546
v -0.046623 0.690256 0.349041
v -0.049682 0.688675 0.355422
v -0.047692 0.686359 0.338398
v -0.048641 0.684235 0.338405
v -0.047707 0.686301 0.335275
v -0.046856 0.687575 0.336589
v -0.080269 0.656937 0.385893
v -0.080200 0.658692 0.387229
v -0.084559 0.659201 0.386425
v -0.084567 0.657559 0.385211
v -0.072511 0.658247 0.384435
v -0.072548 0.660025 0.385930
v -0.076197 0.658966 0.387064
v -0.076251 0.657167 0.385635
v -0.063758 0.666293 0.376966
v -0.064233 0.667650 0.378758
v -0.068559 0.662920 0.383162
v -0.068347 0.661290 0.381546
v -0.052404 0.682285 0.360049
v -0.053525 0.682975 0.362559
v -0.059175 0.674397 0.371786
v -0.058396 0.673356 0.369690
v -0.046794 0.687259 0.348434
v -0.047169 0.688157 0.348394
v -0.049197 0.687854 0.354080
v -0.048375 0.687063 0.352963
v -0.047110 0.686498 0.342487
v -0.046818 0.687016 0.341222
v -0.046073 0.687912 0.344380
v -0.046390 0.687138 0.345497
v -0.048908 0.683450 0.340292
v -0.047900 0.685984 0.339642
v -0.047817 0.685432 0.340971
v 0.017624 0.867838 0.328075
v 0.016887 0.867779 0.328678
v 0.016661 0.867474 0.329470
v 0.017549 0.867315 0.329196
v -0.002206 0.839877 0.285124
v 0.001362 0.839892 0.285305
v -0.000976 0.840778 0.280101
v -0.087355 0.654513 0.380445
v -0.089188 0.655046 0.379778
v -0.087648 0.656518 0.383268
v -0.089619 0.656903 0.382540
v -0.089445 0.655661 0.381158
v -0.087504 0.655177 0.381849
v -0.087729 0.659674 0.385659
v -0.089709 0.660112 0.384931
v -0.089686 0.658423 0.383761
v -0.087705 0.658055 0.384499
v -0.087511 0.664231 0.388857
v -0.087521 0.666958 0.390499
v -0.089399 0.667332 0.389610
v -0.089404 0.664651 0.388101
v -0.088903 0.673351 0.391235
v -0.089414 0.670090 0.390741
v -0.087299 0.669628 0.391692
v -0.086806 0.672853 0.392241
v -0.085452 0.687592 0.397392
v -0.087688 0.687685 0.396566
v -0.088031 0.682773 0.394525
v -0.085795 0.682539 0.395299
v -0.082846 0.697989 0.397980
v -0.085402 0.698272 0.396833
v -0.086777 0.692877 0.397247
v -0.084424 0.692778 0.398171
v -0.078711 0.709379 0.393770
v -0.081571 0.709854 0.392647
v -0.083666 0.703932 0.395299
v -0.080942 0.703522 0.396512
v -0.075752 0.716607 0.389323
v -0.078743 0.717192 0.388480
v -0.080160 0.713698 0.390733
v -0.077198 0.713199 0.391722
v -0.070348 0.730280 0.380686
v -0.073411 0.730722 0.380160
v -0.077180 0.721135 0.386030
v -0.074120 0.720676 0.386694
v -0.007701 0.832428 0.308806
v -0.008860 0.831444 0.307937
v -0.003761 0.829634 0.306466
v -0.006637 0.835898 0.301226
v -0.007492 0.835108 0.300114
v -0.009148 0.833385 0.305842
v -0.008421 0.834106 0.306682
v -0.086393 0.675869 0.392905
v -0.086105 0.678633 0.393794
v -0.088309 0.678985 0.392990
v -0.088527 0.676325 0.391963
v -0.076521 0.681367 0.397955
v -0.076751 0.682570 0.398378
v -0.078040 0.681716 0.398277
v -0.077710 0.680400 0.397916
v -0.056436 0.671377 0.359945
v -0.053563 0.675701 0.353978
v -0.013555 0.707230 0.285932
v -0.009074 0.715012 0.277863
v -0.006993 0.722362 0.292178
v -0.013110 0.710394 0.299910
v -0.017889 0.722380 0.322184
v -0.020526 0.720536 0.324264
v -0.021078 0.712095 0.317219
v -0.017883 0.713053 0.315469
v -0.028504 0.748274 0.345999
v -0.030378 0.746212 0.346615
v -0.028753 0.739148 0.344156
v -0.026344 0.740760 0.343481
v -0.076907 0.674825 0.395682
v -0.076472 0.670958 0.394288
v -0.073227 0.670947 0.393065
v -0.073502 0.673722 0.394520
v -0.080404 0.674677 0.395405
v -0.083926 0.673335 0.393511
v -0.084215 0.669780 0.392879
v -0.080138 0.670568 0.394233
v -0.080481 0.680056 0.397110
v -0.083490 0.678993 0.395155
v -0.083719 0.676376 0.394363
v -0.080507 0.677849 0.396334
v -0.044787 0.802188 0.340331
v -0.038854 0.800731 0.341397
v -0.033998 0.812280 0.334971
v -0.040097 0.813475 0.333687
v -0.058339 0.666771 0.358854
v -0.063471 0.659684 0.356485
v -0.062263 0.662523 0.352551
v -0.056114 0.670441 0.353650
v -0.066840 0.658101 0.351558
v -0.067620 0.655605 0.354687
v -0.070790 0.654532 0.353469
v -0.069848 0.657173 0.350675
v -0.078443 0.655177 0.349986
v -0.077211 0.657730 0.347433
v -0.073304 0.657050 0.349300
v -0.074396 0.654388 0.351901
v -0.047067 0.691751 0.351170
v -0.047851 0.693242 0.355416
v -0.051116 0.689874 0.360450
v -0.050104 0.688997 0.357332
v -0.033656 0.769017 0.350097
v -0.036621 0.773912 0.350918
v -0.040300 0.768186 0.354783
v -0.036284 0.765243 0.352874
v -0.026942 0.778797 0.343155
v -0.023949 0.785647 0.344991
v -0.031363 0.779986 0.347254
v -0.066386 0.675904 0.386676
v -0.066923 0.677943 0.388597
v -0.070174 0.674762 0.392158
v -0.069865 0.672595 0.390528
v -0.060556 0.687676 0.379649
v -0.061952 0.688662 0.383096
v -0.064182 0.682577 0.385576
v -0.063284 0.680932 0.383049
v -0.024302 0.788298 0.345737
v -0.027411 0.789104 0.345880
v -0.034168 0.781731 0.349118
v -0.080017 0.667403 0.392906
v -0.084341 0.667044 0.391758
v -0.073023 0.668479 0.391631
v -0.076244 0.667881 0.392866
v -0.065913 0.674065 0.384958
v -0.069578 0.670540 0.388995
v -0.058838 0.686594 0.375456
v -0.062328 0.679421 0.380434
v -0.052593 0.691104 0.365378
v -0.049698 0.695433 0.361455
v -0.045450 0.688327 0.339118
v -0.044549 0.689622 0.342784
v -0.045449 0.688708 0.343484
v -0.046254 0.687591 0.340106
v -0.035495 0.697284 0.325028
v -0.033801 0.699910 0.329281
v -0.040105 0.693257 0.337907
v -0.041214 0.691627 0.334311
v -0.044870 0.702034 0.355323
v -0.037960 0.710784 0.347109
v -0.031537 0.718313 0.340249
v -0.025325 0.724847 0.334303
v -0.018110 0.731640 0.328591
v -0.023402 0.736302 0.338160
v -0.026223 0.734524 0.339184
v -0.020617 0.729457 0.330359
v -0.006298 0.748522 0.317690
v -0.007299 0.756732 0.324948
v -0.018331 0.741071 0.335135
v -0.014627 0.735092 0.326374
v -0.089485 0.662363 0.386554
v -0.087700 0.661865 0.387172
v -0.022155 0.778595 0.332495
v -0.023143 0.782022 0.334836
v -0.019446 0.786605 0.336930
v -0.015590 0.789550 0.337382
v -0.011469 0.790924 0.336002
v -0.007556 0.790825 0.333277
v -0.003931 0.789284 0.329362
v -0.001805 0.787899 0.324898
v -0.000788 0.786249 0.320502
v -0.001857 0.783096 0.319807
v -0.004649 0.778258 0.322618
v -0.007992 0.775671 0.325395
v -0.011721 0.775509 0.327496
v -0.016447 0.776466 0.329897
v -0.028944 0.706590 0.324769
v -0.040958 0.695436 0.340663
v -0.034275 0.702350 0.331825
v -0.025185 0.771737 0.342613
v -0.022638 0.774074 0.340125
v -0.003656 0.837281 0.296614
v 0.018586 0.866892 0.329117
v 0.019407 0.866232 0.329472
v 0.020184 0.866463 0.328723
v 0.019547 0.867237 0.327957
v 0.018628 0.867525 0.327972
v 0.018204 0.823043 0.286988
v 0.018505 0.819836 0.290476
v 0.001699 0.838852 0.288935
v 0.000944 0.839150 0.270632
v -0.033362 0.761168 0.350295
v -0.020835 0.767125 0.339150
v -0.025768 0.761633 0.343776
v -0.043523 0.693055 0.343374
v -0.046017 0.690142 0.346914
v 0.011839 0.811946 0.302530
v 0.006118 0.751452 0.259251
v -0.002094 0.727443 0.260674
v -0.004178 0.726426 0.256344
v 0.001010 0.738608 0.255901
v 0.001867 0.737657 0.258725
v -0.010744 0.712902 0.271934
v -0.013312 0.712105 0.266677
v -0.008894 0.718136 0.260379
v -0.006357 0.719609 0.265325
v -0.016904 0.707613 0.274263
v -0.032299 0.699932 0.313465
v -0.052538 0.679307 0.341128
v 0.015781 0.830278 0.282628
v 0.016451 0.828645 0.283499
v 0.014755 0.816093 0.296057
v 0.012180 0.813975 0.299238
v 0.013318 0.782964 0.265021
v 0.014836 0.783577 0.261207
v 0.005331 0.755222 0.250836
v 0.009534 0.767683 0.257214
v -0.004931 0.837354 0.294021
v -0.034283 0.752245 0.350262
v -0.029801 0.757837 0.346205
v -0.029108 0.767096 0.345219
v -0.012483 0.709770 0.277291
v 0.003278 0.834241 0.254262
v 0.017747 0.818524 0.292170
v -0.016492 0.776798 0.329621
v -0.022064 0.778876 0.332158
v -0.023029 0.782220 0.334442
v -0.019419 0.786692 0.336487
v -0.015656 0.789569 0.336928
v -0.011633 0.790909 0.335582
v -0.007814 0.790813 0.332921
v -0.004276 0.789308 0.329099
v -0.002200 0.787958 0.324744
v -0.001208 0.786346 0.320452
v -0.002251 0.783270 0.319774
v -0.004977 0.778547 0.322519
v -0.008240 0.776021 0.325229
v -0.011880 0.775863 0.327279
v -0.010339 0.831622 0.310288
v -0.011645 0.829952 0.314260
v -0.013106 0.827897 0.317939
v -0.015237 0.825623 0.321129
v -0.018328 0.823209 0.324385
v -0.023993 0.819557 0.329459
v -0.027480 0.819252 0.329874
v -0.031905 0.819410 0.330954
v -0.037556 0.820279 0.329870
v 0.009635 0.756444 0.245417
v 0.006544 0.825667 0.237980
v 0.009235 0.821509 0.239935
v 0.010229 0.812224 0.222309
v 0.007734 0.816082 0.220214
v 0.011640 0.818291 0.241623
v 0.013868 0.816141 0.242952
v 0.014820 0.805990 0.225773
v 0.012536 0.808783 0.224215
v 0.020496 0.806671 0.245899
v 0.022057 0.796717 0.231010
v 0.018120 0.802040 0.228009
v 0.016939 0.812337 0.244330
v 0.024230 0.791595 0.233902
v 0.022576 0.801201 0.247444
v 0.022131 0.794833 0.249019
v 0.007715 0.755887 0.247994
v 0.017631 0.773123 0.242929
v 0.021066 0.778727 0.240011
v 0.020319 0.790194 0.252146
v 0.012073 0.767627 0.251348
v 0.014324 0.769136 0.247191
v 0.017118 0.786122 0.256974
v 0.010561 0.766994 0.254311
v 0.004970 0.827190 0.237199
v 0.006292 0.817601 0.219372
v -0.004081 0.835551 0.231676
v 0.000906 0.834593 0.233127
v 0.003347 0.825036 0.215286
v -0.001080 0.825956 0.213986
v -0.027155 0.829251 0.329969
v -0.034390 0.831361 0.328618
v -0.036653 0.823264 0.329740
v -0.030624 0.822685 0.330886
v -0.020453 0.838824 0.321757
v -0.028997 0.841556 0.319559
v -0.031882 0.837503 0.325186
v -0.023843 0.834732 0.326973
v -0.016318 0.843996 0.312487
v -0.024926 0.846675 0.310044
v -0.026701 0.844618 0.314504
v -0.018005 0.841925 0.316909
v -0.001378 0.841981 0.250114
v -0.007286 0.843408 0.248179
v -0.010839 0.849461 0.265366
v -0.004274 0.847419 0.267456
v -0.018934 0.850156 0.293037
v -0.022351 0.848535 0.302877
v -0.014430 0.845964 0.305296
v -0.011350 0.847590 0.295665
v 0.006213 0.819630 0.218371
v 0.005755 0.822911 0.216747
v 0.003806 0.832497 0.234643
v 0.004716 0.829320 0.236218
v 0.002828 0.836676 0.253207
v 0.001686 0.839827 0.251762
v -0.000952 0.844900 0.268959
v 0.000357 0.841725 0.269832
v -0.007352 0.837515 0.299064
v -0.007272 0.843670 0.297663
v -0.009500 0.841509 0.306469
v -0.009450 0.835575 0.305784
v -0.019213 0.824937 0.325074
v -0.022142 0.828188 0.329075
v -0.025642 0.822155 0.329727
v -0.014137 0.829873 0.318798
v -0.015055 0.834842 0.321644
v -0.018478 0.831279 0.326095
v -0.016636 0.827352 0.322260
v -0.010860 0.833699 0.311195
v -0.011096 0.839564 0.313038
v -0.012780 0.837641 0.317233
v -0.012361 0.832033 0.315055
v -0.013811 0.851727 0.277341
v -0.016087 0.851221 0.284526
v -0.008723 0.848698 0.287154
v -0.006649 0.849311 0.279730
v -0.005220 0.845579 0.289385
v -0.005354 0.838984 0.294002
v -0.003095 0.841478 0.286109
v -0.001436 0.843163 0.279826
v -0.003122 0.846681 0.280406
v 0.072242 0.395139 -0.242141
v 0.070271 0.377972 -0.260009
v 0.080017 0.381104 -0.259790
v 0.081140 0.399445 -0.243450
v 0.020777 0.384988 -0.251416
v 0.008441 0.373067 -0.302391
v 0.013968 0.369535 -0.305717
v 0.017424 0.377400 -0.279129
v 0.011509 0.380390 -0.274611
v 0.008138 0.373783 -0.333462
v 0.013238 0.369450 -0.335282
v 0.012627 0.366935 -0.324153
v 0.007451 0.370923 -0.321785
v 0.010809 0.380693 -0.356189
v 0.015358 0.375038 -0.356736
v 0.013868 0.372274 -0.346132
v 0.009318 0.377008 -0.344911
v 0.019130 0.385506 -0.371653
v 0.031643 0.382246 -0.254309
v 0.046343 0.377576 -0.257507
v 0.023830 0.381736 -0.375852
v 0.032148 0.405068 -0.395175
v 0.065529 0.392269 -0.242184
v 0.062771 0.375522 -0.260043
v 0.055778 0.375352 -0.259468
v 0.038919 0.409750 -0.400605
v 0.113567 0.446940 -0.319616
v 0.109745 0.451089 -0.341425
v 0.109821 0.478831 -0.332177
v 0.114098 0.471830 -0.308077
v 0.087782 0.454699 -0.377172
v 0.087854 0.485052 -0.370939
v 0.099759 0.482875 -0.356010
v 0.100583 0.453140 -0.361843
v 0.077438 0.456626 -0.396944
v 0.069995 0.456075 -0.402775
v 0.066589 0.488576 -0.399823
v 0.074408 0.488150 -0.394138
v 0.061180 0.455282 -0.404414
v 0.053852 0.454366 -0.405763
v 0.093752 0.425256 -0.237315
v 0.102815 0.429072 -0.249334
v 0.032776 0.384983 -0.389601
v 0.060992 0.414970 -0.403924
v 0.059721 0.388593 -0.399715
v 0.052885 0.388155 -0.399819
v 0.054062 0.413673 -0.404412
v 0.099005 0.417634 -0.365046
v 0.096331 0.389772 -0.362077
v 0.086147 0.390120 -0.374633
v 0.087243 0.418195 -0.379011
v 0.111273 0.416757 -0.328000
v 0.108343 0.389551 -0.331490
v 0.104155 0.389525 -0.346710
v 0.107584 0.416652 -0.346533
v 0.105298 0.413749 -0.283937
v 0.103696 0.390459 -0.295773
v 0.107282 0.390116 -0.314596
v 0.108645 0.416229 -0.307514
v 0.113096 0.441420 -0.295669
v 0.114384 0.462400 -0.281825
v 0.111775 0.455326 -0.256468
v 0.109714 0.433786 -0.268928
v 0.100583 0.410145 -0.265149
v 0.089996 0.406609 -0.250160
v 0.090670 0.384939 -0.265813
v 0.099209 0.388564 -0.279438
v 0.046696 0.411913 -0.403289
v 0.046063 0.387444 -0.398245
v 0.039191 0.386478 -0.395091
v 0.069671 0.416020 -0.402486
v 0.077260 0.417353 -0.396636
v 0.077587 0.389480 -0.390809
v 0.068903 0.388843 -0.397860
v 0.083948 0.390075 -0.378046
v 0.084270 0.418130 -0.383250
v 0.084991 0.455170 -0.381484
v 0.084878 0.485691 -0.375362
v 0.066332 0.344350 -0.395025
v 0.073133 0.342348 -0.389874
v 0.069491 0.327499 -0.395548
v 0.063047 0.328721 -0.399968
v 0.083528 0.325019 -0.381893
v 0.078810 0.326030 -0.388792
v 0.087241 0.337940 -0.370399
v 0.090333 0.336898 -0.362345
v 0.094103 0.335947 -0.350398
v 0.095510 0.334955 -0.336300
v 0.092782 0.320106 -0.348748
v 0.090886 0.322073 -0.360940
v 0.092223 0.333630 -0.324357
v 0.084401 0.331879 -0.313026
v 0.082071 0.314890 -0.330008
v 0.089791 0.317789 -0.338916
v 0.075528 0.289028 -0.356680
v 0.081699 0.292451 -0.364189
v 0.086147 0.304051 -0.352103
v 0.079054 0.300605 -0.344515
v 0.083528 0.299709 -0.379495
v 0.087437 0.309880 -0.370218
v 0.088937 0.307125 -0.360562
v 0.084246 0.295987 -0.371674
v 0.076573 0.305253 -0.394148
v 0.081565 0.313778 -0.387080
v 0.085150 0.312581 -0.380877
v 0.081499 0.302949 -0.386987
v 0.068311 0.307174 -0.401979
v 0.072950 0.315547 -0.397542
v 0.077167 0.314939 -0.393865
v 0.072464 0.306650 -0.399340
v 0.059540 0.308548 -0.406726
v 0.061362 0.316628 -0.402977
v 0.065855 0.315921 -0.400084
v 0.063088 0.307643 -0.404157
v 0.060095 0.297909 -0.407317
v 0.056746 0.286137 -0.411317
v 0.054337 0.288230 -0.415975
v 0.057141 0.298997 -0.410629
v 0.067757 0.296390 -0.402436
v 0.059660 0.284554 -0.407597
v 0.063946 0.297058 -0.404970
v 0.075912 0.292319 -0.392676
v 0.069741 0.280804 -0.397238
v 0.063839 0.282977 -0.403984
v 0.071047 0.294795 -0.398663
v 0.078901 0.285226 -0.380120
v 0.073011 0.274810 -0.385845
v 0.072571 0.278035 -0.390988
v 0.078480 0.289103 -0.386443
v 0.071519 0.278228 -0.366737
v 0.066934 0.268155 -0.374476
v 0.071132 0.271520 -0.380348
v 0.076692 0.281620 -0.373651
v 0.064048 0.250857 -0.383750
v 0.069511 0.253800 -0.390368
v 0.068681 0.262295 -0.385718
v 0.064420 0.259136 -0.380041
v 0.069966 0.260236 -0.400532
v 0.069689 0.268373 -0.395557
v 0.070513 0.265469 -0.391015
v 0.071487 0.257036 -0.395928
v 0.065716 0.264218 -0.406735
v 0.058687 0.269191 -0.414545
v 0.059712 0.273935 -0.409223
v 0.066104 0.271152 -0.401670
v 0.052028 0.278822 -0.421427
v 0.055009 0.276629 -0.415590
v 0.054393 0.272183 -0.421694
v 0.051705 0.273409 -0.427019
v 0.038976 0.342359 -0.382520
v 0.041819 0.344259 -0.390400
v 0.042724 0.328846 -0.394951
v 0.040372 0.327675 -0.387792
v 0.036589 0.340402 -0.374548
v 0.038264 0.326394 -0.380762
v 0.036411 0.324998 -0.373887
v 0.034695 0.338382 -0.366089
v 0.030902 0.335971 -0.349092
v 0.032810 0.336898 -0.357564
v 0.033949 0.323811 -0.366529
v 0.030861 0.322536 -0.358600
v 0.033163 0.335370 -0.328561
v 0.031040 0.335490 -0.339442
v 0.029996 0.321256 -0.349701
v 0.031319 0.320334 -0.340055
v 0.047735 0.332781 -0.309816
v 0.038716 0.334566 -0.318747
v 0.036642 0.318594 -0.332336
v 0.046060 0.315441 -0.325709
v 0.044621 0.300893 -0.339387
v 0.035526 0.304514 -0.344479
v 0.035391 0.292617 -0.355828
v 0.043533 0.289171 -0.351181
v 0.031038 0.295747 -0.360732
v 0.030589 0.307225 -0.350891
v 0.029776 0.309023 -0.358619
v 0.030473 0.298559 -0.365892
v 0.031999 0.301298 -0.372466
v 0.031198 0.310818 -0.366341
v 0.034867 0.312618 -0.374080
v 0.035609 0.303967 -0.380466
v 0.037696 0.305711 -0.386609
v 0.037409 0.313924 -0.380671
v 0.038834 0.314891 -0.386164
v 0.038271 0.306417 -0.390866
v 0.039452 0.307371 -0.396064
v 0.040557 0.315841 -0.392201
v 0.042567 0.316786 -0.398793
v 0.041237 0.308599 -0.402230
v 0.039771 0.298926 -0.406752
v 0.038172 0.287716 -0.412279
v 0.037623 0.284299 -0.406340
v 0.038473 0.296950 -0.400814
v 0.037779 0.295677 -0.396625
v 0.037354 0.282844 -0.402483
v 0.037675 0.295098 -0.393566
v 0.036024 0.293546 -0.388061
v 0.036086 0.281358 -0.396872
v 0.033558 0.279586 -0.387537
v 0.032800 0.290884 -0.379528
v 0.031478 0.287956 -0.373315
v 0.032786 0.277221 -0.380905
v 0.033809 0.274263 -0.376970
v 0.032090 0.284757 -0.369417
v 0.035943 0.281497 -0.365395
v 0.037285 0.271158 -0.373208
v 0.043203 0.267910 -0.369630
v 0.043027 0.278175 -0.361251
v 0.042711 0.258763 -0.375413
v 0.036605 0.261476 -0.378797
v 0.033986 0.252348 -0.382749
v 0.041694 0.250160 -0.378860
v 0.029609 0.254985 -0.386780
v 0.032946 0.264459 -0.382659
v 0.031753 0.267361 -0.386842
v 0.028498 0.258245 -0.391288
v 0.032366 0.269953 -0.393888
v 0.034760 0.272374 -0.403764
v 0.032254 0.267927 -0.408670
v 0.029380 0.262516 -0.398587
v 0.033133 0.272946 -0.422748
v 0.032983 0.271297 -0.416971
v 0.036016 0.275307 -0.411556
v 0.036060 0.278273 -0.417815
v 0.058319 0.329430 -0.402012
v 0.054120 0.329665 -0.401802
v 0.054804 0.345789 -0.397304
v 0.059460 0.345503 -0.396969
v 0.077006 0.330730 -0.306532
v 0.070075 0.330085 -0.305146
v 0.068122 0.311966 -0.323033
v 0.074844 0.312952 -0.324720
v 0.072243 0.298304 -0.339819
v 0.065712 0.297144 -0.338004
v 0.063000 0.285567 -0.350481
v 0.069386 0.286753 -0.352202
v 0.066155 0.276017 -0.362561
v 0.060435 0.274950 -0.360953
v 0.058123 0.265433 -0.369519
v 0.062659 0.266112 -0.370911
v 0.060330 0.257515 -0.376576
v 0.056387 0.257002 -0.375186
v 0.055395 0.248708 -0.378120
v 0.059350 0.249168 -0.379615
v 0.048154 0.274219 -0.429676
v 0.043423 0.274496 -0.429284
v 0.044903 0.280359 -0.424554
v 0.048680 0.280034 -0.424431
v 0.050827 0.289647 -0.418621
v 0.047103 0.289965 -0.418722
v 0.049653 0.300530 -0.413595
v 0.053478 0.300274 -0.413785
v 0.055798 0.309425 -0.409153
v 0.051543 0.309715 -0.409065
v 0.053081 0.317601 -0.405528
v 0.057210 0.317323 -0.405495
v 0.045433 0.317376 -0.402975
v 0.049163 0.317630 -0.404726
v 0.047609 0.309705 -0.408115
v 0.043941 0.309372 -0.406247
v 0.042196 0.300092 -0.410662
v 0.045796 0.300491 -0.412588
v 0.043572 0.289953 -0.417875
v 0.040156 0.289529 -0.416099
v 0.037830 0.279946 -0.421858
v 0.041281 0.280327 -0.423686
v 0.039421 0.274469 -0.428323
v 0.035127 0.274102 -0.426561
v 0.047519 0.248937 -0.376983
v 0.051451 0.248632 -0.377243
v 0.052256 0.256944 -0.374299
v 0.047929 0.257343 -0.373920
v 0.048588 0.266015 -0.368103
v 0.053433 0.265401 -0.368582
v 0.054827 0.274938 -0.359900
v 0.049325 0.275988 -0.359421
v 0.050658 0.286828 -0.349046
v 0.056758 0.285590 -0.349423
v 0.059128 0.297189 -0.337026
v 0.052489 0.298451 -0.336903
v 0.054265 0.313263 -0.322336
v 0.061264 0.312068 -0.322235
v 0.063014 0.330274 -0.304614
v 0.055822 0.331301 -0.304941
v 0.045543 0.345392 -0.395150
v 0.050168 0.345781 -0.396725
v 0.049982 0.329692 -0.401005
v 0.045919 0.329519 -0.399370
v 0.087053 0.348481 -0.296701
v 0.094586 0.350169 -0.309443
v 0.097319 0.368288 -0.294537
v 0.090033 0.365100 -0.281853
v 0.098034 0.351433 -0.335199
v 0.102359 0.369597 -0.323837
v 0.101074 0.369713 -0.308743
v 0.098530 0.351368 -0.322320
v 0.089208 0.353185 -0.360918
v 0.096724 0.370310 -0.351907
v 0.101373 0.369872 -0.337556
v 0.095358 0.351956 -0.347880
v 0.068287 0.358855 -0.393418
v 0.069395 0.371991 -0.394663
v 0.077890 0.371807 -0.387304
v 0.076322 0.356966 -0.386584
v 0.020059 0.364010 -0.348549
v 0.028277 0.350234 -0.351575
v 0.027044 0.349065 -0.342834
v 0.019026 0.361830 -0.339620
v 0.020161 0.362956 -0.324263
v 0.027808 0.349327 -0.330997
v 0.030505 0.350902 -0.315975
v 0.023435 0.367313 -0.302768
v 0.047643 0.349019 -0.294442
v 0.045684 0.364074 -0.281279
v 0.031938 0.367692 -0.288440
v 0.037115 0.350836 -0.303816
v 0.080362 0.362959 -0.275572
v 0.070347 0.361935 -0.275513
v 0.070732 0.346694 -0.289210
v 0.078903 0.347443 -0.290019
v 0.039055 0.358199 -0.387244
v 0.034500 0.356545 -0.378569
v 0.026522 0.370764 -0.376036
v 0.034180 0.371125 -0.385998
v 0.062241 0.361290 -0.276237
v 0.055324 0.361844 -0.277582
v 0.056344 0.347677 -0.289501
v 0.063217 0.346798 -0.289017
v 0.041120 0.371504 -0.392505
v 0.047357 0.371891 -0.395314
v 0.049289 0.359587 -0.394662
v 0.043964 0.359222 -0.392738
v 0.053777 0.372138 -0.396756
v 0.060385 0.372215 -0.396675
v 0.060125 0.359764 -0.395239
v 0.054674 0.359771 -0.395511
v 0.029715 0.352055 -0.360543
v 0.021104 0.366482 -0.357537
v 0.022159 0.369222 -0.366608
v 0.031376 0.354499 -0.369712
v 0.067515 0.315760 -0.399273
v 0.064326 0.307315 -0.403472
v 0.061172 0.297598 -0.406402
v 0.057596 0.285550 -0.410001
v 0.083630 0.371519 -0.374298
v 0.088239 0.323731 -0.371895
v 0.072561 0.326650 -0.392494
v 0.080901 0.355340 -0.376421
v 0.078543 0.339844 -0.380855
v 0.081541 0.338410 -0.376209
v 0.089752 0.370945 -0.365292
v 0.028601 0.246825 -0.392195
v 0.033069 0.244031 -0.387907
v 0.041106 0.241405 -0.383859
v 0.046988 0.239974 -0.381897
v 0.029370 0.255440 -0.403072
v 0.028159 0.250108 -0.396455
v 0.032251 0.266029 -0.420339
v 0.031442 0.261847 -0.412831
v 0.034657 0.269276 -0.429594
v 0.032610 0.268002 -0.425902
v 0.042812 0.269646 -0.432191
v 0.038854 0.269637 -0.431278
v 0.050708 0.239709 -0.382069
v 0.054474 0.239820 -0.382907
v 0.051180 0.268425 -0.430096
v 0.047546 0.269338 -0.432576
v 0.057838 0.263202 -0.418328
v 0.054029 0.267011 -0.425140
v 0.069446 0.252147 -0.405497
v 0.065115 0.257176 -0.411192
v 0.058300 0.240310 -0.384407
v 0.063117 0.242208 -0.388671
v 0.068935 0.245475 -0.395662
v 0.071052 0.248580 -0.401233
v 0.061378 0.097610 -0.454167
v 0.066071 0.096441 -0.447897
v 0.068742 0.094586 -0.441101
v 0.069374 0.093095 -0.433999
v 0.068281 0.092504 -0.428809
v 0.066127 0.091472 -0.424865
v 0.062043 0.090889 -0.421776
v 0.056591 0.090559 -0.418963
v 0.043990 0.090747 -0.417788
v 0.050538 0.090520 -0.417617
v 0.038534 0.090986 -0.418852
v 0.034234 0.091226 -0.420767
v 0.031057 0.091406 -0.426547
v 0.028040 0.091979 -0.434269
v 0.027418 0.093831 -0.441704
v 0.029223 0.095175 -0.448746
v 0.030859 0.095416 -0.454147
v 0.032378 0.095189 -0.457505
v 0.035528 0.095309 -0.460205
v 0.040295 0.095766 -0.462282
v 0.049507 0.096713 -0.463362
v 0.044955 0.096234 -0.463337
v 0.053577 0.097168 -0.461990
v 0.057167 0.097587 -0.459161
v 0.049433 0.102149 -0.461815
v 0.053598 0.102665 -0.460390
v 0.040381 0.101228 -0.460857
v 0.044994 0.101647 -0.461913
v 0.032278 0.100865 -0.455721
v 0.035553 0.100906 -0.458632
v 0.029122 0.100852 -0.446688
v 0.030691 0.101069 -0.452162
v 0.028140 0.100165 -0.432167
v 0.027092 0.100497 -0.439743
v 0.034556 0.099700 -0.418858
v 0.031241 0.099717 -0.424216
v 0.044102 0.099522 -0.415360
v 0.038720 0.099526 -0.416642
v 0.056596 0.099866 -0.416228
v 0.050651 0.099711 -0.415072
v 0.066004 0.100405 -0.421966
v 0.061895 0.099981 -0.418821
v 0.069705 0.102171 -0.431802
v 0.068640 0.101122 -0.425919
v 0.057426 0.103115 -0.457603
v 0.061674 0.103152 -0.452835
v 0.066179 0.103113 -0.446280
v 0.068976 0.102856 -0.439414
v 0.063867 0.247511 -0.415793
v 0.055925 0.253998 -0.420218
v 0.052409 0.258677 -0.426369
v 0.049756 0.261269 -0.431468
v 0.051536 0.230202 -0.426934
v 0.049052 0.232993 -0.432572
v 0.049100 0.249038 -0.433028
v 0.052277 0.245870 -0.428222
v 0.056729 0.241529 -0.423226
v 0.062395 0.236349 -0.417664
v 0.060602 0.225877 -0.419125
v 0.055364 0.228054 -0.422552
v 0.067701 0.230848 -0.407642
v 0.064256 0.222858 -0.409599
v 0.063385 0.224134 -0.414651
v 0.066525 0.232997 -0.412772
v 0.061597 0.226305 -0.395821
v 0.060067 0.219628 -0.398754
v 0.063150 0.221355 -0.404300
v 0.066042 0.228663 -0.401741
v 0.058905 0.171113 -0.411368
v 0.058773 0.153622 -0.414826
v 0.060293 0.153461 -0.418807
v 0.060707 0.171430 -0.415601
v 0.061771 0.153393 -0.428566
v 0.061879 0.172229 -0.425042
v 0.061699 0.171803 -0.420160
v 0.061292 0.153383 -0.423387
v 0.054720 0.154315 -0.436985
v 0.054770 0.173157 -0.432320
v 0.059838 0.172735 -0.429330
v 0.059847 0.153770 -0.433330
v 0.050063 0.155484 -0.444493
v 0.049960 0.174351 -0.440180
v 0.051475 0.173695 -0.435938
v 0.051459 0.154885 -0.440704
v 0.052693 0.137736 -0.446186
v 0.055166 0.122328 -0.452363
v 0.051930 0.122716 -0.454332
v 0.050718 0.138272 -0.449211
v 0.061266 0.137314 -0.437874
v 0.064096 0.123369 -0.442964
v 0.059221 0.122545 -0.448575
v 0.056209 0.137418 -0.442407
v 0.063137 0.137299 -0.426795
v 0.067230 0.123549 -0.430387
v 0.066767 0.123703 -0.436897
v 0.063400 0.137218 -0.432516
v 0.060363 0.137407 -0.417640
v 0.063677 0.122467 -0.419815
v 0.066199 0.123137 -0.424693
v 0.062124 0.137362 -0.421837
v 0.068316 0.112101 -0.426299
v 0.065425 0.111109 -0.421453
v 0.068590 0.112746 -0.439368
v 0.069370 0.112639 -0.432284
v 0.060753 0.110957 -0.451716
v 0.065718 0.112169 -0.445854
v 0.052873 0.110606 -0.457414
v 0.056474 0.110493 -0.455556
v 0.032546 0.252239 -0.416089
v 0.030981 0.246098 -0.408010
v 0.033872 0.260950 -0.427923
v 0.033230 0.257153 -0.422747
v 0.034201 0.244231 -0.424647
v 0.034464 0.248613 -0.429938
v 0.035409 0.232384 -0.429948
v 0.036836 0.229486 -0.424387
v 0.036266 0.227242 -0.419108
v 0.033750 0.225053 -0.413827
v 0.032289 0.235422 -0.410879
v 0.033673 0.239676 -0.418257
v 0.031427 0.232581 -0.404857
v 0.033032 0.223264 -0.408588
v 0.033401 0.221852 -0.403471
v 0.031002 0.230303 -0.399380
v 0.034443 0.228195 -0.394836
v 0.035954 0.220414 -0.398936
v 0.040691 0.218944 -0.394984
v 0.040630 0.225720 -0.391335
v 0.036920 0.170938 -0.411073
v 0.037265 0.152580 -0.414508
v 0.040889 0.152847 -0.411530
v 0.040656 0.170704 -0.407923
v 0.034707 0.152369 -0.418418
v 0.034508 0.171237 -0.414978
v 0.033419 0.171602 -0.419636
v 0.033216 0.152221 -0.423260
v 0.033236 0.152814 -0.428410
v 0.033717 0.172209 -0.424419
v 0.036474 0.172991 -0.429198
v 0.035836 0.154070 -0.433729
v 0.036425 0.154810 -0.438176
v 0.037041 0.173619 -0.433554
v 0.035423 0.174089 -0.437491
v 0.035006 0.155033 -0.441745
v 0.034329 0.137501 -0.446120
v 0.033402 0.121494 -0.450614
v 0.032372 0.120988 -0.447604
v 0.034865 0.137250 -0.442852
v 0.034000 0.136699 -0.438195
v 0.030976 0.120926 -0.442613
v 0.029213 0.121309 -0.435634
v 0.031735 0.135847 -0.432148
v 0.031969 0.135532 -0.426468
v 0.029678 0.121542 -0.429260
v 0.032369 0.121632 -0.423497
v 0.033995 0.135835 -0.421258
v 0.036855 0.136119 -0.417105
v 0.035689 0.121554 -0.418865
v 0.039639 0.121312 -0.415368
v 0.040548 0.136383 -0.414013
v 0.039102 0.109852 -0.416310
v 0.034986 0.110385 -0.419668
v 0.031414 0.110495 -0.424641
v 0.028381 0.110268 -0.431265
v 0.027834 0.109689 -0.438140
v 0.029777 0.108849 -0.445241
v 0.031501 0.108714 -0.450239
v 0.032993 0.109103 -0.453189
v 0.056933 0.225129 -0.392653
v 0.053491 0.224630 -0.391220
v 0.053205 0.218038 -0.393759
v 0.056750 0.218522 -0.395245
v 0.052454 0.170606 -0.406573
v 0.052390 0.153224 -0.410117
v 0.056138 0.153544 -0.411929
v 0.056154 0.170837 -0.408359
v 0.057482 0.137259 -0.414527
v 0.053482 0.136919 -0.412498
v 0.055732 0.121694 -0.413721
v 0.060187 0.121985 -0.416157
v 0.061562 0.110457 -0.417685
v 0.056722 0.110192 -0.415030
v 0.044921 0.109895 -0.458814
v 0.049023 0.110412 -0.458492
v 0.048328 0.122729 -0.455436
v 0.044360 0.122370 -0.455683
v 0.043571 0.138137 -0.450902
v 0.047502 0.138349 -0.450631
v 0.047036 0.155643 -0.446185
v 0.043180 0.155564 -0.446477
v 0.043180 0.174646 -0.442403
v 0.046926 0.174612 -0.442101
v 0.045809 0.234466 -0.435281
v 0.042332 0.234576 -0.435650
v 0.042102 0.251190 -0.435617
v 0.045628 0.250798 -0.435409
v 0.046197 0.262773 -0.433763
v 0.042405 0.263254 -0.433822
v 0.038934 0.263331 -0.433020
v 0.035775 0.263015 -0.431343
v 0.036038 0.250946 -0.433326
v 0.038905 0.251234 -0.434922
v 0.039209 0.234458 -0.435039
v 0.036442 0.234101 -0.433442
v 0.039768 0.174570 -0.441764
v 0.039647 0.155418 -0.445832
v 0.036435 0.155207 -0.444252
v 0.036689 0.174386 -0.440185
v 0.036213 0.137698 -0.448536
v 0.039808 0.137920 -0.450204
v 0.040261 0.122078 -0.454884
v 0.036032 0.121858 -0.453040
v 0.036021 0.109383 -0.455743
v 0.040587 0.109549 -0.457902
v 0.051016 0.109942 -0.413940
v 0.044445 0.109705 -0.414405
v 0.044586 0.121279 -0.413339
v 0.050530 0.121458 -0.412780
v 0.049211 0.136691 -0.411728
v 0.044668 0.136574 -0.412221
v 0.044544 0.170561 -0.406178
v 0.044654 0.153002 -0.409834
v 0.048562 0.153043 -0.409418
v 0.048584 0.170513 -0.405846
v 0.045630 0.224330 -0.389645
v 0.045150 0.218101 -0.393026
v 0.049337 0.217897 -0.393022
v 0.049848 0.224490 -0.390460
v 0.029814 0.241772 -0.401235
v 0.029139 0.238909 -0.395986
v 0.033349 0.236083 -0.391822
v 0.040678 0.233056 -0.388132
v 0.046171 0.231421 -0.386383
v 0.050230 0.231578 -0.387269
v 0.070308 0.239760 -0.405389
v 0.068834 0.242443 -0.410523
v 0.053840 0.231716 -0.388062
v 0.057375 0.232243 -0.389500
v 0.062517 0.233737 -0.392995
v 0.067845 0.236849 -0.399480
v 0.054733 0.192347 -0.428055
v 0.054611 0.211922 -0.424185
v 0.059735 0.211032 -0.421724
v 0.059800 0.191822 -0.425463
v 0.062010 0.191140 -0.421398
v 0.062163 0.210125 -0.417627
v 0.062708 0.209312 -0.412595
v 0.062170 0.190446 -0.416564
v 0.036807 0.194424 -0.436799
v 0.036785 0.215319 -0.434093
v 0.039585 0.215557 -0.435650
v 0.039748 0.194617 -0.438370
v 0.037544 0.192987 -0.429530
v 0.037936 0.212947 -0.426083
v 0.035877 0.214454 -0.430940
v 0.035715 0.193896 -0.433889
v 0.034164 0.191405 -0.420624
v 0.034580 0.210407 -0.417032
v 0.037504 0.211598 -0.421448
v 0.037028 0.192159 -0.425108
v 0.034364 0.189871 -0.411263
v 0.034274 0.208275 -0.407277
v 0.033862 0.209294 -0.412272
v 0.033634 0.190627 -0.415972
v 0.040522 0.188544 -0.403752
v 0.040483 0.206366 -0.399019
v 0.036480 0.207298 -0.402859
v 0.036660 0.189177 -0.407190
v 0.048714 0.188056 -0.401648
v 0.048949 0.205672 -0.396824
v 0.044639 0.205824 -0.397006
v 0.044539 0.188169 -0.401903
v 0.043034 0.194693 -0.438990
v 0.042736 0.215703 -0.436239
v 0.046241 0.215757 -0.435859
v 0.046663 0.194650 -0.438659
v 0.056279 0.188383 -0.404118
v 0.056509 0.206181 -0.399205
v 0.052905 0.205792 -0.397556
v 0.052628 0.188129 -0.402387
v 0.049711 0.194179 -0.436471
v 0.049314 0.214970 -0.433368
v 0.051137 0.213236 -0.428064
v 0.051371 0.193131 -0.431725
v 0.061214 0.189701 -0.411856
v 0.061814 0.208274 -0.407565
v 0.059479 0.207008 -0.402542
v 0.059142 0.188907 -0.407274
v 0.060728 0.044148 -0.446884
v 0.062842 0.039058 -0.453316
v 0.057876 0.038365 -0.455759
v 0.056640 0.043746 -0.450043
v 0.069728 0.046296 -0.440172
v 0.072695 0.041421 -0.442694
v 0.067675 0.040072 -0.449196
v 0.065203 0.045079 -0.443640
v 0.073651 0.048449 -0.429821
v 0.077687 0.044283 -0.429458
v 0.075898 0.042724 -0.436357
v 0.072349 0.047333 -0.435462
v 0.071968 0.051310 -0.418834
v 0.075303 0.047081 -0.416489
v 0.077505 0.045743 -0.422816
v 0.073256 0.049693 -0.424310
v 0.031880 0.042213 -0.440083
v 0.026815 0.037015 -0.443401
v 0.024885 0.037471 -0.438317
v 0.030709 0.042242 -0.435113
v 0.028883 0.042864 -0.430336
v 0.024559 0.038190 -0.431306
v 0.025664 0.039366 -0.423370
v 0.029131 0.043786 -0.424260
v 0.030804 0.044953 -0.418778
v 0.027950 0.041156 -0.416494
v 0.031396 0.043121 -0.410272
v 0.033869 0.046574 -0.413963
v 0.038064 0.048064 -0.410384
v 0.036263 0.044759 -0.405738
v 0.042512 0.046174 -0.403032
v 0.043391 0.049411 -0.408033
v 0.068131 0.052196 -0.414402
v 0.062097 0.052429 -0.411131
v 0.063992 0.048311 -0.407602
v 0.070751 0.047942 -0.411382
v 0.051537 0.037749 -0.455971
v 0.044319 0.037307 -0.453839
v 0.045507 0.043164 -0.450384
v 0.051723 0.043457 -0.451457
v 0.034316 0.042482 -0.444666
v 0.039715 0.042842 -0.448139
v 0.037542 0.037033 -0.451162
v 0.031033 0.036918 -0.447842
v 0.049433 0.047275 -0.402698
v 0.056929 0.048072 -0.404721
v 0.055758 0.052105 -0.408595
v 0.049245 0.050700 -0.407533
v 0.057069 0.087923 -0.459012
v 0.056284 0.080957 -0.455670
v 0.053159 0.081669 -0.458982
v 0.053679 0.088034 -0.461667
v 0.064540 0.086925 -0.450526
v 0.063509 0.080700 -0.447917
v 0.059750 0.080448 -0.451909
v 0.060687 0.087552 -0.455295
v 0.067618 0.085371 -0.437888
v 0.065925 0.081511 -0.437033
v 0.065378 0.081386 -0.442891
v 0.066832 0.086079 -0.444762
v 0.064318 0.084477 -0.429562
v 0.063169 0.080988 -0.429930
v 0.065192 0.081193 -0.432734
v 0.066792 0.084837 -0.432823
v 0.068256 0.060401 -0.422305
v 0.069452 0.059195 -0.426825
v 0.065371 0.072731 -0.430442
v 0.064349 0.073475 -0.427111
v 0.069081 0.057281 -0.436751
v 0.065366 0.071450 -0.439926
v 0.065979 0.072141 -0.434678
v 0.069991 0.058254 -0.431619
v 0.062902 0.055415 -0.443395
v 0.060246 0.070295 -0.446950
v 0.063667 0.070847 -0.444085
v 0.066924 0.056367 -0.440770
v 0.055288 0.054587 -0.449413
v 0.053418 0.069911 -0.453839
v 0.056728 0.069879 -0.450032
v 0.058887 0.054788 -0.446253
v 0.032375 0.086558 -0.456781
v 0.034818 0.080568 -0.453671
v 0.033984 0.078868 -0.449045
v 0.031046 0.085880 -0.453166
v 0.029866 0.084909 -0.448411
v 0.032137 0.077825 -0.443993
v 0.031723 0.078028 -0.438813
v 0.028915 0.083762 -0.442231
v 0.029871 0.084339 -0.435780
v 0.032752 0.078817 -0.433691
v 0.035214 0.080006 -0.428593
v 0.032737 0.084280 -0.429053
v 0.036072 0.084205 -0.424815
v 0.037981 0.080120 -0.425445
v 0.041128 0.080137 -0.423907
v 0.039829 0.084133 -0.423189
v 0.042618 0.071436 -0.421113
v 0.039450 0.070752 -0.422834
v 0.038812 0.057029 -0.415974
v 0.043164 0.058082 -0.413839
v 0.035305 0.055845 -0.419102
v 0.036722 0.069796 -0.425739
v 0.034416 0.068573 -0.429867
v 0.032619 0.054532 -0.423260
v 0.031398 0.053605 -0.427876
v 0.033359 0.067885 -0.434209
v 0.033540 0.067735 -0.438761
v 0.031642 0.053079 -0.432935
v 0.033540 0.052932 -0.437129
v 0.035093 0.068157 -0.442947
v 0.035209 0.068880 -0.448113
v 0.034377 0.053227 -0.441805
v 0.060599 0.084194 -0.426503
v 0.055629 0.083980 -0.423645
v 0.055222 0.080781 -0.424541
v 0.059847 0.080852 -0.427199
v 0.061303 0.073921 -0.424101
v 0.056525 0.073949 -0.421547
v 0.059479 0.061199 -0.415714
v 0.064825 0.061045 -0.418579
v 0.051074 0.054331 -0.451068
v 0.045670 0.053983 -0.450531
v 0.044584 0.069135 -0.455403
v 0.049535 0.069802 -0.455989
v 0.048950 0.081614 -0.460121
v 0.044117 0.080715 -0.459630
v 0.044433 0.086982 -0.462755
v 0.049465 0.087717 -0.462922
v 0.035258 0.086830 -0.459602
v 0.039687 0.086689 -0.461641
v 0.039761 0.080562 -0.458586
v 0.035879 0.081163 -0.457015
v 0.036220 0.069315 -0.452263
v 0.040142 0.068974 -0.454157
v 0.040704 0.053697 -0.448811
v 0.036185 0.053511 -0.445880
v 0.048130 0.059271 -0.413160
v 0.053852 0.060759 -0.413645
v 0.051568 0.073656 -0.419955
v 0.046629 0.072408 -0.420219
v 0.045256 0.080291 -0.423159
v 0.050359 0.080594 -0.423200
v 0.050291 0.083921 -0.422247
v 0.044568 0.084039 -0.422329
v 0.061204 0.093448 -0.455318
v 0.065625 0.092325 -0.449492
v 0.068146 0.089922 -0.443416
v 0.068835 0.088839 -0.436794
v 0.067879 0.088160 -0.431531
v 0.065805 0.087333 -0.427447
v 0.061779 0.086892 -0.424233
v 0.056398 0.086589 -0.421254
v 0.044146 0.086930 -0.419870
v 0.050488 0.086597 -0.419778
v 0.038847 0.087190 -0.420811
v 0.034635 0.087367 -0.422560
v 0.031420 0.087736 -0.428245
v 0.028363 0.087950 -0.435896
v 0.027630 0.089878 -0.442667
v 0.029061 0.091090 -0.449395
v 0.030561 0.091617 -0.454369
v 0.032071 0.091594 -0.457763
v 0.035196 0.091709 -0.460542
v 0.039939 0.091951 -0.462723
v 0.049721 0.092928 -0.463829
v 0.044776 0.092357 -0.463820
v 0.053884 0.093357 -0.462451
v 0.057295 0.093624 -0.459661
v 0.073150 0.039325 -0.442728
v 0.068243 0.038118 -0.449520
v 0.063285 0.037179 -0.453878
v 0.057963 0.036490 -0.456417
v 0.051516 0.035860 -0.456507
v 0.044122 0.035357 -0.454134
v 0.037162 0.035089 -0.451349
v 0.030475 0.035056 -0.448085
v 0.026068 0.035270 -0.443644
v 0.024090 0.035639 -0.438235
v 0.023982 0.036248 -0.430952
v 0.025353 0.037358 -0.422900
v 0.027736 0.039243 -0.415763
v 0.031217 0.041465 -0.409312
v 0.036142 0.043156 -0.404710
v 0.042493 0.044583 -0.401998
v 0.049539 0.045693 -0.401666
v 0.057187 0.046501 -0.403704
v 0.064389 0.046734 -0.406653
v 0.071275 0.046348 -0.410553
v 0.075908 0.045469 -0.415770
v 0.078161 0.044104 -0.422202
v 0.078340 0.042596 -0.428973
v 0.076480 0.040923 -0.436036
v 0.071070 0.043528 -0.410344
v 0.075483 0.042841 -0.415393
v 0.077643 0.041735 -0.421566
v 0.077788 0.040511 -0.428086
v 0.075880 0.038922 -0.434982
v 0.072554 0.037393 -0.441701
v 0.067630 0.036216 -0.448726
v 0.062738 0.035303 -0.453097
v 0.057738 0.034705 -0.455463
v 0.051679 0.034210 -0.455432
v 0.044414 0.033796 -0.452913
v 0.037438 0.033522 -0.450082
v 0.030869 0.033377 -0.447003
v 0.026757 0.033450 -0.442950
v 0.024958 0.033759 -0.437869
v 0.024966 0.034379 -0.430711
v 0.026443 0.035520 -0.422600
v 0.028829 0.037195 -0.415412
v 0.032168 0.039119 -0.408972
v 0.036842 0.040679 -0.404505
v 0.042888 0.041888 -0.401922
v 0.049648 0.042840 -0.401552
v 0.057170 0.043560 -0.403437
v 0.064339 0.043796 -0.406381
v 0.076008 0.038341 -0.434844
v 0.072668 0.036776 -0.441584
v 0.077943 0.039984 -0.427928
v 0.077800 0.041215 -0.421396
v 0.075625 0.042327 -0.415195
v 0.071193 0.043025 -0.410118
v 0.064443 0.043297 -0.406130
v 0.057262 0.043064 -0.403178
v 0.049720 0.042339 -0.401290
v 0.042919 0.041375 -0.401658
v 0.036845 0.040162 -0.404239
v 0.032151 0.038542 -0.408741
v 0.028817 0.036607 -0.415218
v 0.026421 0.034927 -0.422445
v 0.024934 0.033753 -0.430563
v 0.024922 0.033106 -0.437806
v 0.026758 0.032778 -0.442907
v 0.030922 0.032720 -0.446916
v 0.037489 0.032890 -0.449913
v 0.044486 0.033170 -0.452752
v 0.051704 0.033559 -0.455350
v 0.057794 0.034051 -0.455418
v 0.062855 0.034665 -0.453028
v 0.067755 0.035594 -0.448613
v 0.084363 0.020124 -0.414231
v 0.080443 0.034407 -0.419180
v 0.078033 0.035436 -0.412368
v 0.081434 0.020174 -0.406605
v 0.081304 0.019785 -0.429285
v 0.078186 0.031877 -0.433663
v 0.080495 0.033221 -0.426275
v 0.084317 0.019990 -0.421790
v 0.076868 0.019462 -0.437200
v 0.071317 0.019010 -0.444666
v 0.069673 0.029358 -0.447747
v 0.074500 0.030521 -0.441035
v 0.065576 0.018771 -0.450278
v 0.060061 0.018602 -0.452883
v 0.059000 0.028027 -0.455350
v 0.064399 0.028594 -0.452808
v 0.043397 0.018781 -0.391091
v 0.042852 0.034347 -0.397858
v 0.036276 0.033144 -0.400743
v 0.036341 0.018395 -0.394464
v 0.031300 0.018060 -0.399948
v 0.031318 0.031744 -0.405756
v 0.027959 0.030150 -0.412909
v 0.028270 0.017782 -0.407538
v 0.025401 0.028764 -0.420902
v 0.023908 0.027652 -0.428983
v 0.024322 0.017280 -0.425544
v 0.025839 0.017530 -0.416360
v 0.023901 0.027076 -0.436327
v 0.025764 0.026777 -0.441864
v 0.026188 0.017259 -0.438972
v 0.024333 0.017179 -0.433372
v 0.073232 0.036028 -0.406653
v 0.066037 0.036189 -0.402023
v 0.068633 0.019801 -0.393737
v 0.076189 0.020066 -0.399772
v 0.053459 0.018308 -0.452382
v 0.046064 0.017821 -0.447949
v 0.045091 0.026948 -0.451293
v 0.052480 0.027500 -0.455072
v 0.030277 0.026658 -0.446070
v 0.037690 0.026654 -0.448286
v 0.038518 0.017517 -0.444840
v 0.030821 0.017394 -0.443071
v 0.051409 0.019150 -0.389732
v 0.060375 0.019494 -0.390391
v 0.058363 0.035976 -0.398880
v 0.050215 0.035299 -0.397237
v 0.077702 0.011157 -0.435136
v 0.076681 0.008935 -0.434724
v 0.071087 0.009150 -0.442139
v 0.071877 0.011378 -0.442916
v 0.066081 0.011600 -0.448465
v 0.065508 0.009358 -0.447441
v 0.060208 0.009611 -0.449904
v 0.060590 0.011906 -0.451056
v 0.054049 0.012190 -0.450431
v 0.053900 0.009872 -0.449241
v 0.046910 0.010061 -0.444558
v 0.046770 0.012378 -0.445749
v 0.039268 0.012669 -0.442653
v 0.039650 0.010340 -0.441563
v 0.032124 0.010712 -0.440264
v 0.031546 0.013059 -0.441141
v 0.026925 0.013211 -0.437202
v 0.027629 0.010870 -0.436505
v 0.025821 0.010927 -0.431281
v 0.025078 0.013230 -0.431721
v 0.025039 0.013232 -0.423833
v 0.025766 0.010924 -0.423688
v 0.027171 0.010843 -0.414523
v 0.026540 0.013144 -0.414252
v 0.028841 0.012908 -0.405177
v 0.029384 0.010615 -0.405775
v 0.032102 0.010258 -0.398298
v 0.031643 0.012535 -0.397472
v 0.036631 0.012131 -0.391839
v 0.036931 0.009873 -0.392832
v 0.043880 0.009460 -0.389373
v 0.043806 0.011702 -0.388272
v 0.051996 0.011254 -0.386573
v 0.051806 0.009032 -0.387724
v 0.060718 0.008589 -0.387888
v 0.061206 0.010794 -0.386742
v 0.069621 0.010473 -0.390140
v 0.068861 0.008281 -0.391173
v 0.076232 0.008100 -0.397588
v 0.077240 0.010286 -0.396774
v 0.082624 0.010204 -0.404047
v 0.081441 0.008023 -0.404630
v 0.084485 0.008044 -0.412295
v 0.085772 0.010226 -0.411960
v 0.085702 0.010438 -0.419643
v 0.084414 0.008246 -0.419745
v 0.081225 0.008630 -0.426972
v 0.082412 0.010841 -0.427093
v 0.068631 0.007697 -0.417805
v 0.065735 0.007700 -0.410345
v 0.059119 0.007887 -0.404830
v 0.050954 0.008265 -0.404349
v 0.043980 0.008648 -0.407711
v 0.040259 0.008971 -0.414675
v 0.038858 0.009096 -0.423611
v 0.041158 0.009039 -0.429834
v 0.047705 0.008781 -0.433232
v 0.055078 0.008496 -0.435527
v 0.061222 0.008225 -0.432716
v 0.066494 0.007965 -0.425386
v -0.091180 0.441096 -0.197168
v -0.094181 0.420893 -0.200619
v -0.085189 0.415447 -0.200595
v -0.083018 0.433596 -0.196749
v -0.032615 0.397535 -0.224723
v -0.025102 0.387673 -0.245321
v -0.033324 0.386013 -0.242544
v -0.032480 0.371736 -0.261283
v -0.025042 0.374710 -0.265222
v -0.024271 0.368073 -0.279941
v -0.032046 0.363971 -0.274929
v -0.032751 0.363050 -0.282841
v -0.024057 0.367986 -0.288910
v -0.023370 0.368236 -0.298126
v -0.033400 0.362055 -0.291089
v -0.032422 0.361541 -0.299583
v -0.022796 0.368772 -0.308155
v -0.032657 0.366066 -0.312325
v -0.061677 0.402763 -0.210190
v -0.045266 0.399906 -0.218445
v -0.040923 0.360894 -0.311862
v -0.043126 0.374450 -0.336347
v -0.078386 0.409304 -0.202750
v -0.076838 0.427998 -0.197669
v -0.071639 0.405522 -0.205616
v -0.049459 0.378741 -0.345706
v -0.119229 0.481318 -0.286101
v -0.115923 0.477274 -0.313371
v -0.119951 0.446933 -0.305393
v -0.122596 0.454237 -0.284249
v -0.111996 0.440383 -0.328580
v -0.106845 0.474305 -0.339466
v -0.095166 0.471578 -0.354682
v -0.099893 0.436787 -0.345472
v -0.080856 0.467959 -0.378092
v -0.073306 0.466351 -0.384048
v -0.079209 0.429668 -0.373318
v -0.087562 0.432723 -0.367232
v -0.063121 0.424247 -0.376559
v -0.070160 0.426976 -0.375228
v -0.109088 0.467293 -0.215456
v -0.099837 0.466263 -0.203486
v -0.049406 0.360468 -0.321496
v -0.066057 0.385417 -0.352966
v -0.070458 0.366517 -0.335523
v -0.078165 0.369480 -0.335897
v -0.073809 0.388637 -0.353206
v -0.102748 0.404035 -0.325611
v -0.104152 0.385857 -0.309968
v -0.114079 0.390473 -0.296719
v -0.114039 0.409060 -0.310651
v -0.121928 0.414748 -0.293839
v -0.121522 0.394912 -0.281490
v -0.125194 0.399004 -0.267928
v -0.124507 0.423689 -0.277641
v -0.120642 0.432610 -0.259268
v -0.123221 0.406428 -0.253508
v -0.118512 0.415173 -0.236972
v -0.115958 0.441213 -0.237290
v -0.116552 0.466372 -0.233531
v -0.115383 0.487162 -0.234120
v -0.118664 0.485647 -0.258548
v -0.120994 0.460768 -0.260607
v -0.113299 0.420673 -0.221615
v -0.104512 0.422811 -0.207826
v -0.099309 0.447527 -0.204974
v -0.110335 0.446371 -0.219050
v -0.055622 0.361841 -0.328305
v -0.062940 0.363985 -0.332756
v -0.057928 0.382095 -0.350388
v -0.087587 0.373443 -0.333748
v -0.095987 0.378709 -0.326474
v -0.092437 0.396885 -0.345529
v -0.083471 0.392201 -0.351714
v -0.099907 0.402467 -0.330514
v -0.102034 0.384463 -0.313517
v -0.092040 0.470786 -0.359148
v -0.096796 0.435918 -0.350228
v -0.088861 0.333787 -0.322919
v -0.095282 0.334851 -0.318391
v -0.097093 0.347364 -0.314319
v -0.090188 0.346635 -0.319998
v -0.114272 0.352069 -0.286149
v -0.111233 0.350627 -0.294143
v -0.104549 0.336649 -0.311592
v -0.109190 0.338070 -0.304838
v -0.116447 0.340519 -0.284745
v -0.118558 0.339512 -0.272465
v -0.119288 0.355262 -0.260860
v -0.117893 0.354419 -0.274637
v -0.115872 0.337382 -0.262498
v -0.108575 0.334003 -0.253404
v -0.108638 0.352015 -0.236668
v -0.116161 0.354196 -0.248848
v -0.107496 0.318655 -0.267089
v -0.114090 0.322568 -0.274894
v -0.111221 0.309821 -0.286298
v -0.105545 0.306045 -0.278571
v -0.113289 0.313231 -0.293986
v -0.116469 0.325497 -0.283529
v -0.114633 0.327479 -0.293321
v -0.112097 0.316376 -0.302001
v -0.109669 0.318889 -0.309652
v -0.112054 0.329082 -0.304027
v -0.108529 0.328227 -0.309797
v -0.104583 0.319539 -0.316656
v -0.100508 0.318944 -0.321480
v -0.104199 0.327067 -0.316241
v -0.100046 0.326116 -0.319769
v -0.096400 0.318180 -0.323966
v -0.091248 0.317291 -0.326020
v -0.093039 0.324786 -0.322251
v -0.088572 0.323993 -0.325080
v -0.087698 0.316880 -0.328470
v -0.086365 0.308447 -0.332156
v -0.084753 0.298625 -0.337397
v -0.087328 0.297598 -0.332847
v -0.089316 0.308743 -0.329071
v -0.093142 0.309156 -0.326935
v -0.090424 0.296630 -0.329064
v -0.096917 0.309706 -0.324627
v -0.100376 0.308777 -0.320793
v -0.094773 0.295828 -0.325396
v -0.100907 0.294843 -0.318580
v -0.105519 0.307312 -0.314707
v -0.108484 0.304823 -0.308320
v -0.104083 0.292832 -0.312201
v -0.104937 0.289992 -0.306891
v -0.109413 0.301399 -0.301787
v -0.107689 0.297908 -0.295114
v -0.103507 0.286801 -0.301204
v -0.099789 0.283248 -0.295121
v -0.103003 0.294260 -0.287987
v -0.098485 0.273676 -0.300158
v -0.102294 0.277043 -0.306033
v -0.104352 0.268370 -0.310280
v -0.099217 0.265231 -0.303396
v -0.105927 0.271450 -0.316064
v -0.103689 0.280126 -0.311514
v -0.102482 0.282633 -0.316209
v -0.103962 0.274204 -0.320803
v -0.098568 0.284559 -0.322440
v -0.091856 0.286036 -0.330092
v -0.091467 0.280903 -0.335132
v -0.099120 0.277338 -0.327121
v -0.083986 0.283432 -0.347779
v -0.086818 0.282884 -0.342408
v -0.086838 0.287715 -0.336566
v -0.083592 0.289156 -0.342501
v -0.066256 0.332484 -0.310858
v -0.068609 0.332028 -0.318074
v -0.066209 0.341017 -0.314100
v -0.063482 0.341129 -0.305656
v -0.059447 0.341351 -0.288108
v -0.062359 0.333115 -0.297035
v -0.064175 0.332858 -0.303833
v -0.061220 0.341194 -0.297112
v -0.057050 0.332180 -0.281215
v -0.059891 0.333529 -0.289883
v -0.057686 0.341408 -0.278798
v -0.055895 0.341462 -0.269183
v -0.057922 0.330522 -0.261059
v -0.056532 0.330401 -0.270983
v -0.055972 0.342811 -0.258950
v -0.057927 0.344977 -0.247870
v -0.072792 0.330058 -0.248977
v -0.063060 0.331563 -0.255726
v -0.063255 0.347348 -0.239488
v -0.072214 0.348308 -0.232288
v -0.073804 0.302276 -0.272897
v -0.065284 0.304346 -0.277682
v -0.063834 0.316788 -0.267035
v -0.073317 0.314692 -0.261796
v -0.059643 0.309007 -0.288039
v -0.057566 0.319688 -0.281372
v -0.058596 0.318455 -0.273564
v -0.060566 0.306592 -0.282732
v -0.064037 0.314207 -0.302922
v -0.062168 0.323038 -0.297040
v -0.058754 0.321213 -0.289192
v -0.060805 0.311546 -0.294766
v -0.066502 0.315487 -0.313155
v -0.066085 0.323067 -0.308696
v -0.064658 0.323326 -0.303411
v -0.065900 0.315761 -0.309128
v -0.069479 0.315121 -0.324064
v -0.069855 0.322213 -0.321021
v -0.067826 0.322696 -0.314565
v -0.067700 0.315267 -0.318115
v -0.067870 0.306095 -0.322705
v -0.068605 0.293529 -0.327639
v -0.068740 0.296478 -0.333695
v -0.069113 0.306564 -0.328310
v -0.067252 0.304954 -0.315505
v -0.068538 0.292275 -0.323706
v -0.067281 0.305367 -0.318592
v -0.062968 0.300940 -0.301223
v -0.065200 0.289398 -0.308574
v -0.067476 0.290955 -0.318011
v -0.065823 0.303515 -0.309913
v -0.063064 0.295356 -0.290778
v -0.066153 0.284766 -0.297728
v -0.064744 0.287333 -0.301814
v -0.062038 0.298220 -0.294846
v -0.074764 0.290752 -0.282321
v -0.076295 0.280139 -0.290102
v -0.070003 0.282366 -0.293819
v -0.067307 0.292867 -0.286600
v -0.077158 0.261851 -0.298301
v -0.069346 0.262968 -0.302209
v -0.070609 0.272376 -0.298842
v -0.077015 0.270696 -0.295357
v -0.063163 0.267666 -0.310997
v -0.065020 0.277098 -0.307172
v -0.066587 0.274623 -0.302841
v -0.064704 0.264869 -0.306312
v -0.063419 0.271479 -0.318564
v -0.065437 0.276480 -0.328994
v -0.067332 0.281493 -0.324368
v -0.065286 0.279343 -0.314356
v -0.067838 0.286700 -0.338744
v -0.068187 0.284116 -0.332327
v -0.065711 0.279436 -0.337480
v -0.065640 0.280754 -0.343348
v -0.083264 0.345979 -0.322383
v -0.078626 0.345403 -0.322939
v -0.079931 0.332693 -0.324972
v -0.084124 0.333129 -0.325078
v -0.101651 0.331437 -0.247985
v -0.095113 0.329672 -0.246213
v -0.094694 0.349302 -0.226895
v -0.101479 0.350643 -0.228629
v -0.099751 0.303238 -0.273934
v -0.093575 0.301319 -0.272111
v -0.094715 0.313840 -0.260319
v -0.101040 0.315745 -0.262230
v -0.095821 0.280863 -0.291417
v -0.091412 0.279671 -0.289959
v -0.092445 0.289879 -0.281955
v -0.097975 0.291601 -0.283658
v -0.094789 0.263175 -0.299137
v -0.090931 0.262280 -0.297588
v -0.090807 0.270780 -0.295132
v -0.094648 0.271731 -0.296577
v -0.080139 0.289672 -0.345512
v -0.076378 0.289303 -0.345542
v -0.075633 0.283279 -0.350039
v -0.080358 0.283611 -0.350450
v -0.082709 0.308204 -0.335121
v -0.078883 0.307852 -0.334924
v -0.077522 0.298296 -0.339840
v -0.081228 0.298646 -0.339794
v -0.084440 0.323344 -0.327582
v -0.080323 0.322898 -0.327653
v -0.079718 0.316034 -0.330743
v -0.083963 0.316448 -0.330813
v -0.072177 0.315220 -0.328006
v -0.075807 0.315606 -0.329820
v -0.076422 0.322489 -0.326902
v -0.072717 0.322124 -0.325188
v -0.070636 0.297404 -0.337272
v -0.074014 0.297905 -0.338993
v -0.075052 0.307418 -0.333928
v -0.071494 0.306983 -0.332068
v -0.067463 0.281945 -0.347235
v -0.071670 0.282776 -0.349047
v -0.072794 0.288886 -0.344670
v -0.069371 0.288359 -0.342888
v -0.082376 0.270068 -0.293825
v -0.086717 0.270226 -0.294213
v -0.087033 0.261731 -0.296677
v -0.083094 0.261526 -0.296404
v -0.081292 0.289525 -0.280411
v -0.086885 0.289186 -0.280866
v -0.086769 0.279070 -0.288987
v -0.081882 0.279063 -0.288510
v -0.081433 0.313453 -0.259220
v -0.088181 0.313072 -0.259309
v -0.087383 0.300577 -0.271018
v -0.081172 0.301019 -0.270675
v -0.080401 0.348586 -0.226835
v -0.087669 0.348618 -0.226294
v -0.088299 0.328916 -0.245389
v -0.081202 0.329173 -0.245525
v -0.071782 0.331943 -0.322608
v -0.075807 0.332257 -0.324271
v -0.074089 0.344214 -0.322244
v -0.069740 0.342011 -0.319652
v -0.108853 0.397976 -0.212981
v -0.116069 0.395695 -0.225884
v -0.116285 0.371649 -0.234460
v -0.108875 0.372791 -0.219599
v -0.120063 0.372589 -0.247837
v -0.120095 0.390686 -0.239153
v -0.121779 0.385844 -0.252288
v -0.119787 0.369876 -0.260057
v -0.117299 0.367002 -0.272754
v -0.120970 0.382856 -0.265808
v -0.116495 0.379301 -0.280893
v -0.111265 0.363992 -0.286370
v -0.098433 0.358971 -0.313717
v -0.098189 0.369367 -0.318517
v -0.089998 0.364671 -0.326133
v -0.090338 0.357611 -0.321424
v -0.041113 0.357445 -0.260787
v -0.050590 0.349803 -0.262080
v -0.051844 0.348458 -0.271850
v -0.042065 0.355900 -0.270898
v -0.043367 0.380736 -0.230082
v -0.053043 0.361452 -0.236075
v -0.050982 0.354303 -0.250192
v -0.041528 0.366144 -0.246757
v -0.059249 0.366862 -0.224907
v -0.051234 0.389127 -0.217982
v -0.065115 0.391256 -0.210412
v -0.069667 0.370055 -0.215877
v -0.100770 0.373363 -0.212413
v -0.092774 0.371703 -0.211271
v -0.089670 0.395053 -0.204980
v -0.099403 0.397447 -0.205923
v -0.055803 0.352753 -0.313833
v -0.048186 0.352779 -0.302325
v -0.057699 0.346831 -0.302299
v -0.062082 0.347122 -0.312309
v -0.085290 0.371279 -0.210767
v -0.078345 0.371576 -0.211119
v -0.074866 0.392127 -0.206319
v -0.081760 0.393054 -0.205042
v -0.066795 0.348223 -0.318978
v -0.071874 0.350359 -0.322030
v -0.068637 0.355739 -0.325698
v -0.062620 0.353735 -0.321662
v -0.077032 0.352652 -0.323653
v -0.082287 0.355156 -0.323542
v -0.081228 0.360862 -0.328386
v -0.074827 0.358071 -0.328295
v -0.054742 0.346959 -0.292180
v -0.043920 0.353391 -0.291450
v -0.042999 0.354590 -0.281137
v -0.053220 0.347559 -0.281902
v -0.092481 0.317362 -0.325362
v -0.094683 0.325083 -0.321452
v -0.090384 0.308867 -0.328237
v -0.088248 0.297205 -0.331506
v -0.103690 0.373224 -0.305096
v -0.113790 0.339884 -0.295259
v -0.098355 0.335362 -0.315311
v -0.102584 0.348394 -0.304875
v -0.103011 0.360780 -0.302918
v -0.105636 0.348843 -0.300048
v -0.109691 0.375721 -0.295327
v -0.069382 0.254847 -0.306827
v -0.064636 0.256878 -0.311230
v -0.083669 0.252521 -0.300754
v -0.077660 0.253266 -0.302725
v -0.063836 0.259732 -0.315694
v -0.064411 0.264579 -0.322652
v -0.065594 0.270348 -0.332804
v -0.065766 0.274019 -0.340548
v -0.065813 0.275645 -0.346214
v -0.067634 0.276930 -0.349984
v -0.071745 0.277743 -0.351721
v -0.075666 0.278226 -0.352664
v -0.091160 0.253056 -0.301851
v -0.087417 0.252587 -0.300963
v -0.080399 0.278534 -0.353064
v -0.084122 0.278250 -0.350567
v -0.087135 0.277519 -0.345557
v -0.091448 0.274629 -0.338575
v -0.099670 0.269723 -0.331242
v -0.104629 0.265395 -0.325334
v -0.099460 0.255855 -0.307865
v -0.094880 0.253789 -0.303426
v -0.106640 0.262199 -0.320892
v -0.104884 0.259226 -0.315121
v -0.107691 0.105664 -0.356120
v -0.102833 0.106136 -0.362377
v -0.111380 0.103623 -0.342142
v -0.110567 0.104444 -0.349264
v -0.108348 0.102862 -0.332912
v -0.110393 0.103539 -0.336950
v -0.098956 0.102148 -0.326762
v -0.104343 0.102432 -0.329705
v -0.092939 0.101962 -0.325290
v -0.086387 0.101842 -0.325333
v -0.076581 0.101516 -0.328107
v -0.080912 0.101696 -0.326288
v -0.070150 0.100637 -0.341376
v -0.073310 0.100935 -0.333772
v -0.070919 0.102735 -0.356109
v -0.069311 0.101892 -0.348910
v -0.073903 0.102049 -0.364970
v -0.072439 0.102540 -0.361591
v -0.081699 0.102533 -0.369961
v -0.076995 0.102053 -0.367746
v -0.086313 0.103119 -0.371151
v -0.090838 0.103809 -0.371312
v -0.098526 0.105456 -0.367327
v -0.094905 0.104593 -0.370059
v -0.094715 0.110295 -0.368855
v -0.090548 0.109451 -0.370169
v -0.086132 0.108735 -0.370140
v -0.081563 0.108202 -0.368954
v -0.076797 0.107869 -0.366594
v -0.073583 0.107953 -0.363597
v -0.072060 0.108414 -0.359986
v -0.070612 0.108583 -0.354441
v -0.068732 0.108670 -0.347448
v -0.069931 0.108956 -0.339894
v -0.073195 0.109245 -0.332000
v -0.076604 0.109832 -0.326765
v -0.080801 0.110077 -0.324675
v -0.086193 0.110458 -0.323545
v -0.092727 0.110978 -0.323430
v -0.098637 0.111289 -0.324723
v -0.103883 0.111383 -0.327411
v -0.107921 0.111667 -0.330632
v -0.110465 0.112099 -0.334623
v -0.111369 0.112745 -0.340589
v -0.102919 0.111782 -0.361453
v -0.098583 0.111176 -0.366146
v -0.110469 0.112818 -0.348213
v -0.107538 0.112434 -0.355012
v -0.090926 0.264871 -0.339994
v -0.099518 0.259190 -0.335306
v -0.083701 0.270881 -0.351530
v -0.086764 0.268888 -0.346339
v -0.087816 0.255469 -0.347424
v -0.084406 0.258107 -0.352388
v -0.085057 0.242145 -0.350729
v -0.087756 0.239892 -0.344947
v -0.091750 0.238245 -0.340493
v -0.097135 0.236557 -0.337019
v -0.098586 0.247299 -0.336389
v -0.092569 0.251748 -0.342207
v -0.102961 0.244537 -0.331343
v -0.100064 0.235277 -0.332485
v -0.101076 0.234425 -0.327370
v -0.104296 0.242801 -0.326090
v -0.102741 0.240880 -0.320005
v -0.100126 0.233285 -0.321952
v -0.097216 0.231856 -0.316231
v -0.098502 0.238792 -0.313840
v -0.099660 0.182588 -0.329428
v -0.099972 0.164427 -0.331268
v -0.098518 0.164826 -0.327279
v -0.097949 0.182518 -0.325146
v -0.100891 0.164043 -0.335849
v -0.100553 0.182655 -0.334022
v -0.100629 0.182716 -0.338924
v -0.101276 0.163680 -0.341023
v -0.099251 0.163613 -0.345762
v -0.098493 0.182809 -0.343195
v -0.093358 0.182790 -0.346101
v -0.094040 0.163663 -0.349338
v -0.090691 0.163811 -0.353020
v -0.089982 0.182912 -0.349679
v -0.088366 0.183180 -0.353926
v -0.089202 0.164061 -0.356812
v -0.090517 0.146583 -0.360237
v -0.092308 0.130748 -0.364201
v -0.095594 0.130648 -0.362280
v -0.092568 0.146362 -0.357223
v -0.096166 0.146480 -0.353506
v -0.099704 0.131322 -0.358607
v -0.104644 0.132774 -0.353177
v -0.101303 0.146934 -0.349087
v -0.103535 0.147335 -0.343786
v -0.107406 0.133680 -0.347214
v -0.107994 0.134041 -0.340723
v -0.103373 0.147840 -0.338083
v -0.102448 0.148236 -0.333123
v -0.107087 0.134019 -0.334993
v -0.104687 0.133616 -0.330025
v -0.100762 0.148525 -0.328902
v -0.106898 0.122250 -0.330843
v -0.109654 0.122992 -0.335811
v -0.110573 0.123118 -0.341841
v -0.109657 0.122654 -0.348898
v -0.106694 0.121465 -0.355258
v -0.101679 0.119603 -0.360903
v -0.097353 0.118669 -0.364603
v -0.093717 0.118489 -0.366386
v -0.066932 0.255637 -0.326958
v -0.067889 0.261167 -0.335465
v -0.068002 0.265532 -0.342439
v -0.068136 0.268922 -0.347847
v -0.073149 0.238756 -0.342059
v -0.071500 0.241165 -0.347792
v -0.069905 0.257160 -0.349009
v -0.069939 0.253220 -0.343400
v -0.069716 0.249163 -0.336675
v -0.068659 0.245406 -0.328974
v -0.070436 0.235011 -0.331133
v -0.072766 0.236897 -0.336615
v -0.067803 0.241111 -0.317104
v -0.070402 0.232595 -0.320560
v -0.069885 0.233597 -0.325761
v -0.068032 0.242987 -0.322742
v -0.077658 0.237670 -0.308902
v -0.077955 0.230647 -0.312028
v -0.073092 0.231613 -0.315983
v -0.071313 0.239613 -0.312452
v -0.079798 0.181605 -0.321298
v -0.080746 0.163551 -0.323557
v -0.077084 0.162907 -0.326429
v -0.076001 0.181442 -0.324378
v -0.072899 0.161713 -0.335041
v -0.072323 0.181306 -0.332892
v -0.073509 0.181342 -0.328243
v -0.074468 0.162292 -0.330258
v -0.075246 0.162871 -0.345672
v -0.075144 0.182092 -0.342593
v -0.072509 0.181560 -0.337712
v -0.072800 0.161914 -0.340220
v -0.074231 0.163187 -0.353719
v -0.073904 0.182512 -0.350923
v -0.075610 0.182410 -0.346997
v -0.075723 0.163296 -0.350173
v -0.074842 0.145380 -0.353482
v -0.072971 0.128713 -0.356942
v -0.073922 0.129033 -0.360003
v -0.074236 0.145360 -0.356747
v -0.071971 0.144664 -0.342637
v -0.070021 0.129809 -0.344964
v -0.071671 0.128972 -0.351931
v -0.074086 0.145149 -0.348779
v -0.074427 0.145574 -0.331828
v -0.073383 0.131187 -0.332957
v -0.070593 0.130546 -0.338640
v -0.072323 0.144792 -0.336958
v -0.081081 0.146946 -0.324787
v -0.080807 0.131791 -0.324985
v -0.076788 0.131600 -0.328404
v -0.077347 0.146293 -0.327770
v -0.076557 0.120383 -0.328351
v -0.080754 0.120280 -0.325052
v -0.069752 0.119107 -0.339758
v -0.072894 0.119964 -0.333238
v -0.070950 0.116690 -0.353616
v -0.069105 0.117985 -0.346560
v -0.074003 0.116475 -0.361628
v -0.072584 0.116249 -0.358625
v -0.094010 0.230881 -0.312582
v -0.090515 0.230363 -0.310993
v -0.090555 0.237133 -0.308965
v -0.093947 0.237665 -0.310500
v -0.095266 0.182356 -0.322068
v -0.095940 0.164857 -0.324329
v -0.092243 0.164518 -0.322419
v -0.091612 0.182105 -0.320193
v -0.101289 0.133267 -0.326267
v -0.096896 0.132975 -0.323720
v -0.094003 0.148140 -0.323592
v -0.097947 0.148493 -0.325727
v -0.098362 0.121458 -0.324183
v -0.103137 0.121725 -0.326954
v -0.089858 0.118047 -0.367370
v -0.085774 0.117317 -0.367585
v -0.087275 0.146417 -0.361590
v -0.083353 0.146019 -0.361760
v -0.084737 0.129981 -0.365359
v -0.088689 0.130526 -0.365226
v -0.085287 0.183167 -0.355797
v -0.081538 0.183020 -0.356022
v -0.082288 0.163700 -0.358649
v -0.086141 0.163964 -0.358446
v -0.080822 0.259542 -0.354823
v -0.077279 0.259769 -0.354989
v -0.078223 0.243207 -0.353781
v -0.081707 0.243272 -0.353475
v -0.076115 0.271748 -0.353928
v -0.079937 0.271780 -0.353870
v -0.069674 0.270868 -0.351398
v -0.072664 0.271415 -0.353102
v -0.072397 0.242654 -0.351424
v -0.075119 0.243005 -0.353100
v -0.074095 0.259732 -0.354236
v -0.071296 0.259337 -0.352584
v -0.075105 0.182656 -0.353656
v -0.075606 0.163230 -0.356261
v -0.078776 0.163455 -0.357921
v -0.078144 0.182849 -0.355309
v -0.076489 0.129321 -0.362506
v -0.080670 0.129579 -0.364452
v -0.079616 0.145698 -0.360967
v -0.076067 0.145452 -0.359210
v -0.081476 0.116859 -0.366555
v -0.076967 0.116680 -0.364272
v -0.086132 0.120503 -0.323258
v -0.092694 0.121052 -0.322954
v -0.085218 0.147446 -0.323104
v -0.089760 0.147791 -0.322718
v -0.091728 0.132592 -0.322652
v -0.085788 0.132120 -0.323067
v -0.087762 0.181906 -0.319380
v -0.088440 0.164229 -0.321628
v -0.084530 0.163993 -0.321957
v -0.083719 0.181759 -0.319630
v -0.086934 0.236898 -0.308123
v -0.086671 0.230117 -0.310169
v -0.082479 0.230144 -0.310103
v -0.082743 0.236624 -0.307214
v -0.065731 0.249357 -0.314409
v -0.066155 0.251817 -0.319869
v -0.077503 0.245152 -0.306286
v -0.070117 0.247258 -0.310107
v -0.087062 0.244211 -0.305485
v -0.083030 0.243952 -0.304509
v -0.104913 0.254768 -0.329794
v -0.106623 0.252485 -0.324520
v -0.094133 0.245007 -0.307901
v -0.090650 0.244440 -0.306359
v -0.104392 0.249696 -0.318388
v -0.099214 0.246530 -0.311604
v -0.097696 0.202116 -0.340768
v -0.096864 0.221534 -0.338481
v -0.091665 0.222019 -0.340896
v -0.092567 0.202229 -0.343288
v -0.100278 0.201521 -0.331842
v -0.100066 0.220639 -0.329310
v -0.099399 0.221044 -0.334378
v -0.100004 0.201838 -0.336709
v -0.077321 0.203078 -0.353433
v -0.076304 0.224140 -0.352294
v -0.073545 0.223903 -0.350667
v -0.074419 0.202882 -0.351792
v -0.073401 0.202531 -0.348829
v -0.072725 0.223242 -0.347438
v -0.074931 0.222196 -0.342525
v -0.075344 0.202033 -0.344452
v -0.074941 0.201522 -0.339970
v -0.074637 0.221186 -0.337794
v -0.071844 0.220212 -0.333242
v -0.072190 0.200991 -0.335385
v -0.071776 0.200547 -0.330677
v -0.071257 0.219434 -0.328398
v -0.071799 0.218816 -0.323350
v -0.072619 0.200183 -0.325941
v -0.075014 0.199896 -0.321876
v -0.074121 0.218271 -0.318918
v -0.078225 0.217802 -0.315100
v -0.078958 0.199689 -0.318480
v -0.083020 0.199625 -0.316691
v -0.082435 0.217589 -0.313138
v -0.086750 0.217633 -0.313033
v -0.087200 0.199706 -0.316515
v -0.084222 0.203380 -0.353866
v -0.082941 0.224602 -0.352653
v -0.079436 0.224372 -0.352956
v -0.080589 0.203245 -0.354125
v -0.091093 0.199887 -0.317337
v -0.090684 0.217862 -0.313853
v -0.094239 0.218276 -0.315600
v -0.094699 0.200163 -0.319158
v -0.089111 0.202590 -0.346936
v -0.088071 0.222887 -0.344792
v -0.086087 0.224136 -0.350172
v -0.087325 0.203205 -0.351712
v -0.097481 0.200565 -0.322402
v -0.097112 0.218972 -0.319049
v -0.099304 0.219949 -0.324200
v -0.099437 0.201096 -0.327073
v -0.101109 0.053252 -0.351860
v -0.102511 0.047813 -0.357149
v -0.107480 0.048828 -0.354820
v -0.105226 0.054044 -0.348809
v -0.109686 0.055337 -0.345759
v -0.112320 0.050292 -0.350843
v -0.117358 0.052281 -0.344515
v -0.114164 0.057068 -0.342573
v -0.116775 0.058827 -0.338070
v -0.120564 0.054253 -0.338366
v -0.122379 0.056283 -0.331575
v -0.118070 0.060725 -0.332636
v -0.117701 0.062495 -0.327199
v -0.122221 0.058153 -0.325042
v -0.120040 0.059838 -0.318790
v -0.116426 0.064514 -0.321815
v -0.075434 0.052330 -0.336531
v -0.069708 0.047486 -0.339402
v -0.071614 0.046650 -0.344431
v -0.076556 0.051867 -0.341477
v -0.073897 0.054724 -0.325853
v -0.070497 0.050595 -0.324802
v -0.069403 0.048790 -0.332506
v -0.073632 0.053292 -0.331806
v -0.078629 0.058622 -0.315893
v -0.076307 0.054785 -0.311846
v -0.072803 0.052494 -0.318036
v -0.075565 0.056546 -0.320557
v -0.088108 0.062213 -0.310311
v -0.087426 0.058716 -0.304901
v -0.081188 0.056896 -0.307443
v -0.082803 0.060511 -0.312487
v -0.115518 0.060895 -0.313701
v -0.108779 0.061322 -0.309871
v -0.106604 0.065870 -0.314035
v -0.112612 0.065608 -0.317388
v -0.096179 0.052685 -0.353167
v -0.089997 0.052269 -0.351977
v -0.088996 0.046542 -0.355002
v -0.096186 0.047017 -0.357245
v -0.075800 0.046278 -0.348872
v -0.082266 0.046286 -0.352242
v -0.084249 0.051951 -0.349625
v -0.078927 0.051753 -0.346080
v -0.093911 0.063788 -0.310018
v -0.100328 0.065442 -0.311342
v -0.101750 0.061069 -0.306901
v -0.094318 0.060103 -0.304726
v -0.095454 0.095358 -0.368954
v -0.095305 0.089140 -0.365597
v -0.098523 0.088901 -0.362266
v -0.098889 0.095669 -0.366373
v -0.102580 0.095833 -0.362715
v -0.102081 0.088953 -0.358494
v -0.105892 0.089876 -0.354592
v -0.106539 0.095848 -0.357988
v -0.108963 0.095700 -0.352221
v -0.107793 0.091302 -0.349736
v -0.108411 0.092151 -0.343964
v -0.109889 0.095790 -0.345322
v -0.109169 0.095775 -0.340213
v -0.107755 0.092264 -0.339654
v -0.105785 0.092270 -0.336808
v -0.106765 0.095659 -0.336879
v -0.107406 0.085440 -0.333038
v -0.108425 0.084331 -0.336267
v -0.113287 0.071611 -0.331014
v -0.112074 0.073324 -0.326663
v -0.113831 0.070086 -0.335657
v -0.109010 0.083235 -0.340408
v -0.108367 0.081846 -0.345512
v -0.112917 0.068415 -0.340609
v -0.110759 0.066890 -0.344437
v -0.106651 0.080627 -0.349525
v -0.103226 0.079530 -0.352229
v -0.106760 0.065399 -0.346847
v -0.102752 0.064197 -0.349526
v -0.099696 0.078536 -0.355162
v -0.096322 0.077922 -0.358928
v -0.099133 0.063400 -0.352567
v -0.073096 0.092968 -0.359806
v -0.076476 0.086436 -0.354947
v -0.077134 0.087710 -0.359801
v -0.074331 0.093361 -0.363500
v -0.071261 0.091834 -0.348629
v -0.074432 0.086721 -0.344557
v -0.074781 0.085881 -0.349687
v -0.072045 0.092408 -0.354950
v -0.075246 0.094027 -0.335696
v -0.077949 0.090153 -0.334754
v -0.075487 0.088213 -0.339600
v -0.072281 0.093237 -0.342313
v -0.082428 0.094838 -0.330000
v -0.083908 0.091054 -0.330271
v -0.080746 0.090728 -0.331722
v -0.078644 0.094556 -0.331547
v -0.087250 0.070769 -0.317514
v -0.082948 0.069237 -0.319430
v -0.082747 0.081964 -0.327957
v -0.085894 0.083031 -0.326400
v -0.076827 0.065517 -0.326235
v -0.077756 0.078638 -0.334554
v -0.080042 0.080501 -0.330661
v -0.079482 0.067491 -0.322327
v -0.075820 0.062771 -0.335614
v -0.076814 0.076624 -0.343248
v -0.076683 0.077344 -0.338753
v -0.075609 0.063942 -0.330673
v -0.078422 0.061903 -0.344459
v -0.078286 0.076656 -0.352723
v -0.078286 0.076589 -0.347482
v -0.077664 0.062170 -0.339776
v -0.102514 0.092274 -0.334015
v -0.097935 0.092266 -0.331273
v -0.098207 0.095394 -0.330765
v -0.103112 0.095535 -0.333731
v -0.108653 0.074254 -0.322983
v -0.103339 0.074485 -0.320063
v -0.099634 0.086175 -0.327434
v -0.104379 0.086105 -0.330049
v -0.092407 0.077370 -0.361024
v -0.087506 0.076526 -0.360265
v -0.089553 0.062163 -0.353411
v -0.094921 0.062709 -0.354097
v -0.091241 0.094717 -0.370083
v -0.086259 0.093753 -0.369739
v -0.086314 0.087688 -0.365949
v -0.091087 0.088772 -0.366639
v -0.078106 0.088023 -0.363229
v -0.081989 0.087436 -0.364803
v -0.081547 0.093346 -0.368500
v -0.077149 0.093487 -0.366392
v -0.080164 0.061768 -0.348564
v -0.084634 0.061856 -0.351569
v -0.083101 0.076287 -0.358915
v -0.079192 0.076650 -0.356987
v -0.089856 0.084321 -0.325716
v -0.094726 0.085833 -0.325718
v -0.097770 0.074011 -0.317851
v -0.092142 0.072291 -0.317076
v -0.087179 0.095062 -0.329234
v -0.092897 0.095234 -0.329258
v -0.093108 0.092000 -0.329820
v -0.088029 0.091476 -0.329636
v -0.107402 0.101411 -0.357390
v -0.102822 0.101831 -0.363240
v -0.110970 0.099240 -0.344593
v -0.110137 0.099584 -0.351203
v -0.108157 0.098648 -0.335103
v -0.110127 0.099104 -0.339286
v -0.098893 0.098144 -0.328673
v -0.104205 0.098376 -0.331778
v -0.093015 0.098026 -0.327082
v -0.086667 0.098028 -0.327072
v -0.077109 0.097706 -0.329584
v -0.081348 0.097924 -0.327920
v -0.070613 0.096570 -0.342732
v -0.073792 0.097306 -0.335198
v -0.070928 0.098549 -0.356468
v -0.069680 0.097903 -0.349594
v -0.073764 0.098369 -0.364929
v -0.072315 0.098661 -0.361515
v -0.081522 0.098600 -0.370075
v -0.076833 0.098352 -0.367778
v -0.086314 0.099127 -0.371306
v -0.091223 0.099933 -0.371470
v -0.098829 0.101403 -0.367526
v -0.095388 0.100702 -0.370218
v -0.112940 0.048464 -0.351056
v -0.117859 0.050338 -0.344448
v -0.107971 0.047044 -0.355274
v -0.102647 0.046012 -0.357695
v -0.096217 0.045211 -0.357673
v -0.088858 0.044712 -0.355200
v -0.081939 0.044481 -0.352344
v -0.075281 0.044531 -0.349030
v -0.070901 0.045004 -0.344602
v -0.068940 0.045782 -0.339247
v -0.068840 0.047004 -0.332109
v -0.070167 0.048673 -0.324381
v -0.072598 0.050601 -0.317289
v -0.076140 0.052923 -0.310861
v -0.081106 0.055103 -0.306328
v -0.087460 0.056934 -0.303750
v -0.094480 0.058335 -0.303562
v -0.102069 0.059305 -0.305733
v -0.109239 0.059540 -0.308762
v -0.116108 0.059084 -0.312710
v -0.120714 0.057995 -0.317914
v -0.122939 0.056277 -0.324273
v -0.123090 0.054349 -0.330948
v -0.121184 0.052268 -0.337945
v -0.120349 0.054934 -0.317355
v -0.115968 0.055808 -0.312297
v -0.122468 0.053513 -0.323509
v -0.122554 0.051915 -0.330008
v -0.120590 0.050242 -0.336889
v -0.117266 0.048552 -0.343429
v -0.112365 0.046734 -0.350188
v -0.107473 0.045345 -0.354405
v -0.102476 0.044423 -0.356660
v -0.096433 0.043774 -0.356533
v -0.089203 0.043382 -0.353935
v -0.082248 0.043169 -0.351041
v -0.075700 0.043106 -0.347910
v -0.071607 0.043415 -0.343863
v -0.069819 0.044107 -0.338851
v -0.069820 0.045297 -0.331876
v -0.071248 0.046875 -0.324100
v -0.073692 0.048586 -0.316934
v -0.077089 0.050540 -0.310523
v -0.081814 0.052282 -0.306084
v -0.087887 0.053853 -0.303564
v -0.094627 0.055073 -0.303289
v -0.102118 0.055919 -0.305269
v -0.109254 0.056157 -0.308280
v -0.117375 0.047964 -0.343327
v -0.120717 0.049653 -0.336750
v -0.122705 0.051315 -0.329857
v -0.122628 0.052916 -0.323324
v -0.120500 0.054338 -0.317140
v -0.116099 0.055224 -0.312046
v -0.109371 0.055593 -0.308008
v -0.102219 0.055354 -0.304988
v -0.094704 0.054502 -0.303009
v -0.087920 0.053279 -0.303290
v -0.081814 0.051702 -0.305822
v -0.077074 0.049970 -0.310288
v -0.073683 0.048007 -0.316730
v -0.071225 0.046286 -0.323945
v -0.069784 0.044721 -0.331730
v -0.069784 0.043504 -0.338770
v -0.071610 0.042801 -0.343799
v -0.075759 0.042510 -0.347803
v -0.082303 0.042604 -0.350854
v -0.089278 0.042814 -0.353750
v -0.096479 0.043174 -0.356425
v -0.102544 0.043817 -0.356589
v -0.107601 0.044759 -0.354316
v -0.112492 0.046158 -0.350065
v -0.126322 0.032987 -0.308261
v -0.122915 0.048308 -0.313961
v -0.125264 0.047264 -0.320793
v -0.129143 0.032877 -0.315907
v -0.129010 0.032724 -0.323450
v -0.125254 0.046077 -0.327888
v -0.122882 0.044730 -0.335240
v -0.125921 0.032525 -0.330890
v -0.119136 0.043371 -0.342570
v -0.114375 0.041884 -0.348897
v -0.115801 0.031764 -0.346130
v -0.121410 0.032207 -0.338740
v -0.109144 0.040649 -0.353676
v -0.103762 0.039754 -0.356050
v -0.104667 0.030900 -0.353674
v -0.110135 0.031308 -0.351348
v -0.081393 0.031647 -0.295495
v -0.081283 0.046276 -0.301924
v -0.087872 0.047481 -0.299113
v -0.088517 0.031999 -0.292215
v -0.073128 0.031001 -0.308489
v -0.072839 0.043221 -0.314007
v -0.076270 0.044855 -0.306887
v -0.076260 0.031316 -0.300921
v -0.070593 0.030694 -0.317304
v -0.068983 0.030384 -0.326496
v -0.068696 0.040535 -0.329893
v -0.070202 0.041797 -0.321980
v -0.068968 0.030158 -0.334201
v -0.070861 0.029979 -0.339562
v -0.070610 0.038838 -0.342322
v -0.068738 0.039510 -0.336922
v -0.121182 0.032956 -0.301371
v -0.113724 0.032788 -0.295236
v -0.111019 0.049253 -0.303491
v -0.118162 0.048973 -0.308191
v -0.097254 0.039097 -0.355661
v -0.089862 0.038708 -0.351835
v -0.090688 0.030250 -0.348619
v -0.098085 0.030537 -0.353031
v -0.075488 0.029935 -0.343588
v -0.083154 0.030050 -0.345470
v -0.082476 0.038522 -0.348786
v -0.075108 0.038502 -0.346497
v -0.095234 0.048402 -0.298567
v -0.103374 0.049054 -0.300284
v -0.105519 0.032571 -0.291768
v -0.096560 0.032308 -0.290974
v -0.116246 0.024083 -0.344361
v -0.115433 0.021859 -0.343572
v -0.121097 0.021629 -0.336249
v -0.122141 0.023848 -0.336674
v -0.105018 0.024468 -0.352054
v -0.104571 0.022264 -0.351003
v -0.109809 0.022085 -0.348799
v -0.110425 0.024306 -0.349796
v -0.091253 0.025077 -0.346619
v -0.091327 0.022857 -0.345542
v -0.098311 0.022511 -0.350180
v -0.098523 0.024721 -0.351267
v -0.076104 0.025846 -0.341810
v -0.076617 0.023596 -0.341022
v -0.084096 0.023217 -0.342489
v -0.083778 0.025454 -0.343471
v -0.069617 0.026328 -0.332648
v -0.070329 0.024038 -0.332181
v -0.072122 0.023883 -0.337342
v -0.071481 0.026146 -0.337942
v -0.071271 0.026354 -0.315142
v -0.071883 0.024055 -0.315391
v -0.070359 0.024085 -0.324564
v -0.069662 0.026381 -0.324736
v -0.076633 0.025824 -0.298375
v -0.077068 0.023544 -0.299183
v -0.074226 0.023871 -0.306643
v -0.073704 0.026166 -0.306063
v -0.088973 0.024949 -0.289338
v -0.089020 0.022704 -0.290421
v -0.082002 0.023157 -0.293774
v -0.081722 0.025417 -0.292801
v -0.106416 0.023888 -0.288099
v -0.105895 0.021681 -0.289224
v -0.096983 0.022212 -0.288904
v -0.097205 0.024438 -0.287771
v -0.122255 0.023165 -0.298398
v -0.121220 0.020982 -0.299190
v -0.113974 0.021272 -0.292653
v -0.114765 0.023464 -0.291642
v -0.130517 0.022947 -0.313689
v -0.129207 0.020770 -0.314004
v -0.126298 0.020815 -0.306310
v -0.127504 0.022994 -0.305744
v -0.126943 0.023528 -0.328716
v -0.125733 0.021321 -0.328582
v -0.129018 0.020938 -0.321431
v -0.130330 0.023126 -0.321343
v -0.113264 0.020542 -0.319240
v -0.110488 0.020612 -0.311744
v -0.103968 0.020893 -0.306125
v -0.095812 0.021349 -0.305512
v -0.088781 0.021771 -0.308772
v -0.084954 0.022082 -0.315695
v -0.083431 0.022162 -0.324625
v -0.085653 0.022049 -0.330888
v -0.092156 0.021719 -0.334370
v -0.099494 0.021364 -0.336757
v -0.105661 0.021057 -0.334027
v -0.111021 0.020791 -0.326778
v -0.013063 0.620480 -0.459614
v -0.013486 0.620747 -0.459443
v -0.014690 0.620885 -0.459149
v -0.015570 0.624255 -0.457169
v -0.003327 0.646996 -0.456893
v -0.001383 0.646071 -0.456738
v 0.000749 0.646546 -0.456507
v 0.001880 0.648567 -0.456577
v -0.017359 0.632596 -0.457626
v -0.015200 0.640180 -0.457473
v -0.009043 0.647057 -0.457174
v -0.005075 0.649321 -0.456971
v 0.002018 0.652132 -0.456941
v 0.004122 0.654590 -0.456976
v -0.012995 0.619821 -0.459833
v -0.001326 0.610193 -0.457426
v -0.008941 0.616030 -0.457959
v 0.008181 0.655922 -0.456680
v 0.010038 0.655572 -0.456486
v 0.002784 0.609514 -0.457159
v -0.005258 0.618590 -0.380863
v -0.011233 0.613301 -0.382716
v -0.012829 0.610060 -0.391106
v -0.010110 0.608314 -0.404750
v -0.006178 0.606414 -0.412461
v -0.000993 0.604622 -0.415503
v 0.001704 0.623068 -0.381640
v -0.000946 0.621835 -0.380498
v -0.000343 0.630351 -0.395770
v 0.002343 0.631705 -0.396773
v 0.003076 0.638925 -0.408759
v 0.000270 0.637773 -0.408564
v -0.002499 0.626534 -0.397449
v -0.001423 0.633296 -0.410311
v -0.002177 0.634393 -0.411339
v -0.005987 0.626546 -0.396092
v -0.007848 0.633769 -0.409968
v -0.012645 0.628272 -0.411180
v -0.011699 0.620823 -0.396936
v -0.013164 0.616406 -0.403107
v -0.013644 0.622956 -0.415304
v -0.010875 0.617871 -0.421860
v -0.010422 0.613226 -0.413879
v -0.006646 0.613722 -0.425462
v -0.000932 0.610517 -0.426596
v -0.000914 0.608412 -0.422150
v -0.006338 0.610635 -0.419979
v -0.001194 0.635878 -0.408273
v -0.001307 0.633227 -0.408179
v -0.002208 0.626314 -0.394275
v -0.001860 0.628558 -0.395009
v -0.002866 0.626631 -0.395048
v -0.003242 0.634225 -0.409653
v -0.004708 0.635734 -0.409609
v -0.003039 0.628483 -0.395464
v -0.002170 0.637352 -0.420578
v -0.003701 0.638538 -0.420672
v -0.000683 0.637599 -0.419306
v -0.001166 0.636553 -0.419822
v -0.011665 0.620907 -0.430011
v -0.007221 0.615644 -0.432129
v -0.013607 0.632800 -0.422528
v -0.014455 0.627110 -0.425786
v -0.005761 0.640112 -0.420095
v -0.009066 0.638197 -0.420708
v 0.000774 0.642487 -0.418719
v -0.000720 0.640497 -0.419049
v -0.003228 0.620365 -0.380580
v -0.001065 0.611507 -0.432589
v 0.003783 0.643565 -0.418299
v 0.001874 0.608178 -0.422125
v 0.001663 0.604473 -0.415562
v 0.002043 0.610222 -0.426522
v 0.002990 0.623023 -0.381690
v 0.003624 0.631618 -0.396836
v 0.004415 0.638812 -0.408761
v 0.002190 0.611134 -0.432437
v 0.005222 0.643413 -0.418258
v 0.005119 0.648056 -0.432397
v 0.001740 0.646906 -0.432540
v -0.000660 0.640379 -0.432142
v -0.002265 0.640298 -0.432486
v -0.009347 0.641453 -0.432704
v -0.014450 0.635814 -0.433257
v -0.015599 0.629581 -0.434655
v -0.012836 0.622709 -0.436692
v -0.008078 0.616793 -0.437500
v -0.001294 0.611873 -0.437250
v 0.002987 0.649743 -0.444873
v 0.006734 0.650929 -0.444838
v -0.001956 0.642323 -0.444019
v 0.000045 0.642813 -0.443861
v -0.014995 0.637649 -0.444143
v -0.009309 0.643582 -0.444215
v -0.014179 0.623594 -0.445184
v -0.016609 0.630982 -0.444482
v -0.001470 0.611122 -0.444625
v -0.008692 0.616555 -0.445347
v 0.001056 0.644579 -0.444054
v 0.001091 0.647624 -0.444612
v 0.000069 0.644851 -0.432436
v 0.000116 0.641899 -0.432115
v -0.003999 0.641261 -0.432606
v -0.005860 0.643268 -0.432503
v -0.005584 0.645422 -0.444220
v -0.003834 0.643193 -0.444138
v -0.012488 0.618932 -0.447002
v -0.012935 0.619345 -0.446874
v 0.006704 0.647848 -0.432300
v 0.008462 0.650660 -0.444718
v 0.002448 0.610555 -0.444344
v 0.002342 0.611416 -0.437023
v 0.020989 0.614565 -0.455940
v 0.020440 0.614449 -0.456204
v 0.024741 0.617592 -0.454557
v 0.022300 0.614307 -0.455406
v 0.017782 0.642588 -0.454774
v 0.019911 0.642776 -0.454511
v 0.015483 0.646075 -0.455176
v 0.015924 0.643786 -0.454951
v 0.029103 0.632347 -0.452997
v 0.028861 0.624543 -0.452992
v 0.022316 0.644339 -0.454162
v 0.025367 0.640856 -0.453661
v 0.015271 0.652502 -0.455814
v 0.016463 0.649451 -0.455443
v 0.020102 0.613842 -0.456457
v 0.015611 0.611749 -0.455499
v 0.006893 0.608835 -0.456893
v 0.011896 0.655222 -0.456292
v 0.016048 0.611890 -0.382871
v 0.010686 0.617753 -0.380954
v 0.014067 0.606743 -0.404820
v 0.017197 0.608393 -0.391265
v 0.004318 0.604224 -0.415491
v 0.009761 0.605265 -0.412456
v 0.006761 0.621425 -0.380542
v 0.004273 0.622929 -0.381655
v 0.008288 0.637082 -0.408489
v 0.005748 0.638692 -0.408731
v 0.004906 0.631528 -0.396778
v 0.007352 0.629831 -0.395790
v 0.010196 0.633306 -0.411201
v 0.009219 0.632382 -0.410213
v 0.008959 0.625764 -0.397478
v 0.017304 0.618970 -0.397040
v 0.019427 0.625602 -0.410947
v 0.015618 0.631768 -0.409765
v 0.012405 0.625335 -0.396148
v 0.014883 0.611261 -0.413786
v 0.016066 0.615339 -0.421382
v 0.019588 0.620102 -0.414983
v 0.018143 0.614297 -0.403178
v 0.010390 0.609203 -0.419814
v 0.004660 0.607919 -0.422081
v 0.005017 0.609923 -0.426450
v 0.011200 0.611956 -0.425045
v 0.008589 0.627868 -0.395042
v 0.008620 0.625616 -0.394314
v 0.009020 0.632372 -0.408110
v 0.009374 0.634985 -0.408188
v 0.009749 0.627636 -0.395502
v 0.012862 0.634221 -0.409444
v 0.011149 0.632997 -0.409527
v 0.009318 0.625837 -0.395089
v 0.013071 0.636765 -0.420154
v 0.011318 0.635934 -0.420172
v 0.010110 0.635386 -0.419507
v 0.009819 0.636516 -0.419017
v 0.012308 0.613376 -0.431217
v 0.017673 0.617584 -0.428764
v 0.021483 0.623241 -0.424563
v 0.021652 0.629107 -0.421472
v 0.018230 0.635333 -0.419889
v 0.015372 0.637885 -0.419454
v 0.010451 0.639332 -0.418726
v 0.009400 0.641581 -0.418463
v 0.008865 0.619726 -0.380649
v 0.005444 0.610752 -0.432284
v 0.006660 0.643263 -0.418213
v 0.011249 0.645685 -0.431940
v 0.008289 0.647648 -0.432196
v 0.013398 0.638319 -0.431537
v 0.011828 0.638806 -0.431391
v 0.024095 0.631007 -0.430991
v 0.020515 0.637691 -0.430905
v 0.019690 0.618574 -0.434656
v 0.023832 0.624645 -0.432304
v 0.005976 0.610950 -0.436795
v 0.013729 0.614007 -0.436115
v 0.010191 0.650400 -0.444592
v 0.013356 0.648164 -0.444134
v 0.013855 0.640755 -0.442871
v 0.015626 0.639707 -0.442758
v 0.022969 0.638795 -0.441900
v 0.026614 0.631569 -0.441160
v 0.026299 0.624749 -0.441404
v 0.021993 0.618327 -0.442587
v 0.014814 0.613133 -0.443658
v 0.006367 0.609991 -0.444062
v 0.014442 0.645606 -0.443658
v 0.013457 0.642723 -0.443166
v 0.011461 0.640465 -0.431426
v 0.012305 0.643290 -0.431676
v 0.017596 0.640299 -0.431074
v 0.015321 0.638816 -0.431431
v 0.017672 0.639992 -0.442596
v 0.019996 0.641606 -0.442388
v 0.019247 0.614221 -0.444725
v 0.019776 0.614495 -0.444526
v 0.009761 0.656081 -0.473788
v 0.012795 0.657518 -0.494583
v 0.008180 0.656352 -0.494943
v 0.005416 0.654774 -0.474053
v 0.001706 0.647339 -0.473147
v 0.003930 0.649017 -0.493549
v 0.001561 0.648550 -0.493756
v -0.000549 0.646830 -0.473344
v -0.008619 0.647569 -0.473722
v -0.006768 0.649177 -0.494562
v -0.013880 0.641715 -0.494588
v -0.015154 0.640530 -0.473873
v -0.017741 0.632688 -0.473785
v -0.017175 0.633469 -0.494235
v -0.016654 0.624446 -0.493512
v -0.016379 0.624058 -0.473463
v -0.012301 0.616196 -0.477127
v -0.012977 0.614787 -0.495756
v -0.010790 0.613866 -0.496233
v -0.007896 0.613826 -0.474147
v -0.006571 0.611531 -0.493229
v 0.000801 0.606335 -0.492298
v -0.000218 0.608447 -0.473376
v 0.016407 0.656677 -0.517782
v 0.020236 0.650321 -0.543088
v 0.015654 0.649739 -0.543217
v 0.011708 0.655746 -0.518106
v 0.006608 0.648180 -0.515738
v 0.009306 0.642142 -0.538818
v 0.006716 0.641615 -0.538789
v 0.004127 0.647691 -0.515888
v -0.004440 0.647685 -0.516855
v -0.002162 0.640519 -0.539305
v -0.010036 0.633385 -0.536565
v -0.011982 0.640067 -0.516074
v -0.015918 0.631895 -0.514884
v -0.014534 0.626135 -0.533607
v -0.015661 0.618772 -0.530411
v -0.016241 0.623180 -0.513288
v -0.009700 0.611717 -0.511368
v -0.012002 0.612718 -0.511192
v -0.010863 0.608578 -0.525504
v -0.008331 0.607489 -0.525098
v -0.005101 0.608665 -0.510686
v -0.003948 0.604521 -0.523560
v 0.002291 0.599669 -0.520916
v 0.001795 0.603566 -0.509172
v 0.018777 0.630278 -0.572733
v 0.023427 0.630386 -0.572741
v 0.008625 0.624191 -0.563582
v 0.011210 0.624532 -0.563956
v -0.008150 0.617791 -0.555767
v -0.000475 0.623043 -0.562645
v -0.015483 0.608409 -0.543893
v -0.013727 0.613173 -0.549919
v -0.007765 0.600395 -0.533513
v -0.010658 0.600934 -0.534178
v 0.001915 0.594703 -0.526118
v -0.003576 0.598413 -0.530810
v 0.013488 0.626113 -0.566270
v 0.015461 0.628875 -0.570562
v 0.012668 0.647702 -0.542148
v 0.011285 0.644181 -0.539919
v 0.008223 0.650143 -0.516296
v 0.008977 0.653569 -0.517597
v 0.005678 0.654141 -0.494691
v 0.005300 0.650883 -0.493853
v 0.002933 0.649226 -0.473329
v 0.003139 0.652490 -0.473897
v -0.004425 0.649958 -0.473599
v -0.002593 0.647701 -0.473495
v -0.000522 0.649461 -0.494035
v -0.002313 0.651754 -0.494389
v 0.000228 0.650478 -0.516943
v 0.002002 0.648458 -0.516288
v 0.004511 0.642031 -0.539258
v 0.002692 0.643387 -0.540229
v 0.004574 0.625121 -0.565289
v 0.006410 0.624388 -0.564024
v -0.012019 0.602006 -0.535472
v -0.011857 0.603283 -0.537107
v -0.011991 0.611986 -0.526917
v -0.012086 0.610080 -0.526109
v -0.013112 0.614200 -0.511268
v -0.013024 0.616158 -0.511613
v -0.013511 0.617937 -0.493045
v -0.013533 0.616301 -0.492980
v -0.012877 0.617476 -0.474174
v -0.012962 0.618491 -0.473976
v -0.012917 0.604499 -0.538873
v -0.015212 0.605499 -0.540229
v -0.015150 0.614541 -0.528467
v -0.013012 0.613474 -0.527702
v -0.013831 0.617554 -0.511973
v -0.015540 0.618398 -0.512339
v -0.015661 0.619633 -0.493149
v -0.014220 0.619044 -0.493100
v -0.013678 0.619188 -0.473737
v -0.015019 0.619560 -0.473453
v 0.022278 0.649846 -0.542667
v 0.025486 0.630004 -0.572117
v 0.018528 0.656215 -0.517465
v 0.014902 0.657113 -0.494334
v 0.011761 0.655751 -0.473596
v 0.005225 0.594049 -0.525159
v 0.005901 0.598843 -0.520203
v 0.005642 0.602738 -0.508618
v 0.003939 0.607787 -0.472999
v 0.004831 0.605580 -0.491841
v 0.017421 0.652801 -0.472904
v 0.020826 0.653928 -0.493454
v 0.017009 0.656709 -0.494086
v 0.013761 0.655422 -0.473404
v 0.020268 0.643460 -0.471393
v 0.023643 0.644366 -0.491203
v 0.021620 0.645665 -0.491503
v 0.018294 0.644651 -0.471591
v 0.032012 0.632978 -0.469528
v 0.035353 0.632447 -0.488951
v 0.031592 0.641915 -0.490134
v 0.028083 0.641648 -0.470298
v 0.028045 0.617045 -0.469458
v 0.031495 0.615466 -0.488089
v 0.035322 0.623633 -0.488275
v 0.032001 0.624785 -0.469254
v 0.022767 0.607443 -0.492312
v 0.025023 0.607553 -0.491353
v 0.022283 0.610556 -0.473871
v 0.008096 0.607127 -0.472623
v 0.008861 0.604824 -0.491384
v 0.017610 0.606991 -0.490485
v 0.017046 0.609854 -0.471876
v 0.024437 0.652975 -0.516202
v 0.027903 0.646894 -0.540704
v 0.024321 0.649373 -0.542249
v 0.020649 0.655753 -0.517147
v 0.027092 0.642732 -0.512526
v 0.030153 0.636168 -0.534083
v 0.028244 0.637742 -0.535013
v 0.025088 0.644186 -0.513030
v 0.038122 0.629266 -0.508795
v 0.039716 0.621823 -0.526648
v 0.037224 0.631368 -0.531391
v 0.034830 0.639204 -0.511109
v 0.034322 0.612340 -0.506051
v 0.035968 0.606766 -0.520260
v 0.039299 0.613614 -0.522952
v 0.037954 0.620313 -0.507116
v 0.023168 0.600159 -0.518916
v 0.025920 0.600027 -0.518339
v 0.025862 0.604611 -0.505800
v 0.023438 0.604591 -0.506605
v 0.009489 0.601909 -0.508063
v 0.009506 0.597989 -0.519500
v 0.017694 0.599481 -0.519301
v 0.017983 0.603694 -0.507356
v 0.027545 0.629621 -0.571494
v 0.031132 0.627979 -0.568993
v 0.030763 0.620816 -0.558103
v 0.032475 0.619653 -0.556445
v 0.038615 0.615625 -0.550938
v 0.039314 0.608702 -0.541624
v 0.039112 0.602981 -0.534237
v 0.035780 0.598448 -0.528730
v 0.024716 0.593878 -0.523961
v 0.021658 0.594650 -0.524840
v 0.016269 0.594543 -0.524954
v 0.008534 0.593386 -0.524202
v 0.032167 0.625750 -0.565521
v 0.030660 0.622868 -0.561115
v 0.025765 0.649922 -0.515101
v 0.024643 0.646587 -0.513877
v 0.027886 0.640325 -0.536565
v 0.029090 0.643886 -0.538796
v 0.018762 0.649935 -0.472410
v 0.017789 0.646811 -0.471928
v 0.021136 0.647874 -0.492013
v 0.022198 0.650985 -0.492755
v 0.028454 0.645919 -0.490825
v 0.025921 0.644451 -0.490977
v 0.022474 0.643644 -0.471145
v 0.024911 0.645204 -0.470847
v 0.034766 0.635936 -0.533768
v 0.032327 0.635569 -0.533669
v 0.029369 0.642543 -0.512279
v 0.031918 0.643624 -0.512292
v 0.034472 0.619057 -0.555622
v 0.036756 0.619027 -0.555633
v 0.027993 0.595344 -0.525590
v 0.026823 0.594245 -0.524263
v 0.028260 0.607325 -0.505743
v 0.027468 0.605524 -0.505509
v 0.027802 0.600806 -0.518359
v 0.028814 0.602498 -0.518974
v 0.023212 0.612756 -0.470696
v 0.022844 0.611800 -0.470930
v 0.025658 0.609006 -0.488580
v 0.026227 0.610533 -0.488580
v 0.032725 0.596139 -0.526088
v 0.029945 0.596108 -0.526257
v 0.031549 0.608317 -0.505627
v 0.029623 0.608258 -0.505785
v 0.030568 0.603340 -0.519198
v 0.033063 0.603330 -0.519034
v 0.025402 0.613187 -0.469819
v 0.024065 0.613217 -0.470327
v 0.027284 0.611319 -0.488437
v 0.028822 0.611361 -0.488157
v 0.020433 0.565757 -0.597493
v 0.019950 0.528918 -0.602515
v 0.014632 0.529023 -0.602892
v 0.015322 0.565923 -0.597567
v 0.006745 0.565625 -0.584710
v 0.003549 0.529741 -0.589422
v 0.001236 0.529709 -0.588866
v 0.004452 0.565574 -0.584012
v -0.004154 0.565197 -0.580472
v -0.007165 0.530520 -0.585758
v -0.011959 0.530067 -0.574648
v -0.009595 0.563714 -0.569766
v -0.015443 0.562868 -0.562391
v -0.018046 0.530091 -0.567402
v -0.018602 0.529595 -0.560022
v -0.016400 0.561691 -0.555248
v -0.005883 0.558767 -0.543720
v -0.009781 0.559728 -0.544293
v -0.011133 0.528947 -0.547729
v -0.006902 0.527392 -0.547022
v -0.001608 0.557650 -0.541406
v -0.002884 0.525838 -0.544806
v 0.000907 0.524285 -0.541087
v 0.003046 0.556391 -0.537354
v 0.019686 0.502243 -0.603912
v 0.019585 0.485826 -0.604092
v 0.014500 0.485741 -0.604929
v 0.014375 0.502258 -0.604536
v 0.001512 0.502868 -0.591042
v 0.000650 0.485670 -0.591739
v -0.001906 0.485513 -0.591185
v -0.000888 0.502788 -0.590518
v -0.009159 0.503902 -0.587979
v -0.010072 0.486206 -0.589052
v -0.014258 0.485009 -0.579108
v -0.013531 0.503403 -0.577093
v -0.019635 0.503292 -0.570107
v -0.020158 0.484123 -0.572609
v -0.020154 0.483270 -0.565086
v -0.019861 0.502787 -0.562575
v -0.007610 0.500976 -0.548788
v -0.011869 0.502996 -0.549791
v -0.011850 0.483914 -0.552196
v -0.008039 0.481982 -0.551356
v -0.003836 0.499026 -0.546441
v -0.004648 0.480167 -0.549177
v -0.001688 0.478487 -0.545665
v -0.000549 0.497145 -0.542751
v 0.000414 0.565717 -0.584895
v 0.002344 0.565604 -0.584073
v -0.000849 0.529910 -0.589099
v -0.002697 0.530353 -0.590131
v -0.004799 0.503700 -0.592076
v -0.002992 0.503064 -0.590862
v -0.004066 0.485769 -0.591502
v -0.005834 0.486439 -0.592687
v 0.009453 0.485715 -0.602017
v 0.004437 0.485743 -0.595352
v 0.004961 0.502748 -0.594692
v 0.009466 0.502426 -0.601463
v 0.010151 0.529249 -0.599739
v 0.006520 0.529591 -0.593050
v 0.009108 0.565749 -0.588196
v 0.011545 0.565925 -0.594469
v -0.013823 0.484919 -0.554998
v -0.013780 0.484903 -0.553403
v -0.014018 0.504210 -0.551265
v -0.014028 0.504603 -0.553189
v -0.013243 0.530535 -0.551145
v -0.013249 0.529996 -0.549102
v -0.011731 0.560441 -0.545557
v -0.011740 0.560915 -0.547526
v -0.018582 0.483388 -0.559945
v -0.015425 0.484423 -0.557177
v -0.015516 0.504235 -0.555308
v -0.018486 0.503105 -0.557634
v -0.017468 0.529712 -0.555285
v -0.014651 0.530447 -0.553205
v -0.013024 0.561141 -0.549300
v -0.015592 0.561114 -0.550897
v -0.008697 0.584718 -0.538381
v -0.010459 0.585347 -0.539630
v -0.010494 0.586001 -0.541544
v -0.011736 0.586520 -0.543136
v -0.014182 0.586905 -0.544406
v -0.014875 0.588241 -0.548509
v 0.004190 0.596951 -0.575637
v 0.006352 0.597001 -0.575582
v 0.008708 0.597180 -0.576325
v 0.010731 0.597847 -0.579465
v -0.000752 0.583002 -0.535386
v -0.005210 0.584107 -0.537805
v -0.013818 0.590530 -0.555444
v -0.008330 0.592730 -0.562649
v -0.002395 0.595726 -0.572416
v 0.002221 0.597031 -0.576489
v 0.012423 0.598959 -0.585015
v 0.015701 0.599473 -0.587912
v 0.004673 0.581406 -0.531132
v 0.020576 0.599433 -0.588155
v 0.005759 0.556149 -0.536612
v 0.007759 0.581076 -0.530411
v 0.003214 0.524133 -0.540376
v 0.001533 0.497066 -0.542053
v 0.000342 0.478496 -0.544937
v 0.022165 0.502142 -0.603083
v 0.021971 0.485806 -0.603251
v 0.022427 0.528754 -0.601752
v 0.022814 0.565541 -0.596853
v 0.022842 0.599190 -0.587634
v 0.029607 0.564624 -0.593724
v 0.029495 0.528039 -0.598310
v 0.024904 0.528590 -0.600989
v 0.025194 0.565324 -0.596212
v 0.032018 0.563046 -0.576642
v 0.032661 0.527597 -0.579221
v 0.031075 0.527890 -0.580979
v 0.030419 0.563453 -0.578380
v 0.036616 0.559479 -0.557409
v 0.035611 0.526831 -0.560115
v 0.037912 0.527465 -0.571968
v 0.037535 0.561378 -0.569317
v 0.034889 0.556989 -0.541543
v 0.032897 0.526071 -0.544320
v 0.036595 0.526357 -0.550731
v 0.037809 0.557985 -0.548162
v 0.015750 0.525853 -0.540101
v 0.019903 0.526805 -0.538298
v 0.023504 0.556673 -0.535406
v 0.019695 0.556431 -0.536870
v 0.008477 0.555898 -0.535894
v 0.005520 0.523981 -0.539666
v 0.010962 0.524911 -0.540558
v 0.014686 0.556167 -0.537032
v 0.029252 0.501657 -0.599566
v 0.028818 0.485623 -0.599882
v 0.024357 0.485785 -0.602410
v 0.024645 0.502042 -0.602255
v 0.033023 0.501381 -0.579227
v 0.033119 0.485183 -0.578854
v 0.031506 0.485370 -0.580883
v 0.031428 0.501622 -0.581081
v 0.035137 0.501322 -0.560942
v 0.035221 0.484523 -0.561699
v 0.038403 0.485649 -0.572030
v 0.038183 0.501879 -0.572267
v 0.031488 0.500588 -0.545544
v 0.030644 0.482906 -0.547157
v 0.035554 0.483647 -0.552971
v 0.035841 0.500913 -0.551708
v 0.012264 0.481881 -0.544168
v 0.016545 0.483621 -0.542212
v 0.017552 0.501698 -0.540065
v 0.013304 0.500098 -0.541837
v 0.003614 0.496987 -0.541354
v 0.002373 0.478505 -0.544210
v 0.007546 0.480167 -0.544834
v 0.008658 0.498527 -0.542267
v 0.036668 0.527696 -0.578065
v 0.034524 0.527531 -0.578250
v 0.033853 0.562715 -0.575642
v 0.035923 0.562464 -0.575394
v 0.037377 0.485938 -0.577521
v 0.035076 0.485373 -0.577731
v 0.034925 0.501481 -0.578246
v 0.037135 0.501925 -0.578142
v 0.031322 0.501538 -0.594167
v 0.030858 0.501676 -0.586064
v 0.030786 0.485494 -0.586075
v 0.030963 0.485531 -0.594435
v 0.031262 0.564128 -0.589172
v 0.030165 0.563821 -0.582557
v 0.030655 0.527975 -0.585637
v 0.031408 0.527838 -0.593193
v 0.021434 0.502983 -0.541472
v 0.020248 0.502655 -0.539942
v 0.019190 0.484475 -0.541846
v 0.020198 0.484482 -0.543073
v 0.027005 0.557344 -0.537206
v 0.025945 0.556974 -0.535520
v 0.022582 0.527498 -0.538242
v 0.023795 0.527941 -0.539936
v 0.027499 0.501102 -0.542412
v 0.023852 0.502460 -0.542298
v 0.022574 0.483998 -0.543833
v 0.026310 0.483026 -0.544111
v 0.031959 0.556749 -0.538201
v 0.029014 0.557270 -0.538101
v 0.026062 0.527608 -0.540867
v 0.029389 0.526483 -0.541037
v 0.028671 0.581120 -0.530709
v 0.026446 0.580925 -0.530360
v 0.031527 0.581846 -0.533265
v 0.029654 0.581663 -0.532391
v 0.036936 0.582649 -0.536674
v 0.034293 0.581671 -0.533334
v 0.031659 0.594264 -0.569804
v 0.033579 0.593773 -0.568920
v 0.029657 0.595803 -0.575136
v 0.029941 0.594884 -0.571477
v 0.022974 0.581069 -0.531354
v 0.017777 0.581006 -0.531141
v 0.038157 0.587713 -0.552021
v 0.039442 0.584781 -0.543268
v 0.035698 0.593416 -0.568830
v 0.037742 0.591395 -0.563231
v 0.029296 0.598010 -0.584787
v 0.030814 0.596976 -0.580792
v 0.010850 0.580741 -0.529716
v 0.025108 0.598945 -0.587113
v 0.019300 0.458200 -0.601717
v 0.019867 0.421588 -0.596026
v 0.014427 0.421019 -0.598042
v 0.014157 0.457956 -0.602929
v -0.000150 0.464467 -0.591172
v -0.000352 0.439265 -0.590026
v -0.003176 0.440229 -0.589165
v -0.002828 0.464689 -0.590414
v -0.010436 0.465043 -0.588275
v -0.009725 0.439951 -0.586112
v -0.012918 0.438975 -0.577164
v -0.014063 0.463971 -0.578700
v -0.019609 0.462877 -0.572219
v -0.018331 0.437646 -0.570957
v -0.018338 0.436936 -0.563078
v -0.019399 0.462138 -0.564412
v -0.007416 0.462523 -0.549986
v -0.011149 0.465097 -0.551719
v -0.010834 0.443108 -0.549677
v -0.007240 0.439811 -0.547731
v -0.004018 0.460581 -0.547189
v -0.003913 0.437991 -0.545218
v -0.000839 0.437652 -0.542159
v -0.000970 0.459269 -0.543349
v 0.020018 0.390015 -0.589694
v 0.020110 0.363078 -0.584146
v 0.014178 0.362561 -0.585070
v 0.014305 0.389355 -0.591575
v 0.005312 0.403343 -0.588061
v 0.009404 0.393780 -0.591029
v 0.010253 0.364965 -0.584254
v 0.008331 0.370337 -0.581730
v -0.008309 0.416150 -0.582823
v -0.006543 0.393670 -0.578762
v -0.008229 0.393513 -0.571819
v -0.010916 0.415407 -0.574649
v -0.015884 0.415318 -0.568872
v -0.012431 0.396031 -0.566478
v -0.011031 0.403375 -0.559921
v -0.015508 0.417269 -0.561361
v -0.006450 0.421541 -0.546211
v -0.009246 0.423775 -0.548369
v -0.006219 0.407356 -0.548173
v -0.004919 0.408104 -0.545963
v -0.003517 0.420639 -0.543714
v -0.002804 0.408990 -0.543311
v 0.000122 0.410016 -0.540214
v -0.000485 0.421051 -0.540919
v -0.006555 0.465447 -0.591757
v -0.004965 0.465017 -0.590608
v -0.005155 0.440688 -0.589015
v -0.006295 0.440637 -0.589578
v 0.009011 0.425253 -0.596969
v 0.003684 0.434284 -0.592674
v 0.003774 0.462759 -0.594567
v 0.008968 0.459492 -0.600559
v -0.007305 0.409560 -0.550272
v -0.007014 0.407841 -0.549609
v -0.010663 0.424914 -0.549925
v -0.010703 0.424951 -0.550895
v -0.012598 0.443800 -0.552477
v -0.012621 0.444445 -0.551247
v -0.013043 0.466218 -0.553245
v -0.013092 0.465864 -0.554593
v 0.001979 0.402716 -0.541599
v 0.001177 0.404176 -0.539866
v -0.001696 0.402844 -0.543113
v -0.009610 0.407884 -0.555129
v -0.008170 0.409575 -0.552113
v -0.011887 0.423296 -0.552950
v -0.014186 0.419930 -0.556069
v -0.016918 0.438336 -0.557633
v -0.014035 0.441777 -0.554605
v -0.014664 0.464727 -0.556576
v -0.017758 0.462775 -0.559200
v -0.000425 0.386040 -0.579975
v -0.003039 0.391412 -0.581165
v -0.004981 0.415931 -0.585945
v -0.003497 0.414271 -0.585394
v -0.001250 0.412119 -0.585481
v 0.001763 0.409470 -0.586210
v 0.005748 0.375617 -0.580198
v 0.002504 0.380772 -0.579650
v -0.005201 0.380477 -0.571053
v -0.003936 0.380289 -0.577171
v -0.000769 0.373099 -0.575723
v -0.001891 0.397101 -0.549626
v -0.001503 0.396295 -0.551207
v 0.006624 0.385246 -0.553899
v 0.004625 0.392844 -0.550175
v 0.003126 0.398043 -0.546845
v 0.002131 0.400847 -0.543900
v -0.002053 0.401163 -0.545166
v -0.002075 0.398723 -0.547612
v -0.002586 0.377578 -0.567930
v 0.003046 0.372879 -0.572252
v 0.010956 0.375092 -0.567651
v 0.007747 0.375739 -0.562790
v 0.003041 0.382704 -0.558144
v -0.003178 0.396023 -0.553791
v -0.006916 0.396288 -0.557379
v -0.006120 0.385184 -0.562893
v 0.007495 0.366820 -0.575069
v 0.010533 0.359249 -0.576359
v 0.016249 0.359626 -0.574072
v 0.013798 0.369686 -0.571378
v 0.012544 0.353975 -0.578322
v 0.013540 0.350952 -0.580898
v 0.019426 0.351073 -0.580174
v 0.018117 0.353459 -0.577043
v 0.021777 0.458282 -0.600835
v 0.022579 0.421794 -0.594976
v 0.022821 0.390255 -0.588600
v 0.022842 0.363276 -0.583075
v 0.004136 0.401020 -0.543117
v 0.003202 0.402821 -0.541121
v 0.002400 0.404280 -0.539388
v 0.005473 0.398244 -0.545929
v 0.013094 0.376166 -0.560698
v 0.015220 0.375432 -0.565983
v 0.009269 0.385467 -0.552866
v 0.007185 0.393062 -0.549176
v 0.000990 0.459338 -0.542649
v 0.001001 0.437773 -0.541464
v 0.001308 0.421196 -0.540217
v 0.001942 0.410170 -0.539503
v 0.017234 0.369949 -0.570033
v 0.019114 0.359822 -0.572948
v 0.020726 0.353621 -0.576018
v 0.022093 0.351232 -0.579126
v 0.029019 0.458448 -0.597636
v 0.030698 0.422256 -0.591738
v 0.025292 0.422000 -0.593926
v 0.024253 0.458364 -0.599954
v 0.033868 0.465524 -0.577551
v 0.035249 0.442451 -0.574894
v 0.033792 0.441272 -0.577315
v 0.032262 0.465217 -0.579804
v 0.035338 0.465169 -0.561347
v 0.034856 0.441848 -0.559337
v 0.038215 0.442740 -0.568290
v 0.038456 0.466123 -0.571154
v 0.030552 0.463537 -0.546766
v 0.029800 0.440006 -0.544979
v 0.034941 0.440955 -0.550994
v 0.035615 0.464330 -0.552760
v 0.011188 0.440963 -0.540822
v 0.014998 0.444611 -0.540074
v 0.016175 0.465744 -0.542131
v 0.012148 0.463082 -0.543068
v 0.002949 0.459407 -0.541949
v 0.002842 0.437895 -0.540769
v 0.007135 0.438709 -0.541053
v 0.007746 0.460962 -0.543005
v 0.031126 0.390795 -0.585006
v 0.030569 0.363746 -0.578646
v 0.025574 0.363474 -0.582005
v 0.025624 0.390495 -0.587505
v 0.031539 0.372149 -0.572647
v 0.032559 0.366623 -0.575516
v 0.033654 0.395861 -0.581560
v 0.033208 0.405710 -0.577164
v 0.034203 0.419060 -0.557005
v 0.033531 0.397098 -0.555512
v 0.036962 0.397404 -0.561774
v 0.037725 0.419837 -0.564816
v 0.028309 0.420808 -0.544225
v 0.026090 0.406546 -0.545423
v 0.032605 0.399896 -0.548891
v 0.033920 0.419365 -0.549398
v 0.011567 0.409504 -0.539524
v 0.014107 0.409084 -0.540233
v 0.014214 0.425600 -0.539233
v 0.010930 0.422924 -0.539412
v 0.003101 0.421340 -0.539516
v 0.003763 0.410324 -0.538792
v 0.008119 0.409916 -0.539044
v 0.007243 0.421503 -0.539506
v 0.037823 0.443162 -0.573209
v 0.036594 0.443078 -0.573525
v 0.035641 0.465914 -0.576389
v 0.037580 0.466388 -0.576319
v 0.031393 0.460184 -0.592604
v 0.031426 0.463473 -0.584829
v 0.033101 0.436173 -0.581604
v 0.033271 0.427013 -0.587657
v 0.016888 0.427065 -0.540185
v 0.016203 0.426976 -0.539492
v 0.015580 0.409758 -0.540784
v 0.015986 0.411527 -0.541173
v 0.019495 0.466584 -0.543182
v 0.018623 0.466897 -0.542168
v 0.017318 0.446131 -0.540160
v 0.018132 0.445552 -0.541080
v 0.008087 0.403682 -0.539292
v 0.003623 0.404385 -0.538911
v 0.004425 0.402926 -0.540644
v 0.023413 0.422926 -0.541361
v 0.019282 0.425717 -0.540812
v 0.017851 0.411769 -0.541947
v 0.021172 0.410490 -0.543104
v 0.025994 0.463968 -0.543760
v 0.021955 0.465608 -0.543720
v 0.020710 0.443833 -0.541664
v 0.025051 0.440973 -0.541883
v 0.036231 0.417487 -0.569858
v 0.037449 0.419329 -0.569349
v 0.036376 0.394791 -0.565773
v 0.034473 0.389000 -0.566344
v 0.032898 0.383302 -0.567772
v 0.031651 0.377714 -0.570069
v 0.033646 0.412118 -0.573749
v 0.034962 0.415087 -0.571324
v 0.033706 0.375840 -0.562236
v 0.035964 0.383603 -0.561577
v 0.032730 0.383620 -0.556228
v 0.009745 0.393281 -0.548176
v 0.011914 0.385688 -0.551832
v 0.014368 0.397657 -0.545010
v 0.013465 0.398419 -0.543629
v 0.012002 0.399931 -0.542116
v 0.009977 0.402195 -0.540468
v 0.006141 0.401192 -0.542334
v 0.007819 0.398446 -0.545013
v 0.018440 0.376593 -0.558607
v 0.019483 0.375773 -0.564315
v 0.028628 0.374899 -0.562243
v 0.029142 0.380159 -0.555525
v 0.027217 0.387989 -0.549868
v 0.022446 0.398808 -0.545914
v 0.017361 0.397786 -0.545770
v 0.017737 0.383923 -0.552400
v 0.020671 0.370213 -0.568687
v 0.021980 0.360019 -0.571824
v 0.027724 0.360428 -0.569615
v 0.028113 0.368367 -0.566993
v 0.023335 0.353784 -0.574993
v 0.024760 0.351391 -0.578078
v 0.029544 0.351908 -0.574608
v 0.028197 0.354963 -0.572174
v -0.054466 0.561192 -0.375374
# 8431 vertices, 0 vertices normals

f 8431 12 13
f 8431 13 14
f 15 16 17
f 15 17 18
f 19 20 21
f 19 21 22
f 23 24 25
f 23 25 26
f 27 28 29
f 27 29 30
f 31 32 33
f 34 35 36
f 34 36 37
f 38 39 40
f 38 40 41
f 42 43 44
f 42 44 45
f 46 47 48
f 46 48 49
f 50 51 52
f 53 54 55
f 53 55 56
f 57 58 59
f 57 59 60
f 61 62 63
f 61 63 64
f 65 66 67
f 68 69 70
f 68 70 71
f 72 73 74
f 89 90 91
f 89 91 92
f 93 94 95
f 93 95 96
f 97 98 99
f 97 99 100
f 101 102 103
f 101 103 104
f 105 106 107
f 105 107 108
f 109 110 111
f 109 111 112
f 113 114 115
f 113 115 116
f 117 118 119
f 117 119 120
f 121 122 123
f 121 123 124
f 125 126 127
f 125 127 128
f 129 130 131
f 129 131 132
f 133 134 135
f 133 135 136
f 137 138 139
f 137 139 140
f 141 142 143
f 141 143 144
f 147 148 149
f 147 149 150
f 157 158 159
f 157 159 160
f 161 162 163
f 161 163 164
f 165 166 167
f 165 167 168
f 169 170 171
f 169 171 172
f 173 174 175
f 176 177 178
f 176 178 179
f 180 181 182
f 180 182 183
f 184 185 186
f 184 186 187
f 93 190 191
f 93 191 192
f 193 194 195
f 193 195 196
f 197 198 199
f 197 199 200
f 201 202 203
f 201 203 204
f 205 206 207
f 205 207 208
f 193 196 207
f 193 207 206
f 98 197 200
f 98 200 99
f 201 204 209
f 201 209 210
f 210 209 211
f 210 211 212
f 205 208 213
f 205 213 214
f 212 211 215
f 212 215 216
f 96 217 218
f 96 218 190
f 93 96 190
f 34 38 172
f 34 172 173
f 35 175 176
f 35 176 131
f 33 132 179
f 33 179 180
f 31 183 184
f 31 184 136
f 52 53 164
f 52 164 165
f 56 62 160
f 56 160 161
f 61 74 156
f 61 156 157
f 150 151 220
f 150 220 221
f 81 146 202
f 81 202 199
f 137 185 182
f 137 182 144
f 40 166 163
f 40 163 128
f 58 125 162
f 58 162 159
f 108 109 116
f 108 116 117
f 104 105 120
f 104 120 222
f 211 223 215
f 86 90 148
f 86 148 87
f 85 224 192
f 85 192 91
f 84 194 225
f 84 225 226
f 82 198 195
f 82 195 83
f 80 102 203
f 80 203 145
f 78 106 103
f 78 103 79
f 76 110 107
f 76 107 77
f 89 189 152
f 89 152 149
f 92 191 227
f 92 227 188
f 49 126 57
f 49 57 228
f 8431 170 47
f 8431 47 229
f 41 127 48
f 41 48 169
f 4 6 167
f 4 167 37
f 42 177 174
f 1 3 36
f 1 36 130
f 7 9 32
f 7 32 135
f 45 141 181
f 45 181 178
f 13 230 231
f 13 231 43
f 29 142 44
f 29 44 232
f 25 138 143
f 25 143 28
f 18 19 26
f 18 26 27
f 17 118 115
f 17 115 20
f 15 30 233
f 15 233 234
f 16 235 236
f 16 236 119
f 182 185 184
f 182 184 183
f 178 181 180
f 178 180 179
f 174 177 176
f 174 176 175
f 171 174 173
f 171 173 172
f 5 168 167
f 5 167 6
f 163 166 165
f 163 165 164
f 159 162 161
f 159 161 160
f 155 158 157
f 155 157 156
f 149 152 151
f 149 151 150
f 145 203 202
f 145 202 146
f 141 144 182
f 141 182 181
f 137 144 143
f 137 143 138
f 137 140 186
f 137 186 185
f 7 135 134
f 7 134 8
f 133 136 184
f 133 184 187
f 131 176 179
f 131 179 132
f 1 130 129
f 1 129 2
f 125 128 163
f 125 163 162
f 222 236 237
f 222 237 223
f 119 236 222
f 119 222 120
f 115 118 117
f 115 117 116
f 109 112 113
f 109 113 116
f 107 110 109
f 107 109 108
f 105 108 117
f 105 117 120
f 103 106 105
f 103 105 104
f 101 204 203
f 101 203 102
f 99 210 212
f 99 212 100
f 97 208 207
f 97 207 98
f 193 238 225
f 193 225 194
f 95 239 217
f 95 217 96
f 91 192 191
f 91 191 92
f 89 149 148
f 89 148 90
f 89 92 188
f 89 188 189
f 147 150 221
f 147 221 240
f 87 148 147
f 87 147 88
f 85 91 90
f 85 90 86
f 93 241 94
f 83 195 194
f 83 194 84
f 81 199 198
f 81 198 82
f 79 103 102
f 79 102 80
f 77 107 106
f 77 106 78
f 75 111 110
f 75 110 76
f 73 154 156
f 73 156 74
f 72 122 121
f 72 121 73
f 68 124 123
f 68 123 69
f 66 71 70
f 66 70 67
f 65 242 243
f 65 243 219
f 151 153 219
f 151 219 220
f 220 244 245
f 220 245 221
f 61 157 160
f 61 160 62
f 61 64 72
f 61 72 74
f 58 159 158
f 58 158 59
f 57 126 125
f 57 125 58
f 55 63 62
f 55 62 56
f 53 56 161
f 53 161 164
f 51 54 53
f 51 53 52
f 50 52 165
f 50 165 168
f 48 127 126
f 48 126 49
f 47 170 169
f 47 169 48
f 44 142 141
f 44 141 45
f 42 45 178
f 42 178 177
f 13 43 42
f 13 42 14
f 8431 14 171
f 8431 171 170
f 40 128 127
f 40 127 41
f 39 167 166
f 39 166 40
f 38 41 169
f 38 169 172
f 3 4 37
f 3 37 36
f 35 131 130
f 35 130 36
f 34 173 175
f 34 175 35
f 34 37 39
f 34 39 38
f 32 129 132
f 32 132 33
f 31 136 135
f 31 135 32
f 31 33 180
f 31 180 183
f 43 231 232
f 43 232 44
f 29 246 233
f 29 233 30
f 28 143 142
f 28 142 29
f 25 28 27
f 25 27 26
f 24 139 138
f 24 138 25
f 20 115 114
f 20 114 21
f 19 22 23
f 19 23 26
f 17 20 19
f 17 19 18
f 16 119 118
f 16 118 17
f 15 18 27
f 15 27 30
f 15 234 235
f 15 235 16
f 75 248 249
f 75 249 111
f 111 249 250
f 111 250 112
f 72 251 252
f 72 252 122
f 122 252 253
f 122 253 123
f 63 254 255
f 63 255 64
f 133 187 256
f 133 256 257
f 133 257 258
f 133 258 134
f 186 259 256
f 186 256 187
f 112 250 260
f 112 260 113
f 113 260 261
f 113 261 114
f 69 123 253
f 69 253 262
f 69 262 263
f 69 263 70
f 67 70 263
f 67 263 264
f 65 67 264
f 65 264 242
f 24 265 266
f 24 266 139
f 139 266 267
f 139 267 140
f 23 268 265
f 23 265 24
f 21 114 261
f 21 261 269
f 21 269 270
f 21 270 22
f 51 271 272
f 51 272 54
f 54 272 273
f 54 273 55
f 50 274 271
f 50 271 51
f 219 243 244
f 219 244 220
f 55 273 254
f 55 254 63
f 240 275 247
f 221 245 275
f 221 275 240
f 8 134 258
f 8 258 11
f 22 270 268
f 22 268 23
f 10 274 50
f 140 267 259
f 140 259 186
f 88 147 240
f 88 240 247
f 190 218 227
f 190 227 191
f 64 255 251
f 64 251 72
f 205 214 276
f 205 276 277
f 29 232 246
f 37 167 39
f 2 129 32
f 2 32 9
f 5 10 50
f 5 50 168
f 93 192 224
f 93 224 241
f 95 238 277
f 95 277 239
f 94 225 238
f 94 238 95
f 94 241 226
f 94 226 225
f 222 223 278
f 14 42 174
f 14 174 171
f 195 198 197
f 195 197 196
f 199 202 201
f 199 201 200
f 205 277 206
f 193 206 277
f 193 277 238
f 98 207 196
f 98 196 197
f 99 200 201
f 99 201 210
f 101 278 209
f 101 209 204
f 101 104 222
f 101 222 278
f 209 278 223
f 209 223 211
f 97 279 213
f 97 213 208
f 97 100 280
f 97 280 279
f 100 212 216
f 100 216 280
f 281 282 283
f 281 283 284
f 234 285 286
f 234 286 235
f 233 246 287
f 233 287 288
f 289 290 291
f 289 291 292
f 230 293 294
f 230 294 295
f 231 296 232
f 236 297 237
f 298 299 300
f 298 300 301
f 302 303 304
f 302 304 305
f 306 307 308
f 306 308 309
f 229 310 311
f 229 311 312
f 316 317 318
f 316 318 319
f 320 321 322
f 320 322 323
f 214 213 324
f 216 215 325
f 320 323 326
f 320 326 327
f 314 324 326
f 314 326 323
f 300 320 327
f 300 327 325
f 215 301 300
f 215 300 325
f 215 223 237
f 215 237 301
f 308 329 328
f 308 328 309
f 293 329 308
f 216 325 327
f 216 327 280
f 213 279 326
f 213 326 324
f 12 312 329
f 12 329 293
f 290 294 307
f 290 307 303
f 287 296 295
f 287 295 289
f 284 285 288
f 284 288 292
f 283 298 297
f 283 297 286
f 282 317 321
f 282 321 299
f 281 291 302
f 281 302 318
f 316 322 321
f 316 321 317
f 314 323 322
f 314 322 315
f 312 311 328
f 312 328 329
f 303 307 306
f 303 306 304
f 302 305 319
f 302 319 318
f 299 321 320
f 299 320 300
f 237 297 298
f 237 298 301
f 279 280 327
f 279 327 326
f 46 310 229
f 46 229 47
f 46 49 228
f 46 228 313
f 8431 229 312
f 8431 312 12
f 12 293 230
f 12 230 13
f 230 295 296
f 230 296 231
f 294 293 308
f 294 308 307
f 290 303 302
f 290 302 291
f 289 295 294
f 289 294 290
f 232 296 287
f 232 287 246
f 288 287 289
f 288 289 292
f 235 286 297
f 235 297 236
f 233 288 285
f 233 285 234
f 283 286 285
f 283 285 284
f 282 299 298
f 282 298 283
f 281 318 317
f 281 317 282
f 281 284 292
f 281 292 291
f 339 340 341
f 339 341 342
f 343 344 345
f 343 345 346
f 347 348 349
f 347 349 350
f 351 352 353
f 351 353 354
f 355 356 357
f 355 357 358
f 359 360 361
f 362 363 364
f 362 364 365
f 366 367 368
f 366 368 369
f 370 371 372
f 370 372 373
f 374 375 376
f 374 376 377
f 378 379 380
f 381 382 383
f 381 383 384
f 385 386 387
f 385 387 388
f 389 390 391
f 389 391 392
f 393 394 395
f 396 397 398
f 396 398 399
f 400 401 402
f 417 418 419
f 417 419 420
f 421 422 423
f 421 423 424
f 425 426 427
f 425 427 428
f 429 430 431
f 429 431 432
f 433 434 435
f 433 435 436
f 437 438 439
f 437 439 440
f 441 442 443
f 441 443 444
f 445 446 447
f 445 447 448
f 449 450 451
f 449 451 452
f 453 454 455
f 453 455 456
f 457 458 459
f 457 459 460
f 461 462 463
f 461 463 464
f 465 466 467
f 465 467 468
f 469 470 471
f 469 471 472
f 475 476 477
f 475 477 478
f 485 486 487
f 485 487 488
f 489 490 491
f 489 491 492
f 493 494 495
f 493 495 496
f 497 498 499
f 497 499 500
f 501 502 503
f 504 505 506
f 504 506 507
f 508 509 510
f 508 510 511
f 512 513 514
f 512 514 515
f 424 518 519
f 424 519 520
f 521 522 523
f 521 523 524
f 525 526 527
f 525 527 528
f 529 530 531
f 529 531 532
f 533 534 535
f 533 535 536
f 521 524 535
f 521 535 534
f 426 525 528
f 426 528 427
f 529 532 537
f 529 537 538
f 538 537 539
f 538 539 540
f 533 536 541
f 533 541 542
f 540 539 543
f 540 543 544
f 421 520 545
f 421 545 546
f 421 424 520
f 365 503 497
f 365 497 369
f 364 458 507
f 364 507 501
f 359 511 504
f 359 504 457
f 361 461 515
f 361 515 508
f 378 496 489
f 378 489 384
f 381 492 485
f 381 485 391
f 392 488 482
f 392 482 400
f 475 548 549
f 475 549 481
f 410 526 531
f 410 531 473
f 468 469 509
f 468 509 514
f 367 453 490
f 367 490 495
f 387 486 491
f 387 491 456
f 433 448 441
f 433 441 440
f 429 550 445
f 429 445 436
f 540 544 551
f 413 416 477
f 413 477 419
f 414 418 518
f 414 518 552
f 411 553 554
f 411 554 523
f 409 412 522
f 409 522 527
f 407 474 530
f 407 530 431
f 405 408 430
f 405 430 435
f 403 406 434
f 403 434 439
f 420 476 480
f 420 480 516
f 417 517 555
f 417 555 519
f 374 556 388
f 374 388 455
f 342 557 376
f 342 376 499
f 366 500 375
f 366 375 454
f 332 362 494
f 332 494 334
f 373 502 506
f 331 459 363
f 331 363 333
f 337 462 360
f 337 360 338
f 370 505 510
f 370 510 472
f 340 372 558
f 340 558 559
f 356 560 371
f 356 371 471
f 352 357 470
f 352 470 467
f 343 358 351
f 343 351 350
f 344 349 442
f 344 442 447
f 346 561 562
f 346 562 355
f 345 446 563
f 345 563 564
f 508 515 514
f 508 514 509
f 504 511 510
f 504 510 505
f 501 507 506
f 501 506 502
f 497 503 502
f 497 502 498
f 334 494 493
f 334 493 335
f 489 496 495
f 489 495 490
f 485 492 491
f 485 491 486
f 482 488 487
f 482 487 483
f 475 481 480
f 475 480 476
f 473 531 530
f 473 530 474
f 469 472 510
f 469 510 509
f 467 470 469
f 467 469 468
f 465 468 514
f 465 514 513
f 336 463 462
f 336 462 337
f 461 464 512
f 461 512 515
f 457 504 507
f 457 507 458
f 330 460 459
f 330 459 331
f 453 456 491
f 453 491 490
f 550 551 565
f 550 565 563
f 445 550 563
f 445 563 446
f 441 448 447
f 441 447 442
f 437 440 441
f 437 441 444
f 433 440 439
f 433 439 434
f 433 436 445
f 433 445 448
f 429 436 435
f 429 435 430
f 431 530 529
f 431 529 432
f 425 539 537
f 425 537 426
f 427 534 533
f 427 533 428
f 523 554 566
f 523 566 524
f 421 546 567
f 421 567 422
f 417 519 518
f 417 518 418
f 419 477 476
f 419 476 420
f 417 420 516
f 417 516 517
f 475 478 568
f 475 568 548
f 415 478 477
f 415 477 416
f 413 419 418
f 413 418 414
f 423 569 424
f 411 523 522
f 411 522 412
f 409 527 526
f 409 526 410
f 407 431 430
f 407 430 408
f 405 435 434
f 405 434 406
f 403 439 438
f 403 438 404
f 400 482 484
f 400 484 401
f 401 452 451
f 401 451 402
f 398 450 449
f 398 449 399
f 393 397 396
f 393 396 394
f 242 395 547
f 242 547 243
f 479 481 549
f 479 549 547
f 244 549 548
f 244 548 245
f 391 485 488
f 391 488 392
f 389 392 400
f 389 400 402
f 386 487 486
f 386 486 387
f 387 456 455
f 387 455 388
f 381 391 390
f 381 390 382
f 381 384 489
f 381 489 492
f 378 384 383
f 378 383 379
f 378 380 493
f 378 493 496
f 374 455 454
f 374 454 375
f 375 500 499
f 375 499 376
f 370 472 471
f 370 471 371
f 370 373 506
f 370 506 505
f 339 373 372
f 339 372 340
f 339 342 499
f 339 499 498
f 366 454 453
f 366 453 367
f 367 495 494
f 367 494 368
f 366 369 497
f 366 497 500
f 332 333 363
f 332 363 362
f 363 459 458
f 363 458 364
f 364 501 503
f 364 503 365
f 362 365 369
f 362 369 368
f 359 457 460
f 359 460 360
f 360 462 461
f 360 461 361
f 359 361 508
f 359 508 511
f 371 560 558
f 371 558 372
f 355 562 570
f 355 570 356
f 356 471 470
f 356 470 357
f 351 358 357
f 351 357 352
f 352 467 466
f 352 466 353
f 348 443 442
f 348 442 349
f 347 350 351
f 347 351 354
f 343 350 349
f 343 349 344
f 344 447 446
f 344 446 345
f 343 346 355
f 343 355 358
f 345 564 561
f 345 561 346
f 249 248 404
f 249 404 438
f 249 438 437
f 249 437 250
f 251 402 451
f 251 451 252
f 252 451 450
f 252 450 253
f 255 254 390
f 255 390 389
f 257 256 512
f 257 512 464
f 257 464 463
f 257 463 258
f 256 259 513
f 256 513 512
f 250 437 444
f 250 444 260
f 260 444 443
f 260 443 261
f 253 450 398
f 253 398 262
f 262 398 397
f 262 397 263
f 263 397 393
f 263 393 264
f 242 264 393
f 242 393 395
f 266 265 353
f 266 353 466
f 266 466 465
f 266 465 267
f 265 268 354
f 265 354 353
f 261 443 348
f 261 348 269
f 269 348 347
f 269 347 270
f 272 271 379
f 272 379 383
f 272 383 382
f 272 382 273
f 271 274 380
f 271 380 379
f 243 547 549
f 243 549 244
f 254 273 382
f 254 382 390
f 247 275 568
f 245 548 568
f 245 568 275
f 11 258 463
f 11 463 336
f 268 270 347
f 268 347 354
f 10 380 274
f 259 267 465
f 259 465 513
f 247 568 478
f 247 478 415
f 519 555 545
f 519 545 520
f 251 255 389
f 251 389 402
f 536 571 572
f 536 572 541
f 356 570 560
f 362 368 494
f 330 338 360
f 330 360 460
f 10 335 493
f 10 493 380
f 424 569 552
f 424 552 518
f 422 567 571
f 422 571 566
f 422 566 554
f 422 554 423
f 423 554 553
f 423 553 569
f 550 573 551
f 339 498 502
f 339 502 373
f 521 528 527
f 521 527 522
f 525 532 531
f 525 531 526
f 535 571 536
f 524 566 571
f 524 571 535
f 427 528 521
f 427 521 534
f 426 537 532
f 426 532 525
f 432 529 538
f 432 538 573
f 429 432 573
f 429 573 550
f 538 540 551
f 538 551 573
f 428 533 542
f 428 542 574
f 425 428 574
f 425 574 575
f 425 575 543
f 425 543 539
f 576 577 578
f 576 578 579
f 561 564 580
f 561 580 581
f 562 582 583
f 562 583 570
f 584 585 586
f 584 586 587
f 559 588 589
f 559 589 590
f 558 560 591
f 563 565 592
f 593 594 595
f 593 595 596
f 597 598 599
f 597 599 600
f 601 602 603
f 601 603 604
f 557 605 606
f 557 606 607
f 611 612 613
f 611 613 614
f 615 616 617
f 615 617 618
f 542 541 619
f 544 543 620
f 615 618 621
f 615 621 622
f 610 615 622
f 610 622 619
f 594 620 621
f 594 621 618
f 544 620 594
f 544 594 593
f 544 593 565
f 544 565 551
f 601 623 624
f 601 624 602
f 590 602 624
f 543 575 621
f 543 621 620
f 542 619 622
f 542 622 574
f 341 590 624
f 341 624 605
f 586 599 603
f 586 603 589
f 583 587 588
f 583 588 591
f 576 584 582
f 576 582 581
f 577 580 592
f 577 592 596
f 578 595 617
f 578 617 613
f 579 612 600
f 579 600 585
f 613 617 616
f 613 616 614
f 609 616 615
f 609 615 610
f 606 605 624
f 606 624 623
f 598 604 603
f 598 603 599
f 597 600 612
f 597 612 611
f 594 618 617
f 594 617 595
f 565 593 596
f 565 596 592
f 574 622 621
f 574 621 575
f 376 557 607
f 376 607 377
f 374 377 608
f 374 608 556
f 341 605 557
f 341 557 342
f 340 559 590
f 340 590 341
f 558 591 588
f 558 588 559
f 590 589 603
f 590 603 602
f 585 600 599
f 585 599 586
f 586 589 588
f 586 588 587
f 560 570 583
f 560 583 591
f 583 582 584
f 583 584 587
f 563 592 580
f 563 580 564
f 561 581 582
f 561 582 562
f 576 581 580
f 576 580 577
f 577 596 595
f 577 595 578
f 578 613 612
f 578 612 579
f 576 579 585
f 576 585 584
f 625 626 627
f 625 627 628
f 629 630 631
f 629 631 632
f 633 634 635
f 633 635 636
f 653 654 655
f 653 655 656
f 657 658 659
f 657 659 660
f 661 662 663
f 661 663 664
f 665 666 667
f 665 667 668
f 669 670 671
f 669 671 672
f 673 75 76
f 673 76 674
f 675 77 78
f 675 78 676
f 677 79 80
f 677 80 678
f 81 82 679
f 81 679 680
f 681 83 84
f 681 84 682
f 85 86 683
f 85 683 684
f 685 87 88
f 685 88 686
f 691 692 693
f 691 693 694
f 695 696 145
f 695 145 146
f 651 690 691
f 651 691 672
f 669 694 695
f 669 695 680
f 632 633 674
f 632 674 675
f 631 639 638
f 631 638 634
f 628 629 676
f 628 676 677
f 625 678 696
f 625 696 693
f 668 670 679
f 668 679 681
f 664 665 682
f 664 682 697
f 660 661 698
f 660 698 684
f 627 642 641
f 627 641 699
f 655 657 683
f 655 683 685
f 626 692 689
f 626 689 643
f 650 652 671
f 650 671 667
f 648 649 666
f 648 666 663
f 647 662 659
f 647 659 687
f 644 646 658
f 644 658 654
f 693 696 695
f 693 695 694
f 689 692 691
f 689 691 690
f 86 87 685
f 86 685 683
f 85 684 698
f 85 698 224
f 224 698 241
f 82 83 681
f 82 681 679
f 81 680 695
f 81 695 146
f 80 145 696
f 80 696 678
f 78 79 677
f 78 677 676
f 76 77 675
f 76 675 674
f 669 680 679
f 669 679 670
f 669 672 691
f 669 691 694
f 667 671 670
f 667 670 668
f 665 668 681
f 665 681 682
f 663 666 665
f 663 665 664
f 661 664 697
f 661 697 698
f 659 662 661
f 659 661 660
f 658 688 687
f 658 687 659
f 657 660 684
f 657 684 683
f 655 685 686
f 655 686 656
f 654 658 657
f 654 657 655
f 651 672 671
f 651 671 652
f 649 650 667
f 649 667 666
f 647 648 663
f 647 663 662
f 644 654 653
f 644 653 645
f 634 638 637
f 634 637 635
f 633 636 673
f 633 673 674
f 631 634 633
f 631 633 632
f 630 640 639
f 630 639 631
f 629 632 675
f 629 675 676
f 627 699 628
f 626 643 642
f 626 642 627
f 625 693 692
f 625 692 626
f 625 628 677
f 625 677 678
f 635 637 700
f 635 700 701
f 635 701 702
f 635 702 636
f 656 686 703
f 656 703 704
f 88 247 703
f 88 703 686
f 653 656 704
f 653 704 705
f 673 706 248
f 673 248 75
f 636 702 706
f 636 706 673
f 645 653 705
f 645 705 707
f 630 699 641
f 630 641 640
f 628 699 630
f 628 630 629
f 646 688 658
f 84 226 697
f 84 697 682
f 226 241 698
f 226 698 697
f 708 709 710
f 708 710 711
f 712 713 714
f 712 714 715
f 716 717 718
f 716 718 719
f 736 737 738
f 736 738 739
f 740 741 742
f 740 742 743
f 744 745 746
f 744 746 747
f 748 749 750
f 748 750 751
f 752 753 754
f 752 754 755
f 756 403 404
f 756 404 757
f 758 405 406
f 758 406 759
f 760 407 408
f 760 408 761
f 762 763 409
f 762 409 410
f 764 411 412
f 764 412 765
f 766 767 413
f 766 413 414
f 768 415 416
f 768 416 769
f 774 775 776
f 774 776 777
f 473 474 778
f 473 778 779
f 735 752 777
f 735 777 772
f 755 762 779
f 755 779 774
f 712 759 756
f 712 756 719
f 713 718 720
f 713 720 723
f 708 761 758
f 708 758 715
f 711 775 778
f 711 778 760
f 748 765 763
f 748 763 754
f 744 780 764
f 744 764 751
f 740 766 781
f 740 781 747
f 709 782 724
f 709 724 726
f 737 769 767
f 737 767 743
f 710 725 773
f 710 773 776
f 732 749 753
f 732 753 734
f 730 745 750
f 730 750 733
f 731 771 741
f 731 741 746
f 728 738 742
f 728 742 729
f 774 779 778
f 774 778 775
f 772 777 776
f 772 776 773
f 767 769 416
f 767 416 413
f 766 414 552
f 766 552 781
f 552 569 781
f 763 765 412
f 763 412 409
f 762 410 473
f 762 473 779
f 760 778 474
f 760 474 407
f 758 761 408
f 758 408 405
f 756 759 406
f 756 406 403
f 754 763 762
f 754 762 755
f 752 755 774
f 752 774 777
f 748 754 753
f 748 753 749
f 748 751 764
f 748 764 765
f 744 751 750
f 744 750 745
f 744 747 781
f 744 781 780
f 740 747 746
f 740 746 741
f 741 771 770
f 741 770 742
f 740 743 767
f 740 767 766
f 736 768 769
f 736 769 737
f 737 743 742
f 737 742 738
f 734 753 752
f 734 752 735
f 732 733 750
f 732 750 749
f 730 731 746
f 730 746 745
f 727 739 738
f 727 738 728
f 717 721 720
f 717 720 718
f 716 719 756
f 716 756 757
f 712 719 718
f 712 718 713
f 713 723 722
f 713 722 714
f 712 715 758
f 712 758 759
f 708 782 709
f 709 726 725
f 709 725 710
f 710 776 775
f 710 775 711
f 708 711 760
f 708 760 761
f 701 700 721
f 701 721 717
f 701 717 716
f 701 716 702
f 704 703 768
f 704 768 736
f 703 247 415
f 703 415 768
f 704 736 739
f 704 739 705
f 248 706 757
f 248 757 404
f 702 716 757
f 702 757 706
f 705 739 727
f 705 727 707
f 714 722 724
f 714 724 782
f 708 715 714
f 708 714 782
f 729 742 770
f 764 780 553
f 764 553 411
f 553 780 781
f 553 781 569
f 800 801 803
f 800 803 804
f 783 799 805
f 783 805 806
f 790 807 808
f 790 808 797
f 784 809 810
f 784 810 785
f 791 798 811
f 791 811 812
f 786 813 814
f 786 814 787
f 788 815 816
f 788 816 789
f 792 817 818
f 792 818 793
f 796 819 820
f 796 820 821
f 795 822 823
f 795 823 802
f 797 808 811
f 797 811 798
f 801 802 823
f 801 823 803
f 799 800 804
f 799 804 805
f 793 818 824
f 793 824 794
f 791 812 817
f 791 817 792
f 789 816 807
f 789 807 790
f 787 814 815
f 787 815 788
f 785 810 813
f 785 813 786
f 783 806 809
f 783 809 784
f 795 796 821
f 795 821 822
f 794 824 825
f 794 825 826
f 827 828 829
f 830 831 832
f 830 832 833
f 836 837 838
f 836 838 839
f 840 841 842
f 840 842 843
f 832 841 844
f 832 844 835
f 828 837 842
f 828 842 831
f 840 845 844
f 840 844 841
f 836 843 842
f 836 842 837
f 832 835 834
f 832 834 833
f 831 842 841
f 831 841 832
f 828 831 830
f 828 830 829
f 827 838 837
f 827 837 828
f 836 839 846
f 836 846 847
f 838 848 849
f 838 849 839
f 827 850 848
f 827 848 838
f 827 829 851
f 827 851 850
f 833 834 852
f 833 852 853
f 830 833 853
f 830 853 854
f 829 830 854
f 829 854 851
f 819 845 840
f 819 840 820
f 820 840 843
f 820 843 855
f 836 847 855
f 836 855 843
f 818 856 857
f 818 857 824
f 812 858 859
f 812 859 817
f 807 816 860
f 807 860 861
f 814 862 863
f 814 863 815
f 810 864 865
f 810 865 813
f 806 866 867
f 806 867 809
f 804 868 869
f 804 869 805
f 803 823 870
f 808 871 872
f 808 872 811
f 825 873 874
f 821 875 876
f 821 876 877
f 878 879 880
f 878 880 881
f 882 883 884
f 885 886 887
f 885 887 888
f 889 890 891
f 889 891 892
f 893 894 895
f 893 895 896
f 897 898 899
f 897 899 900
f 901 902 903
f 904 905 906
f 904 906 907
f 908 909 910
f 908 910 911
f 912 913 914
f 912 914 915
f 916 917 918
f 916 918 919
f 846 920 921
f 846 921 922
f 923 637 638
f 923 638 924
f 925 639 640
f 925 640 926
f 927 641 928
f 929 642 643
f 929 643 930
f 937 938 644
f 937 644 645
f 646 939 940
f 646 940 941
f 647 942 943
f 647 943 648
f 946 947 948
f 946 948 949
f 950 951 952
f 950 952 953
f 954 955 956
f 954 956 957
f 960 961 962
f 960 962 963
f 964 965 966
f 964 966 967
f 649 968 969
f 649 969 650
f 651 652 970
f 651 970 971
f 972 973 974
f 972 974 975
f 976 977 978
f 976 978 979
f 980 981 982
f 980 982 983
f 984 985 986
f 984 986 987
f 988 989 687
f 988 687 688
f 990 991 992
f 990 992 993
f 995 689 690
f 995 690 996
f 997 998 999
f 997 999 1000
f 1001 1002 1003
f 1001 1003 1004
f 1005 1006 1007
f 1005 1007 1008
f 1009 1010 1011
f 1012 1013 1014
f 1012 1014 1015
f 1016 1017 1018
f 1016 1018 1019
f 1020 1021 1022
f 1020 1022 1023
f 1024 1025 1026
f 1027 1028 1029
f 1027 1029 1030
f 1031 1032 1033
f 1031 1033 1034
f 976 979 1036
f 976 1036 1037
f 1038 1039 1040
f 1038 1040 1041
f 1020 1023 1042
f 1036 1043 1044
f 1036 1044 1037
f 902 1038 1041
f 902 1041 903
f 1039 1045 1040
f 906 1046 1047
f 906 1047 907
f 1048 1049 1050
f 1048 1050 1051
f 1050 1052 1053
f 1050 1053 1051
f 1052 1054 1055
f 1052 1055 1053
f 1054 1056 1057
f 1054 1057 1055
f 1056 1058 1059
f 1056 1059 1057
f 1058 1060 1061
f 1058 1061 1059
f 1060 1062 1063
f 1060 1063 1061
f 1048 1064 1049
f 884 885 1030
f 884 1030 1031
f 964 1011 1012
f 964 1012 993
f 975 990 1015
f 975 1015 1016
f 972 1019 1042
f 972 1042 1047
f 904 1023 1022
f 904 1022 1065
f 900 1067 1000
f 900 1000 1001
f 861 897 1004
f 861 1004 871
f 971 1063 1068
f 971 1068 996
f 938 1069 1070
f 938 1070 939
f 960 965 992
f 960 992 1006
f 941 1064 1048
f 941 1048 988
f 932 982 987
f 932 987 935
f 931 934 951
f 931 951 983
f 919 920 924
f 919 924 925
f 915 916 926
f 915 926 927
f 978 998 994
f 978 994 1072
f 974 1043 1007
f 974 1007 991
f 973 1046 1045
f 973 1045 1044
f 902 1002 999
f 902 999 977
f 895 1073 1074
f 895 1074 899
f 891 1075 1076
f 891 1076 894
f 908 1026 913
f 882 917 914
f 876 921 918
f 876 918 879
f 847 922 875
f 847 875 855
f 868 870 881
f 868 881 1033
f 866 869 1032
f 866 1032 1029
f 864 867 1028
f 864 1028 889
f 862 865 892
f 862 892 893
f 860 863 896
f 860 896 898
f 858 872 1003
f 858 1003 901
f 903 1041 905
f 903 905 1077
f 956 958 1070
f 956 1070 1069
f 933 959 955
f 933 955 952
f 945 946 966
f 945 966 963
f 936 986 947
f 936 947 944
f 909 912 928
f 909 928 929
f 930 995 1078
f 930 1078 1079
f 969 1059 1061
f 969 1061 970
f 943 1055 1057
f 943 1057 968
f 942 989 1051
f 942 1051 1053
f 940 1080 1081
f 803 870 868
f 803 868 804
f 805 869 866
f 805 866 806
f 810 809 867
f 810 867 864
f 813 865 862
f 813 862 814
f 816 815 863
f 816 863 860
f 807 861 871
f 807 871 808
f 811 872 858
f 811 858 812
f 818 817 859
f 818 859 856
f 824 857 873
f 824 873 825
f 869 868 1033
f 869 1033 1032
f 1029 1032 1031
f 1029 1031 1030
f 867 866 1029
f 867 1029 1028
f 873 1022 1021
f 873 1021 874
f 1018 1020 1042
f 1018 1042 1019
f 1014 1017 1016
f 1014 1016 1015
f 1010 1013 1012
f 1010 1012 1011
f 871 1004 1003
f 871 1003 872
f 999 1002 1001
f 999 1001 1000
f 991 1007 1006
f 991 1006 992
f 990 993 1012
f 990 1012 1015
f 988 1048 1051
f 988 1051 989
f 981 984 987
f 981 987 982
f 995 996 1068
f 995 1068 1078
f 997 1000 1067
f 997 1067 1066
f 977 999 998
f 977 998 978
f 974 991 990
f 974 990 975
f 973 1044 1043
f 973 1043 974
f 972 975 1016
f 972 1016 1019
f 970 1061 1063
f 970 1063 971
f 651 971 996
f 651 996 690
f 969 970 652
f 969 652 650
f 968 1057 1059
f 968 1059 969
f 964 993 992
f 964 992 965
f 964 967 1009
f 964 1009 1011
f 960 1006 1005
f 960 1005 961
f 960 963 966
f 960 966 965
f 956 1069 1082
f 956 1082 957
f 955 959 958
f 955 958 956
f 952 955 954
f 952 954 953
f 950 980 983
f 950 983 951
f 947 986 985
f 947 985 948
f 946 949 967
f 946 967 966
f 944 947 946
f 944 946 945
f 943 968 649
f 943 649 648
f 942 1053 1055
f 942 1055 943
f 647 687 989
f 647 989 942
f 940 1081 1064
f 940 1064 941
f 939 1070 1080
f 939 1080 940
f 646 941 988
f 646 988 688
f 938 939 646
f 938 646 644
f 937 1082 1069
f 937 1069 938
f 935 987 986
f 935 986 936
f 933 952 951
f 933 951 934
f 931 983 982
f 931 982 932
f 643 689 995
f 643 995 930
f 641 642 929
f 641 929 928
f 640 641 927
f 640 927 926
f 638 639 925
f 638 925 924
f 846 923 924
f 846 924 920
f 918 921 920
f 918 920 919
f 916 919 925
f 916 925 926
f 914 917 916
f 914 916 915
f 912 915 927
f 912 927 928
f 910 1083 1084
f 910 1084 911
f 929 930 1079
f 908 913 912
f 908 912 909
f 908 911 1024
f 908 1024 1026
f 972 1047 1046
f 972 1046 973
f 904 1065 1077
f 904 1077 905
f 904 907 1042
f 904 1042 1023
f 902 977 976
f 902 976 1038
f 901 1003 1002
f 901 1002 902
f 859 858 901
f 859 901 903
f 899 1074 1067
f 899 1067 900
f 860 898 897
f 860 897 861
f 897 900 1001
f 897 1001 1004
f 895 899 898
f 895 898 896
f 894 1076 1073
f 894 1073 895
f 863 862 893
f 863 893 896
f 891 894 893
f 891 893 892
f 890 1085 1075
f 890 1075 891
f 889 1028 1027
f 889 1027 890
f 865 864 889
f 865 889 892
f 886 1026 1025
f 886 1025 887
f 885 888 1027
f 885 1027 1030
f 883 886 885
f 883 885 884
f 882 914 913
f 882 913 883
f 882 884 1031
f 882 1031 1034
f 880 1034 1033
f 880 1033 881
f 879 918 917
f 879 917 880
f 823 878 881
f 823 881 870
f 876 879 878
f 876 878 877
f 875 922 921
f 875 921 876
f 820 855 875
f 820 875 821
f 948 985 1086
f 948 1086 1087
f 984 1088 1086
f 984 1086 985
f 948 1087 1089
f 948 1089 949
f 981 1090 1088
f 981 1088 984
f 980 1091 1090
f 980 1090 981
f 923 1092 700
f 923 700 637
f 953 954 1093
f 953 1093 1094
f 954 957 1095
f 954 1095 1093
f 950 953 1094
f 950 1094 1096
f 957 1082 1097
f 957 1097 1095
f 1014 1098 1099
f 1014 1099 1017
f 1017 1099 1100
f 1017 1100 1018
f 1013 1101 1098
f 1013 1098 1014
f 937 1102 1097
f 937 1097 1082
f 937 645 707
f 937 707 1102
f 839 849 1092
f 1018 1100 1103
f 1018 1103 1020
f 1020 1103 1104
f 1020 1104 1021
f 1009 1089 1105
f 1009 1105 1106
f 1009 1106 1010
f 1010 1106 1101
f 1010 1101 1013
f 874 1021 1104
f 950 1096 1091
f 950 1091 980
f 821 877 822
f 823 822 877
f 823 877 878
f 880 917 882
f 880 882 1034
f 883 913 1026
f 883 1026 886
f 839 1092 923
f 839 923 846
f 888 1085 890
f 888 890 1027
f 846 922 847
f 949 1089 1009
f 949 1009 967
f 1071 1107 1108
f 1071 1108 1109
f 979 1109 1108
f 979 1108 1036
f 976 1037 1039
f 976 1039 1038
f 905 1041 1040
f 905 1040 906
f 978 1072 1109
f 978 1109 979
f 1007 1043 1008
f 961 1005 1107
f 961 1107 1035
f 1005 1008 1108
f 1005 1108 1107
f 1008 1043 1036
f 1008 1036 1108
f 857 1065 1022
f 857 1022 873
f 856 1077 1065
f 856 1065 857
f 856 859 903
f 856 903 1077
f 1037 1044 1045
f 1037 1045 1039
f 906 1040 1045
f 906 1045 1046
f 907 1047 1042
f 1062 1110 1068
f 1062 1068 1063
f 1068 1110 1083
f 1068 1083 1078
f 910 1079 1078
f 910 1078 1083
f 909 929 1079
f 909 1079 910
f 1066 1067 1074
f 1066 1074 1114
f 1073 1076 1115
f 1073 1115 1116
f 1075 1085 1117
f 1118 1119 1120
f 1118 1120 1121
f 1122 1123 1124
f 1122 1124 1125
f 1126 1127 1128
f 1056 1135 1136
f 1056 1136 1058
f 1084 1083 1110
f 1084 1110 1137
f 1060 1138 1139
f 1060 1139 1062
f 1126 1137 1139
f 1126 1139 1133
f 1126 1133 1134
f 911 1084 1128
f 911 1128 1024
f 1122 1127 1131
f 1122 1131 1130
f 1112 1120 1123
f 1112 1123 1129
f 887 1025 1124
f 887 1124 1119
f 1111 1115 1117
f 1111 1117 1121
f 888 1118 1085
f 1084 1137 1126
f 1084 1126 1128
f 1062 1139 1137
f 1062 1137 1110
f 1024 1125 1124
f 1024 1124 1025
f 1122 1130 1129
f 1122 1129 1123
f 1122 1125 1128
f 1122 1128 1127
f 1119 1124 1123
f 1119 1123 1120
f 1085 1118 1121
f 1085 1121 1117
f 1076 1075 1117
f 1076 1117 1115
f 1074 1073 1116
f 1074 1116 1114
f 1058 1136 1138
f 1058 1138 1060
f 1111 1121 1120
f 1111 1120 1112
f 1111 1113 1116
f 1111 1116 1115
f 887 1119 1118
f 887 1118 888
f 1024 1128 1125
f 1127 1132 1131
f 1126 1134 1132
f 1126 1132 1127
f 1156 1160 1161
f 1156 1161 1159
f 1141 1162 1163
f 1141 1163 1157
f 1146 1155 1164
f 1146 1164 1165
f 1140 1143 1166
f 1140 1166 1167
f 1149 1168 1169
f 1149 1169 1154
f 1142 1145 1170
f 1142 1170 1171
f 1144 1147 1172
f 1144 1172 1173
f 1148 1151 1174
f 1148 1174 1175
f 1152 1176 1177
f 1152 1177 1178
f 1153 1158 1179
f 1153 1179 1180
f 1154 1169 1164
f 1154 1164 1155
f 1158 1159 1161
f 1158 1161 1179
f 1156 1157 1163
f 1156 1163 1160
f 1150 1181 1174
f 1150 1174 1151
f 1148 1175 1168
f 1148 1168 1149
f 1146 1165 1172
f 1146 1172 1147
f 1144 1173 1170
f 1144 1170 1145
f 1142 1171 1166
f 1142 1166 1143
f 1140 1167 1162
f 1140 1162 1141
f 1152 1153 1180
f 1152 1180 1176
f 826 825 1181
f 826 1181 1150
f 1182 1183 1184
f 1185 1186 1187
f 1185 1187 1188
f 1191 1192 1193
f 1191 1193 1194
f 1195 1196 1197
f 1195 1197 1198
f 1186 1189 1200
f 1186 1200 1197
f 1183 1187 1196
f 1183 1196 1193
f 1197 1200 1199
f 1197 1199 1198
f 1193 1196 1195
f 1193 1195 1194
f 1185 1190 1189
f 1185 1189 1186
f 1186 1197 1196
f 1186 1196 1187
f 1182 1188 1187
f 1182 1187 1183
f 1183 1193 1192
f 1183 1192 1184
f 1191 1194 1201
f 1191 1201 1202
f 849 848 1192
f 849 1192 1191
f 848 850 1184
f 848 1184 1192
f 850 851 1182
f 850 1182 1184
f 852 1190 1185
f 852 1185 853
f 853 1185 1188
f 853 1188 854
f 851 854 1188
f 851 1188 1182
f 1177 1198 1199
f 1177 1199 1178
f 1177 1203 1195
f 1177 1195 1198
f 1194 1195 1203
f 1194 1203 1201
f 1174 1181 1204
f 1174 1204 1205
f 1168 1175 1206
f 1168 1206 1207
f 1165 1208 1209
f 1165 1209 1172
f 1170 1173 1210
f 1170 1210 1211
f 1166 1171 1212
f 1166 1212 1213
f 1162 1167 1214
f 1162 1214 1215
f 1160 1163 1216
f 1160 1216 1217
f 1161 1218 1179
f 1164 1169 1219
f 1164 1219 1220
f 825 874 1221
f 1176 1222 1223
f 1176 1223 1224
f 1225 1226 1227
f 1225 1227 1228
f 1229 1230 1231
f 1232 1233 1234
f 1232 1234 1235
f 1236 1237 1238
f 1236 1238 1239
f 1240 1241 1242
f 1240 1242 1243
f 1244 1245 1246
f 1244 1246 1247
f 1248 1249 1250
f 1251 1252 1253
f 1251 1253 1254
f 1255 1256 1257
f 1255 1257 1258
f 1259 1260 1261
f 1259 1261 1262
f 1263 1264 1265
f 1263 1265 1266
f 1202 1267 1268
f 1202 1268 1269
f 1270 720 721
f 1270 721 1271
f 1272 722 723
f 1272 723 1273
f 1274 724 1275
f 1276 725 726
f 1276 726 1277
f 727 728 1284
f 727 1284 1285
f 1286 1287 1288
f 1286 1288 729
f 730 1289 1290
f 730 1290 731
f 1293 1294 1295
f 1293 1295 1296
f 1297 1298 1299
f 1297 1299 1300
f 1301 1302 1303
f 1301 1303 1304
f 1307 1308 1309
f 1307 1309 1310
f 1311 1312 1313
f 1311 1313 1314
f 732 1315 1316
f 732 1316 733
f 1317 1318 734
f 1317 734 735
f 1319 1320 1321
f 1319 1321 1322
f 1323 1324 1325
f 1323 1325 1326
f 1327 1328 1329
f 1327 1329 1330
f 1331 1332 1333
f 1331 1333 1334
f 770 771 1335
f 770 1335 1336
f 1337 1338 1339
f 1337 1339 1340
f 1342 772 773
f 1342 773 1343
f 1344 1345 1346
f 1344 1346 1347
f 1348 1349 1350
f 1348 1350 1351
f 1352 1353 1354
f 1352 1354 1355
f 1356 1357 1358
f 1359 1360 1361
f 1359 1361 1362
f 1363 1364 1365
f 1363 1365 1366
f 1367 1368 1369
f 1367 1369 1370
f 1371 1372 1373
f 1374 1375 1376
f 1374 1376 1377
f 1378 1379 1380
f 1378 1380 1381
f 1323 1326 1383
f 1323 1383 1384
f 1385 1386 1387
f 1385 1387 1388
f 1367 1370 1389
f 1383 1390 1391
f 1383 1391 1384
f 1248 1385 1388
f 1248 1388 1249
f 1386 1392 1387
f 1251 1393 1394
f 1251 1394 1252
f 1395 1396 1397
f 1395 1397 1398
f 1395 1399 1400
f 1395 1400 1396
f 1399 1401 1402
f 1399 1402 1400
f 1401 1403 1404
f 1401 1404 1402
f 1403 1405 1406
f 1403 1406 1404
f 1405 1407 1408
f 1405 1408 1406
f 1407 1409 1410
f 1407 1410 1408
f 1397 1411 1398
f 1229 1381 1374
f 1229 1374 1235
f 1314 1337 1362
f 1314 1362 1356
f 1319 1366 1359
f 1319 1359 1340
f 1322 1393 1389
f 1322 1389 1363
f 1254 1412 1368
f 1254 1368 1367
f 1244 1351 1344
f 1244 1344 1414
f 1208 1220 1348
f 1208 1348 1247
f 1317 1342 1415
f 1317 1415 1409
f 1284 1288 1416
f 1284 1416 1417
f 1310 1354 1338
f 1310 1338 1313
f 1286 1336 1398
f 1286 1398 1411
f 1278 1283 1331
f 1278 1331 1328
f 1279 1327 1299
f 1279 1299 1280
f 1263 1273 1270
f 1263 1270 1269
f 1259 1275 1272
f 1259 1272 1266
f 1324 1419 1341
f 1324 1341 1346
f 1320 1339 1353
f 1320 1353 1391
f 1321 1390 1392
f 1321 1392 1394
f 1249 1325 1345
f 1249 1345 1350
f 1241 1245 1420
f 1241 1420 1421
f 1237 1242 1422
f 1237 1422 1423
f 1258 1261 1371
f 1231 1260 1265
f 1223 1227 1264
f 1223 1264 1268
f 1201 1203 1224
f 1201 1224 1267
f 1217 1379 1225
f 1217 1225 1218
f 1215 1375 1380
f 1215 1380 1216
f 1213 1239 1376
f 1213 1376 1214
f 1211 1243 1236
f 1211 1236 1212
f 1209 1246 1240
f 1209 1240 1210
f 1207 1250 1349
f 1207 1349 1219
f 1248 1424 1253
f 1248 1253 1385
f 1302 1417 1416
f 1302 1416 1306
f 1281 1298 1303
f 1281 1303 1305
f 1291 1307 1312
f 1291 1312 1296
f 1282 1292 1295
f 1282 1295 1332
f 1257 1277 1274
f 1257 1274 1262
f 1276 1425 1426
f 1276 1426 1343
f 1315 1318 1407
f 1315 1407 1405
f 1289 1316 1403
f 1289 1403 1401
f 1290 1399 1395
f 1290 1395 1335
f 1287 1427 1428
f 1160 1217 1218
f 1160 1218 1161
f 1162 1215 1216
f 1162 1216 1163
f 1167 1166 1213
f 1167 1213 1214
f 1170 1211 1212
f 1170 1212 1171
f 1173 1172 1209
f 1173 1209 1210
f 1164 1220 1208
f 1164 1208 1165
f 1168 1207 1219
f 1168 1219 1169
f 1175 1174 1205
f 1175 1205 1206
f 825 1221 1204
f 825 1204 1181
f 1217 1216 1380
f 1217 1380 1379
f 1374 1381 1380
f 1374 1380 1375
f 1215 1214 1376
f 1215 1376 1375
f 874 1369 1368
f 874 1368 1221
f 1363 1389 1370
f 1363 1370 1364
f 1359 1366 1365
f 1359 1365 1360
f 1356 1362 1361
f 1356 1361 1357
f 1219 1349 1348
f 1219 1348 1220
f 1344 1351 1350
f 1344 1350 1345
f 1338 1354 1353
f 1338 1353 1339
f 1337 1340 1359
f 1337 1359 1362
f 1335 1395 1398
f 1335 1398 1336
f 1328 1331 1334
f 1328 1334 1329
f 1342 1343 1426
f 1342 1426 1415
f 1344 1347 1413
f 1344 1413 1414
f 1324 1346 1345
f 1324 1345 1325
f 1319 1340 1339
f 1319 1339 1320
f 1320 1391 1390
f 1320 1390 1321
f 1319 1322 1363
f 1319 1363 1366
f 1317 1409 1407
f 1317 1407 1318
f 1317 735 772
f 1317 772 1342
f 732 734 1318
f 732 1318 1315
f 1315 1405 1403
f 1315 1403 1316
f 1313 1338 1337
f 1313 1337 1314
f 1311 1314 1356
f 1311 1356 1358
f 1309 1355 1354
f 1309 1354 1310
f 1307 1310 1313
f 1307 1313 1312
f 1301 1429 1417
f 1301 1417 1302
f 1302 1306 1305
f 1302 1305 1303
f 1297 1304 1303
f 1297 1303 1298
f 1299 1327 1330
f 1299 1330 1300
f 1294 1333 1332
f 1294 1332 1295
f 1293 1296 1312
f 1293 1312 1311
f 1291 1296 1295
f 1291 1295 1292
f 730 733 1316
f 730 1316 1289
f 1289 1401 1399
f 1289 1399 1290
f 1290 1335 771
f 1290 771 731
f 1286 1411 1427
f 1286 1427 1287
f 1287 1428 1416
f 1287 1416 1288
f 1286 729 770
f 1286 770 1336
f 728 729 1288
f 728 1288 1284
f 1284 1417 1429
f 1284 1429 1285
f 1282 1332 1331
f 1282 1331 1283
f 1280 1299 1298
f 1280 1298 1281
f 1278 1328 1327
f 1278 1327 1279
f 1276 1343 773
f 1276 773 725
f 1274 1277 726
f 1274 726 724
f 1272 1275 724
f 1272 724 722
f 1270 1273 723
f 1270 723 720
f 1202 1269 1270
f 1202 1270 1271
f 1263 1269 1268
f 1263 1268 1264
f 1263 1266 1272
f 1263 1272 1273
f 1259 1266 1265
f 1259 1265 1260
f 1259 1262 1274
f 1259 1274 1275
f 1255 1430 1431
f 1255 1431 1256
f 1276 1277 1425
f 1257 1262 1261
f 1257 1261 1258
f 1255 1258 1371
f 1255 1371 1373
f 1321 1394 1393
f 1321 1393 1322
f 1253 1424 1412
f 1253 1412 1254
f 1251 1254 1367
f 1251 1367 1389
f 1249 1388 1326
f 1249 1326 1325
f 1249 1350 1349
f 1249 1349 1250
f 1207 1206 1248
f 1207 1248 1250
f 1244 1414 1420
f 1244 1420 1245
f 1208 1247 1246
f 1208 1246 1209
f 1244 1247 1348
f 1244 1348 1351
f 1240 1246 1245
f 1240 1245 1241
f 1241 1421 1422
f 1241 1422 1242
f 1211 1210 1240
f 1211 1240 1243
f 1236 1243 1242
f 1236 1242 1237
f 1237 1423 1432
f 1237 1432 1238
f 1238 1377 1376
f 1238 1376 1239
f 1213 1212 1236
f 1213 1236 1239
f 1233 1372 1371
f 1233 1371 1234
f 1232 1235 1374
f 1232 1374 1377
f 1229 1235 1234
f 1229 1234 1230
f 1230 1261 1260
f 1230 1260 1231
f 1229 1231 1378
f 1229 1378 1381
f 1225 1379 1378
f 1225 1378 1226
f 1226 1265 1264
f 1226 1264 1227
f 1179 1218 1225
f 1179 1225 1228
f 1222 1228 1227
f 1222 1227 1223
f 1223 1268 1267
f 1223 1267 1224
f 1176 1224 1203
f 1176 1203 1177
f 1087 1086 1333
f 1087 1333 1294
f 1086 1088 1334
f 1086 1334 1333
f 1087 1294 1293
f 1087 1293 1089
f 1088 1090 1329
f 1088 1329 1334
f 1090 1091 1330
f 1090 1330 1329
f 700 1092 1271
f 700 1271 721
f 1094 1093 1304
f 1094 1304 1297
f 1093 1095 1301
f 1093 1301 1304
f 1094 1297 1300
f 1094 1300 1096
f 1095 1097 1429
f 1095 1429 1301
f 1099 1098 1360
f 1099 1360 1365
f 1099 1365 1364
f 1099 1364 1100
f 1098 1101 1361
f 1098 1361 1360
f 1097 1102 1285
f 1097 1285 1429
f 1102 707 727
f 1102 727 1285
f 849 1191 1092
f 1100 1364 1370
f 1100 1370 1103
f 1103 1370 1369
f 1103 1369 1104
f 1089 1358 1105
f 1105 1358 1357
f 1105 1357 1106
f 1101 1106 1357
f 1101 1357 1361
f 874 1104 1369
f 1091 1096 1300
f 1091 1300 1330
f 1176 1180 1222
f 1180 1179 1228
f 1180 1228 1222
f 1226 1378 1231
f 1226 1231 1265
f 1230 1234 1371
f 1230 1371 1261
f 1092 1191 1202
f 1092 1202 1271
f 1232 1377 1238
f 1232 1238 1432
f 1201 1267 1202
f 1089 1293 1311
f 1089 1311 1358
f 1418 1434 1435
f 1418 1435 1433
f 1323 1384 1435
f 1323 1435 1434
f 1326 1388 1387
f 1326 1387 1383
f 1252 1386 1385
f 1252 1385 1253
f 1323 1434 1419
f 1323 1419 1324
f 1352 1391 1353
f 1309 1382 1433
f 1309 1433 1355
f 1352 1355 1433
f 1352 1433 1435
f 1352 1435 1384
f 1352 1384 1391
f 1204 1221 1368
f 1204 1368 1412
f 1204 1412 1424
f 1204 1424 1205
f 1205 1424 1248
f 1205 1248 1206
f 1383 1387 1392
f 1383 1392 1390
f 1252 1394 1392
f 1252 1392 1386
f 1251 1389 1393
f 1409 1415 1436
f 1409 1436 1410
f 1415 1426 1431
f 1415 1431 1436
f 1256 1431 1426
f 1256 1426 1425
f 1256 1425 1277
f 1256 1277 1257
f 1413 1439 1420
f 1413 1420 1414
f 1421 1440 1441
f 1421 1441 1422
f 1423 1442 1432
f 1443 1444 1445
f 1443 1445 1446
f 1447 1448 1449
f 1447 1449 1450
f 1451 1452 1453
f 1404 1406 1460
f 1404 1460 1461
f 1431 1430 1462
f 1431 1462 1436
f 1408 1410 1463
f 1408 1463 1464
f 1453 1458 1463
f 1453 1463 1462
f 1453 1459 1458
f 1255 1373 1451
f 1255 1451 1430
f 1450 1454 1457
f 1450 1457 1452
f 1437 1455 1449
f 1437 1449 1444
f 1233 1445 1448
f 1233 1448 1372
f 1438 1443 1442
f 1438 1442 1441
f 1232 1432 1446
f 1430 1451 1453
f 1430 1453 1462
f 1410 1436 1462
f 1410 1462 1463
f 1372 1448 1447
f 1372 1447 1373
f 1449 1455 1454
f 1449 1454 1450
f 1447 1450 1452
f 1447 1452 1451
f 1444 1449 1448
f 1444 1448 1445
f 1432 1442 1443
f 1432 1443 1446
f 1423 1422 1441
f 1423 1441 1442
f 1421 1420 1439
f 1421 1439 1440
f 1406 1408 1464
f 1406 1464 1460
f 1437 1444 1443
f 1437 1443 1438
f 1232 1446 1445
f 1232 1445 1233
f 1373 1447 1451
f 1452 1457 1456
f 1452 1456 1459
f 1452 1459 1453
f 1465 1466 1278
f 1465 1278 1279
f 1467 1468 1280
f 1467 1280 1281
f 1469 1470 1282
f 1469 1282 1283
f 1291 1292 1471
f 1291 1471 1472
f 1473 1474 1305
f 1473 1305 1306
f 1475 1476 1477
f 1475 1477 1478
f 1341 1479 1480
f 1341 1480 1481
f 1475 1382 1482
f 1475 1482 1476
f 1481 1483 1413
f 1481 1413 1347
f 1475 1478 1479
f 1475 1479 1418
f 1478 1484 1485
f 1478 1485 1480
f 1477 1486 1487
f 1477 1487 1488
f 1472 1489 1482
f 1472 1482 1308
f 1480 1485 1483
f 1480 1483 1481
f 1341 1481 1347
f 1341 1347 1346
f 1341 1419 1479
f 1308 1482 1382
f 1308 1382 1309
f 1477 1488 1484
f 1477 1484 1478
f 1478 1480 1479
f 1473 1306 1416
f 1473 1416 1428
f 1291 1472 1308
f 1291 1308 1307
f 1486 1490 1491
f 1486 1491 1492
f 1476 1482 1489
f 1476 1489 1490
f 1471 1491 1490
f 1471 1490 1489
f 1470 1491 1471
f 1470 1471 1282
f 1467 1281 1305
f 1467 1305 1474
f 1466 1469 1283
f 1466 1283 1278
f 1465 1279 1280
f 1465 1280 1468
f 1475 1418 1433
f 1475 1433 1382
f 1476 1490 1486
f 1476 1486 1477
f 1479 1419 1434
f 1479 1434 1418
f 1282 1471 1292
f 1471 1489 1472
f 1493 1494 1437
f 1493 1437 1438
f 1483 1485 1495
f 1483 1495 1496
f 1507 1508 1509
f 1507 1509 1510
f 1511 1512 1513
f 1484 1488 1520
f 1484 1520 1521
f 1522 1523 1524
f 1522 1524 1525
f 1454 1455 1526
f 1454 1526 1527
f 1528 1529 1530
f 1528 1530 1531
f 1532 1533 1534
f 1532 1534 1535
f 1538 1539 1540
f 1541 1542 1543
f 1541 1543 1544
f 1546 1547 1548
f 1546 1548 1549
f 1550 1456 1457
f 1550 1457 1551
f 1458 1552 1553
f 1554 1555 1556
f 1554 1556 1557
f 1459 1558 1559
f 1532 1535 1560
f 1532 1560 1561
f 1400 1402 1562
f 1400 1562 1563
f 1522 1564 1565
f 1522 1565 1523
f 1523 1565 1566
f 1523 1566 1529
f 1529 1566 1567
f 1529 1567 1530
f 1530 1567 1568
f 1530 1568 1556
f 1556 1568 1569
f 1556 1569 1557
f 1532 1557 1569
f 1532 1569 1533
f 1552 1559 1554
f 1552 1554 1561
f 1531 1555 1558
f 1531 1558 1550
f 1553 1560 1460
f 1553 1460 1464
f 1519 1564 1520
f 1519 1520 1545
f 1513 1544 1538
f 1513 1538 1547
f 1515 1548 1540
f 1515 1540 1536
f 1466 1501 1506
f 1466 1506 1469
f 1467 1474 1499
f 1467 1499 1504
f 1465 1468 1503
f 1465 1503 1502
f 1494 1570 1525
f 1494 1525 1526
f 1493 1440 1439
f 1493 1439 1496
f 1537 1539 1571
f 1510 1562 1461
f 1510 1461 1534
f 1507 1533 1569
f 1507 1569 1517
f 1473 1549 1514
f 1473 1514 1500
f 1470 1505 1492
f 1470 1492 1491
f 1524 1528 1551
f 1524 1551 1527
f 1498 1566 1565
f 1498 1565 1518
f 1497 1516 1568
f 1497 1568 1567
f 1554 1559 1558
f 1554 1558 1555
f 1458 1459 1559
f 1458 1559 1552
f 1458 1553 1464
f 1458 1464 1463
f 1550 1558 1459
f 1550 1459 1456
f 1538 1544 1543
f 1538 1543 1539
f 1538 1540 1548
f 1538 1548 1547
f 1536 1540 1539
f 1536 1539 1537
f 1552 1561 1560
f 1552 1560 1553
f 1532 1561 1554
f 1532 1554 1557
f 1530 1556 1555
f 1530 1555 1531
f 1528 1531 1550
f 1528 1550 1551
f 1454 1527 1551
f 1454 1551 1457
f 1523 1529 1528
f 1523 1528 1524
f 1524 1527 1526
f 1524 1526 1525
f 1488 1487 1545
f 1488 1545 1520
f 1522 1525 1570
f 1518 1565 1564
f 1518 1564 1519
f 1516 1517 1569
f 1516 1569 1568
f 1514 1549 1548
f 1514 1548 1515
f 1512 1541 1544
f 1512 1544 1513
f 1511 1513 1547
f 1511 1547 1546
f 1508 1543 1542
f 1508 1542 1509
f 1507 1510 1534
f 1507 1534 1533
f 1497 1567 1566
f 1497 1566 1498
f 1485 1484 1521
f 1485 1521 1495
f 1483 1496 1439
f 1483 1439 1413
f 1534 1461 1460
f 1534 1460 1535
f 1493 1496 1495
f 1493 1495 1494
f 1494 1526 1455
f 1494 1455 1437
f 1493 1438 1441
f 1493 1441 1440
f 1473 1428 1546
f 1473 1546 1549
f 1402 1404 1461
f 1402 1461 1562
f 1509 1563 1562
f 1509 1562 1510
f 1473 1500 1499
f 1473 1499 1474
f 1469 1506 1505
f 1469 1505 1470
f 1467 1504 1503
f 1467 1503 1468
f 1465 1502 1501
f 1465 1501 1466
f 1509 1542 1563
f 1494 1495 1521
f 1494 1521 1570
f 1508 1571 1539
f 1508 1539 1543
f 1428 1427 1511
f 1428 1511 1546
f 1411 1512 1511
f 1411 1511 1427
f 1397 1541 1512
f 1397 1512 1411
f 1396 1542 1541
f 1396 1541 1397
f 1396 1400 1563
f 1396 1563 1542
f 1535 1460 1560
f 1521 1564 1522
f 1521 1522 1570
f 1520 1564 1521
f 1507 1517 1572
f 1507 1572 1571
f 1507 1571 1508
f 1573 1574 1575
f 1573 1575 1576
f 1577 1578 1579
f 1577 1579 1580
f 1581 1582 1583
f 1581 1583 1584
f 1585 1586 1587
f 1585 1587 1588
f 1589 1590 1591
f 1589 1591 1592
f 1593 1594 1595
f 1593 1595 1596
f 1597 1598 1599
f 1597 1599 1600
f 1601 1602 1603
f 1601 1603 1604
f 1605 1606 1607
f 1605 1607 1608
f 1609 1610 1611
f 1609 1611 1612
f 1613 1614 1615
f 1613 1615 1616
f 1617 1618 1619
f 1617 1619 1620
f 1621 1622 1623
f 1624 1625 1626
f 1627 1628 1629
f 1627 1629 1630
f 1631 1632 1633
f 1631 1633 1634
f 1635 1636 1637
f 1635 1637 1638
f 1639 1640 1641
f 1639 1641 1642
f 1643 1644 1645
f 1643 1645 1646
f 1647 1648 1649
f 1647 1649 1650
f 1651 1652 1653
f 1651 1653 1654
f 1655 1656 1657
f 1658 1659 1660
f 1658 1660 1661
f 1662 1663 1664
f 1662 1664 1665
f 1666 1667 1668
f 1666 1668 1669
f 1670 1671 1672
f 1670 1672 1673
f 1674 1675 1676
f 1674 1676 1677
f 1678 1679 1680
f 1678 1680 1681
f 1682 1683 1684
f 1682 1684 1685
f 1686 1687 1688
f 1686 1688 1689
f 1690 1691 1692
f 1690 1692 1693
f 1694 1695 1696
f 1694 1696 1697
f 1698 1699 1700
f 1698 1700 1701
f 1702 1703 1704
f 1702 1704 1705
f 1706 1707 1708
f 1706 1708 1709
f 1710 1711 1712
f 1710 1712 1713
f 1714 1715 1716
f 1714 1716 1717
f 1718 1719 1720
f 1718 1720 1721
f 1722 1497 1498
f 1722 1498 1723
f 1499 1500 1724
f 1499 1724 1725
f 1726 1727 1501
f 1726 1501 1502
f 1728 1729 1503
f 1728 1503 1504
f 1730 1731 1505
f 1730 1505 1506
f 1486 1492 1732
f 1733 1734 1514
f 1733 1514 1515
f 1516 1735 1736
f 1516 1736 1517
f 1737 1738 1518
f 1737 1518 1519
f 1536 1537 1739
f 1536 1739 1740
f 1487 1741 1742
f 1487 1742 1545
f 1592 1674 1701
f 1592 1701 1597
f 1677 1678 1705
f 1677 1705 1698
f 1681 1682 1709
f 1681 1709 1702
f 1689 1690 1717
f 1689 1717 1710
f 1693 1694 1721
f 1693 1721 1714
f 1593 1604 1718
f 1593 1718 1697
f 1645 1683 1680
f 1645 1680 1664
f 1646 1663 1659
f 1646 1659 1649
f 1650 1658 1656
f 1650 1656 1653
f 1654 1655 1691
f 1654 1691 1688
f 1657 1695 1692
f 1660 1662 1669
f 1660 1669 1670
f 1665 1679 1676
f 1665 1676 1666
f 1586 1667 1675
f 1586 1675 1591
f 1582 1671 1668
f 1582 1668 1585
f 1581 1594 1696
f 1581 1696 1672
f 1576 1640 1719
f 1576 1719 1603
f 1575 1580 1636
f 1575 1636 1641
f 1579 1598 1700
f 1579 1700 1637
f 1631 1638 1699
f 1631 1699 1704
f 1628 1642 1635
f 1628 1635 1634
f 1626 1639 1627
f 1619 1711 1716
f 1619 1716 1623
f 1615 1620 1622
f 1615 1622 1625
f 1611 1616 1624
f 1611 1624 1630
f 1607 1612 1629
f 1607 1629 1633
f 1608 1632 1703
f 1608 1703 1708
f 1618 1737 1742
f 1618 1742 1712
f 1685 1733 1740
f 1685 1740 1706
f 1651 1687 1730
f 1651 1730 1727
f 1643 1648 1728
f 1643 1728 1725
f 1647 1652 1726
f 1647 1726 1729
f 1644 1724 1734
f 1644 1734 1684
f 1713 1741 1732
f 1614 1723 1738
f 1614 1738 1617
f 1610 1735 1722
f 1610 1722 1613
f 1606 1743 1736
f 1606 1736 1609
f 1605 1707 1739
f 1605 1739 1744
f 1737 1519 1545
f 1737 1545 1742
f 1537 1571 1744
f 1537 1744 1739
f 1736 1743 1572
f 1736 1572 1517
f 1733 1515 1536
f 1733 1536 1740
f 1571 1572 1743
f 1571 1743 1744
f 1486 1732 1741
f 1486 1741 1487
f 1492 1505 1731
f 1492 1731 1732
f 1727 1730 1506
f 1727 1506 1501
f 1726 1502 1503
f 1726 1503 1729
f 1500 1514 1734
f 1500 1734 1724
f 1499 1725 1728
f 1499 1728 1504
f 1722 1735 1516
f 1722 1516 1497
f 1498 1518 1738
f 1498 1738 1723
f 1603 1719 1718
f 1603 1718 1604
f 1714 1721 1720
f 1714 1720 1715
f 1710 1717 1716
f 1710 1716 1711
f 1712 1742 1741
f 1712 1741 1713
f 1706 1740 1739
f 1706 1739 1707
f 1702 1709 1708
f 1702 1708 1703
f 1698 1705 1704
f 1698 1704 1699
f 1597 1701 1700
f 1597 1700 1598
f 1593 1596 1601
f 1593 1601 1604
f 1593 1697 1696
f 1593 1696 1594
f 1694 1697 1718
f 1694 1718 1721
f 1692 1695 1694
f 1692 1694 1693
f 1690 1693 1714
f 1690 1714 1717
f 1686 1731 1730
f 1686 1730 1687
f 1688 1691 1690
f 1688 1690 1689
f 1686 1689 1710
f 1686 1710 1713
f 1684 1734 1733
f 1684 1733 1685
f 1682 1685 1706
f 1682 1706 1709
f 1680 1683 1682
f 1680 1682 1681
f 1678 1681 1702
f 1678 1702 1705
f 1676 1679 1678
f 1676 1678 1677
f 1674 1677 1698
f 1674 1698 1701
f 1591 1675 1674
f 1591 1674 1592
f 1589 1592 1597
f 1589 1597 1600
f 1586 1591 1590
f 1586 1590 1587
f 1582 1585 1588
f 1582 1588 1583
f 1581 1584 1595
f 1581 1595 1594
f 1581 1672 1671
f 1581 1671 1582
f 1672 1696 1695
f 1672 1695 1673
f 1666 1676 1675
f 1666 1675 1667
f 1585 1668 1667
f 1585 1667 1586
f 1668 1671 1670
f 1668 1670 1669
f 1664 1680 1679
f 1664 1679 1665
f 1662 1665 1666
f 1662 1666 1669
f 1659 1663 1662
f 1659 1662 1660
f 1660 1670 1673
f 1660 1673 1661
f 1656 1658 1661
f 1656 1661 1657
f 1655 1657 1692
f 1655 1692 1691
f 1651 1727 1726
f 1651 1726 1652
f 1653 1656 1655
f 1653 1655 1654
f 1651 1654 1688
f 1651 1688 1687
f 1647 1729 1728
f 1647 1728 1648
f 1649 1659 1658
f 1649 1658 1650
f 1647 1650 1653
f 1647 1653 1652
f 1643 1725 1724
f 1643 1724 1644
f 1644 1684 1683
f 1644 1683 1645
f 1645 1664 1663
f 1645 1663 1646
f 1643 1646 1649
f 1643 1649 1648
f 1578 1599 1598
f 1578 1598 1579
f 1574 1577 1580
f 1574 1580 1575
f 1573 1576 1603
f 1573 1603 1602
f 1639 1720 1719
f 1639 1719 1640
f 1575 1641 1640
f 1575 1640 1576
f 1635 1642 1641
f 1635 1641 1636
f 1579 1637 1636
f 1579 1636 1580
f 1637 1700 1699
f 1637 1699 1638
f 1631 1704 1703
f 1631 1703 1632
f 1631 1634 1635
f 1631 1635 1638
f 1627 1639 1642
f 1627 1642 1628
f 1628 1634 1633
f 1628 1633 1629
f 1624 1626 1627
f 1624 1627 1630
f 1621 1626 1625
f 1621 1625 1622
f 1621 1623 1716
f 1621 1716 1715
f 1617 1738 1737
f 1617 1737 1618
f 1618 1712 1711
f 1618 1711 1619
f 1619 1623 1622
f 1619 1622 1620
f 1613 1722 1723
f 1613 1723 1614
f 1614 1617 1620
f 1614 1620 1615
f 1615 1625 1624
f 1615 1624 1616
f 1609 1736 1735
f 1609 1735 1610
f 1610 1613 1616
f 1610 1616 1611
f 1611 1630 1629
f 1611 1629 1612
f 1605 1744 1743
f 1605 1743 1606
f 1606 1609 1612
f 1606 1612 1607
f 1607 1633 1632
f 1607 1632 1608
f 1605 1608 1708
f 1605 1708 1707
f 1686 1713 1732
f 1686 1732 1731
f 1657 1661 1673
f 1657 1673 1695
f 1621 1715 1720
f 1621 1720 1639
f 1621 1639 1626
f 1745 1746 1747
f 1745 1747 1748
f 1749 1750 1751
f 1749 1751 1752
f 1753 1754 1755
f 1753 1755 1756
f 1757 1758 1759
f 1757 1759 1760
f 1761 1762 1763
f 1761 1763 1764
f 1765 1766 1767
f 1765 1767 1768
f 1769 1770 1771
f 1769 1771 1772
f 1773 1774 1775
f 1773 1775 1776
f 1769 1777 1778
f 1769 1778 1776
f 1767 1779 1780
f 1767 1780 1772
f 1763 1781 1782
f 1763 1782 1766
f 1759 1783 1784
f 1759 1784 1762
f 1755 1785 1786
f 1755 1786 1758
f 1751 1787 1788
f 1751 1788 1754
f 1746 1773 1789
f 1746 1789 1790
f 1747 1791 1792
f 1747 1792 1750
f 1773 1776 1778
f 1773 1778 1789
f 1769 1776 1775
f 1769 1775 1770
f 1769 1772 1780
f 1769 1780 1777
f 1766 1782 1779
f 1766 1779 1767
f 1767 1772 1771
f 1767 1771 1768
f 1762 1784 1781
f 1762 1781 1763
f 1763 1766 1765
f 1763 1765 1764
f 1758 1786 1783
f 1758 1783 1759
f 1759 1762 1761
f 1759 1761 1760
f 1754 1788 1785
f 1754 1785 1755
f 1755 1758 1757
f 1755 1757 1756
f 1750 1792 1787
f 1750 1787 1751
f 1751 1754 1753
f 1751 1753 1752
f 1745 1774 1773
f 1745 1773 1746
f 1746 1790 1791
f 1746 1791 1747
f 1747 1750 1749
f 1747 1749 1748
f 1793 1794 1795
f 1793 1795 1796
f 1797 1798 1799
f 1797 1799 1800
f 1801 1802 1803
f 1801 1803 1804
f 1805 1806 1807
f 1805 1807 1808
f 1809 1810 1811
f 1809 1811 1812
f 1813 1814 1815
f 1813 1815 1816
f 1790 1817 1818
f 1790 1818 1791
f 1787 1792 1819
f 1787 1819 1820
f 1821 1822 1823
f 1821 1823 1824
f 1825 1826 1827
f 1825 1827 1828
f 1829 1830 1831
f 1829 1831 1832
f 1833 1834 1835
f 1833 1835 1836
f 1837 1838 1839
f 1837 1839 1840
f 1841 1842 1843
f 1841 1843 1844
f 1779 1782 1845
f 1779 1845 1846
f 1781 1784 1847
f 1781 1847 1848
f 1777 1780 1849
f 1777 1849 1850
f 1851 1852 1853
f 1851 1853 1854
f 1855 1856 1857
f 1855 1857 1858
f 1859 1860 1861
f 1859 1861 1862
f 1863 1864 1865
f 1863 1865 1866
f 1867 1868 1869
f 1867 1869 1870
f 1871 1872 1873
f 1871 1873 1874
f 1783 1786 1875
f 1783 1875 1876
f 1778 1877 1878
f 1778 1878 1789
f 1879 1880 1881
f 1879 1881 1882
f 1883 1884 1885
f 1883 1885 1886
f 1887 1888 1889
f 1887 1889 1890
f 1891 1892 1893
f 1891 1893 1894
f 1895 1896 1897
f 1895 1897 1898
f 1899 1900 1901
f 1899 1901 1902
f 1785 1788 1903
f 1785 1903 1904
f 1829 1905 1906
f 1829 1906 1830
f 1843 1907 1908
f 1843 1908 1844
f 1830 1906 1907
f 1830 1907 1843
f 1844 1908 1909
f 1844 1909 1846
f 1813 1817 1910
f 1813 1910 1911
f 1813 1911 1912
f 1813 1912 1814
f 1803 1814 1912
f 1803 1912 1913
f 1803 1913 1914
f 1803 1914 1804
f 1825 1828 1905
f 1825 1905 1829
f 1850 1851 1882
f 1850 1882 1877
f 1854 1855 1886
f 1854 1886 1879
f 1858 1859 1890
f 1858 1890 1883
f 1589 1600 1887
f 1589 1887 1862
f 1596 1863 1894
f 1596 1894 1601
f 1866 1867 1898
f 1866 1898 1891
f 1870 1871 1902
f 1870 1902 1895
f 1874 1875 1904
f 1874 1904 1899
f 1583 1588 1826
f 1583 1826 1822
f 1584 1821 1864
f 1584 1864 1595
f 1587 1590 1861
f 1587 1861 1827
f 1823 1825 1832
f 1823 1832 1833
f 1824 1836 1868
f 1824 1868 1865
f 1828 1860 1857
f 1828 1857 1905
f 1853 1907 1906
f 1853 1906 1856
f 1831 1842 1838
f 1831 1838 1834
f 1835 1837 1872
f 1835 1872 1869
f 1839 1841 1845
f 1839 1845 1848
f 1840 1847 1876
f 1840 1876 1873
f 1849 1909 1908
f 1849 1908 1852
f 1878 1881 1911
f 1878 1911 1910
f 1809 1900 1903
f 1809 1903 1820
f 1810 1819 1818
f 1810 1818 1816
f 1806 1896 1901
f 1806 1901 1812
f 1802 1807 1811
f 1802 1811 1815
f 1880 1885 1913
f 1880 1913 1912
f 1797 1914 1884
f 1797 1884 1889
f 1793 1892 1897
f 1793 1897 1805
f 1794 1808 1801
f 1794 1801 1800
f 1578 1798 1888
f 1578 1888 1599
f 1573 1602 1893
f 1573 1893 1796
f 1574 1795 1799
f 1574 1799 1577
f 1899 1904 1903
f 1899 1903 1900
f 1895 1902 1901
f 1895 1901 1896
f 1891 1898 1897
f 1891 1897 1892
f 1601 1894 1893
f 1601 1893 1602
f 1599 1888 1887
f 1599 1887 1600
f 1883 1890 1889
f 1883 1889 1884
f 1879 1886 1885
f 1879 1885 1880
f 1877 1882 1881
f 1877 1881 1878
f 1785 1904 1875
f 1785 1875 1786
f 1873 1876 1875
f 1873 1875 1874
f 1871 1874 1899
f 1871 1899 1902
f 1869 1872 1871
f 1869 1871 1870
f 1867 1870 1895
f 1867 1895 1898
f 1595 1864 1863
f 1595 1863 1596
f 1865 1868 1867
f 1865 1867 1866
f 1863 1866 1891
f 1863 1891 1894
f 1589 1862 1861
f 1589 1861 1590
f 1859 1862 1887
f 1859 1887 1890
f 1857 1860 1859
f 1857 1859 1858
f 1855 1858 1883
f 1855 1883 1886
f 1853 1856 1855
f 1853 1855 1854
f 1851 1854 1879
f 1851 1879 1882
f 1849 1852 1851
f 1849 1851 1850
f 1777 1850 1877
f 1777 1877 1778
f 1783 1876 1847
f 1783 1847 1784
f 1780 1909 1849
f 1781 1848 1845
f 1781 1845 1782
f 1852 1908 1907
f 1852 1907 1853
f 1841 1844 1846
f 1841 1846 1845
f 1838 1842 1841
f 1838 1841 1839
f 1839 1848 1847
f 1839 1847 1840
f 1837 1840 1873
f 1837 1873 1872
f 1834 1838 1837
f 1834 1837 1835
f 1835 1869 1868
f 1835 1868 1836
f 1856 1906 1905
f 1856 1905 1857
f 1830 1843 1842
f 1830 1842 1831
f 1831 1834 1833
f 1831 1833 1832
f 1587 1827 1826
f 1587 1826 1588
f 1827 1861 1860
f 1827 1860 1828
f 1825 1829 1832
f 1583 1822 1821
f 1583 1821 1584
f 1822 1826 1825
f 1822 1825 1823
f 1823 1833 1836
f 1823 1836 1824
f 1821 1824 1865
f 1821 1865 1864
f 1787 1820 1903
f 1787 1903 1788
f 1791 1818 1819
f 1791 1819 1792
f 1789 1878 1910
f 1880 1912 1911
f 1880 1911 1881
f 1813 1816 1818
f 1813 1818 1817
f 1809 1820 1819
f 1809 1819 1810
f 1810 1816 1815
f 1810 1815 1811
f 1809 1812 1901
f 1809 1901 1900
f 1805 1897 1896
f 1805 1896 1806
f 1806 1812 1811
f 1806 1811 1807
f 1801 1808 1807
f 1801 1807 1802
f 1802 1815 1814
f 1802 1814 1803
f 1884 1914 1913
f 1884 1913 1885
f 1797 1889 1888
f 1797 1888 1798
f 1577 1799 1798
f 1577 1798 1578
f 1797 1800 1804
f 1797 1804 1914
f 1793 1805 1808
f 1793 1808 1794
f 1794 1800 1799
f 1794 1799 1795
f 1573 1796 1795
f 1573 1795 1574
f 1793 1796 1893
f 1793 1893 1892
f 1800 1801 1804
f 1790 1789 1910
f 1790 1910 1817
f 1779 1846 1909
f 1779 1909 1780
f 1915 1916 1917
f 1915 1917 1918
f 1919 1920 1921
f 1919 1921 1922
f 1923 1924 1925
f 1923 1925 1926
f 1927 1928 1929
f 1927 1929 1930
f 1931 1932 1933
f 1931 1933 1934
f 1935 1936 1937
f 1935 1937 1938
f 1939 1940 1941
f 1939 1941 1942
f 1943 1944 1945
f 1943 1945 1946
f 1947 1948 1949
f 1947 1949 1950
f 1951 1952 1953
f 1951 1953 1954
f 1955 1956 1957
f 1955 1957 1958
f 1959 1960 1961
f 1959 1961 1962
f 1963 1964 1965
f 1963 1965 1966
f 1967 1968 1969
f 1967 1969 1970
f 1971 1972 1973
f 1971 1973 1974
f 1975 1976 1977
f 1975 1977 1978
f 1979 1980 1981
f 1979 1981 1982
f 1983 1984 1985
f 1983 1985 1986
f 1987 1988 1989
f 1987 1989 1990
f 1991 1992 1993
f 1991 1993 1994
f 1995 1996 1997
f 1995 1997 1998
f 1999 2000 2001
f 1999 2001 2002
f 2003 2004 2005
f 2003 2005 2006
f 2007 2008 2009
f 2007 2009 2010
f 1927 1930 2011
f 1927 2011 2012
f 1926 1927 2012
f 1926 2012 2013
f 1923 1926 2013
f 1923 2013 2014
f 1923 2014 2015
f 1923 2015 1937
f 1937 2015 2016
f 1937 2016 1938
f 1938 2016 2017
f 1938 2017 1943
f 1943 2017 2018
f 1943 2018 1944
f 1918 1944 2018
f 1918 2018 2019
f 1915 1918 2019
f 1915 2019 2020
f 1915 2020 2021
f 1915 2021 1922
f 1919 1922 2021
f 1919 2021 2022
f 1919 2022 2023
f 1919 2023 1941
f 1941 2023 2024
f 1941 2024 1942
f 1931 1942 2024
f 1931 2024 2025
f 1931 2025 2026
f 1931 2026 1932
f 1930 1932 2026
f 1930 2026 2011
f 1986 1770 1775
f 1986 1775 1999
f 1969 1768 1771
f 1969 1771 1985
f 1964 1764 1765
f 1964 1765 1968
f 1963 1988 1760
f 1963 1760 1761
f 1987 2006 1756
f 1987 1756 1757
f 1950 1752 1753
f 1950 1753 2005
f 1952 2000 1774
f 1952 1774 1745
f 1949 1953 1748
f 1949 1748 1749
f 1934 1979 1998
f 1934 1998 1939
f 1982 1983 2002
f 1982 2002 1995
f 1990 1991 2010
f 1990 2010 2003
f 1935 1946 2007
f 1935 2007 1994
f 1965 1967 1974
f 1965 1974 1975
f 1966 1978 1992
f 1966 1992 1989
f 1970 1984 1981
f 1970 1981 1971
f 1929 1972 1980
f 1929 1980 1933
f 1925 1976 1973
f 1925 1973 1928
f 1924 1936 1993
f 1924 1993 1977
f 2011 2026 2027
f 2011 2027 2028
f 1917 1960 2008
f 1917 2008 1945
f 1916 1921 1956
f 1916 1956 1961
f 1920 1940 1997
f 1920 1997 1957
f 1951 1958 1996
f 1951 1996 2001
f 1947 2004 2009
f 1947 2009 1959
f 1948 1962 1955
f 1948 1955 1954
f 2003 2010 2009
f 2003 2009 2004
f 2005 1753 1756
f 2005 1756 2006
f 1999 1775 1774
f 1999 1774 2000
f 1995 2002 2001
f 1995 2001 1996
f 1991 1994 2007
f 1991 2007 2010
f 1987 1757 1760
f 1987 1760 1988
f 1989 1992 1991
f 1989 1991 1990
f 1987 1990 2003
f 1987 2003 2006
f 1985 1771 1770
f 1985 1770 1986
f 1983 1986 1999
f 1983 1999 2002
f 1981 1984 1983
f 1981 1983 1982
f 1979 1982 1995
f 1979 1995 1998
f 1977 1993 1992
f 1977 1992 1978
f 1971 1981 1980
f 1971 1980 1972
f 1973 1976 1975
f 1973 1975 1974
f 1968 1765 1768
f 1968 1768 1969
f 1969 1985 1984
f 1969 1984 1970
f 1967 1970 1971
f 1967 1971 1974
f 1963 1761 1764
f 1963 1764 1964
f 1964 1968 1967
f 1964 1967 1965
f 1965 1975 1978
f 1965 1978 1966
f 1963 1966 1989
f 1963 1989 1988
f 1959 2009 2008
f 1959 2008 1960
f 1955 1962 1961
f 1955 1961 1956
f 1957 1997 1996
f 1957 1996 1958
f 1951 2001 2000
f 1951 2000 1952
f 1952 1745 1748
f 1952 1748 1953
f 1951 1954 1955
f 1951 1955 1958
f 1947 1959 1962
f 1947 1962 1948
f 1948 1954 1953
f 1948 1953 1949
f 1949 1749 1752
f 1949 1752 1950
f 1947 1950 2005
f 1947 2005 2004
f 1945 2008 2007
f 1945 2007 1946
f 1939 1998 1997
f 1939 1997 1940
f 1935 1994 1993
f 1935 1993 1936
f 1935 1938 1943
f 1935 1943 1946
f 1933 1980 1979
f 1933 1979 1934
f 1931 1934 1939
f 1931 1939 1942
f 1928 1973 1972
f 1928 1972 1929
f 1929 1933 1932
f 1929 1932 1930
f 1923 1937 1936
f 1923 1936 1924
f 1924 1977 1976
f 1924 1976 1925
f 1925 1928 1927
f 1925 1927 1926
f 1919 1941 1940
f 1919 1940 1920
f 1920 1957 1956
f 1920 1956 1921
f 1915 1922 1921
f 1915 1921 1916
f 1916 1961 1960
f 1916 1960 1917
f 1917 1945 1944
f 1917 1944 1918
f 2011 2028 2029
f 2011 2029 2012
f 2012 2029 2030
f 2012 2030 2013
f 2013 2030 2031
f 2013 2031 2014
f 2014 2031 2032
f 2014 2032 2015
f 2015 2032 2033
f 2015 2033 2016
f 2016 2033 2034
f 2016 2034 2017
f 2024 2035 2036
f 2024 2036 2025
f 2025 2036 2027
f 2025 2027 2026
f 2043 2044 2045
f 2043 2045 2046
f 2047 2048 2049
f 2047 2049 2050
f 2051 2052 2053
f 2051 2053 2054
f 2055 2056 2057
f 2055 2057 2058
f 2059 2060 2061
f 2059 2061 2062
f 2063 2064 2065
f 2063 2065 2066
f 2067 2068 2069
f 2067 2069 2070
f 2071 2072 2073
f 2071 2073 2074
f 2075 2076 2077
f 2075 2077 2078
f 2079 2080 2081
f 2079 2081 2082
f 2083 2084 2085
f 2083 2085 2086
f 2087 2088 2089
f 2087 2089 2090
f 2091 2092 2093
f 2091 2093 2094
f 2095 2096 2097
f 2095 2097 2098
f 2099 2100 2101
f 2099 2101 2102
f 2103 2104 2105
f 2103 2105 2106
f 2028 2107 2108
f 2028 2108 2029
f 2028 2027 2109
f 2028 2109 2107
f 2027 2036 2110
f 2027 2110 2109
f 2035 2111 2110
f 2035 2110 2036
f 2042 2112 2111
f 2042 2111 2035
f 2041 2113 2112
f 2041 2112 2042
f 2040 2114 2113
f 2040 2113 2041
f 2039 2115 2114
f 2039 2114 2040
f 2038 2116 2115
f 2038 2115 2039
f 2037 2117 2116
f 2037 2116 2038
f 2034 2118 2117
f 2034 2117 2037
f 2033 2119 2118
f 2033 2118 2034
f 2032 2120 2119
f 2032 2119 2033
f 2031 2121 2120
f 2031 2120 2032
f 2030 2122 2121
f 2030 2121 2031
f 2029 2108 2122
f 2029 2122 2030
f 2101 2123 2104
f 2097 2124 2100
f 2093 2125 2096
f 2089 2126 2092
f 2085 2127 2088
f 2081 2128 2084
f 2077 2129 2080
f 2076 2105 2130
f 2063 2070 2090
f 2063 2090 2091
f 2066 2110 2111
f 2066 2111 2067
f 2059 2074 2118
f 2059 2118 2119
f 2062 2106 2075
f 2062 2075 2071
f 2058 2060 2120
f 2058 2120 2121
f 2054 2055 2122
f 2054 2122 2108
f 2052 2064 2094
f 2052 2094 2095
f 2053 2098 2099
f 2053 2099 2056
f 2057 2102 2103
f 2057 2103 2061
f 2048 2072 2078
f 2048 2078 2079
f 2044 2049 2082
f 2044 2082 2083
f 2045 2086 2087
f 2045 2087 2069
f 2046 2068 2112
f 2046 2112 2113
f 2043 2114 2115
f 2043 2115 2050
f 2047 2116 2117
f 2047 2117 2073
f 2101 2104 2103
f 2101 2103 2102
f 2097 2100 2099
f 2097 2099 2098
f 2093 2096 2095
f 2093 2095 2094
f 2089 2092 2091
f 2089 2091 2090
f 2085 2088 2087
f 2085 2087 2086
f 2081 2084 2083
f 2081 2083 2082
f 2075 2106 2105
f 2075 2105 2076
f 2077 2080 2079
f 2077 2079 2078
f 2071 2075 2078
f 2071 2078 2072
f 2073 2117 2118
f 2073 2118 2074
f 2067 2111 2112
f 2067 2112 2068
f 2069 2087 2090
f 2069 2090 2070
f 2063 2091 2094
f 2063 2094 2064
f 2065 2109 2110
f 2065 2110 2066
f 2063 2066 2067
f 2063 2067 2070
f 2059 2119 2120
f 2059 2120 2060
f 2061 2103 2106
f 2061 2106 2062
f 2059 2062 2071
f 2059 2071 2074
f 2076 2130 2129
f 2076 2129 2077
f 2104 2123 2130
f 2104 2130 2105
f 2100 2124 2123
f 2100 2123 2101
f 2096 2125 2124
f 2096 2124 2097
f 2092 2126 2125
f 2092 2125 2093
f 2088 2127 2126
f 2088 2126 2089
f 2084 2128 2127
f 2084 2127 2085
f 2080 2129 2128
f 2080 2128 2081
f 2056 2099 2102
f 2056 2102 2057
f 2057 2061 2060
f 2057 2060 2058
f 2051 2065 2064
f 2051 2064 2052
f 2052 2095 2098
f 2052 2098 2053
f 2053 2056 2055
f 2053 2055 2054
f 2051 2054 2108
f 2051 2108 2107
f 2055 2058 2121
f 2055 2121 2122
f 2047 2073 2072
f 2047 2072 2048
f 2048 2079 2082
f 2048 2082 2049
f 2043 2050 2049
f 2043 2049 2044
f 2044 2083 2086
f 2044 2086 2045
f 2045 2069 2068
f 2045 2068 2046
f 2043 2046 2113
f 2043 2113 2114
f 2047 2050 2115
f 2047 2115 2116
f 2051 2107 2109
f 2051 2109 2065
f 2123 2129 2130
f 2123 2128 2129
f 2123 2127 2128
f 2123 2126 2127
f 2123 2124 2126
f 2124 2125 2126
f 931 932 2131
f 931 2131 2132
f 933 934 2133
f 933 2133 2134
f 935 936 2135
f 935 2135 2136
f 2137 2138 944
f 2137 944 945
f 958 959 2139
f 958 2139 2140
f 2141 2142 2143
f 2141 2143 2144
f 2145 2146 2147
f 2145 2147 994
f 2143 2148 1035
f 2143 1035 2144
f 2145 997 1066
f 2145 1066 2149
f 2141 2144 1071
f 2141 1071 2147
f 2141 2146 2150
f 2141 2150 2151
f 2142 2152 2153
f 2142 2153 2154
f 2137 962 2148
f 2137 2148 2155
f 2145 2149 2150
f 2145 2150 2146
f 2145 994 998
f 2145 998 997
f 2147 1072 994
f 961 1035 2148
f 961 2148 962
f 2141 2151 2152
f 2141 2152 2142
f 2141 2147 2146
f 958 2140 1080
f 958 1080 1070
f 2137 945 963
f 2137 963 962
f 2154 2156 2157
f 2154 2157 2158
f 2143 2158 2155
f 2143 2155 2148
f 2138 2155 2158
f 2138 2158 2157
f 936 2138 2157
f 936 2157 2135
f 933 2134 2139
f 933 2139 959
f 932 935 2136
f 932 2136 2131
f 931 2132 2133
f 931 2133 934
f 2144 1035 1107
f 2144 1107 1071
f 2142 2154 2158
f 2142 2158 2143
f 2147 1071 1109
f 2147 1109 1072
f 936 944 2138
f 2137 2155 2138
f 1111 1112 2159
f 1111 2159 1113
f 2149 2160 2161
f 2149 2161 2150
f 2172 2173 2174
f 2172 2174 2175
f 2176 2177 2178
f 2151 2185 2186
f 2151 2186 2152
f 2187 2188 2189
f 2187 2189 2190
f 2191 2192 1129
f 2191 1129 1130
f 2193 2194 2195
f 2193 2195 2196
f 2197 2198 2199
f 2197 2199 2200
f 2203 2204 2205
f 2206 2207 2208
f 2206 2208 2209
f 2211 2212 2213
f 2211 2213 2214
f 2215 1131 1132
f 2215 1132 2216
f 2217 2218 1133
f 2219 2220 2221
f 2219 2221 2222
f 2223 2224 1134
f 2197 2200 2225
f 2197 2225 2226
f 1052 2227 2228
f 1052 2228 1054
f 2189 2229 2230
f 2189 2230 2190
f 2189 2195 2231
f 2189 2231 2229
f 2194 2232 2231
f 2194 2231 2195
f 2194 2220 2233
f 2194 2233 2232
f 2219 2234 2233
f 2219 2233 2220
f 2199 2234 2219
f 2199 2219 2200
f 2218 2225 2222
f 2218 2222 2223
f 2193 2216 2224
f 2193 2224 2221
f 2217 1138 1136
f 2217 1136 2226
f 2183 2210 2186
f 2183 2186 2230
f 2176 2213 2205
f 2176 2205 2206
f 2179 2202 2203
f 2179 2203 2212
f 2131 2136 2170
f 2131 2170 2167
f 2134 2168 2165
f 2134 2165 2139
f 2132 2166 2169
f 2132 2169 2133
f 2159 2192 2187
f 2159 2187 2235
f 1113 2160 1114
f 1113 1114 1116
f 2201 2236 2204
f 2172 2198 1135
f 2172 1135 2228
f 2175 2181 2234
f 2175 2234 2199
f 2140 2164 2180
f 2140 2180 2211
f 2135 2157 2156
f 2135 2156 2171
f 2188 2191 2215
f 2188 2215 2196
f 2162 2184 2229
f 2162 2229 2231
f 2163 2232 2233
f 2163 2233 2182
f 2221 2224 2223
f 2221 2223 2222
f 2218 2223 1134
f 2218 1134 1133
f 2217 1133 1139
f 2217 1139 1138
f 1132 1134 2224
f 1132 2224 2216
f 2204 2207 2206
f 2204 2206 2205
f 2203 2205 2213
f 2203 2213 2212
f 2201 2204 2203
f 2201 2203 2202
f 2217 2226 2225
f 2217 2225 2218
f 2200 2219 2222
f 2200 2222 2225
f 2193 2221 2220
f 2193 2220 2194
f 2193 2196 2215
f 2193 2215 2216
f 2191 1130 1131
f 2191 1131 2215
f 2188 2196 2195
f 2188 2195 2189
f 2187 2192 2191
f 2187 2191 2188
f 2153 2152 2186
f 2153 2186 2210
f 2187 2190 2235
f 2183 2230 2229
f 2183 2229 2184
f 2181 2182 2233
f 2181 2233 2234
f 2179 2212 2211
f 2179 2211 2180
f 2176 2206 2209
f 2176 2209 2177
f 2176 2178 2214
f 2176 2214 2213
f 2173 2208 2207
f 2173 2207 2174
f 2172 2175 2199
f 2172 2199 2198
f 2162 2231 2232
f 2162 2232 2163
f 2151 2150 2161
f 2151 2161 2185
f 1066 1114 2160
f 1066 2160 2149
f 2197 1136 1135
f 2197 1135 2198
f 2159 2161 2160
f 2159 2160 1113
f 1112 1129 2192
f 1112 2192 2159
f 2140 2211 2214
f 2140 2214 1080
f 1054 2228 1135
f 1054 1135 1056
f 2172 2228 2227
f 2172 2227 2173
f 2139 2165 2164
f 2139 2164 2140
f 2135 2171 2170
f 2135 2170 2136
f 2133 2169 2168
f 2133 2168 2134
f 2131 2167 2166
f 2131 2166 2132
f 2173 2227 2208
f 2159 2235 2185
f 2159 2185 2161
f 2174 2207 2204
f 2174 2204 2236
f 1081 1080 2214
f 1081 2214 2178
f 1064 1081 2178
f 1064 2178 2177
f 1049 1064 2177
f 1049 2177 2209
f 1049 2209 2208
f 1049 2208 1050
f 1050 2208 2227
f 1050 2227 1052
f 2197 2226 1136
f 2185 2235 2190
f 2185 2190 2230
f 2185 2230 2186
f 2175 2237 2181
f 2174 2236 2237
f 2174 2237 2175
f 2238 2239 2240
f 2238 2240 2241
f 2242 2243 2244
f 2242 2244 2245
f 2246 2247 2248
f 2246 2248 2249
f 2250 2251 2252
f 2250 2252 2253
f 2254 2255 2256
f 2254 2256 2257
f 2258 2259 2260
f 2258 2260 2261
f 2262 2263 2264
f 2262 2264 2265
f 2266 2267 2268
f 2266 2268 2269
f 2270 2271 2272
f 2270 2272 2273
f 2274 2275 2276
f 2274 2276 2277
f 2278 2279 2280
f 2278 2280 2281
f 2282 2283 2284
f 2282 2284 2285
f 2286 2287 2288
f 2289 2290 2291
f 2292 2293 2294
f 2292 2294 2295
f 2296 2297 2298
f 2296 2298 2299
f 2300 2301 2302
f 2300 2302 2303
f 2304 2305 2306
f 2304 2306 2307
f 2308 2309 2310
f 2308 2310 2311
f 2312 2313 2314
f 2312 2314 2315
f 2316 2317 2318
f 2316 2318 2319
f 2320 2321 2322
f 2323 2324 2325
f 2323 2325 2326
f 2327 2328 2329
f 2327 2329 2330
f 2331 2332 2333
f 2331 2333 2334
f 2335 2336 2337
f 2335 2337 2338
f 2339 2340 2341
f 2339 2341 2342
f 2343 2344 2345
f 2343 2345 2346
f 2347 2348 2349
f 2347 2349 2350
f 2351 2352 2353
f 2351 2353 2354
f 2355 2356 2357
f 2355 2357 2358
f 2359 2360 2361
f 2359 2361 2362
f 2363 2364 2365
f 2363 2365 2366
f 2367 2368 2369
f 2367 2369 2370
f 2371 2372 2373
f 2371 2373 2374
f 2375 2376 2377
f 2375 2377 2378
f 2379 2380 2381
f 2379 2381 2382
f 2383 2384 2385
f 2383 2385 2386
f 2387 2162 2163
f 2387 2163 2388
f 2389 2390 2164
f 2389 2164 2165
f 2166 2167 2391
f 2166 2391 2392
f 2168 2169 2393
f 2168 2393 2394
f 2170 2171 2395
f 2170 2395 2396
f 2154 2397 2156
f 2179 2180 2398
f 2179 2398 2399
f 2181 2400 2401
f 2181 2401 2182
f 2183 2184 2402
f 2183 2402 2403
f 2404 2405 2201
f 2404 2201 2202
f 2153 2210 2406
f 2153 2406 2407
f 2254 2265 2363
f 2254 2363 2342
f 2339 2366 2367
f 2339 2367 2346
f 2343 2370 2371
f 2343 2371 2350
f 2351 2378 2379
f 2351 2379 2358
f 2355 2382 2383
f 2355 2383 2362
f 2261 2359 2386
f 2261 2386 2266
f 2309 2328 2344
f 2309 2344 2349
f 2308 2313 2325
f 2308 2325 2329
f 2312 2317 2321
f 2312 2321 2326
f 2316 2352 2357
f 2316 2357 2322
f 2320 2356 2361
f 2324 2338 2331
f 2324 2331 2330
f 2327 2334 2340
f 2327 2340 2345
f 2252 2255 2341
f 2252 2341 2333
f 2248 2253 2332
f 2248 2332 2337
f 2249 2336 2360
f 2249 2360 2260
f 2238 2267 2385
f 2238 2385 2306
f 2239 2305 2302
f 2239 2302 2242
f 2243 2301 2364
f 2243 2364 2264
f 2299 2368 2365
f 2299 2365 2300
f 2294 2296 2303
f 2294 2303 2304
f 2289 2295 2307
f 2283 2286 2380
f 2283 2380 2377
f 2279 2290 2287
f 2279 2287 2282
f 2275 2292 2291
f 2275 2291 2278
f 2271 2297 2293
f 2271 2293 2274
f 2270 2372 2369
f 2270 2369 2298
f 2284 2376 2406
f 2284 2406 2403
f 2347 2374 2404
f 2347 2404 2399
f 2319 2391 2396
f 2319 2396 2353
f 2311 2389 2394
f 2311 2394 2314
f 2315 2393 2392
f 2315 2392 2318
f 2310 2348 2398
f 2310 2398 2390
f 2375 2397 2407
f 2280 2285 2402
f 2280 2402 2387
f 2276 2281 2388
f 2276 2388 2401
f 2272 2277 2400
f 2272 2400 2408
f 2273 2409 2405
f 2273 2405 2373
f 2183 2403 2406
f 2183 2406 2210
f 2405 2409 2236
f 2405 2236 2201
f 2181 2237 2408
f 2181 2408 2400
f 2179 2399 2404
f 2179 2404 2202
f 2236 2409 2408
f 2236 2408 2237
f 2153 2407 2397
f 2153 2397 2154
f 2156 2397 2395
f 2156 2395 2171
f 2167 2170 2396
f 2167 2396 2391
f 2166 2392 2393
f 2166 2393 2169
f 2390 2398 2180
f 2390 2180 2164
f 2389 2165 2168
f 2389 2168 2394
f 2163 2182 2401
f 2163 2401 2388
f 2387 2402 2184
f 2387 2184 2162
f 2266 2386 2385
f 2266 2385 2267
f 2381 2384 2383
f 2381 2383 2382
f 2377 2380 2379
f 2377 2379 2378
f 2375 2407 2406
f 2375 2406 2376
f 2373 2405 2404
f 2373 2404 2374
f 2369 2372 2371
f 2369 2371 2370
f 2365 2368 2367
f 2365 2367 2366
f 2264 2364 2363
f 2264 2363 2265
f 2258 2261 2266
f 2258 2266 2269
f 2260 2360 2359
f 2260 2359 2261
f 2359 2362 2383
f 2359 2383 2386
f 2355 2362 2361
f 2355 2361 2356
f 2355 2358 2379
f 2355 2379 2382
f 2353 2396 2395
f 2353 2395 2354
f 2351 2358 2357
f 2351 2357 2352
f 2351 2354 2375
f 2351 2375 2378
f 2347 2399 2398
f 2347 2398 2348
f 2347 2350 2371
f 2347 2371 2374
f 2343 2350 2349
f 2343 2349 2344
f 2343 2346 2367
f 2343 2367 2370
f 2339 2346 2345
f 2339 2345 2340
f 2339 2342 2363
f 2339 2363 2366
f 2254 2342 2341
f 2254 2341 2255
f 2254 2257 2262
f 2254 2262 2265
f 2251 2256 2255
f 2251 2255 2252
f 2247 2250 2253
f 2247 2253 2248
f 2246 2249 2260
f 2246 2260 2259
f 2248 2337 2336
f 2248 2336 2249
f 2335 2361 2360
f 2335 2360 2336
f 2333 2341 2340
f 2333 2340 2334
f 2252 2333 2332
f 2252 2332 2253
f 2331 2338 2337
f 2331 2337 2332
f 2327 2345 2344
f 2327 2344 2328
f 2327 2330 2331
f 2327 2331 2334
f 2324 2330 2329
f 2324 2329 2325
f 2323 2335 2338
f 2323 2338 2324
f 2320 2323 2326
f 2320 2326 2321
f 2320 2322 2357
f 2320 2357 2356
f 2318 2392 2391
f 2318 2391 2319
f 2316 2322 2321
f 2316 2321 2317
f 2316 2319 2353
f 2316 2353 2352
f 2314 2394 2393
f 2314 2393 2315
f 2312 2326 2325
f 2312 2325 2313
f 2312 2315 2318
f 2312 2318 2317
f 2310 2390 2389
f 2310 2389 2311
f 2309 2349 2348
f 2309 2348 2310
f 2308 2329 2328
f 2308 2328 2309
f 2308 2311 2314
f 2308 2314 2313
f 2243 2264 2263
f 2243 2263 2244
f 2239 2242 2245
f 2239 2245 2240
f 2238 2241 2268
f 2238 2268 2267
f 2306 2385 2384
f 2306 2384 2307
f 2238 2306 2305
f 2238 2305 2239
f 2302 2305 2304
f 2302 2304 2303
f 2242 2302 2301
f 2242 2301 2243
f 2300 2365 2364
f 2300 2364 2301
f 2298 2369 2368
f 2298 2368 2299
f 2296 2299 2300
f 2296 2300 2303
f 2294 2304 2307
f 2294 2307 2295
f 2293 2297 2296
f 2293 2296 2294
f 2289 2291 2292
f 2289 2292 2295
f 2287 2290 2289
f 2287 2289 2288
f 2286 2288 2381
f 2286 2381 2380
f 2284 2403 2402
f 2284 2402 2285
f 2283 2377 2376
f 2283 2376 2284
f 2282 2287 2286
f 2282 2286 2283
f 2280 2387 2388
f 2280 2388 2281
f 2279 2282 2285
f 2279 2285 2280
f 2278 2291 2290
f 2278 2290 2279
f 2276 2401 2400
f 2276 2400 2277
f 2275 2278 2281
f 2275 2281 2276
f 2274 2293 2292
f 2274 2292 2275
f 2272 2408 2409
f 2272 2409 2273
f 2271 2274 2277
f 2271 2277 2272
f 2270 2298 2297
f 2270 2297 2271
f 2270 2273 2373
f 2270 2373 2372
f 2354 2395 2397
f 2354 2397 2375
f 2320 2361 2335
f 2320 2335 2323
f 2288 2384 2381
f 2288 2289 2307
f 2288 2307 2384
f 2410 2411 2412
f 2410 2412 2413
f 2414 2415 2416
f 2414 2416 2417
f 2418 2419 2420
f 2418 2420 2421
f 2422 2423 2424
f 2422 2424 2425
f 2426 2427 2428
f 2426 2428 2429
f 2430 2431 2432
f 2430 2432 2433
f 2434 2435 2436
f 2434 2436 2437
f 2438 2439 2440
f 2438 2440 2441
f 2437 2438 2442
f 2437 2442 2443
f 2431 2434 2444
f 2431 2444 2445
f 2427 2432 2446
f 2427 2446 2447
f 2423 2428 2448
f 2423 2448 2449
f 2419 2424 2450
f 2419 2450 2451
f 2415 2420 2452
f 2415 2452 2453
f 2412 2454 2455
f 2412 2455 2441
f 2411 2416 2456
f 2411 2456 2457
f 2438 2441 2455
f 2438 2455 2442
f 2436 2439 2438
f 2436 2438 2437
f 2434 2437 2443
f 2434 2443 2444
f 2431 2445 2446
f 2431 2446 2432
f 2430 2435 2434
f 2430 2434 2431
f 2427 2447 2448
f 2427 2448 2428
f 2426 2433 2432
f 2426 2432 2427
f 2423 2449 2450
f 2423 2450 2424
f 2422 2429 2428
f 2422 2428 2423
f 2419 2451 2452
f 2419 2452 2420
f 2418 2425 2424
f 2418 2424 2419
f 2415 2453 2456
f 2415 2456 2416
f 2414 2421 2420
f 2414 2420 2415
f 2412 2441 2440
f 2412 2440 2413
f 2411 2457 2454
f 2411 2454 2412
f 2410 2417 2416
f 2410 2416 2411
f 2458 2459 2460
f 2458 2460 2461
f 2462 2463 2464
f 2462 2464 2465
f 2466 2467 2468
f 2466 2468 2469
f 2470 2471 2472
f 2470 2472 2473
f 2474 2475 2476
f 2474 2476 2477
f 2478 2479 2480
f 2478 2480 2481
f 2454 2457 2482
f 2454 2482 2483
f 2453 2484 2485
f 2453 2485 2456
f 2486 2487 2488
f 2486 2488 2489
f 2490 2491 2492
f 2490 2492 2493
f 2494 2495 2496
f 2494 2496 2497
f 2498 2499 2500
f 2498 2500 2501
f 2502 2503 2504
f 2502 2504 2505
f 2506 2507 2508
f 2506 2508 2509
f 2445 2510 2511
f 2445 2511 2446
f 2447 2512 2513
f 2447 2513 2448
f 2443 2514 2515
f 2443 2515 2444
f 2516 2517 2518
f 2516 2518 2519
f 2520 2521 2522
f 2520 2522 2523
f 2524 2525 2526
f 2524 2526 2527
f 2528 2529 2530
f 2528 2530 2531
f 2532 2533 2534
f 2532 2534 2535
f 2536 2537 2538
f 2536 2538 2539
f 2449 2540 2541
f 2449 2541 2450
f 2442 2455 2542
f 2442 2542 2543
f 2544 2545 2546
f 2544 2546 2547
f 2548 2549 2550
f 2548 2550 2551
f 2552 2553 2554
f 2552 2554 2555
f 2556 2557 2558
f 2556 2558 2559
f 2560 2561 2562
f 2560 2562 2563
f 2564 2565 2566
f 2564 2566 2567
f 2451 2568 2569
f 2451 2569 2452
f 2496 2570 2571
f 2496 2571 2497
f 2506 2572 2573
f 2506 2573 2507
f 2496 2507 2573
f 2496 2573 2570
f 2506 2510 2574
f 2506 2574 2572
f 2481 2575 2576
f 2481 2576 2483
f 2480 2577 2575
f 2480 2575 2481
f 2467 2578 2577
f 2467 2577 2480
f 2466 2579 2578
f 2466 2578 2467
f 2490 2493 2497
f 2490 2497 2571
f 2514 2543 2544
f 2514 2544 2519
f 2516 2547 2548
f 2516 2548 2523
f 2520 2551 2552
f 2520 2552 2527
f 2257 2524 2555
f 2257 2555 2262
f 2258 2269 2556
f 2258 2556 2531
f 2528 2559 2560
f 2528 2560 2535
f 2532 2563 2564
f 2532 2564 2539
f 2536 2567 2568
f 2536 2568 2541
f 2247 2488 2492
f 2247 2492 2250
f 2246 2259 2530
f 2246 2530 2489
f 2251 2491 2525
f 2251 2525 2256
f 2487 2501 2494
f 2487 2494 2493
f 2486 2529 2534
f 2486 2534 2498
f 2490 2571 2521
f 2490 2521 2526
f 2517 2522 2570
f 2517 2570 2573
f 2495 2500 2504
f 2495 2504 2508
f 2499 2533 2538
f 2499 2538 2505
f 2503 2512 2511
f 2503 2511 2509
f 2502 2537 2540
f 2502 2540 2513
f 2515 2518 2572
f 2515 2572 2574
f 2542 2576 2575
f 2542 2575 2545
f 2477 2484 2569
f 2477 2569 2566
f 2476 2478 2482
f 2476 2482 2485
f 2472 2474 2565
f 2472 2565 2562
f 2468 2479 2475
f 2468 2475 2471
f 2546 2577 2578
f 2546 2578 2549
f 2465 2553 2550
f 2465 2550 2579
f 2461 2473 2561
f 2461 2561 2558
f 2460 2462 2469
f 2460 2469 2470
f 2244 2263 2554
f 2244 2554 2464
f 2241 2458 2557
f 2241 2557 2268
f 2240 2245 2463
f 2240 2463 2459
f 2566 2569 2568
f 2566 2568 2567
f 2562 2565 2564
f 2562 2564 2563
f 2558 2561 2560
f 2558 2560 2559
f 2268 2557 2556
f 2268 2556 2269
f 2262 2555 2554
f 2262 2554 2263
f 2550 2553 2552
f 2550 2552 2551
f 2546 2549 2548
f 2546 2548 2547
f 2542 2545 2544
f 2542 2544 2543
f 2450 2541 2568
f 2450 2568 2451
f 2536 2541 2540
f 2536 2540 2537
f 2536 2539 2564
f 2536 2564 2567
f 2532 2539 2538
f 2532 2538 2533
f 2532 2535 2560
f 2532 2560 2563
f 2258 2531 2530
f 2258 2530 2259
f 2528 2535 2534
f 2528 2534 2529
f 2528 2531 2556
f 2528 2556 2559
f 2256 2525 2524
f 2256 2524 2257
f 2524 2527 2552
f 2524 2552 2555
f 2520 2527 2526
f 2520 2526 2521
f 2520 2523 2548
f 2520 2548 2551
f 2516 2523 2522
f 2516 2522 2517
f 2516 2519 2544
f 2516 2544 2547
f 2514 2519 2518
f 2514 2518 2515
f 2442 2543 2514
f 2442 2514 2443
f 2448 2513 2540
f 2448 2540 2449
f 2444 2515 2574
f 2446 2511 2512
f 2446 2512 2447
f 2517 2573 2572
f 2517 2572 2518
f 2506 2509 2511
f 2506 2511 2510
f 2503 2509 2508
f 2503 2508 2504
f 2502 2513 2512
f 2502 2512 2503
f 2502 2505 2538
f 2502 2538 2537
f 2499 2505 2504
f 2499 2504 2500
f 2498 2534 2533
f 2498 2533 2499
f 2521 2571 2570
f 2521 2570 2522
f 2495 2508 2507
f 2495 2507 2496
f 2494 2501 2500
f 2494 2500 2495
f 2250 2492 2491
f 2250 2491 2251
f 2490 2526 2525
f 2490 2525 2491
f 2493 2494 2497
f 2246 2489 2488
f 2246 2488 2247
f 2487 2493 2492
f 2487 2492 2488
f 2486 2498 2501
f 2486 2501 2487
f 2486 2489 2530
f 2486 2530 2529
f 2452 2569 2484
f 2452 2484 2453
f 2456 2485 2482
f 2456 2482 2457
f 2455 2576 2542
f 2545 2575 2577
f 2545 2577 2546
f 2478 2481 2483
f 2478 2483 2482
f 2476 2485 2484
f 2476 2484 2477
f 2475 2479 2478
f 2475 2478 2476
f 2474 2477 2566
f 2474 2566 2565
f 2472 2562 2561
f 2472 2561 2473
f 2471 2475 2474
f 2471 2474 2472
f 2468 2471 2470
f 2468 2470 2469
f 2467 2480 2479
f 2467 2479 2468
f 2549 2578 2579
f 2549 2579 2550
f 2464 2554 2553
f 2464 2553 2465
f 2244 2464 2463
f 2244 2463 2245
f 2462 2465 2579
f 2462 2579 2466
f 2460 2470 2473
f 2460 2473 2461
f 2459 2463 2462
f 2459 2462 2460
f 2240 2459 2458
f 2240 2458 2241
f 2458 2461 2558
f 2458 2558 2557
f 2462 2466 2469
f 2455 2454 2483
f 2455 2483 2576
f 2444 2574 2510
f 2444 2510 2445
f 2580 2581 2582
f 2580 2582 2583
f 2584 2585 2586
f 2584 2586 2587
f 2588 2589 2590
f 2588 2590 2591
f 2592 2593 2594
f 2592 2594 2595
f 2596 2597 2598
f 2596 2598 2599
f 2600 2601 2602
f 2600 2602 2603
f 2604 2605 2606
f 2604 2606 2607
f 2608 2609 2610
f 2608 2610 2611
f 2612 2613 2614
f 2612 2614 2615
f 2616 2617 2618
f 2616 2618 2619
f 2620 2621 2622
f 2620 2622 2623
f 2624 2625 2626
f 2624 2626 2627
f 2628 2629 2630
f 2628 2630 2631
f 2632 2633 2634
f 2632 2634 2635
f 2636 2637 2638
f 2636 2638 2639
f 2640 2641 2642
f 2640 2642 2643
f 2644 2645 2646
f 2644 2646 2647
f 2648 2649 2650
f 2648 2650 2651
f 2652 2653 2654
f 2652 2654 2655
f 2656 2657 2658
f 2656 2658 2659
f 2660 2661 2662
f 2660 2662 2663
f 2664 2665 2666
f 2664 2666 2667
f 2668 2669 2670
f 2668 2670 2671
f 2672 2673 2674
f 2672 2674 2675
f 2592 2595 2676
f 2592 2676 2677
f 2588 2678 2676
f 2588 2676 2595
f 2588 2591 2679
f 2588 2679 2678
f 2591 2601 2680
f 2591 2680 2679
f 2600 2681 2680
f 2600 2680 2601
f 2600 2611 2682
f 2600 2682 2681
f 2610 2683 2682
f 2610 2682 2611
f 2580 2684 2683
f 2580 2683 2610
f 2580 2583 2685
f 2580 2685 2684
f 2583 2584 2686
f 2583 2686 2685
f 2584 2587 2687
f 2584 2687 2686
f 2587 2605 2688
f 2587 2688 2687
f 2604 2689 2688
f 2604 2688 2605
f 2599 2690 2689
f 2599 2689 2604
f 2598 2691 2690
f 2598 2690 2599
f 2592 2677 2691
f 2592 2691 2598
f 2648 2667 2439
f 2648 2439 2436
f 2633 2649 2435
f 2633 2435 2430
f 2630 2634 2433
f 2630 2433 2426
f 2631 2429 2422
f 2631 2422 2654
f 2655 2425 2418
f 2655 2418 2668
f 2612 2669 2421
f 2612 2421 2414
f 2618 2413 2440
f 2618 2440 2666
f 2613 2417 2410
f 2613 2410 2617
f 2596 2607 2660
f 2596 2660 2647
f 2644 2663 2664
f 2644 2664 2651
f 2652 2671 2672
f 2652 2672 2659
f 2603 2656 2675
f 2603 2675 2608
f 2629 2643 2636
f 2629 2636 2635
f 2628 2653 2658
f 2628 2658 2640
f 2632 2639 2645
f 2632 2645 2650
f 2593 2597 2646
f 2593 2646 2638
f 2589 2594 2637
f 2589 2637 2642
f 2590 2641 2657
f 2590 2657 2602
f 2677 2692 2693
f 2677 2693 2691
f 2581 2609 2674
f 2581 2674 2626
f 2582 2625 2622
f 2582 2622 2585
f 2586 2621 2661
f 2586 2661 2606
f 2619 2665 2662
f 2619 2662 2620
f 2615 2627 2673
f 2615 2673 2670
f 2614 2616 2623
f 2614 2623 2624
f 2670 2673 2672
f 2670 2672 2671
f 2668 2418 2421
f 2668 2421 2669
f 2666 2440 2439
f 2666 2439 2667
f 2662 2665 2664
f 2662 2664 2663
f 2656 2659 2672
f 2656 2672 2675
f 2654 2422 2425
f 2654 2425 2655
f 2652 2659 2658
f 2652 2658 2653
f 2652 2655 2668
f 2652 2668 2671
f 2648 2436 2435
f 2648 2435 2649
f 2648 2651 2664
f 2648 2664 2667
f 2644 2651 2650
f 2644 2650 2645
f 2644 2647 2660
f 2644 2660 2663
f 2640 2658 2657
f 2640 2657 2641
f 2638 2646 2645
f 2638 2645 2639
f 2636 2643 2642
f 2636 2642 2637
f 2633 2430 2433
f 2633 2433 2634
f 2632 2650 2649
f 2632 2649 2633
f 2632 2635 2636
f 2632 2636 2639
f 2630 2426 2429
f 2630 2429 2631
f 2629 2635 2634
f 2629 2634 2630
f 2628 2640 2643
f 2628 2643 2629
f 2628 2631 2654
f 2628 2654 2653
f 2626 2674 2673
f 2626 2673 2627
f 2622 2625 2624
f 2622 2624 2623
f 2620 2662 2661
f 2620 2661 2621
f 2618 2666 2665
f 2618 2665 2619
f 2617 2410 2413
f 2617 2413 2618
f 2616 2619 2620
f 2616 2620 2623
f 2614 2624 2627
f 2614 2627 2615
f 2613 2617 2616
f 2613 2616 2614
f 2612 2414 2417
f 2612 2417 2613
f 2612 2615 2670
f 2612 2670 2669
f 2608 2675 2674
f 2608 2674 2609
f 2606 2661 2660
f 2606 2660 2607
f 2602 2657 2656
f 2602 2656 2603
f 2600 2603 2608
f 2600 2608 2611
f 2596 2647 2646
f 2596 2646 2597
f 2596 2599 2604
f 2596 2604 2607
f 2593 2638 2637
f 2593 2637 2594
f 2592 2598 2597
f 2592 2597 2593
f 2590 2602 2601
f 2590 2601 2591
f 2589 2642 2641
f 2589 2641 2590
f 2588 2595 2594
f 2588 2594 2589
f 2586 2606 2605
f 2586 2605 2587
f 2585 2622 2621
f 2585 2621 2586
f 2582 2585 2584
f 2582 2584 2583
f 2581 2626 2625
f 2581 2625 2582
f 2580 2610 2609
f 2580 2609 2581
f 2676 2694 2692
f 2676 2692 2677
f 2676 2678 2695
f 2676 2695 2694
f 2678 2679 2696
f 2678 2696 2695
f 2679 2680 2697
f 2679 2697 2696
f 2680 2681 2698
f 2680 2698 2697
f 2681 2682 2699
f 2681 2699 2698
f 2682 2683 2700
f 2682 2700 2699
f 2683 2684 2701
f 2683 2701 2700
f 2684 2685 2702
f 2684 2702 2701
f 2685 2686 2703
f 2685 2703 2702
f 2686 2687 2704
f 2686 2704 2703
f 2687 2688 2705
f 2687 2705 2704
f 2688 2689 2706
f 2688 2706 2705
f 2689 2690 2707
f 2689 2707 2706
f 2690 2691 2693
f 2690 2693 2707
f 2708 2709 2710
f 2708 2710 2711
f 2712 2713 2714
f 2712 2714 2715
f 2716 2717 2718
f 2716 2718 2719
f 2720 2721 2722
f 2720 2722 2723
f 2724 2725 2726
f 2724 2726 2727
f 2728 2729 2730
f 2728 2730 2731
f 2732 2733 2734
f 2732 2734 2735
f 2736 2737 2738
f 2736 2738 2739
f 2740 2741 2742
f 2740 2742 2743
f 2744 2745 2746
f 2744 2746 2747
f 2748 2749 2750
f 2748 2750 2751
f 2752 2753 2754
f 2752 2754 2755
f 2756 2757 2758
f 2756 2758 2759
f 2760 2761 2762
f 2760 2762 2763
f 2764 2765 2766
f 2764 2766 2767
f 2768 2769 2770
f 2768 2770 2771
f 2692 2694 2772
f 2692 2772 2773
f 2693 2692 2773
f 2693 2773 2774
f 2693 2774 2775
f 2693 2775 2707
f 2706 2707 2775
f 2706 2775 2776
f 2705 2706 2776
f 2705 2776 2777
f 2704 2705 2777
f 2704 2777 2778
f 2703 2704 2778
f 2703 2778 2779
f 2702 2703 2779
f 2702 2779 2780
f 2701 2702 2780
f 2701 2780 2781
f 2700 2701 2781
f 2700 2781 2782
f 2699 2700 2782
f 2699 2782 2783
f 2698 2699 2783
f 2698 2783 2784
f 2697 2698 2784
f 2697 2784 2785
f 2696 2697 2785
f 2696 2785 2786
f 2695 2696 2786
f 2695 2786 2787
f 2694 2695 2787
f 2694 2787 2772
f 2765 2770 2788
f 2761 2766 2789
f 2757 2762 2790
f 2753 2758 2791
f 2749 2754 2792
f 2745 2750 2793
f 2741 2746 2794
f 2742 2795 2769
f 2731 2759 2752
f 2731 2752 2732
f 2728 2735 2776
f 2728 2776 2775
f 2727 2784 2783
f 2727 2783 2736
f 2724 2739 2743
f 2724 2743 2768
f 2720 2786 2785
f 2720 2785 2726
f 2716 2772 2787
f 2716 2787 2723
f 2718 2763 2756
f 2718 2756 2730
f 2717 2722 2767
f 2717 2767 2760
f 2721 2725 2771
f 2721 2771 2764
f 2714 2747 2740
f 2714 2740 2738
f 2710 2751 2744
f 2710 2744 2713
f 2709 2733 2755
f 2709 2755 2748
f 2708 2778 2777
f 2708 2777 2734
f 2711 2712 2780
f 2711 2780 2779
f 2715 2737 2782
f 2715 2782 2781
f 2764 2771 2770
f 2764 2770 2765
f 2760 2767 2766
f 2760 2766 2761
f 2756 2763 2762
f 2756 2762 2757
f 2752 2759 2758
f 2752 2758 2753
f 2748 2755 2754
f 2748 2754 2749
f 2744 2751 2750
f 2744 2750 2745
f 2742 2769 2768
f 2742 2768 2743
f 2740 2747 2746
f 2740 2746 2741
f 2738 2740 2743
f 2738 2743 2739
f 2736 2783 2782
f 2736 2782 2737
f 2734 2777 2776
f 2734 2776 2735
f 2732 2752 2755
f 2732 2755 2733
f 2730 2756 2759
f 2730 2759 2731
f 2728 2775 2774
f 2728 2774 2729
f 2728 2731 2732
f 2728 2732 2735
f 2726 2785 2784
f 2726 2784 2727
f 2724 2768 2771
f 2724 2771 2725
f 2724 2727 2736
f 2724 2736 2739
f 2741 2794 2795
f 2741 2795 2742
f 2769 2795 2788
f 2769 2788 2770
f 2765 2788 2789
f 2765 2789 2766
f 2761 2789 2790
f 2761 2790 2762
f 2757 2790 2791
f 2757 2791 2758
f 2753 2791 2792
f 2753 2792 2754
f 2749 2792 2793
f 2749 2793 2750
f 2745 2793 2794
f 2745 2794 2746
f 2721 2764 2767
f 2721 2767 2722
f 2720 2726 2725
f 2720 2725 2721
f 2718 2730 2729
f 2718 2729 2719
f 2717 2760 2763
f 2717 2763 2718
f 2716 2723 2722
f 2716 2722 2717
f 2716 2719 2773
f 2716 2773 2772
f 2720 2723 2787
f 2720 2787 2786
f 2714 2738 2737
f 2714 2737 2715
f 2713 2744 2747
f 2713 2747 2714
f 2710 2713 2712
f 2710 2712 2711
f 2709 2748 2751
f 2709 2751 2710
f 2708 2734 2733
f 2708 2733 2709
f 2708 2711 2779
f 2708 2779 2778
f 2712 2715 2781
f 2712 2781 2780
f 2719 2729 2774
f 2719 2774 2773
f 2788 2795 2794
f 2788 2794 2793
f 2788 2793 2792
f 2788 2792 2791
f 2788 2791 2789
f 2789 2791 2790
f 2798 2799 2800
f 2798 2800 2801
f 2802 783 784
f 2802 784 2803
f 2804 2805 785
f 2804 785 786
f 2806 787 788
f 2806 788 2807
f 2808 2809 789
f 2808 789 790
f 2810 791 792
f 2810 792 2811
f 793 794 2812
f 793 2812 2813
f 795 2814 2815
f 795 2815 796
f 797 798 2816
f 797 2816 2817
f 799 2818 2819
f 799 2819 800
f 801 2820 2821
f 801 2821 802
f 2803 2805 2822
f 2803 2822 2823
f 2804 2806 2824
f 2804 2824 2825
f 2807 2809 2826
f 2807 2826 2827
f 2808 2817 2828
f 2808 2828 2829
f 2810 2830 2831
f 2810 2831 2816
f 2811 2813 2832
f 2811 2832 2833
f 2819 2834 2835
f 2819 2835 2820
f 2814 2821 2836
f 2814 2836 2837
f 2815 2838 2839
f 2815 2839 2840
f 2802 2841 2842
f 2802 2842 2818
f 2819 2820 801
f 2819 801 800
f 2816 2831 2828
f 2816 2828 2817
f 2815 2840 819
f 2815 819 796
f 795 802 2821
f 795 2821 2814
f 2812 2843 2832
f 2812 2832 2813
f 792 793 2813
f 792 2813 2811
f 2810 2816 798
f 2810 798 791
f 2810 2811 2833
f 2810 2833 2830
f 2808 2829 2826
f 2808 2826 2809
f 2808 790 797
f 2808 797 2817
f 788 789 2809
f 788 2809 2807
f 2806 2807 2827
f 2806 2827 2824
f 2804 2825 2822
f 2804 2822 2805
f 2804 786 787
f 2804 787 2806
f 784 785 2805
f 784 2805 2803
f 2802 2818 799
f 2802 799 783
f 2802 2803 2823
f 2802 2823 2841
f 2818 2842 2834
f 2818 2834 2819
f 2820 2835 2836
f 2820 2836 2821
f 2814 2837 2838
f 2814 2838 2815
f 794 826 2844
f 794 2844 2812
f 2812 2844 2845
f 2812 2845 2843
f 2837 2862 2863
f 2837 2863 2838
f 2835 2864 2865
f 2835 2865 2836
f 2834 2842 2866
f 2834 2866 2867
f 2832 2843 2868
f 2832 2868 2869
f 2830 2833 2870
f 2830 2870 2871
f 2828 2831 2872
f 2828 2872 2873
f 2826 2829 2874
f 2826 2874 2875
f 2799 2824 2827
f 2799 2827 2876
f 2798 2877 2822
f 2798 2822 2825
f 2823 2878 2879
f 2823 2879 2841
f 2851 2874 2873
f 2851 2873 2860
f 2859 2880 2881
f 2859 2881 2863
f 2857 2858 2862
f 2857 2862 2865
f 2855 2856 2864
f 2855 2864 2867
f 2853 2854 2866
f 2853 2866 2879
f 2796 2878 2877
f 2796 2877 2797
f 2850 2852 2876
f 2850 2876 2875
f 2849 2861 2872
f 2849 2872 2871
f 2846 2848 2870
f 2846 2870 2869
f 2796 2853 2879
f 2796 2879 2878
f 2822 2877 2878
f 2822 2878 2823
f 2799 2876 2852
f 2799 2852 2800
f 2826 2875 2876
f 2826 2876 2827
f 2850 2875 2874
f 2850 2874 2851
f 2828 2873 2874
f 2828 2874 2829
f 2860 2873 2872
f 2860 2872 2861
f 2831 2830 2871
f 2831 2871 2872
f 2848 2849 2871
f 2848 2871 2870
f 2832 2869 2870
f 2832 2870 2833
f 2846 2869 2868
f 2846 2868 2847
f 2841 2879 2866
f 2841 2866 2842
f 2854 2855 2867
f 2854 2867 2866
f 2834 2867 2864
f 2834 2864 2835
f 2856 2857 2865
f 2856 2865 2864
f 2836 2865 2862
f 2836 2862 2837
f 2838 2863 2881
f 2838 2881 2839
f 2858 2859 2863
f 2858 2863 2862
f 2847 2868 2883
f 2847 2883 2882
f 2843 2845 2883
f 2843 2883 2868
f 2797 2877 2798
f 2797 2798 2801
f 2798 2825 2824
f 2798 2824 2799
f 2888 2889 2890
f 2888 2890 2891
f 834 835 2892
f 834 2892 2893
f 844 845 2894
f 844 2894 2895
f 2896 2897 2898
f 2896 2898 2899
f 2889 2892 2895
f 2889 2895 2896
f 2885 2890 2899
f 2885 2899 2886
f 2894 2897 2896
f 2894 2896 2895
f 835 844 2895
f 835 2895 2892
f 2889 2896 2899
f 2889 2899 2890
f 2888 2893 2892
f 2888 2892 2889
f 2886 2899 2898
f 2886 2898 2887
f 2884 2891 2890
f 2884 2890 2885
f 2884 2900 2901
f 2884 2901 2891
f 2888 2891 2901
f 2888 2901 2902
f 2888 2902 2903
f 2888 2903 2893
f 834 2893 2903
f 834 2903 852
f 2880 2887 2898
f 2880 2898 2881
f 2839 2881 2898
f 2839 2898 2897
f 2840 2839 2897
f 2840 2897 2894
f 2840 2894 845
f 2840 845 819
f 2906 2907 2908
f 2906 2908 2909
f 2910 1140 1141
f 2910 1141 2911
f 1142 1143 2912
f 1142 2912 2913
f 2914 1144 1145
f 2914 1145 2915
f 1146 1147 2916
f 1146 2916 2917
f 2918 1148 1149
f 2918 1149 2919
f 2920 2921 1150
f 2920 1150 1151
f 1152 2922 2923
f 1152 2923 1153
f 2924 2925 1154
f 2924 1154 1155
f 1156 2926 2927
f 1156 2927 1157
f 1158 2928 2929
f 1158 2929 1159
f 2910 2930 2931
f 2910 2931 2912
f 2913 2932 2933
f 2913 2933 2915
f 2914 2934 2935
f 2914 2935 2916
f 2917 2936 2937
f 2917 2937 2924
f 2919 2925 2938
f 2919 2938 2939
f 2918 2940 2941
f 2918 2941 2920
f 2926 2929 2942
f 2926 2942 2943
f 2923 2944 2945
f 2923 2945 2928
f 2922 2946 2947
f 2922 2947 2948
f 2911 2927 2949
f 2911 2949 2950
f 1156 1159 2929
f 1156 2929 2926
f 2924 2937 2938
f 2924 2938 2925
f 1152 1178 2946
f 1152 2946 2922
f 2923 2928 1158
f 2923 1158 1153
f 2920 2941 2951
f 2920 2951 2921
f 2918 2920 1151
f 2918 1151 1148
f 1149 1154 2925
f 1149 2925 2919
f 2918 2919 2939
f 2918 2939 2940
f 2916 2935 2936
f 2916 2936 2917
f 1146 2917 2924
f 1146 2924 1155
f 2914 2916 1147
f 2914 1147 1144
f 2914 2915 2933
f 2914 2933 2934
f 2912 2931 2932
f 2912 2932 2913
f 1142 2913 2915
f 1142 2915 1145
f 2910 2912 1143
f 2910 1143 1140
f 1141 1157 2927
f 1141 2927 2911
f 2910 2911 2950
f 2910 2950 2930
f 2926 2943 2949
f 2926 2949 2927
f 2928 2945 2942
f 2928 2942 2929
f 2922 2948 2944
f 2922 2944 2923
f 826 1150 2921
f 826 2921 2844
f 2844 2921 2951
f 2844 2951 2845
f 2944 2948 2968
f 2944 2968 2969
f 2942 2945 2970
f 2942 2970 2971
f 2943 2972 2973
f 2943 2973 2949
f 2941 2974 2975
f 2941 2975 2951
f 2939 2976 2977
f 2939 2977 2940
f 2937 2978 2979
f 2937 2979 2938
f 2935 2980 2981
f 2935 2981 2936
f 2908 2982 2934
f 2908 2934 2933
f 2909 2932 2931
f 2909 2931 2983
f 2930 2950 2984
f 2930 2984 2985
f 2956 2967 2978
f 2956 2978 2981
f 2964 2968 2986
f 2964 2986 2987
f 2962 2970 2969
f 2962 2969 2965
f 2960 2972 2971
f 2960 2971 2963
f 2959 2984 2973
f 2959 2973 2961
f 2904 2983 2985
f 2904 2985 2905
f 2957 2980 2982
f 2957 2982 2958
f 2954 2976 2979
f 2954 2979 2966
f 2953 2974 2977
f 2953 2977 2955
f 2905 2985 2984
f 2905 2984 2959
f 2930 2985 2983
f 2930 2983 2931
f 2907 2958 2982
f 2907 2982 2908
f 2934 2982 2980
f 2934 2980 2935
f 2956 2981 2980
f 2956 2980 2957
f 2936 2981 2978
f 2936 2978 2937
f 2966 2979 2978
f 2966 2978 2967
f 2939 2938 2979
f 2939 2979 2976
f 2954 2955 2977
f 2954 2977 2976
f 2940 2977 2974
f 2940 2974 2941
f 2952 2975 2974
f 2952 2974 2953
f 2949 2973 2984
f 2949 2984 2950
f 2960 2961 2973
f 2960 2973 2972
f 2942 2971 2972
f 2942 2972 2943
f 2962 2963 2971
f 2962 2971 2970
f 2944 2969 2970
f 2944 2970 2945
f 2947 2986 2968
f 2947 2968 2948
f 2964 2965 2969
f 2964 2969 2968
f 2882 2883 2975
f 2882 2975 2952
f 2845 2951 2975
f 2845 2975 2883
f 2904 2906 2909
f 2904 2909 2983
f 2908 2933 2932
f 2908 2932 2909
f 2992 2993 2994
f 2992 2994 2995
f 2996 2997 1189
f 2996 1189 1190
f 2998 2999 1199
f 2998 1199 1200
f 3000 3001 3002
f 3000 3002 3003
f 2994 3003 2998
f 2994 2998 2997
f 2988 2991 3000
f 2988 3000 2993
f 2998 3003 3002
f 2998 3002 2999
f 2997 2998 1200
f 2997 1200 1189
f 2993 3000 3003
f 2993 3003 2994
f 2994 2997 2996
f 2994 2996 2995
f 2990 3001 3000
f 2990 3000 2991
f 2988 2993 2992
f 2988 2992 2989
f 2900 2989 2992
f 2900 2992 2901
f 2901 2992 2995
f 2901 2995 2902
f 2902 2995 2996
f 2902 2996 2903
f 2903 2996 1190
f 2903 1190 852
f 2986 3001 2990
f 2986 2990 2987
f 2947 3002 3001
f 2947 3001 2986
f 2947 2946 2999
f 2947 2999 3002
f 2946 1178 1199
f 2946 1199 2999
f 3006 3007 2796
f 3006 2796 2797
f 3006 3008 3009
f 3006 3009 3007
f 3004 3005 3009
f 3004 3009 3008
f 2800 3010 3011
f 2800 3011 2801
f 3010 3012 3011
f 3019 3020 2846
f 3019 2846 2847
f 2848 3021 3022
f 2848 3022 2849
f 3023 3024 2850
f 3023 2850 2851
f 2800 2852 3025
f 2800 3025 3010
f 3007 3026 2853
f 3007 2853 2796
f 2854 3027 3028
f 2854 3028 2855
f 2856 3029 3030
f 2856 3030 2857
f 2858 3031 3032
f 2858 3032 2859
f 2860 2861 3033
f 2860 3033 3034
f 3032 3035 2880
f 3032 2880 2859
f 3030 3031 2858
f 3030 2858 2857
f 3028 3029 2856
f 3028 2856 2855
f 3026 3027 2854
f 3026 2854 2853
f 3006 2797 2801
f 3006 2801 3011
f 3024 3025 2852
f 3024 2852 2850
f 3023 2851 2860
f 3023 2860 3034
f 3022 3033 2861
f 3022 2861 2849
f 3020 3021 2848
f 3020 2848 2846
f 3019 2847 2882
f 3019 2882 3036
f 3039 3040 3041
f 3039 3041 3042
f 3043 3044 3045
f 3043 3045 3046
f 3047 3048 3049
f 3047 3049 3050
f 3012 3051 3052
f 3012 3052 3053
f 3054 3055 3056
f 3054 3056 3057
f 3058 3059 3060
f 3058 3060 3061
f 3062 3063 3064
f 3062 3064 3065
f 3005 3066 3067
f 3005 3067 3009
f 3068 3069 3070
f 3068 3070 3071
f 3023 3034 3068
f 3023 3068 3050
f 3038 3047 3071
f 3038 3071 3072
f 3037 3074 3052
f 3037 3052 3048
f 3015 3070 3045
f 3015 3045 3018
f 3013 3017 3044
f 3013 3044 3040
f 3032 3064 3075
f 3032 3075 3035
f 3030 3061 3065
f 3030 3065 3031
f 3028 3057 3058
f 3028 3058 3029
f 3026 3067 3054
f 3026 3054 3027
f 3006 3011 3012
f 3006 3012 3008
f 3024 3049 3051
f 3024 3051 3025
f 3022 3046 3069
f 3022 3069 3033
f 3020 3041 3043
f 3020 3043 3021
f 3015 3072 3071
f 3015 3071 3070
f 3033 3069 3068
f 3033 3068 3034
f 3063 3073 3075
f 3063 3075 3064
f 3060 3062 3065
f 3060 3065 3061
f 3056 3059 3058
f 3056 3058 3057
f 3054 3067 3066
f 3054 3066 3055
f 3004 3008 3012
f 3004 3012 3053
f 3052 3074 3053
f 3048 3052 3051
f 3048 3051 3049
f 3047 3050 3068
f 3047 3068 3071
f 3045 3070 3069
f 3045 3069 3046
f 3040 3044 3043
f 3040 3043 3041
f 3031 3065 3064
f 3031 3064 3032
f 3029 3058 3061
f 3029 3061 3030
f 3027 3054 3057
f 3027 3057 3028
f 3007 3009 3067
f 3007 3067 3026
f 3010 3025 3051
f 3010 3051 3012
f 3023 3050 3049
f 3023 3049 3024
f 3021 3043 3046
f 3021 3046 3022
f 3019 3042 3041
f 3019 3041 3020
f 3037 3048 3047
f 3037 3047 3038
f 3017 3018 3045
f 3017 3045 3044
f 3013 3040 3039
f 3013 3039 3014
f 3019 3036 3076
f 3019 3076 3042
f 3039 3042 3076
f 3039 3076 3077
f 3014 3039 3077
f 3014 3077 3016
f 2884 2885 3078
f 2884 3078 3079
f 3080 3081 3082
f 3080 3082 3083
f 3084 3085 2886
f 3084 2886 2887
f 3086 3087 3088
f 3086 3088 3089
f 3078 3085 3088
f 3078 3088 3081
f 3084 3089 3088
f 3084 3088 3085
f 3081 3088 3087
f 3081 3087 3082
f 3078 3081 3080
f 3078 3080 3079
f 2885 2886 3085
f 2885 3085 3078
f 3079 3080 3090
f 3079 3090 3091
f 3080 3083 3092
f 3080 3092 3090
f 2884 3079 3091
f 2884 3091 2900
f 3073 3086 3089
f 3073 3089 3075
f 3035 3075 3089
f 3035 3089 3084
f 2880 3035 3084
f 2880 3084 2887
f 2904 2905 3095
f 2904 3095 3096
f 3095 3097 3098
f 3095 3098 3096
f 3093 3094 3098
f 3093 3098 3097
f 2906 3099 3100
f 2906 3100 2907
f 3099 3101 3100
f 2952 2953 3107
f 2952 3107 3108
f 2954 3109 3110
f 2954 3110 2955
f 2956 2957 3111
f 2956 3111 3112
f 2907 3100 3113
f 2907 3113 2958
f 2905 2959 3114
f 2905 3114 3095
f 2960 3115 3116
f 2960 3116 2961
f 2962 3117 3118
f 2962 3118 2963
f 2964 3119 3120
f 2964 3120 2965
f 3121 3122 2966
f 3121 2966 2967
f 2964 2987 3123
f 2964 3123 3119
f 2962 2965 3120
f 2962 3120 3117
f 2960 2963 3118
f 2960 3118 3115
f 2959 2961 3116
f 2959 3116 3114
f 2904 3096 3099
f 2904 3099 2906
f 2957 2958 3113
f 2957 3113 3111
f 2956 3112 3121
f 2956 3121 2967
f 2954 2966 3122
f 2954 3122 3109
f 2953 2955 3110
f 2953 3110 3107
f 3036 2882 2952
f 3036 2952 3108
f 3126 3127 3128
f 3126 3128 3129
f 3130 3131 3132
f 3130 3132 3133
f 3134 3135 3136
f 3134 3136 3137
f 3101 3138 3139
f 3101 3139 3140
f 3141 3142 3143
f 3141 3143 3144
f 3145 3146 3147
f 3145 3147 3148
f 3149 3150 3151
f 3149 3151 3152
f 3093 3097 3153
f 3093 3153 3154
f 3155 3156 3157
f 3155 3157 3158
f 3112 3134 3158
f 3112 3158 3121
f 3124 3159 3155
f 3124 3155 3137
f 3125 3136 3139
f 3125 3139 3161
f 3104 3106 3131
f 3104 3131 3156
f 3103 3128 3132
f 3103 3132 3105
f 3119 3123 3162
f 3119 3162 3150
f 3117 3120 3149
f 3117 3149 3145
f 3115 3118 3148
f 3115 3148 3141
f 3114 3116 3144
f 3114 3144 3153
f 3096 3098 3101
f 3096 3101 3099
f 3111 3113 3140
f 3111 3140 3135
f 3109 3122 3157
f 3109 3157 3130
f 3107 3110 3133
f 3107 3133 3127
f 3104 3156 3155
f 3104 3155 3159
f 3121 3158 3157
f 3121 3157 3122
f 3150 3162 3160
f 3150 3160 3151
f 3145 3149 3152
f 3145 3152 3146
f 3141 3148 3147
f 3141 3147 3142
f 3143 3154 3153
f 3143 3153 3144
f 3094 3138 3101
f 3094 3101 3098
f 3138 3161 3139
f 3135 3140 3139
f 3135 3139 3136
f 3134 3137 3155
f 3134 3155 3158
f 3130 3157 3156
f 3130 3156 3131
f 3127 3133 3132
f 3127 3132 3128
f 3119 3150 3149
f 3119 3149 3120
f 3117 3145 3148
f 3117 3148 3118
f 3115 3141 3144
f 3115 3144 3116
f 3095 3114 3153
f 3095 3153 3097
f 3100 3101 3140
f 3100 3140 3113
f 3111 3135 3134
f 3111 3134 3112
f 3109 3130 3133
f 3109 3133 3110
f 3107 3127 3126
f 3107 3126 3108
f 3124 3137 3136
f 3124 3136 3125
f 3105 3132 3131
f 3105 3131 3106
f 3102 3129 3128
f 3102 3128 3103
f 3036 3108 3126
f 3036 3126 3076
f 3076 3126 3129
f 3076 3129 3077
f 3016 3077 3129
f 3016 3129 3102
f 3163 3164 2988
f 3163 2988 2989
f 3165 3166 3167
f 3165 3167 3168
f 2990 2991 3169
f 2990 3169 3170
f 3171 3172 3173
f 3171 3173 3174
f 3164 3167 3172
f 3164 3172 3169
f 3169 3172 3171
f 3169 3171 3170
f 3166 3173 3172
f 3166 3172 3167
f 3163 3168 3167
f 3163 3167 3164
f 3164 3169 2991
f 3164 2991 2988
f 3091 3090 3168
f 3091 3168 3163
f 3090 3092 3165
f 3090 3165 3168
f 3091 3163 2989
f 3091 2989 2900
f 3160 3162 3171
f 3160 3171 3174
f 3123 3170 3171
f 3123 3171 3162
f 2987 2990 3170
f 2987 3170 3123
f 3175 3176 3177
f 3175 3177 3178
f 3175 3179 3180
f 3175 3180 3176
f 3179 3181 3182
f 3179 3182 3180
f 3177 3183 3178
f 3181 3184 3182
f 3004 3185 3005
f 3186 3187 3188
f 3186 3188 3189
f 3190 3191 3192
f 3190 3192 3193
f 3194 3195 3196
f 3194 3196 3197
f 3198 3199 3200
f 3198 3200 3201
f 3202 3203 3204
f 3202 3204 3205
f 3206 3207 3208
f 3206 3208 3209
f 3210 3211 3212
f 3210 3212 3213
f 3214 3215 3216
f 3214 3216 3217
f 3218 3219 3220
f 3218 3220 3221
f 3222 3223 3224
f 3222 3224 3225
f 3226 3227 3228
f 3226 3228 3229
f 3230 3231 3232
f 3230 3232 3233
f 3227 3232 3234
f 3223 3228 3235
f 3219 3224 3236
f 3215 3220 3237
f 3211 3216 3238
f 3207 3212 3239
f 3203 3208 3240
f 3199 3204 3241
f 3195 3200 3242
f 3191 3196 3243
f 3188 3244 3231
f 3190 3245 3246
f 3190 3246 3197
f 3189 3230 3247
f 3189 3247 3248
f 3226 3249 3250
f 3226 3250 3233
f 3222 3251 3252
f 3222 3252 3229
f 3218 3253 3254
f 3218 3254 3225
f 3214 3255 3256
f 3214 3256 3221
f 3206 3257 3258
f 3206 3258 3213
f 3202 3259 3260
f 3202 3260 3209
f 3198 3261 3262
f 3198 3262 3205
f 3194 3263 3264
f 3194 3264 3201
f 3230 3233 3250
f 3230 3250 3247
f 3226 3233 3232
f 3226 3232 3227
f 3226 3229 3252
f 3226 3252 3249
f 3222 3229 3228
f 3222 3228 3223
f 3222 3225 3254
f 3222 3254 3251
f 3218 3225 3224
f 3218 3224 3219
f 3218 3221 3256
f 3218 3256 3253
f 3214 3221 3220
f 3214 3220 3215
f 3214 3217 3265
f 3214 3265 3255
f 3210 3217 3216
f 3210 3216 3211
f 3210 3213 3258
f 3210 3258 3266
f 3206 3213 3212
f 3206 3212 3207
f 3206 3209 3260
f 3206 3260 3257
f 3202 3209 3208
f 3202 3208 3203
f 3202 3205 3262
f 3202 3262 3259
f 3198 3205 3204
f 3198 3204 3199
f 3198 3201 3264
f 3198 3264 3261
f 3194 3201 3200
f 3194 3200 3195
f 3194 3197 3246
f 3194 3246 3263
f 3190 3197 3196
f 3190 3196 3191
f 3190 3193 3267
f 3190 3267 3245
f 3188 3231 3230
f 3188 3230 3189
f 3186 3189 3248
f 3186 3248 3268
f 3187 3269 3244
f 3187 3244 3188
f 3231 3244 3234
f 3231 3234 3232
f 3227 3234 3235
f 3227 3235 3228
f 3223 3235 3236
f 3223 3236 3224
f 3219 3236 3237
f 3219 3237 3220
f 3215 3237 3238
f 3215 3238 3216
f 3211 3238 3239
f 3211 3239 3212
f 3207 3239 3240
f 3207 3240 3208
f 3203 3240 3241
f 3203 3241 3204
f 3199 3241 3242
f 3199 3242 3200
f 3195 3242 3243
f 3195 3243 3196
f 3191 3243 3270
f 3191 3270 3192
f 3186 3268 3271
f 3186 3271 3272
f 3186 3272 3273
f 3186 3273 3187
f 3193 3274 3275
f 3193 3275 3267
f 3192 3276 3274
f 3192 3274 3193
f 3187 3273 3277
f 3187 3277 3269
f 3269 3277 3278
f 3269 3278 3270
f 3192 3270 3278
f 3192 3278 3276
f 3279 3280 3281
f 3279 3281 3282
f 3283 3284 3285
f 3283 3285 3286
f 3287 3288 3289
f 3287 3289 3290
f 3291 3292 3293
f 3294 3295 3296
f 3294 3296 3297
f 3298 3299 3300
f 3301 3302 3303
f 3304 3305 3306
f 3304 3306 3307
f 3308 3309 3310
f 3311 3312 3313
f 3311 3313 3314
f 3315 3316 3317
f 3280 3307 3314
f 3280 3314 3315
f 3283 3316 3313
f 3283 3313 3308
f 3281 3317 3293
f 3281 3293 3294
f 3282 3297 3298
f 3282 3298 3287
f 3279 3290 3303
f 3279 3303 3304
f 3313 3316 3315
f 3313 3315 3314
f 3308 3313 3312
f 3308 3312 3309
f 3306 3311 3314
f 3306 3314 3307
f 3302 3305 3304
f 3302 3304 3303
f 3296 3299 3298
f 3296 3298 3297
f 3292 3295 3294
f 3292 3294 3293
f 3289 3301 3303
f 3289 3303 3290
f 3287 3298 3300
f 3287 3300 3288
f 3285 3291 3293
f 3285 3293 3286
f 3283 3308 3310
f 3283 3310 3284
f 3283 3286 3317
f 3283 3317 3316
f 3281 3294 3297
f 3281 3297 3282
f 3280 3315 3317
f 3280 3317 3281
f 3279 3304 3307
f 3279 3307 3280
f 3279 3282 3287
f 3279 3287 3290
f 3286 3293 3317
f 3318 3319 3320
f 3318 3320 3321
f 3322 3323 3324
f 3322 3324 3325
f 3326 3327 3328
f 3329 3330 3331
f 3329 3331 3332
f 3333 3334 3335
f 3333 3335 3336
f 3337 3338 3339
f 3337 3339 3340
f 3341 3342 3343
f 3341 3343 3344
f 3345 3346 3347
f 3345 3347 3348
f 3349 3350 3351
f 3349 3351 3352
f 3353 3354 3355
f 3353 3355 3356
f 3357 3358 3359
f 3357 3359 3360
f 3361 3362 3363
f 3361 3363 3364
f 3365 3366 3367
f 3365 3367 3368
f 3369 3370 3371
f 3369 3371 3372
f 3373 3374 3375
f 3373 3375 3376
f 3377 3378 3379
f 3377 3379 3380
f 3381 3382 3383
f 3384 3385 3386
f 3387 3388 3389
f 3387 3389 3390
f 3391 3392 3393
f 3391 3393 3394
f 3395 3396 3397
f 3395 3397 3398
f 3399 3400 3401
f 3399 3401 3402
f 3403 3404 3405
f 3403 3405 3406
f 3407 3408 3409
f 3407 3409 3410
f 3411 3412 3413
f 3411 3413 3414
f 3415 3416 3417
f 3415 3417 3418
f 3419 3420 3421
f 3419 3421 3422
f 3423 3424 3425
f 3423 3425 3426
f 3427 3428 3429
f 3427 3429 3430
f 3431 3432 3433
f 3431 3433 3434
f 3435 3436 3437
f 3435 3437 3438
f 3439 3440 3441
f 3439 3441 3442
f 3443 3444 3445
f 3443 3445 3446
f 3447 3448 3449
f 3447 3449 3450
f 3451 3452 3453
f 3454 3455 3456
f 3454 3456 3457
f 3458 3459 3460
f 3458 3460 3461
f 3462 3463 3464
f 3462 3464 3465
f 3466 3467 3468
f 3466 3468 3469
f 3470 3471 3472
f 3470 3472 3473
f 3474 3475 3476
f 3474 3476 3477
f 3478 3479 3480
f 3478 3480 3481
f 3482 3483 3484
f 3482 3484 3485
f 3486 3487 3488
f 3486 3488 3489
f 3490 3491 3013
f 3490 3013 3014
f 3492 3493 3494
f 3492 3494 3495
f 3496 3497 3498
f 3496 3498 3499
f 3500 3501 3502
f 3500 3502 3503
f 3504 3505 3506
f 3504 3506 3507
f 3508 3509 3510
f 3508 3510 3511
f 3512 3513 3514
f 3512 3514 3515
f 3516 3517 3518
f 3516 3518 3519
f 3520 3521 3522
f 3520 3522 3523
f 3524 3525 3526
f 3524 3526 3527
f 3528 3529 3530
f 3528 3530 3531
f 3532 3533 3534
f 3532 3534 3535
f 3536 3537 3538
f 3539 3540 3541
f 3539 3541 3542
f 3543 3544 3545
f 3543 3545 3546
f 3543 3547 3544
f 3505 3548 3549
f 3505 3549 3506
f 3550 3551 3552
f 3550 3552 3553
f 3554 3555 3556
f 3554 3556 3557
f 3558 3559 3560
f 3558 3560 3561
f 3562 3563 3564
f 3565 3566 3567
f 3565 3567 3568
f 3569 3570 3571
f 3569 3571 3572
f 3573 3574 3575
f 3573 3575 3576
f 3577 3578 3579
f 3577 3579 3580
f 3581 3582 3583
f 3584 3585 3586
f 3584 3586 3587
f 3588 3589 3590
f 3588 3590 3591
f 3592 3593 3594
f 3592 3594 3595
f 3596 3597 3598
f 3596 3598 3599
f 3600 3601 3602
f 3600 3602 3603
f 3604 3605 3606
f 3604 3606 3607
f 3608 3609 3610
f 3608 3610 3611
f 3612 3613 3614
f 3612 3614 3615
f 3616 3617 3618
f 3616 3618 3619
f 3620 3621 3622
f 3620 3622 3623
f 3624 3625 3626
f 3624 3626 3627
f 3628 3629 3630
f 3628 3630 3631
f 3632 3633 3634
f 3632 3634 3635
f 3636 3637 3638
f 3636 3638 3639
f 3640 3641 3642
f 3640 3642 3643
f 3644 3645 3646
f 3644 3646 3647
f 3648 3649 3650
f 3648 3650 3651
f 3652 3653 3654
f 3652 3654 3655
f 3656 3657 3658
f 3656 3658 3659
f 3660 3661 3662
f 3660 3662 3663
f 3664 3665 3666
f 3664 3666 3667
f 3668 3669 3670
f 3668 3670 3671
f 3672 3673 3674
f 3672 3674 3675
f 3676 3677 3678
f 3679 3680 3681
f 3682 3683 3684
f 3682 3684 3685
f 3686 3687 3688
f 3686 3688 3689
f 3690 3691 3692
f 3690 3692 3693
f 3694 3695 3696
f 3694 3696 3697
f 3698 3699 3700
f 3698 3700 3701
f 3702 3703 3704
f 3702 3704 3705
f 3706 3707 3708
f 3706 3708 3709
f 3710 3711 3712
f 3710 3712 3713
f 3714 3715 3716
f 3714 3716 3717
f 3718 3719 3720
f 3718 3720 3721
f 3722 3723 3724
f 3722 3724 3725
f 3726 3727 3728
f 3729 3730 3731
f 3729 3731 3732
f 3733 3734 3735
f 3733 3735 3736
f 3735 3737 3738
f 3735 3738 3736
f 3739 3740 3741
f 3742 3743 3744
f 3742 3744 3745
f 3746 3747 3748
f 3746 3748 3749
f 3750 3751 3752
f 3750 3752 3753
f 3754 3755 3756
f 3754 3756 3757
f 3758 3759 3760
f 3758 3760 3761
f 3762 3763 3764
f 3762 3764 3765
f 3246 3766 3767
f 3246 3767 3263
f 3261 3264 3768
f 3261 3768 3769
f 3259 3262 3770
f 3259 3770 3771
f 3257 3260 3772
f 3257 3772 3773
f 3258 3774 3775
f 3258 3775 3266
f 3776 3777 3778
f 3253 3256 3779
f 3253 3779 3780
f 3251 3254 3781
f 3251 3781 3782
f 3249 3252 3783
f 3249 3783 3784
f 3247 3250 3785
f 3247 3785 3786
f 3787 3788 3789
f 3790 3791 3792
f 3793 3794 3795
f 3793 3795 3796
f 3797 3798 3799
f 3797 3799 3800
f 3801 3802 3803
f 3801 3803 3804
f 3805 3806 3807
f 3805 3807 3808
f 3248 3809 3810
f 3248 3810 3268
f 3811 3812 3813
f 3811 3813 3814
f 3815 3816 3817
f 3815 3817 3818
f 3819 3820 3821
f 3819 3821 3822
f 3823 3824 3825
f 3823 3825 3826
f 3827 3828 3829
f 3827 3829 3830
f 3831 3832 3833
f 3831 3833 3834
f 3835 3836 3837
f 3835 3837 3838
f 3839 3840 3841
f 3839 3841 3842
f 3843 3844 3845
f 3843 3845 3846
f 3847 3848 3849
f 3847 3849 3850
f 3851 3852 3853
f 3851 3853 3854
f 3855 3856 3857
f 3855 3857 3858
f 3859 3860 3861
f 3859 3861 3862
f 3863 3864 3865
f 3863 3865 3866
f 3867 3868 3869
f 3867 3869 3870
f 3871 3872 3873
f 3871 3873 3874
f 3875 3876 3877
f 3875 3877 3878
f 3879 3880 3881
f 3879 3881 3882
f 3883 3884 3885
f 3883 3885 3886
f 3887 3888 3889
f 3887 3889 3890
f 3891 3892 3893
f 3891 3893 3894
f 3895 3896 3897
f 3898 3899 3900
f 3898 3900 3901
f 3902 3903 3904
f 3902 3904 3905
f 3906 3907 3908
f 3906 3908 3909
f 3910 3911 3912
f 3910 3912 3913
f 3914 3915 3916
f 3914 3916 3917
f 3918 3919 3920
f 3918 3920 3921
f 3922 3923 3924
f 3925 3926 3927
f 3925 3927 3928
f 3929 3930 3931
f 3929 3931 3932
f 3933 3934 3935
f 3933 3935 3936
f 3937 3938 3939
f 3937 3939 3940
f 3941 3942 3943
f 3941 3943 3944
f 3945 3946 3947
f 3945 3947 3948
f 3949 3950 3951
f 3949 3951 3952
f 3953 3954 3955
f 3956 3957 3958
f 3956 3958 3959
f 3960 3961 3962
f 3960 3962 3963
f 3964 3965 3966
f 3964 3966 3967
f 3968 3969 3970
f 3968 3970 3971
f 3972 3973 3974
f 3975 3976 3977
f 3975 3977 3978
f 3979 3980 3981
f 3979 3981 3982
f 3983 3984 3985
f 3983 3985 3986
f 3987 3988 3989
f 3987 3989 3990
f 3991 3992 3993
f 3991 3993 3994
f 3995 3996 3997
f 3995 3997 3998
f 3999 4000 4001
f 3999 4001 4002
f 4003 4004 4005
f 4006 4007 4008
f 4006 4008 4009
f 4010 4011 4012
f 3245 3267 4013
f 3245 4013 4014
f 4015 4016 4017
f 4015 4017 4018
f 4019 4020 4021
f 4019 4021 4022
f 4023 4024 4025
f 4023 4025 4026
f 4027 4028 4029
f 4027 4029 4030
f 4031 4032 4033
f 4031 4033 4034
f 4035 4036 4037
f 4035 4037 4038
f 4039 4040 4041
f 4039 4041 4042
f 4043 4044 4045
f 4043 4045 4046
f 4047 4048 4049
f 4047 4049 4050
f 4051 4052 4053
f 4054 4055 4056
f 4054 4056 4057
f 4058 4059 4060
f 4058 4060 4061
f 4062 4063 4064
f 4062 4064 4065
f 3255 3265 4066
f 3255 4066 4067
f 4068 4069 4070
f 4068 4070 4071
f 4072 4073 4074
f 4072 4074 4075
f 4076 4077 4078
f 4076 4078 4079
f 4080 4081 4082
f 4080 4082 4083
f 4084 4085 4086
f 4084 4086 4087
f 4088 4089 4090
f 4088 4090 4091
f 4092 4093 4094
f 4092 4094 4095
f 4096 4097 4098
f 4096 4098 4099
f 4100 4101 4102
f 4100 4102 4103
f 4104 4105 4106
f 4104 4106 4107
f 4108 4109 4110
f 4108 4110 4111
f 4112 4113 4114
f 4112 4114 4115
f 4116 4117 4118
f 4119 4120 4121
f 4119 4121 4122
f 4123 4124 4125
f 4123 4125 4126
f 4127 4128 4129
f 3957 4130 4131
f 3957 4131 3958
f 3961 4132 4133
f 3961 4133 3962
f 3965 4134 4135
f 3965 4135 3966
f 3969 4136 4137
f 3969 4137 3970
f 3181 4138 4139
f 3181 4139 3184
f 4140 4141 4142
f 4140 4142 4143
f 4144 4145 4146
f 4144 4146 4147
f 3175 4148 4149
f 3175 4149 3179
f 3178 3183 4150
f 3178 4150 4151
f 4152 4153 4154
f 4152 4154 4155
f 4156 4157 4158
f 4156 4158 4159
f 4023 4026 4160
f 4023 4160 4161
f 3569 3615 3614
f 3569 3614 3570
f 3424 3429 4162
f 3424 4162 4163
f 3428 4164 4162
f 3428 4162 3429
f 3428 3433 4165
f 3428 4165 4164
f 3432 4166 4165
f 3432 4165 3433
f 3432 3437 4167
f 3432 4167 4166
f 3436 4168 4167
f 3436 4167 3437
f 3436 3441 4169
f 3436 4169 4168
f 3440 4170 4169
f 3440 4169 3441
f 3417 4171 4170
f 3417 4170 3440
f 3416 4172 4171
f 3416 4171 3417
f 3416 3421 4173
f 3416 4173 4172
f 3420 4174 4173
f 3420 4173 3421
f 3420 3425 4175
f 3420 4175 4174
f 3424 4163 4175
f 3424 4175 3425
f 3605 4176 3606
f 3608 3611 4177
f 3608 4177 4178
f 3606 4176 4177
f 3606 4177 3611
f 3321 3459 4159
f 3321 4159 3642
f 3458 4075 4155
f 3458 4155 4156
f 3604 4150 4152
f 3604 4152 4074
f 3607 3610 4148
f 3607 4148 4151
f 3548 3975 4143
f 3548 4143 4144
f 3609 4110 4138
f 3609 4138 4149
f 3970 4139 4109
f 3966 4135 4136
f 3966 4136 3969
f 3962 4133 4134
f 3962 4134 3965
f 3958 4131 4132
f 3958 4132 3961
f 3957 4026 4025
f 3957 4025 4130
f 4081 4119 4134
f 4081 4134 4133
f 4122 4123 4136
f 4122 4136 4135
f 3184 4137 4126
f 3184 4126 3618
f 3667 4179 4180
f 3581 3584 4083
f 3581 4083 4088
f 3631 4157 4154
f 3631 4154 4076
f 3461 4068 3554
f 3461 3554 4072
f 3470 3753 4105
f 3470 4105 4100
f 3469 4101 4104
f 3469 4104 3754
f 3492 3779 4067
f 3492 4067 4099
f 3471 4103 4097
f 3471 4097 3499
f 3468 3493 4098
f 3468 4098 4102
f 4027 4061 4089
f 4027 4089 4086
f 3337 3585 3583
f 3337 3583 4062
f 3306 3338 4065
f 3306 4065 3311
f 3843 4057 4181
f 3843 4181 3850
f 3846 3911 4053
f 3846 4053 4054
f 3579 3766 4014
f 3579 4014 4015
f 3580 4018 4019
f 3580 4019 3979
f 3956 3980 4022
f 3956 4022 4160
f 4025 4028 4085
f 4025 4085 4130
f 3715 4090 4060
f 3715 4060 4031
f 3713 3716 4034
f 3713 4034 4035
f 3710 4038 4039
f 3710 4039 3718
f 3709 3719 4042
f 3709 4042 4043
f 3691 3706 4046
f 3691 4046 4047
f 3692 4050 3813
f 3692 3813 3695
f 3547 3738 4002
f 3547 4002 4003
f 3612 3998 3999
f 3612 3999 3737
f 3569 3994 3995
f 3569 3995 3615
f 3577 3982 3983
f 3577 3983 3808
f 3576 3805 3986
f 3576 3986 3987
f 3572 3573 3990
f 3572 3990 3991
f 3978 4004 4001
f 3978 4001 4140
f 3974 4141 4000
f 3974 4000 3997
f 3959 3960 3984
f 3959 3984 3981
f 3963 3964 3988
f 3963 3988 3985
f 3967 3968 3992
f 3967 3992 3989
f 3971 3972 3996
f 3971 3996 3993
f 3946 3951 4008
f 3942 3947 4007
f 3938 3943 4006
f 3938 4006 4182
f 3934 3939 4183
f 3930 3935 4184
f 3926 3931 4185
f 3927 4186 4009
f 3927 4009 3950
f 3790 3909 4051
f 3840 3913 3914
f 3840 3914 3867
f 3868 3917 3918
f 3868 3918 3895
f 3899 3904 3952
f 3899 3952 3945
f 3900 3948 3941
f 3900 3941 3920
f 3892 3896 3937
f 3888 3893 3940
f 3888 3940 3933
f 3884 3889 3936
f 3884 3936 3929
f 3880 3885 3932
f 3880 3932 3925
f 3881 3928 3949
f 3881 3949 3903
f 3872 3877 3905
f 3872 3905 3898
f 3873 3901 3919
f 3873 3919 3916
f 3864 3869 3897
f 3864 3897 3891
f 3860 3865 3894
f 3860 3894 3887
f 3856 3861 3890
f 3856 3890 3883
f 3852 3857 3886
f 3852 3886 3879
f 3853 3882 3902
f 3853 3902 3876
f 3844 3849 3878
f 3844 3878 3871
f 3845 3874 3915
f 3845 3915 3912
f 3836 3841 3870
f 3836 3870 3863
f 3832 3837 3866
f 3832 3866 3859
f 3828 3833 3862
f 3828 3862 3855
f 3824 3829 3858
f 3824 3858 3851
f 3825 3854 3875
f 3825 3875 3848
f 3447 3924 4187
f 3447 4187 4188
f 3696 3812 3815
f 3696 3815 3701
f 3698 3818 3819
f 3698 3819 3705
f 3702 3822 4094
f 3702 4094 3804
f 3789 4189 4011
f 3456 3787 4010
f 3456 4010 4190
f 3481 3482 3741
f 3481 3741 3742
f 3477 3478 3745
f 3477 3745 3746
f 3473 3474 3749
f 3473 3749 3750
f 3465 3466 3757
f 3465 3757 3758
f 3462 3761 3762
f 3462 3762 3723
f 3724 3765 3809
f 3724 3809 3786
f 3408 3413 3442
f 3408 3442 3435
f 3404 3409 3438
f 3404 3438 3431
f 3400 3405 3434
f 3400 3434 3427
f 3396 3401 3430
f 3396 3430 3423
f 3392 3397 3426
f 3392 3426 3419
f 3388 3393 3422
f 3388 3422 3415
f 3389 3418 3439
f 3389 3439 3412
f 3378 3382 3414
f 3378 3414 3407
f 3374 3379 3410
f 3374 3410 3403
f 3370 3375 3406
f 3370 3406 3399
f 3366 3371 3402
f 3366 3402 3395
f 3362 3367 3398
f 3362 3398 3391
f 3363 3394 3387
f 3363 3387 3385
f 3543 3736 3738
f 3543 3738 3547
f 3463 3722 3728
f 3463 3728 3729
f 3464 3732 3494
f 3464 3494 3467
f 3727 3783 3782
f 3727 3782 3730
f 3546 3778 3775
f 3546 3775 3733
f 3296 3354 3359
f 3296 3359 3299
f 3292 3350 3355
f 3292 3355 3295
f 3285 3346 3351
f 3285 3351 3291
f 3284 3310 3342
f 3284 3342 3347
f 3309 3312 4064
f 3309 4064 3343
f 3302 3334 3339
f 3302 3339 3305
f 3289 3330 3335
f 3289 3335 3301
f 3288 3300 3358
f 3288 3358 3331
f 3345 3711 3721
f 3345 3721 3352
f 3341 3717 3712
f 3341 3712 3348
f 3328 3685 3686
f 3328 3686 3693
f 3326 3697 3700
f 3326 3700 4113
f 3327 4112 4191
f 3327 4191 3682
f 3699 4127 4116
f 3699 4116 4114
f 3377 3675 3676
f 3377 3676 3383
f 3373 3671 3672
f 3373 3672 3380
f 3369 3665 3668
f 3369 3668 3376
f 3365 3680 3666
f 3365 3666 3372
f 3662 4128 3703
f 3662 3703 3803
f 3664 4117 4129
f 3664 4129 3669
f 3659 3673 3670
f 3659 3670 3660
f 3322 3677 3674
f 3322 3674 3658
f 3654 3656 3663
f 3654 3663 3802
f 3323 3657 3653
f 3323 3653 3649
f 3364 3384 3636
f 3364 3636 3635
f 3361 3634 3681
f 3361 3681 3368
f 3629 4192 3679
f 3629 3679 3633
f 3628 4193 4192
f 3628 4192 3629
f 3622 3687 3684
f 3622 3684 3625
f 3180 3182 3617
f 3180 3617 3620
f 3176 3623 3624
f 3176 3624 3177
f 3603 3707 3690
f 3603 3690 3689
f 3349 3720 3602
f 3349 3602 3356
f 3600 3688 3621
f 3600 3621 3616
f 3353 3601 3598
f 3353 3598 3360
f 3332 3357 3597
f 3332 3597 3594
f 3329 3593 3590
f 3329 3590 3336
f 3333 3589 3586
f 3333 3586 3340
f 3344 4063 3582
f 3344 3582 3714
f 4082 4132 4131
f 4082 4131 4084
f 3578 3807 3768
f 3578 3768 3767
f 3587 3588 4120
f 3587 4120 4080
f 3575 3770 3769
f 3575 3769 3806
f 3595 3596 3619
f 3595 3619 4125
f 3591 3592 4124
f 3591 4124 4121
f 3571 3772 3771
f 3571 3771 3574
f 3318 3641 3646
f 3318 3646 3567
f 3319 3566 3563
f 3319 3563 3560
f 3550 4146 4177
f 3550 4177 4176
f 4142 4194 4195
f 4142 4195 4145
f 3613 3735 3734
f 3541 3794 3906
f 3541 3906 3792
f 3540 3655 3798
f 3540 3798 3795
f 3537 3791 3842
f 3537 3842 3835
f 3539 3954 3650
f 3539 3650 3652
f 3533 3644 3651
f 3533 3651 4196
f 3529 3568 3645
f 3529 3645 3532
f 3528 4197 3564
f 3528 3564 3565
f 4198 4199 4200
f 4198 4200 4201
f 4202 4203 4204
f 4202 4204 4205
f 3514 3555 4206
f 3514 4206 3517
f 3510 3552 3556
f 3510 3556 3513
f 3506 3549 4207
f 3506 4207 3509
f 3502 3976 3548
f 3502 3548 3505
f 3501 4208 4005
f 3501 4005 3977
f 3488 3515 3516
f 3488 3516 3491
f 3484 3511 3512
f 3484 3512 3487
f 3480 3507 3508
f 3480 3508 3483
f 3476 3503 3504
f 3476 3504 3479
f 3472 3498 3500
f 3472 3500 3475
f 3495 3731 3781
f 3495 3781 3780
f 3725 3785 3784
f 3725 3784 3726
f 3551 3605 4073
f 3551 4073 3557
f 3320 3559 4069
f 3320 4069 3460
f 3639 3643 4158
f 3183 3627 4077
f 3183 4077 4153
f 3448 4209 4210
f 3448 4210 3451
f 3444 3534 4211
f 3444 4211 4212
f 3443 4213 4214
f 3443 4214 3535
f 3527 3531 4215
f 3527 4215 4216
f 4154 4157 4156
f 4154 4156 4155
f 3183 4153 4152
f 3183 4152 4150
f 3175 3178 4151
f 3175 4151 4148
f 4142 4145 4144
f 4142 4144 4143
f 3179 4149 4138
f 3179 4138 3181
f 3184 4139 3970
f 3184 3970 4137
f 4123 4126 4137
f 4123 4137 4136
f 4121 4124 4123
f 4121 4123 4122
f 4119 4122 4135
f 4119 4135 4134
f 4116 4127 4129
f 4116 4129 4117
f 4114 4116 4118
f 4114 4118 4115
f 4109 4139 4138
f 4109 4138 4110
f 4100 4105 4104
f 4100 4104 4101
f 4097 4103 4102
f 4097 4102 4098
f 4086 4089 4088
f 4086 4088 4087
f 4084 4131 4130
f 4084 4130 4085
f 4082 4084 4087
f 4082 4087 4083
f 4081 4133 4132
f 4081 4132 4082
f 4080 4120 4119
f 4080 4119 4081
f 4076 4154 4153
f 4076 4153 4077
f 4074 4152 4155
f 4074 4155 4075
f 4066 4096 4099
f 4066 4099 4067
f 4060 4090 4089
f 4060 4089 4061
f 4056 4217 4181
f 4056 4181 4057
f 4052 4055 4054
f 4052 4054 4053
f 4045 4048 4047
f 4045 4047 4046
f 4041 4044 4043
f 4041 4043 4042
f 4037 4040 4039
f 4037 4039 4038
f 4033 4036 4035
f 4033 4035 4034
f 4031 4060 4059
f 4031 4059 4032
f 4027 4086 4085
f 4027 4085 4028
f 4027 4030 4058
f 4027 4058 4061
f 4024 4029 4028
f 4024 4028 4025
f 4021 4161 4160
f 4021 4160 4022
f 4017 4020 4019
f 4017 4019 4018
f 4013 4016 4015
f 4013 4015 4014
f 4181 4217 4189
f 4011 4189 4217
f 4011 4217 4012
f 4001 4004 4003
f 4001 4003 4002
f 4000 4141 4140
f 4000 4140 4001
f 3997 4000 3999
f 3997 3999 3998
f 3993 3996 3995
f 3993 3995 3994
f 3989 3992 3991
f 3989 3991 3990
f 3985 3988 3987
f 3985 3987 3986
f 3981 3984 3983
f 3981 3983 3982
f 3979 4019 4022
f 3979 4022 3980
f 3977 4005 4004
f 3977 4004 3978
f 3975 3978 4140
f 3975 4140 4143
f 3974 4194 4142
f 3974 4142 4141
f 3972 4108 4111
f 3972 4111 3973
f 3972 3974 3997
f 3972 3997 3996
f 3970 4109 4108
f 3970 4108 3971
f 3968 3971 3993
f 3968 3993 3992
f 3966 3969 3968
f 3966 3968 3967
f 3964 3967 3989
f 3964 3989 3988
f 3962 3965 3964
f 3962 3964 3963
f 3960 3963 3985
f 3960 3985 3984
f 3958 3961 3960
f 3958 3960 3959
f 3956 4160 4026
f 3956 4026 3957
f 3956 3959 3981
f 3956 3981 3980
f 3950 4009 4008
f 3950 4008 3951
f 3946 4008 4007
f 3946 4007 3947
f 3945 3952 3951
f 3945 3951 3946
f 3942 4007 4006
f 3942 4006 3943
f 3941 3948 3947
f 3941 3947 3942
f 3937 3944 3943
f 3937 3943 3938
f 3933 3940 3939
f 3933 3939 3934
f 3929 3936 3935
f 3929 3935 3930
f 3927 3950 3949
f 3927 3949 3928
f 3925 3932 3931
f 3925 3931 3926
f 3920 3941 3944
f 3920 3944 3921
f 3916 3919 3918
f 3916 3918 3917
f 3912 3915 3914
f 3912 3914 3913
f 3910 4051 4053
f 3910 4053 3911
f 3908 4052 4051
f 3908 4051 3909
f 3903 3949 3952
f 3903 3952 3904
f 3900 3920 3919
f 3900 3919 3901
f 3899 3945 3948
f 3899 3948 3900
f 3898 3905 3904
f 3898 3904 3899
f 3895 3918 3921
f 3895 3921 3896
f 3892 3937 3940
f 3892 3940 3893
f 3891 3897 3896
f 3891 3896 3892
f 3888 3933 3936
f 3888 3936 3889
f 3887 3894 3893
f 3887 3893 3888
f 3884 3929 3932
f 3884 3932 3885
f 3883 3890 3889
f 3883 3889 3884
f 3881 3903 3902
f 3881 3902 3882
f 3880 3925 3928
f 3880 3928 3881
f 3879 3886 3885
f 3879 3885 3880
f 3876 3902 3905
f 3876 3905 3877
f 3873 3916 3915
f 3873 3915 3874
f 3872 3898 3901
f 3872 3901 3873
f 3871 3878 3877
f 3871 3877 3872
f 3868 3895 3897
f 3868 3897 3869
f 3867 3914 3917
f 3867 3917 3868
f 3864 3891 3894
f 3864 3894 3865
f 3863 3870 3869
f 3863 3869 3864
f 3860 3887 3890
f 3860 3890 3861
f 3859 3866 3865
f 3859 3865 3860
f 3856 3883 3886
f 3856 3886 3857
f 3855 3862 3861
f 3855 3861 3856
f 3853 3876 3875
f 3853 3875 3854
f 3852 3879 3882
f 3852 3882 3853
f 3851 3858 3857
f 3851 3857 3852
f 3848 3875 3878
f 3848 3878 3849
f 3847 3850 4181
f 3847 4181 4189
f 3845 3912 3911
f 3845 3911 3846
f 3844 3871 3874
f 3844 3874 3845
f 3843 3850 3849
f 3843 3849 3844
f 3843 3846 4054
f 3843 4054 4057
f 3840 3867 3870
f 3840 3870 3841
f 3839 3910 3913
f 3839 3913 3840
f 3836 3863 3866
f 3836 3866 3837
f 3835 3842 3841
f 3835 3841 3836
f 3832 3859 3862
f 3832 3862 3833
f 3831 3838 3837
f 3831 3837 3832
f 3828 3855 3858
f 3828 3858 3829
f 3827 3834 3833
f 3827 3833 3828
f 3825 3848 3847
f 3825 3847 3826
f 3824 3851 3854
f 3824 3854 3825
f 3823 3830 3829
f 3823 3829 3824
f 3821 4095 4094
f 3821 4094 3822
f 3817 3820 3819
f 3817 3819 3818
f 3813 4050 4049
f 3813 4049 3814
f 3811 3816 3815
f 3811 3815 3812
f 3805 3808 3983
f 3805 3983 3986
f 3801 3804 4094
f 3801 4094 4093
f 3799 3802 3801
f 3799 3801 3800
f 3795 3798 3797
f 3795 3797 3796
f 3793 3907 3906
f 3793 3906 3794
f 3790 3839 3842
f 3790 3842 3791
f 3790 3792 3906
f 3790 3906 3909
f 3926 4185 4186
f 3926 4186 3927
f 4006 4009 4186
f 4006 4186 4182
f 3938 4182 4183
f 3938 4183 3939
f 3934 4183 4184
f 3934 4184 3935
f 3930 4184 4185
f 3930 4185 3931
f 3788 3823 3826
f 3788 3826 3789
f 3787 3789 4011
f 3787 4011 4010
f 3247 3786 3809
f 3247 3809 3248
f 3250 3249 3784
f 3250 3784 3785
f 3252 3251 3782
f 3252 3782 3783
f 3256 3255 4067
f 3256 4067 3779
f 3254 3253 3780
f 3254 3780 3781
f 3265 3777 3776
f 3265 3776 4066
f 3266 3775 3778
f 3266 3778 3777
f 3258 3257 3773
f 3258 3773 3774
f 3260 3259 3771
f 3260 3771 3772
f 3262 3261 3769
f 3262 3769 3770
f 3769 3768 3807
f 3769 3807 3806
f 3246 3245 4014
f 3246 4014 3766
f 3264 3263 3767
f 3264 3767 3768
f 3764 3810 3809
f 3764 3809 3765
f 3760 3763 3762
f 3760 3762 3761
f 3756 3759 3758
f 3756 3758 3757
f 3754 4104 4107
f 3754 4107 3755
f 3752 4106 4105
f 3752 4105 3753
f 3748 3751 3750
f 3748 3750 3749
f 3744 3747 3746
f 3744 3746 3745
f 3740 3743 3742
f 3740 3742 3741
f 3737 3999 4002
f 3737 4002 3738
f 3733 3775 3774
f 3733 3774 3734
f 3730 3782 3781
f 3730 3781 3731
f 3727 3730 3729
f 3727 3729 3728
f 3726 3784 3783
f 3726 3783 3727
f 3724 3786 3785
f 3724 3785 3725
f 3723 3762 3765
f 3723 3765 3724
f 3722 3725 3726
f 3722 3726 3728
f 3718 4039 4042
f 3718 4042 3719
f 3715 4031 4034
f 3715 4034 3716
f 3714 4091 4090
f 3714 4090 3715
f 3712 3717 3716
f 3712 3716 3713
f 3710 3718 3721
f 3710 3721 3711
f 3710 3713 4035
f 3710 4035 4038
f 3708 3720 3719
f 3708 3719 3709
f 3706 3709 4043
f 3706 4043 4046
f 3703 4128 4127
f 3703 4127 3704
f 3702 3804 3803
f 3702 3803 3703
f 3702 3705 3819
f 3702 3819 3822
f 3699 4114 4113
f 3699 4113 3700
f 3698 3705 3704
f 3698 3704 3699
f 3698 3701 3815
f 3698 3815 3818
f 3696 3701 3700
f 3696 3700 3697
f 3695 3813 3812
f 3695 3812 3696
f 3692 3695 3694
f 3692 3694 3693
f 3691 4047 4050
f 3691 4050 3692
f 3690 3707 3706
f 3690 3706 3691
f 3686 3689 3690
f 3686 3690 3693
f 3684 3687 3686
f 3684 3686 3685
f 4191 4218 4219
f 4191 4219 4220
f 3674 3677 3676
f 3674 3676 3675
f 3670 3673 3672
f 3670 3672 3671
f 3666 3680 4179
f 3666 4179 3667
f 3664 3669 3668
f 3664 3668 3665
f 3664 3667 4118
f 3664 4118 4117
f 3662 3803 3802
f 3662 3802 3663
f 3661 4129 4128
f 3661 4128 3662
f 3660 3670 3669
f 3660 3669 3661
f 3658 3674 3673
f 3658 3673 3659
f 3656 3659 3660
f 3656 3660 3663
f 3654 3799 3798
f 3654 3798 3655
f 3653 3657 3656
f 3653 3656 3654
f 3650 3954 3953
f 3650 3953 3651
f 3649 3653 3652
f 3649 3652 3650
f 3644 3647 4221
f 3644 4221 3651
f 3642 4159 4158
f 3642 4158 3643
f 3640 3647 3646
f 3640 3646 3641
f 3638 3640 3643
f 3638 3643 3639
f 3633 3679 3681
f 3633 3681 3634
f 3632 3635 3636
f 3632 3636 3639
f 3630 4158 4157
f 3630 4157 3631
f 3629 3633 3632
f 3629 3632 3630
f 3628 3631 4076
f 3628 4076 4079
f 3625 3684 3683
f 3625 3683 3626
f 3177 3624 3627
f 3177 3627 3183
f 3622 3625 3624
f 3622 3624 3623
f 3621 3688 3687
f 3621 3687 3622
f 3176 3180 3620
f 3176 3620 3623
f 3618 4126 4125
f 3618 4125 3619
f 3182 3184 3618
f 3182 3618 3617
f 3616 3621 3620
f 3616 3620 3617
f 3612 3737 3735
f 3612 3735 3613
f 3612 3615 3995
f 3612 3995 3998
f 3609 4149 4148
f 3609 4148 3610
f 3608 4178 4195
f 3608 4195 4111
f 4145 4178 4177
f 4145 4177 4146
f 3606 3611 3610
f 3606 3610 3607
f 3604 4074 4073
f 3604 4073 3605
f 3604 3607 4151
f 3604 4151 4150
f 3602 3708 3707
f 3602 3707 3603
f 3600 3603 3689
f 3600 3689 3688
f 3598 3601 3600
f 3598 3600 3599
f 3596 3599 3616
f 3596 3616 3619
f 3594 3597 3596
f 3594 3596 3595
f 3592 3595 4125
f 3592 4125 4124
f 3590 3593 3592
f 3590 3592 3591
f 3588 3591 4121
f 3588 4121 4120
f 3586 3589 3588
f 3586 3588 3587
f 3584 3587 4080
f 3584 4080 4083
f 3582 4063 4062
f 3582 4062 3583
f 3581 4088 4091
f 3581 4091 3582
f 3581 3583 3585
f 3581 3585 3584
f 3579 4015 4018
f 3579 4018 3580
f 3578 3767 3766
f 3578 3766 3579
f 3577 3808 3807
f 3577 3807 3578
f 3577 3580 3979
f 3577 3979 3982
f 3575 3806 3805
f 3575 3805 3576
f 3574 3771 3770
f 3574 3770 3575
f 3573 3576 3987
f 3573 3987 3990
f 3571 3574 3573
f 3571 3573 3572
f 3570 3773 3772
f 3570 3772 3571
f 3569 3572 3991
f 3569 3991 3994
f 3567 3646 3645
f 3567 3645 3568
f 3563 3566 3565
f 3563 3565 3564
f 3560 3563 3562
f 3560 3562 3561
f 3558 4070 4069
f 3558 4069 3559
f 3554 4068 4071
f 3554 4071 3555
f 3554 3557 4073
f 3554 4073 4072
f 3551 3557 3556
f 3551 3556 3552
f 3550 4176 3605
f 3550 3605 3551
f 3550 3553 4147
f 3550 4147 4146
f 3549 3548 4144
f 3549 4144 4147
f 3548 3976 3975
f 3544 3547 4003
f 3544 4003 4005
f 3545 3776 3778
f 3545 3778 3546
f 3543 3546 3733
f 3543 3733 3736
f 3541 3792 3791
f 3541 3791 3542
f 3540 3795 3794
f 3540 3794 3541
f 3539 3652 3655
f 3539 3655 3540
f 3539 3542 3955
f 3539 3955 3954
f 3537 3835 3838
f 3537 3838 3538
f 3536 3953 3955
f 3536 3955 3537
f 3533 4196 4211
f 3533 4211 3534
f 3532 3645 3644
f 3532 3644 3533
f 3530 4214 4215
f 3530 4215 3531
f 3529 3532 3535
f 3529 3535 3530
f 3528 3565 3568
f 3528 3568 3529
f 3526 3531 3527
f 4197 4199 4198
f 3524 3527 4216
f 3524 4216 3015
f 3521 3525 3524
f 3521 3524 3522
f 4200 4203 4202
f 4200 4202 4201
f 3518 3520 3523
f 3518 3523 3519
f 4204 4206 4222
f 4204 4222 4205
f 3514 3517 3516
f 3514 3516 3515
f 3513 3556 3555
f 3513 3555 3514
f 3510 3513 3512
f 3510 3512 3511
f 3509 4207 3552
f 3509 3552 3510
f 3506 3509 3508
f 3506 3508 3507
f 3502 3505 3504
f 3502 3504 3503
f 3501 3977 3976
f 3501 3976 3502
f 3498 4208 3501
f 3498 3501 3500
f 3496 3545 3544
f 3496 3544 3497
f 3496 3499 4097
f 3496 4097 4096
f 3494 3732 3731
f 3494 3731 3495
f 3492 4099 4098
f 3492 4098 3493
f 3492 3495 3780
f 3492 3780 3779
f 3491 3516 3519
f 3491 3519 3013
f 3488 3491 3490
f 3488 3490 3489
f 3487 3512 3515
f 3487 3515 3488
f 3484 3487 3486
f 3484 3486 3485
f 3483 3508 3511
f 3483 3511 3484
f 3482 3485 3739
f 3482 3739 3741
f 3480 3483 3482
f 3480 3482 3481
f 3479 3504 3507
f 3479 3507 3480
f 3478 3481 3742
f 3478 3742 3745
f 3476 3479 3478
f 3476 3478 3477
f 3475 3500 3503
f 3475 3503 3476
f 3474 3477 3746
f 3474 3746 3749
f 3472 3475 3474
f 3472 3474 3473
f 3471 3499 3498
f 3471 3498 3472
f 3470 4100 4103
f 3470 4103 3471
f 3470 3473 3750
f 3470 3750 3753
f 3468 4102 4101
f 3468 4101 3469
f 3467 3494 3493
f 3467 3493 3468
f 3466 3469 3754
f 3466 3754 3757
f 3464 3467 3466
f 3464 3466 3465
f 3463 3729 3732
f 3463 3732 3464
f 3462 3723 3722
f 3462 3722 3463
f 3462 3465 3758
f 3462 3758 3761
f 3460 4069 4068
f 3460 4068 3461
f 3458 4156 4159
f 3458 4159 3459
f 3458 3461 4072
f 3458 4072 4075
f 3456 4190 4223
f 3456 4223 3457
f 3455 3788 3787
f 3455 3787 3456
f 3451 3455 3454
f 3451 3454 3452
f 3448 3451 3453
f 3448 3453 3449
f 3447 4188 4209
f 3447 4209 3448
f 3447 3450 3922
f 3447 3922 3924
f 3445 3924 3923
f 3445 3923 3446
f 3444 4212 4224
f 3444 4224 3445
f 3443 3535 3534
f 3443 3534 3444
f 3435 3442 3441
f 3435 3441 3436
f 3431 3438 3437
f 3431 3437 3432
f 3427 3434 3433
f 3427 3433 3428
f 3423 3430 3429
f 3423 3429 3424
f 3419 3426 3425
f 3419 3425 3420
f 3417 3440 3439
f 3417 3439 3418
f 3415 3422 3421
f 3415 3421 3416
f 3412 3439 3442
f 3412 3442 3413
f 3408 3435 3438
f 3408 3438 3409
f 3407 3414 3413
f 3407 3413 3408
f 3404 3431 3434
f 3404 3434 3405
f 3403 3410 3409
f 3403 3409 3404
f 3400 3427 3430
f 3400 3430 3401
f 3399 3406 3405
f 3399 3405 3400
f 3396 3423 3426
f 3396 3426 3397
f 3395 3402 3401
f 3395 3401 3396
f 3392 3419 3422
f 3392 3422 3393
f 3391 3398 3397
f 3391 3397 3392
f 3389 3412 3411
f 3389 3411 3390
f 3388 3415 3418
f 3388 3418 3389
f 3387 3394 3393
f 3387 3393 3388
f 3385 3387 3390
f 3385 3390 3386
f 3384 3386 3637
f 3384 3637 3636
f 3381 3411 3414
f 3381 3414 3382
f 3381 3383 3676
f 3381 3676 3678
f 3378 3407 3410
f 3378 3410 3379
f 3377 3383 3382
f 3377 3382 3378
f 3377 3380 3672
f 3377 3672 3675
f 3374 3403 3406
f 3374 3406 3375
f 3373 3380 3379
f 3373 3379 3374
f 3373 3376 3668
f 3373 3668 3671
f 3370 3399 3402
f 3370 3402 3371
f 3369 3376 3375
f 3369 3375 3370
f 3369 3372 3666
f 3369 3666 3665
f 3366 3395 3398
f 3366 3398 3367
f 3365 3372 3371
f 3365 3371 3366
f 3365 3368 3681
f 3365 3681 3680
f 3363 3385 3384
f 3363 3384 3364
f 3362 3391 3394
f 3362 3394 3363
f 3361 3368 3367
f 3361 3367 3362
f 3361 3364 3635
f 3361 3635 3634
f 3357 3360 3598
f 3357 3598 3597
f 3353 3360 3359
f 3353 3359 3354
f 3353 3356 3602
f 3353 3602 3601
f 3349 3356 3355
f 3349 3355 3350
f 3349 3352 3721
f 3349 3721 3720
f 3345 3352 3351
f 3345 3351 3346
f 3345 3348 3712
f 3345 3712 3711
f 3343 4064 4063
f 3343 4063 3344
f 3341 3348 3347
f 3341 3347 3342
f 3341 3344 3714
f 3341 3714 3717
f 3337 4062 4065
f 3337 4065 3338
f 3337 3340 3586
f 3337 3586 3585
f 3333 3340 3339
f 3333 3339 3334
f 3333 3336 3590
f 3333 3590 3589
f 3331 3358 3357
f 3331 3357 3332
f 3329 3336 3335
f 3329 3335 3330
f 3329 3332 3594
f 3329 3594 3593
f 3327 3682 3685
f 3327 3685 3328
f 3326 4113 4112
f 3326 4112 3327
f 3326 3328 3694
f 3326 3694 3697
f 3324 3638 3637
f 3324 3637 3325
f 3323 3649 4221
f 3323 4221 3324
f 3322 3658 3657
f 3322 3657 3323
f 3322 3325 3678
f 3322 3678 3677
f 3320 3460 3459
f 3320 3459 3321
f 3319 3560 3559
f 3319 3559 3320
f 3318 3567 3566
f 3318 3566 3319
f 3318 3321 3642
f 3318 3642 3641
f 3311 4065 4064
f 3311 4064 3312
f 3309 3343 3342
f 3309 3342 3310
f 3305 3339 3338
f 3305 3338 3306
f 3301 3335 3334
f 3301 3334 3302
f 3299 3359 3358
f 3299 3358 3300
f 3295 3355 3354
f 3295 3354 3296
f 3291 3351 3350
f 3291 3350 3292
f 3288 3331 3330
f 3288 3330 3289
f 3284 3347 3346
f 3284 3346 3285
f 3740 4225 4226
f 3740 4226 3743
f 3743 4226 4227
f 3743 4227 3744
f 3739 4228 4225
f 3739 4225 3740
f 3764 4229 4230
f 3764 4230 3810
f 3268 3810 4230
f 3268 4230 3271
f 3763 4231 4229
f 3763 4229 3764
f 4021 4232 4233
f 4021 4233 4161
f 4023 4234 4235
f 4023 4235 4024
f 4020 4236 4232
f 4020 4232 4021
f 4032 4059 4237
f 4032 4237 4238
f 4058 4239 4237
f 4058 4237 4059
f 4032 4238 4240
f 4032 4240 4033
f 4041 4241 4242
f 4041 4242 4044
f 4044 4242 4243
f 4044 4243 4045
f 4040 4244 4241
f 4040 4241 4041
f 3267 3275 4245
f 3267 4245 4013
f 4017 4246 4236
f 4017 4236 4020
f 4016 4247 4246
f 4016 4246 4017
f 3755 4107 4248
f 3755 4248 4249
f 4106 4250 4248
f 4106 4248 4107
f 3755 4249 4251
f 3755 4251 3756
f 3814 4049 4252
f 3814 4252 4253
f 4048 4254 4252
f 4048 4252 4049
f 3811 3814 4253
f 3811 4253 4255
f 4037 4256 4244
f 4037 4244 4040
f 4036 4257 4256
f 4036 4256 4037
f 3760 4258 4231
f 3760 4231 3763
f 3759 4259 4258
f 3759 4258 3760
f 3811 4255 4260
f 3811 4260 3816
f 3816 4260 4261
f 3816 4261 3817
f 3486 3489 4262
f 3486 4262 4263
f 3821 4264 4265
f 3821 4265 4095
f 4092 4095 4265
f 4092 4265 4266
f 3820 4267 4264
f 3820 4264 3821
f 4033 4240 4257
f 4033 4257 4036
f 4045 4243 4254
f 4045 4254 4048
f 4030 4268 4239
f 4030 4239 4058
f 4029 4269 4268
f 4029 4268 4030
f 3752 4270 4250
f 3752 4250 4106
f 3751 4271 4270
f 3751 4270 3752
f 4024 4235 4269
f 4024 4269 4029
f 3817 4261 4267
f 3817 4267 3820
f 3756 4251 4259
f 3756 4259 3759
f 3744 4227 4272
f 3744 4272 3747
f 3747 4272 4273
f 3747 4273 3748
f 4013 4245 4247
f 4013 4247 4016
f 3490 3014 3016
f 3490 3016 4274
f 3489 3490 4274
f 3489 4274 4262
f 3748 4273 4271
f 3748 4271 3751
f 4023 4161 4233
f 4023 4233 4234
f 3582 4091 3714
f 3599 3600 3616
f 3602 3720 3708
f 4083 4087 4088
f 3971 4108 3972
f 3570 3614 3774
f 3570 3774 3773
f 3613 3734 3774
f 3613 3774 3614
f 4145 4195 4178
f 3497 4208 3498
f 3497 3544 4005
f 3497 4005 4208
f 3328 3693 3694
f 4078 4219 4079
f 3699 3704 4127
f 4163 4275 4276
f 4163 4276 4175
f 4162 4277 4275
f 4162 4275 4163
f 4162 4164 4278
f 4162 4278 4277
f 4164 4165 4279
f 4164 4279 4278
f 4165 4166 4280
f 4165 4280 4279
f 4166 4167 4281
f 4166 4281 4280
f 4167 4168 4282
f 4167 4282 4281
f 4168 4169 4283
f 4168 4283 4282
f 4169 4170 4284
f 4169 4284 4283
f 4170 4171 4285
f 4170 4285 4284
f 4171 4172 4286
f 4171 4286 4285
f 4172 4173 4287
f 4172 4287 4286
f 4173 4174 4288
f 4173 4288 4287
f 4174 4175 4276
f 4174 4276 4288
f 3661 3669 4129
f 3537 3955 3542
f 3537 3542 3791
f 3790 4051 3910
f 3790 3910 3839
f 3896 3921 3944
f 3896 3944 3937
f 3789 3826 3847
f 3789 3847 4189
f 3445 4224 4187
f 3445 4187 3924
f 3451 4210 3788
f 3451 3788 3455
f 3536 4196 3651
f 3536 3651 3953
f 3536 3538 4211
f 3536 4211 4196
f 3831 3834 4224
f 3831 4224 4212
f 3834 4187 4224
f 3827 4188 4187
f 3827 4187 3834
f 3827 3830 4209
f 3827 4209 4188
f 3830 4210 4209
f 3788 4210 3830
f 3788 3830 3823
f 3530 3535 4214
f 3013 3519 3523
f 3013 3523 3017
f 3522 3524 3015
f 3522 3015 3018
f 3630 3632 3639
f 3630 3639 4158
f 3549 4147 3553
f 3549 3553 4207
f 3552 4207 3553
f 3973 4194 3974
f 3973 4111 4195
f 3973 4195 4194
f 3608 4111 4110
f 3608 4110 3609
f 3908 4289 4055
f 3908 4055 4052
f 3907 4290 4289
f 3907 4289 3908
f 3793 4291 4290
f 3793 4290 3907
f 3793 3796 4292
f 3793 4292 4291
f 3796 3797 4293
f 3796 4293 4292
f 3797 3800 4294
f 3797 4294 4293
f 3800 3801 4295
f 3800 4295 4294
f 4092 4296 4297
f 4092 4297 4093
f 4092 4266 4298
f 4092 4298 4296
f 3522 3018 3017
f 3522 3017 3523
f 3654 3802 3799
f 3801 4093 4297
f 3801 4297 4295
f 4070 4205 4222
f 3558 4202 4205
f 3558 4205 4070
f 3558 3561 4201
f 3558 4201 4202
f 3561 3562 4198
f 3561 4198 4201
f 3562 3564 4197
f 3562 4197 4198
f 3555 4071 4222
f 3555 4222 4206
f 4070 4222 4071
f 3517 4206 4204
f 3517 4204 3518
f 3518 4204 4203
f 3518 4203 3520
f 3520 4203 4200
f 3520 4200 3521
f 3521 4200 4199
f 3521 4199 3525
f 3525 4199 4197
f 3525 4197 3526
f 3526 4197 3528
f 3526 3528 3531
f 4115 4118 4218
f 4115 4218 4191
f 3626 4078 4077
f 3626 4077 3627
f 3626 4220 4219
f 3626 4219 4078
f 3667 4180 4218
f 3667 4218 4118
f 3628 4079 4219
f 3628 4219 4193
f 4180 4193 4219
f 4180 4219 4218
f 4112 4115 4191
f 4179 4192 4193
f 4179 4193 4180
f 3626 3683 4220
f 3682 4191 4220
f 3682 4220 3683
f 3679 4192 4179
f 3679 4179 3680
f 4299 3037 3038
f 4300 4301 4302
f 4300 4302 4303
f 4304 4305 4306
f 4304 4306 4307
f 4308 4309 4310
f 4308 4310 4311
f 3185 4312 4313
f 3185 4313 4314
f 4216 4315 3072
f 4216 3072 3015
f 4316 4317 4318
f 4213 4319 4320
f 4213 4320 4321
f 4214 4322 4215
f 4299 4315 4322
f 4299 4322 4321
f 3446 3923 4312
f 3446 4312 4316
f 3450 4311 4313
f 3450 4313 3922
f 3449 3453 4306
f 3449 4306 4308
f 3457 4223 4323
f 3457 4323 4303
f 3452 3454 4302
f 3452 4302 4307
f 3063 4300 4324
f 3063 4324 3073
f 3060 4304 4301
f 3060 4301 3062
f 3056 4309 4305
f 3056 4305 3059
f 3055 3066 4314
f 3055 4314 4310
f 3004 3053 4317
f 3004 4317 3185
f 4214 4213 4321
f 4214 4321 4322
f 4316 4318 4320
f 4316 4320 4319
f 4215 4322 4315
f 4215 4315 4216
f 3185 4317 4316
f 3185 4316 4312
f 3185 4314 3066
f 3185 3066 3005
f 4310 4314 4313
f 4310 4313 4311
f 4305 4309 4308
f 4305 4308 4306
f 4301 4304 4307
f 4301 4307 4302
f 4300 4303 4323
f 4300 4323 4324
f 3062 4301 4300
f 3062 4300 3063
f 3059 4305 4304
f 3059 4304 3060
f 3055 4310 4309
f 3055 4309 3056
f 4299 4321 4320
f 4299 4320 3037
f 4299 3038 3072
f 4299 3072 4315
f 3922 4313 4312
f 3922 4312 3923
f 3454 3457 4303
f 3454 4303 4302
f 3452 4307 4306
f 3452 4306 3453
f 3449 4308 4311
f 3449 4311 3450
f 3443 3446 4319
f 3443 4319 4213
f 3446 4316 4319
f 3037 4320 4318
f 3037 4318 3074
f 3053 3074 4318
f 3053 4318 4317
f 4325 4326 4327
f 4325 4327 4328
f 4329 4330 4331
f 4329 4331 4332
f 4333 4334 4335
f 4333 4335 4336
f 4337 4338 4339
f 4337 4339 4340
f 4341 4342 4343
f 4341 4343 4344
f 4345 4346 4347
f 4345 4347 4348
f 4349 4350 4351
f 4349 4351 4352
f 4353 4354 4355
f 4353 4355 4356
f 4357 4358 4359
f 4357 4359 4360
f 4361 4362 4363
f 4364 4365 4366
f 4364 4366 4367
f 4368 4369 4370
f 4368 4370 4371
f 4372 4373 4374
f 4372 4374 4375
f 4376 4377 4378
f 4010 4012 4376
f 4010 4376 4379
f 4336 4337 4369
f 4336 4369 4366
f 4332 4333 4365
f 4332 4365 4362
f 4345 4373 4378
f 4345 4378 4359
f 4340 4346 4358
f 4340 4358 4370
f 4341 4354 4380
f 4341 4380 4372
f 4327 4350 4355
f 4327 4355 4344
f 3082 3087 4351
f 3082 4351 4326
f 4056 4360 4377
f 4056 4377 4217
f 4294 4295 4361
f 4292 4293 4363
f 4292 4363 4364
f 4290 4291 4367
f 4290 4367 4368
f 4055 4289 4371
f 4055 4371 4357
f 4372 4380 4378
f 4372 4378 4373
f 4376 4378 4380
f 4376 4380 4379
f 4366 4369 4368
f 4366 4368 4367
f 4362 4365 4364
f 4362 4364 4363
f 4359 4378 4377
f 4359 4377 4360
f 4357 4371 4370
f 4357 4370 4358
f 4353 4379 4380
f 4353 4380 4354
f 4349 4356 4355
f 4349 4355 4350
f 3086 4352 4351
f 3086 4351 3087
f 4345 4359 4358
f 4345 4358 4346
f 4345 4348 4374
f 4345 4374 4373
f 4341 4372 4375
f 4341 4375 4342
f 4341 4344 4355
f 4341 4355 4354
f 4339 4347 4346
f 4339 4346 4340
f 4337 4340 4370
f 4337 4370 4369
f 4335 4338 4337
f 4335 4337 4336
f 4333 4336 4366
f 4333 4366 4365
f 4331 4334 4333
f 4331 4333 4332
f 4329 4332 4362
f 4329 4362 4361
f 4327 4344 4343
f 4327 4343 4328
f 4326 4351 4350
f 4326 4350 4327
f 3082 4326 4325
f 3082 4325 3083
f 4297 4296 4330
f 4297 4330 4329
f 4055 4357 4360
f 4055 4360 4056
f 4012 4217 4377
f 4012 4377 4376
f 4289 4290 4368
f 4289 4368 4371
f 4293 4294 4361
f 4293 4361 4363
f 4291 4292 4364
f 4291 4364 4367
f 4328 4343 4381
f 4328 4381 4382
f 4342 4383 4381
f 4342 4381 4343
f 4325 4328 4382
f 4325 4382 4384
f 3083 4325 4384
f 3083 4384 3092
f 4348 4385 4386
f 4348 4386 4374
f 4374 4386 4387
f 4374 4387 4375
f 4347 4388 4385
f 4347 4385 4348
f 4331 4389 4390
f 4331 4390 4334
f 4334 4390 4391
f 4334 4391 4335
f 4330 4392 4389
f 4330 4389 4331
f 4335 4391 4393
f 4335 4393 4338
f 4338 4393 4394
f 4338 4394 4339
f 4342 4375 4387
f 4342 4387 4383
f 4296 4298 4392
f 4296 4392 4330
f 4339 4394 4388
f 4339 4388 4347
f 4295 4297 4329
f 4295 4329 4361
f 4010 4379 4353
f 4010 4353 4190
f 4190 4353 4356
f 4190 4356 4223
f 4223 4356 4349
f 4223 4349 4323
f 4323 4349 4352
f 4323 4352 4324
f 4324 4352 3086
f 4324 3086 3073
f 4395 4396 4397
f 4395 4397 4398
f 4397 4399 4400
f 4397 4400 4398
f 4399 4401 4402
f 4399 4402 4400
f 4395 4403 4396
f 4401 4404 4402
f 3093 4405 3094
f 4406 4407 4408
f 4406 4408 4409
f 4410 4411 4412
f 4410 4412 4413
f 4414 4415 4416
f 4414 4416 4417
f 4418 4419 4420
f 4418 4420 4421
f 4422 4423 4424
f 4422 4424 4425
f 4426 4427 4428
f 4426 4428 4429
f 4430 4431 4432
f 4430 4432 4433
f 4434 4435 4436
f 4434 4436 4437
f 4438 4439 4440
f 4438 4440 4441
f 4442 4443 4444
f 4442 4444 4445
f 4446 4447 4448
f 4446 4448 4449
f 4450 4451 4452
f 4450 4452 4453
f 4448 4454 4451
f 4444 4455 4447
f 4440 4456 4443
f 4436 4457 4439
f 4432 4458 4435
f 4428 4459 4431
f 4424 4460 4427
f 4420 4461 4423
f 4416 4462 4419
f 4412 4463 4415
f 4407 4452 4464
f 4413 4414 4465
f 4413 4465 4466
f 4406 4467 4468
f 4406 4468 4453
f 4449 4450 4469
f 4449 4469 4470
f 4445 4446 4471
f 4445 4471 4472
f 4441 4442 4473
f 4441 4473 4474
f 4437 4438 4475
f 4437 4475 4476
f 4429 4430 4477
f 4429 4477 4478
f 4425 4426 4479
f 4425 4479 4480
f 4421 4422 4481
f 4421 4481 4482
f 4417 4418 4483
f 4417 4483 4484
f 4450 4453 4468
f 4450 4468 4469
f 4448 4451 4450
f 4448 4450 4449
f 4446 4449 4470
f 4446 4470 4471
f 4444 4447 4446
f 4444 4446 4445
f 4442 4445 4472
f 4442 4472 4473
f 4440 4443 4442
f 4440 4442 4441
f 4438 4441 4474
f 4438 4474 4475
f 4436 4439 4438
f 4436 4438 4437
f 4434 4437 4476
f 4434 4476 4485
f 4432 4435 4434
f 4432 4434 4433
f 4430 4433 4486
f 4430 4486 4477
f 4428 4431 4430
f 4428 4430 4429
f 4426 4429 4478
f 4426 4478 4479
f 4424 4427 4426
f 4424 4426 4425
f 4422 4425 4480
f 4422 4480 4481
f 4420 4423 4422
f 4420 4422 4421
f 4418 4421 4482
f 4418 4482 4483
f 4416 4419 4418
f 4416 4418 4417
f 4414 4417 4484
f 4414 4484 4465
f 4412 4415 4414
f 4412 4414 4413
f 4410 4413 4466
f 4410 4466 4487
f 4406 4453 4452
f 4406 4452 4407
f 4406 4409 4488
f 4406 4488 4467
f 4407 4464 4489
f 4407 4489 4408
f 4451 4454 4464
f 4451 4464 4452
f 4447 4455 4454
f 4447 4454 4448
f 4443 4456 4455
f 4443 4455 4444
f 4439 4457 4456
f 4439 4456 4440
f 4435 4458 4457
f 4435 4457 4436
f 4431 4459 4458
f 4431 4458 4432
f 4427 4460 4459
f 4427 4459 4428
f 4423 4461 4460
f 4423 4460 4424
f 4419 4462 4461
f 4419 4461 4420
f 4415 4463 4462
f 4415 4462 4416
f 4411 4490 4463
f 4411 4463 4412
f 3272 3271 4488
f 3272 4488 4409
f 3272 4409 4408
f 3272 4408 3273
f 3275 3274 4410
f 3275 4410 4487
f 3274 3276 4411
f 3274 4411 4410
f 3273 4408 4489
f 3273 4489 3277
f 3277 4489 4490
f 3277 4490 3278
f 3276 3278 4490
f 3276 4490 4411
f 4491 4492 4493
f 4491 4493 4494
f 4495 4496 4497
f 4495 4497 4498
f 4499 4500 4501
f 4499 4501 4502
f 4503 4504 4505
f 4506 4507 4508
f 4506 4508 4509
f 4510 4511 4512
f 4513 4514 4515
f 4516 4517 4518
f 4516 4518 4519
f 4520 4521 4522
f 4523 4524 4525
f 4523 4525 4526
f 4527 4528 4529
f 4493 4529 4523
f 4493 4523 4516
f 4498 4522 4524
f 4498 4524 4528
f 4492 4509 4503
f 4492 4503 4527
f 4491 4502 4512
f 4491 4512 4506
f 4494 4519 4513
f 4494 4513 4499
f 4523 4529 4528
f 4523 4528 4524
f 4521 4525 4524
f 4521 4524 4522
f 4516 4523 4526
f 4516 4526 4517
f 4513 4519 4518
f 4513 4518 4514
f 4506 4512 4511
f 4506 4511 4507
f 4503 4509 4508
f 4503 4508 4504
f 4499 4513 4515
f 4499 4515 4500
f 4501 4510 4512
f 4501 4512 4502
f 4495 4503 4505
f 4495 4505 4496
f 4497 4520 4522
f 4497 4522 4498
f 4495 4498 4528
f 4495 4528 4527
f 4491 4506 4509
f 4491 4509 4492
f 4492 4527 4529
f 4492 4529 4493
f 4493 4516 4519
f 4493 4519 4494
f 4491 4494 4499
f 4491 4499 4502
f 4495 4527 4503
f 4530 4531 4532
f 4530 4532 4533
f 4534 4535 4536
f 4534 4536 4537
f 4538 4539 4540
f 4541 4542 4543
f 4541 4543 4544
f 4545 4546 4547
f 4545 4547 4548
f 4549 4550 4551
f 4549 4551 4552
f 4553 4554 4555
f 4553 4555 4556
f 4557 4558 4559
f 4557 4559 4560
f 4561 4562 4563
f 4561 4563 4564
f 4565 4566 4567
f 4565 4567 4568
f 4569 4570 4571
f 4569 4571 4572
f 4573 4574 4575
f 4573 4575 4576
f 4577 4578 4579
f 4577 4579 4580
f 4581 4582 4583
f 4581 4583 4584
f 4585 4586 4587
f 4585 4587 4588
f 4589 4590 4591
f 4589 4591 4592
f 4593 4594 4595
f 4596 4597 4598
f 4599 4600 4601
f 4599 4601 4602
f 4603 4604 4605
f 4603 4605 4606
f 4607 4608 4609
f 4607 4609 4610
f 4611 4612 4613
f 4611 4613 4614
f 4615 4616 4617
f 4615 4617 4618
f 4619 4620 4621
f 4619 4621 4622
f 4623 4624 4625
f 4623 4625 4626
f 4627 4628 4629
f 4627 4629 4630
f 4631 4632 4633
f 4631 4633 4634
f 4635 4636 4637
f 4635 4637 4638
f 4639 4640 4641
f 4639 4641 4642
f 4643 4644 4645
f 4643 4645 4646
f 4647 4648 4649
f 4647 4649 4650
f 4651 4652 4653
f 4651 4653 4654
f 4655 4656 4657
f 4655 4657 4658
f 4659 4660 4661
f 4659 4661 4662
f 4663 4664 4665
f 4666 4667 4668
f 4666 4668 4669
f 4670 4671 4672
f 4670 4672 4673
f 4674 4675 4676
f 4674 4676 4677
f 4678 4679 4680
f 4678 4680 4681
f 4682 4683 4684
f 4682 4684 4685
f 4686 4687 4688
f 4686 4688 4689
f 4690 4691 4692
f 4690 4692 4693
f 4694 4695 4696
f 4694 4696 4697
f 4698 4699 4700
f 4698 4700 4701
f 3102 3103 4702
f 3102 4702 4703
f 4704 4705 4706
f 4704 4706 4707
f 4708 4709 4710
f 4708 4710 4711
f 4712 4713 4714
f 4712 4714 4715
f 4716 4717 4718
f 4716 4718 4719
f 4720 4721 4722
f 4720 4722 4723
f 4724 4725 4726
f 4724 4726 4727
f 4728 4729 4730
f 4728 4730 4731
f 4732 4733 4734
f 4732 4734 4735
f 4736 4737 4738
f 4736 4738 4739
f 4740 4741 4742
f 4740 4742 4743
f 4744 4745 4746
f 4744 4746 4747
f 4748 4749 4750
f 4751 4752 4753
f 4751 4753 4754
f 4755 4756 4757
f 4755 4757 4758
f 4757 4759 4758
f 4717 4760 4761
f 4717 4761 4718
f 4762 4763 4764
f 4762 4764 4765
f 4766 4767 4768
f 4766 4768 4769
f 4770 4771 4772
f 4770 4772 4773
f 4774 4775 4776
f 4777 4778 4779
f 4777 4779 4780
f 4781 4782 4783
f 4781 4783 4784
f 4785 4786 4787
f 4785 4787 4788
f 4789 4790 4791
f 4789 4791 4792
f 4793 4794 4795
f 4796 4797 4798
f 4796 4798 4799
f 4800 4801 4802
f 4800 4802 4803
f 4804 4805 4806
f 4804 4806 4807
f 4808 4809 4810
f 4808 4810 4811
f 4812 4813 4814
f 4812 4814 4815
f 4816 4817 4818
f 4816 4818 4819
f 4820 4821 4822
f 4820 4822 4823
f 4824 4825 4826
f 4824 4826 4827
f 4828 4829 4830
f 4828 4830 4831
f 4832 4833 4834
f 4832 4834 4835
f 4836 4837 4838
f 4836 4838 4839
f 4840 4841 4842
f 4840 4842 4843
f 4844 4845 4846
f 4844 4846 4847
f 4848 4849 4850
f 4848 4850 4851
f 4852 4853 4854
f 4852 4854 4855
f 4856 4857 4858
f 4856 4858 4859
f 4860 4861 4862
f 4860 4862 4863
f 4864 4865 4866
f 4864 4866 4867
f 4868 4869 4870
f 4868 4870 4871
f 4872 4873 4874
f 4872 4874 4875
f 4876 4877 4878
f 4876 4878 4879
f 4880 4881 4882
f 4880 4882 4883
f 4884 4885 4886
f 4884 4886 4887
f 4888 4889 4890
f 4891 4892 4893
f 4894 4895 4896
f 4894 4896 4897
f 4898 4899 4900
f 4898 4900 4901
f 4902 4903 4904
f 4902 4904 4905
f 4906 4907 4908
f 4906 4908 4909
f 4910 4911 4912
f 4910 4912 4913
f 4914 4915 4916
f 4914 4916 4917
f 4918 4919 4920
f 4918 4920 4921
f 4922 4923 4924
f 4922 4924 4925
f 4926 4927 4928
f 4926 4928 4929
f 4930 4931 4932
f 4930 4932 4933
f 4934 4935 4936
f 4934 4936 4937
f 4938 4939 4940
f 4941 4942 4943
f 4941 4943 4944
f 4945 4946 4947
f 4945 4947 4948
f 4945 4949 4950
f 4945 4950 4946
f 4951 4952 4953
f 4954 4955 4956
f 4954 4956 4957
f 4958 4959 4960
f 4958 4960 4961
f 4962 4963 4964
f 4962 4964 4965
f 4966 4967 4968
f 4966 4968 4969
f 4970 4971 4972
f 4970 4972 4973
f 4974 4975 4976
f 4974 4976 4977
f 4465 4484 4978
f 4465 4978 4979
f 4482 4980 4981
f 4482 4981 4483
f 4480 4982 4983
f 4480 4983 4481
f 4478 4984 4985
f 4478 4985 4479
f 4477 4486 4986
f 4477 4986 4987
f 4988 4989 4990
f 4474 4991 4992
f 4474 4992 4475
f 4472 4993 4994
f 4472 4994 4473
f 4470 4995 4996
f 4470 4996 4471
f 4468 4997 4998
f 4468 4998 4469
f 4999 5000 5001
f 5002 5003 5004
f 5005 5006 5007
f 5005 5007 5008
f 5009 5010 5011
f 5009 5011 5012
f 5013 5014 5015
f 5013 5015 5016
f 5017 5018 5019
f 5017 5019 5020
f 4467 4488 5021
f 4467 5021 5022
f 5023 5024 5025
f 5023 5025 5026
f 5027 5028 5029
f 5027 5029 5030
f 5031 5032 5033
f 5031 5033 5034
f 5035 5036 5037
f 5035 5037 5038
f 5039 5040 5041
f 5039 5041 5042
f 5043 5044 5045
f 5043 5045 5046
f 5047 5048 5049
f 5047 5049 5050
f 5051 5052 5053
f 5051 5053 5054
f 5055 5056 5057
f 5055 5057 5058
f 5059 5060 5061
f 5059 5061 5062
f 5063 5064 5065
f 5063 5065 5066
f 5067 5068 5069
f 5067 5069 5070
f 5071 5072 5073
f 5071 5073 5074
f 5075 5076 5077
f 5075 5077 5078
f 5079 5080 5081
f 5079 5081 5082
f 5083 5084 5085
f 5083 5085 5086
f 5087 5088 5089
f 5087 5089 5090
f 5091 5092 5093
f 5091 5093 5094
f 5095 5096 5097
f 5095 5097 5098
f 5099 5100 5101
f 5099 5101 5102
f 5103 5104 5105
f 5103 5105 5106
f 5107 5108 5109
f 5110 5111 5112
f 5110 5112 5113
f 5114 5115 5116
f 5114 5116 5117
f 5118 5119 5120
f 5118 5120 5121
f 5122 5123 5124
f 5122 5124 5125
f 5126 5127 5128
f 5126 5128 5129
f 5130 5131 5132
f 5130 5132 5133
f 5134 5135 5136
f 5137 5138 5139
f 5137 5139 5140
f 5141 5142 5143
f 5141 5143 5144
f 5145 5146 5147
f 5145 5147 5148
f 5149 5150 5151
f 5149 5151 5152
f 5153 5154 5155
f 5153 5155 5156
f 5157 5158 5159
f 5157 5159 5160
f 5161 5162 5163
f 5161 5163 5164
f 5165 5166 5167
f 5168 5169 5170
f 5168 5170 5171
f 5172 5173 5174
f 5172 5174 5175
f 5176 5177 5178
f 5176 5178 5179
f 5180 5181 5182
f 5180 5182 5183
f 5184 5185 5186
f 5187 5188 5189
f 5187 5189 5190
f 5191 5192 5193
f 5191 5193 5194
f 5195 5196 5197
f 5195 5197 5198
f 5199 5200 5201
f 5199 5201 5202
f 5203 5204 5205
f 5203 5205 5206
f 5207 5208 5209
f 5207 5209 5210
f 5211 5212 5213
f 5211 5213 5214
f 5215 5216 5217
f 5218 5219 5220
f 5218 5220 5221
f 5222 5223 5224
f 4466 5225 5226
f 4466 5226 4487
f 5227 5228 5229
f 5227 5229 5230
f 5231 5232 5233
f 5231 5233 5234
f 5235 5236 5237
f 5235 5237 5238
f 5239 5240 5241
f 5239 5241 5242
f 5243 5244 5245
f 5243 5245 5246
f 5247 5248 5249
f 5247 5249 5250
f 5251 5252 5253
f 5251 5253 5254
f 5255 5256 5257
f 5255 5257 5258
f 5259 5260 5261
f 5259 5261 5262
f 5263 5264 5265
f 5266 5267 5268
f 5266 5268 5269
f 5270 5271 5272
f 5270 5272 5273
f 5274 5275 5276
f 5274 5276 5277
f 4476 5278 5279
f 4476 5279 4485
f 5280 5281 5282
f 5280 5282 5283
f 5284 5285 5286
f 5284 5286 5287
f 5288 5289 5290
f 5288 5290 5291
f 5292 5293 5294
f 5292 5294 5295
f 5296 5297 5298
f 5296 5298 5299
f 5300 5301 5302
f 5300 5302 5303
f 5304 5305 5306
f 5304 5306 5307
f 5308 5309 5310
f 5308 5310 5311
f 5312 5313 5314
f 5312 5314 5315
f 5316 5317 5318
f 5316 5318 5319
f 5320 5321 5322
f 5320 5322 5323
f 5324 5325 5326
f 5324 5326 5327
f 5328 5329 5330
f 5331 5332 5333
f 5331 5333 5334
f 5335 5336 5337
f 5335 5337 5338
f 5339 5340 5341
f 5169 5342 5343
f 5169 5343 5170
f 5173 5344 5345
f 5173 5345 5174
f 5177 5346 5347
f 5177 5347 5178
f 5181 5348 5349
f 5181 5349 5182
f 4402 4404 5350
f 4402 5350 5351
f 5352 5353 5354
f 5352 5354 5355
f 5356 5357 5358
f 5356 5358 5359
f 4398 4400 5360
f 4398 5360 5361
f 4395 5362 5363
f 4395 5363 4403
f 5364 5365 5366
f 5364 5366 5367
f 5368 5369 5370
f 5368 5370 5371
f 5235 5238 5372
f 5235 5372 5373
f 4783 4825 4824
f 4783 4824 4784
f 4637 5374 5375
f 4637 5375 4640
f 4640 5375 5376
f 4640 5376 4641
f 4641 5376 5377
f 4641 5377 4644
f 4644 5377 5378
f 4644 5378 4645
f 4645 5378 5379
f 4645 5379 4648
f 4648 5379 5380
f 4648 5380 4649
f 4649 5380 5381
f 4649 5381 4652
f 4652 5381 5382
f 4652 5382 4653
f 4628 4653 5382
f 4628 5382 5383
f 4628 5383 5384
f 4628 5384 4629
f 4629 5384 5385
f 4629 5385 4632
f 4632 5385 5386
f 4632 5386 4633
f 4633 5386 5387
f 4633 5387 4636
f 4636 5387 5374
f 4636 5374 4637
f 4817 5388 4818
f 4820 4823 5389
f 4820 5389 5390
f 4817 4820 5390
f 4817 5390 5388
f 4530 4853 5368
f 4530 5368 4672
f 4673 5371 5364
f 4673 5364 5284
f 4819 5285 5367
f 4819 5367 5363
f 4816 5362 5361
f 4816 5361 4821
f 4761 5359 5352
f 4761 5352 5190
f 4822 5360 5351
f 4822 5351 5321
f 5181 5322 5350
f 5177 5182 5349
f 5177 5349 5346
f 5173 5178 5347
f 5173 5347 5344
f 5169 5174 5345
f 5169 5345 5342
f 5170 5343 5236
f 5170 5236 5235
f 5294 5344 5347
f 5294 5347 5334
f 5331 5346 5349
f 5331 5349 5338
f 4404 4829 5335
f 4404 5335 5348
f 4876 5391 5392
f 4795 5303 5292
f 4795 5292 4799
f 4840 5291 5365
f 4840 5365 5370
f 4670 5287 4769
f 4670 4769 5283
f 4685 5315 5318
f 4685 5318 4962
f 4678 4969 5319
f 4678 5319 5314
f 4707 5308 5278
f 4707 5278 4992
f 4684 4708 5310
f 4684 5310 5312
f 4679 5313 5309
f 4679 5309 4706
f 5242 5297 5302
f 5242 5302 5270
f 4552 5277 4793
f 4552 4793 4798
f 4517 4526 5274
f 4517 5274 4551
f 5058 5059 5393
f 5058 5393 5266
f 5055 5269 5263
f 5055 5263 5124
f 4790 5230 5225
f 4790 5225 4979
f 4789 5194 5234
f 4789 5234 5227
f 5171 5373 5231
f 5171 5231 5193
f 5236 5343 5298
f 5236 5298 5241
f 4928 5246 5271
f 4928 5271 5301
f 4922 5250 5243
f 4922 5243 4927
f 4925 4933 5254
f 4925 5254 5247
f 4918 5258 5251
f 4918 5251 4932
f 4904 5262 5255
f 4904 5255 4921
f 4903 4908 5024
f 4903 5024 5259
f 4759 5217 5211
f 4759 5211 4949
f 4827 4950 5214
f 4827 5214 5207
f 4784 4824 5210
f 4784 5210 5203
f 4792 5017 5198
f 4792 5198 5191
f 4785 5202 5195
f 4785 5195 5020
f 4781 5206 5199
f 4781 5199 4788
f 5187 5355 5212
f 5187 5212 5216
f 5184 5208 5213
f 5184 5213 5354
f 5168 5192 5197
f 5168 5197 5175
f 5172 5196 5201
f 5172 5201 5179
f 5176 5200 5205
f 5176 5205 5183
f 5180 5204 5209
f 5180 5209 5186
f 5159 5219 5162
f 5155 5220 5158
f 5151 5394 5221
f 5151 5221 5154
f 5147 5395 5150
f 5143 5396 5146
f 5139 5397 5142
f 5138 5163 5218
f 5138 5218 5398
f 5004 5265 5118
f 5053 5082 5129
f 5053 5129 5122
f 5081 5109 5133
f 5081 5133 5126
f 5112 5160 5161
f 5112 5161 5115
f 5111 5131 5156
f 5111 5156 5157
f 5105 5152 5108
f 5101 5148 5149
f 5101 5149 5104
f 5097 5144 5145
f 5097 5145 5100
f 5093 5140 5141
f 5093 5141 5096
f 5092 5116 5164
f 5092 5164 5137
f 5085 5113 5114
f 5085 5114 5088
f 5084 5127 5132
f 5084 5132 5110
f 5077 5106 5107
f 5077 5107 5080
f 5073 5102 5103
f 5073 5103 5076
f 5069 5098 5099
f 5069 5099 5072
f 5065 5094 5095
f 5065 5095 5068
f 5064 5089 5117
f 5064 5117 5091
f 5057 5086 5087
f 5057 5087 5060
f 5056 5123 5128
f 5056 5128 5083
f 5049 5078 5079
f 5049 5079 5052
f 5045 5074 5075
f 5045 5075 5048
f 5041 5070 5071
f 5041 5071 5044
f 5037 5066 5067
f 5037 5067 5040
f 5036 5061 5090
f 5036 5090 5063
f 4662 5399 5400
f 4662 5400 5134
f 4907 4910 5030
f 4907 5030 5025
f 4913 4914 5034
f 4913 5034 5027
f 4917 5013 5305
f 4917 5305 5031
f 4999 5223 5401
f 4667 5402 5224
f 4667 5224 5001
f 4690 4957 4951
f 4690 4951 4697
f 4686 4961 4954
f 4686 4954 4693
f 4682 4965 4958
f 4682 4958 4689
f 4674 4973 4966
f 4674 4966 4681
f 4677 4936 4977
f 4677 4977 4970
f 4935 4997 5022
f 4935 5022 4974
f 4621 4650 4651
f 4621 4651 4624
f 4617 4646 4647
f 4617 4647 4620
f 4613 4642 4643
f 4613 4643 4616
f 4609 4638 4639
f 4609 4639 4612
f 4605 4634 4635
f 4605 4635 4608
f 4601 4630 4631
f 4601 4631 4604
f 4600 4625 4654
f 4600 4654 4627
f 4591 4622 4623
f 4591 4623 4594
f 4587 4618 4619
f 4587 4619 4590
f 4583 4614 4615
f 4583 4615 4586
f 4579 4610 4611
f 4579 4611 4582
f 4575 4606 4607
f 4575 4607 4578
f 4574 4597 4602
f 4574 4602 4603
f 4758 4759 4949
f 4758 4949 4945
f 4676 4944 4938
f 4676 4938 4937
f 4675 4680 4705
f 4675 4705 4941
f 4939 4943 4993
f 4939 4993 4996
f 4755 4948 4986
f 4755 4986 4988
f 4507 4511 4570
f 4507 4570 4567
f 4504 4508 4566
f 4504 4566 4563
f 4496 4505 4562
f 4496 4562 4559
f 4497 4558 4555
f 4497 4555 4520
f 4521 4554 5275
f 4521 5275 4525
f 4514 4518 4550
f 4514 4550 4547
f 4500 4515 4546
f 4500 4546 4543
f 4501 4542 4571
f 4501 4571 4510
f 4560 4561 4930
f 4560 4930 4924
f 4556 4557 4923
f 4556 4923 4926
f 4538 4902 4901
f 4538 4901 4894
f 4540 5326 4911
f 4540 4911 4906
f 4539 4897 5403
f 4539 5403 5327
f 4912 5325 5330
f 4912 5330 5341
f 4592 4593 4890
f 4592 4890 4884
f 4588 4589 4887
f 4588 4887 4880
f 4584 4585 4883
f 4584 4883 4878
f 4580 4581 4877
f 4580 4877 4892
f 4873 5014 4916
f 4873 4916 5340
f 4879 4882 5339
f 4879 5339 5329
f 4868 4875 4881
f 4868 4881 4886
f 4537 4869 4885
f 4537 4885 4889
f 4865 5015 4872
f 4865 4872 4871
f 4536 4863 4866
f 4536 4866 4870
f 4573 4844 4851
f 4573 4851 4598
f 4576 4577 4891
f 4576 4891 4845
f 4842 4846 4893
f 4842 4893 5404
f 4842 5404 5405
f 4842 5405 4843
f 4833 4838 4895
f 4833 4895 4900
f 4399 4835 4830
f 4399 4830 4401
f 4396 4839 4832
f 4396 4832 4397
f 4812 4898 4905
f 4812 4905 4920
f 4564 4565 4813
f 4564 4813 4931
f 4815 4831 4834
f 4815 4834 4899
f 4568 4569 4809
f 4568 4809 4814
f 4541 4805 4810
f 4541 4810 4572
f 4544 4545 4801
f 4544 4801 4806
f 4548 4549 4797
f 4548 4797 4802
f 4553 4929 4794
f 4553 4794 5276
f 5293 5299 5342
f 5293 5342 5345
f 4791 4978 4981
f 4791 4981 5018
f 4796 5295 5333
f 4796 5333 4803
f 4786 5019 4980
f 4786 4980 4983
f 4804 5336 4828
f 4804 4828 4811
f 4800 5332 5337
f 4800 5337 4807
f 4782 4787 4982
f 4782 4982 4985
f 4533 4778 4857
f 4533 4857 4854
f 4532 4771 4775
f 4532 4775 4779
f 4765 5388 5390
f 4765 5390 5357
f 5353 5358 5406
f 5353 5406 5407
f 4826 4947 4946
f 4752 5002 5121
f 4752 5121 5007
f 4753 5006 5011
f 4753 5011 4864
f 4749 5050 5051
f 4749 5051 5003
f 4754 4867 4862
f 4754 4862 5166
f 4746 5408 4861
f 4746 4861 4859
f 4742 4747 4858
f 4742 4858 4777
f 4743 4780 4774
f 4743 4774 5409
f 5410 5411 5412
f 5410 5412 5413
f 5414 5415 5416
f 5414 5416 5417
f 4725 4730 5418
f 4725 5418 4768
f 4721 4726 4767
f 4721 4767 4763
f 4717 4722 5419
f 4717 5419 4760
f 4713 4718 4761
f 4713 4761 5189
f 4714 5188 5215
f 4714 5215 5420
f 4699 4702 4731
f 4699 4731 4724
f 4695 4700 4727
f 4695 4727 4720
f 4691 4696 4723
f 4691 4723 4716
f 4687 4692 4719
f 4687 4719 4712
f 4683 4688 4715
f 4683 4715 4709
f 4704 4991 4994
f 4704 4994 4942
f 4934 4940 4995
f 4934 4995 4998
f 4764 4766 5286
f 4764 5286 4818
f 4531 4671 5282
f 4531 5282 4772
f 4848 5369 4852
f 4403 5366 5290
f 4403 5290 4836
f 4661 4665 5421
f 4661 5421 5422
f 4657 5423 5424
f 4657 5424 4745
f 4658 4744 5425
f 4658 5425 5426
f 4736 5427 5428
f 4736 5428 4740
f 5364 5371 5370
f 5364 5370 5365
f 4403 5363 5367
f 4403 5367 5366
f 4395 4398 5361
f 4395 5361 5362
f 5352 5359 5358
f 5352 5358 5353
f 4400 4402 5351
f 4400 5351 5360
f 4404 5348 5181
f 4404 5181 5350
f 5335 5338 5349
f 5335 5349 5348
f 5331 5338 5337
f 5331 5337 5332
f 5331 5334 5347
f 5331 5347 5346
f 5329 5339 5341
f 5329 5341 5330
f 5324 5328 5330
f 5324 5330 5325
f 5321 5351 5350
f 5321 5350 5322
f 5314 5319 5318
f 5314 5318 5315
f 5309 5313 5312
f 5309 5312 5310
f 5296 5303 5302
f 5296 5302 5297
f 5298 5343 5342
f 5298 5342 5299
f 5292 5296 5299
f 5292 5299 5293
f 5293 5345 5344
f 5293 5344 5294
f 5294 5334 5333
f 5294 5333 5295
f 5290 5366 5365
f 5290 5365 5291
f 5284 5364 5367
f 5284 5367 5285
f 5278 5308 5311
f 5278 5311 5279
f 5270 5302 5301
f 5270 5301 5271
f 5266 5393 5429
f 5266 5429 5267
f 5263 5269 5268
f 5263 5268 5264
f 5255 5262 5261
f 5255 5261 5256
f 5251 5258 5257
f 5251 5257 5252
f 5247 5254 5253
f 5247 5253 5248
f 5243 5250 5249
f 5243 5249 5244
f 5245 5272 5271
f 5245 5271 5246
f 5241 5298 5297
f 5241 5297 5242
f 5239 5242 5270
f 5239 5270 5273
f 5236 5241 5240
f 5236 5240 5237
f 5231 5373 5372
f 5231 5372 5232
f 5227 5234 5233
f 5227 5233 5228
f 5225 5230 5229
f 5225 5229 5226
f 5393 5401 5429
f 5222 5429 5401
f 5222 5401 5223
f 5211 5217 5216
f 5211 5216 5212
f 5212 5355 5354
f 5212 5354 5213
f 5207 5214 5213
f 5207 5213 5208
f 5203 5210 5209
f 5203 5209 5204
f 5199 5206 5205
f 5199 5205 5200
f 5195 5202 5201
f 5195 5201 5196
f 5191 5198 5197
f 5191 5197 5192
f 5193 5231 5234
f 5193 5234 5194
f 5187 5216 5215
f 5187 5215 5188
f 5187 5190 5352
f 5187 5352 5355
f 5184 5354 5353
f 5184 5353 5407
f 5185 5320 5323
f 5185 5323 5186
f 5184 5186 5209
f 5184 5209 5208
f 5180 5323 5322
f 5180 5322 5181
f 5180 5183 5205
f 5180 5205 5204
f 5176 5183 5182
f 5176 5182 5177
f 5176 5179 5201
f 5176 5201 5200
f 5172 5179 5178
f 5172 5178 5173
f 5172 5175 5197
f 5172 5197 5196
f 5168 5175 5174
f 5168 5174 5169
f 5170 5235 5373
f 5170 5373 5171
f 5168 5171 5193
f 5168 5193 5192
f 5162 5219 5218
f 5162 5218 5163
f 5158 5220 5219
f 5158 5219 5159
f 5159 5162 5161
f 5159 5161 5160
f 5154 5221 5220
f 5154 5220 5155
f 5155 5158 5157
f 5155 5157 5156
f 5151 5154 5153
f 5151 5153 5152
f 5147 5150 5149
f 5147 5149 5148
f 5143 5146 5145
f 5143 5145 5144
f 5137 5164 5163
f 5137 5163 5138
f 5139 5142 5141
f 5139 5141 5140
f 5130 5153 5156
f 5130 5156 5131
f 5126 5133 5132
f 5126 5132 5127
f 5122 5129 5128
f 5122 5128 5123
f 5124 5263 5265
f 5124 5265 5125
f 5118 5265 5264
f 5118 5264 5119
f 5115 5161 5164
f 5115 5164 5116
f 5110 5132 5131
f 5110 5131 5111
f 5111 5157 5160
f 5111 5160 5112
f 5112 5115 5114
f 5112 5114 5113
f 5108 5130 5133
f 5108 5133 5109
f 5104 5149 5152
f 5104 5152 5105
f 5105 5108 5107
f 5105 5107 5106
f 5100 5145 5148
f 5100 5148 5101
f 5101 5104 5103
f 5101 5103 5102
f 5096 5141 5144
f 5096 5144 5097
f 5097 5100 5099
f 5097 5099 5098
f 5091 5117 5116
f 5091 5116 5092
f 5092 5137 5140
f 5092 5140 5093
f 5093 5096 5095
f 5093 5095 5094
f 5088 5114 5117
f 5088 5117 5089
f 5083 5128 5127
f 5083 5127 5084
f 5084 5110 5113
f 5084 5113 5085
f 5085 5088 5087
f 5085 5087 5086
f 5080 5107 5109
f 5080 5109 5081
f 5081 5126 5129
f 5081 5129 5082
f 5076 5103 5106
f 5076 5106 5077
f 5077 5080 5079
f 5077 5079 5078
f 5072 5099 5102
f 5072 5102 5073
f 5073 5076 5075
f 5073 5075 5074
f 5068 5095 5098
f 5068 5098 5069
f 5069 5072 5071
f 5069 5071 5070
f 5063 5090 5089
f 5063 5089 5064
f 5064 5091 5094
f 5064 5094 5065
f 5065 5068 5067
f 5065 5067 5066
f 5060 5087 5090
f 5060 5090 5061
f 5059 5062 5401
f 5059 5401 5393
f 5055 5124 5123
f 5055 5123 5056
f 5056 5083 5086
f 5056 5086 5057
f 5057 5060 5059
f 5057 5059 5058
f 5055 5058 5266
f 5055 5266 5269
f 5052 5079 5082
f 5052 5082 5053
f 5053 5122 5125
f 5053 5125 5054
f 5048 5075 5078
f 5048 5078 5049
f 5049 5052 5051
f 5049 5051 5050
f 5044 5071 5074
f 5044 5074 5045
f 5045 5048 5047
f 5045 5047 5046
f 5040 5067 5070
f 5040 5070 5041
f 5041 5044 5043
f 5041 5043 5042
f 5035 5062 5061
f 5035 5061 5036
f 5036 5063 5066
f 5036 5066 5037
f 5037 5040 5039
f 5037 5039 5038
f 5031 5305 5304
f 5031 5304 5032
f 5027 5034 5033
f 5027 5033 5028
f 5023 5260 5259
f 5023 5259 5024
f 5025 5030 5029
f 5025 5029 5026
f 5017 5020 5195
f 5017 5195 5198
f 5013 5016 5306
f 5013 5306 5305
f 5009 5016 5015
f 5009 5015 5010
f 5005 5012 5011
f 5005 5011 5006
f 5007 5121 5120
f 5007 5120 5008
f 5003 5051 5054
f 5003 5054 5004
f 5002 5004 5118
f 5002 5118 5121
f 5138 5398 5397
f 5138 5397 5139
f 5218 5221 5394
f 5218 5394 5398
f 5150 5395 5394
f 5150 5394 5151
f 5146 5396 5395
f 5146 5395 5147
f 5142 5397 5396
f 5142 5396 5143
f 4999 5035 5038
f 4999 5038 5000
f 4999 5001 5224
f 4999 5224 5223
f 4467 5022 4997
f 4467 4997 4468
f 4470 4469 4998
f 4470 4998 4995
f 4472 4471 4996
f 4472 4996 4993
f 4476 4475 4992
f 4476 4992 5278
f 4474 4473 4994
f 4474 4994 4991
f 4485 5279 4990
f 4485 4990 4989
f 4486 4989 4988
f 4486 4988 4986
f 4478 4477 4987
f 4478 4987 4984
f 4480 4479 4985
f 4480 4985 4982
f 4482 4481 4983
f 4482 4983 4980
f 4981 4980 5019
f 4981 5019 5018
f 4466 4465 4979
f 4466 4979 5225
f 4484 4483 4981
f 4484 4981 4978
f 4974 5022 5021
f 4974 5021 4975
f 4970 4977 4976
f 4970 4976 4971
f 4966 4973 4972
f 4966 4972 4967
f 4968 5316 5319
f 4968 5319 4969
f 4962 5318 5317
f 4962 5317 4963
f 4958 4965 4964
f 4958 4964 4959
f 4954 4961 4960
f 4954 4960 4955
f 4951 4957 4956
f 4951 4956 4952
f 4949 5211 5214
f 4949 5214 4950
f 4947 4987 4986
f 4947 4986 4948
f 4942 4994 4993
f 4942 4993 4943
f 4938 4944 4943
f 4938 4943 4939
f 4939 4996 4995
f 4939 4995 4940
f 4934 4998 4997
f 4934 4997 4935
f 4935 4974 4977
f 4935 4977 4936
f 4934 4937 4938
f 4934 4938 4940
f 4932 5251 5254
f 4932 5254 4933
f 4927 5243 5246
f 4927 5246 4928
f 4928 5301 5300
f 4928 5300 4929
f 4922 4927 4926
f 4922 4926 4923
f 4924 4930 4933
f 4924 4933 4925
f 4922 4925 5247
f 4922 5247 5250
f 4918 4932 4931
f 4918 4931 4919
f 4918 4921 5255
f 4918 5255 5258
f 4915 5341 5340
f 4915 5340 4916
f 4916 5014 5013
f 4916 5013 4917
f 4914 4917 5031
f 4914 5031 5034
f 4911 5326 5325
f 4911 5325 4912
f 4912 4915 4914
f 4912 4914 4913
f 4910 4913 5027
f 4910 5027 5030
f 4906 4911 4910
f 4906 4910 4907
f 4907 5025 5024
f 4907 5024 4908
f 4902 4909 4908
f 4902 4908 4903
f 4903 5259 5262
f 4903 5262 4904
f 4904 4921 4920
f 4904 4920 4905
f 4898 4901 4902
f 4898 4902 4905
f 4894 4901 4900
f 4894 4900 4895
f 5403 5430 5431
f 5403 5431 5432
f 4884 4890 4889
f 4884 4889 4885
f 4880 4887 4886
f 4880 4886 4881
f 4876 5392 4892
f 4876 4892 4877
f 4878 4883 4882
f 4878 4882 4879
f 4876 4879 5329
f 4876 5329 5328
f 4872 5015 5014
f 4872 5014 4873
f 4873 5340 5339
f 4873 5339 4874
f 4874 4882 4881
f 4874 4881 4875
f 4868 4886 4885
f 4868 4885 4869
f 4868 4871 4872
f 4868 4872 4875
f 4864 5011 5010
f 4864 5010 4865
f 4865 4871 4870
f 4865 4870 4866
f 4861 5167 5166
f 4861 5166 4862
f 4862 4867 4866
f 4862 4866 4863
f 4856 4859 4861
f 4856 4861 4860
f 4852 5369 5368
f 4852 5368 4853
f 4854 4857 4856
f 4854 4856 4855
f 4848 4852 4855
f 4848 4855 4849
f 4845 4891 4893
f 4845 4893 4846
f 4844 4847 4848
f 4844 4848 4851
f 4840 5370 5369
f 4840 5369 4841
f 4841 4847 4846
f 4841 4846 4842
f 4840 4843 5288
f 4840 5288 5291
f 4837 4896 4895
f 4837 4895 4838
f 4396 4403 4836
f 4396 4836 4839
f 4832 4839 4838
f 4832 4838 4833
f 4833 4900 4899
f 4833 4899 4834
f 4397 4832 4835
f 4397 4835 4399
f 4828 5336 5335
f 4828 5335 4829
f 4401 4830 4829
f 4401 4829 4404
f 4830 4835 4834
f 4830 4834 4831
f 4826 4946 4950
f 4826 4950 4827
f 4824 4827 5207
f 4824 5207 5210
f 4821 5361 5360
f 4821 5360 4822
f 4823 5320 5406
f 4823 5406 5389
f 5357 5390 5389
f 5357 5389 5358
f 4816 4821 4820
f 4816 4820 4817
f 4818 5286 5285
f 4818 5285 4819
f 4816 4819 5363
f 4816 5363 5362
f 4812 4920 4919
f 4812 4919 4813
f 4812 4815 4899
f 4812 4899 4898
f 4808 4815 4814
f 4808 4814 4809
f 4808 4811 4828
f 4808 4828 4831
f 4804 4811 4810
f 4804 4810 4805
f 4804 4807 5337
f 4804 5337 5336
f 4800 4807 4806
f 4800 4806 4801
f 4800 4803 5333
f 4800 5333 5332
f 4796 4803 4802
f 4796 4802 4797
f 4796 4799 5292
f 4796 5292 5295
f 4793 5277 5276
f 4793 5276 4794
f 4794 5300 5303
f 4794 5303 4795
f 4793 4795 4799
f 4793 4799 4798
f 4789 5227 5230
f 4789 5230 4790
f 4790 4979 4978
f 4790 4978 4791
f 4791 5018 5017
f 4791 5017 4792
f 4789 4792 5191
f 4789 5191 5194
f 4785 5020 5019
f 4785 5019 4786
f 4786 4983 4982
f 4786 4982 4787
f 4785 4788 5199
f 4785 5199 5202
f 4781 4788 4787
f 4781 4787 4782
f 4782 4985 4984
f 4782 4984 4783
f 4781 4784 5203
f 4781 5203 5206
f 4777 4858 4857
f 4777 4857 4778
f 4774 4780 4779
f 4774 4779 4775
f 4770 4776 4775
f 4770 4775 4771
f 4772 5282 5281
f 4772 5281 4773
f 4768 5280 5283
f 4768 5283 4769
f 4766 4769 5287
f 4766 5287 5286
f 4763 4767 4766
f 4763 4766 4764
f 4764 4818 5388
f 4764 5388 4765
f 4762 4765 5357
f 4762 5357 5356
f 4761 4760 5356
f 4761 5356 5359
f 4761 5190 5189
f 4757 5215 5217
f 4757 5217 4759
f 4755 4988 4990
f 4755 4990 4756
f 4755 4758 4945
f 4755 4945 4948
f 4751 5003 5002
f 4751 5002 4752
f 4752 5007 5006
f 4752 5006 4753
f 4753 4864 4867
f 4753 4867 4754
f 4751 4754 5166
f 4751 5166 5165
f 4748 5047 5050
f 4748 5050 4749
f 4749 5165 5167
f 4749 5167 4750
f 4745 5424 5408
f 4745 5408 4746
f 4746 4859 4858
f 4746 4858 4747
f 4740 5428 5425
f 4740 5425 4741
f 4741 4744 4747
f 4741 4747 4742
f 4742 4777 4780
f 4742 4780 4743
f 4736 4740 4737
f 5409 5413 5412
f 4736 4739 3104
f 4736 3104 5427
f 4733 4739 4738
f 4733 4738 4734
f 5410 5417 5416
f 5410 5416 5411
f 4728 4732 4735
f 4728 4735 4729
f 5414 5433 5418
f 5414 5418 5415
f 4724 4731 4730
f 4724 4730 4725
f 4725 4768 4767
f 4725 4767 4726
f 4720 4727 4726
f 4720 4726 4721
f 4721 4763 5419
f 4721 5419 4722
f 4716 4723 4722
f 4716 4722 4717
f 4712 4719 4718
f 4712 4718 4713
f 4713 5189 5188
f 4713 5188 4714
f 4709 4715 4714
f 4709 4714 5420
f 4710 4757 4756
f 4710 4756 4711
f 4708 4711 5311
f 4708 5311 5310
f 4704 4942 4941
f 4704 4941 4705
f 4706 5309 5308
f 4706 5308 4707
f 4704 4707 4992
f 4704 4992 4991
f 3103 4728 4731
f 3103 4731 4702
f 4698 4703 4702
f 4698 4702 4699
f 4699 4724 4727
f 4699 4727 4700
f 4694 4701 4700
f 4694 4700 4695
f 4695 4720 4723
f 4695 4723 4696
f 4694 4697 4951
f 4694 4951 4953
f 4690 4697 4696
f 4690 4696 4691
f 4691 4716 4719
f 4691 4719 4692
f 4690 4693 4954
f 4690 4954 4957
f 4686 4693 4692
f 4686 4692 4687
f 4687 4712 4715
f 4687 4715 4688
f 4686 4689 4958
f 4686 4958 4961
f 4682 4689 4688
f 4682 4688 4683
f 4683 4709 4708
f 4683 4708 4684
f 4684 5312 5315
f 4684 5315 4685
f 4682 4685 4962
f 4682 4962 4965
f 4678 5314 5313
f 4678 5313 4679
f 4679 4706 4705
f 4679 4705 4680
f 4678 4681 4966
f 4678 4966 4969
f 4674 4681 4680
f 4674 4680 4675
f 4675 4941 4944
f 4675 4944 4676
f 4676 4937 4936
f 4676 4936 4677
f 4674 4677 4970
f 4674 4970 4973
f 4670 5283 5282
f 4670 5282 4671
f 4672 5368 5371
f 4672 5371 4673
f 4670 4673 5284
f 4670 5284 5287
f 4666 5434 5402
f 4666 5402 4667
f 4667 5001 5000
f 4667 5000 4668
f 4664 4669 4668
f 4664 4668 4665
f 4660 4663 4665
f 4660 4665 4661
f 4661 5422 5399
f 4661 5399 4662
f 4659 4662 5134
f 4659 5134 5136
f 4655 5135 5134
f 4655 5134 4656
f 4656 5435 5423
f 4656 5423 4657
f 4657 4745 4744
f 4657 4744 4658
f 4649 4652 4651
f 4649 4651 4650
f 4645 4648 4647
f 4645 4647 4646
f 4641 4644 4643
f 4641 4643 4642
f 4637 4640 4639
f 4637 4639 4638
f 4633 4636 4635
f 4633 4635 4634
f 4627 4654 4653
f 4627 4653 4628
f 4629 4632 4631
f 4629 4631 4630
f 4624 4651 4654
f 4624 4654 4625
f 4620 4647 4650
f 4620 4650 4621
f 4621 4624 4623
f 4621 4623 4622
f 4616 4643 4646
f 4616 4646 4617
f 4617 4620 4619
f 4617 4619 4618
f 4612 4639 4642
f 4612 4642 4613
f 4613 4616 4615
f 4613 4615 4614
f 4608 4635 4638
f 4608 4638 4609
f 4609 4612 4611
f 4609 4611 4610
f 4604 4631 4634
f 4604 4634 4605
f 4605 4608 4607
f 4605 4607 4606
f 4599 4626 4625
f 4599 4625 4600
f 4600 4627 4630
f 4600 4630 4601
f 4601 4604 4603
f 4601 4603 4602
f 4596 4599 4602
f 4596 4602 4597
f 4596 4598 4851
f 4596 4851 4850
f 4594 4623 4626
f 4594 4626 4595
f 4593 4595 4888
f 4593 4888 4890
f 4590 4619 4622
f 4590 4622 4591
f 4591 4594 4593
f 4591 4593 4592
f 4589 4592 4884
f 4589 4884 4887
f 4586 4615 4618
f 4586 4618 4587
f 4587 4590 4589
f 4587 4589 4588
f 4585 4588 4880
f 4585 4880 4883
f 4582 4611 4614
f 4582 4614 4583
f 4583 4586 4585
f 4583 4585 4584
f 4581 4584 4878
f 4581 4878 4877
f 4578 4607 4610
f 4578 4610 4579
f 4579 4582 4581
f 4579 4581 4580
f 4577 4580 4892
f 4577 4892 4891
f 4573 4598 4597
f 4573 4597 4574
f 4574 4603 4606
f 4574 4606 4575
f 4575 4578 4577
f 4575 4577 4576
f 4573 4576 4845
f 4573 4845 4844
f 4569 4572 4810
f 4569 4810 4809
f 4567 4570 4569
f 4567 4569 4568
f 4565 4568 4814
f 4565 4814 4813
f 4563 4566 4565
f 4563 4565 4564
f 4561 4564 4931
f 4561 4931 4930
f 4559 4562 4561
f 4559 4561 4560
f 4557 4560 4924
f 4557 4924 4923
f 4553 5276 5275
f 4553 5275 4554
f 4555 4558 4557
f 4555 4557 4556
f 4553 4556 4926
f 4553 4926 4929
f 4551 5274 5277
f 4551 5277 4552
f 4549 4552 4798
f 4549 4798 4797
f 4547 4550 4549
f 4547 4549 4548
f 4545 4548 4802
f 4545 4802 4801
f 4541 4572 4571
f 4541 4571 4542
f 4543 4546 4545
f 4543 4545 4544
f 4541 4544 4806
f 4541 4806 4805
f 4538 4894 4897
f 4538 4897 4539
f 4539 5327 5326
f 4539 5326 4540
f 4538 4540 4906
f 4538 4906 4909
f 4534 4850 4849
f 4534 4849 4535
f 4535 4860 4863
f 4535 4863 4536
f 4536 4870 4869
f 4536 4869 4537
f 4534 4537 4889
f 4534 4889 4888
f 4530 4672 4671
f 4530 4671 4531
f 4531 4772 4771
f 4531 4771 4532
f 4532 4779 4778
f 4532 4778 4533
f 4530 4533 4854
f 4530 4854 4853
f 4525 5275 5274
f 4525 5274 4526
f 4520 4555 4554
f 4520 4554 4521
f 4517 4551 4550
f 4517 4550 4518
f 4514 4547 4546
f 4514 4546 4515
f 4510 4571 4570
f 4510 4570 4511
f 4507 4567 4566
f 4507 4566 4508
f 4504 4563 4562
f 4504 4562 4505
f 4500 4543 4542
f 4500 4542 4501
f 4496 4559 4558
f 4496 4558 4497
f 4226 4225 4952
f 4226 4952 4956
f 4226 4956 4955
f 4226 4955 4227
f 4225 4228 4953
f 4225 4953 4952
f 4230 4229 4975
f 4230 4975 5021
f 3271 4230 5021
f 3271 5021 4488
f 4229 4231 4976
f 4229 4976 4975
f 4233 4232 5232
f 4233 5232 5372
f 4234 5238 5237
f 4234 5237 4235
f 4232 4236 5233
f 4232 5233 5232
f 4238 4237 5272
f 4238 5272 5245
f 4237 4239 5273
f 4237 5273 5272
f 4238 5245 5244
f 4238 5244 4240
f 4242 4241 5252
f 4242 5252 5257
f 4242 5257 5256
f 4242 5256 4243
f 4241 4244 5253
f 4241 5253 5252
f 3275 4487 5226
f 3275 5226 4245
f 4236 4246 5228
f 4236 5228 5233
f 4246 4247 5229
f 4246 5229 5228
f 4249 4248 5316
f 4249 5316 4968
f 4248 4250 5317
f 4248 5317 5316
f 4249 4968 4967
f 4249 4967 4251
f 4253 4252 5260
f 4253 5260 5023
f 4252 4254 5261
f 4252 5261 5260
f 4253 5023 5026
f 4253 5026 4255
f 4244 4256 5248
f 4244 5248 5253
f 4256 4257 5249
f 4256 5249 5248
f 4231 4258 4971
f 4231 4971 4976
f 4258 4259 4972
f 4258 4972 4971
f 4255 5026 5029
f 4255 5029 4260
f 4260 5029 5028
f 4260 5028 4261
f 4263 4262 4698
f 4263 4698 4701
f 4265 4264 5032
f 4265 5032 5304
f 4265 5304 5307
f 4265 5307 4266
f 4264 4267 5033
f 4264 5033 5032
f 4240 5244 5249
f 4240 5249 4257
f 4243 5256 5261
f 4243 5261 4254
f 4239 4268 5239
f 4239 5239 5273
f 4268 4269 5240
f 4268 5240 5239
f 4250 4270 4963
f 4250 4963 5317
f 4270 4271 4964
f 4270 4964 4963
f 4235 5237 5240
f 4235 5240 4269
f 4261 5028 5033
f 4261 5033 4267
f 4251 4967 4972
f 4251 4972 4259
f 4227 4955 4960
f 4227 4960 4272
f 4272 4960 4959
f 4272 4959 4273
f 4245 5226 5229
f 4245 5229 4247
f 4274 3016 3102
f 4274 3102 4703
f 4262 4274 4703
f 4262 4703 4698
f 4271 4273 4959
f 4271 4959 4964
f 4233 5372 5238
f 4233 5238 4234
f 4794 4929 5300
f 4808 4831 4815
f 4813 4919 4931
f 5292 5303 5296
f 5180 5186 5323
f 4783 4984 4987
f 4783 4987 4825
f 4825 4987 4947
f 4825 4947 4826
f 5358 5389 5406
f 4709 5420 4710
f 4710 5420 5215
f 4710 5215 4757
f 4538 4909 4902
f 5288 5431 5289
f 4912 5341 4915
f 5374 5387 5436
f 5374 5436 5437
f 5374 5437 5438
f 5374 5438 5375
f 5375 5438 5439
f 5375 5439 5376
f 5376 5439 5440
f 5376 5440 5377
f 5377 5440 5441
f 5377 5441 5378
f 5378 5441 5442
f 5378 5442 5379
f 5379 5442 5443
f 5379 5443 5380
f 5380 5443 5444
f 5380 5444 5381
f 5381 5444 5445
f 5381 5445 5382
f 5382 5445 5446
f 5382 5446 5383
f 5383 5446 5447
f 5383 5447 5384
f 5384 5447 5448
f 5384 5448 5385
f 5385 5448 5449
f 5385 5449 5386
f 5386 5449 5436
f 5386 5436 5387
f 4874 5339 4882
f 4749 5003 4751
f 4749 4751 5165
f 5004 5054 5125
f 5004 5125 5265
f 5108 5152 5153
f 5108 5153 5130
f 4999 5401 5062
f 4999 5062 5035
f 4656 5134 5400
f 4656 5400 5435
f 4665 4668 5000
f 4665 5000 5421
f 4750 5167 4861
f 4750 4861 5408
f 4748 4750 5408
f 4748 5408 5424
f 5043 5046 5423
f 5043 5423 5435
f 5043 5435 5400
f 5042 5043 5400
f 5042 5400 5399
f 5039 5042 5399
f 5039 5399 5422
f 5039 5422 5421
f 5000 5038 5039
f 5000 5039 5421
f 4741 5425 4744
f 3103 3105 4732
f 3103 4732 4728
f 4733 3106 3104
f 4733 3104 4739
f 4841 5369 4848
f 4841 4848 4847
f 4760 5419 4762
f 4760 4762 5356
f 4762 5419 4763
f 5184 5407 5185
f 5185 5407 5406
f 5185 5406 5320
f 4822 5321 5320
f 4822 5320 4823
f 5119 5264 5268
f 5119 5268 5450
f 5119 5450 5451
f 5119 5451 5120
f 5008 5120 5451
f 5008 5451 5452
f 5005 5008 5452
f 5005 5452 5453
f 5005 5453 5454
f 5005 5454 5012
f 5009 5012 5454
f 5009 5454 5455
f 5009 5455 5456
f 5009 5456 5016
f 5306 5457 5458
f 5306 5458 5307
f 4266 5307 5458
f 4266 5458 4298
f 4732 3105 3106
f 4732 3106 4733
f 4865 5010 5015
f 5016 5456 5457
f 5016 5457 5306
f 5281 5433 5414
f 4773 5281 5414
f 4773 5414 5417
f 4770 4773 5417
f 4770 5417 5410
f 4770 5410 5413
f 4770 5413 4776
f 4774 4776 5413
f 4774 5413 5409
f 4768 5418 5433
f 4768 5433 5280
f 5280 5433 5281
f 4729 5415 5418
f 4729 5418 4730
f 4729 4735 5416
f 4729 5416 5415
f 4734 5411 5416
f 4734 5416 4735
f 4734 4738 5412
f 4734 5412 5411
f 4737 5409 5412
f 4737 5412 4738
f 4737 4740 4743
f 4737 4743 5409
f 5324 5403 5432
f 5324 5432 5328
f 4836 5290 5289
f 4836 5289 4837
f 4837 5289 5431
f 4837 5431 5430
f 4876 5328 5432
f 4876 5432 5391
f 4843 5405 5431
f 4843 5431 5288
f 5391 5432 5431
f 5391 5431 5405
f 5324 5327 5403
f 5391 5405 5404
f 5391 5404 5392
f 4837 5430 4896
f 4896 5430 5403
f 4896 5403 4897
f 4892 5392 5404
f 4892 5404 4893
f 3124 3125 5459
f 5460 5461 5462
f 5460 5462 5463
f 5464 5465 5466
f 5464 5466 5467
f 5468 5469 5470
f 5468 5470 5471
f 4405 5472 5473
f 4405 5473 5474
f 5427 3104 3159
f 5427 3159 5475
f 5476 5477 5478
f 5426 5479 5480
f 5426 5480 5481
f 5425 5428 5482
f 5459 5479 5482
f 5459 5482 5475
f 4655 5478 5474
f 4655 5474 5135
f 4659 5136 5473
f 4659 5473 5468
f 4660 5471 5465
f 4660 5465 4663
f 4666 5460 5483
f 4666 5483 5434
f 4664 5464 5461
f 4664 5461 4669
f 3151 3160 5484
f 3151 5484 5463
f 3146 3152 5462
f 3146 5462 5467
f 3142 3147 5466
f 3142 5466 5470
f 3143 5469 5472
f 3143 5472 3154
f 4405 5477 3138
f 4405 3138 3094
f 5426 5425 5482
f 5426 5482 5479
f 5476 5478 5481
f 5476 5481 5480
f 5427 5475 5482
f 5427 5482 5428
f 4405 5474 5478
f 4405 5478 5477
f 3093 3154 5472
f 3093 5472 4405
f 5468 5473 5472
f 5468 5472 5469
f 5465 5471 5470
f 5465 5470 5466
f 5461 5464 5467
f 5461 5467 5462
f 5460 5463 5484
f 5460 5484 5483
f 3151 5463 5462
f 3151 5462 3152
f 3146 5467 5466
f 3146 5466 3147
f 3142 5470 5469
f 3142 5469 3143
f 3125 5480 5479
f 3125 5479 5459
f 3124 5459 5475
f 3124 5475 3159
f 5135 5474 5473
f 5135 5473 5136
f 4666 4669 5461
f 4666 5461 5460
f 4663 5465 5464
f 4663 5464 4664
f 4659 5468 5471
f 4659 5471 4660
f 4655 4658 5426
f 4655 5426 5481
f 4655 5481 5478
f 3125 3161 5476
f 3125 5476 5480
f 3138 5477 5476
f 3138 5476 3161
f 5485 5486 5487
f 5485 5487 5488
f 5489 5490 5491
f 5489 5491 5492
f 5493 5494 5495
f 5493 5495 5496
f 5497 5498 5499
f 5497 5499 5500
f 5501 5502 5503
f 5501 5503 5504
f 5505 5506 5507
f 5505 5507 5508
f 5509 5510 5511
f 5509 5511 5512
f 5513 5514 5515
f 5513 5515 5516
f 5517 5518 5519
f 5517 5519 5520
f 5521 5522 5523
f 5524 5525 5526
f 5524 5526 5527
f 5528 5529 5530
f 5528 5530 5531
f 5532 5533 5534
f 5532 5534 5535
f 5536 5537 5538
f 5222 5224 5539
f 5222 5539 5538
f 5493 5525 5530
f 5493 5530 5500
f 5489 5522 5526
f 5489 5526 5496
f 5508 5518 5536
f 5508 5536 5534
f 5497 5529 5519
f 5497 5519 5507
f 5504 5535 5540
f 5504 5540 5515
f 5486 5501 5514
f 5486 5514 5511
f 3166 5487 5510
f 3166 5510 3173
f 5267 5429 5537
f 5267 5537 5517
f 5455 5523 5456
f 5453 5527 5521
f 5453 5521 5454
f 5451 5531 5524
f 5451 5524 5452
f 5268 5520 5528
f 5268 5528 5450
f 5534 5536 5540
f 5534 5540 5535
f 5536 5538 5539
f 5536 5539 5540
f 5524 5531 5530
f 5524 5530 5525
f 5521 5527 5526
f 5521 5526 5522
f 5517 5537 5536
f 5517 5536 5518
f 5519 5529 5528
f 5519 5528 5520
f 5515 5540 5539
f 5515 5539 5516
f 5511 5514 5513
f 5511 5513 5512
f 3173 5510 5509
f 3173 5509 3174
f 5507 5519 5518
f 5507 5518 5508
f 5505 5508 5534
f 5505 5534 5533
f 5503 5532 5535
f 5503 5535 5504
f 5501 5504 5515
f 5501 5515 5514
f 5497 5507 5506
f 5497 5506 5498
f 5497 5500 5530
f 5497 5530 5529
f 5493 5500 5499
f 5493 5499 5494
f 5493 5496 5526
f 5493 5526 5525
f 5489 5496 5495
f 5489 5495 5490
f 5489 5492 5523
f 5489 5523 5522
f 5485 5502 5501
f 5485 5501 5486
f 5486 5511 5510
f 5486 5510 5487
f 3165 5488 5487
f 3165 5487 3166
f 5458 5457 5492
f 5458 5492 5491
f 5267 5517 5520
f 5267 5520 5268
f 5222 5538 5537
f 5222 5537 5429
f 5450 5528 5531
f 5450 5531 5451
f 5454 5521 5523
f 5454 5523 5455
f 5452 5524 5527
f 5452 5527 5453
f 4382 4381 5502
f 4382 5502 5485
f 4381 4383 5503
f 4381 5503 5502
f 4382 5485 5488
f 4382 5488 4384
f 3092 4384 5488
f 3092 5488 3165
f 4386 4385 5505
f 4386 5505 5533
f 4386 5533 5532
f 4386 5532 4387
f 4385 4388 5506
f 4385 5506 5505
f 4390 4389 5490
f 4390 5490 5495
f 4390 5495 5494
f 4390 5494 4391
f 4389 4392 5491
f 4389 5491 5490
f 4391 5494 5499
f 4391 5499 4393
f 4393 5499 5498
f 4393 5498 4394
f 4383 4387 5532
f 4383 5532 5503
f 4298 5458 5491
f 4298 5491 4392
f 4388 4394 5498
f 4388 5498 5506
f 5456 5523 5492
f 5456 5492 5457
f 5224 5402 5516
f 5224 5516 5539
f 5402 5434 5513
f 5402 5513 5516
f 5434 5483 5512
f 5434 5512 5513
f 5483 5484 5509
f 5483 5509 5512
f 3160 3174 5509
f 3160 5509 5484
f 3234 3243 3242
f 3234 3242 3241
f 3234 3244 3243
f 3243 3244 3270
f 3244 3269 3270
f 3234 3241 3235
f 3235 3241 3236
f 3236 3241 3240
f 3236 3240 3237
f 3237 3240 3238
f 3238 3240 3239
f 3210 3777 3217
f 3210 3266 3777
f 3217 3777 3265
f 4184 4186 4185
f 4182 4186 4184
f 4182 4184 4183
f 4279 4280 4281
f 4279 4281 4282
f 4278 4279 4282
f 4277 4278 4282
f 4275 4277 4282
f 4275 4282 4276
f 4276 4282 4288
f 4282 4287 4288
f 4282 4286 4287
f 4282 4283 4286
f 4283 4285 4286
f 4283 4284 4285
f 3324 3647 3638
f 3638 3647 3640
f 3324 4221 3647
f 3496 4066 3776
f 3496 3776 3545
f 3496 4096 4066
f 3325 3381 3678
f 3325 3411 3381
f 3325 3390 3411
f 3325 3637 3390
f 3386 3390 3637
f 3485 3486 4263
f 3485 4263 3739
f 3739 4263 4228
f 3538 3838 3831
f 3538 3831 4212
f 3538 4212 4211
f 4454 4462 4463
f 4454 4461 4462
f 4454 4463 4464
f 4463 4490 4464
f 4464 4490 4489
f 4454 4455 4461
f 4455 4456 4461
f 4456 4460 4461
f 4456 4457 4460
f 4457 4458 4460
f 4458 4459 4460
f 4433 4434 4989
f 4433 4989 4486
f 4434 4485 4989
f 5396 5397 5398
f 5394 5396 5398
f 5394 5395 5396
f 5440 5442 5441
f 5440 5443 5442
f 5439 5443 5440
f 5438 5443 5439
f 5437 5443 5438
f 5436 5443 5437
f 5436 5449 5443
f 5443 5449 5448
f 5443 5448 5447
f 5443 5447 5444
f 5444 5447 5446
f 5444 5446 5445
f 4535 4849 4856
f 4849 4855 4856
f 4535 4856 4860
f 4711 4990 5279
f 4711 4756 4990
f 4711 5279 5311
f 4534 4888 4595
f 4534 4595 4626
f 4534 4626 4599
f 4534 4599 4850
f 4596 4850 4599
f 4263 4701 4694
f 4263 4694 4953
f 4228 4263 4953
f 4748 5046 5047
f 4748 5423 5046
f 4748 5424 5423
f 3648 3651 4221
f 5541 5542 5543
f 5541 5543 5544
f 479 5545 480
f 479 480 481
f 5546 5547 5548
f 5546 5548 5549
f 5550 5551 5552
f 5550 5552 5553
f 5554 5555 5556
f 5554 5556 5557
f 482 483 5558
f 482 5558 484
f 516 5559 5560
f 516 5560 517
f 401 484 5554
f 401 5554 452
f 399 449 5557
f 399 5557 5550
f 394 396 5553
f 394 5553 5546
f 395 5549 479
f 395 479 547
f 5555 5558 5561
f 483 487 5562
f 5541 5563 5564
f 5541 5564 5542
f 5560 5565 555
f 5560 555 517
f 483 5562 5561
f 483 5561 5558
f 5554 484 5558
f 5554 5558 5555
f 5550 5557 5556
f 5550 5556 5551
f 5546 5553 5552
f 5546 5552 5547
f 479 5549 5548
f 479 5548 5545
f 5545 5559 516
f 5545 516 480
f 449 452 5554
f 449 5554 5557
f 396 399 5550
f 396 5550 5553
f 394 5546 5549
f 394 5549 395
f 5545 5548 5559
f 386 5566 5562
f 386 5562 487
f 555 5565 5564
f 555 5564 5563
f 5544 572 571
f 5544 571 567
f 5541 5544 567
f 5541 567 546
f 5541 546 545
f 5541 545 5563
f 545 555 5563
f 5567 5568 5569
f 5567 5569 5570
f 5571 5572 5573
f 5571 5573 5574
f 5575 5576 5577
f 5575 5577 5578
f 556 608 5579
f 556 5579 5580
f 5581 5582 609
f 5581 609 610
f 5561 5562 5583
f 5584 5585 5586
f 5584 5586 5587
f 5588 5589 5590
f 5588 5590 5591
f 5592 5593 5594
f 5592 5594 5595
f 5596 5597 5598
f 5596 5598 5599
f 5600 5601 5602
f 5600 5602 5603
f 5604 5605 5606
f 5604 5606 5607
f 5566 5608 5609
f 5566 5609 5610
f 5611 5612 5613
f 5611 5613 5614
f 541 5581 610
f 541 610 619
f 5590 5615 5616
f 5590 5616 5591
f 5571 5617 5618
f 5571 5618 5572
f 5571 5591 5616
f 5571 5616 5617
f 5572 5618 623
f 5572 623 601
f 5576 5611 5584
f 5576 5584 5579
f 541 572 5605
f 541 5605 5581
f 5582 5604 5596
f 5582 5596 5603
f 609 5602 614
f 609 614 616
f 385 5580 5587
f 385 5587 5608
f 377 607 5577
f 377 5577 608
f 5575 5617 5616
f 5575 5616 5612
f 606 623 5618
f 606 5618 5578
f 5567 5600 5599
f 5567 5599 5592
f 5568 5595 5588
f 5568 5588 5574
f 597 611 5601
f 597 5601 5570
f 598 5569 5573
f 598 5573 604
f 5543 5606 5605
f 5543 5605 572
f 5601 611 614
f 5601 614 5602
f 5596 5604 5607
f 5596 5607 5597
f 5596 5599 5600
f 5596 5600 5603
f 5592 5599 5598
f 5592 5598 5593
f 5588 5595 5594
f 5588 5594 5589
f 5612 5616 5615
f 5612 5615 5613
f 5584 5611 5614
f 5584 5614 5585
f 5586 5609 5608
f 5586 5608 5587
f 5562 5566 5610
f 5562 5610 5583
f 5581 5605 5604
f 5581 5604 5582
f 5582 5603 5602
f 5582 5602 609
f 5580 5579 5584
f 5580 5584 5587
f 5575 5612 5611
f 5575 5611 5576
f 5576 5579 608
f 5576 608 5577
f 606 5578 5577
f 606 5577 607
f 5575 5578 5618
f 5575 5618 5617
f 5572 601 604
f 5572 604 5573
f 5571 5574 5588
f 5571 5588 5591
f 5567 5592 5595
f 5567 5595 5568
f 5568 5574 5573
f 5568 5573 5569
f 5567 5570 5601
f 5567 5601 5600
f 597 5570 5569
f 597 5569 598
f 385 5608 5566
f 385 5566 386
f 385 388 556
f 385 556 5580
f 5543 572 5544
f 5619 5620 5621
f 5619 5621 5622
f 5623 5624 5625
f 5623 5625 5626
f 5627 5628 5629
f 5627 5629 5630
f 5631 5632 5633
f 5631 5633 5634
f 5635 5636 5637
f 5635 5637 5638
f 5639 5640 5641
f 5639 5641 5642
f 5643 5644 5645
f 5643 5645 5646
f 5647 5648 5649
f 5647 5649 5650
f 5651 5652 5653
f 5651 5653 5654
f 5655 5656 5657
f 5655 5657 5658
f 5659 5660 5661
f 5662 5663 5664
f 5662 5664 5665
f 5666 5667 5668
f 5666 5668 5669
f 5670 5671 5672
f 5670 5672 5673
f 5674 5675 5676
f 5674 5676 5677
f 5678 5679 5680
f 5678 5680 5681
f 5682 5683 5684
f 5682 5684 5685
f 5686 5687 5688
f 5686 5688 5689
f 5690 5691 5692
f 5690 5692 5693
f 5694 5695 5696
f 5694 5696 5697
f 5698 5699 5700
f 5698 5700 5701
f 5702 5703 5704
f 5702 5704 5705
f 5706 5707 5708
f 5706 5708 5709
f 5710 5711 5712
f 5710 5712 5713
f 5714 5715 5716
f 5714 5716 5717
f 5718 5719 5720
f 5718 5720 5721
f 5722 5723 5724
f 5722 5724 5725
f 5726 5727 5728
f 5726 5728 5729
f 5730 5731 5732
f 5730 5732 5733
f 5734 5735 5736
f 5737 5738 5739
f 5737 5739 5740
f 5741 5742 5743
f 5741 5743 5744
f 5745 5746 5747
f 5745 5747 5748
f 5749 5750 5751
f 5749 5751 5752
f 5753 5754 5755
f 5753 5755 5756
f 5757 5758 5759
f 5757 5759 5760
f 5761 5762 5763
f 5761 5763 5764
f 5765 5766 5767
f 5765 5767 5768
f 5769 5770 5771
f 5769 5771 5772
f 5773 5774 5775
f 5773 5775 5776
f 5777 5778 5779
f 5777 5779 5780
f 5781 5782 5783
f 5781 5783 5784
f 5785 5786 5787
f 5785 5787 5788
f 5789 5790 5791
f 5789 5791 5792
f 5793 5794 5795
f 5793 5795 5796
f 5797 5798 5799
f 5797 5799 5800
f 5801 5802 5803
f 5801 5803 5804
f 5805 5806 5807
f 5805 5807 5808
f 5809 5810 5811
f 5809 5811 5812
f 5813 5814 5815
f 5813 5815 5816
f 5817 5818 5819
f 5817 5819 5820
f 5821 5822 5823
f 5821 5823 5824
f 5825 5826 5827
f 5825 5827 5828
f 5829 5830 5831
f 5829 5831 5832
f 5833 5834 5835
f 5833 5835 5836
f 5837 5838 5839
f 5837 5839 5840
f 5841 5842 5843
f 5841 5843 5844
f 5845 5846 5847
f 5845 5847 5848
f 5849 5850 5851
f 5849 5851 5852
f 5853 5854 5855
f 5853 5855 5856
f 5857 5858 5859
f 5857 5859 5860
f 5861 5862 5863
f 5861 5863 5864
f 5865 5866 5867
f 5865 5867 5868
f 5869 5870 5871
f 5869 5871 5872
f 5873 5874 5875
f 5873 5875 5876
f 5877 5878 5879
f 5877 5879 5880
f 5653 5881 5882
f 5653 5882 5654
f 5654 5882 5883
f 5654 5883 5655
f 5655 5883 5884
f 5655 5884 5656
f 5656 5884 5687
f 5590 5885 5615
f 5551 5556 5878
f 5551 5878 5845
f 5697 5699 5846
f 5697 5846 5877
f 5692 5828 5797
f 5692 5797 5728
f 5693 5727 5724
f 5693 5724 5695
f 5696 5723 5720
f 5696 5720 5700
f 5701 5719 5716
f 5701 5716 5704
f 5705 5715 5711
f 5705 5711 5708
f 5709 5710 5820
f 5709 5820 5821
f 5712 5714 5744
f 5712 5744 5745
f 5713 5748 5816
f 5713 5816 5817
f 5717 5718 5740
f 5717 5740 5741
f 5721 5722 5736
f 5721 5736 5737
f 5725 5726 5733
f 5725 5733 5734
f 5729 5800 5801
f 5729 5801 5730
f 5731 5804 5805
f 5731 5805 5764
f 5735 5763 5758
f 5735 5758 5738
f 5739 5757 5755
f 5739 5755 5742
f 5743 5754 5750
f 5743 5750 5746
f 5747 5749 5812
f 5747 5812 5813
f 5791 5802 5799
f 5791 5799 5794
f 5787 5806 5803
f 5787 5803 5790
f 5779 5814 5811
f 5779 5811 5782
f 5775 5818 5815
f 5775 5815 5778
f 5771 5822 5819
f 5771 5819 5774
f 5766 5795 5798
f 5766 5798 5827
f 5671 5780 5781
f 5671 5781 5677
f 5667 5672 5676
f 5667 5676 5680
f 5663 5668 5679
f 5663 5679 5685
f 5660 5687 5884
f 5657 5686 5788
f 5657 5788 5789
f 5651 5658 5792
f 5651 5792 5793
f 5647 5661 5883
f 5647 5883 5882
f 5643 5665 5659
f 5643 5659 5650
f 5639 5669 5662
f 5639 5662 5646
f 5635 5776 5777
f 5635 5777 5670
f 5636 5673 5666
f 5636 5666 5642
f 5633 5772 5773
f 5633 5773 5638
f 5629 5634 5637
f 5629 5637 5641
f 5630 5640 5645
f 5630 5645 5886
f 5623 5649 5648
f 5623 5648 5624
f 5624 5648 5881
f 5624 5881 5887
f 5622 5652 5796
f 5622 5796 5765
f 5586 5873 5870
f 5586 5870 5609
f 5767 5826 5871
f 5767 5871 5876
f 5583 5610 5869
f 5583 5869 5864
f 5542 5564 5865
f 5542 5865 5858
f 5770 5859 5868
f 5770 5868 5823
f 5560 5854 5866
f 5560 5866 5565
f 5691 5861 5872
f 5691 5872 5825
f 5706 5824 5867
f 5706 5867 5853
f 5702 5707 5856
f 5702 5856 5851
f 5698 5703 5850
f 5698 5850 5847
f 5690 5694 5880
f 5690 5880 5862
f 5547 5552 5848
f 5547 5848 5849
f 5548 5852 5855
f 5548 5855 5559
f 5619 5768 5875
f 5619 5875 5841
f 5842 5874 5585
f 5842 5585 5614
f 5620 5844 5888
f 5620 5888 5889
f 5843 5613 5615
f 5843 5615 5885
f 5837 5840 5890
f 5837 5890 5889
f 5838 5891 5589
f 5838 5589 5594
f 5625 5840 5833
f 5625 5833 5626
f 5834 5839 5593
f 5834 5593 5598
f 5632 5829 5860
f 5632 5860 5769
f 5628 5836 5830
f 5628 5830 5631
f 5831 5835 5597
f 5831 5597 5607
f 5543 5857 5832
f 5543 5832 5606
f 5870 5873 5876
f 5870 5876 5871
f 5862 5880 5879
f 5862 5879 5863
f 5861 5864 5869
f 5861 5869 5872
f 5858 5865 5868
f 5858 5868 5859
f 5853 5867 5866
f 5853 5866 5854
f 5851 5856 5855
f 5851 5855 5852
f 5845 5878 5877
f 5845 5877 5846
f 5847 5850 5849
f 5847 5849 5848
f 5564 5565 5866
f 5564 5866 5865
f 5542 5858 5857
f 5542 5857 5543
f 5609 5870 5869
f 5609 5869 5610
f 5585 5874 5873
f 5585 5873 5586
f 5561 5583 5864
f 5561 5864 5863
f 5559 5855 5854
f 5559 5854 5560
f 5841 5875 5874
f 5841 5874 5842
f 5842 5614 5613
f 5842 5613 5843
f 5843 5885 5888
f 5843 5888 5844
f 5589 5891 5885
f 5589 5885 5590
f 5885 5891 5888
f 5838 5594 5593
f 5838 5593 5839
f 5833 5840 5839
f 5833 5839 5834
f 5834 5598 5597
f 5834 5597 5835
f 5830 5836 5835
f 5830 5835 5831
f 5831 5607 5606
f 5831 5606 5832
f 5829 5832 5857
f 5829 5857 5860
f 5825 5872 5871
f 5825 5871 5826
f 5823 5868 5867
f 5823 5867 5824
f 5819 5822 5821
f 5819 5821 5820
f 5815 5818 5817
f 5815 5817 5816
f 5811 5814 5813
f 5811 5813 5812
f 5803 5806 5805
f 5803 5805 5804
f 5797 5828 5827
f 5797 5827 5798
f 5799 5802 5801
f 5799 5801 5800
f 5794 5799 5798
f 5794 5798 5795
f 5790 5803 5802
f 5790 5802 5791
f 5791 5794 5793
f 5791 5793 5792
f 5786 5807 5806
f 5786 5806 5787
f 5787 5790 5789
f 5787 5789 5788
f 5782 5811 5810
f 5782 5810 5783
f 5778 5815 5814
f 5778 5814 5779
f 5779 5782 5781
f 5779 5781 5780
f 5774 5819 5818
f 5774 5818 5775
f 5775 5778 5777
f 5775 5777 5776
f 5769 5860 5859
f 5769 5859 5770
f 5770 5823 5822
f 5770 5822 5771
f 5771 5774 5773
f 5771 5773 5772
f 5765 5796 5795
f 5765 5795 5766
f 5766 5827 5826
f 5766 5826 5767
f 5767 5876 5875
f 5767 5875 5768
f 5761 5764 5805
f 5761 5805 5808
f 5758 5763 5762
f 5758 5762 5759
f 5755 5757 5760
f 5755 5760 5756
f 5750 5754 5753
f 5750 5753 5751
f 5749 5752 5809
f 5749 5809 5812
f 5746 5750 5749
f 5746 5749 5747
f 5747 5813 5816
f 5747 5816 5748
f 5742 5755 5754
f 5742 5754 5743
f 5743 5746 5745
f 5743 5745 5744
f 5738 5758 5757
f 5738 5757 5739
f 5739 5742 5741
f 5739 5741 5740
f 5735 5738 5737
f 5735 5737 5736
f 5730 5801 5804
f 5730 5804 5731
f 5731 5764 5763
f 5731 5763 5732
f 5732 5735 5734
f 5732 5734 5733
f 5728 5797 5800
f 5728 5800 5729
f 5726 5729 5730
f 5726 5730 5733
f 5724 5727 5726
f 5724 5726 5725
f 5722 5725 5734
f 5722 5734 5736
f 5720 5723 5722
f 5720 5722 5721
f 5718 5721 5737
f 5718 5737 5740
f 5716 5719 5718
f 5716 5718 5717
f 5714 5717 5741
f 5714 5741 5744
f 5711 5715 5714
f 5711 5714 5712
f 5712 5745 5748
f 5712 5748 5713
f 5710 5713 5817
f 5710 5817 5820
f 5706 5853 5856
f 5706 5856 5707
f 5708 5711 5710
f 5708 5710 5709
f 5706 5709 5821
f 5706 5821 5824
f 5702 5851 5850
f 5702 5850 5703
f 5704 5716 5715
f 5704 5715 5705
f 5702 5705 5708
f 5702 5708 5707
f 5698 5847 5846
f 5698 5846 5699
f 5700 5720 5719
f 5700 5719 5701
f 5698 5701 5704
f 5698 5704 5703
f 5695 5724 5723
f 5695 5723 5696
f 5696 5700 5699
f 5696 5699 5697
f 5694 5697 5877
f 5694 5877 5880
f 5690 5862 5861
f 5690 5861 5691
f 5691 5825 5828
f 5691 5828 5692
f 5692 5728 5727
f 5692 5727 5693
f 5690 5693 5695
f 5690 5695 5694
f 5686 5689 5785
f 5686 5785 5788
f 5683 5688 5687
f 5683 5687 5684
f 5678 5682 5685
f 5678 5685 5679
f 5675 5681 5680
f 5675 5680 5676
f 5674 5677 5781
f 5674 5781 5784
f 5670 5777 5780
f 5670 5780 5671
f 5671 5677 5676
f 5671 5676 5672
f 5666 5673 5672
f 5666 5672 5667
f 5667 5680 5679
f 5667 5679 5668
f 5662 5669 5668
f 5662 5668 5663
f 5663 5685 5684
f 5663 5684 5664
f 5659 5665 5664
f 5659 5664 5660
f 5660 5884 5883
f 5660 5883 5661
f 5656 5687 5686
f 5656 5686 5657
f 5657 5789 5792
f 5657 5792 5658
f 5651 5793 5796
f 5651 5796 5652
f 5651 5654 5655
f 5651 5655 5658
f 5647 5882 5881
f 5647 5881 5648
f 5647 5650 5659
f 5647 5659 5661
f 5643 5650 5649
f 5643 5649 5644
f 5643 5646 5662
f 5643 5662 5665
f 5639 5646 5645
f 5639 5645 5640
f 5639 5642 5666
f 5639 5666 5669
f 5635 5670 5673
f 5635 5673 5636
f 5636 5642 5641
f 5636 5641 5637
f 5635 5638 5773
f 5635 5773 5776
f 5631 5830 5829
f 5631 5829 5632
f 5632 5769 5772
f 5632 5772 5633
f 5633 5638 5637
f 5633 5637 5634
f 5627 5833 5836
f 5627 5836 5628
f 5628 5631 5634
f 5628 5634 5629
f 5629 5641 5640
f 5629 5640 5630
f 5623 5626 5627
f 5623 5627 5886
f 5623 5886 5644
f 5623 5644 5649
f 5837 5889 5888
f 5624 5887 5890
f 5624 5890 5625
f 5619 5841 5844
f 5619 5844 5620
f 5620 5889 5621
f 5621 5653 5652
f 5621 5652 5622
f 5619 5622 5765
f 5619 5765 5768
f 5555 5879 5878
f 5555 5878 5556
f 5551 5845 5848
f 5551 5848 5552
f 5547 5849 5852
f 5547 5852 5548
f 5660 5664 5684
f 5660 5684 5687
f 5732 5763 5735
f 5555 5561 5863
f 5555 5863 5879
f 5621 5887 5881
f 5621 5881 5653
f 5626 5833 5627
f 5625 5890 5840
f 5644 5886 5645
f 5627 5630 5886
f 5621 5889 5890
f 5621 5890 5887
f 5837 5888 5891
f 5837 5891 5838
f 5751 5753 5892
f 5751 5892 5893
f 5752 5894 5895
f 5752 5895 5809
f 5756 5760 5896
f 5756 5896 5897
f 5759 5762 5898
f 5759 5898 5899
f 5761 5808 5900
f 5761 5900 5901
f 5786 5902 5903
f 5786 5903 5807
f 5783 5810 5904
f 5783 5904 5905
f 5689 5906 5907
f 5689 5907 5785
f 5683 5908 5909
f 5683 5909 5688
f 5678 5910 5911
f 5678 5911 5682
f 5674 5784 5912
f 5674 5912 5913
f 5675 5914 5915
f 5675 5915 5681
f 5674 5913 5914
f 5674 5914 5675
f 5783 5905 5912
f 5783 5912 5784
f 5678 5681 5915
f 5678 5915 5910
f 5809 5895 5904
f 5809 5904 5810
f 5751 5893 5894
f 5751 5894 5752
f 5753 5756 5897
f 5753 5897 5892
f 5807 5903 5900
f 5807 5900 5808
f 5785 5907 5902
f 5785 5902 5786
f 5761 5901 5898
f 5761 5898 5762
f 5759 5899 5896
f 5759 5896 5760
f 5688 5909 5906
f 5688 5906 5689
f 5682 5911 5908
f 5682 5908 5683
f 5936 5940 5941
f 5936 5941 5938
f 5935 5942 5943
f 5935 5943 5937
f 5933 5944 5945
f 5933 5945 5934
f 5931 5946 5947
f 5931 5947 5932
f 5929 5948 5949
f 5929 5949 5930
f 5927 5950 5951
f 5927 5951 5928
f 5924 5952 5953
f 5924 5953 5926
f 5923 5954 5955
f 5923 5955 5925
f 5921 5956 5957
f 5921 5957 5922
f 5919 5958 5959
f 5919 5959 5920
f 5916 5939 5960
f 5916 5960 5961
f 5917 5962 5963
f 5917 5963 5918
f 5938 5941 5960
f 5938 5960 5939
f 5936 5937 5943
f 5936 5943 5940
f 5934 5945 5942
f 5934 5942 5935
f 5932 5947 5944
f 5932 5944 5933
f 5930 5949 5946
f 5930 5946 5931
f 5928 5951 5948
f 5928 5948 5929
f 5926 5953 5950
f 5926 5950 5927
f 5924 5925 5955
f 5924 5955 5952
f 5922 5957 5954
f 5922 5954 5923
f 5920 5959 5956
f 5920 5956 5921
f 5918 5963 5958
f 5918 5958 5919
f 5916 5961 5962
f 5916 5962 5917
f 5908 5911 5964
f 5908 5964 5965
f 5906 5909 5966
f 5906 5966 5967
f 5968 5969 5970
f 5968 5970 5971
f 5972 5973 5974
f 5972 5974 5975
f 5976 5977 5978
f 5976 5978 5979
f 5980 5981 5982
f 5980 5982 5983
f 5984 5985 5986
f 5984 5986 5987
f 5988 5989 5990
f 5988 5990 5991
f 5992 5993 5994
f 5992 5994 5995
f 5996 5997 5998
f 5996 5998 5999
f 6000 6001 6002
f 6000 6002 6003
f 6004 6005 6006
f 6004 6006 6007
f 6008 6009 6010
f 6008 6010 6011
f 6012 6013 6014
f 6012 6014 6015
f 5956 5959 6016
f 5956 6016 6017
f 5958 5963 6018
f 5958 6018 6019
f 5961 6020 6021
f 5961 6021 5962
f 5941 6022 6023
f 5941 6023 5960
f 5896 5899 6024
f 5896 6024 6025
f 5898 5901 6026
f 5898 6026 6027
f 6028 6029 6030
f 6028 6030 6031
f 6032 6033 6034
f 6032 6034 6035
f 6036 6037 6038
f 6036 6038 6039
f 6040 6041 6042
f 6040 6042 6043
f 6044 6045 6046
f 6044 6046 6047
f 6048 6049 6050
f 6048 6050 6051
f 6052 6053 6054
f 6052 6054 6055
f 6056 6057 6058
f 6056 6058 6059
f 6060 6061 6062
f 6060 6062 6063
f 6064 6065 6066
f 6064 6066 6067
f 6068 6069 6070
f 6068 6070 6071
f 6072 6073 6074
f 6072 6074 6075
f 5950 5953 6076
f 5950 6076 6077
f 5948 5951 6078
f 5948 6078 6079
f 5946 5949 6080
f 5946 6080 6081
f 5944 5947 6082
f 5944 6082 6083
f 6084 6085 6086
f 6084 6086 6087
f 6088 6089 6090
f 6088 6090 6091
f 6092 6093 6094
f 6092 6094 6095
f 5954 5957 6096
f 5954 6096 6097
f 5940 5943 6098
f 5940 6098 6099
f 6100 6101 6102
f 6100 6102 6103
f 6104 6105 6106
f 6104 6106 6107
f 6108 6109 6110
f 6108 6110 6111
f 5902 5907 6112
f 5902 6112 6113
f 5900 5903 6114
f 5900 6114 6115
f 6116 6117 6118
f 6116 6118 6119
f 6120 6121 6122
f 6120 6122 6123
f 6124 6125 6126
f 6124 6126 6127
f 5942 5945 6128
f 5942 6128 6129
f 5952 5955 6130
f 5952 6130 6131
f 6132 6133 6134
f 6132 6134 6135
f 6136 6137 6138
f 6136 6138 6139
f 6140 6141 6142
f 6140 6142 6143
f 5892 5897 6144
f 5892 6144 6145
f 5893 6146 6147
f 5893 6147 5894
f 5895 6148 6149
f 5895 6149 5904
f 5910 5915 6150
f 5910 6150 6151
f 5905 6152 6153
f 5905 6153 5912
f 5913 6154 6155
f 5913 6155 5914
f 6156 6157 6158
f 6156 6158 6159
f 6160 6161 6162
f 6160 6162 6163
f 6164 6165 6166
f 6164 6166 6167
f 6168 6169 6170
f 6168 6170 6171
f 6172 6173 6174
f 6172 6174 6175
f 6176 6177 6178
f 6176 6178 6179
f 6180 6181 6182
f 6180 6182 6183
f 6184 6185 6186
f 6184 6186 6187
f 6188 6189 6190
f 6188 6190 6191
f 6192 6193 6194
f 6192 6194 6195
f 6196 6197 6198
f 6196 6198 6199
f 6200 6201 6202
f 6200 6202 6203
f 5984 6203 6192
f 5984 6192 6091
f 5997 6107 6191
f 5997 6191 6196
f 6088 6195 6184
f 6088 6184 6139
f 6047 6136 6187
f 6047 6187 6180
f 6044 6183 6176
f 6044 6176 6049
f 6050 6179 6172
f 6050 6172 6053
f 6054 6175 6168
f 6054 6168 6057
f 6106 6120 6167
f 6106 6167 6188
f 6058 6171 6164
f 6058 6164 6123
f 5987 5990 6163
f 5987 6163 6200
f 5993 5998 6199
f 5993 6199 6156
f 5989 5994 6159
f 5989 6159 6160
f 6085 6152 6149
f 6085 6149 6143
f 6043 6140 6148
f 6043 6148 6147
f 6039 6040 6146
f 6039 6146 6145
f 6025 6034 6036
f 6025 6036 6144
f 5980 6154 6153
f 5980 6153 6084
f 5976 6150 6155
f 5976 6155 5983
f 5964 6151 5979
f 5964 5979 5973
f 6024 6027 6028
f 6024 6028 6035
f 6026 6115 6116
f 6026 6116 6029
f 6030 6119 6165
f 6030 6165 6170
f 6031 6169 6174
f 6031 6174 6032
f 6033 6173 6178
f 6033 6178 6037
f 6038 6177 6182
f 6038 6182 6041
f 6042 6181 6186
f 6042 6186 6141
f 6045 6048 6071
f 6045 6071 6072
f 6046 6075 6135
f 6046 6135 6137
f 6051 6052 6067
f 6051 6067 6068
f 6055 6056 6063
f 6055 6063 6064
f 6059 6122 6124
f 6059 6124 6060
f 6061 6127 6128
f 6061 6128 6083
f 6062 6082 6081
f 6062 6081 6065
f 6066 6080 6079
f 6066 6079 6069
f 6070 6078 6077
f 6070 6077 6073
f 6074 6076 6131
f 6074 6131 6132
f 6110 6117 6114
f 6110 6114 6113
f 6109 6189 6166
f 6109 6166 6118
f 6102 6125 6121
f 6102 6121 6105
f 6098 6129 6126
f 6098 6126 6101
f 6094 6133 6130
f 6094 6130 6097
f 6089 6138 6134
f 6089 6134 6093
f 6086 6142 6185
f 6086 6185 6194
f 6013 6095 6096
f 6013 6096 6017
f 6009 6014 6016
f 6009 6016 6019
f 6005 6010 6018
f 6005 6018 6021
f 6001 6006 6020
f 6001 6020 6023
f 6002 6022 6099
f 6002 6099 6100
f 5996 6003 6103
f 5996 6103 6104
f 5992 6007 6000
f 5992 6000 5999
f 5988 6011 6004
f 5988 6004 5995
f 5985 6090 6092
f 5985 6092 6012
f 5986 6015 6008
f 5986 6008 5991
f 5981 6087 6193
f 5981 6193 6202
f 5977 5982 6201
f 5977 6201 6162
f 5974 5978 6161
f 5974 6161 6158
f 5968 5975 6157
f 5968 6157 6198
f 5969 6197 6190
f 5969 6190 6108
f 5967 5970 6111
f 5967 6111 6112
f 5965 5972 5971
f 5965 5971 5966
f 6192 6203 6202
f 6192 6202 6193
f 6190 6197 6196
f 6190 6196 6191
f 6184 6195 6194
f 6184 6194 6185
f 6180 6187 6186
f 6180 6186 6181
f 6176 6183 6182
f 6176 6182 6177
f 6172 6179 6178
f 6172 6178 6173
f 6168 6175 6174
f 6168 6174 6169
f 6164 6171 6170
f 6164 6170 6165
f 6166 6189 6188
f 6166 6188 6167
f 6162 6201 6200
f 6162 6200 6163
f 6156 6199 6198
f 6156 6198 6157
f 6158 6161 6160
f 6158 6160 6159
f 5912 6153 6154
f 5912 6154 5913
f 5914 6155 6150
f 5914 6150 5915
f 5904 6149 6152
f 5904 6152 5905
f 5894 6147 6148
f 5894 6148 5895
f 5892 6145 6146
f 5892 6146 5893
f 6141 6186 6185
f 6141 6185 6142
f 6140 6143 6149
f 6140 6149 6148
f 6136 6139 6184
f 6136 6184 6187
f 6134 6138 6137
f 6134 6137 6135
f 6130 6133 6132
f 6130 6132 6131
f 6126 6129 6128
f 6126 6128 6127
f 6121 6125 6124
f 6121 6124 6122
f 6120 6123 6164
f 6120 6164 6167
f 6118 6166 6165
f 6118 6165 6119
f 6114 6117 6116
f 6114 6116 6115
f 5902 6113 6114
f 5902 6114 5903
f 6108 6190 6189
f 6108 6189 6109
f 6109 6118 6117
f 6109 6117 6110
f 6110 6113 6112
f 6110 6112 6111
f 6105 6121 6120
f 6105 6120 6106
f 6106 6188 6191
f 6106 6191 6107
f 6101 6126 6125
f 6101 6125 6102
f 6102 6105 6104
f 6102 6104 6103
f 5942 6129 6098
f 5942 6098 5943
f 6098 6101 6100
f 6098 6100 6099
f 5954 6097 6130
f 5954 6130 5955
f 6093 6134 6133
f 6093 6133 6094
f 6094 6097 6096
f 6094 6096 6095
f 6088 6139 6138
f 6088 6138 6089
f 6089 6093 6092
f 6089 6092 6090
f 6088 6091 6192
f 6088 6192 6195
f 6084 6153 6152
f 6084 6152 6085
f 6085 6143 6142
f 6085 6142 6086
f 6086 6194 6193
f 6086 6193 6087
f 5944 6083 6128
f 5944 6128 5945
f 5946 6081 6082
f 5946 6082 5947
f 5948 6079 6080
f 5948 6080 5949
f 5950 6077 6078
f 5950 6078 5951
f 5952 6131 6076
f 5952 6076 5953
f 6073 6077 6076
f 6073 6076 6074
f 6074 6132 6135
f 6074 6135 6075
f 6069 6079 6078
f 6069 6078 6070
f 6070 6073 6072
f 6070 6072 6071
f 6065 6081 6080
f 6065 6080 6066
f 6066 6069 6068
f 6066 6068 6067
f 6060 6124 6127
f 6060 6127 6061
f 6061 6083 6082
f 6061 6082 6062
f 6062 6065 6064
f 6062 6064 6063
f 6057 6168 6171
f 6057 6171 6058
f 6058 6123 6122
f 6058 6122 6059
f 6056 6059 6060
f 6056 6060 6063
f 6053 6172 6175
f 6053 6175 6054
f 6054 6057 6056
f 6054 6056 6055
f 6052 6055 6064
f 6052 6064 6067
f 6049 6176 6179
f 6049 6179 6050
f 6050 6053 6052
f 6050 6052 6051
f 6048 6051 6068
f 6048 6068 6071
f 6044 6049 6048
f 6044 6048 6045
f 6045 6072 6075
f 6045 6075 6046
f 6046 6137 6136
f 6046 6136 6047
f 6044 6047 6180
f 6044 6180 6183
f 6041 6182 6181
f 6041 6181 6042
f 6042 6141 6140
f 6042 6140 6043
f 6040 6043 6147
f 6040 6147 6146
f 6037 6178 6177
f 6037 6177 6038
f 6038 6041 6040
f 6038 6040 6039
f 6036 6039 6145
f 6036 6145 6144
f 6032 6174 6173
f 6032 6173 6033
f 6033 6037 6036
f 6033 6036 6034
f 6029 6116 6119
f 6029 6119 6030
f 6030 6170 6169
f 6030 6169 6031
f 6028 6031 6032
f 6028 6032 6035
f 5900 6115 6026
f 5900 6026 5901
f 6027 6026 6029
f 6027 6029 6028
f 6024 6035 6034
f 6024 6034 6025
f 5896 6025 6144
f 5896 6144 5897
f 5898 6027 6024
f 5898 6024 5899
f 5940 6099 6022
f 5940 6022 5941
f 5961 5960 6023
f 5961 6023 6020
f 5962 6021 6018
f 5962 6018 5963
f 5958 6019 6016
f 5958 6016 5959
f 5956 6017 6096
f 5956 6096 5957
f 6012 6092 6095
f 6012 6095 6013
f 6013 6017 6016
f 6013 6016 6014
f 6008 6015 6014
f 6008 6014 6009
f 6009 6019 6018
f 6009 6018 6010
f 6004 6011 6010
f 6004 6010 6005
f 6005 6021 6020
f 6005 6020 6006
f 6000 6007 6006
f 6000 6006 6001
f 6001 6023 6022
f 6001 6022 6002
f 6002 6100 6103
f 6002 6103 6003
f 5996 6104 6107
f 5996 6107 5997
f 5997 6196 6199
f 5997 6199 5998
f 5996 5999 6000
f 5996 6000 6003
f 5992 5999 5998
f 5992 5998 5993
f 5993 6156 6159
f 5993 6159 5994
f 5992 5995 6004
f 5992 6004 6007
f 5988 5995 5994
f 5988 5994 5989
f 5989 6160 6163
f 5989 6163 5990
f 5988 5991 6008
f 5988 6008 6011
f 5984 6091 6090
f 5984 6090 5985
f 5985 6012 6015
f 5985 6015 5986
f 5986 5991 5990
f 5986 5990 5987
f 5984 5987 6200
f 5984 6200 6203
f 5980 6084 6087
f 5980 6087 5981
f 5981 6202 6201
f 5981 6201 5982
f 5980 5983 6155
f 5980 6155 6154
f 5976 5983 5982
f 5976 5982 5977
f 5977 6162 6161
f 5977 6161 5978
f 5976 5979 6151
f 5976 6151 6150
f 5973 5979 5978
f 5973 5978 5974
f 5974 6158 6157
f 5974 6157 5975
f 5968 6198 6197
f 5968 6197 5969
f 5969 6108 6111
f 5969 6111 5970
f 5968 5971 5972
f 5968 5972 5975
f 5906 5967 6112
f 5906 6112 5907
f 5967 5966 5971
f 5967 5971 5970
f 5911 5910 6151
f 5911 6151 5964
f 5964 5973 5972
f 5964 5972 5965
f 5908 5965 5966
f 5908 5966 5909
f 6204 6205 6206
f 6204 6206 6207
f 6208 6209 6210
f 6208 6210 6211
f 6212 6213 6214
f 6212 6214 6215
f 6216 6217 6218
f 6216 6218 6219
f 6220 6221 6222
f 6220 6222 6223
f 6224 6225 6226
f 6224 6226 6227
f 6228 6229 6230
f 6228 6230 6231
f 6232 6233 6234
f 6232 6234 6235
f 6236 6237 6238
f 6236 6238 6239
f 6240 6241 6242
f 6240 6242 6243
f 6244 6245 6246
f 6244 6246 6247
f 6248 6249 6250
f 6248 6250 6251
f 6252 6253 6254
f 6252 6254 6255
f 6256 6257 6258
f 6256 6258 6259
f 6260 6261 6262
f 6260 6262 6263
f 6264 6265 6266
f 6264 6266 6267
f 6268 6269 6270
f 6268 6270 6271
f 6272 6273 6274
f 6272 6274 6275
f 6276 6277 6278
f 6276 6278 6279
f 6280 6281 6282
f 6280 6282 6283
f 6284 6285 6286
f 6284 6286 6287
f 6288 6289 6290
f 6288 6290 6291
f 6292 6293 6294
f 6292 6294 6295
f 6296 6297 6298
f 6296 6298 6299
f 6300 6301 6302
f 6300 6302 6303
f 6304 6305 6306
f 6304 6306 6307
f 6308 6309 6310
f 6308 6310 6311
f 6312 6313 6314
f 6312 6314 6315
f 6316 6317 6318
f 6316 6318 6319
f 6320 6321 6322
f 6320 6322 6323
f 6324 6325 6326
f 6324 6326 6327
f 6328 6329 6330
f 6328 6330 6331
f 6332 6333 6334
f 6332 6334 6335
f 6336 6337 6338
f 6336 6338 6339
f 6340 6341 6342
f 6340 6342 6343
f 6344 6345 6346
f 6344 6346 6347
f 6348 5916 5917
f 6348 5917 6349
f 6350 5918 5919
f 6350 5919 6351
f 6352 5920 5921
f 6352 5921 6353
f 6354 5922 5923
f 6354 5923 6355
f 5924 6356 6357
f 5924 6357 5925
f 6358 5926 5927
f 6358 5927 6359
f 6360 5928 5929
f 6360 5929 6361
f 6362 5930 5931
f 6362 5931 6363
f 6364 5932 5933
f 6364 5933 6365
f 6366 5934 5935
f 6366 5935 6367
f 5936 6368 6369
f 5936 6369 5937
f 6370 5938 5939
f 6370 5939 6371
f 6209 6372 6373
f 6209 6373 6210
f 6205 6210 6373
f 6205 6373 6374
f 6205 6374 6375
f 6205 6375 6206
f 6206 6375 6376
f 6206 6376 6240
f 6240 6376 6377
f 6240 6377 6241
f 6241 6377 6378
f 6241 6378 6246
f 6246 6378 6379
f 6246 6379 6247
f 6221 6247 6379
f 6221 6379 6380
f 6221 6380 6381
f 6221 6381 6222
f 6222 6381 6382
f 6222 6382 6225
f 6225 6382 6383
f 6225 6383 6226
f 6226 6383 6384
f 6226 6384 6229
f 6229 6384 6385
f 6229 6385 6230
f 6230 6385 6386
f 6230 6386 6233
f 6233 6386 6387
f 6233 6387 6234
f 6234 6387 6388
f 6234 6388 6248
f 6248 6388 6389
f 6248 6389 6249
f 6238 6249 6389
f 6238 6389 6390
f 6238 6390 6391
f 6238 6391 6239
f 6217 6239 6391
f 6217 6391 6392
f 6217 6392 6393
f 6217 6393 6218
f 6213 6218 6393
f 6213 6393 6394
f 6213 6394 6395
f 6213 6395 6214
f 6209 6214 6395
f 6209 6395 6372
f 6255 6331 6368
f 6255 6368 6370
f 6330 6333 6367
f 6330 6367 6369
f 6284 6365 6366
f 6284 6366 6332
f 6287 6288 6363
f 6287 6363 6364
f 6291 6292 6361
f 6291 6361 6362
f 6295 6296 6359
f 6295 6359 6360
f 6299 6347 6356
f 6299 6356 6358
f 6317 6355 6357
f 6317 6357 6346
f 6264 6353 6354
f 6264 6354 6316
f 6260 6351 6352
f 6260 6352 6267
f 6252 6371 6348
f 6252 6348 6259
f 6256 6349 6350
f 6256 6350 6263
f 6285 6335 6336
f 6285 6336 6314
f 6286 6313 6310
f 6286 6310 6289
f 6290 6309 6306
f 6290 6306 6293
f 6294 6305 6301
f 6294 6301 6297
f 6298 6300 6343
f 6298 6343 6344
f 6231 6232 6302
f 6231 6302 6304
f 6235 6251 6340
f 6235 6340 6303
f 6227 6228 6307
f 6227 6307 6308
f 6223 6224 6311
f 6223 6311 6312
f 6220 6315 6339
f 6220 6339 6244
f 6326 6337 6334
f 6326 6334 6329
f 6242 6245 6338
f 6242 6338 6325
f 6237 6322 6341
f 6237 6341 6250
f 6318 6345 6342
f 6318 6342 6321
f 6207 6243 6324
f 6207 6324 6280
f 6204 6283 6276
f 6204 6276 6211
f 6208 6279 6272
f 6208 6272 6215
f 6216 6268 6323
f 6216 6323 6236
f 6212 6275 6269
f 6212 6269 6219
f 6265 6319 6320
f 6265 6320 6271
f 6261 6266 6270
f 6261 6270 6274
f 6257 6262 6273
f 6257 6273 6278
f 6253 6258 6277
f 6253 6277 6282
f 6254 6281 6327
f 6254 6327 6328
f 5936 5938 6370
f 5936 6370 6368
f 5935 5937 6369
f 5935 6369 6367
f 5933 5934 6366
f 5933 6366 6365
f 5931 5932 6364
f 5931 6364 6363
f 5929 5930 6362
f 5929 6362 6361
f 5927 5928 6360
f 5927 6360 6359
f 5924 5926 6358
f 5924 6358 6356
f 5923 5925 6357
f 5923 6357 6355
f 5921 5922 6354
f 5921 6354 6353
f 5919 5920 6352
f 5919 6352 6351
f 6348 6371 5939
f 6348 5939 5916
f 5917 5918 6350
f 5917 6350 6349
f 6346 6357 6356
f 6346 6356 6347
f 6342 6345 6344
f 6342 6344 6343
f 6332 6366 6367
f 6332 6367 6333
f 6334 6337 6336
f 6334 6336 6335
f 6329 6334 6333
f 6329 6333 6330
f 6330 6369 6368
f 6330 6368 6331
f 6325 6338 6337
f 6325 6337 6326
f 6326 6329 6328
f 6326 6328 6327
f 6321 6342 6341
f 6321 6341 6322
f 6316 6354 6355
f 6316 6355 6317
f 6317 6346 6345
f 6317 6345 6318
f 6318 6321 6320
f 6318 6320 6319
f 6314 6336 6339
f 6314 6339 6315
f 6310 6313 6312
f 6310 6312 6311
f 6306 6309 6308
f 6306 6308 6307
f 6301 6305 6304
f 6301 6304 6302
f 6300 6303 6340
f 6300 6340 6343
f 6297 6301 6300
f 6297 6300 6298
f 6298 6344 6347
f 6298 6347 6299
f 6296 6299 6358
f 6296 6358 6359
f 6293 6306 6305
f 6293 6305 6294
f 6294 6297 6296
f 6294 6296 6295
f 6292 6295 6360
f 6292 6360 6361
f 6289 6310 6309
f 6289 6309 6290
f 6290 6293 6292
f 6290 6292 6291
f 6288 6291 6362
f 6288 6362 6363
f 6284 6332 6335
f 6284 6335 6285
f 6285 6314 6313
f 6285 6313 6286
f 6286 6289 6288
f 6286 6288 6287
f 6284 6287 6364
f 6284 6364 6365
f 6280 6324 6327
f 6280 6327 6281
f 6276 6283 6282
f 6276 6282 6277
f 6272 6279 6278
f 6272 6278 6273
f 6269 6275 6274
f 6269 6274 6270
f 6268 6271 6320
f 6268 6320 6323
f 6264 6316 6319
f 6264 6319 6265
f 6265 6271 6270
f 6265 6270 6266
f 6264 6267 6352
f 6264 6352 6353
f 6260 6267 6266
f 6260 6266 6261
f 6261 6274 6273
f 6261 6273 6262
f 6260 6263 6350
f 6260 6350 6351
f 6256 6263 6262
f 6256 6262 6257
f 6257 6278 6277
f 6257 6277 6258
f 6256 6259 6348
f 6256 6348 6349
f 6252 6259 6258
f 6252 6258 6253
f 6253 6282 6281
f 6253 6281 6254
f 6254 6328 6331
f 6254 6331 6255
f 6252 6255 6370
f 6252 6370 6371
f 6250 6341 6340
f 6250 6340 6251
f 6244 6339 6338
f 6244 6338 6245
f 6241 6246 6245
f 6241 6245 6242
f 6242 6325 6324
f 6242 6324 6243
f 6236 6323 6322
f 6236 6322 6237
f 6237 6250 6249
f 6237 6249 6238
f 6234 6248 6251
f 6234 6251 6235
f 6232 6235 6303
f 6232 6303 6302
f 6230 6233 6232
f 6230 6232 6231
f 6228 6231 6304
f 6228 6304 6307
f 6226 6229 6228
f 6226 6228 6227
f 6224 6227 6308
f 6224 6308 6311
f 6220 6244 6247
f 6220 6247 6221
f 6222 6225 6224
f 6222 6224 6223
f 6220 6223 6312
f 6220 6312 6315
f 6216 6236 6239
f 6216 6239 6217
f 6216 6219 6269
f 6216 6269 6268
f 6212 6219 6218
f 6212 6218 6213
f 6212 6215 6272
f 6212 6272 6275
f 6208 6215 6214
f 6208 6214 6209
f 6208 6211 6276
f 6208 6276 6279
f 6204 6211 6210
f 6204 6210 6205
f 6206 6240 6243
f 6206 6243 6207
f 6204 6207 6280
f 6204 6280 6283
f 6391 6396 6397
f 6391 6397 6392
f 6392 6397 6398
f 6392 6398 6393
f 6393 6398 6399
f 6393 6399 6394
f 6394 6399 6400
f 6394 6400 6395
f 6372 6395 6400
f 6372 6400 6401
f 6372 6401 6402
f 6372 6402 6373
f 6373 6402 6403
f 6373 6403 6374
f 6374 6403 6404
f 6374 6404 6375
f 6375 6404 6405
f 6375 6405 6376
f 6376 6405 6406
f 6376 6406 6377
f 6377 6406 6407
f 6377 6407 6378
f 6378 6407 6408
f 6378 6408 6379
f 6379 6408 6409
f 6379 6409 6380
f 6380 6409 6410
f 6380 6410 6381
f 6381 6410 6411
f 6381 6411 6382
f 6382 6411 6412
f 6382 6412 6383
f 6383 6412 6413
f 6383 6413 6384
f 6384 6413 6414
f 6384 6414 6385
f 6385 6414 6415
f 6385 6415 6386
f 6386 6415 6416
f 6386 6416 6387
f 6387 6416 6417
f 6387 6417 6388
f 6388 6417 6418
f 6388 6418 6389
f 6389 6418 6419
f 6389 6419 6390
f 6390 6419 6396
f 6390 6396 6391
f 6400 6420 6421
f 6400 6421 6401
f 6399 6422 6420
f 6399 6420 6400
f 6398 6423 6422
f 6398 6422 6399
f 6397 6424 6423
f 6397 6423 6398
f 6397 6396 6425
f 6397 6425 6424
f 6396 6419 6426
f 6396 6426 6425
f 6418 6427 6426
f 6418 6426 6419
f 6417 6428 6427
f 6417 6427 6418
f 6416 6429 6428
f 6416 6428 6417
f 6415 6430 6429
f 6415 6429 6416
f 6414 6431 6430
f 6414 6430 6415
f 6413 6432 6431
f 6413 6431 6414
f 6412 6433 6432
f 6412 6432 6413
f 6411 6434 6433
f 6411 6433 6412
f 6410 6435 6434
f 6410 6434 6411
f 6409 6436 6435
f 6409 6435 6410
f 6408 6437 6436
f 6408 6436 6409
f 6407 6438 6437
f 6407 6437 6408
f 6406 6439 6438
f 6406 6438 6407
f 6405 6440 6439
f 6405 6439 6406
f 6404 6441 6440
f 6404 6440 6405
f 6403 6442 6441
f 6403 6441 6404
f 6402 6443 6442
f 6402 6442 6403
f 6401 6421 6443
f 6401 6443 6402
f 6444 6445 6446
f 6444 6446 6447
f 6448 6449 6450
f 6448 6450 6451
f 6452 6453 6454
f 6452 6454 6455
f 6456 6457 6458
f 6456 6458 6459
f 6460 6461 6462
f 6460 6462 6463
f 6464 6465 6466
f 6464 6466 6467
f 6468 6469 6470
f 6468 6470 6471
f 6472 6473 6474
f 6472 6474 6475
f 6476 6477 6478
f 6476 6478 6479
f 6480 6481 6482
f 6480 6482 6483
f 6484 6485 6486
f 6484 6486 6487
f 6488 6489 6490
f 6488 6490 6491
f 6492 6493 6494
f 6492 6494 6495
f 6496 6497 6498
f 6496 6498 6499
f 6500 6501 6502
f 6500 6502 6503
f 6504 6505 6506
f 6504 6506 6507
f 6508 6509 6510
f 6508 6510 6511
f 6512 6513 6514
f 6512 6514 6515
f 6516 6517 6518
f 6516 6518 6519
f 6520 6521 6522
f 6520 6522 6523
f 6524 6525 6526
f 6524 6526 6527
f 6528 6529 6530
f 6528 6530 6531
f 6532 6533 6534
f 6532 6534 6535
f 6536 6537 6538
f 6536 6538 6539
f 6534 6540 6537
f 6530 6541 6533
f 6526 6542 6529
f 6522 6543 6525
f 6518 6544 6521
f 6514 6545 6517
f 6510 6546 6513
f 6506 6547 6509
f 6502 6548 6505
f 6498 6549 6501
f 6494 6550 6497
f 6493 6538 6551
f 6473 6436 6437
f 6473 6437 6484
f 6469 6434 6435
f 6469 6435 6472
f 6466 6432 6433
f 6466 6433 6468
f 6462 6430 6431
f 6462 6431 6465
f 6461 6491 6428
f 6461 6428 6429
f 6460 6523 6524
f 6460 6524 6488
f 6463 6464 6519
f 6463 6519 6520
f 6467 6471 6515
f 6467 6515 6516
f 6470 6475 6511
f 6470 6511 6512
f 6474 6487 6507
f 6474 6507 6508
f 6482 6485 6438
f 6482 6438 6439
f 6481 6503 6504
f 6481 6504 6486
f 6478 6489 6527
f 6478 6527 6528
f 6477 6426 6427
f 6477 6427 6490
f 6457 6499 6500
f 6457 6500 6480
f 6453 6495 6496
f 6453 6496 6456
f 6448 6539 6492
f 6448 6492 6452
f 6444 6535 6536
f 6444 6536 6451
f 6447 6479 6531
f 6447 6531 6532
f 6446 6424 6425
f 6446 6425 6476
f 6445 6450 6422
f 6445 6422 6423
f 6449 6455 6421
f 6449 6421 6420
f 6454 6459 6442
f 6454 6442 6443
f 6458 6483 6440
f 6458 6440 6441
f 6534 6537 6536
f 6534 6536 6535
f 6530 6533 6532
f 6530 6532 6531
f 6526 6529 6528
f 6526 6528 6527
f 6522 6525 6524
f 6522 6524 6523
f 6518 6521 6520
f 6518 6520 6519
f 6514 6517 6516
f 6514 6516 6515
f 6510 6513 6512
f 6510 6512 6511
f 6506 6509 6508
f 6506 6508 6507
f 6502 6505 6504
f 6502 6504 6503
f 6498 6501 6500
f 6498 6500 6499
f 6492 6539 6538
f 6492 6538 6493
f 6494 6497 6496
f 6494 6496 6495
f 6488 6524 6527
f 6488 6527 6489
f 6490 6427 6428
f 6490 6428 6491
f 6486 6504 6507
f 6486 6507 6487
f 6484 6437 6438
f 6484 6438 6485
f 6480 6500 6503
f 6480 6503 6481
f 6481 6486 6485
f 6481 6485 6482
f 6482 6439 6440
f 6482 6440 6483
f 6477 6490 6489
f 6477 6489 6478
f 6478 6528 6531
f 6478 6531 6479
f 6476 6425 6426
f 6476 6426 6477
f 6493 6551 6550
f 6493 6550 6494
f 6537 6540 6551
f 6537 6551 6538
f 6533 6541 6540
f 6533 6540 6534
f 6529 6542 6541
f 6529 6541 6530
f 6525 6543 6542
f 6525 6542 6526
f 6521 6544 6543
f 6521 6543 6522
f 6517 6545 6544
f 6517 6544 6518
f 6513 6546 6545
f 6513 6545 6514
f 6509 6547 6546
f 6509 6546 6510
f 6505 6548 6547
f 6505 6547 6506
f 6501 6549 6548
f 6501 6548 6502
f 6497 6550 6549
f 6497 6549 6498
f 6473 6484 6487
f 6473 6487 6474
f 6474 6508 6511
f 6474 6511 6475
f 6469 6472 6475
f 6469 6475 6470
f 6470 6512 6515
f 6470 6515 6471
f 6466 6468 6471
f 6466 6471 6467
f 6464 6467 6516
f 6464 6516 6519
f 6460 6488 6491
f 6460 6491 6461
f 6462 6465 6464
f 6462 6464 6463
f 6460 6463 6520
f 6460 6520 6523
f 6461 6429 6430
f 6461 6430 6462
f 6465 6431 6432
f 6465 6432 6466
f 6468 6433 6434
f 6468 6434 6469
f 6472 6435 6436
f 6472 6436 6473
f 6456 6496 6499
f 6456 6499 6457
f 6457 6480 6483
f 6457 6483 6458
f 6452 6492 6495
f 6452 6495 6453
f 6453 6456 6459
f 6453 6459 6454
f 6448 6452 6455
f 6448 6455 6449
f 6448 6451 6536
f 6448 6536 6539
f 6444 6451 6450
f 6444 6450 6445
f 6446 6476 6479
f 6446 6479 6447
f 6444 6447 6532
f 6444 6532 6535
f 6445 6423 6424
f 6445 6424 6446
f 6449 6420 6422
f 6449 6422 6450
f 6454 6443 6421
f 6454 6421 6455
f 6458 6441 6442
f 6458 6442 6459
f 6548 6549 6550
f 6548 6550 6551
f 6540 6548 6551
f 6540 6541 6548
f 6541 6542 6548
f 6542 6543 6548
f 6543 6544 6548
f 6544 6545 6548
f 6545 6546 6548
f 6546 6547 6548
f 6552 6553 6554
f 6552 6554 6555
f 151 152 6556
f 151 6556 153
f 6557 6558 6559
f 6557 6559 6560
f 6561 6562 6563
f 6561 6563 6564
f 6565 6566 6567
f 6565 6567 6568
f 154 6569 155
f 154 155 156
f 188 6570 6571
f 188 6571 189
f 73 121 6568
f 73 6568 154
f 68 6564 6565
f 68 6565 124
f 66 6560 6561
f 66 6561 71
f 65 219 153
f 65 153 6557
f 6567 6572 6569
f 155 6573 158
f 6554 6574 6575
f 6554 6575 6555
f 188 227 6576
f 188 6576 6570
f 6569 6572 6573
f 6569 6573 155
f 6567 6569 154
f 6567 154 6568
f 6563 6566 6565
f 6563 6565 6564
f 6559 6562 6561
f 6559 6561 6560
f 6556 6558 6557
f 6556 6557 153
f 152 189 6571
f 152 6571 6556
f 121 124 6565
f 121 6565 6568
f 68 71 6561
f 68 6561 6564
f 65 6557 6560
f 65 6560 66
f 6556 6571 6558
f 59 158 6573
f 59 6573 6577
f 227 6575 6574
f 227 6574 6576
f 6552 239 277
f 6552 277 276
f 6552 6555 217
f 6552 217 239
f 6555 6575 218
f 6555 218 217
f 218 6575 227
f 6578 6579 6580
f 6578 6580 6581
f 6582 6583 6584
f 6582 6584 6585
f 6586 6587 6588
f 6586 6588 6589
f 228 6590 6591
f 228 6591 313
f 314 315 6592
f 314 6592 6593
f 6572 6594 6573
f 6595 6596 6597
f 6595 6597 6598
f 6599 6600 6601
f 6599 6601 6602
f 6603 6604 6605
f 6603 6605 6606
f 6607 6608 6609
f 6607 6609 6610
f 6611 6612 6613
f 6611 6613 6614
f 6615 6616 6617
f 6615 6617 6618
f 6577 6619 6620
f 6577 6620 6621
f 6622 6623 6624
f 6622 6624 6625
f 214 324 314
f 214 314 6593
f 6599 6626 6627
f 6599 6627 6600
f 6584 6628 6629
f 6584 6629 6585
f 6585 6629 6626
f 6585 6626 6599
f 6584 309 328
f 6584 328 6628
f 6588 6591 6598
f 6588 6598 6625
f 214 6593 6617
f 214 6617 276
f 6592 6611 6610
f 6592 6610 6618
f 315 322 316
f 315 316 6612
f 60 6621 6595
f 60 6595 6590
f 46 313 6587
f 46 6587 310
f 6589 6624 6626
f 6589 6626 6629
f 311 6586 6628
f 311 6628 328
f 6581 6606 6607
f 6581 6607 6614
f 6580 6582 6602
f 6580 6602 6603
f 305 6578 6613
f 305 6613 319
f 304 306 6583
f 304 6583 6579
f 6553 276 6617
f 6553 6617 6616
f 6612 316 319
f 6612 319 6613
f 6609 6615 6618
f 6609 6618 6610
f 6607 6610 6611
f 6607 6611 6614
f 6605 6608 6607
f 6605 6607 6606
f 6601 6604 6603
f 6601 6603 6602
f 6623 6627 6626
f 6623 6626 6624
f 6597 6622 6625
f 6597 6625 6598
f 6595 6621 6620
f 6595 6620 6596
f 6573 6594 6619
f 6573 6619 6577
f 6592 6618 6617
f 6592 6617 6593
f 315 6612 6611
f 315 6611 6592
f 6591 6590 6595
f 6591 6595 6598
f 6588 6625 6624
f 6588 6624 6589
f 6587 313 6591
f 6587 6591 6588
f 310 6587 6586
f 310 6586 311
f 6586 6589 6629
f 6586 6629 6628
f 6583 306 309
f 6583 309 6584
f 6582 6585 6599
f 6582 6599 6602
f 6580 6603 6606
f 6580 6606 6581
f 6579 6583 6582
f 6579 6582 6580
f 6578 6581 6614
f 6578 6614 6613
f 304 6579 6578
f 304 6578 305
f 59 6577 6621
f 59 6621 60
f 57 60 6590
f 57 6590 228
f 6552 276 6553
f 6630 6631 6632
f 6630 6632 6633
f 6634 6635 6636
f 6634 6636 6637
f 6638 6639 6640
f 6638 6640 6641
f 6642 6643 6644
f 6642 6644 6645
f 6646 6647 6648
f 6646 6648 6649
f 6650 6651 6652
f 6650 6652 6653
f 6654 6655 6656
f 6654 6656 6657
f 6658 6659 6660
f 6658 6660 6661
f 6662 6663 6664
f 6662 6664 6665
f 6666 6667 6668
f 6666 6668 6669
f 6670 6671 6672
f 6673 6674 6675
f 6673 6675 6676
f 6677 6678 6679
f 6677 6679 6680
f 6681 6682 6683
f 6681 6683 6684
f 6685 6686 6687
f 6685 6687 6688
f 6689 6690 6691
f 6689 6691 6692
f 6693 6694 6695
f 6693 6695 6696
f 6697 6698 6699
f 6697 6699 6700
f 6701 6702 6703
f 6701 6703 6704
f 6705 6706 6707
f 6705 6707 6708
f 6709 6710 6711
f 6709 6711 6712
f 6713 6714 6715
f 6713 6715 6716
f 6717 6718 6719
f 6717 6719 6720
f 6721 6722 6723
f 6721 6723 6724
f 6725 6726 6727
f 6725 6727 6728
f 6729 6730 6731
f 6729 6731 6732
f 6733 6734 6735
f 6733 6735 6736
f 6737 6738 6739
f 6737 6739 6740
f 6741 6742 6743
f 6741 6743 6744
f 6745 6746 6747
f 6748 6749 6750
f 6748 6750 6751
f 6752 6753 6754
f 6752 6754 6755
f 6756 6757 6758
f 6756 6758 6759
f 6760 6761 6762
f 6760 6762 6763
f 6764 6765 6766
f 6764 6766 6767
f 6768 6769 6770
f 6768 6770 6771
f 6772 6773 6774
f 6772 6774 6775
f 6776 6777 6778
f 6776 6778 6779
f 6780 6781 6782
f 6780 6782 6783
f 6784 6785 6786
f 6784 6786 6787
f 6788 6789 6790
f 6788 6790 6791
f 6792 6793 6794
f 6792 6794 6795
f 6796 6797 6798
f 6796 6798 6799
f 6800 6801 6802
f 6800 6802 6803
f 6804 6805 6806
f 6804 6806 6807
f 6808 6809 6810
f 6808 6810 6811
f 6812 6813 6814
f 6812 6814 6815
f 6816 6817 6818
f 6816 6818 6819
f 6820 6821 6822
f 6820 6822 6823
f 6824 6825 6826
f 6824 6826 6827
f 6828 6829 6830
f 6828 6830 6831
f 6832 6833 6834
f 6832 6834 6835
f 6836 6837 6838
f 6836 6838 6839
f 6840 6841 6842
f 6840 6842 6843
f 6844 6845 6846
f 6844 6846 6847
f 6848 6849 6850
f 6848 6850 6851
f 6852 6853 6854
f 6852 6854 6855
f 6856 6857 6858
f 6856 6858 6859
f 6860 6861 6862
f 6860 6862 6863
f 6864 6865 6866
f 6864 6866 6867
f 6868 6869 6870
f 6868 6870 6871
f 6872 6873 6874
f 6872 6874 6875
f 6876 6877 6878
f 6876 6878 6879
f 6880 6881 6882
f 6880 6882 6883
f 6884 6885 6886
f 6884 6886 6887
f 6888 6889 6890
f 6888 6890 6891
f 6662 6892 6893
f 6662 6893 6663
f 6662 6669 6894
f 6662 6894 6892
f 6668 6895 6894
f 6668 6894 6669
f 6668 6699 6895
f 6600 6627 6896
f 6563 6859 6890
f 6563 6890 6566
f 6705 6891 6858
f 6705 6858 6711
f 6702 6738 6811
f 6702 6811 6836
f 6701 6707 6734
f 6701 6734 6739
f 6706 6710 6730
f 6706 6730 6735
f 6709 6714 6726
f 6709 6726 6731
f 6713 6718 6723
f 6713 6723 6727
f 6717 6835 6828
f 6717 6828 6724
f 6722 6759 6752
f 6722 6752 6728
f 6721 6831 6824
f 6721 6824 6756
f 6725 6755 6748
f 6725 6748 6732
f 6729 6751 6745
f 6729 6745 6736
f 6733 6747 6741
f 6733 6741 6740
f 6737 6744 6815
f 6737 6815 6808
f 6743 6772 6819
f 6743 6819 6812
f 6746 6750 6770
f 6746 6770 6773
f 6749 6754 6765
f 6749 6765 6771
f 6753 6758 6762
f 6753 6762 6766
f 6757 6827 6820
f 6757 6820 6763
f 6801 6806 6809
f 6801 6809 6814
f 6797 6802 6813
f 6797 6813 6818
f 6789 6794 6821
f 6789 6821 6826
f 6785 6790 6825
f 6785 6825 6830
f 6781 6786 6829
f 6781 6829 6834
f 6778 6837 6810
f 6778 6810 6805
f 6683 6685 6795
f 6683 6795 6788
f 6679 6690 6686
f 6679 6686 6682
f 6675 6693 6691
f 6675 6691 6678
f 6671 6895 6699
f 6667 6803 6796
f 6667 6796 6700
f 6665 6807 6800
f 6665 6800 6666
f 6661 6892 6894
f 6661 6894 6670
f 6657 6658 6672
f 6657 6672 6673
f 6653 6654 6676
f 6653 6676 6677
f 6649 6684 6791
f 6649 6791 6784
f 6648 6650 6680
f 6648 6680 6681
f 6643 6646 6787
f 6643 6787 6780
f 6639 6651 6647
f 6639 6647 6642
f 6638 6897 6655
f 6638 6655 6652
f 6636 6660 6659
f 6636 6659 6637
f 6636 6898 6893
f 6636 6893 6660
f 6630 6779 6804
f 6630 6804 6664
f 6596 6620 6882
f 6596 6882 6887
f 6777 6884 6881
f 6777 6881 6838
f 6594 6872 6883
f 6594 6883 6619
f 6554 6870 6879
f 6554 6879 6574
f 6782 6833 6876
f 6782 6876 6869
f 6570 6576 6878
f 6570 6878 6866
f 6703 6839 6880
f 6703 6880 6875
f 6720 6867 6877
f 6720 6877 6832
f 6716 6861 6864
f 6716 6864 6719
f 6712 6857 6862
f 6712 6862 6715
f 6704 6874 6888
f 6704 6888 6708
f 6559 6863 6856
f 6559 6856 6562
f 6558 6571 6865
f 6558 6865 6860
f 6633 6855 6885
f 6633 6885 6776
f 6854 6622 6597
f 6854 6597 6886
f 6632 6899 6900
f 6632 6900 6852
f 6853 6896 6627
f 6853 6627 6623
f 6848 6851 6899
f 6848 6899 6901
f 6850 6604 6601
f 6850 6601 6902
f 6634 6847 6848
f 6634 6848 6635
f 6846 6608 6605
f 6846 6605 6849
f 6644 6783 6868
f 6644 6868 6843
f 6640 6645 6842
f 6640 6842 6844
f 6841 6615 6609
f 6841 6609 6845
f 6553 6616 6840
f 6553 6840 6871
f 6881 6884 6887
f 6881 6887 6882
f 6873 6889 6888
f 6873 6888 6874
f 6872 6875 6880
f 6872 6880 6883
f 6869 6876 6879
f 6869 6879 6870
f 6866 6878 6877
f 6866 6877 6867
f 6860 6865 6864
f 6860 6864 6861
f 6858 6891 6890
f 6858 6890 6859
f 6856 6863 6862
f 6856 6862 6857
f 6574 6879 6878
f 6574 6878 6576
f 6553 6871 6870
f 6553 6870 6554
f 6619 6883 6882
f 6619 6882 6620
f 6596 6887 6886
f 6596 6886 6597
f 6572 6873 6872
f 6572 6872 6594
f 6570 6866 6865
f 6570 6865 6571
f 6854 6886 6885
f 6854 6885 6855
f 6853 6623 6622
f 6853 6622 6854
f 6852 6900 6896
f 6852 6896 6853
f 6600 6896 6902
f 6600 6902 6601
f 6896 6900 6902
f 6849 6605 6604
f 6849 6604 6850
f 6846 6849 6848
f 6846 6848 6847
f 6845 6609 6608
f 6845 6608 6846
f 6841 6845 6844
f 6841 6844 6842
f 6840 6616 6615
f 6840 6615 6841
f 6840 6843 6868
f 6840 6868 6871
f 6838 6881 6880
f 6838 6880 6839
f 6832 6877 6876
f 6832 6876 6833
f 6828 6835 6834
f 6828 6834 6829
f 6824 6831 6830
f 6824 6830 6825
f 6820 6827 6826
f 6820 6826 6821
f 6812 6819 6818
f 6812 6818 6813
f 6810 6837 6836
f 6810 6836 6811
f 6808 6815 6814
f 6808 6814 6809
f 6805 6810 6809
f 6805 6809 6806
f 6801 6814 6813
f 6801 6813 6802
f 6800 6807 6806
f 6800 6806 6801
f 6797 6818 6817
f 6797 6817 6798
f 6796 6803 6802
f 6796 6802 6797
f 6793 6822 6821
f 6793 6821 6794
f 6789 6826 6825
f 6789 6825 6790
f 6788 6795 6794
f 6788 6794 6789
f 6785 6830 6829
f 6785 6829 6786
f 6784 6791 6790
f 6784 6790 6785
f 6782 6869 6868
f 6782 6868 6783
f 6781 6834 6833
f 6781 6833 6782
f 6780 6787 6786
f 6780 6786 6781
f 6778 6805 6804
f 6778 6804 6779
f 6777 6838 6837
f 6777 6837 6778
f 6776 6885 6884
f 6776 6884 6777
f 6772 6775 6816
f 6772 6816 6819
f 6769 6774 6773
f 6769 6773 6770
f 6764 6768 6771
f 6764 6771 6765
f 6761 6767 6766
f 6761 6766 6762
f 6760 6763 6820
f 6760 6820 6823
f 6757 6763 6762
f 6757 6762 6758
f 6756 6824 6827
f 6756 6827 6757
f 6753 6766 6765
f 6753 6765 6754
f 6752 6759 6758
f 6752 6758 6753
f 6749 6771 6770
f 6749 6770 6750
f 6748 6755 6754
f 6748 6754 6749
f 6745 6751 6750
f 6745 6750 6746
f 6743 6812 6815
f 6743 6815 6744
f 6742 6773 6772
f 6742 6772 6743
f 6741 6747 6746
f 6741 6746 6742
f 6737 6808 6811
f 6737 6811 6738
f 6737 6740 6741
f 6737 6741 6744
f 6733 6740 6739
f 6733 6739 6734
f 6733 6736 6745
f 6733 6745 6747
f 6729 6736 6735
f 6729 6735 6730
f 6729 6732 6748
f 6729 6748 6751
f 6725 6732 6731
f 6725 6731 6726
f 6725 6728 6752
f 6725 6752 6755
f 6722 6728 6727
f 6722 6727 6723
f 6721 6756 6759
f 6721 6759 6722
f 6721 6724 6828
f 6721 6828 6831
f 6719 6864 6867
f 6719 6867 6720
f 6717 6724 6723
f 6717 6723 6718
f 6717 6720 6832
f 6717 6832 6835
f 6715 6862 6861
f 6715 6861 6716
f 6713 6727 6726
f 6713 6726 6714
f 6713 6716 6719
f 6713 6719 6718
f 6711 6858 6857
f 6711 6857 6712
f 6709 6731 6730
f 6709 6730 6710
f 6709 6712 6715
f 6709 6715 6714
f 6706 6735 6734
f 6706 6734 6707
f 6705 6711 6710
f 6705 6710 6706
f 6705 6708 6888
f 6705 6888 6891
f 6703 6875 6874
f 6703 6874 6704
f 6702 6836 6839
f 6702 6839 6703
f 6701 6739 6738
f 6701 6738 6702
f 6701 6704 6708
f 6701 6708 6707
f 6697 6700 6796
f 6697 6796 6799
f 6694 6699 6698
f 6694 6698 6695
f 6691 6693 6696
f 6691 6696 6692
f 6686 6690 6689
f 6686 6689 6687
f 6685 6688 6792
f 6685 6792 6795
f 6683 6788 6791
f 6683 6791 6684
f 6682 6686 6685
f 6682 6685 6683
f 6679 6682 6681
f 6679 6681 6680
f 6678 6691 6690
f 6678 6690 6679
f 6675 6678 6677
f 6675 6677 6676
f 6674 6694 6693
f 6674 6693 6675
f 6671 6674 6673
f 6671 6673 6672
f 6670 6894 6895
f 6670 6895 6671
f 6667 6700 6699
f 6667 6699 6668
f 6666 6800 6803
f 6666 6803 6667
f 6664 6804 6807
f 6664 6807 6665
f 6662 6665 6666
f 6662 6666 6669
f 6660 6893 6892
f 6660 6892 6661
f 6658 6661 6670
f 6658 6670 6672
f 6656 6659 6658
f 6656 6658 6657
f 6654 6657 6673
f 6654 6673 6676
f 6652 6655 6654
f 6652 6654 6653
f 6650 6653 6677
f 6650 6677 6680
f 6648 6681 6684
f 6648 6684 6649
f 6647 6651 6650
f 6647 6650 6648
f 6646 6649 6784
f 6646 6784 6787
f 6644 6843 6842
f 6644 6842 6645
f 6643 6780 6783
f 6643 6783 6644
f 6642 6647 6646
f 6642 6646 6643
f 6640 6844 6847
f 6640 6847 6641
f 6639 6642 6645
f 6639 6645 6640
f 6638 6652 6651
f 6638 6651 6639
f 6634 6637 6897
f 6634 6897 6641
f 6637 6659 6656
f 6637 6656 6897
f 6851 6900 6899
f 6635 6901 6898
f 6635 6898 6636
f 6632 6852 6855
f 6632 6855 6633
f 6631 6899 6632
f 6630 6664 6663
f 6630 6663 6631
f 6630 6633 6776
f 6630 6776 6779
f 6566 6890 6889
f 6566 6889 6567
f 6562 6856 6859
f 6562 6859 6563
f 6558 6860 6863
f 6558 6863 6559
f 6671 6699 6694
f 6671 6694 6674
f 6742 6746 6773
f 6567 6889 6873
f 6567 6873 6572
f 6631 6663 6893
f 6631 6893 6898
f 6634 6641 6847
f 6635 6848 6901
f 6655 6897 6656
f 6638 6641 6897
f 6631 6898 6901
f 6631 6901 6899
f 6850 6902 6900
f 6850 6900 6851
f 6761 6903 6904
f 6761 6904 6767
f 6760 6823 6905
f 6760 6905 6906
f 6764 6907 6908
f 6764 6908 6768
f 6769 6909 6910
f 6769 6910 6774
f 6775 6911 6912
f 6775 6912 6816
f 6798 6817 6913
f 6798 6913 6914
f 6793 6915 6916
f 6793 6916 6822
f 6697 6799 6917
f 6697 6917 6918
f 6695 6698 6919
f 6695 6919 6920
f 6692 6696 6921
f 6692 6921 6922
f 6688 6923 6924
f 6688 6924 6792
f 6687 6689 6925
f 6687 6925 6926
f 6687 6926 6923
f 6687 6923 6688
f 6792 6924 6915
f 6792 6915 6793
f 6689 6692 6922
f 6689 6922 6925
f 6822 6916 6905
f 6822 6905 6823
f 6760 6906 6903
f 6760 6903 6761
f 6764 6767 6904
f 6764 6904 6907
f 6816 6912 6913
f 6816 6913 6817
f 6798 6914 6917
f 6798 6917 6799
f 6774 6910 6911
f 6774 6911 6775
f 6768 6908 6909
f 6768 6909 6769
f 6697 6918 6919
f 6697 6919 6698
f 6695 6920 6921
f 6695 6921 6696
f 6948 6950 6951
f 6948 6951 6952
f 6945 6947 6953
f 6945 6953 6954
f 6943 6946 6955
f 6943 6955 6956
f 6941 6944 6957
f 6941 6957 6958
f 6939 6942 6959
f 6939 6959 6960
f 6937 6940 6961
f 6937 6961 6962
f 6936 6938 6963
f 6936 6963 6964
f 6933 6935 6965
f 6933 6965 6966
f 6931 6934 6967
f 6931 6967 6968
f 6929 6932 6969
f 6929 6969 6970
f 6928 6971 6972
f 6928 6972 6949
f 6927 6930 6973
f 6927 6973 6974
f 6949 6972 6951
f 6949 6951 6950
f 6947 6948 6952
f 6947 6952 6953
f 6945 6954 6955
f 6945 6955 6946
f 6943 6956 6957
f 6943 6957 6944
f 6941 6958 6959
f 6941 6959 6942
f 6939 6960 6961
f 6939 6961 6940
f 6937 6962 6963
f 6937 6963 6938
f 6935 6936 6964
f 6935 6964 6965
f 6933 6966 6967
f 6933 6967 6934
f 6931 6968 6969
f 6931 6969 6932
f 6929 6970 6973
f 6929 6973 6930
f 6927 6974 6971
f 6927 6971 6928
f 6920 6975 6976
f 6920 6976 6921
f 6918 6977 6978
f 6918 6978 6919
f 6979 6980 6981
f 6979 6981 6982
f 6983 6984 6985
f 6983 6985 6986
f 6987 6988 6989
f 6987 6989 6990
f 6991 6992 6993
f 6991 6993 6994
f 6995 6996 6997
f 6995 6997 6998
f 6999 7000 7001
f 6999 7001 7002
f 7003 7004 7005
f 7003 7005 7006
f 7007 7008 7009
f 7007 7009 7010
f 7011 7012 7013
f 7011 7013 7014
f 7015 7016 7017
f 7015 7017 7018
f 7019 7020 7021
f 7019 7021 7022
f 7023 7024 7025
f 7023 7025 7026
f 6968 7027 7028
f 6968 7028 6969
f 6970 7029 7030
f 6970 7030 6973
f 6971 6974 7031
f 6971 7031 7032
f 6951 6972 7033
f 6951 7033 7034
f 6908 7035 7036
f 6908 7036 6909
f 6910 7037 7038
f 6910 7038 6911
f 7039 7040 7041
f 7039 7041 7042
f 7043 7044 7045
f 7043 7045 7046
f 7047 7048 7049
f 7047 7049 7050
f 7051 7052 7053
f 7051 7053 7054
f 7055 7056 7057
f 7055 7057 7058
f 7059 7060 7061
f 7059 7061 7062
f 7063 7064 7065
f 7063 7065 7066
f 7067 7068 7069
f 7067 7069 7070
f 7071 7072 7073
f 7071 7073 7074
f 7075 7076 7077
f 7075 7077 7078
f 7079 7080 7081
f 7079 7081 7082
f 7083 7084 7085
f 7083 7085 7086
f 6962 7087 7088
f 6962 7088 6963
f 6960 7089 7090
f 6960 7090 6961
f 6958 7091 7092
f 6958 7092 6959
f 6956 7093 7094
f 6956 7094 6957
f 7095 7096 7097
f 7095 7097 7098
f 7099 7100 7101
f 7099 7101 7102
f 7103 7104 7105
f 7103 7105 7106
f 6966 7107 7108
f 6966 7108 6967
f 6952 7109 7110
f 6952 7110 6953
f 7111 7112 7113
f 7111 7113 7114
f 7115 7116 7117
f 7115 7117 7118
f 7119 7120 7121
f 7119 7121 7122
f 6914 7123 7124
f 6914 7124 6917
f 6912 7125 7126
f 6912 7126 6913
f 7127 7128 7129
f 7127 7129 7130
f 7131 7132 7133
f 7131 7133 7134
f 7135 7136 7137
f 7135 7137 7138
f 6954 7139 7140
f 6954 7140 6955
f 6964 7141 7142
f 6964 7142 6965
f 7143 7144 7145
f 7143 7145 7146
f 7147 7148 7149
f 7147 7149 7150
f 7151 7152 7153
f 7151 7153 7154
f 6904 7155 7156
f 6904 7156 6907
f 6903 6906 7157
f 6903 7157 7158
f 6905 6916 7159
f 6905 7159 7160
f 6922 7161 7162
f 6922 7162 6925
f 6915 6924 7163
f 6915 7163 7164
f 6923 6926 7165
f 6923 7165 7166
f 7167 7168 7169
f 7167 7169 7170
f 7171 7172 7173
f 7171 7173 7174
f 7175 7176 7177
f 7175 7177 7178
f 7179 7180 7181
f 7179 7181 7182
f 7183 7184 7185
f 7183 7185 7186
f 7187 7188 7189
f 7187 7189 7190
f 7191 7192 7193
f 7191 7193 7194
f 7195 7196 7197
f 7195 7197 7198
f 7199 7200 7201
f 7199 7201 7202
f 7203 7204 7205
f 7203 7205 7206
f 7207 7208 7209
f 7207 7209 7210
f 7211 7212 7213
f 7211 7213 7214
f 6998 7099 7206
f 6998 7206 7211
f 7009 7210 7199
f 7009 7199 7115
f 7102 7147 7198
f 7102 7198 7203
f 7055 7194 7195
f 7055 7195 7150
f 7058 7061 7190
f 7058 7190 7191
f 7060 7065 7186
f 7060 7186 7187
f 7064 7069 7182
f 7064 7182 7183
f 7116 7202 7175
f 7116 7175 7134
f 7068 7131 7178
f 7068 7178 7179
f 6995 7214 7171
f 6995 7171 7000
f 7005 7170 7207
f 7005 7207 7008
f 7001 7174 7167
f 7001 7167 7004
f 7097 7151 7159
f 7097 7159 7164
f 7051 7157 7160
f 7051 7160 7154
f 7047 7155 7158
f 7047 7158 7054
f 7035 7156 7050
f 7035 7050 7044
f 6994 7098 7163
f 6994 7163 7166
f 6990 6991 7165
f 6990 7165 7162
f 6976 6985 6987
f 6976 6987 7161
f 7036 7043 7042
f 7036 7042 7037
f 7038 7041 7130
f 7038 7130 7125
f 7040 7180 7177
f 7040 7177 7127
f 7039 7046 7184
f 7039 7184 7181
f 7045 7049 7188
f 7045 7188 7185
f 7048 7053 7192
f 7048 7192 7189
f 7052 7153 7196
f 7052 7196 7193
f 7057 7086 7079
f 7057 7079 7062
f 7056 7149 7143
f 7056 7143 7083
f 7059 7082 7075
f 7059 7075 7066
f 7063 7078 7071
f 7063 7071 7070
f 7067 7074 7138
f 7067 7138 7132
f 7073 7093 7140
f 7073 7140 7135
f 7072 7077 7091
f 7072 7091 7094
f 7076 7081 7089
f 7076 7089 7092
f 7080 7085 7087
f 7080 7087 7090
f 7084 7146 7141
f 7084 7141 7088
f 7120 7123 7126
f 7120 7126 7129
f 7121 7128 7176
f 7121 7176 7201
f 7112 7117 7133
f 7112 7133 7137
f 7110 7113 7136
f 7110 7136 7139
f 7104 7107 7142
f 7104 7142 7145
f 7101 7105 7144
f 7101 7144 7148
f 7096 7204 7197
f 7096 7197 7152
f 7025 7027 7108
f 7025 7108 7103
f 7021 7029 7028
f 7021 7028 7024
f 7017 7031 7030
f 7017 7030 7020
f 7013 7033 7032
f 7013 7032 7016
f 7012 7114 7109
f 7012 7109 7034
f 7010 7118 7111
f 7010 7111 7011
f 7006 7007 7014
f 7006 7014 7015
f 7002 7003 7018
f 7002 7018 7019
f 6997 7026 7106
f 6997 7106 7100
f 6996 6999 7022
f 6996 7022 7023
f 6993 7212 7205
f 6993 7205 7095
f 6989 7172 7213
f 6989 7213 6992
f 6984 7168 7173
f 6984 7173 6988
f 6982 7208 7169
f 6982 7169 6983
f 6981 7122 7200
f 6981 7200 7209
f 6977 7124 7119
f 6977 7119 6980
f 6975 6978 6979
f 6975 6979 6986
f 7205 7212 7211
f 7205 7211 7206
f 7199 7210 7209
f 7199 7209 7200
f 7197 7204 7203
f 7197 7203 7198
f 7193 7196 7195
f 7193 7195 7194
f 7189 7192 7191
f 7189 7191 7190
f 7185 7188 7187
f 7185 7187 7186
f 7181 7184 7183
f 7181 7183 7182
f 7177 7180 7179
f 7177 7179 7178
f 7175 7202 7201
f 7175 7201 7176
f 7171 7214 7213
f 7171 7213 7172
f 7169 7208 7207
f 7169 7207 7170
f 7167 7174 7173
f 7167 7173 7168
f 6923 7166 7163
f 6923 7163 6924
f 6925 7162 7165
f 6925 7165 6926
f 6915 7164 7159
f 6915 7159 6916
f 6905 7160 7157
f 6905 7157 6906
f 6903 7158 7155
f 6903 7155 6904
f 7152 7197 7196
f 7152 7196 7153
f 7151 7154 7160
f 7151 7160 7159
f 7147 7150 7195
f 7147 7195 7198
f 7143 7149 7148
f 7143 7148 7144
f 7141 7146 7145
f 7141 7145 7142
f 7135 7140 7139
f 7135 7139 7136
f 7132 7138 7137
f 7132 7137 7133
f 7131 7134 7175
f 7131 7175 7178
f 7127 7177 7176
f 7127 7176 7128
f 7125 7130 7129
f 7125 7129 7126
f 6913 7126 7123
f 6913 7123 6914
f 7121 7201 7200
f 7121 7200 7122
f 7120 7129 7128
f 7120 7128 7121
f 7119 7124 7123
f 7119 7123 7120
f 7116 7134 7133
f 7116 7133 7117
f 7115 7199 7202
f 7115 7202 7116
f 7112 7137 7136
f 7112 7136 7113
f 7111 7118 7117
f 7111 7117 7112
f 6953 7110 7139
f 6953 7139 6954
f 7109 7114 7113
f 7109 7113 7110
f 6965 7142 7107
f 6965 7107 6966
f 7104 7145 7144
f 7104 7144 7105
f 7103 7108 7107
f 7103 7107 7104
f 7101 7148 7147
f 7101 7147 7102
f 7100 7106 7105
f 7100 7105 7101
f 7099 7102 7203
f 7099 7203 7206
f 7097 7164 7163
f 7097 7163 7098
f 7096 7152 7151
f 7096 7151 7097
f 7095 7205 7204
f 7095 7204 7096
f 6955 7140 7093
f 6955 7093 6956
f 6957 7094 7091
f 6957 7091 6958
f 6959 7092 7089
f 6959 7089 6960
f 6961 7090 7087
f 6961 7087 6962
f 6963 7088 7141
f 6963 7141 6964
f 7084 7088 7087
f 7084 7087 7085
f 7083 7143 7146
f 7083 7146 7084
f 7080 7090 7089
f 7080 7089 7081
f 7079 7086 7085
f 7079 7085 7080
f 7076 7092 7091
f 7076 7091 7077
f 7075 7082 7081
f 7075 7081 7076
f 7073 7135 7138
f 7073 7138 7074
f 7072 7094 7093
f 7072 7093 7073
f 7071 7078 7077
f 7071 7077 7072
f 7068 7179 7182
f 7068 7182 7069
f 7067 7132 7131
f 7067 7131 7068
f 7067 7070 7071
f 7067 7071 7074
f 7064 7183 7186
f 7064 7186 7065
f 7063 7070 7069
f 7063 7069 7064
f 7063 7066 7075
f 7063 7075 7078
f 7060 7187 7190
f 7060 7190 7061
f 7059 7066 7065
f 7059 7065 7060
f 7059 7062 7079
f 7059 7079 7082
f 7057 7062 7061
f 7057 7061 7058
f 7056 7083 7086
f 7056 7086 7057
f 7055 7150 7149
f 7055 7149 7056
f 7055 7058 7191
f 7055 7191 7194
f 7052 7193 7192
f 7052 7192 7053
f 7051 7154 7153
f 7051 7153 7052
f 7051 7054 7158
f 7051 7158 7157
f 7048 7189 7188
f 7048 7188 7049
f 7047 7054 7053
f 7047 7053 7048
f 7047 7050 7156
f 7047 7156 7155
f 7045 7185 7184
f 7045 7184 7046
f 7044 7050 7049
f 7044 7049 7045
f 7040 7127 7130
f 7040 7130 7041
f 7039 7181 7180
f 7039 7180 7040
f 7039 7042 7043
f 7039 7043 7046
f 6911 7038 7125
f 6911 7125 6912
f 7038 7037 7042
f 7038 7042 7041
f 7035 7044 7043
f 7035 7043 7036
f 6907 7156 7035
f 6907 7035 6908
f 6909 7036 7037
f 6909 7037 6910
f 6951 7034 7109
f 6951 7109 6952
f 6972 6971 7032
f 6972 7032 7033
f 6973 7030 7031
f 6973 7031 6974
f 6969 7028 7029
f 6969 7029 6970
f 6967 7108 7027
f 6967 7027 6968
f 7025 7103 7106
f 7025 7106 7026
f 7024 7028 7027
f 7024 7027 7025
f 7021 7024 7023
f 7021 7023 7022
f 7020 7030 7029
f 7020 7029 7021
f 7017 7020 7019
f 7017 7019 7018
f 7016 7032 7031
f 7016 7031 7017
f 7013 7016 7015
f 7013 7015 7014
f 7012 7034 7033
f 7012 7033 7013
f 7011 7111 7114
f 7011 7114 7012
f 7009 7115 7118
f 7009 7118 7010
f 7008 7207 7210
f 7008 7210 7009
f 7007 7010 7011
f 7007 7011 7014
f 7005 7008 7007
f 7005 7007 7006
f 7004 7167 7170
f 7004 7170 7005
f 7003 7006 7015
f 7003 7015 7018
f 7001 7004 7003
f 7001 7003 7002
f 7000 7171 7174
f 7000 7174 7001
f 6999 7002 7019
f 6999 7019 7022
f 6997 7100 7099
f 6997 7099 6998
f 6996 7023 7026
f 6996 7026 6997
f 6995 7000 6999
f 6995 6999 6996
f 6995 6998 7211
f 6995 7211 7214
f 6993 7095 7098
f 6993 7098 6994
f 6992 7213 7212
f 6992 7212 6993
f 6991 6994 7166
f 6991 7166 7165
f 6989 6992 6991
f 6989 6991 6990
f 6988 7173 7172
f 6988 7172 6989
f 6987 6990 7162
f 6987 7162 7161
f 6984 6988 6987
f 6984 6987 6985
f 6983 7169 7168
f 6983 7168 6984
f 6981 7209 7208
f 6981 7208 6982
f 6980 7119 7122
f 6980 7122 6981
f 6979 6982 6983
f 6979 6983 6986
f 6917 7124 6977
f 6917 6977 6918
f 6978 6977 6980
f 6978 6980 6979
f 6922 6921 6976
f 6922 6976 7161
f 6975 6986 6985
f 6975 6985 6976
f 6919 6978 6975
f 6919 6975 6920
f 7215 7216 7217
f 7215 7217 7218
f 7219 7220 7221
f 7219 7221 7222
f 7223 7224 7225
f 7223 7225 7226
f 7227 7228 7229
f 7227 7229 7230
f 7231 7232 7233
f 7231 7233 7234
f 7235 7236 7237
f 7235 7237 7238
f 7239 7240 7241
f 7239 7241 7242
f 7243 7244 7245
f 7243 7245 7246
f 7247 7248 7249
f 7247 7249 7250
f 7251 7252 7253
f 7251 7253 7254
f 7255 7256 7257
f 7255 7257 7258
f 7259 7260 7261
f 7259 7261 7262
f 7263 7264 7265
f 7263 7265 7266
f 7267 7268 7269
f 7267 7269 7270
f 7271 7272 7273
f 7271 7273 7274
f 7275 7276 7277
f 7275 7277 7278
f 7279 7280 7281
f 7279 7281 7282
f 7283 7284 7285
f 7283 7285 7286
f 7287 7288 7289
f 7287 7289 7290
f 7291 7292 7293
f 7291 7293 7294
f 7295 7296 7297
f 7295 7297 7298
f 7299 7300 7301
f 7299 7301 7302
f 7303 7304 7305
f 7303 7305 7306
f 7307 7308 7309
f 7307 7309 7310
f 7311 7312 7313
f 7311 7313 7314
f 7315 7316 7317
f 7315 7317 7318
f 7319 7320 7321
f 7319 7321 7322
f 7323 7324 7325
f 7323 7325 7326
f 7327 7328 7329
f 7327 7329 7330
f 7331 7332 7333
f 7331 7333 7334
f 7335 7336 7337
f 7335 7337 7338
f 7339 7340 7341
f 7339 7341 7342
f 7343 7344 7345
f 7343 7345 7346
f 7347 7348 7349
f 7347 7349 7350
f 7351 7352 7353
f 7351 7353 7354
f 7355 7356 7357
f 7355 7357 7358
f 7359 6927 6928
f 7359 6928 7360
f 7361 6929 6930
f 7361 6930 7362
f 7363 6931 6932
f 7363 6932 7364
f 7365 6933 6934
f 7365 6934 7366
f 6935 7367 7368
f 6935 7368 6936
f 7369 6937 6938
f 7369 6938 7370
f 7371 6939 6940
f 7371 6940 7372
f 7373 6941 6942
f 7373 6942 7374
f 7375 6943 6944
f 7375 6944 7376
f 7377 6945 6946
f 7377 6946 7378
f 6947 7379 7380
f 6947 7380 6948
f 7381 6949 6950
f 7381 6950 7382
f 7220 7383 7384
f 7220 7384 7221
f 7217 7385 7383
f 7217 7383 7220
f 7216 7386 7385
f 7216 7385 7217
f 7216 7254 7387
f 7216 7387 7386
f 7253 7388 7387
f 7253 7387 7254
f 7253 7256 7389
f 7253 7389 7388
f 7255 7390 7389
f 7255 7389 7256
f 7233 7391 7390
f 7233 7390 7255
f 7232 7392 7391
f 7232 7391 7233
f 7232 7237 7393
f 7232 7393 7392
f 7236 7394 7393
f 7236 7393 7237
f 7236 7241 7395
f 7236 7395 7394
f 7240 7396 7395
f 7240 7395 7241
f 7240 7245 7397
f 7240 7397 7396
f 7244 7398 7397
f 7244 7397 7245
f 7244 7262 7399
f 7244 7399 7398
f 7261 7400 7399
f 7261 7399 7262
f 7248 7401 7400
f 7248 7400 7261
f 7247 7402 7401
f 7247 7401 7248
f 7229 7403 7402
f 7229 7402 7247
f 7228 7404 7403
f 7228 7403 7229
f 7225 7405 7404
f 7225 7404 7228
f 7224 7406 7405
f 7224 7405 7225
f 7221 7384 7406
f 7221 7406 7224
f 7263 7382 7380
f 7263 7380 7339
f 7340 7379 7377
f 7340 7377 7345
f 7298 7346 7378
f 7298 7378 7375
f 7295 7376 7373
f 7295 7373 7302
f 7299 7374 7371
f 7299 7371 7306
f 7303 7372 7369
f 7303 7369 7310
f 7307 7370 7368
f 7307 7368 7355
f 7329 7356 7367
f 7329 7367 7365
f 7278 7330 7366
f 7278 7366 7363
f 7274 7275 7364
f 7274 7364 7361
f 7266 7267 7360
f 7266 7360 7381
f 7270 7271 7362
f 7270 7362 7359
f 7297 7324 7350
f 7297 7350 7343
f 7296 7301 7320
f 7296 7320 7325
f 7300 7305 7316
f 7300 7316 7321
f 7304 7309 7313
f 7304 7313 7317
f 7308 7358 7351
f 7308 7351 7314
f 7239 7318 7312
f 7239 7312 7246
f 7243 7311 7354
f 7243 7354 7259
f 7235 7322 7315
f 7235 7315 7242
f 7231 7326 7319
f 7231 7319 7238
f 7234 7258 7347
f 7234 7347 7323
f 7336 7341 7344
f 7336 7344 7349
f 7252 7337 7348
f 7252 7348 7257
f 7249 7260 7353
f 7249 7353 7332
f 7328 7333 7352
f 7328 7352 7357
f 7215 7294 7338
f 7215 7338 7251
f 7218 7219 7290
f 7218 7290 7291
f 7222 7223 7286
f 7222 7286 7287
f 7230 7250 7331
f 7230 7331 7282
f 7226 7227 7281
f 7226 7281 7283
f 7277 7279 7334
f 7277 7334 7327
f 7273 7284 7280
f 7273 7280 7276
f 7269 7288 7285
f 7269 7285 7272
f 7265 7292 7289
f 7265 7289 7268
f 7264 7342 7335
f 7264 7335 7293
f 7380 7382 6950
f 7380 6950 6948
f 7377 7379 6947
f 7377 6947 6945
f 7375 7378 6946
f 7375 6946 6943
f 7373 7376 6944
f 7373 6944 6941
f 7371 7374 6942
f 7371 6942 6939
f 7369 7372 6940
f 7369 6940 6937
f 7368 7370 6938
f 7368 6938 6936
f 7365 7367 6935
f 7365 6935 6933
f 7363 7366 6934
f 7363 6934 6931
f 7361 7364 6932
f 7361 6932 6929
f 6928 6949 7381
f 6928 7381 7360
f 7359 7362 6930
f 7359 6930 6927
f 7355 7368 7367
f 7355 7367 7356
f 7351 7358 7357
f 7351 7357 7352
f 7345 7377 7378
f 7345 7378 7346
f 7343 7350 7349
f 7343 7349 7344
f 7340 7345 7344
f 7340 7344 7341
f 7339 7380 7379
f 7339 7379 7340
f 7336 7349 7348
f 7336 7348 7337
f 7335 7342 7341
f 7335 7341 7336
f 7332 7353 7352
f 7332 7352 7333
f 7329 7365 7366
f 7329 7366 7330
f 7328 7357 7356
f 7328 7356 7329
f 7327 7334 7333
f 7327 7333 7328
f 7323 7347 7350
f 7323 7350 7324
f 7319 7326 7325
f 7319 7325 7320
f 7315 7322 7321
f 7315 7321 7316
f 7312 7318 7317
f 7312 7317 7313
f 7311 7314 7351
f 7311 7351 7354
f 7308 7314 7313
f 7308 7313 7309
f 7307 7355 7358
f 7307 7358 7308
f 7307 7310 7369
f 7307 7369 7370
f 7304 7317 7316
f 7304 7316 7305
f 7303 7310 7309
f 7303 7309 7304
f 7303 7306 7371
f 7303 7371 7372
f 7300 7321 7320
f 7300 7320 7301
f 7299 7306 7305
f 7299 7305 7300
f 7299 7302 7373
f 7299 7373 7374
f 7297 7343 7346
f 7297 7346 7298
f 7296 7325 7324
f 7296 7324 7297
f 7295 7302 7301
f 7295 7301 7296
f 7295 7298 7375
f 7295 7375 7376
f 7293 7335 7338
f 7293 7338 7294
f 7289 7292 7291
f 7289 7291 7290
f 7285 7288 7287
f 7285 7287 7286
f 7280 7284 7283
f 7280 7283 7281
f 7279 7282 7331
f 7279 7331 7334
f 7277 7327 7330
f 7277 7330 7278
f 7276 7280 7279
f 7276 7279 7277
f 7275 7278 7363
f 7275 7363 7364
f 7273 7276 7275
f 7273 7275 7274
f 7272 7285 7284
f 7272 7284 7273
f 7271 7274 7361
f 7271 7361 7362
f 7269 7272 7271
f 7269 7271 7270
f 7268 7289 7288
f 7268 7288 7269
f 7267 7270 7359
f 7267 7359 7360
f 7265 7268 7267
f 7265 7267 7266
f 7264 7293 7292
f 7264 7292 7265
f 7263 7339 7342
f 7263 7342 7264
f 7263 7266 7381
f 7263 7381 7382
f 7259 7354 7353
f 7259 7353 7260
f 7257 7348 7347
f 7257 7347 7258
f 7252 7257 7256
f 7252 7256 7253
f 7251 7338 7337
f 7251 7337 7252
f 7249 7332 7331
f 7249 7331 7250
f 7248 7261 7260
f 7248 7260 7249
f 7243 7259 7262
f 7243 7262 7244
f 7243 7246 7312
f 7243 7312 7311
f 7239 7246 7245
f 7239 7245 7240
f 7239 7242 7315
f 7239 7315 7318
f 7235 7242 7241
f 7235 7241 7236
f 7235 7238 7319
f 7235 7319 7322
f 7233 7255 7258
f 7233 7258 7234
f 7231 7238 7237
f 7231 7237 7232
f 7231 7234 7323
f 7231 7323 7326
f 7229 7247 7250
f 7229 7250 7230
f 7227 7230 7282
f 7227 7282 7281
f 7225 7228 7227
f 7225 7227 7226
f 7223 7226 7283
f 7223 7283 7286
f 7221 7224 7223
f 7221 7223 7222
f 7219 7222 7287
f 7219 7287 7290
f 7217 7220 7219
f 7217 7219 7218
f 7215 7251 7254
f 7215 7254 7216
f 7215 7218 7291
f 7215 7291 7294
f 7402 7403 7407
f 7402 7407 7408
f 7403 7404 7409
f 7403 7409 7407
f 7404 7405 7410
f 7404 7410 7409
f 7405 7406 7411
f 7405 7411 7410
f 7384 7412 7411
f 7384 7411 7406
f 7383 7413 7412
f 7383 7412 7384
f 7383 7385 7414
f 7383 7414 7413
f 7385 7386 7415
f 7385 7415 7414
f 7386 7387 7416
f 7386 7416 7415
f 7387 7388 7417
f 7387 7417 7416
f 7388 7389 7418
f 7388 7418 7417
f 7389 7390 7419
f 7389 7419 7418
f 7390 7391 7420
f 7390 7420 7419
f 7391 7392 7421
f 7391 7421 7420
f 7392 7393 7422
f 7392 7422 7421
f 7393 7394 7423
f 7393 7423 7422
f 7394 7395 7424
f 7394 7424 7423
f 7395 7396 7425
f 7395 7425 7424
f 7396 7397 7426
f 7396 7426 7425
f 7397 7398 7427
f 7397 7427 7426
f 7398 7399 7428
f 7398 7428 7427
f 7399 7400 7429
f 7399 7429 7428
f 7400 7401 7430
f 7400 7430 7429
f 7401 7402 7408
f 7401 7408 7430
f 7411 7412 7431
f 7411 7431 7432
f 7410 7411 7432
f 7410 7432 7433
f 7409 7410 7433
f 7409 7433 7434
f 7407 7409 7434
f 7407 7434 7435
f 7408 7407 7435
f 7408 7435 7436
f 7408 7436 7437
f 7408 7437 7430
f 7429 7430 7437
f 7429 7437 7438
f 7428 7429 7438
f 7428 7438 7439
f 7427 7428 7439
f 7427 7439 7440
f 7426 7427 7440
f 7426 7440 7441
f 7425 7426 7441
f 7425 7441 7442
f 7424 7425 7442
f 7424 7442 7443
f 7423 7424 7443
f 7423 7443 7444
f 7422 7423 7444
f 7422 7444 7445
f 7421 7422 7445
f 7421 7445 7446
f 7420 7421 7446
f 7420 7446 7447
f 7419 7420 7447
f 7419 7447 7448
f 7418 7419 7448
f 7418 7448 7449
f 7417 7418 7449
f 7417 7449 7450
f 7416 7417 7450
f 7416 7450 7451
f 7415 7416 7451
f 7415 7451 7452
f 7414 7415 7452
f 7414 7452 7453
f 7413 7414 7453
f 7413 7453 7454
f 7412 7413 7454
f 7412 7454 7431
f 7455 7456 7457
f 7455 7457 7458
f 7459 7460 7461
f 7459 7461 7462
f 7463 7464 7465
f 7463 7465 7466
f 7467 7468 7469
f 7467 7469 7470
f 7471 7472 7473
f 7471 7473 7474
f 7475 7476 7477
f 7475 7477 7478
f 7479 7480 7481
f 7479 7481 7482
f 7483 7484 7485
f 7483 7485 7486
f 7487 7488 7489
f 7487 7489 7490
f 7491 7492 7493
f 7491 7493 7494
f 7495 7496 7497
f 7495 7497 7498
f 7499 7500 7501
f 7499 7501 7502
f 7503 7504 7505
f 7503 7505 7506
f 7507 7508 7509
f 7507 7509 7510
f 7511 7512 7513
f 7511 7513 7514
f 7515 7516 7517
f 7515 7517 7518
f 7519 7520 7521
f 7519 7521 7522
f 7523 7524 7525
f 7523 7525 7526
f 7527 7528 7529
f 7527 7529 7530
f 7531 7532 7533
f 7531 7533 7534
f 7535 7536 7537
f 7535 7537 7538
f 7539 7540 7541
f 7539 7541 7542
f 7543 7544 7545
f 7543 7545 7546
f 7547 7548 7549
f 7547 7549 7550
f 7544 7549 7551
f 7540 7545 7552
f 7536 7541 7553
f 7532 7537 7554
f 7528 7533 7555
f 7524 7529 7556
f 7520 7525 7557
f 7516 7521 7558
f 7512 7517 7559
f 7508 7513 7560
f 7504 7509 7561
f 7505 7562 7548
f 7485 7498 7448
f 7485 7448 7447
f 7481 7486 7446
f 7481 7446 7445
f 7476 7482 7444
f 7476 7444 7443
f 7472 7477 7442
f 7472 7442 7441
f 7473 7440 7439
f 7473 7439 7499
f 7474 7502 7538
f 7474 7538 7531
f 7471 7534 7527
f 7471 7527 7478
f 7475 7530 7523
f 7475 7523 7479
f 7480 7526 7519
f 7480 7519 7483
f 7484 7522 7515
f 7484 7515 7495
f 7492 7450 7449
f 7492 7449 7497
f 7493 7496 7518
f 7493 7518 7511
f 7488 7542 7535
f 7488 7535 7501
f 7489 7500 7438
f 7489 7438 7437
f 7469 7494 7514
f 7469 7514 7507
f 7465 7470 7510
f 7465 7510 7503
f 7462 7466 7506
f 7462 7506 7547
f 7458 7459 7550
f 7458 7550 7543
f 7455 7546 7539
f 7455 7539 7487
f 7456 7490 7436
f 7456 7436 7435
f 7457 7434 7433
f 7457 7433 7460
f 7461 7432 7431
f 7461 7431 7463
f 7464 7454 7453
f 7464 7453 7467
f 7468 7452 7451
f 7468 7451 7491
f 7543 7550 7549
f 7543 7549 7544
f 7539 7546 7545
f 7539 7545 7540
f 7535 7542 7541
f 7535 7541 7536
f 7531 7538 7537
f 7531 7537 7532
f 7527 7534 7533
f 7527 7533 7528
f 7523 7530 7529
f 7523 7529 7524
f 7519 7526 7525
f 7519 7525 7520
f 7515 7522 7521
f 7515 7521 7516
f 7511 7518 7517
f 7511 7517 7512
f 7507 7514 7513
f 7507 7513 7508
f 7505 7548 7547
f 7505 7547 7506
f 7503 7510 7509
f 7503 7509 7504
f 7501 7535 7538
f 7501 7538 7502
f 7499 7439 7438
f 7499 7438 7500
f 7495 7515 7518
f 7495 7518 7496
f 7497 7449 7448
f 7497 7448 7498
f 7493 7511 7514
f 7493 7514 7494
f 7492 7497 7496
f 7492 7496 7493
f 7491 7451 7450
f 7491 7450 7492
f 7488 7501 7500
f 7488 7500 7489
f 7487 7539 7542
f 7487 7542 7488
f 7489 7437 7436
f 7489 7436 7490
f 7504 7561 7562
f 7504 7562 7505
f 7548 7562 7551
f 7548 7551 7549
f 7544 7551 7552
f 7544 7552 7545
f 7540 7552 7553
f 7540 7553 7541
f 7536 7553 7554
f 7536 7554 7537
f 7532 7554 7555
f 7532 7555 7533
f 7528 7555 7556
f 7528 7556 7529
f 7524 7556 7557
f 7524 7557 7525
f 7520 7557 7558
f 7520 7558 7521
f 7516 7558 7559
f 7516 7559 7517
f 7512 7559 7560
f 7512 7560 7513
f 7508 7560 7561
f 7508 7561 7509
f 7484 7495 7498
f 7484 7498 7485
f 7483 7519 7522
f 7483 7522 7484
f 7480 7483 7486
f 7480 7486 7481
f 7479 7523 7526
f 7479 7526 7480
f 7475 7479 7482
f 7475 7482 7476
f 7475 7478 7527
f 7475 7527 7530
f 7473 7499 7502
f 7473 7502 7474
f 7471 7478 7477
f 7471 7477 7472
f 7471 7474 7531
f 7471 7531 7534
f 7472 7441 7440
f 7472 7440 7473
f 7476 7443 7442
f 7476 7442 7477
f 7481 7445 7444
f 7481 7444 7482
f 7485 7447 7446
f 7485 7446 7486
f 7469 7507 7510
f 7469 7510 7470
f 7468 7491 7494
f 7468 7494 7469
f 7465 7503 7506
f 7465 7506 7466
f 7464 7467 7470
f 7464 7470 7465
f 7461 7463 7466
f 7461 7466 7462
f 7459 7462 7547
f 7459 7547 7550
f 7457 7460 7459
f 7457 7459 7458
f 7455 7487 7490
f 7455 7490 7456
f 7455 7458 7543
f 7455 7543 7546
f 7456 7435 7434
f 7456 7434 7457
f 7460 7433 7432
f 7460 7432 7461
f 7463 7431 7454
f 7463 7454 7464
f 7467 7453 7452
f 7467 7452 7468
f 7551 7562 7552
f 7552 7562 7553
f 7553 7562 7554
f 7554 7562 7555
f 7555 7562 7556
f 7556 7562 7561
f 7556 7561 7560
f 7556 7560 7559
f 7556 7559 7557
f 7557 7559 7558
f 7583 7584 1
f 7583 1 2
f 3 7585 7586
f 3 7586 4
f 7587 7588 5
f 7587 5 6
f 7589 7590 7
f 7589 7 8
f 7591 7592 7593
f 7591 7593 7594
f 7595 7596 7597
f 7598 7599 7600
f 7598 7600 7601
f 7602 7603 7604
f 7602 7604 7605
f 7606 7607 7608
f 7606 7608 7609
f 7610 7611 7612
f 7610 7612 7613
f 7614 7615 7616
f 7614 7616 7617
f 7597 7618 7619
f 7597 7619 7615
f 7595 7614 7612
f 7596 7611 7620
f 7596 7620 7621
f 7604 7622 7623
f 7604 7623 7606
f 7600 7624 7625
f 7600 7625 7603
f 7599 7616 7626
f 7599 7626 7627
f 7594 7628 7629
f 7594 7629 7610
f 7586 7605 7609
f 7586 7609 7587
f 7584 7601 7602
f 7584 7602 7585
f 7590 7591 7613
f 7590 7613 7630
f 7612 7614 7617
f 7612 7617 7613
f 7604 7606 7609
f 7604 7609 7605
f 7600 7603 7602
f 7600 7602 7601
f 7598 7617 7616
f 7598 7616 7599
f 7595 7612 7611
f 7595 7611 7596
f 7595 7597 7615
f 7595 7615 7614
f 7591 7594 7610
f 7591 7610 7613
f 7589 7592 7591
f 7589 7591 7590
f 7587 7609 7608
f 7587 7608 7588
f 7586 7587 6
f 7586 6 4
f 7585 7602 7605
f 7585 7605 7586
f 7584 7585 3
f 7584 3 1
f 7583 7598 7601
f 7583 7601 7584
f 7590 7630 9
f 7590 9 7
f 7615 7619 7626
f 7615 7626 7616
f 7610 7629 7620
f 7610 7620 7611
f 7606 7623 7631
f 7606 7631 7607
f 7603 7625 7622
f 7603 7622 7604
f 7599 7627 7624
f 7599 7624 7600
f 7596 7621 7618
f 7596 7618 7597
f 7593 7632 7628
f 7593 7628 7594
f 7588 7608 7633
f 7588 7633 7634
f 7607 7635 7633
f 7607 7633 7608
f 7588 7634 10
f 7588 10 5
f 7589 7636 7637
f 7589 7637 7592
f 7592 7637 7638
f 7592 7638 7593
f 7589 8 11
f 7589 11 7636
f 7607 7631 7639
f 7607 7639 7635
f 7593 7638 7640
f 7593 7640 7632
f 7583 7630 7617
f 7583 7617 7598
f 7583 2 9
f 7583 9 7630
f 7613 7617 7630
f 7628 7632 7641
f 7628 7641 7642
f 7618 7621 7643
f 7618 7643 7644
f 7624 7627 7645
f 7624 7645 7646
f 7622 7625 7647
f 7622 7647 7648
f 7623 7649 7650
f 7623 7650 7631
f 7576 7651 7652
f 7576 7652 7580
f 7568 7653 7654
f 7568 7654 7569
f 7572 7655 7656
f 7572 7656 7573
f 7566 7657 7658
f 7566 7658 7571
f 7579 7578 7659
f 7579 7659 7660
f 7570 7661 7662
f 7570 7662 7575
f 7620 7629 7663
f 7620 7663 7664
f 7619 7665 7666
f 7619 7666 7626
f 7567 7574 7667
f 7567 7667 7668
f 7563 7577 7669
f 7564 7670 7565
f 7644 7653 7668
f 7644 7668 7665
f 7643 7664 7661
f 7643 7661 7654
f 7648 7657 7670
f 7646 7655 7658
f 7646 7658 7647
f 7645 7666 7667
f 7645 7667 7656
f 7642 7651 7662
f 7642 7662 7663
f 7563 7669 7670
f 7563 7670 7564
f 7665 7668 7667
f 7665 7667 7666
f 7661 7664 7663
f 7661 7663 7662
f 7577 7579 7660
f 7577 7660 7669
f 7565 7670 7657
f 7565 7657 7566
f 7571 7658 7655
f 7571 7655 7572
f 7574 7573 7656
f 7574 7656 7667
f 7567 7668 7653
f 7567 7653 7568
f 7570 7569 7654
f 7570 7654 7661
f 7575 7662 7651
f 7575 7651 7576
f 7649 7660 7659
f 7649 7659 7650
f 7623 7622 7648
f 7623 7648 7649
f 7647 7658 7657
f 7647 7657 7648
f 7625 7624 7646
f 7625 7646 7647
f 7645 7656 7655
f 7645 7655 7646
f 7626 7666 7645
f 7626 7645 7627
f 7619 7618 7644
f 7619 7644 7665
f 7643 7654 7653
f 7643 7653 7644
f 7620 7664 7643
f 7620 7643 7621
f 7629 7628 7642
f 7629 7642 7663
f 7641 7652 7651
f 7641 7651 7642
f 7641 7671 7672
f 7641 7672 7652
f 7580 7652 7672
f 7580 7672 7581
f 7632 7640 7671
f 7632 7671 7641
f 7650 7659 7673
f 7650 7673 7674
f 7578 7582 7673
f 7578 7673 7659
f 7631 7650 7674
f 7631 7674 7639
f 7648 7670 7669
f 7648 7669 7649
f 7649 7669 7660
f 330 331 7693
f 330 7693 7694
f 332 7695 7696
f 332 7696 333
f 334 335 7697
f 334 7697 7698
f 336 337 7699
f 336 7699 7700
f 7701 7702 7703
f 7701 7703 7704
f 7705 7706 7707
f 7708 7709 7710
f 7708 7710 7711
f 7712 7713 7714
f 7712 7714 7715
f 7716 7717 7718
f 7716 7718 7719
f 7720 7721 7722
f 7720 7722 7723
f 7724 7725 7726
f 7724 7726 7727
f 7705 7726 7728
f 7705 7728 7729
f 7707 7721 7727
f 7706 7730 7731
f 7706 7731 7722
f 7713 7719 7732
f 7713 7732 7733
f 7709 7714 7734
f 7709 7734 7735
f 7710 7736 7737
f 7710 7737 7725
f 7701 7723 7738
f 7701 7738 7739
f 7695 7698 7716
f 7695 7716 7712
f 7693 7696 7715
f 7693 7715 7708
f 7699 7740 7720
f 7699 7720 7704
f 7720 7724 7727
f 7720 7727 7721
f 7712 7716 7719
f 7712 7719 7713
f 7708 7715 7714
f 7708 7714 7709
f 7710 7725 7724
f 7710 7724 7711
f 7706 7722 7721
f 7706 7721 7707
f 7705 7707 7727
f 7705 7727 7726
f 7701 7704 7720
f 7701 7720 7723
f 7699 7704 7703
f 7699 7703 7700
f 7697 7717 7716
f 7697 7716 7698
f 332 334 7698
f 332 7698 7695
f 7695 7712 7715
f 7695 7715 7696
f 331 333 7696
f 331 7696 7693
f 7693 7708 7711
f 7693 7711 7694
f 337 338 7740
f 337 7740 7699
f 7725 7737 7728
f 7725 7728 7726
f 7722 7731 7738
f 7722 7738 7723
f 7718 7741 7732
f 7718 7732 7719
f 7713 7733 7734
f 7713 7734 7714
f 7709 7735 7736
f 7709 7736 7710
f 7705 7729 7730
f 7705 7730 7706
f 7701 7739 7742
f 7701 7742 7702
f 7634 7633 7717
f 7634 7717 7697
f 7633 7635 7718
f 7633 7718 7717
f 7634 7697 335
f 7634 335 10
f 7637 7636 7700
f 7637 7700 7703
f 7637 7703 7702
f 7637 7702 7638
f 7636 11 336
f 7636 336 7700
f 7635 7639 7741
f 7635 7741 7718
f 7638 7702 7742
f 7638 7742 7640
f 7694 7711 7724
f 7694 7724 7740
f 330 7694 7740
f 330 7740 338
f 7720 7740 7724
f 7739 7743 7744
f 7739 7744 7742
f 7729 7745 7746
f 7729 7746 7730
f 7735 7747 7748
f 7735 7748 7736
f 7733 7749 7750
f 7733 7750 7734
f 7732 7741 7751
f 7732 7751 7752
f 7687 7692 7753
f 7687 7753 7754
f 7679 7682 7755
f 7679 7755 7756
f 7683 7686 7757
f 7683 7757 7758
f 7677 7684 7759
f 7677 7759 7760
f 7691 7690 7761
f 7691 7761 7762
f 7681 7688 7763
f 7681 7763 7764
f 7731 7765 7766
f 7731 7766 7738
f 7728 7737 7767
f 7728 7767 7768
f 7680 7769 7770
f 7680 7770 7685
f 7676 7771 7689
f 7675 7678 7772
f 7745 7768 7769
f 7745 7769 7756
f 7746 7755 7764
f 7746 7764 7765
f 7749 7772 7760
f 7747 7750 7759
f 7747 7759 7758
f 7748 7757 7770
f 7748 7770 7767
f 7743 7766 7763
f 7743 7763 7754
f 7675 7772 7771
f 7675 7771 7676
f 7767 7770 7769
f 7767 7769 7768
f 7763 7766 7765
f 7763 7765 7764
f 7689 7771 7761
f 7689 7761 7690
f 7677 7760 7772
f 7677 7772 7678
f 7683 7758 7759
f 7683 7759 7684
f 7686 7685 7770
f 7686 7770 7757
f 7679 7756 7769
f 7679 7769 7680
f 7682 7681 7764
f 7682 7764 7755
f 7687 7754 7763
f 7687 7763 7688
f 7751 7762 7761
f 7751 7761 7752
f 7733 7732 7752
f 7733 7752 7749
f 7749 7760 7759
f 7749 7759 7750
f 7735 7734 7750
f 7735 7750 7747
f 7747 7758 7757
f 7747 7757 7748
f 7736 7748 7767
f 7736 7767 7737
f 7729 7728 7768
f 7729 7768 7745
f 7745 7756 7755
f 7745 7755 7746
f 7730 7746 7765
f 7730 7765 7731
f 7739 7738 7766
f 7739 7766 7743
f 7743 7754 7753
f 7743 7753 7744
f 7672 7671 7744
f 7672 7744 7753
f 7581 7672 7753
f 7581 7753 7692
f 7640 7742 7744
f 7640 7744 7671
f 7674 7673 7762
f 7674 7762 7751
f 7582 7691 7762
f 7582 7762 7673
f 7639 7674 7751
f 7639 7751 7741
f 7749 7752 7771
f 7749 7771 7772
f 7752 7761 7771
f 7773 7774 7775
f 7773 7775 7776
f 7777 7778 7779
f 7777 7779 7780
f 7781 7782 7783
f 7781 7783 7784
f 7785 7786 7787
f 7785 7787 7788
f 7789 7790 7791
f 7792 7793 7794
f 7792 7794 7795
f 7796 7797 7798
f 7796 7798 7799
f 7800 7801 7802
f 7800 7802 7803
f 7804 7805 7806
f 7804 7806 7807
f 7808 7809 7810
f 7808 7810 7811
f 7812 7813 7814
f 7812 7814 7815
f 7816 7817 7818
f 7816 7818 7819
f 7834 7835 7836
f 7834 7836 7837
f 7838 7839 7840
f 7838 7840 7841
f 7842 7843 7844
f 7842 7844 7845
f 7846 7847 7848
f 7846 7848 7849
f 7854 7855 7856
f 7854 7856 7857
f 7858 7859 7860
f 7858 7860 7861
f 7864 7865 7866
f 7864 7866 7867
f 7868 7869 7870
f 7868 7870 7871
f 7814 7855 7852
f 7814 7852 7829
f 7790 7859 7856
f 7790 7856 7813
f 7861 7563 7564
f 7861 7564 7870
f 7857 7858 7869
f 7857 7869 7866
f 7853 7854 7865
f 7853 7865 7862
f 7788 7871 7565
f 7788 7565 7566
f 7787 7811 7867
f 7787 7867 7868
f 7810 7826 7863
f 7810 7863 7864
f 7802 7822 7851
f 7802 7851 7848
f 7779 7803 7847
f 7779 7847 7844
f 7780 7843 7567
f 7780 7567 7568
f 7777 7569 7570
f 7777 7570 7840
f 7778 7839 7836
f 7778 7836 7800
f 7801 7835 7832
f 7801 7832 7823
f 7815 7828 7831
f 7815 7831 7817
f 7806 7824 7827
f 7806 7827 7809
f 7805 7849 7850
f 7805 7850 7825
f 7798 7820 7833
f 7798 7833 7834
f 7791 7812 7816
f 7791 7816 7793
f 7783 7807 7808
f 7783 7808 7786
f 7782 7845 7846
f 7782 7846 7804
f 7775 7799 7837
f 7775 7837 7838
f 7784 7785 7571
f 7784 7571 7572
f 7781 7573 7574
f 7781 7574 7842
f 7776 7841 7575
f 7776 7575 7576
f 7870 7564 7565
f 7870 7565 7871
f 7866 7869 7868
f 7866 7868 7867
f 7862 7865 7864
f 7862 7864 7863
f 7860 7577 7563
f 7860 7563 7861
f 7858 7861 7870
f 7858 7870 7869
f 7856 7859 7858
f 7856 7858 7857
f 7854 7857 7866
f 7854 7866 7865
f 7852 7855 7854
f 7852 7854 7853
f 7848 7851 7850
f 7848 7850 7849
f 7844 7847 7846
f 7844 7846 7845
f 7842 7574 7567
f 7842 7567 7843
f 7840 7570 7575
f 7840 7575 7841
f 7836 7839 7838
f 7836 7838 7837
f 7832 7835 7834
f 7832 7834 7833
f 7817 7831 7830
f 7817 7830 7818
f 7814 7829 7828
f 7814 7828 7815
f 7813 7856 7855
f 7813 7855 7814
f 7812 7815 7817
f 7812 7817 7816
f 7810 7864 7867
f 7810 7867 7811
f 7809 7827 7826
f 7809 7826 7810
f 7806 7809 7808
f 7806 7808 7807
f 7805 7825 7824
f 7805 7824 7806
f 7804 7846 7849
f 7804 7849 7805
f 7802 7848 7847
f 7802 7847 7803
f 7801 7823 7822
f 7801 7822 7802
f 7800 7836 7835
f 7800 7835 7801
f 7798 7834 7837
f 7798 7837 7799
f 7797 7821 7820
f 7797 7820 7798
f 7793 7816 7819
f 7793 7819 7794
f 7792 7795 7578
f 7792 7578 7579
f 7790 7813 7812
f 7790 7812 7791
f 7789 7860 7859
f 7789 7859 7790
f 7789 7791 7793
f 7789 7793 7792
f 7787 7868 7871
f 7787 7871 7788
f 7786 7808 7811
f 7786 7811 7787
f 7785 7788 7566
f 7785 7566 7571
f 7783 7786 7785
f 7783 7785 7784
f 7782 7804 7807
f 7782 7807 7783
f 7781 7842 7845
f 7781 7845 7782
f 7781 7784 7572
f 7781 7572 7573
f 7779 7844 7843
f 7779 7843 7780
f 7778 7800 7803
f 7778 7803 7779
f 7777 7840 7839
f 7777 7839 7778
f 7777 7780 7568
f 7777 7568 7569
f 7775 7838 7841
f 7775 7841 7776
f 7774 7796 7799
f 7774 7799 7775
f 7773 7776 7576
f 7773 7576 7580
f 7797 7872 7873
f 7797 7873 7821
f 7796 7874 7872
f 7796 7872 7797
f 7774 7875 7874
f 7774 7874 7796
f 7773 7876 7875
f 7773 7875 7774
f 7818 7830 7877
f 7818 7877 7878
f 7818 7878 7879
f 7818 7879 7819
f 7773 7580 7581
f 7773 7581 7876
f 7795 7880 7582
f 7795 7582 7578
f 7794 7881 7880
f 7794 7880 7795
f 7794 7819 7879
f 7794 7879 7881
f 7882 7883 7884
f 7882 7884 7885
f 7886 7887 7888
f 7886 7888 7889
f 7890 7891 7892
f 7890 7892 7893
f 7894 7895 7896
f 7894 7896 7897
f 7898 7899 7900
f 7901 7902 7903
f 7901 7903 7904
f 7905 7906 7907
f 7905 7907 7908
f 7909 7910 7911
f 7909 7911 7912
f 7913 7914 7915
f 7913 7915 7916
f 7917 7918 7919
f 7917 7919 7920
f 7921 7922 7923
f 7921 7923 7924
f 7925 7926 7927
f 7925 7927 7928
f 7943 7944 7945
f 7943 7945 7946
f 7947 7948 7949
f 7947 7949 7950
f 7951 7952 7953
f 7951 7953 7954
f 7955 7956 7957
f 7955 7957 7958
f 7963 7964 7965
f 7963 7965 7966
f 7967 7968 7969
f 7967 7969 7970
f 7973 7974 7975
f 7973 7975 7976
f 7977 7978 7979
f 7977 7979 7980
f 7922 7937 7962
f 7922 7962 7965
f 7899 7923 7964
f 7899 7964 7969
f 7967 7978 7675
f 7967 7675 7676
f 7963 7974 7979
f 7963 7979 7970
f 7961 7972 7975
f 7961 7975 7966
f 7894 7677 7678
f 7894 7678 7977
f 7895 7980 7973
f 7895 7973 7917
f 7918 7976 7971
f 7918 7971 7936
f 7910 7956 7959
f 7910 7959 7932
f 7887 7952 7957
f 7887 7957 7909
f 7886 7679 7680
f 7886 7680 7953
f 7889 7948 7681
f 7889 7681 7682
f 7888 7912 7944
f 7888 7944 7949
f 7911 7931 7942
f 7911 7942 7945
f 7921 7927 7939
f 7921 7939 7938
f 7914 7919 7935
f 7914 7935 7934
f 7915 7933 7960
f 7915 7960 7955
f 7906 7946 7941
f 7906 7941 7930
f 7898 7903 7928
f 7898 7928 7924
f 7891 7896 7920
f 7891 7920 7913
f 7892 7916 7958
f 7892 7958 7951
f 7883 7950 7943
f 7883 7943 7905
f 7890 7683 7684
f 7890 7684 7897
f 7893 7954 7685
f 7893 7685 7686
f 7882 7687 7688
f 7882 7688 7947
f 7977 7678 7675
f 7977 7675 7978
f 7973 7980 7979
f 7973 7979 7974
f 7971 7976 7975
f 7971 7975 7972
f 7967 7676 7689
f 7967 7689 7968
f 7967 7970 7979
f 7967 7979 7978
f 7963 7970 7969
f 7963 7969 7964
f 7963 7966 7975
f 7963 7975 7974
f 7961 7966 7965
f 7961 7965 7962
f 7955 7960 7959
f 7955 7959 7956
f 7951 7958 7957
f 7951 7957 7952
f 7953 7680 7685
f 7953 7685 7954
f 7947 7688 7681
f 7947 7681 7948
f 7943 7950 7949
f 7943 7949 7944
f 7941 7946 7945
f 7941 7945 7942
f 7926 7940 7939
f 7926 7939 7927
f 7921 7938 7937
f 7921 7937 7922
f 7922 7965 7964
f 7922 7964 7923
f 7921 7924 7928
f 7921 7928 7927
f 7917 7973 7976
f 7917 7976 7918
f 7918 7936 7935
f 7918 7935 7919
f 7913 7920 7919
f 7913 7919 7914
f 7914 7934 7933
f 7914 7933 7915
f 7915 7955 7958
f 7915 7958 7916
f 7909 7957 7956
f 7909 7956 7910
f 7910 7932 7931
f 7910 7931 7911
f 7911 7945 7944
f 7911 7944 7912
f 7905 7943 7946
f 7905 7946 7906
f 7906 7930 7929
f 7906 7929 7907
f 7902 7925 7928
f 7902 7928 7903
f 7901 7904 7690
f 7901 7690 7691
f 7898 7924 7923
f 7898 7923 7899
f 7899 7969 7968
f 7899 7968 7900
f 7898 7900 7904
f 7898 7904 7903
f 7894 7977 7980
f 7894 7980 7895
f 7895 7917 7920
f 7895 7920 7896
f 7894 7897 7684
f 7894 7684 7677
f 7890 7897 7896
f 7890 7896 7891
f 7891 7913 7916
f 7891 7916 7892
f 7892 7951 7954
f 7892 7954 7893
f 7890 7893 7686
f 7890 7686 7683
f 7886 7953 7952
f 7886 7952 7887
f 7887 7909 7912
f 7887 7912 7888
f 7888 7949 7948
f 7888 7948 7889
f 7886 7889 7682
f 7886 7682 7679
f 7882 7947 7950
f 7882 7950 7883
f 7883 7905 7908
f 7883 7908 7884
f 7882 7885 7692
f 7882 7692 7687
f 7873 7872 7907
f 7873 7907 7929
f 7872 7874 7908
f 7872 7908 7907
f 7874 7875 7884
f 7874 7884 7908
f 7875 7876 7885
f 7875 7885 7884
f 7877 7940 7926
f 7877 7926 7878
f 7878 7926 7925
f 7878 7925 7879
f 7876 7581 7692
f 7876 7692 7885
f 7582 7880 7901
f 7582 7901 7691
f 7880 7881 7902
f 7880 7902 7901
f 7879 7925 7902
f 7879 7902 7881
f 7860 7579 7577
f 7789 7579 7860
f 7789 7792 7579
f 7968 7689 7690
f 7900 7968 7690
f 7900 7690 7904
f 7981 7982 7983
f 7981 7983 7984
f 7985 7986 7987
f 7985 7987 7988
f 7989 7990 7991
f 7989 7991 7992
f 7993 7994 7995
f 7993 7995 7996
f 7997 7998 7999
f 7997 7999 8000
f 8001 8002 8003
f 8001 8003 8004
f 8005 8006 8007
f 8005 8007 8008
f 8009 8010 8011
f 8009 8011 8012
f 8013 8014 8015
f 8013 8015 8016
f 8017 8018 8019
f 8017 8019 8020
f 8021 8022 8023
f 8021 8023 8024
f 8025 8026 8027
f 8025 8027 8028
f 8029 8030 8031
f 8029 8031 8032
f 8033 8034 8035
f 8033 8035 8036
f 8037 8038 8039
f 8037 8039 8040
f 8041 8042 8043
f 8041 8043 8044
f 8045 8046 8047
f 8045 8047 8048
f 8049 8050 8051
f 8049 8051 8052
f 8053 8054 8055
f 8053 8055 8056
f 8057 8058 8059
f 8057 8059 8060
f 7999 8050 8047
f 7999 8047 8022
f 7998 8061 8062
f 7998 8062 8051
f 8052 8063 8064
f 8052 8064 8059
f 8048 8049 8058
f 8048 8058 8055
f 7996 8060 8065
f 7996 8065 8066
f 7995 8020 8056
f 7995 8056 8057
f 7986 8042 8039
f 7986 8039 8009
f 7987 8012 8034
f 7987 8034 8031
f 7988 8030 8067
f 7988 8067 8068
f 7985 8069 8070
f 7985 8070 8043
f 8000 8021 8025
f 8000 8025 8002
f 7991 8016 8017
f 7991 8017 7994
f 7990 8032 8033
f 7990 8033 8013
f 7983 8008 8040
f 7983 8040 8041
f 7997 8001 8071
f 7997 8071 8072
f 7992 7993 8073
f 7992 8073 8074
f 7989 8075 8076
f 7989 8076 8029
f 7984 8044 8077
f 7984 8077 8078
f 8059 8064 8065
f 8059 8065 8060
f 8055 8058 8057
f 8055 8057 8056
f 8051 8062 8063
f 8051 8063 8052
f 8049 8052 8059
f 8049 8059 8058
f 8047 8050 8049
f 8047 8049 8048
f 8045 8048 8055
f 8045 8055 8054
f 8043 8070 8077
f 8043 8077 8044
f 8039 8042 8041
f 8039 8041 8040
f 8031 8034 8033
f 8031 8033 8032
f 8029 8076 8067
f 8029 8067 8030
f 8022 8047 8046
f 8022 8046 8023
f 8021 8024 8026
f 8021 8026 8025
f 8019 8053 8056
f 8019 8056 8020
f 8015 8018 8017
f 8015 8017 8016
f 8013 8033 8036
f 8013 8036 8014
f 8011 8035 8034
f 8011 8034 8012
f 8009 8039 8038
f 8009 8038 8010
f 8007 8037 8040
f 8007 8040 8008
f 8002 8025 8028
f 8002 8028 8003
f 8001 8004 8079
f 8001 8079 8071
f 7999 8022 8021
f 7999 8021 8000
f 7998 8051 8050
f 7998 8050 7999
f 7997 8072 8061
f 7997 8061 7998
f 7997 8000 8002
f 7997 8002 8001
f 7995 8057 8060
f 7995 8060 7996
f 7994 8017 8020
f 7994 8020 7995
f 7993 7996 8066
f 7993 8066 8073
f 7991 7994 7993
f 7991 7993 7992
f 7990 8013 8016
f 7990 8016 7991
f 7989 8029 8032
f 7989 8032 7990
f 7989 7992 8074
f 7989 8074 8075
f 7987 8031 8030
f 7987 8030 7988
f 7986 8009 8012
f 7986 8012 7987
f 7985 8043 8042
f 7985 8042 7986
f 7985 7988 8068
f 7985 8068 8069
f 7983 8041 8044
f 7983 8044 7984
f 7982 8005 8008
f 7982 8008 7983
f 7981 7984 8078
f 7981 8078 8080
f 8004 8081 8082
f 8004 8082 8079
f 8003 8083 8081
f 8003 8081 8004
f 8003 8028 8084
f 8003 8084 8083
f 8027 8085 8084
f 8027 8084 8028
f 8005 8086 8087
f 8005 8087 8006
f 7982 8088 8086
f 7982 8086 8005
f 7981 8089 8088
f 7981 8088 7982
f 7981 8080 8090
f 7981 8090 8089
f 8078 7820 7821
f 8078 7821 8080
f 8068 7822 7823
f 8068 7823 8069
f 8074 7824 7825
f 8074 7825 8075
f 8066 7826 7827
f 8066 7827 8073
f 8061 8072 7828
f 8061 7828 7829
f 8071 8079 7830
f 8071 7830 7831
f 8070 7832 7833
f 8070 7833 8077
f 8067 8076 7850
f 8067 7850 7851
f 8062 7852 7853
f 8062 7853 8063
f 8064 7862 7863
f 8064 7863 8065
f 8063 7853 7862
f 8063 7862 8064
f 8062 8061 7829
f 8062 7829 7852
f 8071 7831 7828
f 8071 7828 8072
f 8065 7863 7826
f 8065 7826 8066
f 8073 7827 7824
f 8073 7824 8074
f 8076 8075 7825
f 8076 7825 7850
f 8067 7851 7822
f 8067 7822 8068
f 8070 8069 7823
f 8070 7823 7832
f 8077 7833 7820
f 8077 7820 8078
f 8080 7821 7873
f 8080 7873 8090
f 8079 8082 7877
f 8079 7877 7830
f 8091 8092 8093
f 8091 8093 8094
f 8095 8096 8097
f 8095 8097 8098
f 8099 8100 8101
f 8099 8101 8102
f 8103 8104 8105
f 8103 8105 8106
f 8107 8108 8109
f 8107 8109 8110
f 8111 8112 8113
f 8111 8113 8114
f 8115 8116 8117
f 8115 8117 8118
f 8119 8120 8121
f 8119 8121 8122
f 8123 8124 8125
f 8123 8125 8126
f 8127 8128 8129
f 8127 8129 8130
f 8131 8132 8133
f 8131 8133 8134
f 8135 8136 8137
f 8135 8137 8138
f 8139 8140 8141
f 8139 8141 8142
f 8143 8144 8145
f 8143 8145 8146
f 8147 8148 8149
f 8147 8149 8150
f 8151 8152 8153
f 8151 8153 8154
f 8155 8156 8157
f 8155 8157 8158
f 8159 8160 8161
f 8159 8161 8162
f 8163 8164 8165
f 8163 8165 8166
f 8167 8168 8169
f 8167 8169 8170
f 8108 8133 8156
f 8108 8156 8161
f 8109 8160 8171
f 8109 8171 8172
f 8159 8168 8173
f 8159 8173 8174
f 8155 8164 8169
f 8155 8169 8162
f 8103 8175 8176
f 8103 8176 8167
f 8104 8170 8163
f 8104 8163 8127
f 8097 8122 8148
f 8097 8148 8153
f 8096 8140 8145
f 8096 8145 8119
f 8095 8177 8178
f 8095 8178 8141
f 8098 8152 8179
f 8098 8179 8180
f 8107 8113 8138
f 8107 8138 8134
f 8100 8105 8130
f 8100 8130 8123
f 8101 8126 8146
f 8101 8146 8139
f 8092 8154 8147
f 8092 8147 8115
f 8110 8181 8182
f 8110 8182 8114
f 8099 8183 8184
f 8099 8184 8106
f 8102 8142 8185
f 8102 8185 8186
f 8091 8187 8188
f 8091 8188 8151
f 8167 8176 8173
f 8167 8173 8168
f 8163 8170 8169
f 8163 8169 8164
f 8159 8174 8171
f 8159 8171 8160
f 8159 8162 8169
f 8159 8169 8168
f 8155 8162 8161
f 8155 8161 8156
f 8155 8158 8165
f 8155 8165 8164
f 8151 8188 8179
f 8151 8179 8152
f 8147 8154 8153
f 8147 8153 8148
f 8139 8146 8145
f 8139 8145 8140
f 8141 8178 8185
f 8141 8185 8142
f 8132 8157 8156
f 8132 8156 8133
f 8131 8134 8138
f 8131 8138 8137
f 8127 8163 8166
f 8127 8166 8128
f 8123 8130 8129
f 8123 8129 8124
f 8125 8143 8146
f 8125 8146 8126
f 8119 8145 8144
f 8119 8144 8120
f 8121 8149 8148
f 8121 8148 8122
f 8115 8147 8150
f 8115 8150 8116
f 8112 8135 8138
f 8112 8138 8113
f 8111 8114 8182
f 8111 8182 8189
f 8107 8134 8133
f 8107 8133 8108
f 8108 8161 8160
f 8108 8160 8109
f 8109 8172 8181
f 8109 8181 8110
f 8107 8110 8114
f 8107 8114 8113
f 8103 8167 8170
f 8103 8170 8104
f 8104 8127 8130
f 8104 8130 8105
f 8103 8106 8184
f 8103 8184 8175
f 8099 8106 8105
f 8099 8105 8100
f 8100 8123 8126
f 8100 8126 8101
f 8101 8139 8142
f 8101 8142 8102
f 8099 8102 8186
f 8099 8186 8183
f 8095 8141 8140
f 8095 8140 8096
f 8096 8119 8122
f 8096 8122 8097
f 8097 8153 8152
f 8097 8152 8098
f 8095 8098 8180
f 8095 8180 8177
f 8091 8151 8154
f 8091 8154 8092
f 8092 8115 8118
f 8092 8118 8093
f 8091 8094 8190
f 8091 8190 8187
f 8082 8081 8111
f 8082 8111 8189
f 8081 8083 8112
f 8081 8112 8111
f 8083 8084 8135
f 8083 8135 8112
f 8084 8085 8136
f 8084 8136 8135
f 8087 8086 8118
f 8087 8118 8117
f 8086 8088 8093
f 8086 8093 8118
f 8088 8089 8094
f 8088 8094 8093
f 8089 8090 8190
f 8089 8190 8094
f 8187 8190 7929
f 8187 7929 7930
f 8177 8180 7931
f 8177 7931 7932
f 8183 8186 7933
f 8183 7933 7934
f 8175 8184 7935
f 8175 7935 7936
f 8172 7937 7938
f 8172 7938 8181
f 8182 7939 7940
f 8182 7940 8189
f 8179 8188 7941
f 8179 7941 7942
f 8178 7959 7960
f 8178 7960 8185
f 8171 8174 7961
f 8171 7961 7962
f 8173 8176 7971
f 8173 7971 7972
f 8173 7972 7961
f 8173 7961 8174
f 8172 8171 7962
f 8172 7962 7937
f 8181 7938 7939
f 8181 7939 8182
f 8175 7936 7971
f 8175 7971 8176
f 8183 7934 7935
f 8183 7935 8184
f 8186 8185 7960
f 8186 7960 7933
f 8177 7932 7959
f 8177 7959 8178
f 8180 8179 7942
f 8180 7942 7931
f 8187 7930 7941
f 8187 7941 8188
f 8090 7873 7929
f 8090 7929 8190
f 8082 8189 7940
f 8082 7940 7877
f 8191 8192 8193
f 8191 8193 8194
f 8195 8196 8197
f 8195 8197 8198
f 8199 8200 8201
f 8199 8201 8202
f 8203 8204 8205
f 8203 8205 8206
f 8207 8208 8209
f 8207 8209 8210
f 8211 8212 8213
f 8211 8213 8214
f 8215 8216 8217
f 8215 8217 8218
f 8219 8220 8221
f 8219 8221 8222
f 8223 8224 8225
f 8223 8225 8226
f 8227 8228 8229
f 8227 8229 8230
f 8231 8232 8233
f 8231 8233 8234
f 8235 8236 8237
f 8235 8237 8238
f 8239 8240 8241
f 8239 8241 8242
f 8243 8244 8245
f 8243 8245 8246
f 8247 8248 8249
f 8247 8249 8250
f 8251 8252 8253
f 8251 8253 8254
f 8255 8256 8257
f 8258 8259 8260
f 8258 8260 8261
f 8262 8263 8264
f 8262 8264 8265
f 8266 8267 8268
f 8266 8268 8269
f 8270 8271 8272
f 8270 8272 8273
f 8274 8275 8276
f 8277 8278 8279
f 8277 8279 8280
f 8281 8282 8283
f 8281 8283 8284
f 8285 8286 8287
f 8285 8287 8288
f 8289 8290 8291
f 8289 8291 8292
f 8293 8294 8295
f 8293 8295 8296
f 8297 8298 8299
f 8297 8299 8300
f 8266 8273 8293
f 8266 8293 8276
f 8222 8297 8294
f 8222 8294 8272
f 8209 8252 8249
f 8209 8249 8232
f 8023 8046 8253
f 8023 8253 8208
f 8045 8054 8264
f 8045 8264 8254
f 8250 8251 8263
f 8250 8263 8260
f 8247 8259 8290
f 8247 8290 8278
f 8233 8248 8277
f 8233 8277 8284
f 8019 8206 8265
f 8019 8265 8053
f 8229 8291 8258
f 8205 8230 8261
f 8205 8261 8262
f 8010 8038 8245
f 8010 8245 8195
f 8196 8244 8219
f 8196 8219 8271
f 8197 8270 8269
f 8197 8269 8241
f 8011 8198 8240
f 8011 8240 8035
f 8234 8283 8257
f 8234 8257 8236
f 8274 8285 8292
f 8224 8267 8275
f 8217 8298 8221
f 8210 8231 8235
f 8210 8235 8212
f 8201 8226 8227
f 8201 8227 8204
f 8200 8242 8268
f 8200 8268 8223
f 8193 8218 8220
f 8193 8220 8243
f 8024 8207 8211
f 8024 8211 8026
f 8015 8202 8203
f 8015 8203 8018
f 8014 8036 8239
f 8014 8239 8199
f 8007 8194 8246
f 8007 8246 8037
f 8294 8297 8300
f 8294 8300 8295
f 8286 8293 8296
f 8286 8296 8287
f 8285 8288 8289
f 8285 8289 8292
f 8278 8290 8289
f 8278 8289 8279
f 8277 8280 8281
f 8277 8281 8284
f 8274 8276 8286
f 8274 8286 8285
f 8272 8294 8293
f 8272 8293 8273
f 8266 8276 8275
f 8266 8275 8267
f 8266 8269 8270
f 8266 8270 8273
f 8053 8265 8264
f 8053 8264 8054
f 8260 8263 8262
f 8260 8262 8261
f 8258 8291 8290
f 8258 8290 8259
f 8255 8257 8283
f 8255 8283 8282
f 8045 8254 8253
f 8045 8253 8046
f 8251 8254 8264
f 8251 8264 8263
f 8249 8252 8251
f 8249 8251 8250
f 8247 8278 8277
f 8247 8277 8248
f 8247 8250 8260
f 8247 8260 8259
f 8037 8246 8245
f 8037 8245 8038
f 8241 8269 8268
f 8241 8268 8242
f 8035 8240 8239
f 8035 8239 8036
f 8236 8257 8256
f 8236 8256 8237
f 8233 8284 8283
f 8233 8283 8234
f 8232 8249 8248
f 8232 8248 8233
f 8231 8234 8236
f 8231 8236 8235
f 8229 8258 8261
f 8229 8261 8230
f 8228 8292 8291
f 8228 8291 8229
f 8225 8228 8227
f 8225 8227 8226
f 8224 8275 8274
f 8224 8274 8225
f 8223 8268 8267
f 8223 8267 8224
f 8221 8298 8297
f 8221 8297 8222
f 8219 8244 8243
f 8219 8243 8220
f 8219 8222 8272
f 8219 8272 8271
f 8217 8221 8220
f 8217 8220 8218
f 8216 8299 8298
f 8216 8298 8217
f 8212 8235 8238
f 8212 8238 8213
f 8209 8232 8231
f 8209 8231 8210
f 8208 8253 8252
f 8208 8252 8209
f 8207 8210 8212
f 8207 8212 8211
f 8205 8262 8265
f 8205 8265 8206
f 8204 8227 8230
f 8204 8230 8205
f 8201 8204 8203
f 8201 8203 8202
f 8200 8223 8226
f 8200 8226 8201
f 8199 8239 8242
f 8199 8242 8200
f 8197 8241 8240
f 8197 8240 8198
f 8196 8271 8270
f 8196 8270 8197
f 8195 8245 8244
f 8195 8244 8196
f 8193 8243 8246
f 8193 8246 8194
f 8192 8215 8218
f 8192 8218 8193
f 8026 8211 8214
f 8026 8214 8027
f 8023 8208 8207
f 8023 8207 8024
f 8018 8203 8206
f 8018 8206 8019
f 8014 8199 8202
f 8014 8202 8015
f 8010 8195 8198
f 8010 8198 8011
f 8006 8191 8194
f 8006 8194 8007
f 8006 8087 8301
f 8006 8301 8191
f 8191 8301 8302
f 8191 8302 8192
f 8192 8302 8303
f 8192 8303 8215
f 8215 8303 8304
f 8215 8304 8216
f 8255 8282 8305
f 8255 8305 8306
f 8255 8306 8307
f 8255 8307 8256
f 8281 8308 8305
f 8281 8305 8282
f 8279 8289 8288
f 8279 8288 8309
f 8287 8310 8309
f 8287 8309 8288
f 8279 8311 8312
f 8279 8312 8280
f 8027 8214 8313
f 8027 8313 8085
f 8213 8314 8313
f 8213 8313 8214
f 8213 8238 8315
f 8213 8315 8314
f 8237 8316 8315
f 8237 8315 8238
f 8280 8312 8308
f 8280 8308 8281
f 8287 8296 8317
f 8287 8317 8310
f 8295 8318 8317
f 8295 8317 8296
f 8295 8300 8319
f 8295 8319 8318
f 8299 8320 8319
f 8299 8319 8300
f 8237 8256 8307
f 8237 8307 8316
f 8216 8304 8320
f 8216 8320 8299
f 8279 8309 8311
f 8225 8274 8292
f 8225 8292 8228
f 8276 8293 8286
f 8321 8322 8323
f 8321 8323 8324
f 8325 8326 8327
f 8325 8327 8328
f 8329 8330 8331
f 8329 8331 8332
f 8333 8334 8335
f 8333 8335 8336
f 8337 8338 8339
f 8337 8339 8340
f 8341 8342 8343
f 8341 8343 8344
f 8345 8346 8347
f 8345 8347 8348
f 8349 8350 8351
f 8349 8351 8352
f 8353 8354 8355
f 8353 8355 8356
f 8357 8358 8359
f 8357 8359 8360
f 8361 8362 8363
f 8361 8363 8364
f 8365 8366 8367
f 8365 8367 8368
f 8369 8370 8371
f 8369 8371 8372
f 8373 8374 8375
f 8373 8375 8376
f 8377 8378 8379
f 8377 8379 8380
f 8381 8382 8383
f 8381 8383 8384
f 8385 8386 8387
f 8388 8389 8390
f 8388 8390 8391
f 8392 8393 8394
f 8392 8394 8395
f 8396 8397 8398
f 8396 8398 8399
f 8400 8401 8402
f 8400 8402 8403
f 8404 8405 8406
f 8407 8408 8409
f 8407 8409 8410
f 8411 8412 8413
f 8411 8413 8414
f 8415 8416 8417
f 8415 8417 8418
f 8419 8420 8421
f 8419 8421 8422
f 8423 8424 8425
f 8423 8425 8426
f 8427 8428 8429
f 8427 8429 8430
f 8399 8404 8426
f 8399 8426 8400
f 8349 8401 8425
f 8349 8425 8430
f 8338 8363 8378
f 8338 8378 8383
f 8132 8339 8382
f 8132 8382 8157
f 8158 8381 8393
f 8158 8393 8165
f 8377 8389 8394
f 8377 8394 8384
f 8380 8409 8421
f 8380 8421 8390
f 8362 8411 8410
f 8362 8410 8379
f 8128 8166 8392
f 8128 8392 8333
f 8358 8391 8420
f 8334 8395 8388
f 8334 8388 8357
f 8121 8328 8374
f 8121 8374 8149
f 8327 8402 8352
f 8327 8352 8375
f 8326 8370 8396
f 8326 8396 8403
f 8120 8144 8371
f 8120 8371 8325
f 8361 8367 8385
f 8361 8385 8412
f 8406 8419 8418
f 8355 8405 8398
f 8346 8350 8429
f 8337 8343 8368
f 8337 8368 8364
f 8330 8335 8360
f 8330 8360 8353
f 8331 8356 8397
f 8331 8397 8369
f 8322 8376 8351
f 8322 8351 8345
f 8131 8137 8344
f 8131 8344 8340
f 8124 8129 8336
f 8124 8336 8329
f 8125 8332 8372
f 8125 8372 8143
f 8116 8150 8373
f 8116 8373 8321
f 8424 8427 8430
f 8424 8430 8425
f 8416 8423 8426
f 8416 8426 8417
f 8415 8418 8419
f 8415 8419 8422
f 8408 8422 8421
f 8408 8421 8409
f 8407 8410 8411
f 8407 8411 8414
f 8404 8406 8418
f 8404 8418 8417
f 8400 8426 8425
f 8400 8425 8401
f 8398 8405 8404
f 8398 8404 8399
f 8396 8399 8400
f 8396 8400 8403
f 8165 8393 8392
f 8165 8392 8166
f 8388 8395 8394
f 8388 8394 8389
f 8390 8421 8420
f 8390 8420 8391
f 8385 8387 8413
f 8385 8413 8412
f 8157 8382 8381
f 8157 8381 8158
f 8381 8384 8394
f 8381 8394 8393
f 8377 8384 8383
f 8377 8383 8378
f 8379 8410 8409
f 8379 8409 8380
f 8377 8380 8390
f 8377 8390 8389
f 8149 8374 8373
f 8149 8373 8150
f 8369 8397 8396
f 8369 8396 8370
f 8143 8372 8371
f 8143 8371 8144
f 8366 8386 8385
f 8366 8385 8367
f 8361 8412 8411
f 8361 8411 8362
f 8362 8379 8378
f 8362 8378 8363
f 8361 8364 8368
f 8361 8368 8367
f 8357 8388 8391
f 8357 8391 8358
f 8358 8420 8419
f 8358 8419 8359
f 8353 8360 8359
f 8353 8359 8354
f 8354 8406 8405
f 8354 8405 8355
f 8355 8398 8397
f 8355 8397 8356
f 8349 8430 8429
f 8349 8429 8350
f 8351 8376 8375
f 8351 8375 8352
f 8349 8352 8402
f 8349 8402 8401
f 8345 8351 8350
f 8345 8350 8346
f 8346 8429 8428
f 8346 8428 8347
f 8342 8365 8368
f 8342 8368 8343
f 8337 8364 8363
f 8337 8363 8338
f 8338 8383 8382
f 8338 8382 8339
f 8337 8340 8344
f 8337 8344 8343
f 8333 8392 8395
f 8333 8395 8334
f 8334 8357 8360
f 8334 8360 8335
f 8329 8336 8335
f 8329 8335 8330
f 8330 8353 8356
f 8330 8356 8331
f 8331 8369 8372
f 8331 8372 8332
f 8325 8371 8370
f 8325 8370 8326
f 8326 8403 8402
f 8326 8402 8327
f 8327 8375 8374
f 8327 8374 8328
f 8321 8373 8376
f 8321 8376 8322
f 8322 8345 8348
f 8322 8348 8323
f 8136 8341 8344
f 8136 8344 8137
f 8131 8340 8339
f 8131 8339 8132
f 8128 8333 8336
f 8128 8336 8129
f 8124 8329 8332
f 8124 8332 8125
f 8120 8325 8328
f 8120 8328 8121
f 8116 8321 8324
f 8116 8324 8117
f 8087 8117 8324
f 8087 8324 8301
f 8301 8324 8323
f 8301 8323 8302
f 8302 8323 8348
f 8302 8348 8303
f 8303 8348 8347
f 8303 8347 8304
f 8306 8305 8413
f 8306 8413 8387
f 8306 8387 8386
f 8306 8386 8307
f 8305 8308 8414
f 8305 8414 8413
f 8309 8415 8422
f 8309 8422 8408
f 8309 8310 8416
f 8309 8416 8415
f 8312 8311 8408
f 8312 8408 8407
f 8085 8313 8341
f 8085 8341 8136
f 8313 8314 8342
f 8313 8342 8341
f 8314 8315 8365
f 8314 8365 8342
f 8315 8316 8366
f 8315 8366 8365
f 8308 8312 8407
f 8308 8407 8414
f 8310 8317 8423
f 8310 8423 8416
f 8317 8318 8424
f 8317 8424 8423
f 8318 8319 8427
f 8318 8427 8424
f 8319 8320 8428
f 8319 8428 8427
f 8307 8386 8366
f 8307 8366 8316
f 8304 8347 8428
f 8304 8428 8320
f 8309 8408 8311
f 8354 8359 8419
f 8354 8419 8406
f 8404 8417 8426
# 16843 faces, 0 coords texture

# End of File
