####
#
# OBJ File Generated by Meshlab
#
####
# Object horse03_input.obj
#
# Vertices: 8431
# Faces: 16843
#
####
v -0.014409 0.598368 -0.377964
v -0.008795 0.604110 -0.376882
v -0.015986 0.591933 -0.381809
v -0.013195 0.584568 -0.388708
v -0.004423 0.577246 -0.394760
v -0.009090 0.579747 -0.393118
v -0.004364 0.607185 -0.376379
v -0.001512 0.607611 -0.376477
v -0.006602 0.606093 -0.376518
v -0.001812 0.577754 -0.394732
v -0.000117 0.607652 -0.376410
v -0.066589 0.548135 -0.370761
v -0.062290 0.575997 -0.350598
v -0.050695 0.578032 -0.361071
v -0.059306 0.611134 -0.239968
v -0.060881 0.604704 -0.216890
v -0.044765 0.616101 -0.223954
v -0.043441 0.619548 -0.245470
v -0.026364 0.625113 -0.250055
v -0.027191 0.623389 -0.230449
v -0.008694 0.626350 -0.234989
v -0.008433 0.627291 -0.253240
v -0.008067 0.626384 -0.272014
v -0.007492 0.623767 -0.291404
v -0.022909 0.621771 -0.290583
v -0.024874 0.624547 -0.270039
v -0.041813 0.619840 -0.266749
v -0.039830 0.617025 -0.288181
v -0.057860 0.609477 -0.284623
v -0.058135 0.612498 -0.262041
v -0.011040 0.607957 -0.361493
v -0.008084 0.606962 -0.368876
v -0.013641 0.606943 -0.361770
v -0.024289 0.586777 -0.374279
v -0.023050 0.592132 -0.370736
v -0.018371 0.591855 -0.375647
v -0.017627 0.584598 -0.381019
v -0.025801 0.572459 -0.382217
v -0.017759 0.570033 -0.388696
v -0.021766 0.543310 -0.398577
v -0.028566 0.543428 -0.396066
v -0.046204 0.594841 -0.346628
v -0.059456 0.592397 -0.332735
v -0.058627 0.600725 -0.314953
v -0.042240 0.602427 -0.335563
v -0.057509 0.471469 -0.391217
v -0.050657 0.508706 -0.397467
v -0.042292 0.508610 -0.400219
v -0.050313 0.469734 -0.393858
v -0.004283 0.563224 -0.394608
v -0.004899 0.540365 -0.397667
v -0.008016 0.539618 -0.399269
v -0.010086 0.516590 -0.399104
v -0.005205 0.518540 -0.396643
v -0.005897 0.489031 -0.391605
v -0.011878 0.485281 -0.395128
v -0.048365 0.434623 -0.377729
v -0.039255 0.437595 -0.378328
v -0.044393 0.393541 -0.341677
v -0.051976 0.393813 -0.345613
v -0.012404 0.404053 -0.341580
v -0.011337 0.448044 -0.377212
v -0.005232 0.452814 -0.373517
v -0.005588 0.411973 -0.338660
v -0.012007 0.389206 -0.236503
v -0.017590 0.379245 -0.249061
v -0.006511 0.385252 -0.257404
v -0.010253 0.373748 -0.269336
v -0.000420 0.380798 -0.279490
v -0.001542 0.379661 -0.269863
v -0.012065 0.373216 -0.260706
v -0.003006 0.385289 -0.309682
v -0.010182 0.370317 -0.296034
v -0.011337 0.376924 -0.310722
v -0.008495 0.601712 -0.139363
v -0.025841 0.596877 -0.138741
v -0.042898 0.588633 -0.135089
v -0.059664 0.576668 -0.129805
v -0.076165 0.561034 -0.127287
v -0.092149 0.541332 -0.128456
v -0.114618 0.489848 -0.130389
v -0.117509 0.470758 -0.129714
v -0.116151 0.448694 -0.128197
v -0.110195 0.423785 -0.127230
v -0.068400 0.373503 -0.127159
v -0.049943 0.364395 -0.128867
v -0.031267 0.358126 -0.129700
v -0.013497 0.355019 -0.129682
v -0.045676 0.401802 -0.178244
v -0.046793 0.375405 -0.161203
v -0.064789 0.387185 -0.158551
v -0.067325 0.421925 -0.171436
v -0.089957 0.421902 -0.153005
v -0.099292 0.427870 -0.152643
v -0.099261 0.462375 -0.173855
v -0.090237 0.454650 -0.172660
v -0.109009 0.506694 -0.185453
v -0.107748 0.501987 -0.178242
v -0.106475 0.514014 -0.176188
v -0.107180 0.518307 -0.183823
v -0.086589 0.559058 -0.167204
v -0.088804 0.549444 -0.149350
v -0.074079 0.567288 -0.147298
v -0.072554 0.575703 -0.166334
v -0.057724 0.589159 -0.168242
v -0.058579 0.582302 -0.149157
v -0.042011 0.594374 -0.154108
v -0.041638 0.601070 -0.172425
v -0.025046 0.609213 -0.176399
v -0.025299 0.602672 -0.157630
v -0.008111 0.606852 -0.158939
v -0.007922 0.613423 -0.179643
v -0.008093 0.618903 -0.199116
v -0.008596 0.623411 -0.217070
v -0.026880 0.619841 -0.211972
v -0.025510 0.614833 -0.194699
v -0.042255 0.606672 -0.189825
v -0.044379 0.611732 -0.205365
v -0.060319 0.598717 -0.198500
v -0.058258 0.594730 -0.184920
v -0.006901 0.369543 -0.287878
v -0.001526 0.383469 -0.301002
v -0.001412 0.382392 -0.289337
v -0.006495 0.371017 -0.277816
v -0.032940 0.476281 -0.396223
v -0.041859 0.472195 -0.395881
v -0.034292 0.510044 -0.401837
v -0.026888 0.512070 -0.402211
v -0.011432 0.603652 -0.369792
v -0.016608 0.597856 -0.371927
v -0.020899 0.597466 -0.367055
v -0.016802 0.603617 -0.363512
v -0.002435 0.609215 -0.362194
v -0.001908 0.607736 -0.368204
v -0.005319 0.607271 -0.368497
v -0.007303 0.608475 -0.362342
v -0.016103 0.615016 -0.329656
v -0.019887 0.618542 -0.310600
v -0.006544 0.620665 -0.310090
v -0.005260 0.617498 -0.327523
v -0.035386 0.608135 -0.330284
v -0.050132 0.607975 -0.307394
v -0.034546 0.614287 -0.309627
v -0.026155 0.611899 -0.330558
v -0.103304 0.523483 -0.129826
v -0.109778 0.507395 -0.130575
v -0.014879 0.366918 -0.160772
v -0.029467 0.369699 -0.161035
v -0.027354 0.386713 -0.188070
v -0.016973 0.381497 -0.190978
v -0.020737 0.398844 -0.202736
v -0.030914 0.405020 -0.196948
v -0.024336 0.400560 -0.214002
v -0.017120 0.362829 -0.286076
v -0.031530 0.367282 -0.292991
v -0.020720 0.370452 -0.302198
v -0.023604 0.399473 -0.343189
v -0.035000 0.395790 -0.341118
v -0.030059 0.441264 -0.378908
v -0.020459 0.443818 -0.379207
v -0.017893 0.482447 -0.396867
v -0.025588 0.479480 -0.396518
v -0.020288 0.513884 -0.401736
v -0.014810 0.515265 -0.401119
v -0.010537 0.543392 -0.399106
v -0.015504 0.543337 -0.399402
v -0.011256 0.568229 -0.392319
v -0.006478 0.566692 -0.393550
v -0.036048 0.544341 -0.392967
v -0.044797 0.545770 -0.389146
v -0.041105 0.577797 -0.369406
v -0.033468 0.575465 -0.375467
v -0.030405 0.589040 -0.368263
v -0.037330 0.591733 -0.361219
v -0.029181 0.592531 -0.365579
v -0.027276 0.596893 -0.361881
v -0.035478 0.596275 -0.356372
v -0.030186 0.603311 -0.349783
v -0.022516 0.603441 -0.357522
v -0.018070 0.607385 -0.355285
v -0.024823 0.607837 -0.346280
v -0.019553 0.610067 -0.345643
v -0.014770 0.608779 -0.354858
v -0.009719 0.610135 -0.354275
v -0.012643 0.612217 -0.344274
v -0.004204 0.614374 -0.341982
v -0.003273 0.611421 -0.353456
v -0.067831 0.433002 -0.182076
v -0.048264 0.416729 -0.188873
v -0.085719 0.449666 -0.172521
v -0.079257 0.439581 -0.171600
v -0.080083 0.407639 -0.154241
v -0.101167 0.475134 -0.176437
v -0.106000 0.446516 -0.153742
v -0.110128 0.467353 -0.155592
v -0.105061 0.485892 -0.174240
v -0.106939 0.497888 -0.172727
v -0.110768 0.485676 -0.158096
v -0.108401 0.500267 -0.157978
v -0.105279 0.510011 -0.170754
v -0.101960 0.523829 -0.169522
v -0.104610 0.513676 -0.155641
v -0.098966 0.531554 -0.152488
v -0.095824 0.541408 -0.168906
v -0.104544 0.485030 -0.187456
v -0.102993 0.479783 -0.181642
v -0.106050 0.490421 -0.179696
v -0.107399 0.495387 -0.186804
v -0.095652 0.546639 -0.174907
v -0.102943 0.527931 -0.175275
v -0.095329 0.551040 -0.180613
v -0.103621 0.532136 -0.182166
v -0.107840 0.500371 -0.194651
v -0.104335 0.490265 -0.194346
v -0.094489 0.553578 -0.184275
v -0.103000 0.535513 -0.188241
v -0.090473 0.461351 -0.179709
v -0.084569 0.454673 -0.179450
v -0.009138 0.394583 -0.221094
v -0.007039 0.388861 -0.210590
v -0.006457 0.379807 -0.191061
v -0.072493 0.581333 -0.180929
v -0.087519 0.565884 -0.180733
v -0.082935 0.387894 -0.125979
v -0.102571 0.431940 -0.152775
v -0.100667 0.404551 -0.126969
v -0.078548 0.445464 -0.180872
v -0.056065 0.435113 -0.377774
v -0.060182 0.510527 -0.391324
v -0.074042 0.573633 -0.337039
v -0.069895 0.588976 -0.324042
v -0.070355 0.597563 -0.303123
v -0.073146 0.603180 -0.259668
v -0.074254 0.602113 -0.237515
v -0.077121 0.595678 -0.212571
v -0.074657 0.586138 -0.193646
v -0.089888 0.569443 -0.188274
v -0.101598 0.465274 -0.174842
v -0.098824 0.470244 -0.182327
v -0.004840 0.365650 -0.160005
v -0.092998 0.397172 -0.126244
v 0.002373 0.388680 -0.242726
v 0.000325 0.389165 -0.228384
v 0.001024 0.385067 -0.208510
v -0.000669 0.378440 -0.190081
v -0.072533 0.600319 -0.284945
v -0.001893 0.354630 -0.130067
v -0.000020 0.602024 -0.139114
v 0.000507 0.607299 -0.158619
v 0.000740 0.613650 -0.179554
v 0.002207 0.393010 -0.316833
v 0.002694 0.385922 -0.306724
v 0.001822 0.382981 -0.294880
v -0.000174 0.454834 -0.374451
v 0.001084 0.414457 -0.341992
v 0.000131 0.611603 -0.353366
v 0.000009 0.609327 -0.362046
v -0.000093 0.607785 -0.368151
v 0.000316 0.614600 -0.341902
v 0.000784 0.619380 -0.198855
v 0.000676 0.623875 -0.216704
v 0.003115 0.381917 -0.283920
v 0.002418 0.381227 -0.274275
v 0.000760 0.383963 -0.259777
v 0.000632 0.624138 -0.291400
v 0.000468 0.621009 -0.309958
v 0.000366 0.617642 -0.327491
v 0.000716 0.626810 -0.271914
v 0.000624 0.626685 -0.234700
v 0.000667 0.627496 -0.253182
v -0.002262 0.541138 -0.397506
v -0.002386 0.519595 -0.396848
v -0.002321 0.490397 -0.392015
v -0.002079 0.562890 -0.395049
v -0.001083 0.365120 -0.160143
v -0.103618 0.475520 -0.187269
v -0.102493 0.474399 -0.185143
v -0.087437 0.562710 -0.175082
v -0.109911 0.511691 -0.194659
v -0.106997 0.522584 -0.192582
v -0.109855 0.547441 -0.253906
v -0.108561 0.550597 -0.232159
v -0.104681 0.569593 -0.216555
v -0.101252 0.574039 -0.243192
v -0.088428 0.592263 -0.238230
v -0.092071 0.585733 -0.212066
v -0.083992 0.589343 -0.289241
v -0.086526 0.592082 -0.260556
v -0.094002 0.570593 -0.297734
v -0.102167 0.544602 -0.310085
v -0.108110 0.543774 -0.279722
v -0.098288 0.571924 -0.267411
v -0.079521 0.548386 -0.354694
v -0.092856 0.546427 -0.334727
v -0.085819 0.571232 -0.320415
v -0.080974 0.586772 -0.308596
v -0.092983 0.575710 -0.195784
v -0.100662 0.562339 -0.197809
v -0.105850 0.547132 -0.212804
v -0.103554 0.542819 -0.203239
v -0.096562 0.556828 -0.190211
v -0.113705 0.519334 -0.288932
v -0.107541 0.519680 -0.318838
v -0.110893 0.490127 -0.319120
v -0.116108 0.499584 -0.290353
v -0.100742 0.485231 -0.344858
v -0.096594 0.516708 -0.345826
v -0.085766 0.514463 -0.362671
v -0.089401 0.480235 -0.359276
v -0.065181 0.473082 -0.386474
v -0.072864 0.474825 -0.379947
v -0.070167 0.512322 -0.382373
v -0.062862 0.436609 -0.375870
v -0.109692 0.507046 -0.207424
v -0.114632 0.505620 -0.219110
v -0.114493 0.515073 -0.243054
v -0.112432 0.530244 -0.242803
v -0.115578 0.525850 -0.262642
v -0.117359 0.509511 -0.264065
v -0.107741 0.530617 -0.214304
v -0.110991 0.533365 -0.225552
v -0.113944 0.519422 -0.226014
v -0.110831 0.519631 -0.214625
v -0.107779 0.504726 -0.202000
v -0.102709 0.539501 -0.196263
v -0.109860 0.517902 -0.208759
v -0.106919 0.527984 -0.206226
v -0.086288 0.479032 -0.363192
v -0.083525 0.514231 -0.365912
v 0.007885 0.604582 -0.376179
v 0.013204 0.599333 -0.376939
v 0.011598 0.585736 -0.387881
v 0.014495 0.592974 -0.380826
v 0.006904 0.580743 -0.392494
v 0.001438 0.578032 -0.394571
v 0.001205 0.607591 -0.376308
v 0.003891 0.607319 -0.375979
v 0.005702 0.606305 -0.376032
v 0.052467 0.583008 -0.358576
v 0.065492 0.581751 -0.347802
v 0.071458 0.558132 -0.366249
v 0.058706 0.558140 -0.377159
v 0.044982 0.622971 -0.243365
v 0.046741 0.619635 -0.221637
v 0.063735 0.608545 -0.213543
v 0.061405 0.615140 -0.236388
v 0.009691 0.628095 -0.252671
v 0.010158 0.627137 -0.234524
v 0.028605 0.625691 -0.228789
v 0.027768 0.627240 -0.248673
v 0.026063 0.626684 -0.268671
v 0.023671 0.623799 -0.289342
v 0.008288 0.624634 -0.291004
v 0.009066 0.627204 -0.271603
v 0.059836 0.617071 -0.259372
v 0.059139 0.614162 -0.282090
v 0.041086 0.620259 -0.286520
v 0.043216 0.623251 -0.264856
v 0.013258 0.607945 -0.360782
v 0.007465 0.607364 -0.368234
v 0.010894 0.608710 -0.360698
v 0.016323 0.586417 -0.379689
v 0.017227 0.593406 -0.374406
v 0.022402 0.594296 -0.369115
v 0.023338 0.589385 -0.372521
v 0.028159 0.551805 -0.393185
v 0.019802 0.550248 -0.396402
v 0.016508 0.573261 -0.386887
v 0.024929 0.576073 -0.380065
v 0.042950 0.605966 -0.333563
v 0.060121 0.605474 -0.312462
v 0.060985 0.597519 -0.329966
v 0.047076 0.598922 -0.344292
v 0.052497 0.498398 -0.399913
v 0.043384 0.526730 -0.398713
v 0.053740 0.528968 -0.395264
v 0.061711 0.499849 -0.396753
v 0.003090 0.542524 -0.398696
v -0.000543 0.541605 -0.397452
v -0.000279 0.564041 -0.394315
v 0.006682 0.493145 -0.396112
v 0.000947 0.491896 -0.391911
v 0.000164 0.520529 -0.396420
v 0.004434 0.521452 -0.398801
v 0.060881 0.430266 -0.384546
v 0.050311 0.427609 -0.383072
v 0.040292 0.467897 -0.394275
v 0.051299 0.468539 -0.395627
v 0.005570 0.415517 -0.343928
v 0.003289 0.456946 -0.374746
v 0.010250 0.458863 -0.381743
v 0.014021 0.415296 -0.356038
v 0.008473 0.386472 -0.263573
v 0.024269 0.379767 -0.268747
v 0.014847 0.387067 -0.248597
v 0.021041 0.377166 -0.283764
v 0.006039 0.380527 -0.278553
v 0.007222 0.380898 -0.287939
v 0.018651 0.376838 -0.293896
v 0.017565 0.386209 -0.337072
v 0.018768 0.376328 -0.326298
v 0.008483 0.387252 -0.321638
v 0.026523 0.599920 -0.136281
v 0.008651 0.602791 -0.138515
v 0.060889 0.581010 -0.125143
v 0.043363 0.592155 -0.131746
v 0.092338 0.544593 -0.121774
v 0.077005 0.564792 -0.121599
v 0.117108 0.472995 -0.121026
v 0.114581 0.492571 -0.121836
v 0.106768 0.425319 -0.119187
v 0.114258 0.450417 -0.119555
v 0.046248 0.364388 -0.125276
v 0.064394 0.372893 -0.122222
v 0.009843 0.355466 -0.128661
v 0.027565 0.358945 -0.126316
v 0.062819 0.394121 -0.186507
v 0.059154 0.385328 -0.153810
v 0.042344 0.379344 -0.158261
v 0.046062 0.387701 -0.185875
v 0.087875 0.420135 -0.185844
v 0.094580 0.426418 -0.185337
v 0.093426 0.415116 -0.154100
v 0.084832 0.409002 -0.154129
v 0.112673 0.508429 -0.180096
v 0.111765 0.506109 -0.172501
v 0.112403 0.488959 -0.176678
v 0.113969 0.491059 -0.184105
v 0.076002 0.580826 -0.161301
v 0.076483 0.571979 -0.142036
v 0.090808 0.553683 -0.143234
v 0.090202 0.564224 -0.161063
v 0.043871 0.604587 -0.169572
v 0.043770 0.598181 -0.150977
v 0.060856 0.586966 -0.144975
v 0.060969 0.594120 -0.164124
v 0.009462 0.614292 -0.178998
v 0.009150 0.607743 -0.158272
v 0.026769 0.605380 -0.155507
v 0.026847 0.611412 -0.174673
v 0.027409 0.617062 -0.192886
v 0.028630 0.622198 -0.210146
v 0.010143 0.624374 -0.216503
v 0.009691 0.619725 -0.198615
v 0.061914 0.599918 -0.180703
v 0.063673 0.604144 -0.194336
v 0.046720 0.615438 -0.202708
v 0.044829 0.610414 -0.186875
v 0.015774 0.374515 -0.304950
v 0.006197 0.382508 -0.299277
v 0.008524 0.383021 -0.310118
v 0.017233 0.374240 -0.314329
v 0.025206 0.525400 -0.401152
v 0.033949 0.525736 -0.400559
v 0.042385 0.497722 -0.401160
v 0.032126 0.497862 -0.400573
v 0.016045 0.604816 -0.362311
v 0.020089 0.599092 -0.365592
v 0.015649 0.599075 -0.370841
v 0.010609 0.604430 -0.368953
v 0.007142 0.608917 -0.361815
v 0.004974 0.607464 -0.368022
v 0.001674 0.607823 -0.368016
v 0.002374 0.609405 -0.361927
v 0.005741 0.618043 -0.327168
v 0.007230 0.621414 -0.309739
v 0.020507 0.620225 -0.309528
v 0.016614 0.616362 -0.328763
v 0.026917 0.614059 -0.329213
v 0.035575 0.617036 -0.308126
v 0.051078 0.611968 -0.305117
v 0.036173 0.611053 -0.328510
v 0.110299 0.510275 -0.122111
v 0.103853 0.526417 -0.122039
v 0.017760 0.380595 -0.183939
v 0.028863 0.383069 -0.182436
v 0.026448 0.371150 -0.156430
v 0.012693 0.367238 -0.160106
v 0.028037 0.387623 -0.229311
v 0.034023 0.389096 -0.203608
v 0.021855 0.387798 -0.204452
v 0.029004 0.383880 -0.347944
v 0.044375 0.386061 -0.358209
v 0.027057 0.375516 -0.333760
v 0.019026 0.462723 -0.387807
v 0.029175 0.467349 -0.392423
v 0.038211 0.425369 -0.378424
v 0.024403 0.419696 -0.369838
v 0.010494 0.523187 -0.400487
v 0.017495 0.524633 -0.401317
v 0.022519 0.497689 -0.399949
v 0.013573 0.495135 -0.399022
v 0.003072 0.568210 -0.392814
v 0.009281 0.570497 -0.391385
v 0.012662 0.548862 -0.398008
v 0.006560 0.547253 -0.398067
v 0.033636 0.579171 -0.373394
v 0.041983 0.582103 -0.367117
v 0.047299 0.556357 -0.384970
v 0.036834 0.553714 -0.389461
v 0.028660 0.595306 -0.363807
v 0.037548 0.595381 -0.359034
v 0.029755 0.592056 -0.366352
v 0.022327 0.605280 -0.356210
v 0.030495 0.605884 -0.348166
v 0.035907 0.599373 -0.354479
v 0.026860 0.599164 -0.360159
v 0.014940 0.609936 -0.353939
v 0.020127 0.611603 -0.344611
v 0.025192 0.609981 -0.344864
v 0.018026 0.608802 -0.354091
v 0.003290 0.611753 -0.353132
v 0.004365 0.614775 -0.341730
v 0.013073 0.613222 -0.343514
v 0.009727 0.610860 -0.353543
v 0.049301 0.392871 -0.206798
v 0.067588 0.399182 -0.207779
v 0.074451 0.397466 -0.154857
v 0.076334 0.405090 -0.185127
v 0.082177 0.413572 -0.184334
v 0.107300 0.468935 -0.175975
v 0.110978 0.459956 -0.152755
v 0.104938 0.443784 -0.158022
v 0.101622 0.450221 -0.186391
v 0.110752 0.504205 -0.166397
v 0.112430 0.500219 -0.152793
v 0.114000 0.482852 -0.153326
v 0.110748 0.487132 -0.170810
v 0.100674 0.544628 -0.164799
v 0.101596 0.535444 -0.145278
v 0.108071 0.518071 -0.147643
v 0.107009 0.522807 -0.165542
v 0.110418 0.473149 -0.191050
v 0.108679 0.470625 -0.182912
v 0.102037 0.453699 -0.194432
v 0.103014 0.455726 -0.201382
v 0.107988 0.525011 -0.171240
v 0.099889 0.548547 -0.170698
v 0.108735 0.527484 -0.177695
v 0.100276 0.552336 -0.175582
v 0.102470 0.457435 -0.209080
v 0.110168 0.475182 -0.198937
v 0.108895 0.529963 -0.183289
v 0.099388 0.554355 -0.179251
v 0.082597 0.413974 -0.199630
v 0.087056 0.421105 -0.200210
v 0.009645 0.389904 -0.231519
v 0.006122 0.379170 -0.189785
v 0.010010 0.385616 -0.206705
v 0.076897 0.587525 -0.175590
v 0.092405 0.570120 -0.176644
v 0.078702 0.387572 -0.119391
v 0.096660 0.405432 -0.118745
v 0.098335 0.422181 -0.152837
v 0.076430 0.403830 -0.208120
v 0.060637 0.469637 -0.395297
v 0.065093 0.530442 -0.388872
v 0.072441 0.594873 -0.321097
v 0.077938 0.580172 -0.333792
v 0.072674 0.603272 -0.300197
v 0.077398 0.605844 -0.231791
v 0.075620 0.608976 -0.256434
v 0.078529 0.590924 -0.190664
v 0.080328 0.598621 -0.207630
v 0.094554 0.572476 -0.183417
v 0.097531 0.433858 -0.186874
v 0.093335 0.427863 -0.201887
v 0.002766 0.365237 -0.160811
v 0.089084 0.396679 -0.118251
v 0.074804 0.605938 -0.282018
v 0.097276 0.435499 -0.205834
v 0.099518 0.435654 -0.213220
v 0.091365 0.568067 -0.169058
v 0.114934 0.493413 -0.193070
v 0.113318 0.510732 -0.188131
v 0.106746 0.576518 -0.233714
v 0.110458 0.568741 -0.207250
v 0.116722 0.545017 -0.221332
v 0.118366 0.549224 -0.244557
v 0.096105 0.587647 -0.205256
v 0.092444 0.595379 -0.230227
v 0.090040 0.598980 -0.256894
v 0.087373 0.596133 -0.285813
v 0.103471 0.579901 -0.263257
v 0.114509 0.552937 -0.277359
v 0.109209 0.552820 -0.306078
v 0.098902 0.578253 -0.293962
v 0.090362 0.578279 -0.316843
v 0.098879 0.554242 -0.331028
v 0.085061 0.556837 -0.350892
v 0.083845 0.593388 -0.305419
v 0.097428 0.578339 -0.190200
v 0.101454 0.556733 -0.184451
v 0.110158 0.535614 -0.196774
v 0.113315 0.539771 -0.204524
v 0.106362 0.561717 -0.190626
v 0.127101 0.505819 -0.287144
v 0.121923 0.505779 -0.317785
v 0.117086 0.528981 -0.314470
v 0.123958 0.527417 -0.284158
v 0.099074 0.503640 -0.362142
v 0.093688 0.530884 -0.358708
v 0.105393 0.530336 -0.341044
v 0.111181 0.505489 -0.345491
v 0.076728 0.531776 -0.379347
v 0.081189 0.502419 -0.384517
v 0.070918 0.501004 -0.391700
v 0.068911 0.470471 -0.393308
v 0.117029 0.481153 -0.222109
v 0.111414 0.478963 -0.211596
v 0.126270 0.504700 -0.259329
v 0.125194 0.525548 -0.254390
v 0.121160 0.523292 -0.234852
v 0.121188 0.503562 -0.239054
v 0.116130 0.498038 -0.211550
v 0.119613 0.501354 -0.221702
v 0.118866 0.519726 -0.217819
v 0.115194 0.516304 -0.208411
v 0.109958 0.477689 -0.206416
v 0.109250 0.532744 -0.190677
v 0.113610 0.514015 -0.201139
v 0.114993 0.497384 -0.206383
v 0.095558 0.503148 -0.366587
v 0.090958 0.531226 -0.361796
v -0.098023 0.533295 -0.067977
v -0.096237 0.530107 -0.029166
v -0.078129 0.551705 -0.037353
v -0.079718 0.553967 -0.073227
v -0.061793 0.569980 -0.079434
v -0.059986 0.568930 -0.046116
v -0.041833 0.582033 -0.054765
v -0.044092 0.581575 -0.087232
v -0.026816 0.590289 -0.093013
v -0.024983 0.591223 -0.061752
v -0.009996 0.596852 -0.066272
v -0.009707 0.596402 -0.096533
v -0.009702 0.600593 -0.038885
v -0.023228 0.594651 -0.034462
v -0.039087 0.586004 -0.026771
v -0.056524 0.572486 -0.016134
v -0.066909 0.564809 -0.008630
v -0.076807 0.551924 -0.003311
v -0.093814 0.529543 0.005967
v -0.038602 0.339693 0.019247
v -0.018715 0.335255 0.014240
v -0.054546 0.346472 0.024148
v -0.092509 0.380724 0.028716
v -0.105846 0.397739 0.024451
v -0.114180 0.417289 0.019770
v -0.117045 0.439214 0.015286
v -0.115381 0.478807 0.010695
v -0.117506 0.459731 0.011976
v -0.017820 0.332421 -0.023466
v -0.039794 0.337322 -0.018702
v -0.037130 0.338218 -0.060240
v -0.015344 0.335065 -0.063035
v -0.058056 0.346777 -0.057024
v -0.059995 0.347201 -0.014638
v -0.077145 0.361479 -0.011245
v -0.077002 0.359767 -0.054347
v -0.094550 0.374884 -0.053357
v -0.093686 0.376737 -0.010745
v -0.108122 0.393593 -0.012689
v -0.109044 0.392341 -0.054085
v -0.119220 0.413696 -0.055857
v -0.117361 0.414223 -0.015046
v -0.120999 0.438831 -0.017043
v -0.124418 0.439534 -0.057996
v -0.122526 0.480460 -0.061464
v -0.125580 0.461726 -0.060175
v -0.121731 0.460453 -0.018952
v -0.119417 0.479224 -0.020630
v -0.009193 0.598059 -0.120940
v -0.026982 0.592194 -0.118804
v -0.044326 0.583784 -0.114392
v -0.061480 0.572342 -0.108076
v -0.078760 0.556697 -0.103926
v -0.096693 0.536564 -0.101604
v -0.124349 0.465386 -0.096830
v -0.121023 0.484253 -0.098257
v -0.122674 0.443068 -0.095244
v -0.116771 0.417024 -0.093346
v -0.054463 0.352967 -0.095380
v -0.074170 0.364121 -0.093383
v -0.034307 0.345908 -0.097359
v -0.013954 0.343580 -0.097934
v -0.077955 0.365426 0.028917
v -0.063393 0.352617 0.026455
v -0.105380 0.510900 0.010007
v -0.111372 0.495817 0.010172
v -0.114997 0.496301 -0.022254
v -0.108655 0.511732 -0.023817
v -0.110620 0.514548 -0.064412
v -0.117522 0.498024 -0.063050
v -0.115873 0.502015 -0.099425
v -0.109106 0.518459 -0.100113
v -0.106375 0.395275 -0.092399
v -0.090872 0.378267 -0.092438
v -0.069692 0.559786 -0.041407
v -0.003495 0.600999 -0.038180
v -0.002768 0.597161 -0.065727
v -0.001397 0.596764 -0.096047
v -0.002936 0.343042 -0.098274
v -0.004176 0.335077 -0.062291
v -0.006507 0.332439 -0.022609
v -0.000431 0.598350 -0.120600
v -0.009010 0.335451 0.014916
v 0.076024 0.556425 -0.067310
v 0.072018 0.553649 -0.030808
v 0.088879 0.531240 -0.021255
v 0.093711 0.535007 -0.060470
v 0.041406 0.584368 -0.083748
v 0.036895 0.584304 -0.051303
v 0.054961 0.571410 -0.041004
v 0.058501 0.572578 -0.074842
v 0.006787 0.597179 -0.095499
v 0.004698 0.597423 -0.065338
v 0.020625 0.593295 -0.059344
v 0.024119 0.592532 -0.090627
v 0.017193 0.596281 -0.031842
v 0.003089 0.601082 -0.037778
v 0.050194 0.575040 -0.010802
v 0.032562 0.587994 -0.022887
v 0.059394 0.566692 -0.002247
v 0.083670 0.530033 0.014238
v 0.067930 0.553159 0.003770
v 0.001229 0.335187 0.015266
v 0.019895 0.339900 0.022168
v 0.034466 0.345901 0.028170
v 0.086542 0.397427 0.032151
v 0.072528 0.380758 0.035248
v 0.100675 0.438187 0.024594
v 0.096057 0.416446 0.028596
v 0.102312 0.458524 0.021710
v 0.101561 0.477702 0.020249
v 0.006713 0.335389 -0.061692
v 0.027391 0.339311 -0.057109
v 0.025065 0.338237 -0.015723
v 0.004156 0.332759 -0.022362
v 0.065445 0.360516 -0.049134
v 0.061763 0.361848 -0.005826
v 0.044291 0.347903 -0.010236
v 0.046818 0.347842 -0.052876
v 0.097202 0.392948 -0.046593
v 0.092547 0.393751 -0.004991
v 0.077439 0.377412 -0.004454
v 0.082272 0.375724 -0.046978
v 0.115077 0.439435 -0.048769
v 0.107921 0.438023 -0.007567
v 0.102606 0.414040 -0.006088
v 0.108147 0.413891 -0.047260
v 0.108438 0.478397 -0.011012
v 0.110029 0.459633 -0.009155
v 0.117432 0.461467 -0.050390
v 0.115547 0.480507 -0.051933
v 0.026204 0.594861 -0.116290
v 0.008228 0.598842 -0.120056
v 0.060725 0.575962 -0.103306
v 0.043364 0.586879 -0.110806
v 0.094651 0.538890 -0.094517
v 0.077581 0.559657 -0.097863
v 0.117579 0.485371 -0.089051
v 0.120079 0.466090 -0.087428
v 0.109605 0.417855 -0.084772
v 0.117289 0.443799 -0.086161
v 0.066244 0.364111 -0.088106
v 0.047334 0.354170 -0.091107
v 0.007743 0.343558 -0.097108
v 0.027825 0.347226 -0.093847
v 0.043536 0.351927 0.031230
v 0.058185 0.365547 0.034728
v 0.098767 0.495089 0.019569
v 0.094061 0.510656 0.018805
v 0.111803 0.498587 -0.053605
v 0.105844 0.515538 -0.055592
v 0.099863 0.511854 -0.015145
v 0.105658 0.496004 -0.012820
v 0.107204 0.520453 -0.091809
v 0.113779 0.503581 -0.090424
v 0.098639 0.396440 -0.084781
v 0.083160 0.378716 -0.085558
v 0.064527 0.562048 -0.035501
v -0.052994 0.619240 0.131126
v -0.058894 0.610440 0.142396
v -0.062038 0.602070 0.153686
v -0.063744 0.590157 0.168308
v -0.064944 0.579349 0.178860
v -0.066058 0.563798 0.192012
v -0.066004 0.550873 0.202829
v -0.064529 0.541926 0.209608
v -0.054470 0.507879 0.230602
v -0.048975 0.495955 0.235875
v -0.043281 0.489814 0.241275
v -0.035453 0.488462 0.246673
v -0.023966 0.643966 0.091707
v -0.020246 0.647173 0.089426
v -0.062259 0.532257 0.217393
v -0.058010 0.520394 0.224200
v -0.047230 0.626620 0.121918
v -0.042254 0.631496 0.114925
v -0.036332 0.636262 0.107218
v -0.029599 0.640535 0.097941
v -0.037342 0.629648 0.092824
v -0.042469 0.625249 0.098545
v -0.047715 0.619587 0.105745
v -0.054484 0.610271 0.116591
v -0.067823 0.526298 0.206616
v -0.064491 0.513408 0.214028
v -0.062666 0.600363 0.128599
v -0.067311 0.590674 0.140761
v -0.060105 0.501991 0.221206
v -0.054373 0.490407 0.226563
v -0.069940 0.579211 0.157156
v -0.071147 0.567646 0.171471
v -0.071011 0.550501 0.186729
v -0.069854 0.537589 0.198708
v -0.047076 0.480345 0.231141
v -0.040457 0.474204 0.235489
v -0.019303 0.648415 0.088932
v -0.017661 0.636823 0.059400
v -0.018532 0.636111 0.059789
v -0.024076 0.636752 0.069448
v -0.028940 0.634077 0.081427
v -0.032445 0.471928 0.238643
v -0.025784 0.469776 0.239525
v -0.030576 0.488121 0.247660
v -0.007390 0.621400 0.009374
v -0.011617 0.624644 0.016616
v -0.007852 0.624362 0.016789
v -0.009362 0.630775 0.031371
v -0.013101 0.631100 0.031174
v -0.015025 0.642377 0.055309
v -0.010993 0.642219 0.055358
v -0.012684 0.655166 0.084185
v -0.016689 0.655209 0.084167
v -0.012029 0.621956 0.015680
v -0.012193 0.623478 0.015457
v -0.007762 0.620373 0.007273
v -0.007363 0.619236 0.005490
v -0.017572 0.638340 0.058240
v -0.017103 0.641157 0.056306
v -0.015138 0.630200 0.031825
v -0.015163 0.628188 0.033278
v -0.018786 0.653590 0.085427
v -0.019065 0.650169 0.087582
v -0.012143 0.617134 0.006206
v -0.013634 0.620669 0.016526
v -0.006197 0.620220 0.007556
v -0.006142 0.619092 0.006133
v -0.006392 0.621293 0.009527
v -0.006696 0.624246 0.016918
v -0.010556 0.655069 0.084306
v -0.008802 0.641948 0.055480
v -0.007326 0.630583 0.031487
v -0.016884 0.626705 0.034358
v -0.041414 0.461435 0.233423
v -0.033859 0.458798 0.235151
v -0.058152 0.476672 0.226737
v -0.049646 0.467248 0.230496
v -0.081854 0.524235 0.200677
v -0.077142 0.510740 0.208399
v -0.082291 0.558366 0.168959
v -0.083223 0.539490 0.187328
v -0.074478 0.584155 0.135401
v -0.078753 0.572616 0.150650
v -0.058254 0.606604 0.106621
v -0.068041 0.594911 0.121545
v -0.045238 0.623762 0.090375
v -0.050893 0.616998 0.096441
v -0.039530 0.628735 0.085059
v -0.071119 0.498123 0.215150
v -0.065262 0.486360 0.221548
v -0.027484 0.456463 0.235807
v -0.023530 0.452683 0.235606
v -0.018704 0.626370 0.034603
v -0.025762 0.624271 0.035600
v -0.023977 0.633329 0.061636
v -0.031158 0.629030 0.065300
v -0.035475 0.620154 0.041230
v -0.047416 0.614079 0.051517
v -0.041457 0.623796 0.070818
v -0.060655 0.601389 0.052401
v -0.069259 0.587929 0.059946
v -0.067930 0.591270 0.065071
v -0.077104 0.578222 0.080758
v -0.081670 0.571152 0.075327
v -0.092430 0.553455 0.093476
v -0.089869 0.562093 0.100681
v -0.082996 0.573025 0.130070
v -0.094542 0.556243 0.126673
v -0.102359 0.541756 0.149404
v -0.089696 0.560339 0.147924
v -0.093553 0.546010 0.168372
v -0.105092 0.527991 0.170995
v -0.104350 0.511523 0.187711
v -0.094809 0.527615 0.187521
v -0.084134 0.497061 0.208733
v -0.091812 0.510440 0.201367
v -0.099268 0.496408 0.199831
v -0.090226 0.482890 0.207475
v -0.061567 0.462585 0.226042
v -0.062193 0.450289 0.224285
v -0.052914 0.454476 0.228310
v -0.035933 0.444905 0.233325
v -0.043085 0.445943 0.231153
v -0.044604 0.440816 0.231958
v -0.037631 0.439436 0.233828
v -0.082691 0.561820 0.060350
v -0.077470 0.559440 0.049910
v -0.091060 0.532653 0.055801
v -0.095394 0.534205 0.064207
v -0.067263 0.580387 0.043157
v -0.070667 0.583925 0.053736
v -0.062177 0.597081 0.046390
v -0.060931 0.590516 0.037162
v -0.050643 0.599606 0.028709
v -0.050758 0.606293 0.037370
v -0.037642 0.613428 0.025372
v -0.036422 0.607594 0.016560
v -0.023429 0.613472 0.008951
v -0.026411 0.618051 0.018582
v -0.016534 0.620207 0.016738
v -0.010422 0.611040 -0.012836
v -0.022793 0.605724 -0.009102
v -0.036535 0.597874 -0.001845
v -0.052154 0.586481 0.009520
v -0.061616 0.578106 0.017219
v -0.066086 0.571664 0.021938
v -0.075616 0.555205 0.028381
v -0.090765 0.531102 0.034840
v -0.047994 0.344034 0.142104
v -0.058677 0.344931 0.148124
v -0.039022 0.345622 0.122180
v -0.041786 0.344974 0.132471
v -0.068602 0.346052 0.154674
v -0.076095 0.350135 0.164202
v -0.018767 0.341570 0.049596
v -0.033793 0.344279 0.054751
v -0.044523 0.347225 0.065332
v -0.057334 0.348374 0.080948
v -0.062535 0.351991 0.072217
v -0.100821 0.390662 0.068190
v -0.108578 0.409698 0.061807
v -0.080085 0.353898 0.173266
v -0.081204 0.360029 0.183741
v -0.051581 0.360299 0.185958
v -0.051640 0.354612 0.173784
v -0.025395 0.362432 0.176694
v -0.027790 0.366624 0.189991
v -0.018571 0.354582 0.125161
v -0.028060 0.350533 0.127913
v -0.026797 0.351039 0.116134
v -0.018114 0.352679 0.115315
v -0.018248 0.350302 0.103804
v -0.027342 0.349844 0.105141
v -0.028276 0.348540 0.093736
v -0.018246 0.348176 0.090828
v -0.038566 0.346853 0.099549
v -0.037764 0.346009 0.111286
v -0.069652 0.376903 0.204462
v -0.087535 0.381281 0.200440
v -0.095771 0.372816 0.191327
v -0.075666 0.367175 0.194403
v -0.032660 0.378803 0.209703
v -0.049273 0.376291 0.208270
v -0.050918 0.367443 0.198701
v -0.030779 0.372169 0.200802
v -0.112040 0.425120 0.056371
v -0.112360 0.440811 0.050522
v -0.112404 0.457357 0.046899
v -0.110487 0.478167 0.044023
v -0.037527 0.422040 0.230788
v -0.046797 0.424583 0.230097
v -0.045738 0.411249 0.226195
v -0.035241 0.408836 0.226753
v -0.062028 0.431756 0.221697
v -0.066846 0.436898 0.219850
v -0.073029 0.423276 0.213917
v -0.067510 0.420069 0.216387
v -0.018822 0.356474 0.135332
v -0.019694 0.358475 0.145325
v -0.035337 0.350156 0.147664
v -0.030290 0.349903 0.138474
v -0.020846 0.359755 0.155140
v -0.023017 0.360690 0.164664
v -0.048354 0.351156 0.163198
v -0.041497 0.350851 0.155717
v -0.076963 0.361205 0.070694
v -0.090550 0.374482 0.070846
v -0.035139 0.397694 0.222549
v -0.045816 0.398991 0.222063
v -0.047120 0.387021 0.215897
v -0.034233 0.387274 0.216990
v -0.091036 0.416107 0.205865
v -0.101149 0.511869 0.038394
v -0.106734 0.496342 0.041344
v -0.092223 0.438512 0.205639
v -0.082021 0.428456 0.210700
v -0.075302 0.445157 0.216490
v -0.084802 0.455271 0.211258
v -0.081503 0.470942 0.214359
v -0.073398 0.459749 0.220048
v -0.069962 0.473317 0.221588
v -0.076552 0.484420 0.215149
v -0.076721 0.391498 0.209210
v -0.063188 0.388298 0.212752
v -0.057960 0.400718 0.219264
v -0.066096 0.402512 0.216705
v -0.020834 0.376319 0.202153
v -0.020208 0.382292 0.208053
v -0.024151 0.380767 0.209199
v -0.025753 0.388340 0.215736
v -0.020778 0.389961 0.213829
v -0.021295 0.399472 0.218829
v -0.026788 0.398115 0.221129
v -0.026880 0.408860 0.225169
v -0.021371 0.409623 0.222911
v -0.022099 0.420155 0.226393
v -0.028947 0.420360 0.228890
v -0.024457 0.433101 0.230214
v -0.024035 0.443628 0.232602
v -0.028422 0.447227 0.233220
v -0.029216 0.439756 0.232129
v -0.096955 0.535675 0.073430
v -0.096900 0.543729 0.084450
v -0.083307 0.564999 0.068312
v -0.085958 0.571866 0.106152
v -0.075022 0.585561 0.113788
v -0.064126 0.598850 0.097141
v -0.072853 0.586434 0.087485
v -0.063459 0.598964 0.073185
v -0.055259 0.609259 0.084932
v -0.049010 0.616973 0.077162
v -0.056840 0.607800 0.061442
v -0.098196 0.387666 0.197003
v -0.062564 0.416948 0.218971
v -0.058874 0.428751 0.224368
v -0.057943 0.441484 0.225697
v -0.056048 0.437967 0.227875
v -0.051643 0.441652 0.229906
v -0.051268 0.446622 0.228721
v -0.031221 0.433559 0.232118
v -0.056159 0.412163 0.222108
v -0.054474 0.426088 0.227269
v -0.052958 0.436475 0.230001
v -0.046183 0.433937 0.232246
v -0.038369 0.434086 0.233341
v -0.083379 0.361750 0.086186
v -0.085247 0.361506 0.088176
v -0.097273 0.373354 0.086529
v -0.094622 0.374226 0.085191
v -0.101934 0.390837 0.082491
v -0.101551 0.390805 0.080802
v -0.107959 0.410519 0.075063
v -0.107082 0.410007 0.073316
v -0.111998 0.427100 0.069394
v -0.111203 0.426526 0.067546
v -0.113296 0.441425 0.066291
v -0.112853 0.440883 0.063780
v -0.113194 0.457918 0.064501
v -0.112329 0.456815 0.060587
v -0.111137 0.472389 0.062689
v -0.109796 0.475816 0.056241
v -0.074783 0.355213 0.088738
v -0.034494 0.450334 0.233115
v -0.099884 0.451011 0.200268
v -0.095040 0.467046 0.204538
v -0.106461 0.494499 0.052573
v -0.030651 0.346630 0.076466
v -0.040047 0.347404 0.082546
v -0.092757 0.400965 0.202518
v -0.085312 0.412586 0.207736
v -0.111526 0.494260 0.186013
v -0.105518 0.480210 0.197244
v -0.110622 0.525722 0.154011
v -0.112787 0.509818 0.170793
v -0.042316 0.452134 0.231406
v -0.101109 0.511343 0.049918
v -0.090919 0.531652 0.043543
v -0.053727 0.346446 0.090584
v -0.065640 0.349631 0.088865
v -0.018643 0.345885 0.071542
v -0.101042 0.511356 0.058455
v -0.104627 0.509519 0.066456
v -0.099894 0.544478 0.123888
v -0.015111 0.362015 0.164775
v -0.015488 0.365670 0.177024
v -0.015011 0.360249 0.155000
v -0.016516 0.371084 0.193226
v -0.014916 0.357994 0.144857
v -0.014673 0.355897 0.134916
v -0.005145 0.611239 -0.011836
v -0.013429 0.350647 0.104159
v -0.013782 0.353266 0.115511
v -0.013011 0.348119 0.091200
v -0.014299 0.354802 0.125294
v -0.012342 0.345424 0.071824
v -0.018023 0.399830 0.218233
v -0.017873 0.409797 0.222269
v -0.018142 0.419751 0.225664
v -0.017966 0.390414 0.213184
v -0.011200 0.341258 0.049879
v -0.020079 0.431338 0.229932
v -0.021815 0.442341 0.232704
v -0.017188 0.376452 0.200796
v -0.017780 0.382794 0.207439
v -0.086956 0.396021 0.205572
v -0.073593 0.405846 0.213366
v -0.079660 0.409223 0.210195
v -0.106229 0.493726 0.058840
v -0.116549 0.481791 0.162414
v -0.117107 0.470374 0.157349
v -0.116952 0.463212 0.178638
v -0.108577 0.462249 0.193610
v -0.114875 0.494310 0.167271
v -0.114251 0.476495 0.182628
v -0.112777 0.511088 0.150720
v -0.102337 0.537172 0.119374
v -0.103342 0.527905 0.111143
v -0.112843 0.490783 0.138716
v -0.113760 0.501452 0.146144
v -0.115225 0.473163 0.112005
v -0.114840 0.481397 0.127376
v -0.105108 0.518160 0.098991
v -0.106528 0.508507 0.085547
v -0.112768 0.477506 0.075828
v -0.114823 0.469480 0.096643
v -0.106473 0.505583 0.074654
v -0.120737 0.461220 0.148324
v -0.124717 0.453213 0.135386
v -0.124746 0.448601 0.120318
v -0.123040 0.448035 0.109186
v -0.114589 0.459679 0.078726
v -0.118282 0.451730 0.091755
v -0.116029 0.418757 0.075676
v -0.116720 0.432212 0.073249
v -0.110072 0.486551 0.067159
v -0.115262 0.447548 0.072575
v -0.114164 0.466296 0.069927
v 0.038634 0.609325 0.150800
v 0.031543 0.619534 0.137213
v 0.041316 0.586654 0.182873
v 0.042322 0.599648 0.165847
v 0.036078 0.560449 0.207395
v 0.039429 0.575575 0.194406
v 0.027970 0.540713 0.224218
v 0.032369 0.548622 0.218018
v -0.003220 0.494830 0.245990
v 0.006338 0.506620 0.242607
v -0.025919 0.488163 0.248998
v -0.014301 0.489351 0.248477
v 0.000728 0.646910 0.091612
v 0.005122 0.643652 0.094411
v 0.014063 0.519611 0.237605
v 0.021805 0.531637 0.231827
v 0.021892 0.631822 0.119809
v 0.026373 0.626938 0.127369
v 0.010247 0.640395 0.101412
v 0.016525 0.636439 0.111430
v 0.024879 0.625355 0.103637
v 0.019832 0.629768 0.097372
v 0.035471 0.610404 0.123049
v 0.029740 0.619691 0.111436
v 0.029328 0.512517 0.225466
v 0.035590 0.526265 0.217789
v 0.045809 0.590930 0.148735
v 0.042066 0.600725 0.136049
v 0.012147 0.488627 0.236374
v 0.021140 0.500463 0.232476
v 0.046206 0.567518 0.179283
v 0.046522 0.579507 0.164585
v 0.040408 0.538444 0.209541
v 0.043901 0.551412 0.195802
v -0.008911 0.473389 0.241636
v 0.001875 0.478787 0.239512
v 0.003041 0.636017 0.062188
v 0.000887 0.636791 0.061297
v -0.001142 0.648238 0.090685
v 0.012338 0.634071 0.085179
v 0.007696 0.636684 0.072366
v -0.019629 0.471816 0.241462
v -0.005704 0.624328 0.016962
v -0.001933 0.624712 0.017117
v -0.005191 0.621385 0.009555
v -0.007221 0.642249 0.055635
v -0.003281 0.642538 0.056045
v -0.001847 0.631316 0.031871
v -0.005576 0.630853 0.031583
v -0.004542 0.655368 0.084852
v -0.008692 0.655203 0.084425
v -0.004669 0.619065 0.006172
v -0.004471 0.620332 0.007627
v -0.001310 0.623456 0.016207
v -0.000950 0.621835 0.016738
v 0.000702 0.628304 0.034748
v 0.000321 0.630459 0.032912
v -0.001019 0.641312 0.057499
v -0.000114 0.638434 0.059661
v -0.001612 0.650128 0.089015
v -0.002186 0.653741 0.086521
v 0.001394 0.620570 0.017947
v 0.001425 0.617236 0.007700
v 0.002386 0.626875 0.036106
v -0.014217 0.458481 0.238975
v -0.004683 0.460364 0.238749
v 0.005753 0.465293 0.238034
v 0.016387 0.474114 0.236405
v 0.044615 0.509717 0.220075
v 0.051983 0.524546 0.211951
v 0.056758 0.542099 0.196393
v 0.057710 0.560779 0.175914
v 0.056745 0.573834 0.156584
v 0.054200 0.584485 0.141726
v 0.049235 0.595221 0.128610
v 0.041073 0.607175 0.113664
v 0.034161 0.617501 0.102794
v 0.028423 0.624176 0.095857
v 0.022736 0.628990 0.089924
v 0.027009 0.483768 0.232786
v 0.036214 0.496221 0.226627
v -0.020524 0.456437 0.237259
v 0.008799 0.633449 0.064740
v 0.013313 0.624965 0.038907
v 0.005031 0.626609 0.036851
v 0.026439 0.624459 0.075744
v 0.034839 0.614752 0.056173
v 0.022829 0.621195 0.045611
v 0.016560 0.629679 0.069543
v 0.055697 0.591510 0.071945
v 0.057837 0.588509 0.067393
v 0.048763 0.601692 0.058358
v 0.074055 0.561402 0.110465
v 0.076646 0.552971 0.103702
v 0.067899 0.571145 0.084273
v 0.063711 0.578097 0.088945
v 0.067677 0.561186 0.155665
v 0.079900 0.541795 0.160513
v 0.075619 0.555456 0.136465
v 0.063737 0.572745 0.136817
v 0.067839 0.529678 0.198448
v 0.077657 0.511279 0.200194
v 0.080754 0.528184 0.183252
v 0.069527 0.547772 0.178106
v 0.059315 0.481737 0.218284
v 0.071023 0.495959 0.211766
v 0.062356 0.510064 0.213205
v 0.052274 0.495448 0.220371
v 0.011030 0.452683 0.234839
v 0.023026 0.449942 0.231390
v 0.020569 0.460790 0.234450
v -0.008592 0.438638 0.237525
v -0.000265 0.439299 0.236622
v -0.000487 0.444634 0.235657
v -0.009464 0.444222 0.236869
v 0.080088 0.533840 0.073941
v 0.076659 0.532521 0.064742
v 0.064388 0.559838 0.057885
v 0.068533 0.561984 0.069135
v 0.049198 0.591761 0.043281
v 0.049534 0.597431 0.052441
v 0.058279 0.584495 0.061234
v 0.055096 0.581427 0.050264
v 0.025918 0.608893 0.020423
v 0.026096 0.614214 0.029095
v 0.039154 0.607162 0.042177
v 0.039458 0.600921 0.033718
v 0.004347 0.620190 0.018481
v 0.014850 0.618533 0.021088
v 0.013218 0.614127 0.011667
v 0.014211 0.606930 -0.006502
v 0.001436 0.611393 -0.011796
v 0.043267 0.588547 0.014896
v 0.027949 0.599558 0.002365
v 0.055800 0.573070 0.028952
v 0.051780 0.579819 0.023552
v 0.078198 0.531215 0.043219
v 0.063572 0.555659 0.036008
v 0.015323 0.350026 0.170077
v 0.014205 0.348087 0.150624
v 0.012722 0.348423 0.135377
v 0.011870 0.348571 0.122808
v 0.021165 0.361975 0.199531
v 0.017654 0.356133 0.190040
v 0.010838 0.343813 0.057139
v -0.003613 0.341417 0.050391
v 0.034319 0.351980 0.079817
v 0.027483 0.348843 0.088208
v 0.020516 0.346683 0.068272
v 0.080726 0.393538 0.079590
v 0.072483 0.375555 0.088652
v 0.023383 0.378719 0.220649
v 0.021228 0.370823 0.212064
v -0.005944 0.367749 0.191301
v -0.007064 0.364314 0.177542
v 0.007580 0.365362 0.197529
v 0.008094 0.371649 0.209070
v -0.009298 0.353430 0.115598
v 0.000504 0.352604 0.115359
v 0.001981 0.354738 0.122847
v -0.010162 0.355032 0.125298
v -0.007537 0.348087 0.091619
v 0.002276 0.348697 0.095261
v 0.000314 0.350847 0.106224
v -0.008675 0.351059 0.104596
v 0.011026 0.349026 0.110653
v 0.010786 0.348546 0.100689
v 0.025113 0.385067 0.224846
v 0.035548 0.393557 0.229252
v 0.035500 0.399739 0.228378
v 0.024003 0.391496 0.225238
v -0.004712 0.372573 0.202902
v 0.009281 0.378844 0.214129
v 0.009728 0.384118 0.218720
v -0.003224 0.379150 0.211448
v 0.091153 0.430977 0.064291
v 0.086402 0.410811 0.072087
v 0.093085 0.474057 0.055053
v 0.093139 0.450367 0.058954
v -0.001507 0.408864 0.228161
v 0.007711 0.410789 0.228816
v 0.003598 0.423149 0.233871
v -0.005005 0.421327 0.233122
v 0.031231 0.427255 0.224973
v 0.036664 0.431490 0.223212
v 0.030862 0.440175 0.226499
v 0.025082 0.434523 0.227875
v 0.002859 0.355181 0.134929
v 0.003569 0.354625 0.149542
v -0.010367 0.359414 0.145396
v -0.010437 0.357255 0.135300
v 0.004036 0.356361 0.165963
v 0.005769 0.359899 0.183147
v -0.008479 0.362573 0.165154
v -0.009901 0.360884 0.155265
v 0.060562 0.362461 0.089808
v 0.045226 0.355231 0.084418
v -0.002056 0.387661 0.218433
v 0.009420 0.391508 0.222311
v 0.008967 0.400733 0.225786
v -0.001374 0.397937 0.224053
v 0.047837 0.428172 0.221470
v 0.091114 0.494174 0.052036
v 0.087404 0.511326 0.047352
v 0.052759 0.458180 0.219905
v 0.041254 0.448568 0.224674
v 0.045049 0.437073 0.221172
v 0.055495 0.445043 0.216628
v 0.042078 0.481785 0.226342
v 0.031629 0.470917 0.231832
v 0.036312 0.459358 0.229028
v 0.047703 0.469755 0.224217
v 0.026260 0.411470 0.227549
v 0.019614 0.407111 0.227460
v 0.021673 0.398598 0.225921
v 0.031493 0.405550 0.227158
v -0.011502 0.380941 0.209732
v -0.015183 0.382331 0.208205
v -0.013829 0.376333 0.202515
v -0.009410 0.398403 0.221569
v -0.014520 0.399518 0.219003
v -0.014947 0.390115 0.213922
v -0.010193 0.388606 0.216288
v -0.010944 0.420023 0.229792
v -0.015037 0.419985 0.226769
v -0.014314 0.409682 0.223115
v -0.008859 0.408926 0.225775
v -0.014511 0.439558 0.234290
v -0.016636 0.447123 0.235377
v -0.019837 0.443521 0.233608
v -0.016965 0.432862 0.231608
v 0.069135 0.565243 0.077274
v 0.080373 0.543053 0.094611
v 0.080987 0.535167 0.083460
v 0.058118 0.585770 0.094223
v 0.048398 0.598639 0.103189
v 0.057662 0.584930 0.119796
v 0.068212 0.570578 0.114692
v 0.043508 0.607554 0.066508
v 0.034525 0.617822 0.083279
v 0.040647 0.610080 0.091457
v 0.049806 0.598460 0.078608
v 0.042789 0.406743 0.228424
v 0.019658 0.430076 0.230134
v 0.026261 0.422872 0.226757
v 0.009088 0.444731 0.234332
v 0.008019 0.439431 0.235566
v 0.013956 0.437042 0.233663
v 0.017967 0.441357 0.231841
v -0.012590 0.433225 0.234449
v 0.012947 0.425816 0.232178
v 0.019589 0.416250 0.228275
v 0.008888 0.434444 0.235550
v -0.007427 0.433277 0.236803
v 0.000750 0.432302 0.236866
v 0.065799 0.358694 0.111366
v 0.067626 0.357758 0.115094
v 0.053115 0.350507 0.110856
v 0.051520 0.351336 0.107157
v 0.076904 0.372779 0.108261
v 0.078670 0.372508 0.111830
v 0.084659 0.390654 0.097345
v 0.086828 0.390296 0.100546
v 0.089114 0.407974 0.087032
v 0.091572 0.407659 0.089999
v 0.090970 0.425554 0.079665
v 0.093170 0.425233 0.083206
v 0.092152 0.445546 0.073111
v 0.093518 0.445652 0.077409
v 0.091630 0.469112 0.067171
v 0.092826 0.463897 0.073669
v 0.042936 0.347808 0.105829
v -0.010681 0.449737 0.236608
v 0.066457 0.453112 0.210953
v 0.064247 0.466936 0.214769
v 0.089797 0.490907 0.062801
v 0.014739 0.347767 0.085036
v 0.005824 0.346877 0.078446
v 0.044765 0.416449 0.224476
v 0.042661 0.425035 0.222613
v 0.076128 0.477569 0.208872
v 0.083470 0.491220 0.198495
v 0.087226 0.507214 0.183605
v 0.086932 0.523759 0.166476
v -0.001367 0.450920 0.236112
v 0.077554 0.531744 0.051910
v 0.086174 0.509803 0.059673
v 0.034136 0.345919 0.101223
v 0.024036 0.346516 0.096817
v -0.006011 0.345384 0.072366
v 0.087953 0.506917 0.076627
v 0.085230 0.509416 0.068184
v 0.080683 0.543190 0.134889
v 0.038848 0.411550 0.226149
v 0.037762 0.421217 0.224108
v 0.032669 0.416826 0.226102
v 0.089096 0.489491 0.069081
v 0.091140 0.464292 0.173061
v 0.090757 0.476855 0.177410
v 0.077179 0.460144 0.205196
v 0.085121 0.471699 0.195992
v 0.089395 0.490527 0.180722
v 0.090183 0.508105 0.163306
v 0.091034 0.497940 0.158703
v 0.091317 0.487074 0.151726
v 0.085241 0.526483 0.122299
v 0.083559 0.535786 0.130606
v 0.089168 0.506180 0.096100
v 0.087381 0.516583 0.109945
v 0.095272 0.476772 0.141591
v 0.099173 0.464209 0.126248
v 0.089764 0.502537 0.084833
v 0.102042 0.457215 0.112106
v 0.096517 0.467927 0.087579
v 0.100750 0.440629 0.158067
v 0.095244 0.453179 0.165701
v 0.106657 0.429901 0.134543
v 0.104568 0.432309 0.145609
v 0.100663 0.443624 0.094912
v 0.107070 0.432322 0.114611
v 0.099670 0.410694 0.096818
v 0.098417 0.395543 0.104805
v 0.092786 0.480195 0.077541
v 0.096729 0.454393 0.082764
v 0.098320 0.429513 0.091396
v 0.021987 0.348214 0.171593
v 0.022267 0.353905 0.185927
v 0.026246 0.343309 0.141254
v 0.023805 0.345457 0.153864
v 0.025575 0.359105 0.193830
v 0.030247 0.365337 0.202921
v 0.030995 0.376035 0.212603
v 0.032866 0.385663 0.222379
v 0.024870 0.340379 0.116741
v 0.025721 0.342011 0.129015
v 0.048881 0.412162 0.227114
v 0.048941 0.399762 0.226032
v 0.054864 0.401543 0.224424
v 0.054742 0.417180 0.223303
v 0.050078 0.421956 0.222445
v 0.057272 0.426118 0.220581
v 0.057890 0.435323 0.217581
v 0.042940 0.398412 0.228336
v 0.067641 0.442645 0.211827
v 0.063748 0.420128 0.218252
v 0.066546 0.432352 0.214329
v 0.051684 0.384456 0.222848
v 0.058976 0.388811 0.224015
v 0.061133 0.404860 0.221797
v 0.038927 0.386391 0.221459
v 0.045429 0.386310 0.221218
v 0.038181 0.375031 0.213424
v 0.043971 0.374514 0.217557
v 0.086119 0.458717 0.192799
v 0.085503 0.450099 0.191167
v 0.078343 0.439875 0.205793
v 0.078081 0.449446 0.204149
v 0.090996 0.374389 0.200446
v 0.085627 0.378983 0.208048
v 0.035391 0.331783 0.152508
v 0.036366 0.327527 0.138943
v 0.027360 0.355114 0.194564
v 0.025236 0.350148 0.187476
v 0.025802 0.344581 0.180484
v 0.030539 0.337027 0.166293
v 0.036870 0.366302 0.210405
v 0.031452 0.360380 0.202119
v 0.098344 0.369512 0.156102
v 0.083841 0.350495 0.148657
v 0.084188 0.360838 0.131410
v 0.097221 0.377122 0.130525
v 0.041648 0.342204 0.109797
v 0.048270 0.343968 0.113297
v 0.050466 0.339322 0.117917
v 0.042537 0.324470 0.136204
v 0.054609 0.321604 0.142346
v 0.094799 0.369528 0.191163
v 0.097473 0.364594 0.180170
v 0.079231 0.384866 0.213618
v 0.071539 0.391810 0.217312
v 0.067347 0.409541 0.216284
v 0.073975 0.427709 0.209929
v 0.078135 0.415994 0.209053
v 0.084292 0.403725 0.204975
v 0.089124 0.413967 0.200588
v 0.083049 0.425769 0.204833
v 0.089782 0.441353 0.190738
v 0.096049 0.427976 0.186178
v 0.094191 0.404386 0.193094
v 0.090270 0.395074 0.198535
v 0.095851 0.389780 0.189665
v 0.099405 0.397881 0.183248
v 0.105422 0.383029 0.147976
v 0.102805 0.379241 0.150109
v 0.102489 0.386675 0.126370
v 0.104196 0.391863 0.122064
v 0.064890 0.320657 0.151310
v 0.072550 0.322572 0.162651
v 0.060474 0.331110 0.131670
v 0.072283 0.331329 0.147257
v 0.061888 0.328976 0.137326
v 0.058024 0.347421 0.118671
v 0.070668 0.353885 0.124653
v 0.072722 0.342450 0.137322
v 0.060638 0.338824 0.126738
v 0.064846 0.392666 0.221308
v 0.038335 0.339695 0.110655
v 0.050146 0.334311 0.121190
v 0.051368 0.331420 0.128561
v 0.038756 0.335618 0.120690
v 0.104301 0.410941 0.164353
v 0.100635 0.417414 0.177183
v 0.107135 0.413169 0.117142
v 0.103176 0.418831 0.104771
v 0.105821 0.393422 0.153208
v 0.103175 0.393786 0.171239
v 0.099866 0.385694 0.179050
v 0.102636 0.382423 0.166053
v 0.107231 0.407249 0.150060
v 0.109381 0.405925 0.138326
v 0.105280 0.400050 0.116850
v 0.107068 0.394963 0.134573
v 0.093257 0.384940 0.110851
v 0.082997 0.367254 0.121074
v 0.074603 0.408818 0.210894
v 0.081504 0.398633 0.206430
v 0.087754 0.390846 0.200352
v 0.093212 0.385603 0.192371
v 0.097288 0.381473 0.182752
v 0.099935 0.378258 0.170237
v 0.078809 0.427385 0.207781
v 0.082889 0.339636 0.162686
v 0.094741 0.355969 0.170341
v 0.030515 0.276117 0.313966
v 0.043337 0.271697 0.310110
v 0.046104 0.279220 0.302299
v 0.033317 0.286384 0.301930
v 0.048951 0.265053 0.303233
v 0.046101 0.258200 0.292053
v 0.047821 0.262498 0.287545
v 0.051054 0.270229 0.297876
v 0.011036 0.280097 0.291598
v 0.010418 0.269679 0.284789
v 0.008616 0.264079 0.292784
v 0.007900 0.271574 0.303411
v 0.014418 0.260844 0.279445
v 0.023079 0.255800 0.275597
v 0.022901 0.253354 0.280931
v 0.013179 0.257579 0.285790
v 0.034602 0.250758 0.279698
v 0.029936 0.250897 0.278841
v 0.030156 0.253446 0.273942
v 0.035299 0.253891 0.275023
v 0.016217 0.288549 0.298508
v 0.013240 0.286266 0.296012
v 0.009347 0.275859 0.310037
v 0.012400 0.277499 0.313081
v 0.039773 0.255374 0.277262
v 0.043720 0.257707 0.280902
v 0.042717 0.253837 0.284926
v 0.038913 0.251701 0.281577
v 0.016526 0.278190 0.314906
v 0.021658 0.278156 0.315582
v 0.024610 0.289586 0.301156
v 0.019692 0.289754 0.300274
v 0.076550 0.317413 0.201371
v 0.084753 0.330707 0.207357
v 0.077484 0.320782 0.224482
v 0.072059 0.308100 0.218066
v 0.086698 0.343005 0.212434
v 0.082849 0.351669 0.215925
v 0.073264 0.342035 0.233190
v 0.077756 0.332667 0.229802
v 0.081568 0.357073 0.221613
v 0.076985 0.360760 0.226774
v 0.068465 0.349963 0.240571
v 0.072192 0.347409 0.237589
v 0.070576 0.362783 0.230594
v 0.062308 0.363231 0.232695
v 0.056499 0.352336 0.242681
v 0.063306 0.351752 0.242326
v 0.040127 0.318087 0.271504
v 0.055437 0.340769 0.253896
v 0.049916 0.341280 0.253313
v 0.062013 0.337574 0.251327
v 0.058855 0.339705 0.253308
v 0.044046 0.316408 0.271000
v 0.047036 0.313024 0.269208
v 0.056108 0.305541 0.267160
v 0.067787 0.320357 0.247905
v 0.061120 0.329084 0.250401
v 0.057744 0.284445 0.258567
v 0.065891 0.297210 0.237149
v 0.069672 0.309290 0.243193
v 0.060161 0.295865 0.263642
v 0.053149 0.285307 0.278718
v 0.052675 0.277162 0.289081
v 0.049050 0.267788 0.281770
v 0.050794 0.274482 0.273825
v 0.038201 0.300889 0.282858
v 0.036155 0.294251 0.292997
v 0.048150 0.286718 0.293108
v 0.049345 0.294052 0.281997
v 0.032916 0.323373 0.196693
v 0.039443 0.314182 0.192404
v 0.038303 0.306088 0.208303
v 0.030600 0.316216 0.211221
v 0.027214 0.341818 0.206827
v 0.028739 0.332719 0.201518
v 0.026178 0.326211 0.215397
v 0.024931 0.335930 0.220735
v 0.031206 0.352375 0.217250
v 0.028142 0.347539 0.212003
v 0.026207 0.341033 0.225418
v 0.029394 0.344456 0.229831
v 0.026686 0.332247 0.245866
v 0.024058 0.329646 0.242459
v 0.023426 0.312936 0.263514
v 0.023554 0.324299 0.238372
v 0.023918 0.314649 0.232744
v 0.021348 0.298585 0.253214
v 0.022557 0.307944 0.259494
v 0.023945 0.288845 0.249082
v 0.027720 0.304484 0.228741
v 0.036009 0.294965 0.227204
v 0.030785 0.279682 0.247966
v 0.027246 0.266061 0.264682
v 0.024839 0.260588 0.269963
v 0.016630 0.267274 0.272271
v 0.020317 0.274901 0.265926
v 0.017678 0.285650 0.268476
v 0.012596 0.277086 0.276779
v 0.013589 0.288097 0.282693
v 0.019407 0.295925 0.274472
v 0.036427 0.258490 0.269638
v 0.031046 0.257689 0.268227
v 0.031662 0.263524 0.262102
v 0.037831 0.264297 0.262973
v 0.042452 0.273589 0.248664
v 0.036196 0.273887 0.247213
v 0.042392 0.288349 0.226158
v 0.049191 0.286978 0.227392
v 0.053458 0.298212 0.208479
v 0.046001 0.300085 0.207463
v 0.047171 0.308922 0.190980
v 0.055330 0.307444 0.191839
v 0.042109 0.360798 0.229474
v 0.035975 0.356758 0.223148
v 0.033646 0.347647 0.234454
v 0.038740 0.350565 0.239229
v 0.033783 0.336961 0.252430
v 0.029836 0.334783 0.248909
v 0.025669 0.316010 0.266171
v 0.027944 0.318241 0.268792
v 0.023278 0.303949 0.281124
v 0.021205 0.301935 0.278898
v 0.016078 0.294673 0.287060
v 0.018882 0.296969 0.289605
v 0.042707 0.265481 0.265873
v 0.046565 0.268535 0.270287
v 0.044448 0.262719 0.276549
v 0.040931 0.259930 0.272082
v 0.055000 0.287623 0.229489
v 0.059109 0.291428 0.232792
v 0.052048 0.278698 0.254500
v 0.048034 0.274725 0.250934
v 0.062492 0.307843 0.193726
v 0.068821 0.310176 0.196801
v 0.065467 0.301040 0.213358
v 0.059989 0.298565 0.210460
v 0.044346 0.352170 0.242000
v 0.050542 0.352501 0.242631
v 0.055038 0.363356 0.233468
v 0.048402 0.362991 0.233012
v 0.031235 0.319222 0.270351
v 0.035567 0.318875 0.270760
v 0.043758 0.338415 0.255292
v 0.038316 0.338123 0.254634
v 0.022763 0.297955 0.291258
v 0.027706 0.297767 0.292175
v 0.030600 0.304495 0.283044
v 0.026325 0.304747 0.282527
v 0.087800 0.365501 0.209066
v 0.082588 0.370166 0.215954
v 0.039922 0.320388 0.180065
v 0.033895 0.328283 0.184497
v 0.028131 0.350372 0.199734
v 0.031040 0.355674 0.205993
v 0.029887 0.336629 0.189300
v 0.027704 0.344901 0.194164
v 0.035670 0.360921 0.212721
v 0.041145 0.366129 0.219892
v 0.046427 0.372413 0.224441
v 0.055501 0.314271 0.178292
v 0.046897 0.315817 0.177980
v 0.089718 0.359468 0.200833
v 0.093662 0.352225 0.195027
v 0.068659 0.375977 0.224141
v 0.076201 0.373650 0.221001
v 0.070643 0.316692 0.183707
v 0.063652 0.314596 0.180443
v 0.052929 0.374728 0.227215
v 0.060935 0.376256 0.226367
v 0.090973 0.339237 0.190793
v 0.080347 0.324399 0.187363
v 0.024876 0.142881 0.334316
v 0.025450 0.145996 0.333667
v 0.031706 0.152653 0.346426
v 0.030741 0.145581 0.348229
v 0.031535 0.148229 0.357460
v 0.032410 0.159039 0.354132
v 0.026757 0.164108 0.358240
v 0.026179 0.150826 0.362671
v 0.021030 0.152874 0.365832
v 0.021650 0.167145 0.360664
v 0.017009 0.167981 0.362584
v 0.016143 0.153920 0.367782
v 0.011946 0.154169 0.367832
v 0.012793 0.167886 0.362500
v 0.009027 0.166983 0.360383
v 0.008498 0.153744 0.365980
v 0.004317 0.152265 0.361932
v 0.004780 0.164387 0.356909
v 0.000223 0.160377 0.350982
v -0.000434 0.150300 0.354831
v -0.000138 0.147341 0.345275
v 0.000427 0.154016 0.343209
v 0.005253 0.146863 0.332295
v 0.005144 0.143863 0.332814
v 0.013455 0.143401 0.325166
v 0.013316 0.141825 0.325412
v 0.010104 0.141840 0.326281
v 0.010149 0.143596 0.326051
v 0.019894 0.143175 0.326773
v 0.019579 0.141426 0.327033
v 0.016458 0.141670 0.325636
v 0.016699 0.143255 0.325376
v 0.014599 0.149449 0.323099
v 0.017734 0.149393 0.323190
v 0.006700 0.153880 0.329004
v 0.011159 0.149685 0.324435
v 0.002240 0.170168 0.342803
v 0.002480 0.163205 0.336865
v 0.010074 0.177175 0.350606
v 0.006239 0.174383 0.347382
v 0.018014 0.178414 0.352812
v 0.013801 0.178486 0.352363
v 0.027750 0.174009 0.349666
v 0.022658 0.176993 0.351854
v 0.021014 0.149424 0.324955
v 0.026699 0.153612 0.330627
v 0.032503 0.162420 0.339574
v 0.033190 0.169479 0.346074
v 0.028993 0.254572 0.320867
v 0.039000 0.252009 0.315145
v 0.041847 0.260286 0.313433
v 0.029924 0.262300 0.319800
v 0.039405 0.245901 0.300110
v 0.042224 0.252220 0.295588
v 0.046053 0.257430 0.305171
v 0.042660 0.249130 0.307661
v 0.039348 0.237698 0.312353
v 0.036477 0.222318 0.318504
v 0.033328 0.219415 0.312965
v 0.037137 0.236032 0.308252
v 0.028492 0.242815 0.324275
v 0.028969 0.226509 0.329649
v 0.034875 0.225394 0.325219
v 0.036562 0.240706 0.319135
v 0.029668 0.193099 0.340291
v 0.033793 0.191095 0.335402
v 0.033993 0.208850 0.330627
v 0.029361 0.209908 0.334885
v 0.029246 0.183678 0.324367
v 0.031069 0.201830 0.319062
v 0.034670 0.205570 0.324133
v 0.033568 0.187390 0.328895
v 0.027831 0.168977 0.329328
v 0.032721 0.173050 0.334085
v 0.033402 0.177976 0.340562
v 0.029102 0.181134 0.345200
v 0.008775 0.260299 0.310767
v 0.008618 0.256776 0.299378
v 0.010567 0.249861 0.302976
v 0.010637 0.253179 0.313115
v 0.014250 0.246969 0.295820
v 0.012580 0.253610 0.291309
v 0.020497 0.249769 0.286985
v 0.020862 0.244750 0.292842
v 0.019060 0.234657 0.300972
v 0.018682 0.218154 0.307886
v 0.013501 0.220912 0.310885
v 0.014795 0.235846 0.302408
v 0.011435 0.238751 0.308839
v 0.010964 0.223937 0.317163
v 0.012243 0.225549 0.324041
v 0.011708 0.241575 0.317524
v 0.011513 0.209400 0.330354
v 0.009838 0.207927 0.324261
v 0.007659 0.190939 0.330463
v 0.009533 0.193321 0.336806
v 0.009207 0.187080 0.324246
v 0.011698 0.204602 0.318081
v 0.016176 0.200811 0.315035
v 0.013398 0.183069 0.321374
v 0.005972 0.173305 0.330557
v 0.010309 0.168577 0.326754
v 0.007690 0.181688 0.342568
v 0.004967 0.178380 0.336645
v 0.013373 0.162661 0.319308
v 0.016898 0.162377 0.318404
v 0.020322 0.178178 0.312742
v 0.016899 0.178551 0.313640
v 0.020163 0.196317 0.307071
v 0.023725 0.196051 0.306248
v 0.026850 0.213368 0.300219
v 0.023206 0.213695 0.300680
v 0.025851 0.230506 0.295408
v 0.029354 0.230007 0.295765
v 0.030113 0.241321 0.291033
v 0.026538 0.242009 0.290415
v 0.026548 0.247502 0.284805
v 0.030102 0.246606 0.285270
v 0.013110 0.264755 0.320904
v 0.010210 0.263697 0.318083
v 0.011863 0.255050 0.319528
v 0.014244 0.255707 0.322342
v 0.015299 0.243945 0.325507
v 0.013016 0.243299 0.323007
v 0.014197 0.226676 0.328562
v 0.016825 0.227364 0.330669
v 0.016893 0.211152 0.336223
v 0.013894 0.210471 0.334332
v 0.012225 0.194833 0.340880
v 0.015692 0.195475 0.342672
v 0.014605 0.184615 0.348121
v 0.010895 0.183789 0.346380
v 0.019667 0.162356 0.318630
v 0.023339 0.162473 0.320187
v 0.026130 0.196200 0.306764
v 0.029031 0.196736 0.309073
v 0.026096 0.178651 0.315106
v 0.022810 0.178244 0.313118
v 0.031864 0.230177 0.296639
v 0.034949 0.231168 0.298946
v 0.032045 0.214192 0.303335
v 0.029233 0.213537 0.300860
v 0.034089 0.247242 0.286780
v 0.037877 0.248676 0.289441
v 0.036595 0.242677 0.294547
v 0.033085 0.241595 0.292144
v 0.017546 0.255929 0.323796
v 0.021880 0.255810 0.323810
v 0.021631 0.264587 0.322852
v 0.016934 0.265000 0.322423
v 0.020120 0.227543 0.331752
v 0.024053 0.227227 0.331863
v 0.022500 0.243987 0.326838
v 0.018397 0.244148 0.326801
v 0.019959 0.195372 0.343364
v 0.025069 0.194543 0.342967
v 0.024868 0.210703 0.337075
v 0.020566 0.211225 0.337137
v 0.024287 0.183283 0.347861
v 0.019088 0.184462 0.348634
v 0.023043 0.233047 0.298719
v 0.020969 0.216503 0.305506
v 0.018366 0.199280 0.312191
v 0.015337 0.181587 0.318699
v 0.012559 0.165376 0.323489
v 0.024980 0.165838 0.325233
v 0.027471 0.182471 0.320700
v 0.029671 0.200211 0.315339
v 0.032123 0.217565 0.309472
v 0.035378 0.234066 0.303695
v 0.033862 0.098692 0.359439
v 0.029321 0.107365 0.358064
v 0.024331 0.106620 0.363416
v 0.028233 0.096589 0.366148
v 0.027364 0.105032 0.337706
v 0.025470 0.107219 0.340280
v 0.029779 0.107291 0.350340
v 0.034320 0.101760 0.348178
v -0.004948 0.093503 0.362475
v -0.003372 0.103429 0.362787
v -0.008097 0.103319 0.357692
v -0.009690 0.092179 0.355836
v -0.012070 0.095040 0.346724
v -0.008831 0.103911 0.349860
v -0.006409 0.105356 0.339397
v -0.007967 0.099802 0.336989
v 0.003901 0.104350 0.329375
v -0.003311 0.103900 0.331171
v -0.001737 0.106922 0.333765
v 0.004858 0.107348 0.333259
v 0.007222 0.104789 0.368695
v 0.001680 0.103734 0.366416
v 0.000809 0.089230 0.368260
v 0.007747 0.090723 0.371185
v 0.012380 0.107420 0.333791
v 0.019294 0.107767 0.334998
v 0.018317 0.105853 0.331143
v 0.012073 0.105283 0.330032
v 0.014650 0.092797 0.371931
v 0.022087 0.094939 0.370217
v 0.019072 0.106023 0.366961
v 0.012967 0.105503 0.368855
v 0.025792 0.134693 0.359704
v 0.029416 0.134940 0.354941
v 0.030703 0.139838 0.356156
v 0.025879 0.140473 0.360947
v 0.023029 0.133364 0.337289
v 0.023799 0.138711 0.335173
v 0.029834 0.139493 0.347594
v 0.028767 0.134469 0.347571
v 0.028788 0.126081 0.348469
v 0.028394 0.114571 0.350070
v 0.024340 0.113359 0.341025
v 0.023400 0.124808 0.339343
v 0.025397 0.126332 0.359829
v 0.023988 0.115126 0.361385
v 0.028196 0.115181 0.356694
v 0.029141 0.126574 0.355181
v 0.003793 0.141728 0.360418
v -0.000714 0.141501 0.353982
v -0.000628 0.135882 0.352979
v 0.002924 0.135741 0.358314
v -0.000037 0.135435 0.345404
v -0.000255 0.141012 0.344933
v 0.005173 0.139776 0.333615
v 0.004816 0.134308 0.335750
v 0.001992 0.126115 0.337749
v -0.002695 0.114617 0.339871
v -0.005758 0.115043 0.348915
v -0.002032 0.127269 0.346582
v -0.002334 0.127765 0.353438
v -0.005522 0.115669 0.355646
v -0.001019 0.116284 0.360202
v 0.001235 0.127584 0.358246
v 0.007078 0.114612 0.334199
v 0.001938 0.114938 0.335316
v 0.006168 0.125199 0.332823
v 0.009984 0.124649 0.331745
v 0.011735 0.132951 0.329624
v 0.008753 0.133395 0.330646
v 0.009497 0.138729 0.327516
v 0.012619 0.138624 0.326559
v 0.011458 0.142234 0.366637
v 0.007849 0.142099 0.364669
v 0.006838 0.135586 0.362225
v 0.011170 0.135383 0.364700
v 0.010277 0.127087 0.364529
v 0.005477 0.127337 0.361942
v 0.003869 0.116690 0.363655
v 0.008847 0.116567 0.366020
v 0.014060 0.124348 0.332112
v 0.018399 0.124227 0.333860
v 0.018759 0.113658 0.336109
v 0.012760 0.114148 0.334563
v 0.015773 0.138437 0.326819
v 0.018922 0.138143 0.328335
v 0.018377 0.132678 0.331595
v 0.014911 0.132753 0.329948
v 0.015953 0.135097 0.364968
v 0.021222 0.134768 0.363024
v 0.020904 0.141263 0.364382
v 0.015793 0.141960 0.366523
v 0.014060 0.116216 0.366305
v 0.019500 0.115604 0.364519
v 0.020773 0.126386 0.363047
v 0.015378 0.126783 0.364947
v -0.008648 0.096910 0.336844
v -0.010964 0.092186 0.347562
v -0.009188 0.087960 0.356462
v -0.004208 0.086819 0.362398
v 0.001270 0.086548 0.367400
v 0.007964 0.088073 0.370483
v 0.014917 0.090193 0.371406
v 0.022431 0.092405 0.369939
v 0.028919 0.094562 0.365867
v 0.034738 0.096749 0.359122
v 0.035227 0.100476 0.347622
v 0.028435 0.103580 0.336124
v 0.021627 0.104281 0.330366
v 0.011645 0.103518 0.328394
v 0.003446 0.102335 0.327493
v -0.002457 0.101805 0.328864
v -0.002798 0.099452 0.328305
v -0.008279 0.095299 0.335213
v -0.010261 0.090793 0.344159
v -0.009262 0.086589 0.352514
v -0.004779 0.084546 0.359963
v 0.001117 0.084604 0.365104
v 0.008338 0.085141 0.368937
v 0.015195 0.087124 0.369899
v 0.011339 0.101286 0.327836
v 0.005904 0.100295 0.327507
v 0.022756 0.089570 0.368498
v 0.029809 0.092233 0.364605
v 0.036100 0.094868 0.357441
v 0.035766 0.099022 0.347104
v 0.026870 0.103905 0.334254
v 0.019075 0.103468 0.328991
v 0.038524 0.095623 0.346664
v 0.044628 0.086541 0.347321
v 0.036962 0.095637 0.329614
v 0.030946 0.100640 0.333801
v 0.031891 0.085745 0.363812
v 0.034806 0.071965 0.363373
v 0.043660 0.078718 0.358825
v 0.038607 0.090034 0.357514
v -0.007205 0.089288 0.329583
v -0.006149 0.083399 0.322980
v -0.008769 0.072062 0.336118
v -0.011177 0.083843 0.342641
v -0.009359 0.078183 0.351948
v -0.007762 0.064771 0.345571
v -0.003084 0.061842 0.352306
v -0.003605 0.075756 0.358033
v 0.008463 0.076964 0.367074
v 0.002021 0.075626 0.363137
v 0.002376 0.060159 0.358127
v 0.008784 0.059883 0.363064
v 0.009052 0.090857 0.319001
v -0.000474 0.089036 0.317271
v -0.003416 0.095801 0.323255
v 0.005831 0.096248 0.324381
v 0.016207 0.098693 0.324028
v 0.024841 0.101053 0.325727
v 0.027881 0.097711 0.320952
v 0.018307 0.093895 0.320327
v 0.016539 0.061872 0.365629
v 0.025702 0.066277 0.365370
v 0.023956 0.081769 0.367486
v 0.015771 0.078993 0.368518
v 0.017472 0.047382 0.361891
v 0.017903 0.046575 0.360463
v 0.027369 0.051308 0.361824
v 0.027045 0.052198 0.363135
v 0.036902 0.058476 0.362564
v 0.037000 0.057516 0.361422
v 0.046578 0.065131 0.358798
v 0.046457 0.066233 0.359655
v 0.046856 0.078896 0.345310
v 0.044337 0.078441 0.341287
v 0.041389 0.089722 0.327486
v 0.041132 0.091171 0.328226
v 0.030748 0.094784 0.319025
v 0.031148 0.093205 0.318462
v 0.021244 0.089657 0.317594
v 0.020610 0.091065 0.318288
v 0.010665 0.088232 0.316851
v 0.011499 0.086968 0.316063
v 0.001986 0.085279 0.314121
v 0.000934 0.086559 0.315095
v -0.004390 0.079396 0.320214
v -0.003216 0.078223 0.319103
v -0.005353 0.064877 0.330165
v -0.006332 0.065750 0.331511
v -0.006116 0.054838 0.341086
v -0.005143 0.054046 0.339643
v -0.000666 0.049740 0.345768
v -0.001491 0.050501 0.347244
v 0.003709 0.047481 0.352976
v 0.004424 0.046718 0.351481
v 0.010304 0.045085 0.356868
v 0.009718 0.045855 0.358402
v -0.008343 0.093024 0.334503
v -0.009899 0.089424 0.341283
v -0.004548 0.097186 0.327501
v 0.003668 0.098256 0.326283
v 0.012195 0.100187 0.326901
v 0.021046 0.103034 0.328460
v 0.029571 0.102295 0.335929
v 0.036256 0.098434 0.347056
v 0.036610 0.093868 0.357160
v 0.030131 0.091069 0.364156
v 0.022898 0.088137 0.367966
v 0.015345 0.085842 0.369116
v 0.008518 0.083871 0.368008
v 0.002247 0.081150 0.363973
v -0.004215 0.081659 0.358630
v -0.008983 0.084054 0.351675
v 0.010915 0.058504 0.342835
v 0.006859 0.064317 0.335232
v 0.010371 0.075578 0.326030
v 0.019565 0.079151 0.326784
v 0.029698 0.080305 0.330549
v 0.035007 0.070465 0.344087
v 0.028078 0.062250 0.349292
v 0.018472 0.057091 0.348906
v -0.073229 0.350259 0.149501
v -0.066942 0.346777 0.144288
v -0.058525 0.343919 0.140401
v -0.056414 0.341378 0.131966
v -0.088223 0.360143 0.163555
v -0.079615 0.355148 0.156102
v -0.093829 0.369710 0.181120
v -0.091967 0.364740 0.173423
v -0.054528 0.338791 0.122001
v -0.053825 0.338030 0.111642
v -0.108299 0.401527 0.192645
v -0.114740 0.388075 0.184741
v -0.109454 0.383705 0.186553
v -0.103778 0.393654 0.194264
v -0.098748 0.425144 0.201490
v -0.104816 0.412529 0.196927
v -0.097021 0.407221 0.200803
v -0.103256 0.379430 0.188620
v -0.106562 0.436688 0.196510
v -0.111946 0.423798 0.191357
v -0.117042 0.409493 0.187049
v -0.119995 0.394160 0.181763
v -0.120508 0.381911 0.177278
v -0.113318 0.377574 0.176852
v -0.100431 0.372609 0.180252
v -0.105181 0.371300 0.172425
v -0.098771 0.367685 0.171819
v -0.107260 0.375484 0.178613
v -0.119616 0.452521 0.173502
v -0.113710 0.448625 0.189588
v -0.119332 0.437500 0.184170
v -0.138703 0.382006 0.150819
v -0.140363 0.381193 0.140786
v -0.074528 0.320389 0.130487
v -0.077011 0.326510 0.139721
v -0.079088 0.350583 0.146850
v -0.084917 0.354704 0.153199
v -0.078693 0.336192 0.140165
v -0.076263 0.346879 0.141106
v -0.089852 0.359872 0.160117
v -0.096627 0.365198 0.166781
v -0.115385 0.399696 0.087987
v -0.108185 0.379682 0.090441
v -0.114727 0.369581 0.094585
v -0.127458 0.390219 0.101964
v -0.083634 0.347937 0.096060
v -0.080839 0.352197 0.093812
v -0.073076 0.348270 0.094507
v -0.100065 0.319391 0.118239
v -0.083261 0.318662 0.122916
v -0.137947 0.380026 0.117703
v -0.140097 0.380591 0.129722
v -0.129273 0.387286 0.169080
v -0.134833 0.384028 0.160266
v -0.122663 0.422292 0.179846
v -0.123320 0.402319 0.176874
v -0.129524 0.424315 0.169663
v -0.134215 0.416697 0.158559
v -0.133362 0.404964 0.159017
v -0.128981 0.413021 0.169992
v -0.131431 0.434697 0.151910
v -0.126523 0.443332 0.164664
v -0.136382 0.410132 0.133532
v -0.137465 0.399897 0.136506
v -0.136526 0.400658 0.148169
v -0.136076 0.411742 0.146116
v -0.119532 0.416332 0.085196
v -0.119174 0.410992 0.086600
v -0.127341 0.401205 0.100637
v -0.128160 0.405695 0.099974
v -0.119617 0.326930 0.115412
v -0.110595 0.321231 0.117040
v -0.101988 0.333273 0.102944
v -0.109466 0.340377 0.100524
v -0.098665 0.336982 0.099613
v -0.095371 0.351427 0.096312
v -0.103856 0.357841 0.094911
v -0.099685 0.369418 0.091908
v -0.091040 0.358985 0.093405
v -0.125311 0.385416 0.175042
v -0.072892 0.335292 0.105429
v -0.089784 0.333374 0.103213
v -0.085824 0.338152 0.098313
v -0.069981 0.342055 0.096993
v -0.132376 0.429455 0.138031
v -0.131502 0.427978 0.124311
v -0.118710 0.439454 0.081265
v -0.121292 0.435568 0.087965
v -0.133087 0.401657 0.112818
v -0.136509 0.400412 0.124902
v -0.134485 0.411244 0.121075
v -0.130359 0.414969 0.108202
v -0.128558 0.428214 0.101894
v -0.130045 0.427645 0.111725
v -0.125536 0.418974 0.095347
v -0.120122 0.423886 0.084482
v -0.106110 0.386097 0.086838
v -0.114028 0.406299 0.079511
v -0.131595 0.399227 0.159132
v -0.127298 0.405207 0.169558
v -0.135333 0.395625 0.148680
v -0.136692 0.394659 0.137789
v -0.136145 0.394708 0.127091
v -0.133015 0.396230 0.114814
v -0.127392 0.423649 0.174221
v -0.121732 0.354403 0.099871
v -0.132169 0.374188 0.107584
v -0.133197 0.329255 0.262822
v -0.142832 0.319640 0.259384
v -0.143660 0.315560 0.269168
v -0.136100 0.321220 0.279889
v -0.143798 0.309100 0.256183
v -0.135512 0.302094 0.250394
v -0.135538 0.300350 0.254674
v -0.144024 0.307515 0.262196
v -0.111007 0.318802 0.282046
v -0.105178 0.311671 0.272462
v -0.103685 0.315446 0.262655
v -0.108946 0.326513 0.264993
v -0.104813 0.303916 0.265112
v -0.109750 0.297969 0.256495
v -0.108292 0.299253 0.252499
v -0.104112 0.304966 0.259228
v -0.117927 0.295287 0.246006
v -0.113235 0.295853 0.247652
v -0.114499 0.294594 0.251379
v -0.118928 0.293837 0.249811
v -0.120729 0.323972 0.288684
v -0.116179 0.322830 0.287334
v -0.113859 0.332552 0.266328
v -0.117717 0.334340 0.266679
v -0.123672 0.294322 0.249443
v -0.128881 0.295996 0.250286
v -0.128447 0.297792 0.246822
v -0.123094 0.295972 0.245769
v -0.121360 0.335032 0.266544
v -0.125857 0.334025 0.265245
v -0.130213 0.324017 0.286153
v -0.125491 0.324370 0.288243
v -0.135258 0.324751 0.169331
v -0.141577 0.339141 0.170064
v -0.142653 0.345413 0.150198
v -0.134705 0.329580 0.150615
v -0.141962 0.352446 0.171650
v -0.136972 0.362753 0.173613
v -0.139245 0.367218 0.153182
v -0.143541 0.359406 0.150835
v -0.136591 0.366405 0.176591
v -0.133895 0.367356 0.180119
v -0.136235 0.371675 0.164679
v -0.139512 0.370147 0.158201
v -0.129792 0.367521 0.183409
v -0.124045 0.366775 0.186164
v -0.124417 0.370293 0.176015
v -0.130934 0.371706 0.170783
v -0.123246 0.363292 0.199589
v -0.128497 0.363850 0.198142
v -0.125126 0.350958 0.225081
v -0.128857 0.348630 0.223524
v -0.131822 0.363756 0.196552
v -0.133704 0.362973 0.194227
v -0.133789 0.354250 0.195954
v -0.140179 0.344494 0.193874
v -0.137795 0.335602 0.218488
v -0.130664 0.344418 0.221720
v -0.139598 0.324526 0.216810
v -0.140637 0.332233 0.192027
v -0.135649 0.318865 0.191258
v -0.135011 0.312424 0.216496
v -0.133908 0.307585 0.235122
v -0.134823 0.304360 0.244197
v -0.142536 0.313225 0.246429
v -0.138960 0.318814 0.235252
v -0.138005 0.328833 0.236982
v -0.141321 0.324462 0.248807
v -0.132290 0.334254 0.251566
v -0.129459 0.337661 0.240282
v -0.094119 0.331462 0.174027
v -0.100208 0.320469 0.171997
v -0.096953 0.322651 0.154434
v -0.091718 0.332484 0.157668
v -0.091220 0.352643 0.178479
v -0.091071 0.342306 0.176272
v -0.088830 0.342842 0.160541
v -0.088415 0.351811 0.163153
v -0.097816 0.357606 0.184065
v -0.093711 0.355262 0.181347
v -0.090672 0.354861 0.166836
v -0.094316 0.358067 0.170645
v -0.107268 0.346423 0.225480
v -0.098382 0.354915 0.200962
v -0.102083 0.356442 0.202619
v -0.104989 0.340929 0.223480
v -0.101212 0.330501 0.220963
v -0.095362 0.338084 0.196570
v -0.096985 0.348888 0.198917
v -0.106148 0.309639 0.218810
v -0.103981 0.316491 0.193501
v -0.097591 0.327101 0.194715
v -0.101279 0.319876 0.219440
v -0.104147 0.313077 0.240324
v -0.103169 0.308794 0.249754
v -0.108063 0.301100 0.246379
v -0.108354 0.302881 0.239420
v -0.108926 0.334761 0.241807
v -0.107521 0.331078 0.253636
v -0.102558 0.319833 0.252140
v -0.103621 0.324010 0.240251
v -0.116368 0.299218 0.233704
v -0.110454 0.299615 0.235967
v -0.111847 0.297613 0.242340
v -0.116950 0.297227 0.240858
v -0.116056 0.307707 0.191417
v -0.109217 0.309409 0.192300
v -0.110090 0.303041 0.217897
v -0.116254 0.301848 0.216863
v -0.112378 0.315960 0.150925
v -0.104148 0.317198 0.152167
v -0.107225 0.314078 0.170507
v -0.114762 0.312404 0.169486
v -0.108134 0.362739 0.189608
v -0.102360 0.360067 0.187057
v -0.099102 0.361496 0.175332
v -0.105835 0.365342 0.179743
v -0.113645 0.352004 0.227226
v -0.110508 0.349548 0.226343
v -0.105722 0.358059 0.203989
v -0.110172 0.359807 0.205479
v -0.116238 0.339472 0.255283
v -0.112355 0.337502 0.254701
v -0.112922 0.340979 0.243404
v -0.115951 0.342947 0.244024
v -0.122180 0.297946 0.240717
v -0.127645 0.300399 0.242514
v -0.127577 0.302436 0.235390
v -0.122112 0.299890 0.233870
v -0.122357 0.302641 0.216368
v -0.127639 0.306700 0.216795
v -0.127436 0.312574 0.191316
v -0.122539 0.308327 0.190999
v -0.121609 0.313251 0.169014
v -0.127904 0.316523 0.169107
v -0.126553 0.320808 0.150561
v -0.119966 0.317228 0.150378
v -0.112175 0.367849 0.181133
v -0.117760 0.369163 0.179288
v -0.118777 0.365928 0.188293
v -0.113818 0.364767 0.189964
v -0.114582 0.361126 0.205553
v -0.119918 0.361940 0.204104
v -0.121039 0.352151 0.225893
v -0.117398 0.352922 0.226972
v -0.119221 0.343388 0.243845
v -0.123260 0.342447 0.242713
v -0.124310 0.339009 0.253832
v -0.120164 0.339940 0.254946
v -0.137533 0.376446 0.155331
v -0.140377 0.374321 0.146141
v -0.089802 0.332086 0.144653
v -0.094693 0.324190 0.140653
v -0.090767 0.357124 0.160566
v -0.086724 0.353195 0.155273
v -0.084770 0.349791 0.150499
v -0.086393 0.341271 0.147737
v -0.100485 0.365679 0.172487
v -0.095464 0.361427 0.166397
v -0.105491 0.369440 0.176665
v -0.100567 0.318442 0.138898
v -0.108325 0.317877 0.136224
v -0.143450 0.365592 0.130871
v -0.140156 0.370813 0.137020
v -0.132873 0.377252 0.162994
v -0.127050 0.376793 0.169449
v -0.117278 0.319774 0.135918
v -0.125223 0.323636 0.136562
v -0.120465 0.375107 0.174331
v -0.112025 0.372003 0.177604
v -0.143143 0.351231 0.131311
v -0.135123 0.333448 0.135216
v -0.153272 0.185449 0.275390
v -0.153113 0.192667 0.276438
v -0.141655 0.191306 0.267769
v -0.141157 0.189802 0.267230
v -0.156889 0.180955 0.290709
v -0.154802 0.198665 0.292553
v -0.157377 0.196797 0.284658
v -0.158719 0.182816 0.283190
v -0.150921 0.178411 0.300523
v -0.148618 0.198627 0.302335
v -0.151539 0.199765 0.298057
v -0.154116 0.179881 0.296438
v -0.143457 0.177057 0.302475
v -0.140566 0.197147 0.303874
v -0.144916 0.197741 0.304260
v -0.147348 0.177483 0.302564
v -0.130020 0.177318 0.296271
v -0.127971 0.192731 0.297509
v -0.135095 0.195294 0.301958
v -0.137789 0.176636 0.300490
v -0.123368 0.186455 0.275397
v -0.123368 0.188312 0.276388
v -0.124494 0.188625 0.288940
v -0.125060 0.180420 0.287150
v -0.124301 0.190566 0.268312
v -0.124251 0.189585 0.267690
v -0.126560 0.190610 0.265547
v -0.126745 0.191606 0.266018
v -0.129775 0.192152 0.264648
v -0.129459 0.191110 0.264193
v -0.132848 0.191137 0.263781
v -0.133196 0.192029 0.264147
v -0.130294 0.196235 0.264386
v -0.127346 0.195883 0.265734
v -0.124942 0.194851 0.268471
v -0.123140 0.194415 0.274663
v -0.122814 0.199886 0.284982
v -0.125358 0.205117 0.292114
v -0.131042 0.208712 0.295305
v -0.135935 0.211223 0.296957
v -0.140086 0.212608 0.297043
v -0.143994 0.213107 0.295419
v -0.147612 0.212687 0.292061
v -0.151011 0.211171 0.287000
v -0.141547 0.196758 0.266562
v -0.134119 0.195980 0.264223
v -0.154100 0.208572 0.280212
v -0.150488 0.203213 0.273132
v -0.137933 0.302836 0.284708
v -0.143618 0.303507 0.272656
v -0.141980 0.295309 0.273325
v -0.137304 0.295031 0.284006
v -0.140601 0.294654 0.264860
v -0.142526 0.302659 0.263893
v -0.134673 0.297311 0.258206
v -0.134091 0.292062 0.260774
v -0.136289 0.281199 0.264806
v -0.135975 0.263712 0.266237
v -0.141709 0.265756 0.269789
v -0.140671 0.282207 0.267258
v -0.142088 0.283205 0.274851
v -0.143985 0.266989 0.276789
v -0.141550 0.266205 0.283772
v -0.138551 0.282908 0.283922
v -0.144616 0.249205 0.283665
v -0.146353 0.249831 0.277494
v -0.148823 0.231777 0.276860
v -0.147747 0.231941 0.283458
v -0.145402 0.229609 0.270624
v -0.143408 0.248215 0.270954
v -0.137657 0.245176 0.267632
v -0.139427 0.226365 0.267989
v -0.147681 0.214618 0.271402
v -0.141175 0.210961 0.268662
v -0.149842 0.219247 0.284558
v -0.151351 0.218007 0.277786
v -0.117049 0.293242 0.286559
v -0.111731 0.292698 0.276826
v -0.108380 0.300271 0.276481
v -0.114151 0.300821 0.287302
v -0.115441 0.290725 0.262818
v -0.112152 0.295467 0.260269
v -0.107505 0.299613 0.267238
v -0.111441 0.292172 0.267906
v -0.114628 0.279612 0.270889
v -0.117418 0.263027 0.274797
v -0.120204 0.261726 0.269093
v -0.117432 0.279313 0.267213
v -0.119866 0.281129 0.286658
v -0.123762 0.264263 0.287425
v -0.118583 0.264187 0.281959
v -0.115056 0.280487 0.278768
v -0.128239 0.229933 0.290432
v -0.123265 0.228820 0.285459
v -0.121787 0.246944 0.284033
v -0.126513 0.247201 0.288611
v -0.123609 0.224201 0.273017
v -0.121777 0.243083 0.271566
v -0.120037 0.245383 0.277203
v -0.121439 0.226722 0.278564
v -0.124351 0.208584 0.274689
v -0.122292 0.211559 0.281149
v -0.124447 0.214881 0.288126
v -0.129715 0.217105 0.292679
v -0.126448 0.205984 0.263307
v -0.123650 0.205257 0.265554
v -0.124638 0.241538 0.259365
v -0.121573 0.241072 0.261896
v -0.123216 0.222056 0.263679
v -0.125761 0.222450 0.261160
v -0.123512 0.276659 0.258084
v -0.120592 0.276965 0.259336
v -0.120802 0.259644 0.259762
v -0.123572 0.259947 0.257615
v -0.120038 0.291619 0.254192
v -0.116411 0.292521 0.255751
v -0.118875 0.288069 0.258553
v -0.122237 0.287398 0.257366
v -0.125330 0.293953 0.293226
v -0.121660 0.293721 0.291902
v -0.119463 0.303756 0.293993
v -0.123933 0.304808 0.295330
v -0.131505 0.265126 0.291026
v -0.127929 0.264635 0.290384
v -0.124101 0.281641 0.291059
v -0.127769 0.282012 0.292060
v -0.136723 0.231556 0.292949
v -0.132714 0.230841 0.292948
v -0.130754 0.247646 0.291020
v -0.134450 0.248291 0.291287
v -0.134413 0.218707 0.294937
v -0.138573 0.219672 0.294866
v -0.132951 0.206361 0.261561
v -0.128983 0.206320 0.262163
v -0.128197 0.222788 0.260326
v -0.132106 0.223212 0.260474
v -0.130825 0.242235 0.259197
v -0.127018 0.241892 0.258693
v -0.126047 0.260240 0.257120
v -0.129932 0.260679 0.257768
v -0.129764 0.277831 0.258098
v -0.126102 0.276898 0.257747
v -0.125191 0.287657 0.257101
v -0.129304 0.288877 0.257547
v -0.128525 0.293543 0.254595
v -0.123976 0.291880 0.253896
v -0.128388 0.305143 0.294868
v -0.133360 0.304825 0.292401
v -0.133083 0.294693 0.290449
v -0.129225 0.294312 0.292669
v -0.131305 0.282349 0.291538
v -0.134957 0.282639 0.289455
v -0.138473 0.265732 0.288275
v -0.135003 0.265512 0.290304
v -0.138183 0.248678 0.290259
v -0.142033 0.248798 0.287927
v -0.145096 0.232002 0.288311
v -0.140842 0.231951 0.291411
v -0.142763 0.220091 0.293121
v -0.146980 0.219941 0.289673
v -0.121139 0.260943 0.265593
v -0.119951 0.278715 0.262962
v -0.124074 0.223628 0.269461
v -0.122327 0.242518 0.267845
v -0.124782 0.206632 0.269965
v -0.136060 0.225782 0.265484
v -0.136758 0.208455 0.265769
v -0.134606 0.244233 0.264921
v -0.133241 0.262522 0.263517
v -0.132452 0.279995 0.261563
v -0.154555 0.145246 0.245815
v -0.150763 0.150915 0.252846
v -0.152050 0.156603 0.248358
v -0.155297 0.152743 0.241136
v -0.149604 0.161292 0.237230
v -0.148145 0.162100 0.244648
v -0.138809 0.167587 0.241695
v -0.138105 0.169396 0.235514
v -0.118452 0.133424 0.258477
v -0.120939 0.141880 0.263599
v -0.127518 0.140220 0.263863
v -0.125976 0.130462 0.258316
v -0.107005 0.154534 0.250390
v -0.112474 0.155684 0.254799
v -0.116240 0.147053 0.260347
v -0.111704 0.141485 0.255532
v -0.117984 0.164293 0.247497
v -0.113013 0.161560 0.250537
v -0.108290 0.161960 0.246172
v -0.114505 0.164797 0.242636
v -0.140592 0.131258 0.256150
v -0.133468 0.129826 0.257497
v -0.133677 0.139749 0.263599
v -0.139540 0.140615 0.262610
v -0.121140 0.167771 0.239508
v -0.128334 0.170919 0.236593
v -0.130382 0.168896 0.241609
v -0.123992 0.166734 0.244348
v -0.144460 0.142836 0.260329
v -0.148411 0.146456 0.256773
v -0.151729 0.139302 0.250214
v -0.146676 0.134476 0.253812
v -0.154667 0.172543 0.280269
v -0.156124 0.176738 0.274888
v -0.154007 0.174724 0.270782
v -0.153361 0.170052 0.274200
v -0.149795 0.179601 0.267140
v -0.151333 0.182514 0.270716
v -0.140454 0.187896 0.265977
v -0.139776 0.184626 0.263429
v -0.139720 0.178274 0.257407
v -0.139363 0.170750 0.248594
v -0.147911 0.166562 0.251638
v -0.149167 0.174356 0.260599
v -0.153049 0.169939 0.263955
v -0.151563 0.162165 0.255076
v -0.150551 0.157319 0.258981
v -0.152241 0.165121 0.267319
v -0.133273 0.163977 0.283002
v -0.127613 0.166807 0.281863
v -0.128236 0.169677 0.286929
v -0.135547 0.166531 0.289055
v -0.123566 0.180194 0.270186
v -0.123601 0.184135 0.272987
v -0.124265 0.176221 0.281953
v -0.124358 0.172230 0.277595
v -0.122495 0.165491 0.272794
v -0.119762 0.155042 0.266429
v -0.117171 0.162116 0.260489
v -0.121207 0.172505 0.266082
v -0.131382 0.158404 0.277164
v -0.129908 0.149411 0.270209
v -0.123781 0.150813 0.269800
v -0.125875 0.160783 0.276495
v -0.124435 0.178733 0.259046
v -0.121880 0.176926 0.261472
v -0.117766 0.167112 0.256178
v -0.121242 0.169520 0.253229
v -0.126747 0.188494 0.264592
v -0.124464 0.187300 0.266606
v -0.124452 0.183710 0.265404
v -0.126529 0.184788 0.263354
v -0.143485 0.161886 0.282612
v -0.138567 0.162340 0.283257
v -0.141453 0.165464 0.290758
v -0.145675 0.165596 0.290940
v -0.141069 0.149070 0.268716
v -0.135714 0.148878 0.269938
v -0.136837 0.157101 0.277007
v -0.142214 0.156795 0.276088
v -0.126041 0.171195 0.250603
v -0.131782 0.172250 0.248463
v -0.132563 0.180014 0.256348
v -0.127995 0.179764 0.257332
v -0.129412 0.185465 0.262127
v -0.133086 0.185777 0.261711
v -0.133061 0.189203 0.263065
v -0.129607 0.189128 0.263413
v -0.149335 0.166922 0.289062
v -0.152465 0.169428 0.285136
v -0.151132 0.166165 0.277529
v -0.147666 0.163157 0.280701
v -0.146664 0.158176 0.273975
v -0.150090 0.161231 0.270642
v -0.148722 0.153682 0.262672
v -0.145448 0.150682 0.266273
v -0.110918 0.140219 0.253969
v -0.106018 0.153523 0.248847
v -0.118127 0.131858 0.256855
v -0.125859 0.128962 0.256649
v -0.133538 0.128411 0.255793
v -0.140623 0.129927 0.254542
v -0.146735 0.133190 0.252154
v -0.151872 0.138121 0.248513
v -0.154842 0.144389 0.244204
v -0.155708 0.152077 0.239432
v -0.149676 0.160936 0.235406
v -0.137732 0.169181 0.233937
v -0.127843 0.170876 0.234957
v -0.120385 0.167190 0.237971
v -0.113764 0.164067 0.240978
v -0.107266 0.161412 0.244527
v -0.105818 0.152357 0.246831
v -0.106661 0.159969 0.242383
v -0.111339 0.138635 0.252139
v -0.117993 0.130465 0.254436
v -0.125909 0.127773 0.254101
v -0.133550 0.127288 0.253254
v -0.140440 0.128878 0.252221
v -0.146410 0.132202 0.249975
v -0.151442 0.137252 0.246524
v -0.154516 0.143745 0.242491
v -0.155669 0.151462 0.237782
v -0.149985 0.159431 0.234610
v -0.137284 0.168189 0.232652
v -0.127477 0.170032 0.233163
v -0.120525 0.165588 0.235901
v -0.113483 0.161966 0.238866
v -0.136546 0.168517 0.228260
v -0.137261 0.166238 0.219455
v -0.153071 0.154805 0.219511
v -0.150446 0.158887 0.229633
v -0.156750 0.149923 0.232637
v -0.160006 0.144426 0.221438
v -0.157530 0.134176 0.225039
v -0.155496 0.141307 0.237091
v -0.109608 0.135530 0.247844
v -0.107696 0.127541 0.238447
v -0.100287 0.144990 0.234640
v -0.103213 0.150676 0.242928
v -0.125430 0.123570 0.249078
v -0.124980 0.114043 0.238527
v -0.116067 0.117255 0.239688
v -0.117047 0.126471 0.249873
v -0.141676 0.113853 0.234833
v -0.133518 0.112929 0.236916
v -0.133180 0.122987 0.248337
v -0.140549 0.124540 0.247064
v -0.111657 0.161409 0.234731
v -0.103933 0.159169 0.238414
v -0.101002 0.155255 0.230683
v -0.109268 0.158596 0.227289
v -0.117369 0.163294 0.224139
v -0.125533 0.169276 0.220997
v -0.126157 0.170832 0.229007
v -0.119060 0.165538 0.231856
v -0.146858 0.128174 0.244631
v -0.152110 0.133861 0.241035
v -0.153644 0.125390 0.228585
v -0.148370 0.118016 0.232048
v -0.154188 0.117704 0.216644
v -0.153275 0.117638 0.215269
v -0.148222 0.109569 0.218692
v -0.149031 0.109544 0.220119
v -0.161172 0.137960 0.210436
v -0.160133 0.137625 0.209135
v -0.157255 0.126981 0.212062
v -0.158260 0.127166 0.213405
v -0.137138 0.164611 0.213421
v -0.136356 0.163910 0.212095
v -0.152143 0.151399 0.209250
v -0.153097 0.151907 0.210539
v -0.116608 0.162036 0.220313
v -0.116180 0.161279 0.218896
v -0.124431 0.167301 0.215235
v -0.125031 0.168097 0.216593
v -0.100016 0.153633 0.227789
v -0.099831 0.152963 0.226242
v -0.107987 0.156487 0.222576
v -0.108299 0.157207 0.224033
v -0.106538 0.123468 0.232525
v -0.106296 0.123287 0.230970
v -0.099058 0.141873 0.229195
v -0.099198 0.142383 0.230840
v -0.125380 0.106166 0.229512
v -0.124916 0.106223 0.227973
v -0.116051 0.109778 0.230579
v -0.116380 0.109780 0.232153
v -0.142340 0.105168 0.223440
v -0.141634 0.105249 0.221981
v -0.133449 0.104728 0.225098
v -0.134028 0.104642 0.226600
v -0.110843 0.138459 0.251041
v -0.105070 0.152251 0.245754
v -0.105745 0.159956 0.241273
v -0.112795 0.162007 0.237716
v -0.119970 0.165849 0.234761
v -0.126748 0.170522 0.232019
v -0.136588 0.168530 0.231516
v -0.149555 0.159797 0.233360
v -0.155365 0.151792 0.236545
v -0.154173 0.143939 0.241320
v -0.151074 0.137289 0.245329
v -0.146052 0.132174 0.248813
v -0.140094 0.128808 0.251063
v -0.133166 0.127204 0.252106
v -0.125578 0.127649 0.252888
v -0.117660 0.130262 0.253337
v -0.127407 0.120008 0.223184
v -0.118098 0.125768 0.225319
v -0.112989 0.140983 0.223681
v -0.119801 0.147340 0.219918
v -0.129190 0.150748 0.216165
v -0.141988 0.140563 0.213914
v -0.142051 0.129272 0.216092
v -0.136837 0.120700 0.219688
v -0.059574 0.673213 0.227107
v -0.064117 0.666084 0.228228
v -0.066771 0.637466 0.212912
v -0.071022 0.629424 0.217996
v -0.071990 0.645806 0.233897
v -0.068046 0.652443 0.230541
v -0.055333 0.631922 0.147081
v -0.063020 0.623109 0.159056
v -0.070392 0.602103 0.182053
v -0.067339 0.614647 0.169952
v -0.072834 0.592416 0.189953
v -0.076555 0.575065 0.202284
v -0.078155 0.554767 0.218226
v -0.078238 0.562412 0.211800
v -0.068824 0.526991 0.237485
v -0.066923 0.516136 0.245245
v -0.055600 0.508411 0.256973
v -0.063207 0.510821 0.252124
v -0.032914 0.653023 0.121986
v -0.029817 0.655819 0.120002
v -0.070806 0.539969 0.230096
v -0.075781 0.547410 0.224332
v -0.049195 0.638071 0.140734
v -0.045110 0.641759 0.136610
v -0.040784 0.645708 0.131887
v -0.036531 0.649491 0.125997
v -0.064899 0.630288 0.187546
v -0.059984 0.637665 0.180736
v -0.072095 0.610195 0.203875
v -0.068684 0.618463 0.197816
v -0.085119 0.579331 0.223966
v -0.080116 0.592471 0.215291
v -0.083549 0.564145 0.233744
v -0.085980 0.572002 0.229049
v -0.077269 0.550272 0.244260
v -0.078873 0.557181 0.238303
v -0.072117 0.531441 0.257492
v -0.076465 0.540146 0.251796
v -0.037032 0.656252 0.161352
v -0.032114 0.659144 0.158309
v -0.027500 0.662369 0.154969
v -0.022950 0.665189 0.152789
v -0.018906 0.667440 0.151815
v -0.017681 0.668518 0.151235
v -0.029113 0.657153 0.119427
v -0.050609 0.647539 0.170679
v -0.042468 0.653464 0.164533
v -0.064904 0.527155 0.262524
v -0.050948 0.507833 0.258395
v -0.060394 0.526334 0.264259
v -0.088171 0.569670 0.270999
v -0.082080 0.564438 0.276546
v -0.090669 0.577652 0.265896
v -0.089449 0.588396 0.261389
v -0.089849 0.619257 0.245064
v -0.092109 0.611790 0.249073
v -0.080666 0.632523 0.239378
v -0.051087 0.681947 0.226345
v -0.041879 0.687869 0.225678
v -0.035717 0.689116 0.226721
v -0.029684 0.691198 0.227177
v -0.024008 0.694259 0.227151
v -0.018998 0.696455 0.227729
v -0.014774 0.697598 0.229041
v -0.091579 0.604374 0.253057
v -0.088625 0.597287 0.257055
v -0.015228 0.682587 0.189222
v -0.010851 0.684368 0.189871
v -0.025295 0.676739 0.191166
v -0.019879 0.680023 0.189622
v -0.037321 0.672221 0.191790
v -0.031188 0.674146 0.191812
v -0.073408 0.545721 0.267792
v -0.080027 0.550817 0.261693
v -0.084210 0.558077 0.256109
v -0.084830 0.567240 0.250708
v -0.085547 0.575480 0.246102
v -0.089430 0.582666 0.241836
v -0.090777 0.590505 0.237541
v -0.089182 0.598410 0.233228
v -0.080681 0.612836 0.226166
v -0.062245 0.649220 0.204688
v -0.056594 0.656235 0.200485
v -0.046483 0.665906 0.194367
v -0.013029 0.698024 0.229228
v -0.008964 0.685218 0.189716
v -0.077956 0.562579 0.278388
v -0.069000 0.544279 0.269528
v -0.004920 0.701196 0.228337
v -0.007717 0.703022 0.226955
v -0.009868 0.702461 0.227170
v -0.012130 0.699606 0.228849
v -0.011703 0.675516 0.148456
v -0.015198 0.675671 0.147385
v -0.005820 0.691507 0.186152
v -0.002372 0.690573 0.187761
v -0.027960 0.664776 0.114668
v -0.023846 0.665164 0.115215
v -0.029321 0.659131 0.118308
v -0.029551 0.662824 0.115761
v -0.017039 0.673936 0.148021
v -0.017266 0.670374 0.150130
v -0.008448 0.686958 0.188925
v -0.007915 0.690308 0.186516
v -0.003471 0.700285 0.229026
v -0.000789 0.690095 0.188596
v -0.009918 0.675423 0.148983
v -0.021840 0.665271 0.115558
v 0.010571 0.637449 0.261157
v 0.012860 0.645801 0.258804
v 0.003786 0.624698 0.262667
v -0.000517 0.617852 0.266142
v 0.005738 0.608122 0.252017
v 0.010330 0.616448 0.247049
v 0.029662 0.621029 0.184162
v 0.025116 0.631821 0.167818
v 0.029678 0.611150 0.197352
v 0.026204 0.597875 0.209996
v 0.020120 0.570923 0.230237
v 0.023743 0.588042 0.217905
v 0.015785 0.558379 0.238979
v 0.011094 0.551576 0.243944
v -0.022885 0.515211 0.258882
v -0.012179 0.526095 0.254228
v -0.035065 0.509613 0.261064
v -0.046510 0.507776 0.260027
v -0.010059 0.657601 0.125052
v -0.004864 0.655189 0.128870
v 0.004528 0.545076 0.247651
v -0.004068 0.538460 0.249705
v 0.013957 0.643550 0.151338
v 0.019017 0.639144 0.157819
v 0.001304 0.651984 0.135240
v 0.008295 0.647856 0.143940
v 0.024227 0.629187 0.210355
v 0.023307 0.620162 0.218821
v 0.017672 0.607144 0.229309
v 0.014342 0.598227 0.235685
v 0.008557 0.579668 0.247597
v 0.002549 0.566287 0.255805
v -0.002653 0.559491 0.259120
v -0.009036 0.553432 0.260467
v -0.016567 0.548659 0.260425
v -0.023831 0.542843 0.263342
v -0.033704 0.533688 0.267166
v -0.044528 0.527023 0.267682
v 0.011017 0.656328 0.172939
v 0.014803 0.652372 0.179038
v 0.002980 0.663898 0.161748
v 0.007073 0.660502 0.166540
v -0.011753 0.658786 0.123526
v -0.002178 0.667687 0.156914
v -0.000562 0.666449 0.158493
v 0.018387 0.648507 0.185293
v 0.022268 0.640965 0.195940
v -0.055982 0.525509 0.265973
v -0.073748 0.560869 0.280088
v -0.063366 0.559428 0.281916
v -0.045288 0.570033 0.281394
v -0.053872 0.562376 0.282483
v -0.022135 0.583212 0.281160
v -0.015777 0.589315 0.278929
v -0.008068 0.603607 0.272346
v 0.013485 0.657777 0.254469
v 0.008582 0.672393 0.246263
v 0.011861 0.667788 0.249337
v 0.004969 0.683066 0.240038
v 0.006265 0.677464 0.243130
v 0.001381 0.690414 0.236897
v 0.003368 0.687350 0.237987
v -0.037466 0.576123 0.280421
v -0.029480 0.578911 0.281574
v 0.005398 0.680150 0.197951
v 0.007661 0.677251 0.199721
v 0.010140 0.673152 0.203036
v 0.012306 0.667916 0.207970
v 0.015457 0.663129 0.212299
v 0.018924 0.658727 0.216271
v -0.052995 0.543253 0.272485
v -0.064514 0.542856 0.271090
v -0.035500 0.553731 0.271200
v -0.043413 0.546970 0.272730
v -0.021087 0.563164 0.270956
v -0.028611 0.559719 0.270028
v -0.008382 0.575187 0.268148
v -0.014226 0.568370 0.270477
v -0.001532 0.590428 0.260733
v 0.017923 0.628053 0.239850
v 0.021161 0.649068 0.223814
v 0.019926 0.636309 0.234006
v 0.004239 0.681586 0.196672
v 0.000587 0.691879 0.235871
v 0.001487 0.699318 0.231039
v -0.002113 0.699902 0.229747
v 0.001354 0.693809 0.235121
v 0.002396 0.697244 0.232861
v 0.000594 0.689794 0.189271
v 0.004182 0.689390 0.190499
v -0.004301 0.675409 0.150647
v -0.008276 0.675412 0.149578
v -0.020169 0.665566 0.115963
v -0.016126 0.666072 0.116804
v -0.013709 0.664467 0.118945
v -0.012701 0.660776 0.121994
v 0.005512 0.687284 0.192610
v 0.004732 0.683501 0.195575
v -0.002223 0.669661 0.155452
v -0.002372 0.673495 0.152636
v -0.083590 0.693787 0.315634
v -0.081473 0.698034 0.315410
v -0.072713 0.678589 0.262358
v -0.068050 0.685122 0.261212
v -0.077995 0.689104 0.291079
v -0.074438 0.694654 0.290460
v -0.078991 0.655992 0.267012
v -0.076838 0.663497 0.265531
v -0.081733 0.673121 0.293148
v -0.080567 0.607865 0.342425
v -0.073526 0.604561 0.343142
v -0.088554 0.649197 0.338931
v -0.069938 0.603793 0.344040
v -0.084815 0.617850 0.332501
v -0.085469 0.630703 0.331313
v -0.064699 0.578709 0.301393
v -0.071477 0.582456 0.297118
v -0.075544 0.589334 0.292471
v -0.076501 0.599408 0.287581
v -0.085427 0.618910 0.276983
v -0.085966 0.626124 0.273377
v -0.082789 0.641538 0.269738
v -0.059716 0.691674 0.260548
v -0.050186 0.696568 0.261432
v -0.043868 0.698175 0.263170
v -0.038207 0.700995 0.265135
v -0.032643 0.705109 0.267280
v -0.027914 0.707796 0.269415
v -0.024120 0.708973 0.271379
v -0.077816 0.607510 0.283237
v -0.082645 0.612916 0.280319
v -0.021943 0.709435 0.272076
v -0.060484 0.577834 0.302252
v -0.090590 0.665178 0.332756
v -0.091040 0.659680 0.334616
v -0.071145 0.602414 0.331767
v -0.078300 0.606602 0.329440
v -0.078496 0.596511 0.315358
v -0.071910 0.593157 0.319351
v -0.081158 0.603421 0.309081
v -0.081730 0.615636 0.326024
v -0.082509 0.628474 0.324027
v -0.080841 0.614666 0.304286
v -0.089065 0.650467 0.320024
v -0.089134 0.655940 0.317989
v -0.088550 0.643782 0.296424
v -0.088513 0.636625 0.298504
v -0.085537 0.657367 0.294494
v -0.086884 0.667061 0.316018
v -0.085525 0.681817 0.316092
v -0.059604 0.703357 0.290998
v -0.070483 0.706442 0.315815
v -0.062995 0.708929 0.317351
v -0.052606 0.705230 0.292999
v -0.046021 0.707345 0.295417
v -0.056474 0.710712 0.319074
v -0.051229 0.712406 0.320778
v -0.040836 0.709651 0.297928
v -0.046192 0.713986 0.322518
v -0.041577 0.715456 0.324214
v -0.032371 0.712554 0.301813
v -0.036276 0.711584 0.299990
v -0.077028 0.702617 0.315196
v -0.067891 0.699585 0.290058
v -0.086146 0.629991 0.300180
v -0.081522 0.624034 0.301480
v -0.083460 0.638231 0.322442
v -0.086995 0.644832 0.321125
v -0.090592 0.655252 0.336059
v -0.039261 0.715830 0.325000
v -0.088654 0.672149 0.324768
v -0.030199 0.712810 0.302456
v -0.067734 0.592171 0.320216
v -0.067077 0.601614 0.332779
v -0.015138 0.714082 0.271291
v -0.012012 0.712286 0.272883
v -0.018785 0.715005 0.305351
v -0.022096 0.717018 0.303645
v -0.030824 0.720437 0.327259
v -0.027224 0.718574 0.328902
v -0.020547 0.710961 0.272104
v -0.017643 0.713670 0.271112
v -0.037140 0.717464 0.325505
v -0.034056 0.720043 0.326103
v -0.025186 0.716791 0.302761
v -0.028429 0.714319 0.302707
v -0.017291 0.714072 0.305941
v -0.010403 0.711468 0.273537
v -0.025371 0.717653 0.329695
v -0.010436 0.670247 0.341150
v -0.011360 0.666904 0.341146
v 0.003225 0.656998 0.288975
v 0.001770 0.651461 0.289972
v -0.004141 0.663693 0.317106
v -0.005414 0.659185 0.317468
v -0.003723 0.641200 0.289938
v -0.005593 0.635720 0.290215
v -0.011197 0.648863 0.316242
v -0.066298 0.602897 0.344886
v -0.059239 0.602810 0.347768
v -0.034498 0.635555 0.351970
v -0.046389 0.608618 0.342549
v -0.039799 0.619690 0.343183
v -0.046253 0.577513 0.302867
v -0.056275 0.577030 0.303172
v -0.030932 0.590772 0.298353
v -0.037929 0.581987 0.301318
v -0.009118 0.611791 0.293365
v -0.012333 0.605949 0.295133
v -0.007968 0.624452 0.291119
v 0.003357 0.664196 0.286560
v -0.000754 0.677064 0.282207
v 0.002181 0.671821 0.284004
v -0.003178 0.690218 0.280522
v -0.002144 0.683195 0.281049
v -0.006117 0.699272 0.279866
v -0.004091 0.695584 0.280125
v -0.018167 0.601172 0.296229
v -0.025220 0.597704 0.296096
v -0.006749 0.701080 0.279281
v -0.025919 0.642829 0.349969
v -0.023613 0.647125 0.348908
v -0.063553 0.591009 0.321183
v -0.054188 0.590340 0.320943
v -0.055000 0.600818 0.335495
v -0.063248 0.600637 0.333790
v -0.036982 0.604298 0.315139
v -0.039681 0.617692 0.335132
v -0.046933 0.606759 0.335112
v -0.045136 0.594445 0.317823
v -0.019181 0.620360 0.317102
v -0.016293 0.626047 0.316163
v -0.020839 0.638852 0.336188
v -0.023561 0.634384 0.336896
v -0.015069 0.658858 0.339471
v -0.018834 0.648188 0.336715
v -0.014777 0.637061 0.315393
v -0.008357 0.680131 0.312935
v -0.015405 0.685091 0.337194
v -0.012261 0.679822 0.338662
v -0.005829 0.675358 0.313813
v -0.010966 0.691865 0.311733
v -0.018619 0.693825 0.335899
v -0.017237 0.689665 0.336324
v -0.009671 0.685992 0.312134
v -0.011620 0.696945 0.311305
v -0.012943 0.700952 0.310778
v -0.020560 0.703434 0.334145
v -0.019462 0.698660 0.335068
v -0.004435 0.669307 0.315472
v -0.010553 0.674693 0.340178
v -0.028177 0.630158 0.336464
v -0.034178 0.625851 0.335329
v -0.031475 0.612093 0.314998
v -0.024820 0.615411 0.316805
v -0.028705 0.639394 0.350826
v -0.020966 0.705545 0.333541
v -0.019586 0.652356 0.343771
v -0.013612 0.702781 0.310230
v -0.009059 0.710664 0.274261
v -0.005854 0.709207 0.275444
v -0.023600 0.716735 0.330474
v -0.020468 0.714687 0.331894
v -0.012421 0.711349 0.307849
v -0.015477 0.713176 0.306607
v -0.004913 0.706653 0.277103
v -0.005953 0.702989 0.278963
v -0.012815 0.704837 0.309981
v -0.011491 0.708542 0.308995
v -0.019460 0.711627 0.332887
v -0.020257 0.707784 0.333380
v -0.127803 0.583910 0.429885
v -0.127605 0.584365 0.433306
v -0.125995 0.596330 0.428298
v -0.126225 0.595841 0.424898
v -0.130262 0.571523 0.435189
v -0.130247 0.571578 0.438762
v -0.132497 0.561857 0.439557
v -0.132685 0.561573 0.442118
v -0.125363 0.605876 0.422514
v -0.134392 0.555448 0.442315
v -0.088443 0.702209 0.335052
v -0.122824 0.513010 0.442297
v -0.117216 0.526148 0.435812
v -0.118720 0.526720 0.435236
v -0.125357 0.513917 0.441376
v -0.123791 0.513412 0.443063
v -0.117701 0.527000 0.436473
v -0.116835 0.526895 0.436683
v -0.122362 0.513269 0.443380
v -0.128897 0.514870 0.441205
v -0.120772 0.527941 0.435303
v -0.118989 0.527342 0.436018
v -0.125967 0.513945 0.442338
v -0.131373 0.518946 0.438374
v -0.122258 0.530565 0.433616
v -0.121856 0.529011 0.434502
v -0.130700 0.516531 0.439881
v -0.131090 0.528834 0.433773
v -0.122123 0.536436 0.430814
v -0.122359 0.533050 0.432381
v -0.131508 0.523045 0.436336
v -0.126799 0.546322 0.424446
v -0.119566 0.546906 0.425200
v -0.121197 0.541061 0.428419
v -0.129492 0.536653 0.429760
v -0.124952 0.550500 0.421100
v -0.118497 0.549017 0.422995
v -0.118657 0.549581 0.423374
v -0.125285 0.550953 0.421546
v -0.128058 0.541520 0.426481
v -0.120418 0.543306 0.426146
v -0.119096 0.546905 0.423936
v -0.125889 0.547326 0.422771
v -0.131158 0.531351 0.431760
v -0.122264 0.537282 0.429350
v -0.121477 0.540099 0.427949
v -0.129817 0.536186 0.429485
v -0.132080 0.526147 0.434242
v -0.122809 0.534183 0.430866
v -0.122717 0.535303 0.430323
v -0.131911 0.528008 0.433344
v -0.130008 0.519517 0.437660
v -0.121539 0.530188 0.432923
v -0.122426 0.532483 0.431721
v -0.131444 0.523322 0.435676
v -0.127289 0.515184 0.440350
v -0.119897 0.527525 0.434587
v -0.120710 0.528526 0.433881
v -0.128625 0.516810 0.439217
v -0.116463 0.536664 0.430342
v -0.116894 0.538284 0.429419
v -0.116974 0.539457 0.428812
v -0.116776 0.540961 0.428056
v -0.116311 0.542502 0.427243
v -0.116277 0.542716 0.427561
v -0.116719 0.540256 0.428999
v -0.116662 0.538373 0.430034
v -0.116408 0.536947 0.430820
v -0.115731 0.535999 0.431448
v -0.116060 0.535661 0.431028
v -0.127193 0.506418 0.446974
v -0.129834 0.507106 0.446065
v -0.131404 0.508432 0.442371
v -0.128927 0.506789 0.443605
v -0.134892 0.513884 0.439189
v -0.133147 0.510509 0.441002
v -0.137421 0.522038 0.435245
v -0.136642 0.518578 0.436934
v -0.136326 0.528256 0.432180
v -0.137211 0.524283 0.434109
v -0.132775 0.539971 0.426028
v -0.134808 0.533864 0.429540
v -0.131021 0.547119 0.423475
v -0.129188 0.552927 0.419721
v -0.136324 0.525502 0.435414
v -0.134316 0.535200 0.430259
v -0.136673 0.513254 0.441239
v -0.136908 0.518309 0.438696
v -0.133343 0.508275 0.444654
v -0.135613 0.510319 0.443048
v -0.130199 0.546629 0.421599
v -0.128687 0.552495 0.419111
v -0.125411 0.506202 0.447388
v -0.125720 0.505577 0.444712
v -0.115455 0.535136 0.431502
v -0.115405 0.535496 0.431710
v -0.124043 0.505164 0.445161
v -0.121498 0.512683 0.442659
v -0.116410 0.525929 0.436051
v -0.121682 0.513100 0.443565
v -0.124556 0.505995 0.447617
v -0.116425 0.526786 0.436804
v -0.113224 0.534520 0.432155
v -0.113192 0.534891 0.432349
v -0.136805 0.544122 0.461151
v -0.135501 0.543502 0.463293
v -0.134983 0.547844 0.464938
v -0.136325 0.548487 0.461791
v -0.135288 0.542483 0.468612
v -0.138634 0.542734 0.470347
v -0.139236 0.547684 0.470556
v -0.135907 0.547441 0.468667
v -0.138822 0.548168 0.460419
v -0.141315 0.546739 0.460553
v -0.141579 0.542851 0.460444
v -0.138988 0.543907 0.460148
v -0.139272 0.551390 0.470940
v -0.137770 0.555224 0.470288
v -0.136679 0.551243 0.469285
v -0.136567 0.551990 0.467127
v -0.137655 0.555530 0.468416
v -0.138706 0.554990 0.465433
v -0.137748 0.552205 0.463720
v -0.138898 0.551436 0.461376
v -0.139846 0.553880 0.463341
v -0.141061 0.549809 0.461225
v -0.141805 0.539550 0.460902
v -0.141256 0.535716 0.462425
v -0.139206 0.540347 0.460591
v -0.137609 0.539577 0.461542
v -0.140097 0.534915 0.463790
v -0.138462 0.534198 0.465681
v -0.136237 0.538933 0.463237
v -0.134844 0.538726 0.468297
v -0.137198 0.534849 0.469050
v -0.138278 0.538967 0.470357
v -0.137408 0.533976 0.467189
v -0.137027 0.534205 0.468170
v -0.134398 0.538183 0.466675
v -0.135186 0.538463 0.464878
v -0.134693 0.542312 0.464575
v -0.133805 0.541748 0.466613
v -0.134300 0.546697 0.466668
v -0.117804 0.652771 0.383570
v -0.114818 0.645836 0.371611
v -0.118429 0.635788 0.376278
v -0.120499 0.642944 0.386908
v -0.123188 0.675733 0.420753
v -0.121691 0.677995 0.420194
v -0.121598 0.673652 0.414377
v -0.122381 0.672357 0.415318
v -0.116607 0.616744 0.457236
v -0.118504 0.616981 0.453172
v -0.121521 0.597413 0.462444
v -0.142822 0.542019 0.458988
v -0.142537 0.542209 0.459755
v -0.142320 0.546187 0.459907
v -0.142600 0.546397 0.459201
v -0.142282 0.533651 0.462285
v -0.142021 0.534584 0.462709
v -0.142433 0.538341 0.460691
v -0.142715 0.537772 0.460016
v -0.138585 0.530114 0.466747
v -0.138943 0.531476 0.466759
v -0.140860 0.532293 0.464730
v -0.140910 0.531098 0.464524
v -0.137392 0.537842 0.472019
v -0.138329 0.538206 0.471189
v -0.137651 0.534238 0.469998
v -0.136792 0.533282 0.470386
v -0.139492 0.547986 0.473121
v -0.139992 0.547841 0.472052
v -0.139246 0.542834 0.471686
v -0.138444 0.542835 0.472749
v -0.137492 0.557992 0.472160
v -0.137963 0.556616 0.471277
v -0.139548 0.552422 0.471946
v -0.139199 0.553049 0.472906
v -0.138863 0.558614 0.466076
v -0.138944 0.557204 0.466130
v -0.137707 0.558177 0.469410
v -0.137363 0.559838 0.469897
v -0.141770 0.550947 0.460512
v -0.141554 0.550322 0.461096
v -0.140271 0.554613 0.463306
v -0.140359 0.555671 0.462910
v -0.121768 0.653185 0.422416
v -0.122335 0.653425 0.422450
v -0.124079 0.656072 0.418794
v -0.123479 0.655725 0.418830
v -0.115982 0.650456 0.432195
v -0.116320 0.650615 0.432092
v -0.119763 0.651597 0.426907
v -0.119243 0.651345 0.426960
v -0.117465 0.658344 0.439591
v -0.118012 0.658352 0.439238
v -0.115719 0.652881 0.436153
v -0.115364 0.652810 0.436339
v -0.122142 0.667488 0.436891
v -0.122704 0.667201 0.436543
v -0.120357 0.663106 0.439425
v -0.119749 0.663217 0.439831
v -0.125158 0.671031 0.426206
v -0.125389 0.671086 0.425861
v -0.124370 0.669871 0.431992
v -0.123942 0.670098 0.432330
v -0.123304 0.670684 0.416464
v -0.125028 0.671413 0.421232
v -0.124947 0.671225 0.421571
v -0.124097 0.659477 0.416154
v -0.124538 0.659548 0.416346
v -0.122961 0.665939 0.414441
v -0.124393 0.660696 0.416268
v -0.124371 0.660823 0.416612
v -0.123067 0.666917 0.414521
v -0.122996 0.667010 0.414273
v -0.122655 0.653789 0.422504
v -0.122726 0.654282 0.422580
v -0.124296 0.656619 0.419290
v -0.124317 0.656297 0.419005
v -0.116576 0.650840 0.431974
v -0.116754 0.651128 0.431851
v -0.120230 0.652438 0.426807
v -0.120091 0.651960 0.426857
v -0.118376 0.658319 0.438680
v -0.118569 0.658237 0.437941
v -0.116197 0.653067 0.435546
v -0.115998 0.652968 0.435889
v -0.122967 0.666783 0.436031
v -0.122933 0.666233 0.435357
v -0.120840 0.662601 0.437949
v -0.120725 0.662899 0.438804
v -0.125445 0.670721 0.425634
v -0.125318 0.669927 0.425522
v -0.124419 0.668687 0.431172
v -0.124531 0.669400 0.431607
v -0.123184 0.670470 0.415616
v -0.123250 0.670110 0.415779
v -0.124652 0.670336 0.420463
v -0.124706 0.671009 0.420376
v -0.124154 0.660886 0.416856
v -0.123178 0.660906 0.416992
v -0.122283 0.666277 0.415619
v -0.122973 0.666802 0.414754
v -0.122545 0.654635 0.422582
v -0.121626 0.654983 0.422297
v -0.123049 0.657040 0.419373
v -0.124047 0.656839 0.419458
v -0.116768 0.651446 0.431674
v -0.116202 0.652090 0.431128
v -0.119364 0.653312 0.426236
v -0.120133 0.652826 0.426690
v -0.118615 0.658276 0.437200
v -0.118079 0.658774 0.436163
v -0.115767 0.653955 0.434450
v -0.116257 0.653267 0.435164
v -0.122731 0.665811 0.434739
v -0.121832 0.665697 0.433916
v -0.120113 0.662646 0.436037
v -0.120798 0.662432 0.437131
v -0.125046 0.669240 0.425517
v -0.124027 0.668701 0.425568
v -0.123128 0.667727 0.430376
v -0.124140 0.668095 0.430824
v -0.123161 0.669774 0.415992
v -0.122482 0.669068 0.416841
v -0.123579 0.669233 0.421011
v -0.124466 0.669739 0.420640
v -0.101262 0.698693 0.375837
v -0.105271 0.705873 0.395474
v -0.104422 0.710962 0.391753
v -0.099891 0.704300 0.373305
v -0.098957 0.717700 0.388792
v -0.093336 0.722249 0.388998
v -0.084510 0.721246 0.371371
v -0.090345 0.718034 0.370217
v -0.089939 0.724751 0.389408
v -0.078067 0.724090 0.373851
v -0.080401 0.722907 0.372728
v -0.074164 0.725272 0.375351
v -0.084855 0.725924 0.390705
v -0.076734 0.727007 0.393772
v -0.068444 0.727098 0.377266
v -0.127020 0.613439 0.395436
v -0.123715 0.630171 0.390537
v -0.122292 0.623354 0.380769
v -0.125791 0.606718 0.385477
v -0.128967 0.509818 0.430049
v -0.131451 0.511920 0.429500
v -0.131031 0.513624 0.427922
v -0.128313 0.511477 0.428187
v -0.127458 0.513423 0.425459
v -0.130312 0.515627 0.425397
v -0.129296 0.517932 0.421910
v -0.126398 0.515665 0.421842
v -0.121259 0.526114 0.416359
v -0.123684 0.528422 0.415951
v -0.121289 0.534809 0.414950
v -0.118749 0.531914 0.415416
v -0.115407 0.538962 0.411460
v -0.118098 0.541618 0.411212
v -0.114111 0.548940 0.404630
v -0.111198 0.547295 0.404435
v -0.106809 0.556467 0.396560
v -0.109989 0.557532 0.396788
v -0.105717 0.567179 0.387909
v -0.102170 0.566195 0.388016
v -0.096313 0.575586 0.379252
v -0.100708 0.576257 0.378994
v -0.094893 0.585592 0.370368
v -0.089166 0.584941 0.370377
v -0.084200 0.592398 0.363155
v -0.090507 0.593194 0.363536
v -0.087697 0.598384 0.358269
v -0.081176 0.597866 0.356894
v -0.078457 0.602043 0.349537
v -0.085183 0.603245 0.350652
v -0.135666 0.529278 0.426095
v -0.132341 0.523456 0.424011
v -0.133559 0.520501 0.427239
v -0.136890 0.524903 0.428861
v -0.128763 0.543904 0.415839
v -0.125758 0.548414 0.412779
v -0.123589 0.540310 0.414078
v -0.126184 0.534350 0.415776
v -0.120589 0.546228 0.410555
v -0.123032 0.552771 0.409503
v -0.120653 0.556803 0.405948
v -0.117340 0.552069 0.405025
v -0.113903 0.560017 0.398076
v -0.118302 0.563992 0.400751
v -0.116128 0.573100 0.393052
v -0.110385 0.569595 0.389702
v -0.106496 0.577851 0.380672
v -0.113847 0.580413 0.384279
v -0.109749 0.587419 0.374495
v -0.101648 0.586419 0.371748
v -0.098265 0.593725 0.364793
v -0.107646 0.593127 0.366620
v -0.106243 0.597959 0.360900
v -0.096172 0.598413 0.359487
v -0.094204 0.604198 0.353250
v -0.099685 0.604018 0.353663
v -0.096909 0.610390 0.345457
v -0.091823 0.610143 0.343581
v -0.095066 0.619270 0.339988
v -0.094530 0.630575 0.338605
v -0.090848 0.632001 0.336980
v -0.090610 0.619478 0.338137
v -0.092762 0.644996 0.341530
v -0.095626 0.643619 0.342669
v -0.097906 0.656018 0.347757
v -0.095773 0.657131 0.346702
v -0.101762 0.667782 0.356765
v -0.103717 0.681599 0.367521
v -0.100786 0.683904 0.365069
v -0.098445 0.669995 0.354619
v -0.106246 0.692004 0.381894
v -0.109372 0.699182 0.399174
v -0.107106 0.702011 0.397931
v -0.103685 0.694651 0.379885
v -0.109809 0.704411 0.409424
v -0.104937 0.709602 0.411904
v -0.107713 0.707786 0.409181
v -0.107907 0.701595 0.422881
v -0.104919 0.699866 0.429734
v -0.102411 0.703562 0.427000
v -0.103960 0.707030 0.419401
v -0.127952 0.556213 0.413468
v -0.126852 0.554351 0.412095
v -0.129885 0.550576 0.415679
v -0.129535 0.554349 0.415303
v -0.127226 0.557031 0.412625
v -0.121927 0.566419 0.403882
v -0.119704 0.575748 0.396528
v -0.123999 0.586264 0.394792
v -0.122858 0.591127 0.388847
v -0.117625 0.588676 0.379912
v -0.120276 0.583323 0.389196
v -0.122247 0.596788 0.378250
v -0.115824 0.595666 0.366458
v -0.115955 0.592207 0.373050
v -0.122226 0.594039 0.383772
v -0.107511 0.622573 0.351259
v -0.114024 0.629618 0.364629
v -0.110509 0.639341 0.360104
v -0.105123 0.631540 0.348399
v -0.103112 0.640468 0.347375
v -0.108159 0.647005 0.357608
v -0.103785 0.653694 0.352444
v -0.105832 0.662601 0.360617
v -0.110635 0.654389 0.366229
v -0.113652 0.663193 0.378606
v -0.108033 0.674533 0.372156
v -0.133864 0.550236 0.424980
v -0.133213 0.550292 0.422820
v -0.136737 0.537512 0.430588
v -0.137492 0.537670 0.432232
v -0.139795 0.527449 0.437859
v -0.139024 0.527084 0.436508
v -0.139786 0.519349 0.440428
v -0.140467 0.519891 0.441692
v -0.135248 0.509391 0.448686
v -0.134716 0.508492 0.446984
v -0.131152 0.507147 0.448568
v -0.131523 0.508040 0.450314
v -0.136610 0.528000 0.467499
v -0.135994 0.529863 0.469168
v -0.136879 0.528856 0.468025
v -0.138009 0.527891 0.465696
v -0.138272 0.528921 0.466392
v -0.140795 0.529835 0.463882
v -0.140523 0.528491 0.462791
v -0.141635 0.531104 0.459958
v -0.142155 0.532490 0.461365
v -0.142355 0.536907 0.458853
v -0.141364 0.535748 0.457197
v -0.140666 0.540987 0.455775
v -0.142200 0.541613 0.457659
v -0.141683 0.546607 0.457793
v -0.139569 0.546821 0.455682
v -0.138124 0.552214 0.456890
v -0.140630 0.551578 0.459112
v -0.139061 0.556520 0.461601
v -0.137401 0.557751 0.459163
v -0.136198 0.561186 0.462948
v -0.137596 0.559779 0.465058
v -0.136220 0.561361 0.469478
v -0.134363 0.562787 0.468054
v -0.126753 0.599707 0.403471
v -0.124440 0.594100 0.394755
v -0.124868 0.589307 0.400995
v -0.127489 0.591971 0.408474
v -0.128227 0.570751 0.415418
v -0.130731 0.571160 0.420713
v -0.128729 0.583044 0.414211
v -0.126211 0.581765 0.408150
v -0.130841 0.558311 0.417373
v -0.130791 0.557389 0.417167
v -0.131547 0.556545 0.418670
v -0.131943 0.557048 0.420640
v -0.135722 0.559091 0.454652
v -0.133857 0.560775 0.447894
v -0.135741 0.554490 0.448207
v -0.136494 0.553196 0.453247
v -0.131305 0.570468 0.445263
v -0.132760 0.568529 0.453162
v -0.128700 0.582203 0.448396
v -0.128184 0.583549 0.440323
v -0.126100 0.597069 0.434984
v -0.124653 0.597173 0.442386
v -0.123108 0.611948 0.436248
v -0.125306 0.608160 0.430425
v -0.123810 0.627515 0.430617
v -0.122611 0.638776 0.425723
v -0.124912 0.638249 0.418851
v -0.126574 0.622921 0.424963
v -0.122913 0.650246 0.417561
v -0.120931 0.647244 0.423076
v -0.121268 0.651390 0.422268
v -0.122974 0.653964 0.418063
v -0.123668 0.658717 0.414918
v -0.122496 0.666940 0.413237
v -0.122163 0.666800 0.411592
v -0.123695 0.656418 0.412510
v -0.121927 0.664246 0.405307
v -0.120205 0.658903 0.394796
v -0.122073 0.648941 0.396725
v -0.123111 0.654001 0.405806
v -0.113335 0.690764 0.401347
v -0.110510 0.683920 0.385723
v -0.116316 0.670561 0.391119
v -0.118657 0.676517 0.403778
v -0.119011 0.682706 0.416374
v -0.118597 0.684300 0.419480
v -0.114113 0.694685 0.418625
v -0.114528 0.694362 0.412321
v -0.112190 0.694326 0.425405
v -0.116846 0.685252 0.427028
v -0.114006 0.683968 0.435852
v -0.108726 0.693307 0.432717
v -0.117927 0.678220 0.436883
v -0.120268 0.679463 0.427753
v -0.122444 0.676950 0.427563
v -0.120311 0.676056 0.435742
v -0.118141 0.671763 0.441191
v -0.115977 0.664071 0.443934
v -0.113223 0.663900 0.445795
v -0.115547 0.673032 0.442893
v -0.115991 0.657438 0.442046
v -0.116785 0.658045 0.440507
v -0.114907 0.652101 0.437245
v -0.114783 0.650845 0.439026
v -0.118924 0.663493 0.440780
v -0.117870 0.663934 0.442266
v -0.120052 0.670252 0.439534
v -0.121262 0.668505 0.437888
v -0.123169 0.671402 0.433168
v -0.122050 0.673781 0.434503
v -0.123930 0.674526 0.427207
v -0.124671 0.672178 0.426655
v -0.124744 0.671943 0.421732
v -0.124321 0.674310 0.421850
v -0.123090 0.671400 0.416628
v -0.118663 0.646777 0.428623
v -0.115781 0.649322 0.433056
v -0.118908 0.649743 0.427526
v -0.119883 0.616837 0.448266
v -0.121095 0.615000 0.442050
v -0.123519 0.597323 0.449836
v -0.122660 0.597523 0.457328
v -0.126623 0.581849 0.463296
v -0.128195 0.581636 0.456057
v -0.132726 0.568241 0.460069
v -0.131180 0.569616 0.465993
v -0.128792 0.570066 0.470055
v -0.124485 0.569188 0.472267
v -0.120635 0.580431 0.469764
v -0.124482 0.581571 0.467887
v -0.119675 0.596773 0.464514
v -0.116173 0.595131 0.466422
v -0.111115 0.613277 0.462247
v -0.114470 0.615657 0.459939
v -0.105470 0.636346 0.456392
v -0.109444 0.637809 0.453972
v -0.111039 0.629340 0.456420
v -0.107547 0.627017 0.458902
v -0.103593 0.652593 0.453456
v -0.108334 0.654070 0.450526
v -0.108505 0.646060 0.451988
v -0.104148 0.644872 0.454574
v -0.126322 0.564146 0.473556
v -0.131403 0.563958 0.471542
v -0.132969 0.561593 0.472746
v -0.127852 0.560477 0.474855
v -0.131612 0.544208 0.476735
v -0.136776 0.546827 0.474579
v -0.135831 0.541508 0.474181
v -0.131570 0.539011 0.475632
v -0.134829 0.531685 0.470666
v -0.131623 0.529687 0.470533
v -0.131657 0.534094 0.473654
v -0.135168 0.536467 0.472844
v -0.130778 0.549953 0.476813
v -0.129128 0.556274 0.475813
v -0.134593 0.557893 0.473650
v -0.136357 0.552281 0.474422
v -0.132448 0.510619 0.432280
v -0.130118 0.508444 0.433151
v -0.131779 0.507329 0.437522
v -0.134022 0.509703 0.436290
v -0.136021 0.512441 0.435688
v -0.137545 0.517112 0.433609
v -0.134725 0.514150 0.432383
v -0.134476 0.516043 0.430836
v -0.137823 0.519574 0.432192
v -0.137609 0.521675 0.430883
v -0.134304 0.518024 0.429522
v -0.129761 0.556308 0.415596
v -0.130537 0.556812 0.416611
v -0.130315 0.557508 0.416302
v -0.128924 0.557122 0.414670
v -0.129878 0.558533 0.415633
v -0.128096 0.558161 0.413660
v -0.086455 0.582940 0.371484
v -0.090827 0.573760 0.379527
v -0.094275 0.573703 0.380527
v -0.098712 0.565690 0.387689
v -0.095330 0.565626 0.386961
v -0.100289 0.555519 0.396141
v -0.103564 0.555795 0.396342
v -0.108145 0.546183 0.404389
v -0.104988 0.545507 0.404565
v -0.109534 0.535563 0.412333
v -0.112546 0.536949 0.411834
v -0.115849 0.529704 0.415952
v -0.112602 0.528169 0.416559
v -0.114246 0.523238 0.417337
v -0.118111 0.524390 0.416822
v -0.122757 0.514088 0.422123
v -0.118373 0.513193 0.422753
v -0.119817 0.510994 0.426519
v -0.123959 0.511881 0.425831
v -0.124984 0.509936 0.428726
v -0.121042 0.508994 0.429536
v -0.122063 0.507185 0.431834
v -0.125835 0.508239 0.430831
v -0.127102 0.506738 0.434141
v -0.123401 0.505504 0.435249
v -0.125068 0.503936 0.439808
v -0.128789 0.505400 0.438696
v -0.130592 0.506804 0.447155
v -0.134093 0.508095 0.445637
v -0.136630 0.510301 0.443976
v -0.138198 0.513436 0.442179
v -0.138610 0.518802 0.439414
v -0.137878 0.526423 0.435674
v -0.135678 0.536683 0.429936
v -0.132264 0.549248 0.422325
v -0.130340 0.555431 0.417955
v -0.129671 0.554952 0.417073
v -0.130750 0.549026 0.417730
v -0.128906 0.551167 0.418803
v -0.129786 0.553590 0.416636
v -0.136482 0.533060 0.428181
v -0.137846 0.527839 0.430743
v -0.138643 0.524077 0.432662
v -0.138836 0.521848 0.433880
v -0.138022 0.518258 0.435491
v -0.136202 0.513301 0.437502
v -0.134271 0.509649 0.439207
v -0.132214 0.507311 0.440606
v -0.082314 0.726619 0.402116
v -0.089987 0.726125 0.398887
v -0.085375 0.726154 0.404201
v -0.098020 0.709006 0.420158
v -0.101083 0.710114 0.417278
v -0.100397 0.705801 0.425229
v -0.095146 0.700955 0.433681
v -0.099718 0.701597 0.431710
v -0.101199 0.698650 0.434112
v -0.096405 0.697858 0.436084
v -0.097258 0.693238 0.439565
v -0.103795 0.692729 0.437524
v -0.108068 0.684068 0.441725
v -0.098556 0.686011 0.444646
v -0.100814 0.675448 0.448617
v -0.109816 0.674270 0.445343
v -0.108732 0.663478 0.448289
v -0.102520 0.662795 0.451446
v -0.139886 0.514603 0.444674
v -0.139249 0.513900 0.443342
v -0.137422 0.510739 0.445233
v -0.138043 0.511574 0.446800
v -0.129408 0.505413 0.441858
v -0.125850 0.503956 0.442966
v -0.104928 0.609576 0.465108
v -0.107957 0.611250 0.463970
v -0.113022 0.593691 0.467953
v -0.110187 0.592458 0.469101
v -0.104100 0.625110 0.460750
v -0.100695 0.623623 0.461968
v -0.097499 0.634590 0.459690
v -0.101509 0.635271 0.458305
v -0.099693 0.644026 0.456709
v -0.095161 0.643516 0.458398
v -0.093663 0.650393 0.458096
v -0.098726 0.651367 0.455988
v -0.094036 0.727875 0.401657
v -0.097495 0.731793 0.407825
v -0.092139 0.731129 0.412161
v -0.089205 0.727663 0.406653
v -0.104633 0.720480 0.399068
v -0.108140 0.725852 0.402598
v -0.102795 0.730043 0.404640
v -0.099137 0.725480 0.399126
v -0.109100 0.712283 0.407183
v -0.112719 0.717506 0.409948
v -0.111512 0.721653 0.404376
v -0.107992 0.716068 0.401743
v -0.105023 0.712953 0.413847
v -0.107553 0.716806 0.416996
v -0.111256 0.715854 0.414293
v -0.108115 0.711437 0.411124
v -0.098268 0.712987 0.420018
v -0.099229 0.718432 0.424102
v -0.103567 0.717670 0.420269
v -0.101771 0.713477 0.416817
v -0.088161 0.716875 0.424161
v -0.089410 0.721190 0.427986
v -0.091100 0.718145 0.432269
v -0.090112 0.713663 0.428547
v -0.086737 0.725141 0.412495
v -0.089087 0.728614 0.417356
v -0.088603 0.724661 0.423059
v -0.086972 0.720686 0.418851
v -0.100688 0.735840 0.414748
v -0.103647 0.740016 0.422415
v -0.098775 0.739527 0.425008
v -0.095335 0.735073 0.418291
v -0.111061 0.731176 0.409189
v -0.113455 0.736468 0.418804
v -0.108523 0.739003 0.420348
v -0.105915 0.734548 0.411712
v -0.115411 0.723269 0.415902
v -0.117189 0.729543 0.425064
v -0.116429 0.733303 0.420342
v -0.114306 0.727403 0.410572
v -0.109593 0.722228 0.422607
v -0.111144 0.729216 0.430685
v -0.115318 0.728139 0.428605
v -0.113687 0.721492 0.420059
v -0.101010 0.724278 0.429112
v -0.103607 0.730520 0.435045
v -0.107264 0.730036 0.432813
v -0.105399 0.723189 0.425601
v -0.091928 0.726163 0.432152
v -0.095753 0.731796 0.436638
v -0.097028 0.729568 0.439800
v -0.093427 0.723457 0.436006
v -0.092118 0.732715 0.422766
v -0.095867 0.737450 0.428715
v -0.095273 0.734408 0.432983
v -0.091382 0.729232 0.427775
v -0.106093 0.743599 0.429879
v -0.108006 0.746601 0.437153
v -0.105386 0.746133 0.438429
v -0.102126 0.743210 0.431729
v -0.114491 0.741122 0.427632
v -0.114188 0.745137 0.435657
v -0.110943 0.746268 0.436226
v -0.110202 0.742907 0.428520
v -0.117267 0.735452 0.432931
v -0.115635 0.740990 0.439516
v -0.115827 0.743377 0.436712
v -0.116950 0.738631 0.429048
v -0.111824 0.735458 0.437338
v -0.111630 0.740953 0.442567
v -0.114191 0.740162 0.441502
v -0.115488 0.734362 0.435753
v -0.105572 0.735391 0.439407
v -0.109205 0.740544 0.442787
v -0.108858 0.735209 0.437811
v -0.099902 0.737017 0.440743
v -0.104392 0.741798 0.444467
v -0.104965 0.740614 0.446048
v -0.100862 0.735286 0.443146
v -0.099818 0.741532 0.434563
v -0.103991 0.744913 0.440336
v -0.104010 0.743227 0.442590
v -0.099485 0.739073 0.437922
v -0.097828 0.704595 0.428234
v -0.093324 0.703838 0.430880
v -0.091205 0.706478 0.427722
v -0.095517 0.707610 0.423736
v -0.095152 0.712577 0.423898
v -0.092514 0.712250 0.428443
v -0.093228 0.717178 0.432316
v -0.095799 0.718273 0.428120
v -0.097660 0.724146 0.432636
v -0.095335 0.722791 0.436171
v -0.098695 0.729041 0.440079
v -0.100761 0.730191 0.437469
v -0.104148 0.735844 0.441462
v -0.102275 0.734903 0.443386
v -0.106122 0.740382 0.446101
v -0.107853 0.741104 0.444622
v -0.094924 0.714688 0.370673
v -0.097688 0.710147 0.371033
v -0.102595 0.715033 0.389177
v -0.109574 0.748572 0.441718
v -0.110778 0.749507 0.443594
v -0.109615 0.749206 0.444195
v -0.107883 0.748133 0.442586
v -0.113934 0.747751 0.440768
v -0.113763 0.748947 0.442967
v -0.112150 0.749422 0.443192
v -0.111585 0.748443 0.441116
v -0.114623 0.744795 0.443490
v -0.114237 0.746871 0.444849
v -0.114486 0.748108 0.443499
v -0.115001 0.746537 0.441531
v -0.111755 0.744674 0.445587
v -0.112266 0.746745 0.446290
v -0.113485 0.746430 0.445780
v -0.113526 0.744187 0.444842
v -0.108732 0.744181 0.447566
v -0.110125 0.746300 0.447783
v -0.111116 0.746640 0.447011
v -0.110173 0.744703 0.446471
v -0.107514 0.745118 0.446583
v -0.109287 0.746953 0.447094
v -0.109513 0.746406 0.447809
v -0.107844 0.744319 0.447601
v -0.107070 0.747270 0.443834
v -0.109057 0.748604 0.445059
v -0.109105 0.747700 0.446186
v -0.107219 0.746079 0.445357
v -0.110434 0.702910 0.411610
v -0.110273 0.701793 0.417958
v -0.105635 0.708102 0.414114
v -0.132156 0.511747 0.455341
v -0.132458 0.514043 0.458127
v -0.136342 0.515964 0.457051
v -0.136096 0.513401 0.454012
v -0.138943 0.515581 0.452309
v -0.139114 0.518164 0.455447
v -0.140767 0.520652 0.453328
v -0.140700 0.518295 0.450238
v -0.141242 0.522905 0.447467
v -0.141277 0.524881 0.450535
v -0.140665 0.530865 0.447071
v -0.140599 0.529414 0.443987
v -0.138494 0.538340 0.439046
v -0.138773 0.538981 0.442571
v -0.135718 0.549055 0.437188
v -0.135082 0.549426 0.432853
v -0.131861 0.557641 0.425114
v -0.130071 0.561541 0.419280
v -0.129840 0.560448 0.418601
v -0.123634 0.561205 0.408311
v -0.122639 0.559912 0.407121
v -0.124323 0.557155 0.409217
v -0.124391 0.559449 0.409643
v -0.131765 0.509160 0.451971
v -0.131959 0.510374 0.453597
v -0.135879 0.511887 0.452127
v -0.135604 0.510565 0.450383
v -0.138435 0.512714 0.448499
v -0.138742 0.514052 0.450337
v -0.140542 0.516877 0.448243
v -0.140263 0.515613 0.446317
v -0.140850 0.520692 0.443376
v -0.141111 0.521730 0.445415
v -0.140459 0.528607 0.441861
v -0.140221 0.527960 0.439667
v -0.138006 0.537836 0.434281
v -0.138281 0.538016 0.436724
v -0.134735 0.549672 0.430248
v -0.134376 0.550027 0.427455
v -0.131956 0.557265 0.421898
v -0.131710 0.557380 0.423483
v -0.129934 0.559562 0.418146
v -0.130519 0.558948 0.417643
v -0.129192 0.559531 0.415064
v -0.128559 0.560548 0.414349
v -0.126468 0.559947 0.411777
v -0.127121 0.559144 0.412707
v -0.126050 0.558140 0.411381
v -0.125060 0.558810 0.410578
v -0.125440 0.556017 0.410527
v -0.111268 0.748126 0.446784
v -0.110647 0.747651 0.447555
v -0.110283 0.748266 0.446874
v -0.110447 0.748888 0.446049
v -0.076139 0.724647 0.404896
v -0.081487 0.724180 0.407688
v -0.078673 0.722452 0.408997
v -0.125950 0.505711 0.448631
v -0.127879 0.506010 0.448151
v -0.128364 0.506278 0.449605
v -0.126353 0.505886 0.450096
v -0.126622 0.506636 0.451779
v -0.128645 0.507119 0.451349
v -0.128832 0.508210 0.452973
v -0.126799 0.507710 0.453394
v -0.126925 0.508954 0.455020
v -0.128971 0.509394 0.454565
v -0.127563 0.512475 0.459245
v -0.127600 0.514531 0.461525
v -0.129649 0.514955 0.461267
v -0.129557 0.512886 0.458858
v -0.129362 0.520081 0.464709
v -0.129673 0.517161 0.463194
v -0.127380 0.516708 0.463543
v -0.127038 0.519678 0.465021
v -0.128869 0.528391 0.470600
v -0.126652 0.527655 0.471056
v -0.126554 0.531700 0.474514
v -0.128759 0.532550 0.474159
v -0.128368 0.537377 0.476412
v -0.126018 0.536493 0.476746
v -0.125146 0.541867 0.477975
v -0.127840 0.542651 0.477659
v -0.126719 0.548576 0.477866
v -0.123821 0.547833 0.478254
v -0.122045 0.554382 0.477582
v -0.125026 0.555149 0.477037
v -0.123795 0.559511 0.476259
v -0.120814 0.558694 0.476967
v -0.119506 0.562757 0.475938
v -0.122457 0.563540 0.475066
v -0.120906 0.568272 0.473872
v -0.118050 0.567317 0.474868
v -0.114565 0.578367 0.472355
v -0.117351 0.579362 0.471256
v -0.094109 0.709346 0.422353
v -0.090405 0.708176 0.426441
v -0.091500 0.709419 0.427058
v -0.089131 0.710877 0.426312
v -0.088324 0.710080 0.425639
v -0.085720 0.713332 0.420999
v -0.086838 0.714225 0.421861
v -0.126817 0.522295 0.466632
v -0.126742 0.524516 0.468425
v -0.128988 0.525130 0.467963
v -0.129118 0.522764 0.466269
v -0.137192 0.529970 0.468283
v -0.136736 0.530885 0.469246
v -0.137513 0.532220 0.469101
v -0.137822 0.531364 0.468179
v -0.132049 0.544771 0.420462
v -0.134572 0.538657 0.424792
v -0.121399 0.603409 0.373287
v -0.117879 0.617970 0.369243
v -0.110483 0.613061 0.355700
v -0.114090 0.602828 0.360978
v -0.125704 0.600735 0.388947
v -0.124594 0.598050 0.391357
v -0.126336 0.604404 0.400177
v -0.126596 0.607619 0.398107
v -0.126420 0.615767 0.426297
v -0.125480 0.613104 0.427244
v -0.123413 0.617986 0.432776
v -0.123845 0.620764 0.432294
v -0.140505 0.526810 0.461045
v -0.140739 0.524792 0.458647
v -0.138968 0.523048 0.461056
v -0.138242 0.525935 0.463912
v -0.136272 0.520969 0.462466
v -0.132646 0.518567 0.462853
v -0.132127 0.521657 0.464658
v -0.135468 0.524178 0.465175
v -0.134941 0.526705 0.467230
v -0.131827 0.524234 0.466468
v -0.131645 0.526460 0.468048
v -0.134724 0.528484 0.468724
v -0.087245 0.673443 0.453651
v -0.092998 0.675113 0.451534
v -0.096626 0.661758 0.454189
v -0.091039 0.660353 0.456516
v -0.131508 0.539067 0.419232
v -0.128587 0.529499 0.417919
v -0.130767 0.525803 0.420470
v -0.133891 0.533957 0.422925
v -0.123353 0.521599 0.417636
v -0.125027 0.518396 0.419236
v -0.127817 0.520616 0.419240
v -0.125875 0.523673 0.417386
v -0.121426 0.516827 0.419518
v -0.119974 0.520090 0.418017
v -0.115716 0.519144 0.418516
v -0.117006 0.515926 0.420088
v -0.132503 0.557399 0.426967
v -0.133226 0.557152 0.430269
v -0.131844 0.562466 0.426138
v -0.130479 0.562268 0.421788
v -0.116446 0.630475 0.448048
v -0.113537 0.630767 0.452522
v -0.112342 0.638111 0.450121
v -0.115680 0.635451 0.446190
v -0.112320 0.646482 0.447316
v -0.114910 0.655294 0.444529
v -0.113742 0.648267 0.441612
v -0.141336 0.528238 0.455785
v -0.141364 0.529688 0.458095
v -0.140841 0.534578 0.455071
v -0.140786 0.533394 0.452476
v -0.139538 0.539819 0.450205
v -0.139789 0.540394 0.453285
v -0.138220 0.547130 0.452744
v -0.137636 0.547519 0.448966
v -0.110673 0.646329 0.450738
v -0.111632 0.656464 0.448140
v -0.114218 0.657282 0.446345
v -0.132756 0.516337 0.460915
v -0.136584 0.518522 0.460082
v -0.139277 0.520743 0.458587
v -0.140837 0.523000 0.456417
v -0.141319 0.526861 0.453603
v -0.140737 0.532320 0.450148
v -0.139261 0.539412 0.447072
v -0.136895 0.548110 0.444404
v -0.133182 0.562463 0.432678
v -0.134540 0.556681 0.435362
v -0.126082 0.560915 0.410878
v -0.128278 0.561688 0.413676
v -0.128286 0.563037 0.413092
v -0.125923 0.562094 0.410025
v -0.125404 0.567794 0.405627
v -0.127776 0.569127 0.408679
v -0.125621 0.579336 0.401655
v -0.122729 0.576987 0.397933
v -0.129142 0.583735 0.422200
v -0.131309 0.571510 0.428285
v -0.127018 0.604101 0.412062
v -0.127747 0.594479 0.416919
v -0.126898 0.611006 0.408700
v -0.126043 0.611182 0.420279
v -0.127070 0.614241 0.418948
v -0.127150 0.614390 0.407079
v -0.127414 0.619430 0.405163
v -0.127675 0.621306 0.416219
v -0.125358 0.641815 0.409539
v -0.124627 0.636459 0.399980
v -0.129185 0.511045 0.456638
v -0.127326 0.510725 0.457124
v -0.110890 0.654275 0.434582
v -0.111373 0.652196 0.430883
v -0.113463 0.659641 0.436490
v -0.115730 0.663951 0.436348
v -0.117642 0.667346 0.433986
v -0.119086 0.669604 0.430043
v -0.120085 0.670689 0.424690
v -0.119585 0.671281 0.419615
v -0.118364 0.671099 0.414974
v -0.118141 0.667990 0.413610
v -0.119138 0.662009 0.415138
v -0.118994 0.657704 0.417790
v -0.117411 0.655414 0.421048
v -0.114892 0.653554 0.425433
v -0.124635 0.588217 0.398618
v -0.125937 0.580796 0.404890
v -0.128019 0.570140 0.412142
v -0.116809 0.646779 0.435404
v -0.117022 0.643124 0.437574
v -0.085703 0.717618 0.417583
v -0.112201 0.748401 0.446002
v -0.113287 0.748194 0.445624
v -0.113357 0.749074 0.444682
v -0.112122 0.749550 0.444701
v -0.111298 0.749236 0.445315
v -0.105289 0.715539 0.395467
v -0.101812 0.719039 0.393990
v -0.084423 0.722854 0.409998
v -0.072566 0.726279 0.395471
v -0.118491 0.628804 0.443058
v -0.119829 0.641833 0.431037
v -0.120430 0.633952 0.434691
v -0.129361 0.562089 0.417260
v -0.128345 0.566399 0.414490
v -0.109694 0.702360 0.405429
v -0.100069 0.654927 0.348851
v -0.100856 0.641081 0.344728
v -0.098353 0.641981 0.343232
v -0.097998 0.628928 0.339309
v -0.102151 0.630054 0.343918
v -0.104052 0.620462 0.346296
v -0.099228 0.618835 0.340870
v -0.101588 0.610376 0.346327
v -0.106547 0.611455 0.350814
v -0.104916 0.603498 0.353239
v -0.117750 0.582758 0.388339
v -0.124405 0.550572 0.411153
v -0.096356 0.723749 0.394221
v -0.094625 0.724983 0.394433
v -0.107450 0.704825 0.403460
v -0.106911 0.708636 0.400540
v -0.097820 0.687943 0.358902
v -0.099051 0.685518 0.362672
v -0.096573 0.671398 0.352210
v -0.093660 0.659416 0.344143
v -0.083044 0.717496 0.416087
v -0.116952 0.636808 0.439506
v -0.119945 0.628337 0.436879
v -0.120600 0.620689 0.439843
v -0.119445 0.681099 0.413245
v -0.109253 0.606993 0.354623
v -0.065480 0.727160 0.378466
v -0.106209 0.713521 0.396742
v -0.089911 0.573521 0.379783
v -0.093920 0.565271 0.387343
v -0.098842 0.555150 0.396531
v -0.085530 0.582703 0.371732
v -0.123130 0.503450 0.440329
v -0.123986 0.503494 0.443466
v -0.121501 0.505029 0.435766
v -0.125921 0.508706 0.455289
v -0.126074 0.510404 0.457443
v -0.126218 0.512140 0.459603
v -0.126305 0.514225 0.461885
v -0.125797 0.507460 0.453664
v -0.125624 0.524239 0.468725
v -0.125537 0.527378 0.471352
v -0.125702 0.522020 0.466932
v -0.125444 0.531427 0.474811
v -0.120591 0.554022 0.477975
v -0.119332 0.558326 0.477366
v -0.118045 0.562312 0.476355
v -0.122420 0.547483 0.478633
v -0.125017 0.505482 0.448880
v -0.125631 0.506391 0.452044
v -0.125366 0.505639 0.450360
v -0.114887 0.515396 0.420658
v -0.116265 0.512668 0.423321
v -0.113677 0.518640 0.419070
v -0.117811 0.510486 0.427066
v -0.113096 0.578008 0.472743
v -0.108654 0.592083 0.469501
v -0.116578 0.566947 0.475264
v -0.103271 0.609169 0.465542
v -0.123839 0.541542 0.478329
v -0.124847 0.536200 0.477063
v -0.120166 0.506702 0.432356
v -0.119107 0.508508 0.430073
v -0.098897 0.623174 0.462448
v -0.095513 0.634097 0.460216
v -0.078319 0.597185 0.357550
v -0.081258 0.591686 0.363864
v -0.091122 0.649755 0.458782
v -0.088160 0.659639 0.457278
v -0.084084 0.672608 0.454494
v -0.092931 0.642953 0.459001
v -0.125927 0.519404 0.465321
v -0.126275 0.516432 0.463842
v -0.112356 0.522766 0.417849
v -0.110935 0.527757 0.417012
v -0.103499 0.545137 0.404964
v -0.108005 0.535183 0.412751
v -0.075347 0.601321 0.350210
v -0.111161 0.652540 0.430687
v -0.114597 0.653864 0.425365
v -0.110690 0.654568 0.434296
v -0.113204 0.659805 0.436157
v -0.115416 0.664014 0.436021
v -0.117282 0.667327 0.433715
v -0.118692 0.669531 0.429864
v -0.119665 0.670587 0.424639
v -0.119179 0.671166 0.419689
v -0.117986 0.670987 0.415155
v -0.117769 0.667955 0.413825
v -0.118742 0.662116 0.415317
v -0.118601 0.657913 0.417902
v -0.117056 0.655677 0.421083
v -0.090574 0.707242 0.429041
v -0.092422 0.704500 0.432150
v -0.094078 0.701408 0.434925
v -0.095009 0.697887 0.437512
v -0.095315 0.693786 0.440527
v -0.095086 0.687075 0.445633
v -0.092776 0.685084 0.447371
v -0.084818 0.681163 0.452195
v -0.090008 0.682933 0.450242
v -0.081760 0.680126 0.453058
v -0.093846 0.664566 0.338191
v -0.050077 0.719770 0.343561
v -0.055711 0.718195 0.341715
v -0.064435 0.722787 0.358645
v -0.059061 0.724797 0.360382
v -0.060670 0.716671 0.340256
v -0.064867 0.715614 0.339001
v -0.072469 0.720562 0.356673
v -0.068950 0.721264 0.357507
v -0.077289 0.718934 0.354818
v -0.070652 0.714084 0.337285
v -0.077795 0.711540 0.335361
v -0.083143 0.715904 0.352091
v -0.091394 0.705725 0.349274
v -0.087994 0.712053 0.350219
v -0.083618 0.707965 0.334516
v -0.093804 0.662110 0.341027
v -0.094121 0.699611 0.351019
v -0.091249 0.693154 0.336286
v -0.092812 0.685190 0.338343
v -0.096129 0.692688 0.355092
v -0.094206 0.678324 0.341975
v -0.095323 0.674382 0.345943
v -0.096005 0.672132 0.348973
v -0.056424 0.725117 0.361282
v -0.047648 0.720009 0.344543
v -0.035354 0.721895 0.349532
v -0.039258 0.723988 0.347590
v -0.046532 0.728387 0.364525
v -0.042237 0.725874 0.366679
v -0.089830 0.686366 0.450924
v -0.084444 0.684183 0.452884
v -0.082904 0.692424 0.454225
v -0.089850 0.693836 0.451292
v -0.088874 0.700653 0.449615
v -0.080871 0.699500 0.452821
v -0.078517 0.705316 0.448653
v -0.087154 0.706678 0.445575
v -0.085198 0.711344 0.441834
v -0.076363 0.709910 0.444803
v -0.074459 0.713284 0.441253
v -0.083264 0.714680 0.438364
v -0.063536 0.731004 0.398702
v -0.056436 0.729578 0.400826
v -0.049439 0.729412 0.382724
v -0.055470 0.731682 0.380562
v -0.075604 0.722918 0.424319
v -0.079918 0.718490 0.432536
v -0.071662 0.717322 0.435098
v -0.067402 0.721895 0.426533
v -0.054088 0.726721 0.361814
v -0.050292 0.728677 0.362858
v -0.042630 0.723851 0.346122
v -0.045903 0.721574 0.345102
v -0.070622 0.728364 0.396095
v -0.067904 0.730531 0.397272
v -0.059774 0.731478 0.379458
v -0.063294 0.729223 0.378788
v -0.087315 0.711834 0.426591
v -0.085751 0.716821 0.429528
v -0.081338 0.721185 0.422544
v -0.084354 0.715649 0.421124
v -0.093139 0.688479 0.447603
v -0.093502 0.695466 0.447952
v -0.094472 0.694735 0.442155
v -0.094017 0.698528 0.439718
v -0.093583 0.700392 0.445181
v -0.092475 0.705845 0.441524
v -0.093142 0.702476 0.436854
v -0.091597 0.705818 0.433916
v -0.090759 0.710097 0.438094
v -0.088989 0.713262 0.434747
v -0.089980 0.708615 0.430822
v -0.068532 0.729209 0.410480
v -0.071835 0.726492 0.416964
v -0.063812 0.725494 0.419026
v -0.060836 0.728148 0.412557
v -0.077952 0.723219 0.410787
v -0.082120 0.718696 0.416917
v -0.076934 0.725164 0.415954
v -0.074750 0.726498 0.405853
v -0.072503 0.728573 0.408449
v -0.046707 0.728016 0.383952
v -0.039845 0.724538 0.367786
v -0.052983 0.728682 0.401672
v -0.033135 0.720843 0.350480
v -0.063484 0.720895 0.427574
v -0.059888 0.724510 0.420015
v -0.057062 0.727180 0.413500
v -0.067702 0.716341 0.436173
v -0.079365 0.691534 0.455192
v -0.077140 0.698567 0.453825
v -0.074517 0.704323 0.449725
v -0.081148 0.683232 0.453805
v -0.072276 0.708891 0.445895
v -0.070441 0.712272 0.442343
v -0.072933 0.582599 0.439081
v -0.074430 0.583505 0.442015
v -0.080894 0.572748 0.445768
v -0.079396 0.571899 0.442793
v -0.087158 0.560884 0.450272
v -0.085552 0.560442 0.447130
v -0.091336 0.551315 0.453175
v -0.090171 0.551366 0.450872
v -0.067964 0.591586 0.437765
v -0.092848 0.545141 0.453430
v -0.015855 0.673520 0.359011
v -0.117402 0.511952 0.443512
v -0.113918 0.525542 0.436527
v -0.115594 0.525753 0.436256
v -0.120171 0.512361 0.443011
v -0.121000 0.512937 0.443742
v -0.116009 0.526698 0.436904
v -0.115218 0.526397 0.437133
v -0.119694 0.512403 0.444154
v -0.117453 0.511835 0.444612
v -0.113855 0.526081 0.437391
v -0.111928 0.525748 0.437665
v -0.114269 0.511231 0.445114
v -0.111535 0.511771 0.445009
v -0.110264 0.526135 0.437608
v -0.108874 0.527252 0.437200
v -0.109247 0.513455 0.444296
v -0.106399 0.516830 0.443064
v -0.107160 0.529286 0.436459
v -0.105128 0.532243 0.435372
v -0.102988 0.521891 0.441311
v -0.098914 0.529115 0.437974
v -0.102705 0.536501 0.433387
v -0.099892 0.542069 0.430492
v -0.094259 0.538316 0.433202
v -0.092034 0.542784 0.430501
v -0.098561 0.544644 0.428784
v -0.098752 0.544174 0.428311
v -0.092278 0.542482 0.429900
v -0.093736 0.539434 0.431428
v -0.099653 0.542137 0.429168
v -0.101246 0.538605 0.431307
v -0.096346 0.533739 0.435018
v -0.098721 0.528554 0.437856
v -0.102673 0.535489 0.433008
v -0.103939 0.532787 0.434283
v -0.100859 0.523914 0.439914
v -0.102472 0.520776 0.441265
v -0.104907 0.530934 0.435115
v -0.105556 0.529946 0.435513
v -0.103566 0.519140 0.441915
v -0.105946 0.517051 0.442536
v -0.106994 0.528692 0.435875
v -0.109205 0.527151 0.436243
v -0.109632 0.514501 0.443138
v -0.112614 0.512854 0.443517
v -0.111014 0.526136 0.436487
v -0.112382 0.525669 0.436611
v -0.114885 0.512116 0.443680
v -0.109028 0.534831 0.432341
v -0.107606 0.536007 0.431920
v -0.106785 0.536958 0.431551
v -0.105950 0.538309 0.430963
v -0.105260 0.539792 0.430209
v -0.105345 0.540030 0.430491
v -0.106739 0.537800 0.431676
v -0.108043 0.536245 0.432349
v -0.109189 0.535161 0.432757
v -0.110381 0.534674 0.432884
v -0.110049 0.534173 0.432643
v -0.119282 0.504483 0.448882
v -0.122039 0.505140 0.448349
v -0.118847 0.504295 0.446313
v -0.115652 0.504541 0.446601
v -0.112758 0.505480 0.446477
v -0.109073 0.507539 0.446134
v -0.104624 0.510714 0.445550
v -0.101726 0.513289 0.444857
v -0.100379 0.515257 0.444026
v -0.098430 0.518978 0.442388
v -0.095924 0.524342 0.440012
v -0.093188 0.530281 0.436692
v -0.087325 0.542641 0.430992
v -0.090217 0.537074 0.434452
v -0.096088 0.525771 0.440530
v -0.101212 0.516823 0.444832
v -0.105451 0.510515 0.447126
v -0.109051 0.506389 0.448631
v -0.112013 0.504444 0.449361
v -0.115424 0.503810 0.449442
v -0.090182 0.536827 0.432378
v -0.087616 0.542416 0.430172
v -0.123696 0.505781 0.447846
v -0.122371 0.504755 0.445608
v -0.110940 0.534010 0.432719
v -0.110945 0.534386 0.432907
v -0.103476 0.540288 0.470573
v -0.106263 0.540681 0.472614
v -0.107014 0.536394 0.470906
v -0.104741 0.536119 0.469722
v -0.107487 0.540346 0.476261
v -0.105731 0.539309 0.479512
v -0.108284 0.535148 0.478460
v -0.110130 0.536207 0.475334
v -0.102706 0.534846 0.469850
v -0.101348 0.532800 0.471203
v -0.099879 0.536390 0.471636
v -0.101073 0.538740 0.470513
v -0.105508 0.543460 0.477616
v -0.103386 0.546635 0.479480
v -0.104246 0.542635 0.480306
v -0.101650 0.543190 0.473370
v -0.100498 0.545447 0.475648
v -0.102463 0.546741 0.477827
v -0.104254 0.543925 0.475768
v -0.099021 0.539303 0.472467
v -0.099141 0.543711 0.474227
v -0.100017 0.541724 0.471774
v -0.104325 0.531636 0.469916
v -0.105672 0.526825 0.471936
v -0.102842 0.529813 0.471318
v -0.108455 0.532004 0.470662
v -0.110007 0.527095 0.473285
v -0.107549 0.526785 0.472487
v -0.106321 0.531766 0.469902
v -0.110232 0.531961 0.477853
v -0.112262 0.528625 0.475713
v -0.111983 0.533025 0.474403
v -0.110231 0.532241 0.471544
v -0.111802 0.532553 0.472710
v -0.112267 0.528028 0.474786
v -0.111616 0.527541 0.474080
v -0.108101 0.540163 0.473667
v -0.110644 0.535975 0.472799
v -0.108758 0.535844 0.471503
v -0.038486 0.622440 0.408528
v -0.038385 0.615774 0.397376
v -0.034435 0.625740 0.392719
v -0.034561 0.631955 0.405462
v -0.036875 0.650951 0.437928
v -0.036438 0.652357 0.436831
v -0.037084 0.656820 0.442549
v -0.037266 0.654223 0.443479
v -0.093203 0.590379 0.469959
v -0.082424 0.608017 0.462737
v -0.085857 0.609093 0.465393
v -0.098438 0.535375 0.471021
v -0.099068 0.535387 0.471480
v -0.100581 0.531733 0.470980
v -0.100087 0.531353 0.470422
v -0.102517 0.527734 0.470766
v -0.102797 0.528440 0.471289
v -0.105721 0.525511 0.472410
v -0.105731 0.524516 0.472053
v -0.108963 0.523116 0.473060
v -0.108571 0.524227 0.473356
v -0.111353 0.524589 0.474129
v -0.112219 0.523532 0.473789
v -0.113891 0.527561 0.476504
v -0.112631 0.527989 0.476682
v -0.110918 0.531356 0.478513
v -0.112182 0.531539 0.478757
v -0.109508 0.535598 0.480482
v -0.108400 0.535119 0.479931
v -0.105783 0.539284 0.481195
v -0.106599 0.539755 0.481913
v -0.104477 0.544366 0.482185
v -0.104044 0.543544 0.481439
v -0.103079 0.547899 0.480601
v -0.103236 0.549432 0.481312
v -0.101464 0.550874 0.479492
v -0.101712 0.549185 0.479035
v -0.099662 0.547392 0.476635
v -0.099074 0.548680 0.476715
v -0.097761 0.545033 0.474306
v -0.098478 0.544174 0.474485
v -0.098367 0.539535 0.472649
v -0.097662 0.539934 0.472314
v -0.045195 0.636140 0.439540
v -0.044542 0.636167 0.439845
v -0.048768 0.635026 0.441918
v -0.049311 0.635069 0.441586
v -0.054174 0.635096 0.444166
v -0.053630 0.635081 0.444392
v -0.059115 0.636354 0.447202
v -0.059504 0.636376 0.447116
v -0.060847 0.639229 0.450733
v -0.060458 0.639115 0.450743
v -0.057708 0.643314 0.455167
v -0.058290 0.643586 0.455225
v -0.054480 0.646925 0.457085
v -0.053883 0.646509 0.457000
v -0.048911 0.648759 0.456065
v -0.049362 0.649301 0.456145
v -0.044682 0.650276 0.453310
v -0.044307 0.649845 0.453188
v -0.040103 0.649741 0.448444
v -0.040454 0.649834 0.448634
v -0.038355 0.649546 0.444497
v -0.038058 0.649637 0.444261
v -0.037452 0.649187 0.439185
v -0.038953 0.644903 0.436669
v -0.041497 0.638754 0.438333
v -0.041782 0.638870 0.437938
v -0.038337 0.645810 0.436674
v -0.038437 0.645721 0.436924
v -0.041148 0.639983 0.438647
v -0.041041 0.639824 0.438336
v -0.044345 0.636280 0.440174
v -0.044342 0.636606 0.440456
v -0.048125 0.635621 0.442324
v -0.048375 0.635211 0.442163
v -0.053186 0.635248 0.444549
v -0.052835 0.635601 0.444629
v -0.058431 0.636585 0.447255
v -0.058763 0.636425 0.447246
v -0.060084 0.639036 0.450651
v -0.059725 0.638995 0.450455
v -0.056734 0.642812 0.454276
v -0.057192 0.643057 0.454844
v -0.053412 0.646091 0.456601
v -0.053061 0.645677 0.455869
v -0.048627 0.647663 0.455016
v -0.048667 0.648213 0.455690
v -0.044222 0.649313 0.452868
v -0.044429 0.648682 0.452347
v -0.040536 0.648707 0.447970
v -0.040129 0.649366 0.448224
v -0.038093 0.649321 0.443311
v -0.038487 0.648759 0.443278
v -0.037458 0.648623 0.438489
v -0.037255 0.648952 0.438354
v -0.038670 0.645687 0.437070
v -0.039835 0.645631 0.437444
v -0.042193 0.640630 0.438432
v -0.041394 0.640163 0.438768
v -0.044505 0.636929 0.440515
v -0.045133 0.637541 0.439998
v -0.048507 0.636697 0.441645
v -0.048100 0.636015 0.442283
v -0.052674 0.635972 0.444529
v -0.052825 0.636690 0.443828
v -0.058074 0.637597 0.446475
v -0.058193 0.636839 0.447144
v -0.059406 0.639099 0.450170
v -0.059136 0.639842 0.449395
v -0.056036 0.643296 0.452551
v -0.056337 0.642740 0.453653
v -0.052787 0.645450 0.455113
v -0.052702 0.645815 0.453858
v -0.049035 0.647508 0.453173
v -0.048684 0.647307 0.454331
v -0.044748 0.648240 0.451840
v -0.045477 0.648309 0.450925
v -0.042097 0.648199 0.447255
v -0.041053 0.648218 0.447754
v -0.038982 0.648334 0.443273
v -0.040061 0.648324 0.443120
v -0.039012 0.648166 0.438936
v -0.037780 0.648389 0.438594
v -0.022551 0.681350 0.395113
v -0.023519 0.688601 0.413810
v -0.026081 0.685296 0.416398
v -0.024567 0.677273 0.396734
v -0.021594 0.694544 0.391421
v -0.024032 0.699966 0.390395
v -0.024925 0.701366 0.408600
v -0.023213 0.695335 0.410139
v -0.026041 0.703556 0.389989
v -0.027280 0.705841 0.390129
v -0.025919 0.704878 0.407935
v -0.033094 0.713716 0.389140
v -0.034701 0.714416 0.405483
v -0.028857 0.708638 0.406756
v -0.029710 0.709026 0.389814
v -0.050066 0.587832 0.405518
v -0.043062 0.603571 0.401675
v -0.043479 0.610129 0.411725
v -0.050730 0.594398 0.415630
v -0.109874 0.506971 0.433156
v -0.106736 0.507681 0.434466
v -0.107913 0.506158 0.435839
v -0.110986 0.505419 0.434892
v -0.106502 0.510808 0.427200
v -0.103334 0.511589 0.428902
v -0.105220 0.509499 0.432160
v -0.108383 0.508762 0.430595
v -0.102380 0.527902 0.419814
v -0.098945 0.529324 0.420946
v -0.100312 0.522690 0.422236
v -0.103368 0.521735 0.421171
v -0.096409 0.543670 0.408406
v -0.093538 0.543891 0.410142
v -0.096745 0.536379 0.416950
v -0.100071 0.535197 0.415577
v -0.087517 0.562612 0.391941
v -0.084295 0.561922 0.393630
v -0.089344 0.552474 0.402333
v -0.092193 0.552886 0.400484
v -0.081123 0.582966 0.372485
v -0.076405 0.581043 0.375234
v -0.080050 0.571180 0.384505
v -0.083844 0.572529 0.382565
v -0.075433 0.596473 0.358179
v -0.070830 0.594210 0.362592
v -0.073352 0.588948 0.368031
v -0.078405 0.590981 0.364621
v -0.067021 0.598799 0.354955
v -0.072255 0.600580 0.350913
v -0.097850 0.515372 0.439387
v -0.101521 0.512677 0.435877
v -0.099636 0.515468 0.432828
v -0.095587 0.519495 0.436901
v -0.095743 0.526883 0.423963
v -0.094378 0.533132 0.421925
v -0.088617 0.539308 0.422765
v -0.089705 0.534344 0.426352
v -0.089858 0.545321 0.412392
v -0.085697 0.548225 0.415315
v -0.087292 0.544002 0.419104
v -0.092512 0.539337 0.418098
v -0.080458 0.562238 0.397706
v -0.076046 0.563262 0.403766
v -0.081988 0.555076 0.410492
v -0.085844 0.553132 0.405607
v -0.071414 0.578978 0.379780
v -0.065999 0.576606 0.386113
v -0.070560 0.569741 0.395851
v -0.075666 0.570263 0.388917
v -0.064714 0.590626 0.367742
v -0.057730 0.585915 0.373673
v -0.061487 0.581671 0.378869
v -0.067666 0.586154 0.372895
v -0.055123 0.601271 0.352358
v -0.051834 0.599348 0.356282
v -0.056696 0.593326 0.364529
v -0.060757 0.595912 0.361327
v -0.049280 0.609574 0.348021
v -0.043015 0.620363 0.348181
v -0.041343 0.617549 0.351288
v -0.046717 0.607511 0.351634
v -0.032741 0.641169 0.362934
v -0.031944 0.639424 0.364870
v -0.036900 0.628900 0.357533
v -0.037891 0.631252 0.354707
v -0.028471 0.652113 0.372633
v -0.026116 0.663953 0.384896
v -0.025705 0.661267 0.388198
v -0.027743 0.649126 0.375975
v -0.025624 0.674048 0.400614
v -0.027109 0.681973 0.418735
v -0.027215 0.678647 0.420651
v -0.025498 0.671209 0.403273
v -0.028880 0.688153 0.429713
v -0.031450 0.691277 0.431106
v -0.029041 0.684254 0.430525
v -0.036886 0.690315 0.436974
v -0.043075 0.688799 0.442594
v -0.044226 0.684736 0.445725
v -0.038037 0.684155 0.441235
v -0.084360 0.543274 0.427465
v -0.085901 0.539807 0.427525
v -0.084893 0.544068 0.423379
v -0.083898 0.545409 0.425323
v -0.083700 0.546354 0.424333
v -0.073744 0.564442 0.408820
v -0.079583 0.556025 0.415231
v -0.066475 0.570027 0.403534
v -0.061846 0.574852 0.394755
v -0.060854 0.575742 0.405313
v -0.064924 0.571641 0.410526
v -0.057690 0.577999 0.400884
v -0.058411 0.577904 0.388337
v -0.053841 0.580241 0.382832
v -0.053895 0.579769 0.396360
v -0.037510 0.614632 0.366111
v -0.035365 0.620544 0.379838
v -0.039163 0.610892 0.384347
v -0.041056 0.605961 0.368719
v -0.030458 0.635332 0.371613
v -0.032527 0.628063 0.377457
v -0.034537 0.623305 0.365310
v -0.026995 0.654264 0.393329
v -0.030791 0.642455 0.400357
v -0.031255 0.634531 0.387046
v -0.028601 0.643283 0.380794
v -0.093520 0.526807 0.444035
v -0.093391 0.526812 0.442230
v -0.086854 0.538876 0.435287
v -0.087399 0.538779 0.437467
v -0.103466 0.510713 0.451602
v -0.103629 0.510382 0.450117
v -0.098983 0.517181 0.447244
v -0.098876 0.517321 0.448832
v -0.119584 0.505065 0.453500
v -0.119437 0.504227 0.451696
v -0.115363 0.503665 0.452149
v -0.115366 0.504427 0.453992
v -0.114676 0.523317 0.473953
v -0.115443 0.524734 0.474658
v -0.115010 0.522608 0.473266
v -0.109585 0.520754 0.471048
v -0.109301 0.521960 0.472290
v -0.112814 0.522565 0.473189
v -0.113137 0.521679 0.472331
v -0.103112 0.526206 0.467421
v -0.102621 0.526989 0.469476
v -0.105904 0.523433 0.471052
v -0.106243 0.522262 0.469412
v -0.098923 0.536694 0.466559
v -0.098390 0.535811 0.469381
v -0.100116 0.531115 0.468918
v -0.100670 0.531016 0.466470
v -0.097351 0.547770 0.469873
v -0.097764 0.546219 0.472645
v -0.097606 0.540845 0.470623
v -0.098197 0.542264 0.467573
v -0.101538 0.554606 0.476817
v -0.101442 0.552677 0.478770
v -0.099043 0.550163 0.475360
v -0.098489 0.551795 0.473020
v -0.066055 0.576704 0.424836
v -0.065778 0.574653 0.416741
v -0.061039 0.578361 0.411612
v -0.060819 0.583299 0.420998
v -0.071469 0.568227 0.422768
v -0.071803 0.568948 0.429397
v -0.078584 0.558244 0.434655
v -0.078214 0.558394 0.428791
v -0.083861 0.545211 0.433572
v -0.083447 0.544709 0.431613
v -0.082955 0.545630 0.430038
v -0.082610 0.546447 0.430345
v -0.097319 0.543445 0.463729
v -0.094978 0.544359 0.459115
v -0.093476 0.550751 0.458683
v -0.095943 0.549190 0.465287
v -0.084059 0.572577 0.452081
v -0.088003 0.572084 0.459239
v -0.093252 0.558696 0.463710
v -0.089851 0.560166 0.456336
v -0.070638 0.594546 0.444945
v -0.073297 0.599545 0.449472
v -0.081605 0.586465 0.453845
v -0.077117 0.584873 0.448023
v -0.060486 0.606440 0.442461
v -0.051999 0.620040 0.438129
v -0.056716 0.622323 0.443165
v -0.063159 0.612392 0.446681
v -0.046031 0.634716 0.438422
v -0.050447 0.633692 0.440997
v -0.052955 0.630263 0.441058
v -0.047527 0.631395 0.437505
v -0.041824 0.635945 0.434136
v -0.037870 0.645724 0.433818
v -0.038296 0.645859 0.435504
v -0.041899 0.638257 0.436538
v -0.040278 0.633278 0.427685
v -0.039145 0.628201 0.418605
v -0.035173 0.637643 0.417177
v -0.036350 0.642844 0.427863
v -0.032500 0.654974 0.426437
v -0.031221 0.649270 0.413490
v -0.027084 0.663069 0.407523
v -0.029038 0.669701 0.423428
v -0.034161 0.659779 0.435688
v -0.031459 0.673610 0.434094
v -0.034536 0.674785 0.439560
v -0.036248 0.663691 0.441228
v -0.045765 0.677600 0.449332
v -0.047478 0.667342 0.453469
v -0.040631 0.666209 0.447147
v -0.039235 0.676116 0.444624
v -0.046312 0.657560 0.455318
v -0.040441 0.656437 0.449262
v -0.041031 0.659647 0.448701
v -0.047646 0.660663 0.455459
v -0.054587 0.657799 0.459033
v -0.061832 0.651058 0.459419
v -0.058822 0.649802 0.459060
v -0.052434 0.655347 0.458583
v -0.063453 0.638055 0.452596
v -0.061951 0.638907 0.451237
v -0.059377 0.643727 0.455682
v -0.060975 0.643717 0.456593
v -0.050035 0.650707 0.456730
v -0.050918 0.652982 0.457816
v -0.056707 0.648662 0.458454
v -0.055433 0.647643 0.457570
v -0.040512 0.651116 0.448934
v -0.040266 0.653591 0.449343
v -0.045455 0.654628 0.454779
v -0.045072 0.651871 0.453842
v -0.037367 0.649933 0.439314
v -0.037572 0.652590 0.444809
v -0.038259 0.650290 0.444628
v -0.055431 0.633898 0.444306
v -0.060591 0.635568 0.447639
v -0.057478 0.631513 0.444799
v -0.089913 0.589395 0.466029
v -0.085864 0.587969 0.459847
v -0.076159 0.603815 0.453976
v -0.079168 0.606707 0.459073
v -0.099943 0.561851 0.474307
v -0.096614 0.559254 0.469700
v -0.092211 0.572697 0.465630
v -0.096680 0.574413 0.471251
v -0.100571 0.575630 0.474242
v -0.104866 0.576512 0.473957
v -0.108144 0.565121 0.476623
v -0.103451 0.563756 0.476811
v -0.089237 0.609378 0.466635
v -0.093916 0.608995 0.466814
v -0.100128 0.591143 0.470684
v -0.095835 0.590842 0.470849
v -0.088900 0.622379 0.463841
v -0.084068 0.622623 0.463574
v -0.080303 0.630561 0.461671
v -0.085104 0.631276 0.461783
v -0.081390 0.639206 0.460592
v -0.076343 0.638039 0.460510
v -0.072160 0.645053 0.460087
v -0.077789 0.646160 0.460285
v -0.110710 0.556206 0.479429
v -0.105332 0.554694 0.480125
v -0.104903 0.557353 0.478611
v -0.109620 0.559991 0.478007
v -0.117797 0.535573 0.479311
v -0.112762 0.535740 0.480348
v -0.109869 0.540094 0.481772
v -0.115977 0.540304 0.480912
v -0.114876 0.531397 0.478268
v -0.118983 0.530934 0.477039
v -0.119489 0.526659 0.473774
v -0.116225 0.527039 0.475636
v -0.107692 0.545112 0.482082
v -0.106180 0.550796 0.481241
v -0.112074 0.552023 0.480370
v -0.114101 0.545793 0.481273
v -0.110161 0.503848 0.442712
v -0.113498 0.502841 0.442442
v -0.112188 0.504041 0.437975
v -0.109049 0.504886 0.438581
v -0.105831 0.507080 0.440167
v -0.102981 0.508654 0.442920
v -0.107155 0.505372 0.443462
v -0.103109 0.510401 0.437929
v -0.099657 0.512407 0.441114
v -0.101029 0.510588 0.442112
v -0.104458 0.508706 0.438927
v -0.083325 0.545934 0.426942
v -0.082861 0.545852 0.429070
v -0.083137 0.545168 0.429368
v -0.083480 0.544952 0.428055
v -0.083028 0.547100 0.425785
v -0.082431 0.546874 0.428397
v -0.086817 0.571869 0.382512
v -0.088955 0.573290 0.380023
v -0.084587 0.582469 0.371974
v -0.094864 0.553646 0.398681
v -0.097395 0.554787 0.396924
v -0.092500 0.564920 0.387719
v -0.090224 0.563598 0.389968
v -0.103310 0.534669 0.414315
v -0.106457 0.534797 0.413162
v -0.102006 0.544758 0.405366
v -0.099195 0.543972 0.406791
v -0.106751 0.521606 0.419879
v -0.110457 0.522304 0.418354
v -0.109252 0.527339 0.417457
v -0.105805 0.527231 0.418651
v -0.111909 0.508928 0.429075
v -0.115797 0.509995 0.427601
v -0.114154 0.512151 0.423885
v -0.110108 0.510993 0.425528
v -0.114435 0.505448 0.433901
v -0.118264 0.506249 0.432855
v -0.117163 0.508036 0.430580
v -0.113348 0.507081 0.431859
v -0.117179 0.502555 0.441819
v -0.121203 0.502984 0.440846
v -0.119606 0.504568 0.436268
v -0.115709 0.503937 0.437204
v -0.115376 0.503425 0.450635
v -0.119340 0.504004 0.450158
v -0.108251 0.505993 0.450193
v -0.111679 0.504092 0.450645
v -0.099744 0.516997 0.445900
v -0.104272 0.510297 0.448613
v -0.087791 0.538301 0.434285
v -0.094247 0.526465 0.441063
v -0.084833 0.543950 0.429146
v -0.084511 0.544163 0.430288
v -0.085130 0.542647 0.428663
v -0.087878 0.541109 0.429856
v -0.086883 0.538289 0.429545
v -0.096760 0.517805 0.441819
v -0.094343 0.522770 0.439542
v -0.100078 0.512367 0.444327
v -0.098677 0.514310 0.443436
v -0.107520 0.506264 0.445224
v -0.103020 0.509680 0.444919
v -0.114656 0.502983 0.445326
v -0.111406 0.504028 0.445358
v -0.033601 0.712077 0.417768
v -0.028930 0.708419 0.415713
v -0.034442 0.713437 0.414714
v -0.042697 0.691466 0.440368
v -0.036576 0.694056 0.434149
v -0.040636 0.694753 0.435185
v -0.054464 0.687445 0.447178
v -0.049561 0.685804 0.447726
v -0.048176 0.688797 0.445276
v -0.052829 0.690460 0.444857
v -0.062302 0.676991 0.454236
v -0.054616 0.670733 0.455879
v -0.051924 0.679826 0.451210
v -0.057607 0.683390 0.450039
v -0.073027 0.655445 0.459248
v -0.066562 0.652945 0.459475
v -0.059444 0.661700 0.458663
v -0.067264 0.667084 0.457493
v -0.111380 0.504932 0.453927
v -0.111473 0.504277 0.452170
v -0.107791 0.506078 0.451757
v -0.107636 0.506579 0.453302
v -0.122125 0.503036 0.443966
v -0.118228 0.502654 0.444863
v -0.107138 0.591708 0.469903
v -0.103895 0.591430 0.470370
v -0.098046 0.608789 0.466596
v -0.101639 0.608759 0.465983
v -0.089526 0.632290 0.461478
v -0.093536 0.633603 0.460748
v -0.097094 0.622726 0.462927
v -0.093263 0.622415 0.463628
v -0.083257 0.647514 0.460080
v -0.088508 0.649114 0.459455
v -0.090669 0.642399 0.459589
v -0.086190 0.640664 0.460288
v -0.031733 0.711894 0.421898
v -0.030726 0.714315 0.428506
v -0.025698 0.711006 0.427819
v -0.026910 0.708328 0.420315
v -0.023818 0.703406 0.420322
v -0.021969 0.706237 0.427585
v -0.019547 0.700084 0.427771
v -0.022329 0.697134 0.421941
v -0.022867 0.692988 0.424931
v -0.019661 0.695938 0.430029
v -0.022292 0.693744 0.434404
v -0.025285 0.690922 0.429303
v -0.027701 0.691415 0.432062
v -0.025149 0.694118 0.436957
v -0.028320 0.697080 0.437640
v -0.030665 0.694436 0.433245
v -0.034249 0.696683 0.434440
v -0.032487 0.700012 0.438787
v -0.037207 0.703059 0.440276
v -0.038597 0.698169 0.435624
v -0.048165 0.703373 0.439508
v -0.047125 0.707373 0.443726
v -0.044856 0.710241 0.439547
v -0.045990 0.706502 0.435144
v -0.041928 0.709467 0.430391
v -0.040879 0.712767 0.435288
v -0.035340 0.715031 0.430909
v -0.036302 0.712374 0.425188
v -0.029597 0.717139 0.435838
v -0.028358 0.720363 0.443897
v -0.024303 0.717633 0.444362
v -0.024787 0.714098 0.435841
v -0.021006 0.709754 0.435805
v -0.020977 0.713945 0.444982
v -0.018359 0.709319 0.445746
v -0.018159 0.704137 0.435704
v -0.018113 0.700287 0.437670
v -0.018290 0.706064 0.447846
v -0.020720 0.704117 0.451320
v -0.020735 0.698139 0.441746
v -0.023724 0.698534 0.443942
v -0.023411 0.704695 0.452997
v -0.026614 0.707974 0.452878
v -0.027121 0.701569 0.444208
v -0.030995 0.704719 0.444957
v -0.029778 0.710821 0.452948
v -0.033372 0.713132 0.453297
v -0.035495 0.708055 0.446166
v -0.044677 0.711495 0.448687
v -0.040946 0.715773 0.454363
v -0.039235 0.717836 0.451265
v -0.042629 0.714012 0.444927
v -0.038946 0.716160 0.441209
v -0.036132 0.719657 0.448149
v -0.032126 0.721127 0.445104
v -0.033977 0.717950 0.437548
v -0.027472 0.723100 0.451750
v -0.026937 0.725342 0.459397
v -0.024741 0.724091 0.459773
v -0.024280 0.720962 0.452339
v -0.021568 0.718096 0.453195
v -0.022778 0.722195 0.460450
v -0.021053 0.719674 0.461420
v -0.019306 0.714501 0.454315
v -0.019285 0.711942 0.456201
v -0.021118 0.717907 0.462756
v -0.022947 0.716876 0.464471
v -0.021448 0.710364 0.458889
v -0.023765 0.710977 0.460089
v -0.024765 0.717395 0.465209
v -0.026564 0.719452 0.464971
v -0.026445 0.713954 0.459794
v -0.028713 0.715231 0.458723
v -0.028419 0.720298 0.463922
v -0.031657 0.717089 0.458593
v -0.036986 0.719534 0.459725
v -0.032773 0.722780 0.464766
v -0.031765 0.723808 0.463252
v -0.035632 0.721101 0.457377
v -0.033217 0.722544 0.454948
v -0.030524 0.724750 0.461672
v -0.028866 0.725579 0.460028
v -0.030419 0.723665 0.452599
v -0.044831 0.695034 0.437045
v -0.050398 0.696392 0.438479
v -0.051545 0.693486 0.441915
v -0.046595 0.691866 0.441726
v -0.041693 0.704917 0.442217
v -0.046007 0.705582 0.444620
v -0.047021 0.701053 0.440346
v -0.042850 0.699636 0.437580
v -0.036803 0.714395 0.454084
v -0.040063 0.714601 0.455307
v -0.043645 0.710080 0.449626
v -0.039711 0.709835 0.447724
v -0.029826 0.721721 0.464917
v -0.032056 0.722066 0.465319
v -0.036213 0.718595 0.460539
v -0.033508 0.718382 0.459804
v -0.022203 0.691750 0.411658
v -0.020748 0.685833 0.393619
v -0.020411 0.690149 0.393131
v -0.026284 0.726654 0.464416
v -0.025475 0.727013 0.466803
v -0.024461 0.726533 0.466960
v -0.024808 0.725946 0.464649
v -0.023438 0.724728 0.465156
v -0.023525 0.725699 0.467314
v -0.022671 0.724537 0.467860
v -0.022168 0.723013 0.465935
v -0.022269 0.721830 0.466853
v -0.022752 0.723726 0.468492
v -0.023767 0.723263 0.469219
v -0.023713 0.721181 0.467912
v -0.025048 0.721554 0.468349
v -0.024686 0.723505 0.469513
v -0.025497 0.724447 0.469377
v -0.026258 0.722955 0.468165
v -0.027641 0.723886 0.468150
v -0.026465 0.725102 0.469364
v -0.027565 0.725441 0.469483
v -0.029235 0.724346 0.468306
v -0.029761 0.724873 0.467930
v -0.027937 0.725823 0.469225
v -0.027578 0.726230 0.468593
v -0.029250 0.725485 0.467022
v -0.028499 0.726099 0.465999
v -0.027046 0.726643 0.467888
v -0.026331 0.727057 0.467111
v -0.027505 0.726708 0.464865
v -0.032706 0.689918 0.433176
v -0.033849 0.682711 0.438002
v -0.030233 0.682891 0.432594
v -0.115469 0.508241 0.459514
v -0.115591 0.510773 0.462584
v -0.119916 0.510911 0.461475
v -0.119839 0.508672 0.458626
v -0.108011 0.510154 0.458975
v -0.108383 0.512572 0.461977
v -0.111750 0.511327 0.462757
v -0.111527 0.508735 0.459632
v -0.100273 0.519410 0.454781
v -0.101031 0.521019 0.457668
v -0.104818 0.515805 0.460287
v -0.104260 0.513713 0.457358
v -0.090521 0.538404 0.444792
v -0.092211 0.538276 0.448831
v -0.096815 0.528573 0.453810
v -0.095654 0.527727 0.450520
v -0.083022 0.548911 0.431153
v -0.082672 0.549847 0.431974
v -0.085765 0.546259 0.437469
v -0.083411 0.549382 0.420639
v -0.084263 0.547323 0.419976
v -0.083377 0.550279 0.417652
v -0.082607 0.551125 0.419313
v -0.115378 0.505511 0.455780
v -0.115411 0.506770 0.457588
v -0.119770 0.507335 0.456848
v -0.119684 0.506150 0.455192
v -0.107676 0.507507 0.455032
v -0.107816 0.508734 0.456994
v -0.111428 0.507236 0.457637
v -0.111377 0.505965 0.455731
v -0.099174 0.517797 0.450666
v -0.099738 0.518514 0.452767
v -0.103920 0.512494 0.455371
v -0.103610 0.511452 0.453348
v -0.088264 0.538647 0.439837
v -0.089457 0.538487 0.442394
v -0.094873 0.527272 0.448362
v -0.094015 0.526960 0.446083
v -0.082700 0.547178 0.430493
v -0.083118 0.548033 0.430713
v -0.085217 0.545908 0.435964
v -0.084338 0.545530 0.434694
v -0.082902 0.548288 0.424596
v -0.082613 0.549178 0.423555
v -0.081950 0.549080 0.426857
v -0.082250 0.547990 0.427681
v -0.084525 0.545992 0.421525
v -0.083621 0.548638 0.421705
v -0.083538 0.547715 0.422808
v -0.025786 0.726852 0.468670
v -0.026420 0.726678 0.469146
v -0.026630 0.726220 0.469766
v -0.025847 0.726087 0.469540
v -0.041624 0.713045 0.418344
v -0.037999 0.713101 0.418602
v -0.039959 0.715423 0.413889
v -0.122241 0.504613 0.449653
v -0.124082 0.505253 0.449132
v -0.122671 0.505635 0.452939
v -0.124637 0.506145 0.452307
v -0.124387 0.505400 0.450620
v -0.122448 0.504810 0.451180
v -0.122936 0.507894 0.456169
v -0.124915 0.508456 0.455552
v -0.124796 0.507213 0.453926
v -0.122824 0.506720 0.454572
v -0.122978 0.511247 0.460610
v -0.123141 0.513334 0.463000
v -0.125014 0.513889 0.462220
v -0.124871 0.511804 0.459966
v -0.124818 0.519128 0.465611
v -0.125173 0.516161 0.464134
v -0.123059 0.515513 0.464954
v -0.122718 0.518426 0.466478
v -0.122111 0.530896 0.475931
v -0.124337 0.531152 0.475108
v -0.124423 0.527102 0.471649
v -0.122190 0.526727 0.472379
v -0.119979 0.540693 0.479758
v -0.122526 0.541217 0.478675
v -0.123669 0.535911 0.477374
v -0.121327 0.535625 0.478293
v -0.116264 0.552974 0.479370
v -0.119125 0.553660 0.478360
v -0.121009 0.547136 0.479004
v -0.118290 0.546480 0.480116
v -0.113532 0.561325 0.477444
v -0.116540 0.562024 0.476733
v -0.117844 0.557959 0.477760
v -0.114879 0.557296 0.478639
v -0.108554 0.577184 0.473587
v -0.111613 0.577646 0.473127
v -0.115087 0.566585 0.475656
v -0.112011 0.566068 0.476235
v -0.048421 0.698814 0.438346
v -0.049599 0.698100 0.437193
v -0.044392 0.697032 0.435388
v -0.047166 0.704452 0.432237
v -0.047912 0.703997 0.430915
v -0.049838 0.700572 0.435786
v -0.049110 0.701040 0.436811
v -0.122451 0.521102 0.468043
v -0.122301 0.523466 0.469743
v -0.124506 0.523963 0.469020
v -0.124587 0.521742 0.467225
v -0.112923 0.525152 0.474828
v -0.113212 0.526154 0.475593
v -0.114463 0.525327 0.475196
v -0.114069 0.524202 0.474460
v -0.091790 0.528211 0.436330
v -0.089032 0.534261 0.432053
v -0.049348 0.586688 0.378079
v -0.045094 0.596741 0.372918
v -0.043558 0.599398 0.388858
v -0.049287 0.585415 0.392367
v -0.054932 0.589748 0.417105
v -0.057526 0.587254 0.418448
v -0.057608 0.581390 0.409137
v -0.054430 0.582962 0.407848
v -0.066967 0.606594 0.447372
v -0.068769 0.604370 0.447279
v -0.066811 0.598485 0.442815
v -0.064429 0.600312 0.442731
v -0.112986 0.519622 0.470658
v -0.112359 0.516394 0.468164
v -0.109095 0.516886 0.467091
v -0.109515 0.519062 0.469315
v -0.116466 0.519430 0.470245
v -0.119889 0.518603 0.467924
v -0.120010 0.515412 0.466226
v -0.115997 0.515900 0.467876
v -0.116808 0.524011 0.473508
v -0.119731 0.523489 0.471229
v -0.119831 0.521239 0.469670
v -0.116724 0.522157 0.472092
v -0.085272 0.658924 0.458038
v -0.079320 0.657442 0.458781
v -0.074793 0.670576 0.456355
v -0.080951 0.671869 0.455332
v -0.093439 0.524086 0.433835
v -0.098152 0.517840 0.429263
v -0.097018 0.521782 0.426421
v -0.091304 0.529248 0.430066
v -0.101347 0.517681 0.423985
v -0.102050 0.514324 0.426178
v -0.105139 0.513531 0.424594
v -0.104284 0.516928 0.422767
v -0.112765 0.514870 0.421224
v -0.111632 0.518137 0.419615
v -0.107717 0.517084 0.421309
v -0.108712 0.513716 0.422935
v -0.083206 0.550590 0.434434
v -0.084117 0.550665 0.438897
v -0.087322 0.545788 0.442563
v -0.086228 0.545958 0.439366
v -0.073024 0.624830 0.457487
v -0.076210 0.629115 0.459684
v -0.079721 0.622345 0.461492
v -0.075545 0.620288 0.458893
v -0.066609 0.636520 0.454086
v -0.063933 0.642576 0.458024
v -0.071146 0.636216 0.458218
v -0.102374 0.523828 0.462743
v -0.103030 0.525152 0.465176
v -0.106197 0.520906 0.467489
v -0.105767 0.519362 0.465285
v -0.096953 0.537407 0.459848
v -0.098442 0.537225 0.463381
v -0.100445 0.530593 0.463808
v -0.099436 0.529844 0.460929
v -0.064375 0.644851 0.459527
v -0.067504 0.645452 0.459819
v -0.074024 0.637194 0.460434
v -0.115714 0.513304 0.465652
v -0.119995 0.513153 0.464322
v -0.108758 0.514988 0.464982
v -0.111971 0.513916 0.465878
v -0.101794 0.522630 0.460563
v -0.105367 0.517894 0.463209
v -0.095123 0.537742 0.455580
v -0.098375 0.529254 0.458012
v -0.088920 0.545377 0.447569
v -0.086160 0.550816 0.445248
v -0.081270 0.551122 0.421990
v -0.080487 0.551263 0.425898
v -0.081361 0.550144 0.426264
v -0.082062 0.550090 0.422686
v -0.071521 0.564370 0.411623
v -0.069995 0.565614 0.416515
v -0.076144 0.556398 0.422504
v -0.077130 0.555915 0.418555
v -0.081527 0.559166 0.441582
v -0.074872 0.570276 0.436662
v -0.068671 0.579788 0.432647
v -0.062648 0.588064 0.429186
v -0.055608 0.596556 0.426024
v -0.061227 0.597830 0.436392
v -0.064021 0.595722 0.436745
v -0.058084 0.593843 0.426977
v -0.044324 0.616404 0.421177
v -0.045760 0.621921 0.430574
v -0.056322 0.603490 0.435124
v -0.052252 0.600657 0.425068
v -0.124823 0.510105 0.457790
v -0.123034 0.509515 0.458274
v -0.061590 0.639808 0.444000
v -0.062773 0.642308 0.447248
v -0.059323 0.646156 0.450763
v -0.055611 0.648959 0.452217
v -0.051530 0.650844 0.451455
v -0.047568 0.651735 0.448952
v -0.043806 0.651612 0.444867
v -0.041538 0.651751 0.440262
v -0.040370 0.651576 0.435605
v -0.041284 0.648753 0.433941
v -0.043907 0.643184 0.435043
v -0.047181 0.639745 0.436786
v -0.050938 0.638804 0.438620
v -0.055746 0.638798 0.441051
v -0.065351 0.573531 0.414405
v -0.077122 0.557580 0.425752
v -0.070607 0.567127 0.419661
v -0.064561 0.630053 0.451452
v -0.062050 0.633133 0.449876
v -0.043832 0.707193 0.428380
v -0.024920 0.725658 0.469422
v -0.024190 0.724912 0.469619
v -0.023514 0.725269 0.469067
v -0.024062 0.726201 0.468545
v -0.024892 0.726521 0.468567
v -0.022685 0.696203 0.416077
v -0.022485 0.692382 0.418282
v -0.037883 0.711057 0.421729
v -0.037900 0.716469 0.404668
v -0.072418 0.617325 0.455278
v -0.059944 0.626902 0.446869
v -0.064728 0.620073 0.449432
v -0.079615 0.554379 0.427536
v -0.082035 0.550421 0.429942
v -0.028253 0.682045 0.426670
v -0.031214 0.637678 0.366797
v -0.038128 0.614098 0.359466
v -0.039613 0.614605 0.353360
v -0.035759 0.626306 0.359367
v -0.034813 0.624569 0.361960
v -0.046598 0.596484 0.366347
v -0.048530 0.597279 0.359192
v -0.043939 0.605319 0.354193
v -0.042035 0.605039 0.361297
v -0.052568 0.590475 0.366684
v -0.068320 0.570570 0.401522
v -0.087972 0.541644 0.420952
v -0.024969 0.704074 0.414224
v -0.024431 0.702322 0.414547
v -0.025648 0.687724 0.421979
v -0.027889 0.685005 0.424154
v -0.026105 0.665463 0.382243
v -0.024869 0.666956 0.378949
v -0.032227 0.643731 0.359708
v -0.028771 0.653598 0.369806
v -0.044969 0.707983 0.425912
v -0.072969 0.608823 0.452484
v -0.068655 0.615562 0.450468
v -0.068305 0.624684 0.452389
v -0.048292 0.591802 0.370672
v -0.035222 0.715664 0.388664
v -0.023203 0.690793 0.419367
v -0.055800 0.639197 0.440889
v -0.061504 0.640183 0.443768
v -0.062659 0.642621 0.446938
v -0.059292 0.646376 0.450368
v -0.055669 0.649115 0.451789
v -0.051687 0.650953 0.451046
v -0.047819 0.651824 0.448603
v -0.044149 0.651703 0.444614
v -0.041935 0.651840 0.440121
v -0.040793 0.651667 0.435574
v -0.041685 0.648914 0.433951
v -0.044246 0.643477 0.435028
v -0.047441 0.640119 0.436728
v -0.051108 0.639202 0.438517
v -0.051133 0.697475 0.439452
v -0.052514 0.694611 0.442689
v -0.054031 0.691466 0.445527
v -0.056158 0.688239 0.447806
v -0.059252 0.684826 0.450076
v -0.064883 0.679578 0.453614
v -0.068388 0.679025 0.453818
v -0.072896 0.678674 0.454775
v -0.078557 0.679611 0.453848
v -0.028488 0.646409 0.354994
v -0.030133 0.710424 0.372765
v -0.028442 0.706163 0.372948
v -0.024876 0.701385 0.355968
v -0.026125 0.706289 0.355114
v -0.026663 0.702784 0.373345
v -0.024842 0.700375 0.373949
v -0.022465 0.694316 0.356765
v -0.023903 0.697410 0.356428
v -0.018991 0.690649 0.373786
v -0.016788 0.684276 0.357901
v -0.020115 0.689971 0.357273
v -0.022265 0.696381 0.374100
v -0.015143 0.679070 0.358392
v -0.017669 0.685197 0.373465
v -0.018408 0.679319 0.372506
v -0.030007 0.645272 0.357205
v -0.022192 0.661739 0.358824
v -0.019038 0.667025 0.358512
v -0.020135 0.674726 0.373415
v -0.026719 0.655074 0.364328
v -0.024955 0.657399 0.361127
v -0.022924 0.670189 0.376077
v -0.027905 0.653734 0.366860
v -0.031202 0.712126 0.372509
v -0.027038 0.708336 0.354659
v -0.037331 0.723264 0.369013
v -0.033062 0.720838 0.370992
v -0.027441 0.717522 0.353143
v -0.031154 0.719810 0.351439
v -0.068412 0.688499 0.456984
v -0.075708 0.690640 0.456132
v -0.077713 0.682514 0.454661
v -0.071686 0.681850 0.455746
v -0.061874 0.700378 0.452299
v -0.070531 0.703323 0.450799
v -0.073365 0.697635 0.454819
v -0.065233 0.694755 0.455909
v -0.057639 0.708308 0.445169
v -0.066355 0.711269 0.443415
v -0.068192 0.707879 0.446983
v -0.059396 0.704912 0.448701
v -0.038798 0.723831 0.387443
v -0.044061 0.726619 0.385137
v -0.049366 0.727786 0.402507
v -0.042891 0.725264 0.404043
v -0.059403 0.719901 0.428583
v -0.063618 0.715347 0.437227
v -0.055557 0.712474 0.438965
v -0.051735 0.716923 0.430479
v -0.026392 0.710661 0.354455
v -0.025849 0.714436 0.354145
v -0.030899 0.717782 0.372204
v -0.030896 0.714181 0.372602
v -0.035563 0.718070 0.388599
v -0.035953 0.721240 0.388424
v -0.039851 0.722316 0.404881
v -0.038611 0.719084 0.404739
v -0.047734 0.706563 0.430675
v -0.047708 0.712758 0.431273
v -0.050527 0.708069 0.438875
v -0.050134 0.702655 0.436387
v -0.060172 0.686217 0.451232
v -0.063328 0.687957 0.455954
v -0.066607 0.681897 0.454614
v -0.055101 0.693033 0.446916
v -0.056297 0.696836 0.451128
v -0.059695 0.691950 0.454171
v -0.057615 0.689481 0.449365
v -0.051707 0.699141 0.440935
v -0.052214 0.704127 0.444485
v -0.053989 0.700944 0.447848
v -0.053282 0.696314 0.444057
v -0.053228 0.726220 0.414442
v -0.056009 0.723516 0.420997
v -0.048488 0.720552 0.422862
v -0.045850 0.723392 0.416087
v -0.045023 0.717055 0.424089
v -0.045378 0.709499 0.426391
v -0.042619 0.714230 0.419758
v -0.040502 0.717719 0.414376
v -0.042232 0.720796 0.415992
v 0.087272 0.417872 -0.209498
v 0.092735 0.401483 -0.221903
v 0.099998 0.411024 -0.221127
v 0.093489 0.426918 -0.211673
v 0.040644 0.389078 -0.227168
v 0.040125 0.374932 -0.273056
v 0.050162 0.371218 -0.272554
v 0.045338 0.384610 -0.254345
v 0.031119 0.384748 -0.256850
v 0.038493 0.369075 -0.300292
v 0.052598 0.363329 -0.298724
v 0.050336 0.365243 -0.289131
v 0.039375 0.370037 -0.289378
v 0.031959 0.372455 -0.325030
v 0.051172 0.361282 -0.321838
v 0.054466 0.363448 -0.311037
v 0.035076 0.370961 -0.313010
v 0.046344 0.367561 -0.337993
v 0.053560 0.392655 -0.230052
v 0.070493 0.393988 -0.225353
v 0.061878 0.364118 -0.338934
v 0.056594 0.382927 -0.361859
v 0.081895 0.409967 -0.209458
v 0.087411 0.399076 -0.222827
v 0.080827 0.397306 -0.223442
v 0.061517 0.387578 -0.369671
v 0.135849 0.456299 -0.292151
v 0.134371 0.451853 -0.314304
v 0.129956 0.481871 -0.317191
v 0.131118 0.482948 -0.290300
v 0.115960 0.443146 -0.354328
v 0.107697 0.476218 -0.359394
v 0.120668 0.479069 -0.343283
v 0.127402 0.446699 -0.337154
v 0.097738 0.440264 -0.376710
v 0.087461 0.437772 -0.384494
v 0.079524 0.472157 -0.390373
v 0.087479 0.473449 -0.383926
v 0.077239 0.435627 -0.386491
v 0.069763 0.433383 -0.387905
v 0.103522 0.458909 -0.213807
v 0.114110 0.460741 -0.223958
v 0.069240 0.363829 -0.348903
v 0.090092 0.396524 -0.371777
v 0.102282 0.373904 -0.356981
v 0.092800 0.371311 -0.358739
v 0.080512 0.393673 -0.373557
v 0.131992 0.413467 -0.324547
v 0.133122 0.391537 -0.313267
v 0.126357 0.386861 -0.328878
v 0.122899 0.409016 -0.340813
v 0.139067 0.425355 -0.288883
v 0.139950 0.399052 -0.281806
v 0.138279 0.395546 -0.296078
v 0.138524 0.418263 -0.305794
v 0.124613 0.437053 -0.248363
v 0.127969 0.411256 -0.250383
v 0.134790 0.404598 -0.267042
v 0.131691 0.431474 -0.270313
v 0.132172 0.459464 -0.267997
v 0.128085 0.483134 -0.262615
v 0.122154 0.483132 -0.238391
v 0.124344 0.461285 -0.241290
v 0.116800 0.439706 -0.230763
v 0.103550 0.439562 -0.218722
v 0.110606 0.416041 -0.226259
v 0.119938 0.414583 -0.235467
v 0.071481 0.390579 -0.373472
v 0.083519 0.368572 -0.357951
v 0.074559 0.364891 -0.356127
v 0.101521 0.399513 -0.369008
v 0.112454 0.403284 -0.361321
v 0.119117 0.381061 -0.346413
v 0.111573 0.376982 -0.354104
v 0.124408 0.385517 -0.332929
v 0.120402 0.407755 -0.346216
v 0.111360 0.442365 -0.358906
v 0.103065 0.475539 -0.363826
v 0.114866 0.344507 -0.342140
v 0.121029 0.344883 -0.335223
v 0.120413 0.331720 -0.339386
v 0.114662 0.330827 -0.345142
v 0.132482 0.334895 -0.323341
v 0.128700 0.333482 -0.330932
v 0.132327 0.347709 -0.312413
v 0.134037 0.348773 -0.303859
v 0.135861 0.350743 -0.291593
v 0.134411 0.351057 -0.277120
v 0.136467 0.335822 -0.289180
v 0.136527 0.336793 -0.301881
v 0.128872 0.349772 -0.265525
v 0.119154 0.347512 -0.255060
v 0.122748 0.329874 -0.271793
v 0.131391 0.333313 -0.279713
v 0.125523 0.302768 -0.297659
v 0.132452 0.306454 -0.304262
v 0.132910 0.319028 -0.292256
v 0.124789 0.314988 -0.285765
v 0.135483 0.312630 -0.319660
v 0.136407 0.323810 -0.310572
v 0.136769 0.322032 -0.300649
v 0.135548 0.309721 -0.311572
v 0.130148 0.315453 -0.335434
v 0.132778 0.324478 -0.328133
v 0.135404 0.325215 -0.321771
v 0.134167 0.314925 -0.327653
v 0.123093 0.314185 -0.344139
v 0.125812 0.322549 -0.339496
v 0.129456 0.323524 -0.335382
v 0.126798 0.314952 -0.340972
v 0.115231 0.313003 -0.350270
v 0.115170 0.320345 -0.346946
v 0.119268 0.321181 -0.343348
v 0.118391 0.313343 -0.347170
v 0.117340 0.304365 -0.350235
v 0.116339 0.292849 -0.353907
v 0.114452 0.293874 -0.358924
v 0.114811 0.304106 -0.353831
v 0.124050 0.305150 -0.344324
v 0.118688 0.291893 -0.349534
v 0.120647 0.304591 -0.347241
v 0.131146 0.303227 -0.333193
v 0.127580 0.290675 -0.337626
v 0.122371 0.291242 -0.345158
v 0.126883 0.304359 -0.339931
v 0.133237 0.297801 -0.319845
v 0.129960 0.286290 -0.325489
v 0.129718 0.288853 -0.330749
v 0.133137 0.300924 -0.326341
v 0.125048 0.291069 -0.307421
v 0.123327 0.279869 -0.314653
v 0.127678 0.283233 -0.320067
v 0.130706 0.294650 -0.313554
v 0.124216 0.262085 -0.322580
v 0.130325 0.264848 -0.328476
v 0.127565 0.273436 -0.324879
v 0.123030 0.270298 -0.319655
v 0.131429 0.270262 -0.339024
v 0.129115 0.278633 -0.334907
v 0.129735 0.276362 -0.330129
v 0.132700 0.267746 -0.333958
v 0.127618 0.273057 -0.346093
v 0.121162 0.276230 -0.355299
v 0.120571 0.281421 -0.350188
v 0.126153 0.280328 -0.341686
v 0.114327 0.284000 -0.364169
v 0.116580 0.282832 -0.357427
v 0.117606 0.277699 -0.363565
v 0.115677 0.277818 -0.369497
v 0.087798 0.340569 -0.331946
v 0.091076 0.340527 -0.340238
v 0.095489 0.330041 -0.342958
v 0.092688 0.330539 -0.336050
v 0.084738 0.340462 -0.323377
v 0.090181 0.330817 -0.329168
v 0.087925 0.330969 -0.322336
v 0.082421 0.340175 -0.314523
v 0.076207 0.339764 -0.296699
v 0.078998 0.339717 -0.305863
v 0.084549 0.330739 -0.315263
v 0.079862 0.329291 -0.307645
v 0.075267 0.341940 -0.280344
v 0.074967 0.339294 -0.289721
v 0.077481 0.327831 -0.298084
v 0.076522 0.327763 -0.288331
v 0.083999 0.344492 -0.262272
v 0.078255 0.342752 -0.271457
v 0.080221 0.328380 -0.281661
v 0.087878 0.326748 -0.273324
v 0.091261 0.311389 -0.286034
v 0.083304 0.313519 -0.292758
v 0.086974 0.301289 -0.303303
v 0.094182 0.299292 -0.297250
v 0.083554 0.303433 -0.308973
v 0.079835 0.315344 -0.300123
v 0.080479 0.316348 -0.307752
v 0.083952 0.305841 -0.314159
v 0.086864 0.308400 -0.320280
v 0.083794 0.318039 -0.314955
v 0.088234 0.319927 -0.322230
v 0.091333 0.311186 -0.327737
v 0.094071 0.312748 -0.333612
v 0.091895 0.320740 -0.328166
v 0.093300 0.320356 -0.333427
v 0.094543 0.312303 -0.337686
v 0.095751 0.311992 -0.342643
v 0.095027 0.319899 -0.339315
v 0.097528 0.319421 -0.345582
v 0.097942 0.311892 -0.348465
v 0.098689 0.302924 -0.352424
v 0.099281 0.292180 -0.357483
v 0.098768 0.289555 -0.351340
v 0.097115 0.302389 -0.346811
v 0.096429 0.301855 -0.342711
v 0.098326 0.288484 -0.347454
v 0.096229 0.301632 -0.339612
v 0.093942 0.300220 -0.334424
v 0.096332 0.287218 -0.342034
v 0.092729 0.285881 -0.333138
v 0.089834 0.297798 -0.326405
v 0.087254 0.295000 -0.320495
v 0.090999 0.283861 -0.326597
v 0.091516 0.281375 -0.322440
v 0.087430 0.292282 -0.316511
v 0.090587 0.289721 -0.311599
v 0.094486 0.279013 -0.317939
v 0.099863 0.276931 -0.313385
v 0.097146 0.287769 -0.306245
v 0.101664 0.267468 -0.318187
v 0.096176 0.268917 -0.322501
v 0.095156 0.259346 -0.326039
v 0.102157 0.258863 -0.321078
v 0.091504 0.260901 -0.330685
v 0.092985 0.271068 -0.327073
v 0.092213 0.273392 -0.331500
v 0.090709 0.263536 -0.335499
v 0.093617 0.275479 -0.338513
v 0.097033 0.277447 -0.348124
v 0.095520 0.272100 -0.352973
v 0.092240 0.267318 -0.342916
v 0.097631 0.275409 -0.367727
v 0.097039 0.274617 -0.361678
v 0.098880 0.279819 -0.355910
v 0.099187 0.281928 -0.362665
v 0.110180 0.330254 -0.348223
v 0.106234 0.330071 -0.348726
v 0.103550 0.343430 -0.347186
v 0.108315 0.344038 -0.345588
v 0.109757 0.345642 -0.251493
v 0.103281 0.344086 -0.252609
v 0.108331 0.325783 -0.267020
v 0.114659 0.327444 -0.267911
v 0.117577 0.312141 -0.282118
v 0.111208 0.310375 -0.281247
v 0.112857 0.298245 -0.293502
v 0.119010 0.300057 -0.294277
v 0.119354 0.288515 -0.304086
v 0.113788 0.286881 -0.303342
v 0.114317 0.276492 -0.310951
v 0.118728 0.277533 -0.311632
v 0.118757 0.268602 -0.316795
v 0.114777 0.267769 -0.316028
v 0.115170 0.259540 -0.318174
v 0.119135 0.260308 -0.319069
v 0.112606 0.277731 -0.372770
v 0.108068 0.277423 -0.373066
v 0.107845 0.283933 -0.368435
v 0.111338 0.284229 -0.367820
v 0.111437 0.294111 -0.361959
v 0.107972 0.293886 -0.362603
v 0.108079 0.303850 -0.357871
v 0.111725 0.304103 -0.357427
v 0.111923 0.312727 -0.353325
v 0.107898 0.312449 -0.353909
v 0.107473 0.319463 -0.351038
v 0.111463 0.319823 -0.350216
v 0.100314 0.319165 -0.349537
v 0.103831 0.319308 -0.350819
v 0.104327 0.312290 -0.353456
v 0.100799 0.312019 -0.352119
v 0.101031 0.303262 -0.355987
v 0.104442 0.303578 -0.357408
v 0.104688 0.293678 -0.362216
v 0.101485 0.293260 -0.360899
v 0.101032 0.283264 -0.366744
v 0.104386 0.283646 -0.368122
v 0.104192 0.277003 -0.372651
v 0.099916 0.276299 -0.371444
v 0.107490 0.258807 -0.318353
v 0.111233 0.259023 -0.317988
v 0.110639 0.267246 -0.315815
v 0.106567 0.267106 -0.316057
v 0.104818 0.275915 -0.311043
v 0.109545 0.275915 -0.310784
v 0.108155 0.286231 -0.303176
v 0.102934 0.286618 -0.303413
v 0.100660 0.298083 -0.294057
v 0.106601 0.297585 -0.293554
v 0.104666 0.309861 -0.281401
v 0.098392 0.310231 -0.282130
v 0.094982 0.325798 -0.268642
v 0.101539 0.325322 -0.267567
v 0.096468 0.343537 -0.253916
v 0.090949 0.343143 -0.256174
v 0.094774 0.341114 -0.345376
v 0.099448 0.342813 -0.346940
v 0.102282 0.329823 -0.348585
v 0.098396 0.329724 -0.347388
v 0.116748 0.368475 -0.242756
v 0.125918 0.367121 -0.251520
v 0.123200 0.390100 -0.241199
v 0.113491 0.390577 -0.233331
v 0.134487 0.366084 -0.276854
v 0.133791 0.383018 -0.267826
v 0.130202 0.386973 -0.254237
v 0.132472 0.368334 -0.264118
v 0.130728 0.361465 -0.304619
v 0.134419 0.377943 -0.297148
v 0.136379 0.380992 -0.281723
v 0.134473 0.363926 -0.290122
v 0.114519 0.356319 -0.343248
v 0.114136 0.364996 -0.347580
v 0.121931 0.368794 -0.338796
v 0.121757 0.357515 -0.334483
v 0.064428 0.353563 -0.303051
v 0.070903 0.346454 -0.300396
v 0.069362 0.349512 -0.293964
v 0.061916 0.356317 -0.294468
v 0.061756 0.359822 -0.282037
v 0.069807 0.350712 -0.283808
v 0.068821 0.357013 -0.272015
v 0.059486 0.369077 -0.267418
v 0.079593 0.364916 -0.248773
v 0.073467 0.378324 -0.243114
v 0.064878 0.374392 -0.253499
v 0.073464 0.359218 -0.260739
v 0.103247 0.385802 -0.229493
v 0.094985 0.381968 -0.230892
v 0.100803 0.365299 -0.238508
v 0.107990 0.366364 -0.238656
v 0.085545 0.348084 -0.339318
v 0.080291 0.347490 -0.329623
v 0.073347 0.353895 -0.332797
v 0.078331 0.354288 -0.341039
v 0.087516 0.381717 -0.233194
v 0.081099 0.381811 -0.237032
v 0.086970 0.363797 -0.242978
v 0.093106 0.364591 -0.240320
v 0.085562 0.356235 -0.348124
v 0.092244 0.358227 -0.350987
v 0.095710 0.350777 -0.347861
v 0.090475 0.349481 -0.345517
v 0.098912 0.360300 -0.352119
v 0.105567 0.362247 -0.351046
v 0.106570 0.354433 -0.347104
v 0.100990 0.352457 -0.348508
v 0.074124 0.346397 -0.309486
v 0.064796 0.354359 -0.313454
v 0.068755 0.351981 -0.320900
v 0.076048 0.346353 -0.320030
v 0.120680 0.321370 -0.342150
v 0.119427 0.313311 -0.346222
v 0.118150 0.304331 -0.349071
v 0.116929 0.292392 -0.352368
v 0.125575 0.372177 -0.323875
v 0.135506 0.336324 -0.312908
v 0.123065 0.332194 -0.335695
v 0.124918 0.358710 -0.322714
v 0.125211 0.345530 -0.324747
v 0.127675 0.345998 -0.319362
v 0.129906 0.374804 -0.312837
v 0.092042 0.252551 -0.335790
v 0.095881 0.251120 -0.330660
v 0.103250 0.250339 -0.325195
v 0.108615 0.250043 -0.322186
v 0.093644 0.259948 -0.346948
v 0.092114 0.255237 -0.340220
v 0.097618 0.268648 -0.364952
v 0.096398 0.265441 -0.357110
v 0.100870 0.270828 -0.374211
v 0.098602 0.269857 -0.370678
v 0.108934 0.271950 -0.375623
v 0.105059 0.271491 -0.375276
v 0.112063 0.250206 -0.321693
v 0.115726 0.250692 -0.321827
v 0.116774 0.272271 -0.372143
v 0.113528 0.272241 -0.375238
v 0.122108 0.269699 -0.358739
v 0.118838 0.271939 -0.366554
v 0.132953 0.261606 -0.342887
v 0.128996 0.265541 -0.349754
v 0.119602 0.251410 -0.322695
v 0.124860 0.253280 -0.326312
v 0.131462 0.256221 -0.332651
v 0.134203 0.258712 -0.338047
v 0.155800 0.101789 -0.348710
v 0.156740 0.101960 -0.341103
v 0.155551 0.101561 -0.333660
v 0.152241 0.099674 -0.325991
v 0.148584 0.096955 -0.321280
v 0.144867 0.093658 -0.318738
v 0.139916 0.091432 -0.318241
v 0.133889 0.089785 -0.318714
v 0.122472 0.089363 -0.324143
v 0.128062 0.089034 -0.320712
v 0.118211 0.090077 -0.327796
v 0.115370 0.091073 -0.331664
v 0.115482 0.093253 -0.338706
v 0.117107 0.094899 -0.348163
v 0.120414 0.095452 -0.355045
v 0.125256 0.096508 -0.359695
v 0.129081 0.097700 -0.362666
v 0.131896 0.098293 -0.364377
v 0.135824 0.099132 -0.364908
v 0.140832 0.100257 -0.364227
v 0.149253 0.101774 -0.360686
v 0.145321 0.101080 -0.362813
v 0.152175 0.102097 -0.357756
v 0.154127 0.102142 -0.354045
v 0.148331 0.105445 -0.360984
v 0.151409 0.105993 -0.358225
v 0.140062 0.103870 -0.364325
v 0.144502 0.104782 -0.363016
v 0.130814 0.102112 -0.364522
v 0.134906 0.102864 -0.365003
v 0.124042 0.101590 -0.359656
v 0.127873 0.101705 -0.362998
v 0.115805 0.103167 -0.347632
v 0.118726 0.102115 -0.354687
v 0.114451 0.104851 -0.332328
v 0.114475 0.104384 -0.339220
v 0.120724 0.104181 -0.323305
v 0.116793 0.104255 -0.327533
v 0.131899 0.105614 -0.317805
v 0.126209 0.104758 -0.319658
v 0.143033 0.108539 -0.319245
v 0.137793 0.106791 -0.317788
v 0.151414 0.110742 -0.327440
v 0.147596 0.110563 -0.322736
v 0.153663 0.106368 -0.354787
v 0.155097 0.107217 -0.349233
v 0.155641 0.108827 -0.341514
v 0.154599 0.110060 -0.334337
v 0.130231 0.254704 -0.353156
v 0.122300 0.259623 -0.359787
v 0.119197 0.262975 -0.367016
v 0.117170 0.264541 -0.372833
v 0.123117 0.233413 -0.361795
v 0.121714 0.234988 -0.368546
v 0.119148 0.251385 -0.372531
v 0.121740 0.249250 -0.366723
v 0.125672 0.246218 -0.360175
v 0.130688 0.242706 -0.352392
v 0.130519 0.232028 -0.351466
v 0.126025 0.232725 -0.356331
v 0.134163 0.240126 -0.340478
v 0.132058 0.231489 -0.340951
v 0.132281 0.231596 -0.346210
v 0.133976 0.241019 -0.346098
v 0.126009 0.237052 -0.329578
v 0.125672 0.229902 -0.330842
v 0.129797 0.230903 -0.335841
v 0.131438 0.238897 -0.334689
v 0.130987 0.180135 -0.331167
v 0.132868 0.162436 -0.330173
v 0.135807 0.161768 -0.333131
v 0.134128 0.179912 -0.334494
v 0.141016 0.160176 -0.341282
v 0.138516 0.179125 -0.342871
v 0.136657 0.179586 -0.338392
v 0.138527 0.161015 -0.336835
v 0.137895 0.158627 -0.351696
v 0.134457 0.177729 -0.352104
v 0.138140 0.178572 -0.347570
v 0.141144 0.159444 -0.346356
v 0.136609 0.157813 -0.360465
v 0.132762 0.176808 -0.361198
v 0.132688 0.177161 -0.356646
v 0.136385 0.158084 -0.356401
v 0.141426 0.140679 -0.356545
v 0.147824 0.125034 -0.356934
v 0.145879 0.124635 -0.360197
v 0.140963 0.140412 -0.360157
v 0.145469 0.142856 -0.345583
v 0.151162 0.128822 -0.345107
v 0.149553 0.126420 -0.351917
v 0.142921 0.141491 -0.351693
v 0.142350 0.145004 -0.335094
v 0.148101 0.131543 -0.332941
v 0.150663 0.130522 -0.338807
v 0.145047 0.143966 -0.339989
v 0.135960 0.146325 -0.328200
v 0.140164 0.131794 -0.325112
v 0.144592 0.131959 -0.328383
v 0.139320 0.145787 -0.331166
v 0.147387 0.121188 -0.326000
v 0.142561 0.120641 -0.322951
v 0.153885 0.119689 -0.337141
v 0.151161 0.120861 -0.330741
v 0.153235 0.114855 -0.350826
v 0.154582 0.117666 -0.343828
v 0.149291 0.112518 -0.359341
v 0.151499 0.113197 -0.355976
v 0.099567 0.255367 -0.359330
v 0.097378 0.250175 -0.350851
v 0.101525 0.262520 -0.371830
v 0.100626 0.259410 -0.366363
v 0.104050 0.246049 -0.366230
v 0.104681 0.249726 -0.372080
v 0.108213 0.233173 -0.368781
v 0.108746 0.231432 -0.362352
v 0.107212 0.230266 -0.356945
v 0.103702 0.228839 -0.352012
v 0.100517 0.239248 -0.351410
v 0.102858 0.242361 -0.359177
v 0.098591 0.237582 -0.345240
v 0.101909 0.228006 -0.346822
v 0.101134 0.227677 -0.341600
v 0.097190 0.236373 -0.339650
v 0.099612 0.235649 -0.334246
v 0.102609 0.227470 -0.336445
v 0.106301 0.227424 -0.331381
v 0.105054 0.234638 -0.329421
v 0.110536 0.177049 -0.338278
v 0.113143 0.158544 -0.337755
v 0.115265 0.159833 -0.333751
v 0.112886 0.177898 -0.334073
v 0.112367 0.157306 -0.342211
v 0.109662 0.176311 -0.342728
v 0.110294 0.175665 -0.347434
v 0.112952 0.156098 -0.347125
v 0.115013 0.155776 -0.351882
v 0.112255 0.175434 -0.351849
v 0.116466 0.175690 -0.355465
v 0.119418 0.156405 -0.355952
v 0.121686 0.156418 -0.359883
v 0.118512 0.175582 -0.359400
v 0.118369 0.175080 -0.363647
v 0.121809 0.155804 -0.363683
v 0.124975 0.137955 -0.364191
v 0.127880 0.121540 -0.365182
v 0.125593 0.121407 -0.362906
v 0.124037 0.138350 -0.361020
v 0.121240 0.138491 -0.357141
v 0.121969 0.121984 -0.359188
v 0.117095 0.123291 -0.353958
v 0.116614 0.138399 -0.352555
v 0.114337 0.139086 -0.347343
v 0.114484 0.124644 -0.348210
v 0.114162 0.126075 -0.341971
v 0.113861 0.140560 -0.341923
v 0.114621 0.141941 -0.337092
v 0.114954 0.127233 -0.336413
v 0.116841 0.128145 -0.331533
v 0.116598 0.143261 -0.332857
v 0.117081 0.116679 -0.330459
v 0.115090 0.116080 -0.335402
v 0.114405 0.114864 -0.341399
v 0.114996 0.113144 -0.348532
v 0.117922 0.111367 -0.354629
v 0.123226 0.109648 -0.359661
v 0.127253 0.108920 -0.363100
v 0.130025 0.109039 -0.364996
v 0.120947 0.235876 -0.327380
v 0.117418 0.235222 -0.326653
v 0.118023 0.228390 -0.327327
v 0.121691 0.229033 -0.328017
v 0.123345 0.179641 -0.328824
v 0.125219 0.162018 -0.328255
v 0.129329 0.162512 -0.328534
v 0.127397 0.180042 -0.329269
v 0.132056 0.146329 -0.326606
v 0.127604 0.145808 -0.326367
v 0.130372 0.131000 -0.323118
v 0.135414 0.131467 -0.323353
v 0.137392 0.120113 -0.321362
v 0.131890 0.119639 -0.321240
v 0.142955 0.110953 -0.363750
v 0.146449 0.111759 -0.361937
v 0.143249 0.123975 -0.362792
v 0.139916 0.123051 -0.364740
v 0.135357 0.139022 -0.364604
v 0.138718 0.139811 -0.362770
v 0.134543 0.157255 -0.363182
v 0.131162 0.156601 -0.364913
v 0.127290 0.175768 -0.365625
v 0.130642 0.176315 -0.364051
v 0.119046 0.235655 -0.372212
v 0.115825 0.235300 -0.373345
v 0.112614 0.252354 -0.376618
v 0.115979 0.252409 -0.375740
v 0.113934 0.265180 -0.375836
v 0.110222 0.265101 -0.376582
v 0.106806 0.264838 -0.376357
v 0.103596 0.264344 -0.375147
v 0.106485 0.251762 -0.375440
v 0.109421 0.252160 -0.376511
v 0.112743 0.234913 -0.373399
v 0.109798 0.234485 -0.372375
v 0.123910 0.175360 -0.366195
v 0.127682 0.156095 -0.365657
v 0.124135 0.155721 -0.365421
v 0.120494 0.175047 -0.365750
v 0.127739 0.137997 -0.365559
v 0.131691 0.138427 -0.365530
v 0.135950 0.122347 -0.365851
v 0.131367 0.121852 -0.366127
v 0.133860 0.109455 -0.365623
v 0.138769 0.110179 -0.364990
v 0.126373 0.118810 -0.322881
v 0.120841 0.117595 -0.326278
v 0.120302 0.129138 -0.327569
v 0.125324 0.130223 -0.324507
v 0.123432 0.145137 -0.327366
v 0.119555 0.144320 -0.329635
v 0.115875 0.178595 -0.331138
v 0.118042 0.160799 -0.330845
v 0.121448 0.161440 -0.329013
v 0.119502 0.179157 -0.329452
v 0.109564 0.234197 -0.326660
v 0.110162 0.227550 -0.328395
v 0.114186 0.227890 -0.327466
v 0.113775 0.234764 -0.326632
v 0.095419 0.246958 -0.343648
v 0.093983 0.244979 -0.338236
v 0.097556 0.243503 -0.333161
v 0.104190 0.242160 -0.327957
v 0.109231 0.241550 -0.325099
v 0.113157 0.242051 -0.325273
v 0.135258 0.249735 -0.340233
v 0.134632 0.251131 -0.345990
v 0.116650 0.242451 -0.325381
v 0.120225 0.243133 -0.326158
v 0.125783 0.244683 -0.328803
v 0.132021 0.247505 -0.334555
v 0.131068 0.197081 -0.352915
v 0.127659 0.216723 -0.354109
v 0.131999 0.217063 -0.350333
v 0.135090 0.197774 -0.348894
v 0.135930 0.198168 -0.344351
v 0.133267 0.217295 -0.345679
v 0.132516 0.217571 -0.340639
v 0.134631 0.198431 -0.339666
v 0.116869 0.195066 -0.366845
v 0.113160 0.215773 -0.368723
v 0.116162 0.216038 -0.369553
v 0.120096 0.195344 -0.367487
v 0.115457 0.195185 -0.359553
v 0.112416 0.215228 -0.360358
v 0.111555 0.215439 -0.365774
v 0.114979 0.194967 -0.364346
v 0.109574 0.194876 -0.351917
v 0.106958 0.214091 -0.352076
v 0.110852 0.214767 -0.355792
v 0.113616 0.195131 -0.355418
v 0.106902 0.195148 -0.342833
v 0.104148 0.213832 -0.342515
v 0.105037 0.213808 -0.347544
v 0.107634 0.194885 -0.347584
v 0.110421 0.196076 -0.333761
v 0.107946 0.214361 -0.332829
v 0.105115 0.214003 -0.337631
v 0.107826 0.195521 -0.338221
v 0.117468 0.197081 -0.329262
v 0.115425 0.215213 -0.328457
v 0.111370 0.214760 -0.329768
v 0.113631 0.196590 -0.330772
v 0.123366 0.195725 -0.367110
v 0.119294 0.216465 -0.369362
v 0.122482 0.217067 -0.368105
v 0.126671 0.196254 -0.365708
v 0.125325 0.197955 -0.329395
v 0.123196 0.216257 -0.328896
v 0.119360 0.215720 -0.328166
v 0.121373 0.197544 -0.328807
v 0.128856 0.196601 -0.362647
v 0.124791 0.217189 -0.364801
v 0.125278 0.216778 -0.358933
v 0.129020 0.196712 -0.357502
v 0.132298 0.198457 -0.335430
v 0.130359 0.217395 -0.335910
v 0.126884 0.216826 -0.331474
v 0.128984 0.198269 -0.331601
v 0.164974 0.060714 -0.364924
v 0.171138 0.062686 -0.369506
v 0.168096 0.065468 -0.373481
v 0.162734 0.063912 -0.368638
v 0.169504 0.055231 -0.356225
v 0.174429 0.052937 -0.358527
v 0.173261 0.058660 -0.364793
v 0.167404 0.057734 -0.360842
v 0.167500 0.049008 -0.347031
v 0.172323 0.042710 -0.348270
v 0.174024 0.048096 -0.353244
v 0.169306 0.052301 -0.351586
v 0.160218 0.042536 -0.340301
v 0.163773 0.034242 -0.342229
v 0.169084 0.038101 -0.344693
v 0.164249 0.045662 -0.343402
v 0.138296 0.059675 -0.376171
v 0.136878 0.062260 -0.383061
v 0.132925 0.059169 -0.381536
v 0.135104 0.056556 -0.374358
v 0.131250 0.053763 -0.372804
v 0.128844 0.054297 -0.378106
v 0.125528 0.048585 -0.373084
v 0.128398 0.049806 -0.369402
v 0.126598 0.046478 -0.365072
v 0.124325 0.042530 -0.368903
v 0.124214 0.036939 -0.363289
v 0.126557 0.042890 -0.360248
v 0.128118 0.040020 -0.355585
v 0.126089 0.033070 -0.357500
v 0.129910 0.030386 -0.352217
v 0.131225 0.037766 -0.350958
v 0.154709 0.040326 -0.339474
v 0.148138 0.039092 -0.340692
v 0.148878 0.030261 -0.342995
v 0.157241 0.031577 -0.341452
v 0.162641 0.067083 -0.377031
v 0.155052 0.066397 -0.379848
v 0.153135 0.065426 -0.374451
v 0.158738 0.065863 -0.371830
v 0.141934 0.062509 -0.377052
v 0.147395 0.064237 -0.376134
v 0.148801 0.065361 -0.381675
v 0.142250 0.064509 -0.383130
v 0.135247 0.029425 -0.348100
v 0.141497 0.030008 -0.345139
v 0.141713 0.037535 -0.342956
v 0.135783 0.037004 -0.346909
v 0.154253 0.095466 -0.352514
v 0.152958 0.090578 -0.351455
v 0.151630 0.091655 -0.355333
v 0.152528 0.096000 -0.356402
v 0.156832 0.093142 -0.341729
v 0.156329 0.087909 -0.343371
v 0.154511 0.089487 -0.347447
v 0.155682 0.094502 -0.347621
v 0.153912 0.087266 -0.330341
v 0.153822 0.081224 -0.334143
v 0.155954 0.084846 -0.338950
v 0.156212 0.090826 -0.335909
v 0.147457 0.082743 -0.325941
v 0.148102 0.077441 -0.330006
v 0.151157 0.078871 -0.331095
v 0.150991 0.084584 -0.327005
v 0.155615 0.054611 -0.337901
v 0.159136 0.056664 -0.340587
v 0.153337 0.069577 -0.336674
v 0.150890 0.067874 -0.334731
v 0.163767 0.062101 -0.347758
v 0.157550 0.075243 -0.343108
v 0.155769 0.072037 -0.339199
v 0.162049 0.059116 -0.343688
v 0.161577 0.066088 -0.356007
v 0.156139 0.079601 -0.350556
v 0.157849 0.077801 -0.346846
v 0.163773 0.064494 -0.351789
v 0.157770 0.070366 -0.364072
v 0.152794 0.083602 -0.357979
v 0.154314 0.081660 -0.354449
v 0.159493 0.068031 -0.360143
v 0.132111 0.092554 -0.363361
v 0.133679 0.088626 -0.360852
v 0.131242 0.086420 -0.358800
v 0.129316 0.091138 -0.361175
v 0.126089 0.089299 -0.358114
v 0.127839 0.084250 -0.357646
v 0.125464 0.081089 -0.354803
v 0.122574 0.087063 -0.354268
v 0.120750 0.083720 -0.349227
v 0.124255 0.078095 -0.350712
v 0.124106 0.075465 -0.345414
v 0.120018 0.081155 -0.342007
v 0.120952 0.079689 -0.336878
v 0.124810 0.074073 -0.340805
v 0.126722 0.073531 -0.337686
v 0.123466 0.079167 -0.333666
v 0.130047 0.063737 -0.343369
v 0.128119 0.064630 -0.346413
v 0.128766 0.050755 -0.351623
v 0.131240 0.049378 -0.347594
v 0.127484 0.052532 -0.355930
v 0.127162 0.066127 -0.350089
v 0.127108 0.068221 -0.354447
v 0.127564 0.054778 -0.360523
v 0.128873 0.057311 -0.364337
v 0.128203 0.070792 -0.357917
v 0.130215 0.073784 -0.360540
v 0.131491 0.060147 -0.367417
v 0.134873 0.062447 -0.368946
v 0.133144 0.076850 -0.361822
v 0.135069 0.080467 -0.364173
v 0.137425 0.065626 -0.371109
v 0.142934 0.081092 -0.325646
v 0.137397 0.079590 -0.326058
v 0.138760 0.074915 -0.329940
v 0.143961 0.076079 -0.329601
v 0.146918 0.066339 -0.334160
v 0.141537 0.065114 -0.334605
v 0.144955 0.051369 -0.338175
v 0.150867 0.052798 -0.337102
v 0.155055 0.071846 -0.367417
v 0.150335 0.071584 -0.370007
v 0.145983 0.083356 -0.363387
v 0.150265 0.084111 -0.360980
v 0.148539 0.091678 -0.358366
v 0.144300 0.090770 -0.360633
v 0.145279 0.095093 -0.361968
v 0.149501 0.095914 -0.359535
v 0.135875 0.093632 -0.364084
v 0.140656 0.094349 -0.363471
v 0.140140 0.090250 -0.361999
v 0.136080 0.089902 -0.362664
v 0.137443 0.082179 -0.365442
v 0.141717 0.082711 -0.364861
v 0.145474 0.070664 -0.371505
v 0.140643 0.068646 -0.372255
v 0.134670 0.049164 -0.343857
v 0.139383 0.050114 -0.340218
v 0.136660 0.064043 -0.336395
v 0.132911 0.063548 -0.340165
v 0.129775 0.073516 -0.334604
v 0.134015 0.074040 -0.331569
v 0.132150 0.078881 -0.327680
v 0.127204 0.078914 -0.330601
v 0.156005 0.098629 -0.348316
v 0.157244 0.097764 -0.341761
v 0.156289 0.096748 -0.334901
v 0.153465 0.093143 -0.327723
v 0.150253 0.090076 -0.323851
v 0.146735 0.087066 -0.321848
v 0.141886 0.085027 -0.321510
v 0.136000 0.083300 -0.322020
v 0.124649 0.083037 -0.326946
v 0.130209 0.082633 -0.323822
v 0.120381 0.083609 -0.330256
v 0.117471 0.084351 -0.333709
v 0.117203 0.086881 -0.339905
v 0.118235 0.089699 -0.348290
v 0.121082 0.091162 -0.354974
v 0.125321 0.093353 -0.359258
v 0.128939 0.094971 -0.362374
v 0.131847 0.095839 -0.364323
v 0.135854 0.096798 -0.364954
v 0.140922 0.097830 -0.364319
v 0.149778 0.099377 -0.360370
v 0.145587 0.098625 -0.362782
v 0.152728 0.099579 -0.357289
v 0.154461 0.099361 -0.353481
v 0.175294 0.051935 -0.359669
v 0.174420 0.057880 -0.365627
v 0.172398 0.062158 -0.370558
v 0.169091 0.065136 -0.374742
v 0.163603 0.066544 -0.378287
v 0.155498 0.066143 -0.381271
v 0.149451 0.065362 -0.383144
v 0.142539 0.064464 -0.384704
v 0.136855 0.062360 -0.384675
v 0.132225 0.058860 -0.382939
v 0.128117 0.053545 -0.379262
v 0.125294 0.047625 -0.374560
v 0.124269 0.041052 -0.370167
v 0.124302 0.034938 -0.365113
v 0.126265 0.030843 -0.358981
v 0.130245 0.028105 -0.353660
v 0.135605 0.027094 -0.349518
v 0.142041 0.027503 -0.346515
v 0.149454 0.027735 -0.344510
v 0.158254 0.029030 -0.343205
v 0.165008 0.031891 -0.343922
v 0.170344 0.035932 -0.346470
v 0.173706 0.040820 -0.350273
v 0.175083 0.046606 -0.355051
v 0.159243 0.026730 -0.347358
v 0.165783 0.029743 -0.347953
v 0.170763 0.033993 -0.350144
v 0.173773 0.039150 -0.353559
v 0.174854 0.045398 -0.357173
v 0.174696 0.051004 -0.361381
v 0.173840 0.056731 -0.366978
v 0.172066 0.060819 -0.371508
v 0.169095 0.063614 -0.375373
v 0.164028 0.064878 -0.378546
v 0.156884 0.064369 -0.381071
v 0.149762 0.063936 -0.383081
v 0.142602 0.063041 -0.384798
v 0.136996 0.060957 -0.384833
v 0.132737 0.057680 -0.383231
v 0.129007 0.052481 -0.379707
v 0.126355 0.046368 -0.375474
v 0.125471 0.039545 -0.371214
v 0.125806 0.033332 -0.366608
v 0.127943 0.028814 -0.361808
v 0.131830 0.026031 -0.356859
v 0.136928 0.024912 -0.353102
v 0.143693 0.024925 -0.350204
v 0.151093 0.025369 -0.348309
v 0.175028 0.045028 -0.357730
v 0.174878 0.050758 -0.361873
v 0.174106 0.038724 -0.354276
v 0.170993 0.033466 -0.350890
v 0.166073 0.029141 -0.348639
v 0.159513 0.026105 -0.348032
v 0.151385 0.024701 -0.348986
v 0.143964 0.024300 -0.350871
v 0.137069 0.024296 -0.353844
v 0.132010 0.025448 -0.357486
v 0.128117 0.028232 -0.362454
v 0.125855 0.032904 -0.367050
v 0.125368 0.039147 -0.371686
v 0.126351 0.046012 -0.375907
v 0.128709 0.052283 -0.380028
v 0.132524 0.057433 -0.383599
v 0.136907 0.060715 -0.385233
v 0.142601 0.062703 -0.385122
v 0.149701 0.063616 -0.383318
v 0.157636 0.063894 -0.381249
v 0.164267 0.064568 -0.378852
v 0.169319 0.063357 -0.375698
v 0.172068 0.060637 -0.371923
v 0.173878 0.056445 -0.367416
v 0.181868 0.023628 -0.371943
v 0.174798 0.029580 -0.356695
v 0.170304 0.024087 -0.355448
v 0.178322 0.017448 -0.370614
v 0.181685 0.036801 -0.375377
v 0.177845 0.042303 -0.361820
v 0.177278 0.035502 -0.358782
v 0.182975 0.030027 -0.373481
v 0.179660 0.044159 -0.377907
v 0.177142 0.051442 -0.381080
v 0.176477 0.054810 -0.369904
v 0.177518 0.049322 -0.365257
v 0.174120 0.055972 -0.384221
v 0.170139 0.058315 -0.387018
v 0.171333 0.061850 -0.378487
v 0.174538 0.059227 -0.374570
v 0.139721 0.005643 -0.372302
v 0.133185 0.019209 -0.362682
v 0.128351 0.022971 -0.367013
v 0.132617 0.009464 -0.375010
v 0.127807 0.015496 -0.378300
v 0.125500 0.028402 -0.371446
v 0.124915 0.035635 -0.376285
v 0.125910 0.023647 -0.382173
v 0.125949 0.043640 -0.380738
v 0.128093 0.050774 -0.384613
v 0.126880 0.042692 -0.390417
v 0.125593 0.033010 -0.386454
v 0.131896 0.055920 -0.387558
v 0.136343 0.059564 -0.389047
v 0.133741 0.054179 -0.394541
v 0.129724 0.050071 -0.393185
v 0.163907 0.020242 -0.355047
v 0.155794 0.017928 -0.355504
v 0.165314 0.006900 -0.369175
v 0.172839 0.011941 -0.369759
v 0.164004 0.058953 -0.389361
v 0.155289 0.057271 -0.390748
v 0.157120 0.061903 -0.384262
v 0.165594 0.062904 -0.381777
v 0.142214 0.061778 -0.388740
v 0.149277 0.061944 -0.386338
v 0.147104 0.056423 -0.392335
v 0.139470 0.056629 -0.394382
v 0.147930 0.003929 -0.370452
v 0.157046 0.004220 -0.369392
v 0.147787 0.016877 -0.357107
v 0.139745 0.017080 -0.359620
v 0.179800 0.041316 -0.387444
v 0.178633 0.040776 -0.390125
v 0.175176 0.047624 -0.392386
v 0.176398 0.048515 -0.389819
v 0.172923 0.054013 -0.391941
v 0.171631 0.053017 -0.394320
v 0.167729 0.055280 -0.395764
v 0.168864 0.056127 -0.393457
v 0.162747 0.056604 -0.394709
v 0.161754 0.055528 -0.396794
v 0.153495 0.053010 -0.396935
v 0.154201 0.054393 -0.395084
v 0.146178 0.053291 -0.395747
v 0.145736 0.051760 -0.397401
v 0.138422 0.051737 -0.398452
v 0.138627 0.053370 -0.396975
v 0.132845 0.051116 -0.396694
v 0.132877 0.049486 -0.398085
v 0.129422 0.044891 -0.396628
v 0.129114 0.046771 -0.395261
v 0.126719 0.038592 -0.392392
v 0.127260 0.037043 -0.393818
v 0.126782 0.027163 -0.389986
v 0.125929 0.028307 -0.388353
v 0.127052 0.018369 -0.384446
v 0.128096 0.017671 -0.386227
v 0.130841 0.009521 -0.383100
v 0.129744 0.009899 -0.381147
v 0.135260 0.003716 -0.378604
v 0.136241 0.003622 -0.380768
v 0.143940 0.000054 -0.379180
v 0.143207 -0.000057 -0.376916
v 0.152091 -0.001734 -0.376189
v 0.152534 -0.001405 -0.378579
v 0.161877 -0.000832 -0.378820
v 0.161823 -0.001188 -0.376401
v 0.170065 0.002125 -0.377577
v 0.169800 0.002605 -0.380115
v 0.176465 0.008730 -0.382034
v 0.177048 0.008431 -0.379508
v 0.181970 0.014723 -0.381194
v 0.181157 0.015014 -0.383755
v 0.183986 0.021564 -0.385530
v 0.184995 0.021492 -0.382894
v 0.185271 0.027789 -0.384261
v 0.184141 0.027797 -0.386912
v 0.181719 0.033950 -0.388295
v 0.182875 0.034164 -0.385600
v 0.168376 0.026275 -0.388322
v 0.165243 0.019599 -0.386494
v 0.158645 0.014541 -0.385008
v 0.150323 0.014182 -0.385102
v 0.143190 0.017768 -0.386646
v 0.139838 0.025056 -0.389268
v 0.139796 0.034192 -0.392588
v 0.143324 0.040090 -0.394260
v 0.150385 0.042524 -0.394347
v 0.158037 0.043526 -0.394043
v 0.163216 0.040234 -0.392564
v 0.167031 0.033221 -0.390268
v -0.100060 0.471180 -0.184827
v -0.104533 0.454306 -0.179524
v -0.095870 0.447285 -0.177848
v -0.091892 0.461154 -0.182554
v -0.036231 0.403463 -0.207111
v -0.029683 0.390682 -0.226072
v -0.041500 0.390211 -0.218210
v -0.041327 0.372257 -0.230462
v -0.031762 0.373553 -0.238969
v -0.028358 0.363846 -0.250264
v -0.040295 0.361902 -0.239919
v -0.040365 0.359270 -0.245148
v -0.025827 0.360219 -0.257021
v -0.021023 0.358138 -0.265302
v -0.040273 0.355500 -0.250068
v -0.034800 0.353155 -0.257788
v -0.014859 0.357650 -0.273924
v -0.029801 0.357611 -0.269039
v -0.071904 0.421351 -0.185535
v -0.052453 0.409907 -0.196413
v -0.044085 0.351423 -0.266197
v -0.039547 0.359925 -0.292122
v -0.089217 0.437712 -0.178547
v -0.085722 0.453408 -0.181830
v -0.082863 0.430071 -0.180696
v -0.046342 0.361872 -0.303842
v -0.120932 0.478697 -0.282170
v -0.116713 0.465014 -0.307745
v -0.124225 0.439831 -0.287334
v -0.127301 0.455055 -0.270715
v -0.115483 0.424767 -0.308931
v -0.106053 0.455078 -0.333506
v -0.093725 0.448511 -0.346853
v -0.102551 0.416789 -0.324847
v -0.077521 0.439645 -0.368283
v -0.069988 0.437363 -0.373550
v -0.075389 0.402069 -0.350974
v -0.085336 0.406709 -0.345740
v -0.059204 0.396156 -0.352198
v -0.065919 0.399083 -0.352011
v -0.115742 0.490337 -0.211787
v -0.107445 0.491676 -0.199896
v -0.052693 0.351543 -0.273526
v -0.065292 0.367486 -0.314875
v -0.078747 0.360575 -0.293230
v -0.086205 0.364317 -0.296076
v -0.074284 0.371472 -0.316912
v -0.109496 0.397179 -0.292318
v -0.112588 0.391574 -0.273607
v -0.123177 0.399776 -0.261010
v -0.121381 0.406644 -0.278683
v -0.130137 0.415757 -0.264534
v -0.131368 0.406885 -0.246656
v -0.136060 0.412642 -0.234640
v -0.132563 0.429986 -0.253114
v -0.128781 0.444814 -0.239180
v -0.133752 0.423693 -0.224038
v -0.128902 0.437534 -0.211806
v -0.124059 0.460869 -0.221985
v -0.122503 0.485345 -0.227967
v -0.119621 0.501232 -0.236328
v -0.121340 0.493359 -0.258290
v -0.126174 0.470091 -0.251180
v -0.123491 0.447946 -0.199557
v -0.114680 0.454337 -0.187229
v -0.108077 0.476629 -0.193894
v -0.118338 0.472107 -0.206790
v -0.059574 0.352994 -0.281758
v -0.068401 0.355699 -0.288408
v -0.056826 0.364836 -0.310402
v -0.095877 0.371449 -0.295340
v -0.103887 0.380255 -0.289322
v -0.097001 0.383660 -0.311792
v -0.085659 0.376275 -0.316659
v -0.106230 0.394228 -0.297421
v -0.110301 0.389321 -0.277038
v -0.090270 0.446513 -0.350799
v -0.098346 0.414637 -0.329461
v -0.097930 0.353735 -0.283385
v -0.104618 0.356596 -0.279436
v -0.106782 0.366317 -0.275317
v -0.098817 0.361422 -0.281048
v -0.125686 0.378085 -0.248725
v -0.122231 0.374946 -0.256288
v -0.114118 0.361037 -0.273880
v -0.119138 0.364260 -0.267895
v -0.127768 0.370112 -0.249498
v -0.131395 0.368875 -0.237533
v -0.132441 0.383718 -0.224476
v -0.129795 0.382498 -0.237882
v -0.129945 0.366063 -0.227508
v -0.123856 0.361516 -0.218016
v -0.124287 0.378091 -0.198968
v -0.130326 0.381785 -0.212258
v -0.122601 0.346991 -0.232587
v -0.127975 0.351837 -0.240852
v -0.124415 0.339650 -0.252888
v -0.120234 0.334944 -0.244706
v -0.125205 0.343305 -0.260570
v -0.129033 0.355289 -0.249575
v -0.125644 0.357418 -0.258882
v -0.122561 0.346483 -0.268111
v -0.118900 0.348785 -0.275160
v -0.121590 0.358918 -0.269103
v -0.117707 0.356469 -0.273942
v -0.112968 0.348321 -0.281111
v -0.108767 0.346119 -0.284918
v -0.113068 0.353617 -0.279497
v -0.108782 0.351302 -0.282208
v -0.104633 0.344063 -0.286468
v -0.099515 0.342075 -0.287892
v -0.101718 0.348421 -0.283733
v -0.097146 0.346466 -0.286009
v -0.095895 0.340559 -0.289807
v -0.094177 0.333632 -0.294161
v -0.092004 0.325106 -0.300124
v -0.094718 0.324914 -0.296062
v -0.097096 0.335049 -0.291586
v -0.100896 0.336516 -0.290125
v -0.098441 0.324278 -0.292753
v -0.104639 0.338237 -0.288686
v -0.108566 0.337789 -0.285511
v -0.103262 0.324016 -0.289792
v -0.110464 0.324013 -0.284236
v -0.114764 0.336976 -0.280388
v -0.118626 0.335007 -0.274833
v -0.114902 0.322532 -0.278542
v -0.116917 0.319817 -0.273680
v -0.120954 0.331655 -0.268692
v -0.120528 0.327934 -0.262062
v -0.116769 0.316474 -0.267983
v -0.114577 0.312254 -0.261581
v -0.117526 0.323406 -0.254523
v -0.113561 0.303502 -0.266937
v -0.116262 0.306684 -0.272712
v -0.118777 0.299020 -0.278072
v -0.113902 0.298025 -0.271161
v -0.119345 0.301475 -0.283621
v -0.116193 0.309900 -0.278313
v -0.113818 0.312234 -0.282579
v -0.116053 0.303968 -0.287827
v -0.108504 0.313325 -0.287823
v -0.100428 0.313814 -0.294325
v -0.099888 0.308096 -0.300138
v -0.109493 0.306213 -0.292975
v -0.090928 0.304578 -0.315693
v -0.094075 0.307003 -0.309301
v -0.094288 0.314776 -0.300296
v -0.090383 0.314082 -0.308198
v -0.075035 0.349201 -0.269047
v -0.077671 0.348587 -0.276414
v -0.074146 0.351101 -0.270175
v -0.071349 0.352154 -0.262361
v -0.067363 0.355664 -0.246353
v -0.071135 0.350845 -0.255965
v -0.072030 0.352071 -0.259047
v -0.069579 0.354148 -0.254931
v -0.068727 0.351786 -0.237306
v -0.069014 0.352239 -0.245161
v -0.066984 0.356904 -0.234579
v -0.066901 0.359377 -0.224330
v -0.071602 0.350370 -0.218028
v -0.069375 0.352276 -0.225468
v -0.068476 0.360803 -0.214241
v -0.071732 0.363842 -0.201808
v -0.087561 0.352726 -0.209856
v -0.076780 0.353572 -0.215730
v -0.077611 0.367952 -0.195479
v -0.087330 0.370227 -0.190750
v -0.089114 0.326503 -0.235039
v -0.079652 0.327339 -0.238576
v -0.078045 0.339258 -0.227434
v -0.088444 0.338188 -0.223375
v -0.072263 0.331240 -0.248060
v -0.070458 0.342765 -0.237059
v -0.071598 0.340216 -0.233300
v -0.074104 0.328948 -0.242995
v -0.074111 0.336341 -0.262455
v -0.071548 0.345016 -0.253927
v -0.071187 0.341163 -0.249966
v -0.072882 0.333765 -0.256104
v -0.075482 0.337325 -0.273771
v -0.074519 0.344796 -0.267091
v -0.073903 0.342987 -0.264448
v -0.075107 0.337385 -0.269959
v -0.078234 0.336461 -0.283773
v -0.077912 0.343052 -0.278944
v -0.076501 0.341664 -0.275551
v -0.076773 0.336443 -0.279546
v -0.076628 0.327969 -0.284043
v -0.077416 0.317567 -0.288482
v -0.076477 0.320576 -0.294494
v -0.077329 0.329295 -0.288667
v -0.076587 0.328597 -0.276027
v -0.078214 0.316192 -0.284433
v -0.076007 0.329041 -0.279042
v -0.074873 0.323758 -0.261510
v -0.077682 0.312604 -0.269189
v -0.078299 0.314583 -0.278657
v -0.076257 0.326809 -0.270325
v -0.077155 0.318135 -0.251429
v -0.080834 0.308108 -0.258777
v -0.078449 0.310424 -0.262515
v -0.075143 0.320855 -0.255140
v -0.090478 0.315439 -0.244752
v -0.092628 0.305254 -0.252798
v -0.085507 0.306287 -0.255488
v -0.082253 0.316335 -0.247931
v -0.093501 0.291451 -0.262625
v -0.086294 0.289171 -0.264642
v -0.087033 0.296485 -0.260568
v -0.093524 0.297189 -0.258846
v -0.079065 0.291226 -0.271389
v -0.079588 0.300240 -0.267909
v -0.082147 0.298066 -0.263878
v -0.081734 0.288802 -0.267034
v -0.077434 0.294823 -0.278875
v -0.076545 0.299608 -0.289754
v -0.078388 0.305102 -0.285061
v -0.078385 0.302531 -0.274964
v -0.075524 0.308990 -0.301752
v -0.077495 0.307910 -0.293143
v -0.074794 0.300142 -0.300843
v -0.073866 0.299020 -0.308144
v -0.092064 0.358466 -0.283174
v -0.087081 0.356451 -0.283037
v -0.089262 0.350611 -0.285194
v -0.092994 0.352543 -0.285089
v -0.117550 0.357995 -0.212270
v -0.111145 0.355444 -0.210010
v -0.111316 0.374218 -0.186848
v -0.117768 0.376173 -0.189028
v -0.115285 0.331217 -0.239585
v -0.109253 0.328596 -0.237167
v -0.110935 0.340417 -0.224812
v -0.117098 0.343107 -0.227339
v -0.111489 0.309334 -0.257435
v -0.107308 0.307840 -0.255536
v -0.108399 0.317408 -0.247209
v -0.113469 0.320001 -0.249639
v -0.109948 0.296982 -0.266499
v -0.106385 0.295913 -0.264365
v -0.106401 0.300960 -0.261622
v -0.110051 0.302124 -0.263497
v -0.086540 0.312734 -0.311759
v -0.082903 0.311233 -0.311306
v -0.082593 0.301390 -0.317459
v -0.087192 0.302662 -0.318486
v -0.090521 0.332079 -0.296488
v -0.086783 0.330952 -0.295803
v -0.084824 0.322882 -0.301615
v -0.088496 0.324101 -0.301953
v -0.092966 0.344768 -0.288173
v -0.088842 0.343639 -0.287978
v -0.088029 0.338140 -0.291522
v -0.092197 0.339265 -0.291889
v -0.081525 0.336439 -0.288555
v -0.084162 0.337173 -0.290243
v -0.084853 0.342809 -0.286985
v -0.080857 0.341897 -0.284042
v -0.078212 0.321114 -0.298050
v -0.081455 0.321938 -0.300075
v -0.083030 0.329985 -0.294503
v -0.079654 0.329207 -0.292332
v -0.075061 0.299194 -0.313127
v -0.078873 0.300383 -0.315764
v -0.079489 0.310296 -0.309852
v -0.076290 0.309855 -0.307262
v -0.098550 0.298680 -0.258729
v -0.102567 0.299772 -0.260026
v -0.102776 0.294852 -0.262800
v -0.099121 0.293639 -0.261869
v -0.097417 0.315218 -0.243908
v -0.102971 0.315777 -0.245294
v -0.103010 0.306546 -0.253713
v -0.098340 0.305294 -0.252163
v -0.097346 0.338149 -0.222007
v -0.104233 0.338762 -0.223023
v -0.103299 0.326929 -0.235225
v -0.096901 0.326340 -0.233958
v -0.096588 0.371791 -0.185627
v -0.104071 0.372833 -0.185562
v -0.104385 0.353797 -0.208491
v -0.096665 0.353003 -0.207731
v -0.081502 0.348831 -0.281909
v -0.084708 0.350208 -0.283925
v -0.082083 0.354353 -0.281049
v -0.079035 0.352232 -0.277691
v -0.120179 0.430236 -0.182290
v -0.127993 0.424049 -0.193421
v -0.130348 0.398125 -0.196345
v -0.123640 0.401249 -0.179491
v -0.133151 0.400042 -0.210196
v -0.132707 0.414867 -0.203828
v -0.134273 0.407832 -0.214663
v -0.132328 0.395902 -0.221783
v -0.129575 0.390902 -0.234222
v -0.132930 0.403055 -0.227960
v -0.127725 0.396884 -0.243382
v -0.123028 0.385222 -0.247844
v -0.108697 0.374185 -0.275400
v -0.108281 0.379523 -0.281515
v -0.100334 0.370758 -0.287897
v -0.101871 0.369193 -0.281157
v -0.052965 0.366826 -0.218591
v -0.061448 0.363370 -0.220470
v -0.060298 0.360132 -0.229110
v -0.051379 0.362510 -0.229743
v -0.054553 0.400686 -0.188279
v -0.065679 0.381127 -0.189014
v -0.061605 0.374686 -0.204829
v -0.052696 0.380413 -0.198197
v -0.072281 0.390049 -0.179812
v -0.061841 0.413578 -0.180101
v -0.076191 0.419995 -0.174606
v -0.083215 0.396568 -0.172758
v -0.115617 0.403181 -0.172165
v -0.107696 0.400997 -0.170537
v -0.101525 0.428064 -0.172789
v -0.110911 0.431106 -0.175045
v -0.062053 0.351290 -0.267101
v -0.055422 0.351494 -0.257178
v -0.065926 0.351608 -0.259726
v -0.069294 0.351291 -0.267392
v -0.099953 0.400348 -0.169388
v -0.092421 0.400241 -0.169166
v -0.086748 0.423542 -0.172163
v -0.093524 0.425366 -0.171975
v -0.075455 0.353084 -0.275319
v -0.081612 0.356329 -0.280975
v -0.075277 0.355400 -0.282161
v -0.068117 0.352439 -0.275658
v -0.088369 0.360178 -0.283748
v -0.093877 0.363874 -0.284190
v -0.089786 0.363097 -0.288358
v -0.083970 0.359310 -0.286259
v -0.062263 0.353750 -0.249174
v -0.050797 0.353336 -0.247660
v -0.053549 0.357695 -0.239726
v -0.061760 0.356513 -0.240219
v -0.100802 0.342522 -0.287419
v -0.103481 0.349158 -0.283148
v -0.098145 0.335522 -0.291021
v -0.095858 0.324677 -0.294843
v -0.114193 0.385885 -0.268173
v -0.124306 0.368208 -0.259290
v -0.107891 0.358284 -0.276862
v -0.113064 0.369853 -0.266301
v -0.113956 0.378260 -0.264530
v -0.116340 0.371567 -0.261714
v -0.120415 0.390557 -0.258245
v -0.084600 0.283975 -0.270521
v -0.080206 0.282274 -0.274591
v -0.098325 0.288729 -0.264847
v -0.092496 0.286777 -0.266606
v -0.079367 0.283484 -0.278257
v -0.078744 0.288271 -0.284785
v -0.077736 0.291148 -0.296723
v -0.076350 0.291699 -0.305351
v -0.075700 0.290664 -0.311602
v -0.076865 0.290693 -0.315922
v -0.080587 0.291899 -0.318469
v -0.084209 0.292925 -0.320037
v -0.106146 0.290679 -0.266590
v -0.102411 0.289590 -0.265254
v -0.088653 0.294201 -0.321106
v -0.092362 0.296064 -0.318839
v -0.095487 0.298465 -0.313577
v -0.100682 0.299225 -0.305768
v -0.111583 0.298361 -0.297164
v -0.118102 0.295072 -0.290862
v -0.113714 0.291728 -0.273159
v -0.109268 0.291120 -0.268243
v -0.120859 0.292350 -0.286636
v -0.119079 0.292057 -0.280996
v -0.148699 0.186450 -0.172778
v -0.145887 0.180737 -0.176925
v -0.148004 0.197503 -0.160733
v -0.149367 0.192168 -0.167827
v -0.142707 0.199796 -0.149219
v -0.145704 0.199702 -0.154504
v -0.131932 0.198731 -0.143960
v -0.137993 0.199306 -0.146083
v -0.125788 0.197545 -0.143649
v -0.119605 0.196273 -0.145174
v -0.111021 0.193357 -0.150391
v -0.114617 0.194863 -0.147390
v -0.108820 0.183448 -0.164953
v -0.109468 0.189724 -0.156905
v -0.114000 0.174417 -0.174332
v -0.110531 0.177859 -0.169864
v -0.119142 0.171456 -0.179813
v -0.116962 0.172554 -0.177637
v -0.127630 0.171504 -0.182835
v -0.122715 0.170979 -0.181505
v -0.132230 0.172420 -0.183440
v -0.136508 0.173724 -0.183308
v -0.142854 0.177649 -0.180243
v -0.140027 0.175474 -0.182234
v -0.139205 0.177337 -0.185165
v -0.135559 0.175588 -0.185937
v -0.131372 0.174286 -0.185971
v -0.126752 0.173443 -0.185308
v -0.121658 0.173062 -0.183986
v -0.117858 0.173440 -0.182335
v -0.115548 0.174574 -0.180612
v -0.112615 0.177496 -0.177910
v -0.108610 0.182514 -0.174549
v -0.107289 0.189049 -0.170689
v -0.107783 0.196467 -0.166417
v -0.109309 0.202083 -0.162386
v -0.112771 0.205042 -0.159055
v -0.117662 0.207593 -0.156897
v -0.123875 0.209833 -0.155994
v -0.129851 0.210918 -0.156616
v -0.135564 0.210792 -0.158753
v -0.140209 0.210003 -0.162248
v -0.143665 0.207843 -0.167192
v -0.146346 0.203699 -0.170758
v -0.145001 0.183916 -0.181406
v -0.142248 0.179510 -0.183743
v -0.147933 0.197374 -0.174821
v -0.147350 0.190833 -0.178259
v -0.104871 0.285388 -0.305751
v -0.115596 0.282186 -0.298254
v -0.095113 0.285314 -0.318290
v -0.098991 0.286288 -0.312968
v -0.107942 0.268260 -0.304310
v -0.105160 0.268191 -0.311193
v -0.108901 0.253770 -0.291413
v -0.110518 0.257670 -0.283280
v -0.113401 0.261482 -0.279375
v -0.117927 0.264834 -0.275912
v -0.117986 0.271496 -0.284922
v -0.112444 0.268494 -0.295441
v -0.121442 0.275245 -0.279856
v -0.119780 0.268622 -0.272330
v -0.119583 0.272550 -0.268879
v -0.121632 0.278853 -0.275496
v -0.118636 0.282197 -0.270508
v -0.117419 0.276108 -0.265110
v -0.113329 0.279204 -0.261009
v -0.113448 0.283266 -0.265777
v -0.124480 0.244323 -0.225631
v -0.127242 0.233735 -0.211025
v -0.124662 0.236696 -0.209362
v -0.121661 0.247217 -0.223418
v -0.129488 0.230158 -0.213035
v -0.126606 0.240941 -0.228047
v -0.128040 0.237078 -0.230670
v -0.131381 0.225954 -0.215410
v -0.130837 0.221524 -0.217962
v -0.127183 0.233076 -0.233110
v -0.123091 0.229223 -0.234902
v -0.126907 0.217108 -0.220188
v -0.124779 0.213223 -0.222472
v -0.120874 0.225420 -0.237082
v -0.120538 0.221695 -0.239642
v -0.124460 0.209875 -0.224775
v -0.128805 0.198632 -0.211510
v -0.133590 0.187985 -0.199904
v -0.136110 0.190494 -0.198563
v -0.129874 0.201558 -0.209606
v -0.132145 0.205700 -0.207491
v -0.138810 0.195045 -0.196925
v -0.141638 0.201657 -0.194986
v -0.135659 0.211045 -0.205245
v -0.136149 0.216159 -0.202674
v -0.142346 0.207729 -0.192476
v -0.140883 0.213265 -0.189368
v -0.134246 0.220918 -0.200139
v -0.131851 0.224797 -0.197966
v -0.138292 0.217544 -0.186436
v -0.134548 0.220550 -0.183673
v -0.128983 0.227813 -0.196123
v -0.138059 0.214838 -0.174201
v -0.142126 0.212127 -0.177220
v -0.144849 0.207682 -0.180395
v -0.146206 0.201547 -0.183723
v -0.145540 0.194934 -0.186239
v -0.142753 0.187909 -0.187954
v -0.139902 0.183139 -0.189393
v -0.137044 0.180475 -0.190442
v -0.083871 0.275544 -0.288880
v -0.083884 0.278124 -0.299443
v -0.082847 0.279994 -0.307228
v -0.081686 0.281292 -0.313046
v -0.096054 0.255575 -0.281429
v -0.095394 0.251978 -0.289344
v -0.090251 0.265974 -0.308567
v -0.090464 0.264606 -0.300309
v -0.089878 0.264740 -0.289998
v -0.087753 0.268139 -0.280134
v -0.091032 0.261619 -0.272590
v -0.094481 0.258862 -0.276979
v -0.084436 0.275167 -0.270236
v -0.088546 0.268821 -0.264964
v -0.089259 0.264987 -0.268562
v -0.085854 0.271738 -0.274823
v -0.092233 0.280802 -0.262928
v -0.093823 0.276783 -0.258508
v -0.090039 0.272701 -0.261576
v -0.086542 0.279220 -0.266555
v -0.103313 0.244562 -0.221614
v -0.106760 0.233736 -0.207387
v -0.104184 0.229984 -0.208605
v -0.100569 0.240887 -0.223323
v -0.102839 0.221196 -0.212392
v -0.099470 0.232885 -0.227905
v -0.099296 0.237004 -0.225421
v -0.102878 0.225805 -0.210268
v -0.108044 0.213981 -0.218828
v -0.104822 0.226346 -0.233541
v -0.100993 0.229209 -0.230649
v -0.104245 0.217120 -0.215298
v -0.109414 0.207381 -0.223398
v -0.105984 0.219514 -0.238367
v -0.106488 0.223104 -0.236098
v -0.109761 0.210734 -0.221523
v -0.112028 0.198576 -0.208112
v -0.113280 0.186615 -0.195922
v -0.115090 0.184645 -0.197691
v -0.112443 0.195772 -0.209831
v -0.106129 0.206020 -0.201992
v -0.106641 0.195827 -0.190802
v -0.110470 0.190362 -0.193598
v -0.109920 0.201996 -0.205479
v -0.105108 0.215897 -0.196900
v -0.105965 0.207185 -0.185388
v -0.105159 0.201425 -0.188053
v -0.104743 0.210729 -0.199081
v -0.109163 0.224305 -0.193883
v -0.110494 0.216201 -0.181145
v -0.107772 0.212082 -0.183102
v -0.106594 0.220400 -0.195158
v -0.108638 0.206208 -0.173594
v -0.111602 0.210152 -0.171425
v -0.105896 0.194292 -0.179064
v -0.106732 0.200941 -0.176088
v -0.111707 0.182414 -0.184164
v -0.107555 0.188100 -0.181727
v -0.117154 0.176883 -0.187890
v -0.114904 0.178728 -0.186247
v -0.109453 0.280562 -0.258419
v -0.105777 0.280282 -0.257309
v -0.104928 0.282779 -0.261972
v -0.108467 0.283170 -0.263170
v -0.118249 0.248841 -0.221810
v -0.121348 0.238309 -0.208004
v -0.117307 0.238563 -0.206928
v -0.114261 0.249151 -0.220804
v -0.130211 0.222295 -0.181659
v -0.125294 0.222812 -0.180383
v -0.121007 0.229776 -0.193462
v -0.125359 0.229460 -0.194623
v -0.127970 0.217019 -0.170690
v -0.133341 0.216472 -0.172005
v -0.133712 0.178489 -0.190884
v -0.129901 0.177226 -0.190774
v -0.126148 0.196471 -0.212334
v -0.122520 0.194916 -0.212372
v -0.126873 0.184282 -0.200436
v -0.130501 0.185915 -0.200518
v -0.118145 0.219285 -0.240813
v -0.114649 0.217926 -0.241039
v -0.118473 0.206124 -0.225893
v -0.122041 0.207590 -0.225754
v -0.101907 0.268121 -0.314779
v -0.098411 0.267646 -0.315403
v -0.102838 0.250944 -0.296307
v -0.106116 0.252017 -0.295711
v -0.087366 0.283235 -0.319873
v -0.091046 0.284275 -0.320359
v -0.082021 0.282099 -0.316752
v -0.084111 0.282414 -0.318549
v -0.096790 0.250737 -0.294285
v -0.099700 0.250574 -0.295888
v -0.095169 0.267360 -0.315012
v -0.091675 0.267049 -0.313293
v -0.107890 0.217737 -0.239859
v -0.111459 0.205772 -0.224678
v -0.114937 0.205532 -0.225537
v -0.111231 0.217405 -0.240714
v -0.118264 0.183603 -0.199035
v -0.122793 0.183506 -0.199941
v -0.118772 0.194227 -0.211953
v -0.114911 0.194406 -0.211076
v -0.125567 0.176431 -0.190211
v -0.120713 0.176129 -0.189191
v -0.116157 0.213400 -0.170271
v -0.122228 0.216012 -0.170107
v -0.112566 0.227139 -0.193172
v -0.116738 0.229006 -0.192973
v -0.120103 0.221860 -0.179846
v -0.114621 0.219441 -0.180074
v -0.110361 0.248601 -0.220416
v -0.113481 0.237928 -0.206490
v -0.109868 0.236357 -0.206702
v -0.106581 0.247137 -0.220652
v -0.101238 0.282417 -0.261444
v -0.101879 0.279786 -0.256815
v -0.097768 0.279012 -0.256897
v -0.096991 0.281870 -0.260890
v -0.081415 0.279702 -0.275026
v -0.082743 0.277391 -0.279845
v -0.091331 0.283638 -0.266777
v -0.085166 0.281439 -0.270894
v -0.100460 0.285191 -0.265018
v -0.096340 0.284828 -0.264370
v -0.121537 0.282987 -0.288731
v -0.122304 0.286470 -0.283864
v -0.107756 0.285934 -0.266857
v -0.104125 0.285626 -0.265566
v -0.119471 0.286935 -0.277835
v -0.113402 0.286454 -0.270451
v -0.123512 0.244574 -0.248388
v -0.119818 0.256031 -0.263843
v -0.115393 0.252898 -0.265747
v -0.119265 0.241126 -0.250060
v -0.123653 0.252142 -0.243070
v -0.120649 0.263788 -0.258132
v -0.121257 0.259750 -0.261171
v -0.124663 0.248330 -0.245909
v -0.107461 0.229121 -0.256989
v -0.103601 0.240678 -0.274344
v -0.100531 0.241050 -0.273383
v -0.104260 0.229483 -0.256090
v -0.102504 0.231409 -0.254291
v -0.098966 0.243072 -0.271156
v -0.099880 0.247093 -0.267555
v -0.103208 0.235214 -0.251443
v -0.101629 0.238435 -0.248669
v -0.098450 0.250285 -0.264223
v -0.094657 0.252627 -0.261097
v -0.097804 0.241041 -0.245922
v -0.096150 0.244458 -0.243080
v -0.092892 0.255928 -0.257913
v -0.092161 0.259827 -0.254700
v -0.095719 0.248337 -0.240235
v -0.096925 0.252131 -0.237707
v -0.093267 0.263749 -0.251786
v -0.096268 0.267761 -0.249210
v -0.099801 0.255913 -0.235553
v -0.103224 0.258475 -0.234348
v -0.099812 0.270394 -0.247795
v -0.103946 0.271712 -0.247597
v -0.107179 0.259862 -0.234115
v -0.114125 0.230888 -0.257081
v -0.109940 0.242431 -0.274567
v -0.106732 0.241099 -0.274727
v -0.110758 0.229547 -0.257293
v -0.111132 0.260377 -0.234513
v -0.107927 0.272228 -0.248046
v -0.111753 0.272045 -0.249178
v -0.115046 0.260095 -0.235538
v -0.116922 0.237403 -0.252476
v -0.112886 0.249208 -0.268722
v -0.112323 0.245010 -0.272701
v -0.116508 0.233381 -0.255598
v -0.118554 0.258465 -0.237445
v -0.115341 0.270391 -0.251452
v -0.118673 0.267352 -0.254897
v -0.121620 0.255547 -0.240260
v -0.149661 0.141029 -0.166851
v -0.154771 0.138646 -0.171632
v -0.157984 0.138482 -0.166778
v -0.152081 0.140498 -0.161994
v -0.154558 0.140364 -0.156973
v -0.160155 0.138067 -0.160494
v -0.161163 0.137127 -0.151953
v -0.156763 0.140878 -0.151746
v -0.156626 0.141309 -0.146148
v -0.160585 0.136623 -0.144595
v -0.158474 0.135460 -0.137587
v -0.154761 0.141629 -0.140434
v -0.151405 0.141400 -0.135470
v -0.154890 0.134417 -0.132001
v -0.149758 0.133370 -0.127631
v -0.147364 0.141241 -0.131020
v -0.121225 0.135089 -0.166385
v -0.118981 0.132819 -0.173749
v -0.122905 0.133786 -0.176770
v -0.124395 0.136247 -0.169704
v -0.114323 0.133483 -0.158489
v -0.111364 0.130346 -0.161058
v -0.114897 0.131584 -0.168197
v -0.117320 0.134388 -0.163438
v -0.112623 0.133552 -0.147116
v -0.109517 0.127464 -0.146343
v -0.109896 0.128512 -0.154060
v -0.112761 0.133605 -0.153042
v -0.117448 0.134357 -0.136675
v -0.115228 0.127903 -0.133666
v -0.111253 0.127534 -0.139427
v -0.114206 0.133826 -0.141672
v -0.143155 0.132335 -0.125600
v -0.134796 0.131331 -0.125980
v -0.135050 0.139643 -0.129207
v -0.141745 0.140624 -0.128981
v -0.145598 0.141019 -0.170439
v -0.139714 0.140033 -0.172170
v -0.141526 0.137018 -0.176891
v -0.149168 0.138177 -0.175089
v -0.128317 0.134942 -0.178241
v -0.135032 0.135907 -0.177827
v -0.133800 0.138793 -0.172604
v -0.128182 0.137536 -0.172129
v -0.122136 0.135655 -0.132915
v -0.128375 0.137866 -0.130130
v -0.127322 0.130504 -0.127556
v -0.120659 0.128972 -0.129679
v -0.141309 0.172970 -0.177027
v -0.140936 0.171097 -0.173289
v -0.143138 0.172891 -0.170145
v -0.143921 0.175007 -0.174300
v -0.146501 0.177526 -0.170518
v -0.145542 0.174672 -0.166910
v -0.148175 0.175830 -0.163251
v -0.149000 0.180538 -0.165706
v -0.149759 0.183035 -0.159860
v -0.148766 0.176076 -0.157774
v -0.147644 0.176631 -0.151285
v -0.148804 0.184488 -0.152890
v -0.146694 0.185191 -0.148046
v -0.145646 0.177381 -0.146863
v -0.142791 0.177515 -0.144528
v -0.143437 0.185118 -0.145320
v -0.143471 0.165827 -0.142458
v -0.145610 0.165662 -0.145313
v -0.148607 0.152275 -0.140245
v -0.145311 0.152684 -0.136602
v -0.151394 0.152088 -0.144394
v -0.147657 0.165722 -0.149209
v -0.148902 0.165665 -0.154519
v -0.152916 0.151788 -0.149555
v -0.152704 0.151323 -0.154305
v -0.148640 0.165441 -0.159123
v -0.146306 0.164865 -0.163047
v -0.150137 0.150378 -0.158478
v -0.147680 0.149690 -0.162915
v -0.143861 0.164478 -0.167137
v -0.141650 0.164002 -0.170565
v -0.145509 0.149541 -0.167300
v -0.117839 0.170294 -0.172518
v -0.120399 0.168923 -0.168811
v -0.122231 0.168510 -0.171827
v -0.119989 0.169194 -0.175459
v -0.113073 0.173573 -0.164054
v -0.115799 0.168407 -0.161925
v -0.117506 0.168716 -0.166306
v -0.115541 0.171778 -0.168610
v -0.113245 0.177615 -0.150801
v -0.116141 0.169757 -0.151040
v -0.115359 0.168600 -0.156809
v -0.112445 0.174465 -0.157889
v -0.118312 0.181296 -0.144082
v -0.120043 0.173078 -0.144124
v -0.117689 0.171674 -0.146620
v -0.115186 0.179899 -0.146289
v -0.119615 0.146039 -0.139899
v -0.116838 0.145095 -0.143809
v -0.118840 0.159798 -0.146665
v -0.121098 0.160583 -0.143905
v -0.114966 0.143296 -0.153217
v -0.116755 0.158076 -0.155052
v -0.117405 0.158975 -0.150386
v -0.115329 0.144163 -0.148253
v -0.118313 0.143069 -0.161981
v -0.118893 0.158450 -0.163440
v -0.117268 0.157951 -0.159388
v -0.115962 0.142861 -0.157781
v -0.123858 0.144544 -0.168517
v -0.122877 0.160759 -0.170719
v -0.121511 0.159623 -0.166679
v -0.121571 0.143526 -0.164807
v -0.138770 0.177468 -0.142625
v -0.133537 0.177324 -0.141142
v -0.133623 0.184271 -0.141350
v -0.139085 0.184791 -0.143067
v -0.140645 0.152331 -0.134668
v -0.134643 0.151343 -0.134343
v -0.134139 0.165247 -0.139352
v -0.139568 0.165569 -0.140564
v -0.138572 0.162801 -0.172541
v -0.133813 0.161451 -0.173095
v -0.137108 0.148007 -0.172027
v -0.142196 0.148992 -0.170548
v -0.137714 0.171225 -0.178587
v -0.133271 0.169837 -0.179037
v -0.132445 0.168136 -0.174991
v -0.137100 0.169461 -0.174819
v -0.124084 0.167654 -0.174258
v -0.128144 0.167615 -0.174788
v -0.128260 0.168825 -0.178549
v -0.123486 0.168709 -0.177414
v -0.126941 0.145699 -0.171317
v -0.132041 0.146964 -0.172164
v -0.129261 0.160747 -0.173092
v -0.124942 0.160705 -0.172671
v -0.124487 0.161867 -0.141693
v -0.128951 0.164009 -0.139506
v -0.128722 0.149870 -0.134863
v -0.123515 0.147572 -0.136976
v -0.122609 0.182576 -0.142350
v -0.128102 0.183652 -0.141087
v -0.128506 0.176387 -0.141002
v -0.123696 0.174637 -0.142263
v -0.149233 0.183116 -0.169728
v -0.146380 0.179222 -0.174193
v -0.149026 0.191195 -0.156122
v -0.150020 0.187942 -0.164606
v -0.143924 0.191793 -0.145892
v -0.146901 0.192110 -0.150330
v -0.133509 0.190523 -0.141201
v -0.139293 0.191281 -0.143185
v -0.127544 0.189843 -0.140834
v -0.121296 0.189019 -0.142417
v -0.112782 0.186580 -0.146793
v -0.116366 0.187915 -0.144330
v -0.110166 0.180219 -0.160887
v -0.111089 0.184232 -0.152808
v -0.114290 0.173207 -0.171669
v -0.111336 0.175434 -0.166577
v -0.119239 0.170266 -0.178050
v -0.116930 0.171423 -0.175547
v -0.128094 0.170164 -0.181369
v -0.122974 0.169785 -0.179999
v -0.132898 0.171175 -0.181851
v -0.137476 0.172669 -0.181520
v -0.143572 0.176488 -0.177825
v -0.140985 0.174404 -0.180169
v -0.161216 0.136730 -0.160599
v -0.161897 0.135549 -0.152148
v -0.159167 0.137290 -0.167210
v -0.155770 0.137463 -0.172374
v -0.150147 0.136912 -0.175833
v -0.142021 0.135869 -0.177869
v -0.135684 0.134892 -0.178849
v -0.128675 0.133890 -0.179518
v -0.122959 0.132874 -0.178202
v -0.118258 0.131802 -0.174757
v -0.114071 0.130315 -0.168748
v -0.111046 0.128697 -0.161649
v -0.109602 0.126507 -0.154243
v -0.109356 0.124904 -0.146577
v -0.111207 0.124931 -0.139349
v -0.115211 0.125293 -0.133418
v -0.120743 0.126301 -0.129459
v -0.127542 0.127771 -0.127190
v -0.135077 0.128534 -0.125731
v -0.143736 0.129483 -0.125374
v -0.150574 0.130542 -0.127575
v -0.155840 0.131573 -0.132078
v -0.159410 0.132618 -0.137945
v -0.161377 0.134135 -0.145114
v -0.150880 0.126472 -0.129171
v -0.144207 0.125159 -0.126973
v -0.155861 0.127821 -0.133599
v -0.159195 0.129338 -0.139336
v -0.160799 0.131819 -0.146030
v -0.161162 0.133785 -0.152866
v -0.160528 0.135074 -0.160870
v -0.158782 0.135701 -0.166986
v -0.155773 0.135877 -0.171819
v -0.150623 0.135344 -0.175070
v -0.143314 0.134292 -0.176746
v -0.136046 0.133402 -0.178124
v -0.128789 0.132641 -0.178797
v -0.123155 0.131553 -0.177539
v -0.118832 0.130499 -0.174317
v -0.114959 0.129100 -0.168510
v -0.112139 0.127093 -0.161550
v -0.110680 0.124574 -0.154161
v -0.110476 0.122485 -0.146862
v -0.112314 0.121576 -0.140336
v -0.116173 0.121687 -0.134703
v -0.121462 0.122407 -0.130885
v -0.128476 0.123497 -0.128442
v -0.136007 0.124263 -0.127041
v -0.161239 0.133234 -0.153094
v -0.160966 0.131198 -0.146225
v -0.159436 0.128610 -0.139654
v -0.156072 0.126971 -0.133822
v -0.151052 0.125638 -0.129350
v -0.144362 0.124300 -0.127088
v -0.136171 0.123457 -0.127137
v -0.128580 0.122622 -0.128553
v -0.121436 0.121555 -0.130998
v -0.116176 0.120897 -0.134806
v -0.112379 0.120859 -0.140452
v -0.110521 0.121828 -0.146872
v -0.110665 0.124037 -0.154190
v -0.112062 0.126466 -0.161693
v -0.114757 0.128816 -0.168512
v -0.118659 0.129948 -0.174505
v -0.123077 0.131217 -0.177697
v -0.128670 0.132156 -0.178971
v -0.136071 0.132844 -0.178200
v -0.143974 0.133571 -0.176809
v -0.150920 0.134914 -0.175188
v -0.155952 0.135415 -0.171822
v -0.158844 0.135212 -0.167199
v -0.160524 0.134540 -0.161023
v -0.159321 0.101052 -0.136797
v -0.153812 0.116994 -0.131167
v -0.158901 0.119731 -0.135500
v -0.163983 0.104509 -0.141561
v -0.166093 0.108337 -0.146940
v -0.161986 0.122652 -0.140978
v -0.163314 0.125808 -0.147621
v -0.165875 0.112506 -0.153081
v -0.163663 0.129017 -0.154879
v -0.162876 0.130703 -0.162037
v -0.163050 0.121019 -0.167388
v -0.164902 0.116913 -0.160100
v -0.160964 0.131536 -0.168481
v -0.157690 0.131688 -0.173236
v -0.156509 0.123705 -0.176905
v -0.160346 0.123039 -0.172977
v -0.112984 0.097947 -0.139820
v -0.111599 0.113841 -0.140701
v -0.116211 0.112793 -0.135039
v -0.119193 0.095761 -0.134760
v -0.108759 0.105144 -0.154279
v -0.109649 0.118277 -0.155586
v -0.109354 0.115564 -0.147613
v -0.109430 0.101072 -0.146380
v -0.109610 0.109785 -0.163070
v -0.111902 0.114652 -0.171655
v -0.113739 0.124485 -0.171062
v -0.111088 0.121530 -0.163877
v -0.115492 0.118116 -0.177996
v -0.119739 0.120041 -0.181229
v -0.122139 0.127479 -0.179833
v -0.117571 0.126108 -0.176592
v -0.152833 0.098048 -0.133059
v -0.144405 0.095496 -0.130317
v -0.138713 0.113876 -0.127934
v -0.147059 0.115017 -0.128620
v -0.151986 0.131058 -0.176635
v -0.143415 0.129883 -0.177772
v -0.141562 0.122330 -0.179606
v -0.150357 0.123461 -0.179369
v -0.125673 0.121388 -0.182385
v -0.133345 0.121614 -0.180532
v -0.135526 0.129354 -0.179524
v -0.128164 0.128689 -0.181086
v -0.122577 0.112440 -0.131142
v -0.130546 0.112889 -0.128812
v -0.135763 0.094322 -0.129687
v -0.126843 0.094574 -0.131446
v -0.162172 0.113407 -0.171838
v -0.160894 0.111279 -0.173142
v -0.163502 0.106730 -0.166568
v -0.164758 0.108612 -0.164907
v -0.155296 0.118184 -0.180225
v -0.154151 0.116177 -0.181318
v -0.157938 0.114737 -0.178423
v -0.159188 0.116933 -0.177248
v -0.140503 0.117555 -0.180981
v -0.139788 0.115415 -0.181581
v -0.148170 0.116444 -0.182564
v -0.149176 0.118454 -0.181705
v -0.124813 0.117386 -0.182637
v -0.124569 0.115234 -0.182933
v -0.131936 0.114960 -0.181647
v -0.132391 0.117164 -0.181242
v -0.114771 0.114431 -0.177931
v -0.114977 0.112126 -0.178008
v -0.118850 0.114349 -0.181610
v -0.118874 0.116433 -0.181369
v -0.109468 0.104888 -0.162120
v -0.110222 0.102917 -0.162813
v -0.111958 0.108060 -0.171402
v -0.111486 0.110246 -0.171127
v -0.110122 0.094828 -0.145598
v -0.111060 0.093202 -0.146906
v -0.109955 0.097787 -0.154319
v -0.109067 0.099555 -0.153294
v -0.120956 0.088107 -0.134836
v -0.121650 0.086731 -0.136658
v -0.115026 0.089514 -0.140953
v -0.114146 0.091028 -0.139376
v -0.138623 0.085057 -0.131036
v -0.138740 0.083834 -0.133213
v -0.129601 0.084849 -0.134095
v -0.129175 0.086136 -0.132099
v -0.155738 0.088465 -0.137169
v -0.155255 0.087173 -0.139398
v -0.147260 0.084627 -0.135105
v -0.147447 0.085855 -0.132863
v -0.166365 0.095366 -0.147290
v -0.165449 0.093895 -0.149420
v -0.161242 0.090262 -0.144186
v -0.161959 0.091637 -0.142011
v -0.166579 0.103823 -0.158315
v -0.165492 0.102094 -0.160200
v -0.166797 0.097825 -0.154692
v -0.167837 0.099393 -0.152667
v -0.151036 0.097813 -0.156678
v -0.146641 0.094233 -0.151377
v -0.139138 0.092133 -0.147993
v -0.130963 0.092944 -0.148932
v -0.124754 0.095688 -0.153125
v -0.122832 0.100004 -0.159920
v -0.124147 0.104997 -0.167918
v -0.128440 0.107991 -0.172488
v -0.135778 0.108854 -0.173407
v -0.143482 0.109039 -0.173184
v -0.148238 0.106698 -0.169481
v -0.150941 0.102179 -0.162781
v -0.016774 0.599025 -0.467672
v -0.017139 0.599351 -0.467439
v -0.018298 0.599472 -0.467025
v -0.019613 0.603290 -0.465325
v -0.010369 0.626137 -0.464733
v -0.008332 0.625470 -0.464607
v -0.006244 0.626148 -0.464424
v -0.005250 0.628129 -0.464521
v -0.022707 0.611036 -0.465043
v -0.021549 0.618630 -0.464920
v -0.016111 0.625730 -0.464841
v -0.012348 0.628186 -0.464772
v -0.005397 0.631519 -0.464850
v -0.003505 0.634035 -0.464912
v -0.016733 0.598310 -0.467950
v -0.004427 0.590714 -0.465833
v -0.012498 0.595541 -0.465944
v 0.000448 0.635641 -0.464719
v 0.002334 0.635512 -0.464543
v -0.000258 0.590485 -0.465557
v -0.008667 0.610094 -0.387160
v -0.014660 0.604302 -0.388502
v -0.016074 0.600019 -0.396342
v -0.013329 0.596302 -0.408992
v -0.009429 0.593259 -0.415680
v -0.004136 0.591356 -0.418080
v -0.001429 0.614913 -0.388317
v -0.004235 0.613656 -0.387082
v -0.004039 0.620345 -0.403687
v -0.001354 0.621718 -0.404940
v -0.001341 0.626667 -0.418842
v -0.004100 0.625381 -0.418297
v -0.006176 0.616129 -0.404766
v -0.005662 0.620473 -0.419014
v -0.006515 0.621249 -0.420287
v -0.009737 0.616089 -0.403409
v -0.012148 0.620544 -0.418586
v -0.016704 0.614606 -0.418404
v -0.015154 0.609920 -0.403344
v -0.016577 0.604507 -0.408580
v -0.017474 0.608478 -0.421151
v -0.014530 0.602098 -0.426161
v -0.013710 0.599332 -0.418054
v -0.010142 0.597523 -0.428654
v -0.004201 0.594603 -0.429138
v -0.004180 0.593506 -0.424646
v -0.009647 0.595747 -0.423081
v -0.005476 0.623453 -0.417548
v -0.005465 0.620856 -0.416870
v -0.005832 0.616393 -0.401547
v -0.005533 0.618532 -0.402651
v -0.006541 0.616548 -0.402387
v -0.007540 0.621369 -0.418524
v -0.009116 0.622741 -0.418792
v -0.006804 0.618269 -0.403134
v -0.007011 0.621946 -0.430115
v -0.008625 0.622955 -0.430432
v -0.005466 0.622611 -0.429007
v -0.005914 0.621421 -0.429240
v -0.015608 0.603133 -0.434727
v -0.010909 0.597851 -0.435831
v -0.018183 0.616311 -0.430301
v -0.018740 0.609953 -0.431997
v -0.010754 0.624469 -0.430167
v -0.013963 0.622255 -0.430118
v -0.004237 0.627652 -0.429625
v -0.005633 0.625517 -0.429423
v -0.006584 0.612053 -0.387028
v -0.004504 0.594138 -0.435594
v -0.001269 0.628986 -0.429621
v -0.001202 0.593629 -0.424610
v -0.001244 0.591544 -0.418102
v -0.001136 0.594590 -0.429116
v -0.000087 0.614969 -0.388260
v -0.000033 0.621739 -0.404943
v 0.000065 0.626660 -0.418816
v -0.001185 0.594057 -0.435509
v 0.000208 0.628948 -0.429596
v -0.000859 0.630351 -0.443276
v -0.004182 0.628948 -0.443134
v -0.006219 0.622403 -0.441667
v -0.007843 0.622121 -0.441914
v -0.014930 0.622748 -0.441980
v -0.019598 0.616827 -0.441197
v -0.020250 0.610399 -0.441278
v -0.017038 0.603515 -0.442202
v -0.011976 0.597877 -0.442195
v -0.004851 0.593554 -0.441269
v -0.003743 0.630531 -0.453494
v -0.000089 0.632005 -0.453501
v -0.008202 0.622711 -0.452488
v -0.006227 0.623396 -0.452391
v -0.020721 0.617042 -0.451987
v -0.015595 0.623314 -0.452619
v -0.018346 0.603145 -0.451879
v -0.021582 0.610231 -0.451704
v -0.004988 0.591775 -0.450466
v -0.012605 0.596533 -0.451619
v -0.005303 0.625207 -0.452666
v -0.005496 0.628247 -0.453234
v -0.005733 0.626812 -0.442696
v -0.005511 0.623946 -0.441937
v -0.009637 0.622926 -0.442114
v -0.011579 0.624805 -0.442278
v -0.012019 0.625467 -0.452804
v -0.010134 0.623409 -0.452623
v -0.016484 0.598449 -0.453686
v -0.016782 0.598909 -0.453536
v 0.000778 0.630244 -0.443215
v 0.001692 0.631881 -0.453383
v -0.001043 0.591579 -0.450249
v -0.001176 0.593415 -0.441127
v 0.017863 0.596837 -0.464662
v 0.017261 0.596675 -0.464940
v 0.021092 0.600553 -0.462516
v 0.019250 0.596774 -0.464111
v 0.011496 0.624079 -0.462831
v 0.013592 0.624402 -0.462576
v 0.008785 0.627095 -0.463250
v 0.009514 0.624982 -0.462982
v 0.023902 0.615531 -0.461254
v 0.024642 0.607848 -0.461353
v 0.015831 0.626079 -0.462184
v 0.019251 0.623199 -0.461753
v 0.007858 0.633126 -0.463960
v 0.009361 0.630357 -0.463612
v 0.016923 0.595987 -0.465209
v 0.012402 0.594015 -0.463977
v 0.003927 0.590194 -0.465271
v 0.004211 0.635418 -0.464367
v 0.013393 0.604897 -0.387804
v 0.007729 0.610332 -0.386603
v 0.011694 0.597069 -0.408595
v 0.014728 0.600908 -0.395627
v 0.001731 0.591663 -0.418015
v 0.007417 0.593942 -0.415426
v 0.003722 0.613626 -0.386847
v 0.001176 0.614927 -0.388187
v 0.004023 0.625365 -0.418142
v 0.001425 0.626692 -0.418750
v 0.001211 0.621751 -0.404801
v 0.003764 0.620401 -0.403509
v 0.006124 0.621169 -0.420011
v 0.005273 0.620402 -0.418799
v 0.005658 0.616014 -0.404539
v 0.014244 0.610294 -0.402886
v 0.015835 0.614498 -0.418153
v 0.011559 0.620565 -0.418226
v 0.008863 0.616414 -0.402888
v 0.012207 0.599695 -0.417829
v 0.013007 0.601909 -0.425965
v 0.016372 0.608346 -0.420941
v 0.015427 0.604970 -0.408204
v 0.007620 0.595949 -0.422893
v 0.001651 0.593630 -0.424546
v 0.001984 0.594567 -0.429068
v 0.008265 0.597364 -0.428460
v 0.005101 0.618539 -0.402405
v 0.005318 0.616332 -0.401334
v 0.005130 0.620839 -0.416668
v 0.005254 0.623458 -0.417343
v 0.006174 0.618322 -0.402726
v 0.008630 0.622719 -0.418425
v 0.007083 0.621387 -0.418207
v 0.005967 0.616520 -0.402112
v 0.008428 0.622676 -0.429962
v 0.006800 0.621610 -0.429736
v 0.005671 0.621211 -0.428918
v 0.005307 0.622466 -0.428732
v 0.008982 0.597252 -0.435310
v 0.014237 0.602317 -0.434077
v 0.017748 0.609177 -0.431398
v 0.017547 0.615554 -0.429747
v 0.013615 0.621777 -0.429544
v 0.010573 0.624231 -0.429590
v 0.005721 0.625347 -0.429177
v 0.004477 0.627445 -0.429465
v 0.005933 0.612232 -0.386601
v 0.002142 0.593928 -0.435401
v 0.001701 0.628921 -0.429532
v 0.005460 0.628559 -0.442645
v 0.002393 0.630210 -0.443110
v 0.008272 0.621484 -0.441069
v 0.006675 0.621913 -0.440981
v 0.019518 0.615288 -0.439660
v 0.015326 0.621601 -0.440600
v 0.016038 0.602070 -0.440850
v 0.019718 0.608860 -0.439766
v 0.002586 0.593269 -0.440976
v 0.010290 0.596912 -0.441270
v 0.003418 0.631834 -0.453195
v 0.006782 0.629870 -0.452767
v 0.008067 0.622555 -0.451298
v 0.009938 0.621692 -0.451164
v 0.017266 0.621476 -0.450346
v 0.021650 0.614697 -0.449340
v 0.021961 0.607874 -0.449089
v 0.018240 0.601000 -0.449684
v 0.011217 0.595253 -0.450184
v 0.002942 0.591385 -0.450027
v 0.008123 0.627440 -0.452274
v 0.007467 0.624462 -0.451683
v 0.006142 0.623553 -0.441315
v 0.006741 0.626374 -0.442071
v 0.012218 0.623955 -0.441111
v 0.010110 0.622294 -0.441139
v 0.011928 0.622216 -0.451039
v 0.014050 0.623956 -0.450916
v 0.015767 0.596592 -0.451670
v 0.016379 0.596874 -0.451491
v 0.002099 0.637756 -0.479254
v 0.004060 0.640329 -0.496151
v -0.000427 0.638692 -0.496687
v -0.002139 0.636105 -0.479628
v -0.005368 0.628315 -0.479351
v -0.004062 0.630864 -0.496350
v -0.006435 0.630139 -0.496645
v -0.007598 0.627596 -0.479595
v -0.015808 0.627605 -0.480021
v -0.014951 0.629828 -0.497526
v -0.021082 0.621450 -0.498195
v -0.021618 0.619921 -0.480459
v -0.023147 0.611750 -0.480665
v -0.023050 0.612767 -0.498472
v -0.021200 0.603902 -0.498411
v -0.020672 0.603374 -0.480660
v -0.016016 0.596132 -0.484305
v -0.016445 0.595119 -0.501137
v -0.014168 0.594522 -0.501619
v -0.011424 0.594162 -0.481650
v -0.009739 0.592512 -0.498943
v -0.001843 0.588117 -0.498282
v -0.003305 0.589489 -0.481016
v 0.006688 0.642510 -0.514580
v 0.010066 0.643612 -0.535119
v 0.005661 0.642285 -0.535717
v 0.002155 0.641058 -0.515176
v -0.002118 0.632532 -0.514691
v 0.000557 0.632640 -0.534953
v -0.002062 0.631730 -0.535286
v -0.004541 0.631774 -0.514984
v -0.013339 0.630516 -0.516215
v -0.010837 0.629071 -0.536608
v -0.016970 0.619914 -0.536750
v -0.019394 0.621624 -0.516759
v -0.021944 0.612828 -0.516931
v -0.019750 0.611314 -0.536487
v -0.019242 0.603289 -0.535845
v -0.020723 0.604080 -0.516662
v -0.012536 0.593883 -0.516477
v -0.014868 0.594493 -0.516155
v -0.012339 0.593512 -0.534211
v -0.009660 0.592848 -0.534197
v -0.007538 0.591450 -0.516168
v -0.004806 0.590336 -0.533504
v 0.002210 0.586063 -0.532194
v -0.000008 0.587110 -0.515217
v 0.010277 0.641465 -0.563572
v 0.014764 0.642448 -0.562933
v 0.001924 0.629381 -0.562363
v 0.004454 0.630386 -0.562062
v -0.012254 0.615690 -0.562904
v -0.006846 0.625647 -0.563677
v -0.015948 0.599772 -0.560967
v -0.015971 0.607356 -0.562192
v -0.005580 0.589473 -0.557748
v -0.008722 0.590012 -0.557303
v 0.005339 0.582821 -0.554100
v -0.000873 0.587065 -0.556630
v 0.006242 0.633381 -0.562432
v 0.007458 0.638386 -0.563403
v 0.003049 0.639518 -0.535731
v 0.002208 0.635227 -0.535130
v -0.000683 0.634749 -0.514766
v -0.000311 0.638459 -0.515233
v -0.002723 0.636219 -0.496780
v -0.002828 0.632859 -0.496414
v -0.004242 0.630325 -0.479349
v -0.004269 0.633658 -0.479635
v -0.011779 0.630363 -0.479738
v -0.009752 0.628296 -0.479704
v -0.008651 0.630864 -0.496901
v -0.010768 0.632884 -0.497102
v -0.009057 0.634042 -0.515711
v -0.006876 0.632284 -0.515323
v -0.004398 0.631868 -0.535721
v -0.006654 0.633028 -0.536294
v -0.002564 0.630134 -0.563586
v -0.000415 0.629312 -0.562868
v -0.010378 0.591281 -0.557654
v -0.010714 0.593247 -0.558081
v -0.014075 0.596840 -0.534501
v -0.013834 0.594831 -0.534323
v -0.016119 0.595755 -0.516031
v -0.016300 0.597701 -0.516077
v -0.017128 0.598006 -0.498445
v -0.017109 0.596414 -0.498534
v -0.016573 0.597292 -0.481569
v -0.016628 0.598306 -0.481332
v -0.012105 0.594674 -0.559370
v -0.014665 0.595552 -0.560033
v -0.017782 0.598899 -0.535314
v -0.015408 0.598209 -0.534823
v -0.017347 0.598919 -0.516212
v -0.019172 0.599437 -0.516406
v -0.019478 0.599307 -0.498412
v -0.017936 0.599033 -0.498416
v -0.017345 0.598942 -0.481077
v -0.018593 0.599180 -0.480744
v 0.012174 0.643331 -0.534775
v 0.016838 0.642167 -0.562505
v 0.008878 0.642243 -0.514275
v 0.006231 0.640092 -0.495907
v 0.004132 0.637613 -0.479043
v 0.008800 0.582569 -0.553469
v 0.005915 0.585728 -0.531611
v 0.003895 0.586806 -0.514724
v 0.000869 0.589273 -0.480651
v 0.002240 0.587785 -0.497820
v 0.010027 0.635160 -0.478493
v 0.012428 0.637607 -0.495232
v 0.008363 0.639946 -0.495649
v 0.006152 0.637481 -0.478872
v 0.013846 0.626084 -0.477470
v 0.016461 0.628164 -0.493938
v 0.014259 0.629358 -0.494176
v 0.011760 0.627120 -0.477654
v 0.026668 0.616724 -0.476110
v 0.029658 0.617573 -0.492598
v 0.024680 0.626642 -0.492920
v 0.021845 0.624955 -0.476395
v 0.024362 0.600473 -0.476840
v 0.027940 0.600213 -0.493259
v 0.030592 0.608889 -0.492750
v 0.027509 0.608569 -0.476273
v 0.019913 0.591713 -0.497728
v 0.022181 0.591979 -0.496820
v 0.018957 0.593760 -0.481069
v 0.005097 0.588987 -0.480300
v 0.006303 0.587522 -0.497389
v 0.014808 0.590509 -0.496206
v 0.013755 0.592546 -0.479386
v 0.015098 0.639779 -0.513444
v 0.018117 0.640983 -0.533705
v 0.014233 0.643190 -0.534438
v 0.011024 0.642103 -0.513972
v 0.019379 0.629391 -0.511644
v 0.022678 0.629100 -0.531200
v 0.020460 0.630672 -0.531660
v 0.017159 0.630743 -0.511933
v 0.032448 0.617210 -0.509885
v 0.035113 0.614994 -0.528535
v 0.030681 0.625075 -0.529839
v 0.027636 0.626894 -0.510486
v 0.031233 0.599643 -0.510029
v 0.034351 0.598207 -0.527627
v 0.036185 0.606141 -0.527843
v 0.033517 0.608236 -0.509751
v 0.022742 0.589474 -0.529020
v 0.025476 0.589646 -0.528242
v 0.023669 0.590960 -0.511041
v 0.021285 0.590760 -0.511940
v 0.007783 0.586529 -0.514213
v 0.009574 0.585421 -0.531047
v 0.017468 0.588019 -0.529932
v 0.016007 0.589247 -0.512990
v 0.018853 0.641931 -0.562049
v 0.022820 0.639862 -0.561010
v 0.025140 0.628165 -0.557767
v 0.027223 0.626581 -0.557152
v 0.034777 0.621214 -0.555125
v 0.037660 0.610417 -0.552948
v 0.039297 0.601539 -0.551329
v 0.037499 0.594111 -0.550539
v 0.027972 0.585671 -0.550351
v 0.024875 0.585913 -0.551599
v 0.019652 0.584742 -0.552493
v 0.012180 0.582273 -0.552872
v 0.024573 0.636335 -0.559892
v 0.024241 0.631412 -0.558656
v 0.016893 0.636789 -0.512886
v 0.016314 0.633179 -0.512347
v 0.019499 0.633499 -0.532274
v 0.019884 0.637720 -0.532992
v 0.011636 0.632397 -0.478144
v 0.010998 0.629175 -0.477863
v 0.013459 0.631510 -0.494497
v 0.014119 0.634721 -0.494855
v 0.021058 0.630282 -0.493284
v 0.018695 0.628634 -0.493665
v 0.016023 0.626408 -0.477143
v 0.018330 0.628105 -0.476725
v 0.027316 0.629664 -0.530660
v 0.024962 0.628906 -0.530903
v 0.021651 0.629593 -0.511314
v 0.024074 0.630978 -0.510998
v 0.029382 0.626006 -0.556743
v 0.031755 0.626317 -0.556469
v 0.030776 0.588596 -0.550351
v 0.029896 0.586681 -0.550065
v 0.025845 0.593889 -0.510570
v 0.025202 0.592006 -0.510580
v 0.027225 0.590693 -0.527903
v 0.027987 0.592629 -0.527927
v 0.019842 0.595857 -0.478145
v 0.019453 0.594914 -0.478368
v 0.022703 0.593273 -0.494231
v 0.023147 0.594836 -0.494114
v 0.035232 0.590206 -0.550294
v 0.032568 0.589747 -0.550544
v 0.028991 0.595292 -0.510270
v 0.027078 0.594996 -0.510459
v 0.029600 0.593761 -0.527842
v 0.032012 0.594183 -0.527681
v 0.022068 0.596398 -0.477330
v 0.020708 0.596338 -0.477793
v 0.024158 0.595683 -0.493920
v 0.025653 0.595922 -0.493688
v 0.026404 0.632112 -0.620318
v 0.033289 0.624587 -0.650782
v 0.028082 0.624188 -0.651938
v 0.021417 0.631641 -0.621251
v 0.013225 0.618682 -0.618057
v 0.017794 0.610287 -0.649217
v 0.015564 0.609452 -0.649573
v 0.010978 0.617760 -0.618310
v 0.002960 0.613097 -0.618878
v 0.007662 0.605446 -0.649618
v 0.004144 0.594164 -0.647110
v -0.001238 0.601964 -0.616644
v -0.006258 0.594016 -0.615389
v -0.001131 0.586400 -0.645820
v -0.000926 0.579294 -0.643765
v -0.006440 0.586963 -0.613543
v 0.005290 0.577214 -0.609133
v 0.001208 0.577544 -0.609323
v 0.007545 0.568987 -0.638459
v 0.012127 0.568510 -0.638679
v 0.009870 0.575341 -0.608260
v 0.016579 0.566533 -0.638405
v 0.020920 0.563144 -0.637668
v 0.014791 0.571754 -0.606685
v 0.038519 0.618913 -0.672627
v 0.041652 0.614917 -0.686561
v 0.036597 0.614775 -0.687872
v 0.033332 0.618668 -0.673905
v 0.021873 0.604044 -0.672347
v 0.024816 0.599922 -0.687565
v 0.022404 0.598904 -0.688104
v 0.019516 0.603220 -0.672807
v 0.011729 0.599675 -0.672916
v 0.014707 0.595775 -0.688685
v 0.012277 0.585031 -0.688065
v 0.008805 0.588501 -0.671038
v 0.003658 0.580817 -0.670378
v 0.007670 0.577324 -0.688429
v 0.008898 0.569753 -0.687336
v 0.004351 0.573520 -0.668639
v 0.017984 0.561982 -0.663638
v 0.013232 0.562825 -0.662978
v 0.018202 0.559408 -0.681783
v 0.022663 0.558101 -0.682770
v 0.022527 0.559884 -0.663883
v 0.026916 0.555562 -0.683402
v 0.030911 0.551741 -0.683705
v 0.026623 0.556367 -0.663848
v 0.006965 0.618080 -0.619394
v 0.008925 0.617563 -0.618734
v 0.013513 0.609448 -0.649957
v 0.011654 0.610254 -0.650356
v 0.015512 0.604277 -0.673368
v 0.017434 0.603262 -0.673142
v 0.020235 0.598942 -0.688438
v 0.018256 0.600124 -0.688577
v 0.031997 0.611199 -0.688256
v 0.027957 0.604053 -0.687640
v 0.024805 0.608057 -0.672775
v 0.028767 0.615045 -0.673957
v 0.023837 0.620702 -0.651672
v 0.020478 0.614072 -0.649957
v 0.015420 0.622277 -0.618860
v 0.017756 0.628420 -0.620744
v 0.015731 0.562486 -0.681869
v 0.015980 0.560984 -0.681467
v 0.010745 0.564255 -0.662745
v 0.010409 0.566154 -0.662960
v 0.004758 0.572313 -0.638707
v 0.005109 0.570266 -0.638477
v -0.000987 0.578609 -0.609597
v -0.001256 0.580540 -0.610015
v 0.011023 0.565266 -0.685627
v 0.014083 0.563915 -0.683253
v 0.008850 0.567783 -0.664248
v 0.006051 0.569169 -0.666591
v 0.000524 0.575119 -0.641769
v 0.003220 0.573903 -0.639809
v -0.002674 0.581980 -0.610818
v -0.005257 0.582948 -0.612007
v -0.004115 0.584705 -0.582183
v -0.006069 0.585753 -0.582596
v -0.006353 0.587654 -0.583048
v -0.007749 0.589031 -0.583663
v -0.010245 0.589867 -0.584420
v -0.011362 0.593895 -0.585597
v 0.004253 0.624282 -0.589459
v 0.006482 0.624544 -0.588945
v 0.008834 0.625493 -0.588739
v 0.010720 0.628749 -0.589446
v 0.004086 0.582224 -0.580640
v -0.000561 0.584346 -0.581808
v -0.011102 0.601077 -0.587188
v -0.006553 0.609163 -0.588243
v -0.001899 0.619911 -0.589962
v 0.002209 0.624748 -0.590237
v 0.012255 0.634362 -0.591006
v 0.015380 0.637543 -0.591435
v 0.009705 0.578506 -0.578728
v 0.020144 0.638187 -0.590715
v 0.017490 0.571408 -0.606009
v 0.012804 0.578245 -0.578079
v 0.023261 0.562777 -0.637031
v 0.028738 0.556068 -0.663262
v 0.032969 0.551487 -0.683097
v 0.041046 0.618394 -0.671917
v 0.044116 0.614492 -0.685857
v 0.035791 0.624126 -0.650123
v 0.028722 0.631748 -0.619735
v 0.022353 0.637879 -0.590227
v 0.035589 0.629568 -0.617869
v 0.043087 0.622007 -0.648070
v 0.038280 0.623781 -0.649474
v 0.031058 0.631455 -0.619212
v 0.039487 0.614249 -0.611516
v 0.047940 0.604885 -0.641211
v 0.046241 0.606281 -0.641874
v 0.037750 0.615672 -0.612242
v 0.045637 0.596040 -0.605577
v 0.052239 0.587289 -0.634715
v 0.053541 0.598927 -0.637717
v 0.045629 0.607735 -0.608695
v 0.045217 0.580343 -0.601469
v 0.050895 0.571833 -0.630496
v 0.053822 0.578506 -0.631729
v 0.047507 0.587176 -0.602805
v 0.035008 0.564911 -0.632668
v 0.038834 0.564238 -0.630304
v 0.034701 0.572771 -0.601236
v 0.031028 0.573513 -0.602879
v 0.020263 0.571072 -0.605391
v 0.025611 0.562405 -0.636430
v 0.030604 0.564305 -0.634710
v 0.026198 0.573038 -0.604312
v 0.048447 0.616368 -0.669827
v 0.051232 0.612535 -0.683796
v 0.046552 0.614158 -0.685177
v 0.043611 0.618155 -0.671241
v 0.054349 0.597775 -0.663322
v 0.058272 0.593360 -0.678053
v 0.056438 0.595057 -0.678703
v 0.052600 0.599341 -0.663967
v 0.057961 0.580861 -0.657654
v 0.062457 0.577328 -0.673985
v 0.063994 0.588281 -0.674881
v 0.059749 0.592294 -0.659773
v 0.056002 0.565432 -0.654615
v 0.060292 0.561845 -0.672871
v 0.064021 0.568685 -0.672594
v 0.059466 0.572089 -0.655216
v 0.043437 0.555034 -0.676846
v 0.047196 0.555178 -0.673595
v 0.043086 0.557948 -0.654741
v 0.039317 0.558522 -0.657719
v 0.030862 0.555709 -0.662676
v 0.035043 0.551139 -0.682516
v 0.039382 0.553708 -0.679823
v 0.035234 0.557775 -0.660363
v 0.051885 0.604530 -0.639870
v 0.049849 0.604312 -0.640526
v 0.041398 0.613548 -0.610975
v 0.043523 0.613467 -0.610634
v 0.062323 0.593392 -0.676200
v 0.060248 0.592816 -0.677205
v 0.056270 0.597252 -0.662515
v 0.058248 0.597705 -0.661661
v 0.051125 0.611607 -0.667916
v 0.051520 0.603884 -0.665490
v 0.055026 0.599850 -0.680080
v 0.054084 0.607752 -0.682092
v 0.037634 0.625683 -0.616041
v 0.037063 0.619471 -0.613736
v 0.045413 0.610511 -0.643545
v 0.045521 0.617483 -0.646076
v 0.046174 0.560449 -0.653190
v 0.045363 0.558630 -0.653229
v 0.049466 0.555954 -0.672050
v 0.050218 0.557268 -0.672189
v 0.037802 0.575407 -0.600785
v 0.036920 0.573572 -0.600563
v 0.041184 0.564883 -0.629121
v 0.042083 0.566820 -0.629084
v 0.052252 0.561952 -0.654073
v 0.048461 0.561563 -0.653465
v 0.052504 0.558041 -0.672485
v 0.056371 0.558328 -0.672884
v 0.042668 0.576740 -0.600784
v 0.039713 0.576450 -0.600824
v 0.044263 0.567948 -0.629267
v 0.047513 0.568429 -0.629781
v 0.033280 0.581053 -0.574143
v 0.031202 0.580216 -0.574499
v 0.035917 0.583988 -0.574418
v 0.034106 0.582955 -0.574433
v 0.040819 0.588057 -0.574682
v 0.038702 0.584249 -0.574158
v 0.032557 0.621701 -0.583319
v 0.034622 0.620858 -0.582851
v 0.030005 0.626547 -0.585275
v 0.030678 0.623125 -0.584002
v 0.027768 0.580776 -0.575631
v 0.022659 0.579978 -0.576593
v 0.040714 0.603934 -0.578209
v 0.042845 0.595018 -0.575869
v 0.036859 0.620782 -0.582636
v 0.039421 0.615299 -0.581013
v 0.028831 0.635658 -0.588557
v 0.030578 0.632029 -0.587105
v 0.015905 0.577875 -0.577412
v 0.024532 0.637633 -0.589757
v 0.047484 0.609563 -0.709318
v 0.056289 0.602724 -0.741917
v 0.050789 0.603465 -0.743829
v 0.042403 0.609721 -0.710846
v 0.029028 0.596358 -0.706502
v 0.034502 0.593020 -0.729588
v 0.031732 0.591694 -0.729268
v 0.026490 0.595200 -0.706786
v 0.019497 0.591713 -0.707830
v 0.026191 0.587292 -0.730735
v 0.025116 0.577801 -0.731569
v 0.017722 0.581570 -0.708077
v 0.013687 0.574056 -0.709346
v 0.021506 0.570495 -0.733544
v 0.023238 0.562729 -0.733587
v 0.015313 0.566391 -0.708829
v 0.028616 0.554222 -0.703748
v 0.024071 0.555665 -0.702109
v 0.030746 0.550735 -0.724705
v 0.035555 0.549560 -0.727073
v 0.033119 0.552194 -0.704554
v 0.039981 0.548129 -0.727898
v 0.043899 0.546155 -0.727222
v 0.037170 0.548928 -0.704713
v 0.064890 0.596813 -0.771670
v 0.072639 0.591344 -0.798078
v 0.066931 0.590889 -0.799990
v 0.059205 0.597331 -0.773696
v 0.048212 0.591768 -0.762117
v 0.053639 0.595663 -0.770516
v 0.062785 0.589279 -0.798408
v 0.060205 0.586471 -0.793330
v 0.033547 0.583504 -0.752754
v 0.041327 0.580128 -0.773778
v 0.041336 0.572978 -0.774017
v 0.033049 0.574973 -0.753630
v 0.029676 0.568169 -0.754532
v 0.037986 0.566764 -0.772310
v 0.039070 0.560582 -0.764581
v 0.031238 0.560935 -0.752141
v 0.042039 0.547961 -0.745036
v 0.038354 0.549560 -0.743583
v 0.045277 0.550018 -0.759098
v 0.046887 0.548218 -0.757907
v 0.045717 0.546434 -0.745060
v 0.049494 0.546438 -0.756307
v 0.052806 0.544300 -0.754447
v 0.049231 0.544709 -0.743759
v 0.022569 0.595916 -0.707186
v 0.024332 0.595049 -0.707016
v 0.029787 0.591156 -0.729291
v 0.028625 0.591480 -0.729667
v 0.044977 0.601316 -0.741066
v 0.038887 0.596248 -0.733545
v 0.032646 0.600204 -0.707711
v 0.037451 0.606616 -0.710333
v 0.043277 0.551889 -0.757285
v 0.044086 0.551252 -0.758855
v 0.036368 0.550817 -0.742877
v 0.036138 0.551819 -0.742900
v 0.028873 0.553901 -0.724522
v 0.028734 0.552538 -0.723834
v 0.021858 0.557194 -0.701534
v 0.021767 0.558504 -0.702126
v 0.055844 0.546264 -0.761195
v 0.055458 0.544572 -0.759716
v 0.052045 0.546713 -0.762040
v 0.040429 0.556163 -0.759664
v 0.042067 0.553519 -0.757549
v 0.035027 0.553567 -0.744922
v 0.033016 0.556058 -0.748926
v 0.025304 0.557766 -0.731445
v 0.027674 0.555605 -0.727086
v 0.020304 0.559998 -0.703972
v 0.017507 0.561722 -0.707040
v 0.048604 0.582809 -0.779829
v 0.044621 0.583313 -0.775263
v 0.036040 0.587333 -0.752386
v 0.037928 0.587157 -0.753598
v 0.040536 0.587716 -0.755122
v 0.043838 0.589127 -0.756990
v 0.056846 0.584443 -0.788620
v 0.052682 0.583191 -0.784279
v 0.047400 0.573028 -0.785917
v 0.047278 0.579300 -0.786113
v 0.052292 0.578607 -0.792334
v 0.051496 0.552639 -0.768112
v 0.051682 0.554270 -0.768881
v 0.061324 0.558903 -0.777755
v 0.058531 0.554771 -0.770770
v 0.056701 0.551286 -0.765925
v 0.055804 0.548355 -0.763188
v 0.051480 0.548470 -0.763942
v 0.051424 0.550611 -0.766483
v 0.051256 0.570554 -0.787958
v 0.056725 0.576058 -0.791485
v 0.064707 0.573330 -0.787256
v 0.062602 0.567867 -0.787093
v 0.057560 0.562251 -0.781227
v 0.049589 0.556404 -0.769633
v 0.045158 0.559129 -0.770399
v 0.047259 0.564829 -0.781182
v 0.061748 0.579774 -0.796593
v 0.066162 0.581533 -0.803514
v 0.071992 0.580592 -0.801671
v 0.067848 0.577606 -0.792108
v 0.068942 0.583683 -0.808522
v 0.070098 0.586259 -0.811599
v 0.075816 0.586882 -0.810106
v 0.074635 0.583669 -0.807691
v 0.050005 0.609146 -0.708546
v 0.059060 0.602279 -0.741023
v 0.067744 0.596363 -0.770736
v 0.075423 0.590913 -0.797185
v 0.057915 0.547997 -0.762541
v 0.057023 0.545939 -0.760841
v 0.056425 0.544156 -0.759507
v 0.059092 0.550869 -0.765121
v 0.068021 0.567023 -0.785359
v 0.069015 0.572671 -0.785855
v 0.064003 0.558501 -0.776880
v 0.061121 0.554363 -0.769904
v 0.039205 0.548819 -0.704085
v 0.045780 0.546042 -0.726603
v 0.050915 0.544416 -0.743180
v 0.054631 0.544128 -0.753831
v 0.071327 0.577059 -0.790985
v 0.074898 0.580137 -0.800744
v 0.077295 0.583256 -0.806852
v 0.078528 0.586460 -0.809259
v 0.057443 0.607447 -0.706312
v 0.067374 0.600947 -0.738517
v 0.061832 0.601843 -0.740129
v 0.052528 0.608747 -0.707777
v 0.063747 0.589474 -0.695668
v 0.070805 0.585718 -0.717000
v 0.069217 0.587751 -0.718677
v 0.061958 0.591350 -0.696658
v 0.067577 0.573994 -0.693140
v 0.073504 0.570479 -0.716312
v 0.074762 0.579953 -0.715461
v 0.068822 0.584253 -0.693093
v 0.065632 0.558757 -0.693664
v 0.071961 0.555430 -0.718140
v 0.075406 0.562394 -0.716491
v 0.069299 0.565635 -0.692623
v 0.054798 0.547733 -0.720998
v 0.057448 0.547926 -0.716280
v 0.052039 0.552067 -0.693702
v 0.048760 0.551763 -0.697624
v 0.041218 0.548530 -0.703477
v 0.047702 0.545879 -0.726021
v 0.051530 0.547008 -0.724248
v 0.045183 0.550617 -0.700884
v 0.076316 0.594740 -0.768144
v 0.083603 0.588346 -0.794678
v 0.078203 0.590479 -0.796292
v 0.070605 0.595909 -0.769802
v 0.083816 0.582856 -0.785732
v 0.085474 0.585803 -0.791153
v 0.078324 0.591908 -0.762492
v 0.076630 0.587434 -0.752884
v 0.078914 0.567979 -0.738778
v 0.083623 0.566487 -0.760227
v 0.085389 0.573419 -0.759415
v 0.080304 0.576424 -0.737646
v 0.075642 0.554231 -0.737725
v 0.076583 0.554905 -0.752309
v 0.083578 0.559740 -0.757445
v 0.080242 0.560516 -0.738161
v 0.063607 0.545841 -0.752434
v 0.065900 0.547091 -0.752323
v 0.062221 0.546278 -0.735840
v 0.059773 0.545790 -0.739276
v 0.052712 0.544322 -0.742618
v 0.056260 0.543781 -0.753292
v 0.060354 0.544771 -0.752763
v 0.056601 0.545087 -0.741540
v 0.073378 0.584675 -0.715582
v 0.072183 0.584706 -0.715959
v 0.065547 0.588741 -0.694699
v 0.067262 0.589097 -0.693844
v 0.060205 0.603147 -0.703487
v 0.060782 0.595884 -0.699270
v 0.068844 0.591675 -0.724075
v 0.069710 0.597531 -0.733167
v 0.063952 0.547848 -0.733833
v 0.063542 0.546930 -0.734042
v 0.066952 0.548003 -0.751341
v 0.066738 0.548521 -0.749539
v 0.054749 0.553863 -0.692226
v 0.053998 0.552728 -0.691912
v 0.059153 0.548544 -0.714172
v 0.059886 0.549549 -0.714701
v 0.061822 0.545062 -0.758885
v 0.057547 0.543852 -0.759119
v 0.058252 0.545681 -0.760485
v 0.071024 0.550347 -0.736576
v 0.066467 0.548981 -0.734676
v 0.068233 0.549726 -0.748917
v 0.071420 0.551626 -0.749451
v 0.061535 0.555097 -0.693771
v 0.057207 0.554572 -0.692891
v 0.062768 0.550579 -0.715976
v 0.067688 0.551533 -0.717980
v 0.078389 0.580976 -0.740505
v 0.079183 0.580784 -0.738429
v 0.084567 0.577204 -0.762249
v 0.083997 0.577375 -0.768312
v 0.083525 0.578447 -0.774263
v 0.083157 0.580404 -0.780110
v 0.076316 0.584174 -0.746459
v 0.077407 0.582118 -0.743182
v 0.087184 0.573218 -0.781066
v 0.087611 0.573098 -0.773003
v 0.085816 0.567110 -0.773447
v 0.063773 0.554020 -0.769034
v 0.066684 0.558073 -0.776025
v 0.067759 0.551945 -0.763572
v 0.067094 0.550355 -0.762992
v 0.065799 0.548606 -0.761767
v 0.063695 0.546531 -0.759981
v 0.059924 0.547684 -0.761872
v 0.061555 0.550597 -0.764311
v 0.073417 0.566167 -0.783592
v 0.073329 0.572001 -0.784459
v 0.082625 0.572037 -0.783129
v 0.083398 0.565622 -0.777549
v 0.081046 0.559562 -0.770185
v 0.074828 0.554600 -0.760672
v 0.070313 0.553376 -0.762801
v 0.072448 0.559965 -0.776385
v 0.074798 0.576525 -0.789858
v 0.077805 0.579692 -0.799821
v 0.083616 0.578849 -0.797961
v 0.082624 0.576542 -0.789891
v 0.079944 0.582849 -0.806012
v 0.081251 0.586046 -0.808399
v 0.086382 0.583771 -0.806496
v 0.084860 0.581246 -0.803502
v -0.054944 0.547002 -0.381744
# 8431 vertices, 0 vertices normals

f 8431 12 13
f 8431 13 14
f 15 16 17
f 15 17 18
f 19 20 21
f 19 21 22
f 23 24 25
f 23 25 26
f 27 28 29
f 27 29 30
f 31 32 33
f 34 35 36
f 34 36 37
f 38 39 40
f 38 40 41
f 42 43 44
f 42 44 45
f 46 47 48
f 46 48 49
f 50 51 52
f 53 54 55
f 53 55 56
f 57 58 59
f 57 59 60
f 61 62 63
f 61 63 64
f 65 66 67
f 68 69 70
f 68 70 71
f 72 73 74
f 89 90 91
f 89 91 92
f 93 94 95
f 93 95 96
f 97 98 99
f 97 99 100
f 101 102 103
f 101 103 104
f 105 106 107
f 105 107 108
f 109 110 111
f 109 111 112
f 113 114 115
f 113 115 116
f 117 118 119
f 117 119 120
f 121 122 123
f 121 123 124
f 125 126 127
f 125 127 128
f 129 130 131
f 129 131 132
f 133 134 135
f 133 135 136
f 137 138 139
f 137 139 140
f 141 142 143
f 141 143 144
f 147 148 149
f 147 149 150
f 157 158 159
f 157 159 160
f 161 162 163
f 161 163 164
f 165 166 167
f 165 167 168
f 169 170 171
f 169 171 172
f 173 174 175
f 176 177 178
f 176 178 179
f 180 181 182
f 180 182 183
f 184 185 186
f 184 186 187
f 93 190 191
f 93 191 192
f 193 194 195
f 193 195 196
f 197 198 199
f 197 199 200
f 201 202 203
f 201 203 204
f 205 206 207
f 205 207 208
f 193 196 207
f 193 207 206
f 98 197 200
f 98 200 99
f 201 204 209
f 201 209 210
f 210 209 211
f 210 211 212
f 205 208 213
f 205 213 214
f 212 211 215
f 212 215 216
f 96 217 218
f 96 218 190
f 93 96 190
f 34 38 172
f 34 172 173
f 35 175 176
f 35 176 131
f 33 132 179
f 33 179 180
f 31 183 184
f 31 184 136
f 52 53 164
f 52 164 165
f 56 62 160
f 56 160 161
f 61 74 156
f 61 156 157
f 150 151 220
f 150 220 221
f 81 146 202
f 81 202 199
f 137 185 182
f 137 182 144
f 40 166 163
f 40 163 128
f 58 125 162
f 58 162 159
f 108 109 116
f 108 116 117
f 104 105 120
f 104 120 222
f 211 223 215
f 86 90 148
f 86 148 87
f 85 224 192
f 85 192 91
f 84 194 225
f 84 225 226
f 82 198 195
f 82 195 83
f 80 102 203
f 80 203 145
f 78 106 103
f 78 103 79
f 76 110 107
f 76 107 77
f 89 189 152
f 89 152 149
f 92 191 227
f 92 227 188
f 49 126 57
f 49 57 228
f 8431 170 47
f 8431 47 229
f 41 127 48
f 41 48 169
f 4 6 167
f 4 167 37
f 42 177 174
f 1 3 36
f 1 36 130
f 7 9 32
f 7 32 135
f 45 141 181
f 45 181 178
f 13 230 231
f 13 231 43
f 29 142 44
f 29 44 232
f 25 138 143
f 25 143 28
f 18 19 26
f 18 26 27
f 17 118 115
f 17 115 20
f 15 30 233
f 15 233 234
f 16 235 236
f 16 236 119
f 182 185 184
f 182 184 183
f 178 181 180
f 178 180 179
f 174 177 176
f 174 176 175
f 171 174 173
f 171 173 172
f 5 168 167
f 5 167 6
f 163 166 165
f 163 165 164
f 159 162 161
f 159 161 160
f 155 158 157
f 155 157 156
f 149 152 151
f 149 151 150
f 145 203 202
f 145 202 146
f 141 144 182
f 141 182 181
f 137 144 143
f 137 143 138
f 137 140 186
f 137 186 185
f 7 135 134
f 7 134 8
f 133 136 184
f 133 184 187
f 131 176 179
f 131 179 132
f 1 130 129
f 1 129 2
f 125 128 163
f 125 163 162
f 222 236 237
f 222 237 223
f 119 236 222
f 119 222 120
f 115 118 117
f 115 117 116
f 109 112 113
f 109 113 116
f 107 110 109
f 107 109 108
f 105 108 117
f 105 117 120
f 103 106 105
f 103 105 104
f 101 204 203
f 101 203 102
f 99 210 212
f 99 212 100
f 97 208 207
f 97 207 98
f 193 238 225
f 193 225 194
f 95 239 217
f 95 217 96
f 91 192 191
f 91 191 92
f 89 149 148
f 89 148 90
f 89 92 188
f 89 188 189
f 147 150 221
f 147 221 240
f 87 148 147
f 87 147 88
f 85 91 90
f 85 90 86
f 93 241 94
f 83 195 194
f 83 194 84
f 81 199 198
f 81 198 82
f 79 103 102
f 79 102 80
f 77 107 106
f 77 106 78
f 75 111 110
f 75 110 76
f 73 154 156
f 73 156 74
f 72 122 121
f 72 121 73
f 68 124 123
f 68 123 69
f 66 71 70
f 66 70 67
f 65 242 243
f 65 243 219
f 151 153 219
f 151 219 220
f 220 244 245
f 220 245 221
f 61 157 160
f 61 160 62
f 61 64 72
f 61 72 74
f 58 159 158
f 58 158 59
f 57 126 125
f 57 125 58
f 55 63 62
f 55 62 56
f 53 56 161
f 53 161 164
f 51 54 53
f 51 53 52
f 50 52 165
f 50 165 168
f 48 127 126
f 48 126 49
f 47 170 169
f 47 169 48
f 44 142 141
f 44 141 45
f 42 45 178
f 42 178 177
f 13 43 42
f 13 42 14
f 8431 14 171
f 8431 171 170
f 40 128 127
f 40 127 41
f 39 167 166
f 39 166 40
f 38 41 169
f 38 169 172
f 3 4 37
f 3 37 36
f 35 131 130
f 35 130 36
f 34 173 175
f 34 175 35
f 34 37 39
f 34 39 38
f 32 129 132
f 32 132 33
f 31 136 135
f 31 135 32
f 31 33 180
f 31 180 183
f 43 231 232
f 43 232 44
f 29 246 233
f 29 233 30
f 28 143 142
f 28 142 29
f 25 28 27
f 25 27 26
f 24 139 138
f 24 138 25
f 20 115 114
f 20 114 21
f 19 22 23
f 19 23 26
f 17 20 19
f 17 19 18
f 16 119 118
f 16 118 17
f 15 18 27
f 15 27 30
f 15 234 235
f 15 235 16
f 75 248 249
f 75 249 111
f 111 249 250
f 111 250 112
f 72 251 252
f 72 252 122
f 122 252 253
f 122 253 123
f 63 254 255
f 63 255 64
f 133 187 256
f 133 256 257
f 133 257 258
f 133 258 134
f 186 259 256
f 186 256 187
f 112 250 260
f 112 260 113
f 113 260 261
f 113 261 114
f 69 123 253
f 69 253 262
f 69 262 263
f 69 263 70
f 67 70 263
f 67 263 264
f 65 67 264
f 65 264 242
f 24 265 266
f 24 266 139
f 139 266 267
f 139 267 140
f 23 268 265
f 23 265 24
f 21 114 261
f 21 261 269
f 21 269 270
f 21 270 22
f 51 271 272
f 51 272 54
f 54 272 273
f 54 273 55
f 50 274 271
f 50 271 51
f 219 243 244
f 219 244 220
f 55 273 254
f 55 254 63
f 240 275 247
f 221 245 275
f 221 275 240
f 8 134 258
f 8 258 11
f 22 270 268
f 22 268 23
f 10 274 50
f 140 267 259
f 140 259 186
f 88 147 240
f 88 240 247
f 190 218 227
f 190 227 191
f 64 255 251
f 64 251 72
f 205 214 276
f 205 276 277
f 29 232 246
f 37 167 39
f 2 129 32
f 2 32 9
f 5 10 50
f 5 50 168
f 93 192 224
f 93 224 241
f 95 238 277
f 95 277 239
f 94 225 238
f 94 238 95
f 94 241 226
f 94 226 225
f 222 223 278
f 14 42 174
f 14 174 171
f 195 198 197
f 195 197 196
f 199 202 201
f 199 201 200
f 205 277 206
f 193 206 277
f 193 277 238
f 98 207 196
f 98 196 197
f 99 200 201
f 99 201 210
f 101 278 209
f 101 209 204
f 101 104 222
f 101 222 278
f 209 278 223
f 209 223 211
f 97 279 213
f 97 213 208
f 97 100 280
f 97 280 279
f 100 212 216
f 100 216 280
f 281 282 283
f 281 283 284
f 234 285 286
f 234 286 235
f 233 246 287
f 233 287 288
f 289 290 291
f 289 291 292
f 230 293 294
f 230 294 295
f 231 296 232
f 236 297 237
f 298 299 300
f 298 300 301
f 302 303 304
f 302 304 305
f 306 307 308
f 306 308 309
f 229 310 311
f 229 311 312
f 316 317 318
f 316 318 319
f 320 321 322
f 320 322 323
f 214 213 324
f 216 215 325
f 320 323 326
f 320 326 327
f 314 324 326
f 314 326 323
f 300 320 327
f 300 327 325
f 215 301 300
f 215 300 325
f 215 223 237
f 215 237 301
f 308 329 328
f 308 328 309
f 293 329 308
f 216 325 327
f 216 327 280
f 213 279 326
f 213 326 324
f 12 312 329
f 12 329 293
f 290 294 307
f 290 307 303
f 287 296 295
f 287 295 289
f 284 285 288
f 284 288 292
f 283 298 297
f 283 297 286
f 282 317 321
f 282 321 299
f 281 291 302
f 281 302 318
f 316 322 321
f 316 321 317
f 314 323 322
f 314 322 315
f 312 311 328
f 312 328 329
f 303 307 306
f 303 306 304
f 302 305 319
f 302 319 318
f 299 321 320
f 299 320 300
f 237 297 298
f 237 298 301
f 279 280 327
f 279 327 326
f 46 310 229
f 46 229 47
f 46 49 228
f 46 228 313
f 8431 229 312
f 8431 312 12
f 12 293 230
f 12 230 13
f 230 295 296
f 230 296 231
f 294 293 308
f 294 308 307
f 290 303 302
f 290 302 291
f 289 295 294
f 289 294 290
f 232 296 287
f 232 287 246
f 288 287 289
f 288 289 292
f 235 286 297
f 235 297 236
f 233 288 285
f 233 285 234
f 283 286 285
f 283 285 284
f 282 299 298
f 282 298 283
f 281 318 317
f 281 317 282
f 281 284 292
f 281 292 291
f 339 340 341
f 339 341 342
f 343 344 345
f 343 345 346
f 347 348 349
f 347 349 350
f 351 352 353
f 351 353 354
f 355 356 357
f 355 357 358
f 359 360 361
f 362 363 364
f 362 364 365
f 366 367 368
f 366 368 369
f 370 371 372
f 370 372 373
f 374 375 376
f 374 376 377
f 378 379 380
f 381 382 383
f 381 383 384
f 385 386 387
f 385 387 388
f 389 390 391
f 389 391 392
f 393 394 395
f 396 397 398
f 396 398 399
f 400 401 402
f 417 418 419
f 417 419 420
f 421 422 423
f 421 423 424
f 425 426 427
f 425 427 428
f 429 430 431
f 429 431 432
f 433 434 435
f 433 435 436
f 437 438 439
f 437 439 440
f 441 442 443
f 441 443 444
f 445 446 447
f 445 447 448
f 449 450 451
f 449 451 452
f 453 454 455
f 453 455 456
f 457 458 459
f 457 459 460
f 461 462 463
f 461 463 464
f 465 466 467
f 465 467 468
f 469 470 471
f 469 471 472
f 475 476 477
f 475 477 478
f 485 486 487
f 485 487 488
f 489 490 491
f 489 491 492
f 493 494 495
f 493 495 496
f 497 498 499
f 497 499 500
f 501 502 503
f 504 505 506
f 504 506 507
f 508 509 510
f 508 510 511
f 512 513 514
f 512 514 515
f 424 518 519
f 424 519 520
f 521 522 523
f 521 523 524
f 525 526 527
f 525 527 528
f 529 530 531
f 529 531 532
f 533 534 535
f 533 535 536
f 521 524 535
f 521 535 534
f 426 525 528
f 426 528 427
f 529 532 537
f 529 537 538
f 538 537 539
f 538 539 540
f 533 536 541
f 533 541 542
f 540 539 543
f 540 543 544
f 421 520 545
f 421 545 546
f 421 424 520
f 365 503 497
f 365 497 369
f 364 458 507
f 364 507 501
f 359 511 504
f 359 504 457
f 361 461 515
f 361 515 508
f 378 496 489
f 378 489 384
f 381 492 485
f 381 485 391
f 392 488 482
f 392 482 400
f 475 548 549
f 475 549 481
f 410 526 531
f 410 531 473
f 468 469 509
f 468 509 514
f 367 453 490
f 367 490 495
f 387 486 491
f 387 491 456
f 433 448 441
f 433 441 440
f 429 550 445
f 429 445 436
f 540 544 551
f 413 416 477
f 413 477 419
f 414 418 518
f 414 518 552
f 411 553 554
f 411 554 523
f 409 412 522
f 409 522 527
f 407 474 530
f 407 530 431
f 405 408 430
f 405 430 435
f 403 406 434
f 403 434 439
f 420 476 480
f 420 480 516
f 417 517 555
f 417 555 519
f 374 556 388
f 374 388 455
f 342 557 376
f 342 376 499
f 366 500 375
f 366 375 454
f 332 362 494
f 332 494 334
f 373 502 506
f 331 459 363
f 331 363 333
f 337 462 360
f 337 360 338
f 370 505 510
f 370 510 472
f 340 372 558
f 340 558 559
f 356 560 371
f 356 371 471
f 352 357 470
f 352 470 467
f 343 358 351
f 343 351 350
f 344 349 442
f 344 442 447
f 346 561 562
f 346 562 355
f 345 446 563
f 345 563 564
f 508 515 514
f 508 514 509
f 504 511 510
f 504 510 505
f 501 507 506
f 501 506 502
f 497 503 502
f 497 502 498
f 334 494 493
f 334 493 335
f 489 496 495
f 489 495 490
f 485 492 491
f 485 491 486
f 482 488 487
f 482 487 483
f 475 481 480
f 475 480 476
f 473 531 530
f 473 530 474
f 469 472 510
f 469 510 509
f 467 470 469
f 467 469 468
f 465 468 514
f 465 514 513
f 336 463 462
f 336 462 337
f 461 464 512
f 461 512 515
f 457 504 507
f 457 507 458
f 330 460 459
f 330 459 331
f 453 456 491
f 453 491 490
f 550 551 565
f 550 565 563
f 445 550 563
f 445 563 446
f 441 448 447
f 441 447 442
f 437 440 441
f 437 441 444
f 433 440 439
f 433 439 434
f 433 436 445
f 433 445 448
f 429 436 435
f 429 435 430
f 431 530 529
f 431 529 432
f 425 539 537
f 425 537 426
f 427 534 533
f 427 533 428
f 523 554 566
f 523 566 524
f 421 546 567
f 421 567 422
f 417 519 518
f 417 518 418
f 419 477 476
f 419 476 420
f 417 420 516
f 417 516 517
f 475 478 568
f 475 568 548
f 415 478 477
f 415 477 416
f 413 419 418
f 413 418 414
f 423 569 424
f 411 523 522
f 411 522 412
f 409 527 526
f 409 526 410
f 407 431 430
f 407 430 408
f 405 435 434
f 405 434 406
f 403 439 438
f 403 438 404
f 400 482 484
f 400 484 401
f 401 452 451
f 401 451 402
f 398 450 449
f 398 449 399
f 393 397 396
f 393 396 394
f 242 395 547
f 242 547 243
f 479 481 549
f 479 549 547
f 244 549 548
f 244 548 245
f 391 485 488
f 391 488 392
f 389 392 400
f 389 400 402
f 386 487 486
f 386 486 387
f 387 456 455
f 387 455 388
f 381 391 390
f 381 390 382
f 381 384 489
f 381 489 492
f 378 384 383
f 378 383 379
f 378 380 493
f 378 493 496
f 374 455 454
f 374 454 375
f 375 500 499
f 375 499 376
f 370 472 471
f 370 471 371
f 370 373 506
f 370 506 505
f 339 373 372
f 339 372 340
f 339 342 499
f 339 499 498
f 366 454 453
f 366 453 367
f 367 495 494
f 367 494 368
f 366 369 497
f 366 497 500
f 332 333 363
f 332 363 362
f 363 459 458
f 363 458 364
f 364 501 503
f 364 503 365
f 362 365 369
f 362 369 368
f 359 457 460
f 359 460 360
f 360 462 461
f 360 461 361
f 359 361 508
f 359 508 511
f 371 560 558
f 371 558 372
f 355 562 570
f 355 570 356
f 356 471 470
f 356 470 357
f 351 358 357
f 351 357 352
f 352 467 466
f 352 466 353
f 348 443 442
f 348 442 349
f 347 350 351
f 347 351 354
f 343 350 349
f 343 349 344
f 344 447 446
f 344 446 345
f 343 346 355
f 343 355 358
f 345 564 561
f 345 561 346
f 249 248 404
f 249 404 438
f 249 438 437
f 249 437 250
f 251 402 451
f 251 451 252
f 252 451 450
f 252 450 253
f 255 254 390
f 255 390 389
f 257 256 512
f 257 512 464
f 257 464 463
f 257 463 258
f 256 259 513
f 256 513 512
f 250 437 444
f 250 444 260
f 260 444 443
f 260 443 261
f 253 450 398
f 253 398 262
f 262 398 397
f 262 397 263
f 263 397 393
f 263 393 264
f 242 264 393
f 242 393 395
f 266 265 353
f 266 353 466
f 266 466 465
f 266 465 267
f 265 268 354
f 265 354 353
f 261 443 348
f 261 348 269
f 269 348 347
f 269 347 270
f 272 271 379
f 272 379 383
f 272 383 382
f 272 382 273
f 271 274 380
f 271 380 379
f 243 547 549
f 243 549 244
f 254 273 382
f 254 382 390
f 247 275 568
f 245 548 568
f 245 568 275
f 11 258 463
f 11 463 336
f 268 270 347
f 268 347 354
f 10 380 274
f 259 267 465
f 259 465 513
f 247 568 478
f 247 478 415
f 519 555 545
f 519 545 520
f 251 255 389
f 251 389 402
f 536 571 572
f 536 572 541
f 356 570 560
f 362 368 494
f 330 338 360
f 330 360 460
f 10 335 493
f 10 493 380
f 424 569 552
f 424 552 518
f 422 567 571
f 422 571 566
f 422 566 554
f 422 554 423
f 423 554 553
f 423 553 569
f 550 573 551
f 339 498 502
f 339 502 373
f 521 528 527
f 521 527 522
f 525 532 531
f 525 531 526
f 535 571 536
f 524 566 571
f 524 571 535
f 427 528 521
f 427 521 534
f 426 537 532
f 426 532 525
f 432 529 538
f 432 538 573
f 429 432 573
f 429 573 550
f 538 540 551
f 538 551 573
f 428 533 542
f 428 542 574
f 425 428 574
f 425 574 575
f 425 575 543
f 425 543 539
f 576 577 578
f 576 578 579
f 561 564 580
f 561 580 581
f 562 582 583
f 562 583 570
f 584 585 586
f 584 586 587
f 559 588 589
f 559 589 590
f 558 560 591
f 563 565 592
f 593 594 595
f 593 595 596
f 597 598 599
f 597 599 600
f 601 602 603
f 601 603 604
f 557 605 606
f 557 606 607
f 611 612 613
f 611 613 614
f 615 616 617
f 615 617 618
f 542 541 619
f 544 543 620
f 615 618 621
f 615 621 622
f 610 615 622
f 610 622 619
f 594 620 621
f 594 621 618
f 544 620 594
f 544 594 593
f 544 593 565
f 544 565 551
f 601 623 624
f 601 624 602
f 590 602 624
f 543 575 621
f 543 621 620
f 542 619 622
f 542 622 574
f 341 590 624
f 341 624 605
f 586 599 603
f 586 603 589
f 583 587 588
f 583 588 591
f 576 584 582
f 576 582 581
f 577 580 592
f 577 592 596
f 578 595 617
f 578 617 613
f 579 612 600
f 579 600 585
f 613 617 616
f 613 616 614
f 609 616 615
f 609 615 610
f 606 605 624
f 606 624 623
f 598 604 603
f 598 603 599
f 597 600 612
f 597 612 611
f 594 618 617
f 594 617 595
f 565 593 596
f 565 596 592
f 574 622 621
f 574 621 575
f 376 557 607
f 376 607 377
f 374 377 608
f 374 608 556
f 341 605 557
f 341 557 342
f 340 559 590
f 340 590 341
f 558 591 588
f 558 588 559
f 590 589 603
f 590 603 602
f 585 600 599
f 585 599 586
f 586 589 588
f 586 588 587
f 560 570 583
f 560 583 591
f 583 582 584
f 583 584 587
f 563 592 580
f 563 580 564
f 561 581 582
f 561 582 562
f 576 581 580
f 576 580 577
f 577 596 595
f 577 595 578
f 578 613 612
f 578 612 579
f 576 579 585
f 576 585 584
f 625 626 627
f 625 627 628
f 629 630 631
f 629 631 632
f 633 634 635
f 633 635 636
f 653 654 655
f 653 655 656
f 657 658 659
f 657 659 660
f 661 662 663
f 661 663 664
f 665 666 667
f 665 667 668
f 669 670 671
f 669 671 672
f 673 75 76
f 673 76 674
f 675 77 78
f 675 78 676
f 677 79 80
f 677 80 678
f 81 82 679
f 81 679 680
f 681 83 84
f 681 84 682
f 85 86 683
f 85 683 684
f 685 87 88
f 685 88 686
f 691 692 693
f 691 693 694
f 695 696 145
f 695 145 146
f 651 690 691
f 651 691 672
f 669 694 695
f 669 695 680
f 632 633 674
f 632 674 675
f 631 639 638
f 631 638 634
f 628 629 676
f 628 676 677
f 625 678 696
f 625 696 693
f 668 670 679
f 668 679 681
f 664 665 682
f 664 682 697
f 660 661 698
f 660 698 684
f 627 642 641
f 627 641 699
f 655 657 683
f 655 683 685
f 626 692 689
f 626 689 643
f 650 652 671
f 650 671 667
f 648 649 666
f 648 666 663
f 647 662 659
f 647 659 687
f 644 646 658
f 644 658 654
f 693 696 695
f 693 695 694
f 689 692 691
f 689 691 690
f 86 87 685
f 86 685 683
f 85 684 698
f 85 698 224
f 224 698 241
f 82 83 681
f 82 681 679
f 81 680 695
f 81 695 146
f 80 145 696
f 80 696 678
f 78 79 677
f 78 677 676
f 76 77 675
f 76 675 674
f 669 680 679
f 669 679 670
f 669 672 691
f 669 691 694
f 667 671 670
f 667 670 668
f 665 668 681
f 665 681 682
f 663 666 665
f 663 665 664
f 661 664 697
f 661 697 698
f 659 662 661
f 659 661 660
f 658 688 687
f 658 687 659
f 657 660 684
f 657 684 683
f 655 685 686
f 655 686 656
f 654 658 657
f 654 657 655
f 651 672 671
f 651 671 652
f 649 650 667
f 649 667 666
f 647 648 663
f 647 663 662
f 644 654 653
f 644 653 645
f 634 638 637
f 634 637 635
f 633 636 673
f 633 673 674
f 631 634 633
f 631 633 632
f 630 640 639
f 630 639 631
f 629 632 675
f 629 675 676
f 627 699 628
f 626 643 642
f 626 642 627
f 625 693 692
f 625 692 626
f 625 628 677
f 625 677 678
f 635 637 700
f 635 700 701
f 635 701 702
f 635 702 636
f 656 686 703
f 656 703 704
f 88 247 703
f 88 703 686
f 653 656 704
f 653 704 705
f 673 706 248
f 673 248 75
f 636 702 706
f 636 706 673
f 645 653 705
f 645 705 707
f 630 699 641
f 630 641 640
f 628 699 630
f 628 630 629
f 646 688 658
f 84 226 697
f 84 697 682
f 226 241 698
f 226 698 697
f 708 709 710
f 708 710 711
f 712 713 714
f 712 714 715
f 716 717 718
f 716 718 719
f 736 737 738
f 736 738 739
f 740 741 742
f 740 742 743
f 744 745 746
f 744 746 747
f 748 749 750
f 748 750 751
f 752 753 754
f 752 754 755
f 756 403 404
f 756 404 757
f 758 405 406
f 758 406 759
f 760 407 408
f 760 408 761
f 762 763 409
f 762 409 410
f 764 411 412
f 764 412 765
f 766 767 413
f 766 413 414
f 768 415 416
f 768 416 769
f 774 775 776
f 774 776 777
f 473 474 778
f 473 778 779
f 735 752 777
f 735 777 772
f 755 762 779
f 755 779 774
f 712 759 756
f 712 756 719
f 713 718 720
f 713 720 723
f 708 761 758
f 708 758 715
f 711 775 778
f 711 778 760
f 748 765 763
f 748 763 754
f 744 780 764
f 744 764 751
f 740 766 781
f 740 781 747
f 709 782 724
f 709 724 726
f 737 769 767
f 737 767 743
f 710 725 773
f 710 773 776
f 732 749 753
f 732 753 734
f 730 745 750
f 730 750 733
f 731 771 741
f 731 741 746
f 728 738 742
f 728 742 729
f 774 779 778
f 774 778 775
f 772 777 776
f 772 776 773
f 767 769 416
f 767 416 413
f 766 414 552
f 766 552 781
f 552 569 781
f 763 765 412
f 763 412 409
f 762 410 473
f 762 473 779
f 760 778 474
f 760 474 407
f 758 761 408
f 758 408 405
f 756 759 406
f 756 406 403
f 754 763 762
f 754 762 755
f 752 755 774
f 752 774 777
f 748 754 753
f 748 753 749
f 748 751 764
f 748 764 765
f 744 751 750
f 744 750 745
f 744 747 781
f 744 781 780
f 740 747 746
f 740 746 741
f 741 771 770
f 741 770 742
f 740 743 767
f 740 767 766
f 736 768 769
f 736 769 737
f 737 743 742
f 737 742 738
f 734 753 752
f 734 752 735
f 732 733 750
f 732 750 749
f 730 731 746
f 730 746 745
f 727 739 738
f 727 738 728
f 717 721 720
f 717 720 718
f 716 719 756
f 716 756 757
f 712 719 718
f 712 718 713
f 713 723 722
f 713 722 714
f 712 715 758
f 712 758 759
f 708 782 709
f 709 726 725
f 709 725 710
f 710 776 775
f 710 775 711
f 708 711 760
f 708 760 761
f 701 700 721
f 701 721 717
f 701 717 716
f 701 716 702
f 704 703 768
f 704 768 736
f 703 247 415
f 703 415 768
f 704 736 739
f 704 739 705
f 248 706 757
f 248 757 404
f 702 716 757
f 702 757 706
f 705 739 727
f 705 727 707
f 714 722 724
f 714 724 782
f 708 715 714
f 708 714 782
f 729 742 770
f 764 780 553
f 764 553 411
f 553 780 781
f 553 781 569
f 800 801 803
f 800 803 804
f 783 799 805
f 783 805 806
f 790 807 808
f 790 808 797
f 784 809 810
f 784 810 785
f 791 798 811
f 791 811 812
f 786 813 814
f 786 814 787
f 788 815 816
f 788 816 789
f 792 817 818
f 792 818 793
f 796 819 820
f 796 820 821
f 795 822 823
f 795 823 802
f 797 808 811
f 797 811 798
f 801 802 823
f 801 823 803
f 799 800 804
f 799 804 805
f 793 818 824
f 793 824 794
f 791 812 817
f 791 817 792
f 789 816 807
f 789 807 790
f 787 814 815
f 787 815 788
f 785 810 813
f 785 813 786
f 783 806 809
f 783 809 784
f 795 796 821
f 795 821 822
f 794 824 825
f 794 825 826
f 827 828 829
f 830 831 832
f 830 832 833
f 836 837 838
f 836 838 839
f 840 841 842
f 840 842 843
f 832 841 844
f 832 844 835
f 828 837 842
f 828 842 831
f 840 845 844
f 840 844 841
f 836 843 842
f 836 842 837
f 832 835 834
f 832 834 833
f 831 842 841
f 831 841 832
f 828 831 830
f 828 830 829
f 827 838 837
f 827 837 828
f 836 839 846
f 836 846 847
f 838 848 849
f 838 849 839
f 827 850 848
f 827 848 838
f 827 829 851
f 827 851 850
f 833 834 852
f 833 852 853
f 830 833 853
f 830 853 854
f 829 830 854
f 829 854 851
f 819 845 840
f 819 840 820
f 820 840 843
f 820 843 855
f 836 847 855
f 836 855 843
f 818 856 857
f 818 857 824
f 812 858 859
f 812 859 817
f 807 816 860
f 807 860 861
f 814 862 863
f 814 863 815
f 810 864 865
f 810 865 813
f 806 866 867
f 806 867 809
f 804 868 869
f 804 869 805
f 803 823 870
f 808 871 872
f 808 872 811
f 825 873 874
f 821 875 876
f 821 876 877
f 878 879 880
f 878 880 881
f 882 883 884
f 885 886 887
f 885 887 888
f 889 890 891
f 889 891 892
f 893 894 895
f 893 895 896
f 897 898 899
f 897 899 900
f 901 902 903
f 904 905 906
f 904 906 907
f 908 909 910
f 908 910 911
f 912 913 914
f 912 914 915
f 916 917 918
f 916 918 919
f 846 920 921
f 846 921 922
f 923 637 638
f 923 638 924
f 925 639 640
f 925 640 926
f 927 641 928
f 929 642 643
f 929 643 930
f 937 938 644
f 937 644 645
f 646 939 940
f 646 940 941
f 647 942 943
f 647 943 648
f 946 947 948
f 946 948 949
f 950 951 952
f 950 952 953
f 954 955 956
f 954 956 957
f 960 961 962
f 960 962 963
f 964 965 966
f 964 966 967
f 649 968 969
f 649 969 650
f 651 652 970
f 651 970 971
f 972 973 974
f 972 974 975
f 976 977 978
f 976 978 979
f 980 981 982
f 980 982 983
f 984 985 986
f 984 986 987
f 988 989 687
f 988 687 688
f 990 991 992
f 990 992 993
f 995 689 690
f 995 690 996
f 997 998 999
f 997 999 1000
f 1001 1002 1003
f 1001 1003 1004
f 1005 1006 1007
f 1005 1007 1008
f 1009 1010 1011
f 1012 1013 1014
f 1012 1014 1015
f 1016 1017 1018
f 1016 1018 1019
f 1020 1021 1022
f 1020 1022 1023
f 1024 1025 1026
f 1027 1028 1029
f 1027 1029 1030
f 1031 1032 1033
f 1031 1033 1034
f 976 979 1036
f 976 1036 1037
f 1038 1039 1040
f 1038 1040 1041
f 1020 1023 1042
f 1036 1043 1044
f 1036 1044 1037
f 902 1038 1041
f 902 1041 903
f 1039 1045 1040
f 906 1046 1047
f 906 1047 907
f 1048 1049 1050
f 1048 1050 1051
f 1050 1052 1053
f 1050 1053 1051
f 1052 1054 1055
f 1052 1055 1053
f 1054 1056 1057
f 1054 1057 1055
f 1056 1058 1059
f 1056 1059 1057
f 1058 1060 1061
f 1058 1061 1059
f 1060 1062 1063
f 1060 1063 1061
f 1048 1064 1049
f 884 885 1030
f 884 1030 1031
f 964 1011 1012
f 964 1012 993
f 975 990 1015
f 975 1015 1016
f 972 1019 1042
f 972 1042 1047
f 904 1023 1022
f 904 1022 1065
f 900 1067 1000
f 900 1000 1001
f 861 897 1004
f 861 1004 871
f 971 1063 1068
f 971 1068 996
f 938 1069 1070
f 938 1070 939
f 960 965 992
f 960 992 1006
f 941 1064 1048
f 941 1048 988
f 932 982 987
f 932 987 935
f 931 934 951
f 931 951 983
f 919 920 924
f 919 924 925
f 915 916 926
f 915 926 927
f 978 998 994
f 978 994 1072
f 974 1043 1007
f 974 1007 991
f 973 1046 1045
f 973 1045 1044
f 902 1002 999
f 902 999 977
f 895 1073 1074
f 895 1074 899
f 891 1075 1076
f 891 1076 894
f 908 1026 913
f 882 917 914
f 876 921 918
f 876 918 879
f 847 922 875
f 847 875 855
f 868 870 881
f 868 881 1033
f 866 869 1032
f 866 1032 1029
f 864 867 1028
f 864 1028 889
f 862 865 892
f 862 892 893
f 860 863 896
f 860 896 898
f 858 872 1003
f 858 1003 901
f 903 1041 905
f 903 905 1077
f 956 958 1070
f 956 1070 1069
f 933 959 955
f 933 955 952
f 945 946 966
f 945 966 963
f 936 986 947
f 936 947 944
f 909 912 928
f 909 928 929
f 930 995 1078
f 930 1078 1079
f 969 1059 1061
f 969 1061 970
f 943 1055 1057
f 943 1057 968
f 942 989 1051
f 942 1051 1053
f 940 1080 1081
f 803 870 868
f 803 868 804
f 805 869 866
f 805 866 806
f 810 809 867
f 810 867 864
f 813 865 862
f 813 862 814
f 816 815 863
f 816 863 860
f 807 861 871
f 807 871 808
f 811 872 858
f 811 858 812
f 818 817 859
f 818 859 856
f 824 857 873
f 824 873 825
f 869 868 1033
f 869 1033 1032
f 1029 1032 1031
f 1029 1031 1030
f 867 866 1029
f 867 1029 1028
f 873 1022 1021
f 873 1021 874
f 1018 1020 1042
f 1018 1042 1019
f 1014 1017 1016
f 1014 1016 1015
f 1010 1013 1012
f 1010 1012 1011
f 871 1004 1003
f 871 1003 872
f 999 1002 1001
f 999 1001 1000
f 991 1007 1006
f 991 1006 992
f 990 993 1012
f 990 1012 1015
f 988 1048 1051
f 988 1051 989
f 981 984 987
f 981 987 982
f 995 996 1068
f 995 1068 1078
f 997 1000 1067
f 997 1067 1066
f 977 999 998
f 977 998 978
f 974 991 990
f 974 990 975
f 973 1044 1043
f 973 1043 974
f 972 975 1016
f 972 1016 1019
f 970 1061 1063
f 970 1063 971
f 651 971 996
f 651 996 690
f 969 970 652
f 969 652 650
f 968 1057 1059
f 968 1059 969
f 964 993 992
f 964 992 965
f 964 967 1009
f 964 1009 1011
f 960 1006 1005
f 960 1005 961
f 960 963 966
f 960 966 965
f 956 1069 1082
f 956 1082 957
f 955 959 958
f 955 958 956
f 952 955 954
f 952 954 953
f 950 980 983
f 950 983 951
f 947 986 985
f 947 985 948
f 946 949 967
f 946 967 966
f 944 947 946
f 944 946 945
f 943 968 649
f 943 649 648
f 942 1053 1055
f 942 1055 943
f 647 687 989
f 647 989 942
f 940 1081 1064
f 940 1064 941
f 939 1070 1080
f 939 1080 940
f 646 941 988
f 646 988 688
f 938 939 646
f 938 646 644
f 937 1082 1069
f 937 1069 938
f 935 987 986
f 935 986 936
f 933 952 951
f 933 951 934
f 931 983 982
f 931 982 932
f 643 689 995
f 643 995 930
f 641 642 929
f 641 929 928
f 640 641 927
f 640 927 926
f 638 639 925
f 638 925 924
f 846 923 924
f 846 924 920
f 918 921 920
f 918 920 919
f 916 919 925
f 916 925 926
f 914 917 916
f 914 916 915
f 912 915 927
f 912 927 928
f 910 1083 1084
f 910 1084 911
f 929 930 1079
f 908 913 912
f 908 912 909
f 908 911 1024
f 908 1024 1026
f 972 1047 1046
f 972 1046 973
f 904 1065 1077
f 904 1077 905
f 904 907 1042
f 904 1042 1023
f 902 977 976
f 902 976 1038
f 901 1003 1002
f 901 1002 902
f 859 858 901
f 859 901 903
f 899 1074 1067
f 899 1067 900
f 860 898 897
f 860 897 861
f 897 900 1001
f 897 1001 1004
f 895 899 898
f 895 898 896
f 894 1076 1073
f 894 1073 895
f 863 862 893
f 863 893 896
f 891 894 893
f 891 893 892
f 890 1085 1075
f 890 1075 891
f 889 1028 1027
f 889 1027 890
f 865 864 889
f 865 889 892
f 886 1026 1025
f 886 1025 887
f 885 888 1027
f 885 1027 1030
f 883 886 885
f 883 885 884
f 882 914 913
f 882 913 883
f 882 884 1031
f 882 1031 1034
f 880 1034 1033
f 880 1033 881
f 879 918 917
f 879 917 880
f 823 878 881
f 823 881 870
f 876 879 878
f 876 878 877
f 875 922 921
f 875 921 876
f 820 855 875
f 820 875 821
f 948 985 1086
f 948 1086 1087
f 984 1088 1086
f 984 1086 985
f 948 1087 1089
f 948 1089 949
f 981 1090 1088
f 981 1088 984
f 980 1091 1090
f 980 1090 981
f 923 1092 700
f 923 700 637
f 953 954 1093
f 953 1093 1094
f 954 957 1095
f 954 1095 1093
f 950 953 1094
f 950 1094 1096
f 957 1082 1097
f 957 1097 1095
f 1014 1098 1099
f 1014 1099 1017
f 1017 1099 1100
f 1017 1100 1018
f 1013 1101 1098
f 1013 1098 1014
f 937 1102 1097
f 937 1097 1082
f 937 645 707
f 937 707 1102
f 839 849 1092
f 1018 1100 1103
f 1018 1103 1020
f 1020 1103 1104
f 1020 1104 1021
f 1009 1089 1105
f 1009 1105 1106
f 1009 1106 1010
f 1010 1106 1101
f 1010 1101 1013
f 874 1021 1104
f 950 1096 1091
f 950 1091 980
f 821 877 822
f 823 822 877
f 823 877 878
f 880 917 882
f 880 882 1034
f 883 913 1026
f 883 1026 886
f 839 1092 923
f 839 923 846
f 888 1085 890
f 888 890 1027
f 846 922 847
f 949 1089 1009
f 949 1009 967
f 1071 1107 1108
f 1071 1108 1109
f 979 1109 1108
f 979 1108 1036
f 976 1037 1039
f 976 1039 1038
f 905 1041 1040
f 905 1040 906
f 978 1072 1109
f 978 1109 979
f 1007 1043 1008
f 961 1005 1107
f 961 1107 1035
f 1005 1008 1108
f 1005 1108 1107
f 1008 1043 1036
f 1008 1036 1108
f 857 1065 1022
f 857 1022 873
f 856 1077 1065
f 856 1065 857
f 856 859 903
f 856 903 1077
f 1037 1044 1045
f 1037 1045 1039
f 906 1040 1045
f 906 1045 1046
f 907 1047 1042
f 1062 1110 1068
f 1062 1068 1063
f 1068 1110 1083
f 1068 1083 1078
f 910 1079 1078
f 910 1078 1083
f 909 929 1079
f 909 1079 910
f 1066 1067 1074
f 1066 1074 1114
f 1073 1076 1115
f 1073 1115 1116
f 1075 1085 1117
f 1118 1119 1120
f 1118 1120 1121
f 1122 1123 1124
f 1122 1124 1125
f 1126 1127 1128
f 1056 1135 1136
f 1056 1136 1058
f 1084 1083 1110
f 1084 1110 1137
f 1060 1138 1139
f 1060 1139 1062
f 1126 1137 1139
f 1126 1139 1133
f 1126 1133 1134
f 911 1084 1128
f 911 1128 1024
f 1122 1127 1131
f 1122 1131 1130
f 1112 1120 1123
f 1112 1123 1129
f 887 1025 1124
f 887 1124 1119
f 1111 1115 1117
f 1111 1117 1121
f 888 1118 1085
f 1084 1137 1126
f 1084 1126 1128
f 1062 1139 1137
f 1062 1137 1110
f 1024 1125 1124
f 1024 1124 1025
f 1122 1130 1129
f 1122 1129 1123
f 1122 1125 1128
f 1122 1128 1127
f 1119 1124 1123
f 1119 1123 1120
f 1085 1118 1121
f 1085 1121 1117
f 1076 1075 1117
f 1076 1117 1115
f 1074 1073 1116
f 1074 1116 1114
f 1058 1136 1138
f 1058 1138 1060
f 1111 1121 1120
f 1111 1120 1112
f 1111 1113 1116
f 1111 1116 1115
f 887 1119 1118
f 887 1118 888
f 1024 1128 1125
f 1127 1132 1131
f 1126 1134 1132
f 1126 1132 1127
f 1156 1160 1161
f 1156 1161 1159
f 1141 1162 1163
f 1141 1163 1157
f 1146 1155 1164
f 1146 1164 1165
f 1140 1143 1166
f 1140 1166 1167
f 1149 1168 1169
f 1149 1169 1154
f 1142 1145 1170
f 1142 1170 1171
f 1144 1147 1172
f 1144 1172 1173
f 1148 1151 1174
f 1148 1174 1175
f 1152 1176 1177
f 1152 1177 1178
f 1153 1158 1179
f 1153 1179 1180
f 1154 1169 1164
f 1154 1164 1155
f 1158 1159 1161
f 1158 1161 1179
f 1156 1157 1163
f 1156 1163 1160
f 1150 1181 1174
f 1150 1174 1151
f 1148 1175 1168
f 1148 1168 1149
f 1146 1165 1172
f 1146 1172 1147
f 1144 1173 1170
f 1144 1170 1145
f 1142 1171 1166
f 1142 1166 1143
f 1140 1167 1162
f 1140 1162 1141
f 1152 1153 1180
f 1152 1180 1176
f 826 825 1181
f 826 1181 1150
f 1182 1183 1184
f 1185 1186 1187
f 1185 1187 1188
f 1191 1192 1193
f 1191 1193 1194
f 1195 1196 1197
f 1195 1197 1198
f 1186 1189 1200
f 1186 1200 1197
f 1183 1187 1196
f 1183 1196 1193
f 1197 1200 1199
f 1197 1199 1198
f 1193 1196 1195
f 1193 1195 1194
f 1185 1190 1189
f 1185 1189 1186
f 1186 1197 1196
f 1186 1196 1187
f 1182 1188 1187
f 1182 1187 1183
f 1183 1193 1192
f 1183 1192 1184
f 1191 1194 1201
f 1191 1201 1202
f 849 848 1192
f 849 1192 1191
f 848 850 1184
f 848 1184 1192
f 850 851 1182
f 850 1182 1184
f 852 1190 1185
f 852 1185 853
f 853 1185 1188
f 853 1188 854
f 851 854 1188
f 851 1188 1182
f 1177 1198 1199
f 1177 1199 1178
f 1177 1203 1195
f 1177 1195 1198
f 1194 1195 1203
f 1194 1203 1201
f 1174 1181 1204
f 1174 1204 1205
f 1168 1175 1206
f 1168 1206 1207
f 1165 1208 1209
f 1165 1209 1172
f 1170 1173 1210
f 1170 1210 1211
f 1166 1171 1212
f 1166 1212 1213
f 1162 1167 1214
f 1162 1214 1215
f 1160 1163 1216
f 1160 1216 1217
f 1161 1218 1179
f 1164 1169 1219
f 1164 1219 1220
f 825 874 1221
f 1176 1222 1223
f 1176 1223 1224
f 1225 1226 1227
f 1225 1227 1228
f 1229 1230 1231
f 1232 1233 1234
f 1232 1234 1235
f 1236 1237 1238
f 1236 1238 1239
f 1240 1241 1242
f 1240 1242 1243
f 1244 1245 1246
f 1244 1246 1247
f 1248 1249 1250
f 1251 1252 1253
f 1251 1253 1254
f 1255 1256 1257
f 1255 1257 1258
f 1259 1260 1261
f 1259 1261 1262
f 1263 1264 1265
f 1263 1265 1266
f 1202 1267 1268
f 1202 1268 1269
f 1270 720 721
f 1270 721 1271
f 1272 722 723
f 1272 723 1273
f 1274 724 1275
f 1276 725 726
f 1276 726 1277
f 727 728 1284
f 727 1284 1285
f 1286 1287 1288
f 1286 1288 729
f 730 1289 1290
f 730 1290 731
f 1293 1294 1295
f 1293 1295 1296
f 1297 1298 1299
f 1297 1299 1300
f 1301 1302 1303
f 1301 1303 1304
f 1307 1308 1309
f 1307 1309 1310
f 1311 1312 1313
f 1311 1313 1314
f 732 1315 1316
f 732 1316 733
f 1317 1318 734
f 1317 734 735
f 1319 1320 1321
f 1319 1321 1322
f 1323 1324 1325
f 1323 1325 1326
f 1327 1328 1329
f 1327 1329 1330
f 1331 1332 1333
f 1331 1333 1334
f 770 771 1335
f 770 1335 1336
f 1337 1338 1339
f 1337 1339 1340
f 1342 772 773
f 1342 773 1343
f 1344 1345 1346
f 1344 1346 1347
f 1348 1349 1350
f 1348 1350 1351
f 1352 1353 1354
f 1352 1354 1355
f 1356 1357 1358
f 1359 1360 1361
f 1359 1361 1362
f 1363 1364 1365
f 1363 1365 1366
f 1367 1368 1369
f 1367 1369 1370
f 1371 1372 1373
f 1374 1375 1376
f 1374 1376 1377
f 1378 1379 1380
f 1378 1380 1381
f 1323 1326 1383
f 1323 1383 1384
f 1385 1386 1387
f 1385 1387 1388
f 1367 1370 1389
f 1383 1390 1391
f 1383 1391 1384
f 1248 1385 1388
f 1248 1388 1249
f 1386 1392 1387
f 1251 1393 1394
f 1251 1394 1252
f 1395 1396 1397
f 1395 1397 1398
f 1395 1399 1400
f 1395 1400 1396
f 1399 1401 1402
f 1399 1402 1400
f 1401 1403 1404
f 1401 1404 1402
f 1403 1405 1406
f 1403 1406 1404
f 1405 1407 1408
f 1405 1408 1406
f 1407 1409 1410
f 1407 1410 1408
f 1397 1411 1398
f 1229 1381 1374
f 1229 1374 1235
f 1314 1337 1362
f 1314 1362 1356
f 1319 1366 1359
f 1319 1359 1340
f 1322 1393 1389
f 1322 1389 1363
f 1254 1412 1368
f 1254 1368 1367
f 1244 1351 1344
f 1244 1344 1414
f 1208 1220 1348
f 1208 1348 1247
f 1317 1342 1415
f 1317 1415 1409
f 1284 1288 1416
f 1284 1416 1417
f 1310 1354 1338
f 1310 1338 1313
f 1286 1336 1398
f 1286 1398 1411
f 1278 1283 1331
f 1278 1331 1328
f 1279 1327 1299
f 1279 1299 1280
f 1263 1273 1270
f 1263 1270 1269
f 1259 1275 1272
f 1259 1272 1266
f 1324 1419 1341
f 1324 1341 1346
f 1320 1339 1353
f 1320 1353 1391
f 1321 1390 1392
f 1321 1392 1394
f 1249 1325 1345
f 1249 1345 1350
f 1241 1245 1420
f 1241 1420 1421
f 1237 1242 1422
f 1237 1422 1423
f 1258 1261 1371
f 1231 1260 1265
f 1223 1227 1264
f 1223 1264 1268
f 1201 1203 1224
f 1201 1224 1267
f 1217 1379 1225
f 1217 1225 1218
f 1215 1375 1380
f 1215 1380 1216
f 1213 1239 1376
f 1213 1376 1214
f 1211 1243 1236
f 1211 1236 1212
f 1209 1246 1240
f 1209 1240 1210
f 1207 1250 1349
f 1207 1349 1219
f 1248 1424 1253
f 1248 1253 1385
f 1302 1417 1416
f 1302 1416 1306
f 1281 1298 1303
f 1281 1303 1305
f 1291 1307 1312
f 1291 1312 1296
f 1282 1292 1295
f 1282 1295 1332
f 1257 1277 1274
f 1257 1274 1262
f 1276 1425 1426
f 1276 1426 1343
f 1315 1318 1407
f 1315 1407 1405
f 1289 1316 1403
f 1289 1403 1401
f 1290 1399 1395
f 1290 1395 1335
f 1287 1427 1428
f 1160 1217 1218
f 1160 1218 1161
f 1162 1215 1216
f 1162 1216 1163
f 1167 1166 1213
f 1167 1213 1214
f 1170 1211 1212
f 1170 1212 1171
f 1173 1172 1209
f 1173 1209 1210
f 1164 1220 1208
f 1164 1208 1165
f 1168 1207 1219
f 1168 1219 1169
f 1175 1174 1205
f 1175 1205 1206
f 825 1221 1204
f 825 1204 1181
f 1217 1216 1380
f 1217 1380 1379
f 1374 1381 1380
f 1374 1380 1375
f 1215 1214 1376
f 1215 1376 1375
f 874 1369 1368
f 874 1368 1221
f 1363 1389 1370
f 1363 1370 1364
f 1359 1366 1365
f 1359 1365 1360
f 1356 1362 1361
f 1356 1361 1357
f 1219 1349 1348
f 1219 1348 1220
f 1344 1351 1350
f 1344 1350 1345
f 1338 1354 1353
f 1338 1353 1339
f 1337 1340 1359
f 1337 1359 1362
f 1335 1395 1398
f 1335 1398 1336
f 1328 1331 1334
f 1328 1334 1329
f 1342 1343 1426
f 1342 1426 1415
f 1344 1347 1413
f 1344 1413 1414
f 1324 1346 1345
f 1324 1345 1325
f 1319 1340 1339
f 1319 1339 1320
f 1320 1391 1390
f 1320 1390 1321
f 1319 1322 1363
f 1319 1363 1366
f 1317 1409 1407
f 1317 1407 1318
f 1317 735 772
f 1317 772 1342
f 732 734 1318
f 732 1318 1315
f 1315 1405 1403
f 1315 1403 1316
f 1313 1338 1337
f 1313 1337 1314
f 1311 1314 1356
f 1311 1356 1358
f 1309 1355 1354
f 1309 1354 1310
f 1307 1310 1313
f 1307 1313 1312
f 1301 1429 1417
f 1301 1417 1302
f 1302 1306 1305
f 1302 1305 1303
f 1297 1304 1303
f 1297 1303 1298
f 1299 1327 1330
f 1299 1330 1300
f 1294 1333 1332
f 1294 1332 1295
f 1293 1296 1312
f 1293 1312 1311
f 1291 1296 1295
f 1291 1295 1292
f 730 733 1316
f 730 1316 1289
f 1289 1401 1399
f 1289 1399 1290
f 1290 1335 771
f 1290 771 731
f 1286 1411 1427
f 1286 1427 1287
f 1287 1428 1416
f 1287 1416 1288
f 1286 729 770
f 1286 770 1336
f 728 729 1288
f 728 1288 1284
f 1284 1417 1429
f 1284 1429 1285
f 1282 1332 1331
f 1282 1331 1283
f 1280 1299 1298
f 1280 1298 1281
f 1278 1328 1327
f 1278 1327 1279
f 1276 1343 773
f 1276 773 725
f 1274 1277 726
f 1274 726 724
f 1272 1275 724
f 1272 724 722
f 1270 1273 723
f 1270 723 720
f 1202 1269 1270
f 1202 1270 1271
f 1263 1269 1268
f 1263 1268 1264
f 1263 1266 1272
f 1263 1272 1273
f 1259 1266 1265
f 1259 1265 1260
f 1259 1262 1274
f 1259 1274 1275
f 1255 1430 1431
f 1255 1431 1256
f 1276 1277 1425
f 1257 1262 1261
f 1257 1261 1258
f 1255 1258 1371
f 1255 1371 1373
f 1321 1394 1393
f 1321 1393 1322
f 1253 1424 1412
f 1253 1412 1254
f 1251 1254 1367
f 1251 1367 1389
f 1249 1388 1326
f 1249 1326 1325
f 1249 1350 1349
f 1249 1349 1250
f 1207 1206 1248
f 1207 1248 1250
f 1244 1414 1420
f 1244 1420 1245
f 1208 1247 1246
f 1208 1246 1209
f 1244 1247 1348
f 1244 1348 1351
f 1240 1246 1245
f 1240 1245 1241
f 1241 1421 1422
f 1241 1422 1242
f 1211 1210 1240
f 1211 1240 1243
f 1236 1243 1242
f 1236 1242 1237
f 1237 1423 1432
f 1237 1432 1238
f 1238 1377 1376
f 1238 1376 1239
f 1213 1212 1236
f 1213 1236 1239
f 1233 1372 1371
f 1233 1371 1234
f 1232 1235 1374
f 1232 1374 1377
f 1229 1235 1234
f 1229 1234 1230
f 1230 1261 1260
f 1230 1260 1231
f 1229 1231 1378
f 1229 1378 1381
f 1225 1379 1378
f 1225 1378 1226
f 1226 1265 1264
f 1226 1264 1227
f 1179 1218 1225
f 1179 1225 1228
f 1222 1228 1227
f 1222 1227 1223
f 1223 1268 1267
f 1223 1267 1224
f 1176 1224 1203
f 1176 1203 1177
f 1087 1086 1333
f 1087 1333 1294
f 1086 1088 1334
f 1086 1334 1333
f 1087 1294 1293
f 1087 1293 1089
f 1088 1090 1329
f 1088 1329 1334
f 1090 1091 1330
f 1090 1330 1329
f 700 1092 1271
f 700 1271 721
f 1094 1093 1304
f 1094 1304 1297
f 1093 1095 1301
f 1093 1301 1304
f 1094 1297 1300
f 1094 1300 1096
f 1095 1097 1429
f 1095 1429 1301
f 1099 1098 1360
f 1099 1360 1365
f 1099 1365 1364
f 1099 1364 1100
f 1098 1101 1361
f 1098 1361 1360
f 1097 1102 1285
f 1097 1285 1429
f 1102 707 727
f 1102 727 1285
f 849 1191 1092
f 1100 1364 1370
f 1100 1370 1103
f 1103 1370 1369
f 1103 1369 1104
f 1089 1358 1105
f 1105 1358 1357
f 1105 1357 1106
f 1101 1106 1357
f 1101 1357 1361
f 874 1104 1369
f 1091 1096 1300
f 1091 1300 1330
f 1176 1180 1222
f 1180 1179 1228
f 1180 1228 1222
f 1226 1378 1231
f 1226 1231 1265
f 1230 1234 1371
f 1230 1371 1261
f 1092 1191 1202
f 1092 1202 1271
f 1232 1377 1238
f 1232 1238 1432
f 1201 1267 1202
f 1089 1293 1311
f 1089 1311 1358
f 1418 1434 1435
f 1418 1435 1433
f 1323 1384 1435
f 1323 1435 1434
f 1326 1388 1387
f 1326 1387 1383
f 1252 1386 1385
f 1252 1385 1253
f 1323 1434 1419
f 1323 1419 1324
f 1352 1391 1353
f 1309 1382 1433
f 1309 1433 1355
f 1352 1355 1433
f 1352 1433 1435
f 1352 1435 1384
f 1352 1384 1391
f 1204 1221 1368
f 1204 1368 1412
f 1204 1412 1424
f 1204 1424 1205
f 1205 1424 1248
f 1205 1248 1206
f 1383 1387 1392
f 1383 1392 1390
f 1252 1394 1392
f 1252 1392 1386
f 1251 1389 1393
f 1409 1415 1436
f 1409 1436 1410
f 1415 1426 1431
f 1415 1431 1436
f 1256 1431 1426
f 1256 1426 1425
f 1256 1425 1277
f 1256 1277 1257
f 1413 1439 1420
f 1413 1420 1414
f 1421 1440 1441
f 1421 1441 1422
f 1423 1442 1432
f 1443 1444 1445
f 1443 1445 1446
f 1447 1448 1449
f 1447 1449 1450
f 1451 1452 1453
f 1404 1406 1460
f 1404 1460 1461
f 1431 1430 1462
f 1431 1462 1436
f 1408 1410 1463
f 1408 1463 1464
f 1453 1458 1463
f 1453 1463 1462
f 1453 1459 1458
f 1255 1373 1451
f 1255 1451 1430
f 1450 1454 1457
f 1450 1457 1452
f 1437 1455 1449
f 1437 1449 1444
f 1233 1445 1448
f 1233 1448 1372
f 1438 1443 1442
f 1438 1442 1441
f 1232 1432 1446
f 1430 1451 1453
f 1430 1453 1462
f 1410 1436 1462
f 1410 1462 1463
f 1372 1448 1447
f 1372 1447 1373
f 1449 1455 1454
f 1449 1454 1450
f 1447 1450 1452
f 1447 1452 1451
f 1444 1449 1448
f 1444 1448 1445
f 1432 1442 1443
f 1432 1443 1446
f 1423 1422 1441
f 1423 1441 1442
f 1421 1420 1439
f 1421 1439 1440
f 1406 1408 1464
f 1406 1464 1460
f 1437 1444 1443
f 1437 1443 1438
f 1232 1446 1445
f 1232 1445 1233
f 1373 1447 1451
f 1452 1457 1456
f 1452 1456 1459
f 1452 1459 1453
f 1465 1466 1278
f 1465 1278 1279
f 1467 1468 1280
f 1467 1280 1281
f 1469 1470 1282
f 1469 1282 1283
f 1291 1292 1471
f 1291 1471 1472
f 1473 1474 1305
f 1473 1305 1306
f 1475 1476 1477
f 1475 1477 1478
f 1341 1479 1480
f 1341 1480 1481
f 1475 1382 1482
f 1475 1482 1476
f 1481 1483 1413
f 1481 1413 1347
f 1475 1478 1479
f 1475 1479 1418
f 1478 1484 1485
f 1478 1485 1480
f 1477 1486 1487
f 1477 1487 1488
f 1472 1489 1482
f 1472 1482 1308
f 1480 1485 1483
f 1480 1483 1481
f 1341 1481 1347
f 1341 1347 1346
f 1341 1419 1479
f 1308 1482 1382
f 1308 1382 1309
f 1477 1488 1484
f 1477 1484 1478
f 1478 1480 1479
f 1473 1306 1416
f 1473 1416 1428
f 1291 1472 1308
f 1291 1308 1307
f 1486 1490 1491
f 1486 1491 1492
f 1476 1482 1489
f 1476 1489 1490
f 1471 1491 1490
f 1471 1490 1489
f 1470 1491 1471
f 1470 1471 1282
f 1467 1281 1305
f 1467 1305 1474
f 1466 1469 1283
f 1466 1283 1278
f 1465 1279 1280
f 1465 1280 1468
f 1475 1418 1433
f 1475 1433 1382
f 1476 1490 1486
f 1476 1486 1477
f 1479 1419 1434
f 1479 1434 1418
f 1282 1471 1292
f 1471 1489 1472
f 1493 1494 1437
f 1493 1437 1438
f 1483 1485 1495
f 1483 1495 1496
f 1507 1508 1509
f 1507 1509 1510
f 1511 1512 1513
f 1484 1488 1520
f 1484 1520 1521
f 1522 1523 1524
f 1522 1524 1525
f 1454 1455 1526
f 1454 1526 1527
f 1528 1529 1530
f 1528 1530 1531
f 1532 1533 1534
f 1532 1534 1535
f 1538 1539 1540
f 1541 1542 1543
f 1541 1543 1544
f 1546 1547 1548
f 1546 1548 1549
f 1550 1456 1457
f 1550 1457 1551
f 1458 1552 1553
f 1554 1555 1556
f 1554 1556 1557
f 1459 1558 1559
f 1532 1535 1560
f 1532 1560 1561
f 1400 1402 1562
f 1400 1562 1563
f 1522 1564 1565
f 1522 1565 1523
f 1523 1565 1566
f 1523 1566 1529
f 1529 1566 1567
f 1529 1567 1530
f 1530 1567 1568
f 1530 1568 1556
f 1556 1568 1569
f 1556 1569 1557
f 1532 1557 1569
f 1532 1569 1533
f 1552 1559 1554
f 1552 1554 1561
f 1531 1555 1558
f 1531 1558 1550
f 1553 1560 1460
f 1553 1460 1464
f 1519 1564 1520
f 1519 1520 1545
f 1513 1544 1538
f 1513 1538 1547
f 1515 1548 1540
f 1515 1540 1536
f 1466 1501 1506
f 1466 1506 1469
f 1467 1474 1499
f 1467 1499 1504
f 1465 1468 1503
f 1465 1503 1502
f 1494 1570 1525
f 1494 1525 1526
f 1493 1440 1439
f 1493 1439 1496
f 1537 1539 1571
f 1510 1562 1461
f 1510 1461 1534
f 1507 1533 1569
f 1507 1569 1517
f 1473 1549 1514
f 1473 1514 1500
f 1470 1505 1492
f 1470 1492 1491
f 1524 1528 1551
f 1524 1551 1527
f 1498 1566 1565
f 1498 1565 1518
f 1497 1516 1568
f 1497 1568 1567
f 1554 1559 1558
f 1554 1558 1555
f 1458 1459 1559
f 1458 1559 1552
f 1458 1553 1464
f 1458 1464 1463
f 1550 1558 1459
f 1550 1459 1456
f 1538 1544 1543
f 1538 1543 1539
f 1538 1540 1548
f 1538 1548 1547
f 1536 1540 1539
f 1536 1539 1537
f 1552 1561 1560
f 1552 1560 1553
f 1532 1561 1554
f 1532 1554 1557
f 1530 1556 1555
f 1530 1555 1531
f 1528 1531 1550
f 1528 1550 1551
f 1454 1527 1551
f 1454 1551 1457
f 1523 1529 1528
f 1523 1528 1524
f 1524 1527 1526
f 1524 1526 1525
f 1488 1487 1545
f 1488 1545 1520
f 1522 1525 1570
f 1518 1565 1564
f 1518 1564 1519
f 1516 1517 1569
f 1516 1569 1568
f 1514 1549 1548
f 1514 1548 1515
f 1512 1541 1544
f 1512 1544 1513
f 1511 1513 1547
f 1511 1547 1546
f 1508 1543 1542
f 1508 1542 1509
f 1507 1510 1534
f 1507 1534 1533
f 1497 1567 1566
f 1497 1566 1498
f 1485 1484 1521
f 1485 1521 1495
f 1483 1496 1439
f 1483 1439 1413
f 1534 1461 1460
f 1534 1460 1535
f 1493 1496 1495
f 1493 1495 1494
f 1494 1526 1455
f 1494 1455 1437
f 1493 1438 1441
f 1493 1441 1440
f 1473 1428 1546
f 1473 1546 1549
f 1402 1404 1461
f 1402 1461 1562
f 1509 1563 1562
f 1509 1562 1510
f 1473 1500 1499
f 1473 1499 1474
f 1469 1506 1505
f 1469 1505 1470
f 1467 1504 1503
f 1467 1503 1468
f 1465 1502 1501
f 1465 1501 1466
f 1509 1542 1563
f 1494 1495 1521
f 1494 1521 1570
f 1508 1571 1539
f 1508 1539 1543
f 1428 1427 1511
f 1428 1511 1546
f 1411 1512 1511
f 1411 1511 1427
f 1397 1541 1512
f 1397 1512 1411
f 1396 1542 1541
f 1396 1541 1397
f 1396 1400 1563
f 1396 1563 1542
f 1535 1460 1560
f 1521 1564 1522
f 1521 1522 1570
f 1520 1564 1521
f 1507 1517 1572
f 1507 1572 1571
f 1507 1571 1508
f 1573 1574 1575
f 1573 1575 1576
f 1577 1578 1579
f 1577 1579 1580
f 1581 1582 1583
f 1581 1583 1584
f 1585 1586 1587
f 1585 1587 1588
f 1589 1590 1591
f 1589 1591 1592
f 1593 1594 1595
f 1593 1595 1596
f 1597 1598 1599
f 1597 1599 1600
f 1601 1602 1603
f 1601 1603 1604
f 1605 1606 1607
f 1605 1607 1608
f 1609 1610 1611
f 1609 1611 1612
f 1613 1614 1615
f 1613 1615 1616
f 1617 1618 1619
f 1617 1619 1620
f 1621 1622 1623
f 1624 1625 1626
f 1627 1628 1629
f 1627 1629 1630
f 1631 1632 1633
f 1631 1633 1634
f 1635 1636 1637
f 1635 1637 1638
f 1639 1640 1641
f 1639 1641 1642
f 1643 1644 1645
f 1643 1645 1646
f 1647 1648 1649
f 1647 1649 1650
f 1651 1652 1653
f 1651 1653 1654
f 1655 1656 1657
f 1658 1659 1660
f 1658 1660 1661
f 1662 1663 1664
f 1662 1664 1665
f 1666 1667 1668
f 1666 1668 1669
f 1670 1671 1672
f 1670 1672 1673
f 1674 1675 1676
f 1674 1676 1677
f 1678 1679 1680
f 1678 1680 1681
f 1682 1683 1684
f 1682 1684 1685
f 1686 1687 1688
f 1686 1688 1689
f 1690 1691 1692
f 1690 1692 1693
f 1694 1695 1696
f 1694 1696 1697
f 1698 1699 1700
f 1698 1700 1701
f 1702 1703 1704
f 1702 1704 1705
f 1706 1707 1708
f 1706 1708 1709
f 1710 1711 1712
f 1710 1712 1713
f 1714 1715 1716
f 1714 1716 1717
f 1718 1719 1720
f 1718 1720 1721
f 1722 1497 1498
f 1722 1498 1723
f 1499 1500 1724
f 1499 1724 1725
f 1726 1727 1501
f 1726 1501 1502
f 1728 1729 1503
f 1728 1503 1504
f 1730 1731 1505
f 1730 1505 1506
f 1486 1492 1732
f 1733 1734 1514
f 1733 1514 1515
f 1516 1735 1736
f 1516 1736 1517
f 1737 1738 1518
f 1737 1518 1519
f 1536 1537 1739
f 1536 1739 1740
f 1487 1741 1742
f 1487 1742 1545
f 1592 1674 1701
f 1592 1701 1597
f 1677 1678 1705
f 1677 1705 1698
f 1681 1682 1709
f 1681 1709 1702
f 1689 1690 1717
f 1689 1717 1710
f 1693 1694 1721
f 1693 1721 1714
f 1593 1604 1718
f 1593 1718 1697
f 1645 1683 1680
f 1645 1680 1664
f 1646 1663 1659
f 1646 1659 1649
f 1650 1658 1656
f 1650 1656 1653
f 1654 1655 1691
f 1654 1691 1688
f 1657 1695 1692
f 1660 1662 1669
f 1660 1669 1670
f 1665 1679 1676
f 1665 1676 1666
f 1586 1667 1675
f 1586 1675 1591
f 1582 1671 1668
f 1582 1668 1585
f 1581 1594 1696
f 1581 1696 1672
f 1576 1640 1719
f 1576 1719 1603
f 1575 1580 1636
f 1575 1636 1641
f 1579 1598 1700
f 1579 1700 1637
f 1631 1638 1699
f 1631 1699 1704
f 1628 1642 1635
f 1628 1635 1634
f 1626 1639 1627
f 1619 1711 1716
f 1619 1716 1623
f 1615 1620 1622
f 1615 1622 1625
f 1611 1616 1624
f 1611 1624 1630
f 1607 1612 1629
f 1607 1629 1633
f 1608 1632 1703
f 1608 1703 1708
f 1618 1737 1742
f 1618 1742 1712
f 1685 1733 1740
f 1685 1740 1706
f 1651 1687 1730
f 1651 1730 1727
f 1643 1648 1728
f 1643 1728 1725
f 1647 1652 1726
f 1647 1726 1729
f 1644 1724 1734
f 1644 1734 1684
f 1713 1741 1732
f 1614 1723 1738
f 1614 1738 1617
f 1610 1735 1722
f 1610 1722 1613
f 1606 1743 1736
f 1606 1736 1609
f 1605 1707 1739
f 1605 1739 1744
f 1737 1519 1545
f 1737 1545 1742
f 1537 1571 1744
f 1537 1744 1739
f 1736 1743 1572
f 1736 1572 1517
f 1733 1515 1536
f 1733 1536 1740
f 1571 1572 1743
f 1571 1743 1744
f 1486 1732 1741
f 1486 1741 1487
f 1492 1505 1731
f 1492 1731 1732
f 1727 1730 1506
f 1727 1506 1501
f 1726 1502 1503
f 1726 1503 1729
f 1500 1514 1734
f 1500 1734 1724
f 1499 1725 1728
f 1499 1728 1504
f 1722 1735 1516
f 1722 1516 1497
f 1498 1518 1738
f 1498 1738 1723
f 1603 1719 1718
f 1603 1718 1604
f 1714 1721 1720
f 1714 1720 1715
f 1710 1717 1716
f 1710 1716 1711
f 1712 1742 1741
f 1712 1741 1713
f 1706 1740 1739
f 1706 1739 1707
f 1702 1709 1708
f 1702 1708 1703
f 1698 1705 1704
f 1698 1704 1699
f 1597 1701 1700
f 1597 1700 1598
f 1593 1596 1601
f 1593 1601 1604
f 1593 1697 1696
f 1593 1696 1594
f 1694 1697 1718
f 1694 1718 1721
f 1692 1695 1694
f 1692 1694 1693
f 1690 1693 1714
f 1690 1714 1717
f 1686 1731 1730
f 1686 1730 1687
f 1688 1691 1690
f 1688 1690 1689
f 1686 1689 1710
f 1686 1710 1713
f 1684 1734 1733
f 1684 1733 1685
f 1682 1685 1706
f 1682 1706 1709
f 1680 1683 1682
f 1680 1682 1681
f 1678 1681 1702
f 1678 1702 1705
f 1676 1679 1678
f 1676 1678 1677
f 1674 1677 1698
f 1674 1698 1701
f 1591 1675 1674
f 1591 1674 1592
f 1589 1592 1597
f 1589 1597 1600
f 1586 1591 1590
f 1586 1590 1587
f 1582 1585 1588
f 1582 1588 1583
f 1581 1584 1595
f 1581 1595 1594
f 1581 1672 1671
f 1581 1671 1582
f 1672 1696 1695
f 1672 1695 1673
f 1666 1676 1675
f 1666 1675 1667
f 1585 1668 1667
f 1585 1667 1586
f 1668 1671 1670
f 1668 1670 1669
f 1664 1680 1679
f 1664 1679 1665
f 1662 1665 1666
f 1662 1666 1669
f 1659 1663 1662
f 1659 1662 1660
f 1660 1670 1673
f 1660 1673 1661
f 1656 1658 1661
f 1656 1661 1657
f 1655 1657 1692
f 1655 1692 1691
f 1651 1727 1726
f 1651 1726 1652
f 1653 1656 1655
f 1653 1655 1654
f 1651 1654 1688
f 1651 1688 1687
f 1647 1729 1728
f 1647 1728 1648
f 1649 1659 1658
f 1649 1658 1650
f 1647 1650 1653
f 1647 1653 1652
f 1643 1725 1724
f 1643 1724 1644
f 1644 1684 1683
f 1644 1683 1645
f 1645 1664 1663
f 1645 1663 1646
f 1643 1646 1649
f 1643 1649 1648
f 1578 1599 1598
f 1578 1598 1579
f 1574 1577 1580
f 1574 1580 1575
f 1573 1576 1603
f 1573 1603 1602
f 1639 1720 1719
f 1639 1719 1640
f 1575 1641 1640
f 1575 1640 1576
f 1635 1642 1641
f 1635 1641 1636
f 1579 1637 1636
f 1579 1636 1580
f 1637 1700 1699
f 1637 1699 1638
f 1631 1704 1703
f 1631 1703 1632
f 1631 1634 1635
f 1631 1635 1638
f 1627 1639 1642
f 1627 1642 1628
f 1628 1634 1633
f 1628 1633 1629
f 1624 1626 1627
f 1624 1627 1630
f 1621 1626 1625
f 1621 1625 1622
f 1621 1623 1716
f 1621 1716 1715
f 1617 1738 1737
f 1617 1737 1618
f 1618 1712 1711
f 1618 1711 1619
f 1619 1623 1622
f 1619 1622 1620
f 1613 1722 1723
f 1613 1723 1614
f 1614 1617 1620
f 1614 1620 1615
f 1615 1625 1624
f 1615 1624 1616
f 1609 1736 1735
f 1609 1735 1610
f 1610 1613 1616
f 1610 1616 1611
f 1611 1630 1629
f 1611 1629 1612
f 1605 1744 1743
f 1605 1743 1606
f 1606 1609 1612
f 1606 1612 1607
f 1607 1633 1632
f 1607 1632 1608
f 1605 1608 1708
f 1605 1708 1707
f 1686 1713 1732
f 1686 1732 1731
f 1657 1661 1673
f 1657 1673 1695
f 1621 1715 1720
f 1621 1720 1639
f 1621 1639 1626
f 1745 1746 1747
f 1745 1747 1748
f 1749 1750 1751
f 1749 1751 1752
f 1753 1754 1755
f 1753 1755 1756
f 1757 1758 1759
f 1757 1759 1760
f 1761 1762 1763
f 1761 1763 1764
f 1765 1766 1767
f 1765 1767 1768
f 1769 1770 1771
f 1769 1771 1772
f 1773 1774 1775
f 1773 1775 1776
f 1769 1777 1778
f 1769 1778 1776
f 1767 1779 1780
f 1767 1780 1772
f 1763 1781 1782
f 1763 1782 1766
f 1759 1783 1784
f 1759 1784 1762
f 1755 1785 1786
f 1755 1786 1758
f 1751 1787 1788
f 1751 1788 1754
f 1746 1773 1789
f 1746 1789 1790
f 1747 1791 1792
f 1747 1792 1750
f 1773 1776 1778
f 1773 1778 1789
f 1769 1776 1775
f 1769 1775 1770
f 1769 1772 1780
f 1769 1780 1777
f 1766 1782 1779
f 1766 1779 1767
f 1767 1772 1771
f 1767 1771 1768
f 1762 1784 1781
f 1762 1781 1763
f 1763 1766 1765
f 1763 1765 1764
f 1758 1786 1783
f 1758 1783 1759
f 1759 1762 1761
f 1759 1761 1760
f 1754 1788 1785
f 1754 1785 1755
f 1755 1758 1757
f 1755 1757 1756
f 1750 1792 1787
f 1750 1787 1751
f 1751 1754 1753
f 1751 1753 1752
f 1745 1774 1773
f 1745 1773 1746
f 1746 1790 1791
f 1746 1791 1747
f 1747 1750 1749
f 1747 1749 1748
f 1793 1794 1795
f 1793 1795 1796
f 1797 1798 1799
f 1797 1799 1800
f 1801 1802 1803
f 1801 1803 1804
f 1805 1806 1807
f 1805 1807 1808
f 1809 1810 1811
f 1809 1811 1812
f 1813 1814 1815
f 1813 1815 1816
f 1790 1817 1818
f 1790 1818 1791
f 1787 1792 1819
f 1787 1819 1820
f 1821 1822 1823
f 1821 1823 1824
f 1825 1826 1827
f 1825 1827 1828
f 1829 1830 1831
f 1829 1831 1832
f 1833 1834 1835
f 1833 1835 1836
f 1837 1838 1839
f 1837 1839 1840
f 1841 1842 1843
f 1841 1843 1844
f 1779 1782 1845
f 1779 1845 1846
f 1781 1784 1847
f 1781 1847 1848
f 1777 1780 1849
f 1777 1849 1850
f 1851 1852 1853
f 1851 1853 1854
f 1855 1856 1857
f 1855 1857 1858
f 1859 1860 1861
f 1859 1861 1862
f 1863 1864 1865
f 1863 1865 1866
f 1867 1868 1869
f 1867 1869 1870
f 1871 1872 1873
f 1871 1873 1874
f 1783 1786 1875
f 1783 1875 1876
f 1778 1877 1878
f 1778 1878 1789
f 1879 1880 1881
f 1879 1881 1882
f 1883 1884 1885
f 1883 1885 1886
f 1887 1888 1889
f 1887 1889 1890
f 1891 1892 1893
f 1891 1893 1894
f 1895 1896 1897
f 1895 1897 1898
f 1899 1900 1901
f 1899 1901 1902
f 1785 1788 1903
f 1785 1903 1904
f 1829 1905 1906
f 1829 1906 1830
f 1843 1907 1908
f 1843 1908 1844
f 1830 1906 1907
f 1830 1907 1843
f 1844 1908 1909
f 1844 1909 1846
f 1813 1817 1910
f 1813 1910 1911
f 1813 1911 1912
f 1813 1912 1814
f 1803 1814 1912
f 1803 1912 1913
f 1803 1913 1914
f 1803 1914 1804
f 1825 1828 1905
f 1825 1905 1829
f 1850 1851 1882
f 1850 1882 1877
f 1854 1855 1886
f 1854 1886 1879
f 1858 1859 1890
f 1858 1890 1883
f 1589 1600 1887
f 1589 1887 1862
f 1596 1863 1894
f 1596 1894 1601
f 1866 1867 1898
f 1866 1898 1891
f 1870 1871 1902
f 1870 1902 1895
f 1874 1875 1904
f 1874 1904 1899
f 1583 1588 1826
f 1583 1826 1822
f 1584 1821 1864
f 1584 1864 1595
f 1587 1590 1861
f 1587 1861 1827
f 1823 1825 1832
f 1823 1832 1833
f 1824 1836 1868
f 1824 1868 1865
f 1828 1860 1857
f 1828 1857 1905
f 1853 1907 1906
f 1853 1906 1856
f 1831 1842 1838
f 1831 1838 1834
f 1835 1837 1872
f 1835 1872 1869
f 1839 1841 1845
f 1839 1845 1848
f 1840 1847 1876
f 1840 1876 1873
f 1849 1909 1908
f 1849 1908 1852
f 1878 1881 1911
f 1878 1911 1910
f 1809 1900 1903
f 1809 1903 1820
f 1810 1819 1818
f 1810 1818 1816
f 1806 1896 1901
f 1806 1901 1812
f 1802 1807 1811
f 1802 1811 1815
f 1880 1885 1913
f 1880 1913 1912
f 1797 1914 1884
f 1797 1884 1889
f 1793 1892 1897
f 1793 1897 1805
f 1794 1808 1801
f 1794 1801 1800
f 1578 1798 1888
f 1578 1888 1599
f 1573 1602 1893
f 1573 1893 1796
f 1574 1795 1799
f 1574 1799 1577
f 1899 1904 1903
f 1899 1903 1900
f 1895 1902 1901
f 1895 1901 1896
f 1891 1898 1897
f 1891 1897 1892
f 1601 1894 1893
f 1601 1893 1602
f 1599 1888 1887
f 1599 1887 1600
f 1883 1890 1889
f 1883 1889 1884
f 1879 1886 1885
f 1879 1885 1880
f 1877 1882 1881
f 1877 1881 1878
f 1785 1904 1875
f 1785 1875 1786
f 1873 1876 1875
f 1873 1875 1874
f 1871 1874 1899
f 1871 1899 1902
f 1869 1872 1871
f 1869 1871 1870
f 1867 1870 1895
f 1867 1895 1898
f 1595 1864 1863
f 1595 1863 1596
f 1865 1868 1867
f 1865 1867 1866
f 1863 1866 1891
f 1863 1891 1894
f 1589 1862 1861
f 1589 1861 1590
f 1859 1862 1887
f 1859 1887 1890
f 1857 1860 1859
f 1857 1859 1858
f 1855 1858 1883
f 1855 1883 1886
f 1853 1856 1855
f 1853 1855 1854
f 1851 1854 1879
f 1851 1879 1882
f 1849 1852 1851
f 1849 1851 1850
f 1777 1850 1877
f 1777 1877 1778
f 1783 1876 1847
f 1783 1847 1784
f 1780 1909 1849
f 1781 1848 1845
f 1781 1845 1782
f 1852 1908 1907
f 1852 1907 1853
f 1841 1844 1846
f 1841 1846 1845
f 1838 1842 1841
f 1838 1841 1839
f 1839 1848 1847
f 1839 1847 1840
f 1837 1840 1873
f 1837 1873 1872
f 1834 1838 1837
f 1834 1837 1835
f 1835 1869 1868
f 1835 1868 1836
f 1856 1906 1905
f 1856 1905 1857
f 1830 1843 1842
f 1830 1842 1831
f 1831 1834 1833
f 1831 1833 1832
f 1587 1827 1826
f 1587 1826 1588
f 1827 1861 1860
f 1827 1860 1828
f 1825 1829 1832
f 1583 1822 1821
f 1583 1821 1584
f 1822 1826 1825
f 1822 1825 1823
f 1823 1833 1836
f 1823 1836 1824
f 1821 1824 1865
f 1821 1865 1864
f 1787 1820 1903
f 1787 1903 1788
f 1791 1818 1819
f 1791 1819 1792
f 1789 1878 1910
f 1880 1912 1911
f 1880 1911 1881
f 1813 1816 1818
f 1813 1818 1817
f 1809 1820 1819
f 1809 1819 1810
f 1810 1816 1815
f 1810 1815 1811
f 1809 1812 1901
f 1809 1901 1900
f 1805 1897 1896
f 1805 1896 1806
f 1806 1812 1811
f 1806 1811 1807
f 1801 1808 1807
f 1801 1807 1802
f 1802 1815 1814
f 1802 1814 1803
f 1884 1914 1913
f 1884 1913 1885
f 1797 1889 1888
f 1797 1888 1798
f 1577 1799 1798
f 1577 1798 1578
f 1797 1800 1804
f 1797 1804 1914
f 1793 1805 1808
f 1793 1808 1794
f 1794 1800 1799
f 1794 1799 1795
f 1573 1796 1795
f 1573 1795 1574
f 1793 1796 1893
f 1793 1893 1892
f 1800 1801 1804
f 1790 1789 1910
f 1790 1910 1817
f 1779 1846 1909
f 1779 1909 1780
f 1915 1916 1917
f 1915 1917 1918
f 1919 1920 1921
f 1919 1921 1922
f 1923 1924 1925
f 1923 1925 1926
f 1927 1928 1929
f 1927 1929 1930
f 1931 1932 1933
f 1931 1933 1934
f 1935 1936 1937
f 1935 1937 1938
f 1939 1940 1941
f 1939 1941 1942
f 1943 1944 1945
f 1943 1945 1946
f 1947 1948 1949
f 1947 1949 1950
f 1951 1952 1953
f 1951 1953 1954
f 1955 1956 1957
f 1955 1957 1958
f 1959 1960 1961
f 1959 1961 1962
f 1963 1964 1965
f 1963 1965 1966
f 1967 1968 1969
f 1967 1969 1970
f 1971 1972 1973
f 1971 1973 1974
f 1975 1976 1977
f 1975 1977 1978
f 1979 1980 1981
f 1979 1981 1982
f 1983 1984 1985
f 1983 1985 1986
f 1987 1988 1989
f 1987 1989 1990
f 1991 1992 1993
f 1991 1993 1994
f 1995 1996 1997
f 1995 1997 1998
f 1999 2000 2001
f 1999 2001 2002
f 2003 2004 2005
f 2003 2005 2006
f 2007 2008 2009
f 2007 2009 2010
f 1927 1930 2011
f 1927 2011 2012
f 1926 1927 2012
f 1926 2012 2013
f 1923 1926 2013
f 1923 2013 2014
f 1923 2014 2015
f 1923 2015 1937
f 1937 2015 2016
f 1937 2016 1938
f 1938 2016 2017
f 1938 2017 1943
f 1943 2017 2018
f 1943 2018 1944
f 1918 1944 2018
f 1918 2018 2019
f 1915 1918 2019
f 1915 2019 2020
f 1915 2020 2021
f 1915 2021 1922
f 1919 1922 2021
f 1919 2021 2022
f 1919 2022 2023
f 1919 2023 1941
f 1941 2023 2024
f 1941 2024 1942
f 1931 1942 2024
f 1931 2024 2025
f 1931 2025 2026
f 1931 2026 1932
f 1930 1932 2026
f 1930 2026 2011
f 1986 1770 1775
f 1986 1775 1999
f 1969 1768 1771
f 1969 1771 1985
f 1964 1764 1765
f 1964 1765 1968
f 1963 1988 1760
f 1963 1760 1761
f 1987 2006 1756
f 1987 1756 1757
f 1950 1752 1753
f 1950 1753 2005
f 1952 2000 1774
f 1952 1774 1745
f 1949 1953 1748
f 1949 1748 1749
f 1934 1979 1998
f 1934 1998 1939
f 1982 1983 2002
f 1982 2002 1995
f 1990 1991 2010
f 1990 2010 2003
f 1935 1946 2007
f 1935 2007 1994
f 1965 1967 1974
f 1965 1974 1975
f 1966 1978 1992
f 1966 1992 1989
f 1970 1984 1981
f 1970 1981 1971
f 1929 1972 1980
f 1929 1980 1933
f 1925 1976 1973
f 1925 1973 1928
f 1924 1936 1993
f 1924 1993 1977
f 2011 2026 2027
f 2011 2027 2028
f 1917 1960 2008
f 1917 2008 1945
f 1916 1921 1956
f 1916 1956 1961
f 1920 1940 1997
f 1920 1997 1957
f 1951 1958 1996
f 1951 1996 2001
f 1947 2004 2009
f 1947 2009 1959
f 1948 1962 1955
f 1948 1955 1954
f 2003 2010 2009
f 2003 2009 2004
f 2005 1753 1756
f 2005 1756 2006
f 1999 1775 1774
f 1999 1774 2000
f 1995 2002 2001
f 1995 2001 1996
f 1991 1994 2007
f 1991 2007 2010
f 1987 1757 1760
f 1987 1760 1988
f 1989 1992 1991
f 1989 1991 1990
f 1987 1990 2003
f 1987 2003 2006
f 1985 1771 1770
f 1985 1770 1986
f 1983 1986 1999
f 1983 1999 2002
f 1981 1984 1983
f 1981 1983 1982
f 1979 1982 1995
f 1979 1995 1998
f 1977 1993 1992
f 1977 1992 1978
f 1971 1981 1980
f 1971 1980 1972
f 1973 1976 1975
f 1973 1975 1974
f 1968 1765 1768
f 1968 1768 1969
f 1969 1985 1984
f 1969 1984 1970
f 1967 1970 1971
f 1967 1971 1974
f 1963 1761 1764
f 1963 1764 1964
f 1964 1968 1967
f 1964 1967 1965
f 1965 1975 1978
f 1965 1978 1966
f 1963 1966 1989
f 1963 1989 1988
f 1959 2009 2008
f 1959 2008 1960
f 1955 1962 1961
f 1955 1961 1956
f 1957 1997 1996
f 1957 1996 1958
f 1951 2001 2000
f 1951 2000 1952
f 1952 1745 1748
f 1952 1748 1953
f 1951 1954 1955
f 1951 1955 1958
f 1947 1959 1962
f 1947 1962 1948
f 1948 1954 1953
f 1948 1953 1949
f 1949 1749 1752
f 1949 1752 1950
f 1947 1950 2005
f 1947 2005 2004
f 1945 2008 2007
f 1945 2007 1946
f 1939 1998 1997
f 1939 1997 1940
f 1935 1994 1993
f 1935 1993 1936
f 1935 1938 1943
f 1935 1943 1946
f 1933 1980 1979
f 1933 1979 1934
f 1931 1934 1939
f 1931 1939 1942
f 1928 1973 1972
f 1928 1972 1929
f 1929 1933 1932
f 1929 1932 1930
f 1923 1937 1936
f 1923 1936 1924
f 1924 1977 1976
f 1924 1976 1925
f 1925 1928 1927
f 1925 1927 1926
f 1919 1941 1940
f 1919 1940 1920
f 1920 1957 1956
f 1920 1956 1921
f 1915 1922 1921
f 1915 1921 1916
f 1916 1961 1960
f 1916 1960 1917
f 1917 1945 1944
f 1917 1944 1918
f 2011 2028 2029
f 2011 2029 2012
f 2012 2029 2030
f 2012 2030 2013
f 2013 2030 2031
f 2013 2031 2014
f 2014 2031 2032
f 2014 2032 2015
f 2015 2032 2033
f 2015 2033 2016
f 2016 2033 2034
f 2016 2034 2017
f 2024 2035 2036
f 2024 2036 2025
f 2025 2036 2027
f 2025 2027 2026
f 2043 2044 2045
f 2043 2045 2046
f 2047 2048 2049
f 2047 2049 2050
f 2051 2052 2053
f 2051 2053 2054
f 2055 2056 2057
f 2055 2057 2058
f 2059 2060 2061
f 2059 2061 2062
f 2063 2064 2065
f 2063 2065 2066
f 2067 2068 2069
f 2067 2069 2070
f 2071 2072 2073
f 2071 2073 2074
f 2075 2076 2077
f 2075 2077 2078
f 2079 2080 2081
f 2079 2081 2082
f 2083 2084 2085
f 2083 2085 2086
f 2087 2088 2089
f 2087 2089 2090
f 2091 2092 2093
f 2091 2093 2094
f 2095 2096 2097
f 2095 2097 2098
f 2099 2100 2101
f 2099 2101 2102
f 2103 2104 2105
f 2103 2105 2106
f 2028 2107 2108
f 2028 2108 2029
f 2028 2027 2109
f 2028 2109 2107
f 2027 2036 2110
f 2027 2110 2109
f 2035 2111 2110
f 2035 2110 2036
f 2042 2112 2111
f 2042 2111 2035
f 2041 2113 2112
f 2041 2112 2042
f 2040 2114 2113
f 2040 2113 2041
f 2039 2115 2114
f 2039 2114 2040
f 2038 2116 2115
f 2038 2115 2039
f 2037 2117 2116
f 2037 2116 2038
f 2034 2118 2117
f 2034 2117 2037
f 2033 2119 2118
f 2033 2118 2034
f 2032 2120 2119
f 2032 2119 2033
f 2031 2121 2120
f 2031 2120 2032
f 2030 2122 2121
f 2030 2121 2031
f 2029 2108 2122
f 2029 2122 2030
f 2101 2123 2104
f 2097 2124 2100
f 2093 2125 2096
f 2089 2126 2092
f 2085 2127 2088
f 2081 2128 2084
f 2077 2129 2080
f 2076 2105 2130
f 2063 2070 2090
f 2063 2090 2091
f 2066 2110 2111
f 2066 2111 2067
f 2059 2074 2118
f 2059 2118 2119
f 2062 2106 2075
f 2062 2075 2071
f 2058 2060 2120
f 2058 2120 2121
f 2054 2055 2122
f 2054 2122 2108
f 2052 2064 2094
f 2052 2094 2095
f 2053 2098 2099
f 2053 2099 2056
f 2057 2102 2103
f 2057 2103 2061
f 2048 2072 2078
f 2048 2078 2079
f 2044 2049 2082
f 2044 2082 2083
f 2045 2086 2087
f 2045 2087 2069
f 2046 2068 2112
f 2046 2112 2113
f 2043 2114 2115
f 2043 2115 2050
f 2047 2116 2117
f 2047 2117 2073
f 2101 2104 2103
f 2101 2103 2102
f 2097 2100 2099
f 2097 2099 2098
f 2093 2096 2095
f 2093 2095 2094
f 2089 2092 2091
f 2089 2091 2090
f 2085 2088 2087
f 2085 2087 2086
f 2081 2084 2083
f 2081 2083 2082
f 2075 2106 2105
f 2075 2105 2076
f 2077 2080 2079
f 2077 2079 2078
f 2071 2075 2078
f 2071 2078 2072
f 2073 2117 2118
f 2073 2118 2074
f 2067 2111 2112
f 2067 2112 2068
f 2069 2087 2090
f 2069 2090 2070
f 2063 2091 2094
f 2063 2094 2064
f 2065 2109 2110
f 2065 2110 2066
f 2063 2066 2067
f 2063 2067 2070
f 2059 2119 2120
f 2059 2120 2060
f 2061 2103 2106
f 2061 2106 2062
f 2059 2062 2071
f 2059 2071 2074
f 2076 2130 2129
f 2076 2129 2077
f 2104 2123 2130
f 2104 2130 2105
f 2100 2124 2123
f 2100 2123 2101
f 2096 2125 2124
f 2096 2124 2097
f 2092 2126 2125
f 2092 2125 2093
f 2088 2127 2126
f 2088 2126 2089
f 2084 2128 2127
f 2084 2127 2085
f 2080 2129 2128
f 2080 2128 2081
f 2056 2099 2102
f 2056 2102 2057
f 2057 2061 2060
f 2057 2060 2058
f 2051 2065 2064
f 2051 2064 2052
f 2052 2095 2098
f 2052 2098 2053
f 2053 2056 2055
f 2053 2055 2054
f 2051 2054 2108
f 2051 2108 2107
f 2055 2058 2121
f 2055 2121 2122
f 2047 2073 2072
f 2047 2072 2048
f 2048 2079 2082
f 2048 2082 2049
f 2043 2050 2049
f 2043 2049 2044
f 2044 2083 2086
f 2044 2086 2045
f 2045 2069 2068
f 2045 2068 2046
f 2043 2046 2113
f 2043 2113 2114
f 2047 2050 2115
f 2047 2115 2116
f 2051 2107 2109
f 2051 2109 2065
f 2123 2129 2130
f 2123 2128 2129
f 2123 2127 2128
f 2123 2126 2127
f 2123 2124 2126
f 2124 2125 2126
f 931 932 2131
f 931 2131 2132
f 933 934 2133
f 933 2133 2134
f 935 936 2135
f 935 2135 2136
f 2137 2138 944
f 2137 944 945
f 958 959 2139
f 958 2139 2140
f 2141 2142 2143
f 2141 2143 2144
f 2145 2146 2147
f 2145 2147 994
f 2143 2148 1035
f 2143 1035 2144
f 2145 997 1066
f 2145 1066 2149
f 2141 2144 1071
f 2141 1071 2147
f 2141 2146 2150
f 2141 2150 2151
f 2142 2152 2153
f 2142 2153 2154
f 2137 962 2148
f 2137 2148 2155
f 2145 2149 2150
f 2145 2150 2146
f 2145 994 998
f 2145 998 997
f 2147 1072 994
f 961 1035 2148
f 961 2148 962
f 2141 2151 2152
f 2141 2152 2142
f 2141 2147 2146
f 958 2140 1080
f 958 1080 1070
f 2137 945 963
f 2137 963 962
f 2154 2156 2157
f 2154 2157 2158
f 2143 2158 2155
f 2143 2155 2148
f 2138 2155 2158
f 2138 2158 2157
f 936 2138 2157
f 936 2157 2135
f 933 2134 2139
f 933 2139 959
f 932 935 2136
f 932 2136 2131
f 931 2132 2133
f 931 2133 934
f 2144 1035 1107
f 2144 1107 1071
f 2142 2154 2158
f 2142 2158 2143
f 2147 1071 1109
f 2147 1109 1072
f 936 944 2138
f 2137 2155 2138
f 1111 1112 2159
f 1111 2159 1113
f 2149 2160 2161
f 2149 2161 2150
f 2172 2173 2174
f 2172 2174 2175
f 2176 2177 2178
f 2151 2185 2186
f 2151 2186 2152
f 2187 2188 2189
f 2187 2189 2190
f 2191 2192 1129
f 2191 1129 1130
f 2193 2194 2195
f 2193 2195 2196
f 2197 2198 2199
f 2197 2199 2200
f 2203 2204 2205
f 2206 2207 2208
f 2206 2208 2209
f 2211 2212 2213
f 2211 2213 2214
f 2215 1131 1132
f 2215 1132 2216
f 2217 2218 1133
f 2219 2220 2221
f 2219 2221 2222
f 2223 2224 1134
f 2197 2200 2225
f 2197 2225 2226
f 1052 2227 2228
f 1052 2228 1054
f 2189 2229 2230
f 2189 2230 2190
f 2189 2195 2231
f 2189 2231 2229
f 2194 2232 2231
f 2194 2231 2195
f 2194 2220 2233
f 2194 2233 2232
f 2219 2234 2233
f 2219 2233 2220
f 2199 2234 2219
f 2199 2219 2200
f 2218 2225 2222
f 2218 2222 2223
f 2193 2216 2224
f 2193 2224 2221
f 2217 1138 1136
f 2217 1136 2226
f 2183 2210 2186
f 2183 2186 2230
f 2176 2213 2205
f 2176 2205 2206
f 2179 2202 2203
f 2179 2203 2212
f 2131 2136 2170
f 2131 2170 2167
f 2134 2168 2165
f 2134 2165 2139
f 2132 2166 2169
f 2132 2169 2133
f 2159 2192 2187
f 2159 2187 2235
f 1113 2160 1114
f 1113 1114 1116
f 2201 2236 2204
f 2172 2198 1135
f 2172 1135 2228
f 2175 2181 2234
f 2175 2234 2199
f 2140 2164 2180
f 2140 2180 2211
f 2135 2157 2156
f 2135 2156 2171
f 2188 2191 2215
f 2188 2215 2196
f 2162 2184 2229
f 2162 2229 2231
f 2163 2232 2233
f 2163 2233 2182
f 2221 2224 2223
f 2221 2223 2222
f 2218 2223 1134
f 2218 1134 1133
f 2217 1133 1139
f 2217 1139 1138
f 1132 1134 2224
f 1132 2224 2216
f 2204 2207 2206
f 2204 2206 2205
f 2203 2205 2213
f 2203 2213 2212
f 2201 2204 2203
f 2201 2203 2202
f 2217 2226 2225
f 2217 2225 2218
f 2200 2219 2222
f 2200 2222 2225
f 2193 2221 2220
f 2193 2220 2194
f 2193 2196 2215
f 2193 2215 2216
f 2191 1130 1131
f 2191 1131 2215
f 2188 2196 2195
f 2188 2195 2189
f 2187 2192 2191
f 2187 2191 2188
f 2153 2152 2186
f 2153 2186 2210
f 2187 2190 2235
f 2183 2230 2229
f 2183 2229 2184
f 2181 2182 2233
f 2181 2233 2234
f 2179 2212 2211
f 2179 2211 2180
f 2176 2206 2209
f 2176 2209 2177
f 2176 2178 2214
f 2176 2214 2213
f 2173 2208 2207
f 2173 2207 2174
f 2172 2175 2199
f 2172 2199 2198
f 2162 2231 2232
f 2162 2232 2163
f 2151 2150 2161
f 2151 2161 2185
f 1066 1114 2160
f 1066 2160 2149
f 2197 1136 1135
f 2197 1135 2198
f 2159 2161 2160
f 2159 2160 1113
f 1112 1129 2192
f 1112 2192 2159
f 2140 2211 2214
f 2140 2214 1080
f 1054 2228 1135
f 1054 1135 1056
f 2172 2228 2227
f 2172 2227 2173
f 2139 2165 2164
f 2139 2164 2140
f 2135 2171 2170
f 2135 2170 2136
f 2133 2169 2168
f 2133 2168 2134
f 2131 2167 2166
f 2131 2166 2132
f 2173 2227 2208
f 2159 2235 2185
f 2159 2185 2161
f 2174 2207 2204
f 2174 2204 2236
f 1081 1080 2214
f 1081 2214 2178
f 1064 1081 2178
f 1064 2178 2177
f 1049 1064 2177
f 1049 2177 2209
f 1049 2209 2208
f 1049 2208 1050
f 1050 2208 2227
f 1050 2227 1052
f 2197 2226 1136
f 2185 2235 2190
f 2185 2190 2230
f 2185 2230 2186
f 2175 2237 2181
f 2174 2236 2237
f 2174 2237 2175
f 2238 2239 2240
f 2238 2240 2241
f 2242 2243 2244
f 2242 2244 2245
f 2246 2247 2248
f 2246 2248 2249
f 2250 2251 2252
f 2250 2252 2253
f 2254 2255 2256
f 2254 2256 2257
f 2258 2259 2260
f 2258 2260 2261
f 2262 2263 2264
f 2262 2264 2265
f 2266 2267 2268
f 2266 2268 2269
f 2270 2271 2272
f 2270 2272 2273
f 2274 2275 2276
f 2274 2276 2277
f 2278 2279 2280
f 2278 2280 2281
f 2282 2283 2284
f 2282 2284 2285
f 2286 2287 2288
f 2289 2290 2291
f 2292 2293 2294
f 2292 2294 2295
f 2296 2297 2298
f 2296 2298 2299
f 2300 2301 2302
f 2300 2302 2303
f 2304 2305 2306
f 2304 2306 2307
f 2308 2309 2310
f 2308 2310 2311
f 2312 2313 2314
f 2312 2314 2315
f 2316 2317 2318
f 2316 2318 2319
f 2320 2321 2322
f 2323 2324 2325
f 2323 2325 2326
f 2327 2328 2329
f 2327 2329 2330
f 2331 2332 2333
f 2331 2333 2334
f 2335 2336 2337
f 2335 2337 2338
f 2339 2340 2341
f 2339 2341 2342
f 2343 2344 2345
f 2343 2345 2346
f 2347 2348 2349
f 2347 2349 2350
f 2351 2352 2353
f 2351 2353 2354
f 2355 2356 2357
f 2355 2357 2358
f 2359 2360 2361
f 2359 2361 2362
f 2363 2364 2365
f 2363 2365 2366
f 2367 2368 2369
f 2367 2369 2370
f 2371 2372 2373
f 2371 2373 2374
f 2375 2376 2377
f 2375 2377 2378
f 2379 2380 2381
f 2379 2381 2382
f 2383 2384 2385
f 2383 2385 2386
f 2387 2162 2163
f 2387 2163 2388
f 2389 2390 2164
f 2389 2164 2165
f 2166 2167 2391
f 2166 2391 2392
f 2168 2169 2393
f 2168 2393 2394
f 2170 2171 2395
f 2170 2395 2396
f 2154 2397 2156
f 2179 2180 2398
f 2179 2398 2399
f 2181 2400 2401
f 2181 2401 2182
f 2183 2184 2402
f 2183 2402 2403
f 2404 2405 2201
f 2404 2201 2202
f 2153 2210 2406
f 2153 2406 2407
f 2254 2265 2363
f 2254 2363 2342
f 2339 2366 2367
f 2339 2367 2346
f 2343 2370 2371
f 2343 2371 2350
f 2351 2378 2379
f 2351 2379 2358
f 2355 2382 2383
f 2355 2383 2362
f 2261 2359 2386
f 2261 2386 2266
f 2309 2328 2344
f 2309 2344 2349
f 2308 2313 2325
f 2308 2325 2329
f 2312 2317 2321
f 2312 2321 2326
f 2316 2352 2357
f 2316 2357 2322
f 2320 2356 2361
f 2324 2338 2331
f 2324 2331 2330
f 2327 2334 2340
f 2327 2340 2345
f 2252 2255 2341
f 2252 2341 2333
f 2248 2253 2332
f 2248 2332 2337
f 2249 2336 2360
f 2249 2360 2260
f 2238 2267 2385
f 2238 2385 2306
f 2239 2305 2302
f 2239 2302 2242
f 2243 2301 2364
f 2243 2364 2264
f 2299 2368 2365
f 2299 2365 2300
f 2294 2296 2303
f 2294 2303 2304
f 2289 2295 2307
f 2283 2286 2380
f 2283 2380 2377
f 2279 2290 2287
f 2279 2287 2282
f 2275 2292 2291
f 2275 2291 2278
f 2271 2297 2293
f 2271 2293 2274
f 2270 2372 2369
f 2270 2369 2298
f 2284 2376 2406
f 2284 2406 2403
f 2347 2374 2404
f 2347 2404 2399
f 2319 2391 2396
f 2319 2396 2353
f 2311 2389 2394
f 2311 2394 2314
f 2315 2393 2392
f 2315 2392 2318
f 2310 2348 2398
f 2310 2398 2390
f 2375 2397 2407
f 2280 2285 2402
f 2280 2402 2387
f 2276 2281 2388
f 2276 2388 2401
f 2272 2277 2400
f 2272 2400 2408
f 2273 2409 2405
f 2273 2405 2373
f 2183 2403 2406
f 2183 2406 2210
f 2405 2409 2236
f 2405 2236 2201
f 2181 2237 2408
f 2181 2408 2400
f 2179 2399 2404
f 2179 2404 2202
f 2236 2409 2408
f 2236 2408 2237
f 2153 2407 2397
f 2153 2397 2154
f 2156 2397 2395
f 2156 2395 2171
f 2167 2170 2396
f 2167 2396 2391
f 2166 2392 2393
f 2166 2393 2169
f 2390 2398 2180
f 2390 2180 2164
f 2389 2165 2168
f 2389 2168 2394
f 2163 2182 2401
f 2163 2401 2388
f 2387 2402 2184
f 2387 2184 2162
f 2266 2386 2385
f 2266 2385 2267
f 2381 2384 2383
f 2381 2383 2382
f 2377 2380 2379
f 2377 2379 2378
f 2375 2407 2406
f 2375 2406 2376
f 2373 2405 2404
f 2373 2404 2374
f 2369 2372 2371
f 2369 2371 2370
f 2365 2368 2367
f 2365 2367 2366
f 2264 2364 2363
f 2264 2363 2265
f 2258 2261 2266
f 2258 2266 2269
f 2260 2360 2359
f 2260 2359 2261
f 2359 2362 2383
f 2359 2383 2386
f 2355 2362 2361
f 2355 2361 2356
f 2355 2358 2379
f 2355 2379 2382
f 2353 2396 2395
f 2353 2395 2354
f 2351 2358 2357
f 2351 2357 2352
f 2351 2354 2375
f 2351 2375 2378
f 2347 2399 2398
f 2347 2398 2348
f 2347 2350 2371
f 2347 2371 2374
f 2343 2350 2349
f 2343 2349 2344
f 2343 2346 2367
f 2343 2367 2370
f 2339 2346 2345
f 2339 2345 2340
f 2339 2342 2363
f 2339 2363 2366
f 2254 2342 2341
f 2254 2341 2255
f 2254 2257 2262
f 2254 2262 2265
f 2251 2256 2255
f 2251 2255 2252
f 2247 2250 2253
f 2247 2253 2248
f 2246 2249 2260
f 2246 2260 2259
f 2248 2337 2336
f 2248 2336 2249
f 2335 2361 2360
f 2335 2360 2336
f 2333 2341 2340
f 2333 2340 2334
f 2252 2333 2332
f 2252 2332 2253
f 2331 2338 2337
f 2331 2337 2332
f 2327 2345 2344
f 2327 2344 2328
f 2327 2330 2331
f 2327 2331 2334
f 2324 2330 2329
f 2324 2329 2325
f 2323 2335 2338
f 2323 2338 2324
f 2320 2323 2326
f 2320 2326 2321
f 2320 2322 2357
f 2320 2357 2356
f 2318 2392 2391
f 2318 2391 2319
f 2316 2322 2321
f 2316 2321 2317
f 2316 2319 2353
f 2316 2353 2352
f 2314 2394 2393
f 2314 2393 2315
f 2312 2326 2325
f 2312 2325 2313
f 2312 2315 2318
f 2312 2318 2317
f 2310 2390 2389
f 2310 2389 2311
f 2309 2349 2348
f 2309 2348 2310
f 2308 2329 2328
f 2308 2328 2309
f 2308 2311 2314
f 2308 2314 2313
f 2243 2264 2263
f 2243 2263 2244
f 2239 2242 2245
f 2239 2245 2240
f 2238 2241 2268
f 2238 2268 2267
f 2306 2385 2384
f 2306 2384 2307
f 2238 2306 2305
f 2238 2305 2239
f 2302 2305 2304
f 2302 2304 2303
f 2242 2302 2301
f 2242 2301 2243
f 2300 2365 2364
f 2300 2364 2301
f 2298 2369 2368
f 2298 2368 2299
f 2296 2299 2300
f 2296 2300 2303
f 2294 2304 2307
f 2294 2307 2295
f 2293 2297 2296
f 2293 2296 2294
f 2289 2291 2292
f 2289 2292 2295
f 2287 2290 2289
f 2287 2289 2288
f 2286 2288 2381
f 2286 2381 2380
f 2284 2403 2402
f 2284 2402 2285
f 2283 2377 2376
f 2283 2376 2284
f 2282 2287 2286
f 2282 2286 2283
f 2280 2387 2388
f 2280 2388 2281
f 2279 2282 2285
f 2279 2285 2280
f 2278 2291 2290
f 2278 2290 2279
f 2276 2401 2400
f 2276 2400 2277
f 2275 2278 2281
f 2275 2281 2276
f 2274 2293 2292
f 2274 2292 2275
f 2272 2408 2409
f 2272 2409 2273
f 2271 2274 2277
f 2271 2277 2272
f 2270 2298 2297
f 2270 2297 2271
f 2270 2273 2373
f 2270 2373 2372
f 2354 2395 2397
f 2354 2397 2375
f 2320 2361 2335
f 2320 2335 2323
f 2288 2384 2381
f 2288 2289 2307
f 2288 2307 2384
f 2410 2411 2412
f 2410 2412 2413
f 2414 2415 2416
f 2414 2416 2417
f 2418 2419 2420
f 2418 2420 2421
f 2422 2423 2424
f 2422 2424 2425
f 2426 2427 2428
f 2426 2428 2429
f 2430 2431 2432
f 2430 2432 2433
f 2434 2435 2436
f 2434 2436 2437
f 2438 2439 2440
f 2438 2440 2441
f 2437 2438 2442
f 2437 2442 2443
f 2431 2434 2444
f 2431 2444 2445
f 2427 2432 2446
f 2427 2446 2447
f 2423 2428 2448
f 2423 2448 2449
f 2419 2424 2450
f 2419 2450 2451
f 2415 2420 2452
f 2415 2452 2453
f 2412 2454 2455
f 2412 2455 2441
f 2411 2416 2456
f 2411 2456 2457
f 2438 2441 2455
f 2438 2455 2442
f 2436 2439 2438
f 2436 2438 2437
f 2434 2437 2443
f 2434 2443 2444
f 2431 2445 2446
f 2431 2446 2432
f 2430 2435 2434
f 2430 2434 2431
f 2427 2447 2448
f 2427 2448 2428
f 2426 2433 2432
f 2426 2432 2427
f 2423 2449 2450
f 2423 2450 2424
f 2422 2429 2428
f 2422 2428 2423
f 2419 2451 2452
f 2419 2452 2420
f 2418 2425 2424
f 2418 2424 2419
f 2415 2453 2456
f 2415 2456 2416
f 2414 2421 2420
f 2414 2420 2415
f 2412 2441 2440
f 2412 2440 2413
f 2411 2457 2454
f 2411 2454 2412
f 2410 2417 2416
f 2410 2416 2411
f 2458 2459 2460
f 2458 2460 2461
f 2462 2463 2464
f 2462 2464 2465
f 2466 2467 2468
f 2466 2468 2469
f 2470 2471 2472
f 2470 2472 2473
f 2474 2475 2476
f 2474 2476 2477
f 2478 2479 2480
f 2478 2480 2481
f 2454 2457 2482
f 2454 2482 2483
f 2453 2484 2485
f 2453 2485 2456
f 2486 2487 2488
f 2486 2488 2489
f 2490 2491 2492
f 2490 2492 2493
f 2494 2495 2496
f 2494 2496 2497
f 2498 2499 2500
f 2498 2500 2501
f 2502 2503 2504
f 2502 2504 2505
f 2506 2507 2508
f 2506 2508 2509
f 2445 2510 2511
f 2445 2511 2446
f 2447 2512 2513
f 2447 2513 2448
f 2443 2514 2515
f 2443 2515 2444
f 2516 2517 2518
f 2516 2518 2519
f 2520 2521 2522
f 2520 2522 2523
f 2524 2525 2526
f 2524 2526 2527
f 2528 2529 2530
f 2528 2530 2531
f 2532 2533 2534
f 2532 2534 2535
f 2536 2537 2538
f 2536 2538 2539
f 2449 2540 2541
f 2449 2541 2450
f 2442 2455 2542
f 2442 2542 2543
f 2544 2545 2546
f 2544 2546 2547
f 2548 2549 2550
f 2548 2550 2551
f 2552 2553 2554
f 2552 2554 2555
f 2556 2557 2558
f 2556 2558 2559
f 2560 2561 2562
f 2560 2562 2563
f 2564 2565 2566
f 2564 2566 2567
f 2451 2568 2569
f 2451 2569 2452
f 2496 2570 2571
f 2496 2571 2497
f 2506 2572 2573
f 2506 2573 2507
f 2496 2507 2573
f 2496 2573 2570
f 2506 2510 2574
f 2506 2574 2572
f 2481 2575 2576
f 2481 2576 2483
f 2480 2577 2575
f 2480 2575 2481
f 2467 2578 2577
f 2467 2577 2480
f 2466 2579 2578
f 2466 2578 2467
f 2490 2493 2497
f 2490 2497 2571
f 2514 2543 2544
f 2514 2544 2519
f 2516 2547 2548
f 2516 2548 2523
f 2520 2551 2552
f 2520 2552 2527
f 2257 2524 2555
f 2257 2555 2262
f 2258 2269 2556
f 2258 2556 2531
f 2528 2559 2560
f 2528 2560 2535
f 2532 2563 2564
f 2532 2564 2539
f 2536 2567 2568
f 2536 2568 2541
f 2247 2488 2492
f 2247 2492 2250
f 2246 2259 2530
f 2246 2530 2489
f 2251 2491 2525
f 2251 2525 2256
f 2487 2501 2494
f 2487 2494 2493
f 2486 2529 2534
f 2486 2534 2498
f 2490 2571 2521
f 2490 2521 2526
f 2517 2522 2570
f 2517 2570 2573
f 2495 2500 2504
f 2495 2504 2508
f 2499 2533 2538
f 2499 2538 2505
f 2503 2512 2511
f 2503 2511 2509
f 2502 2537 2540
f 2502 2540 2513
f 2515 2518 2572
f 2515 2572 2574
f 2542 2576 2575
f 2542 2575 2545
f 2477 2484 2569
f 2477 2569 2566
f 2476 2478 2482
f 2476 2482 2485
f 2472 2474 2565
f 2472 2565 2562
f 2468 2479 2475
f 2468 2475 2471
f 2546 2577 2578
f 2546 2578 2549
f 2465 2553 2550
f 2465 2550 2579
f 2461 2473 2561
f 2461 2561 2558
f 2460 2462 2469
f 2460 2469 2470
f 2244 2263 2554
f 2244 2554 2464
f 2241 2458 2557
f 2241 2557 2268
f 2240 2245 2463
f 2240 2463 2459
f 2566 2569 2568
f 2566 2568 2567
f 2562 2565 2564
f 2562 2564 2563
f 2558 2561 2560
f 2558 2560 2559
f 2268 2557 2556
f 2268 2556 2269
f 2262 2555 2554
f 2262 2554 2263
f 2550 2553 2552
f 2550 2552 2551
f 2546 2549 2548
f 2546 2548 2547
f 2542 2545 2544
f 2542 2544 2543
f 2450 2541 2568
f 2450 2568 2451
f 2536 2541 2540
f 2536 2540 2537
f 2536 2539 2564
f 2536 2564 2567
f 2532 2539 2538
f 2532 2538 2533
f 2532 2535 2560
f 2532 2560 2563
f 2258 2531 2530
f 2258 2530 2259
f 2528 2535 2534
f 2528 2534 2529
f 2528 2531 2556
f 2528 2556 2559
f 2256 2525 2524
f 2256 2524 2257
f 2524 2527 2552
f 2524 2552 2555
f 2520 2527 2526
f 2520 2526 2521
f 2520 2523 2548
f 2520 2548 2551
f 2516 2523 2522
f 2516 2522 2517
f 2516 2519 2544
f 2516 2544 2547
f 2514 2519 2518
f 2514 2518 2515
f 2442 2543 2514
f 2442 2514 2443
f 2448 2513 2540
f 2448 2540 2449
f 2444 2515 2574
f 2446 2511 2512
f 2446 2512 2447
f 2517 2573 2572
f 2517 2572 2518
f 2506 2509 2511
f 2506 2511 2510
f 2503 2509 2508
f 2503 2508 2504
f 2502 2513 2512
f 2502 2512 2503
f 2502 2505 2538
f 2502 2538 2537
f 2499 2505 2504
f 2499 2504 2500
f 2498 2534 2533
f 2498 2533 2499
f 2521 2571 2570
f 2521 2570 2522
f 2495 2508 2507
f 2495 2507 2496
f 2494 2501 2500
f 2494 2500 2495
f 2250 2492 2491
f 2250 2491 2251
f 2490 2526 2525
f 2490 2525 2491
f 2493 2494 2497
f 2246 2489 2488
f 2246 2488 2247
f 2487 2493 2492
f 2487 2492 2488
f 2486 2498 2501
f 2486 2501 2487
f 2486 2489 2530
f 2486 2530 2529
f 2452 2569 2484
f 2452 2484 2453
f 2456 2485 2482
f 2456 2482 2457
f 2455 2576 2542
f 2545 2575 2577
f 2545 2577 2546
f 2478 2481 2483
f 2478 2483 2482
f 2476 2485 2484
f 2476 2484 2477
f 2475 2479 2478
f 2475 2478 2476
f 2474 2477 2566
f 2474 2566 2565
f 2472 2562 2561
f 2472 2561 2473
f 2471 2475 2474
f 2471 2474 2472
f 2468 2471 2470
f 2468 2470 2469
f 2467 2480 2479
f 2467 2479 2468
f 2549 2578 2579
f 2549 2579 2550
f 2464 2554 2553
f 2464 2553 2465
f 2244 2464 2463
f 2244 2463 2245
f 2462 2465 2579
f 2462 2579 2466
f 2460 2470 2473
f 2460 2473 2461
f 2459 2463 2462
f 2459 2462 2460
f 2240 2459 2458
f 2240 2458 2241
f 2458 2461 2558
f 2458 2558 2557
f 2462 2466 2469
f 2455 2454 2483
f 2455 2483 2576
f 2444 2574 2510
f 2444 2510 2445
f 2580 2581 2582
f 2580 2582 2583
f 2584 2585 2586
f 2584 2586 2587
f 2588 2589 2590
f 2588 2590 2591
f 2592 2593 2594
f 2592 2594 2595
f 2596 2597 2598
f 2596 2598 2599
f 2600 2601 2602
f 2600 2602 2603
f 2604 2605 2606
f 2604 2606 2607
f 2608 2609 2610
f 2608 2610 2611
f 2612 2613 2614
f 2612 2614 2615
f 2616 2617 2618
f 2616 2618 2619
f 2620 2621 2622
f 2620 2622 2623
f 2624 2625 2626
f 2624 2626 2627
f 2628 2629 2630
f 2628 2630 2631
f 2632 2633 2634
f 2632 2634 2635
f 2636 2637 2638
f 2636 2638 2639
f 2640 2641 2642
f 2640 2642 2643
f 2644 2645 2646
f 2644 2646 2647
f 2648 2649 2650
f 2648 2650 2651
f 2652 2653 2654
f 2652 2654 2655
f 2656 2657 2658
f 2656 2658 2659
f 2660 2661 2662
f 2660 2662 2663
f 2664 2665 2666
f 2664 2666 2667
f 2668 2669 2670
f 2668 2670 2671
f 2672 2673 2674
f 2672 2674 2675
f 2592 2595 2676
f 2592 2676 2677
f 2588 2678 2676
f 2588 2676 2595
f 2588 2591 2679
f 2588 2679 2678
f 2591 2601 2680
f 2591 2680 2679
f 2600 2681 2680
f 2600 2680 2601
f 2600 2611 2682
f 2600 2682 2681
f 2610 2683 2682
f 2610 2682 2611
f 2580 2684 2683
f 2580 2683 2610
f 2580 2583 2685
f 2580 2685 2684
f 2583 2584 2686
f 2583 2686 2685
f 2584 2587 2687
f 2584 2687 2686
f 2587 2605 2688
f 2587 2688 2687
f 2604 2689 2688
f 2604 2688 2605
f 2599 2690 2689
f 2599 2689 2604
f 2598 2691 2690
f 2598 2690 2599
f 2592 2677 2691
f 2592 2691 2598
f 2648 2667 2439
f 2648 2439 2436
f 2633 2649 2435
f 2633 2435 2430
f 2630 2634 2433
f 2630 2433 2426
f 2631 2429 2422
f 2631 2422 2654
f 2655 2425 2418
f 2655 2418 2668
f 2612 2669 2421
f 2612 2421 2414
f 2618 2413 2440
f 2618 2440 2666
f 2613 2417 2410
f 2613 2410 2617
f 2596 2607 2660
f 2596 2660 2647
f 2644 2663 2664
f 2644 2664 2651
f 2652 2671 2672
f 2652 2672 2659
f 2603 2656 2675
f 2603 2675 2608
f 2629 2643 2636
f 2629 2636 2635
f 2628 2653 2658
f 2628 2658 2640
f 2632 2639 2645
f 2632 2645 2650
f 2593 2597 2646
f 2593 2646 2638
f 2589 2594 2637
f 2589 2637 2642
f 2590 2641 2657
f 2590 2657 2602
f 2677 2692 2693
f 2677 2693 2691
f 2581 2609 2674
f 2581 2674 2626
f 2582 2625 2622
f 2582 2622 2585
f 2586 2621 2661
f 2586 2661 2606
f 2619 2665 2662
f 2619 2662 2620
f 2615 2627 2673
f 2615 2673 2670
f 2614 2616 2623
f 2614 2623 2624
f 2670 2673 2672
f 2670 2672 2671
f 2668 2418 2421
f 2668 2421 2669
f 2666 2440 2439
f 2666 2439 2667
f 2662 2665 2664
f 2662 2664 2663
f 2656 2659 2672
f 2656 2672 2675
f 2654 2422 2425
f 2654 2425 2655
f 2652 2659 2658
f 2652 2658 2653
f 2652 2655 2668
f 2652 2668 2671
f 2648 2436 2435
f 2648 2435 2649
f 2648 2651 2664
f 2648 2664 2667
f 2644 2651 2650
f 2644 2650 2645
f 2644 2647 2660
f 2644 2660 2663
f 2640 2658 2657
f 2640 2657 2641
f 2638 2646 2645
f 2638 2645 2639
f 2636 2643 2642
f 2636 2642 2637
f 2633 2430 2433
f 2633 2433 2634
f 2632 2650 2649
f 2632 2649 2633
f 2632 2635 2636
f 2632 2636 2639
f 2630 2426 2429
f 2630 2429 2631
f 2629 2635 2634
f 2629 2634 2630
f 2628 2640 2643
f 2628 2643 2629
f 2628 2631 2654
f 2628 2654 2653
f 2626 2674 2673
f 2626 2673 2627
f 2622 2625 2624
f 2622 2624 2623
f 2620 2662 2661
f 2620 2661 2621
f 2618 2666 2665
f 2618 2665 2619
f 2617 2410 2413
f 2617 2413 2618
f 2616 2619 2620
f 2616 2620 2623
f 2614 2624 2627
f 2614 2627 2615
f 2613 2617 2616
f 2613 2616 2614
f 2612 2414 2417
f 2612 2417 2613
f 2612 2615 2670
f 2612 2670 2669
f 2608 2675 2674
f 2608 2674 2609
f 2606 2661 2660
f 2606 2660 2607
f 2602 2657 2656
f 2602 2656 2603
f 2600 2603 2608
f 2600 2608 2611
f 2596 2647 2646
f 2596 2646 2597
f 2596 2599 2604
f 2596 2604 2607
f 2593 2638 2637
f 2593 2637 2594
f 2592 2598 2597
f 2592 2597 2593
f 2590 2602 2601
f 2590 2601 2591
f 2589 2642 2641
f 2589 2641 2590
f 2588 2595 2594
f 2588 2594 2589
f 2586 2606 2605
f 2586 2605 2587
f 2585 2622 2621
f 2585 2621 2586
f 2582 2585 2584
f 2582 2584 2583
f 2581 2626 2625
f 2581 2625 2582
f 2580 2610 2609
f 2580 2609 2581
f 2676 2694 2692
f 2676 2692 2677
f 2676 2678 2695
f 2676 2695 2694
f 2678 2679 2696
f 2678 2696 2695
f 2679 2680 2697
f 2679 2697 2696
f 2680 2681 2698
f 2680 2698 2697
f 2681 2682 2699
f 2681 2699 2698
f 2682 2683 2700
f 2682 2700 2699
f 2683 2684 2701
f 2683 2701 2700
f 2684 2685 2702
f 2684 2702 2701
f 2685 2686 2703
f 2685 2703 2702
f 2686 2687 2704
f 2686 2704 2703
f 2687 2688 2705
f 2687 2705 2704
f 2688 2689 2706
f 2688 2706 2705
f 2689 2690 2707
f 2689 2707 2706
f 2690 2691 2693
f 2690 2693 2707
f 2708 2709 2710
f 2708 2710 2711
f 2712 2713 2714
f 2712 2714 2715
f 2716 2717 2718
f 2716 2718 2719
f 2720 2721 2722
f 2720 2722 2723
f 2724 2725 2726
f 2724 2726 2727
f 2728 2729 2730
f 2728 2730 2731
f 2732 2733 2734
f 2732 2734 2735
f 2736 2737 2738
f 2736 2738 2739
f 2740 2741 2742
f 2740 2742 2743
f 2744 2745 2746
f 2744 2746 2747
f 2748 2749 2750
f 2748 2750 2751
f 2752 2753 2754
f 2752 2754 2755
f 2756 2757 2758
f 2756 2758 2759
f 2760 2761 2762
f 2760 2762 2763
f 2764 2765 2766
f 2764 2766 2767
f 2768 2769 2770
f 2768 2770 2771
f 2692 2694 2772
f 2692 2772 2773
f 2693 2692 2773
f 2693 2773 2774
f 2693 2774 2775
f 2693 2775 2707
f 2706 2707 2775
f 2706 2775 2776
f 2705 2706 2776
f 2705 2776 2777
f 2704 2705 2777
f 2704 2777 2778
f 2703 2704 2778
f 2703 2778 2779
f 2702 2703 2779
f 2702 2779 2780
f 2701 2702 2780
f 2701 2780 2781
f 2700 2701 2781
f 2700 2781 2782
f 2699 2700 2782
f 2699 2782 2783
f 2698 2699 2783
f 2698 2783 2784
f 2697 2698 2784
f 2697 2784 2785
f 2696 2697 2785
f 2696 2785 2786
f 2695 2696 2786
f 2695 2786 2787
f 2694 2695 2787
f 2694 2787 2772
f 2765 2770 2788
f 2761 2766 2789
f 2757 2762 2790
f 2753 2758 2791
f 2749 2754 2792
f 2745 2750 2793
f 2741 2746 2794
f 2742 2795 2769
f 2731 2759 2752
f 2731 2752 2732
f 2728 2735 2776
f 2728 2776 2775
f 2727 2784 2783
f 2727 2783 2736
f 2724 2739 2743
f 2724 2743 2768
f 2720 2786 2785
f 2720 2785 2726
f 2716 2772 2787
f 2716 2787 2723
f 2718 2763 2756
f 2718 2756 2730
f 2717 2722 2767
f 2717 2767 2760
f 2721 2725 2771
f 2721 2771 2764
f 2714 2747 2740
f 2714 2740 2738
f 2710 2751 2744
f 2710 2744 2713
f 2709 2733 2755
f 2709 2755 2748
f 2708 2778 2777
f 2708 2777 2734
f 2711 2712 2780
f 2711 2780 2779
f 2715 2737 2782
f 2715 2782 2781
f 2764 2771 2770
f 2764 2770 2765
f 2760 2767 2766
f 2760 2766 2761
f 2756 2763 2762
f 2756 2762 2757
f 2752 2759 2758
f 2752 2758 2753
f 2748 2755 2754
f 2748 2754 2749
f 2744 2751 2750
f 2744 2750 2745
f 2742 2769 2768
f 2742 2768 2743
f 2740 2747 2746
f 2740 2746 2741
f 2738 2740 2743
f 2738 2743 2739
f 2736 2783 2782
f 2736 2782 2737
f 2734 2777 2776
f 2734 2776 2735
f 2732 2752 2755
f 2732 2755 2733
f 2730 2756 2759
f 2730 2759 2731
f 2728 2775 2774
f 2728 2774 2729
f 2728 2731 2732
f 2728 2732 2735
f 2726 2785 2784
f 2726 2784 2727
f 2724 2768 2771
f 2724 2771 2725
f 2724 2727 2736
f 2724 2736 2739
f 2741 2794 2795
f 2741 2795 2742
f 2769 2795 2788
f 2769 2788 2770
f 2765 2788 2789
f 2765 2789 2766
f 2761 2789 2790
f 2761 2790 2762
f 2757 2790 2791
f 2757 2791 2758
f 2753 2791 2792
f 2753 2792 2754
f 2749 2792 2793
f 2749 2793 2750
f 2745 2793 2794
f 2745 2794 2746
f 2721 2764 2767
f 2721 2767 2722
f 2720 2726 2725
f 2720 2725 2721
f 2718 2730 2729
f 2718 2729 2719
f 2717 2760 2763
f 2717 2763 2718
f 2716 2723 2722
f 2716 2722 2717
f 2716 2719 2773
f 2716 2773 2772
f 2720 2723 2787
f 2720 2787 2786
f 2714 2738 2737
f 2714 2737 2715
f 2713 2744 2747
f 2713 2747 2714
f 2710 2713 2712
f 2710 2712 2711
f 2709 2748 2751
f 2709 2751 2710
f 2708 2734 2733
f 2708 2733 2709
f 2708 2711 2779
f 2708 2779 2778
f 2712 2715 2781
f 2712 2781 2780
f 2719 2729 2774
f 2719 2774 2773
f 2788 2795 2794
f 2788 2794 2793
f 2788 2793 2792
f 2788 2792 2791
f 2788 2791 2789
f 2789 2791 2790
f 2798 2799 2800
f 2798 2800 2801
f 2802 783 784
f 2802 784 2803
f 2804 2805 785
f 2804 785 786
f 2806 787 788
f 2806 788 2807
f 2808 2809 789
f 2808 789 790
f 2810 791 792
f 2810 792 2811
f 793 794 2812
f 793 2812 2813
f 795 2814 2815
f 795 2815 796
f 797 798 2816
f 797 2816 2817
f 799 2818 2819
f 799 2819 800
f 801 2820 2821
f 801 2821 802
f 2803 2805 2822
f 2803 2822 2823
f 2804 2806 2824
f 2804 2824 2825
f 2807 2809 2826
f 2807 2826 2827
f 2808 2817 2828
f 2808 2828 2829
f 2810 2830 2831
f 2810 2831 2816
f 2811 2813 2832
f 2811 2832 2833
f 2819 2834 2835
f 2819 2835 2820
f 2814 2821 2836
f 2814 2836 2837
f 2815 2838 2839
f 2815 2839 2840
f 2802 2841 2842
f 2802 2842 2818
f 2819 2820 801
f 2819 801 800
f 2816 2831 2828
f 2816 2828 2817
f 2815 2840 819
f 2815 819 796
f 795 802 2821
f 795 2821 2814
f 2812 2843 2832
f 2812 2832 2813
f 792 793 2813
f 792 2813 2811
f 2810 2816 798
f 2810 798 791
f 2810 2811 2833
f 2810 2833 2830
f 2808 2829 2826
f 2808 2826 2809
f 2808 790 797
f 2808 797 2817
f 788 789 2809
f 788 2809 2807
f 2806 2807 2827
f 2806 2827 2824
f 2804 2825 2822
f 2804 2822 2805
f 2804 786 787
f 2804 787 2806
f 784 785 2805
f 784 2805 2803
f 2802 2818 799
f 2802 799 783
f 2802 2803 2823
f 2802 2823 2841
f 2818 2842 2834
f 2818 2834 2819
f 2820 2835 2836
f 2820 2836 2821
f 2814 2837 2838
f 2814 2838 2815
f 794 826 2844
f 794 2844 2812
f 2812 2844 2845
f 2812 2845 2843
f 2837 2862 2863
f 2837 2863 2838
f 2835 2864 2865
f 2835 2865 2836
f 2834 2842 2866
f 2834 2866 2867
f 2832 2843 2868
f 2832 2868 2869
f 2830 2833 2870
f 2830 2870 2871
f 2828 2831 2872
f 2828 2872 2873
f 2826 2829 2874
f 2826 2874 2875
f 2799 2824 2827
f 2799 2827 2876
f 2798 2877 2822
f 2798 2822 2825
f 2823 2878 2879
f 2823 2879 2841
f 2851 2874 2873
f 2851 2873 2860
f 2859 2880 2881
f 2859 2881 2863
f 2857 2858 2862
f 2857 2862 2865
f 2855 2856 2864
f 2855 2864 2867
f 2853 2854 2866
f 2853 2866 2879
f 2796 2878 2877
f 2796 2877 2797
f 2850 2852 2876
f 2850 2876 2875
f 2849 2861 2872
f 2849 2872 2871
f 2846 2848 2870
f 2846 2870 2869
f 2796 2853 2879
f 2796 2879 2878
f 2822 2877 2878
f 2822 2878 2823
f 2799 2876 2852
f 2799 2852 2800
f 2826 2875 2876
f 2826 2876 2827
f 2850 2875 2874
f 2850 2874 2851
f 2828 2873 2874
f 2828 2874 2829
f 2860 2873 2872
f 2860 2872 2861
f 2831 2830 2871
f 2831 2871 2872
f 2848 2849 2871
f 2848 2871 2870
f 2832 2869 2870
f 2832 2870 2833
f 2846 2869 2868
f 2846 2868 2847
f 2841 2879 2866
f 2841 2866 2842
f 2854 2855 2867
f 2854 2867 2866
f 2834 2867 2864
f 2834 2864 2835
f 2856 2857 2865
f 2856 2865 2864
f 2836 2865 2862
f 2836 2862 2837
f 2838 2863 2881
f 2838 2881 2839
f 2858 2859 2863
f 2858 2863 2862
f 2847 2868 2883
f 2847 2883 2882
f 2843 2845 2883
f 2843 2883 2868
f 2797 2877 2798
f 2797 2798 2801
f 2798 2825 2824
f 2798 2824 2799
f 2888 2889 2890
f 2888 2890 2891
f 834 835 2892
f 834 2892 2893
f 844 845 2894
f 844 2894 2895
f 2896 2897 2898
f 2896 2898 2899
f 2889 2892 2895
f 2889 2895 2896
f 2885 2890 2899
f 2885 2899 2886
f 2894 2897 2896
f 2894 2896 2895
f 835 844 2895
f 835 2895 2892
f 2889 2896 2899
f 2889 2899 2890
f 2888 2893 2892
f 2888 2892 2889
f 2886 2899 2898
f 2886 2898 2887
f 2884 2891 2890
f 2884 2890 2885
f 2884 2900 2901
f 2884 2901 2891
f 2888 2891 2901
f 2888 2901 2902
f 2888 2902 2903
f 2888 2903 2893
f 834 2893 2903
f 834 2903 852
f 2880 2887 2898
f 2880 2898 2881
f 2839 2881 2898
f 2839 2898 2897
f 2840 2839 2897
f 2840 2897 2894
f 2840 2894 845
f 2840 845 819
f 2906 2907 2908
f 2906 2908 2909
f 2910 1140 1141
f 2910 1141 2911
f 1142 1143 2912
f 1142 2912 2913
f 2914 1144 1145
f 2914 1145 2915
f 1146 1147 2916
f 1146 2916 2917
f 2918 1148 1149
f 2918 1149 2919
f 2920 2921 1150
f 2920 1150 1151
f 1152 2922 2923
f 1152 2923 1153
f 2924 2925 1154
f 2924 1154 1155
f 1156 2926 2927
f 1156 2927 1157
f 1158 2928 2929
f 1158 2929 1159
f 2910 2930 2931
f 2910 2931 2912
f 2913 2932 2933
f 2913 2933 2915
f 2914 2934 2935
f 2914 2935 2916
f 2917 2936 2937
f 2917 2937 2924
f 2919 2925 2938
f 2919 2938 2939
f 2918 2940 2941
f 2918 2941 2920
f 2926 2929 2942
f 2926 2942 2943
f 2923 2944 2945
f 2923 2945 2928
f 2922 2946 2947
f 2922 2947 2948
f 2911 2927 2949
f 2911 2949 2950
f 1156 1159 2929
f 1156 2929 2926
f 2924 2937 2938
f 2924 2938 2925
f 1152 1178 2946
f 1152 2946 2922
f 2923 2928 1158
f 2923 1158 1153
f 2920 2941 2951
f 2920 2951 2921
f 2918 2920 1151
f 2918 1151 1148
f 1149 1154 2925
f 1149 2925 2919
f 2918 2919 2939
f 2918 2939 2940
f 2916 2935 2936
f 2916 2936 2917
f 1146 2917 2924
f 1146 2924 1155
f 2914 2916 1147
f 2914 1147 1144
f 2914 2915 2933
f 2914 2933 2934
f 2912 2931 2932
f 2912 2932 2913
f 1142 2913 2915
f 1142 2915 1145
f 2910 2912 1143
f 2910 1143 1140
f 1141 1157 2927
f 1141 2927 2911
f 2910 2911 2950
f 2910 2950 2930
f 2926 2943 2949
f 2926 2949 2927
f 2928 2945 2942
f 2928 2942 2929
f 2922 2948 2944
f 2922 2944 2923
f 826 1150 2921
f 826 2921 2844
f 2844 2921 2951
f 2844 2951 2845
f 2944 2948 2968
f 2944 2968 2969
f 2942 2945 2970
f 2942 2970 2971
f 2943 2972 2973
f 2943 2973 2949
f 2941 2974 2975
f 2941 2975 2951
f 2939 2976 2977
f 2939 2977 2940
f 2937 2978 2979
f 2937 2979 2938
f 2935 2980 2981
f 2935 2981 2936
f 2908 2982 2934
f 2908 2934 2933
f 2909 2932 2931
f 2909 2931 2983
f 2930 2950 2984
f 2930 2984 2985
f 2956 2967 2978
f 2956 2978 2981
f 2964 2968 2986
f 2964 2986 2987
f 2962 2970 2969
f 2962 2969 2965
f 2960 2972 2971
f 2960 2971 2963
f 2959 2984 2973
f 2959 2973 2961
f 2904 2983 2985
f 2904 2985 2905
f 2957 2980 2982
f 2957 2982 2958
f 2954 2976 2979
f 2954 2979 2966
f 2953 2974 2977
f 2953 2977 2955
f 2905 2985 2984
f 2905 2984 2959
f 2930 2985 2983
f 2930 2983 2931
f 2907 2958 2982
f 2907 2982 2908
f 2934 2982 2980
f 2934 2980 2935
f 2956 2981 2980
f 2956 2980 2957
f 2936 2981 2978
f 2936 2978 2937
f 2966 2979 2978
f 2966 2978 2967
f 2939 2938 2979
f 2939 2979 2976
f 2954 2955 2977
f 2954 2977 2976
f 2940 2977 2974
f 2940 2974 2941
f 2952 2975 2974
f 2952 2974 2953
f 2949 2973 2984
f 2949 2984 2950
f 2960 2961 2973
f 2960 2973 2972
f 2942 2971 2972
f 2942 2972 2943
f 2962 2963 2971
f 2962 2971 2970
f 2944 2969 2970
f 2944 2970 2945
f 2947 2986 2968
f 2947 2968 2948
f 2964 2965 2969
f 2964 2969 2968
f 2882 2883 2975
f 2882 2975 2952
f 2845 2951 2975
f 2845 2975 2883
f 2904 2906 2909
f 2904 2909 2983
f 2908 2933 2932
f 2908 2932 2909
f 2992 2993 2994
f 2992 2994 2995
f 2996 2997 1189
f 2996 1189 1190
f 2998 2999 1199
f 2998 1199 1200
f 3000 3001 3002
f 3000 3002 3003
f 2994 3003 2998
f 2994 2998 2997
f 2988 2991 3000
f 2988 3000 2993
f 2998 3003 3002
f 2998 3002 2999
f 2997 2998 1200
f 2997 1200 1189
f 2993 3000 3003
f 2993 3003 2994
f 2994 2997 2996
f 2994 2996 2995
f 2990 3001 3000
f 2990 3000 2991
f 2988 2993 2992
f 2988 2992 2989
f 2900 2989 2992
f 2900 2992 2901
f 2901 2992 2995
f 2901 2995 2902
f 2902 2995 2996
f 2902 2996 2903
f 2903 2996 1190
f 2903 1190 852
f 2986 3001 2990
f 2986 2990 2987
f 2947 3002 3001
f 2947 3001 2986
f 2947 2946 2999
f 2947 2999 3002
f 2946 1178 1199
f 2946 1199 2999
f 3006 3007 2796
f 3006 2796 2797
f 3006 3008 3009
f 3006 3009 3007
f 3004 3005 3009
f 3004 3009 3008
f 2800 3010 3011
f 2800 3011 2801
f 3010 3012 3011
f 3019 3020 2846
f 3019 2846 2847
f 2848 3021 3022
f 2848 3022 2849
f 3023 3024 2850
f 3023 2850 2851
f 2800 2852 3025
f 2800 3025 3010
f 3007 3026 2853
f 3007 2853 2796
f 2854 3027 3028
f 2854 3028 2855
f 2856 3029 3030
f 2856 3030 2857
f 2858 3031 3032
f 2858 3032 2859
f 2860 2861 3033
f 2860 3033 3034
f 3032 3035 2880
f 3032 2880 2859
f 3030 3031 2858
f 3030 2858 2857
f 3028 3029 2856
f 3028 2856 2855
f 3026 3027 2854
f 3026 2854 2853
f 3006 2797 2801
f 3006 2801 3011
f 3024 3025 2852
f 3024 2852 2850
f 3023 2851 2860
f 3023 2860 3034
f 3022 3033 2861
f 3022 2861 2849
f 3020 3021 2848
f 3020 2848 2846
f 3019 2847 2882
f 3019 2882 3036
f 3039 3040 3041
f 3039 3041 3042
f 3043 3044 3045
f 3043 3045 3046
f 3047 3048 3049
f 3047 3049 3050
f 3012 3051 3052
f 3012 3052 3053
f 3054 3055 3056
f 3054 3056 3057
f 3058 3059 3060
f 3058 3060 3061
f 3062 3063 3064
f 3062 3064 3065
f 3005 3066 3067
f 3005 3067 3009
f 3068 3069 3070
f 3068 3070 3071
f 3023 3034 3068
f 3023 3068 3050
f 3038 3047 3071
f 3038 3071 3072
f 3037 3074 3052
f 3037 3052 3048
f 3015 3070 3045
f 3015 3045 3018
f 3013 3017 3044
f 3013 3044 3040
f 3032 3064 3075
f 3032 3075 3035
f 3030 3061 3065
f 3030 3065 3031
f 3028 3057 3058
f 3028 3058 3029
f 3026 3067 3054
f 3026 3054 3027
f 3006 3011 3012
f 3006 3012 3008
f 3024 3049 3051
f 3024 3051 3025
f 3022 3046 3069
f 3022 3069 3033
f 3020 3041 3043
f 3020 3043 3021
f 3015 3072 3071
f 3015 3071 3070
f 3033 3069 3068
f 3033 3068 3034
f 3063 3073 3075
f 3063 3075 3064
f 3060 3062 3065
f 3060 3065 3061
f 3056 3059 3058
f 3056 3058 3057
f 3054 3067 3066
f 3054 3066 3055
f 3004 3008 3012
f 3004 3012 3053
f 3052 3074 3053
f 3048 3052 3051
f 3048 3051 3049
f 3047 3050 3068
f 3047 3068 3071
f 3045 3070 3069
f 3045 3069 3046
f 3040 3044 3043
f 3040 3043 3041
f 3031 3065 3064
f 3031 3064 3032
f 3029 3058 3061
f 3029 3061 3030
f 3027 3054 3057
f 3027 3057 3028
f 3007 3009 3067
f 3007 3067 3026
f 3010 3025 3051
f 3010 3051 3012
f 3023 3050 3049
f 3023 3049 3024
f 3021 3043 3046
f 3021 3046 3022
f 3019 3042 3041
f 3019 3041 3020
f 3037 3048 3047
f 3037 3047 3038
f 3017 3018 3045
f 3017 3045 3044
f 3013 3040 3039
f 3013 3039 3014
f 3019 3036 3076
f 3019 3076 3042
f 3039 3042 3076
f 3039 3076 3077
f 3014 3039 3077
f 3014 3077 3016
f 2884 2885 3078
f 2884 3078 3079
f 3080 3081 3082
f 3080 3082 3083
f 3084 3085 2886
f 3084 2886 2887
f 3086 3087 3088
f 3086 3088 3089
f 3078 3085 3088
f 3078 3088 3081
f 3084 3089 3088
f 3084 3088 3085
f 3081 3088 3087
f 3081 3087 3082
f 3078 3081 3080
f 3078 3080 3079
f 2885 2886 3085
f 2885 3085 3078
f 3079 3080 3090
f 3079 3090 3091
f 3080 3083 3092
f 3080 3092 3090
f 2884 3079 3091
f 2884 3091 2900
f 3073 3086 3089
f 3073 3089 3075
f 3035 3075 3089
f 3035 3089 3084
f 2880 3035 3084
f 2880 3084 2887
f 2904 2905 3095
f 2904 3095 3096
f 3095 3097 3098
f 3095 3098 3096
f 3093 3094 3098
f 3093 3098 3097
f 2906 3099 3100
f 2906 3100 2907
f 3099 3101 3100
f 2952 2953 3107
f 2952 3107 3108
f 2954 3109 3110
f 2954 3110 2955
f 2956 2957 3111
f 2956 3111 3112
f 2907 3100 3113
f 2907 3113 2958
f 2905 2959 3114
f 2905 3114 3095
f 2960 3115 3116
f 2960 3116 2961
f 2962 3117 3118
f 2962 3118 2963
f 2964 3119 3120
f 2964 3120 2965
f 3121 3122 2966
f 3121 2966 2967
f 2964 2987 3123
f 2964 3123 3119
f 2962 2965 3120
f 2962 3120 3117
f 2960 2963 3118
f 2960 3118 3115
f 2959 2961 3116
f 2959 3116 3114
f 2904 3096 3099
f 2904 3099 2906
f 2957 2958 3113
f 2957 3113 3111
f 2956 3112 3121
f 2956 3121 2967
f 2954 2966 3122
f 2954 3122 3109
f 2953 2955 3110
f 2953 3110 3107
f 3036 2882 2952
f 3036 2952 3108
f 3126 3127 3128
f 3126 3128 3129
f 3130 3131 3132
f 3130 3132 3133
f 3134 3135 3136
f 3134 3136 3137
f 3101 3138 3139
f 3101 3139 3140
f 3141 3142 3143
f 3141 3143 3144
f 3145 3146 3147
f 3145 3147 3148
f 3149 3150 3151
f 3149 3151 3152
f 3093 3097 3153
f 3093 3153 3154
f 3155 3156 3157
f 3155 3157 3158
f 3112 3134 3158
f 3112 3158 3121
f 3124 3159 3155
f 3124 3155 3137
f 3125 3136 3139
f 3125 3139 3161
f 3104 3106 3131
f 3104 3131 3156
f 3103 3128 3132
f 3103 3132 3105
f 3119 3123 3162
f 3119 3162 3150
f 3117 3120 3149
f 3117 3149 3145
f 3115 3118 3148
f 3115 3148 3141
f 3114 3116 3144
f 3114 3144 3153
f 3096 3098 3101
f 3096 3101 3099
f 3111 3113 3140
f 3111 3140 3135
f 3109 3122 3157
f 3109 3157 3130
f 3107 3110 3133
f 3107 3133 3127
f 3104 3156 3155
f 3104 3155 3159
f 3121 3158 3157
f 3121 3157 3122
f 3150 3162 3160
f 3150 3160 3151
f 3145 3149 3152
f 3145 3152 3146
f 3141 3148 3147
f 3141 3147 3142
f 3143 3154 3153
f 3143 3153 3144
f 3094 3138 3101
f 3094 3101 3098
f 3138 3161 3139
f 3135 3140 3139
f 3135 3139 3136
f 3134 3137 3155
f 3134 3155 3158
f 3130 3157 3156
f 3130 3156 3131
f 3127 3133 3132
f 3127 3132 3128
f 3119 3150 3149
f 3119 3149 3120
f 3117 3145 3148
f 3117 3148 3118
f 3115 3141 3144
f 3115 3144 3116
f 3095 3114 3153
f 3095 3153 3097
f 3100 3101 3140
f 3100 3140 3113
f 3111 3135 3134
f 3111 3134 3112
f 3109 3130 3133
f 3109 3133 3110
f 3107 3127 3126
f 3107 3126 3108
f 3124 3137 3136
f 3124 3136 3125
f 3105 3132 3131
f 3105 3131 3106
f 3102 3129 3128
f 3102 3128 3103
f 3036 3108 3126
f 3036 3126 3076
f 3076 3126 3129
f 3076 3129 3077
f 3016 3077 3129
f 3016 3129 3102
f 3163 3164 2988
f 3163 2988 2989
f 3165 3166 3167
f 3165 3167 3168
f 2990 2991 3169
f 2990 3169 3170
f 3171 3172 3173
f 3171 3173 3174
f 3164 3167 3172
f 3164 3172 3169
f 3169 3172 3171
f 3169 3171 3170
f 3166 3173 3172
f 3166 3172 3167
f 3163 3168 3167
f 3163 3167 3164
f 3164 3169 2991
f 3164 2991 2988
f 3091 3090 3168
f 3091 3168 3163
f 3090 3092 3165
f 3090 3165 3168
f 3091 3163 2989
f 3091 2989 2900
f 3160 3162 3171
f 3160 3171 3174
f 3123 3170 3171
f 3123 3171 3162
f 2987 2990 3170
f 2987 3170 3123
f 3175 3176 3177
f 3175 3177 3178
f 3175 3179 3180
f 3175 3180 3176
f 3179 3181 3182
f 3179 3182 3180
f 3177 3183 3178
f 3181 3184 3182
f 3004 3185 3005
f 3186 3187 3188
f 3186 3188 3189
f 3190 3191 3192
f 3190 3192 3193
f 3194 3195 3196
f 3194 3196 3197
f 3198 3199 3200
f 3198 3200 3201
f 3202 3203 3204
f 3202 3204 3205
f 3206 3207 3208
f 3206 3208 3209
f 3210 3211 3212
f 3210 3212 3213
f 3214 3215 3216
f 3214 3216 3217
f 3218 3219 3220
f 3218 3220 3221
f 3222 3223 3224
f 3222 3224 3225
f 3226 3227 3228
f 3226 3228 3229
f 3230 3231 3232
f 3230 3232 3233
f 3227 3232 3234
f 3223 3228 3235
f 3219 3224 3236
f 3215 3220 3237
f 3211 3216 3238
f 3207 3212 3239
f 3203 3208 3240
f 3199 3204 3241
f 3195 3200 3242
f 3191 3196 3243
f 3188 3244 3231
f 3190 3245 3246
f 3190 3246 3197
f 3189 3230 3247
f 3189 3247 3248
f 3226 3249 3250
f 3226 3250 3233
f 3222 3251 3252
f 3222 3252 3229
f 3218 3253 3254
f 3218 3254 3225
f 3214 3255 3256
f 3214 3256 3221
f 3206 3257 3258
f 3206 3258 3213
f 3202 3259 3260
f 3202 3260 3209
f 3198 3261 3262
f 3198 3262 3205
f 3194 3263 3264
f 3194 3264 3201
f 3230 3233 3250
f 3230 3250 3247
f 3226 3233 3232
f 3226 3232 3227
f 3226 3229 3252
f 3226 3252 3249
f 3222 3229 3228
f 3222 3228 3223
f 3222 3225 3254
f 3222 3254 3251
f 3218 3225 3224
f 3218 3224 3219
f 3218 3221 3256
f 3218 3256 3253
f 3214 3221 3220
f 3214 3220 3215
f 3214 3217 3265
f 3214 3265 3255
f 3210 3217 3216
f 3210 3216 3211
f 3210 3213 3258
f 3210 3258 3266
f 3206 3213 3212
f 3206 3212 3207
f 3206 3209 3260
f 3206 3260 3257
f 3202 3209 3208
f 3202 3208 3203
f 3202 3205 3262
f 3202 3262 3259
f 3198 3205 3204
f 3198 3204 3199
f 3198 3201 3264
f 3198 3264 3261
f 3194 3201 3200
f 3194 3200 3195
f 3194 3197 3246
f 3194 3246 3263
f 3190 3197 3196
f 3190 3196 3191
f 3190 3193 3267
f 3190 3267 3245
f 3188 3231 3230
f 3188 3230 3189
f 3186 3189 3248
f 3186 3248 3268
f 3187 3269 3244
f 3187 3244 3188
f 3231 3244 3234
f 3231 3234 3232
f 3227 3234 3235
f 3227 3235 3228
f 3223 3235 3236
f 3223 3236 3224
f 3219 3236 3237
f 3219 3237 3220
f 3215 3237 3238
f 3215 3238 3216
f 3211 3238 3239
f 3211 3239 3212
f 3207 3239 3240
f 3207 3240 3208
f 3203 3240 3241
f 3203 3241 3204
f 3199 3241 3242
f 3199 3242 3200
f 3195 3242 3243
f 3195 3243 3196
f 3191 3243 3270
f 3191 3270 3192
f 3186 3268 3271
f 3186 3271 3272
f 3186 3272 3273
f 3186 3273 3187
f 3193 3274 3275
f 3193 3275 3267
f 3192 3276 3274
f 3192 3274 3193
f 3187 3273 3277
f 3187 3277 3269
f 3269 3277 3278
f 3269 3278 3270
f 3192 3270 3278
f 3192 3278 3276
f 3279 3280 3281
f 3279 3281 3282
f 3283 3284 3285
f 3283 3285 3286
f 3287 3288 3289
f 3287 3289 3290
f 3291 3292 3293
f 3294 3295 3296
f 3294 3296 3297
f 3298 3299 3300
f 3301 3302 3303
f 3304 3305 3306
f 3304 3306 3307
f 3308 3309 3310
f 3311 3312 3313
f 3311 3313 3314
f 3315 3316 3317
f 3280 3307 3314
f 3280 3314 3315
f 3283 3316 3313
f 3283 3313 3308
f 3281 3317 3293
f 3281 3293 3294
f 3282 3297 3298
f 3282 3298 3287
f 3279 3290 3303
f 3279 3303 3304
f 3313 3316 3315
f 3313 3315 3314
f 3308 3313 3312
f 3308 3312 3309
f 3306 3311 3314
f 3306 3314 3307
f 3302 3305 3304
f 3302 3304 3303
f 3296 3299 3298
f 3296 3298 3297
f 3292 3295 3294
f 3292 3294 3293
f 3289 3301 3303
f 3289 3303 3290
f 3287 3298 3300
f 3287 3300 3288
f 3285 3291 3293
f 3285 3293 3286
f 3283 3308 3310
f 3283 3310 3284
f 3283 3286 3317
f 3283 3317 3316
f 3281 3294 3297
f 3281 3297 3282
f 3280 3315 3317
f 3280 3317 3281
f 3279 3304 3307
f 3279 3307 3280
f 3279 3282 3287
f 3279 3287 3290
f 3286 3293 3317
f 3318 3319 3320
f 3318 3320 3321
f 3322 3323 3324
f 3322 3324 3325
f 3326 3327 3328
f 3329 3330 3331
f 3329 3331 3332
f 3333 3334 3335
f 3333 3335 3336
f 3337 3338 3339
f 3337 3339 3340
f 3341 3342 3343
f 3341 3343 3344
f 3345 3346 3347
f 3345 3347 3348
f 3349 3350 3351
f 3349 3351 3352
f 3353 3354 3355
f 3353 3355 3356
f 3357 3358 3359
f 3357 3359 3360
f 3361 3362 3363
f 3361 3363 3364
f 3365 3366 3367
f 3365 3367 3368
f 3369 3370 3371
f 3369 3371 3372
f 3373 3374 3375
f 3373 3375 3376
f 3377 3378 3379
f 3377 3379 3380
f 3381 3382 3383
f 3384 3385 3386
f 3387 3388 3389
f 3387 3389 3390
f 3391 3392 3393
f 3391 3393 3394
f 3395 3396 3397
f 3395 3397 3398
f 3399 3400 3401
f 3399 3401 3402
f 3403 3404 3405
f 3403 3405 3406
f 3407 3408 3409
f 3407 3409 3410
f 3411 3412 3413
f 3411 3413 3414
f 3415 3416 3417
f 3415 3417 3418
f 3419 3420 3421
f 3419 3421 3422
f 3423 3424 3425
f 3423 3425 3426
f 3427 3428 3429
f 3427 3429 3430
f 3431 3432 3433
f 3431 3433 3434
f 3435 3436 3437
f 3435 3437 3438
f 3439 3440 3441
f 3439 3441 3442
f 3443 3444 3445
f 3443 3445 3446
f 3447 3448 3449
f 3447 3449 3450
f 3451 3452 3453
f 3454 3455 3456
f 3454 3456 3457
f 3458 3459 3460
f 3458 3460 3461
f 3462 3463 3464
f 3462 3464 3465
f 3466 3467 3468
f 3466 3468 3469
f 3470 3471 3472
f 3470 3472 3473
f 3474 3475 3476
f 3474 3476 3477
f 3478 3479 3480
f 3478 3480 3481
f 3482 3483 3484
f 3482 3484 3485
f 3486 3487 3488
f 3486 3488 3489
f 3490 3491 3013
f 3490 3013 3014
f 3492 3493 3494
f 3492 3494 3495
f 3496 3497 3498
f 3496 3498 3499
f 3500 3501 3502
f 3500 3502 3503
f 3504 3505 3506
f 3504 3506 3507
f 3508 3509 3510
f 3508 3510 3511
f 3512 3513 3514
f 3512 3514 3515
f 3516 3517 3518
f 3516 3518 3519
f 3520 3521 3522
f 3520 3522 3523
f 3524 3525 3526
f 3524 3526 3527
f 3528 3529 3530
f 3528 3530 3531
f 3532 3533 3534
f 3532 3534 3535
f 3536 3537 3538
f 3539 3540 3541
f 3539 3541 3542
f 3543 3544 3545
f 3543 3545 3546
f 3543 3547 3544
f 3505 3548 3549
f 3505 3549 3506
f 3550 3551 3552
f 3550 3552 3553
f 3554 3555 3556
f 3554 3556 3557
f 3558 3559 3560
f 3558 3560 3561
f 3562 3563 3564
f 3565 3566 3567
f 3565 3567 3568
f 3569 3570 3571
f 3569 3571 3572
f 3573 3574 3575
f 3573 3575 3576
f 3577 3578 3579
f 3577 3579 3580
f 3581 3582 3583
f 3584 3585 3586
f 3584 3586 3587
f 3588 3589 3590
f 3588 3590 3591
f 3592 3593 3594
f 3592 3594 3595
f 3596 3597 3598
f 3596 3598 3599
f 3600 3601 3602
f 3600 3602 3603
f 3604 3605 3606
f 3604 3606 3607
f 3608 3609 3610
f 3608 3610 3611
f 3612 3613 3614
f 3612 3614 3615
f 3616 3617 3618
f 3616 3618 3619
f 3620 3621 3622
f 3620 3622 3623
f 3624 3625 3626
f 3624 3626 3627
f 3628 3629 3630
f 3628 3630 3631
f 3632 3633 3634
f 3632 3634 3635
f 3636 3637 3638
f 3636 3638 3639
f 3640 3641 3642
f 3640 3642 3643
f 3644 3645 3646
f 3644 3646 3647
f 3648 3649 3650
f 3648 3650 3651
f 3652 3653 3654
f 3652 3654 3655
f 3656 3657 3658
f 3656 3658 3659
f 3660 3661 3662
f 3660 3662 3663
f 3664 3665 3666
f 3664 3666 3667
f 3668 3669 3670
f 3668 3670 3671
f 3672 3673 3674
f 3672 3674 3675
f 3676 3677 3678
f 3679 3680 3681
f 3682 3683 3684
f 3682 3684 3685
f 3686 3687 3688
f 3686 3688 3689
f 3690 3691 3692
f 3690 3692 3693
f 3694 3695 3696
f 3694 3696 3697
f 3698 3699 3700
f 3698 3700 3701
f 3702 3703 3704
f 3702 3704 3705
f 3706 3707 3708
f 3706 3708 3709
f 3710 3711 3712
f 3710 3712 3713
f 3714 3715 3716
f 3714 3716 3717
f 3718 3719 3720
f 3718 3720 3721
f 3722 3723 3724
f 3722 3724 3725
f 3726 3727 3728
f 3729 3730 3731
f 3729 3731 3732
f 3733 3734 3735
f 3733 3735 3736
f 3735 3737 3738
f 3735 3738 3736
f 3739 3740 3741
f 3742 3743 3744
f 3742 3744 3745
f 3746 3747 3748
f 3746 3748 3749
f 3750 3751 3752
f 3750 3752 3753
f 3754 3755 3756
f 3754 3756 3757
f 3758 3759 3760
f 3758 3760 3761
f 3762 3763 3764
f 3762 3764 3765
f 3246 3766 3767
f 3246 3767 3263
f 3261 3264 3768
f 3261 3768 3769
f 3259 3262 3770
f 3259 3770 3771
f 3257 3260 3772
f 3257 3772 3773
f 3258 3774 3775
f 3258 3775 3266
f 3776 3777 3778
f 3253 3256 3779
f 3253 3779 3780
f 3251 3254 3781
f 3251 3781 3782
f 3249 3252 3783
f 3249 3783 3784
f 3247 3250 3785
f 3247 3785 3786
f 3787 3788 3789
f 3790 3791 3792
f 3793 3794 3795
f 3793 3795 3796
f 3797 3798 3799
f 3797 3799 3800
f 3801 3802 3803
f 3801 3803 3804
f 3805 3806 3807
f 3805 3807 3808
f 3248 3809 3810
f 3248 3810 3268
f 3811 3812 3813
f 3811 3813 3814
f 3815 3816 3817
f 3815 3817 3818
f 3819 3820 3821
f 3819 3821 3822
f 3823 3824 3825
f 3823 3825 3826
f 3827 3828 3829
f 3827 3829 3830
f 3831 3832 3833
f 3831 3833 3834
f 3835 3836 3837
f 3835 3837 3838
f 3839 3840 3841
f 3839 3841 3842
f 3843 3844 3845
f 3843 3845 3846
f 3847 3848 3849
f 3847 3849 3850
f 3851 3852 3853
f 3851 3853 3854
f 3855 3856 3857
f 3855 3857 3858
f 3859 3860 3861
f 3859 3861 3862
f 3863 3864 3865
f 3863 3865 3866
f 3867 3868 3869
f 3867 3869 3870
f 3871 3872 3873
f 3871 3873 3874
f 3875 3876 3877
f 3875 3877 3878
f 3879 3880 3881
f 3879 3881 3882
f 3883 3884 3885
f 3883 3885 3886
f 3887 3888 3889
f 3887 3889 3890
f 3891 3892 3893
f 3891 3893 3894
f 3895 3896 3897
f 3898 3899 3900
f 3898 3900 3901
f 3902 3903 3904
f 3902 3904 3905
f 3906 3907 3908
f 3906 3908 3909
f 3910 3911 3912
f 3910 3912 3913
f 3914 3915 3916
f 3914 3916 3917
f 3918 3919 3920
f 3918 3920 3921
f 3922 3923 3924
f 3925 3926 3927
f 3925 3927 3928
f 3929 3930 3931
f 3929 3931 3932
f 3933 3934 3935
f 3933 3935 3936
f 3937 3938 3939
f 3937 3939 3940
f 3941 3942 3943
f 3941 3943 3944
f 3945 3946 3947
f 3945 3947 3948
f 3949 3950 3951
f 3949 3951 3952
f 3953 3954 3955
f 3956 3957 3958
f 3956 3958 3959
f 3960 3961 3962
f 3960 3962 3963
f 3964 3965 3966
f 3964 3966 3967
f 3968 3969 3970
f 3968 3970 3971
f 3972 3973 3974
f 3975 3976 3977
f 3975 3977 3978
f 3979 3980 3981
f 3979 3981 3982
f 3983 3984 3985
f 3983 3985 3986
f 3987 3988 3989
f 3987 3989 3990
f 3991 3992 3993
f 3991 3993 3994
f 3995 3996 3997
f 3995 3997 3998
f 3999 4000 4001
f 3999 4001 4002
f 4003 4004 4005
f 4006 4007 4008
f 4006 4008 4009
f 4010 4011 4012
f 3245 3267 4013
f 3245 4013 4014
f 4015 4016 4017
f 4015 4017 4018
f 4019 4020 4021
f 4019 4021 4022
f 4023 4024 4025
f 4023 4025 4026
f 4027 4028 4029
f 4027 4029 4030
f 4031 4032 4033
f 4031 4033 4034
f 4035 4036 4037
f 4035 4037 4038
f 4039 4040 4041
f 4039 4041 4042
f 4043 4044 4045
f 4043 4045 4046
f 4047 4048 4049
f 4047 4049 4050
f 4051 4052 4053
f 4054 4055 4056
f 4054 4056 4057
f 4058 4059 4060
f 4058 4060 4061
f 4062 4063 4064
f 4062 4064 4065
f 3255 3265 4066
f 3255 4066 4067
f 4068 4069 4070
f 4068 4070 4071
f 4072 4073 4074
f 4072 4074 4075
f 4076 4077 4078
f 4076 4078 4079
f 4080 4081 4082
f 4080 4082 4083
f 4084 4085 4086
f 4084 4086 4087
f 4088 4089 4090
f 4088 4090 4091
f 4092 4093 4094
f 4092 4094 4095
f 4096 4097 4098
f 4096 4098 4099
f 4100 4101 4102
f 4100 4102 4103
f 4104 4105 4106
f 4104 4106 4107
f 4108 4109 4110
f 4108 4110 4111
f 4112 4113 4114
f 4112 4114 4115
f 4116 4117 4118
f 4119 4120 4121
f 4119 4121 4122
f 4123 4124 4125
f 4123 4125 4126
f 4127 4128 4129
f 3957 4130 4131
f 3957 4131 3958
f 3961 4132 4133
f 3961 4133 3962
f 3965 4134 4135
f 3965 4135 3966
f 3969 4136 4137
f 3969 4137 3970
f 3181 4138 4139
f 3181 4139 3184
f 4140 4141 4142
f 4140 4142 4143
f 4144 4145 4146
f 4144 4146 4147
f 3175 4148 4149
f 3175 4149 3179
f 3178 3183 4150
f 3178 4150 4151
f 4152 4153 4154
f 4152 4154 4155
f 4156 4157 4158
f 4156 4158 4159
f 4023 4026 4160
f 4023 4160 4161
f 3569 3615 3614
f 3569 3614 3570
f 3424 3429 4162
f 3424 4162 4163
f 3428 4164 4162
f 3428 4162 3429
f 3428 3433 4165
f 3428 4165 4164
f 3432 4166 4165
f 3432 4165 3433
f 3432 3437 4167
f 3432 4167 4166
f 3436 4168 4167
f 3436 4167 3437
f 3436 3441 4169
f 3436 4169 4168
f 3440 4170 4169
f 3440 4169 3441
f 3417 4171 4170
f 3417 4170 3440
f 3416 4172 4171
f 3416 4171 3417
f 3416 3421 4173
f 3416 4173 4172
f 3420 4174 4173
f 3420 4173 3421
f 3420 3425 4175
f 3420 4175 4174
f 3424 4163 4175
f 3424 4175 3425
f 3605 4176 3606
f 3608 3611 4177
f 3608 4177 4178
f 3606 4176 4177
f 3606 4177 3611
f 3321 3459 4159
f 3321 4159 3642
f 3458 4075 4155
f 3458 4155 4156
f 3604 4150 4152
f 3604 4152 4074
f 3607 3610 4148
f 3607 4148 4151
f 3548 3975 4143
f 3548 4143 4144
f 3609 4110 4138
f 3609 4138 4149
f 3970 4139 4109
f 3966 4135 4136
f 3966 4136 3969
f 3962 4133 4134
f 3962 4134 3965
f 3958 4131 4132
f 3958 4132 3961
f 3957 4026 4025
f 3957 4025 4130
f 4081 4119 4134
f 4081 4134 4133
f 4122 4123 4136
f 4122 4136 4135
f 3184 4137 4126
f 3184 4126 3618
f 3667 4179 4180
f 3581 3584 4083
f 3581 4083 4088
f 3631 4157 4154
f 3631 4154 4076
f 3461 4068 3554
f 3461 3554 4072
f 3470 3753 4105
f 3470 4105 4100
f 3469 4101 4104
f 3469 4104 3754
f 3492 3779 4067
f 3492 4067 4099
f 3471 4103 4097
f 3471 4097 3499
f 3468 3493 4098
f 3468 4098 4102
f 4027 4061 4089
f 4027 4089 4086
f 3337 3585 3583
f 3337 3583 4062
f 3306 3338 4065
f 3306 4065 3311
f 3843 4057 4181
f 3843 4181 3850
f 3846 3911 4053
f 3846 4053 4054
f 3579 3766 4014
f 3579 4014 4015
f 3580 4018 4019
f 3580 4019 3979
f 3956 3980 4022
f 3956 4022 4160
f 4025 4028 4085
f 4025 4085 4130
f 3715 4090 4060
f 3715 4060 4031
f 3713 3716 4034
f 3713 4034 4035
f 3710 4038 4039
f 3710 4039 3718
f 3709 3719 4042
f 3709 4042 4043
f 3691 3706 4046
f 3691 4046 4047
f 3692 4050 3813
f 3692 3813 3695
f 3547 3738 4002
f 3547 4002 4003
f 3612 3998 3999
f 3612 3999 3737
f 3569 3994 3995
f 3569 3995 3615
f 3577 3982 3983
f 3577 3983 3808
f 3576 3805 3986
f 3576 3986 3987
f 3572 3573 3990
f 3572 3990 3991
f 3978 4004 4001
f 3978 4001 4140
f 3974 4141 4000
f 3974 4000 3997
f 3959 3960 3984
f 3959 3984 3981
f 3963 3964 3988
f 3963 3988 3985
f 3967 3968 3992
f 3967 3992 3989
f 3971 3972 3996
f 3971 3996 3993
f 3946 3951 4008
f 3942 3947 4007
f 3938 3943 4006
f 3938 4006 4182
f 3934 3939 4183
f 3930 3935 4184
f 3926 3931 4185
f 3927 4186 4009
f 3927 4009 3950
f 3790 3909 4051
f 3840 3913 3914
f 3840 3914 3867
f 3868 3917 3918
f 3868 3918 3895
f 3899 3904 3952
f 3899 3952 3945
f 3900 3948 3941
f 3900 3941 3920
f 3892 3896 3937
f 3888 3893 3940
f 3888 3940 3933
f 3884 3889 3936
f 3884 3936 3929
f 3880 3885 3932
f 3880 3932 3925
f 3881 3928 3949
f 3881 3949 3903
f 3872 3877 3905
f 3872 3905 3898
f 3873 3901 3919
f 3873 3919 3916
f 3864 3869 3897
f 3864 3897 3891
f 3860 3865 3894
f 3860 3894 3887
f 3856 3861 3890
f 3856 3890 3883
f 3852 3857 3886
f 3852 3886 3879
f 3853 3882 3902
f 3853 3902 3876
f 3844 3849 3878
f 3844 3878 3871
f 3845 3874 3915
f 3845 3915 3912
f 3836 3841 3870
f 3836 3870 3863
f 3832 3837 3866
f 3832 3866 3859
f 3828 3833 3862
f 3828 3862 3855
f 3824 3829 3858
f 3824 3858 3851
f 3825 3854 3875
f 3825 3875 3848
f 3447 3924 4187
f 3447 4187 4188
f 3696 3812 3815
f 3696 3815 3701
f 3698 3818 3819
f 3698 3819 3705
f 3702 3822 4094
f 3702 4094 3804
f 3789 4189 4011
f 3456 3787 4010
f 3456 4010 4190
f 3481 3482 3741
f 3481 3741 3742
f 3477 3478 3745
f 3477 3745 3746
f 3473 3474 3749
f 3473 3749 3750
f 3465 3466 3757
f 3465 3757 3758
f 3462 3761 3762
f 3462 3762 3723
f 3724 3765 3809
f 3724 3809 3786
f 3408 3413 3442
f 3408 3442 3435
f 3404 3409 3438
f 3404 3438 3431
f 3400 3405 3434
f 3400 3434 3427
f 3396 3401 3430
f 3396 3430 3423
f 3392 3397 3426
f 3392 3426 3419
f 3388 3393 3422
f 3388 3422 3415
f 3389 3418 3439
f 3389 3439 3412
f 3378 3382 3414
f 3378 3414 3407
f 3374 3379 3410
f 3374 3410 3403
f 3370 3375 3406
f 3370 3406 3399
f 3366 3371 3402
f 3366 3402 3395
f 3362 3367 3398
f 3362 3398 3391
f 3363 3394 3387
f 3363 3387 3385
f 3543 3736 3738
f 3543 3738 3547
f 3463 3722 3728
f 3463 3728 3729
f 3464 3732 3494
f 3464 3494 3467
f 3727 3783 3782
f 3727 3782 3730
f 3546 3778 3775
f 3546 3775 3733
f 3296 3354 3359
f 3296 3359 3299
f 3292 3350 3355
f 3292 3355 3295
f 3285 3346 3351
f 3285 3351 3291
f 3284 3310 3342
f 3284 3342 3347
f 3309 3312 4064
f 3309 4064 3343
f 3302 3334 3339
f 3302 3339 3305
f 3289 3330 3335
f 3289 3335 3301
f 3288 3300 3358
f 3288 3358 3331
f 3345 3711 3721
f 3345 3721 3352
f 3341 3717 3712
f 3341 3712 3348
f 3328 3685 3686
f 3328 3686 3693
f 3326 3697 3700
f 3326 3700 4113
f 3327 4112 4191
f 3327 4191 3682
f 3699 4127 4116
f 3699 4116 4114
f 3377 3675 3676
f 3377 3676 3383
f 3373 3671 3672
f 3373 3672 3380
f 3369 3665 3668
f 3369 3668 3376
f 3365 3680 3666
f 3365 3666 3372
f 3662 4128 3703
f 3662 3703 3803
f 3664 4117 4129
f 3664 4129 3669
f 3659 3673 3670
f 3659 3670 3660
f 3322 3677 3674
f 3322 3674 3658
f 3654 3656 3663
f 3654 3663 3802
f 3323 3657 3653
f 3323 3653 3649
f 3364 3384 3636
f 3364 3636 3635
f 3361 3634 3681
f 3361 3681 3368
f 3629 4192 3679
f 3629 3679 3633
f 3628 4193 4192
f 3628 4192 3629
f 3622 3687 3684
f 3622 3684 3625
f 3180 3182 3617
f 3180 3617 3620
f 3176 3623 3624
f 3176 3624 3177
f 3603 3707 3690
f 3603 3690 3689
f 3349 3720 3602
f 3349 3602 3356
f 3600 3688 3621
f 3600 3621 3616
f 3353 3601 3598
f 3353 3598 3360
f 3332 3357 3597
f 3332 3597 3594
f 3329 3593 3590
f 3329 3590 3336
f 3333 3589 3586
f 3333 3586 3340
f 3344 4063 3582
f 3344 3582 3714
f 4082 4132 4131
f 4082 4131 4084
f 3578 3807 3768
f 3578 3768 3767
f 3587 3588 4120
f 3587 4120 4080
f 3575 3770 3769
f 3575 3769 3806
f 3595 3596 3619
f 3595 3619 4125
f 3591 3592 4124
f 3591 4124 4121
f 3571 3772 3771
f 3571 3771 3574
f 3318 3641 3646
f 3318 3646 3567
f 3319 3566 3563
f 3319 3563 3560
f 3550 4146 4177
f 3550 4177 4176
f 4142 4194 4195
f 4142 4195 4145
f 3613 3735 3734
f 3541 3794 3906
f 3541 3906 3792
f 3540 3655 3798
f 3540 3798 3795
f 3537 3791 3842
f 3537 3842 3835
f 3539 3954 3650
f 3539 3650 3652
f 3533 3644 3651
f 3533 3651 4196
f 3529 3568 3645
f 3529 3645 3532
f 3528 4197 3564
f 3528 3564 3565
f 4198 4199 4200
f 4198 4200 4201
f 4202 4203 4204
f 4202 4204 4205
f 3514 3555 4206
f 3514 4206 3517
f 3510 3552 3556
f 3510 3556 3513
f 3506 3549 4207
f 3506 4207 3509
f 3502 3976 3548
f 3502 3548 3505
f 3501 4208 4005
f 3501 4005 3977
f 3488 3515 3516
f 3488 3516 3491
f 3484 3511 3512
f 3484 3512 3487
f 3480 3507 3508
f 3480 3508 3483
f 3476 3503 3504
f 3476 3504 3479
f 3472 3498 3500
f 3472 3500 3475
f 3495 3731 3781
f 3495 3781 3780
f 3725 3785 3784
f 3725 3784 3726
f 3551 3605 4073
f 3551 4073 3557
f 3320 3559 4069
f 3320 4069 3460
f 3639 3643 4158
f 3183 3627 4077
f 3183 4077 4153
f 3448 4209 4210
f 3448 4210 3451
f 3444 3534 4211
f 3444 4211 4212
f 3443 4213 4214
f 3443 4214 3535
f 3527 3531 4215
f 3527 4215 4216
f 4154 4157 4156
f 4154 4156 4155
f 3183 4153 4152
f 3183 4152 4150
f 3175 3178 4151
f 3175 4151 4148
f 4142 4145 4144
f 4142 4144 4143
f 3179 4149 4138
f 3179 4138 3181
f 3184 4139 3970
f 3184 3970 4137
f 4123 4126 4137
f 4123 4137 4136
f 4121 4124 4123
f 4121 4123 4122
f 4119 4122 4135
f 4119 4135 4134
f 4116 4127 4129
f 4116 4129 4117
f 4114 4116 4118
f 4114 4118 4115
f 4109 4139 4138
f 4109 4138 4110
f 4100 4105 4104
f 4100 4104 4101
f 4097 4103 4102
f 4097 4102 4098
f 4086 4089 4088
f 4086 4088 4087
f 4084 4131 4130
f 4084 4130 4085
f 4082 4084 4087
f 4082 4087 4083
f 4081 4133 4132
f 4081 4132 4082
f 4080 4120 4119
f 4080 4119 4081
f 4076 4154 4153
f 4076 4153 4077
f 4074 4152 4155
f 4074 4155 4075
f 4066 4096 4099
f 4066 4099 4067
f 4060 4090 4089
f 4060 4089 4061
f 4056 4217 4181
f 4056 4181 4057
f 4052 4055 4054
f 4052 4054 4053
f 4045 4048 4047
f 4045 4047 4046
f 4041 4044 4043
f 4041 4043 4042
f 4037 4040 4039
f 4037 4039 4038
f 4033 4036 4035
f 4033 4035 4034
f 4031 4060 4059
f 4031 4059 4032
f 4027 4086 4085
f 4027 4085 4028
f 4027 4030 4058
f 4027 4058 4061
f 4024 4029 4028
f 4024 4028 4025
f 4021 4161 4160
f 4021 4160 4022
f 4017 4020 4019
f 4017 4019 4018
f 4013 4016 4015
f 4013 4015 4014
f 4181 4217 4189
f 4011 4189 4217
f 4011 4217 4012
f 4001 4004 4003
f 4001 4003 4002
f 4000 4141 4140
f 4000 4140 4001
f 3997 4000 3999
f 3997 3999 3998
f 3993 3996 3995
f 3993 3995 3994
f 3989 3992 3991
f 3989 3991 3990
f 3985 3988 3987
f 3985 3987 3986
f 3981 3984 3983
f 3981 3983 3982
f 3979 4019 4022
f 3979 4022 3980
f 3977 4005 4004
f 3977 4004 3978
f 3975 3978 4140
f 3975 4140 4143
f 3974 4194 4142
f 3974 4142 4141
f 3972 4108 4111
f 3972 4111 3973
f 3972 3974 3997
f 3972 3997 3996
f 3970 4109 4108
f 3970 4108 3971
f 3968 3971 3993
f 3968 3993 3992
f 3966 3969 3968
f 3966 3968 3967
f 3964 3967 3989
f 3964 3989 3988
f 3962 3965 3964
f 3962 3964 3963
f 3960 3963 3985
f 3960 3985 3984
f 3958 3961 3960
f 3958 3960 3959
f 3956 4160 4026
f 3956 4026 3957
f 3956 3959 3981
f 3956 3981 3980
f 3950 4009 4008
f 3950 4008 3951
f 3946 4008 4007
f 3946 4007 3947
f 3945 3952 3951
f 3945 3951 3946
f 3942 4007 4006
f 3942 4006 3943
f 3941 3948 3947
f 3941 3947 3942
f 3937 3944 3943
f 3937 3943 3938
f 3933 3940 3939
f 3933 3939 3934
f 3929 3936 3935
f 3929 3935 3930
f 3927 3950 3949
f 3927 3949 3928
f 3925 3932 3931
f 3925 3931 3926
f 3920 3941 3944
f 3920 3944 3921
f 3916 3919 3918
f 3916 3918 3917
f 3912 3915 3914
f 3912 3914 3913
f 3910 4051 4053
f 3910 4053 3911
f 3908 4052 4051
f 3908 4051 3909
f 3903 3949 3952
f 3903 3952 3904
f 3900 3920 3919
f 3900 3919 3901
f 3899 3945 3948
f 3899 3948 3900
f 3898 3905 3904
f 3898 3904 3899
f 3895 3918 3921
f 3895 3921 3896
f 3892 3937 3940
f 3892 3940 3893
f 3891 3897 3896
f 3891 3896 3892
f 3888 3933 3936
f 3888 3936 3889
f 3887 3894 3893
f 3887 3893 3888
f 3884 3929 3932
f 3884 3932 3885
f 3883 3890 3889
f 3883 3889 3884
f 3881 3903 3902
f 3881 3902 3882
f 3880 3925 3928
f 3880 3928 3881
f 3879 3886 3885
f 3879 3885 3880
f 3876 3902 3905
f 3876 3905 3877
f 3873 3916 3915
f 3873 3915 3874
f 3872 3898 3901
f 3872 3901 3873
f 3871 3878 3877
f 3871 3877 3872
f 3868 3895 3897
f 3868 3897 3869
f 3867 3914 3917
f 3867 3917 3868
f 3864 3891 3894
f 3864 3894 3865
f 3863 3870 3869
f 3863 3869 3864
f 3860 3887 3890
f 3860 3890 3861
f 3859 3866 3865
f 3859 3865 3860
f 3856 3883 3886
f 3856 3886 3857
f 3855 3862 3861
f 3855 3861 3856
f 3853 3876 3875
f 3853 3875 3854
f 3852 3879 3882
f 3852 3882 3853
f 3851 3858 3857
f 3851 3857 3852
f 3848 3875 3878
f 3848 3878 3849
f 3847 3850 4181
f 3847 4181 4189
f 3845 3912 3911
f 3845 3911 3846
f 3844 3871 3874
f 3844 3874 3845
f 3843 3850 3849
f 3843 3849 3844
f 3843 3846 4054
f 3843 4054 4057
f 3840 3867 3870
f 3840 3870 3841
f 3839 3910 3913
f 3839 3913 3840
f 3836 3863 3866
f 3836 3866 3837
f 3835 3842 3841
f 3835 3841 3836
f 3832 3859 3862
f 3832 3862 3833
f 3831 3838 3837
f 3831 3837 3832
f 3828 3855 3858
f 3828 3858 3829
f 3827 3834 3833
f 3827 3833 3828
f 3825 3848 3847
f 3825 3847 3826
f 3824 3851 3854
f 3824 3854 3825
f 3823 3830 3829
f 3823 3829 3824
f 3821 4095 4094
f 3821 4094 3822
f 3817 3820 3819
f 3817 3819 3818
f 3813 4050 4049
f 3813 4049 3814
f 3811 3816 3815
f 3811 3815 3812
f 3805 3808 3983
f 3805 3983 3986
f 3801 3804 4094
f 3801 4094 4093
f 3799 3802 3801
f 3799 3801 3800
f 3795 3798 3797
f 3795 3797 3796
f 3793 3907 3906
f 3793 3906 3794
f 3790 3839 3842
f 3790 3842 3791
f 3790 3792 3906
f 3790 3906 3909
f 3926 4185 4186
f 3926 4186 3927
f 4006 4009 4186
f 4006 4186 4182
f 3938 4182 4183
f 3938 4183 3939
f 3934 4183 4184
f 3934 4184 3935
f 3930 4184 4185
f 3930 4185 3931
f 3788 3823 3826
f 3788 3826 3789
f 3787 3789 4011
f 3787 4011 4010
f 3247 3786 3809
f 3247 3809 3248
f 3250 3249 3784
f 3250 3784 3785
f 3252 3251 3782
f 3252 3782 3783
f 3256 3255 4067
f 3256 4067 3779
f 3254 3253 3780
f 3254 3780 3781
f 3265 3777 3776
f 3265 3776 4066
f 3266 3775 3778
f 3266 3778 3777
f 3258 3257 3773
f 3258 3773 3774
f 3260 3259 3771
f 3260 3771 3772
f 3262 3261 3769
f 3262 3769 3770
f 3769 3768 3807
f 3769 3807 3806
f 3246 3245 4014
f 3246 4014 3766
f 3264 3263 3767
f 3264 3767 3768
f 3764 3810 3809
f 3764 3809 3765
f 3760 3763 3762
f 3760 3762 3761
f 3756 3759 3758
f 3756 3758 3757
f 3754 4104 4107
f 3754 4107 3755
f 3752 4106 4105
f 3752 4105 3753
f 3748 3751 3750
f 3748 3750 3749
f 3744 3747 3746
f 3744 3746 3745
f 3740 3743 3742
f 3740 3742 3741
f 3737 3999 4002
f 3737 4002 3738
f 3733 3775 3774
f 3733 3774 3734
f 3730 3782 3781
f 3730 3781 3731
f 3727 3730 3729
f 3727 3729 3728
f 3726 3784 3783
f 3726 3783 3727
f 3724 3786 3785
f 3724 3785 3725
f 3723 3762 3765
f 3723 3765 3724
f 3722 3725 3726
f 3722 3726 3728
f 3718 4039 4042
f 3718 4042 3719
f 3715 4031 4034
f 3715 4034 3716
f 3714 4091 4090
f 3714 4090 3715
f 3712 3717 3716
f 3712 3716 3713
f 3710 3718 3721
f 3710 3721 3711
f 3710 3713 4035
f 3710 4035 4038
f 3708 3720 3719
f 3708 3719 3709
f 3706 3709 4043
f 3706 4043 4046
f 3703 4128 4127
f 3703 4127 3704
f 3702 3804 3803
f 3702 3803 3703
f 3702 3705 3819
f 3702 3819 3822
f 3699 4114 4113
f 3699 4113 3700
f 3698 3705 3704
f 3698 3704 3699
f 3698 3701 3815
f 3698 3815 3818
f 3696 3701 3700
f 3696 3700 3697
f 3695 3813 3812
f 3695 3812 3696
f 3692 3695 3694
f 3692 3694 3693
f 3691 4047 4050
f 3691 4050 3692
f 3690 3707 3706
f 3690 3706 3691
f 3686 3689 3690
f 3686 3690 3693
f 3684 3687 3686
f 3684 3686 3685
f 4191 4218 4219
f 4191 4219 4220
f 3674 3677 3676
f 3674 3676 3675
f 3670 3673 3672
f 3670 3672 3671
f 3666 3680 4179
f 3666 4179 3667
f 3664 3669 3668
f 3664 3668 3665
f 3664 3667 4118
f 3664 4118 4117
f 3662 3803 3802
f 3662 3802 3663
f 3661 4129 4128
f 3661 4128 3662
f 3660 3670 3669
f 3660 3669 3661
f 3658 3674 3673
f 3658 3673 3659
f 3656 3659 3660
f 3656 3660 3663
f 3654 3799 3798
f 3654 3798 3655
f 3653 3657 3656
f 3653 3656 3654
f 3650 3954 3953
f 3650 3953 3651
f 3649 3653 3652
f 3649 3652 3650
f 3644 3647 4221
f 3644 4221 3651
f 3642 4159 4158
f 3642 4158 3643
f 3640 3647 3646
f 3640 3646 3641
f 3638 3640 3643
f 3638 3643 3639
f 3633 3679 3681
f 3633 3681 3634
f 3632 3635 3636
f 3632 3636 3639
f 3630 4158 4157
f 3630 4157 3631
f 3629 3633 3632
f 3629 3632 3630
f 3628 3631 4076
f 3628 4076 4079
f 3625 3684 3683
f 3625 3683 3626
f 3177 3624 3627
f 3177 3627 3183
f 3622 3625 3624
f 3622 3624 3623
f 3621 3688 3687
f 3621 3687 3622
f 3176 3180 3620
f 3176 3620 3623
f 3618 4126 4125
f 3618 4125 3619
f 3182 3184 3618
f 3182 3618 3617
f 3616 3621 3620
f 3616 3620 3617
f 3612 3737 3735
f 3612 3735 3613
f 3612 3615 3995
f 3612 3995 3998
f 3609 4149 4148
f 3609 4148 3610
f 3608 4178 4195
f 3608 4195 4111
f 4145 4178 4177
f 4145 4177 4146
f 3606 3611 3610
f 3606 3610 3607
f 3604 4074 4073
f 3604 4073 3605
f 3604 3607 4151
f 3604 4151 4150
f 3602 3708 3707
f 3602 3707 3603
f 3600 3603 3689
f 3600 3689 3688
f 3598 3601 3600
f 3598 3600 3599
f 3596 3599 3616
f 3596 3616 3619
f 3594 3597 3596
f 3594 3596 3595
f 3592 3595 4125
f 3592 4125 4124
f 3590 3593 3592
f 3590 3592 3591
f 3588 3591 4121
f 3588 4121 4120
f 3586 3589 3588
f 3586 3588 3587
f 3584 3587 4080
f 3584 4080 4083
f 3582 4063 4062
f 3582 4062 3583
f 3581 4088 4091
f 3581 4091 3582
f 3581 3583 3585
f 3581 3585 3584
f 3579 4015 4018
f 3579 4018 3580
f 3578 3767 3766
f 3578 3766 3579
f 3577 3808 3807
f 3577 3807 3578
f 3577 3580 3979
f 3577 3979 3982
f 3575 3806 3805
f 3575 3805 3576
f 3574 3771 3770
f 3574 3770 3575
f 3573 3576 3987
f 3573 3987 3990
f 3571 3574 3573
f 3571 3573 3572
f 3570 3773 3772
f 3570 3772 3571
f 3569 3572 3991
f 3569 3991 3994
f 3567 3646 3645
f 3567 3645 3568
f 3563 3566 3565
f 3563 3565 3564
f 3560 3563 3562
f 3560 3562 3561
f 3558 4070 4069
f 3558 4069 3559
f 3554 4068 4071
f 3554 4071 3555
f 3554 3557 4073
f 3554 4073 4072
f 3551 3557 3556
f 3551 3556 3552
f 3550 4176 3605
f 3550 3605 3551
f 3550 3553 4147
f 3550 4147 4146
f 3549 3548 4144
f 3549 4144 4147
f 3548 3976 3975
f 3544 3547 4003
f 3544 4003 4005
f 3545 3776 3778
f 3545 3778 3546
f 3543 3546 3733
f 3543 3733 3736
f 3541 3792 3791
f 3541 3791 3542
f 3540 3795 3794
f 3540 3794 3541
f 3539 3652 3655
f 3539 3655 3540
f 3539 3542 3955
f 3539 3955 3954
f 3537 3835 3838
f 3537 3838 3538
f 3536 3953 3955
f 3536 3955 3537
f 3533 4196 4211
f 3533 4211 3534
f 3532 3645 3644
f 3532 3644 3533
f 3530 4214 4215
f 3530 4215 3531
f 3529 3532 3535
f 3529 3535 3530
f 3528 3565 3568
f 3528 3568 3529
f 3526 3531 3527
f 4197 4199 4198
f 3524 3527 4216
f 3524 4216 3015
f 3521 3525 3524
f 3521 3524 3522
f 4200 4203 4202
f 4200 4202 4201
f 3518 3520 3523
f 3518 3523 3519
f 4204 4206 4222
f 4204 4222 4205
f 3514 3517 3516
f 3514 3516 3515
f 3513 3556 3555
f 3513 3555 3514
f 3510 3513 3512
f 3510 3512 3511
f 3509 4207 3552
f 3509 3552 3510
f 3506 3509 3508
f 3506 3508 3507
f 3502 3505 3504
f 3502 3504 3503
f 3501 3977 3976
f 3501 3976 3502
f 3498 4208 3501
f 3498 3501 3500
f 3496 3545 3544
f 3496 3544 3497
f 3496 3499 4097
f 3496 4097 4096
f 3494 3732 3731
f 3494 3731 3495
f 3492 4099 4098
f 3492 4098 3493
f 3492 3495 3780
f 3492 3780 3779
f 3491 3516 3519
f 3491 3519 3013
f 3488 3491 3490
f 3488 3490 3489
f 3487 3512 3515
f 3487 3515 3488
f 3484 3487 3486
f 3484 3486 3485
f 3483 3508 3511
f 3483 3511 3484
f 3482 3485 3739
f 3482 3739 3741
f 3480 3483 3482
f 3480 3482 3481
f 3479 3504 3507
f 3479 3507 3480
f 3478 3481 3742
f 3478 3742 3745
f 3476 3479 3478
f 3476 3478 3477
f 3475 3500 3503
f 3475 3503 3476
f 3474 3477 3746
f 3474 3746 3749
f 3472 3475 3474
f 3472 3474 3473
f 3471 3499 3498
f 3471 3498 3472
f 3470 4100 4103
f 3470 4103 3471
f 3470 3473 3750
f 3470 3750 3753
f 3468 4102 4101
f 3468 4101 3469
f 3467 3494 3493
f 3467 3493 3468
f 3466 3469 3754
f 3466 3754 3757
f 3464 3467 3466
f 3464 3466 3465
f 3463 3729 3732
f 3463 3732 3464
f 3462 3723 3722
f 3462 3722 3463
f 3462 3465 3758
f 3462 3758 3761
f 3460 4069 4068
f 3460 4068 3461
f 3458 4156 4159
f 3458 4159 3459
f 3458 3461 4072
f 3458 4072 4075
f 3456 4190 4223
f 3456 4223 3457
f 3455 3788 3787
f 3455 3787 3456
f 3451 3455 3454
f 3451 3454 3452
f 3448 3451 3453
f 3448 3453 3449
f 3447 4188 4209
f 3447 4209 3448
f 3447 3450 3922
f 3447 3922 3924
f 3445 3924 3923
f 3445 3923 3446
f 3444 4212 4224
f 3444 4224 3445
f 3443 3535 3534
f 3443 3534 3444
f 3435 3442 3441
f 3435 3441 3436
f 3431 3438 3437
f 3431 3437 3432
f 3427 3434 3433
f 3427 3433 3428
f 3423 3430 3429
f 3423 3429 3424
f 3419 3426 3425
f 3419 3425 3420
f 3417 3440 3439
f 3417 3439 3418
f 3415 3422 3421
f 3415 3421 3416
f 3412 3439 3442
f 3412 3442 3413
f 3408 3435 3438
f 3408 3438 3409
f 3407 3414 3413
f 3407 3413 3408
f 3404 3431 3434
f 3404 3434 3405
f 3403 3410 3409
f 3403 3409 3404
f 3400 3427 3430
f 3400 3430 3401
f 3399 3406 3405
f 3399 3405 3400
f 3396 3423 3426
f 3396 3426 3397
f 3395 3402 3401
f 3395 3401 3396
f 3392 3419 3422
f 3392 3422 3393
f 3391 3398 3397
f 3391 3397 3392
f 3389 3412 3411
f 3389 3411 3390
f 3388 3415 3418
f 3388 3418 3389
f 3387 3394 3393
f 3387 3393 3388
f 3385 3387 3390
f 3385 3390 3386
f 3384 3386 3637
f 3384 3637 3636
f 3381 3411 3414
f 3381 3414 3382
f 3381 3383 3676
f 3381 3676 3678
f 3378 3407 3410
f 3378 3410 3379
f 3377 3383 3382
f 3377 3382 3378
f 3377 3380 3672
f 3377 3672 3675
f 3374 3403 3406
f 3374 3406 3375
f 3373 3380 3379
f 3373 3379 3374
f 3373 3376 3668
f 3373 3668 3671
f 3370 3399 3402
f 3370 3402 3371
f 3369 3376 3375
f 3369 3375 3370
f 3369 3372 3666
f 3369 3666 3665
f 3366 3395 3398
f 3366 3398 3367
f 3365 3372 3371
f 3365 3371 3366
f 3365 3368 3681
f 3365 3681 3680
f 3363 3385 3384
f 3363 3384 3364
f 3362 3391 3394
f 3362 3394 3363
f 3361 3368 3367
f 3361 3367 3362
f 3361 3364 3635
f 3361 3635 3634
f 3357 3360 3598
f 3357 3598 3597
f 3353 3360 3359
f 3353 3359 3354
f 3353 3356 3602
f 3353 3602 3601
f 3349 3356 3355
f 3349 3355 3350
f 3349 3352 3721
f 3349 3721 3720
f 3345 3352 3351
f 3345 3351 3346
f 3345 3348 3712
f 3345 3712 3711
f 3343 4064 4063
f 3343 4063 3344
f 3341 3348 3347
f 3341 3347 3342
f 3341 3344 3714
f 3341 3714 3717
f 3337 4062 4065
f 3337 4065 3338
f 3337 3340 3586
f 3337 3586 3585
f 3333 3340 3339
f 3333 3339 3334
f 3333 3336 3590
f 3333 3590 3589
f 3331 3358 3357
f 3331 3357 3332
f 3329 3336 3335
f 3329 3335 3330
f 3329 3332 3594
f 3329 3594 3593
f 3327 3682 3685
f 3327 3685 3328
f 3326 4113 4112
f 3326 4112 3327
f 3326 3328 3694
f 3326 3694 3697
f 3324 3638 3637
f 3324 3637 3325
f 3323 3649 4221
f 3323 4221 3324
f 3322 3658 3657
f 3322 3657 3323
f 3322 3325 3678
f 3322 3678 3677
f 3320 3460 3459
f 3320 3459 3321
f 3319 3560 3559
f 3319 3559 3320
f 3318 3567 3566
f 3318 3566 3319
f 3318 3321 3642
f 3318 3642 3641
f 3311 4065 4064
f 3311 4064 3312
f 3309 3343 3342
f 3309 3342 3310
f 3305 3339 3338
f 3305 3338 3306
f 3301 3335 3334
f 3301 3334 3302
f 3299 3359 3358
f 3299 3358 3300
f 3295 3355 3354
f 3295 3354 3296
f 3291 3351 3350
f 3291 3350 3292
f 3288 3331 3330
f 3288 3330 3289
f 3284 3347 3346
f 3284 3346 3285
f 3740 4225 4226
f 3740 4226 3743
f 3743 4226 4227
f 3743 4227 3744
f 3739 4228 4225
f 3739 4225 3740
f 3764 4229 4230
f 3764 4230 3810
f 3268 3810 4230
f 3268 4230 3271
f 3763 4231 4229
f 3763 4229 3764
f 4021 4232 4233
f 4021 4233 4161
f 4023 4234 4235
f 4023 4235 4024
f 4020 4236 4232
f 4020 4232 4021
f 4032 4059 4237
f 4032 4237 4238
f 4058 4239 4237
f 4058 4237 4059
f 4032 4238 4240
f 4032 4240 4033
f 4041 4241 4242
f 4041 4242 4044
f 4044 4242 4243
f 4044 4243 4045
f 4040 4244 4241
f 4040 4241 4041
f 3267 3275 4245
f 3267 4245 4013
f 4017 4246 4236
f 4017 4236 4020
f 4016 4247 4246
f 4016 4246 4017
f 3755 4107 4248
f 3755 4248 4249
f 4106 4250 4248
f 4106 4248 4107
f 3755 4249 4251
f 3755 4251 3756
f 3814 4049 4252
f 3814 4252 4253
f 4048 4254 4252
f 4048 4252 4049
f 3811 3814 4253
f 3811 4253 4255
f 4037 4256 4244
f 4037 4244 4040
f 4036 4257 4256
f 4036 4256 4037
f 3760 4258 4231
f 3760 4231 3763
f 3759 4259 4258
f 3759 4258 3760
f 3811 4255 4260
f 3811 4260 3816
f 3816 4260 4261
f 3816 4261 3817
f 3486 3489 4262
f 3486 4262 4263
f 3821 4264 4265
f 3821 4265 4095
f 4092 4095 4265
f 4092 4265 4266
f 3820 4267 4264
f 3820 4264 3821
f 4033 4240 4257
f 4033 4257 4036
f 4045 4243 4254
f 4045 4254 4048
f 4030 4268 4239
f 4030 4239 4058
f 4029 4269 4268
f 4029 4268 4030
f 3752 4270 4250
f 3752 4250 4106
f 3751 4271 4270
f 3751 4270 3752
f 4024 4235 4269
f 4024 4269 4029
f 3817 4261 4267
f 3817 4267 3820
f 3756 4251 4259
f 3756 4259 3759
f 3744 4227 4272
f 3744 4272 3747
f 3747 4272 4273
f 3747 4273 3748
f 4013 4245 4247
f 4013 4247 4016
f 3490 3014 3016
f 3490 3016 4274
f 3489 3490 4274
f 3489 4274 4262
f 3748 4273 4271
f 3748 4271 3751
f 4023 4161 4233
f 4023 4233 4234
f 3582 4091 3714
f 3599 3600 3616
f 3602 3720 3708
f 4083 4087 4088
f 3971 4108 3972
f 3570 3614 3774
f 3570 3774 3773
f 3613 3734 3774
f 3613 3774 3614
f 4145 4195 4178
f 3497 4208 3498
f 3497 3544 4005
f 3497 4005 4208
f 3328 3693 3694
f 4078 4219 4079
f 3699 3704 4127
f 4163 4275 4276
f 4163 4276 4175
f 4162 4277 4275
f 4162 4275 4163
f 4162 4164 4278
f 4162 4278 4277
f 4164 4165 4279
f 4164 4279 4278
f 4165 4166 4280
f 4165 4280 4279
f 4166 4167 4281
f 4166 4281 4280
f 4167 4168 4282
f 4167 4282 4281
f 4168 4169 4283
f 4168 4283 4282
f 4169 4170 4284
f 4169 4284 4283
f 4170 4171 4285
f 4170 4285 4284
f 4171 4172 4286
f 4171 4286 4285
f 4172 4173 4287
f 4172 4287 4286
f 4173 4174 4288
f 4173 4288 4287
f 4174 4175 4276
f 4174 4276 4288
f 3661 3669 4129
f 3537 3955 3542
f 3537 3542 3791
f 3790 4051 3910
f 3790 3910 3839
f 3896 3921 3944
f 3896 3944 3937
f 3789 3826 3847
f 3789 3847 4189
f 3445 4224 4187
f 3445 4187 3924
f 3451 4210 3788
f 3451 3788 3455
f 3536 4196 3651
f 3536 3651 3953
f 3536 3538 4211
f 3536 4211 4196
f 3831 3834 4224
f 3831 4224 4212
f 3834 4187 4224
f 3827 4188 4187
f 3827 4187 3834
f 3827 3830 4209
f 3827 4209 4188
f 3830 4210 4209
f 3788 4210 3830
f 3788 3830 3823
f 3530 3535 4214
f 3013 3519 3523
f 3013 3523 3017
f 3522 3524 3015
f 3522 3015 3018
f 3630 3632 3639
f 3630 3639 4158
f 3549 4147 3553
f 3549 3553 4207
f 3552 4207 3553
f 3973 4194 3974
f 3973 4111 4195
f 3973 4195 4194
f 3608 4111 4110
f 3608 4110 3609
f 3908 4289 4055
f 3908 4055 4052
f 3907 4290 4289
f 3907 4289 3908
f 3793 4291 4290
f 3793 4290 3907
f 3793 3796 4292
f 3793 4292 4291
f 3796 3797 4293
f 3796 4293 4292
f 3797 3800 4294
f 3797 4294 4293
f 3800 3801 4295
f 3800 4295 4294
f 4092 4296 4297
f 4092 4297 4093
f 4092 4266 4298
f 4092 4298 4296
f 3522 3018 3017
f 3522 3017 3523
f 3654 3802 3799
f 3801 4093 4297
f 3801 4297 4295
f 4070 4205 4222
f 3558 4202 4205
f 3558 4205 4070
f 3558 3561 4201
f 3558 4201 4202
f 3561 3562 4198
f 3561 4198 4201
f 3562 3564 4197
f 3562 4197 4198
f 3555 4071 4222
f 3555 4222 4206
f 4070 4222 4071
f 3517 4206 4204
f 3517 4204 3518
f 3518 4204 4203
f 3518 4203 3520
f 3520 4203 4200
f 3520 4200 3521
f 3521 4200 4199
f 3521 4199 3525
f 3525 4199 4197
f 3525 4197 3526
f 3526 4197 3528
f 3526 3528 3531
f 4115 4118 4218
f 4115 4218 4191
f 3626 4078 4077
f 3626 4077 3627
f 3626 4220 4219
f 3626 4219 4078
f 3667 4180 4218
f 3667 4218 4118
f 3628 4079 4219
f 3628 4219 4193
f 4180 4193 4219
f 4180 4219 4218
f 4112 4115 4191
f 4179 4192 4193
f 4179 4193 4180
f 3626 3683 4220
f 3682 4191 4220
f 3682 4220 3683
f 3679 4192 4179
f 3679 4179 3680
f 4299 3037 3038
f 4300 4301 4302
f 4300 4302 4303
f 4304 4305 4306
f 4304 4306 4307
f 4308 4309 4310
f 4308 4310 4311
f 3185 4312 4313
f 3185 4313 4314
f 4216 4315 3072
f 4216 3072 3015
f 4316 4317 4318
f 4213 4319 4320
f 4213 4320 4321
f 4214 4322 4215
f 4299 4315 4322
f 4299 4322 4321
f 3446 3923 4312
f 3446 4312 4316
f 3450 4311 4313
f 3450 4313 3922
f 3449 3453 4306
f 3449 4306 4308
f 3457 4223 4323
f 3457 4323 4303
f 3452 3454 4302
f 3452 4302 4307
f 3063 4300 4324
f 3063 4324 3073
f 3060 4304 4301
f 3060 4301 3062
f 3056 4309 4305
f 3056 4305 3059
f 3055 3066 4314
f 3055 4314 4310
f 3004 3053 4317
f 3004 4317 3185
f 4214 4213 4321
f 4214 4321 4322
f 4316 4318 4320
f 4316 4320 4319
f 4215 4322 4315
f 4215 4315 4216
f 3185 4317 4316
f 3185 4316 4312
f 3185 4314 3066
f 3185 3066 3005
f 4310 4314 4313
f 4310 4313 4311
f 4305 4309 4308
f 4305 4308 4306
f 4301 4304 4307
f 4301 4307 4302
f 4300 4303 4323
f 4300 4323 4324
f 3062 4301 4300
f 3062 4300 3063
f 3059 4305 4304
f 3059 4304 3060
f 3055 4310 4309
f 3055 4309 3056
f 4299 4321 4320
f 4299 4320 3037
f 4299 3038 3072
f 4299 3072 4315
f 3922 4313 4312
f 3922 4312 3923
f 3454 3457 4303
f 3454 4303 4302
f 3452 4307 4306
f 3452 4306 3453
f 3449 4308 4311
f 3449 4311 3450
f 3443 3446 4319
f 3443 4319 4213
f 3446 4316 4319
f 3037 4320 4318
f 3037 4318 3074
f 3053 3074 4318
f 3053 4318 4317
f 4325 4326 4327
f 4325 4327 4328
f 4329 4330 4331
f 4329 4331 4332
f 4333 4334 4335
f 4333 4335 4336
f 4337 4338 4339
f 4337 4339 4340
f 4341 4342 4343
f 4341 4343 4344
f 4345 4346 4347
f 4345 4347 4348
f 4349 4350 4351
f 4349 4351 4352
f 4353 4354 4355
f 4353 4355 4356
f 4357 4358 4359
f 4357 4359 4360
f 4361 4362 4363
f 4364 4365 4366
f 4364 4366 4367
f 4368 4369 4370
f 4368 4370 4371
f 4372 4373 4374
f 4372 4374 4375
f 4376 4377 4378
f 4010 4012 4376
f 4010 4376 4379
f 4336 4337 4369
f 4336 4369 4366
f 4332 4333 4365
f 4332 4365 4362
f 4345 4373 4378
f 4345 4378 4359
f 4340 4346 4358
f 4340 4358 4370
f 4341 4354 4380
f 4341 4380 4372
f 4327 4350 4355
f 4327 4355 4344
f 3082 3087 4351
f 3082 4351 4326
f 4056 4360 4377
f 4056 4377 4217
f 4294 4295 4361
f 4292 4293 4363
f 4292 4363 4364
f 4290 4291 4367
f 4290 4367 4368
f 4055 4289 4371
f 4055 4371 4357
f 4372 4380 4378
f 4372 4378 4373
f 4376 4378 4380
f 4376 4380 4379
f 4366 4369 4368
f 4366 4368 4367
f 4362 4365 4364
f 4362 4364 4363
f 4359 4378 4377
f 4359 4377 4360
f 4357 4371 4370
f 4357 4370 4358
f 4353 4379 4380
f 4353 4380 4354
f 4349 4356 4355
f 4349 4355 4350
f 3086 4352 4351
f 3086 4351 3087
f 4345 4359 4358
f 4345 4358 4346
f 4345 4348 4374
f 4345 4374 4373
f 4341 4372 4375
f 4341 4375 4342
f 4341 4344 4355
f 4341 4355 4354
f 4339 4347 4346
f 4339 4346 4340
f 4337 4340 4370
f 4337 4370 4369
f 4335 4338 4337
f 4335 4337 4336
f 4333 4336 4366
f 4333 4366 4365
f 4331 4334 4333
f 4331 4333 4332
f 4329 4332 4362
f 4329 4362 4361
f 4327 4344 4343
f 4327 4343 4328
f 4326 4351 4350
f 4326 4350 4327
f 3082 4326 4325
f 3082 4325 3083
f 4297 4296 4330
f 4297 4330 4329
f 4055 4357 4360
f 4055 4360 4056
f 4012 4217 4377
f 4012 4377 4376
f 4289 4290 4368
f 4289 4368 4371
f 4293 4294 4361
f 4293 4361 4363
f 4291 4292 4364
f 4291 4364 4367
f 4328 4343 4381
f 4328 4381 4382
f 4342 4383 4381
f 4342 4381 4343
f 4325 4328 4382
f 4325 4382 4384
f 3083 4325 4384
f 3083 4384 3092
f 4348 4385 4386
f 4348 4386 4374
f 4374 4386 4387
f 4374 4387 4375
f 4347 4388 4385
f 4347 4385 4348
f 4331 4389 4390
f 4331 4390 4334
f 4334 4390 4391
f 4334 4391 4335
f 4330 4392 4389
f 4330 4389 4331
f 4335 4391 4393
f 4335 4393 4338
f 4338 4393 4394
f 4338 4394 4339
f 4342 4375 4387
f 4342 4387 4383
f 4296 4298 4392
f 4296 4392 4330
f 4339 4394 4388
f 4339 4388 4347
f 4295 4297 4329
f 4295 4329 4361
f 4010 4379 4353
f 4010 4353 4190
f 4190 4353 4356
f 4190 4356 4223
f 4223 4356 4349
f 4223 4349 4323
f 4323 4349 4352
f 4323 4352 4324
f 4324 4352 3086
f 4324 3086 3073
f 4395 4396 4397
f 4395 4397 4398
f 4397 4399 4400
f 4397 4400 4398
f 4399 4401 4402
f 4399 4402 4400
f 4395 4403 4396
f 4401 4404 4402
f 3093 4405 3094
f 4406 4407 4408
f 4406 4408 4409
f 4410 4411 4412
f 4410 4412 4413
f 4414 4415 4416
f 4414 4416 4417
f 4418 4419 4420
f 4418 4420 4421
f 4422 4423 4424
f 4422 4424 4425
f 4426 4427 4428
f 4426 4428 4429
f 4430 4431 4432
f 4430 4432 4433
f 4434 4435 4436
f 4434 4436 4437
f 4438 4439 4440
f 4438 4440 4441
f 4442 4443 4444
f 4442 4444 4445
f 4446 4447 4448
f 4446 4448 4449
f 4450 4451 4452
f 4450 4452 4453
f 4448 4454 4451
f 4444 4455 4447
f 4440 4456 4443
f 4436 4457 4439
f 4432 4458 4435
f 4428 4459 4431
f 4424 4460 4427
f 4420 4461 4423
f 4416 4462 4419
f 4412 4463 4415
f 4407 4452 4464
f 4413 4414 4465
f 4413 4465 4466
f 4406 4467 4468
f 4406 4468 4453
f 4449 4450 4469
f 4449 4469 4470
f 4445 4446 4471
f 4445 4471 4472
f 4441 4442 4473
f 4441 4473 4474
f 4437 4438 4475
f 4437 4475 4476
f 4429 4430 4477
f 4429 4477 4478
f 4425 4426 4479
f 4425 4479 4480
f 4421 4422 4481
f 4421 4481 4482
f 4417 4418 4483
f 4417 4483 4484
f 4450 4453 4468
f 4450 4468 4469
f 4448 4451 4450
f 4448 4450 4449
f 4446 4449 4470
f 4446 4470 4471
f 4444 4447 4446
f 4444 4446 4445
f 4442 4445 4472
f 4442 4472 4473
f 4440 4443 4442
f 4440 4442 4441
f 4438 4441 4474
f 4438 4474 4475
f 4436 4439 4438
f 4436 4438 4437
f 4434 4437 4476
f 4434 4476 4485
f 4432 4435 4434
f 4432 4434 4433
f 4430 4433 4486
f 4430 4486 4477
f 4428 4431 4430
f 4428 4430 4429
f 4426 4429 4478
f 4426 4478 4479
f 4424 4427 4426
f 4424 4426 4425
f 4422 4425 4480
f 4422 4480 4481
f 4420 4423 4422
f 4420 4422 4421
f 4418 4421 4482
f 4418 4482 4483
f 4416 4419 4418
f 4416 4418 4417
f 4414 4417 4484
f 4414 4484 4465
f 4412 4415 4414
f 4412 4414 4413
f 4410 4413 4466
f 4410 4466 4487
f 4406 4453 4452
f 4406 4452 4407
f 4406 4409 4488
f 4406 4488 4467
f 4407 4464 4489
f 4407 4489 4408
f 4451 4454 4464
f 4451 4464 4452
f 4447 4455 4454
f 4447 4454 4448
f 4443 4456 4455
f 4443 4455 4444
f 4439 4457 4456
f 4439 4456 4440
f 4435 4458 4457
f 4435 4457 4436
f 4431 4459 4458
f 4431 4458 4432
f 4427 4460 4459
f 4427 4459 4428
f 4423 4461 4460
f 4423 4460 4424
f 4419 4462 4461
f 4419 4461 4420
f 4415 4463 4462
f 4415 4462 4416
f 4411 4490 4463
f 4411 4463 4412
f 3272 3271 4488
f 3272 4488 4409
f 3272 4409 4408
f 3272 4408 3273
f 3275 3274 4410
f 3275 4410 4487
f 3274 3276 4411
f 3274 4411 4410
f 3273 4408 4489
f 3273 4489 3277
f 3277 4489 4490
f 3277 4490 3278
f 3276 3278 4490
f 3276 4490 4411
f 4491 4492 4493
f 4491 4493 4494
f 4495 4496 4497
f 4495 4497 4498
f 4499 4500 4501
f 4499 4501 4502
f 4503 4504 4505
f 4506 4507 4508
f 4506 4508 4509
f 4510 4511 4512
f 4513 4514 4515
f 4516 4517 4518
f 4516 4518 4519
f 4520 4521 4522
f 4523 4524 4525
f 4523 4525 4526
f 4527 4528 4529
f 4493 4529 4523
f 4493 4523 4516
f 4498 4522 4524
f 4498 4524 4528
f 4492 4509 4503
f 4492 4503 4527
f 4491 4502 4512
f 4491 4512 4506
f 4494 4519 4513
f 4494 4513 4499
f 4523 4529 4528
f 4523 4528 4524
f 4521 4525 4524
f 4521 4524 4522
f 4516 4523 4526
f 4516 4526 4517
f 4513 4519 4518
f 4513 4518 4514
f 4506 4512 4511
f 4506 4511 4507
f 4503 4509 4508
f 4503 4508 4504
f 4499 4513 4515
f 4499 4515 4500
f 4501 4510 4512
f 4501 4512 4502
f 4495 4503 4505
f 4495 4505 4496
f 4497 4520 4522
f 4497 4522 4498
f 4495 4498 4528
f 4495 4528 4527
f 4491 4506 4509
f 4491 4509 4492
f 4492 4527 4529
f 4492 4529 4493
f 4493 4516 4519
f 4493 4519 4494
f 4491 4494 4499
f 4491 4499 4502
f 4495 4527 4503
f 4530 4531 4532
f 4530 4532 4533
f 4534 4535 4536
f 4534 4536 4537
f 4538 4539 4540
f 4541 4542 4543
f 4541 4543 4544
f 4545 4546 4547
f 4545 4547 4548
f 4549 4550 4551
f 4549 4551 4552
f 4553 4554 4555
f 4553 4555 4556
f 4557 4558 4559
f 4557 4559 4560
f 4561 4562 4563
f 4561 4563 4564
f 4565 4566 4567
f 4565 4567 4568
f 4569 4570 4571
f 4569 4571 4572
f 4573 4574 4575
f 4573 4575 4576
f 4577 4578 4579
f 4577 4579 4580
f 4581 4582 4583
f 4581 4583 4584
f 4585 4586 4587
f 4585 4587 4588
f 4589 4590 4591
f 4589 4591 4592
f 4593 4594 4595
f 4596 4597 4598
f 4599 4600 4601
f 4599 4601 4602
f 4603 4604 4605
f 4603 4605 4606
f 4607 4608 4609
f 4607 4609 4610
f 4611 4612 4613
f 4611 4613 4614
f 4615 4616 4617
f 4615 4617 4618
f 4619 4620 4621
f 4619 4621 4622
f 4623 4624 4625
f 4623 4625 4626
f 4627 4628 4629
f 4627 4629 4630
f 4631 4632 4633
f 4631 4633 4634
f 4635 4636 4637
f 4635 4637 4638
f 4639 4640 4641
f 4639 4641 4642
f 4643 4644 4645
f 4643 4645 4646
f 4647 4648 4649
f 4647 4649 4650
f 4651 4652 4653
f 4651 4653 4654
f 4655 4656 4657
f 4655 4657 4658
f 4659 4660 4661
f 4659 4661 4662
f 4663 4664 4665
f 4666 4667 4668
f 4666 4668 4669
f 4670 4671 4672
f 4670 4672 4673
f 4674 4675 4676
f 4674 4676 4677
f 4678 4679 4680
f 4678 4680 4681
f 4682 4683 4684
f 4682 4684 4685
f 4686 4687 4688
f 4686 4688 4689
f 4690 4691 4692
f 4690 4692 4693
f 4694 4695 4696
f 4694 4696 4697
f 4698 4699 4700
f 4698 4700 4701
f 3102 3103 4702
f 3102 4702 4703
f 4704 4705 4706
f 4704 4706 4707
f 4708 4709 4710
f 4708 4710 4711
f 4712 4713 4714
f 4712 4714 4715
f 4716 4717 4718
f 4716 4718 4719
f 4720 4721 4722
f 4720 4722 4723
f 4724 4725 4726
f 4724 4726 4727
f 4728 4729 4730
f 4728 4730 4731
f 4732 4733 4734
f 4732 4734 4735
f 4736 4737 4738
f 4736 4738 4739
f 4740 4741 4742
f 4740 4742 4743
f 4744 4745 4746
f 4744 4746 4747
f 4748 4749 4750
f 4751 4752 4753
f 4751 4753 4754
f 4755 4756 4757
f 4755 4757 4758
f 4757 4759 4758
f 4717 4760 4761
f 4717 4761 4718
f 4762 4763 4764
f 4762 4764 4765
f 4766 4767 4768
f 4766 4768 4769
f 4770 4771 4772
f 4770 4772 4773
f 4774 4775 4776
f 4777 4778 4779
f 4777 4779 4780
f 4781 4782 4783
f 4781 4783 4784
f 4785 4786 4787
f 4785 4787 4788
f 4789 4790 4791
f 4789 4791 4792
f 4793 4794 4795
f 4796 4797 4798
f 4796 4798 4799
f 4800 4801 4802
f 4800 4802 4803
f 4804 4805 4806
f 4804 4806 4807
f 4808 4809 4810
f 4808 4810 4811
f 4812 4813 4814
f 4812 4814 4815
f 4816 4817 4818
f 4816 4818 4819
f 4820 4821 4822
f 4820 4822 4823
f 4824 4825 4826
f 4824 4826 4827
f 4828 4829 4830
f 4828 4830 4831
f 4832 4833 4834
f 4832 4834 4835
f 4836 4837 4838
f 4836 4838 4839
f 4840 4841 4842
f 4840 4842 4843
f 4844 4845 4846
f 4844 4846 4847
f 4848 4849 4850
f 4848 4850 4851
f 4852 4853 4854
f 4852 4854 4855
f 4856 4857 4858
f 4856 4858 4859
f 4860 4861 4862
f 4860 4862 4863
f 4864 4865 4866
f 4864 4866 4867
f 4868 4869 4870
f 4868 4870 4871
f 4872 4873 4874
f 4872 4874 4875
f 4876 4877 4878
f 4876 4878 4879
f 4880 4881 4882
f 4880 4882 4883
f 4884 4885 4886
f 4884 4886 4887
f 4888 4889 4890
f 4891 4892 4893
f 4894 4895 4896
f 4894 4896 4897
f 4898 4899 4900
f 4898 4900 4901
f 4902 4903 4904
f 4902 4904 4905
f 4906 4907 4908
f 4906 4908 4909
f 4910 4911 4912
f 4910 4912 4913
f 4914 4915 4916
f 4914 4916 4917
f 4918 4919 4920
f 4918 4920 4921
f 4922 4923 4924
f 4922 4924 4925
f 4926 4927 4928
f 4926 4928 4929
f 4930 4931 4932
f 4930 4932 4933
f 4934 4935 4936
f 4934 4936 4937
f 4938 4939 4940
f 4941 4942 4943
f 4941 4943 4944
f 4945 4946 4947
f 4945 4947 4948
f 4945 4949 4950
f 4945 4950 4946
f 4951 4952 4953
f 4954 4955 4956
f 4954 4956 4957
f 4958 4959 4960
f 4958 4960 4961
f 4962 4963 4964
f 4962 4964 4965
f 4966 4967 4968
f 4966 4968 4969
f 4970 4971 4972
f 4970 4972 4973
f 4974 4975 4976
f 4974 4976 4977
f 4465 4484 4978
f 4465 4978 4979
f 4482 4980 4981
f 4482 4981 4483
f 4480 4982 4983
f 4480 4983 4481
f 4478 4984 4985
f 4478 4985 4479
f 4477 4486 4986
f 4477 4986 4987
f 4988 4989 4990
f 4474 4991 4992
f 4474 4992 4475
f 4472 4993 4994
f 4472 4994 4473
f 4470 4995 4996
f 4470 4996 4471
f 4468 4997 4998
f 4468 4998 4469
f 4999 5000 5001
f 5002 5003 5004
f 5005 5006 5007
f 5005 5007 5008
f 5009 5010 5011
f 5009 5011 5012
f 5013 5014 5015
f 5013 5015 5016
f 5017 5018 5019
f 5017 5019 5020
f 4467 4488 5021
f 4467 5021 5022
f 5023 5024 5025
f 5023 5025 5026
f 5027 5028 5029
f 5027 5029 5030
f 5031 5032 5033
f 5031 5033 5034
f 5035 5036 5037
f 5035 5037 5038
f 5039 5040 5041
f 5039 5041 5042
f 5043 5044 5045
f 5043 5045 5046
f 5047 5048 5049
f 5047 5049 5050
f 5051 5052 5053
f 5051 5053 5054
f 5055 5056 5057
f 5055 5057 5058
f 5059 5060 5061
f 5059 5061 5062
f 5063 5064 5065
f 5063 5065 5066
f 5067 5068 5069
f 5067 5069 5070
f 5071 5072 5073
f 5071 5073 5074
f 5075 5076 5077
f 5075 5077 5078
f 5079 5080 5081
f 5079 5081 5082
f 5083 5084 5085
f 5083 5085 5086
f 5087 5088 5089
f 5087 5089 5090
f 5091 5092 5093
f 5091 5093 5094
f 5095 5096 5097
f 5095 5097 5098
f 5099 5100 5101
f 5099 5101 5102
f 5103 5104 5105
f 5103 5105 5106
f 5107 5108 5109
f 5110 5111 5112
f 5110 5112 5113
f 5114 5115 5116
f 5114 5116 5117
f 5118 5119 5120
f 5118 5120 5121
f 5122 5123 5124
f 5122 5124 5125
f 5126 5127 5128
f 5126 5128 5129
f 5130 5131 5132
f 5130 5132 5133
f 5134 5135 5136
f 5137 5138 5139
f 5137 5139 5140
f 5141 5142 5143
f 5141 5143 5144
f 5145 5146 5147
f 5145 5147 5148
f 5149 5150 5151
f 5149 5151 5152
f 5153 5154 5155
f 5153 5155 5156
f 5157 5158 5159
f 5157 5159 5160
f 5161 5162 5163
f 5161 5163 5164
f 5165 5166 5167
f 5168 5169 5170
f 5168 5170 5171
f 5172 5173 5174
f 5172 5174 5175
f 5176 5177 5178
f 5176 5178 5179
f 5180 5181 5182
f 5180 5182 5183
f 5184 5185 5186
f 5187 5188 5189
f 5187 5189 5190
f 5191 5192 5193
f 5191 5193 5194
f 5195 5196 5197
f 5195 5197 5198
f 5199 5200 5201
f 5199 5201 5202
f 5203 5204 5205
f 5203 5205 5206
f 5207 5208 5209
f 5207 5209 5210
f 5211 5212 5213
f 5211 5213 5214
f 5215 5216 5217
f 5218 5219 5220
f 5218 5220 5221
f 5222 5223 5224
f 4466 5225 5226
f 4466 5226 4487
f 5227 5228 5229
f 5227 5229 5230
f 5231 5232 5233
f 5231 5233 5234
f 5235 5236 5237
f 5235 5237 5238
f 5239 5240 5241
f 5239 5241 5242
f 5243 5244 5245
f 5243 5245 5246
f 5247 5248 5249
f 5247 5249 5250
f 5251 5252 5253
f 5251 5253 5254
f 5255 5256 5257
f 5255 5257 5258
f 5259 5260 5261
f 5259 5261 5262
f 5263 5264 5265
f 5266 5267 5268
f 5266 5268 5269
f 5270 5271 5272
f 5270 5272 5273
f 5274 5275 5276
f 5274 5276 5277
f 4476 5278 5279
f 4476 5279 4485
f 5280 5281 5282
f 5280 5282 5283
f 5284 5285 5286
f 5284 5286 5287
f 5288 5289 5290
f 5288 5290 5291
f 5292 5293 5294
f 5292 5294 5295
f 5296 5297 5298
f 5296 5298 5299
f 5300 5301 5302
f 5300 5302 5303
f 5304 5305 5306
f 5304 5306 5307
f 5308 5309 5310
f 5308 5310 5311
f 5312 5313 5314
f 5312 5314 5315
f 5316 5317 5318
f 5316 5318 5319
f 5320 5321 5322
f 5320 5322 5323
f 5324 5325 5326
f 5324 5326 5327
f 5328 5329 5330
f 5331 5332 5333
f 5331 5333 5334
f 5335 5336 5337
f 5335 5337 5338
f 5339 5340 5341
f 5169 5342 5343
f 5169 5343 5170
f 5173 5344 5345
f 5173 5345 5174
f 5177 5346 5347
f 5177 5347 5178
f 5181 5348 5349
f 5181 5349 5182
f 4402 4404 5350
f 4402 5350 5351
f 5352 5353 5354
f 5352 5354 5355
f 5356 5357 5358
f 5356 5358 5359
f 4398 4400 5360
f 4398 5360 5361
f 4395 5362 5363
f 4395 5363 4403
f 5364 5365 5366
f 5364 5366 5367
f 5368 5369 5370
f 5368 5370 5371
f 5235 5238 5372
f 5235 5372 5373
f 4783 4825 4824
f 4783 4824 4784
f 4637 5374 5375
f 4637 5375 4640
f 4640 5375 5376
f 4640 5376 4641
f 4641 5376 5377
f 4641 5377 4644
f 4644 5377 5378
f 4644 5378 4645
f 4645 5378 5379
f 4645 5379 4648
f 4648 5379 5380
f 4648 5380 4649
f 4649 5380 5381
f 4649 5381 4652
f 4652 5381 5382
f 4652 5382 4653
f 4628 4653 5382
f 4628 5382 5383
f 4628 5383 5384
f 4628 5384 4629
f 4629 5384 5385
f 4629 5385 4632
f 4632 5385 5386
f 4632 5386 4633
f 4633 5386 5387
f 4633 5387 4636
f 4636 5387 5374
f 4636 5374 4637
f 4817 5388 4818
f 4820 4823 5389
f 4820 5389 5390
f 4817 4820 5390
f 4817 5390 5388
f 4530 4853 5368
f 4530 5368 4672
f 4673 5371 5364
f 4673 5364 5284
f 4819 5285 5367
f 4819 5367 5363
f 4816 5362 5361
f 4816 5361 4821
f 4761 5359 5352
f 4761 5352 5190
f 4822 5360 5351
f 4822 5351 5321
f 5181 5322 5350
f 5177 5182 5349
f 5177 5349 5346
f 5173 5178 5347
f 5173 5347 5344
f 5169 5174 5345
f 5169 5345 5342
f 5170 5343 5236
f 5170 5236 5235
f 5294 5344 5347
f 5294 5347 5334
f 5331 5346 5349
f 5331 5349 5338
f 4404 4829 5335
f 4404 5335 5348
f 4876 5391 5392
f 4795 5303 5292
f 4795 5292 4799
f 4840 5291 5365
f 4840 5365 5370
f 4670 5287 4769
f 4670 4769 5283
f 4685 5315 5318
f 4685 5318 4962
f 4678 4969 5319
f 4678 5319 5314
f 4707 5308 5278
f 4707 5278 4992
f 4684 4708 5310
f 4684 5310 5312
f 4679 5313 5309
f 4679 5309 4706
f 5242 5297 5302
f 5242 5302 5270
f 4552 5277 4793
f 4552 4793 4798
f 4517 4526 5274
f 4517 5274 4551
f 5058 5059 5393
f 5058 5393 5266
f 5055 5269 5263
f 5055 5263 5124
f 4790 5230 5225
f 4790 5225 4979
f 4789 5194 5234
f 4789 5234 5227
f 5171 5373 5231
f 5171 5231 5193
f 5236 5343 5298
f 5236 5298 5241
f 4928 5246 5271
f 4928 5271 5301
f 4922 5250 5243
f 4922 5243 4927
f 4925 4933 5254
f 4925 5254 5247
f 4918 5258 5251
f 4918 5251 4932
f 4904 5262 5255
f 4904 5255 4921
f 4903 4908 5024
f 4903 5024 5259
f 4759 5217 5211
f 4759 5211 4949
f 4827 4950 5214
f 4827 5214 5207
f 4784 4824 5210
f 4784 5210 5203
f 4792 5017 5198
f 4792 5198 5191
f 4785 5202 5195
f 4785 5195 5020
f 4781 5206 5199
f 4781 5199 4788
f 5187 5355 5212
f 5187 5212 5216
f 5184 5208 5213
f 5184 5213 5354
f 5168 5192 5197
f 5168 5197 5175
f 5172 5196 5201
f 5172 5201 5179
f 5176 5200 5205
f 5176 5205 5183
f 5180 5204 5209
f 5180 5209 5186
f 5159 5219 5162
f 5155 5220 5158
f 5151 5394 5221
f 5151 5221 5154
f 5147 5395 5150
f 5143 5396 5146
f 5139 5397 5142
f 5138 5163 5218
f 5138 5218 5398
f 5004 5265 5118
f 5053 5082 5129
f 5053 5129 5122
f 5081 5109 5133
f 5081 5133 5126
f 5112 5160 5161
f 5112 5161 5115
f 5111 5131 5156
f 5111 5156 5157
f 5105 5152 5108
f 5101 5148 5149
f 5101 5149 5104
f 5097 5144 5145
f 5097 5145 5100
f 5093 5140 5141
f 5093 5141 5096
f 5092 5116 5164
f 5092 5164 5137
f 5085 5113 5114
f 5085 5114 5088
f 5084 5127 5132
f 5084 5132 5110
f 5077 5106 5107
f 5077 5107 5080
f 5073 5102 5103
f 5073 5103 5076
f 5069 5098 5099
f 5069 5099 5072
f 5065 5094 5095
f 5065 5095 5068
f 5064 5089 5117
f 5064 5117 5091
f 5057 5086 5087
f 5057 5087 5060
f 5056 5123 5128
f 5056 5128 5083
f 5049 5078 5079
f 5049 5079 5052
f 5045 5074 5075
f 5045 5075 5048
f 5041 5070 5071
f 5041 5071 5044
f 5037 5066 5067
f 5037 5067 5040
f 5036 5061 5090
f 5036 5090 5063
f 4662 5399 5400
f 4662 5400 5134
f 4907 4910 5030
f 4907 5030 5025
f 4913 4914 5034
f 4913 5034 5027
f 4917 5013 5305
f 4917 5305 5031
f 4999 5223 5401
f 4667 5402 5224
f 4667 5224 5001
f 4690 4957 4951
f 4690 4951 4697
f 4686 4961 4954
f 4686 4954 4693
f 4682 4965 4958
f 4682 4958 4689
f 4674 4973 4966
f 4674 4966 4681
f 4677 4936 4977
f 4677 4977 4970
f 4935 4997 5022
f 4935 5022 4974
f 4621 4650 4651
f 4621 4651 4624
f 4617 4646 4647
f 4617 4647 4620
f 4613 4642 4643
f 4613 4643 4616
f 4609 4638 4639
f 4609 4639 4612
f 4605 4634 4635
f 4605 4635 4608
f 4601 4630 4631
f 4601 4631 4604
f 4600 4625 4654
f 4600 4654 4627
f 4591 4622 4623
f 4591 4623 4594
f 4587 4618 4619
f 4587 4619 4590
f 4583 4614 4615
f 4583 4615 4586
f 4579 4610 4611
f 4579 4611 4582
f 4575 4606 4607
f 4575 4607 4578
f 4574 4597 4602
f 4574 4602 4603
f 4758 4759 4949
f 4758 4949 4945
f 4676 4944 4938
f 4676 4938 4937
f 4675 4680 4705
f 4675 4705 4941
f 4939 4943 4993
f 4939 4993 4996
f 4755 4948 4986
f 4755 4986 4988
f 4507 4511 4570
f 4507 4570 4567
f 4504 4508 4566
f 4504 4566 4563
f 4496 4505 4562
f 4496 4562 4559
f 4497 4558 4555
f 4497 4555 4520
f 4521 4554 5275
f 4521 5275 4525
f 4514 4518 4550
f 4514 4550 4547
f 4500 4515 4546
f 4500 4546 4543
f 4501 4542 4571
f 4501 4571 4510
f 4560 4561 4930
f 4560 4930 4924
f 4556 4557 4923
f 4556 4923 4926
f 4538 4902 4901
f 4538 4901 4894
f 4540 5326 4911
f 4540 4911 4906
f 4539 4897 5403
f 4539 5403 5327
f 4912 5325 5330
f 4912 5330 5341
f 4592 4593 4890
f 4592 4890 4884
f 4588 4589 4887
f 4588 4887 4880
f 4584 4585 4883
f 4584 4883 4878
f 4580 4581 4877
f 4580 4877 4892
f 4873 5014 4916
f 4873 4916 5340
f 4879 4882 5339
f 4879 5339 5329
f 4868 4875 4881
f 4868 4881 4886
f 4537 4869 4885
f 4537 4885 4889
f 4865 5015 4872
f 4865 4872 4871
f 4536 4863 4866
f 4536 4866 4870
f 4573 4844 4851
f 4573 4851 4598
f 4576 4577 4891
f 4576 4891 4845
f 4842 4846 4893
f 4842 4893 5404
f 4842 5404 5405
f 4842 5405 4843
f 4833 4838 4895
f 4833 4895 4900
f 4399 4835 4830
f 4399 4830 4401
f 4396 4839 4832
f 4396 4832 4397
f 4812 4898 4905
f 4812 4905 4920
f 4564 4565 4813
f 4564 4813 4931
f 4815 4831 4834
f 4815 4834 4899
f 4568 4569 4809
f 4568 4809 4814
f 4541 4805 4810
f 4541 4810 4572
f 4544 4545 4801
f 4544 4801 4806
f 4548 4549 4797
f 4548 4797 4802
f 4553 4929 4794
f 4553 4794 5276
f 5293 5299 5342
f 5293 5342 5345
f 4791 4978 4981
f 4791 4981 5018
f 4796 5295 5333
f 4796 5333 4803
f 4786 5019 4980
f 4786 4980 4983
f 4804 5336 4828
f 4804 4828 4811
f 4800 5332 5337
f 4800 5337 4807
f 4782 4787 4982
f 4782 4982 4985
f 4533 4778 4857
f 4533 4857 4854
f 4532 4771 4775
f 4532 4775 4779
f 4765 5388 5390
f 4765 5390 5357
f 5353 5358 5406
f 5353 5406 5407
f 4826 4947 4946
f 4752 5002 5121
f 4752 5121 5007
f 4753 5006 5011
f 4753 5011 4864
f 4749 5050 5051
f 4749 5051 5003
f 4754 4867 4862
f 4754 4862 5166
f 4746 5408 4861
f 4746 4861 4859
f 4742 4747 4858
f 4742 4858 4777
f 4743 4780 4774
f 4743 4774 5409
f 5410 5411 5412
f 5410 5412 5413
f 5414 5415 5416
f 5414 5416 5417
f 4725 4730 5418
f 4725 5418 4768
f 4721 4726 4767
f 4721 4767 4763
f 4717 4722 5419
f 4717 5419 4760
f 4713 4718 4761
f 4713 4761 5189
f 4714 5188 5215
f 4714 5215 5420
f 4699 4702 4731
f 4699 4731 4724
f 4695 4700 4727
f 4695 4727 4720
f 4691 4696 4723
f 4691 4723 4716
f 4687 4692 4719
f 4687 4719 4712
f 4683 4688 4715
f 4683 4715 4709
f 4704 4991 4994
f 4704 4994 4942
f 4934 4940 4995
f 4934 4995 4998
f 4764 4766 5286
f 4764 5286 4818
f 4531 4671 5282
f 4531 5282 4772
f 4848 5369 4852
f 4403 5366 5290
f 4403 5290 4836
f 4661 4665 5421
f 4661 5421 5422
f 4657 5423 5424
f 4657 5424 4745
f 4658 4744 5425
f 4658 5425 5426
f 4736 5427 5428
f 4736 5428 4740
f 5364 5371 5370
f 5364 5370 5365
f 4403 5363 5367
f 4403 5367 5366
f 4395 4398 5361
f 4395 5361 5362
f 5352 5359 5358
f 5352 5358 5353
f 4400 4402 5351
f 4400 5351 5360
f 4404 5348 5181
f 4404 5181 5350
f 5335 5338 5349
f 5335 5349 5348
f 5331 5338 5337
f 5331 5337 5332
f 5331 5334 5347
f 5331 5347 5346
f 5329 5339 5341
f 5329 5341 5330
f 5324 5328 5330
f 5324 5330 5325
f 5321 5351 5350
f 5321 5350 5322
f 5314 5319 5318
f 5314 5318 5315
f 5309 5313 5312
f 5309 5312 5310
f 5296 5303 5302
f 5296 5302 5297
f 5298 5343 5342
f 5298 5342 5299
f 5292 5296 5299
f 5292 5299 5293
f 5293 5345 5344
f 5293 5344 5294
f 5294 5334 5333
f 5294 5333 5295
f 5290 5366 5365
f 5290 5365 5291
f 5284 5364 5367
f 5284 5367 5285
f 5278 5308 5311
f 5278 5311 5279
f 5270 5302 5301
f 5270 5301 5271
f 5266 5393 5429
f 5266 5429 5267
f 5263 5269 5268
f 5263 5268 5264
f 5255 5262 5261
f 5255 5261 5256
f 5251 5258 5257
f 5251 5257 5252
f 5247 5254 5253
f 5247 5253 5248
f 5243 5250 5249
f 5243 5249 5244
f 5245 5272 5271
f 5245 5271 5246
f 5241 5298 5297
f 5241 5297 5242
f 5239 5242 5270
f 5239 5270 5273
f 5236 5241 5240
f 5236 5240 5237
f 5231 5373 5372
f 5231 5372 5232
f 5227 5234 5233
f 5227 5233 5228
f 5225 5230 5229
f 5225 5229 5226
f 5393 5401 5429
f 5222 5429 5401
f 5222 5401 5223
f 5211 5217 5216
f 5211 5216 5212
f 5212 5355 5354
f 5212 5354 5213
f 5207 5214 5213
f 5207 5213 5208
f 5203 5210 5209
f 5203 5209 5204
f 5199 5206 5205
f 5199 5205 5200
f 5195 5202 5201
f 5195 5201 5196
f 5191 5198 5197
f 5191 5197 5192
f 5193 5231 5234
f 5193 5234 5194
f 5187 5216 5215
f 5187 5215 5188
f 5187 5190 5352
f 5187 5352 5355
f 5184 5354 5353
f 5184 5353 5407
f 5185 5320 5323
f 5185 5323 5186
f 5184 5186 5209
f 5184 5209 5208
f 5180 5323 5322
f 5180 5322 5181
f 5180 5183 5205
f 5180 5205 5204
f 5176 5183 5182
f 5176 5182 5177
f 5176 5179 5201
f 5176 5201 5200
f 5172 5179 5178
f 5172 5178 5173
f 5172 5175 5197
f 5172 5197 5196
f 5168 5175 5174
f 5168 5174 5169
f 5170 5235 5373
f 5170 5373 5171
f 5168 5171 5193
f 5168 5193 5192
f 5162 5219 5218
f 5162 5218 5163
f 5158 5220 5219
f 5158 5219 5159
f 5159 5162 5161
f 5159 5161 5160
f 5154 5221 5220
f 5154 5220 5155
f 5155 5158 5157
f 5155 5157 5156
f 5151 5154 5153
f 5151 5153 5152
f 5147 5150 5149
f 5147 5149 5148
f 5143 5146 5145
f 5143 5145 5144
f 5137 5164 5163
f 5137 5163 5138
f 5139 5142 5141
f 5139 5141 5140
f 5130 5153 5156
f 5130 5156 5131
f 5126 5133 5132
f 5126 5132 5127
f 5122 5129 5128
f 5122 5128 5123
f 5124 5263 5265
f 5124 5265 5125
f 5118 5265 5264
f 5118 5264 5119
f 5115 5161 5164
f 5115 5164 5116
f 5110 5132 5131
f 5110 5131 5111
f 5111 5157 5160
f 5111 5160 5112
f 5112 5115 5114
f 5112 5114 5113
f 5108 5130 5133
f 5108 5133 5109
f 5104 5149 5152
f 5104 5152 5105
f 5105 5108 5107
f 5105 5107 5106
f 5100 5145 5148
f 5100 5148 5101
f 5101 5104 5103
f 5101 5103 5102
f 5096 5141 5144
f 5096 5144 5097
f 5097 5100 5099
f 5097 5099 5098
f 5091 5117 5116
f 5091 5116 5092
f 5092 5137 5140
f 5092 5140 5093
f 5093 5096 5095
f 5093 5095 5094
f 5088 5114 5117
f 5088 5117 5089
f 5083 5128 5127
f 5083 5127 5084
f 5084 5110 5113
f 5084 5113 5085
f 5085 5088 5087
f 5085 5087 5086
f 5080 5107 5109
f 5080 5109 5081
f 5081 5126 5129
f 5081 5129 5082
f 5076 5103 5106
f 5076 5106 5077
f 5077 5080 5079
f 5077 5079 5078
f 5072 5099 5102
f 5072 5102 5073
f 5073 5076 5075
f 5073 5075 5074
f 5068 5095 5098
f 5068 5098 5069
f 5069 5072 5071
f 5069 5071 5070
f 5063 5090 5089
f 5063 5089 5064
f 5064 5091 5094
f 5064 5094 5065
f 5065 5068 5067
f 5065 5067 5066
f 5060 5087 5090
f 5060 5090 5061
f 5059 5062 5401
f 5059 5401 5393
f 5055 5124 5123
f 5055 5123 5056
f 5056 5083 5086
f 5056 5086 5057
f 5057 5060 5059
f 5057 5059 5058
f 5055 5058 5266
f 5055 5266 5269
f 5052 5079 5082
f 5052 5082 5053
f 5053 5122 5125
f 5053 5125 5054
f 5048 5075 5078
f 5048 5078 5049
f 5049 5052 5051
f 5049 5051 5050
f 5044 5071 5074
f 5044 5074 5045
f 5045 5048 5047
f 5045 5047 5046
f 5040 5067 5070
f 5040 5070 5041
f 5041 5044 5043
f 5041 5043 5042
f 5035 5062 5061
f 5035 5061 5036
f 5036 5063 5066
f 5036 5066 5037
f 5037 5040 5039
f 5037 5039 5038
f 5031 5305 5304
f 5031 5304 5032
f 5027 5034 5033
f 5027 5033 5028
f 5023 5260 5259
f 5023 5259 5024
f 5025 5030 5029
f 5025 5029 5026
f 5017 5020 5195
f 5017 5195 5198
f 5013 5016 5306
f 5013 5306 5305
f 5009 5016 5015
f 5009 5015 5010
f 5005 5012 5011
f 5005 5011 5006
f 5007 5121 5120
f 5007 5120 5008
f 5003 5051 5054
f 5003 5054 5004
f 5002 5004 5118
f 5002 5118 5121
f 5138 5398 5397
f 5138 5397 5139
f 5218 5221 5394
f 5218 5394 5398
f 5150 5395 5394
f 5150 5394 5151
f 5146 5396 5395
f 5146 5395 5147
f 5142 5397 5396
f 5142 5396 5143
f 4999 5035 5038
f 4999 5038 5000
f 4999 5001 5224
f 4999 5224 5223
f 4467 5022 4997
f 4467 4997 4468
f 4470 4469 4998
f 4470 4998 4995
f 4472 4471 4996
f 4472 4996 4993
f 4476 4475 4992
f 4476 4992 5278
f 4474 4473 4994
f 4474 4994 4991
f 4485 5279 4990
f 4485 4990 4989
f 4486 4989 4988
f 4486 4988 4986
f 4478 4477 4987
f 4478 4987 4984
f 4480 4479 4985
f 4480 4985 4982
f 4482 4481 4983
f 4482 4983 4980
f 4981 4980 5019
f 4981 5019 5018
f 4466 4465 4979
f 4466 4979 5225
f 4484 4483 4981
f 4484 4981 4978
f 4974 5022 5021
f 4974 5021 4975
f 4970 4977 4976
f 4970 4976 4971
f 4966 4973 4972
f 4966 4972 4967
f 4968 5316 5319
f 4968 5319 4969
f 4962 5318 5317
f 4962 5317 4963
f 4958 4965 4964
f 4958 4964 4959
f 4954 4961 4960
f 4954 4960 4955
f 4951 4957 4956
f 4951 4956 4952
f 4949 5211 5214
f 4949 5214 4950
f 4947 4987 4986
f 4947 4986 4948
f 4942 4994 4993
f 4942 4993 4943
f 4938 4944 4943
f 4938 4943 4939
f 4939 4996 4995
f 4939 4995 4940
f 4934 4998 4997
f 4934 4997 4935
f 4935 4974 4977
f 4935 4977 4936
f 4934 4937 4938
f 4934 4938 4940
f 4932 5251 5254
f 4932 5254 4933
f 4927 5243 5246
f 4927 5246 4928
f 4928 5301 5300
f 4928 5300 4929
f 4922 4927 4926
f 4922 4926 4923
f 4924 4930 4933
f 4924 4933 4925
f 4922 4925 5247
f 4922 5247 5250
f 4918 4932 4931
f 4918 4931 4919
f 4918 4921 5255
f 4918 5255 5258
f 4915 5341 5340
f 4915 5340 4916
f 4916 5014 5013
f 4916 5013 4917
f 4914 4917 5031
f 4914 5031 5034
f 4911 5326 5325
f 4911 5325 4912
f 4912 4915 4914
f 4912 4914 4913
f 4910 4913 5027
f 4910 5027 5030
f 4906 4911 4910
f 4906 4910 4907
f 4907 5025 5024
f 4907 5024 4908
f 4902 4909 4908
f 4902 4908 4903
f 4903 5259 5262
f 4903 5262 4904
f 4904 4921 4920
f 4904 4920 4905
f 4898 4901 4902
f 4898 4902 4905
f 4894 4901 4900
f 4894 4900 4895
f 5403 5430 5431
f 5403 5431 5432
f 4884 4890 4889
f 4884 4889 4885
f 4880 4887 4886
f 4880 4886 4881
f 4876 5392 4892
f 4876 4892 4877
f 4878 4883 4882
f 4878 4882 4879
f 4876 4879 5329
f 4876 5329 5328
f 4872 5015 5014
f 4872 5014 4873
f 4873 5340 5339
f 4873 5339 4874
f 4874 4882 4881
f 4874 4881 4875
f 4868 4886 4885
f 4868 4885 4869
f 4868 4871 4872
f 4868 4872 4875
f 4864 5011 5010
f 4864 5010 4865
f 4865 4871 4870
f 4865 4870 4866
f 4861 5167 5166
f 4861 5166 4862
f 4862 4867 4866
f 4862 4866 4863
f 4856 4859 4861
f 4856 4861 4860
f 4852 5369 5368
f 4852 5368 4853
f 4854 4857 4856
f 4854 4856 4855
f 4848 4852 4855
f 4848 4855 4849
f 4845 4891 4893
f 4845 4893 4846
f 4844 4847 4848
f 4844 4848 4851
f 4840 5370 5369
f 4840 5369 4841
f 4841 4847 4846
f 4841 4846 4842
f 4840 4843 5288
f 4840 5288 5291
f 4837 4896 4895
f 4837 4895 4838
f 4396 4403 4836
f 4396 4836 4839
f 4832 4839 4838
f 4832 4838 4833
f 4833 4900 4899
f 4833 4899 4834
f 4397 4832 4835
f 4397 4835 4399
f 4828 5336 5335
f 4828 5335 4829
f 4401 4830 4829
f 4401 4829 4404
f 4830 4835 4834
f 4830 4834 4831
f 4826 4946 4950
f 4826 4950 4827
f 4824 4827 5207
f 4824 5207 5210
f 4821 5361 5360
f 4821 5360 4822
f 4823 5320 5406
f 4823 5406 5389
f 5357 5390 5389
f 5357 5389 5358
f 4816 4821 4820
f 4816 4820 4817
f 4818 5286 5285
f 4818 5285 4819
f 4816 4819 5363
f 4816 5363 5362
f 4812 4920 4919
f 4812 4919 4813
f 4812 4815 4899
f 4812 4899 4898
f 4808 4815 4814
f 4808 4814 4809
f 4808 4811 4828
f 4808 4828 4831
f 4804 4811 4810
f 4804 4810 4805
f 4804 4807 5337
f 4804 5337 5336
f 4800 4807 4806
f 4800 4806 4801
f 4800 4803 5333
f 4800 5333 5332
f 4796 4803 4802
f 4796 4802 4797
f 4796 4799 5292
f 4796 5292 5295
f 4793 5277 5276
f 4793 5276 4794
f 4794 5300 5303
f 4794 5303 4795
f 4793 4795 4799
f 4793 4799 4798
f 4789 5227 5230
f 4789 5230 4790
f 4790 4979 4978
f 4790 4978 4791
f 4791 5018 5017
f 4791 5017 4792
f 4789 4792 5191
f 4789 5191 5194
f 4785 5020 5019
f 4785 5019 4786
f 4786 4983 4982
f 4786 4982 4787
f 4785 4788 5199
f 4785 5199 5202
f 4781 4788 4787
f 4781 4787 4782
f 4782 4985 4984
f 4782 4984 4783
f 4781 4784 5203
f 4781 5203 5206
f 4777 4858 4857
f 4777 4857 4778
f 4774 4780 4779
f 4774 4779 4775
f 4770 4776 4775
f 4770 4775 4771
f 4772 5282 5281
f 4772 5281 4773
f 4768 5280 5283
f 4768 5283 4769
f 4766 4769 5287
f 4766 5287 5286
f 4763 4767 4766
f 4763 4766 4764
f 4764 4818 5388
f 4764 5388 4765
f 4762 4765 5357
f 4762 5357 5356
f 4761 4760 5356
f 4761 5356 5359
f 4761 5190 5189
f 4757 5215 5217
f 4757 5217 4759
f 4755 4988 4990
f 4755 4990 4756
f 4755 4758 4945
f 4755 4945 4948
f 4751 5003 5002
f 4751 5002 4752
f 4752 5007 5006
f 4752 5006 4753
f 4753 4864 4867
f 4753 4867 4754
f 4751 4754 5166
f 4751 5166 5165
f 4748 5047 5050
f 4748 5050 4749
f 4749 5165 5167
f 4749 5167 4750
f 4745 5424 5408
f 4745 5408 4746
f 4746 4859 4858
f 4746 4858 4747
f 4740 5428 5425
f 4740 5425 4741
f 4741 4744 4747
f 4741 4747 4742
f 4742 4777 4780
f 4742 4780 4743
f 4736 4740 4737
f 5409 5413 5412
f 4736 4739 3104
f 4736 3104 5427
f 4733 4739 4738
f 4733 4738 4734
f 5410 5417 5416
f 5410 5416 5411
f 4728 4732 4735
f 4728 4735 4729
f 5414 5433 5418
f 5414 5418 5415
f 4724 4731 4730
f 4724 4730 4725
f 4725 4768 4767
f 4725 4767 4726
f 4720 4727 4726
f 4720 4726 4721
f 4721 4763 5419
f 4721 5419 4722
f 4716 4723 4722
f 4716 4722 4717
f 4712 4719 4718
f 4712 4718 4713
f 4713 5189 5188
f 4713 5188 4714
f 4709 4715 4714
f 4709 4714 5420
f 4710 4757 4756
f 4710 4756 4711
f 4708 4711 5311
f 4708 5311 5310
f 4704 4942 4941
f 4704 4941 4705
f 4706 5309 5308
f 4706 5308 4707
f 4704 4707 4992
f 4704 4992 4991
f 3103 4728 4731
f 3103 4731 4702
f 4698 4703 4702
f 4698 4702 4699
f 4699 4724 4727
f 4699 4727 4700
f 4694 4701 4700
f 4694 4700 4695
f 4695 4720 4723
f 4695 4723 4696
f 4694 4697 4951
f 4694 4951 4953
f 4690 4697 4696
f 4690 4696 4691
f 4691 4716 4719
f 4691 4719 4692
f 4690 4693 4954
f 4690 4954 4957
f 4686 4693 4692
f 4686 4692 4687
f 4687 4712 4715
f 4687 4715 4688
f 4686 4689 4958
f 4686 4958 4961
f 4682 4689 4688
f 4682 4688 4683
f 4683 4709 4708
f 4683 4708 4684
f 4684 5312 5315
f 4684 5315 4685
f 4682 4685 4962
f 4682 4962 4965
f 4678 5314 5313
f 4678 5313 4679
f 4679 4706 4705
f 4679 4705 4680
f 4678 4681 4966
f 4678 4966 4969
f 4674 4681 4680
f 4674 4680 4675
f 4675 4941 4944
f 4675 4944 4676
f 4676 4937 4936
f 4676 4936 4677
f 4674 4677 4970
f 4674 4970 4973
f 4670 5283 5282
f 4670 5282 4671
f 4672 5368 5371
f 4672 5371 4673
f 4670 4673 5284
f 4670 5284 5287
f 4666 5434 5402
f 4666 5402 4667
f 4667 5001 5000
f 4667 5000 4668
f 4664 4669 4668
f 4664 4668 4665
f 4660 4663 4665
f 4660 4665 4661
f 4661 5422 5399
f 4661 5399 4662
f 4659 4662 5134
f 4659 5134 5136
f 4655 5135 5134
f 4655 5134 4656
f 4656 5435 5423
f 4656 5423 4657
f 4657 4745 4744
f 4657 4744 4658
f 4649 4652 4651
f 4649 4651 4650
f 4645 4648 4647
f 4645 4647 4646
f 4641 4644 4643
f 4641 4643 4642
f 4637 4640 4639
f 4637 4639 4638
f 4633 4636 4635
f 4633 4635 4634
f 4627 4654 4653
f 4627 4653 4628
f 4629 4632 4631
f 4629 4631 4630
f 4624 4651 4654
f 4624 4654 4625
f 4620 4647 4650
f 4620 4650 4621
f 4621 4624 4623
f 4621 4623 4622
f 4616 4643 4646
f 4616 4646 4617
f 4617 4620 4619
f 4617 4619 4618
f 4612 4639 4642
f 4612 4642 4613
f 4613 4616 4615
f 4613 4615 4614
f 4608 4635 4638
f 4608 4638 4609
f 4609 4612 4611
f 4609 4611 4610
f 4604 4631 4634
f 4604 4634 4605
f 4605 4608 4607
f 4605 4607 4606
f 4599 4626 4625
f 4599 4625 4600
f 4600 4627 4630
f 4600 4630 4601
f 4601 4604 4603
f 4601 4603 4602
f 4596 4599 4602
f 4596 4602 4597
f 4596 4598 4851
f 4596 4851 4850
f 4594 4623 4626
f 4594 4626 4595
f 4593 4595 4888
f 4593 4888 4890
f 4590 4619 4622
f 4590 4622 4591
f 4591 4594 4593
f 4591 4593 4592
f 4589 4592 4884
f 4589 4884 4887
f 4586 4615 4618
f 4586 4618 4587
f 4587 4590 4589
f 4587 4589 4588
f 4585 4588 4880
f 4585 4880 4883
f 4582 4611 4614
f 4582 4614 4583
f 4583 4586 4585
f 4583 4585 4584
f 4581 4584 4878
f 4581 4878 4877
f 4578 4607 4610
f 4578 4610 4579
f 4579 4582 4581
f 4579 4581 4580
f 4577 4580 4892
f 4577 4892 4891
f 4573 4598 4597
f 4573 4597 4574
f 4574 4603 4606
f 4574 4606 4575
f 4575 4578 4577
f 4575 4577 4576
f 4573 4576 4845
f 4573 4845 4844
f 4569 4572 4810
f 4569 4810 4809
f 4567 4570 4569
f 4567 4569 4568
f 4565 4568 4814
f 4565 4814 4813
f 4563 4566 4565
f 4563 4565 4564
f 4561 4564 4931
f 4561 4931 4930
f 4559 4562 4561
f 4559 4561 4560
f 4557 4560 4924
f 4557 4924 4923
f 4553 5276 5275
f 4553 5275 4554
f 4555 4558 4557
f 4555 4557 4556
f 4553 4556 4926
f 4553 4926 4929
f 4551 5274 5277
f 4551 5277 4552
f 4549 4552 4798
f 4549 4798 4797
f 4547 4550 4549
f 4547 4549 4548
f 4545 4548 4802
f 4545 4802 4801
f 4541 4572 4571
f 4541 4571 4542
f 4543 4546 4545
f 4543 4545 4544
f 4541 4544 4806
f 4541 4806 4805
f 4538 4894 4897
f 4538 4897 4539
f 4539 5327 5326
f 4539 5326 4540
f 4538 4540 4906
f 4538 4906 4909
f 4534 4850 4849
f 4534 4849 4535
f 4535 4860 4863
f 4535 4863 4536
f 4536 4870 4869
f 4536 4869 4537
f 4534 4537 4889
f 4534 4889 4888
f 4530 4672 4671
f 4530 4671 4531
f 4531 4772 4771
f 4531 4771 4532
f 4532 4779 4778
f 4532 4778 4533
f 4530 4533 4854
f 4530 4854 4853
f 4525 5275 5274
f 4525 5274 4526
f 4520 4555 4554
f 4520 4554 4521
f 4517 4551 4550
f 4517 4550 4518
f 4514 4547 4546
f 4514 4546 4515
f 4510 4571 4570
f 4510 4570 4511
f 4507 4567 4566
f 4507 4566 4508
f 4504 4563 4562
f 4504 4562 4505
f 4500 4543 4542
f 4500 4542 4501
f 4496 4559 4558
f 4496 4558 4497
f 4226 4225 4952
f 4226 4952 4956
f 4226 4956 4955
f 4226 4955 4227
f 4225 4228 4953
f 4225 4953 4952
f 4230 4229 4975
f 4230 4975 5021
f 3271 4230 5021
f 3271 5021 4488
f 4229 4231 4976
f 4229 4976 4975
f 4233 4232 5232
f 4233 5232 5372
f 4234 5238 5237
f 4234 5237 4235
f 4232 4236 5233
f 4232 5233 5232
f 4238 4237 5272
f 4238 5272 5245
f 4237 4239 5273
f 4237 5273 5272
f 4238 5245 5244
f 4238 5244 4240
f 4242 4241 5252
f 4242 5252 5257
f 4242 5257 5256
f 4242 5256 4243
f 4241 4244 5253
f 4241 5253 5252
f 3275 4487 5226
f 3275 5226 4245
f 4236 4246 5228
f 4236 5228 5233
f 4246 4247 5229
f 4246 5229 5228
f 4249 4248 5316
f 4249 5316 4968
f 4248 4250 5317
f 4248 5317 5316
f 4249 4968 4967
f 4249 4967 4251
f 4253 4252 5260
f 4253 5260 5023
f 4252 4254 5261
f 4252 5261 5260
f 4253 5023 5026
f 4253 5026 4255
f 4244 4256 5248
f 4244 5248 5253
f 4256 4257 5249
f 4256 5249 5248
f 4231 4258 4971
f 4231 4971 4976
f 4258 4259 4972
f 4258 4972 4971
f 4255 5026 5029
f 4255 5029 4260
f 4260 5029 5028
f 4260 5028 4261
f 4263 4262 4698
f 4263 4698 4701
f 4265 4264 5032
f 4265 5032 5304
f 4265 5304 5307
f 4265 5307 4266
f 4264 4267 5033
f 4264 5033 5032
f 4240 5244 5249
f 4240 5249 4257
f 4243 5256 5261
f 4243 5261 4254
f 4239 4268 5239
f 4239 5239 5273
f 4268 4269 5240
f 4268 5240 5239
f 4250 4270 4963
f 4250 4963 5317
f 4270 4271 4964
f 4270 4964 4963
f 4235 5237 5240
f 4235 5240 4269
f 4261 5028 5033
f 4261 5033 4267
f 4251 4967 4972
f 4251 4972 4259
f 4227 4955 4960
f 4227 4960 4272
f 4272 4960 4959
f 4272 4959 4273
f 4245 5226 5229
f 4245 5229 4247
f 4274 3016 3102
f 4274 3102 4703
f 4262 4274 4703
f 4262 4703 4698
f 4271 4273 4959
f 4271 4959 4964
f 4233 5372 5238
f 4233 5238 4234
f 4794 4929 5300
f 4808 4831 4815
f 4813 4919 4931
f 5292 5303 5296
f 5180 5186 5323
f 4783 4984 4987
f 4783 4987 4825
f 4825 4987 4947
f 4825 4947 4826
f 5358 5389 5406
f 4709 5420 4710
f 4710 5420 5215
f 4710 5215 4757
f 4538 4909 4902
f 5288 5431 5289
f 4912 5341 4915
f 5374 5387 5436
f 5374 5436 5437
f 5374 5437 5438
f 5374 5438 5375
f 5375 5438 5439
f 5375 5439 5376
f 5376 5439 5440
f 5376 5440 5377
f 5377 5440 5441
f 5377 5441 5378
f 5378 5441 5442
f 5378 5442 5379
f 5379 5442 5443
f 5379 5443 5380
f 5380 5443 5444
f 5380 5444 5381
f 5381 5444 5445
f 5381 5445 5382
f 5382 5445 5446
f 5382 5446 5383
f 5383 5446 5447
f 5383 5447 5384
f 5384 5447 5448
f 5384 5448 5385
f 5385 5448 5449
f 5385 5449 5386
f 5386 5449 5436
f 5386 5436 5387
f 4874 5339 4882
f 4749 5003 4751
f 4749 4751 5165
f 5004 5054 5125
f 5004 5125 5265
f 5108 5152 5153
f 5108 5153 5130
f 4999 5401 5062
f 4999 5062 5035
f 4656 5134 5400
f 4656 5400 5435
f 4665 4668 5000
f 4665 5000 5421
f 4750 5167 4861
f 4750 4861 5408
f 4748 4750 5408
f 4748 5408 5424
f 5043 5046 5423
f 5043 5423 5435
f 5043 5435 5400
f 5042 5043 5400
f 5042 5400 5399
f 5039 5042 5399
f 5039 5399 5422
f 5039 5422 5421
f 5000 5038 5039
f 5000 5039 5421
f 4741 5425 4744
f 3103 3105 4732
f 3103 4732 4728
f 4733 3106 3104
f 4733 3104 4739
f 4841 5369 4848
f 4841 4848 4847
f 4760 5419 4762
f 4760 4762 5356
f 4762 5419 4763
f 5184 5407 5185
f 5185 5407 5406
f 5185 5406 5320
f 4822 5321 5320
f 4822 5320 4823
f 5119 5264 5268
f 5119 5268 5450
f 5119 5450 5451
f 5119 5451 5120
f 5008 5120 5451
f 5008 5451 5452
f 5005 5008 5452
f 5005 5452 5453
f 5005 5453 5454
f 5005 5454 5012
f 5009 5012 5454
f 5009 5454 5455
f 5009 5455 5456
f 5009 5456 5016
f 5306 5457 5458
f 5306 5458 5307
f 4266 5307 5458
f 4266 5458 4298
f 4732 3105 3106
f 4732 3106 4733
f 4865 5010 5015
f 5016 5456 5457
f 5016 5457 5306
f 5281 5433 5414
f 4773 5281 5414
f 4773 5414 5417
f 4770 4773 5417
f 4770 5417 5410
f 4770 5410 5413
f 4770 5413 4776
f 4774 4776 5413
f 4774 5413 5409
f 4768 5418 5433
f 4768 5433 5280
f 5280 5433 5281
f 4729 5415 5418
f 4729 5418 4730
f 4729 4735 5416
f 4729 5416 5415
f 4734 5411 5416
f 4734 5416 4735
f 4734 4738 5412
f 4734 5412 5411
f 4737 5409 5412
f 4737 5412 4738
f 4737 4740 4743
f 4737 4743 5409
f 5324 5403 5432
f 5324 5432 5328
f 4836 5290 5289
f 4836 5289 4837
f 4837 5289 5431
f 4837 5431 5430
f 4876 5328 5432
f 4876 5432 5391
f 4843 5405 5431
f 4843 5431 5288
f 5391 5432 5431
f 5391 5431 5405
f 5324 5327 5403
f 5391 5405 5404
f 5391 5404 5392
f 4837 5430 4896
f 4896 5430 5403
f 4896 5403 4897
f 4892 5392 5404
f 4892 5404 4893
f 3124 3125 5459
f 5460 5461 5462
f 5460 5462 5463
f 5464 5465 5466
f 5464 5466 5467
f 5468 5469 5470
f 5468 5470 5471
f 4405 5472 5473
f 4405 5473 5474
f 5427 3104 3159
f 5427 3159 5475
f 5476 5477 5478
f 5426 5479 5480
f 5426 5480 5481
f 5425 5428 5482
f 5459 5479 5482
f 5459 5482 5475
f 4655 5478 5474
f 4655 5474 5135
f 4659 5136 5473
f 4659 5473 5468
f 4660 5471 5465
f 4660 5465 4663
f 4666 5460 5483
f 4666 5483 5434
f 4664 5464 5461
f 4664 5461 4669
f 3151 3160 5484
f 3151 5484 5463
f 3146 3152 5462
f 3146 5462 5467
f 3142 3147 5466
f 3142 5466 5470
f 3143 5469 5472
f 3143 5472 3154
f 4405 5477 3138
f 4405 3138 3094
f 5426 5425 5482
f 5426 5482 5479
f 5476 5478 5481
f 5476 5481 5480
f 5427 5475 5482
f 5427 5482 5428
f 4405 5474 5478
f 4405 5478 5477
f 3093 3154 5472
f 3093 5472 4405
f 5468 5473 5472
f 5468 5472 5469
f 5465 5471 5470
f 5465 5470 5466
f 5461 5464 5467
f 5461 5467 5462
f 5460 5463 5484
f 5460 5484 5483
f 3151 5463 5462
f 3151 5462 3152
f 3146 5467 5466
f 3146 5466 3147
f 3142 5470 5469
f 3142 5469 3143
f 3125 5480 5479
f 3125 5479 5459
f 3124 5459 5475
f 3124 5475 3159
f 5135 5474 5473
f 5135 5473 5136
f 4666 4669 5461
f 4666 5461 5460
f 4663 5465 5464
f 4663 5464 4664
f 4659 5468 5471
f 4659 5471 4660
f 4655 4658 5426
f 4655 5426 5481
f 4655 5481 5478
f 3125 3161 5476
f 3125 5476 5480
f 3138 5477 5476
f 3138 5476 3161
f 5485 5486 5487
f 5485 5487 5488
f 5489 5490 5491
f 5489 5491 5492
f 5493 5494 5495
f 5493 5495 5496
f 5497 5498 5499
f 5497 5499 5500
f 5501 5502 5503
f 5501 5503 5504
f 5505 5506 5507
f 5505 5507 5508
f 5509 5510 5511
f 5509 5511 5512
f 5513 5514 5515
f 5513 5515 5516
f 5517 5518 5519
f 5517 5519 5520
f 5521 5522 5523
f 5524 5525 5526
f 5524 5526 5527
f 5528 5529 5530
f 5528 5530 5531
f 5532 5533 5534
f 5532 5534 5535
f 5536 5537 5538
f 5222 5224 5539
f 5222 5539 5538
f 5493 5525 5530
f 5493 5530 5500
f 5489 5522 5526
f 5489 5526 5496
f 5508 5518 5536
f 5508 5536 5534
f 5497 5529 5519
f 5497 5519 5507
f 5504 5535 5540
f 5504 5540 5515
f 5486 5501 5514
f 5486 5514 5511
f 3166 5487 5510
f 3166 5510 3173
f 5267 5429 5537
f 5267 5537 5517
f 5455 5523 5456
f 5453 5527 5521
f 5453 5521 5454
f 5451 5531 5524
f 5451 5524 5452
f 5268 5520 5528
f 5268 5528 5450
f 5534 5536 5540
f 5534 5540 5535
f 5536 5538 5539
f 5536 5539 5540
f 5524 5531 5530
f 5524 5530 5525
f 5521 5527 5526
f 5521 5526 5522
f 5517 5537 5536
f 5517 5536 5518
f 5519 5529 5528
f 5519 5528 5520
f 5515 5540 5539
f 5515 5539 5516
f 5511 5514 5513
f 5511 5513 5512
f 3173 5510 5509
f 3173 5509 3174
f 5507 5519 5518
f 5507 5518 5508
f 5505 5508 5534
f 5505 5534 5533
f 5503 5532 5535
f 5503 5535 5504
f 5501 5504 5515
f 5501 5515 5514
f 5497 5507 5506
f 5497 5506 5498
f 5497 5500 5530
f 5497 5530 5529
f 5493 5500 5499
f 5493 5499 5494
f 5493 5496 5526
f 5493 5526 5525
f 5489 5496 5495
f 5489 5495 5490
f 5489 5492 5523
f 5489 5523 5522
f 5485 5502 5501
f 5485 5501 5486
f 5486 5511 5510
f 5486 5510 5487
f 3165 5488 5487
f 3165 5487 3166
f 5458 5457 5492
f 5458 5492 5491
f 5267 5517 5520
f 5267 5520 5268
f 5222 5538 5537
f 5222 5537 5429
f 5450 5528 5531
f 5450 5531 5451
f 5454 5521 5523
f 5454 5523 5455
f 5452 5524 5527
f 5452 5527 5453
f 4382 4381 5502
f 4382 5502 5485
f 4381 4383 5503
f 4381 5503 5502
f 4382 5485 5488
f 4382 5488 4384
f 3092 4384 5488
f 3092 5488 3165
f 4386 4385 5505
f 4386 5505 5533
f 4386 5533 5532
f 4386 5532 4387
f 4385 4388 5506
f 4385 5506 5505
f 4390 4389 5490
f 4390 5490 5495
f 4390 5495 5494
f 4390 5494 4391
f 4389 4392 5491
f 4389 5491 5490
f 4391 5494 5499
f 4391 5499 4393
f 4393 5499 5498
f 4393 5498 4394
f 4383 4387 5532
f 4383 5532 5503
f 4298 5458 5491
f 4298 5491 4392
f 4388 4394 5498
f 4388 5498 5506
f 5456 5523 5492
f 5456 5492 5457
f 5224 5402 5516
f 5224 5516 5539
f 5402 5434 5513
f 5402 5513 5516
f 5434 5483 5512
f 5434 5512 5513
f 5483 5484 5509
f 5483 5509 5512
f 3160 3174 5509
f 3160 5509 5484
f 3234 3243 3242
f 3234 3242 3241
f 3234 3244 3243
f 3243 3244 3270
f 3244 3269 3270
f 3234 3241 3235
f 3235 3241 3236
f 3236 3241 3240
f 3236 3240 3237
f 3237 3240 3238
f 3238 3240 3239
f 3210 3777 3217
f 3210 3266 3777
f 3217 3777 3265
f 4184 4186 4185
f 4182 4186 4184
f 4182 4184 4183
f 4279 4280 4281
f 4279 4281 4282
f 4278 4279 4282
f 4277 4278 4282
f 4275 4277 4282
f 4275 4282 4276
f 4276 4282 4288
f 4282 4287 4288
f 4282 4286 4287
f 4282 4283 4286
f 4283 4285 4286
f 4283 4284 4285
f 3324 3647 3638
f 3638 3647 3640
f 3324 4221 3647
f 3496 4066 3776
f 3496 3776 3545
f 3496 4096 4066
f 3325 3381 3678
f 3325 3411 3381
f 3325 3390 3411
f 3325 3637 3390
f 3386 3390 3637
f 3485 3486 4263
f 3485 4263 3739
f 3739 4263 4228
f 3538 3838 3831
f 3538 3831 4212
f 3538 4212 4211
f 4454 4462 4463
f 4454 4461 4462
f 4454 4463 4464
f 4463 4490 4464
f 4464 4490 4489
f 4454 4455 4461
f 4455 4456 4461
f 4456 4460 4461
f 4456 4457 4460
f 4457 4458 4460
f 4458 4459 4460
f 4433 4434 4989
f 4433 4989 4486
f 4434 4485 4989
f 5396 5397 5398
f 5394 5396 5398
f 5394 5395 5396
f 5440 5442 5441
f 5440 5443 5442
f 5439 5443 5440
f 5438 5443 5439
f 5437 5443 5438
f 5436 5443 5437
f 5436 5449 5443
f 5443 5449 5448
f 5443 5448 5447
f 5443 5447 5444
f 5444 5447 5446
f 5444 5446 5445
f 4535 4849 4856
f 4849 4855 4856
f 4535 4856 4860
f 4711 4990 5279
f 4711 4756 4990
f 4711 5279 5311
f 4534 4888 4595
f 4534 4595 4626
f 4534 4626 4599
f 4534 4599 4850
f 4596 4850 4599
f 4263 4701 4694
f 4263 4694 4953
f 4228 4263 4953
f 4748 5046 5047
f 4748 5423 5046
f 4748 5424 5423
f 3648 3651 4221
f 5541 5542 5543
f 5541 5543 5544
f 479 5545 480
f 479 480 481
f 5546 5547 5548
f 5546 5548 5549
f 5550 5551 5552
f 5550 5552 5553
f 5554 5555 5556
f 5554 5556 5557
f 482 483 5558
f 482 5558 484
f 516 5559 5560
f 516 5560 517
f 401 484 5554
f 401 5554 452
f 399 449 5557
f 399 5557 5550
f 394 396 5553
f 394 5553 5546
f 395 5549 479
f 395 479 547
f 5555 5558 5561
f 483 487 5562
f 5541 5563 5564
f 5541 5564 5542
f 5560 5565 555
f 5560 555 517
f 483 5562 5561
f 483 5561 5558
f 5554 484 5558
f 5554 5558 5555
f 5550 5557 5556
f 5550 5556 5551
f 5546 5553 5552
f 5546 5552 5547
f 479 5549 5548
f 479 5548 5545
f 5545 5559 516
f 5545 516 480
f 449 452 5554
f 449 5554 5557
f 396 399 5550
f 396 5550 5553
f 394 5546 5549
f 394 5549 395
f 5545 5548 5559
f 386 5566 5562
f 386 5562 487
f 555 5565 5564
f 555 5564 5563
f 5544 572 571
f 5544 571 567
f 5541 5544 567
f 5541 567 546
f 5541 546 545
f 5541 545 5563
f 545 555 5563
f 5567 5568 5569
f 5567 5569 5570
f 5571 5572 5573
f 5571 5573 5574
f 5575 5576 5577
f 5575 5577 5578
f 556 608 5579
f 556 5579 5580
f 5581 5582 609
f 5581 609 610
f 5561 5562 5583
f 5584 5585 5586
f 5584 5586 5587
f 5588 5589 5590
f 5588 5590 5591
f 5592 5593 5594
f 5592 5594 5595
f 5596 5597 5598
f 5596 5598 5599
f 5600 5601 5602
f 5600 5602 5603
f 5604 5605 5606
f 5604 5606 5607
f 5566 5608 5609
f 5566 5609 5610
f 5611 5612 5613
f 5611 5613 5614
f 541 5581 610
f 541 610 619
f 5590 5615 5616
f 5590 5616 5591
f 5571 5617 5618
f 5571 5618 5572
f 5571 5591 5616
f 5571 5616 5617
f 5572 5618 623
f 5572 623 601
f 5576 5611 5584
f 5576 5584 5579
f 541 572 5605
f 541 5605 5581
f 5582 5604 5596
f 5582 5596 5603
f 609 5602 614
f 609 614 616
f 385 5580 5587
f 385 5587 5608
f 377 607 5577
f 377 5577 608
f 5575 5617 5616
f 5575 5616 5612
f 606 623 5618
f 606 5618 5578
f 5567 5600 5599
f 5567 5599 5592
f 5568 5595 5588
f 5568 5588 5574
f 597 611 5601
f 597 5601 5570
f 598 5569 5573
f 598 5573 604
f 5543 5606 5605
f 5543 5605 572
f 5601 611 614
f 5601 614 5602
f 5596 5604 5607
f 5596 5607 5597
f 5596 5599 5600
f 5596 5600 5603
f 5592 5599 5598
f 5592 5598 5593
f 5588 5595 5594
f 5588 5594 5589
f 5612 5616 5615
f 5612 5615 5613
f 5584 5611 5614
f 5584 5614 5585
f 5586 5609 5608
f 5586 5608 5587
f 5562 5566 5610
f 5562 5610 5583
f 5581 5605 5604
f 5581 5604 5582
f 5582 5603 5602
f 5582 5602 609
f 5580 5579 5584
f 5580 5584 5587
f 5575 5612 5611
f 5575 5611 5576
f 5576 5579 608
f 5576 608 5577
f 606 5578 5577
f 606 5577 607
f 5575 5578 5618
f 5575 5618 5617
f 5572 601 604
f 5572 604 5573
f 5571 5574 5588
f 5571 5588 5591
f 5567 5592 5595
f 5567 5595 5568
f 5568 5574 5573
f 5568 5573 5569
f 5567 5570 5601
f 5567 5601 5600
f 597 5570 5569
f 597 5569 598
f 385 5608 5566
f 385 5566 386
f 385 388 556
f 385 556 5580
f 5543 572 5544
f 5619 5620 5621
f 5619 5621 5622
f 5623 5624 5625
f 5623 5625 5626
f 5627 5628 5629
f 5627 5629 5630
f 5631 5632 5633
f 5631 5633 5634
f 5635 5636 5637
f 5635 5637 5638
f 5639 5640 5641
f 5639 5641 5642
f 5643 5644 5645
f 5643 5645 5646
f 5647 5648 5649
f 5647 5649 5650
f 5651 5652 5653
f 5651 5653 5654
f 5655 5656 5657
f 5655 5657 5658
f 5659 5660 5661
f 5662 5663 5664
f 5662 5664 5665
f 5666 5667 5668
f 5666 5668 5669
f 5670 5671 5672
f 5670 5672 5673
f 5674 5675 5676
f 5674 5676 5677
f 5678 5679 5680
f 5678 5680 5681
f 5682 5683 5684
f 5682 5684 5685
f 5686 5687 5688
f 5686 5688 5689
f 5690 5691 5692
f 5690 5692 5693
f 5694 5695 5696
f 5694 5696 5697
f 5698 5699 5700
f 5698 5700 5701
f 5702 5703 5704
f 5702 5704 5705
f 5706 5707 5708
f 5706 5708 5709
f 5710 5711 5712
f 5710 5712 5713
f 5714 5715 5716
f 5714 5716 5717
f 5718 5719 5720
f 5718 5720 5721
f 5722 5723 5724
f 5722 5724 5725
f 5726 5727 5728
f 5726 5728 5729
f 5730 5731 5732
f 5730 5732 5733
f 5734 5735 5736
f 5737 5738 5739
f 5737 5739 5740
f 5741 5742 5743
f 5741 5743 5744
f 5745 5746 5747
f 5745 5747 5748
f 5749 5750 5751
f 5749 5751 5752
f 5753 5754 5755
f 5753 5755 5756
f 5757 5758 5759
f 5757 5759 5760
f 5761 5762 5763
f 5761 5763 5764
f 5765 5766 5767
f 5765 5767 5768
f 5769 5770 5771
f 5769 5771 5772
f 5773 5774 5775
f 5773 5775 5776
f 5777 5778 5779
f 5777 5779 5780
f 5781 5782 5783
f 5781 5783 5784
f 5785 5786 5787
f 5785 5787 5788
f 5789 5790 5791
f 5789 5791 5792
f 5793 5794 5795
f 5793 5795 5796
f 5797 5798 5799
f 5797 5799 5800
f 5801 5802 5803
f 5801 5803 5804
f 5805 5806 5807
f 5805 5807 5808
f 5809 5810 5811
f 5809 5811 5812
f 5813 5814 5815
f 5813 5815 5816
f 5817 5818 5819
f 5817 5819 5820
f 5821 5822 5823
f 5821 5823 5824
f 5825 5826 5827
f 5825 5827 5828
f 5829 5830 5831
f 5829 5831 5832
f 5833 5834 5835
f 5833 5835 5836
f 5837 5838 5839
f 5837 5839 5840
f 5841 5842 5843
f 5841 5843 5844
f 5845 5846 5847
f 5845 5847 5848
f 5849 5850 5851
f 5849 5851 5852
f 5853 5854 5855
f 5853 5855 5856
f 5857 5858 5859
f 5857 5859 5860
f 5861 5862 5863
f 5861 5863 5864
f 5865 5866 5867
f 5865 5867 5868
f 5869 5870 5871
f 5869 5871 5872
f 5873 5874 5875
f 5873 5875 5876
f 5877 5878 5879
f 5877 5879 5880
f 5653 5881 5882
f 5653 5882 5654
f 5654 5882 5883
f 5654 5883 5655
f 5655 5883 5884
f 5655 5884 5656
f 5656 5884 5687
f 5590 5885 5615
f 5551 5556 5878
f 5551 5878 5845
f 5697 5699 5846
f 5697 5846 5877
f 5692 5828 5797
f 5692 5797 5728
f 5693 5727 5724
f 5693 5724 5695
f 5696 5723 5720
f 5696 5720 5700
f 5701 5719 5716
f 5701 5716 5704
f 5705 5715 5711
f 5705 5711 5708
f 5709 5710 5820
f 5709 5820 5821
f 5712 5714 5744
f 5712 5744 5745
f 5713 5748 5816
f 5713 5816 5817
f 5717 5718 5740
f 5717 5740 5741
f 5721 5722 5736
f 5721 5736 5737
f 5725 5726 5733
f 5725 5733 5734
f 5729 5800 5801
f 5729 5801 5730
f 5731 5804 5805
f 5731 5805 5764
f 5735 5763 5758
f 5735 5758 5738
f 5739 5757 5755
f 5739 5755 5742
f 5743 5754 5750
f 5743 5750 5746
f 5747 5749 5812
f 5747 5812 5813
f 5791 5802 5799
f 5791 5799 5794
f 5787 5806 5803
f 5787 5803 5790
f 5779 5814 5811
f 5779 5811 5782
f 5775 5818 5815
f 5775 5815 5778
f 5771 5822 5819
f 5771 5819 5774
f 5766 5795 5798
f 5766 5798 5827
f 5671 5780 5781
f 5671 5781 5677
f 5667 5672 5676
f 5667 5676 5680
f 5663 5668 5679
f 5663 5679 5685
f 5660 5687 5884
f 5657 5686 5788
f 5657 5788 5789
f 5651 5658 5792
f 5651 5792 5793
f 5647 5661 5883
f 5647 5883 5882
f 5643 5665 5659
f 5643 5659 5650
f 5639 5669 5662
f 5639 5662 5646
f 5635 5776 5777
f 5635 5777 5670
f 5636 5673 5666
f 5636 5666 5642
f 5633 5772 5773
f 5633 5773 5638
f 5629 5634 5637
f 5629 5637 5641
f 5630 5640 5645
f 5630 5645 5886
f 5623 5649 5648
f 5623 5648 5624
f 5624 5648 5881
f 5624 5881 5887
f 5622 5652 5796
f 5622 5796 5765
f 5586 5873 5870
f 5586 5870 5609
f 5767 5826 5871
f 5767 5871 5876
f 5583 5610 5869
f 5583 5869 5864
f 5542 5564 5865
f 5542 5865 5858
f 5770 5859 5868
f 5770 5868 5823
f 5560 5854 5866
f 5560 5866 5565
f 5691 5861 5872
f 5691 5872 5825
f 5706 5824 5867
f 5706 5867 5853
f 5702 5707 5856
f 5702 5856 5851
f 5698 5703 5850
f 5698 5850 5847
f 5690 5694 5880
f 5690 5880 5862
f 5547 5552 5848
f 5547 5848 5849
f 5548 5852 5855
f 5548 5855 5559
f 5619 5768 5875
f 5619 5875 5841
f 5842 5874 5585
f 5842 5585 5614
f 5620 5844 5888
f 5620 5888 5889
f 5843 5613 5615
f 5843 5615 5885
f 5837 5840 5890
f 5837 5890 5889
f 5838 5891 5589
f 5838 5589 5594
f 5625 5840 5833
f 5625 5833 5626
f 5834 5839 5593
f 5834 5593 5598
f 5632 5829 5860
f 5632 5860 5769
f 5628 5836 5830
f 5628 5830 5631
f 5831 5835 5597
f 5831 5597 5607
f 5543 5857 5832
f 5543 5832 5606
f 5870 5873 5876
f 5870 5876 5871
f 5862 5880 5879
f 5862 5879 5863
f 5861 5864 5869
f 5861 5869 5872
f 5858 5865 5868
f 5858 5868 5859
f 5853 5867 5866
f 5853 5866 5854
f 5851 5856 5855
f 5851 5855 5852
f 5845 5878 5877
f 5845 5877 5846
f 5847 5850 5849
f 5847 5849 5848
f 5564 5565 5866
f 5564 5866 5865
f 5542 5858 5857
f 5542 5857 5543
f 5609 5870 5869
f 5609 5869 5610
f 5585 5874 5873
f 5585 5873 5586
f 5561 5583 5864
f 5561 5864 5863
f 5559 5855 5854
f 5559 5854 5560
f 5841 5875 5874
f 5841 5874 5842
f 5842 5614 5613
f 5842 5613 5843
f 5843 5885 5888
f 5843 5888 5844
f 5589 5891 5885
f 5589 5885 5590
f 5885 5891 5888
f 5838 5594 5593
f 5838 5593 5839
f 5833 5840 5839
f 5833 5839 5834
f 5834 5598 5597
f 5834 5597 5835
f 5830 5836 5835
f 5830 5835 5831
f 5831 5607 5606
f 5831 5606 5832
f 5829 5832 5857
f 5829 5857 5860
f 5825 5872 5871
f 5825 5871 5826
f 5823 5868 5867
f 5823 5867 5824
f 5819 5822 5821
f 5819 5821 5820
f 5815 5818 5817
f 5815 5817 5816
f 5811 5814 5813
f 5811 5813 5812
f 5803 5806 5805
f 5803 5805 5804
f 5797 5828 5827
f 5797 5827 5798
f 5799 5802 5801
f 5799 5801 5800
f 5794 5799 5798
f 5794 5798 5795
f 5790 5803 5802
f 5790 5802 5791
f 5791 5794 5793
f 5791 5793 5792
f 5786 5807 5806
f 5786 5806 5787
f 5787 5790 5789
f 5787 5789 5788
f 5782 5811 5810
f 5782 5810 5783
f 5778 5815 5814
f 5778 5814 5779
f 5779 5782 5781
f 5779 5781 5780
f 5774 5819 5818
f 5774 5818 5775
f 5775 5778 5777
f 5775 5777 5776
f 5769 5860 5859
f 5769 5859 5770
f 5770 5823 5822
f 5770 5822 5771
f 5771 5774 5773
f 5771 5773 5772
f 5765 5796 5795
f 5765 5795 5766
f 5766 5827 5826
f 5766 5826 5767
f 5767 5876 5875
f 5767 5875 5768
f 5761 5764 5805
f 5761 5805 5808
f 5758 5763 5762
f 5758 5762 5759
f 5755 5757 5760
f 5755 5760 5756
f 5750 5754 5753
f 5750 5753 5751
f 5749 5752 5809
f 5749 5809 5812
f 5746 5750 5749
f 5746 5749 5747
f 5747 5813 5816
f 5747 5816 5748
f 5742 5755 5754
f 5742 5754 5743
f 5743 5746 5745
f 5743 5745 5744
f 5738 5758 5757
f 5738 5757 5739
f 5739 5742 5741
f 5739 5741 5740
f 5735 5738 5737
f 5735 5737 5736
f 5730 5801 5804
f 5730 5804 5731
f 5731 5764 5763
f 5731 5763 5732
f 5732 5735 5734
f 5732 5734 5733
f 5728 5797 5800
f 5728 5800 5729
f 5726 5729 5730
f 5726 5730 5733
f 5724 5727 5726
f 5724 5726 5725
f 5722 5725 5734
f 5722 5734 5736
f 5720 5723 5722
f 5720 5722 5721
f 5718 5721 5737
f 5718 5737 5740
f 5716 5719 5718
f 5716 5718 5717
f 5714 5717 5741
f 5714 5741 5744
f 5711 5715 5714
f 5711 5714 5712
f 5712 5745 5748
f 5712 5748 5713
f 5710 5713 5817
f 5710 5817 5820
f 5706 5853 5856
f 5706 5856 5707
f 5708 5711 5710
f 5708 5710 5709
f 5706 5709 5821
f 5706 5821 5824
f 5702 5851 5850
f 5702 5850 5703
f 5704 5716 5715
f 5704 5715 5705
f 5702 5705 5708
f 5702 5708 5707
f 5698 5847 5846
f 5698 5846 5699
f 5700 5720 5719
f 5700 5719 5701
f 5698 5701 5704
f 5698 5704 5703
f 5695 5724 5723
f 5695 5723 5696
f 5696 5700 5699
f 5696 5699 5697
f 5694 5697 5877
f 5694 5877 5880
f 5690 5862 5861
f 5690 5861 5691
f 5691 5825 5828
f 5691 5828 5692
f 5692 5728 5727
f 5692 5727 5693
f 5690 5693 5695
f 5690 5695 5694
f 5686 5689 5785
f 5686 5785 5788
f 5683 5688 5687
f 5683 5687 5684
f 5678 5682 5685
f 5678 5685 5679
f 5675 5681 5680
f 5675 5680 5676
f 5674 5677 5781
f 5674 5781 5784
f 5670 5777 5780
f 5670 5780 5671
f 5671 5677 5676
f 5671 5676 5672
f 5666 5673 5672
f 5666 5672 5667
f 5667 5680 5679
f 5667 5679 5668
f 5662 5669 5668
f 5662 5668 5663
f 5663 5685 5684
f 5663 5684 5664
f 5659 5665 5664
f 5659 5664 5660
f 5660 5884 5883
f 5660 5883 5661
f 5656 5687 5686
f 5656 5686 5657
f 5657 5789 5792
f 5657 5792 5658
f 5651 5793 5796
f 5651 5796 5652
f 5651 5654 5655
f 5651 5655 5658
f 5647 5882 5881
f 5647 5881 5648
f 5647 5650 5659
f 5647 5659 5661
f 5643 5650 5649
f 5643 5649 5644
f 5643 5646 5662
f 5643 5662 5665
f 5639 5646 5645
f 5639 5645 5640
f 5639 5642 5666
f 5639 5666 5669
f 5635 5670 5673
f 5635 5673 5636
f 5636 5642 5641
f 5636 5641 5637
f 5635 5638 5773
f 5635 5773 5776
f 5631 5830 5829
f 5631 5829 5632
f 5632 5769 5772
f 5632 5772 5633
f 5633 5638 5637
f 5633 5637 5634
f 5627 5833 5836
f 5627 5836 5628
f 5628 5631 5634
f 5628 5634 5629
f 5629 5641 5640
f 5629 5640 5630
f 5623 5626 5627
f 5623 5627 5886
f 5623 5886 5644
f 5623 5644 5649
f 5837 5889 5888
f 5624 5887 5890
f 5624 5890 5625
f 5619 5841 5844
f 5619 5844 5620
f 5620 5889 5621
f 5621 5653 5652
f 5621 5652 5622
f 5619 5622 5765
f 5619 5765 5768
f 5555 5879 5878
f 5555 5878 5556
f 5551 5845 5848
f 5551 5848 5552
f 5547 5849 5852
f 5547 5852 5548
f 5660 5664 5684
f 5660 5684 5687
f 5732 5763 5735
f 5555 5561 5863
f 5555 5863 5879
f 5621 5887 5881
f 5621 5881 5653
f 5626 5833 5627
f 5625 5890 5840
f 5644 5886 5645
f 5627 5630 5886
f 5621 5889 5890
f 5621 5890 5887
f 5837 5888 5891
f 5837 5891 5838
f 5751 5753 5892
f 5751 5892 5893
f 5752 5894 5895
f 5752 5895 5809
f 5756 5760 5896
f 5756 5896 5897
f 5759 5762 5898
f 5759 5898 5899
f 5761 5808 5900
f 5761 5900 5901
f 5786 5902 5903
f 5786 5903 5807
f 5783 5810 5904
f 5783 5904 5905
f 5689 5906 5907
f 5689 5907 5785
f 5683 5908 5909
f 5683 5909 5688
f 5678 5910 5911
f 5678 5911 5682
f 5674 5784 5912
f 5674 5912 5913
f 5675 5914 5915
f 5675 5915 5681
f 5674 5913 5914
f 5674 5914 5675
f 5783 5905 5912
f 5783 5912 5784
f 5678 5681 5915
f 5678 5915 5910
f 5809 5895 5904
f 5809 5904 5810
f 5751 5893 5894
f 5751 5894 5752
f 5753 5756 5897
f 5753 5897 5892
f 5807 5903 5900
f 5807 5900 5808
f 5785 5907 5902
f 5785 5902 5786
f 5761 5901 5898
f 5761 5898 5762
f 5759 5899 5896
f 5759 5896 5760
f 5688 5909 5906
f 5688 5906 5689
f 5682 5911 5908
f 5682 5908 5683
f 5936 5940 5941
f 5936 5941 5938
f 5935 5942 5943
f 5935 5943 5937
f 5933 5944 5945
f 5933 5945 5934
f 5931 5946 5947
f 5931 5947 5932
f 5929 5948 5949
f 5929 5949 5930
f 5927 5950 5951
f 5927 5951 5928
f 5924 5952 5953
f 5924 5953 5926
f 5923 5954 5955
f 5923 5955 5925
f 5921 5956 5957
f 5921 5957 5922
f 5919 5958 5959
f 5919 5959 5920
f 5916 5939 5960
f 5916 5960 5961
f 5917 5962 5963
f 5917 5963 5918
f 5938 5941 5960
f 5938 5960 5939
f 5936 5937 5943
f 5936 5943 5940
f 5934 5945 5942
f 5934 5942 5935
f 5932 5947 5944
f 5932 5944 5933
f 5930 5949 5946
f 5930 5946 5931
f 5928 5951 5948
f 5928 5948 5929
f 5926 5953 5950
f 5926 5950 5927
f 5924 5925 5955
f 5924 5955 5952
f 5922 5957 5954
f 5922 5954 5923
f 5920 5959 5956
f 5920 5956 5921
f 5918 5963 5958
f 5918 5958 5919
f 5916 5961 5962
f 5916 5962 5917
f 5908 5911 5964
f 5908 5964 5965
f 5906 5909 5966
f 5906 5966 5967
f 5968 5969 5970
f 5968 5970 5971
f 5972 5973 5974
f 5972 5974 5975
f 5976 5977 5978
f 5976 5978 5979
f 5980 5981 5982
f 5980 5982 5983
f 5984 5985 5986
f 5984 5986 5987
f 5988 5989 5990
f 5988 5990 5991
f 5992 5993 5994
f 5992 5994 5995
f 5996 5997 5998
f 5996 5998 5999
f 6000 6001 6002
f 6000 6002 6003
f 6004 6005 6006
f 6004 6006 6007
f 6008 6009 6010
f 6008 6010 6011
f 6012 6013 6014
f 6012 6014 6015
f 5956 5959 6016
f 5956 6016 6017
f 5958 5963 6018
f 5958 6018 6019
f 5961 6020 6021
f 5961 6021 5962
f 5941 6022 6023
f 5941 6023 5960
f 5896 5899 6024
f 5896 6024 6025
f 5898 5901 6026
f 5898 6026 6027
f 6028 6029 6030
f 6028 6030 6031
f 6032 6033 6034
f 6032 6034 6035
f 6036 6037 6038
f 6036 6038 6039
f 6040 6041 6042
f 6040 6042 6043
f 6044 6045 6046
f 6044 6046 6047
f 6048 6049 6050
f 6048 6050 6051
f 6052 6053 6054
f 6052 6054 6055
f 6056 6057 6058
f 6056 6058 6059
f 6060 6061 6062
f 6060 6062 6063
f 6064 6065 6066
f 6064 6066 6067
f 6068 6069 6070
f 6068 6070 6071
f 6072 6073 6074
f 6072 6074 6075
f 5950 5953 6076
f 5950 6076 6077
f 5948 5951 6078
f 5948 6078 6079
f 5946 5949 6080
f 5946 6080 6081
f 5944 5947 6082
f 5944 6082 6083
f 6084 6085 6086
f 6084 6086 6087
f 6088 6089 6090
f 6088 6090 6091
f 6092 6093 6094
f 6092 6094 6095
f 5954 5957 6096
f 5954 6096 6097
f 5940 5943 6098
f 5940 6098 6099
f 6100 6101 6102
f 6100 6102 6103
f 6104 6105 6106
f 6104 6106 6107
f 6108 6109 6110
f 6108 6110 6111
f 5902 5907 6112
f 5902 6112 6113
f 5900 5903 6114
f 5900 6114 6115
f 6116 6117 6118
f 6116 6118 6119
f 6120 6121 6122
f 6120 6122 6123
f 6124 6125 6126
f 6124 6126 6127
f 5942 5945 6128
f 5942 6128 6129
f 5952 5955 6130
f 5952 6130 6131
f 6132 6133 6134
f 6132 6134 6135
f 6136 6137 6138
f 6136 6138 6139
f 6140 6141 6142
f 6140 6142 6143
f 5892 5897 6144
f 5892 6144 6145
f 5893 6146 6147
f 5893 6147 5894
f 5895 6148 6149
f 5895 6149 5904
f 5910 5915 6150
f 5910 6150 6151
f 5905 6152 6153
f 5905 6153 5912
f 5913 6154 6155
f 5913 6155 5914
f 6156 6157 6158
f 6156 6158 6159
f 6160 6161 6162
f 6160 6162 6163
f 6164 6165 6166
f 6164 6166 6167
f 6168 6169 6170
f 6168 6170 6171
f 6172 6173 6174
f 6172 6174 6175
f 6176 6177 6178
f 6176 6178 6179
f 6180 6181 6182
f 6180 6182 6183
f 6184 6185 6186
f 6184 6186 6187
f 6188 6189 6190
f 6188 6190 6191
f 6192 6193 6194
f 6192 6194 6195
f 6196 6197 6198
f 6196 6198 6199
f 6200 6201 6202
f 6200 6202 6203
f 5984 6203 6192
f 5984 6192 6091
f 5997 6107 6191
f 5997 6191 6196
f 6088 6195 6184
f 6088 6184 6139
f 6047 6136 6187
f 6047 6187 6180
f 6044 6183 6176
f 6044 6176 6049
f 6050 6179 6172
f 6050 6172 6053
f 6054 6175 6168
f 6054 6168 6057
f 6106 6120 6167
f 6106 6167 6188
f 6058 6171 6164
f 6058 6164 6123
f 5987 5990 6163
f 5987 6163 6200
f 5993 5998 6199
f 5993 6199 6156
f 5989 5994 6159
f 5989 6159 6160
f 6085 6152 6149
f 6085 6149 6143
f 6043 6140 6148
f 6043 6148 6147
f 6039 6040 6146
f 6039 6146 6145
f 6025 6034 6036
f 6025 6036 6144
f 5980 6154 6153
f 5980 6153 6084
f 5976 6150 6155
f 5976 6155 5983
f 5964 6151 5979
f 5964 5979 5973
f 6024 6027 6028
f 6024 6028 6035
f 6026 6115 6116
f 6026 6116 6029
f 6030 6119 6165
f 6030 6165 6170
f 6031 6169 6174
f 6031 6174 6032
f 6033 6173 6178
f 6033 6178 6037
f 6038 6177 6182
f 6038 6182 6041
f 6042 6181 6186
f 6042 6186 6141
f 6045 6048 6071
f 6045 6071 6072
f 6046 6075 6135
f 6046 6135 6137
f 6051 6052 6067
f 6051 6067 6068
f 6055 6056 6063
f 6055 6063 6064
f 6059 6122 6124
f 6059 6124 6060
f 6061 6127 6128
f 6061 6128 6083
f 6062 6082 6081
f 6062 6081 6065
f 6066 6080 6079
f 6066 6079 6069
f 6070 6078 6077
f 6070 6077 6073
f 6074 6076 6131
f 6074 6131 6132
f 6110 6117 6114
f 6110 6114 6113
f 6109 6189 6166
f 6109 6166 6118
f 6102 6125 6121
f 6102 6121 6105
f 6098 6129 6126
f 6098 6126 6101
f 6094 6133 6130
f 6094 6130 6097
f 6089 6138 6134
f 6089 6134 6093
f 6086 6142 6185
f 6086 6185 6194
f 6013 6095 6096
f 6013 6096 6017
f 6009 6014 6016
f 6009 6016 6019
f 6005 6010 6018
f 6005 6018 6021
f 6001 6006 6020
f 6001 6020 6023
f 6002 6022 6099
f 6002 6099 6100
f 5996 6003 6103
f 5996 6103 6104
f 5992 6007 6000
f 5992 6000 5999
f 5988 6011 6004
f 5988 6004 5995
f 5985 6090 6092
f 5985 6092 6012
f 5986 6015 6008
f 5986 6008 5991
f 5981 6087 6193
f 5981 6193 6202
f 5977 5982 6201
f 5977 6201 6162
f 5974 5978 6161
f 5974 6161 6158
f 5968 5975 6157
f 5968 6157 6198
f 5969 6197 6190
f 5969 6190 6108
f 5967 5970 6111
f 5967 6111 6112
f 5965 5972 5971
f 5965 5971 5966
f 6192 6203 6202
f 6192 6202 6193
f 6190 6197 6196
f 6190 6196 6191
f 6184 6195 6194
f 6184 6194 6185
f 6180 6187 6186
f 6180 6186 6181
f 6176 6183 6182
f 6176 6182 6177
f 6172 6179 6178
f 6172 6178 6173
f 6168 6175 6174
f 6168 6174 6169
f 6164 6171 6170
f 6164 6170 6165
f 6166 6189 6188
f 6166 6188 6167
f 6162 6201 6200
f 6162 6200 6163
f 6156 6199 6198
f 6156 6198 6157
f 6158 6161 6160
f 6158 6160 6159
f 5912 6153 6154
f 5912 6154 5913
f 5914 6155 6150
f 5914 6150 5915
f 5904 6149 6152
f 5904 6152 5905
f 5894 6147 6148
f 5894 6148 5895
f 5892 6145 6146
f 5892 6146 5893
f 6141 6186 6185
f 6141 6185 6142
f 6140 6143 6149
f 6140 6149 6148
f 6136 6139 6184
f 6136 6184 6187
f 6134 6138 6137
f 6134 6137 6135
f 6130 6133 6132
f 6130 6132 6131
f 6126 6129 6128
f 6126 6128 6127
f 6121 6125 6124
f 6121 6124 6122
f 6120 6123 6164
f 6120 6164 6167
f 6118 6166 6165
f 6118 6165 6119
f 6114 6117 6116
f 6114 6116 6115
f 5902 6113 6114
f 5902 6114 5903
f 6108 6190 6189
f 6108 6189 6109
f 6109 6118 6117
f 6109 6117 6110
f 6110 6113 6112
f 6110 6112 6111
f 6105 6121 6120
f 6105 6120 6106
f 6106 6188 6191
f 6106 6191 6107
f 6101 6126 6125
f 6101 6125 6102
f 6102 6105 6104
f 6102 6104 6103
f 5942 6129 6098
f 5942 6098 5943
f 6098 6101 6100
f 6098 6100 6099
f 5954 6097 6130
f 5954 6130 5955
f 6093 6134 6133
f 6093 6133 6094
f 6094 6097 6096
f 6094 6096 6095
f 6088 6139 6138
f 6088 6138 6089
f 6089 6093 6092
f 6089 6092 6090
f 6088 6091 6192
f 6088 6192 6195
f 6084 6153 6152
f 6084 6152 6085
f 6085 6143 6142
f 6085 6142 6086
f 6086 6194 6193
f 6086 6193 6087
f 5944 6083 6128
f 5944 6128 5945
f 5946 6081 6082
f 5946 6082 5947
f 5948 6079 6080
f 5948 6080 5949
f 5950 6077 6078
f 5950 6078 5951
f 5952 6131 6076
f 5952 6076 5953
f 6073 6077 6076
f 6073 6076 6074
f 6074 6132 6135
f 6074 6135 6075
f 6069 6079 6078
f 6069 6078 6070
f 6070 6073 6072
f 6070 6072 6071
f 6065 6081 6080
f 6065 6080 6066
f 6066 6069 6068
f 6066 6068 6067
f 6060 6124 6127
f 6060 6127 6061
f 6061 6083 6082
f 6061 6082 6062
f 6062 6065 6064
f 6062 6064 6063
f 6057 6168 6171
f 6057 6171 6058
f 6058 6123 6122
f 6058 6122 6059
f 6056 6059 6060
f 6056 6060 6063
f 6053 6172 6175
f 6053 6175 6054
f 6054 6057 6056
f 6054 6056 6055
f 6052 6055 6064
f 6052 6064 6067
f 6049 6176 6179
f 6049 6179 6050
f 6050 6053 6052
f 6050 6052 6051
f 6048 6051 6068
f 6048 6068 6071
f 6044 6049 6048
f 6044 6048 6045
f 6045 6072 6075
f 6045 6075 6046
f 6046 6137 6136
f 6046 6136 6047
f 6044 6047 6180
f 6044 6180 6183
f 6041 6182 6181
f 6041 6181 6042
f 6042 6141 6140
f 6042 6140 6043
f 6040 6043 6147
f 6040 6147 6146
f 6037 6178 6177
f 6037 6177 6038
f 6038 6041 6040
f 6038 6040 6039
f 6036 6039 6145
f 6036 6145 6144
f 6032 6174 6173
f 6032 6173 6033
f 6033 6037 6036
f 6033 6036 6034
f 6029 6116 6119
f 6029 6119 6030
f 6030 6170 6169
f 6030 6169 6031
f 6028 6031 6032
f 6028 6032 6035
f 5900 6115 6026
f 5900 6026 5901
f 6027 6026 6029
f 6027 6029 6028
f 6024 6035 6034
f 6024 6034 6025
f 5896 6025 6144
f 5896 6144 5897
f 5898 6027 6024
f 5898 6024 5899
f 5940 6099 6022
f 5940 6022 5941
f 5961 5960 6023
f 5961 6023 6020
f 5962 6021 6018
f 5962 6018 5963
f 5958 6019 6016
f 5958 6016 5959
f 5956 6017 6096
f 5956 6096 5957
f 6012 6092 6095
f 6012 6095 6013
f 6013 6017 6016
f 6013 6016 6014
f 6008 6015 6014
f 6008 6014 6009
f 6009 6019 6018
f 6009 6018 6010
f 6004 6011 6010
f 6004 6010 6005
f 6005 6021 6020
f 6005 6020 6006
f 6000 6007 6006
f 6000 6006 6001
f 6001 6023 6022
f 6001 6022 6002
f 6002 6100 6103
f 6002 6103 6003
f 5996 6104 6107
f 5996 6107 5997
f 5997 6196 6199
f 5997 6199 5998
f 5996 5999 6000
f 5996 6000 6003
f 5992 5999 5998
f 5992 5998 5993
f 5993 6156 6159
f 5993 6159 5994
f 5992 5995 6004
f 5992 6004 6007
f 5988 5995 5994
f 5988 5994 5989
f 5989 6160 6163
f 5989 6163 5990
f 5988 5991 6008
f 5988 6008 6011
f 5984 6091 6090
f 5984 6090 5985
f 5985 6012 6015
f 5985 6015 5986
f 5986 5991 5990
f 5986 5990 5987
f 5984 5987 6200
f 5984 6200 6203
f 5980 6084 6087
f 5980 6087 5981
f 5981 6202 6201
f 5981 6201 5982
f 5980 5983 6155
f 5980 6155 6154
f 5976 5983 5982
f 5976 5982 5977
f 5977 6162 6161
f 5977 6161 5978
f 5976 5979 6151
f 5976 6151 6150
f 5973 5979 5978
f 5973 5978 5974
f 5974 6158 6157
f 5974 6157 5975
f 5968 6198 6197
f 5968 6197 5969
f 5969 6108 6111
f 5969 6111 5970
f 5968 5971 5972
f 5968 5972 5975
f 5906 5967 6112
f 5906 6112 5907
f 5967 5966 5971
f 5967 5971 5970
f 5911 5910 6151
f 5911 6151 5964
f 5964 5973 5972
f 5964 5972 5965
f 5908 5965 5966
f 5908 5966 5909
f 6204 6205 6206
f 6204 6206 6207
f 6208 6209 6210
f 6208 6210 6211
f 6212 6213 6214
f 6212 6214 6215
f 6216 6217 6218
f 6216 6218 6219
f 6220 6221 6222
f 6220 6222 6223
f 6224 6225 6226
f 6224 6226 6227
f 6228 6229 6230
f 6228 6230 6231
f 6232 6233 6234
f 6232 6234 6235
f 6236 6237 6238
f 6236 6238 6239
f 6240 6241 6242
f 6240 6242 6243
f 6244 6245 6246
f 6244 6246 6247
f 6248 6249 6250
f 6248 6250 6251
f 6252 6253 6254
f 6252 6254 6255
f 6256 6257 6258
f 6256 6258 6259
f 6260 6261 6262
f 6260 6262 6263
f 6264 6265 6266
f 6264 6266 6267
f 6268 6269 6270
f 6268 6270 6271
f 6272 6273 6274
f 6272 6274 6275
f 6276 6277 6278
f 6276 6278 6279
f 6280 6281 6282
f 6280 6282 6283
f 6284 6285 6286
f 6284 6286 6287
f 6288 6289 6290
f 6288 6290 6291
f 6292 6293 6294
f 6292 6294 6295
f 6296 6297 6298
f 6296 6298 6299
f 6300 6301 6302
f 6300 6302 6303
f 6304 6305 6306
f 6304 6306 6307
f 6308 6309 6310
f 6308 6310 6311
f 6312 6313 6314
f 6312 6314 6315
f 6316 6317 6318
f 6316 6318 6319
f 6320 6321 6322
f 6320 6322 6323
f 6324 6325 6326
f 6324 6326 6327
f 6328 6329 6330
f 6328 6330 6331
f 6332 6333 6334
f 6332 6334 6335
f 6336 6337 6338
f 6336 6338 6339
f 6340 6341 6342
f 6340 6342 6343
f 6344 6345 6346
f 6344 6346 6347
f 6348 5916 5917
f 6348 5917 6349
f 6350 5918 5919
f 6350 5919 6351
f 6352 5920 5921
f 6352 5921 6353
f 6354 5922 5923
f 6354 5923 6355
f 5924 6356 6357
f 5924 6357 5925
f 6358 5926 5927
f 6358 5927 6359
f 6360 5928 5929
f 6360 5929 6361
f 6362 5930 5931
f 6362 5931 6363
f 6364 5932 5933
f 6364 5933 6365
f 6366 5934 5935
f 6366 5935 6367
f 5936 6368 6369
f 5936 6369 5937
f 6370 5938 5939
f 6370 5939 6371
f 6209 6372 6373
f 6209 6373 6210
f 6205 6210 6373
f 6205 6373 6374
f 6205 6374 6375
f 6205 6375 6206
f 6206 6375 6376
f 6206 6376 6240
f 6240 6376 6377
f 6240 6377 6241
f 6241 6377 6378
f 6241 6378 6246
f 6246 6378 6379
f 6246 6379 6247
f 6221 6247 6379
f 6221 6379 6380
f 6221 6380 6381
f 6221 6381 6222
f 6222 6381 6382
f 6222 6382 6225
f 6225 6382 6383
f 6225 6383 6226
f 6226 6383 6384
f 6226 6384 6229
f 6229 6384 6385
f 6229 6385 6230
f 6230 6385 6386
f 6230 6386 6233
f 6233 6386 6387
f 6233 6387 6234
f 6234 6387 6388
f 6234 6388 6248
f 6248 6388 6389
f 6248 6389 6249
f 6238 6249 6389
f 6238 6389 6390
f 6238 6390 6391
f 6238 6391 6239
f 6217 6239 6391
f 6217 6391 6392
f 6217 6392 6393
f 6217 6393 6218
f 6213 6218 6393
f 6213 6393 6394
f 6213 6394 6395
f 6213 6395 6214
f 6209 6214 6395
f 6209 6395 6372
f 6255 6331 6368
f 6255 6368 6370
f 6330 6333 6367
f 6330 6367 6369
f 6284 6365 6366
f 6284 6366 6332
f 6287 6288 6363
f 6287 6363 6364
f 6291 6292 6361
f 6291 6361 6362
f 6295 6296 6359
f 6295 6359 6360
f 6299 6347 6356
f 6299 6356 6358
f 6317 6355 6357
f 6317 6357 6346
f 6264 6353 6354
f 6264 6354 6316
f 6260 6351 6352
f 6260 6352 6267
f 6252 6371 6348
f 6252 6348 6259
f 6256 6349 6350
f 6256 6350 6263
f 6285 6335 6336
f 6285 6336 6314
f 6286 6313 6310
f 6286 6310 6289
f 6290 6309 6306
f 6290 6306 6293
f 6294 6305 6301
f 6294 6301 6297
f 6298 6300 6343
f 6298 6343 6344
f 6231 6232 6302
f 6231 6302 6304
f 6235 6251 6340
f 6235 6340 6303
f 6227 6228 6307
f 6227 6307 6308
f 6223 6224 6311
f 6223 6311 6312
f 6220 6315 6339
f 6220 6339 6244
f 6326 6337 6334
f 6326 6334 6329
f 6242 6245 6338
f 6242 6338 6325
f 6237 6322 6341
f 6237 6341 6250
f 6318 6345 6342
f 6318 6342 6321
f 6207 6243 6324
f 6207 6324 6280
f 6204 6283 6276
f 6204 6276 6211
f 6208 6279 6272
f 6208 6272 6215
f 6216 6268 6323
f 6216 6323 6236
f 6212 6275 6269
f 6212 6269 6219
f 6265 6319 6320
f 6265 6320 6271
f 6261 6266 6270
f 6261 6270 6274
f 6257 6262 6273
f 6257 6273 6278
f 6253 6258 6277
f 6253 6277 6282
f 6254 6281 6327
f 6254 6327 6328
f 5936 5938 6370
f 5936 6370 6368
f 5935 5937 6369
f 5935 6369 6367
f 5933 5934 6366
f 5933 6366 6365
f 5931 5932 6364
f 5931 6364 6363
f 5929 5930 6362
f 5929 6362 6361
f 5927 5928 6360
f 5927 6360 6359
f 5924 5926 6358
f 5924 6358 6356
f 5923 5925 6357
f 5923 6357 6355
f 5921 5922 6354
f 5921 6354 6353
f 5919 5920 6352
f 5919 6352 6351
f 6348 6371 5939
f 6348 5939 5916
f 5917 5918 6350
f 5917 6350 6349
f 6346 6357 6356
f 6346 6356 6347
f 6342 6345 6344
f 6342 6344 6343
f 6332 6366 6367
f 6332 6367 6333
f 6334 6337 6336
f 6334 6336 6335
f 6329 6334 6333
f 6329 6333 6330
f 6330 6369 6368
f 6330 6368 6331
f 6325 6338 6337
f 6325 6337 6326
f 6326 6329 6328
f 6326 6328 6327
f 6321 6342 6341
f 6321 6341 6322
f 6316 6354 6355
f 6316 6355 6317
f 6317 6346 6345
f 6317 6345 6318
f 6318 6321 6320
f 6318 6320 6319
f 6314 6336 6339
f 6314 6339 6315
f 6310 6313 6312
f 6310 6312 6311
f 6306 6309 6308
f 6306 6308 6307
f 6301 6305 6304
f 6301 6304 6302
f 6300 6303 6340
f 6300 6340 6343
f 6297 6301 6300
f 6297 6300 6298
f 6298 6344 6347
f 6298 6347 6299
f 6296 6299 6358
f 6296 6358 6359
f 6293 6306 6305
f 6293 6305 6294
f 6294 6297 6296
f 6294 6296 6295
f 6292 6295 6360
f 6292 6360 6361
f 6289 6310 6309
f 6289 6309 6290
f 6290 6293 6292
f 6290 6292 6291
f 6288 6291 6362
f 6288 6362 6363
f 6284 6332 6335
f 6284 6335 6285
f 6285 6314 6313
f 6285 6313 6286
f 6286 6289 6288
f 6286 6288 6287
f 6284 6287 6364
f 6284 6364 6365
f 6280 6324 6327
f 6280 6327 6281
f 6276 6283 6282
f 6276 6282 6277
f 6272 6279 6278
f 6272 6278 6273
f 6269 6275 6274
f 6269 6274 6270
f 6268 6271 6320
f 6268 6320 6323
f 6264 6316 6319
f 6264 6319 6265
f 6265 6271 6270
f 6265 6270 6266
f 6264 6267 6352
f 6264 6352 6353
f 6260 6267 6266
f 6260 6266 6261
f 6261 6274 6273
f 6261 6273 6262
f 6260 6263 6350
f 6260 6350 6351
f 6256 6263 6262
f 6256 6262 6257
f 6257 6278 6277
f 6257 6277 6258
f 6256 6259 6348
f 6256 6348 6349
f 6252 6259 6258
f 6252 6258 6253
f 6253 6282 6281
f 6253 6281 6254
f 6254 6328 6331
f 6254 6331 6255
f 6252 6255 6370
f 6252 6370 6371
f 6250 6341 6340
f 6250 6340 6251
f 6244 6339 6338
f 6244 6338 6245
f 6241 6246 6245
f 6241 6245 6242
f 6242 6325 6324
f 6242 6324 6243
f 6236 6323 6322
f 6236 6322 6237
f 6237 6250 6249
f 6237 6249 6238
f 6234 6248 6251
f 6234 6251 6235
f 6232 6235 6303
f 6232 6303 6302
f 6230 6233 6232
f 6230 6232 6231
f 6228 6231 6304
f 6228 6304 6307
f 6226 6229 6228
f 6226 6228 6227
f 6224 6227 6308
f 6224 6308 6311
f 6220 6244 6247
f 6220 6247 6221
f 6222 6225 6224
f 6222 6224 6223
f 6220 6223 6312
f 6220 6312 6315
f 6216 6236 6239
f 6216 6239 6217
f 6216 6219 6269
f 6216 6269 6268
f 6212 6219 6218
f 6212 6218 6213
f 6212 6215 6272
f 6212 6272 6275
f 6208 6215 6214
f 6208 6214 6209
f 6208 6211 6276
f 6208 6276 6279
f 6204 6211 6210
f 6204 6210 6205
f 6206 6240 6243
f 6206 6243 6207
f 6204 6207 6280
f 6204 6280 6283
f 6391 6396 6397
f 6391 6397 6392
f 6392 6397 6398
f 6392 6398 6393
f 6393 6398 6399
f 6393 6399 6394
f 6394 6399 6400
f 6394 6400 6395
f 6372 6395 6400
f 6372 6400 6401
f 6372 6401 6402
f 6372 6402 6373
f 6373 6402 6403
f 6373 6403 6374
f 6374 6403 6404
f 6374 6404 6375
f 6375 6404 6405
f 6375 6405 6376
f 6376 6405 6406
f 6376 6406 6377
f 6377 6406 6407
f 6377 6407 6378
f 6378 6407 6408
f 6378 6408 6379
f 6379 6408 6409
f 6379 6409 6380
f 6380 6409 6410
f 6380 6410 6381
f 6381 6410 6411
f 6381 6411 6382
f 6382 6411 6412
f 6382 6412 6383
f 6383 6412 6413
f 6383 6413 6384
f 6384 6413 6414
f 6384 6414 6385
f 6385 6414 6415
f 6385 6415 6386
f 6386 6415 6416
f 6386 6416 6387
f 6387 6416 6417
f 6387 6417 6388
f 6388 6417 6418
f 6388 6418 6389
f 6389 6418 6419
f 6389 6419 6390
f 6390 6419 6396
f 6390 6396 6391
f 6400 6420 6421
f 6400 6421 6401
f 6399 6422 6420
f 6399 6420 6400
f 6398 6423 6422
f 6398 6422 6399
f 6397 6424 6423
f 6397 6423 6398
f 6397 6396 6425
f 6397 6425 6424
f 6396 6419 6426
f 6396 6426 6425
f 6418 6427 6426
f 6418 6426 6419
f 6417 6428 6427
f 6417 6427 6418
f 6416 6429 6428
f 6416 6428 6417
f 6415 6430 6429
f 6415 6429 6416
f 6414 6431 6430
f 6414 6430 6415
f 6413 6432 6431
f 6413 6431 6414
f 6412 6433 6432
f 6412 6432 6413
f 6411 6434 6433
f 6411 6433 6412
f 6410 6435 6434
f 6410 6434 6411
f 6409 6436 6435
f 6409 6435 6410
f 6408 6437 6436
f 6408 6436 6409
f 6407 6438 6437
f 6407 6437 6408
f 6406 6439 6438
f 6406 6438 6407
f 6405 6440 6439
f 6405 6439 6406
f 6404 6441 6440
f 6404 6440 6405
f 6403 6442 6441
f 6403 6441 6404
f 6402 6443 6442
f 6402 6442 6403
f 6401 6421 6443
f 6401 6443 6402
f 6444 6445 6446
f 6444 6446 6447
f 6448 6449 6450
f 6448 6450 6451
f 6452 6453 6454
f 6452 6454 6455
f 6456 6457 6458
f 6456 6458 6459
f 6460 6461 6462
f 6460 6462 6463
f 6464 6465 6466
f 6464 6466 6467
f 6468 6469 6470
f 6468 6470 6471
f 6472 6473 6474
f 6472 6474 6475
f 6476 6477 6478
f 6476 6478 6479
f 6480 6481 6482
f 6480 6482 6483
f 6484 6485 6486
f 6484 6486 6487
f 6488 6489 6490
f 6488 6490 6491
f 6492 6493 6494
f 6492 6494 6495
f 6496 6497 6498
f 6496 6498 6499
f 6500 6501 6502
f 6500 6502 6503
f 6504 6505 6506
f 6504 6506 6507
f 6508 6509 6510
f 6508 6510 6511
f 6512 6513 6514
f 6512 6514 6515
f 6516 6517 6518
f 6516 6518 6519
f 6520 6521 6522
f 6520 6522 6523
f 6524 6525 6526
f 6524 6526 6527
f 6528 6529 6530
f 6528 6530 6531
f 6532 6533 6534
f 6532 6534 6535
f 6536 6537 6538
f 6536 6538 6539
f 6534 6540 6537
f 6530 6541 6533
f 6526 6542 6529
f 6522 6543 6525
f 6518 6544 6521
f 6514 6545 6517
f 6510 6546 6513
f 6506 6547 6509
f 6502 6548 6505
f 6498 6549 6501
f 6494 6550 6497
f 6493 6538 6551
f 6473 6436 6437
f 6473 6437 6484
f 6469 6434 6435
f 6469 6435 6472
f 6466 6432 6433
f 6466 6433 6468
f 6462 6430 6431
f 6462 6431 6465
f 6461 6491 6428
f 6461 6428 6429
f 6460 6523 6524
f 6460 6524 6488
f 6463 6464 6519
f 6463 6519 6520
f 6467 6471 6515
f 6467 6515 6516
f 6470 6475 6511
f 6470 6511 6512
f 6474 6487 6507
f 6474 6507 6508
f 6482 6485 6438
f 6482 6438 6439
f 6481 6503 6504
f 6481 6504 6486
f 6478 6489 6527
f 6478 6527 6528
f 6477 6426 6427
f 6477 6427 6490
f 6457 6499 6500
f 6457 6500 6480
f 6453 6495 6496
f 6453 6496 6456
f 6448 6539 6492
f 6448 6492 6452
f 6444 6535 6536
f 6444 6536 6451
f 6447 6479 6531
f 6447 6531 6532
f 6446 6424 6425
f 6446 6425 6476
f 6445 6450 6422
f 6445 6422 6423
f 6449 6455 6421
f 6449 6421 6420
f 6454 6459 6442
f 6454 6442 6443
f 6458 6483 6440
f 6458 6440 6441
f 6534 6537 6536
f 6534 6536 6535
f 6530 6533 6532
f 6530 6532 6531
f 6526 6529 6528
f 6526 6528 6527
f 6522 6525 6524
f 6522 6524 6523
f 6518 6521 6520
f 6518 6520 6519
f 6514 6517 6516
f 6514 6516 6515
f 6510 6513 6512
f 6510 6512 6511
f 6506 6509 6508
f 6506 6508 6507
f 6502 6505 6504
f 6502 6504 6503
f 6498 6501 6500
f 6498 6500 6499
f 6492 6539 6538
f 6492 6538 6493
f 6494 6497 6496
f 6494 6496 6495
f 6488 6524 6527
f 6488 6527 6489
f 6490 6427 6428
f 6490 6428 6491
f 6486 6504 6507
f 6486 6507 6487
f 6484 6437 6438
f 6484 6438 6485
f 6480 6500 6503
f 6480 6503 6481
f 6481 6486 6485
f 6481 6485 6482
f 6482 6439 6440
f 6482 6440 6483
f 6477 6490 6489
f 6477 6489 6478
f 6478 6528 6531
f 6478 6531 6479
f 6476 6425 6426
f 6476 6426 6477
f 6493 6551 6550
f 6493 6550 6494
f 6537 6540 6551
f 6537 6551 6538
f 6533 6541 6540
f 6533 6540 6534
f 6529 6542 6541
f 6529 6541 6530
f 6525 6543 6542
f 6525 6542 6526
f 6521 6544 6543
f 6521 6543 6522
f 6517 6545 6544
f 6517 6544 6518
f 6513 6546 6545
f 6513 6545 6514
f 6509 6547 6546
f 6509 6546 6510
f 6505 6548 6547
f 6505 6547 6506
f 6501 6549 6548
f 6501 6548 6502
f 6497 6550 6549
f 6497 6549 6498
f 6473 6484 6487
f 6473 6487 6474
f 6474 6508 6511
f 6474 6511 6475
f 6469 6472 6475
f 6469 6475 6470
f 6470 6512 6515
f 6470 6515 6471
f 6466 6468 6471
f 6466 6471 6467
f 6464 6467 6516
f 6464 6516 6519
f 6460 6488 6491
f 6460 6491 6461
f 6462 6465 6464
f 6462 6464 6463
f 6460 6463 6520
f 6460 6520 6523
f 6461 6429 6430
f 6461 6430 6462
f 6465 6431 6432
f 6465 6432 6466
f 6468 6433 6434
f 6468 6434 6469
f 6472 6435 6436
f 6472 6436 6473
f 6456 6496 6499
f 6456 6499 6457
f 6457 6480 6483
f 6457 6483 6458
f 6452 6492 6495
f 6452 6495 6453
f 6453 6456 6459
f 6453 6459 6454
f 6448 6452 6455
f 6448 6455 6449
f 6448 6451 6536
f 6448 6536 6539
f 6444 6451 6450
f 6444 6450 6445
f 6446 6476 6479
f 6446 6479 6447
f 6444 6447 6532
f 6444 6532 6535
f 6445 6423 6424
f 6445 6424 6446
f 6449 6420 6422
f 6449 6422 6450
f 6454 6443 6421
f 6454 6421 6455
f 6458 6441 6442
f 6458 6442 6459
f 6548 6549 6550
f 6548 6550 6551
f 6540 6548 6551
f 6540 6541 6548
f 6541 6542 6548
f 6542 6543 6548
f 6543 6544 6548
f 6544 6545 6548
f 6545 6546 6548
f 6546 6547 6548
f 6552 6553 6554
f 6552 6554 6555
f 151 152 6556
f 151 6556 153
f 6557 6558 6559
f 6557 6559 6560
f 6561 6562 6563
f 6561 6563 6564
f 6565 6566 6567
f 6565 6567 6568
f 154 6569 155
f 154 155 156
f 188 6570 6571
f 188 6571 189
f 73 121 6568
f 73 6568 154
f 68 6564 6565
f 68 6565 124
f 66 6560 6561
f 66 6561 71
f 65 219 153
f 65 153 6557
f 6567 6572 6569
f 155 6573 158
f 6554 6574 6575
f 6554 6575 6555
f 188 227 6576
f 188 6576 6570
f 6569 6572 6573
f 6569 6573 155
f 6567 6569 154
f 6567 154 6568
f 6563 6566 6565
f 6563 6565 6564
f 6559 6562 6561
f 6559 6561 6560
f 6556 6558 6557
f 6556 6557 153
f 152 189 6571
f 152 6571 6556
f 121 124 6565
f 121 6565 6568
f 68 71 6561
f 68 6561 6564
f 65 6557 6560
f 65 6560 66
f 6556 6571 6558
f 59 158 6573
f 59 6573 6577
f 227 6575 6574
f 227 6574 6576
f 6552 239 277
f 6552 277 276
f 6552 6555 217
f 6552 217 239
f 6555 6575 218
f 6555 218 217
f 218 6575 227
f 6578 6579 6580
f 6578 6580 6581
f 6582 6583 6584
f 6582 6584 6585
f 6586 6587 6588
f 6586 6588 6589
f 228 6590 6591
f 228 6591 313
f 314 315 6592
f 314 6592 6593
f 6572 6594 6573
f 6595 6596 6597
f 6595 6597 6598
f 6599 6600 6601
f 6599 6601 6602
f 6603 6604 6605
f 6603 6605 6606
f 6607 6608 6609
f 6607 6609 6610
f 6611 6612 6613
f 6611 6613 6614
f 6615 6616 6617
f 6615 6617 6618
f 6577 6619 6620
f 6577 6620 6621
f 6622 6623 6624
f 6622 6624 6625
f 214 324 314
f 214 314 6593
f 6599 6626 6627
f 6599 6627 6600
f 6584 6628 6629
f 6584 6629 6585
f 6585 6629 6626
f 6585 6626 6599
f 6584 309 328
f 6584 328 6628
f 6588 6591 6598
f 6588 6598 6625
f 214 6593 6617
f 214 6617 276
f 6592 6611 6610
f 6592 6610 6618
f 315 322 316
f 315 316 6612
f 60 6621 6595
f 60 6595 6590
f 46 313 6587
f 46 6587 310
f 6589 6624 6626
f 6589 6626 6629
f 311 6586 6628
f 311 6628 328
f 6581 6606 6607
f 6581 6607 6614
f 6580 6582 6602
f 6580 6602 6603
f 305 6578 6613
f 305 6613 319
f 304 306 6583
f 304 6583 6579
f 6553 276 6617
f 6553 6617 6616
f 6612 316 319
f 6612 319 6613
f 6609 6615 6618
f 6609 6618 6610
f 6607 6610 6611
f 6607 6611 6614
f 6605 6608 6607
f 6605 6607 6606
f 6601 6604 6603
f 6601 6603 6602
f 6623 6627 6626
f 6623 6626 6624
f 6597 6622 6625
f 6597 6625 6598
f 6595 6621 6620
f 6595 6620 6596
f 6573 6594 6619
f 6573 6619 6577
f 6592 6618 6617
f 6592 6617 6593
f 315 6612 6611
f 315 6611 6592
f 6591 6590 6595
f 6591 6595 6598
f 6588 6625 6624
f 6588 6624 6589
f 6587 313 6591
f 6587 6591 6588
f 310 6587 6586
f 310 6586 311
f 6586 6589 6629
f 6586 6629 6628
f 6583 306 309
f 6583 309 6584
f 6582 6585 6599
f 6582 6599 6602
f 6580 6603 6606
f 6580 6606 6581
f 6579 6583 6582
f 6579 6582 6580
f 6578 6581 6614
f 6578 6614 6613
f 304 6579 6578
f 304 6578 305
f 59 6577 6621
f 59 6621 60
f 57 60 6590
f 57 6590 228
f 6552 276 6553
f 6630 6631 6632
f 6630 6632 6633
f 6634 6635 6636
f 6634 6636 6637
f 6638 6639 6640
f 6638 6640 6641
f 6642 6643 6644
f 6642 6644 6645
f 6646 6647 6648
f 6646 6648 6649
f 6650 6651 6652
f 6650 6652 6653
f 6654 6655 6656
f 6654 6656 6657
f 6658 6659 6660
f 6658 6660 6661
f 6662 6663 6664
f 6662 6664 6665
f 6666 6667 6668
f 6666 6668 6669
f 6670 6671 6672
f 6673 6674 6675
f 6673 6675 6676
f 6677 6678 6679
f 6677 6679 6680
f 6681 6682 6683
f 6681 6683 6684
f 6685 6686 6687
f 6685 6687 6688
f 6689 6690 6691
f 6689 6691 6692
f 6693 6694 6695
f 6693 6695 6696
f 6697 6698 6699
f 6697 6699 6700
f 6701 6702 6703
f 6701 6703 6704
f 6705 6706 6707
f 6705 6707 6708
f 6709 6710 6711
f 6709 6711 6712
f 6713 6714 6715
f 6713 6715 6716
f 6717 6718 6719
f 6717 6719 6720
f 6721 6722 6723
f 6721 6723 6724
f 6725 6726 6727
f 6725 6727 6728
f 6729 6730 6731
f 6729 6731 6732
f 6733 6734 6735
f 6733 6735 6736
f 6737 6738 6739
f 6737 6739 6740
f 6741 6742 6743
f 6741 6743 6744
f 6745 6746 6747
f 6748 6749 6750
f 6748 6750 6751
f 6752 6753 6754
f 6752 6754 6755
f 6756 6757 6758
f 6756 6758 6759
f 6760 6761 6762
f 6760 6762 6763
f 6764 6765 6766
f 6764 6766 6767
f 6768 6769 6770
f 6768 6770 6771
f 6772 6773 6774
f 6772 6774 6775
f 6776 6777 6778
f 6776 6778 6779
f 6780 6781 6782
f 6780 6782 6783
f 6784 6785 6786
f 6784 6786 6787
f 6788 6789 6790
f 6788 6790 6791
f 6792 6793 6794
f 6792 6794 6795
f 6796 6797 6798
f 6796 6798 6799
f 6800 6801 6802
f 6800 6802 6803
f 6804 6805 6806
f 6804 6806 6807
f 6808 6809 6810
f 6808 6810 6811
f 6812 6813 6814
f 6812 6814 6815
f 6816 6817 6818
f 6816 6818 6819
f 6820 6821 6822
f 6820 6822 6823
f 6824 6825 6826
f 6824 6826 6827
f 6828 6829 6830
f 6828 6830 6831
f 6832 6833 6834
f 6832 6834 6835
f 6836 6837 6838
f 6836 6838 6839
f 6840 6841 6842
f 6840 6842 6843
f 6844 6845 6846
f 6844 6846 6847
f 6848 6849 6850
f 6848 6850 6851
f 6852 6853 6854
f 6852 6854 6855
f 6856 6857 6858
f 6856 6858 6859
f 6860 6861 6862
f 6860 6862 6863
f 6864 6865 6866
f 6864 6866 6867
f 6868 6869 6870
f 6868 6870 6871
f 6872 6873 6874
f 6872 6874 6875
f 6876 6877 6878
f 6876 6878 6879
f 6880 6881 6882
f 6880 6882 6883
f 6884 6885 6886
f 6884 6886 6887
f 6888 6889 6890
f 6888 6890 6891
f 6662 6892 6893
f 6662 6893 6663
f 6662 6669 6894
f 6662 6894 6892
f 6668 6895 6894
f 6668 6894 6669
f 6668 6699 6895
f 6600 6627 6896
f 6563 6859 6890
f 6563 6890 6566
f 6705 6891 6858
f 6705 6858 6711
f 6702 6738 6811
f 6702 6811 6836
f 6701 6707 6734
f 6701 6734 6739
f 6706 6710 6730
f 6706 6730 6735
f 6709 6714 6726
f 6709 6726 6731
f 6713 6718 6723
f 6713 6723 6727
f 6717 6835 6828
f 6717 6828 6724
f 6722 6759 6752
f 6722 6752 6728
f 6721 6831 6824
f 6721 6824 6756
f 6725 6755 6748
f 6725 6748 6732
f 6729 6751 6745
f 6729 6745 6736
f 6733 6747 6741
f 6733 6741 6740
f 6737 6744 6815
f 6737 6815 6808
f 6743 6772 6819
f 6743 6819 6812
f 6746 6750 6770
f 6746 6770 6773
f 6749 6754 6765
f 6749 6765 6771
f 6753 6758 6762
f 6753 6762 6766
f 6757 6827 6820
f 6757 6820 6763
f 6801 6806 6809
f 6801 6809 6814
f 6797 6802 6813
f 6797 6813 6818
f 6789 6794 6821
f 6789 6821 6826
f 6785 6790 6825
f 6785 6825 6830
f 6781 6786 6829
f 6781 6829 6834
f 6778 6837 6810
f 6778 6810 6805
f 6683 6685 6795
f 6683 6795 6788
f 6679 6690 6686
f 6679 6686 6682
f 6675 6693 6691
f 6675 6691 6678
f 6671 6895 6699
f 6667 6803 6796
f 6667 6796 6700
f 6665 6807 6800
f 6665 6800 6666
f 6661 6892 6894
f 6661 6894 6670
f 6657 6658 6672
f 6657 6672 6673
f 6653 6654 6676
f 6653 6676 6677
f 6649 6684 6791
f 6649 6791 6784
f 6648 6650 6680
f 6648 6680 6681
f 6643 6646 6787
f 6643 6787 6780
f 6639 6651 6647
f 6639 6647 6642
f 6638 6897 6655
f 6638 6655 6652
f 6636 6660 6659
f 6636 6659 6637
f 6636 6898 6893
f 6636 6893 6660
f 6630 6779 6804
f 6630 6804 6664
f 6596 6620 6882
f 6596 6882 6887
f 6777 6884 6881
f 6777 6881 6838
f 6594 6872 6883
f 6594 6883 6619
f 6554 6870 6879
f 6554 6879 6574
f 6782 6833 6876
f 6782 6876 6869
f 6570 6576 6878
f 6570 6878 6866
f 6703 6839 6880
f 6703 6880 6875
f 6720 6867 6877
f 6720 6877 6832
f 6716 6861 6864
f 6716 6864 6719
f 6712 6857 6862
f 6712 6862 6715
f 6704 6874 6888
f 6704 6888 6708
f 6559 6863 6856
f 6559 6856 6562
f 6558 6571 6865
f 6558 6865 6860
f 6633 6855 6885
f 6633 6885 6776
f 6854 6622 6597
f 6854 6597 6886
f 6632 6899 6900
f 6632 6900 6852
f 6853 6896 6627
f 6853 6627 6623
f 6848 6851 6899
f 6848 6899 6901
f 6850 6604 6601
f 6850 6601 6902
f 6634 6847 6848
f 6634 6848 6635
f 6846 6608 6605
f 6846 6605 6849
f 6644 6783 6868
f 6644 6868 6843
f 6640 6645 6842
f 6640 6842 6844
f 6841 6615 6609
f 6841 6609 6845
f 6553 6616 6840
f 6553 6840 6871
f 6881 6884 6887
f 6881 6887 6882
f 6873 6889 6888
f 6873 6888 6874
f 6872 6875 6880
f 6872 6880 6883
f 6869 6876 6879
f 6869 6879 6870
f 6866 6878 6877
f 6866 6877 6867
f 6860 6865 6864
f 6860 6864 6861
f 6858 6891 6890
f 6858 6890 6859
f 6856 6863 6862
f 6856 6862 6857
f 6574 6879 6878
f 6574 6878 6576
f 6553 6871 6870
f 6553 6870 6554
f 6619 6883 6882
f 6619 6882 6620
f 6596 6887 6886
f 6596 6886 6597
f 6572 6873 6872
f 6572 6872 6594
f 6570 6866 6865
f 6570 6865 6571
f 6854 6886 6885
f 6854 6885 6855
f 6853 6623 6622
f 6853 6622 6854
f 6852 6900 6896
f 6852 6896 6853
f 6600 6896 6902
f 6600 6902 6601
f 6896 6900 6902
f 6849 6605 6604
f 6849 6604 6850
f 6846 6849 6848
f 6846 6848 6847
f 6845 6609 6608
f 6845 6608 6846
f 6841 6845 6844
f 6841 6844 6842
f 6840 6616 6615
f 6840 6615 6841
f 6840 6843 6868
f 6840 6868 6871
f 6838 6881 6880
f 6838 6880 6839
f 6832 6877 6876
f 6832 6876 6833
f 6828 6835 6834
f 6828 6834 6829
f 6824 6831 6830
f 6824 6830 6825
f 6820 6827 6826
f 6820 6826 6821
f 6812 6819 6818
f 6812 6818 6813
f 6810 6837 6836
f 6810 6836 6811
f 6808 6815 6814
f 6808 6814 6809
f 6805 6810 6809
f 6805 6809 6806
f 6801 6814 6813
f 6801 6813 6802
f 6800 6807 6806
f 6800 6806 6801
f 6797 6818 6817
f 6797 6817 6798
f 6796 6803 6802
f 6796 6802 6797
f 6793 6822 6821
f 6793 6821 6794
f 6789 6826 6825
f 6789 6825 6790
f 6788 6795 6794
f 6788 6794 6789
f 6785 6830 6829
f 6785 6829 6786
f 6784 6791 6790
f 6784 6790 6785
f 6782 6869 6868
f 6782 6868 6783
f 6781 6834 6833
f 6781 6833 6782
f 6780 6787 6786
f 6780 6786 6781
f 6778 6805 6804
f 6778 6804 6779
f 6777 6838 6837
f 6777 6837 6778
f 6776 6885 6884
f 6776 6884 6777
f 6772 6775 6816
f 6772 6816 6819
f 6769 6774 6773
f 6769 6773 6770
f 6764 6768 6771
f 6764 6771 6765
f 6761 6767 6766
f 6761 6766 6762
f 6760 6763 6820
f 6760 6820 6823
f 6757 6763 6762
f 6757 6762 6758
f 6756 6824 6827
f 6756 6827 6757
f 6753 6766 6765
f 6753 6765 6754
f 6752 6759 6758
f 6752 6758 6753
f 6749 6771 6770
f 6749 6770 6750
f 6748 6755 6754
f 6748 6754 6749
f 6745 6751 6750
f 6745 6750 6746
f 6743 6812 6815
f 6743 6815 6744
f 6742 6773 6772
f 6742 6772 6743
f 6741 6747 6746
f 6741 6746 6742
f 6737 6808 6811
f 6737 6811 6738
f 6737 6740 6741
f 6737 6741 6744
f 6733 6740 6739
f 6733 6739 6734
f 6733 6736 6745
f 6733 6745 6747
f 6729 6736 6735
f 6729 6735 6730
f 6729 6732 6748
f 6729 6748 6751
f 6725 6732 6731
f 6725 6731 6726
f 6725 6728 6752
f 6725 6752 6755
f 6722 6728 6727
f 6722 6727 6723
f 6721 6756 6759
f 6721 6759 6722
f 6721 6724 6828
f 6721 6828 6831
f 6719 6864 6867
f 6719 6867 6720
f 6717 6724 6723
f 6717 6723 6718
f 6717 6720 6832
f 6717 6832 6835
f 6715 6862 6861
f 6715 6861 6716
f 6713 6727 6726
f 6713 6726 6714
f 6713 6716 6719
f 6713 6719 6718
f 6711 6858 6857
f 6711 6857 6712
f 6709 6731 6730
f 6709 6730 6710
f 6709 6712 6715
f 6709 6715 6714
f 6706 6735 6734
f 6706 6734 6707
f 6705 6711 6710
f 6705 6710 6706
f 6705 6708 6888
f 6705 6888 6891
f 6703 6875 6874
f 6703 6874 6704
f 6702 6836 6839
f 6702 6839 6703
f 6701 6739 6738
f 6701 6738 6702
f 6701 6704 6708
f 6701 6708 6707
f 6697 6700 6796
f 6697 6796 6799
f 6694 6699 6698
f 6694 6698 6695
f 6691 6693 6696
f 6691 6696 6692
f 6686 6690 6689
f 6686 6689 6687
f 6685 6688 6792
f 6685 6792 6795
f 6683 6788 6791
f 6683 6791 6684
f 6682 6686 6685
f 6682 6685 6683
f 6679 6682 6681
f 6679 6681 6680
f 6678 6691 6690
f 6678 6690 6679
f 6675 6678 6677
f 6675 6677 6676
f 6674 6694 6693
f 6674 6693 6675
f 6671 6674 6673
f 6671 6673 6672
f 6670 6894 6895
f 6670 6895 6671
f 6667 6700 6699
f 6667 6699 6668
f 6666 6800 6803
f 6666 6803 6667
f 6664 6804 6807
f 6664 6807 6665
f 6662 6665 6666
f 6662 6666 6669
f 6660 6893 6892
f 6660 6892 6661
f 6658 6661 6670
f 6658 6670 6672
f 6656 6659 6658
f 6656 6658 6657
f 6654 6657 6673
f 6654 6673 6676
f 6652 6655 6654
f 6652 6654 6653
f 6650 6653 6677
f 6650 6677 6680
f 6648 6681 6684
f 6648 6684 6649
f 6647 6651 6650
f 6647 6650 6648
f 6646 6649 6784
f 6646 6784 6787
f 6644 6843 6842
f 6644 6842 6645
f 6643 6780 6783
f 6643 6783 6644
f 6642 6647 6646
f 6642 6646 6643
f 6640 6844 6847
f 6640 6847 6641
f 6639 6642 6645
f 6639 6645 6640
f 6638 6652 6651
f 6638 6651 6639
f 6634 6637 6897
f 6634 6897 6641
f 6637 6659 6656
f 6637 6656 6897
f 6851 6900 6899
f 6635 6901 6898
f 6635 6898 6636
f 6632 6852 6855
f 6632 6855 6633
f 6631 6899 6632
f 6630 6664 6663
f 6630 6663 6631
f 6630 6633 6776
f 6630 6776 6779
f 6566 6890 6889
f 6566 6889 6567
f 6562 6856 6859
f 6562 6859 6563
f 6558 6860 6863
f 6558 6863 6559
f 6671 6699 6694
f 6671 6694 6674
f 6742 6746 6773
f 6567 6889 6873
f 6567 6873 6572
f 6631 6663 6893
f 6631 6893 6898
f 6634 6641 6847
f 6635 6848 6901
f 6655 6897 6656
f 6638 6641 6897
f 6631 6898 6901
f 6631 6901 6899
f 6850 6902 6900
f 6850 6900 6851
f 6761 6903 6904
f 6761 6904 6767
f 6760 6823 6905
f 6760 6905 6906
f 6764 6907 6908
f 6764 6908 6768
f 6769 6909 6910
f 6769 6910 6774
f 6775 6911 6912
f 6775 6912 6816
f 6798 6817 6913
f 6798 6913 6914
f 6793 6915 6916
f 6793 6916 6822
f 6697 6799 6917
f 6697 6917 6918
f 6695 6698 6919
f 6695 6919 6920
f 6692 6696 6921
f 6692 6921 6922
f 6688 6923 6924
f 6688 6924 6792
f 6687 6689 6925
f 6687 6925 6926
f 6687 6926 6923
f 6687 6923 6688
f 6792 6924 6915
f 6792 6915 6793
f 6689 6692 6922
f 6689 6922 6925
f 6822 6916 6905
f 6822 6905 6823
f 6760 6906 6903
f 6760 6903 6761
f 6764 6767 6904
f 6764 6904 6907
f 6816 6912 6913
f 6816 6913 6817
f 6798 6914 6917
f 6798 6917 6799
f 6774 6910 6911
f 6774 6911 6775
f 6768 6908 6909
f 6768 6909 6769
f 6697 6918 6919
f 6697 6919 6698
f 6695 6920 6921
f 6695 6921 6696
f 6948 6950 6951
f 6948 6951 6952
f 6945 6947 6953
f 6945 6953 6954
f 6943 6946 6955
f 6943 6955 6956
f 6941 6944 6957
f 6941 6957 6958
f 6939 6942 6959
f 6939 6959 6960
f 6937 6940 6961
f 6937 6961 6962
f 6936 6938 6963
f 6936 6963 6964
f 6933 6935 6965
f 6933 6965 6966
f 6931 6934 6967
f 6931 6967 6968
f 6929 6932 6969
f 6929 6969 6970
f 6928 6971 6972
f 6928 6972 6949
f 6927 6930 6973
f 6927 6973 6974
f 6949 6972 6951
f 6949 6951 6950
f 6947 6948 6952
f 6947 6952 6953
f 6945 6954 6955
f 6945 6955 6946
f 6943 6956 6957
f 6943 6957 6944
f 6941 6958 6959
f 6941 6959 6942
f 6939 6960 6961
f 6939 6961 6940
f 6937 6962 6963
f 6937 6963 6938
f 6935 6936 6964
f 6935 6964 6965
f 6933 6966 6967
f 6933 6967 6934
f 6931 6968 6969
f 6931 6969 6932
f 6929 6970 6973
f 6929 6973 6930
f 6927 6974 6971
f 6927 6971 6928
f 6920 6975 6976
f 6920 6976 6921
f 6918 6977 6978
f 6918 6978 6919
f 6979 6980 6981
f 6979 6981 6982
f 6983 6984 6985
f 6983 6985 6986
f 6987 6988 6989
f 6987 6989 6990
f 6991 6992 6993
f 6991 6993 6994
f 6995 6996 6997
f 6995 6997 6998
f 6999 7000 7001
f 6999 7001 7002
f 7003 7004 7005
f 7003 7005 7006
f 7007 7008 7009
f 7007 7009 7010
f 7011 7012 7013
f 7011 7013 7014
f 7015 7016 7017
f 7015 7017 7018
f 7019 7020 7021
f 7019 7021 7022
f 7023 7024 7025
f 7023 7025 7026
f 6968 7027 7028
f 6968 7028 6969
f 6970 7029 7030
f 6970 7030 6973
f 6971 6974 7031
f 6971 7031 7032
f 6951 6972 7033
f 6951 7033 7034
f 6908 7035 7036
f 6908 7036 6909
f 6910 7037 7038
f 6910 7038 6911
f 7039 7040 7041
f 7039 7041 7042
f 7043 7044 7045
f 7043 7045 7046
f 7047 7048 7049
f 7047 7049 7050
f 7051 7052 7053
f 7051 7053 7054
f 7055 7056 7057
f 7055 7057 7058
f 7059 7060 7061
f 7059 7061 7062
f 7063 7064 7065
f 7063 7065 7066
f 7067 7068 7069
f 7067 7069 7070
f 7071 7072 7073
f 7071 7073 7074
f 7075 7076 7077
f 7075 7077 7078
f 7079 7080 7081
f 7079 7081 7082
f 7083 7084 7085
f 7083 7085 7086
f 6962 7087 7088
f 6962 7088 6963
f 6960 7089 7090
f 6960 7090 6961
f 6958 7091 7092
f 6958 7092 6959
f 6956 7093 7094
f 6956 7094 6957
f 7095 7096 7097
f 7095 7097 7098
f 7099 7100 7101
f 7099 7101 7102
f 7103 7104 7105
f 7103 7105 7106
f 6966 7107 7108
f 6966 7108 6967
f 6952 7109 7110
f 6952 7110 6953
f 7111 7112 7113
f 7111 7113 7114
f 7115 7116 7117
f 7115 7117 7118
f 7119 7120 7121
f 7119 7121 7122
f 6914 7123 7124
f 6914 7124 6917
f 6912 7125 7126
f 6912 7126 6913
f 7127 7128 7129
f 7127 7129 7130
f 7131 7132 7133
f 7131 7133 7134
f 7135 7136 7137
f 7135 7137 7138
f 6954 7139 7140
f 6954 7140 6955
f 6964 7141 7142
f 6964 7142 6965
f 7143 7144 7145
f 7143 7145 7146
f 7147 7148 7149
f 7147 7149 7150
f 7151 7152 7153
f 7151 7153 7154
f 6904 7155 7156
f 6904 7156 6907
f 6903 6906 7157
f 6903 7157 7158
f 6905 6916 7159
f 6905 7159 7160
f 6922 7161 7162
f 6922 7162 6925
f 6915 6924 7163
f 6915 7163 7164
f 6923 6926 7165
f 6923 7165 7166
f 7167 7168 7169
f 7167 7169 7170
f 7171 7172 7173
f 7171 7173 7174
f 7175 7176 7177
f 7175 7177 7178
f 7179 7180 7181
f 7179 7181 7182
f 7183 7184 7185
f 7183 7185 7186
f 7187 7188 7189
f 7187 7189 7190
f 7191 7192 7193
f 7191 7193 7194
f 7195 7196 7197
f 7195 7197 7198
f 7199 7200 7201
f 7199 7201 7202
f 7203 7204 7205
f 7203 7205 7206
f 7207 7208 7209
f 7207 7209 7210
f 7211 7212 7213
f 7211 7213 7214
f 6998 7099 7206
f 6998 7206 7211
f 7009 7210 7199
f 7009 7199 7115
f 7102 7147 7198
f 7102 7198 7203
f 7055 7194 7195
f 7055 7195 7150
f 7058 7061 7190
f 7058 7190 7191
f 7060 7065 7186
f 7060 7186 7187
f 7064 7069 7182
f 7064 7182 7183
f 7116 7202 7175
f 7116 7175 7134
f 7068 7131 7178
f 7068 7178 7179
f 6995 7214 7171
f 6995 7171 7000
f 7005 7170 7207
f 7005 7207 7008
f 7001 7174 7167
f 7001 7167 7004
f 7097 7151 7159
f 7097 7159 7164
f 7051 7157 7160
f 7051 7160 7154
f 7047 7155 7158
f 7047 7158 7054
f 7035 7156 7050
f 7035 7050 7044
f 6994 7098 7163
f 6994 7163 7166
f 6990 6991 7165
f 6990 7165 7162
f 6976 6985 6987
f 6976 6987 7161
f 7036 7043 7042
f 7036 7042 7037
f 7038 7041 7130
f 7038 7130 7125
f 7040 7180 7177
f 7040 7177 7127
f 7039 7046 7184
f 7039 7184 7181
f 7045 7049 7188
f 7045 7188 7185
f 7048 7053 7192
f 7048 7192 7189
f 7052 7153 7196
f 7052 7196 7193
f 7057 7086 7079
f 7057 7079 7062
f 7056 7149 7143
f 7056 7143 7083
f 7059 7082 7075
f 7059 7075 7066
f 7063 7078 7071
f 7063 7071 7070
f 7067 7074 7138
f 7067 7138 7132
f 7073 7093 7140
f 7073 7140 7135
f 7072 7077 7091
f 7072 7091 7094
f 7076 7081 7089
f 7076 7089 7092
f 7080 7085 7087
f 7080 7087 7090
f 7084 7146 7141
f 7084 7141 7088
f 7120 7123 7126
f 7120 7126 7129
f 7121 7128 7176
f 7121 7176 7201
f 7112 7117 7133
f 7112 7133 7137
f 7110 7113 7136
f 7110 7136 7139
f 7104 7107 7142
f 7104 7142 7145
f 7101 7105 7144
f 7101 7144 7148
f 7096 7204 7197
f 7096 7197 7152
f 7025 7027 7108
f 7025 7108 7103
f 7021 7029 7028
f 7021 7028 7024
f 7017 7031 7030
f 7017 7030 7020
f 7013 7033 7032
f 7013 7032 7016
f 7012 7114 7109
f 7012 7109 7034
f 7010 7118 7111
f 7010 7111 7011
f 7006 7007 7014
f 7006 7014 7015
f 7002 7003 7018
f 7002 7018 7019
f 6997 7026 7106
f 6997 7106 7100
f 6996 6999 7022
f 6996 7022 7023
f 6993 7212 7205
f 6993 7205 7095
f 6989 7172 7213
f 6989 7213 6992
f 6984 7168 7173
f 6984 7173 6988
f 6982 7208 7169
f 6982 7169 6983
f 6981 7122 7200
f 6981 7200 7209
f 6977 7124 7119
f 6977 7119 6980
f 6975 6978 6979
f 6975 6979 6986
f 7205 7212 7211
f 7205 7211 7206
f 7199 7210 7209
f 7199 7209 7200
f 7197 7204 7203
f 7197 7203 7198
f 7193 7196 7195
f 7193 7195 7194
f 7189 7192 7191
f 7189 7191 7190
f 7185 7188 7187
f 7185 7187 7186
f 7181 7184 7183
f 7181 7183 7182
f 7177 7180 7179
f 7177 7179 7178
f 7175 7202 7201
f 7175 7201 7176
f 7171 7214 7213
f 7171 7213 7172
f 7169 7208 7207
f 7169 7207 7170
f 7167 7174 7173
f 7167 7173 7168
f 6923 7166 7163
f 6923 7163 6924
f 6925 7162 7165
f 6925 7165 6926
f 6915 7164 7159
f 6915 7159 6916
f 6905 7160 7157
f 6905 7157 6906
f 6903 7158 7155
f 6903 7155 6904
f 7152 7197 7196
f 7152 7196 7153
f 7151 7154 7160
f 7151 7160 7159
f 7147 7150 7195
f 7147 7195 7198
f 7143 7149 7148
f 7143 7148 7144
f 7141 7146 7145
f 7141 7145 7142
f 7135 7140 7139
f 7135 7139 7136
f 7132 7138 7137
f 7132 7137 7133
f 7131 7134 7175
f 7131 7175 7178
f 7127 7177 7176
f 7127 7176 7128
f 7125 7130 7129
f 7125 7129 7126
f 6913 7126 7123
f 6913 7123 6914
f 7121 7201 7200
f 7121 7200 7122
f 7120 7129 7128
f 7120 7128 7121
f 7119 7124 7123
f 7119 7123 7120
f 7116 7134 7133
f 7116 7133 7117
f 7115 7199 7202
f 7115 7202 7116
f 7112 7137 7136
f 7112 7136 7113
f 7111 7118 7117
f 7111 7117 7112
f 6953 7110 7139
f 6953 7139 6954
f 7109 7114 7113
f 7109 7113 7110
f 6965 7142 7107
f 6965 7107 6966
f 7104 7145 7144
f 7104 7144 7105
f 7103 7108 7107
f 7103 7107 7104
f 7101 7148 7147
f 7101 7147 7102
f 7100 7106 7105
f 7100 7105 7101
f 7099 7102 7203
f 7099 7203 7206
f 7097 7164 7163
f 7097 7163 7098
f 7096 7152 7151
f 7096 7151 7097
f 7095 7205 7204
f 7095 7204 7096
f 6955 7140 7093
f 6955 7093 6956
f 6957 7094 7091
f 6957 7091 6958
f 6959 7092 7089
f 6959 7089 6960
f 6961 7090 7087
f 6961 7087 6962
f 6963 7088 7141
f 6963 7141 6964
f 7084 7088 7087
f 7084 7087 7085
f 7083 7143 7146
f 7083 7146 7084
f 7080 7090 7089
f 7080 7089 7081
f 7079 7086 7085
f 7079 7085 7080
f 7076 7092 7091
f 7076 7091 7077
f 7075 7082 7081
f 7075 7081 7076
f 7073 7135 7138
f 7073 7138 7074
f 7072 7094 7093
f 7072 7093 7073
f 7071 7078 7077
f 7071 7077 7072
f 7068 7179 7182
f 7068 7182 7069
f 7067 7132 7131
f 7067 7131 7068
f 7067 7070 7071
f 7067 7071 7074
f 7064 7183 7186
f 7064 7186 7065
f 7063 7070 7069
f 7063 7069 7064
f 7063 7066 7075
f 7063 7075 7078
f 7060 7187 7190
f 7060 7190 7061
f 7059 7066 7065
f 7059 7065 7060
f 7059 7062 7079
f 7059 7079 7082
f 7057 7062 7061
f 7057 7061 7058
f 7056 7083 7086
f 7056 7086 7057
f 7055 7150 7149
f 7055 7149 7056
f 7055 7058 7191
f 7055 7191 7194
f 7052 7193 7192
f 7052 7192 7053
f 7051 7154 7153
f 7051 7153 7052
f 7051 7054 7158
f 7051 7158 7157
f 7048 7189 7188
f 7048 7188 7049
f 7047 7054 7053
f 7047 7053 7048
f 7047 7050 7156
f 7047 7156 7155
f 7045 7185 7184
f 7045 7184 7046
f 7044 7050 7049
f 7044 7049 7045
f 7040 7127 7130
f 7040 7130 7041
f 7039 7181 7180
f 7039 7180 7040
f 7039 7042 7043
f 7039 7043 7046
f 6911 7038 7125
f 6911 7125 6912
f 7038 7037 7042
f 7038 7042 7041
f 7035 7044 7043
f 7035 7043 7036
f 6907 7156 7035
f 6907 7035 6908
f 6909 7036 7037
f 6909 7037 6910
f 6951 7034 7109
f 6951 7109 6952
f 6972 6971 7032
f 6972 7032 7033
f 6973 7030 7031
f 6973 7031 6974
f 6969 7028 7029
f 6969 7029 6970
f 6967 7108 7027
f 6967 7027 6968
f 7025 7103 7106
f 7025 7106 7026
f 7024 7028 7027
f 7024 7027 7025
f 7021 7024 7023
f 7021 7023 7022
f 7020 7030 7029
f 7020 7029 7021
f 7017 7020 7019
f 7017 7019 7018
f 7016 7032 7031
f 7016 7031 7017
f 7013 7016 7015
f 7013 7015 7014
f 7012 7034 7033
f 7012 7033 7013
f 7011 7111 7114
f 7011 7114 7012
f 7009 7115 7118
f 7009 7118 7010
f 7008 7207 7210
f 7008 7210 7009
f 7007 7010 7011
f 7007 7011 7014
f 7005 7008 7007
f 7005 7007 7006
f 7004 7167 7170
f 7004 7170 7005
f 7003 7006 7015
f 7003 7015 7018
f 7001 7004 7003
f 7001 7003 7002
f 7000 7171 7174
f 7000 7174 7001
f 6999 7002 7019
f 6999 7019 7022
f 6997 7100 7099
f 6997 7099 6998
f 6996 7023 7026
f 6996 7026 6997
f 6995 7000 6999
f 6995 6999 6996
f 6995 6998 7211
f 6995 7211 7214
f 6993 7095 7098
f 6993 7098 6994
f 6992 7213 7212
f 6992 7212 6993
f 6991 6994 7166
f 6991 7166 7165
f 6989 6992 6991
f 6989 6991 6990
f 6988 7173 7172
f 6988 7172 6989
f 6987 6990 7162
f 6987 7162 7161
f 6984 6988 6987
f 6984 6987 6985
f 6983 7169 7168
f 6983 7168 6984
f 6981 7209 7208
f 6981 7208 6982
f 6980 7119 7122
f 6980 7122 6981
f 6979 6982 6983
f 6979 6983 6986
f 6917 7124 6977
f 6917 6977 6918
f 6978 6977 6980
f 6978 6980 6979
f 6922 6921 6976
f 6922 6976 7161
f 6975 6986 6985
f 6975 6985 6976
f 6919 6978 6975
f 6919 6975 6920
f 7215 7216 7217
f 7215 7217 7218
f 7219 7220 7221
f 7219 7221 7222
f 7223 7224 7225
f 7223 7225 7226
f 7227 7228 7229
f 7227 7229 7230
f 7231 7232 7233
f 7231 7233 7234
f 7235 7236 7237
f 7235 7237 7238
f 7239 7240 7241
f 7239 7241 7242
f 7243 7244 7245
f 7243 7245 7246
f 7247 7248 7249
f 7247 7249 7250
f 7251 7252 7253
f 7251 7253 7254
f 7255 7256 7257
f 7255 7257 7258
f 7259 7260 7261
f 7259 7261 7262
f 7263 7264 7265
f 7263 7265 7266
f 7267 7268 7269
f 7267 7269 7270
f 7271 7272 7273
f 7271 7273 7274
f 7275 7276 7277
f 7275 7277 7278
f 7279 7280 7281
f 7279 7281 7282
f 7283 7284 7285
f 7283 7285 7286
f 7287 7288 7289
f 7287 7289 7290
f 7291 7292 7293
f 7291 7293 7294
f 7295 7296 7297
f 7295 7297 7298
f 7299 7300 7301
f 7299 7301 7302
f 7303 7304 7305
f 7303 7305 7306
f 7307 7308 7309
f 7307 7309 7310
f 7311 7312 7313
f 7311 7313 7314
f 7315 7316 7317
f 7315 7317 7318
f 7319 7320 7321
f 7319 7321 7322
f 7323 7324 7325
f 7323 7325 7326
f 7327 7328 7329
f 7327 7329 7330
f 7331 7332 7333
f 7331 7333 7334
f 7335 7336 7337
f 7335 7337 7338
f 7339 7340 7341
f 7339 7341 7342
f 7343 7344 7345
f 7343 7345 7346
f 7347 7348 7349
f 7347 7349 7350
f 7351 7352 7353
f 7351 7353 7354
f 7355 7356 7357
f 7355 7357 7358
f 7359 6927 6928
f 7359 6928 7360
f 7361 6929 6930
f 7361 6930 7362
f 7363 6931 6932
f 7363 6932 7364
f 7365 6933 6934
f 7365 6934 7366
f 6935 7367 7368
f 6935 7368 6936
f 7369 6937 6938
f 7369 6938 7370
f 7371 6939 6940
f 7371 6940 7372
f 7373 6941 6942
f 7373 6942 7374
f 7375 6943 6944
f 7375 6944 7376
f 7377 6945 6946
f 7377 6946 7378
f 6947 7379 7380
f 6947 7380 6948
f 7381 6949 6950
f 7381 6950 7382
f 7220 7383 7384
f 7220 7384 7221
f 7217 7385 7383
f 7217 7383 7220
f 7216 7386 7385
f 7216 7385 7217
f 7216 7254 7387
f 7216 7387 7386
f 7253 7388 7387
f 7253 7387 7254
f 7253 7256 7389
f 7253 7389 7388
f 7255 7390 7389
f 7255 7389 7256
f 7233 7391 7390
f 7233 7390 7255
f 7232 7392 7391
f 7232 7391 7233
f 7232 7237 7393
f 7232 7393 7392
f 7236 7394 7393
f 7236 7393 7237
f 7236 7241 7395
f 7236 7395 7394
f 7240 7396 7395
f 7240 7395 7241
f 7240 7245 7397
f 7240 7397 7396
f 7244 7398 7397
f 7244 7397 7245
f 7244 7262 7399
f 7244 7399 7398
f 7261 7400 7399
f 7261 7399 7262
f 7248 7401 7400
f 7248 7400 7261
f 7247 7402 7401
f 7247 7401 7248
f 7229 7403 7402
f 7229 7402 7247
f 7228 7404 7403
f 7228 7403 7229
f 7225 7405 7404
f 7225 7404 7228
f 7224 7406 7405
f 7224 7405 7225
f 7221 7384 7406
f 7221 7406 7224
f 7263 7382 7380
f 7263 7380 7339
f 7340 7379 7377
f 7340 7377 7345
f 7298 7346 7378
f 7298 7378 7375
f 7295 7376 7373
f 7295 7373 7302
f 7299 7374 7371
f 7299 7371 7306
f 7303 7372 7369
f 7303 7369 7310
f 7307 7370 7368
f 7307 7368 7355
f 7329 7356 7367
f 7329 7367 7365
f 7278 7330 7366
f 7278 7366 7363
f 7274 7275 7364
f 7274 7364 7361
f 7266 7267 7360
f 7266 7360 7381
f 7270 7271 7362
f 7270 7362 7359
f 7297 7324 7350
f 7297 7350 7343
f 7296 7301 7320
f 7296 7320 7325
f 7300 7305 7316
f 7300 7316 7321
f 7304 7309 7313
f 7304 7313 7317
f 7308 7358 7351
f 7308 7351 7314
f 7239 7318 7312
f 7239 7312 7246
f 7243 7311 7354
f 7243 7354 7259
f 7235 7322 7315
f 7235 7315 7242
f 7231 7326 7319
f 7231 7319 7238
f 7234 7258 7347
f 7234 7347 7323
f 7336 7341 7344
f 7336 7344 7349
f 7252 7337 7348
f 7252 7348 7257
f 7249 7260 7353
f 7249 7353 7332
f 7328 7333 7352
f 7328 7352 7357
f 7215 7294 7338
f 7215 7338 7251
f 7218 7219 7290
f 7218 7290 7291
f 7222 7223 7286
f 7222 7286 7287
f 7230 7250 7331
f 7230 7331 7282
f 7226 7227 7281
f 7226 7281 7283
f 7277 7279 7334
f 7277 7334 7327
f 7273 7284 7280
f 7273 7280 7276
f 7269 7288 7285
f 7269 7285 7272
f 7265 7292 7289
f 7265 7289 7268
f 7264 7342 7335
f 7264 7335 7293
f 7380 7382 6950
f 7380 6950 6948
f 7377 7379 6947
f 7377 6947 6945
f 7375 7378 6946
f 7375 6946 6943
f 7373 7376 6944
f 7373 6944 6941
f 7371 7374 6942
f 7371 6942 6939
f 7369 7372 6940
f 7369 6940 6937
f 7368 7370 6938
f 7368 6938 6936
f 7365 7367 6935
f 7365 6935 6933
f 7363 7366 6934
f 7363 6934 6931
f 7361 7364 6932
f 7361 6932 6929
f 6928 6949 7381
f 6928 7381 7360
f 7359 7362 6930
f 7359 6930 6927
f 7355 7368 7367
f 7355 7367 7356
f 7351 7358 7357
f 7351 7357 7352
f 7345 7377 7378
f 7345 7378 7346
f 7343 7350 7349
f 7343 7349 7344
f 7340 7345 7344
f 7340 7344 7341
f 7339 7380 7379
f 7339 7379 7340
f 7336 7349 7348
f 7336 7348 7337
f 7335 7342 7341
f 7335 7341 7336
f 7332 7353 7352
f 7332 7352 7333
f 7329 7365 7366
f 7329 7366 7330
f 7328 7357 7356
f 7328 7356 7329
f 7327 7334 7333
f 7327 7333 7328
f 7323 7347 7350
f 7323 7350 7324
f 7319 7326 7325
f 7319 7325 7320
f 7315 7322 7321
f 7315 7321 7316
f 7312 7318 7317
f 7312 7317 7313
f 7311 7314 7351
f 7311 7351 7354
f 7308 7314 7313
f 7308 7313 7309
f 7307 7355 7358
f 7307 7358 7308
f 7307 7310 7369
f 7307 7369 7370
f 7304 7317 7316
f 7304 7316 7305
f 7303 7310 7309
f 7303 7309 7304
f 7303 7306 7371
f 7303 7371 7372
f 7300 7321 7320
f 7300 7320 7301
f 7299 7306 7305
f 7299 7305 7300
f 7299 7302 7373
f 7299 7373 7374
f 7297 7343 7346
f 7297 7346 7298
f 7296 7325 7324
f 7296 7324 7297
f 7295 7302 7301
f 7295 7301 7296
f 7295 7298 7375
f 7295 7375 7376
f 7293 7335 7338
f 7293 7338 7294
f 7289 7292 7291
f 7289 7291 7290
f 7285 7288 7287
f 7285 7287 7286
f 7280 7284 7283
f 7280 7283 7281
f 7279 7282 7331
f 7279 7331 7334
f 7277 7327 7330
f 7277 7330 7278
f 7276 7280 7279
f 7276 7279 7277
f 7275 7278 7363
f 7275 7363 7364
f 7273 7276 7275
f 7273 7275 7274
f 7272 7285 7284
f 7272 7284 7273
f 7271 7274 7361
f 7271 7361 7362
f 7269 7272 7271
f 7269 7271 7270
f 7268 7289 7288
f 7268 7288 7269
f 7267 7270 7359
f 7267 7359 7360
f 7265 7268 7267
f 7265 7267 7266
f 7264 7293 7292
f 7264 7292 7265
f 7263 7339 7342
f 7263 7342 7264
f 7263 7266 7381
f 7263 7381 7382
f 7259 7354 7353
f 7259 7353 7260
f 7257 7348 7347
f 7257 7347 7258
f 7252 7257 7256
f 7252 7256 7253
f 7251 7338 7337
f 7251 7337 7252
f 7249 7332 7331
f 7249 7331 7250
f 7248 7261 7260
f 7248 7260 7249
f 7243 7259 7262
f 7243 7262 7244
f 7243 7246 7312
f 7243 7312 7311
f 7239 7246 7245
f 7239 7245 7240
f 7239 7242 7315
f 7239 7315 7318
f 7235 7242 7241
f 7235 7241 7236
f 7235 7238 7319
f 7235 7319 7322
f 7233 7255 7258
f 7233 7258 7234
f 7231 7238 7237
f 7231 7237 7232
f 7231 7234 7323
f 7231 7323 7326
f 7229 7247 7250
f 7229 7250 7230
f 7227 7230 7282
f 7227 7282 7281
f 7225 7228 7227
f 7225 7227 7226
f 7223 7226 7283
f 7223 7283 7286
f 7221 7224 7223
f 7221 7223 7222
f 7219 7222 7287
f 7219 7287 7290
f 7217 7220 7219
f 7217 7219 7218
f 7215 7251 7254
f 7215 7254 7216
f 7215 7218 7291
f 7215 7291 7294
f 7402 7403 7407
f 7402 7407 7408
f 7403 7404 7409
f 7403 7409 7407
f 7404 7405 7410
f 7404 7410 7409
f 7405 7406 7411
f 7405 7411 7410
f 7384 7412 7411
f 7384 7411 7406
f 7383 7413 7412
f 7383 7412 7384
f 7383 7385 7414
f 7383 7414 7413
f 7385 7386 7415
f 7385 7415 7414
f 7386 7387 7416
f 7386 7416 7415
f 7387 7388 7417
f 7387 7417 7416
f 7388 7389 7418
f 7388 7418 7417
f 7389 7390 7419
f 7389 7419 7418
f 7390 7391 7420
f 7390 7420 7419
f 7391 7392 7421
f 7391 7421 7420
f 7392 7393 7422
f 7392 7422 7421
f 7393 7394 7423
f 7393 7423 7422
f 7394 7395 7424
f 7394 7424 7423
f 7395 7396 7425
f 7395 7425 7424
f 7396 7397 7426
f 7396 7426 7425
f 7397 7398 7427
f 7397 7427 7426
f 7398 7399 7428
f 7398 7428 7427
f 7399 7400 7429
f 7399 7429 7428
f 7400 7401 7430
f 7400 7430 7429
f 7401 7402 7408
f 7401 7408 7430
f 7411 7412 7431
f 7411 7431 7432
f 7410 7411 7432
f 7410 7432 7433
f 7409 7410 7433
f 7409 7433 7434
f 7407 7409 7434
f 7407 7434 7435
f 7408 7407 7435
f 7408 7435 7436
f 7408 7436 7437
f 7408 7437 7430
f 7429 7430 7437
f 7429 7437 7438
f 7428 7429 7438
f 7428 7438 7439
f 7427 7428 7439
f 7427 7439 7440
f 7426 7427 7440
f 7426 7440 7441
f 7425 7426 7441
f 7425 7441 7442
f 7424 7425 7442
f 7424 7442 7443
f 7423 7424 7443
f 7423 7443 7444
f 7422 7423 7444
f 7422 7444 7445
f 7421 7422 7445
f 7421 7445 7446
f 7420 7421 7446
f 7420 7446 7447
f 7419 7420 7447
f 7419 7447 7448
f 7418 7419 7448
f 7418 7448 7449
f 7417 7418 7449
f 7417 7449 7450
f 7416 7417 7450
f 7416 7450 7451
f 7415 7416 7451
f 7415 7451 7452
f 7414 7415 7452
f 7414 7452 7453
f 7413 7414 7453
f 7413 7453 7454
f 7412 7413 7454
f 7412 7454 7431
f 7455 7456 7457
f 7455 7457 7458
f 7459 7460 7461
f 7459 7461 7462
f 7463 7464 7465
f 7463 7465 7466
f 7467 7468 7469
f 7467 7469 7470
f 7471 7472 7473
f 7471 7473 7474
f 7475 7476 7477
f 7475 7477 7478
f 7479 7480 7481
f 7479 7481 7482
f 7483 7484 7485
f 7483 7485 7486
f 7487 7488 7489
f 7487 7489 7490
f 7491 7492 7493
f 7491 7493 7494
f 7495 7496 7497
f 7495 7497 7498
f 7499 7500 7501
f 7499 7501 7502
f 7503 7504 7505
f 7503 7505 7506
f 7507 7508 7509
f 7507 7509 7510
f 7511 7512 7513
f 7511 7513 7514
f 7515 7516 7517
f 7515 7517 7518
f 7519 7520 7521
f 7519 7521 7522
f 7523 7524 7525
f 7523 7525 7526
f 7527 7528 7529
f 7527 7529 7530
f 7531 7532 7533
f 7531 7533 7534
f 7535 7536 7537
f 7535 7537 7538
f 7539 7540 7541
f 7539 7541 7542
f 7543 7544 7545
f 7543 7545 7546
f 7547 7548 7549
f 7547 7549 7550
f 7544 7549 7551
f 7540 7545 7552
f 7536 7541 7553
f 7532 7537 7554
f 7528 7533 7555
f 7524 7529 7556
f 7520 7525 7557
f 7516 7521 7558
f 7512 7517 7559
f 7508 7513 7560
f 7504 7509 7561
f 7505 7562 7548
f 7485 7498 7448
f 7485 7448 7447
f 7481 7486 7446
f 7481 7446 7445
f 7476 7482 7444
f 7476 7444 7443
f 7472 7477 7442
f 7472 7442 7441
f 7473 7440 7439
f 7473 7439 7499
f 7474 7502 7538
f 7474 7538 7531
f 7471 7534 7527
f 7471 7527 7478
f 7475 7530 7523
f 7475 7523 7479
f 7480 7526 7519
f 7480 7519 7483
f 7484 7522 7515
f 7484 7515 7495
f 7492 7450 7449
f 7492 7449 7497
f 7493 7496 7518
f 7493 7518 7511
f 7488 7542 7535
f 7488 7535 7501
f 7489 7500 7438
f 7489 7438 7437
f 7469 7494 7514
f 7469 7514 7507
f 7465 7470 7510
f 7465 7510 7503
f 7462 7466 7506
f 7462 7506 7547
f 7458 7459 7550
f 7458 7550 7543
f 7455 7546 7539
f 7455 7539 7487
f 7456 7490 7436
f 7456 7436 7435
f 7457 7434 7433
f 7457 7433 7460
f 7461 7432 7431
f 7461 7431 7463
f 7464 7454 7453
f 7464 7453 7467
f 7468 7452 7451
f 7468 7451 7491
f 7543 7550 7549
f 7543 7549 7544
f 7539 7546 7545
f 7539 7545 7540
f 7535 7542 7541
f 7535 7541 7536
f 7531 7538 7537
f 7531 7537 7532
f 7527 7534 7533
f 7527 7533 7528
f 7523 7530 7529
f 7523 7529 7524
f 7519 7526 7525
f 7519 7525 7520
f 7515 7522 7521
f 7515 7521 7516
f 7511 7518 7517
f 7511 7517 7512
f 7507 7514 7513
f 7507 7513 7508
f 7505 7548 7547
f 7505 7547 7506
f 7503 7510 7509
f 7503 7509 7504
f 7501 7535 7538
f 7501 7538 7502
f 7499 7439 7438
f 7499 7438 7500
f 7495 7515 7518
f 7495 7518 7496
f 7497 7449 7448
f 7497 7448 7498
f 7493 7511 7514
f 7493 7514 7494
f 7492 7497 7496
f 7492 7496 7493
f 7491 7451 7450
f 7491 7450 7492
f 7488 7501 7500
f 7488 7500 7489
f 7487 7539 7542
f 7487 7542 7488
f 7489 7437 7436
f 7489 7436 7490
f 7504 7561 7562
f 7504 7562 7505
f 7548 7562 7551
f 7548 7551 7549
f 7544 7551 7552
f 7544 7552 7545
f 7540 7552 7553
f 7540 7553 7541
f 7536 7553 7554
f 7536 7554 7537
f 7532 7554 7555
f 7532 7555 7533
f 7528 7555 7556
f 7528 7556 7529
f 7524 7556 7557
f 7524 7557 7525
f 7520 7557 7558
f 7520 7558 7521
f 7516 7558 7559
f 7516 7559 7517
f 7512 7559 7560
f 7512 7560 7513
f 7508 7560 7561
f 7508 7561 7509
f 7484 7495 7498
f 7484 7498 7485
f 7483 7519 7522
f 7483 7522 7484
f 7480 7483 7486
f 7480 7486 7481
f 7479 7523 7526
f 7479 7526 7480
f 7475 7479 7482
f 7475 7482 7476
f 7475 7478 7527
f 7475 7527 7530
f 7473 7499 7502
f 7473 7502 7474
f 7471 7478 7477
f 7471 7477 7472
f 7471 7474 7531
f 7471 7531 7534
f 7472 7441 7440
f 7472 7440 7473
f 7476 7443 7442
f 7476 7442 7477
f 7481 7445 7444
f 7481 7444 7482
f 7485 7447 7446
f 7485 7446 7486
f 7469 7507 7510
f 7469 7510 7470
f 7468 7491 7494
f 7468 7494 7469
f 7465 7503 7506
f 7465 7506 7466
f 7464 7467 7470
f 7464 7470 7465
f 7461 7463 7466
f 7461 7466 7462
f 7459 7462 7547
f 7459 7547 7550
f 7457 7460 7459
f 7457 7459 7458
f 7455 7487 7490
f 7455 7490 7456
f 7455 7458 7543
f 7455 7543 7546
f 7456 7435 7434
f 7456 7434 7457
f 7460 7433 7432
f 7460 7432 7461
f 7463 7431 7454
f 7463 7454 7464
f 7467 7453 7452
f 7467 7452 7468
f 7551 7562 7552
f 7552 7562 7553
f 7553 7562 7554
f 7554 7562 7555
f 7555 7562 7556
f 7556 7562 7561
f 7556 7561 7560
f 7556 7560 7559
f 7556 7559 7557
f 7557 7559 7558
f 7583 7584 1
f 7583 1 2
f 3 7585 7586
f 3 7586 4
f 7587 7588 5
f 7587 5 6
f 7589 7590 7
f 7589 7 8
f 7591 7592 7593
f 7591 7593 7594
f 7595 7596 7597
f 7598 7599 7600
f 7598 7600 7601
f 7602 7603 7604
f 7602 7604 7605
f 7606 7607 7608
f 7606 7608 7609
f 7610 7611 7612
f 7610 7612 7613
f 7614 7615 7616
f 7614 7616 7617
f 7597 7618 7619
f 7597 7619 7615
f 7595 7614 7612
f 7596 7611 7620
f 7596 7620 7621
f 7604 7622 7623
f 7604 7623 7606
f 7600 7624 7625
f 7600 7625 7603
f 7599 7616 7626
f 7599 7626 7627
f 7594 7628 7629
f 7594 7629 7610
f 7586 7605 7609
f 7586 7609 7587
f 7584 7601 7602
f 7584 7602 7585
f 7590 7591 7613
f 7590 7613 7630
f 7612 7614 7617
f 7612 7617 7613
f 7604 7606 7609
f 7604 7609 7605
f 7600 7603 7602
f 7600 7602 7601
f 7598 7617 7616
f 7598 7616 7599
f 7595 7612 7611
f 7595 7611 7596
f 7595 7597 7615
f 7595 7615 7614
f 7591 7594 7610
f 7591 7610 7613
f 7589 7592 7591
f 7589 7591 7590
f 7587 7609 7608
f 7587 7608 7588
f 7586 7587 6
f 7586 6 4
f 7585 7602 7605
f 7585 7605 7586
f 7584 7585 3
f 7584 3 1
f 7583 7598 7601
f 7583 7601 7584
f 7590 7630 9
f 7590 9 7
f 7615 7619 7626
f 7615 7626 7616
f 7610 7629 7620
f 7610 7620 7611
f 7606 7623 7631
f 7606 7631 7607
f 7603 7625 7622
f 7603 7622 7604
f 7599 7627 7624
f 7599 7624 7600
f 7596 7621 7618
f 7596 7618 7597
f 7593 7632 7628
f 7593 7628 7594
f 7588 7608 7633
f 7588 7633 7634
f 7607 7635 7633
f 7607 7633 7608
f 7588 7634 10
f 7588 10 5
f 7589 7636 7637
f 7589 7637 7592
f 7592 7637 7638
f 7592 7638 7593
f 7589 8 11
f 7589 11 7636
f 7607 7631 7639
f 7607 7639 7635
f 7593 7638 7640
f 7593 7640 7632
f 7583 7630 7617
f 7583 7617 7598
f 7583 2 9
f 7583 9 7630
f 7613 7617 7630
f 7628 7632 7641
f 7628 7641 7642
f 7618 7621 7643
f 7618 7643 7644
f 7624 7627 7645
f 7624 7645 7646
f 7622 7625 7647
f 7622 7647 7648
f 7623 7649 7650
f 7623 7650 7631
f 7576 7651 7652
f 7576 7652 7580
f 7568 7653 7654
f 7568 7654 7569
f 7572 7655 7656
f 7572 7656 7573
f 7566 7657 7658
f 7566 7658 7571
f 7579 7578 7659
f 7579 7659 7660
f 7570 7661 7662
f 7570 7662 7575
f 7620 7629 7663
f 7620 7663 7664
f 7619 7665 7666
f 7619 7666 7626
f 7567 7574 7667
f 7567 7667 7668
f 7563 7577 7669
f 7564 7670 7565
f 7644 7653 7668
f 7644 7668 7665
f 7643 7664 7661
f 7643 7661 7654
f 7648 7657 7670
f 7646 7655 7658
f 7646 7658 7647
f 7645 7666 7667
f 7645 7667 7656
f 7642 7651 7662
f 7642 7662 7663
f 7563 7669 7670
f 7563 7670 7564
f 7665 7668 7667
f 7665 7667 7666
f 7661 7664 7663
f 7661 7663 7662
f 7577 7579 7660
f 7577 7660 7669
f 7565 7670 7657
f 7565 7657 7566
f 7571 7658 7655
f 7571 7655 7572
f 7574 7573 7656
f 7574 7656 7667
f 7567 7668 7653
f 7567 7653 7568
f 7570 7569 7654
f 7570 7654 7661
f 7575 7662 7651
f 7575 7651 7576
f 7649 7660 7659
f 7649 7659 7650
f 7623 7622 7648
f 7623 7648 7649
f 7647 7658 7657
f 7647 7657 7648
f 7625 7624 7646
f 7625 7646 7647
f 7645 7656 7655
f 7645 7655 7646
f 7626 7666 7645
f 7626 7645 7627
f 7619 7618 7644
f 7619 7644 7665
f 7643 7654 7653
f 7643 7653 7644
f 7620 7664 7643
f 7620 7643 7621
f 7629 7628 7642
f 7629 7642 7663
f 7641 7652 7651
f 7641 7651 7642
f 7641 7671 7672
f 7641 7672 7652
f 7580 7652 7672
f 7580 7672 7581
f 7632 7640 7671
f 7632 7671 7641
f 7650 7659 7673
f 7650 7673 7674
f 7578 7582 7673
f 7578 7673 7659
f 7631 7650 7674
f 7631 7674 7639
f 7648 7670 7669
f 7648 7669 7649
f 7649 7669 7660
f 330 331 7693
f 330 7693 7694
f 332 7695 7696
f 332 7696 333
f 334 335 7697
f 334 7697 7698
f 336 337 7699
f 336 7699 7700
f 7701 7702 7703
f 7701 7703 7704
f 7705 7706 7707
f 7708 7709 7710
f 7708 7710 7711
f 7712 7713 7714
f 7712 7714 7715
f 7716 7717 7718
f 7716 7718 7719
f 7720 7721 7722
f 7720 7722 7723
f 7724 7725 7726
f 7724 7726 7727
f 7705 7726 7728
f 7705 7728 7729
f 7707 7721 7727
f 7706 7730 7731
f 7706 7731 7722
f 7713 7719 7732
f 7713 7732 7733
f 7709 7714 7734
f 7709 7734 7735
f 7710 7736 7737
f 7710 7737 7725
f 7701 7723 7738
f 7701 7738 7739
f 7695 7698 7716
f 7695 7716 7712
f 7693 7696 7715
f 7693 7715 7708
f 7699 7740 7720
f 7699 7720 7704
f 7720 7724 7727
f 7720 7727 7721
f 7712 7716 7719
f 7712 7719 7713
f 7708 7715 7714
f 7708 7714 7709
f 7710 7725 7724
f 7710 7724 7711
f 7706 7722 7721
f 7706 7721 7707
f 7705 7707 7727
f 7705 7727 7726
f 7701 7704 7720
f 7701 7720 7723
f 7699 7704 7703
f 7699 7703 7700
f 7697 7717 7716
f 7697 7716 7698
f 332 334 7698
f 332 7698 7695
f 7695 7712 7715
f 7695 7715 7696
f 331 333 7696
f 331 7696 7693
f 7693 7708 7711
f 7693 7711 7694
f 337 338 7740
f 337 7740 7699
f 7725 7737 7728
f 7725 7728 7726
f 7722 7731 7738
f 7722 7738 7723
f 7718 7741 7732
f 7718 7732 7719
f 7713 7733 7734
f 7713 7734 7714
f 7709 7735 7736
f 7709 7736 7710
f 7705 7729 7730
f 7705 7730 7706
f 7701 7739 7742
f 7701 7742 7702
f 7634 7633 7717
f 7634 7717 7697
f 7633 7635 7718
f 7633 7718 7717
f 7634 7697 335
f 7634 335 10
f 7637 7636 7700
f 7637 7700 7703
f 7637 7703 7702
f 7637 7702 7638
f 7636 11 336
f 7636 336 7700
f 7635 7639 7741
f 7635 7741 7718
f 7638 7702 7742
f 7638 7742 7640
f 7694 7711 7724
f 7694 7724 7740
f 330 7694 7740
f 330 7740 338
f 7720 7740 7724
f 7739 7743 7744
f 7739 7744 7742
f 7729 7745 7746
f 7729 7746 7730
f 7735 7747 7748
f 7735 7748 7736
f 7733 7749 7750
f 7733 7750 7734
f 7732 7741 7751
f 7732 7751 7752
f 7687 7692 7753
f 7687 7753 7754
f 7679 7682 7755
f 7679 7755 7756
f 7683 7686 7757
f 7683 7757 7758
f 7677 7684 7759
f 7677 7759 7760
f 7691 7690 7761
f 7691 7761 7762
f 7681 7688 7763
f 7681 7763 7764
f 7731 7765 7766
f 7731 7766 7738
f 7728 7737 7767
f 7728 7767 7768
f 7680 7769 7770
f 7680 7770 7685
f 7676 7771 7689
f 7675 7678 7772
f 7745 7768 7769
f 7745 7769 7756
f 7746 7755 7764
f 7746 7764 7765
f 7749 7772 7760
f 7747 7750 7759
f 7747 7759 7758
f 7748 7757 7770
f 7748 7770 7767
f 7743 7766 7763
f 7743 7763 7754
f 7675 7772 7771
f 7675 7771 7676
f 7767 7770 7769
f 7767 7769 7768
f 7763 7766 7765
f 7763 7765 7764
f 7689 7771 7761
f 7689 7761 7690
f 7677 7760 7772
f 7677 7772 7678
f 7683 7758 7759
f 7683 7759 7684
f 7686 7685 7770
f 7686 7770 7757
f 7679 7756 7769
f 7679 7769 7680
f 7682 7681 7764
f 7682 7764 7755
f 7687 7754 7763
f 7687 7763 7688
f 7751 7762 7761
f 7751 7761 7752
f 7733 7732 7752
f 7733 7752 7749
f 7749 7760 7759
f 7749 7759 7750
f 7735 7734 7750
f 7735 7750 7747
f 7747 7758 7757
f 7747 7757 7748
f 7736 7748 7767
f 7736 7767 7737
f 7729 7728 7768
f 7729 7768 7745
f 7745 7756 7755
f 7745 7755 7746
f 7730 7746 7765
f 7730 7765 7731
f 7739 7738 7766
f 7739 7766 7743
f 7743 7754 7753
f 7743 7753 7744
f 7672 7671 7744
f 7672 7744 7753
f 7581 7672 7753
f 7581 7753 7692
f 7640 7742 7744
f 7640 7744 7671
f 7674 7673 7762
f 7674 7762 7751
f 7582 7691 7762
f 7582 7762 7673
f 7639 7674 7751
f 7639 7751 7741
f 7749 7752 7771
f 7749 7771 7772
f 7752 7761 7771
f 7773 7774 7775
f 7773 7775 7776
f 7777 7778 7779
f 7777 7779 7780
f 7781 7782 7783
f 7781 7783 7784
f 7785 7786 7787
f 7785 7787 7788
f 7789 7790 7791
f 7792 7793 7794
f 7792 7794 7795
f 7796 7797 7798
f 7796 7798 7799
f 7800 7801 7802
f 7800 7802 7803
f 7804 7805 7806
f 7804 7806 7807
f 7808 7809 7810
f 7808 7810 7811
f 7812 7813 7814
f 7812 7814 7815
f 7816 7817 7818
f 7816 7818 7819
f 7834 7835 7836
f 7834 7836 7837
f 7838 7839 7840
f 7838 7840 7841
f 7842 7843 7844
f 7842 7844 7845
f 7846 7847 7848
f 7846 7848 7849
f 7854 7855 7856
f 7854 7856 7857
f 7858 7859 7860
f 7858 7860 7861
f 7864 7865 7866
f 7864 7866 7867
f 7868 7869 7870
f 7868 7870 7871
f 7814 7855 7852
f 7814 7852 7829
f 7790 7859 7856
f 7790 7856 7813
f 7861 7563 7564
f 7861 7564 7870
f 7857 7858 7869
f 7857 7869 7866
f 7853 7854 7865
f 7853 7865 7862
f 7788 7871 7565
f 7788 7565 7566
f 7787 7811 7867
f 7787 7867 7868
f 7810 7826 7863
f 7810 7863 7864
f 7802 7822 7851
f 7802 7851 7848
f 7779 7803 7847
f 7779 7847 7844
f 7780 7843 7567
f 7780 7567 7568
f 7777 7569 7570
f 7777 7570 7840
f 7778 7839 7836
f 7778 7836 7800
f 7801 7835 7832
f 7801 7832 7823
f 7815 7828 7831
f 7815 7831 7817
f 7806 7824 7827
f 7806 7827 7809
f 7805 7849 7850
f 7805 7850 7825
f 7798 7820 7833
f 7798 7833 7834
f 7791 7812 7816
f 7791 7816 7793
f 7783 7807 7808
f 7783 7808 7786
f 7782 7845 7846
f 7782 7846 7804
f 7775 7799 7837
f 7775 7837 7838
f 7784 7785 7571
f 7784 7571 7572
f 7781 7573 7574
f 7781 7574 7842
f 7776 7841 7575
f 7776 7575 7576
f 7870 7564 7565
f 7870 7565 7871
f 7866 7869 7868
f 7866 7868 7867
f 7862 7865 7864
f 7862 7864 7863
f 7860 7577 7563
f 7860 7563 7861
f 7858 7861 7870
f 7858 7870 7869
f 7856 7859 7858
f 7856 7858 7857
f 7854 7857 7866
f 7854 7866 7865
f 7852 7855 7854
f 7852 7854 7853
f 7848 7851 7850
f 7848 7850 7849
f 7844 7847 7846
f 7844 7846 7845
f 7842 7574 7567
f 7842 7567 7843
f 7840 7570 7575
f 7840 7575 7841
f 7836 7839 7838
f 7836 7838 7837
f 7832 7835 7834
f 7832 7834 7833
f 7817 7831 7830
f 7817 7830 7818
f 7814 7829 7828
f 7814 7828 7815
f 7813 7856 7855
f 7813 7855 7814
f 7812 7815 7817
f 7812 7817 7816
f 7810 7864 7867
f 7810 7867 7811
f 7809 7827 7826
f 7809 7826 7810
f 7806 7809 7808
f 7806 7808 7807
f 7805 7825 7824
f 7805 7824 7806
f 7804 7846 7849
f 7804 7849 7805
f 7802 7848 7847
f 7802 7847 7803
f 7801 7823 7822
f 7801 7822 7802
f 7800 7836 7835
f 7800 7835 7801
f 7798 7834 7837
f 7798 7837 7799
f 7797 7821 7820
f 7797 7820 7798
f 7793 7816 7819
f 7793 7819 7794
f 7792 7795 7578
f 7792 7578 7579
f 7790 7813 7812
f 7790 7812 7791
f 7789 7860 7859
f 7789 7859 7790
f 7789 7791 7793
f 7789 7793 7792
f 7787 7868 7871
f 7787 7871 7788
f 7786 7808 7811
f 7786 7811 7787
f 7785 7788 7566
f 7785 7566 7571
f 7783 7786 7785
f 7783 7785 7784
f 7782 7804 7807
f 7782 7807 7783
f 7781 7842 7845
f 7781 7845 7782
f 7781 7784 7572
f 7781 7572 7573
f 7779 7844 7843
f 7779 7843 7780
f 7778 7800 7803
f 7778 7803 7779
f 7777 7840 7839
f 7777 7839 7778
f 7777 7780 7568
f 7777 7568 7569
f 7775 7838 7841
f 7775 7841 7776
f 7774 7796 7799
f 7774 7799 7775
f 7773 7776 7576
f 7773 7576 7580
f 7797 7872 7873
f 7797 7873 7821
f 7796 7874 7872
f 7796 7872 7797
f 7774 7875 7874
f 7774 7874 7796
f 7773 7876 7875
f 7773 7875 7774
f 7818 7830 7877
f 7818 7877 7878
f 7818 7878 7879
f 7818 7879 7819
f 7773 7580 7581
f 7773 7581 7876
f 7795 7880 7582
f 7795 7582 7578
f 7794 7881 7880
f 7794 7880 7795
f 7794 7819 7879
f 7794 7879 7881
f 7882 7883 7884
f 7882 7884 7885
f 7886 7887 7888
f 7886 7888 7889
f 7890 7891 7892
f 7890 7892 7893
f 7894 7895 7896
f 7894 7896 7897
f 7898 7899 7900
f 7901 7902 7903
f 7901 7903 7904
f 7905 7906 7907
f 7905 7907 7908
f 7909 7910 7911
f 7909 7911 7912
f 7913 7914 7915
f 7913 7915 7916
f 7917 7918 7919
f 7917 7919 7920
f 7921 7922 7923
f 7921 7923 7924
f 7925 7926 7927
f 7925 7927 7928
f 7943 7944 7945
f 7943 7945 7946
f 7947 7948 7949
f 7947 7949 7950
f 7951 7952 7953
f 7951 7953 7954
f 7955 7956 7957
f 7955 7957 7958
f 7963 7964 7965
f 7963 7965 7966
f 7967 7968 7969
f 7967 7969 7970
f 7973 7974 7975
f 7973 7975 7976
f 7977 7978 7979
f 7977 7979 7980
f 7922 7937 7962
f 7922 7962 7965
f 7899 7923 7964
f 7899 7964 7969
f 7967 7978 7675
f 7967 7675 7676
f 7963 7974 7979
f 7963 7979 7970
f 7961 7972 7975
f 7961 7975 7966
f 7894 7677 7678
f 7894 7678 7977
f 7895 7980 7973
f 7895 7973 7917
f 7918 7976 7971
f 7918 7971 7936
f 7910 7956 7959
f 7910 7959 7932
f 7887 7952 7957
f 7887 7957 7909
f 7886 7679 7680
f 7886 7680 7953
f 7889 7948 7681
f 7889 7681 7682
f 7888 7912 7944
f 7888 7944 7949
f 7911 7931 7942
f 7911 7942 7945
f 7921 7927 7939
f 7921 7939 7938
f 7914 7919 7935
f 7914 7935 7934
f 7915 7933 7960
f 7915 7960 7955
f 7906 7946 7941
f 7906 7941 7930
f 7898 7903 7928
f 7898 7928 7924
f 7891 7896 7920
f 7891 7920 7913
f 7892 7916 7958
f 7892 7958 7951
f 7883 7950 7943
f 7883 7943 7905
f 7890 7683 7684
f 7890 7684 7897
f 7893 7954 7685
f 7893 7685 7686
f 7882 7687 7688
f 7882 7688 7947
f 7977 7678 7675
f 7977 7675 7978
f 7973 7980 7979
f 7973 7979 7974
f 7971 7976 7975
f 7971 7975 7972
f 7967 7676 7689
f 7967 7689 7968
f 7967 7970 7979
f 7967 7979 7978
f 7963 7970 7969
f 7963 7969 7964
f 7963 7966 7975
f 7963 7975 7974
f 7961 7966 7965
f 7961 7965 7962
f 7955 7960 7959
f 7955 7959 7956
f 7951 7958 7957
f 7951 7957 7952
f 7953 7680 7685
f 7953 7685 7954
f 7947 7688 7681
f 7947 7681 7948
f 7943 7950 7949
f 7943 7949 7944
f 7941 7946 7945
f 7941 7945 7942
f 7926 7940 7939
f 7926 7939 7927
f 7921 7938 7937
f 7921 7937 7922
f 7922 7965 7964
f 7922 7964 7923
f 7921 7924 7928
f 7921 7928 7927
f 7917 7973 7976
f 7917 7976 7918
f 7918 7936 7935
f 7918 7935 7919
f 7913 7920 7919
f 7913 7919 7914
f 7914 7934 7933
f 7914 7933 7915
f 7915 7955 7958
f 7915 7958 7916
f 7909 7957 7956
f 7909 7956 7910
f 7910 7932 7931
f 7910 7931 7911
f 7911 7945 7944
f 7911 7944 7912
f 7905 7943 7946
f 7905 7946 7906
f 7906 7930 7929
f 7906 7929 7907
f 7902 7925 7928
f 7902 7928 7903
f 7901 7904 7690
f 7901 7690 7691
f 7898 7924 7923
f 7898 7923 7899
f 7899 7969 7968
f 7899 7968 7900
f 7898 7900 7904
f 7898 7904 7903
f 7894 7977 7980
f 7894 7980 7895
f 7895 7917 7920
f 7895 7920 7896
f 7894 7897 7684
f 7894 7684 7677
f 7890 7897 7896
f 7890 7896 7891
f 7891 7913 7916
f 7891 7916 7892
f 7892 7951 7954
f 7892 7954 7893
f 7890 7893 7686
f 7890 7686 7683
f 7886 7953 7952
f 7886 7952 7887
f 7887 7909 7912
f 7887 7912 7888
f 7888 7949 7948
f 7888 7948 7889
f 7886 7889 7682
f 7886 7682 7679
f 7882 7947 7950
f 7882 7950 7883
f 7883 7905 7908
f 7883 7908 7884
f 7882 7885 7692
f 7882 7692 7687
f 7873 7872 7907
f 7873 7907 7929
f 7872 7874 7908
f 7872 7908 7907
f 7874 7875 7884
f 7874 7884 7908
f 7875 7876 7885
f 7875 7885 7884
f 7877 7940 7926
f 7877 7926 7878
f 7878 7926 7925
f 7878 7925 7879
f 7876 7581 7692
f 7876 7692 7885
f 7582 7880 7901
f 7582 7901 7691
f 7880 7881 7902
f 7880 7902 7901
f 7879 7925 7902
f 7879 7902 7881
f 7860 7579 7577
f 7789 7579 7860
f 7789 7792 7579
f 7968 7689 7690
f 7900 7968 7690
f 7900 7690 7904
f 7981 7982 7983
f 7981 7983 7984
f 7985 7986 7987
f 7985 7987 7988
f 7989 7990 7991
f 7989 7991 7992
f 7993 7994 7995
f 7993 7995 7996
f 7997 7998 7999
f 7997 7999 8000
f 8001 8002 8003
f 8001 8003 8004
f 8005 8006 8007
f 8005 8007 8008
f 8009 8010 8011
f 8009 8011 8012
f 8013 8014 8015
f 8013 8015 8016
f 8017 8018 8019
f 8017 8019 8020
f 8021 8022 8023
f 8021 8023 8024
f 8025 8026 8027
f 8025 8027 8028
f 8029 8030 8031
f 8029 8031 8032
f 8033 8034 8035
f 8033 8035 8036
f 8037 8038 8039
f 8037 8039 8040
f 8041 8042 8043
f 8041 8043 8044
f 8045 8046 8047
f 8045 8047 8048
f 8049 8050 8051
f 8049 8051 8052
f 8053 8054 8055
f 8053 8055 8056
f 8057 8058 8059
f 8057 8059 8060
f 7999 8050 8047
f 7999 8047 8022
f 7998 8061 8062
f 7998 8062 8051
f 8052 8063 8064
f 8052 8064 8059
f 8048 8049 8058
f 8048 8058 8055
f 7996 8060 8065
f 7996 8065 8066
f 7995 8020 8056
f 7995 8056 8057
f 7986 8042 8039
f 7986 8039 8009
f 7987 8012 8034
f 7987 8034 8031
f 7988 8030 8067
f 7988 8067 8068
f 7985 8069 8070
f 7985 8070 8043
f 8000 8021 8025
f 8000 8025 8002
f 7991 8016 8017
f 7991 8017 7994
f 7990 8032 8033
f 7990 8033 8013
f 7983 8008 8040
f 7983 8040 8041
f 7997 8001 8071
f 7997 8071 8072
f 7992 7993 8073
f 7992 8073 8074
f 7989 8075 8076
f 7989 8076 8029
f 7984 8044 8077
f 7984 8077 8078
f 8059 8064 8065
f 8059 8065 8060
f 8055 8058 8057
f 8055 8057 8056
f 8051 8062 8063
f 8051 8063 8052
f 8049 8052 8059
f 8049 8059 8058
f 8047 8050 8049
f 8047 8049 8048
f 8045 8048 8055
f 8045 8055 8054
f 8043 8070 8077
f 8043 8077 8044
f 8039 8042 8041
f 8039 8041 8040
f 8031 8034 8033
f 8031 8033 8032
f 8029 8076 8067
f 8029 8067 8030
f 8022 8047 8046
f 8022 8046 8023
f 8021 8024 8026
f 8021 8026 8025
f 8019 8053 8056
f 8019 8056 8020
f 8015 8018 8017
f 8015 8017 8016
f 8013 8033 8036
f 8013 8036 8014
f 8011 8035 8034
f 8011 8034 8012
f 8009 8039 8038
f 8009 8038 8010
f 8007 8037 8040
f 8007 8040 8008
f 8002 8025 8028
f 8002 8028 8003
f 8001 8004 8079
f 8001 8079 8071
f 7999 8022 8021
f 7999 8021 8000
f 7998 8051 8050
f 7998 8050 7999
f 7997 8072 8061
f 7997 8061 7998
f 7997 8000 8002
f 7997 8002 8001
f 7995 8057 8060
f 7995 8060 7996
f 7994 8017 8020
f 7994 8020 7995
f 7993 7996 8066
f 7993 8066 8073
f 7991 7994 7993
f 7991 7993 7992
f 7990 8013 8016
f 7990 8016 7991
f 7989 8029 8032
f 7989 8032 7990
f 7989 7992 8074
f 7989 8074 8075
f 7987 8031 8030
f 7987 8030 7988
f 7986 8009 8012
f 7986 8012 7987
f 7985 8043 8042
f 7985 8042 7986
f 7985 7988 8068
f 7985 8068 8069
f 7983 8041 8044
f 7983 8044 7984
f 7982 8005 8008
f 7982 8008 7983
f 7981 7984 8078
f 7981 8078 8080
f 8004 8081 8082
f 8004 8082 8079
f 8003 8083 8081
f 8003 8081 8004
f 8003 8028 8084
f 8003 8084 8083
f 8027 8085 8084
f 8027 8084 8028
f 8005 8086 8087
f 8005 8087 8006
f 7982 8088 8086
f 7982 8086 8005
f 7981 8089 8088
f 7981 8088 7982
f 7981 8080 8090
f 7981 8090 8089
f 8078 7820 7821
f 8078 7821 8080
f 8068 7822 7823
f 8068 7823 8069
f 8074 7824 7825
f 8074 7825 8075
f 8066 7826 7827
f 8066 7827 8073
f 8061 8072 7828
f 8061 7828 7829
f 8071 8079 7830
f 8071 7830 7831
f 8070 7832 7833
f 8070 7833 8077
f 8067 8076 7850
f 8067 7850 7851
f 8062 7852 7853
f 8062 7853 8063
f 8064 7862 7863
f 8064 7863 8065
f 8063 7853 7862
f 8063 7862 8064
f 8062 8061 7829
f 8062 7829 7852
f 8071 7831 7828
f 8071 7828 8072
f 8065 7863 7826
f 8065 7826 8066
f 8073 7827 7824
f 8073 7824 8074
f 8076 8075 7825
f 8076 7825 7850
f 8067 7851 7822
f 8067 7822 8068
f 8070 8069 7823
f 8070 7823 7832
f 8077 7833 7820
f 8077 7820 8078
f 8080 7821 7873
f 8080 7873 8090
f 8079 8082 7877
f 8079 7877 7830
f 8091 8092 8093
f 8091 8093 8094
f 8095 8096 8097
f 8095 8097 8098
f 8099 8100 8101
f 8099 8101 8102
f 8103 8104 8105
f 8103 8105 8106
f 8107 8108 8109
f 8107 8109 8110
f 8111 8112 8113
f 8111 8113 8114
f 8115 8116 8117
f 8115 8117 8118
f 8119 8120 8121
f 8119 8121 8122
f 8123 8124 8125
f 8123 8125 8126
f 8127 8128 8129
f 8127 8129 8130
f 8131 8132 8133
f 8131 8133 8134
f 8135 8136 8137
f 8135 8137 8138
f 8139 8140 8141
f 8139 8141 8142
f 8143 8144 8145
f 8143 8145 8146
f 8147 8148 8149
f 8147 8149 8150
f 8151 8152 8153
f 8151 8153 8154
f 8155 8156 8157
f 8155 8157 8158
f 8159 8160 8161
f 8159 8161 8162
f 8163 8164 8165
f 8163 8165 8166
f 8167 8168 8169
f 8167 8169 8170
f 8108 8133 8156
f 8108 8156 8161
f 8109 8160 8171
f 8109 8171 8172
f 8159 8168 8173
f 8159 8173 8174
f 8155 8164 8169
f 8155 8169 8162
f 8103 8175 8176
f 8103 8176 8167
f 8104 8170 8163
f 8104 8163 8127
f 8097 8122 8148
f 8097 8148 8153
f 8096 8140 8145
f 8096 8145 8119
f 8095 8177 8178
f 8095 8178 8141
f 8098 8152 8179
f 8098 8179 8180
f 8107 8113 8138
f 8107 8138 8134
f 8100 8105 8130
f 8100 8130 8123
f 8101 8126 8146
f 8101 8146 8139
f 8092 8154 8147
f 8092 8147 8115
f 8110 8181 8182
f 8110 8182 8114
f 8099 8183 8184
f 8099 8184 8106
f 8102 8142 8185
f 8102 8185 8186
f 8091 8187 8188
f 8091 8188 8151
f 8167 8176 8173
f 8167 8173 8168
f 8163 8170 8169
f 8163 8169 8164
f 8159 8174 8171
f 8159 8171 8160
f 8159 8162 8169
f 8159 8169 8168
f 8155 8162 8161
f 8155 8161 8156
f 8155 8158 8165
f 8155 8165 8164
f 8151 8188 8179
f 8151 8179 8152
f 8147 8154 8153
f 8147 8153 8148
f 8139 8146 8145
f 8139 8145 8140
f 8141 8178 8185
f 8141 8185 8142
f 8132 8157 8156
f 8132 8156 8133
f 8131 8134 8138
f 8131 8138 8137
f 8127 8163 8166
f 8127 8166 8128
f 8123 8130 8129
f 8123 8129 8124
f 8125 8143 8146
f 8125 8146 8126
f 8119 8145 8144
f 8119 8144 8120
f 8121 8149 8148
f 8121 8148 8122
f 8115 8147 8150
f 8115 8150 8116
f 8112 8135 8138
f 8112 8138 8113
f 8111 8114 8182
f 8111 8182 8189
f 8107 8134 8133
f 8107 8133 8108
f 8108 8161 8160
f 8108 8160 8109
f 8109 8172 8181
f 8109 8181 8110
f 8107 8110 8114
f 8107 8114 8113
f 8103 8167 8170
f 8103 8170 8104
f 8104 8127 8130
f 8104 8130 8105
f 8103 8106 8184
f 8103 8184 8175
f 8099 8106 8105
f 8099 8105 8100
f 8100 8123 8126
f 8100 8126 8101
f 8101 8139 8142
f 8101 8142 8102
f 8099 8102 8186
f 8099 8186 8183
f 8095 8141 8140
f 8095 8140 8096
f 8096 8119 8122
f 8096 8122 8097
f 8097 8153 8152
f 8097 8152 8098
f 8095 8098 8180
f 8095 8180 8177
f 8091 8151 8154
f 8091 8154 8092
f 8092 8115 8118
f 8092 8118 8093
f 8091 8094 8190
f 8091 8190 8187
f 8082 8081 8111
f 8082 8111 8189
f 8081 8083 8112
f 8081 8112 8111
f 8083 8084 8135
f 8083 8135 8112
f 8084 8085 8136
f 8084 8136 8135
f 8087 8086 8118
f 8087 8118 8117
f 8086 8088 8093
f 8086 8093 8118
f 8088 8089 8094
f 8088 8094 8093
f 8089 8090 8190
f 8089 8190 8094
f 8187 8190 7929
f 8187 7929 7930
f 8177 8180 7931
f 8177 7931 7932
f 8183 8186 7933
f 8183 7933 7934
f 8175 8184 7935
f 8175 7935 7936
f 8172 7937 7938
f 8172 7938 8181
f 8182 7939 7940
f 8182 7940 8189
f 8179 8188 7941
f 8179 7941 7942
f 8178 7959 7960
f 8178 7960 8185
f 8171 8174 7961
f 8171 7961 7962
f 8173 8176 7971
f 8173 7971 7972
f 8173 7972 7961
f 8173 7961 8174
f 8172 8171 7962
f 8172 7962 7937
f 8181 7938 7939
f 8181 7939 8182
f 8175 7936 7971
f 8175 7971 8176
f 8183 7934 7935
f 8183 7935 8184
f 8186 8185 7960
f 8186 7960 7933
f 8177 7932 7959
f 8177 7959 8178
f 8180 8179 7942
f 8180 7942 7931
f 8187 7930 7941
f 8187 7941 8188
f 8090 7873 7929
f 8090 7929 8190
f 8082 8189 7940
f 8082 7940 7877
f 8191 8192 8193
f 8191 8193 8194
f 8195 8196 8197
f 8195 8197 8198
f 8199 8200 8201
f 8199 8201 8202
f 8203 8204 8205
f 8203 8205 8206
f 8207 8208 8209
f 8207 8209 8210
f 8211 8212 8213
f 8211 8213 8214
f 8215 8216 8217
f 8215 8217 8218
f 8219 8220 8221
f 8219 8221 8222
f 8223 8224 8225
f 8223 8225 8226
f 8227 8228 8229
f 8227 8229 8230
f 8231 8232 8233
f 8231 8233 8234
f 8235 8236 8237
f 8235 8237 8238
f 8239 8240 8241
f 8239 8241 8242
f 8243 8244 8245
f 8243 8245 8246
f 8247 8248 8249
f 8247 8249 8250
f 8251 8252 8253
f 8251 8253 8254
f 8255 8256 8257
f 8258 8259 8260
f 8258 8260 8261
f 8262 8263 8264
f 8262 8264 8265
f 8266 8267 8268
f 8266 8268 8269
f 8270 8271 8272
f 8270 8272 8273
f 8274 8275 8276
f 8277 8278 8279
f 8277 8279 8280
f 8281 8282 8283
f 8281 8283 8284
f 8285 8286 8287
f 8285 8287 8288
f 8289 8290 8291
f 8289 8291 8292
f 8293 8294 8295
f 8293 8295 8296
f 8297 8298 8299
f 8297 8299 8300
f 8266 8273 8293
f 8266 8293 8276
f 8222 8297 8294
f 8222 8294 8272
f 8209 8252 8249
f 8209 8249 8232
f 8023 8046 8253
f 8023 8253 8208
f 8045 8054 8264
f 8045 8264 8254
f 8250 8251 8263
f 8250 8263 8260
f 8247 8259 8290
f 8247 8290 8278
f 8233 8248 8277
f 8233 8277 8284
f 8019 8206 8265
f 8019 8265 8053
f 8229 8291 8258
f 8205 8230 8261
f 8205 8261 8262
f 8010 8038 8245
f 8010 8245 8195
f 8196 8244 8219
f 8196 8219 8271
f 8197 8270 8269
f 8197 8269 8241
f 8011 8198 8240
f 8011 8240 8035
f 8234 8283 8257
f 8234 8257 8236
f 8274 8285 8292
f 8224 8267 8275
f 8217 8298 8221
f 8210 8231 8235
f 8210 8235 8212
f 8201 8226 8227
f 8201 8227 8204
f 8200 8242 8268
f 8200 8268 8223
f 8193 8218 8220
f 8193 8220 8243
f 8024 8207 8211
f 8024 8211 8026
f 8015 8202 8203
f 8015 8203 8018
f 8014 8036 8239
f 8014 8239 8199
f 8007 8194 8246
f 8007 8246 8037
f 8294 8297 8300
f 8294 8300 8295
f 8286 8293 8296
f 8286 8296 8287
f 8285 8288 8289
f 8285 8289 8292
f 8278 8290 8289
f 8278 8289 8279
f 8277 8280 8281
f 8277 8281 8284
f 8274 8276 8286
f 8274 8286 8285
f 8272 8294 8293
f 8272 8293 8273
f 8266 8276 8275
f 8266 8275 8267
f 8266 8269 8270
f 8266 8270 8273
f 8053 8265 8264
f 8053 8264 8054
f 8260 8263 8262
f 8260 8262 8261
f 8258 8291 8290
f 8258 8290 8259
f 8255 8257 8283
f 8255 8283 8282
f 8045 8254 8253
f 8045 8253 8046
f 8251 8254 8264
f 8251 8264 8263
f 8249 8252 8251
f 8249 8251 8250
f 8247 8278 8277
f 8247 8277 8248
f 8247 8250 8260
f 8247 8260 8259
f 8037 8246 8245
f 8037 8245 8038
f 8241 8269 8268
f 8241 8268 8242
f 8035 8240 8239
f 8035 8239 8036
f 8236 8257 8256
f 8236 8256 8237
f 8233 8284 8283
f 8233 8283 8234
f 8232 8249 8248
f 8232 8248 8233
f 8231 8234 8236
f 8231 8236 8235
f 8229 8258 8261
f 8229 8261 8230
f 8228 8292 8291
f 8228 8291 8229
f 8225 8228 8227
f 8225 8227 8226
f 8224 8275 8274
f 8224 8274 8225
f 8223 8268 8267
f 8223 8267 8224
f 8221 8298 8297
f 8221 8297 8222
f 8219 8244 8243
f 8219 8243 8220
f 8219 8222 8272
f 8219 8272 8271
f 8217 8221 8220
f 8217 8220 8218
f 8216 8299 8298
f 8216 8298 8217
f 8212 8235 8238
f 8212 8238 8213
f 8209 8232 8231
f 8209 8231 8210
f 8208 8253 8252
f 8208 8252 8209
f 8207 8210 8212
f 8207 8212 8211
f 8205 8262 8265
f 8205 8265 8206
f 8204 8227 8230
f 8204 8230 8205
f 8201 8204 8203
f 8201 8203 8202
f 8200 8223 8226
f 8200 8226 8201
f 8199 8239 8242
f 8199 8242 8200
f 8197 8241 8240
f 8197 8240 8198
f 8196 8271 8270
f 8196 8270 8197
f 8195 8245 8244
f 8195 8244 8196
f 8193 8243 8246
f 8193 8246 8194
f 8192 8215 8218
f 8192 8218 8193
f 8026 8211 8214
f 8026 8214 8027
f 8023 8208 8207
f 8023 8207 8024
f 8018 8203 8206
f 8018 8206 8019
f 8014 8199 8202
f 8014 8202 8015
f 8010 8195 8198
f 8010 8198 8011
f 8006 8191 8194
f 8006 8194 8007
f 8006 8087 8301
f 8006 8301 8191
f 8191 8301 8302
f 8191 8302 8192
f 8192 8302 8303
f 8192 8303 8215
f 8215 8303 8304
f 8215 8304 8216
f 8255 8282 8305
f 8255 8305 8306
f 8255 8306 8307
f 8255 8307 8256
f 8281 8308 8305
f 8281 8305 8282
f 8279 8289 8288
f 8279 8288 8309
f 8287 8310 8309
f 8287 8309 8288
f 8279 8311 8312
f 8279 8312 8280
f 8027 8214 8313
f 8027 8313 8085
f 8213 8314 8313
f 8213 8313 8214
f 8213 8238 8315
f 8213 8315 8314
f 8237 8316 8315
f 8237 8315 8238
f 8280 8312 8308
f 8280 8308 8281
f 8287 8296 8317
f 8287 8317 8310
f 8295 8318 8317
f 8295 8317 8296
f 8295 8300 8319
f 8295 8319 8318
f 8299 8320 8319
f 8299 8319 8300
f 8237 8256 8307
f 8237 8307 8316
f 8216 8304 8320
f 8216 8320 8299
f 8279 8309 8311
f 8225 8274 8292
f 8225 8292 8228
f 8276 8293 8286
f 8321 8322 8323
f 8321 8323 8324
f 8325 8326 8327
f 8325 8327 8328
f 8329 8330 8331
f 8329 8331 8332
f 8333 8334 8335
f 8333 8335 8336
f 8337 8338 8339
f 8337 8339 8340
f 8341 8342 8343
f 8341 8343 8344
f 8345 8346 8347
f 8345 8347 8348
f 8349 8350 8351
f 8349 8351 8352
f 8353 8354 8355
f 8353 8355 8356
f 8357 8358 8359
f 8357 8359 8360
f 8361 8362 8363
f 8361 8363 8364
f 8365 8366 8367
f 8365 8367 8368
f 8369 8370 8371
f 8369 8371 8372
f 8373 8374 8375
f 8373 8375 8376
f 8377 8378 8379
f 8377 8379 8380
f 8381 8382 8383
f 8381 8383 8384
f 8385 8386 8387
f 8388 8389 8390
f 8388 8390 8391
f 8392 8393 8394
f 8392 8394 8395
f 8396 8397 8398
f 8396 8398 8399
f 8400 8401 8402
f 8400 8402 8403
f 8404 8405 8406
f 8407 8408 8409
f 8407 8409 8410
f 8411 8412 8413
f 8411 8413 8414
f 8415 8416 8417
f 8415 8417 8418
f 8419 8420 8421
f 8419 8421 8422
f 8423 8424 8425
f 8423 8425 8426
f 8427 8428 8429
f 8427 8429 8430
f 8399 8404 8426
f 8399 8426 8400
f 8349 8401 8425
f 8349 8425 8430
f 8338 8363 8378
f 8338 8378 8383
f 8132 8339 8382
f 8132 8382 8157
f 8158 8381 8393
f 8158 8393 8165
f 8377 8389 8394
f 8377 8394 8384
f 8380 8409 8421
f 8380 8421 8390
f 8362 8411 8410
f 8362 8410 8379
f 8128 8166 8392
f 8128 8392 8333
f 8358 8391 8420
f 8334 8395 8388
f 8334 8388 8357
f 8121 8328 8374
f 8121 8374 8149
f 8327 8402 8352
f 8327 8352 8375
f 8326 8370 8396
f 8326 8396 8403
f 8120 8144 8371
f 8120 8371 8325
f 8361 8367 8385
f 8361 8385 8412
f 8406 8419 8418
f 8355 8405 8398
f 8346 8350 8429
f 8337 8343 8368
f 8337 8368 8364
f 8330 8335 8360
f 8330 8360 8353
f 8331 8356 8397
f 8331 8397 8369
f 8322 8376 8351
f 8322 8351 8345
f 8131 8137 8344
f 8131 8344 8340
f 8124 8129 8336
f 8124 8336 8329
f 8125 8332 8372
f 8125 8372 8143
f 8116 8150 8373
f 8116 8373 8321
f 8424 8427 8430
f 8424 8430 8425
f 8416 8423 8426
f 8416 8426 8417
f 8415 8418 8419
f 8415 8419 8422
f 8408 8422 8421
f 8408 8421 8409
f 8407 8410 8411
f 8407 8411 8414
f 8404 8406 8418
f 8404 8418 8417
f 8400 8426 8425
f 8400 8425 8401
f 8398 8405 8404
f 8398 8404 8399
f 8396 8399 8400
f 8396 8400 8403
f 8165 8393 8392
f 8165 8392 8166
f 8388 8395 8394
f 8388 8394 8389
f 8390 8421 8420
f 8390 8420 8391
f 8385 8387 8413
f 8385 8413 8412
f 8157 8382 8381
f 8157 8381 8158
f 8381 8384 8394
f 8381 8394 8393
f 8377 8384 8383
f 8377 8383 8378
f 8379 8410 8409
f 8379 8409 8380
f 8377 8380 8390
f 8377 8390 8389
f 8149 8374 8373
f 8149 8373 8150
f 8369 8397 8396
f 8369 8396 8370
f 8143 8372 8371
f 8143 8371 8144
f 8366 8386 8385
f 8366 8385 8367
f 8361 8412 8411
f 8361 8411 8362
f 8362 8379 8378
f 8362 8378 8363
f 8361 8364 8368
f 8361 8368 8367
f 8357 8388 8391
f 8357 8391 8358
f 8358 8420 8419
f 8358 8419 8359
f 8353 8360 8359
f 8353 8359 8354
f 8354 8406 8405
f 8354 8405 8355
f 8355 8398 8397
f 8355 8397 8356
f 8349 8430 8429
f 8349 8429 8350
f 8351 8376 8375
f 8351 8375 8352
f 8349 8352 8402
f 8349 8402 8401
f 8345 8351 8350
f 8345 8350 8346
f 8346 8429 8428
f 8346 8428 8347
f 8342 8365 8368
f 8342 8368 8343
f 8337 8364 8363
f 8337 8363 8338
f 8338 8383 8382
f 8338 8382 8339
f 8337 8340 8344
f 8337 8344 8343
f 8333 8392 8395
f 8333 8395 8334
f 8334 8357 8360
f 8334 8360 8335
f 8329 8336 8335
f 8329 8335 8330
f 8330 8353 8356
f 8330 8356 8331
f 8331 8369 8372
f 8331 8372 8332
f 8325 8371 8370
f 8325 8370 8326
f 8326 8403 8402
f 8326 8402 8327
f 8327 8375 8374
f 8327 8374 8328
f 8321 8373 8376
f 8321 8376 8322
f 8322 8345 8348
f 8322 8348 8323
f 8136 8341 8344
f 8136 8344 8137
f 8131 8340 8339
f 8131 8339 8132
f 8128 8333 8336
f 8128 8336 8129
f 8124 8329 8332
f 8124 8332 8125
f 8120 8325 8328
f 8120 8328 8121
f 8116 8321 8324
f 8116 8324 8117
f 8087 8117 8324
f 8087 8324 8301
f 8301 8324 8323
f 8301 8323 8302
f 8302 8323 8348
f 8302 8348 8303
f 8303 8348 8347
f 8303 8347 8304
f 8306 8305 8413
f 8306 8413 8387
f 8306 8387 8386
f 8306 8386 8307
f 8305 8308 8414
f 8305 8414 8413
f 8309 8415 8422
f 8309 8422 8408
f 8309 8310 8416
f 8309 8416 8415
f 8312 8311 8408
f 8312 8408 8407
f 8085 8313 8341
f 8085 8341 8136
f 8313 8314 8342
f 8313 8342 8341
f 8314 8315 8365
f 8314 8365 8342
f 8315 8316 8366
f 8315 8366 8365
f 8308 8312 8407
f 8308 8407 8414
f 8310 8317 8423
f 8310 8423 8416
f 8317 8318 8424
f 8317 8424 8423
f 8318 8319 8427
f 8318 8427 8424
f 8319 8320 8428
f 8319 8428 8427
f 8307 8386 8366
f 8307 8366 8316
f 8304 8347 8428
f 8304 8428 8320
f 8309 8408 8311
f 8354 8359 8419
f 8354 8419 8406
f 8404 8417 8426
# 16843 faces, 0 coords texture

# End of File
