mtllib horse_shared_layout.mtl
v 0.197398 -0.015230 0.105357
v 0.048651 -0.078037 0.102301
v 0.165853 -0.202423 0.037059
v 0.260432 -0.137430 0.015517
v 0.122639 0.247369 0.098583
v -0.063666 0.271221 0.129046
v 0.252910 0.010508 0.008582
v 0.201848 0.228360 0.022426
v 0.274744 -0.113818 -0.014354
v 0.338228 -0.531599 -0.002366
v 0.353790 -0.552690 -0.012507
v 0.322292 -0.551354 0.000967
v -0.285759 -0.282028 0.119512
v -0.254905 -0.300372 0.105763
v 0.032871 -0.077746 -0.009575
v -0.299299 -0.275516 0.084225
v -0.085964 0.278801 0.004248
v 0.120079 -0.179944 -0.033459
v 0.322207 -0.559977 -0.019265
v -0.267303 -0.292840 0.071203
v 0.209902 0.025515 -0.094835
v 0.264796 -0.118530 -0.055374
v 0.166731 -0.156025 -0.111657
v 0.063110 0.008606 -0.131608
v 0.126476 0.257018 -0.049618
v -0.042035 0.277282 -0.094123
v 0.344801 -0.537739 -0.033877
v 0.330168 -0.553531 -0.039223
v -0.253642 -0.001536 -0.170810
v -0.253766 -0.008772 -0.134855
v -0.244231 -0.044781 -0.179903
v -0.235434 -0.044188 -0.139532
v 0.212392 0.675634 -0.006346
v 0.180944 0.680225 0.015568
v 0.211765 0.649369 0.032392
v 0.222761 0.677320 -0.004756
v 0.214008 0.672176 -0.020670
v 0.170926 0.638577 -0.029944
v 0.223872 0.661151 -0.016543
v 0.212948 0.626951 -0.008906
v -0.293525 0.353716 -0.077981
v -0.068920 0.376919 0.015131
v -0.326833 0.359136 -0.073920
v -0.301052 0.352914 -0.118987
v -0.329146 0.367283 -0.105281
v -0.014201 0.364616 -0.076703
v 0.141813 0.309588 0.097924
v -0.020116 0.372720 0.109665
v -0.385945 0.417726 0.083364
v -0.384341 0.407849 0.041036
v -0.404080 0.446283 0.073348
v -0.398565 0.442465 0.041616
v 0.118788 0.585707 0.046097
v 0.086986 0.575041 -0.006668
v 0.186605 0.617592 0.064247
v 0.213284 0.284032 0.026863
v 0.221189 0.609018 0.041530
v 0.137816 0.316062 -0.042241
v 0.135638 0.576138 -0.030824
v 0.210353 0.589733 -0.009030
v 0.014407 0.645059 -0.009167
v 0.156321 0.648043 0.059569
v 0.020072 0.653549 -0.008791
v -0.008815 0.644224 -0.039984
v 0.008425 0.668855 -0.034413
v 0.027296 0.644278 -0.052270
v 0.030920 0.653588 -0.050563
v 0.189269 0.679655 0.067639
v 0.189173 0.647601 0.068713
v 0.196238 0.681100 0.074222
v 0.192251 0.681368 0.058550
v 0.199036 0.674866 0.061513
v 0.256017 -0.141028 0.019059
v 0.250863 -0.145595 0.022348
v 0.243669 -0.152570 0.025073
v 0.236008 -0.160522 0.027866
v 0.226549 -0.170915 0.029968
v 0.213090 -0.181104 0.032154
v 0.195598 -0.191859 0.033711
v 0.207886 -0.192213 0.010126
v 0.232870 -0.180488 -0.006509
v 0.252085 -0.179640 -0.017509
v 0.267279 -0.186236 -0.022080
v 0.274535 -0.197481 -0.022858
v 0.278875 -0.207002 -0.023130
v 0.280919 -0.217344 -0.022654
v 0.282342 -0.227737 -0.021857
v 0.284559 -0.240145 -0.021219
v 0.287280 -0.253112 -0.020149
v 0.289616 -0.266707 -0.019184
v 0.292468 -0.281080 -0.018156
v 0.294783 -0.296729 -0.017585
v 0.296787 -0.314161 -0.016911
v 0.297522 -0.332844 -0.016174
v 0.298002 -0.353253 -0.015393
v 0.298134 -0.374191 -0.014678
v 0.298110 -0.395282 -0.013696
v 0.297820 -0.415069 -0.012084
v 0.298257 -0.433154 -0.010359
v 0.299236 -0.448918 -0.008722
v 0.300739 -0.464339 -0.006830
v 0.302664 -0.479582 -0.004770
v 0.304985 -0.495394 -0.002536
v 0.307559 -0.509292 -0.000750
v 0.311322 -0.523433 0.000643
v 0.314216 -0.532951 0.001604
v 0.318104 -0.542241 0.001056
v 0.320658 -0.547566 0.000655
v 0.323967 -0.551675 0.002002
v 0.326418 -0.552529 0.002926
v 0.329341 -0.552121 0.004005
v 0.332460 -0.549975 0.003064
v 0.334402 -0.545860 0.001047
v 0.335698 -0.540168 -0.000654
v 0.337346 -0.535892 -0.001758
v 0.337279 -0.525805 -0.002750
v 0.335713 -0.514992 -0.003727
v 0.333782 -0.503833 -0.004560
v 0.332154 -0.490656 -0.005792
v 0.330254 -0.478550 -0.006989
v 0.329222 -0.465450 -0.007822
v 0.329416 -0.452725 -0.008309
v 0.330056 -0.438841 -0.008680
v 0.330565 -0.422211 -0.009440
v 0.330254 -0.402613 -0.011373
v 0.330219 -0.380517 -0.013241
v 0.330068 -0.357973 -0.014574
v 0.329325 -0.336480 -0.015122
v 0.327668 -0.316895 -0.014890
v 0.325257 -0.298639 -0.014702
v 0.321876 -0.282398 -0.014161
v 0.317789 -0.266500 -0.014389
v 0.313103 -0.252086 -0.014746
v 0.308452 -0.238699 -0.015245
v 0.304365 -0.227686 -0.015697
v 0.300794 -0.218403 -0.015543
v 0.297690 -0.210392 -0.015164
v 0.293782 -0.202144 -0.014993
v 0.289157 -0.193330 -0.015234
v 0.283139 -0.183101 -0.014962
v 0.276299 -0.172358 -0.014161
v 0.269253 -0.161730 -0.013598
v 0.262713 -0.151550 -0.008136
v 0.261244 -0.144501 0.003047
v 0.026252 -0.097628 0.103425
v 0.007380 -0.115249 0.105593
v -0.007053 -0.131435 0.104730
v -0.019326 -0.145811 0.103552
v -0.029450 -0.158030 0.101482
v -0.037704 -0.167882 0.098419
v -0.045381 -0.176017 0.095332
v -0.052296 -0.183040 0.092259
v -0.059146 -0.188739 0.090083
v -0.065817 -0.193593 0.089031
v -0.072514 -0.197539 0.089641
v -0.079009 -0.201759 0.089155
v -0.085688 -0.205707 0.089156
v -0.093035 -0.209062 0.089182
v -0.101235 -0.212815 0.088407
v -0.111866 -0.216380 0.087923
v -0.125569 -0.219947 0.088620
v -0.141299 -0.223572 0.089683
v -0.158057 -0.227317 0.090948
v -0.174376 -0.230795 0.092750
v -0.189459 -0.233368 0.096346
v -0.202701 -0.235110 0.101121
v -0.214669 -0.237461 0.104430
v -0.224908 -0.240654 0.105805
v -0.233332 -0.244280 0.106706
v -0.240354 -0.248570 0.106613
v -0.246929 -0.253480 0.105538
v -0.254960 -0.259789 0.106428
v -0.263003 -0.264813 0.109564
v -0.270556 -0.271071 0.113116
v -0.276800 -0.274101 0.116106
v -0.281378 -0.277911 0.119663
v -0.284107 -0.284468 0.120202
v -0.282271 -0.289277 0.121660
v -0.278591 -0.293429 0.122290
v -0.274168 -0.297232 0.121941
v -0.269334 -0.300740 0.120381
v -0.263885 -0.302002 0.117560
v -0.259250 -0.303059 0.112825
v -0.256072 -0.300466 0.107879
v -0.253533 -0.295067 0.103128
v -0.255736 -0.291328 0.101819
v -0.251207 -0.285387 0.098816
v -0.246667 -0.280987 0.097167
v -0.240786 -0.275670 0.095536
v -0.235204 -0.272070 0.094481
v -0.229738 -0.271354 0.094890
v -0.224528 -0.271178 0.095214
v -0.218624 -0.269770 0.094989
v -0.210538 -0.268118 0.094294
v -0.199448 -0.265309 0.092496
v -0.185664 -0.261217 0.089732
v -0.169732 -0.257075 0.086800
v -0.152033 -0.253021 0.084194
v -0.133530 -0.249325 0.081674
v -0.115105 -0.245897 0.079103
v -0.097530 -0.243436 0.077055
v -0.082049 -0.241624 0.075984
v -0.069453 -0.239440 0.075086
v -0.059413 -0.236344 0.074802
v -0.051225 -0.231799 0.074313
v -0.044053 -0.225346 0.073100
v -0.035543 -0.219234 0.073921
v -0.026442 -0.213225 0.074862
v -0.017657 -0.207663 0.075321
v -0.008428 -0.202391 0.075632
v 0.001546 -0.198045 0.075853
v 0.013410 -0.193828 0.075580
v 0.027377 -0.193885 0.074730
v 0.048484 -0.197111 0.072234
v 0.074881 -0.203138 0.066254
v 0.116495 -0.203110 0.052922
v 0.142462 -0.194531 0.060838
v 0.124715 -0.182983 0.077664
v 0.112738 -0.170464 0.093382
v 0.101819 -0.154072 0.104107
v 0.091685 -0.137009 0.111001
v 0.081045 -0.120173 0.112608
v 0.070044 -0.106735 0.110447
v 0.060082 -0.091663 0.108260
v 0.029925 -0.076627 0.093200
v 0.019111 -0.077274 0.082024
v 0.016562 -0.079277 0.072062
v 0.017693 -0.082192 0.062460
v 0.021144 -0.084087 0.052083
v 0.024691 -0.084066 0.038153
v 0.030117 -0.082299 0.019605
v 0.026632 -0.101796 0.018273
v 0.014196 -0.115636 0.033770
v 0.002144 -0.126637 0.044132
v -0.011373 -0.135889 0.047649
v -0.024425 -0.145174 0.049417
v -0.035111 -0.154957 0.052776
v -0.044360 -0.164317 0.055700
v -0.052648 -0.172751 0.058224
v -0.060184 -0.180002 0.060551
v -0.067887 -0.185697 0.061872
v -0.075802 -0.189879 0.062378
v -0.082900 -0.194576 0.063423
v -0.089868 -0.198836 0.064464
v -0.097280 -0.202384 0.065440
v -0.105437 -0.206082 0.066526
v -0.115953 -0.209763 0.067840
v -0.129365 -0.213775 0.069066
v -0.144872 -0.218088 0.070373
v -0.161431 -0.222227 0.071630
v -0.177639 -0.225585 0.072620
v -0.192630 -0.227809 0.073195
v -0.206569 -0.229340 0.073422
v -0.219399 -0.230285 0.073440
v -0.231815 -0.231199 0.073423
v -0.243005 -0.234411 0.074605
v -0.250149 -0.240427 0.077363
v -0.255465 -0.246919 0.080217
v -0.262138 -0.252915 0.082253
v -0.272409 -0.259451 0.083480
v -0.280224 -0.263683 0.083910
v -0.290019 -0.268773 0.083900
v -0.296167 -0.271149 0.083308
v -0.300160 -0.276838 0.087261
v -0.301996 -0.278204 0.092700
v -0.303014 -0.280104 0.099329
v -0.302762 -0.282428 0.106918
v -0.299728 -0.282189 0.113057
v -0.295074 -0.284994 0.117078
v -0.289387 -0.281829 0.118864
v 0.057956 -0.062414 0.092777
v 0.063085 -0.051770 0.085728
v 0.065825 -0.042080 0.083857
v 0.064043 -0.033271 0.085019
v 0.061542 -0.025231 0.086945
v 0.058036 -0.015699 0.088856
v 0.053799 -0.005091 0.091687
v 0.048433 0.007321 0.094397
v 0.041987 0.020065 0.097954
v 0.035093 0.033521 0.101076
v 0.027966 0.047248 0.104128
v 0.020989 0.060830 0.107147
v 0.014316 0.075142 0.109684
v 0.008203 0.090306 0.110697
v 0.002186 0.106150 0.111953
v -0.002886 0.123054 0.111462
v -0.007773 0.140114 0.111194
v -0.012329 0.157394 0.110256
v -0.016829 0.175134 0.108748
v -0.021808 0.193765 0.107506
v -0.027507 0.211745 0.107512
v -0.033360 0.227844 0.108574
v -0.040421 0.241820 0.112798
v -0.049729 0.251923 0.119846
v -0.075949 0.265106 0.112051
v -0.086647 0.264697 0.099042
v -0.094481 0.261654 0.088185
v -0.100282 0.258387 0.077743
v -0.100955 0.259560 0.064563
v -0.096683 0.263636 0.050974
v -0.087344 0.269504 0.034467
v -0.084407 0.261942 0.006285
v -0.083035 0.250069 0.007427
v -0.082284 0.239815 0.007958
v -0.081364 0.229130 0.008191
v -0.080608 0.215703 0.007860
v -0.080024 0.200901 0.007363
v -0.078904 0.182609 0.006190
v -0.077464 0.163129 0.004829
v -0.074245 0.142863 0.003373
v -0.070464 0.122535 0.001595
v -0.064223 0.103415 -0.000019
v -0.057707 0.085150 -0.001341
v -0.049631 0.068764 -0.001901
v -0.041504 0.053610 -0.002578
v -0.032497 0.039972 -0.003283
v -0.023994 0.026979 -0.003884
v -0.016039 0.014338 -0.004338
v -0.008359 0.001944 -0.004750
v 0.000464 -0.009052 -0.005086
v 0.008330 -0.019050 -0.005578
v 0.014958 -0.028912 -0.005979
v 0.020862 -0.038173 -0.006545
v 0.026286 -0.047275 -0.007063
v 0.030042 -0.059105 -0.007611
v 0.162961 -0.206552 0.022648
v 0.159224 -0.206995 0.011920
v 0.156008 -0.205381 0.004858
v 0.152445 -0.203683 -0.002105
v 0.148232 -0.201173 -0.008083
v 0.142856 -0.198306 -0.014853
v 0.136310 -0.192128 -0.023155
v 0.183674 -0.190968 -0.034376
v 0.219318 -0.183404 -0.032904
v 0.245170 -0.180861 -0.026808
v 0.262170 -0.189550 -0.032952
v 0.272214 -0.199304 -0.035705
v 0.275587 -0.209935 -0.034984
v 0.276728 -0.219217 -0.035810
v 0.277645 -0.229687 -0.036966
v 0.279546 -0.241153 -0.038181
v 0.281408 -0.253435 -0.039335
v 0.283200 -0.266039 -0.040041
v 0.285194 -0.278887 -0.040616
v 0.287477 -0.292479 -0.041072
v 0.289896 -0.307963 -0.041475
v 0.291371 -0.326187 -0.041904
v 0.292538 -0.347027 -0.042111
v 0.292670 -0.370607 -0.041953
v 0.291970 -0.395457 -0.041508
v 0.290903 -0.420424 -0.040138
v 0.290204 -0.444097 -0.038208
v 0.290271 -0.466124 -0.035406
v 0.292339 -0.488163 -0.032426
v 0.294496 -0.508024 -0.028939
v 0.296384 -0.525272 -0.026430
v 0.298382 -0.538849 -0.023742
v 0.304791 -0.544805 -0.022984
v 0.309630 -0.548308 -0.022115
v 0.313553 -0.552227 -0.021307
v 0.317549 -0.556478 -0.020548
v 0.322031 -0.559813 -0.016195
v 0.321838 -0.559471 -0.013013
v 0.321771 -0.558942 -0.009883
v 0.321628 -0.557787 -0.006794
v 0.321275 -0.556780 -0.003676
v 0.321194 -0.555189 -0.000993
v 0.321820 -0.552801 0.000659
v -0.256278 -0.301082 0.102547
v -0.257906 -0.304351 0.100294
v -0.257562 -0.305372 0.093742
v -0.257460 -0.306005 0.086687
v -0.258578 -0.303333 0.079006
v -0.262341 -0.298765 0.073750
v -0.264620 -0.295758 0.072107
v -0.266399 -0.291238 0.073901
v -0.265320 -0.287441 0.076929
v -0.259954 -0.282643 0.077272
v -0.253058 -0.277229 0.077716
v -0.246197 -0.272322 0.077995
v -0.238990 -0.268527 0.077368
v -0.233302 -0.268227 0.074957
v -0.227936 -0.266929 0.073501
v -0.221689 -0.265252 0.072439
v -0.213541 -0.262849 0.071814
v -0.202686 -0.259531 0.071347
v -0.189268 -0.254548 0.071534
v -0.173170 -0.249184 0.070805
v -0.155338 -0.244236 0.069251
v -0.136879 -0.239734 0.067871
v -0.118966 -0.235851 0.066506
v -0.102967 -0.233001 0.064098
v -0.089741 -0.230798 0.060160
v -0.078637 -0.228151 0.057516
v -0.069092 -0.225139 0.055456
v -0.060251 -0.221674 0.054255
v -0.052022 -0.217105 0.056341
v -0.043216 -0.211443 0.058537
v -0.033687 -0.204749 0.058326
v -0.023976 -0.197775 0.057945
v -0.014400 -0.191485 0.057989
v -0.004290 -0.185882 0.056520
v 0.005817 -0.181697 0.049982
v 0.016368 -0.178872 0.040972
v 0.030447 -0.176887 0.026506
v 0.050214 -0.177302 0.009159
v 0.080330 -0.177673 -0.011320
v 0.220377 0.013570 -0.095426
v 0.229165 -0.001877 -0.092852
v 0.237537 -0.017982 -0.089919
v 0.244533 -0.035342 -0.086148
v 0.250900 -0.053169 -0.082168
v 0.255085 -0.070906 -0.076878
v 0.258956 -0.087884 -0.070161
v 0.262016 -0.103838 -0.062908
v 0.261514 -0.119641 -0.060656
v 0.257639 -0.121352 -0.066419
v 0.251743 -0.124408 -0.071731
v 0.244609 -0.128256 -0.078168
v 0.233834 -0.135441 -0.084938
v 0.220499 -0.143156 -0.093829
v 0.198714 -0.151683 -0.103653
v 0.141678 -0.132029 -0.127822
v 0.126441 -0.109308 -0.136103
v 0.114785 -0.087946 -0.141122
v 0.105163 -0.067780 -0.144564
v 0.096161 -0.050590 -0.144285
v 0.087838 -0.035557 -0.142827
v 0.080087 -0.021381 -0.141065
v 0.072580 -0.008455 -0.136864
v 0.093733 0.005345 -0.125443
v 0.114967 0.003831 -0.120709
v 0.134536 0.004028 -0.117777
v 0.150225 0.005970 -0.115933
v 0.164993 0.009223 -0.111965
v 0.179585 0.013909 -0.108433
v 0.194506 0.021439 -0.105106
v 0.220032 0.023587 -0.080550
v 0.228819 0.020808 -0.066855
v 0.237965 0.019500 -0.054149
v 0.245540 0.017401 -0.040870
v 0.250540 0.014977 -0.027556
v 0.252584 0.012317 -0.014873
v 0.253231 0.010891 -0.003137
v 0.257845 -0.000233 0.007570
v 0.262689 -0.012290 0.006121
v 0.266549 -0.025810 0.004028
v 0.269703 -0.040718 0.001316
v 0.271836 -0.056258 -0.001800
v 0.273168 -0.071945 -0.005273
v 0.274050 -0.087216 -0.008492
v 0.274597 -0.101441 -0.011575
v 0.274784 -0.112336 -0.019073
v 0.274644 -0.111582 -0.024311
v 0.273828 -0.111737 -0.029641
v 0.272766 -0.112452 -0.035451
v 0.271590 -0.113841 -0.040649
v 0.269824 -0.115395 -0.045817
v 0.267532 -0.116974 -0.050468
v 0.199893 0.032594 -0.092234
v 0.193084 0.037473 -0.089339
v 0.189241 0.044204 -0.086875
v 0.185462 0.050491 -0.084189
v 0.181998 0.057494 -0.082093
v 0.177822 0.064784 -0.080508
v 0.173614 0.072482 -0.079216
v 0.169614 0.080769 -0.078321
v 0.165664 0.089379 -0.077307
v 0.161758 0.098926 -0.076988
v 0.158084 0.109105 -0.076705
v 0.154095 0.119923 -0.076174
v 0.150101 0.131210 -0.075201
v 0.146448 0.142809 -0.073753
v 0.142684 0.154518 -0.071679
v 0.139045 0.166423 -0.069323
v 0.135795 0.177891 -0.066641
v 0.132973 0.189577 -0.064509
v 0.130478 0.200850 -0.062152
v 0.128168 0.211645 -0.059429
v 0.126415 0.222598 -0.057596
v 0.125251 0.232294 -0.055465
v 0.124203 0.241234 -0.052859
v 0.124948 0.249389 -0.051469
v 0.144005 0.254245 -0.040727
v 0.158469 0.251345 -0.033487
v 0.169656 0.248267 -0.025969
v 0.178725 0.244601 -0.018000
v 0.187045 0.240586 -0.009304
v 0.194181 0.236159 0.000421
v 0.198123 0.232122 0.011360
v 0.201007 0.224310 0.022505
v 0.199843 0.219750 0.022375
v 0.198870 0.214497 0.022153
v 0.197670 0.207972 0.021610
v 0.196245 0.200189 0.020993
v 0.195016 0.191592 0.020264
v 0.193688 0.182247 0.019389
v 0.192621 0.172610 0.018220
v 0.193553 0.162691 0.016825
v 0.194532 0.152218 0.015356
v 0.196221 0.141442 0.014175
v 0.198592 0.130444 0.013536
v 0.200916 0.119612 0.013204
v 0.203851 0.109495 0.013125
v 0.206739 0.099921 0.013017
v 0.209863 0.091016 0.012654
v 0.213645 0.082637 0.011970
v 0.217690 0.074287 0.011251
v 0.222143 0.066022 0.010474
v 0.226725 0.057275 0.009953
v 0.231956 0.048496 0.009699
v 0.237246 0.039388 0.009502
v 0.242422 0.029940 0.009372
v 0.247733 0.020344 0.009079
v 0.075448 0.018593 -0.117399
v 0.081619 0.021012 -0.107790
v 0.087840 0.018519 -0.103193
v 0.092304 0.017434 -0.098134
v 0.089636 0.023857 -0.098464
v 0.084789 0.028826 -0.099572
v 0.073006 0.035829 -0.100936
v 0.061863 0.040226 -0.106352
v 0.048111 0.051825 -0.106824
v 0.038312 0.063944 -0.107727
v 0.029554 0.076938 -0.107701
v 0.021788 0.090466 -0.108090
v 0.014811 0.104950 -0.106797
v 0.008348 0.119980 -0.105104
v 0.002449 0.135915 -0.102794
v -0.002436 0.152422 -0.099301
v -0.007111 0.169219 -0.095697
v -0.011133 0.186033 -0.091474
v -0.014961 0.203020 -0.087334
v -0.017846 0.219807 -0.083247
v -0.020865 0.235280 -0.080037
v -0.023718 0.247639 -0.077692
v -0.029093 0.258638 -0.078632
v -0.033029 0.266410 -0.084744
v -0.017307 0.275863 -0.093887
v 0.001669 0.274835 -0.090666
v 0.022576 0.272014 -0.085740
v 0.043741 0.268687 -0.082742
v 0.065565 0.265498 -0.077401
v 0.086235 0.262643 -0.069905
v 0.107049 0.259760 -0.059949
v 0.265926 -0.130301 -0.048388
v 0.266678 -0.140213 -0.042589
v 0.268870 -0.149891 -0.038777
v 0.275100 -0.158434 -0.039610
v 0.281378 -0.166432 -0.040847
v 0.287542 -0.175034 -0.042218
v 0.293737 -0.184018 -0.044115
v 0.298990 -0.193127 -0.046187
v 0.303625 -0.203051 -0.047860
v 0.307354 -0.213172 -0.049288
v 0.311561 -0.223352 -0.050682
v 0.316801 -0.235095 -0.052279
v 0.322022 -0.248404 -0.053250
v 0.327953 -0.263920 -0.054273
v 0.332922 -0.281378 -0.054512
v 0.336622 -0.301651 -0.054607
v 0.338988 -0.323578 -0.054097
v 0.340537 -0.347507 -0.053348
v 0.341021 -0.372626 -0.052477
v 0.340930 -0.397059 -0.051062
v 0.339566 -0.419594 -0.049979
v 0.338938 -0.438811 -0.048638
v 0.338182 -0.455187 -0.047399
v 0.338425 -0.469761 -0.045592
v 0.339701 -0.485844 -0.043413
v 0.341157 -0.498313 -0.041441
v 0.342349 -0.513311 -0.038971
v 0.343569 -0.524202 -0.036709
v 0.344277 -0.532191 -0.035307
v 0.343937 -0.541122 -0.034291
v 0.342883 -0.547071 -0.034228
v 0.342129 -0.552192 -0.035266
v 0.341192 -0.556214 -0.037353
v 0.337728 -0.556862 -0.038100
v 0.334747 -0.555968 -0.038580
v 0.332217 -0.554769 -0.038936
v 0.329024 -0.550601 -0.040521
v 0.327537 -0.545683 -0.043958
v 0.324772 -0.536833 -0.047764
v 0.322201 -0.526949 -0.050926
v 0.319932 -0.514059 -0.053315
v 0.317221 -0.500527 -0.056915
v 0.315236 -0.485050 -0.058770
v 0.313028 -0.468877 -0.060906
v 0.311544 -0.452892 -0.062596
v 0.310259 -0.436342 -0.063850
v 0.309409 -0.417990 -0.064753
v 0.308551 -0.397335 -0.065140
v 0.307605 -0.375416 -0.065288
v 0.306790 -0.352859 -0.065620
v 0.305778 -0.330256 -0.065390
v 0.303977 -0.310093 -0.064851
v 0.300976 -0.291347 -0.064189
v 0.297553 -0.274866 -0.062349
v 0.294330 -0.260426 -0.059856
v 0.290641 -0.244589 -0.056749
v 0.286739 -0.232216 -0.054942
v 0.284855 -0.218673 -0.050802
v 0.282969 -0.209278 -0.047556
v 0.279420 -0.200014 -0.045238
v 0.273887 -0.189893 -0.042973
v 0.266242 -0.179368 -0.042281
v 0.255174 -0.164055 -0.042485
v 0.233612 -0.163769 -0.057735
v 0.211510 -0.166894 -0.084693
v 0.274572 -0.124135 -0.016859
v 0.274370 -0.132206 -0.019080
v 0.274153 -0.138895 -0.020805
v 0.274448 -0.145174 -0.022307
v 0.276550 -0.152279 -0.023840
v 0.283153 -0.158639 -0.024595
v 0.289797 -0.166803 -0.025578
v 0.296275 -0.176222 -0.026469
v 0.302536 -0.186428 -0.027397
v 0.307342 -0.196951 -0.028234
v 0.311326 -0.207852 -0.029565
v 0.315719 -0.218575 -0.030367
v 0.321532 -0.229629 -0.030562
v 0.327042 -0.242423 -0.031003
v 0.332913 -0.257284 -0.031277
v 0.339056 -0.274145 -0.031157
v 0.344934 -0.293636 -0.031023
v 0.349364 -0.315467 -0.030815
v 0.352213 -0.338838 -0.030396
v 0.353629 -0.363097 -0.029837
v 0.354037 -0.386963 -0.028585
v 0.353685 -0.408949 -0.027512
v 0.353270 -0.427710 -0.026406
v 0.352778 -0.443426 -0.025375
v 0.352169 -0.458156 -0.024281
v 0.352107 -0.474660 -0.022519
v 0.352285 -0.493816 -0.020246
v 0.352634 -0.514653 -0.017656
v 0.353185 -0.535041 -0.014985
v 0.354130 -0.549852 -0.016704
v 0.354825 -0.546205 -0.021124
v 0.352877 -0.543046 -0.024520
v 0.351331 -0.540970 -0.027036
v 0.349535 -0.540276 -0.029417
v 0.347694 -0.539470 -0.031087
v 0.345779 -0.538035 -0.032997
v 0.042595 0.018248 -0.120756
v 0.030528 0.017336 -0.104864
v 0.027178 0.011276 -0.090877
v 0.027767 0.001697 -0.079054
v 0.027452 -0.011345 -0.064707
v 0.032030 -0.033129 -0.058287
v 0.032359 -0.053090 -0.038086
v -0.095727 0.272842 -0.021522
v -0.100231 0.267600 -0.037936
v -0.099050 0.264566 -0.051583
v -0.093948 0.260823 -0.062912
v -0.084368 0.262742 -0.072117
v -0.073099 0.264958 -0.080558
v -0.057391 0.270336 -0.087244
v 0.037954 -0.006264 -0.136883
v 0.016078 -0.022619 -0.141531
v 0.003338 -0.038557 -0.141103
v -0.008520 -0.052469 -0.140373
v -0.017000 -0.063955 -0.139354
v -0.024328 -0.072332 -0.138167
v -0.030804 -0.079791 -0.137326
v -0.036556 -0.085696 -0.136512
v -0.041382 -0.090703 -0.135827
v -0.045704 -0.094621 -0.135332
v -0.049619 -0.097691 -0.135105
v -0.053334 -0.099946 -0.134863
v -0.057485 -0.101190 -0.135068
v -0.061929 -0.099666 -0.136012
v -0.066540 -0.096080 -0.137069
v -0.073111 -0.090955 -0.138205
v -0.082628 -0.084130 -0.139321
v -0.094098 -0.075489 -0.141024
v -0.106498 -0.065645 -0.143156
v -0.118985 -0.055580 -0.145373
v -0.130098 -0.045108 -0.148230
v -0.139605 -0.034671 -0.151707
v -0.148328 -0.024721 -0.154676
v -0.157000 -0.014821 -0.157700
v -0.166525 -0.007274 -0.160267
v -0.177040 -0.003565 -0.161403
v -0.186193 -0.003247 -0.161359
v -0.195182 -0.004065 -0.160779
v -0.205591 -0.004364 -0.161018
v -0.216192 -0.002784 -0.163517
v -0.226361 -0.001172 -0.166137
v -0.233481 0.000701 -0.169804
v -0.242104 0.001136 -0.170713
v -0.247652 -0.000602 -0.170864
v -0.256368 -0.001430 -0.168990
v -0.259732 -0.001692 -0.164510
v -0.263123 -0.002692 -0.159395
v -0.264385 -0.003520 -0.153056
v -0.263952 -0.004991 -0.146206
v -0.262079 -0.006415 -0.141215
v -0.255837 -0.007645 -0.136117
v -0.248045 -0.007302 -0.132761
v -0.243300 -0.006339 -0.132340
v -0.235083 -0.007867 -0.133810
v -0.227087 -0.008788 -0.134833
v -0.215997 -0.009742 -0.135521
v -0.205934 -0.010048 -0.134695
v -0.197164 -0.009866 -0.132226
v -0.189890 -0.010237 -0.128994
v -0.182452 -0.012362 -0.126530
v -0.174007 -0.016684 -0.125359
v -0.165158 -0.022659 -0.125507
v -0.156180 -0.030080 -0.126709
v -0.146651 -0.038369 -0.127197
v -0.136118 -0.047625 -0.127264
v -0.124373 -0.057666 -0.126457
v -0.111787 -0.067905 -0.124900
v -0.099202 -0.077945 -0.123136
v -0.087458 -0.086764 -0.121446
v -0.077630 -0.093703 -0.120042
v -0.070139 -0.098308 -0.118897
v -0.065044 -0.101580 -0.118603
v -0.059397 -0.103315 -0.117686
v -0.056701 -0.099725 -0.114702
v -0.052421 -0.096511 -0.111808
v -0.046671 -0.093509 -0.109268
v -0.040005 -0.089196 -0.105664
v -0.033607 -0.084167 -0.100535
v -0.025370 -0.078154 -0.096170
v -0.016758 -0.072648 -0.092392
v -0.007957 -0.065973 -0.090039
v -0.000505 -0.063488 -0.082584
v 0.005720 -0.063458 -0.070726
v 0.013206 -0.067026 -0.056186
v 0.024877 -0.072507 -0.039044
v 0.110895 -0.138362 -0.125568
v 0.071470 -0.120977 -0.129457
v 0.045051 -0.104851 -0.129107
v 0.029397 -0.098746 -0.125927
v 0.017197 -0.097456 -0.124685
v 0.008690 -0.102287 -0.125237
v 0.000616 -0.108322 -0.125405
v -0.007115 -0.114174 -0.126308
v -0.016366 -0.118649 -0.126332
v -0.025201 -0.123095 -0.127903
v -0.032222 -0.127733 -0.131871
v -0.038768 -0.130561 -0.136396
v -0.046644 -0.131865 -0.140171
v -0.055730 -0.131845 -0.144590
v -0.065949 -0.126360 -0.144237
v -0.076355 -0.119797 -0.144403
v -0.087554 -0.110177 -0.143341
v -0.100443 -0.099679 -0.144122
v -0.114624 -0.088363 -0.146029
v -0.129074 -0.077233 -0.148010
v -0.143478 -0.067090 -0.150497
v -0.156749 -0.058561 -0.154068
v -0.168083 -0.051663 -0.157826
v -0.176819 -0.045705 -0.159629
v -0.182955 -0.041039 -0.160231
v -0.187775 -0.037744 -0.160237
v -0.191333 -0.034546 -0.159011
v -0.196594 -0.031856 -0.158533
v -0.203891 -0.031663 -0.160202
v -0.211954 -0.031749 -0.162615
v -0.220221 -0.032746 -0.164400
v -0.223329 -0.036573 -0.169821
v -0.228300 -0.040625 -0.172463
v -0.235436 -0.042402 -0.176160
v -0.245758 -0.039773 -0.175940
v -0.250933 -0.038174 -0.177205
v -0.256492 -0.036589 -0.183822
v -0.257482 -0.029366 -0.187004
v -0.257652 -0.020895 -0.186296
v -0.257875 -0.013070 -0.183071
v -0.257746 -0.007716 -0.178298
v -0.255316 -0.003990 -0.174127
v 0.164441 -0.168308 -0.104469
v 0.167245 -0.180152 -0.095018
v 0.171777 -0.187785 -0.085079
v 0.173157 -0.192942 -0.073934
v 0.172270 -0.194020 -0.064139
v 0.166378 -0.194584 -0.056374
v 0.151653 -0.192096 -0.046142
v 0.091012 -0.167592 -0.052230
v 0.061028 -0.151349 -0.068442
v 0.031449 -0.136288 -0.080902
v 0.016815 -0.117210 -0.092677
v 0.012413 -0.105533 -0.098276
v 0.006002 -0.101368 -0.104315
v 0.000928 -0.104848 -0.104997
v -0.004272 -0.108639 -0.105346
v -0.010705 -0.113867 -0.105021
v -0.018662 -0.120194 -0.104536
v -0.027987 -0.126888 -0.105555
v -0.037943 -0.133381 -0.105167
v -0.047787 -0.137719 -0.108390
v -0.056782 -0.138348 -0.113742
v -0.067075 -0.135215 -0.117996
v -0.079022 -0.127879 -0.122092
v -0.091587 -0.116960 -0.126980
v -0.106478 -0.104487 -0.129497
v -0.121827 -0.091746 -0.131175
v -0.136674 -0.079875 -0.132967
v -0.150643 -0.069266 -0.134290
v -0.163252 -0.060344 -0.135094
v -0.174232 -0.053136 -0.135721
v -0.182387 -0.047363 -0.136812
v -0.187938 -0.043008 -0.137963
v -0.191747 -0.039842 -0.139087
v -0.194349 -0.036920 -0.140534
v -0.197137 -0.033601 -0.143242
v -0.204193 -0.034044 -0.142953
v -0.213087 -0.034784 -0.143509
v -0.219561 -0.035136 -0.143680
v -0.227162 -0.036850 -0.143729
v -0.229355 -0.040161 -0.141191
v -0.232045 -0.042953 -0.138082
v -0.236763 -0.046786 -0.139980
v -0.239000 -0.052883 -0.144912
v -0.242017 -0.054009 -0.153484
v -0.242611 -0.047952 -0.157753
v -0.243654 -0.046561 -0.162617
v -0.244083 -0.045552 -0.167402
v -0.244931 -0.048820 -0.172596
v 0.329426 -0.555086 -0.038387
v 0.328009 -0.557034 -0.037934
v 0.326474 -0.558544 -0.035450
v 0.325134 -0.558934 -0.032466
v 0.324051 -0.559503 -0.029355
v 0.323145 -0.559912 -0.025940
v 0.322532 -0.560037 -0.022641
v 0.034167 -0.096625 -0.011317
v 0.032676 -0.106314 -0.013952
v 0.034071 -0.112875 -0.015893
v 0.036045 -0.118101 -0.018942
v 0.038363 -0.123739 -0.021195
v 0.041935 -0.130640 -0.023120
v 0.051641 -0.140648 -0.025413
v 0.075441 -0.156731 -0.028818
v -0.270326 -0.293140 0.070140
v -0.276033 -0.292216 0.068542
v -0.282490 -0.290493 0.068337
v -0.288459 -0.288043 0.068950
v -0.293832 -0.285512 0.071470
v -0.296979 -0.282702 0.074837
v -0.299247 -0.280279 0.078832
v -0.299006 -0.277346 0.081829
v -0.254024 -0.010712 -0.133126
v -0.256737 -0.013986 -0.131595
v -0.256594 -0.018277 -0.130064
v -0.254797 -0.023786 -0.129093
v -0.252417 -0.029825 -0.130356
v -0.247336 -0.034612 -0.132026
v -0.243643 -0.039202 -0.133737
v -0.238504 -0.042341 -0.136813
v 0.210319 0.673311 -0.005089
v 0.205544 0.669349 -0.002278
v 0.198764 0.665028 0.001462
v 0.189121 0.667388 0.006683
v 0.189981 0.675033 0.019406
v 0.194396 0.670707 0.020919
v 0.196665 0.668103 0.022551
v 0.199168 0.665780 0.024770
v 0.200607 0.663537 0.026199
v 0.202046 0.660218 0.027960
v 0.206055 0.655844 0.029025
v 0.206318 0.651806 0.013901
v 0.212690 0.659984 0.003698
v 0.217678 0.668308 -0.000373
v 0.220706 0.673234 -0.002772
v 0.222474 0.678614 -0.005115
v 0.222142 0.681378 -0.005965
v 0.221230 0.683096 -0.006153
v 0.218719 0.684874 -0.006211
v 0.216216 0.682777 -0.007599
v 0.214965 0.680063 -0.007035
v 0.213775 0.677776 -0.006796
v 0.214343 0.676864 -0.008543
v 0.215110 0.676935 -0.010120
v 0.216856 0.678260 -0.013137
v 0.216804 0.677693 -0.014651
v 0.216628 0.677159 -0.016493
v 0.215762 0.675445 -0.018073
v 0.215057 0.674187 -0.019442
v 0.212343 0.669781 -0.020313
v 0.208947 0.663540 -0.018964
v 0.203951 0.653852 -0.016817
v 0.188290 0.647051 -0.018862
v 0.174219 0.650130 -0.027731
v 0.176846 0.656416 -0.022970
v 0.178371 0.661795 -0.017887
v 0.179017 0.664804 -0.013212
v 0.178790 0.666719 -0.008749
v 0.177723 0.668085 -0.003560
v 0.178029 0.671643 0.003261
v 0.223969 0.677171 -0.005377
v 0.225450 0.676904 -0.006734
v 0.226449 0.675287 -0.008110
v 0.226578 0.672795 -0.009907
v 0.226383 0.670054 -0.011746
v 0.225530 0.666298 -0.013670
v 0.224756 0.663546 -0.015185
v 0.224043 0.663262 -0.017650
v 0.223908 0.665471 -0.019612
v 0.223226 0.668686 -0.021372
v 0.221231 0.670852 -0.022689
v 0.218964 0.672697 -0.022731
v 0.216583 0.672576 -0.022391
v 0.215491 0.672994 -0.021239
v 0.213506 0.642182 0.021704
v 0.215494 0.638696 0.015726
v 0.215362 0.636798 0.011218
v 0.217074 0.634551 0.007177
v 0.217211 0.632434 0.003332
v 0.217176 0.630134 -0.000715
v 0.215925 0.628256 -0.005015
v 0.215176 0.635456 -0.010195
v 0.218402 0.643011 -0.012232
v 0.221053 0.650367 -0.014245
v 0.222831 0.656811 -0.015535
v 0.209971 0.626182 -0.012717
v 0.205726 0.626265 -0.016601
v 0.200386 0.626978 -0.016272
v 0.195256 0.628155 -0.019313
v 0.190091 0.629185 -0.021477
v 0.185380 0.631267 -0.023833
v 0.178737 0.634528 -0.026008
v -0.293814 0.356998 -0.077998
v -0.293041 0.363270 -0.079958
v -0.293536 0.369377 -0.081919
v -0.289306 0.376549 -0.083685
v -0.284551 0.382850 -0.084308
v -0.280051 0.388520 -0.085551
v -0.274792 0.392425 -0.085577
v -0.268798 0.395083 -0.085207
v -0.260708 0.395479 -0.083529
v -0.250356 0.396535 -0.081394
v -0.238000 0.398354 -0.079433
v -0.224275 0.400422 -0.077707
v -0.210972 0.402087 -0.076045
v -0.198508 0.404174 -0.075154
v -0.188037 0.406067 -0.074713
v -0.179477 0.407539 -0.074081
v -0.173213 0.405033 -0.072520
v -0.169656 0.401060 -0.071017
v -0.166704 0.396374 -0.069731
v -0.163293 0.390663 -0.068576
v -0.158871 0.382754 -0.067629
v -0.152621 0.372238 -0.066978
v -0.144831 0.360035 -0.067097
v -0.137021 0.347021 -0.066778
v -0.130286 0.334899 -0.065071
v -0.123509 0.323996 -0.063555
v -0.117607 0.314534 -0.061224
v -0.110586 0.305157 -0.056278
v -0.106109 0.296687 -0.043976
v -0.098650 0.288106 -0.024830
v -0.088027 0.293571 0.004587
v -0.087334 0.304960 0.005815
v -0.087427 0.315276 0.007691
v -0.088072 0.326665 0.010066
v -0.086976 0.338756 0.011413
v -0.082896 0.354520 0.013038
v -0.082445 0.364889 -0.016520
v -0.083647 0.351244 -0.038232
v -0.082356 0.339803 -0.048775
v -0.093051 0.340696 -0.061805
v -0.097725 0.351265 -0.054888
v -0.106250 0.362873 -0.056278
v -0.114755 0.374138 -0.058330
v -0.122853 0.385020 -0.059410
v -0.131282 0.394555 -0.059692
v -0.138162 0.402158 -0.057908
v -0.145187 0.408722 -0.055733
v -0.153350 0.414589 -0.055068
v -0.162776 0.418949 -0.056363
v -0.172429 0.421896 -0.060249
v -0.182797 0.423211 -0.064156
v -0.194659 0.423222 -0.067381
v -0.207803 0.422472 -0.070209
v -0.221403 0.421285 -0.073115
v -0.234499 0.419973 -0.074769
v -0.246647 0.418416 -0.076073
v -0.257221 0.416695 -0.076924
v -0.267831 0.414302 -0.077072
v -0.276370 0.411081 -0.078352
v -0.285236 0.407081 -0.080004
v -0.292759 0.401091 -0.080344
v -0.299113 0.395231 -0.080362
v -0.306939 0.386400 -0.078946
v -0.312734 0.379801 -0.077217
v -0.319621 0.370972 -0.073608
v -0.323287 0.365028 -0.073963
v -0.323754 0.357896 -0.071248
v -0.319701 0.352776 -0.068968
v -0.312400 0.350658 -0.066065
v -0.304309 0.348098 -0.066328
v -0.297055 0.349052 -0.070604
v -0.295321 0.351634 -0.075409
v -0.292488 0.350651 -0.079809
v -0.289415 0.347536 -0.082989
v -0.286067 0.343888 -0.088207
v -0.286183 0.343129 -0.097367
v -0.288853 0.343483 -0.105393
v -0.292971 0.346204 -0.112360
v -0.298110 0.348477 -0.117290
v -0.300029 0.356124 -0.117248
v -0.297946 0.362156 -0.113283
v -0.295413 0.368297 -0.108442
v -0.291988 0.375381 -0.104798
v -0.286913 0.382380 -0.101923
v -0.282441 0.388980 -0.099999
v -0.275248 0.396095 -0.098236
v -0.266714 0.399003 -0.098449
v -0.256698 0.403075 -0.098289
v -0.247390 0.405401 -0.096942
v -0.236992 0.407395 -0.095636
v -0.226654 0.409093 -0.093525
v -0.215777 0.410516 -0.091257
v -0.204773 0.411289 -0.089187
v -0.193975 0.411311 -0.087473
v -0.183461 0.411042 -0.085632
v -0.173630 0.409523 -0.084050
v -0.165281 0.404778 -0.085465
v -0.158824 0.398705 -0.087240
v -0.152736 0.391493 -0.089060
v -0.146571 0.381994 -0.091665
v -0.138965 0.371947 -0.093594
v -0.130767 0.360368 -0.096188
v -0.122746 0.349309 -0.098885
v -0.114378 0.338366 -0.101360
v -0.105746 0.327686 -0.104243
v -0.096082 0.317199 -0.104971
v -0.083416 0.305951 -0.106560
v -0.072742 0.294775 -0.106185
v -0.056119 0.285659 -0.100249
v -0.329171 0.359028 -0.075954
v -0.334869 0.357767 -0.080078
v -0.336809 0.358458 -0.086213
v -0.337194 0.359444 -0.091861
v -0.336108 0.361361 -0.096655
v -0.333795 0.363193 -0.100747
v -0.330676 0.366050 -0.103200
v -0.328684 0.365397 -0.107448
v -0.328337 0.361062 -0.111458
v -0.324401 0.358141 -0.116152
v -0.319744 0.354091 -0.119716
v -0.311241 0.352394 -0.121891
v -0.304955 0.351090 -0.122358
v -0.060332 0.386171 -0.007881
v -0.051170 0.385593 -0.022410
v -0.045180 0.383447 -0.032326
v -0.040360 0.382133 -0.041304
v -0.035234 0.380376 -0.050063
v -0.029684 0.377159 -0.058525
v -0.024349 0.372702 -0.067853
v -0.038941 0.355312 -0.082493
v -0.053320 0.350151 -0.085968
v -0.064556 0.345937 -0.086597
v -0.072305 0.344058 -0.086121
v -0.080194 0.349050 -0.086771
v -0.084566 0.357805 -0.086947
v -0.093286 0.371545 -0.085879
v -0.105137 0.382970 -0.085104
v -0.117900 0.394760 -0.083664
v -0.127619 0.405885 -0.084779
v -0.136075 0.415606 -0.087018
v -0.145552 0.424435 -0.089372
v -0.156746 0.431122 -0.091129
v -0.168862 0.433109 -0.089830
v -0.180029 0.432978 -0.088686
v -0.191856 0.432146 -0.089815
v -0.204909 0.430747 -0.091955
v -0.218691 0.429000 -0.094270
v -0.232296 0.427376 -0.096620
v -0.244875 0.426318 -0.098742
v -0.256933 0.425638 -0.101451
v -0.268992 0.425655 -0.106380
v -0.282693 0.420923 -0.110581
v -0.293433 0.412630 -0.110018
v -0.299773 0.404049 -0.107607
v -0.304779 0.396409 -0.106361
v -0.310053 0.388565 -0.106046
v -0.315843 0.382341 -0.105644
v -0.322266 0.375968 -0.106880
v -0.327336 0.372097 -0.106121
v -0.020155 0.350368 -0.089063
v -0.022593 0.337242 -0.094895
v -0.024917 0.325694 -0.097973
v -0.027899 0.314800 -0.100097
v -0.031304 0.303145 -0.100883
v -0.034260 0.291443 -0.098552
v -0.036273 0.265561 0.137494
v -0.009816 0.262143 0.135446
v 0.014966 0.257666 0.131834
v 0.040051 0.253572 0.125999
v 0.063065 0.250719 0.120804
v 0.083861 0.249422 0.115236
v 0.103779 0.248445 0.107548
v 0.127555 0.254389 0.100150
v 0.131873 0.261633 0.101236
v 0.134942 0.269563 0.101961
v 0.136942 0.278220 0.102164
v 0.138274 0.288432 0.101120
v 0.139604 0.299104 0.099918
v 0.125926 0.317937 0.106712
v 0.108479 0.327678 0.115299
v 0.087913 0.338316 0.124720
v 0.065013 0.348989 0.129906
v 0.041736 0.358903 0.131845
v 0.019735 0.366660 0.127554
v 0.000279 0.370161 0.119211
v -0.029336 0.362242 0.121307
v -0.036044 0.352083 0.130263
v -0.042000 0.338934 0.136188
v -0.047986 0.324982 0.139304
v -0.053665 0.310202 0.141945
v -0.059265 0.290716 0.140106
v -0.080945 0.283793 0.124316
v -0.096320 0.296660 0.123846
v -0.108188 0.305127 0.122347
v -0.120215 0.317209 0.123476
v -0.131141 0.327814 0.119759
v -0.140563 0.339355 0.116601
v -0.151342 0.348132 0.113383
v -0.162461 0.358492 0.110065
v -0.173261 0.368632 0.106010
v -0.183645 0.378556 0.102030
v -0.192750 0.387035 0.098081
v -0.200701 0.393645 0.095130
v -0.207896 0.398457 0.093465
v -0.214497 0.402188 0.092512
v -0.220600 0.406213 0.090551
v -0.226751 0.410441 0.087780
v -0.235342 0.413817 0.085953
v -0.245759 0.416899 0.083410
v -0.259009 0.419296 0.081223
v -0.273486 0.421475 0.079221
v -0.288649 0.423126 0.077570
v -0.302984 0.424672 0.075814
v -0.316272 0.425304 0.074550
v -0.327712 0.425621 0.074052
v -0.336782 0.426733 0.072824
v -0.344979 0.428175 0.071903
v -0.353524 0.428768 0.071227
v -0.362882 0.428556 0.072007
v -0.370398 0.427311 0.072023
v -0.376184 0.424782 0.074782
v -0.380012 0.422157 0.077266
v -0.383976 0.419113 0.080927
v -0.386928 0.410362 0.082531
v -0.389916 0.414550 0.074962
v -0.393883 0.401994 0.075697
v -0.392723 0.400643 0.063893
v -0.392579 0.404161 0.054904
v -0.388561 0.400600 0.048202
v -0.385532 0.405636 0.043385
v -0.381144 0.410250 0.043956
v -0.378713 0.415100 0.047638
v -0.374134 0.419773 0.050530
v -0.365864 0.423581 0.052516
v -0.356571 0.423952 0.054150
v -0.348541 0.424050 0.055012
v -0.340044 0.423348 0.055760
v -0.331938 0.422760 0.056698
v -0.321913 0.422625 0.059035
v -0.310175 0.421314 0.061213
v -0.296715 0.419708 0.063772
v -0.282535 0.417760 0.066093
v -0.267944 0.415508 0.068239
v -0.254319 0.413540 0.070021
v -0.242240 0.411397 0.071061
v -0.232491 0.408814 0.071267
v -0.225582 0.404632 0.070556
v -0.219947 0.400328 0.070603
v -0.215200 0.394799 0.070218
v -0.208169 0.389931 0.071116
v -0.199271 0.384461 0.072500
v -0.188711 0.376766 0.072922
v -0.177418 0.368336 0.073744
v -0.166223 0.359933 0.074442
v -0.156795 0.351297 0.074219
v -0.147865 0.343537 0.074223
v -0.139603 0.335746 0.073778
v -0.131398 0.327725 0.072489
v -0.122634 0.318687 0.070149
v -0.111331 0.308076 0.064700
v -0.102030 0.297220 0.052724
v -0.091665 0.287109 0.034497
v -0.043206 0.370339 0.110904
v -0.060041 0.368076 0.110941
v -0.073371 0.367157 0.111271
v -0.085951 0.367189 0.111427
v -0.097427 0.370382 0.110570
v -0.108394 0.375280 0.108693
v -0.119678 0.382961 0.105809
v -0.133852 0.391748 0.101153
v -0.147701 0.397418 0.096073
v -0.161574 0.404110 0.091470
v -0.172885 0.409568 0.088468
v -0.181130 0.416801 0.088138
v -0.189539 0.423228 0.087515
v -0.198738 0.429452 0.087000
v -0.209341 0.434495 0.086077
v -0.220505 0.437176 0.084210
v -0.231781 0.437845 0.081756
v -0.244363 0.439373 0.080689
v -0.258275 0.441217 0.080150
v -0.273178 0.442892 0.079606
v -0.287042 0.444691 0.079055
v -0.299774 0.446845 0.078503
v -0.310578 0.449141 0.078331
v -0.322825 0.452771 0.079240
v -0.334679 0.454803 0.079662
v -0.346475 0.453331 0.076524
v -0.357286 0.450872 0.074066
v -0.368368 0.449246 0.072646
v -0.379314 0.448879 0.072835
v -0.389070 0.450038 0.074956
v -0.395533 0.448240 0.074058
v -0.400055 0.447095 0.073448
v -0.405915 0.444554 0.074927
v -0.409168 0.441049 0.078107
v -0.408244 0.439068 0.082711
v -0.406476 0.435197 0.090033
v -0.397039 0.425568 0.090285
v -0.391025 0.420442 0.086808
v -0.026806 0.377989 0.098327
v -0.031951 0.381280 0.088856
v -0.036732 0.383690 0.080832
v -0.041639 0.386322 0.072695
v -0.047103 0.388316 0.064410
v -0.052716 0.388574 0.053627
v -0.059010 0.384102 0.039096
v -0.077441 0.366382 0.040526
v -0.083995 0.360481 0.058090
v -0.086646 0.353300 0.070347
v -0.096508 0.353748 0.075699
v -0.103967 0.356952 0.075770
v -0.111722 0.363037 0.073682
v -0.121143 0.370096 0.071961
v -0.133331 0.379299 0.070534
v -0.146578 0.387360 0.069539
v -0.160425 0.395216 0.069463
v -0.172432 0.401855 0.067896
v -0.182476 0.408016 0.063953
v -0.192034 0.413499 0.060967
v -0.202005 0.419046 0.059290
v -0.212045 0.423913 0.058440
v -0.222411 0.427540 0.059708
v -0.233298 0.429970 0.061610
v -0.245864 0.432208 0.062284
v -0.259631 0.434794 0.062020
v -0.273861 0.437583 0.061307
v -0.287146 0.440360 0.060145
v -0.298918 0.443240 0.058629
v -0.309240 0.446772 0.056445
v -0.319370 0.450058 0.054180
v -0.330026 0.452243 0.052239
v -0.340499 0.451869 0.051649
v -0.349449 0.449832 0.051856
v -0.359588 0.448622 0.049960
v -0.368147 0.448007 0.047221
v -0.379530 0.447329 0.044049
v -0.387567 0.445735 0.042022
v -0.394730 0.443816 0.041090
v -0.400614 0.443342 0.043722
v -0.402790 0.444346 0.047262
v -0.405094 0.445620 0.051600
v -0.406963 0.446749 0.056150
v -0.407483 0.447289 0.061582
v -0.407217 0.447152 0.066498
v -0.405254 0.446822 0.070582
v -0.000482 0.383364 0.104095
v 0.016610 0.393526 0.097014
v 0.031072 0.399124 0.090027
v 0.044933 0.404656 0.081011
v 0.056437 0.414005 0.075962
v 0.066816 0.424510 0.069542
v 0.075369 0.435833 0.063746
v 0.081819 0.447773 0.058084
v 0.087370 0.457859 0.052945
v 0.092892 0.467119 0.048689
v 0.099537 0.475499 0.045673
v 0.107022 0.484629 0.044830
v 0.113090 0.495988 0.046185
v 0.119264 0.507626 0.046176
v 0.124275 0.518883 0.044827
v 0.128385 0.529461 0.042955
v 0.130846 0.538921 0.041320
v 0.132304 0.547229 0.040022
v 0.131773 0.553284 0.039046
v 0.131314 0.559413 0.038733
v 0.128749 0.564982 0.038945
v 0.125288 0.571040 0.043827
v 0.105004 0.575132 0.038056
v 0.094493 0.570184 0.029808
v 0.091165 0.570808 0.020712
v 0.089183 0.573563 0.014410
v 0.087803 0.574973 0.008330
v 0.086498 0.575356 0.002752
v 0.086043 0.575534 -0.002394
v 0.094290 0.570480 -0.003726
v 0.099958 0.565804 -0.001030
v 0.104142 0.560715 0.001436
v 0.107503 0.555879 0.003927
v 0.109676 0.550099 0.006022
v 0.109287 0.543300 0.007069
v 0.107103 0.536131 0.007249
v 0.103187 0.528346 0.006837
v 0.099236 0.518956 0.006497
v 0.094785 0.507751 0.004855
v 0.088685 0.495923 0.001282
v 0.081556 0.484141 -0.001575
v 0.072634 0.474195 -0.002166
v 0.062417 0.465429 0.000173
v 0.050672 0.457950 0.003698
v 0.037410 0.448210 0.008947
v 0.026260 0.435961 0.014062
v 0.013357 0.423731 0.019475
v 0.000396 0.414904 0.021705
v -0.012908 0.408039 0.022374
v -0.026273 0.401854 0.021511
v -0.044688 0.393034 0.019613
v 0.144456 0.319118 0.095412
v 0.147105 0.327828 0.092478
v 0.148792 0.335700 0.088806
v 0.151789 0.344636 0.087186
v 0.155010 0.355436 0.086617
v 0.157947 0.368736 0.084536
v 0.160322 0.383606 0.082668
v 0.162591 0.398851 0.081560
v 0.164644 0.413974 0.080941
v 0.166271 0.429927 0.080730
v 0.168366 0.445997 0.079849
v 0.170473 0.463684 0.077960
v 0.173126 0.481762 0.075523
v 0.175566 0.500361 0.072752
v 0.177301 0.518340 0.070813
v 0.178668 0.534932 0.068782
v 0.179890 0.550008 0.067131
v 0.180857 0.563264 0.065646
v 0.182324 0.575334 0.064311
v 0.184074 0.586350 0.064373
v 0.185642 0.597287 0.064417
v 0.186253 0.607452 0.064062
v 0.182173 0.616232 0.065237
v 0.177572 0.614268 0.065198
v 0.172929 0.611558 0.063319
v 0.167548 0.607271 0.060760
v 0.160491 0.601221 0.057665
v 0.150666 0.594350 0.055163
v 0.137434 0.587890 0.052242
v 0.140172 0.244753 0.090967
v 0.155723 0.241751 0.084039
v 0.168200 0.238263 0.075645
v 0.178497 0.234850 0.066018
v 0.187324 0.231341 0.055614
v 0.194345 0.228668 0.044660
v 0.197685 0.227922 0.033427
v 0.202628 0.233075 0.022522
v 0.203499 0.238629 0.022679
v 0.204714 0.245698 0.023044
v 0.206494 0.254103 0.023657
v 0.208854 0.264130 0.024020
v 0.207182 0.274495 0.025524
v 0.207270 0.286247 0.037546
v 0.201691 0.287494 0.045641
v 0.195020 0.287578 0.054399
v 0.188495 0.289642 0.064453
v 0.179485 0.292782 0.073451
v 0.168440 0.296919 0.081239
v 0.155767 0.302579 0.089177
v 0.215935 0.296374 0.027937
v 0.217836 0.309927 0.028497
v 0.219215 0.325015 0.029225
v 0.220361 0.340765 0.030799
v 0.221236 0.357630 0.035883
v 0.222902 0.374883 0.041679
v 0.225443 0.392947 0.048151
v 0.227641 0.411937 0.053729
v 0.228377 0.431961 0.056965
v 0.228933 0.452214 0.058778
v 0.229357 0.472596 0.059086
v 0.230148 0.491950 0.059301
v 0.228531 0.508980 0.058330
v 0.226671 0.523618 0.057091
v 0.225291 0.536282 0.055589
v 0.224293 0.547595 0.053813
v 0.223503 0.557886 0.051893
v 0.222757 0.567576 0.050023
v 0.222083 0.576653 0.048193
v 0.221813 0.585158 0.046392
v 0.221745 0.593229 0.044656
v 0.221633 0.601061 0.043029
v 0.217180 0.612609 0.047537
v 0.211229 0.616009 0.051141
v 0.205900 0.617734 0.052762
v 0.202206 0.618378 0.055995
v 0.198410 0.618258 0.058528
v 0.194708 0.618260 0.060884
v 0.190611 0.617970 0.062663
v 0.006889 0.360311 -0.075576
v 0.028664 0.355952 -0.073293
v 0.046978 0.349806 -0.071169
v 0.067192 0.342433 -0.068172
v 0.086956 0.335859 -0.062619
v 0.106045 0.328632 -0.057043
v 0.123472 0.322587 -0.049460
v 0.136087 0.304558 -0.044453
v 0.135803 0.294418 -0.046003
v 0.136546 0.285108 -0.047182
v 0.136004 0.277289 -0.047848
v 0.133672 0.270401 -0.048748
v 0.129677 0.264040 -0.048682
v 0.003259 0.378237 -0.063005
v 0.022916 0.392125 -0.050351
v 0.036327 0.399011 -0.038395
v 0.051296 0.402307 -0.026319
v 0.061611 0.402961 -0.016664
v 0.073773 0.411209 -0.010497
v 0.081594 0.420371 -0.017720
v 0.089648 0.429971 -0.023115
v 0.098372 0.440463 -0.026308
v 0.107199 0.451219 -0.027526
v 0.115222 0.462224 -0.026498
v 0.121473 0.474518 -0.023636
v 0.126355 0.486046 -0.017014
v 0.130466 0.498530 -0.011963
v 0.133510 0.510897 -0.010865
v 0.136613 0.521529 -0.010504
v 0.138799 0.530960 -0.009830
v 0.140076 0.539019 -0.009018
v 0.140385 0.546279 -0.009751
v 0.139417 0.551571 -0.012480
v 0.138930 0.556531 -0.016574
v 0.138465 0.561174 -0.023659
v 0.150414 0.574982 -0.026264
v 0.160329 0.576538 -0.021842
v 0.168875 0.579320 -0.018005
v 0.177587 0.581591 -0.016534
v 0.186382 0.583970 -0.015760
v 0.194513 0.586076 -0.014364
v 0.202612 0.587846 -0.012606
v 0.209327 0.580379 -0.008876
v 0.208347 0.571047 -0.008956
v 0.206995 0.561335 -0.008273
v 0.205941 0.551190 -0.007008
v 0.205160 0.539960 -0.006299
v 0.204648 0.527248 -0.005936
v 0.203219 0.513404 -0.005629
v 0.201092 0.497984 -0.005493
v 0.198423 0.481493 -0.004837
v 0.195180 0.465030 -0.004012
v 0.191198 0.448973 -0.003798
v 0.186087 0.434298 -0.004453
v 0.179914 0.420804 -0.006390
v 0.173616 0.407864 -0.008908
v 0.167942 0.395305 -0.012264
v 0.162570 0.382777 -0.014661
v 0.157126 0.371632 -0.013701
v 0.152497 0.361318 -0.014923
v 0.148733 0.352198 -0.018880
v 0.145919 0.344254 -0.024519
v 0.142995 0.335991 -0.030678
v 0.140116 0.326534 -0.036648
v 0.089819 0.574340 -0.009978
v 0.093877 0.573147 -0.012808
v 0.098195 0.571531 -0.015729
v 0.102725 0.569645 -0.018869
v 0.107403 0.567292 -0.022412
v 0.112738 0.564490 -0.026929
v 0.123287 0.567680 -0.030192
v 0.149686 0.308952 -0.033933
v 0.160674 0.302681 -0.026922
v 0.170932 0.297186 -0.020136
v 0.180704 0.292584 -0.013443
v 0.189541 0.288528 -0.005042
v 0.196239 0.285521 0.005271
v 0.203893 0.284444 0.015357
v 0.216449 0.591750 -0.002233
v 0.219293 0.594111 0.005583
v 0.220663 0.596306 0.012503
v 0.222040 0.598899 0.018302
v 0.222729 0.601387 0.023797
v 0.225180 0.603634 0.028610
v 0.225300 0.606150 0.035363
v -0.389083 0.411256 0.038725
v -0.393823 0.416214 0.037016
v -0.397189 0.423658 0.035710
v -0.399418 0.430113 0.036226
v -0.399078 0.435973 0.038693
v -0.398745 0.439506 0.040852
v 0.018860 0.642703 -0.007181
v 0.023839 0.640210 -0.004837
v 0.030581 0.636780 -0.001732
v 0.036453 0.633608 0.001225
v 0.042362 0.630164 0.004611
v 0.049057 0.626706 0.008236
v 0.055967 0.622974 0.012032
v 0.063238 0.618758 0.016867
v 0.069904 0.614556 0.022187
v 0.076762 0.609125 0.030068
v 0.087471 0.603666 0.035792
v 0.102188 0.594303 0.040533
v 0.126059 0.602626 0.050680
v 0.134023 0.618928 0.054161
v 0.143524 0.633660 0.057225
v 0.135629 0.646787 0.053886
v 0.118877 0.646551 0.044716
v 0.103459 0.646956 0.035091
v 0.090844 0.648015 0.027998
v 0.080771 0.647891 0.020054
v 0.071219 0.648577 0.014001
v 0.061115 0.649979 0.008116
v 0.051077 0.651150 0.003174
v 0.041895 0.652563 -0.001024
v 0.034291 0.652920 -0.004111
v 0.028293 0.653678 -0.006153
v 0.023293 0.652921 -0.007562
v 0.018167 0.651073 -0.008981
v 0.016649 0.649090 -0.009169
v 0.015186 0.646375 -0.009161
v 0.011429 0.645185 -0.010435
v 0.006415 0.646030 -0.012628
v 0.000874 0.646715 -0.015396
v -0.004413 0.647228 -0.018813
v -0.008430 0.647606 -0.023311
v -0.010160 0.646718 -0.029546
v -0.009910 0.645040 -0.035580
v -0.002288 0.635523 -0.038119
v 0.023908 0.629492 -0.032025
v -0.004875 0.639634 -0.039471
v 0.002871 0.616410 -0.034958
v 0.011254 0.611945 -0.031809
v 0.019930 0.611555 -0.029002
v 0.028521 0.609719 -0.026327
v 0.038034 0.604398 -0.023309
v 0.048096 0.598631 -0.020014
v 0.058951 0.592188 -0.016575
v 0.068903 0.585962 -0.013220
v 0.078383 0.580166 -0.009919
v 0.017842 0.654645 -0.009750
v 0.015453 0.657278 -0.011076
v 0.012148 0.659598 -0.011920
v 0.008148 0.663498 -0.013684
v 0.006487 0.667302 -0.018267
v 0.005341 0.669213 -0.024367
v 0.007031 0.669069 -0.030172
v 0.003191 0.662157 -0.035824
v -0.002190 0.657056 -0.037554
v -0.005618 0.651137 -0.038801
v 0.159726 0.656201 0.055449
v 0.163729 0.661517 0.052692
v 0.164982 0.665163 0.048526
v 0.166608 0.666963 0.043845
v 0.167704 0.668802 0.038965
v 0.169049 0.673182 0.035441
v 0.171777 0.679629 0.030759
v 0.163839 0.677820 0.011118
v 0.150666 0.676668 0.007846
v 0.138147 0.677138 0.004056
v 0.125564 0.676371 0.000809
v 0.112380 0.675487 -0.003039
v 0.097295 0.675855 -0.007622
v 0.079863 0.676597 -0.012921
v 0.062343 0.677420 -0.018331
v 0.047685 0.678001 -0.022957
v 0.035931 0.678716 -0.026402
v 0.025905 0.678125 -0.029545
v 0.015914 0.675295 -0.032410
v 0.026840 0.646572 -0.052259
v 0.027688 0.649277 -0.051809
v 0.028848 0.651946 -0.051239
v 0.034853 0.653392 -0.049415
v 0.041090 0.653190 -0.047489
v 0.048429 0.651901 -0.045181
v 0.056866 0.651019 -0.043076
v 0.067095 0.649375 -0.040811
v 0.078326 0.647934 -0.038930
v 0.089344 0.646853 -0.037619
v 0.100092 0.645818 -0.036722
v 0.110458 0.645007 -0.037547
v 0.122571 0.643436 -0.036708
v 0.135827 0.640372 -0.036339
v 0.151813 0.639627 -0.034104
v 0.158366 0.624792 -0.033106
v 0.149827 0.609296 -0.033992
v 0.143172 0.593576 -0.033237
v 0.123989 0.587246 -0.035861
v 0.111286 0.596798 -0.041455
v 0.101570 0.604377 -0.043639
v 0.091049 0.610707 -0.042535
v 0.082657 0.615454 -0.042400
v 0.074162 0.619945 -0.043241
v 0.066172 0.623896 -0.044493
v 0.058828 0.627617 -0.045519
v 0.052224 0.631154 -0.046779
v 0.045272 0.634874 -0.048216
v 0.038572 0.638546 -0.049548
v 0.031596 0.641936 -0.051211
v 0.023731 0.644511 -0.053098
v 0.018496 0.645152 -0.054306
v 0.012517 0.646123 -0.055144
v 0.006364 0.646644 -0.055419
v 0.000524 0.647097 -0.053178
v -0.003979 0.646170 -0.048885
v -0.007045 0.644778 -0.044338
v 0.009889 0.668805 -0.038659
v 0.011580 0.668924 -0.042837
v 0.013761 0.668087 -0.048330
v 0.018621 0.665270 -0.051647
v 0.022023 0.661157 -0.054025
v 0.026083 0.657467 -0.052446
v 0.028475 0.655173 -0.051154
v 0.186096 0.673717 0.066634
v 0.182333 0.665541 0.064684
v 0.175751 0.652892 0.059447
v 0.165206 0.645273 0.060416
v 0.171381 0.645178 0.062526
v 0.173993 0.646128 0.065509
v 0.176450 0.647108 0.067710
v 0.179132 0.647303 0.069601
v 0.182323 0.647260 0.070609
v 0.185925 0.647413 0.070248
v 0.191222 0.656744 0.071068
v 0.193292 0.667057 0.072757
v 0.194904 0.675579 0.073859
v 0.195596 0.683192 0.075039
v 0.194579 0.685377 0.076014
v 0.192101 0.686514 0.075527
v 0.189976 0.685853 0.073292
v 0.188677 0.682788 0.070954
v 0.189125 0.681729 0.069851
v 0.188377 0.679353 0.068537
v 0.189951 0.680134 0.067116
v 0.191080 0.681155 0.066330
v 0.191661 0.681375 0.065383
v 0.192123 0.681509 0.064287
v 0.192500 0.681816 0.063046
v 0.192524 0.681685 0.061471
v 0.192544 0.681826 0.060003
v 0.191127 0.678947 0.055039
v 0.189238 0.674444 0.048393
v 0.184457 0.670494 0.034416
v 0.197249 0.682085 0.073531
v 0.198567 0.682325 0.072434
v 0.199658 0.682484 0.071069
v 0.200533 0.681370 0.069239
v 0.200609 0.680847 0.067423
v 0.200326 0.678065 0.064806
v 0.199661 0.677206 0.063246
v 0.198926 0.677402 0.061847
v 0.198592 0.679606 0.061816
v 0.197985 0.681778 0.061744
v 0.197174 0.683423 0.061085
v 0.196052 0.684158 0.059809
v 0.194070 0.684043 0.058832
v 0.192521 0.682825 0.058925
v 0.191774 0.647734 0.066368
v 0.194065 0.647569 0.063896
v 0.195565 0.647553 0.060967
v 0.196378 0.647272 0.057897
v 0.196165 0.646654 0.054052
v 0.198915 0.646721 0.047289
v 0.206842 0.647145 0.046123
v 0.202850 0.655692 0.044718
v 0.196419 0.662414 0.054408
v 0.198190 0.670523 0.059228
v 0.186432 0.626273 0.064057
v 0.186717 0.633570 0.065069
v 0.187560 0.640287 0.066398
v 0.220349 0.617191 0.040251
v 0.218680 0.626384 0.038445
v 0.216194 0.636814 0.036517
v 0.211629 0.617958 -0.008350
v 0.210845 0.608748 -0.008307
v 0.211336 0.599280 -0.009370
v 0.326878 -0.563446 -0.018000
v 0.332034 -0.563595 -0.016639
v 0.337161 -0.566052 -0.014894
v 0.341031 -0.571205 -0.013013
v 0.342728 -0.575064 -0.011886
v 0.351203 -0.582894 -0.010690
v 0.354868 -0.564989 -0.010912
v 0.352833 -0.551361 -0.009185
v 0.351651 -0.548337 -0.006296
v 0.349846 -0.543453 -0.004002
v 0.346931 -0.540171 -0.003771
v 0.344304 -0.537079 -0.002994
v 0.342065 -0.535644 -0.002629
v 0.339722 -0.533425 -0.002515
v 0.180866 -0.024214 0.106963
v 0.165240 -0.032784 0.108626
v 0.149500 -0.040625 0.109181
v 0.133783 -0.047104 0.108066
v 0.117088 -0.052591 0.105851
v 0.098454 -0.059622 0.103588
v 0.077380 -0.066730 0.102438
v 0.257287 -0.127922 0.028649
v 0.253317 -0.117607 0.041968
v 0.248875 -0.105735 0.055956
v 0.243145 -0.092753 0.068677
v 0.234947 -0.077504 0.078546
v 0.226165 -0.061535 0.087376
v 0.216666 -0.045233 0.094162
v 0.206978 -0.029890 0.100034
v 0.186730 -0.002621 0.104966
v 0.179178 0.004764 0.099455
v 0.174613 0.012804 0.098854
v 0.171928 0.020863 0.097650
v 0.169627 0.028815 0.097144
v 0.166448 0.037065 0.096810
v 0.162442 0.045614 0.097046
v 0.157968 0.054722 0.097895
v 0.153507 0.064240 0.098743
v 0.149498 0.074514 0.100390
v 0.145813 0.085402 0.102026
v 0.142035 0.097041 0.103376
v 0.138098 0.109204 0.104342
v 0.134266 0.122087 0.105122
v 0.130346 0.135272 0.105113
v 0.126737 0.148384 0.104735
v 0.123342 0.161516 0.104413
v 0.120038 0.174345 0.104300
v 0.117362 0.186745 0.103898
v 0.115218 0.198807 0.103405
v 0.114193 0.210160 0.102268
v 0.114148 0.220769 0.101009
v 0.115540 0.230213 0.099603
v 0.118346 0.239046 0.098954
v 0.211266 -0.007880 0.095576
v 0.221456 -0.002728 0.083723
v 0.228620 0.000656 0.070951
v 0.236235 0.004272 0.059312
v 0.243154 0.007534 0.047259
v 0.248135 0.009596 0.034218
v 0.251262 0.010259 0.020990
v 0.263578 -0.134295 0.011757
v 0.266143 -0.131613 0.008028
v 0.268467 -0.128440 0.004903
v 0.270798 -0.125350 0.001721
v 0.272333 -0.121719 -0.001565
v 0.273226 -0.118680 -0.005437
v 0.274042 -0.116081 -0.009769
v 0.191194 -0.037721 0.104170
v 0.175276 -0.045853 0.108782
v 0.158798 -0.053420 0.109474
v 0.142229 -0.059947 0.108032
v 0.124969 -0.066135 0.108264
v 0.106148 -0.071724 0.108654
v 0.083939 -0.081920 0.107344
v 0.201882 -0.052903 0.100304
v 0.186430 -0.060822 0.106193
v 0.169500 -0.068417 0.110093
v 0.152514 -0.074961 0.110130
v 0.135000 -0.080953 0.109810
v 0.115686 -0.088118 0.110656
v 0.094488 -0.095367 0.110591
v 0.212616 -0.069058 0.093997
v 0.197258 -0.077025 0.099659
v 0.181410 -0.084929 0.104782
v 0.164097 -0.092095 0.107813
v 0.146467 -0.098294 0.108283
v 0.127344 -0.104638 0.110015
v 0.105256 -0.112393 0.112277
v 0.222715 -0.085056 0.085853
v 0.208347 -0.093003 0.091216
v 0.192825 -0.101355 0.096500
v 0.176604 -0.109433 0.101215
v 0.158577 -0.116316 0.103274
v 0.139632 -0.123091 0.106934
v 0.117076 -0.129865 0.109509
v 0.231852 -0.099591 0.075003
v 0.219082 -0.107911 0.081032
v 0.204724 -0.116966 0.086469
v 0.188797 -0.125997 0.091210
v 0.171267 -0.133908 0.094521
v 0.151784 -0.141419 0.098286
v 0.128927 -0.148318 0.102345
v 0.240020 -0.112710 0.062295
v 0.229010 -0.120947 0.068384
v 0.215983 -0.130486 0.073669
v 0.200908 -0.140492 0.078216
v 0.183967 -0.149843 0.082029
v 0.164309 -0.158103 0.085803
v 0.140898 -0.165778 0.090087
v 0.246277 -0.123440 0.048097
v 0.237472 -0.131363 0.053497
v 0.226036 -0.141080 0.058381
v 0.212776 -0.151353 0.062783
v 0.196762 -0.161901 0.066574
v 0.177423 -0.170264 0.068987
v 0.153917 -0.177548 0.072847
v 0.251174 -0.132546 0.032992
v 0.244326 -0.139598 0.037861
v 0.235719 -0.147911 0.042219
v 0.224877 -0.158762 0.046201
v 0.211221 -0.169015 0.049311
v 0.194205 -0.179161 0.052089
v 0.171629 -0.187679 0.055701
v 0.171589 -0.012909 0.105237
v 0.164484 -0.003560 0.103429
v 0.160205 0.005212 0.103314
v 0.157734 0.013468 0.102480
v 0.156024 0.021725 0.102297
v 0.153650 0.030011 0.102980
v 0.150048 0.038784 0.103579
v 0.145724 0.048149 0.104970
v 0.141019 0.058269 0.106401
v 0.136673 0.068983 0.108197
v 0.132669 0.080441 0.110257
v 0.128671 0.092640 0.112076
v 0.124229 0.105596 0.113225
v 0.119952 0.119004 0.114167
v 0.115787 0.132969 0.114333
v 0.111831 0.147008 0.113862
v 0.107971 0.160835 0.113330
v 0.104402 0.174184 0.112959
v 0.100839 0.187210 0.112830
v 0.098171 0.199737 0.112483
v 0.096029 0.211663 0.111628
v 0.095307 0.222173 0.110081
v 0.096049 0.231795 0.109007
v 0.098974 0.240280 0.107649
v 0.156716 -0.021705 0.106782
v 0.150038 -0.011944 0.105350
v 0.145809 -0.002617 0.106162
v 0.143417 0.006227 0.106130
v 0.141853 0.014404 0.105654
v 0.139918 0.022632 0.106109
v 0.136841 0.031347 0.107540
v 0.132717 0.041023 0.109156
v 0.127987 0.051555 0.111174
v 0.123272 0.062838 0.113404
v 0.118947 0.074829 0.116002
v 0.114583 0.087613 0.118523
v 0.109624 0.101052 0.119594
v 0.104765 0.115210 0.120800
v 0.100202 0.129800 0.121082
v 0.096097 0.144645 0.120723
v 0.092319 0.159118 0.120393
v 0.088071 0.173061 0.119620
v 0.084193 0.186342 0.119218
v 0.080420 0.199348 0.118452
v 0.077624 0.211553 0.117266
v 0.075847 0.222590 0.116245
v 0.076411 0.232079 0.115483
v 0.078875 0.240861 0.114775
v 0.142011 -0.029467 0.107206
v 0.136025 -0.019312 0.106436
v 0.131792 -0.009672 0.107506
v 0.129243 -0.000715 0.107626
v 0.127550 0.007522 0.107821
v 0.125803 0.015557 0.107662
v 0.123251 0.024100 0.109594
v 0.119330 0.033869 0.111655
v 0.114517 0.044739 0.113815
v 0.109572 0.056527 0.116219
v 0.104813 0.068859 0.118902
v 0.100081 0.081981 0.121983
v 0.094721 0.095942 0.123426
v 0.089362 0.110495 0.124597
v 0.084400 0.125761 0.124961
v 0.079959 0.141152 0.124559
v 0.075811 0.156425 0.124388
v 0.071493 0.170735 0.123335
v 0.067028 0.184577 0.122398
v 0.062844 0.198034 0.121112
v 0.059247 0.210762 0.119747
v 0.057207 0.222238 0.118576
v 0.056503 0.232150 0.118268
v 0.058401 0.241727 0.118647
v 0.127002 -0.035891 0.106174
v 0.121945 -0.025593 0.105155
v 0.117811 -0.016311 0.106771
v 0.114894 -0.007290 0.107189
v 0.113100 0.001042 0.106817
v 0.111346 0.008914 0.107178
v 0.108777 0.017294 0.110179
v 0.104962 0.027214 0.112684
v 0.100236 0.038331 0.115201
v 0.095164 0.050359 0.117693
v 0.090251 0.063056 0.120572
v 0.085228 0.076366 0.123533
v 0.079728 0.090588 0.125296
v 0.073979 0.105514 0.126428
v 0.068567 0.121186 0.127154
v 0.063828 0.137265 0.126537
v 0.059294 0.153004 0.125930
v 0.054622 0.168063 0.124476
v 0.049774 0.182564 0.123268
v 0.045135 0.196782 0.121836
v 0.041193 0.210449 0.120315
v 0.038241 0.222275 0.119231
v 0.037087 0.233242 0.119493
v 0.037245 0.243038 0.122775
v 0.111829 -0.041756 0.101975
v 0.108106 -0.031508 0.100121
v 0.104076 -0.022538 0.101736
v 0.101116 -0.013669 0.102689
v 0.099060 -0.005616 0.102584
v 0.096703 0.002915 0.104252
v 0.093635 0.011567 0.107414
v 0.089629 0.021539 0.110724
v 0.084790 0.032924 0.113708
v 0.079650 0.045088 0.116946
v 0.074556 0.057848 0.120258
v 0.069442 0.071201 0.123686
v 0.063766 0.085564 0.126040
v 0.057954 0.100763 0.126721
v 0.052361 0.116726 0.127298
v 0.047252 0.133213 0.126629
v 0.042461 0.149584 0.126064
v 0.037542 0.165365 0.124483
v 0.032469 0.180707 0.122603
v 0.027321 0.196153 0.120873
v 0.022870 0.210567 0.119223
v 0.019505 0.223585 0.118816
v 0.016679 0.235122 0.120146
v 0.015345 0.245299 0.126569
v 0.096365 -0.048830 0.096390
v 0.093835 -0.037716 0.093272
v 0.091147 -0.028724 0.095078
v 0.088272 -0.020588 0.095875
v 0.085680 -0.011796 0.096885
v 0.082579 -0.003194 0.099332
v 0.079002 0.006256 0.102744
v 0.074397 0.016809 0.106561
v 0.069250 0.028417 0.109894
v 0.063710 0.040812 0.113448
v 0.058260 0.053775 0.116893
v 0.052664 0.067212 0.120130
v 0.047041 0.081465 0.122681
v 0.041167 0.096644 0.123763
v 0.035370 0.112663 0.124874
v 0.030302 0.129415 0.124065
v 0.025363 0.146112 0.123425
v 0.020405 0.162531 0.121931
v 0.015222 0.178994 0.120128
v 0.009872 0.195441 0.118685
v 0.004955 0.211226 0.116952
v 0.000687 0.225044 0.117004
v -0.003268 0.237710 0.120082
v -0.007728 0.247952 0.128438
v 0.077113 -0.056166 0.094434
v 0.078962 -0.045657 0.089368
v 0.077523 -0.035558 0.089375
v 0.075911 -0.027280 0.090212
v 0.072993 -0.018858 0.091653
v 0.069687 -0.009642 0.094298
v 0.065428 0.000853 0.097363
v 0.060675 0.012140 0.100535
v 0.054840 0.024455 0.104104
v 0.048641 0.037282 0.107739
v 0.042477 0.050469 0.111074
v 0.036434 0.064004 0.114373
v 0.030212 0.078178 0.116910
v 0.024473 0.093283 0.118117
v 0.018462 0.109122 0.119516
v 0.013301 0.125913 0.119154
v 0.008237 0.142837 0.118758
v 0.003523 0.159809 0.117562
v -0.001507 0.176936 0.116153
v -0.006957 0.194531 0.114801
v -0.012055 0.211592 0.113171
v -0.016984 0.226672 0.113823
v -0.022440 0.239209 0.117902
v -0.030419 0.249373 0.128645
v 0.201792 0.004965 0.096686
v 0.212696 0.008350 0.084431
v 0.221666 0.011359 0.072032
v 0.230821 0.014976 0.060561
v 0.237732 0.017670 0.047827
v 0.242807 0.019251 0.034495
v 0.245837 0.020081 0.021406
v 0.193320 0.012152 0.093718
v 0.205864 0.016999 0.083745
v 0.216402 0.020720 0.072439
v 0.225551 0.024042 0.060508
v 0.232718 0.026509 0.047613
v 0.237547 0.028311 0.034417
v 0.240967 0.029381 0.021485
v 0.188780 0.019720 0.092457
v 0.201355 0.025014 0.083291
v 0.212087 0.029148 0.072162
v 0.221001 0.032415 0.060057
v 0.227970 0.035147 0.047345
v 0.232800 0.037091 0.034193
v 0.235807 0.038541 0.021481
v 0.185934 0.027689 0.092211
v 0.197706 0.032911 0.082259
v 0.207785 0.037042 0.071219
v 0.216539 0.040658 0.059512
v 0.223426 0.043584 0.046981
v 0.228100 0.045914 0.034064
v 0.230748 0.047486 0.021374
v 0.182556 0.035484 0.090564
v 0.193787 0.040673 0.081074
v 0.203868 0.045203 0.070705
v 0.212146 0.048816 0.058986
v 0.218765 0.051987 0.046673
v 0.223518 0.054532 0.033939
v 0.225757 0.056189 0.021452
v 0.178678 0.043381 0.089536
v 0.189943 0.048882 0.080801
v 0.199768 0.053378 0.070302
v 0.207772 0.057079 0.058618
v 0.214284 0.060250 0.046464
v 0.219040 0.063054 0.034016
v 0.221195 0.064674 0.021764
v 0.174314 0.051721 0.089311
v 0.185826 0.057158 0.080570
v 0.195675 0.061715 0.070118
v 0.203727 0.065429 0.058546
v 0.209926 0.068574 0.046388
v 0.214765 0.071346 0.034310
v 0.216879 0.073152 0.022227
v 0.170171 0.060478 0.089700
v 0.181721 0.065762 0.080737
v 0.191899 0.070235 0.070264
v 0.199581 0.073797 0.058411
v 0.205615 0.076829 0.046406
v 0.210585 0.079689 0.034583
v 0.212700 0.081336 0.022896
v 0.165827 0.069690 0.090225
v 0.177696 0.074546 0.080808
v 0.188094 0.078997 0.070473
v 0.195764 0.082429 0.058547
v 0.201696 0.085372 0.046541
v 0.206407 0.088019 0.034868
v 0.208809 0.089715 0.023334
v 0.162302 0.079458 0.091527
v 0.173928 0.083978 0.081432
v 0.184513 0.088112 0.070853
v 0.191945 0.091323 0.058650
v 0.197749 0.094186 0.046609
v 0.202832 0.096761 0.035082
v 0.205603 0.098636 0.023712
v 0.158507 0.089873 0.092506
v 0.170263 0.093915 0.082075
v 0.180861 0.097708 0.071203
v 0.188453 0.100783 0.058974
v 0.194760 0.103588 0.047002
v 0.199786 0.106201 0.035321
v 0.202949 0.108083 0.023928
v 0.154715 0.100856 0.093352
v 0.166711 0.104520 0.082799
v 0.177309 0.107864 0.071615
v 0.185305 0.110749 0.059395
v 0.191662 0.113493 0.047269
v 0.196736 0.115975 0.035415
v 0.200120 0.118078 0.023989
v 0.151007 0.112548 0.094078
v 0.163244 0.115589 0.083385
v 0.173760 0.118534 0.071848
v 0.181977 0.121163 0.059586
v 0.188887 0.123831 0.047604
v 0.194371 0.126387 0.035768
v 0.197963 0.128655 0.024269
v 0.147563 0.124680 0.094716
v 0.159758 0.127132 0.083592
v 0.170546 0.129618 0.072018
v 0.179106 0.132014 0.059950
v 0.186510 0.134608 0.048093
v 0.192127 0.137105 0.036234
v 0.195672 0.139408 0.024790
v 0.143991 0.136979 0.094558
v 0.156746 0.138971 0.083797
v 0.167639 0.140957 0.072251
v 0.176369 0.143084 0.060184
v 0.183838 0.145320 0.048397
v 0.189840 0.147623 0.036775
v 0.193733 0.150043 0.025647
v 0.140761 0.149514 0.094437
v 0.153833 0.150697 0.083731
v 0.164867 0.152255 0.072314
v 0.173769 0.154018 0.060459
v 0.181740 0.155834 0.048935
v 0.188276 0.157952 0.037702
v 0.192416 0.160235 0.026825
v 0.137746 0.161764 0.094222
v 0.151259 0.162334 0.083842
v 0.162770 0.163476 0.072831
v 0.171991 0.164686 0.061112
v 0.180201 0.166159 0.049675
v 0.186865 0.167809 0.038539
v 0.191174 0.170123 0.027965
v 0.135104 0.173850 0.094050
v 0.149448 0.173864 0.084473
v 0.161107 0.174358 0.073364
v 0.170502 0.175129 0.061594
v 0.178908 0.176031 0.050193
v 0.185832 0.177503 0.039148
v 0.191359 0.179638 0.029169
v 0.132910 0.185698 0.093843
v 0.148112 0.185066 0.084707
v 0.159789 0.184865 0.073321
v 0.169789 0.185218 0.062017
v 0.179130 0.185673 0.051087
v 0.186976 0.186742 0.040578
v 0.192575 0.188857 0.030320
v 0.131685 0.197127 0.093084
v 0.147436 0.195800 0.084305
v 0.160213 0.195058 0.073980
v 0.170687 0.194784 0.062833
v 0.180161 0.194849 0.052081
v 0.188055 0.195712 0.041526
v 0.193791 0.197653 0.031273
v 0.131568 0.208129 0.092486
v 0.148035 0.206199 0.084234
v 0.161364 0.204774 0.074327
v 0.171880 0.203989 0.063357
v 0.181328 0.203557 0.052735
v 0.189161 0.204010 0.042261
v 0.194742 0.205612 0.032029
v 0.132332 0.218422 0.091479
v 0.149161 0.216084 0.083768
v 0.162562 0.214162 0.074290
v 0.173189 0.212605 0.063734
v 0.182741 0.211607 0.053432
v 0.190467 0.211486 0.042998
v 0.195461 0.212626 0.032538
v 0.134098 0.228027 0.090763
v 0.150813 0.225395 0.083506
v 0.164334 0.222761 0.074729
v 0.174907 0.220797 0.064467
v 0.184261 0.218841 0.054222
v 0.191551 0.218064 0.043509
v 0.196082 0.218589 0.032917
v 0.137023 0.236810 0.090981
v 0.153223 0.233818 0.083906
v 0.166334 0.231019 0.075384
v 0.176680 0.228063 0.065233
v 0.185718 0.225509 0.054911
v 0.192679 0.223766 0.044009
v 0.197015 0.223310 0.033217
v 0.220047 -0.022490 0.091119
v 0.229215 -0.038069 0.085964
v 0.238172 -0.054653 0.079550
v 0.244454 -0.071036 0.070356
v 0.250611 -0.086273 0.060243
v 0.254686 -0.100333 0.048160
v 0.257969 -0.112641 0.035758
v 0.261116 -0.124380 0.023153
v 0.229716 -0.016670 0.080260
v 0.238038 -0.032102 0.075384
v 0.245957 -0.048523 0.069395
v 0.251468 -0.065190 0.061131
v 0.255863 -0.080979 0.051708
v 0.259178 -0.095561 0.040939
v 0.262076 -0.109250 0.029182
v 0.264386 -0.120998 0.018489
v 0.236698 -0.012166 0.068581
v 0.244754 -0.026877 0.064569
v 0.251748 -0.043132 0.059176
v 0.256479 -0.059755 0.051875
v 0.260155 -0.075911 0.043323
v 0.263083 -0.091225 0.033455
v 0.265334 -0.105099 0.023737
v 0.267478 -0.118107 0.013424
v 0.242480 -0.008123 0.056774
v 0.250187 -0.022149 0.053800
v 0.256580 -0.038029 0.048923
v 0.260777 -0.054587 0.042542
v 0.263957 -0.070805 0.034956
v 0.266242 -0.086354 0.026624
v 0.268145 -0.101164 0.017412
v 0.269730 -0.113956 0.009492
v 0.248712 -0.004369 0.045465
v 0.254719 -0.018125 0.042370
v 0.260747 -0.033379 0.038433
v 0.265066 -0.049707 0.032986
v 0.267389 -0.066006 0.026345
v 0.269063 -0.081798 0.019058
v 0.270400 -0.096558 0.011816
v 0.271528 -0.110287 0.004626
v 0.253448 -0.001830 0.032918
v 0.258912 -0.014936 0.030641
v 0.263792 -0.029871 0.027038
v 0.267533 -0.045754 0.022452
v 0.269625 -0.061911 0.017055
v 0.271112 -0.077732 0.011100
v 0.272158 -0.092890 0.005256
v 0.272813 -0.106653 -0.000384
v 0.256276 -0.000673 0.020013
v 0.261425 -0.013187 0.018161
v 0.265830 -0.027432 0.015430
v 0.269109 -0.042815 0.011832
v 0.271145 -0.058751 0.007441
v 0.272445 -0.074537 0.002964
v 0.273328 -0.089737 -0.001699
v 0.273778 -0.103793 -0.005840
v 0.263760 -0.142067 0.000953
v 0.264768 -0.149445 -0.008397
v 0.269840 -0.158933 -0.013618
v 0.276761 -0.168801 -0.014115
v 0.283492 -0.178964 -0.014780
v 0.289527 -0.188492 -0.015018
v 0.294673 -0.197649 -0.015702
v 0.298415 -0.205595 -0.016406
v 0.302064 -0.213905 -0.017023
v 0.305428 -0.222610 -0.017324
v 0.309701 -0.233004 -0.017002
v 0.314301 -0.245284 -0.016618
v 0.319187 -0.259561 -0.016207
v 0.323756 -0.274734 -0.016123
v 0.327301 -0.291808 -0.016345
v 0.330398 -0.309911 -0.016608
v 0.332749 -0.330304 -0.016472
v 0.334234 -0.352114 -0.016090
v 0.333702 -0.374730 -0.015677
v 0.332842 -0.397080 -0.014564
v 0.331821 -0.417279 -0.013371
v 0.330945 -0.433982 -0.012562
v 0.330891 -0.447919 -0.011987
v 0.331661 -0.460445 -0.011297
v 0.333290 -0.472587 -0.009861
v 0.334776 -0.485513 -0.007891
v 0.336715 -0.498881 -0.006111
v 0.337944 -0.512424 -0.004630
v 0.339527 -0.524574 -0.003305
v 0.266319 -0.139624 -0.001076
v 0.266701 -0.146889 -0.008736
v 0.269796 -0.155691 -0.014534
v 0.276769 -0.164658 -0.014679
v 0.283031 -0.173883 -0.015610
v 0.289342 -0.183210 -0.016260
v 0.294356 -0.191686 -0.016742
v 0.298989 -0.200268 -0.017356
v 0.302511 -0.208232 -0.018145
v 0.305874 -0.217311 -0.019096
v 0.309929 -0.227457 -0.019425
v 0.315206 -0.239284 -0.019341
v 0.320615 -0.252995 -0.019326
v 0.325779 -0.268431 -0.019285
v 0.329499 -0.285328 -0.019257
v 0.332968 -0.304349 -0.019197
v 0.334282 -0.324952 -0.019816
v 0.335063 -0.346999 -0.019670
v 0.335045 -0.369820 -0.019049
v 0.334769 -0.392075 -0.018033
v 0.334371 -0.412389 -0.016852
v 0.334671 -0.429585 -0.015074
v 0.334972 -0.443596 -0.013871
v 0.335655 -0.455928 -0.013033
v 0.336665 -0.468190 -0.011469
v 0.338163 -0.481244 -0.009608
v 0.339378 -0.495460 -0.007396
v 0.341121 -0.510904 -0.005307
v 0.341788 -0.524004 -0.003288
v 0.268705 -0.137030 -0.002911
v 0.268737 -0.144094 -0.009499
v 0.270409 -0.151988 -0.014793
v 0.275897 -0.160447 -0.016148
v 0.282172 -0.168703 -0.016908
v 0.287912 -0.177125 -0.017646
v 0.293730 -0.185634 -0.018105
v 0.298420 -0.193702 -0.018479
v 0.302762 -0.202274 -0.019496
v 0.305950 -0.211503 -0.021080
v 0.308299 -0.222569 -0.021738
v 0.313058 -0.235022 -0.022354
v 0.317934 -0.248993 -0.022431
v 0.323322 -0.264246 -0.022553
v 0.327956 -0.281197 -0.022682
v 0.331651 -0.299823 -0.022839
v 0.334548 -0.320528 -0.023144
v 0.336673 -0.342490 -0.023010
v 0.337925 -0.364983 -0.022023
v 0.338439 -0.387139 -0.020120
v 0.338596 -0.407582 -0.018037
v 0.338666 -0.425105 -0.016253
v 0.338993 -0.439621 -0.014746
v 0.339492 -0.452318 -0.013883
v 0.340448 -0.464593 -0.012539
v 0.341471 -0.478132 -0.010657
v 0.342883 -0.493471 -0.008285
v 0.343871 -0.509222 -0.005973
v 0.345088 -0.525075 -0.003463
v 0.270952 -0.134160 -0.004767
v 0.270677 -0.141386 -0.010322
v 0.271144 -0.148446 -0.015004
v 0.274920 -0.156407 -0.017753
v 0.280829 -0.163552 -0.018112
v 0.286736 -0.171513 -0.018989
v 0.292219 -0.179637 -0.019592
v 0.297636 -0.187746 -0.020294
v 0.302591 -0.196363 -0.021862
v 0.304439 -0.206509 -0.023082
v 0.306292 -0.218519 -0.024061
v 0.310798 -0.231144 -0.025040
v 0.316636 -0.245146 -0.025468
v 0.322368 -0.260096 -0.025552
v 0.327892 -0.276678 -0.025552
v 0.332739 -0.295055 -0.025563
v 0.336813 -0.315509 -0.025380
v 0.339743 -0.337196 -0.024598
v 0.341444 -0.359615 -0.023015
v 0.342274 -0.381613 -0.020908
v 0.342563 -0.402385 -0.018620
v 0.342729 -0.420672 -0.016854
v 0.343094 -0.436071 -0.015120
v 0.343504 -0.449218 -0.014418
v 0.344165 -0.462075 -0.013258
v 0.345045 -0.476138 -0.011667
v 0.346050 -0.491946 -0.009410
v 0.347264 -0.509541 -0.007103
v 0.347575 -0.525832 -0.004948
v 0.272526 -0.131217 -0.006959
v 0.272614 -0.138761 -0.011462
v 0.272328 -0.145362 -0.015659
v 0.274214 -0.152471 -0.019021
v 0.279821 -0.159424 -0.019478
v 0.285350 -0.166742 -0.020200
v 0.291126 -0.174893 -0.021205
v 0.296741 -0.183540 -0.022225
v 0.299810 -0.192798 -0.023656
v 0.301871 -0.203600 -0.026127
v 0.306577 -0.214329 -0.027393
v 0.312196 -0.227085 -0.027670
v 0.317628 -0.240286 -0.027527
v 0.323519 -0.255138 -0.027347
v 0.329081 -0.271107 -0.026806
v 0.334464 -0.289460 -0.026315
v 0.338833 -0.309304 -0.025831
v 0.342342 -0.331185 -0.024754
v 0.344605 -0.353365 -0.023206
v 0.345944 -0.375788 -0.021008
v 0.346549 -0.397147 -0.019213
v 0.346895 -0.416664 -0.017633
v 0.347101 -0.432983 -0.016505
v 0.347288 -0.447018 -0.015970
v 0.347518 -0.460371 -0.015095
v 0.348139 -0.474950 -0.013613
v 0.349062 -0.492071 -0.011493
v 0.350067 -0.510180 -0.009011
v 0.350424 -0.528439 -0.006710
v 0.273310 -0.128378 -0.009853
v 0.273445 -0.136263 -0.013592
v 0.273632 -0.142794 -0.016551
v 0.274676 -0.149431 -0.019428
v 0.278683 -0.156216 -0.020928
v 0.284818 -0.163207 -0.021287
v 0.290315 -0.171766 -0.022562
v 0.295146 -0.180851 -0.024131
v 0.300007 -0.190703 -0.025609
v 0.304140 -0.200305 -0.026623
v 0.308771 -0.211772 -0.027174
v 0.313379 -0.223190 -0.027065
v 0.318880 -0.236090 -0.026992
v 0.324447 -0.249777 -0.026798
v 0.330547 -0.265626 -0.026400
v 0.335928 -0.282986 -0.026121
v 0.341191 -0.303180 -0.025695
v 0.345043 -0.324478 -0.025089
v 0.347928 -0.347293 -0.024024
v 0.349592 -0.370167 -0.022764
v 0.350415 -0.392718 -0.021266
v 0.350792 -0.413074 -0.019847
v 0.350784 -0.430655 -0.019012
v 0.350357 -0.445329 -0.018483
v 0.350089 -0.459199 -0.017848
v 0.350260 -0.474829 -0.016331
v 0.350583 -0.492450 -0.014381
v 0.351122 -0.512338 -0.011896
v 0.351570 -0.531461 -0.009267
v 0.273957 -0.126060 -0.013259
v 0.273869 -0.134012 -0.016074
v 0.273819 -0.140702 -0.018584
v 0.274573 -0.147062 -0.020487
v 0.277846 -0.154031 -0.022195
v 0.284175 -0.160392 -0.022782
v 0.290090 -0.169023 -0.023764
v 0.296140 -0.178592 -0.024660
v 0.301249 -0.188226 -0.025441
v 0.306004 -0.198831 -0.026609
v 0.310060 -0.209277 -0.027663
v 0.314954 -0.220540 -0.028211
v 0.320399 -0.232056 -0.028060
v 0.326173 -0.245427 -0.028301
v 0.331906 -0.260365 -0.028289
v 0.338066 -0.277854 -0.028085
v 0.343394 -0.297169 -0.027627
v 0.347786 -0.319056 -0.027374
v 0.350756 -0.342087 -0.026795
v 0.352196 -0.365777 -0.025898
v 0.352762 -0.389025 -0.024916
v 0.352580 -0.410539 -0.023783
v 0.352395 -0.428777 -0.022796
v 0.352015 -0.444086 -0.022014
v 0.351352 -0.458646 -0.021024
v 0.351381 -0.474608 -0.019472
v 0.351556 -0.493604 -0.017230
v 0.351877 -0.514017 -0.014647
v 0.352378 -0.534243 -0.011802
v 0.258581 -0.147204 0.005287
v 0.254804 -0.150658 0.007158
v 0.250371 -0.154365 0.008682
v 0.244574 -0.160078 0.009811
v 0.237893 -0.166787 0.011027
v 0.230032 -0.174584 0.010856
v 0.218690 -0.182395 0.011617
v 0.260618 -0.153552 -0.007704
v 0.258677 -0.155044 -0.007526
v 0.255787 -0.157224 -0.007325
v 0.252225 -0.160445 -0.006887
v 0.247823 -0.164098 -0.006558
v 0.242380 -0.167833 -0.006361
v 0.236255 -0.174256 -0.007536
v 0.268213 -0.164186 -0.013487
v 0.267300 -0.166040 -0.013461
v 0.266023 -0.167618 -0.014506
v 0.263648 -0.169014 -0.015691
v 0.261110 -0.170942 -0.017147
v 0.257172 -0.172282 -0.018380
v 0.253263 -0.176608 -0.020385
v 0.275561 -0.175296 -0.014183
v 0.274754 -0.177686 -0.014934
v 0.273771 -0.179468 -0.016050
v 0.272410 -0.181203 -0.017259
v 0.270308 -0.182188 -0.018392
v 0.268273 -0.184320 -0.019380
v 0.266241 -0.186104 -0.020522
v 0.282486 -0.186532 -0.015038
v 0.281566 -0.189288 -0.015586
v 0.280689 -0.191267 -0.016881
v 0.279297 -0.192698 -0.018110
v 0.277617 -0.193861 -0.019315
v 0.275782 -0.194725 -0.021164
v 0.274488 -0.196357 -0.021435
v 0.288277 -0.196981 -0.015409
v 0.287162 -0.199881 -0.015685
v 0.286070 -0.202071 -0.016821
v 0.284547 -0.203466 -0.018110
v 0.282670 -0.204564 -0.019436
v 0.281001 -0.205465 -0.020660
v 0.279892 -0.206414 -0.022447
v 0.292646 -0.206084 -0.015002
v 0.291141 -0.209172 -0.015036
v 0.289310 -0.211499 -0.015502
v 0.287614 -0.213253 -0.016956
v 0.285556 -0.214458 -0.018354
v 0.283543 -0.215814 -0.019874
v 0.282153 -0.216355 -0.021223
v 0.295973 -0.214176 -0.014438
v 0.294117 -0.217513 -0.014276
v 0.291858 -0.220179 -0.014182
v 0.289621 -0.222528 -0.015601
v 0.287277 -0.224578 -0.017062
v 0.284795 -0.225971 -0.018174
v 0.282762 -0.227546 -0.019986
v 0.299271 -0.222510 -0.013896
v 0.296979 -0.226191 -0.013611
v 0.294495 -0.229595 -0.013375
v 0.291916 -0.232443 -0.014456
v 0.289512 -0.235198 -0.015983
v 0.286982 -0.237645 -0.017451
v 0.285350 -0.239179 -0.019270
v 0.302693 -0.232284 -0.013749
v 0.300418 -0.236670 -0.012979
v 0.297791 -0.240395 -0.012658
v 0.294969 -0.244033 -0.013372
v 0.292346 -0.247120 -0.014867
v 0.290006 -0.250006 -0.016371
v 0.287627 -0.252054 -0.018026
v 0.306879 -0.244380 -0.013330
v 0.304509 -0.249405 -0.012294
v 0.301726 -0.253548 -0.012004
v 0.298683 -0.257026 -0.012524
v 0.295930 -0.260424 -0.013973
v 0.293095 -0.263293 -0.015144
v 0.290734 -0.265714 -0.016620
v 0.311458 -0.258430 -0.012837
v 0.308904 -0.264061 -0.011574
v 0.305877 -0.268313 -0.011376
v 0.302509 -0.271669 -0.011539
v 0.299345 -0.274685 -0.012930
v 0.296371 -0.277630 -0.013973
v 0.293685 -0.279956 -0.015793
v 0.315751 -0.273894 -0.012597
v 0.313114 -0.279745 -0.011211
v 0.309638 -0.283970 -0.011009
v 0.305973 -0.287114 -0.010848
v 0.302538 -0.290046 -0.012148
v 0.299225 -0.292811 -0.013234
v 0.296535 -0.295323 -0.014986
v 0.319553 -0.289527 -0.012877
v 0.316387 -0.295750 -0.011438
v 0.312748 -0.300080 -0.011090
v 0.308857 -0.303494 -0.010902
v 0.305076 -0.306314 -0.011700
v 0.301659 -0.309203 -0.012800
v 0.298674 -0.311862 -0.014493
v 0.322315 -0.306120 -0.013297
v 0.318942 -0.312068 -0.012294
v 0.314992 -0.316986 -0.011738
v 0.310981 -0.320440 -0.011290
v 0.306967 -0.323956 -0.011604
v 0.303424 -0.326843 -0.012755
v 0.300283 -0.329973 -0.014113
v 0.324497 -0.323489 -0.013840
v 0.320611 -0.329738 -0.013311
v 0.316478 -0.334435 -0.012591
v 0.312253 -0.339017 -0.012089
v 0.308190 -0.342360 -0.011390
v 0.304451 -0.345932 -0.012594
v 0.301049 -0.349223 -0.013643
v 0.325711 -0.343007 -0.014196
v 0.321579 -0.348675 -0.013853
v 0.317203 -0.353991 -0.013340
v 0.312936 -0.358181 -0.012367
v 0.308790 -0.362404 -0.011459
v 0.304885 -0.365816 -0.012089
v 0.301404 -0.369697 -0.013107
v 0.326193 -0.364115 -0.013605
v 0.322025 -0.369857 -0.013372
v 0.317545 -0.374675 -0.012960
v 0.313133 -0.379169 -0.012198
v 0.309016 -0.382930 -0.011304
v 0.305002 -0.386554 -0.011078
v 0.301300 -0.390370 -0.012048
v 0.326302 -0.386478 -0.012014
v 0.322045 -0.391715 -0.011457
v 0.317760 -0.396368 -0.011405
v 0.313309 -0.400239 -0.011242
v 0.309158 -0.403686 -0.010364
v 0.305087 -0.406869 -0.009466
v 0.301397 -0.410534 -0.010684
v 0.326229 -0.407956 -0.009707
v 0.322234 -0.413008 -0.009516
v 0.317944 -0.416829 -0.009521
v 0.313721 -0.420200 -0.009961
v 0.309516 -0.423009 -0.009162
v 0.305568 -0.425766 -0.008173
v 0.301659 -0.428814 -0.008918
v 0.326394 -0.427374 -0.007911
v 0.322456 -0.431402 -0.007201
v 0.318562 -0.434924 -0.007641
v 0.314397 -0.437720 -0.008149
v 0.310285 -0.440179 -0.007757
v 0.306466 -0.442477 -0.006859
v 0.302563 -0.445394 -0.007047
v 0.326768 -0.443375 -0.006324
v 0.323165 -0.447368 -0.005341
v 0.319320 -0.450561 -0.005657
v 0.315482 -0.453295 -0.006146
v 0.311507 -0.455652 -0.006105
v 0.307820 -0.457940 -0.005330
v 0.303932 -0.460557 -0.005070
v 0.327477 -0.457476 -0.005154
v 0.324064 -0.461936 -0.003689
v 0.320575 -0.465388 -0.003819
v 0.316895 -0.468393 -0.004268
v 0.313180 -0.470939 -0.004501
v 0.309574 -0.473222 -0.003777
v 0.305833 -0.475974 -0.002932
v 0.328751 -0.471281 -0.003862
v 0.325330 -0.476158 -0.002449
v 0.322125 -0.480972 -0.001916
v 0.318774 -0.484015 -0.002330
v 0.315239 -0.486810 -0.002942
v 0.311833 -0.489056 -0.002268
v 0.308222 -0.491376 -0.001441
v 0.329567 -0.484199 -0.003212
v 0.327063 -0.491701 -0.000945
v 0.324057 -0.496109 -0.000138
v 0.320988 -0.500463 -0.000408
v 0.317740 -0.502555 -0.001097
v 0.314286 -0.504564 -0.000950
v 0.311329 -0.507130 -0.000123
v 0.330620 -0.498336 -0.002677
v 0.328992 -0.504477 0.000213
v 0.326397 -0.511691 0.001429
v 0.323359 -0.515075 0.001345
v 0.320426 -0.517805 0.000652
v 0.317349 -0.518919 0.000120
v 0.313974 -0.519983 0.000322
v 0.331937 -0.509171 -0.002342
v 0.330989 -0.517333 0.000507
v 0.328647 -0.523435 0.002285
v 0.325879 -0.528151 0.002801
v 0.322961 -0.529897 0.002027
v 0.320118 -0.531112 0.001143
v 0.317572 -0.532139 0.001110
v 0.333880 -0.520657 -0.001906
v 0.332318 -0.526146 0.000239
v 0.331196 -0.532964 0.002602
v 0.328183 -0.537688 0.003946
v 0.325387 -0.539937 0.003103
v 0.322804 -0.540366 0.002249
v 0.320071 -0.540731 0.001578
v 0.335416 -0.528257 -0.001954
v 0.334286 -0.534616 -0.000250
v 0.332553 -0.540010 0.001788
v 0.330710 -0.544572 0.004058
v 0.327454 -0.546937 0.003648
v 0.324894 -0.547384 0.002652
v 0.322641 -0.547557 0.001755
v 0.036149 -0.107702 0.109868
v 0.016800 -0.123075 0.108739
v 0.000611 -0.139967 0.107330
v -0.012539 -0.154010 0.105930
v -0.023847 -0.165797 0.103932
v -0.033296 -0.174700 0.100901
v -0.041442 -0.181751 0.097507
v -0.048933 -0.187405 0.094077
v -0.056081 -0.192621 0.091746
v -0.062941 -0.197154 0.090968
v -0.069766 -0.200865 0.092018
v -0.076524 -0.204981 0.091911
v -0.083590 -0.208708 0.091737
v -0.091090 -0.212269 0.091375
v -0.099600 -0.215763 0.089929
v -0.110437 -0.219310 0.088928
v -0.124203 -0.222678 0.089603
v -0.140319 -0.226326 0.090793
v -0.157054 -0.229955 0.092144
v -0.173475 -0.233619 0.094021
v -0.188582 -0.236594 0.097509
v -0.201602 -0.238920 0.102384
v -0.213395 -0.241813 0.105415
v -0.223219 -0.244927 0.106810
v -0.231220 -0.248333 0.107450
v -0.237930 -0.252087 0.106918
v -0.244561 -0.256459 0.105834
v -0.252145 -0.261548 0.106643
v -0.260267 -0.267894 0.109845
v -0.267272 -0.272373 0.112750
v -0.272874 -0.277288 0.116564
v -0.278621 -0.280134 0.120293
v 0.046484 -0.117587 0.112570
v 0.025379 -0.133006 0.109179
v 0.008373 -0.146381 0.105816
v -0.005946 -0.161787 0.104730
v -0.017901 -0.173016 0.102788
v -0.028146 -0.181590 0.100425
v -0.037102 -0.187450 0.097479
v -0.045110 -0.192282 0.094139
v -0.052717 -0.196557 0.091948
v -0.059821 -0.200844 0.091423
v -0.066418 -0.204853 0.093068
v -0.073508 -0.208761 0.093700
v -0.080936 -0.212408 0.093726
v -0.089001 -0.215769 0.093028
v -0.097788 -0.218895 0.091076
v -0.108806 -0.222057 0.089660
v -0.122819 -0.225489 0.090340
v -0.138994 -0.229045 0.091626
v -0.156093 -0.232813 0.093083
v -0.172640 -0.236534 0.094936
v -0.187676 -0.239889 0.098401
v -0.200728 -0.243020 0.103272
v -0.212314 -0.246146 0.105949
v -0.221889 -0.249308 0.106715
v -0.229405 -0.252444 0.107437
v -0.235819 -0.255615 0.106616
v -0.242293 -0.259022 0.105359
v -0.249759 -0.264010 0.106231
v -0.257253 -0.269446 0.108872
v -0.264264 -0.275323 0.111959
v -0.269593 -0.279371 0.115827
v -0.274519 -0.283309 0.120739
v 0.055814 -0.130908 0.114365
v 0.034052 -0.140574 0.107933
v 0.015272 -0.153338 0.102280
v 0.000513 -0.166654 0.101898
v -0.011798 -0.178995 0.100750
v -0.022984 -0.187651 0.098709
v -0.032500 -0.192820 0.095449
v -0.041157 -0.196669 0.092751
v -0.049181 -0.200503 0.090656
v -0.056665 -0.204415 0.089994
v -0.063214 -0.208724 0.091499
v -0.070288 -0.212705 0.092382
v -0.077947 -0.216439 0.093030
v -0.086413 -0.219596 0.092601
v -0.095748 -0.222200 0.090911
v -0.107099 -0.224846 0.089485
v -0.121265 -0.228295 0.090310
v -0.137726 -0.232000 0.091834
v -0.155134 -0.235790 0.093284
v -0.171885 -0.239585 0.095013
v -0.187234 -0.243401 0.098235
v -0.200207 -0.247141 0.102744
v -0.211659 -0.250561 0.105543
v -0.220904 -0.253427 0.106057
v -0.228064 -0.256251 0.106355
v -0.234154 -0.258819 0.105447
v -0.240348 -0.261274 0.103629
v -0.247676 -0.266022 0.104751
v -0.255142 -0.271635 0.106929
v -0.261874 -0.277269 0.109745
v -0.266344 -0.282505 0.114387
v -0.270278 -0.286104 0.120618
v 0.065195 -0.144117 0.110944
v 0.041831 -0.150863 0.105417
v 0.022238 -0.158912 0.099373
v 0.006279 -0.169676 0.097235
v -0.006316 -0.183116 0.096668
v -0.017323 -0.191417 0.095612
v -0.027951 -0.197028 0.092588
v -0.036982 -0.200678 0.090178
v -0.045507 -0.204074 0.088390
v -0.053481 -0.207568 0.087260
v -0.060246 -0.211993 0.088646
v -0.067272 -0.216111 0.089908
v -0.074985 -0.219947 0.090957
v -0.083732 -0.223156 0.090830
v -0.093622 -0.225305 0.089509
v -0.105374 -0.227719 0.088469
v -0.119910 -0.231057 0.089242
v -0.136689 -0.234892 0.090769
v -0.154351 -0.238804 0.092533
v -0.171463 -0.242696 0.094508
v -0.186884 -0.246775 0.097525
v -0.200005 -0.251042 0.101722
v -0.211313 -0.254552 0.104249
v -0.220230 -0.257324 0.105134
v -0.227009 -0.259802 0.105276
v -0.232797 -0.261802 0.104127
v -0.238720 -0.263718 0.102030
v -0.245784 -0.268257 0.103124
v -0.252856 -0.273729 0.105156
v -0.259430 -0.279555 0.107902
v -0.263596 -0.285172 0.112339
v -0.265792 -0.289054 0.119571
v 0.074075 -0.158316 0.104207
v 0.048667 -0.161759 0.100861
v 0.028783 -0.165235 0.096454
v 0.011166 -0.174087 0.091797
v -0.000639 -0.183338 0.093065
v -0.012281 -0.194744 0.091152
v -0.022718 -0.199943 0.089904
v -0.032719 -0.203734 0.087212
v -0.041664 -0.206738 0.085053
v -0.050009 -0.210432 0.084068
v -0.057116 -0.215104 0.085269
v -0.064002 -0.219407 0.086843
v -0.071863 -0.223303 0.087820
v -0.080932 -0.226322 0.088008
v -0.091177 -0.228556 0.087269
v -0.103710 -0.230691 0.086794
v -0.118620 -0.233736 0.087352
v -0.135964 -0.237446 0.088779
v -0.153955 -0.241317 0.090516
v -0.171433 -0.245193 0.092455
v -0.186961 -0.249786 0.095793
v -0.199958 -0.254569 0.100201
v -0.211107 -0.258101 0.102708
v -0.219661 -0.260863 0.103804
v -0.226231 -0.262944 0.103828
v -0.231673 -0.264556 0.102754
v -0.237397 -0.266180 0.100685
v -0.244084 -0.270463 0.101665
v -0.250911 -0.275836 0.103626
v -0.256902 -0.281525 0.105986
v -0.260966 -0.287547 0.110487
v -0.261438 -0.291238 0.117479
v 0.082259 -0.172177 0.094358
v 0.055687 -0.172511 0.094713
v 0.033720 -0.174589 0.091711
v 0.017341 -0.177477 0.089959
v 0.002281 -0.185809 0.086759
v -0.007836 -0.193181 0.087294
v -0.018246 -0.201661 0.085951
v -0.028025 -0.205927 0.084403
v -0.037495 -0.209051 0.082150
v -0.046338 -0.212972 0.080793
v -0.053778 -0.217820 0.081546
v -0.060806 -0.222542 0.082993
v -0.068570 -0.226437 0.084061
v -0.077622 -0.229592 0.084454
v -0.088762 -0.231681 0.084380
v -0.101729 -0.232867 0.083399
v -0.117819 -0.235507 0.084111
v -0.135349 -0.239447 0.085922
v -0.153794 -0.243685 0.088056
v -0.171219 -0.248069 0.090482
v -0.186906 -0.252877 0.094135
v -0.199900 -0.257767 0.098602
v -0.210897 -0.261270 0.100955
v -0.219224 -0.263994 0.102316
v -0.225489 -0.265763 0.102234
v -0.230913 -0.266961 0.101110
v -0.236337 -0.268222 0.099623
v -0.242841 -0.272559 0.100610
v -0.248894 -0.277525 0.102407
v -0.254947 -0.283253 0.104749
v -0.258320 -0.288881 0.108250
v -0.257883 -0.293728 0.114723
v 0.092890 -0.184661 0.083024
v 0.062148 -0.183693 0.086522
v 0.039303 -0.183087 0.088388
v 0.021308 -0.185105 0.086303
v 0.007853 -0.188265 0.085172
v -0.004486 -0.195164 0.083135
v -0.014384 -0.200727 0.082190
v -0.024017 -0.206442 0.080994
v -0.033447 -0.210392 0.079229
v -0.042414 -0.215160 0.077842
v -0.050462 -0.220524 0.077988
v -0.057380 -0.225576 0.079470
v -0.065468 -0.229095 0.079504
v -0.074819 -0.231948 0.080032
v -0.085796 -0.234922 0.081127
v -0.100138 -0.235974 0.080419
v -0.116491 -0.238818 0.081478
v -0.134753 -0.242691 0.083848
v -0.153157 -0.246854 0.086215
v -0.170898 -0.251331 0.088915
v -0.186605 -0.255922 0.092662
v -0.199697 -0.260683 0.096936
v -0.210773 -0.264087 0.099096
v -0.218833 -0.266475 0.100137
v -0.225058 -0.268183 0.100252
v -0.230179 -0.268763 0.099320
v -0.236052 -0.269874 0.097847
v -0.241684 -0.273681 0.098981
v -0.248171 -0.279172 0.100835
v -0.253113 -0.284000 0.102714
v -0.256678 -0.290335 0.106415
v -0.255334 -0.294322 0.110453
v 0.103567 -0.196266 0.070207
v 0.071271 -0.195477 0.078031
v 0.043378 -0.192078 0.081361
v 0.025576 -0.189665 0.081232
v 0.010734 -0.191814 0.080095
v -0.000665 -0.196239 0.079852
v -0.011305 -0.201452 0.078656
v -0.020280 -0.207020 0.078267
v -0.029657 -0.212059 0.077043
v -0.038696 -0.217167 0.075515
v -0.047101 -0.223070 0.075085
v -0.054136 -0.228806 0.076674
v -0.062182 -0.232799 0.076854
v -0.071659 -0.235681 0.077088
v -0.083751 -0.238195 0.078274
v -0.098432 -0.239761 0.078245
v -0.115603 -0.242520 0.080020
v -0.133967 -0.246048 0.082774
v -0.152589 -0.250166 0.085490
v -0.170125 -0.254393 0.088340
v -0.186043 -0.258865 0.091573
v -0.199559 -0.263286 0.095044
v -0.210564 -0.266367 0.096817
v -0.218709 -0.268369 0.097663
v -0.224671 -0.269881 0.097919
v -0.229956 -0.270456 0.097119
v -0.235301 -0.271187 0.096635
v -0.241354 -0.275390 0.097473
v -0.246405 -0.279791 0.099111
v -0.252527 -0.285411 0.101444
v -0.255404 -0.290229 0.103470
v -0.254103 -0.295589 0.107321
v 0.012988 -0.092117 0.097344
v 0.005549 -0.089443 0.086218
v 0.003574 -0.090085 0.074879
v 0.005118 -0.091280 0.064872
v 0.009712 -0.094438 0.055690
v 0.015704 -0.096800 0.045248
v 0.022190 -0.099356 0.032802
v -0.001105 -0.108738 0.098473
v -0.007633 -0.104326 0.088874
v -0.008719 -0.102955 0.078061
v -0.007150 -0.103038 0.067915
v -0.002217 -0.105274 0.059090
v 0.003266 -0.108319 0.050803
v 0.010102 -0.111772 0.042536
v -0.013677 -0.124865 0.098217
v -0.018396 -0.119754 0.090137
v -0.020016 -0.116741 0.080442
v -0.018809 -0.115698 0.070795
v -0.014850 -0.116946 0.062255
v -0.009285 -0.119092 0.054606
v -0.003335 -0.122595 0.048660
v -0.024233 -0.139261 0.097473
v -0.028030 -0.134027 0.090164
v -0.029839 -0.130451 0.081985
v -0.029243 -0.128837 0.073354
v -0.026484 -0.128623 0.064965
v -0.022132 -0.130061 0.057644
v -0.016986 -0.132346 0.051480
v -0.033340 -0.151612 0.095925
v -0.036426 -0.146825 0.089719
v -0.038143 -0.143373 0.082509
v -0.037973 -0.141313 0.075047
v -0.036614 -0.140595 0.067553
v -0.033101 -0.141282 0.060618
v -0.028773 -0.142829 0.054649
v -0.041161 -0.162393 0.093813
v -0.043768 -0.158024 0.088490
v -0.045103 -0.154913 0.082318
v -0.045259 -0.152992 0.076004
v -0.044327 -0.151979 0.069514
v -0.041895 -0.152422 0.063395
v -0.038622 -0.153378 0.057917
v -0.048389 -0.171406 0.091704
v -0.050873 -0.167537 0.087045
v -0.051969 -0.164770 0.081831
v -0.052124 -0.162889 0.076295
v -0.051559 -0.162006 0.070806
v -0.049768 -0.162131 0.065362
v -0.047206 -0.163142 0.060376
v -0.055337 -0.178931 0.089326
v -0.057589 -0.175491 0.085660
v -0.058633 -0.173060 0.080964
v -0.058748 -0.171495 0.076340
v -0.058410 -0.170491 0.071528
v -0.057207 -0.170559 0.066751
v -0.055079 -0.171432 0.062337
v -0.061916 -0.185158 0.087581
v -0.064006 -0.182138 0.084209
v -0.064946 -0.180038 0.080270
v -0.065100 -0.178693 0.076094
v -0.064870 -0.177802 0.072035
v -0.063977 -0.177804 0.067942
v -0.062388 -0.178585 0.063973
v -0.068326 -0.190305 0.086613
v -0.070239 -0.187545 0.083363
v -0.071248 -0.185673 0.079734
v -0.071388 -0.184626 0.076033
v -0.071234 -0.184004 0.072402
v -0.070677 -0.183804 0.068756
v -0.069576 -0.184421 0.065235
v -0.074949 -0.194343 0.086670
v -0.076804 -0.191688 0.083533
v -0.077999 -0.189660 0.079970
v -0.078450 -0.188602 0.076361
v -0.078398 -0.187984 0.072832
v -0.078064 -0.187992 0.069339
v -0.077081 -0.188782 0.065807
v -0.081164 -0.198789 0.086401
v -0.082960 -0.196169 0.083240
v -0.084220 -0.194302 0.080034
v -0.084753 -0.193220 0.076656
v -0.084994 -0.192688 0.073434
v -0.084798 -0.192568 0.070070
v -0.083950 -0.193493 0.066851
v -0.087688 -0.202709 0.086352
v -0.089211 -0.200461 0.083304
v -0.090224 -0.198846 0.080161
v -0.090879 -0.197903 0.077094
v -0.091109 -0.197378 0.074054
v -0.091241 -0.197151 0.070983
v -0.090820 -0.197620 0.067770
v -0.094667 -0.206331 0.086579
v -0.095921 -0.204179 0.083573
v -0.096918 -0.202662 0.080630
v -0.097462 -0.201753 0.077686
v -0.097847 -0.201285 0.074716
v -0.098053 -0.200894 0.071767
v -0.097977 -0.201118 0.068508
v -0.102660 -0.210075 0.086181
v -0.104000 -0.207583 0.084004
v -0.104873 -0.205859 0.081278
v -0.105487 -0.204976 0.078374
v -0.105770 -0.204546 0.075415
v -0.106127 -0.204225 0.072432
v -0.106000 -0.204742 0.069473
v -0.113197 -0.213787 0.086207
v -0.114346 -0.211320 0.084275
v -0.115310 -0.209287 0.082009
v -0.115855 -0.208317 0.079114
v -0.116265 -0.207997 0.076209
v -0.116377 -0.207969 0.073301
v -0.116471 -0.208432 0.070387
v -0.126664 -0.217341 0.087099
v -0.127736 -0.215036 0.085185
v -0.128691 -0.213210 0.082863
v -0.129253 -0.212249 0.080086
v -0.129560 -0.211912 0.077185
v -0.129910 -0.211979 0.074333
v -0.129731 -0.212530 0.071592
v -0.142394 -0.221146 0.088102
v -0.143443 -0.218952 0.086378
v -0.144231 -0.217259 0.084007
v -0.144874 -0.216446 0.081253
v -0.145293 -0.216041 0.078403
v -0.145399 -0.216181 0.075547
v -0.145449 -0.216891 0.072808
v -0.158981 -0.224907 0.089435
v -0.159949 -0.222679 0.087745
v -0.160842 -0.221198 0.085426
v -0.161357 -0.220221 0.082707
v -0.161725 -0.219908 0.079789
v -0.161926 -0.220034 0.076816
v -0.161816 -0.220804 0.074047
v -0.175321 -0.228218 0.091356
v -0.176305 -0.225923 0.089708
v -0.177059 -0.224266 0.087288
v -0.177633 -0.223181 0.084419
v -0.177837 -0.222778 0.081301
v -0.178005 -0.223043 0.078163
v -0.177836 -0.224035 0.075208
v -0.190469 -0.230319 0.094881
v -0.191436 -0.227698 0.092803
v -0.192258 -0.225803 0.089855
v -0.192710 -0.224638 0.086483
v -0.192983 -0.224295 0.082833
v -0.192895 -0.224725 0.079288
v -0.192921 -0.226072 0.076065
v -0.203897 -0.231510 0.099224
v -0.205048 -0.228677 0.096162
v -0.205988 -0.226707 0.092587
v -0.206512 -0.225378 0.088535
v -0.206711 -0.225179 0.084416
v -0.206797 -0.225772 0.080292
v -0.206563 -0.227272 0.076653
v -0.216056 -0.233424 0.102299
v -0.217534 -0.230063 0.099262
v -0.218483 -0.227452 0.095267
v -0.219313 -0.226131 0.090758
v -0.219674 -0.225596 0.085946
v -0.219759 -0.226354 0.081335
v -0.219665 -0.228168 0.077184
v -0.226857 -0.236423 0.104339
v -0.228509 -0.232367 0.101881
v -0.230327 -0.228999 0.098089
v -0.231353 -0.227149 0.093064
v -0.232216 -0.226492 0.087845
v -0.232380 -0.227219 0.082505
v -0.232192 -0.228862 0.077678
v -0.235621 -0.240168 0.105690
v -0.238192 -0.236390 0.103365
v -0.240512 -0.232844 0.100124
v -0.242423 -0.230982 0.095129
v -0.243413 -0.230305 0.089830
v -0.243980 -0.230757 0.084363
v -0.243660 -0.232269 0.079160
v -0.242961 -0.244985 0.105610
v -0.245462 -0.241598 0.103589
v -0.247700 -0.239162 0.100040
v -0.249304 -0.237689 0.095850
v -0.250426 -0.237316 0.091174
v -0.250944 -0.237587 0.086368
v -0.250872 -0.238743 0.081651
v -0.249406 -0.250699 0.104608
v -0.251619 -0.247856 0.102857
v -0.253300 -0.245671 0.099870
v -0.254541 -0.244695 0.096102
v -0.255407 -0.244434 0.092097
v -0.256139 -0.244823 0.087968
v -0.255932 -0.245398 0.083865
v -0.257109 -0.256946 0.105212
v -0.259052 -0.254472 0.103408
v -0.260734 -0.252232 0.100850
v -0.262052 -0.251002 0.097350
v -0.263109 -0.250932 0.093423
v -0.263343 -0.250989 0.089381
v -0.263974 -0.252157 0.085631
v -0.265839 -0.263086 0.108752
v -0.268088 -0.260227 0.106305
v -0.269987 -0.257728 0.103441
v -0.271527 -0.256434 0.099442
v -0.272287 -0.256374 0.095085
v -0.273446 -0.257171 0.090836
v -0.272091 -0.257176 0.086729
v -0.273941 -0.267836 0.111605
v -0.276658 -0.265563 0.109740
v -0.279342 -0.262740 0.106570
v -0.281240 -0.261296 0.101866
v -0.282414 -0.261395 0.096792
v -0.282087 -0.261714 0.091909
v -0.283047 -0.263326 0.087588
v -0.280219 -0.272084 0.115853
v -0.284631 -0.269648 0.113753
v -0.287873 -0.266992 0.109668
v -0.290519 -0.265805 0.104247
v -0.291229 -0.265706 0.098114
v -0.291534 -0.266359 0.092600
v -0.290188 -0.266604 0.087632
v -0.286530 -0.276872 0.119088
v -0.290869 -0.274769 0.116386
v -0.296069 -0.274290 0.112810
v -0.298245 -0.272094 0.105713
v -0.299084 -0.271671 0.099079
v -0.298655 -0.271305 0.092534
v -0.297515 -0.271527 0.087668
v 0.041112 -0.064734 0.086667
v 0.050005 -0.055341 0.082486
v 0.055182 -0.046133 0.076909
v 0.054896 -0.037180 0.077868
v 0.052750 -0.028707 0.078713
v 0.049238 -0.019467 0.080667
v 0.044148 -0.008913 0.083516
v 0.038003 0.003133 0.086711
v 0.030959 0.016213 0.089808
v 0.022997 0.029936 0.092846
v 0.015176 0.043729 0.095621
v 0.007030 0.057821 0.098187
v -0.000453 0.072306 0.100415
v -0.006580 0.087841 0.101160
v -0.012720 0.104020 0.102049
v -0.017436 0.121173 0.101513
v -0.022071 0.138497 0.101013
v -0.026027 0.156132 0.099982
v -0.029811 0.174419 0.098788
v -0.035393 0.193416 0.099042
v -0.042630 0.212282 0.101216
v -0.047931 0.229634 0.101473
v -0.055106 0.242814 0.104156
v -0.064901 0.255498 0.108043
v 0.031612 -0.066942 0.078767
v 0.040490 -0.057797 0.074379
v 0.046024 -0.048706 0.071117
v 0.046110 -0.039090 0.070524
v 0.044174 -0.030419 0.071054
v 0.040928 -0.021013 0.071932
v 0.036209 -0.009901 0.073762
v 0.030267 0.002215 0.075906
v 0.022599 0.015401 0.078474
v 0.013634 0.028278 0.081596
v 0.004116 0.041828 0.084296
v -0.004506 0.055788 0.086699
v -0.012864 0.070638 0.088609
v -0.019245 0.086753 0.089248
v -0.025399 0.103216 0.090134
v -0.029953 0.120797 0.089582
v -0.034065 0.138559 0.089043
v -0.037984 0.156413 0.088542
v -0.041917 0.175147 0.087892
v -0.047284 0.194994 0.088628
v -0.054336 0.214095 0.091181
v -0.061123 0.231290 0.092601
v -0.068636 0.244528 0.095185
v -0.076456 0.254669 0.096855
v 0.027864 -0.070259 0.069010
v 0.034956 -0.059532 0.066268
v 0.037692 -0.049046 0.064247
v 0.037321 -0.039753 0.063446
v 0.034325 -0.030909 0.063714
v 0.031132 -0.020792 0.063630
v 0.025745 -0.010309 0.064840
v 0.019600 0.002037 0.066063
v 0.011792 0.014434 0.067961
v 0.002724 0.027452 0.070124
v -0.006283 0.041025 0.072142
v -0.015551 0.055310 0.073958
v -0.024131 0.070388 0.075911
v -0.030635 0.086854 0.076498
v -0.036722 0.104012 0.077273
v -0.040939 0.122077 0.077056
v -0.045488 0.140047 0.077012
v -0.049343 0.158580 0.076674
v -0.053217 0.177664 0.076737
v -0.059014 0.197326 0.078527
v -0.065896 0.216321 0.080809
v -0.071468 0.233016 0.082532
v -0.077849 0.245720 0.083768
v -0.085246 0.255472 0.085622
v 0.027323 -0.071822 0.059322
v 0.033168 -0.060481 0.055887
v 0.033236 -0.049055 0.053849
v 0.030682 -0.039092 0.052858
v 0.026315 -0.029675 0.052843
v 0.021751 -0.019402 0.052505
v 0.016039 -0.008293 0.053022
v 0.009826 0.003771 0.053532
v 0.000781 0.015336 0.055476
v -0.008866 0.027565 0.057568
v -0.018006 0.041373 0.059251
v -0.026487 0.056075 0.060729
v -0.034285 0.071864 0.061727
v -0.040671 0.088779 0.062568
v -0.047007 0.106192 0.063807
v -0.051650 0.124534 0.064075
v -0.055875 0.143277 0.064432
v -0.059941 0.162070 0.064646
v -0.063923 0.181679 0.065108
v -0.069455 0.200698 0.066820
v -0.072811 0.219435 0.068021
v -0.078261 0.234419 0.069974
v -0.083404 0.246301 0.071810
v -0.091137 0.253427 0.074396
v 0.027878 -0.071755 0.047461
v 0.031089 -0.059186 0.043702
v 0.028863 -0.047701 0.041450
v 0.026110 -0.036918 0.039936
v 0.020853 -0.026897 0.039060
v 0.015080 -0.016375 0.038795
v 0.008726 -0.005036 0.038933
v 0.001324 0.006832 0.039507
v -0.008340 0.018071 0.040989
v -0.018494 0.030176 0.042828
v -0.027130 0.044170 0.044175
v -0.036082 0.058740 0.045620
v -0.043547 0.074778 0.046870
v -0.050797 0.091525 0.048054
v -0.056182 0.109739 0.049150
v -0.060685 0.128664 0.050167
v -0.065118 0.147716 0.050780
v -0.069365 0.167199 0.051491
v -0.072940 0.186226 0.052077
v -0.075529 0.205476 0.052861
v -0.077333 0.221818 0.053905
v -0.082496 0.234956 0.056076
v -0.087410 0.244665 0.058560
v -0.094225 0.251505 0.061475
v 0.031347 -0.070125 0.032641
v 0.028839 -0.056700 0.028954
v 0.025868 -0.044955 0.026756
v 0.021819 -0.034111 0.025245
v 0.016361 -0.023537 0.024486
v 0.010369 -0.012480 0.024123
v 0.002296 -0.001707 0.024326
v -0.006627 0.009498 0.025191
v -0.015835 0.021437 0.026237
v -0.024873 0.034441 0.027294
v -0.034053 0.048200 0.028557
v -0.043221 0.062653 0.029863
v -0.051300 0.078577 0.030663
v -0.058970 0.095695 0.032333
v -0.063981 0.114488 0.033681
v -0.068768 0.133808 0.035128
v -0.072295 0.153562 0.036061
v -0.075795 0.173013 0.036683
v -0.077829 0.192539 0.037171
v -0.079431 0.209027 0.037798
v -0.081308 0.224456 0.038931
v -0.083155 0.235945 0.040545
v -0.087732 0.245228 0.042467
v -0.091927 0.254030 0.045456
v 0.028093 -0.066223 0.014182
v 0.025877 -0.053193 0.011869
v 0.023581 -0.041425 0.010570
v 0.018467 -0.030940 0.009862
v 0.012425 -0.020596 0.009511
v 0.004667 -0.010185 0.009571
v -0.004085 0.000385 0.010200
v -0.012399 0.012315 0.010585
v -0.021057 0.024786 0.011200
v -0.030063 0.037787 0.012163
v -0.039273 0.051439 0.013107
v -0.047951 0.066436 0.013750
v -0.056322 0.082574 0.014691
v -0.062981 0.100444 0.015723
v -0.068623 0.119588 0.017536
v -0.072995 0.139310 0.019246
v -0.076506 0.159328 0.020441
v -0.078741 0.179143 0.021261
v -0.079703 0.196959 0.021910
v -0.080601 0.213751 0.022755
v -0.081554 0.226383 0.023330
v -0.082659 0.237914 0.024125
v -0.083713 0.247815 0.025652
v -0.084552 0.257839 0.028666
v 0.202381 -0.195285 0.003803
v 0.197868 -0.197113 -0.001455
v 0.196661 -0.197650 -0.008015
v 0.193022 -0.198331 -0.012807
v 0.189436 -0.197446 -0.017976
v 0.186601 -0.195908 -0.023177
v 0.183354 -0.193187 -0.029449
v 0.227436 -0.179284 -0.006955
v 0.227511 -0.183904 -0.013307
v 0.223366 -0.184968 -0.016069
v 0.222892 -0.185280 -0.019531
v 0.220683 -0.186153 -0.022350
v 0.218727 -0.186337 -0.025537
v 0.218643 -0.185531 -0.029133
v 0.252317 -0.180239 -0.016039
v 0.250915 -0.170873 -0.019823
v 0.248645 -0.175603 -0.027185
v 0.247957 -0.174901 -0.028042
v 0.244810 -0.175711 -0.029808
v 0.243437 -0.180650 -0.033632
v 0.243533 -0.181890 -0.029783
v 0.267295 -0.188021 -0.022279
v 0.266435 -0.187597 -0.024892
v 0.265791 -0.188623 -0.027802
v 0.265174 -0.188571 -0.028898
v 0.264721 -0.189167 -0.031172
v 0.263368 -0.188771 -0.032957
v 0.263670 -0.188421 -0.033390
v 0.274213 -0.197617 -0.024630
v 0.274118 -0.198889 -0.026611
v 0.273585 -0.198927 -0.028167
v 0.273365 -0.199719 -0.029855
v 0.273109 -0.200035 -0.031034
v 0.273229 -0.200144 -0.031982
v 0.273153 -0.199885 -0.033615
v 0.279084 -0.207907 -0.024949
v 0.277877 -0.208225 -0.026471
v 0.277471 -0.209471 -0.028211
v 0.276854 -0.210165 -0.029845
v 0.276265 -0.210708 -0.031371
v 0.275596 -0.210977 -0.032602
v 0.275402 -0.210484 -0.033661
v 0.280192 -0.217285 -0.024150
v 0.279769 -0.218592 -0.025874
v 0.279012 -0.219282 -0.027654
v 0.278291 -0.220335 -0.029428
v 0.277542 -0.220883 -0.031192
v 0.276864 -0.220901 -0.032782
v 0.276696 -0.220482 -0.034426
v 0.281649 -0.228680 -0.023449
v 0.280903 -0.229106 -0.025187
v 0.280325 -0.230253 -0.027111
v 0.279612 -0.231187 -0.029222
v 0.278876 -0.231693 -0.031236
v 0.278069 -0.231752 -0.033256
v 0.277713 -0.230945 -0.035176
v 0.283769 -0.240500 -0.022742
v 0.283065 -0.240970 -0.024687
v 0.282366 -0.241803 -0.026803
v 0.281617 -0.242615 -0.029141
v 0.280814 -0.243316 -0.031518
v 0.279785 -0.243280 -0.033729
v 0.279548 -0.242569 -0.036108
v 0.285643 -0.253297 -0.021772
v 0.284782 -0.253021 -0.023710
v 0.284259 -0.253386 -0.026257
v 0.283562 -0.254210 -0.028806
v 0.282751 -0.255017 -0.031443
v 0.281809 -0.255291 -0.034063
v 0.281320 -0.254650 -0.036700
v 0.287707 -0.266336 -0.020295
v 0.286491 -0.265698 -0.022966
v 0.285973 -0.264927 -0.025499
v 0.285367 -0.265818 -0.028314
v 0.284506 -0.266756 -0.031139
v 0.283738 -0.267214 -0.034055
v 0.282957 -0.267080 -0.037086
v 0.290212 -0.280797 -0.020004
v 0.288379 -0.279083 -0.022111
v 0.287889 -0.277965 -0.025025
v 0.287289 -0.277981 -0.027916
v 0.286610 -0.278844 -0.031017
v 0.285842 -0.279667 -0.034141
v 0.284994 -0.279614 -0.037348
v 0.293178 -0.296737 -0.019802
v 0.290931 -0.294863 -0.021948
v 0.290545 -0.293012 -0.024815
v 0.289711 -0.292039 -0.027868
v 0.289009 -0.292549 -0.031127
v 0.288188 -0.293086 -0.034488
v 0.287265 -0.293315 -0.037772
v 0.295616 -0.314572 -0.019982
v 0.293267 -0.313691 -0.021800
v 0.292999 -0.310892 -0.024733
v 0.292408 -0.309267 -0.027988
v 0.291575 -0.308717 -0.031431
v 0.290670 -0.308951 -0.034926
v 0.289617 -0.308857 -0.038256
v 0.296839 -0.335104 -0.019350
v 0.294298 -0.334671 -0.021504
v 0.293879 -0.332609 -0.024526
v 0.293898 -0.329897 -0.027800
v 0.293244 -0.328302 -0.031493
v 0.292263 -0.327730 -0.035040
v 0.291131 -0.327153 -0.038574
v 0.296801 -0.356672 -0.018558
v 0.294626 -0.358315 -0.021063
v 0.293555 -0.356909 -0.024084
v 0.294423 -0.353785 -0.027366
v 0.294073 -0.351070 -0.031071
v 0.293231 -0.349348 -0.035031
v 0.292195 -0.348214 -0.038528
v 0.295580 -0.379264 -0.017230
v 0.294330 -0.382909 -0.020327
v 0.292500 -0.382698 -0.023361
v 0.293195 -0.380093 -0.026747
v 0.293674 -0.376173 -0.030458
v 0.293341 -0.373325 -0.034345
v 0.292234 -0.371494 -0.038362
v 0.294962 -0.401318 -0.015932
v 0.293868 -0.406306 -0.019413
v 0.291429 -0.408702 -0.022052
v 0.291513 -0.406164 -0.025860
v 0.292461 -0.402305 -0.029432
v 0.292669 -0.398436 -0.033531
v 0.291701 -0.396271 -0.037395
v 0.294808 -0.421232 -0.014498
v 0.293638 -0.427685 -0.017834
v 0.291312 -0.431391 -0.020430
v 0.290042 -0.430947 -0.024444
v 0.291526 -0.427042 -0.027942
v 0.291754 -0.422915 -0.031979
v 0.290958 -0.420718 -0.036066
v 0.295241 -0.438504 -0.012780
v 0.293934 -0.445738 -0.015913
v 0.293182 -0.450603 -0.019049
v 0.291517 -0.452444 -0.022009
v 0.291373 -0.449040 -0.026073
v 0.291654 -0.445696 -0.029948
v 0.290841 -0.443284 -0.033938
v 0.296458 -0.454478 -0.010857
v 0.294721 -0.460859 -0.013713
v 0.294549 -0.467761 -0.016766
v 0.292750 -0.470201 -0.019642
v 0.292651 -0.469313 -0.023346
v 0.292535 -0.465592 -0.027395
v 0.291765 -0.465088 -0.031557
v 0.298039 -0.469237 -0.008738
v 0.295984 -0.475859 -0.011316
v 0.295593 -0.482838 -0.014281
v 0.294259 -0.486839 -0.016972
v 0.293380 -0.487018 -0.020565
v 0.294008 -0.485470 -0.024595
v 0.293448 -0.484911 -0.028357
v 0.299844 -0.484483 -0.006491
v 0.297762 -0.490850 -0.008908
v 0.296679 -0.497062 -0.011785
v 0.296285 -0.502501 -0.014655
v 0.294731 -0.503458 -0.017662
v 0.294686 -0.503292 -0.021373
v 0.294964 -0.504928 -0.025411
v 0.302002 -0.499526 -0.004077
v 0.299835 -0.505235 -0.006738
v 0.298891 -0.511339 -0.009799
v 0.298383 -0.515517 -0.012660
v 0.297788 -0.518435 -0.015203
v 0.296567 -0.519322 -0.018532
v 0.296682 -0.521253 -0.022118
v 0.305127 -0.514292 -0.002627
v 0.302714 -0.518258 -0.005072
v 0.301634 -0.523297 -0.008344
v 0.301802 -0.527585 -0.011309
v 0.301491 -0.529621 -0.013931
v 0.300112 -0.531899 -0.015877
v 0.298741 -0.534625 -0.019469
v 0.307912 -0.525365 -0.001369
v 0.306757 -0.529816 -0.004544
v 0.305796 -0.532954 -0.007607
v 0.305565 -0.536179 -0.010556
v 0.305667 -0.538768 -0.013022
v 0.304730 -0.540285 -0.015347
v 0.303255 -0.543464 -0.017906
v 0.311549 -0.536702 0.000235
v 0.310170 -0.538170 -0.003621
v 0.309515 -0.541214 -0.006733
v 0.309404 -0.543536 -0.009622
v 0.309440 -0.545094 -0.012284
v 0.309025 -0.546670 -0.014853
v 0.308550 -0.547943 -0.018078
v 0.315459 -0.543572 0.000102
v 0.314123 -0.546028 -0.002586
v 0.313127 -0.547745 -0.005617
v 0.313325 -0.549395 -0.008732
v 0.313661 -0.550549 -0.011625
v 0.313493 -0.551093 -0.014473
v 0.313187 -0.551987 -0.017770
v 0.319360 -0.549389 -0.000361
v 0.317685 -0.551239 -0.001635
v 0.317051 -0.553287 -0.004545
v 0.317304 -0.554429 -0.007729
v 0.317408 -0.555245 -0.010738
v 0.317421 -0.555975 -0.013821
v 0.317117 -0.556379 -0.016948
v 0.115985 -0.209481 0.040222
v 0.078692 -0.206431 0.054647
v 0.046881 -0.200861 0.063845
v 0.028915 -0.195956 0.068781
v 0.013981 -0.195402 0.070615
v 0.003100 -0.198810 0.071940
v -0.006766 -0.203361 0.072446
v -0.015640 -0.208337 0.072415
v -0.024157 -0.214365 0.072306
v -0.033128 -0.220468 0.071552
v -0.041746 -0.227127 0.070864
v -0.048651 -0.234369 0.071806
v -0.057160 -0.239905 0.072288
v -0.067949 -0.242804 0.072657
v -0.081329 -0.244868 0.073620
v -0.097473 -0.246307 0.074965
v -0.115078 -0.248572 0.076878
v -0.133710 -0.251525 0.079216
v -0.152161 -0.254904 0.081673
v -0.169510 -0.258762 0.084338
v -0.185753 -0.262700 0.087111
v -0.199480 -0.266726 0.089739
v -0.210667 -0.269246 0.091359
v -0.218685 -0.270793 0.092110
v -0.224565 -0.272136 0.092444
v -0.229529 -0.272316 0.092202
v -0.235390 -0.272102 0.092217
v -0.240748 -0.276469 0.093088
v -0.246198 -0.281563 0.094756
v -0.251667 -0.286754 0.096755
v -0.255547 -0.291665 0.097990
v -0.253321 -0.297515 0.101427
v 0.115843 -0.209332 0.028857
v 0.074326 -0.208157 0.044236
v 0.046940 -0.201479 0.056068
v 0.027131 -0.196619 0.062436
v 0.014263 -0.195973 0.066336
v 0.003349 -0.199088 0.068150
v -0.006204 -0.203091 0.069031
v -0.015120 -0.207985 0.069376
v -0.023437 -0.214139 0.069070
v -0.031976 -0.220846 0.068551
v -0.040299 -0.228056 0.067927
v -0.047229 -0.235861 0.067759
v -0.056015 -0.241895 0.068018
v -0.067466 -0.245034 0.068706
v -0.081503 -0.246873 0.070275
v -0.097808 -0.247834 0.071926
v -0.115915 -0.249437 0.074007
v -0.134267 -0.252327 0.076320
v -0.152374 -0.255741 0.078870
v -0.169960 -0.259696 0.081551
v -0.185830 -0.263599 0.084201
v -0.199832 -0.267723 0.086723
v -0.210924 -0.269977 0.088264
v -0.218965 -0.271322 0.089036
v -0.224670 -0.272669 0.089392
v -0.229768 -0.272822 0.089522
v -0.235183 -0.272496 0.089533
v -0.241164 -0.277302 0.090767
v -0.246560 -0.282412 0.092113
v -0.251900 -0.287444 0.093359
v -0.254940 -0.293254 0.095917
v -0.253952 -0.298314 0.096243
v 0.112202 -0.206591 0.019930
v 0.072214 -0.208504 0.035242
v 0.043873 -0.200539 0.048399
v 0.026226 -0.195674 0.057335
v 0.013326 -0.195385 0.062245
v 0.003107 -0.198485 0.064632
v -0.006412 -0.202622 0.066023
v -0.015257 -0.207549 0.066420
v -0.023543 -0.213658 0.066159
v -0.032129 -0.220570 0.065480
v -0.040320 -0.227884 0.064550
v -0.047465 -0.235682 0.063640
v -0.056371 -0.241774 0.063367
v -0.068165 -0.245070 0.064556
v -0.082242 -0.246965 0.066450
v -0.098803 -0.247933 0.068892
v -0.116564 -0.249553 0.071185
v -0.134953 -0.252542 0.073581
v -0.153133 -0.255989 0.075994
v -0.170194 -0.260005 0.078623
v -0.186493 -0.264091 0.081168
v -0.200159 -0.268081 0.083481
v -0.211408 -0.270377 0.085052
v -0.219334 -0.271609 0.085896
v -0.225015 -0.272934 0.086358
v -0.229953 -0.273147 0.086734
v -0.235633 -0.273048 0.087166
v -0.241290 -0.277746 0.088119
v -0.247088 -0.283180 0.089318
v -0.252478 -0.288206 0.090550
v -0.255590 -0.293918 0.091061
v -0.253717 -0.299407 0.092665
v 0.108957 -0.204765 0.012668
v 0.069295 -0.205380 0.027398
v 0.041606 -0.198815 0.042123
v 0.024780 -0.193920 0.052600
v 0.012382 -0.194158 0.058625
v 0.002104 -0.197547 0.061673
v -0.007091 -0.201755 0.063149
v -0.015969 -0.206817 0.063774
v -0.024450 -0.213037 0.063352
v -0.032960 -0.219956 0.062536
v -0.041197 -0.227412 0.061280
v -0.048352 -0.234885 0.059469
v -0.057888 -0.240739 0.058843
v -0.069635 -0.243483 0.060358
v -0.083591 -0.245529 0.062950
v -0.099658 -0.246838 0.065832
v -0.117439 -0.248918 0.068462
v -0.135674 -0.251916 0.070682
v -0.153675 -0.255645 0.073049
v -0.171131 -0.259797 0.075529
v -0.186850 -0.264005 0.078141
v -0.200903 -0.267859 0.080218
v -0.211810 -0.270338 0.081834
v -0.219793 -0.271715 0.082739
v -0.225432 -0.273048 0.083336
v -0.230400 -0.273176 0.084065
v -0.235919 -0.273274 0.085013
v -0.241723 -0.278112 0.085712
v -0.247747 -0.283310 0.086447
v -0.253156 -0.288365 0.087135
v -0.256525 -0.293999 0.087458
v -0.254075 -0.298761 0.086134
v 0.104974 -0.201652 0.005867
v 0.065619 -0.201448 0.020343
v 0.038455 -0.197100 0.035663
v 0.023397 -0.191538 0.048503
v 0.010817 -0.192084 0.056009
v 0.000984 -0.195775 0.059151
v -0.008497 -0.200289 0.060838
v -0.017243 -0.205508 0.061365
v -0.025807 -0.211956 0.060860
v -0.034683 -0.218935 0.059839
v -0.042956 -0.225830 0.058323
v -0.050729 -0.232586 0.055376
v -0.060713 -0.236837 0.055935
v -0.071779 -0.239609 0.058437
v -0.084996 -0.241839 0.061024
v -0.100571 -0.243863 0.064074
v -0.118001 -0.246202 0.066527
v -0.136430 -0.249313 0.068559
v -0.154636 -0.253173 0.070995
v -0.171888 -0.257799 0.073047
v -0.187908 -0.262500 0.075497
v -0.201423 -0.266811 0.077326
v -0.212385 -0.269529 0.078691
v -0.220246 -0.271088 0.079742
v -0.225997 -0.272395 0.080446
v -0.230957 -0.272731 0.081532
v -0.236413 -0.272823 0.083231
v -0.242514 -0.277731 0.083382
v -0.248713 -0.282766 0.083754
v -0.254444 -0.287905 0.084186
v -0.258359 -0.293392 0.084025
v -0.256634 -0.296902 0.080656
v 0.099701 -0.197317 -0.000945
v 0.061779 -0.195701 0.014190
v 0.036403 -0.191189 0.030971
v 0.021626 -0.187617 0.045711
v 0.009733 -0.188381 0.054274
v -0.001123 -0.192823 0.057725
v -0.010069 -0.197698 0.059545
v -0.019111 -0.203459 0.059661
v -0.028088 -0.209920 0.059231
v -0.037154 -0.216792 0.058506
v -0.045946 -0.223264 0.057058
v -0.054153 -0.228708 0.054390
v -0.063492 -0.232779 0.055924
v -0.073794 -0.235679 0.058208
v -0.086246 -0.238169 0.060799
v -0.101102 -0.240387 0.064561
v -0.118193 -0.243015 0.066974
v -0.136540 -0.246275 0.069109
v -0.154997 -0.250286 0.071475
v -0.172629 -0.255020 0.073357
v -0.188513 -0.260124 0.074089
v -0.202116 -0.264761 0.074953
v -0.212856 -0.267756 0.076162
v -0.220729 -0.269755 0.076983
v -0.226568 -0.270987 0.077940
v -0.231697 -0.271844 0.079123
v -0.237098 -0.271448 0.081826
v -0.243641 -0.276244 0.081528
v -0.250380 -0.281511 0.081661
v -0.256312 -0.286323 0.082028
v -0.260867 -0.292023 0.081199
v -0.260267 -0.295444 0.077776
v 0.091115 -0.190998 -0.008645
v 0.057683 -0.186422 0.010945
v 0.033911 -0.184862 0.028645
v 0.019176 -0.184015 0.041982
v 0.007135 -0.186001 0.050970
v -0.002490 -0.189828 0.056012
v -0.012248 -0.194651 0.058685
v -0.021313 -0.200732 0.058669
v -0.030655 -0.207368 0.058612
v -0.040119 -0.214286 0.058514
v -0.048938 -0.220473 0.057120
v -0.057245 -0.225181 0.054540
v -0.066186 -0.229080 0.055666
v -0.076044 -0.231931 0.057889
v -0.087882 -0.234422 0.060798
v -0.101678 -0.236734 0.064774
v -0.118435 -0.239536 0.067351
v -0.136680 -0.242977 0.068969
v -0.155251 -0.247162 0.070789
v -0.173061 -0.252055 0.072418
v -0.189074 -0.257352 0.073223
v -0.202518 -0.262254 0.073209
v -0.213224 -0.265430 0.073994
v -0.221207 -0.267752 0.074608
v -0.227171 -0.269097 0.075695
v -0.232425 -0.270160 0.077072
v -0.237943 -0.270207 0.079558
v -0.245133 -0.274168 0.080240
v -0.252098 -0.279240 0.080064
v -0.258535 -0.284299 0.080037
v -0.263161 -0.290162 0.078918
v -0.263846 -0.292890 0.075263
v 0.205990 0.010501 -0.107025
v 0.216092 -0.003230 -0.104413
v 0.226118 -0.018808 -0.101247
v 0.235155 -0.035842 -0.097888
v 0.242791 -0.053683 -0.092934
v 0.249661 -0.071435 -0.086951
v 0.253882 -0.088868 -0.078674
v 0.257844 -0.104818 -0.069594
v 0.189134 0.005325 -0.110900
v 0.200672 -0.006414 -0.113300
v 0.211334 -0.020971 -0.111227
v 0.221328 -0.037603 -0.107048
v 0.231093 -0.055230 -0.102864
v 0.240949 -0.073452 -0.097481
v 0.247451 -0.090304 -0.087995
v 0.252865 -0.106870 -0.077156
v 0.173591 0.000336 -0.115087
v 0.183352 -0.010117 -0.117310
v 0.194466 -0.024003 -0.118273
v 0.205303 -0.040269 -0.115436
v 0.216635 -0.057821 -0.111996
v 0.227599 -0.076000 -0.106286
v 0.237469 -0.094186 -0.097189
v 0.245106 -0.109418 -0.085064
v 0.157767 -0.002389 -0.119036
v 0.166271 -0.013591 -0.121154
v 0.176312 -0.026746 -0.122644
v 0.187696 -0.042661 -0.122896
v 0.199531 -0.061117 -0.120174
v 0.211855 -0.080071 -0.115272
v 0.224075 -0.098199 -0.106819
v 0.234822 -0.115355 -0.093413
v 0.140428 -0.004319 -0.122363
v 0.148273 -0.015570 -0.124521
v 0.157482 -0.029214 -0.126263
v 0.168481 -0.045186 -0.129251
v 0.180085 -0.064071 -0.127522
v 0.192754 -0.084179 -0.123784
v 0.206846 -0.104649 -0.116354
v 0.220825 -0.121409 -0.102797
v 0.121230 -0.005180 -0.126325
v 0.128765 -0.016151 -0.131179
v 0.137196 -0.030574 -0.133236
v 0.146949 -0.047486 -0.133811
v 0.157640 -0.066793 -0.132760
v 0.170202 -0.087970 -0.130485
v 0.184540 -0.109281 -0.124417
v 0.201136 -0.129030 -0.111517
v 0.097754 -0.005947 -0.130973
v 0.105231 -0.018637 -0.135111
v 0.113658 -0.032613 -0.138242
v 0.122569 -0.049201 -0.139297
v 0.132568 -0.068359 -0.138425
v 0.143864 -0.089147 -0.135613
v 0.157645 -0.111853 -0.130564
v 0.175716 -0.133434 -0.120515
v 0.229800 0.012329 -0.081013
v 0.237136 0.010197 -0.067567
v 0.244756 0.008296 -0.054493
v 0.251238 0.006457 -0.041633
v 0.255693 0.003949 -0.028382
v 0.257472 0.001729 -0.015862
v 0.258032 0.000174 -0.004111
v 0.237923 -0.002262 -0.079756
v 0.245039 -0.003534 -0.066864
v 0.251688 -0.004559 -0.054570
v 0.256629 -0.006500 -0.041670
v 0.260585 -0.008090 -0.029199
v 0.262272 -0.010182 -0.016881
v 0.262589 -0.011401 -0.005399
v 0.245479 -0.018395 -0.077530
v 0.252216 -0.018904 -0.065643
v 0.257821 -0.019612 -0.053622
v 0.262092 -0.020546 -0.041644
v 0.265128 -0.021988 -0.029564
v 0.266154 -0.023338 -0.017875
v 0.266322 -0.024795 -0.006906
v 0.251925 -0.035506 -0.074833
v 0.257919 -0.035578 -0.063695
v 0.262957 -0.035704 -0.052485
v 0.265975 -0.036245 -0.040954
v 0.268175 -0.037025 -0.029622
v 0.269224 -0.037997 -0.018895
v 0.269415 -0.039155 -0.008680
v 0.256893 -0.052998 -0.071766
v 0.261517 -0.052732 -0.061093
v 0.265534 -0.052380 -0.050676
v 0.268416 -0.052433 -0.040044
v 0.270206 -0.052674 -0.029843
v 0.271335 -0.053378 -0.019974
v 0.271634 -0.054477 -0.010856
v 0.260143 -0.070320 -0.067358
v 0.264091 -0.069654 -0.058130
v 0.267491 -0.068978 -0.048775
v 0.270057 -0.068473 -0.039338
v 0.271662 -0.068597 -0.029964
v 0.272684 -0.068944 -0.021262
v 0.272941 -0.070118 -0.013153
v 0.262814 -0.087103 -0.062341
v 0.266206 -0.086177 -0.054472
v 0.269124 -0.085148 -0.046417
v 0.271245 -0.084453 -0.038285
v 0.272706 -0.084108 -0.030116
v 0.273653 -0.084434 -0.022479
v 0.273875 -0.085354 -0.015320
v 0.265352 -0.103060 -0.056329
v 0.268183 -0.101758 -0.050022
v 0.270408 -0.100389 -0.043749
v 0.272126 -0.099418 -0.036805
v 0.273380 -0.098870 -0.030053
v 0.274406 -0.098868 -0.023337
v 0.274468 -0.099691 -0.017344
v 0.211743 0.031438 -0.079089
v 0.205648 0.038898 -0.077391
v 0.200795 0.045285 -0.075034
v 0.197132 0.052461 -0.073017
v 0.193075 0.059792 -0.071401
v 0.188798 0.067272 -0.069922
v 0.184552 0.075004 -0.068666
v 0.180693 0.083023 -0.067509
v 0.176795 0.091446 -0.066439
v 0.173332 0.100486 -0.065756
v 0.169411 0.110225 -0.065103
v 0.165502 0.120680 -0.064384
v 0.161691 0.131642 -0.063449
v 0.158180 0.142817 -0.061954
v 0.154834 0.154021 -0.059739
v 0.151883 0.165046 -0.057104
v 0.149026 0.176289 -0.054635
v 0.147445 0.187393 -0.052789
v 0.145535 0.198320 -0.050609
v 0.143581 0.209011 -0.048233
v 0.142514 0.219199 -0.046003
v 0.141991 0.229200 -0.044392
v 0.141924 0.238151 -0.042711
v 0.142659 0.246577 -0.041677
v 0.222043 0.030281 -0.066082
v 0.216383 0.038125 -0.064507
v 0.211600 0.045705 -0.062816
v 0.207173 0.053205 -0.061193
v 0.202619 0.060756 -0.059628
v 0.198167 0.068479 -0.058354
v 0.194040 0.076315 -0.057161
v 0.190125 0.084294 -0.055958
v 0.186547 0.092588 -0.054938
v 0.182932 0.101449 -0.054102
v 0.179045 0.110954 -0.053288
v 0.175155 0.121239 -0.052633
v 0.171302 0.131984 -0.051585
v 0.167757 0.143010 -0.050065
v 0.164832 0.153885 -0.047865
v 0.162108 0.164759 -0.045379
v 0.160244 0.175449 -0.043106
v 0.158406 0.186360 -0.041149
v 0.156690 0.196902 -0.039005
v 0.156268 0.207405 -0.037659
v 0.156240 0.217672 -0.036716
v 0.156440 0.227081 -0.035556
v 0.156885 0.235979 -0.034744
v 0.157602 0.244081 -0.034180
v 0.231656 0.028745 -0.053004
v 0.225859 0.037170 -0.051713
v 0.220761 0.045238 -0.050341
v 0.215785 0.053241 -0.049033
v 0.210891 0.061111 -0.047773
v 0.206169 0.068919 -0.046540
v 0.201924 0.076795 -0.045332
v 0.197871 0.084686 -0.044093
v 0.194048 0.092922 -0.042985
v 0.190218 0.101664 -0.042060
v 0.186443 0.111216 -0.041397
v 0.182661 0.121521 -0.040767
v 0.178777 0.132361 -0.039825
v 0.175693 0.143360 -0.038400
v 0.172697 0.154257 -0.036323
v 0.170183 0.164712 -0.033799
v 0.168592 0.175458 -0.031895
v 0.166887 0.185732 -0.029765
v 0.165746 0.196264 -0.028112
v 0.166059 0.206568 -0.027536
v 0.166588 0.216280 -0.026817
v 0.167044 0.225430 -0.026158
v 0.167978 0.233772 -0.026077
v 0.168828 0.241414 -0.026094
v 0.239354 0.026943 -0.039877
v 0.233678 0.035741 -0.038814
v 0.228177 0.044439 -0.037823
v 0.222897 0.052832 -0.036803
v 0.217578 0.060989 -0.035760
v 0.212724 0.068907 -0.034608
v 0.208298 0.076833 -0.033469
v 0.204073 0.084725 -0.032254
v 0.200184 0.093009 -0.031262
v 0.196059 0.101744 -0.030341
v 0.192430 0.111443 -0.029838
v 0.188633 0.121899 -0.029283
v 0.185148 0.132761 -0.028339
v 0.182089 0.143956 -0.027078
v 0.179450 0.154782 -0.025128
v 0.177479 0.165346 -0.023079
v 0.176126 0.175531 -0.021161
v 0.174732 0.185723 -0.019343
v 0.174565 0.195818 -0.018361
v 0.174973 0.205636 -0.017789
v 0.175363 0.214945 -0.017235
v 0.176248 0.223489 -0.017135
v 0.177203 0.231271 -0.017374
v 0.178032 0.238356 -0.017645
v 0.244857 0.024667 -0.026677
v 0.239113 0.034039 -0.025911
v 0.233469 0.043014 -0.025199
v 0.227751 0.051879 -0.024478
v 0.222366 0.060219 -0.023599
v 0.217401 0.068453 -0.022681
v 0.212849 0.076439 -0.021588
v 0.208663 0.084516 -0.020558
v 0.204659 0.092859 -0.019651
v 0.200664 0.101749 -0.018972
v 0.197085 0.111606 -0.018590
v 0.193355 0.121985 -0.018005
v 0.190009 0.133085 -0.017255
v 0.187176 0.144279 -0.015899
v 0.184722 0.155180 -0.014106
v 0.183291 0.165684 -0.012311
v 0.182035 0.175747 -0.010407
v 0.181359 0.185652 -0.008873
v 0.182132 0.195420 -0.008415
v 0.182853 0.204833 -0.008058
v 0.183669 0.213460 -0.007848
v 0.184671 0.221394 -0.007996
v 0.185450 0.228551 -0.008203
v 0.186051 0.234785 -0.008540
v 0.247223 0.022297 -0.014084
v 0.241600 0.031780 -0.013550
v 0.236100 0.041371 -0.013068
v 0.230660 0.050454 -0.012546
v 0.225159 0.059192 -0.011929
v 0.220381 0.067679 -0.011119
v 0.215773 0.075871 -0.010172
v 0.211677 0.084095 -0.009250
v 0.207711 0.092523 -0.008475
v 0.203994 0.101513 -0.007967
v 0.200585 0.111275 -0.007715
v 0.197157 0.121808 -0.007373
v 0.194418 0.132932 -0.006738
v 0.191644 0.144174 -0.005579
v 0.189742 0.155185 -0.004014
v 0.188355 0.165668 -0.002193
v 0.187061 0.175643 -0.000271
v 0.187695 0.185482 0.000607
v 0.188790 0.195046 0.001028
v 0.189806 0.203894 0.001395
v 0.190780 0.212160 0.001660
v 0.191579 0.219363 0.001805
v 0.192073 0.225637 0.001774
v 0.193194 0.231180 0.001145
v 0.248007 0.020828 -0.002474
v 0.242702 0.030571 -0.002032
v 0.237290 0.040049 -0.001704
v 0.231783 0.049332 -0.001385
v 0.226620 0.058208 -0.000880
v 0.221932 0.066885 -0.000203
v 0.217429 0.075261 0.000621
v 0.213483 0.083578 0.001517
v 0.209652 0.091981 0.002190
v 0.206486 0.101025 0.002552
v 0.203548 0.110762 0.002689
v 0.200576 0.121113 0.002857
v 0.197847 0.132099 0.003262
v 0.195160 0.143209 0.004309
v 0.193508 0.154212 0.005626
v 0.192552 0.164696 0.007223
v 0.191813 0.174700 0.008791
v 0.192690 0.184396 0.009700
v 0.193711 0.193748 0.010383
v 0.194760 0.202639 0.010927
v 0.195525 0.210340 0.011455
v 0.196077 0.217152 0.011809
v 0.196855 0.222825 0.011864
v 0.197488 0.227431 0.011621
v 0.185453 0.026986 -0.100556
v 0.171440 0.021815 -0.105842
v 0.158089 0.017023 -0.111075
v 0.144564 0.013917 -0.114303
v 0.129652 0.010587 -0.112303
v 0.113420 0.010173 -0.114773
v 0.093603 0.013770 -0.117728
v 0.179294 0.033621 -0.097547
v 0.165678 0.028804 -0.105011
v 0.152807 0.024678 -0.109930
v 0.139920 0.020828 -0.113314
v 0.126792 0.017819 -0.111391
v 0.111889 0.015475 -0.109687
v 0.097605 0.017027 -0.111052
v 0.175447 0.040370 -0.096207
v 0.162352 0.036394 -0.103579
v 0.149188 0.031721 -0.108782
v 0.136484 0.027654 -0.111946
v 0.124066 0.023832 -0.110820
v 0.111869 0.020885 -0.108097
v 0.099083 0.018325 -0.105839
v 0.172718 0.047095 -0.093201
v 0.159349 0.042681 -0.100588
v 0.146535 0.038439 -0.106341
v 0.133890 0.033912 -0.109548
v 0.121561 0.029455 -0.109490
v 0.109743 0.025960 -0.106903
v 0.099674 0.022755 -0.104333
v 0.169564 0.053786 -0.091120
v 0.156537 0.049327 -0.098235
v 0.143716 0.044526 -0.103574
v 0.131084 0.039947 -0.107437
v 0.117756 0.035617 -0.108494
v 0.106227 0.031558 -0.106311
v 0.095566 0.026827 -0.105873
v 0.165937 0.061248 -0.089951
v 0.153404 0.056760 -0.097627
v 0.140294 0.051912 -0.103220
v 0.127059 0.047207 -0.107747
v 0.113156 0.042551 -0.110113
v 0.099282 0.038143 -0.108622
v 0.088743 0.032380 -0.107305
v 0.161866 0.069096 -0.088939
v 0.149315 0.064935 -0.097261
v 0.136064 0.060076 -0.102987
v 0.122218 0.055575 -0.108152
v 0.106849 0.050945 -0.111686
v 0.091171 0.046377 -0.110869
v 0.080588 0.039630 -0.109022
v 0.157827 0.077678 -0.088351
v 0.145325 0.073926 -0.097440
v 0.131491 0.069446 -0.103708
v 0.116912 0.065020 -0.109067
v 0.100468 0.060615 -0.112688
v 0.083786 0.055787 -0.112447
v 0.068925 0.049911 -0.109663
v 0.153590 0.086918 -0.087922
v 0.140824 0.083602 -0.097273
v 0.126670 0.079662 -0.104420
v 0.111535 0.075417 -0.109868
v 0.094342 0.071176 -0.113671
v 0.076199 0.066239 -0.113814
v 0.060710 0.060251 -0.111363
v 0.149853 0.096895 -0.088174
v 0.136462 0.094187 -0.098066
v 0.121771 0.090619 -0.105305
v 0.105917 0.086699 -0.110906
v 0.088656 0.082362 -0.114758
v 0.069775 0.077686 -0.114919
v 0.052392 0.071658 -0.112252
v 0.145699 0.107666 -0.088322
v 0.132139 0.105485 -0.098729
v 0.116749 0.102331 -0.106172
v 0.100433 0.098718 -0.111942
v 0.082738 0.094447 -0.116017
v 0.063767 0.089711 -0.115705
v 0.045464 0.084055 -0.112848
v 0.141489 0.118983 -0.087873
v 0.127650 0.117356 -0.098582
v 0.111734 0.114775 -0.106325
v 0.094919 0.111518 -0.112424
v 0.076768 0.107588 -0.116948
v 0.057594 0.102763 -0.116626
v 0.038738 0.097237 -0.113584
v 0.137364 0.130682 -0.086840
v 0.122943 0.129689 -0.097500
v 0.106675 0.127615 -0.105344
v 0.089256 0.124900 -0.111414
v 0.070706 0.121329 -0.115566
v 0.051395 0.116695 -0.115278
v 0.032471 0.111318 -0.112475
v 0.133237 0.142954 -0.085587
v 0.118431 0.142506 -0.096098
v 0.101629 0.141192 -0.104203
v 0.083681 0.138997 -0.110165
v 0.064732 0.135764 -0.114095
v 0.045296 0.131319 -0.113868
v 0.026125 0.126041 -0.111183
v 0.128906 0.155403 -0.083516
v 0.113535 0.155866 -0.094267
v 0.096192 0.155161 -0.102095
v 0.077813 0.153525 -0.107549
v 0.058753 0.150701 -0.110971
v 0.039363 0.146593 -0.111062
v 0.020393 0.141646 -0.108499
v 0.124600 0.167971 -0.081232
v 0.108488 0.169375 -0.092138
v 0.090657 0.169339 -0.099569
v 0.072010 0.168166 -0.104539
v 0.052894 0.165719 -0.107236
v 0.033878 0.162031 -0.107165
v 0.015105 0.157645 -0.105102
v 0.120345 0.180556 -0.078900
v 0.103767 0.182596 -0.089690
v 0.085339 0.183267 -0.096872
v 0.066441 0.182607 -0.101339
v 0.047431 0.180594 -0.103449
v 0.028528 0.177463 -0.103453
v 0.010105 0.173730 -0.101659
v 0.116798 0.192524 -0.076359
v 0.099352 0.195348 -0.087059
v 0.080331 0.196557 -0.093675
v 0.061412 0.196482 -0.097653
v 0.042173 0.194961 -0.099401
v 0.023628 0.192626 -0.099170
v 0.005427 0.189546 -0.097439
v 0.113686 0.204276 -0.073899
v 0.095255 0.207774 -0.084356
v 0.076045 0.209409 -0.090502
v 0.056347 0.209942 -0.093925
v 0.037606 0.209271 -0.095260
v 0.019004 0.207422 -0.094955
v 0.001489 0.205385 -0.092848
v 0.110510 0.215920 -0.071422
v 0.091711 0.219508 -0.081375
v 0.071367 0.221996 -0.087209
v 0.052174 0.222938 -0.089992
v 0.032915 0.222938 -0.091316
v 0.015353 0.222200 -0.090586
v -0.002281 0.221137 -0.089521
v 0.107929 0.226499 -0.068765
v 0.087957 0.230868 -0.078522
v 0.067827 0.233173 -0.083967
v 0.047675 0.234715 -0.086472
v 0.029442 0.235405 -0.087318
v 0.011613 0.235550 -0.087341
v -0.004953 0.235432 -0.085942
v 0.105694 0.236578 -0.066440
v 0.085547 0.240117 -0.075749
v 0.064405 0.242985 -0.081349
v 0.044805 0.244593 -0.083906
v 0.025925 0.245915 -0.085282
v 0.008877 0.246645 -0.085401
v -0.008299 0.247324 -0.082657
v 0.104880 0.244778 -0.064137
v 0.083764 0.248537 -0.073824
v 0.063105 0.250758 -0.079285
v 0.042532 0.252925 -0.082606
v 0.023651 0.254627 -0.084518
v 0.005218 0.256384 -0.084746
v -0.010895 0.257152 -0.083013
v 0.104991 0.252678 -0.062423
v 0.084488 0.255495 -0.071822
v 0.062673 0.258140 -0.078086
v 0.042323 0.260592 -0.082751
v 0.021981 0.263124 -0.085590
v 0.003577 0.264339 -0.088511
v -0.016845 0.265432 -0.088942
v 0.263157 -0.132117 -0.051847
v 0.264410 -0.142337 -0.044632
v 0.268173 -0.152757 -0.040024
v 0.275132 -0.161368 -0.042147
v 0.281671 -0.170344 -0.043482
v 0.288066 -0.179613 -0.045296
v 0.293760 -0.189061 -0.047397
v 0.299162 -0.199495 -0.049488
v 0.303101 -0.209417 -0.051268
v 0.307026 -0.219493 -0.052766
v 0.311493 -0.229781 -0.054657
v 0.316207 -0.241317 -0.055774
v 0.321352 -0.255230 -0.057095
v 0.326338 -0.270877 -0.057945
v 0.330364 -0.289128 -0.058404
v 0.333241 -0.309234 -0.058215
v 0.335299 -0.331500 -0.057791
v 0.336178 -0.355604 -0.056358
v 0.337241 -0.380060 -0.055166
v 0.337894 -0.404718 -0.054393
v 0.338663 -0.426696 -0.053038
v 0.339342 -0.445411 -0.051778
v 0.339031 -0.461830 -0.049750
v 0.339169 -0.478155 -0.047551
v 0.339556 -0.492355 -0.045267
v 0.340698 -0.509176 -0.042415
v 0.341560 -0.519783 -0.039972
v 0.342386 -0.530087 -0.037674
v 0.343308 -0.537323 -0.035599
v 0.260238 -0.133968 -0.055466
v 0.262108 -0.144312 -0.046341
v 0.266999 -0.155121 -0.040979
v 0.274380 -0.164627 -0.043050
v 0.280946 -0.174136 -0.044690
v 0.287221 -0.183782 -0.046959
v 0.293072 -0.194094 -0.049527
v 0.297860 -0.204244 -0.052355
v 0.302292 -0.215008 -0.054564
v 0.306132 -0.225005 -0.056757
v 0.310461 -0.235650 -0.058184
v 0.315042 -0.248032 -0.059261
v 0.320063 -0.261968 -0.060420
v 0.324426 -0.278460 -0.061069
v 0.327730 -0.296931 -0.061134
v 0.329769 -0.317492 -0.060545
v 0.330928 -0.339877 -0.059325
v 0.332224 -0.363261 -0.058118
v 0.333143 -0.388138 -0.057017
v 0.334441 -0.411614 -0.056370
v 0.335321 -0.432914 -0.055678
v 0.336198 -0.451354 -0.054188
v 0.337081 -0.468087 -0.052263
v 0.338181 -0.484307 -0.049990
v 0.339472 -0.501950 -0.046880
v 0.340699 -0.515421 -0.044098
v 0.341426 -0.529147 -0.040683
v 0.341856 -0.537480 -0.038158
v 0.342458 -0.542923 -0.036298
v 0.256959 -0.136268 -0.059230
v 0.259449 -0.146334 -0.047940
v 0.265658 -0.157499 -0.041829
v 0.273249 -0.167400 -0.043942
v 0.280028 -0.177325 -0.045746
v 0.286190 -0.187428 -0.047910
v 0.291444 -0.197792 -0.050571
v 0.296169 -0.208653 -0.053810
v 0.299984 -0.219323 -0.056495
v 0.303942 -0.230165 -0.058831
v 0.308228 -0.241430 -0.060495
v 0.313036 -0.254001 -0.062108
v 0.317717 -0.268713 -0.063361
v 0.321666 -0.285479 -0.063890
v 0.324534 -0.304353 -0.063895
v 0.326203 -0.325040 -0.063199
v 0.326793 -0.347045 -0.061211
v 0.327807 -0.370577 -0.059727
v 0.329100 -0.394114 -0.058400
v 0.330225 -0.417120 -0.057584
v 0.331345 -0.437406 -0.056671
v 0.332588 -0.455207 -0.055656
v 0.333795 -0.471908 -0.053854
v 0.335351 -0.489134 -0.051442
v 0.336844 -0.505660 -0.048672
v 0.338559 -0.522316 -0.045018
v 0.340091 -0.534014 -0.042116
v 0.341390 -0.543196 -0.039438
v 0.341851 -0.548932 -0.037091
v 0.252119 -0.140089 -0.063053
v 0.256720 -0.148424 -0.049361
v 0.264425 -0.159436 -0.042551
v 0.272217 -0.170179 -0.044331
v 0.278856 -0.180378 -0.045937
v 0.284846 -0.190621 -0.048160
v 0.289752 -0.200980 -0.051023
v 0.293705 -0.211760 -0.054604
v 0.297321 -0.223114 -0.057935
v 0.301205 -0.234458 -0.060349
v 0.305578 -0.246535 -0.062112
v 0.310233 -0.259750 -0.063687
v 0.314576 -0.274780 -0.065039
v 0.318120 -0.291823 -0.065490
v 0.320703 -0.310799 -0.065679
v 0.322111 -0.331503 -0.064943
v 0.322784 -0.353453 -0.063126
v 0.323795 -0.376195 -0.061422
v 0.324947 -0.399442 -0.059944
v 0.326094 -0.421100 -0.058786
v 0.327223 -0.440534 -0.057684
v 0.328572 -0.457641 -0.056649
v 0.330055 -0.474068 -0.054586
v 0.331596 -0.490654 -0.052100
v 0.333560 -0.507750 -0.049172
v 0.335369 -0.522879 -0.046305
v 0.337403 -0.536384 -0.043450
v 0.338936 -0.545730 -0.041139
v 0.340131 -0.551927 -0.039132
v 0.245502 -0.144308 -0.067308
v 0.252300 -0.151941 -0.051052
v 0.261689 -0.162445 -0.042440
v 0.270832 -0.172897 -0.043845
v 0.277757 -0.183313 -0.045456
v 0.283578 -0.193432 -0.047494
v 0.288081 -0.203732 -0.050393
v 0.291351 -0.214751 -0.054078
v 0.294582 -0.226279 -0.057289
v 0.298359 -0.238784 -0.059873
v 0.302601 -0.251276 -0.062664
v 0.306991 -0.264955 -0.064792
v 0.311114 -0.280111 -0.066040
v 0.314476 -0.297245 -0.066998
v 0.316786 -0.316360 -0.067138
v 0.318139 -0.337082 -0.066575
v 0.319262 -0.358892 -0.065311
v 0.320243 -0.381581 -0.063522
v 0.321353 -0.403832 -0.062029
v 0.322252 -0.424934 -0.060727
v 0.323258 -0.443312 -0.059363
v 0.324486 -0.459947 -0.057669
v 0.325996 -0.475817 -0.055473
v 0.327926 -0.492022 -0.052882
v 0.329830 -0.507699 -0.050087
v 0.332026 -0.522829 -0.046856
v 0.333939 -0.535433 -0.043876
v 0.335780 -0.545409 -0.041610
v 0.336905 -0.552157 -0.039468
v 0.235763 -0.151174 -0.072477
v 0.246918 -0.156473 -0.054206
v 0.259146 -0.165627 -0.045869
v 0.268768 -0.175308 -0.043607
v 0.276315 -0.185948 -0.044911
v 0.282100 -0.195920 -0.046916
v 0.286145 -0.206091 -0.049762
v 0.289011 -0.216509 -0.053225
v 0.292060 -0.229389 -0.056584
v 0.295517 -0.241817 -0.059449
v 0.299589 -0.255653 -0.062217
v 0.303762 -0.269508 -0.064338
v 0.307592 -0.284877 -0.065927
v 0.310739 -0.302043 -0.066836
v 0.312854 -0.321258 -0.067131
v 0.314180 -0.342091 -0.066697
v 0.315272 -0.364000 -0.065914
v 0.316753 -0.386230 -0.065501
v 0.317859 -0.408305 -0.064294
v 0.318850 -0.428306 -0.063190
v 0.319797 -0.446322 -0.061770
v 0.321073 -0.462523 -0.059891
v 0.322728 -0.478530 -0.057463
v 0.324363 -0.493873 -0.054574
v 0.326416 -0.509073 -0.051180
v 0.328451 -0.522826 -0.047996
v 0.330687 -0.534890 -0.044638
v 0.332789 -0.544714 -0.042333
v 0.334167 -0.551395 -0.040092
v 0.224227 -0.158158 -0.077374
v 0.240931 -0.160765 -0.058409
v 0.256828 -0.166309 -0.046088
v 0.267739 -0.177090 -0.043029
v 0.274754 -0.188011 -0.044458
v 0.280583 -0.197996 -0.046056
v 0.284392 -0.207446 -0.048798
v 0.286787 -0.218735 -0.052494
v 0.289101 -0.229910 -0.055802
v 0.292653 -0.244933 -0.058943
v 0.296561 -0.258243 -0.061394
v 0.300598 -0.273247 -0.063868
v 0.304250 -0.288776 -0.065484
v 0.307267 -0.306287 -0.066649
v 0.309321 -0.326129 -0.066989
v 0.310515 -0.347195 -0.066559
v 0.311573 -0.369167 -0.066109
v 0.312607 -0.391372 -0.065467
v 0.313662 -0.412437 -0.065158
v 0.314569 -0.431893 -0.064160
v 0.315653 -0.449189 -0.063211
v 0.317286 -0.465638 -0.061797
v 0.319035 -0.481368 -0.059487
v 0.321523 -0.497215 -0.056406
v 0.323311 -0.511303 -0.053119
v 0.325669 -0.524067 -0.049680
v 0.328008 -0.535859 -0.046257
v 0.329990 -0.544540 -0.043327
v 0.331376 -0.550734 -0.040593
v 0.268480 -0.128596 -0.045080
v 0.270648 -0.126614 -0.041744
v 0.272138 -0.124603 -0.038231
v 0.273091 -0.123155 -0.033893
v 0.273890 -0.122214 -0.029625
v 0.274544 -0.122042 -0.024914
v 0.274677 -0.122617 -0.020840
v 0.268979 -0.137877 -0.040651
v 0.270988 -0.135559 -0.038556
v 0.272585 -0.133439 -0.036001
v 0.273326 -0.131656 -0.032967
v 0.273867 -0.130615 -0.029234
v 0.274365 -0.130306 -0.025752
v 0.274457 -0.130914 -0.022197
v 0.269940 -0.146639 -0.037336
v 0.271214 -0.143455 -0.035631
v 0.272853 -0.140903 -0.034198
v 0.273600 -0.138943 -0.031873
v 0.273888 -0.137596 -0.029197
v 0.274244 -0.137174 -0.026168
v 0.274285 -0.137612 -0.023393
v 0.274304 -0.155139 -0.036746
v 0.273739 -0.151744 -0.033996
v 0.274141 -0.148363 -0.032566
v 0.274543 -0.145795 -0.031275
v 0.274214 -0.144217 -0.029069
v 0.274297 -0.143450 -0.026670
v 0.274347 -0.143844 -0.024393
v 0.280638 -0.162282 -0.038156
v 0.279693 -0.158375 -0.035497
v 0.278607 -0.155153 -0.033054
v 0.277522 -0.153085 -0.031046
v 0.276555 -0.151405 -0.029194
v 0.276445 -0.150397 -0.027256
v 0.276526 -0.150666 -0.025555
v 0.286601 -0.170187 -0.039203
v 0.285173 -0.165345 -0.036344
v 0.284499 -0.161882 -0.034163
v 0.283490 -0.159073 -0.032059
v 0.282839 -0.157839 -0.030104
v 0.282067 -0.157270 -0.028178
v 0.282227 -0.157545 -0.026424
v 0.292478 -0.178100 -0.040679
v 0.291220 -0.173398 -0.037427
v 0.289570 -0.169366 -0.034867
v 0.289342 -0.167628 -0.033017
v 0.288977 -0.165641 -0.031222
v 0.289114 -0.165069 -0.029369
v 0.289292 -0.165280 -0.027386
v 0.298621 -0.186837 -0.042409
v 0.296978 -0.181542 -0.038501
v 0.294664 -0.179303 -0.035653
v 0.294682 -0.176380 -0.034399
v 0.295676 -0.175320 -0.032742
v 0.295717 -0.174593 -0.030609
v 0.296055 -0.175051 -0.028639
v 0.303820 -0.196474 -0.043824
v 0.301307 -0.191853 -0.039719
v 0.299109 -0.189174 -0.037084
v 0.300397 -0.186991 -0.036092
v 0.301664 -0.185340 -0.034526
v 0.302515 -0.184872 -0.032044
v 0.302618 -0.185173 -0.029595
v 0.307132 -0.206846 -0.045031
v 0.304816 -0.203046 -0.041641
v 0.302916 -0.200328 -0.037968
v 0.305003 -0.198018 -0.037519
v 0.306908 -0.196319 -0.036021
v 0.307942 -0.195775 -0.033375
v 0.308012 -0.195931 -0.030667
v 0.310768 -0.218282 -0.046445
v 0.307290 -0.214552 -0.043841
v 0.307314 -0.212301 -0.039418
v 0.309544 -0.209160 -0.039175
v 0.311263 -0.207671 -0.037162
v 0.311978 -0.206760 -0.034397
v 0.311998 -0.206940 -0.031781
v 0.315389 -0.230013 -0.047836
v 0.312101 -0.227349 -0.045053
v 0.312306 -0.224205 -0.041114
v 0.314279 -0.221162 -0.040509
v 0.315689 -0.218691 -0.038466
v 0.316259 -0.217770 -0.035559
v 0.316213 -0.217688 -0.032820
v 0.321080 -0.243612 -0.048718
v 0.317610 -0.240728 -0.046184
v 0.317950 -0.237406 -0.042688
v 0.319252 -0.233612 -0.042069
v 0.321255 -0.230375 -0.040282
v 0.321952 -0.228710 -0.036860
v 0.322021 -0.228503 -0.033593
v 0.326112 -0.259012 -0.049622
v 0.323477 -0.255788 -0.046842
v 0.323535 -0.252053 -0.043705
v 0.324940 -0.247710 -0.042637
v 0.326489 -0.243870 -0.041129
v 0.327403 -0.241697 -0.037700
v 0.327586 -0.241181 -0.034273
v 0.331465 -0.276418 -0.049967
v 0.329317 -0.272602 -0.047242
v 0.329508 -0.268355 -0.044384
v 0.330792 -0.263632 -0.043877
v 0.332554 -0.259240 -0.041573
v 0.333138 -0.256637 -0.038233
v 0.333273 -0.256026 -0.034663
v 0.335252 -0.295851 -0.050165
v 0.334292 -0.291705 -0.047352
v 0.334787 -0.287052 -0.044725
v 0.336562 -0.281702 -0.043722
v 0.338489 -0.276964 -0.042041
v 0.339400 -0.273948 -0.038454
v 0.339427 -0.272933 -0.034871
v 0.338382 -0.317906 -0.050025
v 0.337970 -0.312977 -0.047003
v 0.339264 -0.307940 -0.044454
v 0.341413 -0.302439 -0.044039
v 0.343956 -0.297211 -0.041962
v 0.345081 -0.293757 -0.038612
v 0.345293 -0.292528 -0.034794
v 0.340118 -0.341362 -0.049456
v 0.340337 -0.336354 -0.046388
v 0.342324 -0.330911 -0.044233
v 0.345019 -0.325085 -0.043516
v 0.347741 -0.319855 -0.041973
v 0.349670 -0.316092 -0.038633
v 0.349898 -0.314435 -0.034646
v 0.340620 -0.366007 -0.048663
v 0.341345 -0.360579 -0.045500
v 0.344072 -0.354966 -0.043628
v 0.346885 -0.349052 -0.042807
v 0.350058 -0.343794 -0.041563
v 0.352680 -0.339896 -0.038604
v 0.353003 -0.338229 -0.034357
v 0.340409 -0.390582 -0.047959
v 0.342053 -0.384831 -0.044855
v 0.344924 -0.378956 -0.043209
v 0.348099 -0.373192 -0.042114
v 0.351215 -0.368103 -0.040825
v 0.353981 -0.364347 -0.037664
v 0.354183 -0.362620 -0.033534
v 0.340006 -0.413227 -0.046776
v 0.342266 -0.407477 -0.044301
v 0.345325 -0.401862 -0.042481
v 0.348566 -0.396294 -0.041195
v 0.352043 -0.391621 -0.039426
v 0.354465 -0.388407 -0.036367
v 0.354673 -0.386621 -0.032420
v 0.339572 -0.432645 -0.045833
v 0.342353 -0.427217 -0.043369
v 0.345509 -0.421888 -0.041799
v 0.349140 -0.417022 -0.040364
v 0.352041 -0.413026 -0.038023
v 0.354259 -0.410179 -0.034721
v 0.354344 -0.408881 -0.031070
v 0.339321 -0.448864 -0.044300
v 0.342364 -0.443414 -0.042431
v 0.345646 -0.438496 -0.040705
v 0.349030 -0.434170 -0.039010
v 0.351960 -0.430862 -0.036612
v 0.353998 -0.428703 -0.033500
v 0.353919 -0.427657 -0.029811
v 0.339905 -0.463494 -0.042964
v 0.342686 -0.457463 -0.041128
v 0.345860 -0.452454 -0.039482
v 0.349164 -0.448477 -0.037851
v 0.351691 -0.445497 -0.035205
v 0.353558 -0.443955 -0.032122
v 0.353407 -0.443295 -0.028706
v 0.341045 -0.477010 -0.041574
v 0.343555 -0.471481 -0.039754
v 0.346433 -0.466001 -0.038264
v 0.349594 -0.461989 -0.036440
v 0.351689 -0.459321 -0.033747
v 0.352887 -0.458017 -0.030612
v 0.352782 -0.457921 -0.027358
v 0.342687 -0.492842 -0.039812
v 0.344733 -0.485865 -0.038177
v 0.347535 -0.481296 -0.036397
v 0.350171 -0.476986 -0.034734
v 0.352118 -0.474572 -0.031971
v 0.353173 -0.473740 -0.028846
v 0.352765 -0.474188 -0.025619
v 0.344203 -0.506530 -0.037800
v 0.346479 -0.502242 -0.036214
v 0.348960 -0.497781 -0.034665
v 0.351446 -0.494609 -0.032549
v 0.352810 -0.492154 -0.029812
v 0.353471 -0.492264 -0.026552
v 0.352990 -0.493054 -0.023378
v 0.345100 -0.519968 -0.035514
v 0.347585 -0.517627 -0.033873
v 0.350329 -0.514894 -0.032551
v 0.352423 -0.512275 -0.030342
v 0.354048 -0.511474 -0.027437
v 0.353894 -0.511671 -0.024225
v 0.353322 -0.513817 -0.020835
v 0.346043 -0.531205 -0.033696
v 0.348130 -0.529928 -0.032533
v 0.351012 -0.529569 -0.031038
v 0.353050 -0.528833 -0.028674
v 0.354402 -0.528490 -0.025799
v 0.354453 -0.530750 -0.022090
v 0.353909 -0.533162 -0.018594
v 0.057922 0.020538 -0.108121
v 0.049797 0.018605 -0.097351
v 0.044910 0.014040 -0.084888
v 0.042243 0.004191 -0.072179
v 0.037844 -0.012369 -0.063712
v 0.038138 -0.029340 -0.048754
v 0.034025 -0.044021 -0.028966
v 0.070059 0.019179 -0.101216
v 0.060191 0.015310 -0.092905
v 0.053515 0.007480 -0.084507
v 0.047851 -0.001979 -0.073667
v 0.043369 -0.013414 -0.059041
v 0.037357 -0.024328 -0.042167
v 0.029104 -0.037441 -0.026110
v 0.076769 0.017187 -0.097008
v 0.067300 0.012887 -0.089844
v 0.059159 0.006888 -0.080456
v 0.053298 -0.003026 -0.068088
v 0.044340 -0.009973 -0.052803
v 0.033523 -0.019922 -0.038277
v 0.022834 -0.032008 -0.025322
v 0.082029 0.014172 -0.093765
v 0.071183 0.012963 -0.086722
v 0.061911 0.006824 -0.076147
v 0.051080 0.002171 -0.063369
v 0.037626 -0.006296 -0.051060
v 0.025831 -0.016510 -0.039107
v 0.016593 -0.025091 -0.023675
v 0.083551 0.019155 -0.090327
v 0.072286 0.015192 -0.083400
v 0.058839 0.011063 -0.074753
v 0.044750 0.004985 -0.063673
v 0.030241 -0.002184 -0.051298
v 0.016878 -0.011317 -0.039270
v 0.009421 -0.016435 -0.022176
v 0.077655 0.024750 -0.091849
v 0.067816 0.019394 -0.084387
v 0.053496 0.014831 -0.075255
v 0.036958 0.009912 -0.063619
v 0.022224 0.003506 -0.051038
v 0.007950 -0.003178 -0.037772
v 0.001516 -0.006347 -0.021151
v 0.070088 0.029557 -0.093539
v 0.058662 0.025041 -0.085199
v 0.044056 0.019195 -0.076697
v 0.027234 0.012911 -0.066378
v 0.010276 0.008302 -0.052784
v -0.001412 0.005816 -0.037049
v -0.006814 0.004484 -0.020325
v 0.054409 0.035899 -0.096167
v 0.046883 0.030368 -0.087380
v 0.031783 0.024794 -0.079309
v 0.013401 0.018704 -0.069761
v -0.001004 0.017139 -0.053477
v -0.010105 0.017206 -0.036147
v -0.014804 0.016314 -0.019962
v 0.041244 0.043917 -0.098665
v 0.031800 0.039042 -0.088939
v 0.018639 0.034475 -0.079497
v 0.002654 0.030755 -0.068552
v -0.009844 0.029666 -0.052382
v -0.017984 0.029241 -0.035877
v -0.022797 0.028563 -0.019596
v 0.027494 0.055698 -0.099867
v 0.018952 0.050689 -0.088595
v 0.006452 0.046305 -0.078852
v -0.007415 0.043168 -0.067132
v -0.018140 0.042345 -0.051676
v -0.026188 0.041794 -0.035509
v -0.030970 0.041325 -0.019094
v 0.016819 0.068915 -0.100112
v 0.006115 0.063203 -0.089660
v -0.005031 0.059004 -0.078711
v -0.016928 0.056878 -0.065890
v -0.026773 0.055675 -0.051030
v -0.034935 0.054891 -0.035026
v -0.039601 0.054715 -0.018526
v 0.007469 0.083348 -0.099722
v -0.003700 0.077494 -0.088886
v -0.015251 0.073655 -0.077675
v -0.026048 0.071307 -0.064822
v -0.035872 0.069911 -0.050400
v -0.043714 0.069198 -0.034433
v -0.047751 0.069542 -0.017852
v -0.000289 0.098199 -0.098441
v -0.012782 0.092650 -0.087793
v -0.023821 0.089121 -0.075841
v -0.034219 0.087060 -0.062980
v -0.043433 0.085926 -0.048668
v -0.051129 0.085352 -0.033282
v -0.055710 0.085794 -0.016998
v -0.007022 0.113725 -0.096149
v -0.019816 0.108709 -0.085051
v -0.031135 0.105603 -0.073225
v -0.041688 0.103958 -0.060622
v -0.050874 0.103106 -0.046924
v -0.058921 0.102914 -0.031970
v -0.062665 0.103659 -0.015859
v -0.013171 0.130086 -0.093713
v -0.026290 0.125692 -0.082573
v -0.037665 0.123253 -0.070481
v -0.047363 0.122444 -0.057406
v -0.056662 0.122205 -0.044316
v -0.063827 0.122473 -0.029655
v -0.068655 0.123155 -0.014175
v -0.017701 0.147421 -0.089926
v -0.030570 0.143821 -0.078766
v -0.042042 0.142233 -0.066561
v -0.052343 0.142360 -0.054609
v -0.061594 0.142324 -0.041606
v -0.068792 0.142907 -0.027549
v -0.072788 0.143568 -0.012250
v -0.021788 0.165126 -0.086401
v -0.034678 0.162536 -0.075049
v -0.045926 0.162654 -0.063636
v -0.056557 0.162624 -0.051300
v -0.065274 0.163865 -0.038873
v -0.072063 0.163744 -0.025123
v -0.075871 0.164140 -0.010264
v -0.025544 0.183125 -0.082219
v -0.037542 0.182473 -0.071326
v -0.049607 0.182791 -0.060051
v -0.060266 0.184868 -0.049043
v -0.068467 0.184407 -0.036095
v -0.074425 0.184643 -0.022600
v -0.077322 0.184148 -0.008431
v -0.028556 0.201646 -0.078224
v -0.041076 0.202247 -0.067909
v -0.053110 0.204357 -0.058011
v -0.064130 0.205288 -0.047050
v -0.072390 0.205010 -0.034720
v -0.075404 0.203818 -0.020640
v -0.078404 0.202170 -0.006944
v -0.031833 0.219957 -0.074920
v -0.045693 0.221340 -0.066949
v -0.057247 0.223764 -0.056739
v -0.066820 0.224117 -0.045814
v -0.075714 0.222924 -0.034204
v -0.077494 0.220035 -0.020168
v -0.079729 0.218337 -0.006168
v -0.036061 0.235850 -0.073796
v -0.049544 0.237691 -0.065807
v -0.061198 0.238913 -0.056199
v -0.070476 0.239358 -0.046022
v -0.077102 0.236215 -0.034462
v -0.079700 0.233977 -0.020741
v -0.080573 0.230783 -0.006621
v -0.039732 0.248643 -0.072179
v -0.053577 0.249586 -0.064585
v -0.065007 0.250411 -0.056652
v -0.073417 0.249600 -0.046637
v -0.079461 0.247118 -0.035887
v -0.082250 0.243887 -0.022725
v -0.081853 0.241934 -0.007793
v -0.044108 0.257993 -0.073590
v -0.058901 0.257797 -0.067265
v -0.070388 0.257049 -0.059243
v -0.078645 0.256292 -0.050165
v -0.084758 0.252958 -0.039779
v -0.086124 0.252445 -0.025925
v -0.084271 0.251795 -0.010195
v -0.051619 0.264591 -0.079372
v -0.064826 0.262594 -0.072337
v -0.076692 0.260898 -0.064784
v -0.085361 0.258884 -0.055973
v -0.090964 0.258267 -0.044696
v -0.091415 0.260626 -0.031000
v -0.088663 0.261834 -0.014424
v 0.020503 0.002377 -0.129137
v 0.007489 -0.016109 -0.131806
v -0.004331 -0.034299 -0.132631
v -0.013192 -0.047844 -0.133504
v -0.020562 -0.059234 -0.133272
v -0.027223 -0.068650 -0.133170
v -0.033114 -0.076474 -0.132914
v -0.038428 -0.083068 -0.132926
v -0.042800 -0.088803 -0.132597
v -0.046592 -0.093384 -0.132377
v -0.050426 -0.096559 -0.132401
v -0.053963 -0.099050 -0.132414
v -0.057991 -0.100354 -0.132720
v -0.062404 -0.098993 -0.133579
v -0.066327 -0.094898 -0.134638
v -0.072857 -0.089501 -0.135806
v -0.082453 -0.082712 -0.137059
v -0.094025 -0.073920 -0.138841
v -0.106676 -0.064206 -0.140919
v -0.118904 -0.054107 -0.143047
v -0.129546 -0.043609 -0.145674
v -0.138625 -0.033187 -0.148427
v -0.147465 -0.023170 -0.150808
v -0.155544 -0.013120 -0.153083
v -0.165471 -0.004127 -0.155213
v -0.176337 0.000121 -0.156987
v -0.186026 -0.000662 -0.157124
v -0.195221 -0.002022 -0.157295
v -0.205684 -0.002194 -0.158111
v -0.216607 -0.000092 -0.160304
v -0.226661 0.001612 -0.162874
v -0.235544 0.004055 -0.165433
v -0.242720 0.002680 -0.166576
v -0.250073 0.001076 -0.166810
v 0.013069 0.002774 -0.113015
v 0.000890 -0.015555 -0.118519
v -0.007592 -0.031774 -0.122107
v -0.016041 -0.045232 -0.124668
v -0.022639 -0.056571 -0.126003
v -0.028629 -0.065951 -0.127153
v -0.034317 -0.074112 -0.127991
v -0.039373 -0.081301 -0.128707
v -0.043663 -0.087322 -0.129192
v -0.047313 -0.092266 -0.129422
v -0.051061 -0.095606 -0.129806
v -0.054426 -0.098263 -0.129945
v -0.058298 -0.100075 -0.130396
v -0.062705 -0.098654 -0.131248
v -0.066744 -0.094583 -0.132131
v -0.072980 -0.089010 -0.133185
v -0.082684 -0.082078 -0.134554
v -0.094437 -0.073240 -0.136423
v -0.106831 -0.063264 -0.138519
v -0.118900 -0.053023 -0.140626
v -0.129545 -0.042675 -0.142785
v -0.138308 -0.032207 -0.144965
v -0.146976 -0.022462 -0.146719
v -0.155247 -0.012030 -0.148161
v -0.165032 -0.003386 -0.149732
v -0.176265 0.001649 -0.151531
v -0.186037 0.000695 -0.152662
v -0.195114 -0.000928 -0.153371
v -0.205828 -0.001017 -0.154434
v -0.216926 0.001005 -0.156199
v -0.227270 0.003328 -0.157994
v -0.236298 0.005637 -0.160177
v -0.244877 0.004577 -0.161245
v -0.252052 0.001545 -0.162703
v 0.012385 -0.001487 -0.099149
v -0.000183 -0.016512 -0.105764
v -0.008926 -0.031313 -0.111214
v -0.017101 -0.044127 -0.115051
v -0.023572 -0.054867 -0.118364
v -0.029528 -0.064248 -0.120626
v -0.035110 -0.072476 -0.122748
v -0.040182 -0.079799 -0.124403
v -0.044527 -0.086067 -0.125710
v -0.047955 -0.091314 -0.126422
v -0.051640 -0.094775 -0.127110
v -0.054842 -0.097614 -0.127564
v -0.058388 -0.099804 -0.127997
v -0.063110 -0.098688 -0.128947
v -0.067075 -0.094517 -0.129718
v -0.073383 -0.088867 -0.130671
v -0.083101 -0.081850 -0.132103
v -0.094822 -0.072929 -0.133938
v -0.107246 -0.062827 -0.136009
v -0.119234 -0.052560 -0.137996
v -0.129759 -0.042203 -0.139802
v -0.138500 -0.031774 -0.141380
v -0.147279 -0.022168 -0.142507
v -0.155392 -0.011986 -0.143191
v -0.165341 -0.003073 -0.144253
v -0.176412 0.002186 -0.146092
v -0.186306 0.001410 -0.147895
v -0.195438 -0.000478 -0.149195
v -0.205895 -0.000860 -0.150527
v -0.217239 0.000807 -0.151675
v -0.227824 0.002984 -0.153068
v -0.237190 0.005235 -0.154004
v -0.245853 0.004448 -0.155393
v -0.253697 0.000882 -0.156882
v 0.013181 -0.007091 -0.086185
v 0.001926 -0.019254 -0.093684
v -0.006982 -0.033418 -0.100366
v -0.015617 -0.044474 -0.105522
v -0.022792 -0.054744 -0.109794
v -0.029118 -0.063845 -0.113694
v -0.035122 -0.071890 -0.116831
v -0.040808 -0.078787 -0.119626
v -0.045260 -0.085127 -0.121824
v -0.048577 -0.090563 -0.123258
v -0.052166 -0.094269 -0.124337
v -0.055159 -0.097272 -0.124993
v -0.058528 -0.099783 -0.125820
v -0.063361 -0.098785 -0.126654
v -0.067519 -0.094618 -0.127331
v -0.073968 -0.088986 -0.128230
v -0.083657 -0.081857 -0.129585
v -0.095420 -0.072892 -0.131446
v -0.107850 -0.062917 -0.133437
v -0.119840 -0.052576 -0.135284
v -0.130343 -0.042203 -0.136784
v -0.139515 -0.032113 -0.137824
v -0.148269 -0.022689 -0.138479
v -0.156439 -0.012636 -0.138293
v -0.166229 -0.003998 -0.138829
v -0.177167 0.001400 -0.140511
v -0.186854 0.000926 -0.143031
v -0.195749 -0.000757 -0.145023
v -0.206183 -0.001406 -0.146482
v -0.217434 -0.000056 -0.147497
v -0.228166 0.001838 -0.148082
v -0.237597 0.003724 -0.148547
v -0.246483 0.003146 -0.149443
v -0.254784 -0.000673 -0.151061
v 0.014840 -0.015809 -0.072541
v 0.003757 -0.026177 -0.081901
v -0.004573 -0.036390 -0.089496
v -0.012536 -0.046571 -0.096657
v -0.020517 -0.055995 -0.101870
v -0.027299 -0.064402 -0.106675
v -0.033943 -0.072220 -0.110733
v -0.039781 -0.079222 -0.114460
v -0.044777 -0.085289 -0.117483
v -0.048794 -0.090352 -0.119739
v -0.052441 -0.094283 -0.121336
v -0.055531 -0.097354 -0.122406
v -0.058571 -0.100439 -0.123728
v -0.063602 -0.098808 -0.124443
v -0.068064 -0.094962 -0.125075
v -0.074751 -0.089487 -0.125832
v -0.084514 -0.082375 -0.127269
v -0.096247 -0.073434 -0.129012
v -0.108703 -0.063346 -0.130915
v -0.120636 -0.053104 -0.132602
v -0.131559 -0.042793 -0.133869
v -0.140823 -0.032914 -0.134487
v -0.149883 -0.023711 -0.134749
v -0.158039 -0.014127 -0.133910
v -0.167751 -0.005804 -0.134083
v -0.178203 -0.000682 -0.135594
v -0.187457 -0.000656 -0.138581
v -0.196156 -0.001944 -0.140983
v -0.206274 -0.002737 -0.142826
v -0.217473 -0.001522 -0.143405
v -0.228231 0.000013 -0.143516
v -0.237706 0.001676 -0.143466
v -0.246417 0.001186 -0.143654
v -0.254774 -0.002203 -0.145656
v 0.016706 -0.032180 -0.059845
v 0.009328 -0.038135 -0.072178
v 0.000289 -0.043703 -0.082543
v -0.009733 -0.050862 -0.087946
v -0.017418 -0.057783 -0.094673
v -0.025026 -0.065992 -0.099860
v -0.031761 -0.073254 -0.105161
v -0.038019 -0.080208 -0.109430
v -0.043665 -0.085896 -0.113120
v -0.048805 -0.090613 -0.116064
v -0.052714 -0.094500 -0.118115
v -0.055989 -0.097776 -0.119858
v -0.058789 -0.101210 -0.121737
v -0.063958 -0.099157 -0.122371
v -0.068482 -0.095386 -0.122690
v -0.075527 -0.090178 -0.123540
v -0.085428 -0.083217 -0.124943
v -0.097164 -0.074315 -0.126707
v -0.109571 -0.064354 -0.128497
v -0.121895 -0.054000 -0.130112
v -0.132855 -0.043936 -0.131167
v -0.142597 -0.034000 -0.131319
v -0.151697 -0.025256 -0.131365
v -0.160104 -0.016114 -0.130104
v -0.169409 -0.008364 -0.129894
v -0.179467 -0.003218 -0.131386
v -0.188206 -0.002919 -0.134542
v -0.196500 -0.003852 -0.137390
v -0.206223 -0.004832 -0.139572
v -0.217241 -0.004140 -0.140142
v -0.228087 -0.002719 -0.139977
v -0.237149 -0.001495 -0.138968
v -0.246187 -0.000734 -0.139076
v -0.252493 -0.004220 -0.139937
v 0.022907 -0.053167 -0.051772
v 0.011599 -0.051816 -0.063713
v 0.004494 -0.054255 -0.076047
v -0.004599 -0.056256 -0.084851
v -0.012732 -0.062633 -0.090528
v -0.020777 -0.068372 -0.095587
v -0.029108 -0.075272 -0.099735
v -0.036055 -0.081471 -0.104751
v -0.042219 -0.087307 -0.109081
v -0.047950 -0.091523 -0.112154
v -0.052609 -0.095558 -0.115152
v -0.056135 -0.098677 -0.117194
v -0.059213 -0.102073 -0.119801
v -0.064466 -0.100197 -0.120511
v -0.069302 -0.096562 -0.120620
v -0.076637 -0.091709 -0.121630
v -0.086466 -0.084791 -0.123074
v -0.098191 -0.075895 -0.124753
v -0.110773 -0.065900 -0.126521
v -0.123059 -0.055641 -0.128064
v -0.134568 -0.045452 -0.128850
v -0.144500 -0.035904 -0.128777
v -0.153910 -0.027261 -0.128456
v -0.162425 -0.019108 -0.127005
v -0.171638 -0.011824 -0.126195
v -0.181007 -0.007068 -0.127378
v -0.189174 -0.005915 -0.131068
v -0.196825 -0.006530 -0.134333
v -0.206022 -0.007161 -0.136694
v -0.216918 -0.006860 -0.137558
v -0.227212 -0.005911 -0.136944
v -0.236941 -0.004460 -0.136230
v -0.243822 -0.003543 -0.134572
v -0.251458 -0.005575 -0.136486
v 0.046656 -0.016571 -0.145135
v 0.055629 -0.028399 -0.148178
v 0.062619 -0.040015 -0.150245
v 0.069731 -0.053177 -0.149777
v 0.076685 -0.068077 -0.148309
v 0.084744 -0.083343 -0.144643
v 0.092524 -0.102324 -0.141247
v 0.101450 -0.122081 -0.133909
v 0.026926 -0.030736 -0.146321
v 0.033934 -0.040251 -0.146598
v 0.040743 -0.049939 -0.144351
v 0.046976 -0.058197 -0.143062
v 0.053733 -0.066915 -0.143291
v 0.058118 -0.080354 -0.141125
v 0.063772 -0.092678 -0.138936
v 0.067407 -0.106490 -0.134841
v 0.009576 -0.045519 -0.146789
v 0.017293 -0.054849 -0.147961
v 0.023806 -0.061283 -0.146526
v 0.027720 -0.065128 -0.139301
v 0.033051 -0.072865 -0.135866
v 0.039916 -0.076908 -0.136183
v 0.041904 -0.087689 -0.133302
v 0.044898 -0.096672 -0.131360
v -0.002817 -0.059249 -0.145834
v 0.003533 -0.065715 -0.148552
v 0.009716 -0.074155 -0.146519
v 0.015380 -0.080003 -0.143730
v 0.020191 -0.080263 -0.139810
v 0.019545 -0.082943 -0.130723
v 0.026775 -0.087099 -0.131177
v 0.027824 -0.093218 -0.128926
v -0.012422 -0.068849 -0.143684
v -0.007634 -0.076404 -0.146564
v -0.001944 -0.082703 -0.146455
v 0.003764 -0.088777 -0.144465
v 0.008501 -0.095041 -0.139486
v 0.012633 -0.093103 -0.136000
v 0.012807 -0.094910 -0.130416
v 0.016099 -0.095787 -0.127923
v -0.020581 -0.077494 -0.142057
v -0.016199 -0.082752 -0.144517
v -0.011739 -0.089406 -0.145066
v -0.007474 -0.095347 -0.143065
v -0.002705 -0.099300 -0.140125
v 0.000942 -0.103773 -0.136057
v 0.004921 -0.103132 -0.132023
v 0.006177 -0.102475 -0.128129
v -0.027588 -0.083682 -0.140465
v -0.023901 -0.088356 -0.142816
v -0.020091 -0.093569 -0.143574
v -0.016304 -0.098917 -0.142191
v -0.013114 -0.103892 -0.139268
v -0.009131 -0.106995 -0.135895
v -0.005157 -0.110587 -0.132316
v -0.001986 -0.108808 -0.128470
v -0.033704 -0.089043 -0.139214
v -0.030600 -0.092702 -0.141019
v -0.027422 -0.096774 -0.141995
v -0.024350 -0.101433 -0.141648
v -0.021370 -0.105922 -0.139455
v -0.018669 -0.109935 -0.135981
v -0.014989 -0.112406 -0.132412
v -0.011250 -0.114092 -0.129171
v -0.039373 -0.093035 -0.138697
v -0.036724 -0.096158 -0.140538
v -0.033967 -0.099485 -0.142178
v -0.031332 -0.103471 -0.142491
v -0.028810 -0.107774 -0.140725
v -0.026468 -0.111657 -0.137533
v -0.023808 -0.114919 -0.133625
v -0.020401 -0.117119 -0.129668
v -0.044159 -0.096542 -0.138111
v -0.042197 -0.098699 -0.140809
v -0.039916 -0.101751 -0.142737
v -0.037337 -0.105289 -0.143682
v -0.034886 -0.109418 -0.143483
v -0.032703 -0.113700 -0.140975
v -0.030739 -0.117498 -0.136987
v -0.028301 -0.120680 -0.132381
v -0.048296 -0.099359 -0.137576
v -0.046807 -0.101508 -0.140284
v -0.045049 -0.103812 -0.142995
v -0.043063 -0.106762 -0.145353
v -0.040514 -0.110695 -0.146477
v -0.038348 -0.115427 -0.144745
v -0.036487 -0.119778 -0.141270
v -0.034439 -0.123833 -0.136830
v -0.052326 -0.101556 -0.137380
v -0.051108 -0.103455 -0.139989
v -0.049845 -0.105944 -0.142654
v -0.048444 -0.108425 -0.145418
v -0.046704 -0.111751 -0.147636
v -0.044672 -0.116383 -0.147671
v -0.042780 -0.121263 -0.145130
v -0.040725 -0.126296 -0.141441
v -0.056839 -0.102772 -0.137414
v -0.055968 -0.104102 -0.140423
v -0.055040 -0.106391 -0.143051
v -0.054040 -0.108885 -0.145724
v -0.052960 -0.112009 -0.147918
v -0.051515 -0.116158 -0.149524
v -0.050073 -0.121449 -0.148174
v -0.048294 -0.126830 -0.144889
v -0.061354 -0.100737 -0.138678
v -0.060824 -0.102443 -0.141388
v -0.060335 -0.104528 -0.144202
v -0.059895 -0.107237 -0.146792
v -0.059505 -0.110373 -0.149098
v -0.059161 -0.114682 -0.150469
v -0.058581 -0.120115 -0.150579
v -0.057508 -0.126155 -0.148394
v -0.066223 -0.097257 -0.139788
v -0.066276 -0.099130 -0.142445
v -0.066452 -0.101728 -0.144813
v -0.066729 -0.104662 -0.146810
v -0.066991 -0.107928 -0.148611
v -0.067332 -0.111762 -0.149568
v -0.067379 -0.116422 -0.149100
v -0.067056 -0.121533 -0.147324
v -0.073526 -0.092790 -0.140407
v -0.073870 -0.095154 -0.142492
v -0.074307 -0.097784 -0.144334
v -0.074722 -0.100704 -0.145887
v -0.075200 -0.103870 -0.146721
v -0.075645 -0.107213 -0.147620
v -0.076145 -0.110961 -0.147570
v -0.076373 -0.115169 -0.146284
v -0.082759 -0.086011 -0.141541
v -0.083238 -0.088411 -0.143413
v -0.083674 -0.091131 -0.145164
v -0.084205 -0.094055 -0.146587
v -0.084861 -0.097166 -0.147412
v -0.085564 -0.100319 -0.147934
v -0.086274 -0.103726 -0.147352
v -0.086962 -0.107055 -0.145817
v -0.094162 -0.077388 -0.143129
v -0.094413 -0.079821 -0.145000
v -0.094853 -0.082529 -0.146629
v -0.095407 -0.085399 -0.147963
v -0.096144 -0.088416 -0.148813
v -0.097003 -0.091522 -0.149091
v -0.098226 -0.094586 -0.148547
v -0.099146 -0.097049 -0.146395
v -0.106725 -0.067764 -0.145044
v -0.106993 -0.070086 -0.146865
v -0.107476 -0.072755 -0.148309
v -0.108052 -0.075503 -0.149593
v -0.108851 -0.078313 -0.150511
v -0.109995 -0.081169 -0.150635
v -0.111367 -0.084089 -0.150080
v -0.112750 -0.086085 -0.147861
v -0.119519 -0.057665 -0.147122
v -0.120095 -0.060043 -0.148841
v -0.120706 -0.062557 -0.150305
v -0.121532 -0.065181 -0.151485
v -0.122448 -0.067792 -0.152438
v -0.123723 -0.070516 -0.152472
v -0.125364 -0.073071 -0.151723
v -0.126931 -0.074914 -0.149548
v -0.131270 -0.047265 -0.150230
v -0.132388 -0.049628 -0.151916
v -0.133515 -0.052231 -0.153430
v -0.134667 -0.054899 -0.154471
v -0.136032 -0.057636 -0.155027
v -0.137576 -0.060277 -0.154793
v -0.139325 -0.062633 -0.153656
v -0.141221 -0.064686 -0.151850
v -0.140793 -0.036699 -0.154633
v -0.142656 -0.039343 -0.156736
v -0.144407 -0.042271 -0.158316
v -0.146280 -0.045452 -0.159440
v -0.148378 -0.048478 -0.159183
v -0.150458 -0.051410 -0.158554
v -0.152471 -0.053866 -0.156973
v -0.154628 -0.056190 -0.155423
v -0.149874 -0.026749 -0.158415
v -0.151916 -0.029910 -0.160992
v -0.154180 -0.033407 -0.162755
v -0.156587 -0.037146 -0.163821
v -0.159152 -0.040791 -0.163411
v -0.161481 -0.044095 -0.162426
v -0.163798 -0.046883 -0.160914
v -0.165943 -0.049438 -0.159358
v -0.158931 -0.018163 -0.161144
v -0.161239 -0.021945 -0.163565
v -0.163506 -0.026160 -0.164880
v -0.165860 -0.030374 -0.165541
v -0.168260 -0.034324 -0.165370
v -0.170607 -0.037903 -0.164560
v -0.172752 -0.040988 -0.163088
v -0.174830 -0.043510 -0.161484
v -0.168564 -0.011622 -0.163240
v -0.170148 -0.016359 -0.165077
v -0.171874 -0.021143 -0.166397
v -0.173838 -0.025659 -0.166502
v -0.175836 -0.029827 -0.166137
v -0.177817 -0.033456 -0.165051
v -0.179681 -0.036503 -0.163820
v -0.181480 -0.039155 -0.162359
v -0.177711 -0.008402 -0.164161
v -0.178639 -0.013360 -0.165784
v -0.179633 -0.018134 -0.166779
v -0.180947 -0.022853 -0.166989
v -0.182432 -0.026897 -0.166153
v -0.183817 -0.030360 -0.164938
v -0.185219 -0.033328 -0.163543
v -0.186526 -0.035770 -0.162022
v -0.186368 -0.007529 -0.163925
v -0.186522 -0.012048 -0.165261
v -0.186930 -0.016677 -0.165935
v -0.187545 -0.020810 -0.165804
v -0.188203 -0.024527 -0.164728
v -0.188996 -0.027712 -0.163302
v -0.189863 -0.030497 -0.162061
v -0.190713 -0.032801 -0.160713
v -0.195089 -0.007515 -0.162997
v -0.194848 -0.011453 -0.164509
v -0.194733 -0.015313 -0.165430
v -0.194846 -0.019145 -0.165386
v -0.195061 -0.022269 -0.163876
v -0.195378 -0.025345 -0.162457
v -0.195905 -0.028211 -0.161205
v -0.196419 -0.030500 -0.160219
v -0.205042 -0.007320 -0.163236
v -0.204576 -0.010554 -0.165015
v -0.203882 -0.014106 -0.166268
v -0.203570 -0.017631 -0.166514
v -0.203530 -0.020871 -0.165235
v -0.203620 -0.024100 -0.163971
v -0.203866 -0.027141 -0.162821
v -0.203934 -0.029746 -0.161908
v -0.215659 -0.005552 -0.166094
v -0.214191 -0.009209 -0.167903
v -0.213460 -0.012793 -0.169098
v -0.212667 -0.016730 -0.169128
v -0.212542 -0.020120 -0.167489
v -0.212429 -0.023605 -0.166136
v -0.212307 -0.026866 -0.164909
v -0.212088 -0.029748 -0.163877
v -0.224580 -0.004667 -0.169015
v -0.223798 -0.007995 -0.171011
v -0.221983 -0.012419 -0.171869
v -0.221270 -0.016532 -0.171837
v -0.221020 -0.020546 -0.170380
v -0.220625 -0.024537 -0.169220
v -0.220144 -0.028044 -0.168131
v -0.220444 -0.030613 -0.166857
v -0.232887 -0.002386 -0.172749
v -0.230339 -0.007110 -0.175023
v -0.229145 -0.011722 -0.176518
v -0.227457 -0.017039 -0.176406
v -0.226225 -0.022017 -0.175904
v -0.225090 -0.026538 -0.174805
v -0.224103 -0.030418 -0.173572
v -0.222958 -0.033888 -0.171729
v -0.239719 -0.003140 -0.173847
v -0.239243 -0.006890 -0.176773
v -0.236890 -0.012197 -0.179092
v -0.235142 -0.017727 -0.180738
v -0.232561 -0.023303 -0.181453
v -0.230299 -0.028754 -0.180814
v -0.229111 -0.033150 -0.178956
v -0.227406 -0.037911 -0.176892
v -0.248369 -0.003186 -0.174015
v -0.247441 -0.007254 -0.178093
v -0.247060 -0.012655 -0.181393
v -0.245346 -0.018798 -0.182863
v -0.243532 -0.024917 -0.183842
v -0.241477 -0.031802 -0.183837
v -0.239137 -0.038234 -0.181549
v -0.237860 -0.040195 -0.178802
v 0.114867 -0.152752 -0.117922
v 0.118272 -0.166302 -0.112392
v 0.121812 -0.177758 -0.101442
v 0.126095 -0.185225 -0.090731
v 0.126751 -0.189042 -0.079480
v 0.123311 -0.187737 -0.069614
v 0.111034 -0.182719 -0.060441
v 0.073472 -0.131116 -0.125169
v 0.074021 -0.144413 -0.120976
v 0.075352 -0.155788 -0.113246
v 0.076674 -0.164940 -0.103287
v 0.078465 -0.170799 -0.091570
v 0.078590 -0.168681 -0.082842
v 0.072569 -0.163259 -0.073833
v 0.045187 -0.114756 -0.126069
v 0.045009 -0.122285 -0.122742
v 0.043074 -0.131014 -0.116833
v 0.042692 -0.138088 -0.110105
v 0.041754 -0.142668 -0.101978
v 0.040978 -0.145683 -0.093979
v 0.036955 -0.142919 -0.087616
v 0.028928 -0.103847 -0.124707
v 0.027733 -0.109413 -0.120795
v 0.027431 -0.113383 -0.116798
v 0.025384 -0.117392 -0.111758
v 0.024413 -0.120506 -0.107080
v 0.022303 -0.121268 -0.102422
v 0.020183 -0.121545 -0.096725
v 0.018278 -0.100048 -0.121679
v 0.018629 -0.101838 -0.119049
v 0.017873 -0.103518 -0.115301
v 0.017649 -0.104482 -0.112127
v 0.016912 -0.105314 -0.108579
v 0.016242 -0.106452 -0.105124
v 0.014262 -0.106238 -0.102344
v 0.009983 -0.103164 -0.122515
v 0.010651 -0.103871 -0.119686
v 0.010606 -0.104602 -0.117043
v 0.010005 -0.104858 -0.114126
v 0.009250 -0.104860 -0.111432
v 0.008321 -0.104170 -0.108957
v 0.007379 -0.103190 -0.106443
v 0.003199 -0.107605 -0.122741
v 0.004690 -0.108051 -0.120110
v 0.005414 -0.108007 -0.117380
v 0.005232 -0.107876 -0.114693
v 0.004754 -0.107625 -0.112086
v 0.003906 -0.107186 -0.109494
v 0.002664 -0.106334 -0.107165
v -0.003879 -0.113936 -0.123337
v -0.001457 -0.113196 -0.120582
v -0.000450 -0.112565 -0.117751
v -0.000090 -0.111794 -0.115046
v -0.000396 -0.111267 -0.112387
v -0.001229 -0.110629 -0.109885
v -0.002573 -0.109757 -0.107472
v -0.012197 -0.119525 -0.123996
v -0.008627 -0.119994 -0.121286
v -0.006200 -0.118997 -0.118179
v -0.005825 -0.117838 -0.115232
v -0.005868 -0.116646 -0.112375
v -0.006875 -0.115871 -0.109682
v -0.008474 -0.114985 -0.107338
v -0.021424 -0.125319 -0.123987
v -0.016557 -0.126472 -0.122706
v -0.013734 -0.127139 -0.119034
v -0.012499 -0.124925 -0.115578
v -0.012867 -0.123743 -0.112463
v -0.013655 -0.122650 -0.109495
v -0.015639 -0.121874 -0.106695
v -0.028866 -0.130623 -0.127778
v -0.025767 -0.133559 -0.123878
v -0.020986 -0.134729 -0.121149
v -0.020032 -0.134703 -0.116140
v -0.020073 -0.132667 -0.112498
v -0.021523 -0.131740 -0.108896
v -0.024119 -0.129915 -0.105641
v -0.036652 -0.135023 -0.131385
v -0.033334 -0.138362 -0.127744
v -0.029373 -0.142902 -0.124517
v -0.027200 -0.144116 -0.118248
v -0.028339 -0.143355 -0.112833
v -0.030148 -0.141382 -0.108044
v -0.034323 -0.137795 -0.105295
v -0.044727 -0.136229 -0.135131
v -0.042294 -0.141589 -0.131417
v -0.039244 -0.146637 -0.128861
v -0.037728 -0.152296 -0.122670
v -0.039040 -0.152063 -0.115170
v -0.042588 -0.149969 -0.109127
v -0.046020 -0.143457 -0.107267
v -0.053886 -0.136082 -0.139448
v -0.052294 -0.140984 -0.135659
v -0.051087 -0.146510 -0.132793
v -0.050810 -0.153619 -0.129047
v -0.054010 -0.155049 -0.121018
v -0.056543 -0.150856 -0.114924
v -0.056545 -0.144055 -0.114069
v -0.064848 -0.131985 -0.142043
v -0.064135 -0.137350 -0.140306
v -0.064337 -0.142631 -0.138829
v -0.067437 -0.150386 -0.136481
v -0.070904 -0.151067 -0.127011
v -0.070212 -0.145664 -0.120945
v -0.068161 -0.140235 -0.119415
v -0.076751 -0.124343 -0.142889
v -0.077368 -0.129060 -0.141086
v -0.079818 -0.133214 -0.140927
v -0.084073 -0.137541 -0.138220
v -0.086732 -0.138807 -0.131069
v -0.084311 -0.135270 -0.125564
v -0.080448 -0.131612 -0.124542
v -0.088824 -0.114358 -0.141699
v -0.091179 -0.117718 -0.141012
v -0.094035 -0.121065 -0.140985
v -0.097413 -0.122760 -0.137757
v -0.098928 -0.122929 -0.133658
v -0.098082 -0.122226 -0.129169
v -0.094835 -0.119934 -0.127324
v -0.102752 -0.102696 -0.142759
v -0.105127 -0.105774 -0.142760
v -0.108480 -0.107885 -0.141746
v -0.111084 -0.108825 -0.138894
v -0.112446 -0.108821 -0.135531
v -0.112225 -0.108660 -0.131855
v -0.109558 -0.106833 -0.129291
v -0.116954 -0.091054 -0.144769
v -0.119689 -0.093486 -0.144968
v -0.122553 -0.095506 -0.143541
v -0.124911 -0.096082 -0.140444
v -0.126133 -0.096081 -0.137267
v -0.126347 -0.095856 -0.133834
v -0.124322 -0.094087 -0.131097
v -0.131547 -0.079718 -0.147013
v -0.133891 -0.082124 -0.147111
v -0.136546 -0.083949 -0.145145
v -0.138305 -0.084516 -0.142196
v -0.139488 -0.084506 -0.139030
v -0.139900 -0.084137 -0.135766
v -0.138782 -0.082301 -0.132919
v -0.145663 -0.069487 -0.149597
v -0.147913 -0.071943 -0.149218
v -0.149844 -0.073302 -0.146849
v -0.151331 -0.073909 -0.143882
v -0.152379 -0.073957 -0.140813
v -0.152860 -0.073418 -0.137760
v -0.152300 -0.071820 -0.134866
v -0.158868 -0.061068 -0.153349
v -0.160787 -0.062763 -0.151279
v -0.162403 -0.063950 -0.148603
v -0.163628 -0.064463 -0.145720
v -0.164504 -0.064524 -0.142623
v -0.164939 -0.063993 -0.139499
v -0.164726 -0.062672 -0.136509
v -0.170156 -0.053700 -0.155901
v -0.171970 -0.055178 -0.153394
v -0.173317 -0.056085 -0.150576
v -0.174290 -0.056451 -0.147423
v -0.174972 -0.056380 -0.144254
v -0.175470 -0.056097 -0.141102
v -0.175233 -0.054985 -0.137989
v -0.178602 -0.047357 -0.157447
v -0.180111 -0.048638 -0.154791
v -0.181188 -0.049292 -0.151790
v -0.182016 -0.049595 -0.148747
v -0.182638 -0.049665 -0.145621
v -0.183092 -0.049450 -0.142474
v -0.183056 -0.048681 -0.139471
v -0.184402 -0.042597 -0.157969
v -0.185526 -0.043659 -0.155353
v -0.186388 -0.044255 -0.152488
v -0.187057 -0.044578 -0.149507
v -0.187601 -0.044645 -0.146491
v -0.187960 -0.044472 -0.143512
v -0.188085 -0.043923 -0.140673
v -0.188762 -0.039251 -0.158027
v -0.189606 -0.040239 -0.155476
v -0.190366 -0.041009 -0.152796
v -0.190972 -0.041401 -0.149944
v -0.191411 -0.041530 -0.147075
v -0.191722 -0.041377 -0.144227
v -0.191779 -0.040771 -0.141574
v -0.192016 -0.035951 -0.157185
v -0.192463 -0.036929 -0.154922
v -0.193064 -0.037696 -0.152517
v -0.193539 -0.038158 -0.150014
v -0.193940 -0.038386 -0.147446
v -0.194177 -0.038287 -0.144991
v -0.194322 -0.037805 -0.142725
v -0.196598 -0.033035 -0.156756
v -0.196614 -0.033604 -0.154658
v -0.196768 -0.034251 -0.152407
v -0.196937 -0.034546 -0.150121
v -0.197178 -0.034785 -0.147906
v -0.197562 -0.034747 -0.145900
v -0.197415 -0.034750 -0.144269
v -0.203839 -0.032984 -0.158400
v -0.203638 -0.033695 -0.155957
v -0.203743 -0.034458 -0.153660
v -0.203951 -0.034891 -0.151320
v -0.204389 -0.035299 -0.149065
v -0.204293 -0.035391 -0.146824
v -0.205190 -0.035437 -0.144919
v -0.211312 -0.033549 -0.160233
v -0.211164 -0.034758 -0.158062
v -0.210985 -0.035470 -0.155231
v -0.211271 -0.036030 -0.152660
v -0.211499 -0.036272 -0.150148
v -0.212527 -0.036466 -0.147858
v -0.211774 -0.035661 -0.145525
v -0.219256 -0.034581 -0.163124
v -0.218389 -0.035708 -0.159815
v -0.218527 -0.036555 -0.157067
v -0.218386 -0.037090 -0.153966
v -0.218921 -0.037349 -0.151089
v -0.218879 -0.037518 -0.148471
v -0.220310 -0.036907 -0.146022
v -0.223452 -0.038363 -0.166147
v -0.224456 -0.039317 -0.163068
v -0.223883 -0.039826 -0.158645
v -0.224461 -0.040295 -0.155307
v -0.224887 -0.040213 -0.151792
v -0.225393 -0.039592 -0.148504
v -0.225641 -0.038581 -0.146122
v -0.229308 -0.042186 -0.169524
v -0.228749 -0.042853 -0.164813
v -0.227772 -0.045468 -0.161470
v -0.226692 -0.045674 -0.156105
v -0.226331 -0.045458 -0.151372
v -0.227071 -0.044591 -0.147326
v -0.228077 -0.042147 -0.143278
v -0.235267 -0.045804 -0.171629
v -0.236427 -0.046393 -0.167044
v -0.234924 -0.048119 -0.162176
v -0.234226 -0.048479 -0.157222
v -0.233273 -0.048705 -0.152151
v -0.231461 -0.047830 -0.145898
v -0.230676 -0.046288 -0.141574
v 0.206604 -0.174983 -0.079155
v 0.230755 -0.170476 -0.058849
v 0.250227 -0.170487 -0.039129
v 0.265275 -0.181687 -0.041264
v 0.273137 -0.192618 -0.042664
v 0.278474 -0.201449 -0.044069
v 0.281623 -0.210657 -0.046407
v 0.283275 -0.220671 -0.049697
v 0.285341 -0.231385 -0.052612
v 0.288719 -0.246264 -0.055755
v 0.291933 -0.259312 -0.058088
v 0.295273 -0.275141 -0.060365
v 0.298865 -0.291819 -0.061032
v 0.301925 -0.310658 -0.061775
v 0.303830 -0.333663 -0.062125
v 0.304528 -0.357014 -0.062300
v 0.304717 -0.381464 -0.062654
v 0.304298 -0.404684 -0.063278
v 0.305019 -0.424974 -0.062801
v 0.306015 -0.442591 -0.062298
v 0.307596 -0.458759 -0.060992
v 0.309482 -0.474124 -0.059350
v 0.311470 -0.489896 -0.057248
v 0.313910 -0.504591 -0.055214
v 0.316023 -0.518036 -0.051990
v 0.318395 -0.528738 -0.049473
v 0.321868 -0.538886 -0.045492
v 0.324048 -0.547191 -0.044397
v 0.327302 -0.551774 -0.040472
v 0.205096 -0.178054 -0.072242
v 0.230089 -0.174648 -0.054145
v 0.250431 -0.171953 -0.037816
v 0.265794 -0.184260 -0.039872
v 0.273272 -0.193904 -0.041397
v 0.278174 -0.203784 -0.042877
v 0.280366 -0.212086 -0.045186
v 0.282016 -0.221484 -0.047916
v 0.284496 -0.233506 -0.050829
v 0.287101 -0.245310 -0.053591
v 0.289652 -0.259776 -0.056527
v 0.292261 -0.273576 -0.058354
v 0.295551 -0.290021 -0.059417
v 0.298507 -0.310045 -0.059799
v 0.300299 -0.332372 -0.060278
v 0.301089 -0.358664 -0.060571
v 0.301232 -0.384997 -0.060280
v 0.301892 -0.409709 -0.059639
v 0.302327 -0.431662 -0.059069
v 0.303100 -0.450239 -0.058287
v 0.304208 -0.466134 -0.057753
v 0.306080 -0.481829 -0.056262
v 0.308240 -0.496744 -0.054576
v 0.310417 -0.510891 -0.052454
v 0.312915 -0.522270 -0.049911
v 0.315780 -0.532570 -0.046737
v 0.318368 -0.540613 -0.043874
v 0.322082 -0.548176 -0.041539
v 0.324952 -0.553180 -0.039077
v 0.207363 -0.184120 -0.065053
v 0.231745 -0.176475 -0.049789
v 0.252734 -0.172706 -0.037699
v 0.266010 -0.186131 -0.038625
v 0.273591 -0.196339 -0.039866
v 0.277431 -0.205049 -0.041476
v 0.279378 -0.213674 -0.043584
v 0.280857 -0.223221 -0.046231
v 0.283168 -0.234183 -0.048854
v 0.285987 -0.247088 -0.051501
v 0.288429 -0.259233 -0.053648
v 0.290907 -0.273086 -0.055237
v 0.293817 -0.288236 -0.056054
v 0.297025 -0.306631 -0.056377
v 0.299360 -0.329779 -0.056610
v 0.299879 -0.355739 -0.056722
v 0.299381 -0.383663 -0.056956
v 0.298255 -0.410971 -0.057047
v 0.298572 -0.435115 -0.056292
v 0.300389 -0.455191 -0.054818
v 0.302186 -0.473361 -0.053016
v 0.303874 -0.489771 -0.051765
v 0.305282 -0.504862 -0.050653
v 0.307842 -0.517730 -0.048515
v 0.310302 -0.527884 -0.046159
v 0.313393 -0.535976 -0.043308
v 0.316652 -0.543062 -0.040939
v 0.319506 -0.549206 -0.038742
v 0.323000 -0.554439 -0.036987
v 0.208995 -0.187153 -0.057061
v 0.230130 -0.175798 -0.045504
v 0.253904 -0.174833 -0.035651
v 0.266160 -0.187866 -0.036959
v 0.273531 -0.197839 -0.038388
v 0.276797 -0.206650 -0.040094
v 0.278302 -0.214904 -0.041945
v 0.279539 -0.224404 -0.044371
v 0.281951 -0.235880 -0.046827
v 0.284642 -0.247971 -0.049178
v 0.287177 -0.260739 -0.051089
v 0.289400 -0.273341 -0.052415
v 0.292047 -0.287743 -0.053050
v 0.294926 -0.304920 -0.053275
v 0.297173 -0.326174 -0.053348
v 0.298705 -0.351563 -0.053443
v 0.298874 -0.379522 -0.053335
v 0.297624 -0.407450 -0.053034
v 0.297028 -0.433390 -0.052407
v 0.297535 -0.456642 -0.050937
v 0.298777 -0.476759 -0.049825
v 0.300115 -0.495098 -0.048351
v 0.303218 -0.511371 -0.045987
v 0.305855 -0.523328 -0.043859
v 0.308985 -0.533040 -0.041419
v 0.311814 -0.539148 -0.039543
v 0.314927 -0.545074 -0.037398
v 0.318161 -0.550142 -0.035643
v 0.321620 -0.554732 -0.033839
v 0.206338 -0.188624 -0.051864
v 0.229650 -0.178690 -0.041669
v 0.251095 -0.176747 -0.032619
v 0.265632 -0.189396 -0.035316
v 0.273003 -0.198835 -0.036695
v 0.276104 -0.207840 -0.038664
v 0.277255 -0.215976 -0.040393
v 0.278086 -0.225602 -0.042547
v 0.280622 -0.236949 -0.044709
v 0.283275 -0.249468 -0.046855
v 0.285688 -0.261994 -0.048530
v 0.287857 -0.274846 -0.049623
v 0.290289 -0.288482 -0.050157
v 0.292941 -0.304681 -0.050315
v 0.294997 -0.324473 -0.050475
v 0.296676 -0.348206 -0.050444
v 0.297296 -0.374762 -0.050330
v 0.296754 -0.402592 -0.050059
v 0.295932 -0.429221 -0.048890
v 0.296010 -0.453457 -0.047625
v 0.297182 -0.475718 -0.045362
v 0.298304 -0.496497 -0.043683
v 0.299834 -0.513797 -0.042134
v 0.303338 -0.528152 -0.039899
v 0.306836 -0.536153 -0.037892
v 0.310451 -0.542760 -0.035378
v 0.313312 -0.546768 -0.034153
v 0.316708 -0.551091 -0.032399
v 0.320376 -0.555222 -0.030690
v 0.202582 -0.189901 -0.046638
v 0.227178 -0.181116 -0.040127
v 0.249481 -0.176173 -0.031024
v 0.263383 -0.189927 -0.033667
v 0.271604 -0.199980 -0.035713
v 0.275851 -0.208352 -0.037248
v 0.277060 -0.216994 -0.038725
v 0.277622 -0.226716 -0.040433
v 0.279610 -0.238222 -0.042521
v 0.281949 -0.250619 -0.044501
v 0.284245 -0.263453 -0.045907
v 0.286328 -0.276275 -0.046842
v 0.288622 -0.289899 -0.047356
v 0.291197 -0.305472 -0.047459
v 0.292996 -0.324341 -0.047896
v 0.294651 -0.346520 -0.047871
v 0.295545 -0.371828 -0.047716
v 0.295214 -0.398349 -0.047199
v 0.294430 -0.424785 -0.046325
v 0.293998 -0.449499 -0.044637
v 0.294894 -0.472738 -0.042457
v 0.296460 -0.494277 -0.039772
v 0.298106 -0.514126 -0.037475
v 0.300453 -0.528867 -0.036072
v 0.303945 -0.540471 -0.034188
v 0.307758 -0.545068 -0.032292
v 0.311616 -0.548975 -0.030383
v 0.315171 -0.552278 -0.029087
v 0.318989 -0.555996 -0.027613
v 0.194245 -0.190628 -0.040389
v 0.223709 -0.181918 -0.037043
v 0.246964 -0.176647 -0.030081
v 0.262238 -0.190606 -0.033263
v 0.270989 -0.199710 -0.035274
v 0.275929 -0.208870 -0.036134
v 0.277055 -0.218108 -0.037209
v 0.277489 -0.228105 -0.038662
v 0.279518 -0.239525 -0.040288
v 0.281393 -0.252061 -0.041856
v 0.283340 -0.264744 -0.043067
v 0.285372 -0.277676 -0.043749
v 0.287745 -0.291285 -0.044221
v 0.290086 -0.306725 -0.044625
v 0.291730 -0.325001 -0.044967
v 0.292992 -0.346478 -0.045278
v 0.293704 -0.370361 -0.045212
v 0.293269 -0.396232 -0.044743
v 0.292226 -0.421761 -0.043778
v 0.291489 -0.446152 -0.042237
v 0.291665 -0.469414 -0.039963
v 0.293443 -0.491595 -0.036675
v 0.295501 -0.511822 -0.033726
v 0.297167 -0.528799 -0.031203
v 0.300701 -0.540619 -0.029582
v 0.306579 -0.545791 -0.027037
v 0.310509 -0.548821 -0.026207
v 0.314183 -0.552494 -0.025245
v 0.318056 -0.556546 -0.023955
v 0.026283 -0.109736 0.010991
v 0.026403 -0.117442 0.006707
v 0.027587 -0.123360 0.003204
v 0.029207 -0.129160 -0.000090
v 0.030317 -0.135046 -0.003697
v 0.031510 -0.142618 -0.008290
v 0.038814 -0.152837 -0.012581
v 0.054508 -0.166384 -0.014779
v 0.017494 -0.121608 0.028160
v 0.018858 -0.127176 0.023609
v 0.021105 -0.132621 0.020505
v 0.023076 -0.137825 0.017323
v 0.025621 -0.143338 0.014342
v 0.028043 -0.149180 0.011509
v 0.030190 -0.157447 0.008249
v 0.037011 -0.168853 0.005628
v 0.006149 -0.131030 0.040041
v 0.008619 -0.136179 0.036844
v 0.010982 -0.140845 0.034142
v 0.013306 -0.145628 0.031827
v 0.015981 -0.150613 0.029866
v 0.017898 -0.156261 0.027408
v 0.019777 -0.162352 0.025208
v 0.024276 -0.170038 0.025591
v -0.006940 -0.140083 0.046527
v -0.002816 -0.144110 0.045546
v 0.000101 -0.148317 0.044076
v 0.003284 -0.152242 0.043412
v 0.006377 -0.156744 0.042217
v 0.008733 -0.161708 0.040762
v 0.011127 -0.166926 0.040119
v 0.014401 -0.172197 0.040284
v -0.019143 -0.148761 0.048224
v -0.015285 -0.152606 0.047539
v -0.011875 -0.156042 0.048017
v -0.008441 -0.159141 0.049919
v -0.004788 -0.163014 0.050984
v -0.001188 -0.166921 0.051356
v 0.001792 -0.171339 0.051279
v 0.004305 -0.176590 0.051228
v -0.030842 -0.157678 0.049369
v -0.026602 -0.160919 0.048351
v -0.022759 -0.164459 0.049158
v -0.019480 -0.167682 0.050604
v -0.016256 -0.170727 0.052443
v -0.013052 -0.174259 0.054040
v -0.009779 -0.177833 0.055348
v -0.006813 -0.181870 0.055855
v -0.040893 -0.166439 0.052291
v -0.037082 -0.169363 0.050337
v -0.033420 -0.172426 0.050581
v -0.030068 -0.175439 0.052038
v -0.026881 -0.178624 0.053693
v -0.023626 -0.181601 0.055388
v -0.020417 -0.184877 0.056732
v -0.017165 -0.188018 0.057570
v -0.049752 -0.174612 0.054941
v -0.046744 -0.176963 0.052728
v -0.043489 -0.180016 0.052049
v -0.040364 -0.183005 0.053106
v -0.037249 -0.186077 0.054418
v -0.034063 -0.189284 0.055952
v -0.030575 -0.192053 0.057307
v -0.027218 -0.195052 0.057981
v -0.057818 -0.181661 0.057611
v -0.055503 -0.183764 0.055167
v -0.052864 -0.186400 0.054208
v -0.050215 -0.189434 0.054343
v -0.047269 -0.192785 0.054996
v -0.044087 -0.195979 0.056188
v -0.040722 -0.199221 0.057382
v -0.037000 -0.201875 0.058418
v -0.066106 -0.187129 0.058630
v -0.063925 -0.189221 0.056409
v -0.061778 -0.191764 0.054846
v -0.059310 -0.194774 0.054237
v -0.056603 -0.198115 0.054650
v -0.053552 -0.201753 0.055601
v -0.050210 -0.205048 0.056862
v -0.046784 -0.208448 0.058037
v -0.074286 -0.191180 0.058899
v -0.072357 -0.193196 0.055961
v -0.070248 -0.195598 0.053498
v -0.067691 -0.198858 0.052523
v -0.064908 -0.202462 0.052554
v -0.061765 -0.206139 0.053159
v -0.058520 -0.210018 0.054228
v -0.055248 -0.213604 0.055626
v -0.081591 -0.195904 0.059888
v -0.080160 -0.197524 0.056531
v -0.078283 -0.199765 0.053535
v -0.075809 -0.203060 0.052209
v -0.072999 -0.206489 0.051798
v -0.070007 -0.210225 0.052358
v -0.066733 -0.213985 0.053063
v -0.063496 -0.217826 0.053810
v -0.088724 -0.200321 0.061142
v -0.087444 -0.201905 0.057688
v -0.085867 -0.204227 0.054833
v -0.083656 -0.207202 0.053009
v -0.081032 -0.210611 0.052950
v -0.078195 -0.213932 0.053497
v -0.075251 -0.217566 0.054097
v -0.072100 -0.221369 0.054795
v -0.096167 -0.204100 0.062269
v -0.095175 -0.205834 0.059066
v -0.093536 -0.208356 0.056756
v -0.091742 -0.211320 0.054843
v -0.089261 -0.214406 0.055090
v -0.086806 -0.217532 0.055568
v -0.084114 -0.220900 0.056095
v -0.081421 -0.224435 0.056778
v -0.104695 -0.207692 0.063730
v -0.103545 -0.209809 0.061109
v -0.102085 -0.212397 0.059305
v -0.100490 -0.215081 0.057850
v -0.098516 -0.218016 0.057717
v -0.096394 -0.221006 0.057949
v -0.094248 -0.224148 0.058475
v -0.091898 -0.227341 0.059485
v -0.115142 -0.211561 0.065381
v -0.114117 -0.213707 0.063240
v -0.112848 -0.216166 0.061578
v -0.111390 -0.218810 0.060344
v -0.109726 -0.221596 0.060111
v -0.108047 -0.224471 0.060327
v -0.106247 -0.227384 0.060859
v -0.104545 -0.230021 0.062405
v -0.128572 -0.215327 0.066688
v -0.127553 -0.217527 0.064805
v -0.126361 -0.219939 0.063117
v -0.125058 -0.222574 0.062045
v -0.123655 -0.225356 0.061911
v -0.122227 -0.228114 0.062067
v -0.120921 -0.230851 0.062861
v -0.119830 -0.233319 0.064420
v -0.144216 -0.219590 0.068081
v -0.143193 -0.221723 0.066216
v -0.142166 -0.223993 0.064658
v -0.141037 -0.226598 0.063486
v -0.139821 -0.229304 0.063287
v -0.138738 -0.232082 0.063406
v -0.137770 -0.234856 0.064136
v -0.137120 -0.237354 0.065768
v -0.160775 -0.223908 0.069387
v -0.160012 -0.225915 0.067590
v -0.159137 -0.228375 0.066095
v -0.158146 -0.230860 0.065170
v -0.157225 -0.233606 0.064827
v -0.156320 -0.236337 0.064861
v -0.155651 -0.239130 0.065750
v -0.155329 -0.241881 0.067118
v -0.177176 -0.227444 0.070401
v -0.176707 -0.229926 0.068553
v -0.175991 -0.232462 0.067328
v -0.175258 -0.235302 0.066384
v -0.174401 -0.238081 0.066213
v -0.173739 -0.241013 0.066356
v -0.173200 -0.243822 0.067296
v -0.173104 -0.246644 0.068755
v -0.192577 -0.230093 0.070626
v -0.192218 -0.232847 0.068854
v -0.191793 -0.236078 0.067614
v -0.191116 -0.239187 0.066817
v -0.190417 -0.242468 0.066472
v -0.189710 -0.245626 0.066941
v -0.189334 -0.248880 0.067743
v -0.189193 -0.251711 0.069598
v -0.206395 -0.231835 0.070600
v -0.206259 -0.235171 0.068626
v -0.205822 -0.238633 0.067273
v -0.205153 -0.242325 0.066343
v -0.204324 -0.246049 0.065871
v -0.203618 -0.249780 0.066339
v -0.202988 -0.253424 0.067300
v -0.202815 -0.256613 0.069304
v -0.219253 -0.232998 0.070104
v -0.218863 -0.236604 0.067791
v -0.218239 -0.240627 0.066519
v -0.217242 -0.244709 0.066066
v -0.216198 -0.248823 0.065901
v -0.215134 -0.252855 0.066268
v -0.214343 -0.256685 0.067494
v -0.213834 -0.259984 0.069604
v -0.231244 -0.234158 0.069717
v -0.230454 -0.238142 0.066898
v -0.229070 -0.242691 0.066212
v -0.227634 -0.246962 0.066057
v -0.225925 -0.251227 0.066130
v -0.224495 -0.255347 0.066795
v -0.223242 -0.259362 0.067857
v -0.222336 -0.262468 0.070201
v -0.242154 -0.237196 0.070703
v -0.240648 -0.240921 0.067508
v -0.238377 -0.245429 0.066773
v -0.235987 -0.249538 0.066782
v -0.233878 -0.253707 0.066969
v -0.231856 -0.257751 0.067755
v -0.230218 -0.261520 0.068971
v -0.228885 -0.264415 0.071311
v -0.249223 -0.242552 0.073730
v -0.247885 -0.245402 0.070572
v -0.245470 -0.248922 0.068819
v -0.242813 -0.252549 0.068555
v -0.240231 -0.256407 0.068501
v -0.237919 -0.260017 0.069394
v -0.235995 -0.263455 0.070664
v -0.234451 -0.266023 0.072809
v -0.254278 -0.248419 0.076858
v -0.253055 -0.250369 0.074085
v -0.250983 -0.252965 0.072317
v -0.248526 -0.255955 0.071242
v -0.246002 -0.259175 0.070955
v -0.243592 -0.262360 0.071588
v -0.241635 -0.265139 0.072875
v -0.240189 -0.267411 0.074783
v -0.261298 -0.254680 0.079425
v -0.259371 -0.255985 0.076857
v -0.257342 -0.257802 0.075010
v -0.254887 -0.260067 0.073973
v -0.252327 -0.262661 0.073604
v -0.250124 -0.265382 0.073702
v -0.248353 -0.268142 0.074444
v -0.246891 -0.270389 0.075851
v -0.269472 -0.260223 0.080638
v -0.268021 -0.261924 0.078270
v -0.265379 -0.263429 0.076493
v -0.262730 -0.265285 0.075400
v -0.260163 -0.267474 0.074755
v -0.257846 -0.269930 0.074474
v -0.255855 -0.272331 0.075128
v -0.254643 -0.275159 0.076124
v -0.280019 -0.265820 0.080683
v -0.276895 -0.266942 0.077978
v -0.274432 -0.268807 0.076029
v -0.271411 -0.270682 0.074635
v -0.268449 -0.272776 0.073763
v -0.265659 -0.275115 0.073678
v -0.263484 -0.277804 0.074322
v -0.261221 -0.279949 0.075686
v -0.287239 -0.269516 0.080375
v -0.285773 -0.271710 0.077371
v -0.282563 -0.273676 0.075069
v -0.279368 -0.275739 0.073413
v -0.275909 -0.277958 0.072455
v -0.272568 -0.280396 0.072274
v -0.269404 -0.282781 0.073376
v -0.267079 -0.285379 0.074562
v -0.295792 -0.272853 0.079810
v -0.293494 -0.274277 0.075562
v -0.290660 -0.277014 0.072455
v -0.286553 -0.279644 0.070568
v -0.282282 -0.282346 0.069475
v -0.277556 -0.285027 0.069627
v -0.273107 -0.287284 0.070154
v -0.269388 -0.289169 0.071941
v 0.024272 -0.086605 -0.035595
v 0.011134 -0.077884 -0.049191
v 0.003275 -0.072111 -0.067219
v 0.003312 -0.069522 -0.080617
v -0.003908 -0.070965 -0.090754
v -0.012692 -0.076054 -0.092444
v -0.021013 -0.082408 -0.095337
v -0.029828 -0.087324 -0.098692
v -0.037688 -0.091918 -0.103241
v -0.044976 -0.095613 -0.106405
v -0.051445 -0.098742 -0.109471
v -0.057156 -0.100849 -0.111872
v -0.059741 -0.104678 -0.115577
v -0.065481 -0.103376 -0.116671
v -0.070953 -0.100479 -0.117349
v -0.078492 -0.096072 -0.118748
v -0.088380 -0.089185 -0.120140
v -0.100162 -0.080217 -0.121696
v -0.112833 -0.070212 -0.123542
v -0.125613 -0.059889 -0.125074
v -0.137570 -0.050110 -0.126025
v -0.148616 -0.041050 -0.126061
v -0.158416 -0.033166 -0.125697
v -0.167556 -0.026356 -0.125080
v -0.176047 -0.020874 -0.125458
v -0.183635 -0.017006 -0.126642
v -0.190560 -0.014724 -0.128726
v -0.197309 -0.013711 -0.131511
v -0.205490 -0.013268 -0.133828
v -0.215873 -0.012871 -0.134266
v -0.225288 -0.011960 -0.133522
v -0.235272 -0.011193 -0.132316
v -0.241293 -0.009620 -0.130068
v -0.248808 -0.009994 -0.131341
v 0.024762 -0.097269 -0.033896
v 0.008610 -0.086416 -0.047801
v 0.001195 -0.079354 -0.065120
v 0.001665 -0.076495 -0.079324
v -0.000180 -0.075282 -0.090700
v -0.009332 -0.080628 -0.093625
v -0.017165 -0.085478 -0.095827
v -0.025951 -0.090870 -0.098655
v -0.034549 -0.094927 -0.102105
v -0.042722 -0.098490 -0.104845
v -0.050011 -0.101130 -0.106992
v -0.056899 -0.102875 -0.109148
v -0.060012 -0.106118 -0.113316
v -0.065805 -0.105314 -0.114646
v -0.071516 -0.102567 -0.115276
v -0.079184 -0.098639 -0.117650
v -0.089234 -0.091858 -0.119314
v -0.101113 -0.082908 -0.120943
v -0.114056 -0.072760 -0.122735
v -0.126863 -0.062508 -0.124433
v -0.139284 -0.052715 -0.125351
v -0.150454 -0.043947 -0.125338
v -0.160740 -0.036285 -0.125057
v -0.169851 -0.029959 -0.125156
v -0.178015 -0.024910 -0.125853
v -0.185088 -0.021314 -0.127008
v -0.191294 -0.018934 -0.128936
v -0.197457 -0.017514 -0.131706
v -0.205321 -0.016662 -0.133560
v -0.214617 -0.016017 -0.133822
v -0.225143 -0.015517 -0.132842
v -0.233307 -0.014692 -0.131814
v -0.241055 -0.013599 -0.128426
v -0.248160 -0.013621 -0.129533
v 0.023182 -0.103766 -0.034701
v 0.007370 -0.094980 -0.047247
v 0.001330 -0.086638 -0.065987
v 0.000957 -0.082248 -0.079350
v 0.003118 -0.080607 -0.090978
v -0.006288 -0.084054 -0.094788
v -0.013750 -0.089202 -0.097122
v -0.022182 -0.093839 -0.099252
v -0.031143 -0.098224 -0.101766
v -0.039795 -0.101749 -0.104268
v -0.047888 -0.104399 -0.105525
v -0.055427 -0.105971 -0.106744
v -0.060225 -0.107948 -0.110763
v -0.065747 -0.107733 -0.112855
v -0.071974 -0.105454 -0.114137
v -0.079608 -0.101544 -0.116960
v -0.089771 -0.094750 -0.118751
v -0.101979 -0.085830 -0.120368
v -0.115059 -0.075592 -0.122300
v -0.128284 -0.065243 -0.124155
v -0.140835 -0.055496 -0.125349
v -0.152554 -0.046816 -0.125275
v -0.162984 -0.039450 -0.125054
v -0.172246 -0.033418 -0.125181
v -0.180046 -0.028713 -0.126227
v -0.186531 -0.025273 -0.127815
v -0.192053 -0.022868 -0.129909
v -0.197628 -0.021072 -0.132103
v -0.204959 -0.019972 -0.133601
v -0.214099 -0.019310 -0.134086
v -0.223469 -0.018867 -0.133022
v -0.232496 -0.018492 -0.131229
v -0.239431 -0.017930 -0.128603
v -0.247456 -0.017939 -0.128464
v 0.022274 -0.110700 -0.034994
v 0.010006 -0.102211 -0.050376
v 0.002591 -0.093553 -0.067134
v 0.001232 -0.088079 -0.080043
v 0.003223 -0.085826 -0.090248
v -0.003554 -0.087626 -0.096387
v -0.010474 -0.092306 -0.097888
v -0.018635 -0.097042 -0.100152
v -0.027495 -0.101409 -0.102005
v -0.036524 -0.105174 -0.104023
v -0.045054 -0.108123 -0.105375
v -0.052958 -0.109999 -0.105894
v -0.059969 -0.110782 -0.107611
v -0.065444 -0.110822 -0.111160
v -0.072088 -0.108804 -0.112960
v -0.079664 -0.104711 -0.116587
v -0.089958 -0.098050 -0.118876
v -0.102397 -0.089020 -0.120696
v -0.115944 -0.078692 -0.122551
v -0.129544 -0.068064 -0.124368
v -0.142501 -0.058267 -0.125551
v -0.154542 -0.049638 -0.125760
v -0.165278 -0.042492 -0.125697
v -0.174479 -0.036622 -0.126235
v -0.181941 -0.032189 -0.127398
v -0.188002 -0.028918 -0.128863
v -0.192635 -0.026276 -0.131241
v -0.197763 -0.024261 -0.133268
v -0.204595 -0.023030 -0.134336
v -0.213328 -0.022429 -0.134589
v -0.222515 -0.022239 -0.133469
v -0.230819 -0.022169 -0.131933
v -0.237892 -0.022217 -0.129238
v -0.245685 -0.022657 -0.127734
v 0.023431 -0.118128 -0.036804
v 0.014245 -0.108737 -0.053214
v 0.004815 -0.100776 -0.068352
v 0.002774 -0.094048 -0.081337
v 0.003495 -0.090567 -0.090292
v -0.000559 -0.090739 -0.098364
v -0.007806 -0.095385 -0.098743
v -0.015068 -0.099872 -0.100597
v -0.023851 -0.104454 -0.102841
v -0.032925 -0.108507 -0.104552
v -0.041848 -0.111934 -0.105475
v -0.050216 -0.114326 -0.105650
v -0.057927 -0.115451 -0.107073
v -0.064799 -0.115100 -0.109944
v -0.071413 -0.112777 -0.113304
v -0.079570 -0.108541 -0.116431
v -0.089989 -0.101518 -0.119186
v -0.102690 -0.092327 -0.121399
v -0.116746 -0.081605 -0.123479
v -0.130670 -0.070815 -0.125456
v -0.144148 -0.060733 -0.126713
v -0.156486 -0.052259 -0.127084
v -0.167515 -0.045225 -0.127080
v -0.176546 -0.039596 -0.127770
v -0.183578 -0.035142 -0.129179
v -0.188951 -0.031889 -0.130854
v -0.192925 -0.029086 -0.133070
v -0.197587 -0.026849 -0.134990
v -0.204466 -0.025781 -0.135614
v -0.212604 -0.025297 -0.135574
v -0.221608 -0.025417 -0.134668
v -0.229573 -0.025670 -0.133230
v -0.235854 -0.026414 -0.130539
v -0.242802 -0.027576 -0.128871
v 0.028383 -0.127299 -0.039587
v 0.020412 -0.116242 -0.055925
v 0.009718 -0.108318 -0.070297
v 0.005108 -0.100088 -0.082757
v 0.004858 -0.095465 -0.091617
v 0.001239 -0.094224 -0.099036
v -0.005151 -0.098226 -0.100041
v -0.012086 -0.102799 -0.100859
v -0.020109 -0.107134 -0.103010
v -0.029251 -0.111777 -0.105168
v -0.038450 -0.115873 -0.106194
v -0.047120 -0.118855 -0.105659
v -0.055425 -0.120437 -0.107656
v -0.062994 -0.119939 -0.110274
v -0.070472 -0.117637 -0.113893
v -0.079146 -0.112645 -0.117221
v -0.089979 -0.105269 -0.120264
v -0.103198 -0.095469 -0.122672
v -0.117639 -0.084544 -0.124741
v -0.132137 -0.073175 -0.126904
v -0.145657 -0.062978 -0.128490
v -0.158419 -0.054425 -0.128947
v -0.169331 -0.047465 -0.129349
v -0.178244 -0.041797 -0.130168
v -0.184863 -0.037561 -0.131378
v -0.189779 -0.034375 -0.132842
v -0.193293 -0.031563 -0.134880
v -0.197488 -0.029093 -0.136667
v -0.204152 -0.028140 -0.137188
v -0.212427 -0.027853 -0.137244
v -0.220899 -0.028178 -0.136645
v -0.228412 -0.029006 -0.135139
v -0.233974 -0.030481 -0.132700
v -0.239900 -0.032300 -0.130130
v 0.040086 -0.139761 -0.042906
v 0.029884 -0.126758 -0.059089
v 0.015093 -0.116973 -0.072401
v 0.008243 -0.106816 -0.085070
v 0.007212 -0.099391 -0.093260
v 0.002899 -0.097560 -0.100193
v -0.003043 -0.100934 -0.101389
v -0.008948 -0.104961 -0.101902
v -0.016911 -0.109998 -0.102708
v -0.025538 -0.114783 -0.105318
v -0.034863 -0.119820 -0.106484
v -0.044047 -0.123808 -0.105967
v -0.052634 -0.125840 -0.108106
v -0.060730 -0.125784 -0.111454
v -0.069245 -0.123025 -0.114689
v -0.078703 -0.117682 -0.118458
v -0.089891 -0.109006 -0.122131
v -0.103484 -0.098353 -0.124920
v -0.118449 -0.086594 -0.127236
v -0.133139 -0.075147 -0.129296
v -0.147215 -0.064708 -0.130821
v -0.160049 -0.056344 -0.131237
v -0.171223 -0.049421 -0.131512
v -0.179762 -0.043828 -0.132374
v -0.186136 -0.039678 -0.133449
v -0.190436 -0.036414 -0.134989
v -0.193690 -0.033710 -0.136706
v -0.196831 -0.030409 -0.139077
v -0.204071 -0.029780 -0.139549
v -0.212335 -0.030202 -0.139406
v -0.220553 -0.030452 -0.138968
v -0.227780 -0.032137 -0.137760
v -0.232168 -0.034166 -0.135184
v -0.236200 -0.037012 -0.132651
v 0.060040 -0.154812 -0.047108
v 0.042705 -0.141147 -0.062828
v 0.022369 -0.127610 -0.076931
v 0.012925 -0.112548 -0.087609
v 0.008777 -0.103418 -0.095733
v 0.004673 -0.099461 -0.102075
v -0.000837 -0.103114 -0.102910
v -0.006492 -0.107172 -0.103362
v -0.013551 -0.111993 -0.103743
v -0.022221 -0.117641 -0.104742
v -0.031420 -0.123669 -0.106432
v -0.040871 -0.128698 -0.105720
v -0.049973 -0.131905 -0.108637
v -0.058369 -0.131963 -0.112688
v -0.067931 -0.129355 -0.116116
v -0.078435 -0.122991 -0.119924
v -0.089853 -0.112803 -0.124940
v -0.104206 -0.101117 -0.127712
v -0.119612 -0.089034 -0.129675
v -0.134737 -0.077255 -0.131565
v -0.148839 -0.066882 -0.132894
v -0.161898 -0.058323 -0.133196
v -0.172825 -0.051397 -0.133564
v -0.181242 -0.045644 -0.134566
v -0.187235 -0.041539 -0.135550
v -0.191142 -0.038233 -0.136960
v -0.194083 -0.035510 -0.138592
v -0.196679 -0.032245 -0.141274
v -0.204563 -0.032235 -0.141380
v -0.212007 -0.032127 -0.141701
v -0.220852 -0.032893 -0.141930
v -0.228017 -0.033893 -0.141450
v -0.230638 -0.037469 -0.137957
v -0.233489 -0.040641 -0.135984
v 0.210070 0.674602 -0.004314
v 0.205382 0.670320 -0.001938
v 0.200641 0.665053 0.002322
v 0.191282 0.665840 0.008250
v 0.210620 0.676501 -0.004644
v 0.205751 0.672160 -0.001266
v 0.201050 0.666574 0.001275
v 0.188626 0.660370 0.005736
v 0.212008 0.679146 -0.003726
v 0.207180 0.673244 0.000166
v 0.202732 0.666632 0.001982
v 0.194089 0.656533 0.007843
v 0.215079 0.679265 -0.002901
v 0.209867 0.672801 0.000203
v 0.204528 0.666077 0.002459
v 0.195435 0.655932 0.008703
v 0.217179 0.678362 -0.003061
v 0.212273 0.671932 0.000302
v 0.206447 0.664791 0.002879
v 0.198131 0.654895 0.010416
v 0.218710 0.676448 -0.002824
v 0.214128 0.670720 0.000290
v 0.208517 0.662711 0.002719
v 0.201939 0.654388 0.012262
v 0.219887 0.675253 -0.002956
v 0.215707 0.668733 0.000336
v 0.211018 0.661115 0.002284
v 0.204889 0.653391 0.014038
v 0.210654 0.672480 -0.006277
v 0.212714 0.673483 -0.009148
v 0.213067 0.673211 -0.010772
v 0.214197 0.673854 -0.013418
v 0.214054 0.673103 -0.014968
v 0.213697 0.672075 -0.016763
v 0.212996 0.670710 -0.018358
v 0.206871 0.668454 -0.004146
v 0.207679 0.667548 -0.005843
v 0.209495 0.668159 -0.008737
v 0.209789 0.667766 -0.010736
v 0.210253 0.667515 -0.013064
v 0.210227 0.666671 -0.014987
v 0.209833 0.665057 -0.017279
v 0.199312 0.663403 0.000058
v 0.200883 0.661788 -0.002085
v 0.202472 0.660187 -0.004878
v 0.203941 0.659300 -0.007917
v 0.204491 0.658989 -0.009604
v 0.204594 0.657823 -0.012640
v 0.204349 0.655990 -0.014863
v 0.187553 0.663683 0.001349
v 0.188334 0.663070 -0.002808
v 0.188284 0.659288 -0.005310
v 0.189616 0.658707 -0.009330
v 0.189597 0.656473 -0.010797
v 0.189313 0.653520 -0.013109
v 0.188685 0.650490 -0.016623
v 0.215923 0.679224 -0.008828
v 0.218222 0.682334 -0.009798
v 0.219853 0.685087 -0.010394
v 0.221280 0.688431 -0.009937
v 0.224241 0.687020 -0.008626
v 0.224873 0.684062 -0.007986
v 0.224838 0.681209 -0.006933
v 0.218173 0.680935 -0.011841
v 0.220101 0.683592 -0.012125
v 0.222145 0.686311 -0.012691
v 0.223769 0.689143 -0.012882
v 0.226783 0.689603 -0.010802
v 0.227357 0.685723 -0.009683
v 0.226540 0.681505 -0.008428
v 0.218838 0.681136 -0.013616
v 0.221177 0.684267 -0.014414
v 0.223060 0.686889 -0.014583
v 0.225037 0.689278 -0.014722
v 0.228501 0.689421 -0.013521
v 0.229172 0.685319 -0.011479
v 0.227725 0.680692 -0.010143
v 0.219248 0.681184 -0.015751
v 0.221039 0.683917 -0.016147
v 0.223032 0.686566 -0.016449
v 0.225606 0.688654 -0.016859
v 0.229518 0.687801 -0.015897
v 0.229303 0.683246 -0.013587
v 0.227955 0.678791 -0.011927
v 0.218288 0.679949 -0.017466
v 0.220592 0.682752 -0.017889
v 0.222920 0.684629 -0.018211
v 0.225498 0.685798 -0.018587
v 0.228830 0.684011 -0.018020
v 0.228338 0.680660 -0.015364
v 0.227365 0.675317 -0.013706
v 0.217337 0.678639 -0.019082
v 0.219702 0.680003 -0.019630
v 0.222230 0.681904 -0.019563
v 0.224611 0.681732 -0.019672
v 0.226883 0.680174 -0.018809
v 0.226964 0.675923 -0.017005
v 0.226705 0.672163 -0.015355
v 0.216209 0.675422 -0.020630
v 0.218690 0.677417 -0.020890
v 0.220810 0.677538 -0.021273
v 0.223273 0.677303 -0.021002
v 0.225071 0.674522 -0.020144
v 0.225863 0.671785 -0.018422
v 0.225194 0.667288 -0.016929
v 0.222376 0.673024 -0.003484
v 0.219248 0.666475 -0.000598
v 0.214935 0.659225 0.002539
v 0.207474 0.647156 0.008048
v 0.223504 0.671292 -0.004468
v 0.220601 0.665013 -0.001636
v 0.216839 0.657088 0.001631
v 0.213359 0.647878 0.007573
v 0.224626 0.669149 -0.005635
v 0.221696 0.662443 -0.002927
v 0.217792 0.654991 0.000361
v 0.212402 0.645888 0.004297
v 0.224792 0.666532 -0.007507
v 0.222212 0.659635 -0.004521
v 0.219207 0.652173 -0.001303
v 0.215463 0.643640 0.001890
v 0.224795 0.663377 -0.009371
v 0.222394 0.656778 -0.006666
v 0.219554 0.649478 -0.003561
v 0.216761 0.641271 -0.000476
v 0.224167 0.660651 -0.011477
v 0.222335 0.653928 -0.008935
v 0.219991 0.646712 -0.006141
v 0.217275 0.638987 -0.003356
v 0.223559 0.658137 -0.013706
v 0.221813 0.651667 -0.011476
v 0.219411 0.644575 -0.009095
v 0.216285 0.636932 -0.006663
v 0.212688 0.668130 -0.021729
v 0.214173 0.667389 -0.022690
v 0.215836 0.665507 -0.023495
v 0.218325 0.663463 -0.023374
v 0.220406 0.660942 -0.022180
v 0.222176 0.658855 -0.020121
v 0.222325 0.657253 -0.017789
v 0.209115 0.661895 -0.020822
v 0.209759 0.659687 -0.022280
v 0.211731 0.657396 -0.023410
v 0.214204 0.654812 -0.023327
v 0.216912 0.652447 -0.022318
v 0.219377 0.650552 -0.019948
v 0.220320 0.650114 -0.016847
v 0.203339 0.652769 -0.018658
v 0.204249 0.650887 -0.020608
v 0.205897 0.648409 -0.021842
v 0.208822 0.645942 -0.021803
v 0.212167 0.643668 -0.020809
v 0.215010 0.642449 -0.018449
v 0.216705 0.642502 -0.015155
v 0.191688 0.643704 -0.018691
v 0.194947 0.641361 -0.017826
v 0.198824 0.639547 -0.018472
v 0.202370 0.637649 -0.018504
v 0.205998 0.636218 -0.017960
v 0.209833 0.635084 -0.015759
v 0.212328 0.635067 -0.013185
v -0.243463 -0.049422 -0.137332
v -0.252871 -0.045042 -0.135295
v -0.257376 -0.036822 -0.137396
v -0.262394 -0.034319 -0.133941
v -0.269806 -0.029847 -0.130314
v -0.269212 -0.018494 -0.129707
v -0.265494 -0.013427 -0.133979
v -0.263038 -0.010336 -0.136239
v -0.247332 -0.047575 -0.144676
v -0.255340 -0.042148 -0.145388
v -0.260926 -0.036936 -0.143977
v -0.267338 -0.032271 -0.143925
v -0.273455 -0.027811 -0.141886
v -0.279972 -0.023781 -0.140100
v -0.278585 -0.012484 -0.137860
v -0.268963 -0.008669 -0.139886
v -0.249719 -0.046023 -0.151737
v -0.255978 -0.041163 -0.150823
v -0.261874 -0.035434 -0.150470
v -0.268579 -0.030825 -0.149798
v -0.273654 -0.026417 -0.150139
v -0.278817 -0.021691 -0.149054
v -0.284592 -0.015192 -0.147742
v -0.275405 -0.006191 -0.146813
v -0.249869 -0.044253 -0.157285
v -0.255766 -0.039400 -0.156682
v -0.262736 -0.034736 -0.156569
v -0.267901 -0.030067 -0.156328
v -0.274189 -0.025232 -0.156473
v -0.278488 -0.021244 -0.156915
v -0.286408 -0.013929 -0.156948
v -0.275438 -0.005400 -0.154860
v -0.249903 -0.042563 -0.162593
v -0.256852 -0.038441 -0.162558
v -0.262054 -0.033856 -0.162258
v -0.268489 -0.029375 -0.163059
v -0.273116 -0.025307 -0.163016
v -0.278196 -0.020410 -0.164416
v -0.284462 -0.011670 -0.166513
v -0.271961 -0.004788 -0.162247
v -0.251062 -0.041811 -0.167856
v -0.256610 -0.037447 -0.168091
v -0.262544 -0.033346 -0.168900
v -0.267276 -0.029592 -0.168788
v -0.272770 -0.024972 -0.171087
v -0.278249 -0.020738 -0.172709
v -0.276531 -0.008446 -0.173612
v -0.267892 -0.005260 -0.168217
v -0.251407 -0.041646 -0.171574
v -0.257031 -0.038002 -0.172833
v -0.261047 -0.033974 -0.174424
v -0.265202 -0.029687 -0.177081
v -0.270366 -0.026902 -0.180138
v -0.272118 -0.014927 -0.183838
v -0.266978 -0.008108 -0.176805
v -0.262020 -0.004794 -0.171764
v -0.295112 0.358177 -0.075618
v -0.294178 0.363658 -0.076211
v -0.294716 0.370525 -0.080014
v -0.290622 0.377695 -0.081810
v -0.285215 0.383528 -0.082751
v -0.280432 0.389382 -0.084105
v -0.275101 0.392825 -0.084189
v -0.269093 0.395539 -0.083805
v -0.261128 0.396332 -0.081860
v -0.250901 0.398393 -0.079668
v -0.238265 0.400772 -0.078738
v -0.225087 0.402643 -0.076752
v -0.211555 0.404536 -0.075628
v -0.199240 0.406090 -0.074806
v -0.188554 0.407066 -0.073505
v -0.179675 0.407929 -0.072949
v -0.173420 0.405713 -0.071037
v -0.169680 0.401800 -0.069066
v -0.166710 0.397234 -0.067211
v -0.162746 0.391860 -0.065896
v -0.157458 0.384560 -0.064949
v -0.150639 0.374829 -0.064711
v -0.142874 0.363055 -0.064527
v -0.134782 0.350794 -0.064051
v -0.127475 0.338574 -0.062445
v -0.120640 0.328023 -0.060654
v -0.113544 0.318273 -0.058094
v -0.106297 0.309135 -0.055049
v -0.098809 0.300140 -0.041457
v -0.096367 0.296790 -0.019953
v -0.296695 0.357823 -0.071105
v -0.295664 0.365567 -0.073233
v -0.296206 0.371075 -0.077541
v -0.291863 0.378632 -0.080009
v -0.286165 0.384842 -0.081292
v -0.281222 0.390193 -0.082883
v -0.275660 0.393734 -0.082876
v -0.269693 0.396453 -0.082641
v -0.261875 0.398168 -0.080411
v -0.251483 0.400736 -0.079844
v -0.239393 0.403091 -0.078828
v -0.226091 0.404949 -0.076977
v -0.212976 0.406674 -0.075619
v -0.200344 0.408132 -0.074574
v -0.189294 0.409077 -0.073447
v -0.180139 0.408969 -0.071671
v -0.173305 0.407010 -0.069540
v -0.169125 0.403198 -0.066969
v -0.165632 0.398797 -0.064834
v -0.160925 0.393556 -0.063346
v -0.155097 0.386911 -0.063024
v -0.148154 0.377688 -0.062594
v -0.140509 0.366513 -0.061802
v -0.132412 0.354555 -0.061164
v -0.124768 0.342955 -0.059713
v -0.117360 0.331846 -0.058006
v -0.110295 0.322618 -0.055761
v -0.101793 0.313814 -0.052891
v -0.091997 0.305084 -0.040380
v -0.095995 0.305834 -0.016531
v -0.301458 0.359596 -0.067533
v -0.299473 0.366476 -0.069737
v -0.297747 0.372755 -0.075380
v -0.293381 0.379620 -0.078486
v -0.287842 0.386186 -0.080007
v -0.282425 0.391531 -0.081977
v -0.276813 0.394964 -0.081383
v -0.270645 0.397983 -0.081275
v -0.262719 0.400610 -0.080862
v -0.252733 0.403326 -0.079910
v -0.240760 0.405588 -0.078662
v -0.227887 0.407564 -0.076914
v -0.214652 0.409156 -0.075191
v -0.201990 0.410550 -0.073808
v -0.190173 0.411526 -0.072307
v -0.180600 0.411077 -0.070152
v -0.172984 0.408927 -0.067693
v -0.168195 0.405089 -0.064741
v -0.164026 0.400613 -0.061938
v -0.158472 0.395855 -0.061321
v -0.152099 0.389482 -0.061252
v -0.145272 0.380835 -0.060344
v -0.137643 0.370355 -0.059326
v -0.129696 0.358893 -0.058224
v -0.121926 0.347210 -0.057266
v -0.114267 0.336554 -0.055852
v -0.106671 0.326824 -0.054103
v -0.098085 0.319921 -0.051774
v -0.088350 0.313847 -0.036748
v -0.095443 0.314824 -0.014075
v -0.308375 0.360554 -0.066778
v -0.304897 0.367537 -0.070266
v -0.300831 0.373591 -0.074414
v -0.296013 0.381245 -0.077821
v -0.290160 0.387823 -0.079716
v -0.284459 0.393378 -0.081265
v -0.278549 0.397255 -0.080903
v -0.272085 0.400416 -0.080618
v -0.264009 0.403377 -0.079868
v -0.254090 0.406203 -0.079409
v -0.242526 0.408522 -0.077935
v -0.229935 0.410297 -0.076175
v -0.216682 0.411829 -0.074286
v -0.203543 0.413094 -0.072279
v -0.191583 0.413925 -0.070438
v -0.181005 0.413507 -0.068092
v -0.172631 0.411403 -0.065609
v -0.167057 0.407542 -0.062055
v -0.161659 0.403102 -0.059575
v -0.155631 0.398197 -0.058634
v -0.149067 0.392320 -0.059085
v -0.141971 0.384257 -0.058485
v -0.134122 0.374585 -0.058184
v -0.126301 0.363570 -0.057625
v -0.118665 0.352151 -0.056031
v -0.111149 0.341128 -0.054454
v -0.103915 0.332445 -0.053061
v -0.093650 0.324677 -0.051093
v -0.091238 0.324168 -0.032772
v -0.094382 0.324239 -0.012591
v -0.314252 0.361882 -0.069463
v -0.309738 0.368039 -0.070897
v -0.304921 0.375842 -0.074362
v -0.299278 0.382694 -0.077296
v -0.292945 0.390183 -0.079553
v -0.286997 0.395573 -0.080913
v -0.280674 0.400094 -0.080146
v -0.273476 0.403353 -0.079239
v -0.265274 0.406323 -0.078353
v -0.255399 0.409274 -0.078059
v -0.244311 0.411331 -0.076532
v -0.231807 0.413129 -0.074962
v -0.218738 0.414619 -0.073023
v -0.205380 0.415697 -0.070813
v -0.192784 0.416126 -0.068083
v -0.181825 0.415834 -0.065696
v -0.172449 0.414249 -0.063432
v -0.165543 0.410488 -0.059561
v -0.159178 0.406270 -0.056913
v -0.152346 0.401225 -0.056636
v -0.145577 0.395474 -0.057887
v -0.138421 0.388022 -0.058046
v -0.130757 0.378761 -0.057603
v -0.122985 0.368208 -0.056362
v -0.115441 0.356928 -0.054900
v -0.107857 0.345953 -0.053626
v -0.100508 0.337322 -0.052756
v -0.085971 0.331375 -0.053296
v -0.094767 0.333115 -0.033584
v -0.092709 0.336879 -0.011281
v -0.319637 0.362497 -0.071322
v -0.314748 0.370322 -0.072868
v -0.309254 0.376534 -0.075224
v -0.302489 0.385580 -0.078265
v -0.296610 0.391894 -0.079892
v -0.289572 0.398783 -0.080815
v -0.282685 0.403197 -0.080108
v -0.275342 0.407149 -0.078583
v -0.266130 0.410148 -0.077512
v -0.256665 0.412643 -0.076585
v -0.245574 0.414771 -0.075619
v -0.233561 0.416459 -0.074380
v -0.220265 0.417831 -0.072599
v -0.206814 0.418983 -0.070077
v -0.193823 0.419565 -0.067602
v -0.182245 0.419251 -0.064709
v -0.172431 0.417551 -0.061151
v -0.164403 0.414336 -0.057254
v -0.156074 0.410043 -0.055979
v -0.148878 0.404877 -0.055636
v -0.141964 0.398843 -0.056885
v -0.134760 0.391486 -0.057755
v -0.127215 0.382683 -0.057995
v -0.119115 0.372042 -0.057201
v -0.111232 0.360405 -0.055570
v -0.103861 0.350349 -0.054040
v -0.096663 0.341693 -0.053213
v -0.089127 0.336986 -0.047391
v -0.091367 0.344385 -0.034468
v -0.089934 0.350468 -0.012960
v -0.291521 0.356189 -0.081526
v -0.288995 0.354251 -0.084270
v -0.285066 0.353321 -0.089080
v -0.285743 0.352347 -0.096706
v -0.288418 0.352088 -0.103529
v -0.292430 0.352857 -0.109705
v -0.296064 0.355173 -0.114535
v -0.291618 0.361648 -0.082176
v -0.289277 0.360573 -0.085927
v -0.287538 0.359499 -0.089917
v -0.286691 0.358567 -0.095369
v -0.288390 0.358510 -0.101585
v -0.291531 0.358822 -0.106532
v -0.294627 0.360654 -0.110444
v -0.291989 0.368504 -0.084984
v -0.290894 0.367067 -0.087255
v -0.289169 0.365954 -0.090602
v -0.287780 0.365160 -0.094330
v -0.288186 0.364679 -0.098916
v -0.290001 0.365667 -0.103159
v -0.293541 0.366284 -0.105865
v -0.288848 0.375643 -0.085342
v -0.288366 0.375023 -0.088190
v -0.288060 0.373569 -0.090644
v -0.287735 0.372659 -0.093392
v -0.288680 0.372013 -0.096319
v -0.289697 0.372184 -0.099445
v -0.290319 0.373795 -0.101955
v -0.283985 0.382068 -0.086339
v -0.284077 0.381159 -0.088044
v -0.283974 0.380815 -0.090337
v -0.284120 0.379831 -0.092424
v -0.285067 0.379822 -0.094817
v -0.285720 0.380050 -0.097268
v -0.286367 0.380749 -0.100028
v -0.279819 0.387839 -0.086863
v -0.279466 0.387448 -0.088466
v -0.279656 0.386971 -0.090041
v -0.279734 0.386701 -0.091785
v -0.280484 0.386764 -0.093489
v -0.281233 0.386992 -0.095812
v -0.281220 0.388121 -0.097714
v -0.274474 0.392024 -0.087070
v -0.274377 0.391966 -0.088414
v -0.274180 0.392143 -0.089880
v -0.274153 0.392394 -0.091173
v -0.274657 0.392974 -0.092583
v -0.274982 0.394001 -0.094271
v -0.275994 0.394633 -0.096197
v -0.268297 0.394690 -0.086550
v -0.267724 0.394702 -0.088103
v -0.267036 0.394768 -0.089452
v -0.266580 0.395167 -0.090984
v -0.266347 0.396032 -0.092709
v -0.266578 0.396880 -0.094532
v -0.266004 0.398249 -0.096689
v -0.260290 0.394865 -0.085406
v -0.259563 0.394555 -0.087269
v -0.258570 0.394467 -0.089786
v -0.257922 0.396521 -0.091150
v -0.257616 0.398421 -0.092304
v -0.257390 0.400189 -0.093982
v -0.257524 0.401443 -0.095755
v -0.250082 0.395579 -0.083595
v -0.249419 0.395256 -0.086055
v -0.248603 0.395681 -0.088775
v -0.247928 0.398083 -0.090274
v -0.247695 0.400201 -0.091528
v -0.247600 0.402091 -0.093040
v -0.247336 0.403982 -0.094958
v -0.237653 0.397023 -0.081732
v -0.237582 0.396762 -0.084364
v -0.237042 0.397422 -0.087129
v -0.236866 0.399491 -0.088961
v -0.236817 0.401674 -0.090145
v -0.236981 0.403868 -0.091613
v -0.237211 0.405665 -0.093400
v -0.224405 0.398946 -0.080043
v -0.224502 0.398436 -0.082583
v -0.224683 0.398968 -0.085332
v -0.225025 0.400840 -0.087240
v -0.225470 0.403183 -0.088442
v -0.226055 0.405298 -0.089701
v -0.226380 0.407363 -0.091450
v -0.210881 0.400803 -0.078181
v -0.211382 0.400226 -0.080786
v -0.212252 0.400518 -0.083410
v -0.212920 0.401888 -0.085903
v -0.213987 0.404123 -0.086790
v -0.214835 0.406460 -0.087957
v -0.215490 0.408447 -0.089447
v -0.198567 0.403434 -0.077247
v -0.199278 0.402503 -0.079117
v -0.200081 0.402339 -0.081564
v -0.201474 0.402902 -0.083880
v -0.202719 0.404882 -0.085677
v -0.203698 0.407013 -0.086315
v -0.204526 0.409212 -0.087584
v -0.188158 0.405531 -0.076114
v -0.188680 0.405175 -0.077905
v -0.189946 0.404919 -0.079695
v -0.191033 0.404982 -0.081714
v -0.192054 0.405274 -0.083847
v -0.193241 0.407278 -0.085179
v -0.193611 0.409405 -0.085917
v -0.179466 0.407259 -0.075217
v -0.179992 0.407269 -0.076605
v -0.180803 0.407099 -0.078378
v -0.182045 0.406844 -0.079938
v -0.183008 0.406788 -0.081565
v -0.183325 0.407240 -0.083279
v -0.183763 0.408835 -0.084580
v -0.173271 0.404610 -0.073972
v -0.173176 0.404774 -0.075506
v -0.173353 0.405143 -0.077197
v -0.173561 0.405777 -0.078661
v -0.173853 0.406587 -0.079956
v -0.174153 0.407156 -0.081220
v -0.173983 0.407912 -0.082553
v -0.169651 0.400478 -0.072882
v -0.169266 0.400394 -0.074738
v -0.168841 0.400416 -0.076639
v -0.168293 0.400592 -0.078434
v -0.167492 0.401097 -0.080276
v -0.166913 0.401813 -0.082160
v -0.166171 0.403058 -0.083765
v -0.166556 0.395706 -0.071970
v -0.165885 0.395372 -0.074209
v -0.165030 0.394963 -0.076510
v -0.163827 0.394769 -0.078805
v -0.162048 0.395037 -0.080676
v -0.160695 0.395734 -0.082888
v -0.159729 0.397088 -0.085008
v -0.162939 0.389860 -0.071215
v -0.162209 0.388992 -0.073857
v -0.161108 0.388218 -0.076666
v -0.159392 0.387321 -0.079392
v -0.157625 0.387122 -0.082268
v -0.155767 0.387830 -0.084588
v -0.154010 0.389325 -0.086802
v -0.158703 0.381530 -0.070674
v -0.158296 0.380294 -0.073866
v -0.157093 0.378842 -0.077238
v -0.155426 0.377851 -0.080900
v -0.152796 0.377540 -0.083858
v -0.150391 0.378316 -0.086696
v -0.148687 0.380136 -0.089246
v -0.153935 0.370090 -0.070092
v -0.153491 0.368449 -0.074014
v -0.152372 0.367146 -0.078165
v -0.150146 0.366178 -0.082308
v -0.146948 0.366336 -0.085676
v -0.144479 0.367448 -0.088747
v -0.142063 0.369106 -0.091959
v -0.146683 0.357018 -0.069968
v -0.146758 0.355290 -0.074254
v -0.145935 0.353805 -0.078815
v -0.144121 0.353133 -0.083759
v -0.140693 0.353861 -0.087375
v -0.137725 0.355278 -0.091121
v -0.135140 0.357626 -0.094715
v -0.139333 0.343850 -0.069540
v -0.139770 0.341596 -0.074120
v -0.139522 0.340176 -0.079145
v -0.138121 0.339711 -0.084755
v -0.134694 0.340838 -0.089410
v -0.131050 0.342999 -0.093017
v -0.127572 0.345719 -0.097441
v -0.132130 0.331495 -0.068852
v -0.133611 0.328953 -0.073270
v -0.133711 0.327295 -0.078879
v -0.132423 0.326938 -0.085010
v -0.129311 0.328183 -0.090831
v -0.124825 0.330809 -0.095432
v -0.119958 0.334253 -0.099205
v -0.126226 0.320603 -0.067242
v -0.128421 0.317528 -0.071793
v -0.128472 0.315782 -0.077831
v -0.127161 0.315183 -0.084576
v -0.123892 0.316398 -0.091160
v -0.118310 0.319181 -0.096794
v -0.111948 0.323207 -0.100584
v -0.120993 0.310734 -0.064423
v -0.123860 0.307227 -0.069240
v -0.124175 0.304913 -0.075959
v -0.122586 0.303991 -0.083187
v -0.118524 0.304540 -0.091168
v -0.112300 0.307604 -0.097779
v -0.102950 0.311987 -0.102669
v -0.115102 0.301420 -0.060353
v -0.118905 0.297749 -0.065234
v -0.120335 0.294162 -0.072352
v -0.118388 0.292136 -0.080977
v -0.113465 0.292353 -0.090306
v -0.103344 0.294693 -0.098279
v -0.095579 0.299303 -0.106672
v -0.112180 0.292763 -0.049411
v -0.117496 0.287393 -0.057464
v -0.117203 0.282328 -0.067024
v -0.114486 0.278282 -0.077132
v -0.106129 0.277240 -0.089159
v -0.094357 0.283284 -0.093964
v -0.080775 0.287082 -0.101895
v -0.109398 0.282850 -0.034156
v -0.112931 0.275109 -0.047184
v -0.108445 0.271526 -0.059430
v -0.103747 0.268449 -0.070133
v -0.095132 0.267223 -0.080978
v -0.082245 0.269461 -0.090307
v -0.070915 0.276247 -0.097036
v -0.294305 0.345241 -0.077659
v -0.301994 0.342409 -0.077136
v -0.309260 0.343570 -0.077408
v -0.316039 0.343968 -0.077150
v -0.322328 0.345846 -0.074418
v -0.330365 0.350862 -0.073733
v -0.295331 0.340683 -0.083080
v -0.304478 0.339937 -0.084899
v -0.311973 0.339718 -0.084696
v -0.319853 0.339750 -0.084069
v -0.327466 0.340465 -0.082900
v -0.338277 0.346838 -0.075607
v -0.295874 0.338196 -0.090014
v -0.305106 0.338477 -0.090859
v -0.314805 0.338170 -0.091688
v -0.323291 0.338079 -0.091289
v -0.332017 0.339064 -0.089520
v -0.343409 0.346708 -0.085452
v -0.296302 0.337371 -0.096445
v -0.306251 0.337346 -0.097240
v -0.316611 0.337136 -0.097631
v -0.326056 0.337002 -0.097599
v -0.338766 0.335075 -0.094630
v -0.342724 0.350973 -0.093520
v -0.297495 0.336980 -0.103970
v -0.308546 0.336221 -0.103414
v -0.317260 0.336048 -0.103725
v -0.329021 0.336071 -0.104322
v -0.347625 0.337552 -0.104361
v -0.340265 0.353693 -0.100413
v -0.299509 0.335851 -0.111602
v -0.309287 0.335359 -0.110458
v -0.320872 0.335777 -0.111468
v -0.332240 0.330873 -0.117755
v -0.340117 0.349303 -0.111497
v -0.336749 0.357661 -0.104372
v -0.299049 0.342945 -0.123420
v -0.313513 0.334840 -0.127063
v -0.321078 0.342331 -0.124658
v -0.329827 0.349859 -0.118052
v -0.332464 0.356560 -0.111588
v -0.333343 0.360606 -0.106645
v -0.327257 0.364157 -0.076582
v -0.322585 0.372884 -0.077387
v -0.316846 0.380091 -0.079112
v -0.309059 0.389349 -0.081064
v -0.302859 0.396436 -0.082045
v -0.295381 0.404265 -0.081571
v -0.287749 0.410350 -0.079783
v -0.279223 0.415392 -0.078880
v -0.268359 0.418753 -0.077956
v -0.258460 0.420656 -0.077554
v -0.247116 0.422022 -0.077369
v -0.235170 0.423235 -0.076243
v -0.221961 0.424708 -0.074204
v -0.208416 0.426104 -0.071422
v -0.195223 0.427209 -0.068321
v -0.183087 0.427617 -0.064985
v -0.172478 0.426982 -0.060371
v -0.161312 0.424567 -0.056285
v -0.150671 0.419230 -0.056317
v -0.141708 0.412600 -0.057398
v -0.134295 0.405178 -0.059421
v -0.126861 0.396250 -0.061638
v -0.118430 0.386411 -0.060730
v -0.108614 0.374487 -0.059329
v -0.099099 0.362534 -0.057066
v -0.094389 0.351824 -0.059669
v -0.087365 0.342551 -0.060630
v -0.079929 0.345977 -0.053183
v -0.078210 0.356884 -0.044358
v -0.073685 0.372202 -0.028691
v -0.330521 0.365442 -0.080076
v -0.326049 0.373703 -0.080530
v -0.318959 0.382208 -0.082448
v -0.312413 0.390312 -0.083891
v -0.305016 0.398594 -0.084256
v -0.299026 0.406517 -0.083515
v -0.291925 0.414317 -0.081138
v -0.281489 0.420401 -0.079592
v -0.270607 0.423474 -0.079536
v -0.258855 0.424378 -0.080077
v -0.247668 0.424981 -0.079718
v -0.235400 0.426221 -0.078410
v -0.222248 0.427612 -0.076415
v -0.208534 0.429425 -0.073562
v -0.195501 0.431190 -0.070073
v -0.183400 0.432217 -0.066529
v -0.172123 0.432546 -0.061777
v -0.160072 0.430001 -0.058225
v -0.147914 0.424031 -0.058069
v -0.138301 0.416275 -0.059372
v -0.130289 0.407389 -0.061524
v -0.122641 0.397614 -0.063384
v -0.112520 0.386294 -0.062175
v -0.102774 0.373871 -0.061187
v -0.095253 0.360851 -0.062148
v -0.089807 0.349834 -0.063575
v -0.084983 0.341935 -0.063941
v -0.074125 0.345067 -0.057605
v -0.075280 0.360682 -0.052433
v -0.065216 0.374737 -0.039304
v -0.332167 0.366100 -0.085551
v -0.328177 0.375175 -0.085301
v -0.320341 0.382906 -0.086965
v -0.313277 0.391045 -0.087725
v -0.306825 0.399218 -0.088232
v -0.301258 0.408001 -0.087388
v -0.295490 0.417192 -0.085083
v -0.284859 0.424637 -0.083522
v -0.271568 0.427365 -0.083190
v -0.259710 0.427322 -0.083340
v -0.247830 0.427649 -0.082559
v -0.235580 0.428740 -0.081020
v -0.222146 0.430175 -0.078989
v -0.208467 0.432275 -0.076144
v -0.195348 0.434629 -0.072560
v -0.183314 0.436781 -0.068893
v -0.172052 0.437912 -0.063810
v -0.158238 0.435903 -0.060288
v -0.145257 0.428842 -0.060598
v -0.134760 0.419525 -0.062140
v -0.126432 0.409605 -0.063843
v -0.118148 0.398260 -0.065374
v -0.107962 0.386215 -0.064913
v -0.098016 0.372561 -0.065019
v -0.091629 0.359422 -0.065995
v -0.086628 0.350461 -0.066836
v -0.080611 0.345915 -0.067422
v -0.071949 0.347310 -0.063746
v -0.069901 0.362129 -0.059271
v -0.059057 0.373799 -0.047351
v -0.332522 0.367249 -0.090427
v -0.328219 0.376270 -0.090485
v -0.320639 0.383410 -0.091071
v -0.313760 0.391285 -0.091819
v -0.307727 0.399536 -0.092050
v -0.303122 0.408556 -0.091610
v -0.298099 0.418522 -0.089882
v -0.287115 0.427592 -0.087902
v -0.272965 0.430669 -0.087167
v -0.259910 0.429744 -0.087010
v -0.247922 0.429795 -0.085763
v -0.235380 0.430676 -0.084075
v -0.221938 0.432177 -0.081939
v -0.208036 0.434505 -0.078945
v -0.195060 0.437873 -0.075630
v -0.183236 0.440819 -0.071936
v -0.171638 0.444478 -0.067797
v -0.155932 0.442894 -0.064573
v -0.141756 0.433297 -0.065343
v -0.131969 0.422338 -0.066769
v -0.123757 0.410860 -0.068027
v -0.115103 0.398911 -0.068765
v -0.104461 0.386087 -0.068978
v -0.095342 0.371712 -0.069334
v -0.089129 0.359376 -0.069999
v -0.084252 0.350627 -0.070538
v -0.078568 0.347193 -0.070578
v -0.070272 0.349744 -0.067982
v -0.065795 0.361859 -0.064286
v -0.053980 0.372086 -0.054576
v -0.332044 0.368896 -0.095170
v -0.327548 0.377118 -0.094729
v -0.320524 0.383798 -0.095366
v -0.313880 0.391421 -0.095624
v -0.308420 0.399523 -0.095950
v -0.304362 0.408492 -0.095950
v -0.300544 0.419085 -0.094875
v -0.289711 0.430123 -0.093621
v -0.273066 0.433641 -0.092306
v -0.259983 0.430951 -0.091128
v -0.247488 0.430424 -0.089454
v -0.234957 0.431256 -0.087592
v -0.221258 0.432848 -0.085215
v -0.207237 0.435513 -0.082549
v -0.194139 0.438925 -0.079561
v -0.182213 0.442318 -0.077512
v -0.170372 0.446730 -0.075849
v -0.154008 0.445374 -0.074787
v -0.140497 0.434726 -0.073496
v -0.131246 0.422698 -0.073029
v -0.123352 0.410967 -0.072769
v -0.114347 0.398624 -0.073014
v -0.103555 0.385479 -0.073375
v -0.093756 0.371427 -0.073752
v -0.087496 0.359322 -0.074149
v -0.082854 0.351140 -0.074346
v -0.076301 0.347770 -0.073946
v -0.068722 0.351009 -0.071793
v -0.061828 0.360971 -0.069757
v -0.049748 0.370353 -0.061462
v -0.331018 0.370804 -0.099111
v -0.326183 0.377071 -0.099389
v -0.319585 0.384003 -0.099051
v -0.313748 0.391184 -0.099576
v -0.308457 0.399111 -0.099828
v -0.304469 0.407635 -0.100491
v -0.301471 0.418223 -0.101778
v -0.290275 0.430540 -0.102549
v -0.272568 0.433649 -0.099125
v -0.259230 0.430468 -0.095325
v -0.246995 0.429743 -0.092878
v -0.234096 0.430758 -0.090948
v -0.220341 0.432563 -0.088590
v -0.206309 0.435115 -0.085996
v -0.193005 0.437970 -0.083732
v -0.181061 0.440724 -0.082242
v -0.169255 0.443443 -0.083199
v -0.154574 0.441067 -0.082574
v -0.141939 0.432057 -0.080451
v -0.132701 0.421108 -0.078210
v -0.124239 0.409909 -0.077140
v -0.114823 0.397864 -0.076815
v -0.103298 0.384933 -0.077407
v -0.093131 0.371373 -0.077809
v -0.086308 0.358916 -0.078458
v -0.081586 0.350684 -0.078452
v -0.074791 0.346865 -0.077383
v -0.067212 0.351340 -0.076843
v -0.058389 0.358877 -0.074974
v -0.045656 0.367551 -0.068841
v -0.329371 0.371178 -0.103421
v -0.324475 0.377849 -0.102934
v -0.318126 0.382772 -0.103156
v -0.312229 0.390484 -0.102874
v -0.307165 0.397857 -0.103459
v -0.302727 0.406213 -0.104671
v -0.297874 0.415212 -0.107271
v -0.286591 0.425508 -0.108349
v -0.270917 0.429977 -0.104250
v -0.258448 0.428563 -0.098742
v -0.245940 0.428326 -0.096028
v -0.233188 0.429459 -0.093937
v -0.219463 0.431395 -0.091876
v -0.205338 0.433398 -0.089177
v -0.192235 0.435494 -0.087014
v -0.180230 0.436904 -0.085700
v -0.168710 0.438178 -0.086705
v -0.155873 0.435697 -0.087243
v -0.143585 0.428454 -0.085300
v -0.134292 0.418741 -0.082942
v -0.125690 0.408038 -0.081022
v -0.116090 0.396413 -0.080268
v -0.103980 0.384474 -0.081155
v -0.092071 0.370695 -0.081944
v -0.085706 0.358911 -0.082497
v -0.080522 0.349552 -0.082737
v -0.073267 0.346058 -0.081713
v -0.065488 0.349888 -0.081749
v -0.055786 0.354218 -0.079786
v -0.041299 0.362906 -0.075829
v -0.303764 0.358164 -0.119602
v -0.310239 0.358799 -0.119753
v -0.314803 0.360986 -0.117956
v -0.319983 0.363644 -0.114807
v -0.322466 0.367101 -0.111147
v -0.325880 0.369413 -0.109333
v -0.301459 0.363381 -0.115816
v -0.305169 0.365065 -0.116587
v -0.310244 0.367266 -0.116761
v -0.314125 0.370386 -0.115718
v -0.317893 0.372517 -0.113681
v -0.320474 0.375889 -0.110456
v -0.297328 0.369743 -0.111222
v -0.300936 0.371042 -0.113210
v -0.303797 0.373196 -0.113811
v -0.307791 0.375202 -0.112479
v -0.310584 0.378041 -0.110447
v -0.313590 0.379797 -0.109023
v -0.293471 0.376441 -0.107319
v -0.295342 0.378088 -0.109431
v -0.298636 0.379629 -0.111576
v -0.301471 0.382097 -0.111085
v -0.304640 0.384320 -0.109964
v -0.307464 0.387188 -0.108208
v -0.288239 0.383745 -0.104680
v -0.289978 0.384595 -0.107516
v -0.292015 0.386546 -0.109703
v -0.295775 0.389019 -0.111224
v -0.298889 0.391889 -0.110540
v -0.301995 0.394171 -0.108818
v -0.283148 0.390660 -0.102001
v -0.284571 0.391738 -0.104626
v -0.286319 0.393367 -0.107807
v -0.288680 0.395681 -0.110267
v -0.292729 0.398834 -0.110791
v -0.296254 0.401807 -0.109733
v -0.276722 0.396866 -0.100135
v -0.277351 0.398664 -0.102937
v -0.279393 0.400026 -0.105281
v -0.281560 0.402511 -0.108647
v -0.284567 0.405429 -0.112339
v -0.289430 0.409305 -0.112027
v -0.266261 0.401160 -0.100966
v -0.267982 0.402343 -0.102853
v -0.269446 0.405143 -0.105636
v -0.271996 0.407842 -0.107934
v -0.274876 0.411725 -0.111071
v -0.278577 0.417050 -0.112002
v -0.257209 0.403920 -0.100309
v -0.257607 0.406280 -0.103116
v -0.259481 0.408430 -0.105247
v -0.261568 0.412053 -0.107457
v -0.263715 0.416643 -0.108917
v -0.266521 0.421202 -0.108101
v -0.247078 0.407109 -0.099629
v -0.247815 0.408667 -0.102003
v -0.249331 0.411659 -0.103770
v -0.250976 0.414915 -0.105608
v -0.253339 0.418761 -0.104712
v -0.255159 0.422478 -0.103473
v -0.237050 0.408804 -0.098061
v -0.237564 0.411128 -0.100390
v -0.238836 0.413852 -0.101752
v -0.240496 0.416919 -0.103162
v -0.242168 0.420251 -0.102150
v -0.243655 0.423495 -0.100909
v -0.226530 0.410781 -0.095949
v -0.226844 0.412992 -0.098166
v -0.227935 0.415715 -0.099393
v -0.228958 0.418689 -0.100755
v -0.230470 0.421692 -0.099707
v -0.231369 0.424749 -0.098700
v -0.215793 0.412316 -0.093504
v -0.215761 0.414159 -0.095998
v -0.216230 0.417145 -0.097093
v -0.216921 0.420028 -0.098456
v -0.217666 0.423196 -0.097632
v -0.218237 0.426237 -0.096332
v -0.204787 0.413163 -0.091178
v -0.204502 0.415150 -0.093349
v -0.204447 0.417592 -0.095104
v -0.204546 0.420840 -0.095683
v -0.204637 0.424273 -0.095802
v -0.204748 0.427528 -0.093964
v -0.193698 0.413488 -0.089099
v -0.193319 0.415341 -0.091108
v -0.192757 0.417502 -0.093379
v -0.192517 0.420854 -0.093599
v -0.192128 0.424681 -0.094045
v -0.191958 0.428392 -0.092058
v -0.183158 0.412811 -0.087480
v -0.182520 0.415151 -0.089220
v -0.181819 0.417087 -0.091445
v -0.181146 0.420347 -0.092777
v -0.180642 0.424306 -0.092806
v -0.180187 0.428676 -0.091315
v -0.172867 0.411554 -0.085794
v -0.172178 0.413729 -0.087855
v -0.171506 0.416060 -0.090262
v -0.170840 0.418764 -0.092633
v -0.169913 0.423109 -0.092875
v -0.169338 0.428161 -0.092564
v -0.164370 0.406822 -0.087306
v -0.163314 0.409449 -0.089248
v -0.162193 0.412621 -0.090925
v -0.161303 0.415892 -0.093494
v -0.159927 0.420239 -0.094148
v -0.158309 0.425666 -0.094109
v -0.157654 0.401024 -0.089506
v -0.156248 0.403741 -0.091545
v -0.154781 0.407076 -0.094122
v -0.152563 0.411237 -0.095403
v -0.149997 0.415628 -0.094940
v -0.147135 0.420383 -0.093563
v -0.150971 0.393686 -0.090965
v -0.148865 0.397016 -0.092883
v -0.146570 0.400408 -0.094891
v -0.143866 0.404671 -0.094574
v -0.140774 0.408892 -0.094102
v -0.138199 0.412548 -0.090810
v -0.143557 0.385227 -0.092300
v -0.140775 0.387875 -0.093279
v -0.138352 0.392398 -0.093442
v -0.135645 0.396313 -0.092667
v -0.132318 0.400366 -0.092054
v -0.129991 0.403263 -0.088363
v -0.135480 0.374133 -0.094887
v -0.132500 0.378520 -0.096101
v -0.128941 0.382019 -0.095129
v -0.126268 0.386877 -0.093384
v -0.123445 0.390255 -0.090130
v -0.120766 0.392239 -0.086404
v -0.126929 0.363913 -0.097445
v -0.122720 0.367196 -0.098388
v -0.119278 0.372357 -0.096861
v -0.115562 0.376447 -0.094251
v -0.112418 0.378500 -0.090532
v -0.109163 0.381506 -0.087360
v -0.118047 0.352933 -0.100613
v -0.113443 0.357436 -0.100027
v -0.108778 0.362002 -0.098960
v -0.105057 0.364716 -0.095344
v -0.101667 0.368145 -0.091141
v -0.095458 0.369494 -0.091204
v -0.109252 0.342885 -0.103098
v -0.104087 0.347338 -0.101992
v -0.099203 0.351425 -0.100324
v -0.095492 0.355269 -0.096065
v -0.090083 0.356351 -0.095250
v -0.086576 0.359719 -0.090981
v -0.099918 0.332773 -0.105157
v -0.094427 0.337712 -0.104163
v -0.089948 0.342343 -0.101412
v -0.085599 0.344539 -0.098149
v -0.081582 0.349256 -0.095770
v -0.079569 0.348146 -0.091420
v -0.089155 0.322807 -0.107284
v -0.084224 0.328607 -0.105561
v -0.080079 0.332612 -0.101657
v -0.076318 0.338040 -0.099598
v -0.073661 0.340348 -0.095407
v -0.072674 0.343077 -0.090854
v -0.078237 0.313156 -0.108788
v -0.072607 0.319444 -0.104850
v -0.069446 0.326127 -0.102968
v -0.066352 0.331568 -0.099425
v -0.064679 0.336981 -0.095371
v -0.063591 0.341819 -0.091183
v -0.063363 0.303701 -0.107552
v -0.060826 0.312827 -0.105169
v -0.057111 0.320836 -0.103270
v -0.055235 0.328774 -0.099717
v -0.053668 0.335991 -0.095364
v -0.053552 0.342638 -0.090375
v -0.051387 0.296618 -0.104181
v -0.046328 0.307277 -0.102655
v -0.044169 0.317159 -0.100900
v -0.041843 0.326926 -0.098474
v -0.040327 0.336700 -0.094907
v -0.038772 0.346060 -0.089325
v -0.034975 0.285432 0.142181
v -0.009646 0.278657 0.140112
v 0.018375 0.270604 0.134422
v 0.044250 0.265130 0.127804
v 0.068214 0.261006 0.121717
v 0.090453 0.258116 0.115534
v 0.109685 0.256289 0.108596
v -0.031520 0.302679 0.141751
v -0.004991 0.293054 0.138965
v 0.021015 0.285128 0.134354
v 0.048267 0.277391 0.127778
v 0.073786 0.271646 0.121684
v 0.095318 0.267672 0.116330
v 0.114757 0.264759 0.108773
v -0.025511 0.317194 0.140188
v -0.002161 0.308686 0.137841
v 0.024825 0.298986 0.133943
v 0.051397 0.290588 0.128009
v 0.076440 0.283717 0.122822
v 0.099743 0.278167 0.117154
v 0.118008 0.273585 0.109370
v -0.021284 0.332326 0.137151
v 0.002175 0.323312 0.135361
v 0.026583 0.314170 0.132886
v 0.052609 0.305229 0.128296
v 0.078959 0.296797 0.123662
v 0.100867 0.289715 0.117349
v 0.120715 0.283901 0.109991
v -0.016100 0.345710 0.131654
v 0.005246 0.338128 0.132123
v 0.029095 0.329469 0.132956
v 0.054594 0.319959 0.130540
v 0.079470 0.310780 0.125751
v 0.103120 0.302484 0.118069
v 0.121975 0.294901 0.110695
v -0.009567 0.358890 0.126249
v 0.010898 0.352831 0.131929
v 0.033136 0.344489 0.133720
v 0.057771 0.334859 0.132140
v 0.082881 0.324924 0.125896
v 0.104441 0.315445 0.118405
v 0.123918 0.306865 0.109353
v -0.089798 0.278236 0.112565
v -0.101783 0.286370 0.113518
v -0.113253 0.298090 0.115357
v -0.124545 0.309514 0.114731
v -0.134054 0.321630 0.114777
v -0.144252 0.332060 0.112092
v -0.154067 0.342890 0.109782
v -0.164095 0.353358 0.105804
v -0.174700 0.364571 0.102122
v -0.185104 0.374935 0.098542
v -0.194614 0.383967 0.095308
v -0.202499 0.390827 0.092544
v -0.209391 0.395745 0.090937
v -0.215898 0.399203 0.090286
v -0.221680 0.403159 0.088654
v -0.227040 0.407780 0.085849
v -0.235172 0.411070 0.084334
v -0.245687 0.413685 0.083049
v -0.258336 0.416228 0.080614
v -0.272977 0.418385 0.078420
v -0.288151 0.420240 0.076441
v -0.303001 0.421739 0.074194
v -0.316388 0.422945 0.072237
v -0.327793 0.423062 0.071424
v -0.336922 0.424177 0.070426
v -0.344482 0.425562 0.069483
v -0.352904 0.426799 0.069052
v -0.361426 0.426307 0.069366
v -0.369713 0.425660 0.069938
v -0.374638 0.422207 0.071945
v -0.379037 0.418792 0.075465
v -0.381227 0.415395 0.077920
v -0.097520 0.271798 0.101556
v -0.108979 0.280213 0.104837
v -0.119837 0.291026 0.106945
v -0.129260 0.303655 0.108350
v -0.137702 0.316498 0.106914
v -0.146781 0.327585 0.106691
v -0.156371 0.337946 0.104789
v -0.166084 0.349383 0.102119
v -0.176181 0.360940 0.098635
v -0.186733 0.372100 0.095452
v -0.196037 0.381360 0.092385
v -0.203942 0.388592 0.089911
v -0.210672 0.393505 0.088469
v -0.216682 0.397103 0.087705
v -0.222086 0.401068 0.086216
v -0.227078 0.405713 0.084032
v -0.234885 0.408972 0.082742
v -0.245171 0.411043 0.082035
v -0.257829 0.413405 0.080417
v -0.272394 0.415628 0.078055
v -0.287879 0.417505 0.075903
v -0.302867 0.419162 0.073385
v -0.316532 0.420152 0.071173
v -0.327912 0.420954 0.069541
v -0.336536 0.421852 0.068288
v -0.344297 0.423465 0.067558
v -0.352281 0.424841 0.066804
v -0.361079 0.424797 0.067245
v -0.369558 0.423910 0.067193
v -0.374731 0.419710 0.069801
v -0.377722 0.415869 0.071147
v -0.383810 0.408968 0.075546
v -0.104988 0.267315 0.091625
v -0.115230 0.276214 0.094702
v -0.125882 0.286952 0.097384
v -0.132858 0.301774 0.098733
v -0.139945 0.314496 0.099559
v -0.148631 0.324987 0.099704
v -0.157699 0.335341 0.099085
v -0.167527 0.346187 0.097520
v -0.177951 0.357880 0.095227
v -0.188124 0.369248 0.092409
v -0.197552 0.379137 0.089655
v -0.205232 0.386448 0.087441
v -0.211820 0.391436 0.086202
v -0.217370 0.395422 0.085133
v -0.222488 0.399340 0.083938
v -0.226903 0.404237 0.082076
v -0.234213 0.407797 0.080839
v -0.244245 0.409537 0.080108
v -0.256929 0.411010 0.079120
v -0.271626 0.412897 0.077341
v -0.287283 0.414914 0.074964
v -0.302603 0.416623 0.072325
v -0.316387 0.418053 0.069714
v -0.327435 0.419492 0.067302
v -0.336327 0.420599 0.066178
v -0.343775 0.421685 0.065538
v -0.351924 0.423463 0.065016
v -0.360978 0.423431 0.064859
v -0.370089 0.423019 0.065018
v -0.374652 0.417850 0.066216
v -0.378928 0.411503 0.068826
v -0.388080 0.414146 0.064733
v -0.108965 0.266596 0.080571
v -0.118824 0.275866 0.083635
v -0.127797 0.289467 0.087444
v -0.133486 0.303437 0.090149
v -0.141180 0.315271 0.092206
v -0.149419 0.324991 0.092963
v -0.157925 0.334575 0.092915
v -0.167384 0.344866 0.092094
v -0.177794 0.356167 0.090481
v -0.188332 0.367479 0.088427
v -0.197671 0.377400 0.086241
v -0.205568 0.385097 0.084408
v -0.212166 0.390149 0.083319
v -0.217653 0.394209 0.082407
v -0.222425 0.398341 0.081347
v -0.226777 0.403047 0.080019
v -0.233543 0.406730 0.078969
v -0.243214 0.408657 0.078159
v -0.255481 0.409728 0.077079
v -0.270215 0.411216 0.075251
v -0.285899 0.413334 0.072798
v -0.301457 0.415608 0.070058
v -0.315389 0.417269 0.067447
v -0.326853 0.418688 0.065382
v -0.335540 0.419748 0.064089
v -0.343295 0.420929 0.063498
v -0.351422 0.422946 0.062956
v -0.360389 0.423071 0.062709
v -0.370424 0.422424 0.062508
v -0.375122 0.416358 0.063014
v -0.377878 0.411187 0.063517
v -0.381511 0.404866 0.064263
v -0.109443 0.268296 0.068929
v -0.120193 0.279128 0.073211
v -0.126804 0.293226 0.078891
v -0.133253 0.307060 0.083505
v -0.141381 0.317500 0.085414
v -0.149221 0.326380 0.086399
v -0.157085 0.335364 0.087023
v -0.166415 0.344967 0.086644
v -0.176641 0.355515 0.085798
v -0.187351 0.366243 0.084362
v -0.197301 0.376029 0.082807
v -0.205287 0.383801 0.081354
v -0.212193 0.389032 0.080460
v -0.217729 0.393315 0.079649
v -0.222167 0.397811 0.078689
v -0.226807 0.402145 0.077853
v -0.233001 0.406106 0.077070
v -0.242117 0.408260 0.076265
v -0.254110 0.409442 0.074918
v -0.268372 0.410533 0.073049
v -0.284081 0.412682 0.070593
v -0.299623 0.414986 0.068060
v -0.313885 0.416986 0.065492
v -0.325541 0.418643 0.063518
v -0.334671 0.419842 0.062252
v -0.342623 0.420652 0.061540
v -0.350410 0.422483 0.061047
v -0.360009 0.422741 0.060557
v -0.369690 0.422375 0.059764
v -0.375378 0.415971 0.059883
v -0.378958 0.410574 0.058398
v -0.383232 0.405158 0.056739
v -0.104814 0.273349 0.057482
v -0.114358 0.285044 0.065145
v -0.123312 0.298170 0.071976
v -0.131129 0.310627 0.077727
v -0.139286 0.320674 0.079819
v -0.147112 0.329143 0.080946
v -0.154991 0.337575 0.081757
v -0.164220 0.346253 0.081736
v -0.174402 0.356070 0.081158
v -0.185852 0.365454 0.079899
v -0.195941 0.374884 0.078945
v -0.204541 0.382910 0.078213
v -0.211776 0.388227 0.077351
v -0.217527 0.392881 0.076600
v -0.221798 0.397823 0.075956
v -0.226438 0.402273 0.075466
v -0.232581 0.406273 0.075120
v -0.241591 0.408449 0.074257
v -0.253160 0.409625 0.072879
v -0.267046 0.411112 0.070774
v -0.282384 0.413120 0.068461
v -0.297755 0.415337 0.066018
v -0.312052 0.417198 0.063674
v -0.324115 0.418894 0.061735
v -0.333648 0.420051 0.060510
v -0.341466 0.420634 0.059664
v -0.350048 0.422690 0.059167
v -0.358420 0.422827 0.058364
v -0.368971 0.422410 0.057408
v -0.375387 0.416578 0.056323
v -0.379377 0.411472 0.054849
v -0.383033 0.406723 0.051948
v -0.095185 0.279537 0.048959
v -0.104454 0.290637 0.061206
v -0.117078 0.302827 0.068955
v -0.126912 0.314253 0.073113
v -0.135719 0.324042 0.075705
v -0.143601 0.332397 0.076952
v -0.151871 0.340259 0.077554
v -0.160750 0.348789 0.077811
v -0.170710 0.357932 0.077836
v -0.181693 0.366899 0.076646
v -0.192871 0.375648 0.075733
v -0.202330 0.383059 0.074931
v -0.210530 0.388457 0.073987
v -0.216579 0.393493 0.073379
v -0.220881 0.398773 0.073327
v -0.226110 0.403055 0.072988
v -0.232496 0.407017 0.073017
v -0.241702 0.409254 0.072310
v -0.253197 0.411194 0.071121
v -0.266939 0.412907 0.068870
v -0.281660 0.414980 0.066810
v -0.296671 0.416814 0.063988
v -0.310598 0.418429 0.061448
v -0.322764 0.419813 0.059779
v -0.332573 0.420939 0.058683
v -0.341123 0.421440 0.057700
v -0.348432 0.422696 0.057269
v -0.357934 0.422940 0.056074
v -0.367402 0.422677 0.055289
v -0.373968 0.417649 0.053243
v -0.379422 0.412759 0.051054
v -0.382410 0.409010 0.048157
v -0.077670 0.300802 0.135187
v -0.071086 0.314983 0.137279
v -0.065514 0.330115 0.136586
v -0.059560 0.342562 0.132794
v -0.053559 0.353248 0.126229
v -0.047635 0.361961 0.118286
v -0.090665 0.305809 0.131676
v -0.085706 0.322295 0.134978
v -0.079780 0.333609 0.133651
v -0.073912 0.344734 0.129558
v -0.068317 0.353769 0.124172
v -0.062886 0.361733 0.117362
v -0.104028 0.317074 0.130799
v -0.098373 0.327362 0.133372
v -0.092807 0.339000 0.131157
v -0.087105 0.347824 0.128804
v -0.081084 0.356225 0.123212
v -0.077007 0.361802 0.117439
v -0.116160 0.325173 0.128296
v -0.110736 0.336746 0.130279
v -0.105113 0.344195 0.127666
v -0.099655 0.353060 0.126757
v -0.094013 0.359176 0.123105
v -0.089088 0.364440 0.116695
v -0.127206 0.336878 0.125177
v -0.122292 0.344094 0.125979
v -0.117256 0.352256 0.124554
v -0.111737 0.358078 0.122404
v -0.106318 0.365083 0.120672
v -0.100870 0.368263 0.116289
v -0.137707 0.345220 0.120552
v -0.133442 0.353476 0.121132
v -0.128704 0.359813 0.120989
v -0.123741 0.365698 0.117755
v -0.118445 0.371132 0.117698
v -0.112723 0.374771 0.113464
v -0.148343 0.355403 0.116197
v -0.144290 0.361414 0.116880
v -0.140205 0.368300 0.116591
v -0.135750 0.373495 0.113756
v -0.130454 0.377924 0.111502
v -0.125527 0.382346 0.110088
v -0.159138 0.364310 0.112052
v -0.155806 0.370737 0.113313
v -0.151804 0.376676 0.111956
v -0.147344 0.381350 0.109180
v -0.143889 0.385076 0.105132
v -0.138180 0.388704 0.104531
v -0.170336 0.374083 0.108001
v -0.166939 0.379872 0.109304
v -0.162917 0.384687 0.107127
v -0.159591 0.389540 0.104787
v -0.155701 0.392021 0.100886
v -0.152776 0.395463 0.097800
v -0.180716 0.383235 0.103784
v -0.177413 0.388051 0.105093
v -0.173610 0.392673 0.103906
v -0.169994 0.396900 0.102072
v -0.167387 0.399927 0.098243
v -0.164387 0.401716 0.094402
v -0.190016 0.390856 0.100045
v -0.186768 0.395077 0.101225
v -0.183132 0.399129 0.101217
v -0.179692 0.402930 0.099532
v -0.176839 0.406038 0.096546
v -0.174995 0.407870 0.092370
v -0.198406 0.397008 0.097547
v -0.195161 0.400868 0.098918
v -0.191712 0.404934 0.100632
v -0.188138 0.408740 0.099071
v -0.184910 0.412400 0.096659
v -0.182921 0.414687 0.092237
v -0.205934 0.401599 0.096387
v -0.203219 0.405550 0.098447
v -0.199919 0.409825 0.101040
v -0.196245 0.414372 0.099265
v -0.192825 0.418536 0.097109
v -0.190975 0.421046 0.092185
v -0.212954 0.405653 0.095076
v -0.210719 0.409727 0.097169
v -0.208285 0.414430 0.099759
v -0.204949 0.419329 0.098933
v -0.201836 0.424166 0.096755
v -0.199945 0.427070 0.091828
v -0.219412 0.409665 0.092722
v -0.217960 0.413785 0.094765
v -0.216382 0.418180 0.096752
v -0.214209 0.423298 0.096984
v -0.212028 0.428105 0.095022
v -0.210253 0.432005 0.090815
v -0.226402 0.413700 0.089960
v -0.225704 0.417379 0.091863
v -0.225186 0.421482 0.094188
v -0.223730 0.425907 0.093463
v -0.222534 0.430706 0.092196
v -0.221348 0.434033 0.088242
v -0.235087 0.417184 0.087393
v -0.235190 0.420578 0.089167
v -0.234988 0.424168 0.090630
v -0.234108 0.427951 0.089758
v -0.233350 0.431804 0.088444
v -0.232474 0.434748 0.085167
v -0.246319 0.420189 0.084694
v -0.246720 0.423308 0.086572
v -0.247054 0.426445 0.088220
v -0.246558 0.430072 0.087587
v -0.245794 0.433740 0.086551
v -0.245039 0.436531 0.083601
v -0.259544 0.422639 0.082541
v -0.260463 0.425570 0.084261
v -0.260928 0.428583 0.086092
v -0.260546 0.432066 0.085894
v -0.259889 0.435752 0.085470
v -0.259077 0.438575 0.082816
v -0.274372 0.424554 0.080657
v -0.275132 0.427537 0.082698
v -0.275544 0.430432 0.084569
v -0.275297 0.434101 0.084679
v -0.274539 0.437692 0.084465
v -0.273748 0.440436 0.082122
v -0.289074 0.426239 0.079371
v -0.289604 0.428855 0.081820
v -0.289772 0.432360 0.083711
v -0.289312 0.435993 0.084455
v -0.288593 0.439430 0.083282
v -0.287798 0.442438 0.081514
v -0.303080 0.427455 0.078102
v -0.303080 0.430294 0.081169
v -0.302623 0.433968 0.082857
v -0.302045 0.437976 0.083783
v -0.301187 0.441479 0.082810
v -0.300130 0.444309 0.080980
v -0.315901 0.428299 0.077376
v -0.315154 0.431381 0.080421
v -0.314544 0.435727 0.082576
v -0.313585 0.439758 0.083492
v -0.312546 0.443683 0.082869
v -0.312056 0.446688 0.080647
v -0.326960 0.428813 0.076679
v -0.326335 0.433137 0.079399
v -0.325306 0.437170 0.081855
v -0.324722 0.441648 0.082907
v -0.323991 0.446133 0.084024
v -0.322671 0.449690 0.081783
v -0.336525 0.430504 0.075381
v -0.335860 0.434386 0.077801
v -0.335447 0.438689 0.080648
v -0.335475 0.442928 0.081967
v -0.335569 0.447387 0.083670
v -0.335486 0.451897 0.081803
v -0.345246 0.431326 0.074092
v -0.344920 0.435492 0.076764
v -0.345679 0.439156 0.079239
v -0.345618 0.443203 0.080968
v -0.346604 0.447385 0.080818
v -0.346580 0.450469 0.078891
v -0.354440 0.431899 0.073933
v -0.355456 0.434910 0.076090
v -0.355208 0.438935 0.078225
v -0.356672 0.442741 0.079122
v -0.356647 0.445961 0.077953
v -0.357214 0.448747 0.076260
v -0.363949 0.431081 0.073442
v -0.365315 0.434841 0.075693
v -0.366429 0.437906 0.077239
v -0.366587 0.441631 0.078054
v -0.367829 0.444721 0.076722
v -0.368137 0.447147 0.074879
v -0.372951 0.430243 0.074468
v -0.374082 0.432965 0.076595
v -0.375481 0.436846 0.077885
v -0.376637 0.440603 0.078532
v -0.377550 0.443757 0.076845
v -0.379140 0.446494 0.075007
v -0.378177 0.427825 0.077010
v -0.380954 0.431432 0.079044
v -0.382817 0.435530 0.079721
v -0.384841 0.439493 0.079391
v -0.386326 0.443229 0.077904
v -0.387515 0.446992 0.076938
v -0.382582 0.425231 0.080363
v -0.386051 0.429869 0.082170
v -0.389639 0.434459 0.082872
v -0.391541 0.439002 0.081160
v -0.394067 0.442333 0.078817
v -0.394737 0.445736 0.076515
v -0.386636 0.423076 0.083664
v -0.391451 0.428059 0.086590
v -0.395341 0.434261 0.086415
v -0.400452 0.439635 0.083857
v -0.400600 0.442386 0.079260
v -0.401012 0.444889 0.076397
v -0.044379 0.376493 0.102662
v -0.046776 0.379188 0.095234
v -0.050349 0.380484 0.088060
v -0.054393 0.381550 0.081098
v -0.059127 0.381706 0.073165
v -0.064621 0.380106 0.063680
v -0.071455 0.376606 0.052974
v -0.058993 0.372850 0.104921
v -0.060465 0.375928 0.099138
v -0.062639 0.377679 0.093735
v -0.066486 0.378556 0.088089
v -0.070741 0.377581 0.081420
v -0.076543 0.375877 0.074507
v -0.081934 0.370295 0.065252
v -0.072294 0.370102 0.105710
v -0.072014 0.371857 0.100631
v -0.073235 0.371770 0.095902
v -0.075011 0.370397 0.091230
v -0.077442 0.367590 0.086448
v -0.080551 0.364816 0.080171
v -0.084210 0.360182 0.075094
v -0.084000 0.369699 0.106053
v -0.083234 0.370979 0.101232
v -0.083628 0.370189 0.096690
v -0.085351 0.368006 0.093010
v -0.087554 0.364949 0.089330
v -0.090111 0.360395 0.085196
v -0.092934 0.358148 0.079379
v -0.094648 0.371506 0.105636
v -0.093422 0.372102 0.100632
v -0.093202 0.371962 0.095791
v -0.094046 0.370485 0.090999
v -0.096210 0.367392 0.087258
v -0.098554 0.363716 0.083473
v -0.101338 0.360328 0.079719
v -0.105465 0.375304 0.103893
v -0.103414 0.375390 0.099109
v -0.102547 0.375338 0.094297
v -0.103261 0.373661 0.089662
v -0.104633 0.371257 0.085337
v -0.106711 0.368670 0.081290
v -0.108855 0.365431 0.077392
v -0.116685 0.382190 0.100985
v -0.114009 0.381468 0.096675
v -0.112848 0.380994 0.091940
v -0.113180 0.379498 0.087432
v -0.114505 0.377651 0.083082
v -0.116208 0.375042 0.079089
v -0.118800 0.372950 0.075556
v -0.129114 0.390188 0.097248
v -0.126868 0.389093 0.092960
v -0.125236 0.388343 0.088913
v -0.125373 0.387164 0.084539
v -0.126438 0.385495 0.080545
v -0.128456 0.383636 0.076940
v -0.130378 0.381140 0.073501
v -0.144380 0.398088 0.092337
v -0.141460 0.397175 0.089036
v -0.139808 0.396702 0.085213
v -0.139628 0.395868 0.081396
v -0.140755 0.394330 0.077816
v -0.142287 0.392225 0.074771
v -0.144491 0.390329 0.072072
v -0.158508 0.404902 0.088407
v -0.156129 0.404902 0.085033
v -0.154926 0.404757 0.081668
v -0.154476 0.404215 0.078194
v -0.155220 0.402738 0.075092
v -0.156690 0.400705 0.072776
v -0.158166 0.398068 0.070622
v -0.170847 0.410639 0.084979
v -0.169224 0.411649 0.081658
v -0.167995 0.411815 0.078470
v -0.167722 0.411520 0.075288
v -0.168099 0.410235 0.072460
v -0.169309 0.407880 0.070578
v -0.170823 0.405231 0.069209
v -0.179759 0.418372 0.083817
v -0.178321 0.419585 0.079970
v -0.177665 0.419975 0.076012
v -0.177373 0.419457 0.072197
v -0.177804 0.417831 0.068739
v -0.178940 0.415072 0.066240
v -0.180572 0.411593 0.065002
v -0.188423 0.424970 0.082871
v -0.187556 0.426338 0.078388
v -0.186958 0.426917 0.073941
v -0.186975 0.426305 0.069801
v -0.187711 0.424356 0.066106
v -0.188893 0.421220 0.063540
v -0.190460 0.417629 0.062020
v -0.197812 0.431637 0.082211
v -0.196903 0.433486 0.077370
v -0.196278 0.434525 0.072434
v -0.196628 0.433834 0.067411
v -0.197499 0.431406 0.063160
v -0.199205 0.427629 0.061004
v -0.200457 0.423364 0.059666
v -0.208306 0.437538 0.081669
v -0.207511 0.439927 0.076777
v -0.207341 0.441130 0.071184
v -0.207871 0.440246 0.065941
v -0.209194 0.437314 0.061777
v -0.210314 0.432833 0.059997
v -0.211276 0.428611 0.058795
v -0.219847 0.439996 0.080044
v -0.219419 0.442999 0.075702
v -0.219475 0.443845 0.070672
v -0.220217 0.442665 0.066222
v -0.220944 0.439621 0.062933
v -0.221545 0.435914 0.061486
v -0.221929 0.431863 0.060282
v -0.231213 0.440396 0.078084
v -0.230932 0.442475 0.074481
v -0.231246 0.443176 0.070643
v -0.231856 0.442498 0.067203
v -0.232401 0.440335 0.064789
v -0.232705 0.437233 0.063384
v -0.233009 0.433833 0.062249
v -0.243683 0.441593 0.077369
v -0.243610 0.443213 0.074040
v -0.244015 0.443541 0.070798
v -0.244581 0.442932 0.067906
v -0.245056 0.441155 0.065606
v -0.245295 0.438677 0.064020
v -0.245516 0.435647 0.062885
v -0.257936 0.443336 0.077177
v -0.257864 0.444179 0.073924
v -0.258327 0.444248 0.070960
v -0.258934 0.443704 0.068332
v -0.259151 0.442413 0.066131
v -0.259288 0.440176 0.064612
v -0.259493 0.437726 0.063072
v -0.272682 0.444835 0.076795
v -0.272877 0.445505 0.073719
v -0.273345 0.445754 0.070925
v -0.273623 0.445497 0.068352
v -0.273804 0.444260 0.066095
v -0.273792 0.442482 0.064219
v -0.273761 0.440256 0.062562
v -0.286845 0.446750 0.076386
v -0.286939 0.447489 0.073428
v -0.287221 0.447836 0.070624
v -0.287407 0.447924 0.067952
v -0.287344 0.447057 0.065501
v -0.287239 0.445324 0.063364
v -0.287192 0.443114 0.061454
v -0.299051 0.448760 0.075888
v -0.299358 0.449895 0.072959
v -0.299462 0.450592 0.070211
v -0.299491 0.450679 0.067551
v -0.299286 0.449987 0.064901
v -0.299034 0.448507 0.062373
v -0.298950 0.446168 0.060301
v -0.310903 0.451888 0.075759
v -0.310357 0.453505 0.072926
v -0.310455 0.454887 0.070044
v -0.310156 0.455196 0.066934
v -0.310007 0.454091 0.063985
v -0.309795 0.452214 0.061265
v -0.309431 0.449665 0.058698
v -0.321400 0.455832 0.077137
v -0.321782 0.458909 0.074139
v -0.321202 0.460985 0.070727
v -0.320767 0.461436 0.066215
v -0.320552 0.459649 0.062011
v -0.320027 0.456782 0.059007
v -0.319698 0.453701 0.056415
v -0.335058 0.457858 0.076703
v -0.334889 0.460559 0.073681
v -0.334915 0.462705 0.069895
v -0.334464 0.463702 0.065150
v -0.333084 0.461852 0.060552
v -0.332022 0.458776 0.057468
v -0.330767 0.455666 0.054710
v -0.346385 0.455737 0.074033
v -0.346181 0.457987 0.070978
v -0.346206 0.459609 0.067765
v -0.345591 0.460434 0.063916
v -0.344410 0.459242 0.060173
v -0.342736 0.457208 0.057143
v -0.341432 0.454834 0.054351
v -0.356564 0.453230 0.071690
v -0.356285 0.454835 0.068925
v -0.355296 0.455992 0.065900
v -0.354581 0.456415 0.062841
v -0.353250 0.455541 0.059956
v -0.351847 0.454154 0.057125
v -0.350810 0.452272 0.054223
v -0.368092 0.451519 0.070516
v -0.366521 0.453185 0.067780
v -0.365579 0.454276 0.064644
v -0.364172 0.454649 0.061504
v -0.362750 0.453812 0.058479
v -0.361507 0.452519 0.055364
v -0.359714 0.450855 0.052660
v -0.378978 0.450769 0.070396
v -0.377912 0.452629 0.067166
v -0.376158 0.453772 0.063786
v -0.374710 0.454308 0.060049
v -0.373098 0.453396 0.056460
v -0.371271 0.452040 0.053179
v -0.370681 0.450331 0.049733
v -0.389101 0.452840 0.071739
v -0.387912 0.453195 0.067451
v -0.386701 0.454152 0.063188
v -0.385103 0.454393 0.058784
v -0.383536 0.453457 0.054466
v -0.382059 0.451811 0.050463
v -0.379896 0.449856 0.046951
v -0.396052 0.450308 0.071019
v -0.395930 0.451687 0.066952
v -0.395721 0.453967 0.062971
v -0.395012 0.454411 0.057592
v -0.393054 0.452973 0.052645
v -0.391233 0.450560 0.048415
v -0.389704 0.448175 0.044940
v -0.400896 0.448293 0.070433
v -0.401226 0.449548 0.066643
v -0.402011 0.450464 0.062037
v -0.401544 0.450838 0.056970
v -0.400599 0.450049 0.051608
v -0.398570 0.448373 0.047345
v -0.396550 0.446229 0.043768
v -0.009904 0.387619 0.093504
v 0.005410 0.396181 0.089202
v 0.021142 0.403442 0.082025
v 0.034783 0.408446 0.075273
v 0.047374 0.417608 0.069814
v 0.058504 0.427223 0.064145
v 0.068448 0.437327 0.057087
v 0.075666 0.448195 0.051883
v 0.081613 0.458315 0.046529
v 0.087473 0.467401 0.041986
v 0.094862 0.475567 0.038996
v 0.103307 0.484580 0.038100
v 0.110306 0.495940 0.039382
v 0.116074 0.507377 0.039764
v 0.120796 0.518552 0.038927
v 0.123569 0.528861 0.037539
v 0.125394 0.538064 0.036489
v 0.125685 0.545267 0.035222
v 0.124708 0.551572 0.035342
v 0.123161 0.556052 0.033463
v 0.119736 0.560444 0.035404
v 0.112923 0.564743 0.038600
v -0.017194 0.389930 0.084305
v -0.002655 0.399499 0.079390
v 0.012007 0.406226 0.074224
v 0.026495 0.411929 0.067808
v 0.039114 0.421185 0.063375
v 0.051309 0.430383 0.057110
v 0.062245 0.439286 0.050503
v 0.070993 0.449130 0.044683
v 0.078068 0.458332 0.039588
v 0.084692 0.467027 0.035230
v 0.092683 0.475121 0.032020
v 0.101465 0.485324 0.031320
v 0.105491 0.498059 0.034858
v 0.111425 0.509556 0.035882
v 0.116091 0.519923 0.034145
v 0.118684 0.529836 0.033384
v 0.119954 0.538157 0.032125
v 0.119725 0.545191 0.031629
v 0.117869 0.550390 0.030962
v 0.116616 0.555447 0.028905
v 0.110927 0.558253 0.029603
v 0.103874 0.561894 0.030476
v -0.023094 0.392350 0.074922
v -0.009444 0.401151 0.070362
v 0.004792 0.408359 0.065298
v 0.019089 0.414629 0.060099
v 0.032112 0.424595 0.055936
v 0.044986 0.434058 0.050137
v 0.056383 0.443478 0.043941
v 0.065990 0.452472 0.038294
v 0.073983 0.460728 0.033115
v 0.081647 0.468521 0.028503
v 0.090133 0.476815 0.025620
v 0.097500 0.488474 0.025984
v 0.101044 0.500699 0.031762
v 0.107197 0.511964 0.031424
v 0.111699 0.521990 0.030113
v 0.113761 0.531364 0.029184
v 0.115103 0.539132 0.028034
v 0.114013 0.545547 0.027466
v 0.112843 0.551095 0.025935
v 0.111217 0.556077 0.023570
v 0.105067 0.559223 0.023493
v 0.098550 0.564512 0.022197
v -0.028911 0.395489 0.066937
v -0.014951 0.402275 0.060797
v -0.001227 0.409700 0.056599
v 0.012912 0.416849 0.052166
v 0.026105 0.427570 0.048211
v 0.039489 0.437646 0.042618
v 0.051716 0.447472 0.036746
v 0.061867 0.455981 0.031267
v 0.070824 0.463428 0.025901
v 0.078784 0.471181 0.022147
v 0.087602 0.479446 0.019681
v 0.092954 0.491616 0.022843
v 0.096500 0.503850 0.027490
v 0.103030 0.514680 0.027174
v 0.107161 0.524411 0.025844
v 0.109713 0.532984 0.024841
v 0.111316 0.540446 0.023245
v 0.111117 0.546801 0.022078
v 0.109858 0.552291 0.020290
v 0.106087 0.557231 0.019066
v 0.101741 0.562059 0.017524
v 0.096219 0.567692 0.016039
v -0.034423 0.398741 0.057808
v -0.019758 0.403234 0.051865
v -0.006090 0.410429 0.047840
v 0.007897 0.418129 0.044028
v 0.021355 0.429125 0.040046
v 0.035027 0.440258 0.034945
v 0.047635 0.450443 0.029166
v 0.058581 0.459112 0.023846
v 0.068065 0.466174 0.019030
v 0.076349 0.473851 0.015585
v 0.085443 0.482342 0.014488
v 0.090430 0.494259 0.017692
v 0.094545 0.506286 0.021332
v 0.100351 0.516892 0.021689
v 0.104254 0.526320 0.021053
v 0.106765 0.534770 0.019938
v 0.108684 0.541808 0.018853
v 0.107998 0.548136 0.017532
v 0.107756 0.554159 0.015526
v 0.104151 0.559130 0.013776
v 0.099871 0.564462 0.012007
v 0.094488 0.569762 0.010339
v -0.039774 0.398808 0.046761
v -0.023804 0.404635 0.042282
v -0.009994 0.410390 0.039287
v 0.004388 0.417746 0.036066
v 0.017781 0.428533 0.032292
v 0.030836 0.441639 0.027081
v 0.044043 0.451735 0.021939
v 0.055988 0.460286 0.016392
v 0.066336 0.467091 0.011947
v 0.075038 0.475372 0.009323
v 0.083325 0.484509 0.009371
v 0.088070 0.496477 0.012387
v 0.093453 0.508060 0.015664
v 0.098666 0.518602 0.016481
v 0.102640 0.527907 0.015903
v 0.105882 0.535908 0.015350
v 0.108248 0.542928 0.014316
v 0.108331 0.549522 0.013038
v 0.106744 0.555471 0.011050
v 0.103212 0.560677 0.008956
v 0.098913 0.565769 0.006946
v 0.093403 0.570650 0.004833
v -0.040918 0.394118 0.034474
v -0.026177 0.402011 0.032490
v -0.011884 0.409254 0.030854
v 0.001571 0.416167 0.028851
v 0.015524 0.426708 0.024916
v 0.027119 0.439620 0.020564
v 0.041161 0.450879 0.014408
v 0.053236 0.459565 0.010007
v 0.064715 0.466838 0.005711
v 0.074072 0.475102 0.003365
v 0.082458 0.484947 0.003706
v 0.089010 0.496483 0.006897
v 0.094133 0.508342 0.009809
v 0.098886 0.519033 0.011276
v 0.102600 0.528599 0.011328
v 0.106339 0.536313 0.010995
v 0.108511 0.543523 0.010576
v 0.108784 0.550293 0.009260
v 0.106516 0.556056 0.007146
v 0.103071 0.561126 0.004782
v 0.098787 0.566015 0.002443
v 0.093082 0.570785 0.000143
v 0.014944 0.381944 0.112898
v 0.032501 0.378817 0.121637
v 0.053398 0.371454 0.125269
v 0.074610 0.361136 0.123701
v 0.094727 0.349369 0.117517
v 0.112751 0.338020 0.110830
v 0.129409 0.327978 0.103069
v 0.029599 0.389981 0.105488
v 0.046581 0.387150 0.111453
v 0.064587 0.379452 0.114188
v 0.083076 0.369152 0.113060
v 0.100713 0.357944 0.109710
v 0.117517 0.346979 0.104597
v 0.132754 0.336786 0.099194
v 0.044075 0.396014 0.095596
v 0.058051 0.391555 0.100944
v 0.073634 0.383870 0.102822
v 0.089792 0.375175 0.103102
v 0.105742 0.364856 0.101187
v 0.120778 0.354459 0.098130
v 0.135440 0.344959 0.094223
v 0.055747 0.400026 0.086259
v 0.068241 0.395388 0.090124
v 0.081544 0.389020 0.092507
v 0.095892 0.381052 0.093515
v 0.110708 0.372585 0.094246
v 0.125003 0.363389 0.093176
v 0.138634 0.353918 0.091502
v 0.066764 0.410154 0.080345
v 0.077894 0.405523 0.084629
v 0.090096 0.399305 0.087689
v 0.103105 0.391586 0.089498
v 0.116494 0.383421 0.091300
v 0.129567 0.374279 0.091534
v 0.142798 0.364987 0.090971
v 0.076083 0.421380 0.074903
v 0.086324 0.417215 0.079055
v 0.097602 0.410856 0.082076
v 0.109456 0.403522 0.084253
v 0.121659 0.395465 0.086167
v 0.133970 0.387391 0.088168
v 0.146122 0.378284 0.087937
v 0.083840 0.433849 0.068774
v 0.093628 0.429362 0.072771
v 0.104117 0.423650 0.076381
v 0.115189 0.416354 0.078714
v 0.126430 0.408950 0.081065
v 0.137696 0.401058 0.083260
v 0.149074 0.392726 0.084399
v 0.089970 0.445765 0.063743
v 0.099611 0.441704 0.067632
v 0.109725 0.436075 0.071357
v 0.120181 0.429521 0.074665
v 0.130691 0.422470 0.077156
v 0.141117 0.415301 0.079543
v 0.151730 0.407396 0.082076
v 0.095455 0.456262 0.058642
v 0.105000 0.452209 0.062532
v 0.114742 0.447363 0.067289
v 0.124714 0.441585 0.070611
v 0.134500 0.435470 0.073822
v 0.144149 0.429022 0.077561
v 0.153929 0.422193 0.080726
v 0.100867 0.465382 0.054635
v 0.110324 0.461501 0.058552
v 0.119826 0.457465 0.062794
v 0.129183 0.452770 0.067169
v 0.138329 0.447730 0.071095
v 0.147077 0.442583 0.075124
v 0.156243 0.436425 0.079581
v 0.107147 0.473762 0.051468
v 0.116060 0.470979 0.055403
v 0.124999 0.467720 0.060188
v 0.133883 0.464065 0.064286
v 0.142226 0.460236 0.068692
v 0.150211 0.456012 0.073894
v 0.158559 0.451579 0.078039
v 0.113567 0.483762 0.050882
v 0.122115 0.481799 0.054074
v 0.130415 0.479355 0.058099
v 0.138648 0.476454 0.062281
v 0.146741 0.473383 0.066482
v 0.153924 0.470364 0.071333
v 0.161822 0.466951 0.075816
v 0.118695 0.495584 0.053145
v 0.126788 0.494366 0.056823
v 0.135130 0.492700 0.058403
v 0.142934 0.490692 0.061676
v 0.150708 0.488135 0.064956
v 0.157947 0.485962 0.069421
v 0.164939 0.483817 0.073712
v 0.124006 0.508229 0.052913
v 0.131545 0.508044 0.057135
v 0.139270 0.507132 0.058693
v 0.146988 0.505632 0.060511
v 0.154550 0.504084 0.063428
v 0.161355 0.502354 0.067547
v 0.168056 0.501153 0.071384
v 0.128554 0.520536 0.051038
v 0.135614 0.521435 0.055506
v 0.143159 0.521456 0.057149
v 0.150474 0.520912 0.059272
v 0.157591 0.519918 0.062449
v 0.163781 0.518996 0.066602
v 0.170334 0.518307 0.070144
v 0.132162 0.532019 0.049221
v 0.138690 0.533983 0.054154
v 0.146251 0.535054 0.056615
v 0.153414 0.535368 0.058603
v 0.160048 0.535050 0.061839
v 0.165911 0.534638 0.065821
v 0.172018 0.534456 0.068974
v 0.135169 0.541982 0.047532
v 0.141483 0.545060 0.052834
v 0.148829 0.547050 0.055594
v 0.155881 0.548224 0.058400
v 0.162155 0.548789 0.061657
v 0.167756 0.548846 0.065172
v 0.173637 0.549097 0.067738
v 0.137036 0.550366 0.046178
v 0.143313 0.554358 0.051736
v 0.151048 0.557334 0.054968
v 0.157951 0.559429 0.057941
v 0.164284 0.560697 0.061231
v 0.169585 0.561478 0.064577
v 0.175347 0.562205 0.066545
v 0.138284 0.557705 0.045141
v 0.144924 0.562107 0.050508
v 0.152752 0.566198 0.054309
v 0.160164 0.569217 0.057379
v 0.166272 0.571278 0.060808
v 0.171615 0.572716 0.064002
v 0.177013 0.573813 0.065190
v 0.138914 0.563265 0.043826
v 0.146885 0.569179 0.049366
v 0.154621 0.574168 0.053828
v 0.161954 0.578411 0.057610
v 0.168086 0.581171 0.061134
v 0.173516 0.583182 0.063849
v 0.178869 0.584813 0.065097
v 0.138771 0.570109 0.044693
v 0.147974 0.575803 0.049436
v 0.156331 0.582414 0.054658
v 0.163673 0.587321 0.058384
v 0.169893 0.591060 0.061720
v 0.175240 0.593488 0.064023
v 0.180482 0.595390 0.065206
v 0.137748 0.577230 0.047593
v 0.149006 0.584127 0.051560
v 0.158140 0.590916 0.055860
v 0.165646 0.597005 0.059572
v 0.171400 0.601050 0.062529
v 0.176556 0.603958 0.064647
v 0.181672 0.606141 0.065170
v 0.144225 0.251830 0.092324
v 0.158563 0.248256 0.085157
v 0.170601 0.244806 0.076613
v 0.180733 0.240804 0.066984
v 0.189212 0.237022 0.056407
v 0.195773 0.234030 0.045133
v 0.198297 0.232620 0.033549
v 0.147520 0.258208 0.093939
v 0.161352 0.254679 0.086139
v 0.172957 0.250920 0.077527
v 0.182557 0.247196 0.067404
v 0.190513 0.243449 0.056597
v 0.196550 0.240144 0.045306
v 0.199073 0.238523 0.033922
v 0.150146 0.265258 0.094621
v 0.163502 0.261448 0.086848
v 0.174739 0.257800 0.077660
v 0.183819 0.254180 0.067328
v 0.191560 0.250681 0.056611
v 0.197489 0.247566 0.045633
v 0.200126 0.245779 0.034366
v 0.151568 0.273486 0.093937
v 0.164542 0.269228 0.085816
v 0.175812 0.265544 0.077186
v 0.185200 0.262301 0.067174
v 0.192634 0.259085 0.056568
v 0.198680 0.256535 0.045866
v 0.201449 0.254703 0.035019
v 0.152539 0.282628 0.092603
v 0.165372 0.277987 0.084390
v 0.176897 0.274432 0.076204
v 0.186223 0.271203 0.066600
v 0.193469 0.268750 0.056006
v 0.199485 0.266517 0.045921
v 0.203312 0.265167 0.035690
v 0.153895 0.292602 0.090943
v 0.166734 0.287618 0.082949
v 0.178164 0.283649 0.075063
v 0.187369 0.280691 0.065573
v 0.194361 0.278470 0.055403
v 0.200291 0.276891 0.045654
v 0.205430 0.275842 0.036738
v 0.157842 0.311572 0.086978
v 0.170083 0.305569 0.079356
v 0.180782 0.300986 0.071722
v 0.189669 0.297710 0.063191
v 0.195684 0.296754 0.053233
v 0.203312 0.297193 0.045440
v 0.210384 0.298257 0.039235
v 0.159670 0.319717 0.084517
v 0.171492 0.313249 0.077193
v 0.181701 0.308297 0.069697
v 0.189927 0.305539 0.061217
v 0.197017 0.305444 0.052241
v 0.204787 0.308171 0.044864
v 0.212043 0.310955 0.038847
v 0.160881 0.327392 0.081421
v 0.172329 0.320381 0.074706
v 0.182206 0.315756 0.067421
v 0.190941 0.313537 0.059717
v 0.198994 0.315039 0.051796
v 0.206067 0.320035 0.044053
v 0.212590 0.324431 0.037630
v 0.163296 0.335949 0.080487
v 0.174419 0.329071 0.073966
v 0.184294 0.324265 0.067025
v 0.193009 0.323272 0.059262
v 0.200292 0.326524 0.051306
v 0.206592 0.332670 0.042993
v 0.212699 0.339633 0.037785
v 0.166139 0.346711 0.079941
v 0.176536 0.339579 0.073455
v 0.186264 0.335810 0.066441
v 0.194229 0.335637 0.058707
v 0.201097 0.339314 0.050553
v 0.206050 0.348264 0.042772
v 0.214934 0.354557 0.041203
v 0.168277 0.359966 0.078618
v 0.178540 0.353199 0.072570
v 0.187449 0.349845 0.065713
v 0.195236 0.350158 0.058200
v 0.201168 0.355430 0.051576
v 0.208781 0.363229 0.046397
v 0.217123 0.370857 0.047437
v 0.170718 0.374833 0.077893
v 0.180278 0.368664 0.072224
v 0.188495 0.365880 0.065388
v 0.196169 0.367266 0.059485
v 0.203791 0.371739 0.054886
v 0.211246 0.380133 0.052134
v 0.219407 0.387422 0.053659
v 0.173004 0.390563 0.078119
v 0.182419 0.384828 0.073295
v 0.190700 0.383264 0.067764
v 0.198409 0.385108 0.062882
v 0.206297 0.389902 0.059817
v 0.213327 0.398259 0.057372
v 0.222212 0.405558 0.060398
v 0.174830 0.406761 0.078723
v 0.184520 0.401917 0.075100
v 0.192678 0.401472 0.070613
v 0.200654 0.404344 0.066958
v 0.208289 0.410019 0.064386
v 0.215366 0.417777 0.062817
v 0.223586 0.426363 0.064175
v 0.176769 0.423331 0.079850
v 0.186160 0.420335 0.076991
v 0.194843 0.420907 0.073486
v 0.202586 0.424963 0.070475
v 0.210058 0.431413 0.067582
v 0.216451 0.439683 0.064046
v 0.224444 0.447781 0.065508
v 0.178169 0.441911 0.080629
v 0.188196 0.439651 0.078272
v 0.195889 0.441823 0.074002
v 0.203323 0.446628 0.070398
v 0.210720 0.453342 0.067988
v 0.217215 0.461584 0.064858
v 0.224903 0.469074 0.065753
v 0.179906 0.460815 0.078339
v 0.189075 0.460752 0.076970
v 0.196711 0.463083 0.072820
v 0.203807 0.468155 0.069551
v 0.211022 0.474929 0.067638
v 0.217468 0.482457 0.064296
v 0.224920 0.489361 0.065759
v 0.181524 0.480913 0.075697
v 0.189623 0.481607 0.073727
v 0.196704 0.484471 0.070244
v 0.203751 0.489180 0.067932
v 0.210794 0.495133 0.066859
v 0.216965 0.501636 0.064501
v 0.224076 0.507531 0.064712
v 0.182859 0.500588 0.072376
v 0.189891 0.502085 0.070138
v 0.196438 0.504880 0.067691
v 0.203238 0.508882 0.066392
v 0.209816 0.513458 0.065136
v 0.215927 0.518627 0.063414
v 0.222696 0.523029 0.063373
v 0.183991 0.519336 0.069722
v 0.189857 0.521080 0.067170
v 0.196127 0.523610 0.065531
v 0.202443 0.526310 0.064386
v 0.208734 0.529823 0.063090
v 0.214812 0.533352 0.062439
v 0.221475 0.536636 0.061789
v 0.184674 0.536426 0.067383
v 0.189941 0.538092 0.064679
v 0.195746 0.539888 0.063217
v 0.201733 0.541851 0.061914
v 0.207971 0.543821 0.060835
v 0.213885 0.546572 0.060545
v 0.220553 0.548450 0.059527
v 0.185118 0.551463 0.065175
v 0.190137 0.553102 0.062449
v 0.195565 0.554323 0.060724
v 0.201351 0.555327 0.059485
v 0.207374 0.556650 0.058299
v 0.213340 0.558271 0.058829
v 0.219750 0.559288 0.057298
v 0.186028 0.564994 0.063493
v 0.190706 0.566361 0.060977
v 0.195874 0.567242 0.059148
v 0.201301 0.567786 0.057818
v 0.207134 0.568436 0.056611
v 0.212776 0.569300 0.057380
v 0.219227 0.569370 0.055491
v 0.187026 0.576982 0.062200
v 0.191685 0.578364 0.059839
v 0.196447 0.578987 0.057640
v 0.201576 0.579282 0.056351
v 0.206972 0.579417 0.055099
v 0.212540 0.579605 0.055738
v 0.218739 0.578835 0.053734
v 0.188816 0.588135 0.062259
v 0.193224 0.589251 0.059806
v 0.197480 0.589828 0.057414
v 0.202145 0.589949 0.055742
v 0.207107 0.589832 0.054242
v 0.212531 0.589252 0.054694
v 0.218388 0.587702 0.051789
v 0.190081 0.598421 0.062274
v 0.194367 0.599510 0.059968
v 0.198384 0.599807 0.057552
v 0.202459 0.599952 0.055326
v 0.207158 0.599536 0.053578
v 0.212642 0.598505 0.053772
v 0.218127 0.596147 0.050023
v 0.190695 0.608757 0.062328
v 0.194738 0.608975 0.060279
v 0.198776 0.609343 0.058070
v 0.202505 0.609338 0.055490
v 0.206765 0.608858 0.053157
v 0.212262 0.607318 0.052389
v 0.217769 0.604448 0.048614
v -0.016680 0.288311 -0.096435
v -0.012505 0.300244 -0.097104
v -0.008567 0.310925 -0.095139
v -0.005564 0.322275 -0.092614
v -0.002145 0.334406 -0.089483
v 0.001945 0.346890 -0.083990
v 0.004503 0.285387 -0.092431
v 0.007834 0.295806 -0.090305
v 0.011657 0.306616 -0.088288
v 0.015615 0.317359 -0.085599
v 0.018152 0.328563 -0.081926
v 0.021159 0.341642 -0.077657
v 0.025031 0.281430 -0.084841
v 0.029484 0.291269 -0.083539
v 0.034100 0.300586 -0.080577
v 0.036982 0.310834 -0.078171
v 0.039270 0.322576 -0.076211
v 0.041966 0.335098 -0.073384
v 0.047659 0.277385 -0.080674
v 0.052767 0.285740 -0.077826
v 0.057370 0.294861 -0.075697
v 0.060137 0.304697 -0.073523
v 0.061129 0.315351 -0.071935
v 0.062492 0.328532 -0.069591
v 0.069779 0.273250 -0.075580
v 0.075695 0.281206 -0.072996
v 0.080265 0.289559 -0.070289
v 0.082612 0.298477 -0.068576
v 0.082942 0.309581 -0.067172
v 0.083346 0.321207 -0.065200
v 0.091568 0.269649 -0.068731
v 0.096797 0.277215 -0.066085
v 0.101455 0.284719 -0.064149
v 0.103456 0.294031 -0.063170
v 0.102930 0.303598 -0.060609
v 0.103459 0.315912 -0.058959
v 0.111078 0.266873 -0.058613
v 0.116242 0.273542 -0.057538
v 0.119640 0.281103 -0.055891
v 0.121278 0.289305 -0.055173
v 0.121002 0.299186 -0.053836
v 0.120958 0.310209 -0.052529
v 0.022075 0.376048 -0.066354
v 0.034019 0.388584 -0.056380
v 0.051214 0.397554 -0.042142
v 0.061704 0.399708 -0.030217
v 0.071279 0.399654 -0.019411
v 0.081427 0.407343 -0.012933
v 0.089178 0.416310 -0.019059
v 0.096604 0.425225 -0.024439
v 0.105323 0.435953 -0.028080
v 0.113760 0.446863 -0.029324
v 0.121839 0.458705 -0.029286
v 0.128265 0.471386 -0.027131
v 0.132697 0.484038 -0.021485
v 0.136282 0.496677 -0.016778
v 0.139492 0.509109 -0.014673
v 0.142534 0.520289 -0.013092
v 0.145379 0.530159 -0.011235
v 0.147127 0.539499 -0.009771
v 0.146961 0.547004 -0.010898
v 0.147373 0.553868 -0.011569
v 0.146791 0.559507 -0.014494
v 0.148106 0.565636 -0.019667
v 0.037502 0.370976 -0.068501
v 0.052935 0.385122 -0.057675
v 0.063961 0.391811 -0.044477
v 0.074216 0.394397 -0.031396
v 0.081150 0.395390 -0.020787
v 0.090143 0.403354 -0.014579
v 0.097475 0.411988 -0.019562
v 0.105334 0.420901 -0.024781
v 0.113321 0.431423 -0.027299
v 0.122240 0.442418 -0.029004
v 0.130056 0.453835 -0.030006
v 0.136639 0.467539 -0.029233
v 0.140244 0.480741 -0.023298
v 0.142955 0.494226 -0.019291
v 0.145752 0.507322 -0.018038
v 0.148856 0.519441 -0.016633
v 0.151614 0.530355 -0.014743
v 0.153542 0.539720 -0.012701
v 0.155070 0.548537 -0.012310
v 0.155347 0.555529 -0.011754
v 0.156414 0.562509 -0.012733
v 0.157430 0.568336 -0.016985
v 0.057663 0.365630 -0.067767
v 0.068367 0.378327 -0.057244
v 0.079318 0.385055 -0.043542
v 0.086725 0.388333 -0.031634
v 0.092366 0.390033 -0.020807
v 0.100145 0.398655 -0.014946
v 0.107492 0.407414 -0.019655
v 0.114649 0.416531 -0.023872
v 0.123056 0.427712 -0.024485
v 0.130385 0.438790 -0.024537
v 0.138880 0.449749 -0.026538
v 0.145524 0.462725 -0.027450
v 0.148463 0.477268 -0.023421
v 0.150510 0.490970 -0.018891
v 0.153424 0.504920 -0.018492
v 0.156591 0.517718 -0.017924
v 0.159025 0.529456 -0.016424
v 0.161045 0.540146 -0.015081
v 0.162300 0.549069 -0.014226
v 0.164014 0.557052 -0.013878
v 0.165076 0.563661 -0.014937
v 0.166850 0.570765 -0.015881
v 0.075972 0.358567 -0.065466
v 0.086028 0.370312 -0.053897
v 0.093917 0.377251 -0.041646
v 0.100074 0.381308 -0.030454
v 0.104983 0.384821 -0.020780
v 0.111593 0.393476 -0.014861
v 0.118320 0.402815 -0.018351
v 0.125606 0.412405 -0.021804
v 0.132639 0.423623 -0.021676
v 0.140175 0.435032 -0.020897
v 0.147125 0.446343 -0.021527
v 0.153507 0.458921 -0.022131
v 0.155981 0.473161 -0.019161
v 0.158321 0.487826 -0.017104
v 0.161529 0.502317 -0.016560
v 0.164597 0.515895 -0.016405
v 0.167083 0.528242 -0.015435
v 0.168838 0.539262 -0.014530
v 0.170576 0.549211 -0.014080
v 0.171989 0.557680 -0.013535
v 0.173932 0.565293 -0.015592
v 0.175726 0.572825 -0.016125
v 0.094634 0.349828 -0.059178
v 0.101837 0.361404 -0.048618
v 0.108361 0.368460 -0.037876
v 0.113435 0.373930 -0.028260
v 0.117914 0.379519 -0.020274
v 0.123461 0.387960 -0.014242
v 0.129704 0.397677 -0.017858
v 0.136214 0.408174 -0.019165
v 0.142906 0.419584 -0.017821
v 0.149391 0.431228 -0.016417
v 0.156343 0.442911 -0.016533
v 0.161844 0.455600 -0.017036
v 0.165097 0.469741 -0.016024
v 0.167544 0.485143 -0.014398
v 0.170369 0.500108 -0.014352
v 0.173328 0.514195 -0.014129
v 0.175562 0.527077 -0.013422
v 0.177226 0.538603 -0.012478
v 0.178709 0.548794 -0.012392
v 0.180558 0.558114 -0.013074
v 0.182422 0.566359 -0.014259
v 0.184378 0.574963 -0.015243
v 0.111422 0.342126 -0.050938
v 0.116980 0.352393 -0.042701
v 0.122095 0.360242 -0.033701
v 0.125878 0.366326 -0.025089
v 0.130158 0.373436 -0.018785
v 0.135253 0.382537 -0.014072
v 0.140891 0.392636 -0.016753
v 0.146908 0.403759 -0.017057
v 0.152848 0.415404 -0.014640
v 0.159244 0.427319 -0.012508
v 0.165481 0.439618 -0.011592
v 0.170729 0.452593 -0.011393
v 0.174439 0.467427 -0.011078
v 0.177378 0.482698 -0.011330
v 0.180324 0.498441 -0.011394
v 0.182924 0.513033 -0.011315
v 0.184891 0.526227 -0.010815
v 0.186334 0.538150 -0.010755
v 0.187803 0.548879 -0.011070
v 0.189286 0.558352 -0.012393
v 0.191158 0.567567 -0.013592
v 0.192972 0.576538 -0.013901
v 0.126442 0.334197 -0.043749
v 0.130810 0.344084 -0.036589
v 0.134603 0.352173 -0.029288
v 0.137441 0.358957 -0.021635
v 0.141756 0.367452 -0.017202
v 0.146509 0.377057 -0.014489
v 0.151740 0.387662 -0.016270
v 0.157328 0.399322 -0.014637
v 0.163064 0.411381 -0.011898
v 0.169366 0.423700 -0.009522
v 0.175324 0.436525 -0.007377
v 0.180533 0.450425 -0.006675
v 0.184479 0.465346 -0.006895
v 0.187800 0.481640 -0.007722
v 0.190605 0.497469 -0.008305
v 0.192941 0.512421 -0.008362
v 0.194715 0.526178 -0.008680
v 0.195966 0.538418 -0.008965
v 0.196833 0.549465 -0.009577
v 0.198284 0.559509 -0.010894
v 0.199756 0.568910 -0.011975
v 0.201230 0.578355 -0.012299
v -0.004916 0.383530 -0.055054
v -0.013325 0.386631 -0.046726
v -0.019545 0.389355 -0.037705
v -0.025328 0.391436 -0.028639
v -0.030466 0.393176 -0.019223
v -0.036435 0.397296 -0.009758
v -0.041918 0.398839 0.003771
v 0.010408 0.393372 -0.043883
v 0.003285 0.396457 -0.035639
v -0.004648 0.398812 -0.027604
v -0.011317 0.400395 -0.018829
v -0.016748 0.401765 -0.009883
v -0.021219 0.403639 -0.000479
v -0.025688 0.404688 0.010512
v 0.027677 0.401088 -0.031841
v 0.017590 0.403099 -0.025741
v 0.009240 0.405768 -0.018822
v 0.001840 0.406939 -0.011241
v -0.004039 0.407261 -0.003111
v -0.008560 0.407659 0.005128
v -0.011391 0.408029 0.013697
v 0.040286 0.404223 -0.022037
v 0.031224 0.406607 -0.016676
v 0.022172 0.408780 -0.011244
v 0.014163 0.410263 -0.005158
v 0.008021 0.411061 0.001389
v 0.003384 0.412563 0.008099
v 0.000769 0.413453 0.014907
v 0.052910 0.406438 -0.013177
v 0.043711 0.409479 -0.009614
v 0.034716 0.411782 -0.005469
v 0.026875 0.413490 -0.000479
v 0.020574 0.415795 0.004662
v 0.016163 0.418310 0.009107
v 0.014074 0.420743 0.014134
v 0.065718 0.414778 -0.008016
v 0.056973 0.417935 -0.004960
v 0.048038 0.420573 -0.002555
v 0.039975 0.423215 0.000585
v 0.032945 0.425962 0.002635
v 0.028089 0.428775 0.005607
v 0.025928 0.431714 0.009867
v 0.074642 0.424422 -0.015093
v 0.067117 0.427843 -0.012535
v 0.058361 0.430429 -0.011173
v 0.049927 0.433032 -0.009040
v 0.042263 0.436227 -0.006937
v 0.037214 0.440596 -0.002759
v 0.035851 0.445005 0.002627
v 0.084058 0.434139 -0.019888
v 0.077348 0.437766 -0.017482
v 0.069876 0.440755 -0.015843
v 0.061629 0.443453 -0.014871
v 0.054447 0.447167 -0.012097
v 0.050213 0.450930 -0.007066
v 0.049015 0.454687 -0.001782
v 0.093184 0.444451 -0.022738
v 0.087249 0.448108 -0.021342
v 0.080038 0.451082 -0.020085
v 0.072663 0.453948 -0.018844
v 0.066028 0.457152 -0.015422
v 0.062155 0.460189 -0.010416
v 0.061274 0.463051 -0.005215
v 0.101612 0.454931 -0.024972
v 0.095415 0.458470 -0.024503
v 0.088899 0.461565 -0.024170
v 0.081926 0.464604 -0.021571
v 0.076480 0.467176 -0.017096
v 0.072982 0.469714 -0.012453
v 0.072037 0.471762 -0.007161
v 0.108932 0.466231 -0.025755
v 0.102806 0.470286 -0.026275
v 0.096195 0.474451 -0.025917
v 0.089643 0.477574 -0.022360
v 0.085042 0.479377 -0.017393
v 0.081847 0.481104 -0.012285
v 0.081163 0.482697 -0.006959
v 0.115013 0.478820 -0.023041
v 0.108825 0.483107 -0.021414
v 0.102844 0.486551 -0.018498
v 0.097793 0.489110 -0.015513
v 0.093637 0.490886 -0.011879
v 0.090920 0.492587 -0.007933
v 0.089263 0.494379 -0.003556
v 0.119282 0.489587 -0.014881
v 0.113381 0.493683 -0.012823
v 0.108626 0.497120 -0.010299
v 0.104527 0.500193 -0.008071
v 0.101075 0.502492 -0.006057
v 0.098347 0.504340 -0.003188
v 0.096156 0.506329 0.000383
v 0.123492 0.502162 -0.009975
v 0.117781 0.505992 -0.009588
v 0.112654 0.509718 -0.009688
v 0.108477 0.512367 -0.007668
v 0.104506 0.514613 -0.005667
v 0.102019 0.516442 -0.001970
v 0.100283 0.517858 0.001975
v 0.127220 0.513664 -0.010391
v 0.121621 0.516769 -0.010491
v 0.116373 0.519659 -0.010751
v 0.111728 0.522332 -0.008812
v 0.107463 0.524696 -0.006390
v 0.105345 0.526237 -0.001766
v 0.104101 0.527589 0.002671
v 0.130423 0.523595 -0.010231
v 0.125000 0.525915 -0.010308
v 0.119721 0.528442 -0.009647
v 0.115141 0.530519 -0.007700
v 0.111200 0.532584 -0.005046
v 0.109096 0.534025 -0.000756
v 0.107942 0.535231 0.003292
v 0.132903 0.532133 -0.009615
v 0.127253 0.533844 -0.009348
v 0.122038 0.535663 -0.008395
v 0.117446 0.537431 -0.006448
v 0.114019 0.539133 -0.003414
v 0.112051 0.540719 0.000175
v 0.110448 0.542301 0.003663
v 0.134035 0.539543 -0.008680
v 0.128550 0.540525 -0.008729
v 0.123171 0.541920 -0.007938
v 0.118403 0.543647 -0.006255
v 0.114357 0.545323 -0.003829
v 0.111986 0.547174 -0.000477
v 0.110596 0.548850 0.002858
v 0.134062 0.545631 -0.009994
v 0.128270 0.546066 -0.010057
v 0.122921 0.547327 -0.009078
v 0.118292 0.549229 -0.006587
v 0.114087 0.550986 -0.004521
v 0.111918 0.553206 -0.001299
v 0.109266 0.554737 0.001181
v 0.132951 0.550689 -0.012599
v 0.126853 0.550799 -0.012326
v 0.121279 0.552548 -0.010725
v 0.116485 0.554448 -0.008702
v 0.112101 0.556265 -0.006378
v 0.108733 0.558020 -0.003824
v 0.105975 0.559609 -0.001290
v 0.130847 0.555321 -0.016239
v 0.123788 0.555015 -0.015968
v 0.117564 0.556034 -0.014515
v 0.112487 0.558592 -0.011941
v 0.108528 0.560906 -0.009143
v 0.104886 0.562810 -0.006468
v 0.102084 0.564489 -0.003833
v 0.127662 0.558948 -0.023173
v 0.119389 0.558926 -0.020898
v 0.113018 0.561277 -0.018053
v 0.108506 0.564070 -0.015096
v 0.104177 0.566311 -0.012072
v 0.100365 0.568184 -0.009209
v 0.096673 0.569400 -0.006748
v 0.146323 0.260930 -0.040410
v 0.148699 0.267133 -0.040449
v 0.149935 0.273443 -0.040313
v 0.149530 0.280974 -0.039608
v 0.148647 0.289039 -0.038468
v 0.148376 0.298974 -0.036805
v 0.159885 0.257823 -0.033224
v 0.161305 0.263564 -0.033652
v 0.161680 0.269872 -0.033642
v 0.160917 0.276375 -0.033056
v 0.159898 0.284527 -0.032189
v 0.159856 0.293075 -0.030238
v 0.170752 0.254223 -0.026475
v 0.171862 0.259970 -0.027118
v 0.172083 0.265867 -0.027512
v 0.171213 0.272586 -0.027287
v 0.170368 0.279725 -0.026036
v 0.170145 0.288211 -0.023926
v 0.179744 0.250371 -0.018604
v 0.180400 0.256039 -0.019258
v 0.180155 0.261941 -0.019371
v 0.179815 0.268236 -0.019341
v 0.179626 0.275480 -0.019014
v 0.180197 0.283938 -0.017024
v 0.187880 0.246155 -0.010113
v 0.187828 0.251923 -0.010190
v 0.187503 0.257800 -0.010273
v 0.187363 0.264179 -0.010472
v 0.187817 0.271645 -0.009672
v 0.188242 0.279599 -0.008050
v 0.194621 0.241642 0.000047
v 0.194565 0.247373 -0.000213
v 0.194533 0.253578 -0.000445
v 0.194813 0.260416 -0.000109
v 0.194682 0.267959 0.000644
v 0.195340 0.276521 0.002799
v 0.198567 0.236949 0.011045
v 0.199154 0.242633 0.010781
v 0.199787 0.249139 0.010813
v 0.199924 0.256860 0.011168
v 0.200946 0.265712 0.012315
v 0.201450 0.274895 0.013606
v 0.151702 0.319016 -0.029516
v 0.154237 0.328165 -0.024615
v 0.156608 0.336627 -0.019527
v 0.159177 0.345447 -0.014988
v 0.162548 0.355253 -0.011797
v 0.167383 0.366250 -0.011159
v 0.173094 0.378404 -0.011221
v 0.178172 0.391713 -0.007299
v 0.183752 0.405141 -0.003425
v 0.189990 0.419113 -0.000306
v 0.195815 0.433903 0.001461
v 0.200935 0.449760 0.001853
v 0.204594 0.466773 0.001607
v 0.207382 0.484284 0.000977
v 0.209658 0.500921 0.000873
v 0.211345 0.516370 0.000716
v 0.212044 0.530476 0.000442
v 0.212430 0.542990 -0.000023
v 0.213109 0.554079 -0.000999
v 0.214367 0.564182 -0.001745
v 0.215120 0.573576 -0.002021
v 0.215939 0.582743 -0.002050
v 0.162419 0.312045 -0.022642
v 0.164560 0.320961 -0.018078
v 0.166284 0.329559 -0.013353
v 0.168587 0.338849 -0.009650
v 0.172064 0.349742 -0.007389
v 0.176975 0.361532 -0.006992
v 0.182691 0.374865 -0.005254
v 0.187578 0.388956 -0.000463
v 0.193369 0.403932 0.003705
v 0.199408 0.419233 0.006819
v 0.205039 0.435549 0.008469
v 0.209286 0.453092 0.008848
v 0.212026 0.471437 0.008806
v 0.213962 0.489265 0.008908
v 0.215419 0.506073 0.008886
v 0.216512 0.521172 0.008861
v 0.216550 0.534758 0.008697
v 0.216580 0.546752 0.008037
v 0.217039 0.557586 0.007591
v 0.217631 0.567218 0.007187
v 0.218367 0.576374 0.006900
v 0.218903 0.585101 0.006335
v 0.172507 0.306228 -0.015921
v 0.174783 0.315247 -0.012151
v 0.176043 0.323743 -0.007740
v 0.178063 0.333844 -0.004726
v 0.181132 0.345303 -0.002633
v 0.186092 0.358293 -0.001838
v 0.191074 0.372680 0.002125
v 0.195996 0.388238 0.007585
v 0.202012 0.404202 0.012100
v 0.208045 0.421323 0.015300
v 0.212714 0.439280 0.016932
v 0.216133 0.458262 0.017397
v 0.217405 0.477376 0.017775
v 0.218306 0.495494 0.017832
v 0.218786 0.511770 0.018140
v 0.218988 0.526184 0.018018
v 0.218717 0.538923 0.017464
v 0.218442 0.550383 0.016894
v 0.218874 0.560596 0.016208
v 0.219325 0.570126 0.015744
v 0.219891 0.578967 0.014971
v 0.220411 0.587689 0.013927
v 0.182389 0.301697 -0.009526
v 0.184249 0.310574 -0.005839
v 0.184607 0.319716 -0.001359
v 0.186771 0.330446 0.000841
v 0.189915 0.343216 0.002635
v 0.194632 0.357677 0.004613
v 0.198599 0.373320 0.010480
v 0.202927 0.389825 0.016783
v 0.208251 0.407557 0.022037
v 0.213058 0.425675 0.025163
v 0.216957 0.444806 0.026729
v 0.218989 0.464327 0.027155
v 0.219827 0.483441 0.027323
v 0.220489 0.501132 0.027428
v 0.220862 0.516773 0.027331
v 0.220780 0.530426 0.026917
v 0.220384 0.542455 0.026101
v 0.220082 0.553379 0.025054
v 0.220462 0.563473 0.024148
v 0.220793 0.572806 0.023174
v 0.221385 0.581641 0.021956
v 0.221935 0.590255 0.020293
v 0.191190 0.297643 -0.001671
v 0.192040 0.307252 0.002103
v 0.192584 0.317415 0.005618
v 0.195282 0.330059 0.007611
v 0.198828 0.344584 0.008722
v 0.203015 0.360544 0.012810
v 0.205698 0.377538 0.019896
v 0.210100 0.395311 0.026560
v 0.214401 0.413496 0.031423
v 0.218657 0.432555 0.034486
v 0.221425 0.451691 0.035669
v 0.222942 0.471020 0.036040
v 0.224164 0.489572 0.035853
v 0.224138 0.506441 0.035881
v 0.223566 0.521286 0.035716
v 0.222878 0.534303 0.034967
v 0.222045 0.545876 0.033725
v 0.221547 0.556543 0.032350
v 0.221758 0.566470 0.030933
v 0.221942 0.575781 0.029588
v 0.222601 0.584580 0.027845
v 0.223044 0.592990 0.025819
v 0.197342 0.295131 0.008463
v 0.198605 0.305914 0.011589
v 0.201338 0.318767 0.013307
v 0.203807 0.333084 0.014405
v 0.208808 0.349388 0.015698
v 0.210396 0.367153 0.022645
v 0.212955 0.384869 0.030576
v 0.216503 0.403392 0.036573
v 0.219773 0.422586 0.041441
v 0.223108 0.441381 0.043413
v 0.224933 0.460772 0.044303
v 0.225830 0.479493 0.044474
v 0.226322 0.496886 0.044072
v 0.225747 0.512705 0.043805
v 0.224387 0.526601 0.043364
v 0.223751 0.538831 0.042055
v 0.223271 0.549971 0.040357
v 0.223053 0.560274 0.038563
v 0.223499 0.569925 0.036715
v 0.223949 0.578962 0.034917
v 0.224697 0.587377 0.032927
v 0.225234 0.595567 0.030796
v 0.204952 0.295680 0.017849
v 0.207909 0.308037 0.018660
v 0.210976 0.321736 0.018589
v 0.215798 0.338251 0.018794
v 0.216123 0.356007 0.024688
v 0.219246 0.373751 0.031517
v 0.222070 0.392229 0.038205
v 0.225297 0.411092 0.044028
v 0.228608 0.430006 0.048104
v 0.230311 0.449792 0.050512
v 0.231166 0.469038 0.051398
v 0.232114 0.487794 0.051079
v 0.231066 0.504988 0.050842
v 0.229397 0.519660 0.050250
v 0.228025 0.532517 0.049200
v 0.227018 0.544019 0.047667
v 0.226219 0.554497 0.045879
v 0.225870 0.564339 0.044150
v 0.225346 0.573576 0.042536
v 0.225361 0.582213 0.040898
v 0.225550 0.590407 0.039101
v 0.225561 0.598297 0.037207
v -0.085888 0.297258 0.031821
v -0.097512 0.305130 0.049184
v -0.107421 0.314902 0.062918
v -0.118204 0.323832 0.067858
v -0.127155 0.332102 0.070262
v -0.135606 0.339558 0.070791
v -0.143746 0.346830 0.071033
v -0.152451 0.354341 0.070770
v -0.162050 0.362061 0.070841
v -0.173006 0.370359 0.070567
v -0.184643 0.378354 0.070291
v -0.196029 0.386424 0.070029
v -0.205725 0.391710 0.068170
v -0.213593 0.396764 0.067071
v -0.218977 0.402319 0.067743
v -0.225304 0.406706 0.067980
v -0.232685 0.411130 0.069251
v -0.243202 0.414043 0.069677
v -0.255843 0.416246 0.068865
v -0.269718 0.418594 0.067233
v -0.283771 0.420860 0.065156
v -0.297489 0.422904 0.062890
v -0.309941 0.424768 0.060428
v -0.321477 0.425369 0.057310
v -0.331055 0.426141 0.055245
v -0.340148 0.426586 0.054210
v -0.347818 0.427073 0.054021
v -0.356512 0.426352 0.051774
v -0.364999 0.424774 0.049953
v -0.372885 0.421679 0.047007
v -0.378712 0.417708 0.044048
v -0.383290 0.413208 0.039977
v -0.086754 0.308100 0.029836
v -0.096921 0.314933 0.047202
v -0.104357 0.321515 0.060816
v -0.114218 0.329988 0.067236
v -0.123069 0.336765 0.068687
v -0.131175 0.343761 0.069037
v -0.139614 0.350943 0.069110
v -0.148384 0.358274 0.068992
v -0.158370 0.365924 0.068657
v -0.169327 0.373263 0.068140
v -0.181970 0.381373 0.067667
v -0.192961 0.388703 0.067552
v -0.203672 0.394104 0.065050
v -0.211794 0.399184 0.063950
v -0.218128 0.404819 0.064811
v -0.225003 0.409216 0.065546
v -0.233386 0.413324 0.066819
v -0.244341 0.416682 0.067585
v -0.257382 0.419093 0.066931
v -0.271203 0.421717 0.065317
v -0.285022 0.424143 0.063286
v -0.297872 0.426354 0.060875
v -0.310062 0.428099 0.058648
v -0.320396 0.428984 0.055021
v -0.330945 0.429967 0.053590
v -0.339512 0.430497 0.052638
v -0.348222 0.430569 0.052154
v -0.356222 0.429500 0.049903
v -0.365086 0.427830 0.047355
v -0.372595 0.425148 0.044085
v -0.379865 0.421008 0.040150
v -0.386646 0.418918 0.037012
v -0.086789 0.318541 0.030766
v -0.095516 0.323205 0.046659
v -0.100596 0.328539 0.062207
v -0.110428 0.334956 0.066774
v -0.118634 0.341760 0.068126
v -0.127070 0.348063 0.067876
v -0.135746 0.355237 0.067417
v -0.145293 0.362879 0.067250
v -0.155675 0.370331 0.067118
v -0.167708 0.378050 0.067047
v -0.179334 0.385060 0.066546
v -0.191443 0.392220 0.065322
v -0.201104 0.397141 0.062357
v -0.209883 0.402432 0.061035
v -0.217305 0.407380 0.061553
v -0.224916 0.411802 0.062945
v -0.234012 0.415602 0.064299
v -0.245385 0.419004 0.065169
v -0.258509 0.421867 0.064497
v -0.272370 0.424529 0.062960
v -0.285743 0.427082 0.060654
v -0.298305 0.429209 0.058366
v -0.309556 0.431451 0.056106
v -0.320330 0.433005 0.053531
v -0.330188 0.434522 0.052344
v -0.339647 0.434897 0.051259
v -0.348172 0.434686 0.050899
v -0.356641 0.433494 0.048485
v -0.365041 0.431842 0.045467
v -0.373647 0.429409 0.041758
v -0.381312 0.427418 0.038049
v -0.389918 0.424347 0.036917
v -0.086631 0.328611 0.031452
v -0.092166 0.332513 0.048490
v -0.097271 0.334214 0.062336
v -0.106802 0.340720 0.067500
v -0.114463 0.345873 0.067966
v -0.122801 0.352350 0.067773
v -0.132127 0.359843 0.067490
v -0.142371 0.367593 0.067456
v -0.153992 0.375513 0.066994
v -0.165929 0.382703 0.066576
v -0.178366 0.389770 0.065653
v -0.189149 0.395892 0.063982
v -0.198901 0.401104 0.060923
v -0.207572 0.406301 0.059730
v -0.215804 0.411017 0.059828
v -0.224321 0.415137 0.061022
v -0.234208 0.418528 0.062444
v -0.246023 0.421411 0.062455
v -0.259314 0.424495 0.062081
v -0.272970 0.427898 0.061072
v -0.286291 0.430484 0.059066
v -0.298439 0.432959 0.056853
v -0.309488 0.435225 0.054609
v -0.319817 0.437381 0.052134
v -0.330021 0.438942 0.050975
v -0.339471 0.439319 0.049829
v -0.348244 0.438861 0.049430
v -0.356838 0.437659 0.047347
v -0.365922 0.436325 0.044610
v -0.374667 0.434585 0.041542
v -0.383095 0.432575 0.037098
v -0.391361 0.431341 0.036740
v -0.086576 0.340396 0.032898
v -0.092241 0.341546 0.049189
v -0.093752 0.341336 0.063826
v -0.103046 0.344301 0.069666
v -0.110536 0.350157 0.069316
v -0.118810 0.356402 0.068755
v -0.128288 0.363727 0.067586
v -0.139665 0.372232 0.067601
v -0.151780 0.380003 0.067619
v -0.164672 0.387471 0.067560
v -0.176433 0.394063 0.065938
v -0.186982 0.399931 0.062918
v -0.196332 0.405056 0.059614
v -0.205393 0.410244 0.058432
v -0.214413 0.414952 0.058401
v -0.223682 0.418832 0.059669
v -0.233966 0.422178 0.061331
v -0.246172 0.425015 0.061739
v -0.259567 0.428263 0.061480
v -0.273435 0.431272 0.060201
v -0.286650 0.434125 0.058578
v -0.298617 0.436630 0.056593
v -0.309421 0.439237 0.054431
v -0.319633 0.441721 0.052147
v -0.329845 0.443383 0.050634
v -0.339511 0.443758 0.049830
v -0.348517 0.442972 0.049508
v -0.357505 0.441947 0.047041
v -0.366205 0.440569 0.044001
v -0.376128 0.439479 0.040967
v -0.384384 0.438075 0.037641
v -0.392698 0.436442 0.037589
v -0.084628 0.353233 0.035410
v -0.088349 0.351290 0.052293
v -0.091900 0.348128 0.065241
v -0.099618 0.348602 0.072995
v -0.107176 0.353593 0.072243
v -0.114837 0.359679 0.070612
v -0.124711 0.367752 0.069107
v -0.136169 0.375764 0.068207
v -0.149579 0.384234 0.068599
v -0.162468 0.391439 0.068491
v -0.174601 0.398251 0.066945
v -0.184612 0.404005 0.063350
v -0.194058 0.409426 0.060333
v -0.203479 0.414627 0.058795
v -0.213074 0.419395 0.057937
v -0.222995 0.423187 0.059083
v -0.233705 0.425981 0.060978
v -0.246032 0.428752 0.061275
v -0.259719 0.431661 0.060903
v -0.273697 0.434643 0.060325
v -0.286917 0.437457 0.058819
v -0.298721 0.440200 0.056993
v -0.309111 0.443244 0.054441
v -0.319284 0.446144 0.052129
v -0.329752 0.447853 0.050666
v -0.339733 0.447977 0.050026
v -0.349124 0.446937 0.049621
v -0.357609 0.445857 0.047595
v -0.368161 0.445169 0.044585
v -0.376643 0.444143 0.041403
v -0.386539 0.442551 0.039530
v -0.393571 0.440951 0.039031
v -0.258483 -0.307054 0.107800
v -0.262684 -0.311712 0.114341
v -0.270962 -0.313477 0.118560
v -0.277762 -0.310988 0.123195
v -0.283496 -0.306070 0.124710
v -0.287810 -0.300677 0.124632
v -0.290271 -0.294170 0.122954
v -0.291366 -0.289302 0.121453
v -0.257557 -0.314303 0.104782
v -0.271868 -0.316221 0.108328
v -0.281512 -0.316621 0.111960
v -0.288668 -0.316962 0.116673
v -0.294647 -0.315965 0.123924
v -0.298632 -0.306581 0.124803
v -0.299029 -0.300212 0.121904
v -0.297491 -0.290587 0.118809
v -0.262766 -0.317243 0.096426
v -0.277866 -0.316263 0.100597
v -0.288996 -0.316145 0.105234
v -0.297397 -0.315887 0.109525
v -0.304647 -0.317330 0.114911
v -0.308315 -0.309592 0.119465
v -0.306096 -0.300578 0.116796
v -0.303658 -0.293517 0.115366
v -0.264110 -0.316656 0.087249
v -0.282255 -0.315065 0.091165
v -0.293652 -0.314901 0.095749
v -0.303495 -0.314470 0.100274
v -0.312208 -0.316469 0.105451
v -0.316073 -0.307231 0.110628
v -0.310936 -0.299732 0.109470
v -0.307087 -0.290460 0.108081
v -0.265350 -0.314067 0.075193
v -0.282095 -0.313777 0.080908
v -0.295996 -0.313428 0.084565
v -0.306491 -0.313788 0.088240
v -0.319002 -0.311355 0.092611
v -0.317808 -0.301371 0.098348
v -0.312573 -0.295221 0.099901
v -0.308040 -0.288009 0.099968
v -0.267475 -0.304041 0.069904
v -0.281037 -0.309168 0.066896
v -0.294243 -0.310351 0.067704
v -0.308195 -0.306653 0.070676
v -0.313781 -0.299167 0.080024
v -0.312230 -0.294703 0.086824
v -0.309795 -0.290500 0.090392
v -0.306037 -0.284639 0.091940
v -0.270821 -0.297466 0.069629
v -0.278054 -0.298105 0.067800
v -0.287713 -0.296959 0.067762
v -0.296475 -0.294473 0.069703
v -0.301940 -0.291377 0.074114
v -0.304982 -0.288686 0.079035
v -0.304412 -0.284833 0.082996
v -0.302508 -0.281234 0.086070
v 0.019916 0.644839 -0.007230
v 0.026031 0.642263 -0.004391
v 0.031377 0.640148 -0.001504
v 0.037656 0.637383 0.001824
v 0.044159 0.634611 0.005999
v 0.051342 0.631450 0.010272
v 0.059261 0.628195 0.015007
v 0.066690 0.625006 0.019880
v 0.074692 0.621508 0.025386
v 0.082698 0.618547 0.032074
v 0.095202 0.612991 0.039201
v 0.109743 0.608431 0.044983
v 0.021527 0.647088 -0.007059
v 0.026717 0.645986 -0.005043
v 0.032512 0.644058 -0.002187
v 0.039025 0.642358 0.000985
v 0.046439 0.639965 0.005032
v 0.054882 0.637493 0.009781
v 0.063249 0.634888 0.015022
v 0.071411 0.632410 0.020538
v 0.079558 0.630385 0.026485
v 0.089296 0.627677 0.034409
v 0.102363 0.624980 0.041235
v 0.118102 0.621149 0.048417
v 0.022793 0.650725 -0.007475
v 0.027731 0.649226 -0.005608
v 0.033623 0.648755 -0.003631
v 0.040502 0.647174 -0.000535
v 0.049018 0.645627 0.003526
v 0.058325 0.643445 0.008461
v 0.067528 0.641690 0.013812
v 0.076547 0.640092 0.019741
v 0.084634 0.639121 0.027483
v 0.095934 0.638076 0.035837
v 0.110278 0.635923 0.043585
v 0.126918 0.634218 0.051721
v 0.014889 0.642567 -0.008634
v 0.010202 0.642451 -0.010333
v 0.003991 0.642846 -0.013009
v -0.001354 0.642378 -0.015409
v -0.007243 0.640459 -0.019971
v -0.008059 0.635644 -0.027819
v -0.004545 0.635388 -0.032974
v 0.021365 0.638747 -0.005581
v 0.016244 0.638618 -0.007333
v 0.011075 0.637933 -0.009171
v 0.004816 0.636755 -0.012463
v 0.004103 0.632918 -0.018098
v 0.004276 0.636688 -0.023835
v 0.018771 0.630805 -0.019824
v 0.027860 0.635021 -0.002753
v 0.024181 0.633758 -0.003603
v 0.018997 0.633036 -0.005577
v 0.016254 0.630492 -0.009268
v 0.014046 0.634720 -0.015443
v 0.009944 0.631055 -0.019327
v 0.001773 0.639293 -0.022497
v 0.034445 0.630836 0.000373
v 0.031363 0.629181 -0.000558
v 0.027867 0.627144 -0.001425
v 0.024680 0.627182 -0.006411
v 0.020440 0.625576 -0.009488
v 0.011676 0.625846 -0.009397
v 0.002318 0.619925 -0.018933
v 0.040286 0.627101 0.003215
v 0.037497 0.624707 0.001862
v 0.034499 0.622902 -0.000126
v 0.031080 0.621077 -0.002533
v 0.025445 0.619508 -0.005988
v 0.018590 0.617631 -0.011677
v 0.012335 0.613260 -0.020305
v 0.045693 0.623374 0.006249
v 0.042322 0.620703 0.004612
v 0.039889 0.618727 0.001281
v 0.036263 0.616877 -0.001846
v 0.031411 0.615440 -0.006338
v 0.026026 0.614384 -0.012694
v 0.020555 0.612985 -0.020588
v 0.051772 0.619252 0.010255
v 0.047615 0.616277 0.007580
v 0.045205 0.614496 0.002873
v 0.041801 0.612721 -0.001096
v 0.037640 0.611153 -0.005779
v 0.032662 0.610413 -0.012096
v 0.029103 0.609984 -0.019158
v 0.058352 0.614501 0.014340
v 0.054469 0.611111 0.010467
v 0.051892 0.609498 0.005374
v 0.048646 0.607491 0.000626
v 0.044721 0.605994 -0.004234
v 0.040828 0.604907 -0.009948
v 0.037771 0.604739 -0.016868
v 0.065300 0.608709 0.019099
v 0.061350 0.605076 0.014399
v 0.059437 0.602889 0.008578
v 0.056352 0.601315 0.003526
v 0.053234 0.599596 -0.001589
v 0.049856 0.598801 -0.007536
v 0.048052 0.598798 -0.013871
v 0.071860 0.602801 0.024580
v 0.068517 0.597221 0.018699
v 0.066905 0.595810 0.012336
v 0.064472 0.593656 0.006829
v 0.062024 0.592884 0.001228
v 0.059737 0.592254 -0.004573
v 0.058263 0.592713 -0.010953
v 0.080528 0.593774 0.031274
v 0.074743 0.588696 0.023749
v 0.074241 0.586663 0.015846
v 0.072983 0.586861 0.009687
v 0.071270 0.586258 0.003843
v 0.069233 0.585854 -0.002026
v 0.068430 0.586547 -0.007835
v 0.092504 0.586207 0.034991
v 0.084371 0.578022 0.027797
v 0.082131 0.578517 0.018691
v 0.081339 0.579614 0.012172
v 0.079797 0.580170 0.006222
v 0.078337 0.580365 0.000486
v 0.077792 0.580698 -0.005046
v 0.010635 0.647912 -0.011251
v 0.011538 0.650371 -0.011313
v 0.014800 0.653047 -0.010542
v 0.005437 0.649101 -0.013677
v 0.007497 0.652030 -0.013288
v 0.010377 0.654754 -0.012625
v 0.000740 0.650272 -0.016190
v 0.002593 0.653843 -0.016132
v 0.006760 0.656928 -0.014662
v -0.003948 0.651570 -0.019775
v -0.001374 0.655716 -0.019145
v 0.002917 0.659462 -0.017147
v -0.006878 0.652197 -0.024537
v -0.004105 0.657334 -0.023772
v 0.000194 0.662148 -0.021906
v -0.007453 0.652081 -0.029905
v -0.004438 0.657718 -0.029027
v 0.000114 0.663253 -0.027504
v -0.006839 0.651614 -0.034622
v -0.003630 0.657411 -0.033719
v 0.001584 0.662763 -0.031886
v 0.022720 0.656428 -0.008459
v 0.028192 0.656877 -0.006878
v 0.034760 0.657718 -0.004582
v 0.042970 0.657336 -0.001458
v 0.052895 0.656756 0.002369
v 0.064222 0.655432 0.007003
v 0.075532 0.654786 0.012799
v 0.086539 0.654329 0.018965
v 0.097956 0.654960 0.026257
v 0.112007 0.654336 0.033376
v 0.125753 0.655886 0.043874
v 0.142872 0.656406 0.053982
v 0.021073 0.659166 -0.009315
v 0.027532 0.661100 -0.007380
v 0.034867 0.662038 -0.005163
v 0.043687 0.662312 -0.002498
v 0.054533 0.661774 0.001095
v 0.067040 0.660854 0.005478
v 0.079424 0.660440 0.011452
v 0.092359 0.660424 0.017875
v 0.105114 0.660599 0.023888
v 0.119206 0.661461 0.031679
v 0.130115 0.666391 0.045447
v 0.147975 0.663927 0.050169
v 0.018789 0.662565 -0.009338
v 0.026661 0.664974 -0.007548
v 0.034708 0.666581 -0.006200
v 0.044249 0.666892 -0.004071
v 0.055861 0.666568 -0.000604
v 0.069136 0.666010 0.003987
v 0.083408 0.665722 0.010686
v 0.096948 0.666166 0.016646
v 0.111114 0.666229 0.022510
v 0.122344 0.670339 0.031773
v 0.136961 0.672439 0.040171
v 0.152506 0.669192 0.045345
v 0.016095 0.667342 -0.009746
v 0.025039 0.670064 -0.008306
v 0.034601 0.670803 -0.008102
v 0.044646 0.671174 -0.006193
v 0.056852 0.670915 -0.002674
v 0.071539 0.670426 0.002799
v 0.086494 0.670707 0.008738
v 0.101584 0.670154 0.014618
v 0.115041 0.671753 0.020784
v 0.127775 0.674019 0.027490
v 0.141592 0.674928 0.034047
v 0.154941 0.672017 0.039765
v 0.017157 0.667992 -0.018433
v 0.023648 0.675719 -0.010857
v 0.034295 0.675441 -0.011059
v 0.044827 0.675074 -0.008983
v 0.058115 0.674805 -0.005025
v 0.073459 0.674876 0.000146
v 0.090010 0.674048 0.006161
v 0.105194 0.673729 0.011275
v 0.118637 0.674317 0.016742
v 0.131688 0.675463 0.022425
v 0.144446 0.675743 0.028210
v 0.156656 0.673082 0.033899
v 0.013016 0.675019 -0.020007
v 0.023516 0.678795 -0.017680
v 0.034349 0.678268 -0.016184
v 0.045502 0.677209 -0.013486
v 0.059307 0.676879 -0.009400
v 0.076034 0.676181 -0.003895
v 0.092890 0.675631 0.001568
v 0.108147 0.674884 0.006904
v 0.121663 0.675587 0.011918
v 0.134211 0.676508 0.016572
v 0.146595 0.676474 0.022026
v 0.158474 0.675415 0.028064
v 0.014298 0.675687 -0.027466
v 0.024599 0.678710 -0.024480
v 0.034839 0.678958 -0.021582
v 0.046149 0.677942 -0.018215
v 0.060861 0.677292 -0.013825
v 0.077938 0.676701 -0.008493
v 0.095277 0.676026 -0.002818
v 0.110600 0.675492 0.002111
v 0.123736 0.676289 0.006266
v 0.136310 0.677229 0.010722
v 0.148900 0.676874 0.014958
v 0.160188 0.677815 0.020957
v 0.032905 0.644396 -0.050692
v 0.033140 0.647777 -0.050359
v 0.034483 0.650690 -0.049726
v 0.039140 0.641876 -0.049323
v 0.039872 0.645525 -0.048296
v 0.040321 0.649431 -0.047911
v 0.046495 0.638781 -0.048025
v 0.046693 0.643320 -0.046794
v 0.047373 0.647861 -0.045727
v 0.053475 0.635762 -0.046926
v 0.054556 0.640784 -0.045344
v 0.055700 0.645781 -0.043780
v 0.061340 0.632568 -0.045935
v 0.063222 0.638166 -0.044120
v 0.065277 0.643682 -0.041970
v 0.069660 0.629274 -0.044770
v 0.072905 0.635364 -0.042768
v 0.075548 0.641632 -0.040325
v 0.078667 0.625745 -0.043851
v 0.082464 0.632737 -0.041922
v 0.086083 0.639667 -0.039195
v 0.087419 0.622274 -0.043243
v 0.091871 0.630043 -0.041390
v 0.095952 0.637929 -0.038807
v 0.096797 0.618380 -0.042863
v 0.101247 0.627160 -0.041387
v 0.105896 0.636463 -0.040433
v 0.106302 0.613761 -0.043269
v 0.112376 0.623789 -0.042265
v 0.117126 0.633525 -0.040891
v 0.119311 0.607381 -0.041320
v 0.124197 0.618823 -0.040586
v 0.130461 0.630624 -0.039098
v 0.130422 0.600320 -0.037895
v 0.137667 0.614303 -0.037396
v 0.144218 0.626483 -0.036515
v 0.021713 0.647792 -0.053344
v 0.016356 0.649154 -0.054236
v 0.010695 0.650476 -0.054687
v 0.005245 0.651726 -0.053725
v 0.000743 0.652042 -0.050741
v -0.002179 0.651788 -0.046713
v -0.004228 0.651366 -0.042645
v 0.022117 0.650946 -0.052995
v 0.016975 0.652624 -0.053834
v 0.011766 0.654659 -0.054145
v 0.006952 0.656614 -0.052702
v 0.003102 0.657545 -0.049273
v 0.000645 0.657470 -0.045174
v -0.000936 0.657116 -0.041290
v 0.024753 0.653438 -0.052232
v 0.020122 0.655421 -0.053199
v 0.015888 0.658133 -0.053901
v 0.010990 0.661060 -0.051929
v 0.007608 0.662774 -0.048039
v 0.005822 0.662605 -0.043763
v 0.004567 0.662212 -0.039699
v 0.028861 0.640887 -0.052070
v 0.035652 0.636629 -0.050435
v 0.043484 0.632106 -0.048395
v 0.050153 0.627723 -0.046845
v 0.056189 0.623766 -0.045508
v 0.062461 0.619800 -0.044679
v 0.069398 0.615337 -0.044024
v 0.077342 0.610281 -0.043006
v 0.085785 0.604336 -0.042228
v 0.094030 0.597389 -0.041816
v 0.105018 0.587608 -0.041243
v 0.114023 0.578275 -0.036190
v 0.023712 0.640866 -0.053401
v 0.031675 0.635859 -0.051700
v 0.040074 0.630552 -0.049778
v 0.047538 0.625449 -0.047706
v 0.053243 0.620891 -0.045716
v 0.058274 0.616732 -0.044443
v 0.064470 0.611932 -0.043226
v 0.071785 0.607040 -0.040917
v 0.079930 0.600344 -0.039819
v 0.088413 0.592310 -0.038657
v 0.095652 0.582027 -0.037855
v 0.105180 0.572229 -0.032860
v 0.017859 0.640998 -0.054786
v 0.026229 0.635542 -0.053196
v 0.035599 0.629499 -0.050766
v 0.044039 0.623377 -0.048511
v 0.049421 0.619209 -0.045333
v 0.054148 0.615244 -0.042739
v 0.059507 0.610967 -0.040450
v 0.066771 0.605519 -0.038177
v 0.075013 0.598882 -0.036113
v 0.083231 0.590641 -0.034415
v 0.091599 0.581913 -0.031498
v 0.099607 0.573749 -0.027085
v 0.011621 0.640856 -0.056010
v 0.020161 0.633829 -0.053933
v 0.030583 0.627747 -0.049249
v 0.038625 0.623679 -0.046541
v 0.044872 0.617584 -0.045298
v 0.048746 0.613677 -0.042383
v 0.054056 0.609630 -0.039137
v 0.061138 0.604202 -0.036212
v 0.069641 0.597693 -0.033359
v 0.078483 0.590052 -0.030809
v 0.087251 0.582662 -0.027192
v 0.095431 0.575718 -0.023257
v 0.004454 0.638551 -0.055460
v 0.015139 0.631286 -0.049917
v 0.026354 0.633812 -0.044574
v 0.032746 0.622335 -0.046701
v 0.037130 0.616419 -0.045426
v 0.042004 0.613001 -0.041147
v 0.047410 0.608793 -0.037585
v 0.054947 0.603269 -0.034421
v 0.063997 0.596851 -0.031012
v 0.073150 0.589845 -0.027699
v 0.082294 0.583072 -0.023898
v 0.090831 0.577017 -0.019721
v -0.001181 0.635100 -0.049567
v 0.011801 0.634280 -0.045309
v 0.018801 0.628794 -0.045333
v 0.024289 0.622152 -0.050977
v 0.028497 0.614981 -0.044388
v 0.033044 0.612797 -0.039080
v 0.039869 0.608722 -0.035456
v 0.048205 0.603100 -0.032001
v 0.057586 0.596848 -0.028389
v 0.067671 0.590221 -0.024621
v 0.077098 0.583974 -0.020728
v 0.085942 0.578205 -0.016717
v -0.001134 0.634883 -0.042815
v 0.025021 0.629704 -0.041420
v 0.010375 0.637412 -0.048462
v 0.011803 0.617852 -0.048410
v 0.017681 0.612047 -0.040569
v 0.024906 0.611965 -0.035758
v 0.032744 0.609268 -0.031835
v 0.041723 0.603922 -0.028368
v 0.052180 0.597904 -0.024748
v 0.062354 0.591852 -0.020997
v 0.072509 0.585563 -0.017304
v 0.081697 0.579705 -0.013566
v 0.034370 0.656342 -0.049270
v 0.032674 0.659166 -0.050353
v 0.031381 0.663740 -0.052384
v 0.026908 0.666437 -0.047088
v 0.023682 0.673315 -0.048518
v 0.019712 0.675029 -0.041991
v 0.017720 0.675273 -0.036964
v 0.041152 0.656325 -0.047384
v 0.040587 0.660749 -0.047683
v 0.039178 0.665113 -0.048509
v 0.037881 0.670829 -0.048393
v 0.034101 0.676520 -0.045654
v 0.030673 0.677992 -0.038930
v 0.027725 0.678101 -0.034232
v 0.048681 0.656824 -0.045143
v 0.048609 0.660909 -0.044718
v 0.047480 0.666115 -0.044104
v 0.045759 0.670850 -0.043052
v 0.043860 0.675846 -0.040125
v 0.040461 0.677706 -0.035744
v 0.038065 0.678478 -0.031161
v 0.057839 0.655730 -0.042329
v 0.057339 0.661226 -0.041351
v 0.056555 0.666110 -0.040190
v 0.055429 0.670875 -0.038669
v 0.053796 0.675103 -0.036139
v 0.051714 0.676651 -0.031685
v 0.049427 0.677607 -0.027385
v 0.068216 0.655115 -0.039646
v 0.068270 0.660603 -0.037955
v 0.067938 0.665693 -0.036105
v 0.067464 0.670479 -0.034407
v 0.067170 0.674648 -0.031700
v 0.065753 0.676105 -0.027186
v 0.064235 0.676969 -0.022783
v 0.079831 0.654008 -0.036534
v 0.080975 0.659655 -0.034107
v 0.081328 0.665171 -0.032135
v 0.082420 0.669773 -0.030273
v 0.082837 0.673833 -0.027018
v 0.082553 0.675432 -0.022205
v 0.081510 0.676217 -0.017562
v 0.092279 0.653172 -0.034448
v 0.094142 0.659322 -0.031699
v 0.096365 0.664730 -0.029381
v 0.097796 0.669399 -0.026484
v 0.099089 0.672896 -0.022485
v 0.099456 0.674605 -0.017542
v 0.098682 0.675515 -0.012466
v 0.103631 0.652556 -0.032928
v 0.107435 0.659060 -0.029543
v 0.110040 0.664572 -0.026502
v 0.112331 0.668653 -0.022680
v 0.113859 0.671960 -0.018730
v 0.114188 0.673721 -0.013475
v 0.113820 0.674867 -0.008260
v 0.115461 0.652491 -0.032344
v 0.119275 0.658334 -0.027251
v 0.123233 0.664217 -0.023317
v 0.125711 0.668525 -0.020276
v 0.127018 0.672168 -0.016065
v 0.127431 0.673980 -0.010739
v 0.126794 0.675504 -0.005060
v 0.127109 0.650647 -0.031535
v 0.132470 0.658565 -0.025775
v 0.136030 0.665542 -0.024443
v 0.138627 0.670798 -0.019833
v 0.139896 0.672870 -0.014437
v 0.139979 0.674630 -0.008564
v 0.139312 0.676172 -0.002255
v 0.141166 0.650253 -0.030028
v 0.145682 0.658696 -0.029342
v 0.149691 0.668356 -0.025546
v 0.152386 0.671617 -0.019131
v 0.153004 0.673087 -0.012863
v 0.152798 0.674578 -0.006623
v 0.152092 0.675830 0.000218
v 0.156608 0.648506 -0.030988
v 0.161673 0.659516 -0.029774
v 0.165287 0.665469 -0.023455
v 0.166246 0.669174 -0.016748
v 0.166426 0.671399 -0.010996
v 0.165723 0.672711 -0.004928
v 0.164926 0.675122 0.001874
v 0.185794 0.674741 0.067867
v 0.180796 0.664683 0.066595
v 0.176149 0.654308 0.063473
v 0.184382 0.674119 0.069277
v 0.180363 0.666358 0.068164
v 0.175537 0.655425 0.066258
v 0.184755 0.677451 0.071305
v 0.179505 0.667073 0.070852
v 0.175939 0.656691 0.069427
v 0.185855 0.678575 0.074373
v 0.181950 0.668933 0.074310
v 0.178257 0.656869 0.072106
v 0.189232 0.679437 0.076211
v 0.185202 0.668881 0.076149
v 0.181279 0.657241 0.074512
v 0.191782 0.678266 0.076193
v 0.188768 0.668693 0.075814
v 0.185309 0.656994 0.074472
v 0.193772 0.677191 0.075128
v 0.191009 0.667564 0.074372
v 0.188594 0.657061 0.072982
v 0.187764 0.675161 0.065356
v 0.188628 0.675566 0.064166
v 0.189543 0.675996 0.062889
v 0.190410 0.676618 0.061609
v 0.190810 0.677011 0.059923
v 0.190991 0.677928 0.058224
v 0.191015 0.678274 0.056623
v 0.183682 0.666318 0.062841
v 0.185184 0.667608 0.060710
v 0.186389 0.668528 0.058840
v 0.187158 0.669787 0.056039
v 0.187810 0.671436 0.053880
v 0.187812 0.672222 0.051646
v 0.188316 0.674011 0.049251
v 0.177193 0.655111 0.056505
v 0.177647 0.656799 0.053066
v 0.178531 0.658238 0.050596
v 0.180638 0.661794 0.045165
v 0.178671 0.666934 0.044950
v 0.180638 0.666637 0.040523
v 0.181093 0.670142 0.038343
v 0.191301 0.683197 0.068428
v 0.191196 0.684066 0.069411
v 0.192186 0.686821 0.070775
v 0.192971 0.689300 0.071987
v 0.193899 0.691333 0.074532
v 0.196790 0.689604 0.076258
v 0.197484 0.686220 0.074494
v 0.192186 0.683812 0.067640
v 0.193160 0.686048 0.068875
v 0.193942 0.688200 0.069989
v 0.194935 0.690662 0.071333
v 0.196062 0.693521 0.073022
v 0.198992 0.692098 0.075473
v 0.199044 0.687767 0.073779
v 0.192899 0.684389 0.066746
v 0.193894 0.686520 0.067833
v 0.195051 0.688863 0.069237
v 0.196096 0.691482 0.070559
v 0.197271 0.694161 0.072134
v 0.200360 0.692611 0.073685
v 0.200290 0.687944 0.072594
v 0.193310 0.684568 0.065690
v 0.194316 0.686835 0.066770
v 0.195501 0.689300 0.068128
v 0.196456 0.691895 0.069597
v 0.198678 0.694788 0.070886
v 0.201220 0.691804 0.071514
v 0.201009 0.687867 0.070924
v 0.193524 0.684521 0.064401
v 0.194596 0.686977 0.065594
v 0.195689 0.689335 0.066914
v 0.196677 0.692486 0.068123
v 0.199890 0.692860 0.068783
v 0.200549 0.690421 0.069561
v 0.200992 0.685765 0.068474
v 0.193723 0.684592 0.063144
v 0.194604 0.686541 0.063928
v 0.195512 0.689283 0.065361
v 0.197839 0.691399 0.065721
v 0.199563 0.690230 0.067387
v 0.200036 0.687336 0.067262
v 0.200316 0.684535 0.066894
v 0.193437 0.683760 0.061046
v 0.194060 0.686205 0.062216
v 0.195832 0.687913 0.062523
v 0.197965 0.687891 0.064137
v 0.198813 0.686559 0.065001
v 0.199438 0.684508 0.065135
v 0.199707 0.680575 0.064202
v 0.196474 0.675276 0.072430
v 0.195110 0.666286 0.070890
v 0.193514 0.656531 0.068767
v 0.197959 0.675011 0.070968
v 0.196673 0.665685 0.068754
v 0.195335 0.656113 0.066290
v 0.199000 0.674318 0.069127
v 0.197894 0.665045 0.066515
v 0.196647 0.655655 0.063568
v 0.199994 0.673675 0.067192
v 0.198834 0.664293 0.064033
v 0.197371 0.655329 0.060714
v 0.199965 0.672349 0.064620
v 0.198736 0.663771 0.061474
v 0.197251 0.655280 0.057800
v 0.199796 0.671870 0.062623
v 0.198521 0.663249 0.058892
v 0.198906 0.655137 0.053952
v 0.198917 0.670416 0.060589
v 0.197215 0.662829 0.056382
v 0.201497 0.654851 0.050443
v 0.192051 0.679699 0.054865
v 0.193260 0.679425 0.055060
v 0.194343 0.678741 0.055982
v 0.195507 0.677305 0.056573
v 0.196394 0.675357 0.057242
v 0.197158 0.673343 0.057818
v 0.197659 0.671521 0.058313
v 0.190105 0.673626 0.048281
v 0.189886 0.673980 0.048839
v 0.191203 0.673338 0.048958
v 0.192382 0.670599 0.050407
v 0.193322 0.668455 0.051950
v 0.194519 0.665720 0.053253
v 0.196110 0.662960 0.054136
v 0.188233 0.673441 0.035109
v 0.191005 0.671825 0.035266
v 0.191471 0.668476 0.036629
v 0.185907 0.664691 0.037459
v 0.186548 0.657490 0.041054
v 0.192956 0.651611 0.043166
v 0.198895 0.656122 0.042824
v 0.183898 0.639874 0.067227
v 0.180506 0.639376 0.067693
v 0.177009 0.638741 0.066921
v 0.174197 0.637776 0.065008
v 0.170446 0.636332 0.062639
v 0.164578 0.634154 0.060995
v 0.155925 0.632992 0.060396
v 0.183018 0.633032 0.065898
v 0.179162 0.631857 0.066429
v 0.175621 0.630632 0.065280
v 0.171942 0.628542 0.063001
v 0.166674 0.624931 0.061233
v 0.158799 0.621514 0.060615
v 0.148005 0.618617 0.058367
v 0.182493 0.625316 0.065110
v 0.178330 0.623848 0.065877
v 0.174208 0.621541 0.064251
v 0.169802 0.618065 0.061921
v 0.163195 0.613237 0.059903
v 0.154133 0.607051 0.057782
v 0.141699 0.603478 0.055823
v 0.190650 0.640433 0.064532
v 0.190624 0.633720 0.064111
v 0.190449 0.626564 0.063110
v 0.193335 0.640455 0.062150
v 0.193800 0.633763 0.061738
v 0.194336 0.626504 0.061543
v 0.195735 0.640446 0.059401
v 0.196936 0.633943 0.059269
v 0.197839 0.626587 0.059017
v 0.198492 0.640785 0.056712
v 0.200051 0.634147 0.056425
v 0.201247 0.626728 0.056157
v 0.200547 0.640235 0.053083
v 0.202759 0.633680 0.052581
v 0.204623 0.626229 0.052767
v 0.205040 0.639989 0.050047
v 0.207987 0.632537 0.050310
v 0.209944 0.624272 0.050595
v 0.211657 0.639060 0.046129
v 0.214738 0.629852 0.046692
v 0.215948 0.621232 0.046629
v 0.206892 0.617249 -0.012557
v 0.205466 0.607558 -0.013442
v 0.203791 0.597664 -0.013114
v 0.201603 0.616728 -0.015330
v 0.198233 0.606652 -0.015444
v 0.196272 0.596124 -0.014971
v 0.195072 0.616919 -0.017497
v 0.191241 0.605447 -0.016932
v 0.188219 0.594268 -0.016336
v 0.189191 0.616531 -0.020149
v 0.184239 0.604141 -0.020365
v 0.180253 0.592217 -0.018035
v 0.183039 0.617304 -0.023204
v 0.177055 0.603528 -0.023522
v 0.172607 0.589805 -0.021730
v 0.175941 0.619044 -0.026016
v 0.169376 0.604002 -0.026545
v 0.164349 0.589221 -0.025455
v 0.168636 0.620869 -0.029352
v 0.160435 0.606549 -0.030202
v 0.154496 0.590180 -0.029120
v 0.215855 0.619230 -0.003902
v 0.218253 0.621148 0.001339
v 0.218807 0.623355 0.006224
v 0.218819 0.625617 0.011008
v 0.217887 0.627377 0.015966
v 0.220598 0.630710 0.020531
v 0.219928 0.633345 0.027507
v 0.216062 0.610134 -0.002994
v 0.218698 0.612098 0.003044
v 0.220046 0.614146 0.008764
v 0.220505 0.616518 0.013823
v 0.220261 0.618634 0.019241
v 0.223316 0.620969 0.023854
v 0.222301 0.623624 0.031565
v 0.216367 0.601097 -0.002519
v 0.218990 0.602901 0.004635
v 0.220523 0.605321 0.010638
v 0.221713 0.607535 0.016287
v 0.222025 0.609874 0.021541
v 0.225036 0.612136 0.026290
v 0.224910 0.614630 0.033603
v 0.339050 -0.539875 -0.001869
v 0.337566 -0.545599 -0.001042
v 0.335948 -0.550647 0.000466
v 0.333825 -0.554257 0.001822
v 0.331000 -0.556524 0.003704
v 0.327312 -0.556251 0.002615
v 0.324318 -0.555213 0.001553
v 0.340897 -0.543236 -0.002032
v 0.339433 -0.549985 -0.001245
v 0.337419 -0.554857 0.000018
v 0.335238 -0.558245 0.000781
v 0.331958 -0.560606 0.002636
v 0.327949 -0.559625 0.000895
v 0.324612 -0.557692 0.000069
v 0.343113 -0.546941 -0.002379
v 0.341071 -0.553768 -0.001610
v 0.338926 -0.558944 -0.000478
v 0.335838 -0.561601 -0.000808
v 0.332487 -0.562923 -0.000609
v 0.328862 -0.561289 -0.001855
v 0.324904 -0.559667 -0.002635
v 0.345185 -0.550370 -0.002777
v 0.343017 -0.558175 -0.001977
v 0.339729 -0.562902 -0.000639
v 0.335939 -0.565277 -0.002003
v 0.333236 -0.564009 -0.003882
v 0.329598 -0.562481 -0.004793
v 0.325525 -0.560854 -0.005677
v 0.347568 -0.555529 -0.002860
v 0.344868 -0.562088 -0.002010
v 0.340184 -0.567438 -0.001369
v 0.337375 -0.566906 -0.004956
v 0.334433 -0.564617 -0.006558
v 0.330346 -0.562949 -0.007922
v 0.325825 -0.562051 -0.008804
v 0.350959 -0.559554 -0.003207
v 0.346873 -0.568594 -0.000685
v 0.339989 -0.571037 -0.002663
v 0.339007 -0.568903 -0.007194
v 0.335506 -0.565130 -0.009247
v 0.331018 -0.562913 -0.010892
v 0.326198 -0.563019 -0.011965
v 0.353103 -0.565481 -0.006176
v 0.351383 -0.577125 0.001577
v 0.341954 -0.575382 -0.007284
v 0.339964 -0.570144 -0.009916
v 0.336561 -0.565708 -0.011954
v 0.331530 -0.563269 -0.013801
v 0.326568 -0.563341 -0.014973
v 0.345097 -0.544033 -0.032435
v 0.346324 -0.546145 -0.030868
v 0.347903 -0.548172 -0.028629
v 0.349368 -0.550647 -0.026545
v 0.351171 -0.553937 -0.024029
v 0.354412 -0.558223 -0.021835
v 0.354258 -0.563827 -0.015806
v 0.343846 -0.549571 -0.032803
v 0.344871 -0.552266 -0.030721
v 0.345905 -0.554956 -0.028826
v 0.347220 -0.557852 -0.026472
v 0.348529 -0.561502 -0.024088
v 0.350007 -0.567511 -0.021116
v 0.353530 -0.575866 -0.021045
v 0.342690 -0.555169 -0.033297
v 0.343252 -0.557563 -0.031447
v 0.344016 -0.560240 -0.029333
v 0.344960 -0.563170 -0.027271
v 0.345709 -0.567420 -0.025358
v 0.344185 -0.572260 -0.023718
v 0.343503 -0.575288 -0.016603
v 0.342082 -0.559519 -0.035499
v 0.341693 -0.561880 -0.032855
v 0.342466 -0.565221 -0.032011
v 0.341473 -0.567799 -0.028849
v 0.340421 -0.568426 -0.024990
v 0.341342 -0.569218 -0.020637
v 0.341030 -0.570247 -0.016802
v 0.338210 -0.561002 -0.036593
v 0.338095 -0.563408 -0.034398
v 0.337777 -0.564609 -0.031481
v 0.337309 -0.565632 -0.028487
v 0.337513 -0.565662 -0.025227
v 0.337445 -0.565812 -0.021604
v 0.337542 -0.566099 -0.018111
v 0.334899 -0.559573 -0.037375
v 0.334677 -0.561722 -0.034973
v 0.334281 -0.563536 -0.032780
v 0.333571 -0.563905 -0.029727
v 0.333330 -0.563653 -0.026320
v 0.332728 -0.564064 -0.022941
v 0.332333 -0.563990 -0.019654
v 0.331849 -0.557387 -0.037934
v 0.331379 -0.559879 -0.036547
v 0.330142 -0.561612 -0.034342
v 0.329469 -0.562233 -0.031076
v 0.328433 -0.562638 -0.027888
v 0.327719 -0.563352 -0.024506
v 0.327257 -0.563485 -0.021058
v -0.393398 0.411284 0.087710
v -0.408840 0.419137 0.088514
v -0.419097 0.429765 0.091009
v -0.419598 0.438814 0.079928
v -0.415366 0.441446 0.074813
v -0.410806 0.444001 0.072049
v -0.403192 0.413994 0.076274
v -0.410711 0.418224 0.077392
v -0.423965 0.424159 0.076453
v -0.430706 0.438344 0.076053
v -0.421005 0.441233 0.069254
v -0.413795 0.444495 0.067260
v -0.402161 0.410928 0.069569
v -0.414090 0.417698 0.068092
v -0.423382 0.422098 0.067293
v -0.436342 0.433514 0.063657
v -0.422861 0.441219 0.061605
v -0.415185 0.444502 0.061097
v -0.403297 0.410000 0.061065
v -0.412858 0.415226 0.059904
v -0.422705 0.420025 0.058442
v -0.432830 0.431069 0.050579
v -0.421246 0.439589 0.053936
v -0.413952 0.443499 0.055189
v -0.402096 0.408142 0.053300
v -0.410894 0.412908 0.051820
v -0.420331 0.418899 0.048818
v -0.424988 0.430171 0.044324
v -0.417063 0.437545 0.048137
v -0.411074 0.442459 0.049709
v -0.398452 0.402537 0.041863
v -0.409040 0.409803 0.038354
v -0.416748 0.419193 0.036550
v -0.415576 0.430682 0.039976
v -0.411437 0.436876 0.043423
v -0.407352 0.440892 0.045914
v -0.392611 0.408677 0.037910
v -0.399822 0.415126 0.036500
v -0.405231 0.422489 0.036271
v -0.406560 0.430452 0.037258
v -0.405855 0.436059 0.040289
v -0.402898 0.440043 0.042873
usemtl PATCH_23
f 1 1694 1747 1708 
usemtl PATCH_23
f 1708 1747 1754 1707 
usemtl PATCH_23
f 1707 1754 1761 1706 
usemtl PATCH_23
f 1706 1761 1768 1705 
usemtl PATCH_23
f 1705 1768 1775 1704 
usemtl PATCH_23
f 1704 1775 1782 1703 
usemtl PATCH_23
f 1703 1782 1789 1702 
usemtl PATCH_23
f 1702 1789 1796 1701 
usemtl PATCH_23
f 1701 1796 73 4 
usemtl PATCH_23
f 1694 1695 1748 1747 
usemtl PATCH_23
f 1747 1748 1755 1754 
usemtl PATCH_23
f 1754 1755 1762 1761 
usemtl PATCH_23
f 1761 1762 1769 1768 
usemtl PATCH_23
f 1768 1769 1776 1775 
usemtl PATCH_23
f 1775 1776 1783 1782 
usemtl PATCH_23
f 1782 1783 1790 1789 
usemtl PATCH_23
f 1789 1790 1797 1796 
usemtl PATCH_23
f 1796 1797 74 73 
usemtl PATCH_23
f 1695 1696 1749 1748 
usemtl PATCH_23
f 1748 1749 1756 1755 
usemtl PATCH_23
f 1755 1756 1763 1762 
usemtl PATCH_23
f 1762 1763 1770 1769 
usemtl PATCH_23
f 1769 1770 1777 1776 
usemtl PATCH_23
f 1776 1777 1784 1783 
usemtl PATCH_23
f 1783 1784 1791 1790 
usemtl PATCH_23
f 1790 1791 1798 1797 
usemtl PATCH_23
f 1797 1798 75 74 
usemtl PATCH_23
f 1696 1697 1750 1749 
usemtl PATCH_23
f 1749 1750 1757 1756 
usemtl PATCH_23
f 1756 1757 1764 1763 
usemtl PATCH_23
f 1763 1764 1771 1770 
usemtl PATCH_23
f 1770 1771 1778 1777 
usemtl PATCH_23
f 1777 1778 1785 1784 
usemtl PATCH_23
f 1784 1785 1792 1791 
usemtl PATCH_23
f 1791 1792 1799 1798 
usemtl PATCH_23
f 1798 1799 76 75 
usemtl PATCH_23
f 1697 1698 1751 1750 
usemtl PATCH_23
f 1750 1751 1758 1757 
usemtl PATCH_23
f 1757 1758 1765 1764 
usemtl PATCH_23
f 1764 1765 1772 1771 
usemtl PATCH_23
f 1771 1772 1779 1778 
usemtl PATCH_23
f 1778 1779 1786 1785 
usemtl PATCH_23
f 1785 1786 1793 1792 
usemtl PATCH_23
f 1792 1793 1800 1799 
usemtl PATCH_23
f 1799 1800 77 76 
usemtl PATCH_23
f 1698 1699 1752 1751 
usemtl PATCH_23
f 1751 1752 1759 1758 
usemtl PATCH_23
f 1758 1759 1766 1765 
usemtl PATCH_23
f 1765 1766 1773 1772 
usemtl PATCH_23
f 1772 1773 1780 1779 
usemtl PATCH_23
f 1779 1780 1787 1786 
usemtl PATCH_23
f 1786 1787 1794 1793 
usemtl PATCH_23
f 1793 1794 1801 1800 
usemtl PATCH_23
f 1800 1801 78 77 
usemtl PATCH_23
f 1699 1700 1753 1752 
usemtl PATCH_23
f 1752 1753 1760 1759 
usemtl PATCH_23
f 1759 1760 1767 1766 
usemtl PATCH_23
f 1766 1767 1774 1773 
usemtl PATCH_23
f 1773 1774 1781 1780 
usemtl PATCH_23
f 1780 1781 1788 1787 
usemtl PATCH_23
f 1787 1788 1795 1794 
usemtl PATCH_23
f 1794 1795 1802 1801 
usemtl PATCH_23
f 1801 1802 79 78 
usemtl PATCH_23
f 1700 2 224 1753 
usemtl PATCH_23
f 1753 224 223 1760 
usemtl PATCH_23
f 1760 223 222 1767 
usemtl PATCH_23
f 1767 222 221 1774 
usemtl PATCH_23
f 1774 221 220 1781 
usemtl PATCH_23
f 1781 220 219 1788 
usemtl PATCH_23
f 1788 219 218 1795 
usemtl PATCH_23
f 1795 218 217 1802 
usemtl PATCH_23
f 1802 217 3 79 
usemtl PATCH_40
f 1 1709 1803 1694 
usemtl PATCH_40
f 1694 1803 1827 1695 
usemtl PATCH_40
f 1695 1827 1851 1696 
usemtl PATCH_40
f 1696 1851 1875 1697 
usemtl PATCH_40
f 1697 1875 1899 1698 
usemtl PATCH_40
f 1698 1899 1923 1699 
usemtl PATCH_40
f 1699 1923 1947 1700 
usemtl PATCH_40
f 1700 1947 271 2 
usemtl PATCH_40
f 1709 1710 1804 1803 
usemtl PATCH_40
f 1803 1804 1828 1827 
usemtl PATCH_40
f 1827 1828 1852 1851 
usemtl PATCH_40
f 1851 1852 1876 1875 
usemtl PATCH_40
f 1875 1876 1900 1899 
usemtl PATCH_40
f 1899 1900 1924 1923 
usemtl PATCH_40
f 1923 1924 1948 1947 
usemtl PATCH_40
f 1947 1948 272 271 
usemtl PATCH_40
f 1710 1711 1805 1804 
usemtl PATCH_40
f 1804 1805 1829 1828 
usemtl PATCH_40
f 1828 1829 1853 1852 
usemtl PATCH_40
f 1852 1853 1877 1876 
usemtl PATCH_40
f 1876 1877 1901 1900 
usemtl PATCH_40
f 1900 1901 1925 1924 
usemtl PATCH_40
f 1924 1925 1949 1948 
usemtl PATCH_40
f 1948 1949 273 272 
usemtl PATCH_40
f 1711 1712 1806 1805 
usemtl PATCH_40
f 1805 1806 1830 1829 
usemtl PATCH_40
f 1829 1830 1854 1853 
usemtl PATCH_40
f 1853 1854 1878 1877 
usemtl PATCH_40
f 1877 1878 1902 1901 
usemtl PATCH_40
f 1901 1902 1926 1925 
usemtl PATCH_40
f 1925 1926 1950 1949 
usemtl PATCH_40
f 1949 1950 274 273 
usemtl PATCH_40
f 1712 1713 1807 1806 
usemtl PATCH_40
f 1806 1807 1831 1830 
usemtl PATCH_40
f 1830 1831 1855 1854 
usemtl PATCH_40
f 1854 1855 1879 1878 
usemtl PATCH_40
f 1878 1879 1903 1902 
usemtl PATCH_40
f 1902 1903 1927 1926 
usemtl PATCH_40
f 1926 1927 1951 1950 
usemtl PATCH_40
f 1950 1951 275 274 
usemtl PATCH_40
f 1713 1714 1808 1807 
usemtl PATCH_40
f 1807 1808 1832 1831 
usemtl PATCH_40
f 1831 1832 1856 1855 
usemtl PATCH_40
f 1855 1856 1880 1879 
usemtl PATCH_40
f 1879 1880 1904 1903 
usemtl PATCH_40
f 1903 1904 1928 1927 
usemtl PATCH_40
f 1927 1928 1952 1951 
usemtl PATCH_40
f 1951 1952 276 275 
usemtl PATCH_40
f 1714 1715 1809 1808 
usemtl PATCH_40
f 1808 1809 1833 1832 
usemtl PATCH_40
f 1832 1833 1857 1856 
usemtl PATCH_40
f 1856 1857 1881 1880 
usemtl PATCH_40
f 1880 1881 1905 1904 
usemtl PATCH_40
f 1904 1905 1929 1928 
usemtl PATCH_40
f 1928 1929 1953 1952 
usemtl PATCH_40
f 1952 1953 277 276 
usemtl PATCH_40
f 1715 1716 1810 1809 
usemtl PATCH_40
f 1809 1810 1834 1833 
usemtl PATCH_40
f 1833 1834 1858 1857 
usemtl PATCH_40
f 1857 1858 1882 1881 
usemtl PATCH_40
f 1881 1882 1906 1905 
usemtl PATCH_40
f 1905 1906 1930 1929 
usemtl PATCH_40
f 1929 1930 1954 1953 
usemtl PATCH_40
f 1953 1954 278 277 
usemtl PATCH_40
f 1716 1717 1811 1810 
usemtl PATCH_40
f 1810 1811 1835 1834 
usemtl PATCH_40
f 1834 1835 1859 1858 
usemtl PATCH_40
f 1858 1859 1883 1882 
usemtl PATCH_40
f 1882 1883 1907 1906 
usemtl PATCH_40
f 1906 1907 1931 1930 
usemtl PATCH_40
f 1930 1931 1955 1954 
usemtl PATCH_40
f 1954 1955 279 278 
usemtl PATCH_40
f 1717 1718 1812 1811 
usemtl PATCH_40
f 1811 1812 1836 1835 
usemtl PATCH_40
f 1835 1836 1860 1859 
usemtl PATCH_40
f 1859 1860 1884 1883 
usemtl PATCH_40
f 1883 1884 1908 1907 
usemtl PATCH_40
f 1907 1908 1932 1931 
usemtl PATCH_40
f 1931 1932 1956 1955 
usemtl PATCH_40
f 1955 1956 280 279 
usemtl PATCH_40
f 1718 1719 1813 1812 
usemtl PATCH_40
f 1812 1813 1837 1836 
usemtl PATCH_40
f 1836 1837 1861 1860 
usemtl PATCH_40
f 1860 1861 1885 1884 
usemtl PATCH_40
f 1884 1885 1909 1908 
usemtl PATCH_40
f 1908 1909 1933 1932 
usemtl PATCH_40
f 1932 1933 1957 1956 
usemtl PATCH_40
f 1956 1957 281 280 
usemtl PATCH_40
f 1719 1720 1814 1813 
usemtl PATCH_40
f 1813 1814 1838 1837 
usemtl PATCH_40
f 1837 1838 1862 1861 
usemtl PATCH_40
f 1861 1862 1886 1885 
usemtl PATCH_40
f 1885 1886 1910 1909 
usemtl PATCH_40
f 1909 1910 1934 1933 
usemtl PATCH_40
f 1933 1934 1958 1957 
usemtl PATCH_40
f 1957 1958 282 281 
usemtl PATCH_40
f 1720 1721 1815 1814 
usemtl PATCH_40
f 1814 1815 1839 1838 
usemtl PATCH_40
f 1838 1839 1863 1862 
usemtl PATCH_40
f 1862 1863 1887 1886 
usemtl PATCH_40
f 1886 1887 1911 1910 
usemtl PATCH_40
f 1910 1911 1935 1934 
usemtl PATCH_40
f 1934 1935 1959 1958 
usemtl PATCH_40
f 1958 1959 283 282 
usemtl PATCH_40
f 1721 1722 1816 1815 
usemtl PATCH_40
f 1815 1816 1840 1839 
usemtl PATCH_40
f 1839 1840 1864 1863 
usemtl PATCH_40
f 1863 1864 1888 1887 
usemtl PATCH_40
f 1887 1888 1912 1911 
usemtl PATCH_40
f 1911 1912 1936 1935 
usemtl PATCH_40
f 1935 1936 1960 1959 
usemtl PATCH_40
f 1959 1960 284 283 
usemtl PATCH_40
f 1722 1723 1817 1816 
usemtl PATCH_40
f 1816 1817 1841 1840 
usemtl PATCH_40
f 1840 1841 1865 1864 
usemtl PATCH_40
f 1864 1865 1889 1888 
usemtl PATCH_40
f 1888 1889 1913 1912 
usemtl PATCH_40
f 1912 1913 1937 1936 
usemtl PATCH_40
f 1936 1937 1961 1960 
usemtl PATCH_40
f 1960 1961 285 284 
usemtl PATCH_40
f 1723 1724 1818 1817 
usemtl PATCH_40
f 1817 1818 1842 1841 
usemtl PATCH_40
f 1841 1842 1866 1865 
usemtl PATCH_40
f 1865 1866 1890 1889 
usemtl PATCH_40
f 1889 1890 1914 1913 
usemtl PATCH_40
f 1913 1914 1938 1937 
usemtl PATCH_40
f 1937 1938 1962 1961 
usemtl PATCH_40
f 1961 1962 286 285 
usemtl PATCH_40
f 1724 1725 1819 1818 
usemtl PATCH_40
f 1818 1819 1843 1842 
usemtl PATCH_40
f 1842 1843 1867 1866 
usemtl PATCH_40
f 1866 1867 1891 1890 
usemtl PATCH_40
f 1890 1891 1915 1914 
usemtl PATCH_40
f 1914 1915 1939 1938 
usemtl PATCH_40
f 1938 1939 1963 1962 
usemtl PATCH_40
f 1962 1963 287 286 
usemtl PATCH_40
f 1725 1726 1820 1819 
usemtl PATCH_40
f 1819 1820 1844 1843 
usemtl PATCH_40
f 1843 1844 1868 1867 
usemtl PATCH_40
f 1867 1868 1892 1891 
usemtl PATCH_40
f 1891 1892 1916 1915 
usemtl PATCH_40
f 1915 1916 1940 1939 
usemtl PATCH_40
f 1939 1940 1964 1963 
usemtl PATCH_40
f 1963 1964 288 287 
usemtl PATCH_40
f 1726 1727 1821 1820 
usemtl PATCH_40
f 1820 1821 1845 1844 
usemtl PATCH_40
f 1844 1845 1869 1868 
usemtl PATCH_40
f 1868 1869 1893 1892 
usemtl PATCH_40
f 1892 1893 1917 1916 
usemtl PATCH_40
f 1916 1917 1941 1940 
usemtl PATCH_40
f 1940 1941 1965 1964 
usemtl PATCH_40
f 1964 1965 289 288 
usemtl PATCH_40
f 1727 1728 1822 1821 
usemtl PATCH_40
f 1821 1822 1846 1845 
usemtl PATCH_40
f 1845 1846 1870 1869 
usemtl PATCH_40
f 1869 1870 1894 1893 
usemtl PATCH_40
f 1893 1894 1918 1917 
usemtl PATCH_40
f 1917 1918 1942 1941 
usemtl PATCH_40
f 1941 1942 1966 1965 
usemtl PATCH_40
f 1965 1966 290 289 
usemtl PATCH_40
f 1728 1729 1823 1822 
usemtl PATCH_40
f 1822 1823 1847 1846 
usemtl PATCH_40
f 1846 1847 1871 1870 
usemtl PATCH_40
f 1870 1871 1895 1894 
usemtl PATCH_40
f 1894 1895 1919 1918 
usemtl PATCH_40
f 1918 1919 1943 1942 
usemtl PATCH_40
f 1942 1943 1967 1966 
usemtl PATCH_40
f 1966 1967 291 290 
usemtl PATCH_40
f 1729 1730 1824 1823 
usemtl PATCH_40
f 1823 1824 1848 1847 
usemtl PATCH_40
f 1847 1848 1872 1871 
usemtl PATCH_40
f 1871 1872 1896 1895 
usemtl PATCH_40
f 1895 1896 1920 1919 
usemtl PATCH_40
f 1919 1920 1944 1943 
usemtl PATCH_40
f 1943 1944 1968 1967 
usemtl PATCH_40
f 1967 1968 292 291 
usemtl PATCH_40
f 1730 1731 1825 1824 
usemtl PATCH_40
f 1824 1825 1849 1848 
usemtl PATCH_40
f 1848 1849 1873 1872 
usemtl PATCH_40
f 1872 1873 1897 1896 
usemtl PATCH_40
f 1896 1897 1921 1920 
usemtl PATCH_40
f 1920 1921 1945 1944 
usemtl PATCH_40
f 1944 1945 1969 1968 
usemtl PATCH_40
f 1968 1969 293 292 
usemtl PATCH_40
f 1731 1732 1826 1825 
usemtl PATCH_40
f 1825 1826 1850 1849 
usemtl PATCH_40
f 1849 1850 1874 1873 
usemtl PATCH_40
f 1873 1874 1898 1897 
usemtl PATCH_40
f 1897 1898 1922 1921 
usemtl PATCH_40
f 1921 1922 1946 1945 
usemtl PATCH_40
f 1945 1946 1970 1969 
usemtl PATCH_40
f 1969 1970 294 293 
usemtl PATCH_40
f 1732 5 1100 1826 
usemtl PATCH_40
f 1826 1100 1099 1850 
usemtl PATCH_40
f 1850 1099 1098 1874 
usemtl PATCH_40
f 1874 1098 1097 1898 
usemtl PATCH_40
f 1898 1097 1096 1922 
usemtl PATCH_40
f 1922 1096 1095 1946 
usemtl PATCH_40
f 1946 1095 1094 1970 
usemtl PATCH_40
f 1970 1094 6 294 
usemtl PATCH_38
f 1 1733 1971 1709 
usemtl PATCH_38
f 1709 1971 1978 1710 
usemtl PATCH_38
f 1710 1978 1985 1711 
usemtl PATCH_38
f 1711 1985 1992 1712 
usemtl PATCH_38
f 1712 1992 1999 1713 
usemtl PATCH_38
f 1713 1999 2006 1714 
usemtl PATCH_38
f 1714 2006 2013 1715 
usemtl PATCH_38
f 1715 2013 2020 1716 
usemtl PATCH_38
f 1716 2020 2027 1717 
usemtl PATCH_38
f 1717 2027 2034 1718 
usemtl PATCH_38
f 1718 2034 2041 1719 
usemtl PATCH_38
f 1719 2041 2048 1720 
usemtl PATCH_38
f 1720 2048 2055 1721 
usemtl PATCH_38
f 1721 2055 2062 1722 
usemtl PATCH_38
f 1722 2062 2069 1723 
usemtl PATCH_38
f 1723 2069 2076 1724 
usemtl PATCH_38
f 1724 2076 2083 1725 
usemtl PATCH_38
f 1725 2083 2090 1726 
usemtl PATCH_38
f 1726 2090 2097 1727 
usemtl PATCH_38
f 1727 2097 2104 1728 
usemtl PATCH_38
f 1728 2104 2111 1729 
usemtl PATCH_38
f 1729 2111 2118 1730 
usemtl PATCH_38
f 1730 2118 2125 1731 
usemtl PATCH_38
f 1731 2125 2132 1732 
usemtl PATCH_38
f 1732 2132 1355 5 
usemtl PATCH_38
f 1733 1734 1972 1971 
usemtl PATCH_38
f 1971 1972 1979 1978 
usemtl PATCH_38
f 1978 1979 1986 1985 
usemtl PATCH_38
f 1985 1986 1993 1992 
usemtl PATCH_38
f 1992 1993 2000 1999 
usemtl PATCH_38
f 1999 2000 2007 2006 
usemtl PATCH_38
f 2006 2007 2014 2013 
usemtl PATCH_38
f 2013 2014 2021 2020 
usemtl PATCH_38
f 2020 2021 2028 2027 
usemtl PATCH_38
f 2027 2028 2035 2034 
usemtl PATCH_38
f 2034 2035 2042 2041 
usemtl PATCH_38
f 2041 2042 2049 2048 
usemtl PATCH_38
f 2048 2049 2056 2055 
usemtl PATCH_38
f 2055 2056 2063 2062 
usemtl PATCH_38
f 2062 2063 2070 2069 
usemtl PATCH_38
f 2069 2070 2077 2076 
usemtl PATCH_38
f 2076 2077 2084 2083 
usemtl PATCH_38
f 2083 2084 2091 2090 
usemtl PATCH_38
f 2090 2091 2098 2097 
usemtl PATCH_38
f 2097 2098 2105 2104 
usemtl PATCH_38
f 2104 2105 2112 2111 
usemtl PATCH_38
f 2111 2112 2119 2118 
usemtl PATCH_38
f 2118 2119 2126 2125 
usemtl PATCH_38
f 2125 2126 2133 2132 
usemtl PATCH_38
f 2132 2133 1356 1355 
usemtl PATCH_38
f 1734 1735 1973 1972 
usemtl PATCH_38
f 1972 1973 1980 1979 
usemtl PATCH_38
f 1979 1980 1987 1986 
usemtl PATCH_38
f 1986 1987 1994 1993 
usemtl PATCH_38
f 1993 1994 2001 2000 
usemtl PATCH_38
f 2000 2001 2008 2007 
usemtl PATCH_38
f 2007 2008 2015 2014 
usemtl PATCH_38
f 2014 2015 2022 2021 
usemtl PATCH_38
f 2021 2022 2029 2028 
usemtl PATCH_38
f 2028 2029 2036 2035 
usemtl PATCH_38
f 2035 2036 2043 2042 
usemtl PATCH_38
f 2042 2043 2050 2049 
usemtl PATCH_38
f 2049 2050 2057 2056 
usemtl PATCH_38
f 2056 2057 2064 2063 
usemtl PATCH_38
f 2063 2064 2071 2070 
usemtl PATCH_38
f 2070 2071 2078 2077 
usemtl PATCH_38
f 2077 2078 2085 2084 
usemtl PATCH_38
f 2084 2085 2092 2091 
usemtl PATCH_38
f 2091 2092 2099 2098 
usemtl PATCH_38
f 2098 2099 2106 2105 
usemtl PATCH_38
f 2105 2106 2113 2112 
usemtl PATCH_38
f 2112 2113 2120 2119 
usemtl PATCH_38
f 2119 2120 2127 2126 
usemtl PATCH_38
f 2126 2127 2134 2133 
usemtl PATCH_38
f 2133 2134 1357 1356 
usemtl PATCH_38
f 1735 1736 1974 1973 
usemtl PATCH_38
f 1973 1974 1981 1980 
usemtl PATCH_38
f 1980 1981 1988 1987 
usemtl PATCH_38
f 1987 1988 1995 1994 
usemtl PATCH_38
f 1994 1995 2002 2001 
usemtl PATCH_38
f 2001 2002 2009 2008 
usemtl PATCH_38
f 2008 2009 2016 2015 
usemtl PATCH_38
f 2015 2016 2023 2022 
usemtl PATCH_38
f 2022 2023 2030 2029 
usemtl PATCH_38
f 2029 2030 2037 2036 
usemtl PATCH_38
f 2036 2037 2044 2043 
usemtl PATCH_38
f 2043 2044 2051 2050 
usemtl PATCH_38
f 2050 2051 2058 2057 
usemtl PATCH_38
f 2057 2058 2065 2064 
usemtl PATCH_38
f 2064 2065 2072 2071 
usemtl PATCH_38
f 2071 2072 2079 2078 
usemtl PATCH_38
f 2078 2079 2086 2085 
usemtl PATCH_38
f 2085 2086 2093 2092 
usemtl PATCH_38
f 2092 2093 2100 2099 
usemtl PATCH_38
f 2099 2100 2107 2106 
usemtl PATCH_38
f 2106 2107 2114 2113 
usemtl PATCH_38
f 2113 2114 2121 2120 
usemtl PATCH_38
f 2120 2121 2128 2127 
usemtl PATCH_38
f 2127 2128 2135 2134 
usemtl PATCH_38
f 2134 2135 1358 1357 
usemtl PATCH_38
f 1736 1737 1975 1974 
usemtl PATCH_38
f 1974 1975 1982 1981 
usemtl PATCH_38
f 1981 1982 1989 1988 
usemtl PATCH_38
f 1988 1989 1996 1995 
usemtl PATCH_38
f 1995 1996 2003 2002 
usemtl PATCH_38
f 2002 2003 2010 2009 
usemtl PATCH_38
f 2009 2010 2017 2016 
usemtl PATCH_38
f 2016 2017 2024 2023 
usemtl PATCH_38
f 2023 2024 2031 2030 
usemtl PATCH_38
f 2030 2031 2038 2037 
usemtl PATCH_38
f 2037 2038 2045 2044 
usemtl PATCH_38
f 2044 2045 2052 2051 
usemtl PATCH_38
f 2051 2052 2059 2058 
usemtl PATCH_38
f 2058 2059 2066 2065 
usemtl PATCH_38
f 2065 2066 2073 2072 
usemtl PATCH_38
f 2072 2073 2080 2079 
usemtl PATCH_38
f 2079 2080 2087 2086 
usemtl PATCH_38
f 2086 2087 2094 2093 
usemtl PATCH_38
f 2093 2094 2101 2100 
usemtl PATCH_38
f 2100 2101 2108 2107 
usemtl PATCH_38
f 2107 2108 2115 2114 
usemtl PATCH_38
f 2114 2115 2122 2121 
usemtl PATCH_38
f 2121 2122 2129 2128 
usemtl PATCH_38
f 2128 2129 2136 2135 
usemtl PATCH_38
f 2135 2136 1359 1358 
usemtl PATCH_38
f 1737 1738 1976 1975 
usemtl PATCH_38
f 1975 1976 1983 1982 
usemtl PATCH_38
f 1982 1983 1990 1989 
usemtl PATCH_38
f 1989 1990 1997 1996 
usemtl PATCH_38
f 1996 1997 2004 2003 
usemtl PATCH_38
f 2003 2004 2011 2010 
usemtl PATCH_38
f 2010 2011 2018 2017 
usemtl PATCH_38
f 2017 2018 2025 2024 
usemtl PATCH_38
f 2024 2025 2032 2031 
usemtl PATCH_38
f 2031 2032 2039 2038 
usemtl PATCH_38
f 2038 2039 2046 2045 
usemtl PATCH_38
f 2045 2046 2053 2052 
usemtl PATCH_38
f 2052 2053 2060 2059 
usemtl PATCH_38
f 2059 2060 2067 2066 
usemtl PATCH_38
f 2066 2067 2074 2073 
usemtl PATCH_38
f 2073 2074 2081 2080 
usemtl PATCH_38
f 2080 2081 2088 2087 
usemtl PATCH_38
f 2087 2088 2095 2094 
usemtl PATCH_38
f 2094 2095 2102 2101 
usemtl PATCH_38
f 2101 2102 2109 2108 
usemtl PATCH_38
f 2108 2109 2116 2115 
usemtl PATCH_38
f 2115 2116 2123 2122 
usemtl PATCH_38
f 2122 2123 2130 2129 
usemtl PATCH_38
f 2129 2130 2137 2136 
usemtl PATCH_38
f 2136 2137 1360 1359 
usemtl PATCH_38
f 1738 1739 1977 1976 
usemtl PATCH_38
f 1976 1977 1984 1983 
usemtl PATCH_38
f 1983 1984 1991 1990 
usemtl PATCH_38
f 1990 1991 1998 1997 
usemtl PATCH_38
f 1997 1998 2005 2004 
usemtl PATCH_38
f 2004 2005 2012 2011 
usemtl PATCH_38
f 2011 2012 2019 2018 
usemtl PATCH_38
f 2018 2019 2026 2025 
usemtl PATCH_38
f 2025 2026 2033 2032 
usemtl PATCH_38
f 2032 2033 2040 2039 
usemtl PATCH_38
f 2039 2040 2047 2046 
usemtl PATCH_38
f 2046 2047 2054 2053 
usemtl PATCH_38
f 2053 2054 2061 2060 
usemtl PATCH_38
f 2060 2061 2068 2067 
usemtl PATCH_38
f 2067 2068 2075 2074 
usemtl PATCH_38
f 2074 2075 2082 2081 
usemtl PATCH_38
f 2081 2082 2089 2088 
usemtl PATCH_38
f 2088 2089 2096 2095 
usemtl PATCH_38
f 2095 2096 2103 2102 
usemtl PATCH_38
f 2102 2103 2110 2109 
usemtl PATCH_38
f 2109 2110 2117 2116 
usemtl PATCH_38
f 2116 2117 2124 2123 
usemtl PATCH_38
f 2123 2124 2131 2130 
usemtl PATCH_38
f 2130 2131 2138 2137 
usemtl PATCH_38
f 2137 2138 1361 1360 
usemtl PATCH_38
f 1739 7 514 1977 
usemtl PATCH_38
f 1977 514 513 1984 
usemtl PATCH_38
f 1984 513 512 1991 
usemtl PATCH_38
f 1991 512 511 1998 
usemtl PATCH_38
f 1998 511 510 2005 
usemtl PATCH_38
f 2005 510 509 2012 
usemtl PATCH_38
f 2012 509 508 2019 
usemtl PATCH_38
f 2019 508 507 2026 
usemtl PATCH_38
f 2026 507 506 2033 
usemtl PATCH_38
f 2033 506 505 2040 
usemtl PATCH_38
f 2040 505 504 2047 
usemtl PATCH_38
f 2047 504 503 2054 
usemtl PATCH_38
f 2054 503 502 2061 
usemtl PATCH_38
f 2061 502 501 2068 
usemtl PATCH_38
f 2068 501 500 2075 
usemtl PATCH_38
f 2075 500 499 2082 
usemtl PATCH_38
f 2082 499 498 2089 
usemtl PATCH_38
f 2089 498 497 2096 
usemtl PATCH_38
f 2096 497 496 2103 
usemtl PATCH_38
f 2103 496 495 2110 
usemtl PATCH_38
f 2110 495 494 2117 
usemtl PATCH_38
f 2117 494 493 2124 
usemtl PATCH_38
f 2124 493 492 2131 
usemtl PATCH_38
f 2131 492 491 2138 
usemtl PATCH_38
f 2138 491 8 1361 
usemtl PATCH_24
f 1 1708 2139 1733 
usemtl PATCH_24
f 1733 2139 2147 1734 
usemtl PATCH_24
f 1734 2147 2155 1735 
usemtl PATCH_24
f 1735 2155 2163 1736 
usemtl PATCH_24
f 1736 2163 2171 1737 
usemtl PATCH_24
f 1737 2171 2179 1738 
usemtl PATCH_24
f 1738 2179 2187 1739 
usemtl PATCH_24
f 1739 2187 445 7 
usemtl PATCH_24
f 1708 1707 2140 2139 
usemtl PATCH_24
f 2139 2140 2148 2147 
usemtl PATCH_24
f 2147 2148 2156 2155 
usemtl PATCH_24
f 2155 2156 2164 2163 
usemtl PATCH_24
f 2163 2164 2172 2171 
usemtl PATCH_24
f 2171 2172 2180 2179 
usemtl PATCH_24
f 2179 2180 2188 2187 
usemtl PATCH_24
f 2187 2188 446 445 
usemtl PATCH_24
f 1707 1706 2141 2140 
usemtl PATCH_24
f 2140 2141 2149 2148 
usemtl PATCH_24
f 2148 2149 2157 2156 
usemtl PATCH_24
f 2156 2157 2165 2164 
usemtl PATCH_24
f 2164 2165 2173 2172 
usemtl PATCH_24
f 2172 2173 2181 2180 
usemtl PATCH_24
f 2180 2181 2189 2188 
usemtl PATCH_24
f 2188 2189 447 446 
usemtl PATCH_24
f 1706 1705 2142 2141 
usemtl PATCH_24
f 2141 2142 2150 2149 
usemtl PATCH_24
f 2149 2150 2158 2157 
usemtl PATCH_24
f 2157 2158 2166 2165 
usemtl PATCH_24
f 2165 2166 2174 2173 
usemtl PATCH_24
f 2173 2174 2182 2181 
usemtl PATCH_24
f 2181 2182 2190 2189 
usemtl PATCH_24
f 2189 2190 448 447 
usemtl PATCH_24
f 1705 1704 2143 2142 
usemtl PATCH_24
f 2142 2143 2151 2150 
usemtl PATCH_24
f 2150 2151 2159 2158 
usemtl PATCH_24
f 2158 2159 2167 2166 
usemtl PATCH_24
f 2166 2167 2175 2174 
usemtl PATCH_24
f 2174 2175 2183 2182 
usemtl PATCH_24
f 2182 2183 2191 2190 
usemtl PATCH_24
f 2190 2191 449 448 
usemtl PATCH_24
f 1704 1703 2144 2143 
usemtl PATCH_24
f 2143 2144 2152 2151 
usemtl PATCH_24
f 2151 2152 2160 2159 
usemtl PATCH_24
f 2159 2160 2168 2167 
usemtl PATCH_24
f 2167 2168 2176 2175 
usemtl PATCH_24
f 2175 2176 2184 2183 
usemtl PATCH_24
f 2183 2184 2192 2191 
usemtl PATCH_24
f 2191 2192 450 449 
usemtl PATCH_24
f 1703 1702 2145 2144 
usemtl PATCH_24
f 2144 2145 2153 2152 
usemtl PATCH_24
f 2152 2153 2161 2160 
usemtl PATCH_24
f 2160 2161 2169 2168 
usemtl PATCH_24
f 2168 2169 2177 2176 
usemtl PATCH_24
f 2176 2177 2185 2184 
usemtl PATCH_24
f 2184 2185 2193 2192 
usemtl PATCH_24
f 2192 2193 451 450 
usemtl PATCH_24
f 1702 1701 2146 2145 
usemtl PATCH_24
f 2145 2146 2154 2153 
usemtl PATCH_24
f 2153 2154 2162 2161 
usemtl PATCH_24
f 2161 2162 2170 2169 
usemtl PATCH_24
f 2169 2170 2178 2177 
usemtl PATCH_24
f 2177 2178 2186 2185 
usemtl PATCH_24
f 2185 2186 2194 2193 
usemtl PATCH_24
f 2193 2194 452 451 
usemtl PATCH_24
f 1701 4 1740 2146 
usemtl PATCH_24
f 2146 1740 1741 2154 
usemtl PATCH_24
f 2154 1741 1742 2162 
usemtl PATCH_24
f 2162 1742 1743 2170 
usemtl PATCH_24
f 2170 1743 1744 2178 
usemtl PATCH_24
f 2178 1744 1745 2186 
usemtl PATCH_24
f 2186 1745 1746 2194 
usemtl PATCH_24
f 2194 1746 9 452 
usemtl PATCH_21
f 4 144 2195 1740 
usemtl PATCH_21
f 1740 2195 2224 1741 
usemtl PATCH_21
f 1741 2224 2253 1742 
usemtl PATCH_21
f 1742 2253 2282 1743 
usemtl PATCH_21
f 1743 2282 2311 1744 
usemtl PATCH_21
f 1744 2311 2340 1745 
usemtl PATCH_21
f 1745 2340 2369 1746 
usemtl PATCH_21
f 1746 2369 611 9 
usemtl PATCH_21
f 144 143 2196 2195 
usemtl PATCH_21
f 2195 2196 2225 2224 
usemtl PATCH_21
f 2224 2225 2254 2253 
usemtl PATCH_21
f 2253 2254 2283 2282 
usemtl PATCH_21
f 2282 2283 2312 2311 
usemtl PATCH_21
f 2311 2312 2341 2340 
usemtl PATCH_21
f 2340 2341 2370 2369 
usemtl PATCH_21
f 2369 2370 612 611 
usemtl PATCH_21
f 143 142 2197 2196 
usemtl PATCH_21
f 2196 2197 2226 2225 
usemtl PATCH_21
f 2225 2226 2255 2254 
usemtl PATCH_21
f 2254 2255 2284 2283 
usemtl PATCH_21
f 2283 2284 2313 2312 
usemtl PATCH_21
f 2312 2313 2342 2341 
usemtl PATCH_21
f 2341 2342 2371 2370 
usemtl PATCH_21
f 2370 2371 613 612 
usemtl PATCH_21
f 142 141 2198 2197 
usemtl PATCH_21
f 2197 2198 2227 2226 
usemtl PATCH_21
f 2226 2227 2256 2255 
usemtl PATCH_21
f 2255 2256 2285 2284 
usemtl PATCH_21
f 2284 2285 2314 2313 
usemtl PATCH_21
f 2313 2314 2343 2342 
usemtl PATCH_21
f 2342 2343 2372 2371 
usemtl PATCH_21
f 2371 2372 614 613 
usemtl PATCH_21
f 141 140 2199 2198 
usemtl PATCH_21
f 2198 2199 2228 2227 
usemtl PATCH_21
f 2227 2228 2257 2256 
usemtl PATCH_21
f 2256 2257 2286 2285 
usemtl PATCH_21
f 2285 2286 2315 2314 
usemtl PATCH_21
f 2314 2315 2344 2343 
usemtl PATCH_21
f 2343 2344 2373 2372 
usemtl PATCH_21
f 2372 2373 615 614 
usemtl PATCH_21
f 140 139 2200 2199 
usemtl PATCH_21
f 2199 2200 2229 2228 
usemtl PATCH_21
f 2228 2229 2258 2257 
usemtl PATCH_21
f 2257 2258 2287 2286 
usemtl PATCH_21
f 2286 2287 2316 2315 
usemtl PATCH_21
f 2315 2316 2345 2344 
usemtl PATCH_21
f 2344 2345 2374 2373 
usemtl PATCH_21
f 2373 2374 616 615 
usemtl PATCH_21
f 139 138 2201 2200 
usemtl PATCH_21
f 2200 2201 2230 2229 
usemtl PATCH_21
f 2229 2230 2259 2258 
usemtl PATCH_21
f 2258 2259 2288 2287 
usemtl PATCH_21
f 2287 2288 2317 2316 
usemtl PATCH_21
f 2316 2317 2346 2345 
usemtl PATCH_21
f 2345 2346 2375 2374 
usemtl PATCH_21
f 2374 2375 617 616 
usemtl PATCH_21
f 138 137 2202 2201 
usemtl PATCH_21
f 2201 2202 2231 2230 
usemtl PATCH_21
f 2230 2231 2260 2259 
usemtl PATCH_21
f 2259 2260 2289 2288 
usemtl PATCH_21
f 2288 2289 2318 2317 
usemtl PATCH_21
f 2317 2318 2347 2346 
usemtl PATCH_21
f 2346 2347 2376 2375 
usemtl PATCH_21
f 2375 2376 618 617 
usemtl PATCH_21
f 137 136 2203 2202 
usemtl PATCH_21
f 2202 2203 2232 2231 
usemtl PATCH_21
f 2231 2232 2261 2260 
usemtl PATCH_21
f 2260 2261 2290 2289 
usemtl PATCH_21
f 2289 2290 2319 2318 
usemtl PATCH_21
f 2318 2319 2348 2347 
usemtl PATCH_21
f 2347 2348 2377 2376 
usemtl PATCH_21
f 2376 2377 619 618 
usemtl PATCH_21
f 136 135 2204 2203 
usemtl PATCH_21
f 2203 2204 2233 2232 
usemtl PATCH_21
f 2232 2233 2262 2261 
usemtl PATCH_21
f 2261 2262 2291 2290 
usemtl PATCH_21
f 2290 2291 2320 2319 
usemtl PATCH_21
f 2319 2320 2349 2348 
usemtl PATCH_21
f 2348 2349 2378 2377 
usemtl PATCH_21
f 2377 2378 620 619 
usemtl PATCH_21
f 135 134 2205 2204 
usemtl PATCH_21
f 2204 2205 2234 2233 
usemtl PATCH_21
f 2233 2234 2263 2262 
usemtl PATCH_21
f 2262 2263 2292 2291 
usemtl PATCH_21
f 2291 2292 2321 2320 
usemtl PATCH_21
f 2320 2321 2350 2349 
usemtl PATCH_21
f 2349 2350 2379 2378 
usemtl PATCH_21
f 2378 2379 621 620 
usemtl PATCH_21
f 134 133 2206 2205 
usemtl PATCH_21
f 2205 2206 2235 2234 
usemtl PATCH_21
f 2234 2235 2264 2263 
usemtl PATCH_21
f 2263 2264 2293 2292 
usemtl PATCH_21
f 2292 2293 2322 2321 
usemtl PATCH_21
f 2321 2322 2351 2350 
usemtl PATCH_21
f 2350 2351 2380 2379 
usemtl PATCH_21
f 2379 2380 622 621 
usemtl PATCH_21
f 133 132 2207 2206 
usemtl PATCH_21
f 2206 2207 2236 2235 
usemtl PATCH_21
f 2235 2236 2265 2264 
usemtl PATCH_21
f 2264 2265 2294 2293 
usemtl PATCH_21
f 2293 2294 2323 2322 
usemtl PATCH_21
f 2322 2323 2352 2351 
usemtl PATCH_21
f 2351 2352 2381 2380 
usemtl PATCH_21
f 2380 2381 623 622 
usemtl PATCH_21
f 132 131 2208 2207 
usemtl PATCH_21
f 2207 2208 2237 2236 
usemtl PATCH_21
f 2236 2237 2266 2265 
usemtl PATCH_21
f 2265 2266 2295 2294 
usemtl PATCH_21
f 2294 2295 2324 2323 
usemtl PATCH_21
f 2323 2324 2353 2352 
usemtl PATCH_21
f 2352 2353 2382 2381 
usemtl PATCH_21
f 2381 2382 624 623 
usemtl PATCH_21
f 131 130 2209 2208 
usemtl PATCH_21
f 2208 2209 2238 2237 
usemtl PATCH_21
f 2237 2238 2267 2266 
usemtl PATCH_21
f 2266 2267 2296 2295 
usemtl PATCH_21
f 2295 2296 2325 2324 
usemtl PATCH_21
f 2324 2325 2354 2353 
usemtl PATCH_21
f 2353 2354 2383 2382 
usemtl PATCH_21
f 2382 2383 625 624 
usemtl PATCH_21
f 130 129 2210 2209 
usemtl PATCH_21
f 2209 2210 2239 2238 
usemtl PATCH_21
f 2238 2239 2268 2267 
usemtl PATCH_21
f 2267 2268 2297 2296 
usemtl PATCH_21
f 2296 2297 2326 2325 
usemtl PATCH_21
f 2325 2326 2355 2354 
usemtl PATCH_21
f 2354 2355 2384 2383 
usemtl PATCH_21
f 2383 2384 626 625 
usemtl PATCH_21
f 129 128 2211 2210 
usemtl PATCH_21
f 2210 2211 2240 2239 
usemtl PATCH_21
f 2239 2240 2269 2268 
usemtl PATCH_21
f 2268 2269 2298 2297 
usemtl PATCH_21
f 2297 2298 2327 2326 
usemtl PATCH_21
f 2326 2327 2356 2355 
usemtl PATCH_21
f 2355 2356 2385 2384 
usemtl PATCH_21
f 2384 2385 627 626 
usemtl PATCH_21
f 128 127 2212 2211 
usemtl PATCH_21
f 2211 2212 2241 2240 
usemtl PATCH_21
f 2240 2241 2270 2269 
usemtl PATCH_21
f 2269 2270 2299 2298 
usemtl PATCH_21
f 2298 2299 2328 2327 
usemtl PATCH_21
f 2327 2328 2357 2356 
usemtl PATCH_21
f 2356 2357 2386 2385 
usemtl PATCH_21
f 2385 2386 628 627 
usemtl PATCH_21
f 127 126 2213 2212 
usemtl PATCH_21
f 2212 2213 2242 2241 
usemtl PATCH_21
f 2241 2242 2271 2270 
usemtl PATCH_21
f 2270 2271 2300 2299 
usemtl PATCH_21
f 2299 2300 2329 2328 
usemtl PATCH_21
f 2328 2329 2358 2357 
usemtl PATCH_21
f 2357 2358 2387 2386 
usemtl PATCH_21
f 2386 2387 629 628 
usemtl PATCH_21
f 126 125 2214 2213 
usemtl PATCH_21
f 2213 2214 2243 2242 
usemtl PATCH_21
f 2242 2243 2272 2271 
usemtl PATCH_21
f 2271 2272 2301 2300 
usemtl PATCH_21
f 2300 2301 2330 2329 
usemtl PATCH_21
f 2329 2330 2359 2358 
usemtl PATCH_21
f 2358 2359 2388 2387 
usemtl PATCH_21
f 2387 2388 630 629 
usemtl PATCH_21
f 125 124 2215 2214 
usemtl PATCH_21
f 2214 2215 2244 2243 
usemtl PATCH_21
f 2243 2244 2273 2272 
usemtl PATCH_21
f 2272 2273 2302 2301 
usemtl PATCH_21
f 2301 2302 2331 2330 
usemtl PATCH_21
f 2330 2331 2360 2359 
usemtl PATCH_21
f 2359 2360 2389 2388 
usemtl PATCH_21
f 2388 2389 631 630 
usemtl PATCH_21
f 124 123 2216 2215 
usemtl PATCH_21
f 2215 2216 2245 2244 
usemtl PATCH_21
f 2244 2245 2274 2273 
usemtl PATCH_21
f 2273 2274 2303 2302 
usemtl PATCH_21
f 2302 2303 2332 2331 
usemtl PATCH_21
f 2331 2332 2361 2360 
usemtl PATCH_21
f 2360 2361 2390 2389 
usemtl PATCH_21
f 2389 2390 632 631 
usemtl PATCH_21
f 123 122 2217 2216 
usemtl PATCH_21
f 2216 2217 2246 2245 
usemtl PATCH_21
f 2245 2246 2275 2274 
usemtl PATCH_21
f 2274 2275 2304 2303 
usemtl PATCH_21
f 2303 2304 2333 2332 
usemtl PATCH_21
f 2332 2333 2362 2361 
usemtl PATCH_21
f 2361 2362 2391 2390 
usemtl PATCH_21
f 2390 2391 633 632 
usemtl PATCH_21
f 122 121 2218 2217 
usemtl PATCH_21
f 2217 2218 2247 2246 
usemtl PATCH_21
f 2246 2247 2276 2275 
usemtl PATCH_21
f 2275 2276 2305 2304 
usemtl PATCH_21
f 2304 2305 2334 2333 
usemtl PATCH_21
f 2333 2334 2363 2362 
usemtl PATCH_21
f 2362 2363 2392 2391 
usemtl PATCH_21
f 2391 2392 634 633 
usemtl PATCH_21
f 121 120 2219 2218 
usemtl PATCH_21
f 2218 2219 2248 2247 
usemtl PATCH_21
f 2247 2248 2277 2276 
usemtl PATCH_21
f 2276 2277 2306 2305 
usemtl PATCH_21
f 2305 2306 2335 2334 
usemtl PATCH_21
f 2334 2335 2364 2363 
usemtl PATCH_21
f 2363 2364 2393 2392 
usemtl PATCH_21
f 2392 2393 635 634 
usemtl PATCH_21
f 120 119 2220 2219 
usemtl PATCH_21
f 2219 2220 2249 2248 
usemtl PATCH_21
f 2248 2249 2278 2277 
usemtl PATCH_21
f 2277 2278 2307 2306 
usemtl PATCH_21
f 2306 2307 2336 2335 
usemtl PATCH_21
f 2335 2336 2365 2364 
usemtl PATCH_21
f 2364 2365 2394 2393 
usemtl PATCH_21
f 2393 2394 636 635 
usemtl PATCH_21
f 119 118 2221 2220 
usemtl PATCH_21
f 2220 2221 2250 2249 
usemtl PATCH_21
f 2249 2250 2279 2278 
usemtl PATCH_21
f 2278 2279 2308 2307 
usemtl PATCH_21
f 2307 2308 2337 2336 
usemtl PATCH_21
f 2336 2337 2366 2365 
usemtl PATCH_21
f 2365 2366 2395 2394 
usemtl PATCH_21
f 2394 2395 637 636 
usemtl PATCH_21
f 118 117 2222 2221 
usemtl PATCH_21
f 2221 2222 2251 2250 
usemtl PATCH_21
f 2250 2251 2280 2279 
usemtl PATCH_21
f 2279 2280 2309 2308 
usemtl PATCH_21
f 2308 2309 2338 2337 
usemtl PATCH_21
f 2337 2338 2367 2366 
usemtl PATCH_21
f 2366 2367 2396 2395 
usemtl PATCH_21
f 2395 2396 638 637 
usemtl PATCH_21
f 117 116 2223 2222 
usemtl PATCH_21
f 2222 2223 2252 2251 
usemtl PATCH_21
f 2251 2252 2281 2280 
usemtl PATCH_21
f 2280 2281 2310 2309 
usemtl PATCH_21
f 2309 2310 2339 2338 
usemtl PATCH_21
f 2338 2339 2368 2367 
usemtl PATCH_21
f 2367 2368 2397 2396 
usemtl PATCH_21
f 2396 2397 639 638 
usemtl PATCH_21
f 116 10 1693 2223 
usemtl PATCH_21
f 2223 1693 1692 2252 
usemtl PATCH_21
f 2252 1692 1691 2281 
usemtl PATCH_21
f 2281 1691 1690 2310 
usemtl PATCH_21
f 2310 1690 1689 2339 
usemtl PATCH_21
f 2339 1689 1688 2368 
usemtl PATCH_21
f 2368 1688 1687 2397 
usemtl PATCH_21
f 2397 1687 11 639 
usemtl PATCH_20
f 4 73 2398 144 
usemtl PATCH_20
f 144 2398 2405 143 
usemtl PATCH_20
f 143 2405 2412 142 
usemtl PATCH_20
f 142 2412 2419 141 
usemtl PATCH_20
f 141 2419 2426 140 
usemtl PATCH_20
f 140 2426 2433 139 
usemtl PATCH_20
f 139 2433 2440 138 
usemtl PATCH_20
f 138 2440 2447 137 
usemtl PATCH_20
f 137 2447 2454 136 
usemtl PATCH_20
f 136 2454 2461 135 
usemtl PATCH_20
f 135 2461 2468 134 
usemtl PATCH_20
f 134 2468 2475 133 
usemtl PATCH_20
f 133 2475 2482 132 
usemtl PATCH_20
f 132 2482 2489 131 
usemtl PATCH_20
f 131 2489 2496 130 
usemtl PATCH_20
f 130 2496 2503 129 
usemtl PATCH_20
f 129 2503 2510 128 
usemtl PATCH_20
f 128 2510 2517 127 
usemtl PATCH_20
f 127 2517 2524 126 
usemtl PATCH_20
f 126 2524 2531 125 
usemtl PATCH_20
f 125 2531 2538 124 
usemtl PATCH_20
f 124 2538 2545 123 
usemtl PATCH_20
f 123 2545 2552 122 
usemtl PATCH_20
f 122 2552 2559 121 
usemtl PATCH_20
f 121 2559 2566 120 
usemtl PATCH_20
f 120 2566 2573 119 
usemtl PATCH_20
f 119 2573 2580 118 
usemtl PATCH_20
f 118 2580 2587 117 
usemtl PATCH_20
f 117 2587 2594 116 
usemtl PATCH_20
f 116 2594 115 10 
usemtl PATCH_20
f 73 74 2399 2398 
usemtl PATCH_20
f 2398 2399 2406 2405 
usemtl PATCH_20
f 2405 2406 2413 2412 
usemtl PATCH_20
f 2412 2413 2420 2419 
usemtl PATCH_20
f 2419 2420 2427 2426 
usemtl PATCH_20
f 2426 2427 2434 2433 
usemtl PATCH_20
f 2433 2434 2441 2440 
usemtl PATCH_20
f 2440 2441 2448 2447 
usemtl PATCH_20
f 2447 2448 2455 2454 
usemtl PATCH_20
f 2454 2455 2462 2461 
usemtl PATCH_20
f 2461 2462 2469 2468 
usemtl PATCH_20
f 2468 2469 2476 2475 
usemtl PATCH_20
f 2475 2476 2483 2482 
usemtl PATCH_20
f 2482 2483 2490 2489 
usemtl PATCH_20
f 2489 2490 2497 2496 
usemtl PATCH_20
f 2496 2497 2504 2503 
usemtl PATCH_20
f 2503 2504 2511 2510 
usemtl PATCH_20
f 2510 2511 2518 2517 
usemtl PATCH_20
f 2517 2518 2525 2524 
usemtl PATCH_20
f 2524 2525 2532 2531 
usemtl PATCH_20
f 2531 2532 2539 2538 
usemtl PATCH_20
f 2538 2539 2546 2545 
usemtl PATCH_20
f 2545 2546 2553 2552 
usemtl PATCH_20
f 2552 2553 2560 2559 
usemtl PATCH_20
f 2559 2560 2567 2566 
usemtl PATCH_20
f 2566 2567 2574 2573 
usemtl PATCH_20
f 2573 2574 2581 2580 
usemtl PATCH_20
f 2580 2581 2588 2587 
usemtl PATCH_20
f 2587 2588 2595 2594 
usemtl PATCH_20
f 2594 2595 114 115 
usemtl PATCH_20
f 74 75 2400 2399 
usemtl PATCH_20
f 2399 2400 2407 2406 
usemtl PATCH_20
f 2406 2407 2414 2413 
usemtl PATCH_20
f 2413 2414 2421 2420 
usemtl PATCH_20
f 2420 2421 2428 2427 
usemtl PATCH_20
f 2427 2428 2435 2434 
usemtl PATCH_20
f 2434 2435 2442 2441 
usemtl PATCH_20
f 2441 2442 2449 2448 
usemtl PATCH_20
f 2448 2449 2456 2455 
usemtl PATCH_20
f 2455 2456 2463 2462 
usemtl PATCH_20
f 2462 2463 2470 2469 
usemtl PATCH_20
f 2469 2470 2477 2476 
usemtl PATCH_20
f 2476 2477 2484 2483 
usemtl PATCH_20
f 2483 2484 2491 2490 
usemtl PATCH_20
f 2490 2491 2498 2497 
usemtl PATCH_20
f 2497 2498 2505 2504 
usemtl PATCH_20
f 2504 2505 2512 2511 
usemtl PATCH_20
f 2511 2512 2519 2518 
usemtl PATCH_20
f 2518 2519 2526 2525 
usemtl PATCH_20
f 2525 2526 2533 2532 
usemtl PATCH_20
f 2532 2533 2540 2539 
usemtl PATCH_20
f 2539 2540 2547 2546 
usemtl PATCH_20
f 2546 2547 2554 2553 
usemtl PATCH_20
f 2553 2554 2561 2560 
usemtl PATCH_20
f 2560 2561 2568 2567 
usemtl PATCH_20
f 2567 2568 2575 2574 
usemtl PATCH_20
f 2574 2575 2582 2581 
usemtl PATCH_20
f 2581 2582 2589 2588 
usemtl PATCH_20
f 2588 2589 2596 2595 
usemtl PATCH_20
f 2595 2596 113 114 
usemtl PATCH_20
f 75 76 2401 2400 
usemtl PATCH_20
f 2400 2401 2408 2407 
usemtl PATCH_20
f 2407 2408 2415 2414 
usemtl PATCH_20
f 2414 2415 2422 2421 
usemtl PATCH_20
f 2421 2422 2429 2428 
usemtl PATCH_20
f 2428 2429 2436 2435 
usemtl PATCH_20
f 2435 2436 2443 2442 
usemtl PATCH_20
f 2442 2443 2450 2449 
usemtl PATCH_20
f 2449 2450 2457 2456 
usemtl PATCH_20
f 2456 2457 2464 2463 
usemtl PATCH_20
f 2463 2464 2471 2470 
usemtl PATCH_20
f 2470 2471 2478 2477 
usemtl PATCH_20
f 2477 2478 2485 2484 
usemtl PATCH_20
f 2484 2485 2492 2491 
usemtl PATCH_20
f 2491 2492 2499 2498 
usemtl PATCH_20
f 2498 2499 2506 2505 
usemtl PATCH_20
f 2505 2506 2513 2512 
usemtl PATCH_20
f 2512 2513 2520 2519 
usemtl PATCH_20
f 2519 2520 2527 2526 
usemtl PATCH_20
f 2526 2527 2534 2533 
usemtl PATCH_20
f 2533 2534 2541 2540 
usemtl PATCH_20
f 2540 2541 2548 2547 
usemtl PATCH_20
f 2547 2548 2555 2554 
usemtl PATCH_20
f 2554 2555 2562 2561 
usemtl PATCH_20
f 2561 2562 2569 2568 
usemtl PATCH_20
f 2568 2569 2576 2575 
usemtl PATCH_20
f 2575 2576 2583 2582 
usemtl PATCH_20
f 2582 2583 2590 2589 
usemtl PATCH_20
f 2589 2590 2597 2596 
usemtl PATCH_20
f 2596 2597 112 113 
usemtl PATCH_20
f 76 77 2402 2401 
usemtl PATCH_20
f 2401 2402 2409 2408 
usemtl PATCH_20
f 2408 2409 2416 2415 
usemtl PATCH_20
f 2415 2416 2423 2422 
usemtl PATCH_20
f 2422 2423 2430 2429 
usemtl PATCH_20
f 2429 2430 2437 2436 
usemtl PATCH_20
f 2436 2437 2444 2443 
usemtl PATCH_20
f 2443 2444 2451 2450 
usemtl PATCH_20
f 2450 2451 2458 2457 
usemtl PATCH_20
f 2457 2458 2465 2464 
usemtl PATCH_20
f 2464 2465 2472 2471 
usemtl PATCH_20
f 2471 2472 2479 2478 
usemtl PATCH_20
f 2478 2479 2486 2485 
usemtl PATCH_20
f 2485 2486 2493 2492 
usemtl PATCH_20
f 2492 2493 2500 2499 
usemtl PATCH_20
f 2499 2500 2507 2506 
usemtl PATCH_20
f 2506 2507 2514 2513 
usemtl PATCH_20
f 2513 2514 2521 2520 
usemtl PATCH_20
f 2520 2521 2528 2527 
usemtl PATCH_20
f 2527 2528 2535 2534 
usemtl PATCH_20
f 2534 2535 2542 2541 
usemtl PATCH_20
f 2541 2542 2549 2548 
usemtl PATCH_20
f 2548 2549 2556 2555 
usemtl PATCH_20
f 2555 2556 2563 2562 
usemtl PATCH_20
f 2562 2563 2570 2569 
usemtl PATCH_20
f 2569 2570 2577 2576 
usemtl PATCH_20
f 2576 2577 2584 2583 
usemtl PATCH_20
f 2583 2584 2591 2590 
usemtl PATCH_20
f 2590 2591 2598 2597 
usemtl PATCH_20
f 2597 2598 111 112 
usemtl PATCH_20
f 77 78 2403 2402 
usemtl PATCH_20
f 2402 2403 2410 2409 
usemtl PATCH_20
f 2409 2410 2417 2416 
usemtl PATCH_20
f 2416 2417 2424 2423 
usemtl PATCH_20
f 2423 2424 2431 2430 
usemtl PATCH_20
f 2430 2431 2438 2437 
usemtl PATCH_20
f 2437 2438 2445 2444 
usemtl PATCH_20
f 2444 2445 2452 2451 
usemtl PATCH_20
f 2451 2452 2459 2458 
usemtl PATCH_20
f 2458 2459 2466 2465 
usemtl PATCH_20
f 2465 2466 2473 2472 
usemtl PATCH_20
f 2472 2473 2480 2479 
usemtl PATCH_20
f 2479 2480 2487 2486 
usemtl PATCH_20
f 2486 2487 2494 2493 
usemtl PATCH_20
f 2493 2494 2501 2500 
usemtl PATCH_20
f 2500 2501 2508 2507 
usemtl PATCH_20
f 2507 2508 2515 2514 
usemtl PATCH_20
f 2514 2515 2522 2521 
usemtl PATCH_20
f 2521 2522 2529 2528 
usemtl PATCH_20
f 2528 2529 2536 2535 
usemtl PATCH_20
f 2535 2536 2543 2542 
usemtl PATCH_20
f 2542 2543 2550 2549 
usemtl PATCH_20
f 2549 2550 2557 2556 
usemtl PATCH_20
f 2556 2557 2564 2563 
usemtl PATCH_20
f 2563 2564 2571 2570 
usemtl PATCH_20
f 2570 2571 2578 2577 
usemtl PATCH_20
f 2577 2578 2585 2584 
usemtl PATCH_20
f 2584 2585 2592 2591 
usemtl PATCH_20
f 2591 2592 2599 2598 
usemtl PATCH_20
f 2598 2599 110 111 
usemtl PATCH_20
f 78 79 2404 2403 
usemtl PATCH_20
f 2403 2404 2411 2410 
usemtl PATCH_20
f 2410 2411 2418 2417 
usemtl PATCH_20
f 2417 2418 2425 2424 
usemtl PATCH_20
f 2424 2425 2432 2431 
usemtl PATCH_20
f 2431 2432 2439 2438 
usemtl PATCH_20
f 2438 2439 2446 2445 
usemtl PATCH_20
f 2445 2446 2453 2452 
usemtl PATCH_20
f 2452 2453 2460 2459 
usemtl PATCH_20
f 2459 2460 2467 2466 
usemtl PATCH_20
f 2466 2467 2474 2473 
usemtl PATCH_20
f 2473 2474 2481 2480 
usemtl PATCH_20
f 2480 2481 2488 2487 
usemtl PATCH_20
f 2487 2488 2495 2494 
usemtl PATCH_20
f 2494 2495 2502 2501 
usemtl PATCH_20
f 2501 2502 2509 2508 
usemtl PATCH_20
f 2508 2509 2516 2515 
usemtl PATCH_20
f 2515 2516 2523 2522 
usemtl PATCH_20
f 2522 2523 2530 2529 
usemtl PATCH_20
f 2529 2530 2537 2536 
usemtl PATCH_20
f 2536 2537 2544 2543 
usemtl PATCH_20
f 2543 2544 2551 2550 
usemtl PATCH_20
f 2550 2551 2558 2557 
usemtl PATCH_20
f 2557 2558 2565 2564 
usemtl PATCH_20
f 2564 2565 2572 2571 
usemtl PATCH_20
f 2571 2572 2579 2578 
usemtl PATCH_20
f 2578 2579 2586 2585 
usemtl PATCH_20
f 2585 2586 2593 2592 
usemtl PATCH_20
f 2592 2593 2600 2599 
usemtl PATCH_20
f 2599 2600 109 110 
usemtl PATCH_20
f 79 3 80 2404 
usemtl PATCH_20
f 2404 80 81 2411 
usemtl PATCH_20
f 2411 81 82 2418 
usemtl PATCH_20
f 2418 82 83 2425 
usemtl PATCH_20
f 2425 83 84 2432 
usemtl PATCH_20
f 2432 84 85 2439 
usemtl PATCH_20
f 2439 85 86 2446 
usemtl PATCH_20
f 2446 86 87 2453 
usemtl PATCH_20
f 2453 87 88 2460 
usemtl PATCH_20
f 2460 88 89 2467 
usemtl PATCH_20
f 2467 89 90 2474 
usemtl PATCH_20
f 2474 90 91 2481 
usemtl PATCH_20
f 2481 91 92 2488 
usemtl PATCH_20
f 2488 92 93 2495 
usemtl PATCH_20
f 2495 93 94 2502 
usemtl PATCH_20
f 2502 94 95 2509 
usemtl PATCH_20
f 2509 95 96 2516 
usemtl PATCH_20
f 2516 96 97 2523 
usemtl PATCH_20
f 2523 97 98 2530 
usemtl PATCH_20
f 2530 98 99 2537 
usemtl PATCH_20
f 2537 99 100 2544 
usemtl PATCH_20
f 2544 100 101 2551 
usemtl PATCH_20
f 2551 101 102 2558 
usemtl PATCH_20
f 2558 102 103 2565 
usemtl PATCH_20
f 2565 103 104 2572 
usemtl PATCH_20
f 2572 104 105 2579 
usemtl PATCH_20
f 2579 105 106 2586 
usemtl PATCH_20
f 2586 106 107 2593 
usemtl PATCH_20
f 2593 107 108 2600 
usemtl PATCH_20
f 2600 108 12 109 
usemtl PATCH_27
f 2 145 2601 224 
usemtl PATCH_27
f 224 2601 2633 223 
usemtl PATCH_27
f 223 2633 2665 222 
usemtl PATCH_27
f 222 2665 2697 221 
usemtl PATCH_27
f 221 2697 2729 220 
usemtl PATCH_27
f 220 2729 2761 219 
usemtl PATCH_27
f 219 2761 2793 218 
usemtl PATCH_27
f 218 2793 2825 217 
usemtl PATCH_27
f 217 2825 216 3 
usemtl PATCH_27
f 145 146 2602 2601 
usemtl PATCH_27
f 2601 2602 2634 2633 
usemtl PATCH_27
f 2633 2634 2666 2665 
usemtl PATCH_27
f 2665 2666 2698 2697 
usemtl PATCH_27
f 2697 2698 2730 2729 
usemtl PATCH_27
f 2729 2730 2762 2761 
usemtl PATCH_27
f 2761 2762 2794 2793 
usemtl PATCH_27
f 2793 2794 2826 2825 
usemtl PATCH_27
f 2825 2826 215 216 
usemtl PATCH_27
f 146 147 2603 2602 
usemtl PATCH_27
f 2602 2603 2635 2634 
usemtl PATCH_27
f 2634 2635 2667 2666 
usemtl PATCH_27
f 2666 2667 2699 2698 
usemtl PATCH_27
f 2698 2699 2731 2730 
usemtl PATCH_27
f 2730 2731 2763 2762 
usemtl PATCH_27
f 2762 2763 2795 2794 
usemtl PATCH_27
f 2794 2795 2827 2826 
usemtl PATCH_27
f 2826 2827 214 215 
usemtl PATCH_27
f 147 148 2604 2603 
usemtl PATCH_27
f 2603 2604 2636 2635 
usemtl PATCH_27
f 2635 2636 2668 2667 
usemtl PATCH_27
f 2667 2668 2700 2699 
usemtl PATCH_27
f 2699 2700 2732 2731 
usemtl PATCH_27
f 2731 2732 2764 2763 
usemtl PATCH_27
f 2763 2764 2796 2795 
usemtl PATCH_27
f 2795 2796 2828 2827 
usemtl PATCH_27
f 2827 2828 213 214 
usemtl PATCH_27
f 148 149 2605 2604 
usemtl PATCH_27
f 2604 2605 2637 2636 
usemtl PATCH_27
f 2636 2637 2669 2668 
usemtl PATCH_27
f 2668 2669 2701 2700 
usemtl PATCH_27
f 2700 2701 2733 2732 
usemtl PATCH_27
f 2732 2733 2765 2764 
usemtl PATCH_27
f 2764 2765 2797 2796 
usemtl PATCH_27
f 2796 2797 2829 2828 
usemtl PATCH_27
f 2828 2829 212 213 
usemtl PATCH_27
f 149 150 2606 2605 
usemtl PATCH_27
f 2605 2606 2638 2637 
usemtl PATCH_27
f 2637 2638 2670 2669 
usemtl PATCH_27
f 2669 2670 2702 2701 
usemtl PATCH_27
f 2701 2702 2734 2733 
usemtl PATCH_27
f 2733 2734 2766 2765 
usemtl PATCH_27
f 2765 2766 2798 2797 
usemtl PATCH_27
f 2797 2798 2830 2829 
usemtl PATCH_27
f 2829 2830 211 212 
usemtl PATCH_27
f 150 151 2607 2606 
usemtl PATCH_27
f 2606 2607 2639 2638 
usemtl PATCH_27
f 2638 2639 2671 2670 
usemtl PATCH_27
f 2670 2671 2703 2702 
usemtl PATCH_27
f 2702 2703 2735 2734 
usemtl PATCH_27
f 2734 2735 2767 2766 
usemtl PATCH_27
f 2766 2767 2799 2798 
usemtl PATCH_27
f 2798 2799 2831 2830 
usemtl PATCH_27
f 2830 2831 210 211 
usemtl PATCH_27
f 151 152 2608 2607 
usemtl PATCH_27
f 2607 2608 2640 2639 
usemtl PATCH_27
f 2639 2640 2672 2671 
usemtl PATCH_27
f 2671 2672 2704 2703 
usemtl PATCH_27
f 2703 2704 2736 2735 
usemtl PATCH_27
f 2735 2736 2768 2767 
usemtl PATCH_27
f 2767 2768 2800 2799 
usemtl PATCH_27
f 2799 2800 2832 2831 
usemtl PATCH_27
f 2831 2832 209 210 
usemtl PATCH_27
f 152 153 2609 2608 
usemtl PATCH_27
f 2608 2609 2641 2640 
usemtl PATCH_27
f 2640 2641 2673 2672 
usemtl PATCH_27
f 2672 2673 2705 2704 
usemtl PATCH_27
f 2704 2705 2737 2736 
usemtl PATCH_27
f 2736 2737 2769 2768 
usemtl PATCH_27
f 2768 2769 2801 2800 
usemtl PATCH_27
f 2800 2801 2833 2832 
usemtl PATCH_27
f 2832 2833 208 209 
usemtl PATCH_27
f 153 154 2610 2609 
usemtl PATCH_27
f 2609 2610 2642 2641 
usemtl PATCH_27
f 2641 2642 2674 2673 
usemtl PATCH_27
f 2673 2674 2706 2705 
usemtl PATCH_27
f 2705 2706 2738 2737 
usemtl PATCH_27
f 2737 2738 2770 2769 
usemtl PATCH_27
f 2769 2770 2802 2801 
usemtl PATCH_27
f 2801 2802 2834 2833 
usemtl PATCH_27
f 2833 2834 207 208 
usemtl PATCH_27
f 154 155 2611 2610 
usemtl PATCH_27
f 2610 2611 2643 2642 
usemtl PATCH_27
f 2642 2643 2675 2674 
usemtl PATCH_27
f 2674 2675 2707 2706 
usemtl PATCH_27
f 2706 2707 2739 2738 
usemtl PATCH_27
f 2738 2739 2771 2770 
usemtl PATCH_27
f 2770 2771 2803 2802 
usemtl PATCH_27
f 2802 2803 2835 2834 
usemtl PATCH_27
f 2834 2835 206 207 
usemtl PATCH_27
f 155 156 2612 2611 
usemtl PATCH_27
f 2611 2612 2644 2643 
usemtl PATCH_27
f 2643 2644 2676 2675 
usemtl PATCH_27
f 2675 2676 2708 2707 
usemtl PATCH_27
f 2707 2708 2740 2739 
usemtl PATCH_27
f 2739 2740 2772 2771 
usemtl PATCH_27
f 2771 2772 2804 2803 
usemtl PATCH_27
f 2803 2804 2836 2835 
usemtl PATCH_27
f 2835 2836 205 206 
usemtl PATCH_27
f 156 157 2613 2612 
usemtl PATCH_27
f 2612 2613 2645 2644 
usemtl PATCH_27
f 2644 2645 2677 2676 
usemtl PATCH_27
f 2676 2677 2709 2708 
usemtl PATCH_27
f 2708 2709 2741 2740 
usemtl PATCH_27
f 2740 2741 2773 2772 
usemtl PATCH_27
f 2772 2773 2805 2804 
usemtl PATCH_27
f 2804 2805 2837 2836 
usemtl PATCH_27
f 2836 2837 204 205 
usemtl PATCH_27
f 157 158 2614 2613 
usemtl PATCH_27
f 2613 2614 2646 2645 
usemtl PATCH_27
f 2645 2646 2678 2677 
usemtl PATCH_27
f 2677 2678 2710 2709 
usemtl PATCH_27
f 2709 2710 2742 2741 
usemtl PATCH_27
f 2741 2742 2774 2773 
usemtl PATCH_27
f 2773 2774 2806 2805 
usemtl PATCH_27
f 2805 2806 2838 2837 
usemtl PATCH_27
f 2837 2838 203 204 
usemtl PATCH_27
f 158 159 2615 2614 
usemtl PATCH_27
f 2614 2615 2647 2646 
usemtl PATCH_27
f 2646 2647 2679 2678 
usemtl PATCH_27
f 2678 2679 2711 2710 
usemtl PATCH_27
f 2710 2711 2743 2742 
usemtl PATCH_27
f 2742 2743 2775 2774 
usemtl PATCH_27
f 2774 2775 2807 2806 
usemtl PATCH_27
f 2806 2807 2839 2838 
usemtl PATCH_27
f 2838 2839 202 203 
usemtl PATCH_27
f 159 160 2616 2615 
usemtl PATCH_27
f 2615 2616 2648 2647 
usemtl PATCH_27
f 2647 2648 2680 2679 
usemtl PATCH_27
f 2679 2680 2712 2711 
usemtl PATCH_27
f 2711 2712 2744 2743 
usemtl PATCH_27
f 2743 2744 2776 2775 
usemtl PATCH_27
f 2775 2776 2808 2807 
usemtl PATCH_27
f 2807 2808 2840 2839 
usemtl PATCH_27
f 2839 2840 201 202 
usemtl PATCH_27
f 160 161 2617 2616 
usemtl PATCH_27
f 2616 2617 2649 2648 
usemtl PATCH_27
f 2648 2649 2681 2680 
usemtl PATCH_27
f 2680 2681 2713 2712 
usemtl PATCH_27
f 2712 2713 2745 2744 
usemtl PATCH_27
f 2744 2745 2777 2776 
usemtl PATCH_27
f 2776 2777 2809 2808 
usemtl PATCH_27
f 2808 2809 2841 2840 
usemtl PATCH_27
f 2840 2841 200 201 
usemtl PATCH_27
f 161 162 2618 2617 
usemtl PATCH_27
f 2617 2618 2650 2649 
usemtl PATCH_27
f 2649 2650 2682 2681 
usemtl PATCH_27
f 2681 2682 2714 2713 
usemtl PATCH_27
f 2713 2714 2746 2745 
usemtl PATCH_27
f 2745 2746 2778 2777 
usemtl PATCH_27
f 2777 2778 2810 2809 
usemtl PATCH_27
f 2809 2810 2842 2841 
usemtl PATCH_27
f 2841 2842 199 200 
usemtl PATCH_27
f 162 163 2619 2618 
usemtl PATCH_27
f 2618 2619 2651 2650 
usemtl PATCH_27
f 2650 2651 2683 2682 
usemtl PATCH_27
f 2682 2683 2715 2714 
usemtl PATCH_27
f 2714 2715 2747 2746 
usemtl PATCH_27
f 2746 2747 2779 2778 
usemtl PATCH_27
f 2778 2779 2811 2810 
usemtl PATCH_27
f 2810 2811 2843 2842 
usemtl PATCH_27
f 2842 2843 198 199 
usemtl PATCH_27
f 163 164 2620 2619 
usemtl PATCH_27
f 2619 2620 2652 2651 
usemtl PATCH_27
f 2651 2652 2684 2683 
usemtl PATCH_27
f 2683 2684 2716 2715 
usemtl PATCH_27
f 2715 2716 2748 2747 
usemtl PATCH_27
f 2747 2748 2780 2779 
usemtl PATCH_27
f 2779 2780 2812 2811 
usemtl PATCH_27
f 2811 2812 2844 2843 
usemtl PATCH_27
f 2843 2844 197 198 
usemtl PATCH_27
f 164 165 2621 2620 
usemtl PATCH_27
f 2620 2621 2653 2652 
usemtl PATCH_27
f 2652 2653 2685 2684 
usemtl PATCH_27
f 2684 2685 2717 2716 
usemtl PATCH_27
f 2716 2717 2749 2748 
usemtl PATCH_27
f 2748 2749 2781 2780 
usemtl PATCH_27
f 2780 2781 2813 2812 
usemtl PATCH_27
f 2812 2813 2845 2844 
usemtl PATCH_27
f 2844 2845 196 197 
usemtl PATCH_27
f 165 166 2622 2621 
usemtl PATCH_27
f 2621 2622 2654 2653 
usemtl PATCH_27
f 2653 2654 2686 2685 
usemtl PATCH_27
f 2685 2686 2718 2717 
usemtl PATCH_27
f 2717 2718 2750 2749 
usemtl PATCH_27
f 2749 2750 2782 2781 
usemtl PATCH_27
f 2781 2782 2814 2813 
usemtl PATCH_27
f 2813 2814 2846 2845 
usemtl PATCH_27
f 2845 2846 195 196 
usemtl PATCH_27
f 166 167 2623 2622 
usemtl PATCH_27
f 2622 2623 2655 2654 
usemtl PATCH_27
f 2654 2655 2687 2686 
usemtl PATCH_27
f 2686 2687 2719 2718 
usemtl PATCH_27
f 2718 2719 2751 2750 
usemtl PATCH_27
f 2750 2751 2783 2782 
usemtl PATCH_27
f 2782 2783 2815 2814 
usemtl PATCH_27
f 2814 2815 2847 2846 
usemtl PATCH_27
f 2846 2847 194 195 
usemtl PATCH_27
f 167 168 2624 2623 
usemtl PATCH_27
f 2623 2624 2656 2655 
usemtl PATCH_27
f 2655 2656 2688 2687 
usemtl PATCH_27
f 2687 2688 2720 2719 
usemtl PATCH_27
f 2719 2720 2752 2751 
usemtl PATCH_27
f 2751 2752 2784 2783 
usemtl PATCH_27
f 2783 2784 2816 2815 
usemtl PATCH_27
f 2815 2816 2848 2847 
usemtl PATCH_27
f 2847 2848 193 194 
usemtl PATCH_27
f 168 169 2625 2624 
usemtl PATCH_27
f 2624 2625 2657 2656 
usemtl PATCH_27
f 2656 2657 2689 2688 
usemtl PATCH_27
f 2688 2689 2721 2720 
usemtl PATCH_27
f 2720 2721 2753 2752 
usemtl PATCH_27
f 2752 2753 2785 2784 
usemtl PATCH_27
f 2784 2785 2817 2816 
usemtl PATCH_27
f 2816 2817 2849 2848 
usemtl PATCH_27
f 2848 2849 192 193 
usemtl PATCH_27
f 169 170 2626 2625 
usemtl PATCH_27
f 2625 2626 2658 2657 
usemtl PATCH_27
f 2657 2658 2690 2689 
usemtl PATCH_27
f 2689 2690 2722 2721 
usemtl PATCH_27
f 2721 2722 2754 2753 
usemtl PATCH_27
f 2753 2754 2786 2785 
usemtl PATCH_27
f 2785 2786 2818 2817 
usemtl PATCH_27
f 2817 2818 2850 2849 
usemtl PATCH_27
f 2849 2850 191 192 
usemtl PATCH_27
f 170 171 2627 2626 
usemtl PATCH_27
f 2626 2627 2659 2658 
usemtl PATCH_27
f 2658 2659 2691 2690 
usemtl PATCH_27
f 2690 2691 2723 2722 
usemtl PATCH_27
f 2722 2723 2755 2754 
usemtl PATCH_27
f 2754 2755 2787 2786 
usemtl PATCH_27
f 2786 2787 2819 2818 
usemtl PATCH_27
f 2818 2819 2851 2850 
usemtl PATCH_27
f 2850 2851 190 191 
usemtl PATCH_27
f 171 172 2628 2627 
usemtl PATCH_27
f 2627 2628 2660 2659 
usemtl PATCH_27
f 2659 2660 2692 2691 
usemtl PATCH_27
f 2691 2692 2724 2723 
usemtl PATCH_27
f 2723 2724 2756 2755 
usemtl PATCH_27
f 2755 2756 2788 2787 
usemtl PATCH_27
f 2787 2788 2820 2819 
usemtl PATCH_27
f 2819 2820 2852 2851 
usemtl PATCH_27
f 2851 2852 189 190 
usemtl PATCH_27
f 172 173 2629 2628 
usemtl PATCH_27
f 2628 2629 2661 2660 
usemtl PATCH_27
f 2660 2661 2693 2692 
usemtl PATCH_27
f 2692 2693 2725 2724 
usemtl PATCH_27
f 2724 2725 2757 2756 
usemtl PATCH_27
f 2756 2757 2789 2788 
usemtl PATCH_27
f 2788 2789 2821 2820 
usemtl PATCH_27
f 2820 2821 2853 2852 
usemtl PATCH_27
f 2852 2853 188 189 
usemtl PATCH_27
f 173 174 2630 2629 
usemtl PATCH_27
f 2629 2630 2662 2661 
usemtl PATCH_27
f 2661 2662 2694 2693 
usemtl PATCH_27
f 2693 2694 2726 2725 
usemtl PATCH_27
f 2725 2726 2758 2757 
usemtl PATCH_27
f 2757 2758 2790 2789 
usemtl PATCH_27
f 2789 2790 2822 2821 
usemtl PATCH_27
f 2821 2822 2854 2853 
usemtl PATCH_27
f 2853 2854 187 188 
usemtl PATCH_27
f 174 175 2631 2630 
usemtl PATCH_27
f 2630 2631 2663 2662 
usemtl PATCH_27
f 2662 2663 2695 2694 
usemtl PATCH_27
f 2694 2695 2727 2726 
usemtl PATCH_27
f 2726 2727 2759 2758 
usemtl PATCH_27
f 2758 2759 2791 2790 
usemtl PATCH_27
f 2790 2791 2823 2822 
usemtl PATCH_27
f 2822 2823 2855 2854 
usemtl PATCH_27
f 2854 2855 186 187 
usemtl PATCH_27
f 175 176 2632 2631 
usemtl PATCH_27
f 2631 2632 2664 2663 
usemtl PATCH_27
f 2663 2664 2696 2695 
usemtl PATCH_27
f 2695 2696 2728 2727 
usemtl PATCH_27
f 2727 2728 2760 2759 
usemtl PATCH_27
f 2759 2760 2792 2791 
usemtl PATCH_27
f 2791 2792 2824 2823 
usemtl PATCH_27
f 2823 2824 2856 2855 
usemtl PATCH_27
f 2855 2856 185 186 
usemtl PATCH_27
f 176 13 177 2632 
usemtl PATCH_27
f 2632 177 178 2664 
usemtl PATCH_27
f 2664 178 179 2696 
usemtl PATCH_27
f 2696 179 180 2728 
usemtl PATCH_27
f 2728 180 181 2760 
usemtl PATCH_27
f 2760 181 182 2792 
usemtl PATCH_27
f 2792 182 183 2824 
usemtl PATCH_27
f 2824 183 184 2856 
usemtl PATCH_27
f 2856 184 14 185 
usemtl PATCH_41
f 2 225 2857 145 
usemtl PATCH_41
f 145 2857 2864 146 
usemtl PATCH_41
f 146 2864 2871 147 
usemtl PATCH_41
f 147 2871 2878 148 
usemtl PATCH_41
f 148 2878 2885 149 
usemtl PATCH_41
f 149 2885 2892 150 
usemtl PATCH_41
f 150 2892 2899 151 
usemtl PATCH_41
f 151 2899 2906 152 
usemtl PATCH_41
f 152 2906 2913 153 
usemtl PATCH_41
f 153 2913 2920 154 
usemtl PATCH_41
f 154 2920 2927 155 
usemtl PATCH_41
f 155 2927 2934 156 
usemtl PATCH_41
f 156 2934 2941 157 
usemtl PATCH_41
f 157 2941 2948 158 
usemtl PATCH_41
f 158 2948 2955 159 
usemtl PATCH_41
f 159 2955 2962 160 
usemtl PATCH_41
f 160 2962 2969 161 
usemtl PATCH_41
f 161 2969 2976 162 
usemtl PATCH_41
f 162 2976 2983 163 
usemtl PATCH_41
f 163 2983 2990 164 
usemtl PATCH_41
f 164 2990 2997 165 
usemtl PATCH_41
f 165 2997 3004 166 
usemtl PATCH_41
f 166 3004 3011 167 
usemtl PATCH_41
f 167 3011 3018 168 
usemtl PATCH_41
f 168 3018 3025 169 
usemtl PATCH_41
f 169 3025 3032 170 
usemtl PATCH_41
f 170 3032 3039 171 
usemtl PATCH_41
f 171 3039 3046 172 
usemtl PATCH_41
f 172 3046 3053 173 
usemtl PATCH_41
f 173 3053 3060 174 
usemtl PATCH_41
f 174 3060 3067 175 
usemtl PATCH_41
f 175 3067 3074 176 
usemtl PATCH_41
f 176 3074 270 13 
usemtl PATCH_41
f 225 226 2858 2857 
usemtl PATCH_41
f 2857 2858 2865 2864 
usemtl PATCH_41
f 2864 2865 2872 2871 
usemtl PATCH_41
f 2871 2872 2879 2878 
usemtl PATCH_41
f 2878 2879 2886 2885 
usemtl PATCH_41
f 2885 2886 2893 2892 
usemtl PATCH_41
f 2892 2893 2900 2899 
usemtl PATCH_41
f 2899 2900 2907 2906 
usemtl PATCH_41
f 2906 2907 2914 2913 
usemtl PATCH_41
f 2913 2914 2921 2920 
usemtl PATCH_41
f 2920 2921 2928 2927 
usemtl PATCH_41
f 2927 2928 2935 2934 
usemtl PATCH_41
f 2934 2935 2942 2941 
usemtl PATCH_41
f 2941 2942 2949 2948 
usemtl PATCH_41
f 2948 2949 2956 2955 
usemtl PATCH_41
f 2955 2956 2963 2962 
usemtl PATCH_41
f 2962 2963 2970 2969 
usemtl PATCH_41
f 2969 2970 2977 2976 
usemtl PATCH_41
f 2976 2977 2984 2983 
usemtl PATCH_41
f 2983 2984 2991 2990 
usemtl PATCH_41
f 2990 2991 2998 2997 
usemtl PATCH_41
f 2997 2998 3005 3004 
usemtl PATCH_41
f 3004 3005 3012 3011 
usemtl PATCH_41
f 3011 3012 3019 3018 
usemtl PATCH_41
f 3018 3019 3026 3025 
usemtl PATCH_41
f 3025 3026 3033 3032 
usemtl PATCH_41
f 3032 3033 3040 3039 
usemtl PATCH_41
f 3039 3040 3047 3046 
usemtl PATCH_41
f 3046 3047 3054 3053 
usemtl PATCH_41
f 3053 3054 3061 3060 
usemtl PATCH_41
f 3060 3061 3068 3067 
usemtl PATCH_41
f 3067 3068 3075 3074 
usemtl PATCH_41
f 3074 3075 269 270 
usemtl PATCH_41
f 226 227 2859 2858 
usemtl PATCH_41
f 2858 2859 2866 2865 
usemtl PATCH_41
f 2865 2866 2873 2872 
usemtl PATCH_41
f 2872 2873 2880 2879 
usemtl PATCH_41
f 2879 2880 2887 2886 
usemtl PATCH_41
f 2886 2887 2894 2893 
usemtl PATCH_41
f 2893 2894 2901 2900 
usemtl PATCH_41
f 2900 2901 2908 2907 
usemtl PATCH_41
f 2907 2908 2915 2914 
usemtl PATCH_41
f 2914 2915 2922 2921 
usemtl PATCH_41
f 2921 2922 2929 2928 
usemtl PATCH_41
f 2928 2929 2936 2935 
usemtl PATCH_41
f 2935 2936 2943 2942 
usemtl PATCH_41
f 2942 2943 2950 2949 
usemtl PATCH_41
f 2949 2950 2957 2956 
usemtl PATCH_41
f 2956 2957 2964 2963 
usemtl PATCH_41
f 2963 2964 2971 2970 
usemtl PATCH_41
f 2970 2971 2978 2977 
usemtl PATCH_41
f 2977 2978 2985 2984 
usemtl PATCH_41
f 2984 2985 2992 2991 
usemtl PATCH_41
f 2991 2992 2999 2998 
usemtl PATCH_41
f 2998 2999 3006 3005 
usemtl PATCH_41
f 3005 3006 3013 3012 
usemtl PATCH_41
f 3012 3013 3020 3019 
usemtl PATCH_41
f 3019 3020 3027 3026 
usemtl PATCH_41
f 3026 3027 3034 3033 
usemtl PATCH_41
f 3033 3034 3041 3040 
usemtl PATCH_41
f 3040 3041 3048 3047 
usemtl PATCH_41
f 3047 3048 3055 3054 
usemtl PATCH_41
f 3054 3055 3062 3061 
usemtl PATCH_41
f 3061 3062 3069 3068 
usemtl PATCH_41
f 3068 3069 3076 3075 
usemtl PATCH_41
f 3075 3076 268 269 
usemtl PATCH_41
f 227 228 2860 2859 
usemtl PATCH_41
f 2859 2860 2867 2866 
usemtl PATCH_41
f 2866 2867 2874 2873 
usemtl PATCH_41
f 2873 2874 2881 2880 
usemtl PATCH_41
f 2880 2881 2888 2887 
usemtl PATCH_41
f 2887 2888 2895 2894 
usemtl PATCH_41
f 2894 2895 2902 2901 
usemtl PATCH_41
f 2901 2902 2909 2908 
usemtl PATCH_41
f 2908 2909 2916 2915 
usemtl PATCH_41
f 2915 2916 2923 2922 
usemtl PATCH_41
f 2922 2923 2930 2929 
usemtl PATCH_41
f 2929 2930 2937 2936 
usemtl PATCH_41
f 2936 2937 2944 2943 
usemtl PATCH_41
f 2943 2944 2951 2950 
usemtl PATCH_41
f 2950 2951 2958 2957 
usemtl PATCH_41
f 2957 2958 2965 2964 
usemtl PATCH_41
f 2964 2965 2972 2971 
usemtl PATCH_41
f 2971 2972 2979 2978 
usemtl PATCH_41
f 2978 2979 2986 2985 
usemtl PATCH_41
f 2985 2986 2993 2992 
usemtl PATCH_41
f 2992 2993 3000 2999 
usemtl PATCH_41
f 2999 3000 3007 3006 
usemtl PATCH_41
f 3006 3007 3014 3013 
usemtl PATCH_41
f 3013 3014 3021 3020 
usemtl PATCH_41
f 3020 3021 3028 3027 
usemtl PATCH_41
f 3027 3028 3035 3034 
usemtl PATCH_41
f 3034 3035 3042 3041 
usemtl PATCH_41
f 3041 3042 3049 3048 
usemtl PATCH_41
f 3048 3049 3056 3055 
usemtl PATCH_41
f 3055 3056 3063 3062 
usemtl PATCH_41
f 3062 3063 3070 3069 
usemtl PATCH_41
f 3069 3070 3077 3076 
usemtl PATCH_41
f 3076 3077 267 268 
usemtl PATCH_41
f 228 229 2861 2860 
usemtl PATCH_41
f 2860 2861 2868 2867 
usemtl PATCH_41
f 2867 2868 2875 2874 
usemtl PATCH_41
f 2874 2875 2882 2881 
usemtl PATCH_41
f 2881 2882 2889 2888 
usemtl PATCH_41
f 2888 2889 2896 2895 
usemtl PATCH_41
f 2895 2896 2903 2902 
usemtl PATCH_41
f 2902 2903 2910 2909 
usemtl PATCH_41
f 2909 2910 2917 2916 
usemtl PATCH_41
f 2916 2917 2924 2923 
usemtl PATCH_41
f 2923 2924 2931 2930 
usemtl PATCH_41
f 2930 2931 2938 2937 
usemtl PATCH_41
f 2937 2938 2945 2944 
usemtl PATCH_41
f 2944 2945 2952 2951 
usemtl PATCH_41
f 2951 2952 2959 2958 
usemtl PATCH_41
f 2958 2959 2966 2965 
usemtl PATCH_41
f 2965 2966 2973 2972 
usemtl PATCH_41
f 2972 2973 2980 2979 
usemtl PATCH_41
f 2979 2980 2987 2986 
usemtl PATCH_41
f 2986 2987 2994 2993 
usemtl PATCH_41
f 2993 2994 3001 3000 
usemtl PATCH_41
f 3000 3001 3008 3007 
usemtl PATCH_41
f 3007 3008 3015 3014 
usemtl PATCH_41
f 3014 3015 3022 3021 
usemtl PATCH_41
f 3021 3022 3029 3028 
usemtl PATCH_41
f 3028 3029 3036 3035 
usemtl PATCH_41
f 3035 3036 3043 3042 
usemtl PATCH_41
f 3042 3043 3050 3049 
usemtl PATCH_41
f 3049 3050 3057 3056 
usemtl PATCH_41
f 3056 3057 3064 3063 
usemtl PATCH_41
f 3063 3064 3071 3070 
usemtl PATCH_41
f 3070 3071 3078 3077 
usemtl PATCH_41
f 3077 3078 266 267 
usemtl PATCH_41
f 229 230 2862 2861 
usemtl PATCH_41
f 2861 2862 2869 2868 
usemtl PATCH_41
f 2868 2869 2876 2875 
usemtl PATCH_41
f 2875 2876 2883 2882 
usemtl PATCH_41
f 2882 2883 2890 2889 
usemtl PATCH_41
f 2889 2890 2897 2896 
usemtl PATCH_41
f 2896 2897 2904 2903 
usemtl PATCH_41
f 2903 2904 2911 2910 
usemtl PATCH_41
f 2910 2911 2918 2917 
usemtl PATCH_41
f 2917 2918 2925 2924 
usemtl PATCH_41
f 2924 2925 2932 2931 
usemtl PATCH_41
f 2931 2932 2939 2938 
usemtl PATCH_41
f 2938 2939 2946 2945 
usemtl PATCH_41
f 2945 2946 2953 2952 
usemtl PATCH_41
f 2952 2953 2960 2959 
usemtl PATCH_41
f 2959 2960 2967 2966 
usemtl PATCH_41
f 2966 2967 2974 2973 
usemtl PATCH_41
f 2973 2974 2981 2980 
usemtl PATCH_41
f 2980 2981 2988 2987 
usemtl PATCH_41
f 2987 2988 2995 2994 
usemtl PATCH_41
f 2994 2995 3002 3001 
usemtl PATCH_41
f 3001 3002 3009 3008 
usemtl PATCH_41
f 3008 3009 3016 3015 
usemtl PATCH_41
f 3015 3016 3023 3022 
usemtl PATCH_41
f 3022 3023 3030 3029 
usemtl PATCH_41
f 3029 3030 3037 3036 
usemtl PATCH_41
f 3036 3037 3044 3043 
usemtl PATCH_41
f 3043 3044 3051 3050 
usemtl PATCH_41
f 3050 3051 3058 3057 
usemtl PATCH_41
f 3057 3058 3065 3064 
usemtl PATCH_41
f 3064 3065 3072 3071 
usemtl PATCH_41
f 3071 3072 3079 3078 
usemtl PATCH_41
f 3078 3079 265 266 
usemtl PATCH_41
f 230 231 2863 2862 
usemtl PATCH_41
f 2862 2863 2870 2869 
usemtl PATCH_41
f 2869 2870 2877 2876 
usemtl PATCH_41
f 2876 2877 2884 2883 
usemtl PATCH_41
f 2883 2884 2891 2890 
usemtl PATCH_41
f 2890 2891 2898 2897 
usemtl PATCH_41
f 2897 2898 2905 2904 
usemtl PATCH_41
f 2904 2905 2912 2911 
usemtl PATCH_41
f 2911 2912 2919 2918 
usemtl PATCH_41
f 2918 2919 2926 2925 
usemtl PATCH_41
f 2925 2926 2933 2932 
usemtl PATCH_41
f 2932 2933 2940 2939 
usemtl PATCH_41
f 2939 2940 2947 2946 
usemtl PATCH_41
f 2946 2947 2954 2953 
usemtl PATCH_41
f 2953 2954 2961 2960 
usemtl PATCH_41
f 2960 2961 2968 2967 
usemtl PATCH_41
f 2967 2968 2975 2974 
usemtl PATCH_41
f 2974 2975 2982 2981 
usemtl PATCH_41
f 2981 2982 2989 2988 
usemtl PATCH_41
f 2988 2989 2996 2995 
usemtl PATCH_41
f 2995 2996 3003 3002 
usemtl PATCH_41
f 3002 3003 3010 3009 
usemtl PATCH_41
f 3009 3010 3017 3016 
usemtl PATCH_41
f 3016 3017 3024 3023 
usemtl PATCH_41
f 3023 3024 3031 3030 
usemtl PATCH_41
f 3030 3031 3038 3037 
usemtl PATCH_41
f 3037 3038 3045 3044 
usemtl PATCH_41
f 3044 3045 3052 3051 
usemtl PATCH_41
f 3051 3052 3059 3058 
usemtl PATCH_41
f 3058 3059 3066 3065 
usemtl PATCH_41
f 3065 3066 3073 3072 
usemtl PATCH_41
f 3072 3073 3080 3079 
usemtl PATCH_41
f 3079 3080 264 265 
usemtl PATCH_41
f 231 15 232 2863 
usemtl PATCH_41
f 2863 232 233 2870 
usemtl PATCH_41
f 2870 233 234 2877 
usemtl PATCH_41
f 2877 234 235 2884 
usemtl PATCH_41
f 2884 235 236 2891 
usemtl PATCH_41
f 2891 236 237 2898 
usemtl PATCH_41
f 2898 237 238 2905 
usemtl PATCH_41
f 2905 238 239 2912 
usemtl PATCH_41
f 2912 239 240 2919 
usemtl PATCH_41
f 2919 240 241 2926 
usemtl PATCH_41
f 2926 241 242 2933 
usemtl PATCH_41
f 2933 242 243 2940 
usemtl PATCH_41
f 2940 243 244 2947 
usemtl PATCH_41
f 2947 244 245 2954 
usemtl PATCH_41
f 2954 245 246 2961 
usemtl PATCH_41
f 2961 246 247 2968 
usemtl PATCH_41
f 2968 247 248 2975 
usemtl PATCH_41
f 2975 248 249 2982 
usemtl PATCH_41
f 2982 249 250 2989 
usemtl PATCH_41
f 2989 250 251 2996 
usemtl PATCH_41
f 2996 251 252 3003 
usemtl PATCH_41
f 3003 252 253 3010 
usemtl PATCH_41
f 3010 253 254 3017 
usemtl PATCH_41
f 3017 254 255 3024 
usemtl PATCH_41
f 3024 255 256 3031 
usemtl PATCH_41
f 3031 256 257 3038 
usemtl PATCH_41
f 3038 257 258 3045 
usemtl PATCH_41
f 3045 258 259 3052 
usemtl PATCH_41
f 3052 259 260 3059 
usemtl PATCH_41
f 3059 260 261 3066 
usemtl PATCH_41
f 3066 261 262 3073 
usemtl PATCH_41
f 3073 262 263 3080 
usemtl PATCH_41
f 3080 263 16 264 
usemtl PATCH_42
f 2 271 3081 225 
usemtl PATCH_42
f 225 3081 3105 226 
usemtl PATCH_42
f 226 3105 3129 227 
usemtl PATCH_42
f 227 3129 3153 228 
usemtl PATCH_42
f 228 3153 3177 229 
usemtl PATCH_42
f 229 3177 3201 230 
usemtl PATCH_42
f 230 3201 3225 231 
usemtl PATCH_42
f 231 3225 325 15 
usemtl PATCH_42
f 271 272 3082 3081 
usemtl PATCH_42
f 3081 3082 3106 3105 
usemtl PATCH_42
f 3105 3106 3130 3129 
usemtl PATCH_42
f 3129 3130 3154 3153 
usemtl PATCH_42
f 3153 3154 3178 3177 
usemtl PATCH_42
f 3177 3178 3202 3201 
usemtl PATCH_42
f 3201 3202 3226 3225 
usemtl PATCH_42
f 3225 3226 324 325 
usemtl PATCH_42
f 272 273 3083 3082 
usemtl PATCH_42
f 3082 3083 3107 3106 
usemtl PATCH_42
f 3106 3107 3131 3130 
usemtl PATCH_42
f 3130 3131 3155 3154 
usemtl PATCH_42
f 3154 3155 3179 3178 
usemtl PATCH_42
f 3178 3179 3203 3202 
usemtl PATCH_42
f 3202 3203 3227 3226 
usemtl PATCH_42
f 3226 3227 323 324 
usemtl PATCH_42
f 273 274 3084 3083 
usemtl PATCH_42
f 3083 3084 3108 3107 
usemtl PATCH_42
f 3107 3108 3132 3131 
usemtl PATCH_42
f 3131 3132 3156 3155 
usemtl PATCH_42
f 3155 3156 3180 3179 
usemtl PATCH_42
f 3179 3180 3204 3203 
usemtl PATCH_42
f 3203 3204 3228 3227 
usemtl PATCH_42
f 3227 3228 322 323 
usemtl PATCH_42
f 274 275 3085 3084 
usemtl PATCH_42
f 3084 3085 3109 3108 
usemtl PATCH_42
f 3108 3109 3133 3132 
usemtl PATCH_42
f 3132 3133 3157 3156 
usemtl PATCH_42
f 3156 3157 3181 3180 
usemtl PATCH_42
f 3180 3181 3205 3204 
usemtl PATCH_42
f 3204 3205 3229 3228 
usemtl PATCH_42
f 3228 3229 321 322 
usemtl PATCH_42
f 275 276 3086 3085 
usemtl PATCH_42
f 3085 3086 3110 3109 
usemtl PATCH_42
f 3109 3110 3134 3133 
usemtl PATCH_42
f 3133 3134 3158 3157 
usemtl PATCH_42
f 3157 3158 3182 3181 
usemtl PATCH_42
f 3181 3182 3206 3205 
usemtl PATCH_42
f 3205 3206 3230 3229 
usemtl PATCH_42
f 3229 3230 320 321 
usemtl PATCH_42
f 276 277 3087 3086 
usemtl PATCH_42
f 3086 3087 3111 3110 
usemtl PATCH_42
f 3110 3111 3135 3134 
usemtl PATCH_42
f 3134 3135 3159 3158 
usemtl PATCH_42
f 3158 3159 3183 3182 
usemtl PATCH_42
f 3182 3183 3207 3206 
usemtl PATCH_42
f 3206 3207 3231 3230 
usemtl PATCH_42
f 3230 3231 319 320 
usemtl PATCH_42
f 277 278 3088 3087 
usemtl PATCH_42
f 3087 3088 3112 3111 
usemtl PATCH_42
f 3111 3112 3136 3135 
usemtl PATCH_42
f 3135 3136 3160 3159 
usemtl PATCH_42
f 3159 3160 3184 3183 
usemtl PATCH_42
f 3183 3184 3208 3207 
usemtl PATCH_42
f 3207 3208 3232 3231 
usemtl PATCH_42
f 3231 3232 318 319 
usemtl PATCH_42
f 278 279 3089 3088 
usemtl PATCH_42
f 3088 3089 3113 3112 
usemtl PATCH_42
f 3112 3113 3137 3136 
usemtl PATCH_42
f 3136 3137 3161 3160 
usemtl PATCH_42
f 3160 3161 3185 3184 
usemtl PATCH_42
f 3184 3185 3209 3208 
usemtl PATCH_42
f 3208 3209 3233 3232 
usemtl PATCH_42
f 3232 3233 317 318 
usemtl PATCH_42
f 279 280 3090 3089 
usemtl PATCH_42
f 3089 3090 3114 3113 
usemtl PATCH_42
f 3113 3114 3138 3137 
usemtl PATCH_42
f 3137 3138 3162 3161 
usemtl PATCH_42
f 3161 3162 3186 3185 
usemtl PATCH_42
f 3185 3186 3210 3209 
usemtl PATCH_42
f 3209 3210 3234 3233 
usemtl PATCH_42
f 3233 3234 316 317 
usemtl PATCH_42
f 280 281 3091 3090 
usemtl PATCH_42
f 3090 3091 3115 3114 
usemtl PATCH_42
f 3114 3115 3139 3138 
usemtl PATCH_42
f 3138 3139 3163 3162 
usemtl PATCH_42
f 3162 3163 3187 3186 
usemtl PATCH_42
f 3186 3187 3211 3210 
usemtl PATCH_42
f 3210 3211 3235 3234 
usemtl PATCH_42
f 3234 3235 315 316 
usemtl PATCH_42
f 281 282 3092 3091 
usemtl PATCH_42
f 3091 3092 3116 3115 
usemtl PATCH_42
f 3115 3116 3140 3139 
usemtl PATCH_42
f 3139 3140 3164 3163 
usemtl PATCH_42
f 3163 3164 3188 3187 
usemtl PATCH_42
f 3187 3188 3212 3211 
usemtl PATCH_42
f 3211 3212 3236 3235 
usemtl PATCH_42
f 3235 3236 314 315 
usemtl PATCH_42
f 282 283 3093 3092 
usemtl PATCH_42
f 3092 3093 3117 3116 
usemtl PATCH_42
f 3116 3117 3141 3140 
usemtl PATCH_42
f 3140 3141 3165 3164 
usemtl PATCH_42
f 3164 3165 3189 3188 
usemtl PATCH_42
f 3188 3189 3213 3212 
usemtl PATCH_42
f 3212 3213 3237 3236 
usemtl PATCH_42
f 3236 3237 313 314 
usemtl PATCH_42
f 283 284 3094 3093 
usemtl PATCH_42
f 3093 3094 3118 3117 
usemtl PATCH_42
f 3117 3118 3142 3141 
usemtl PATCH_42
f 3141 3142 3166 3165 
usemtl PATCH_42
f 3165 3166 3190 3189 
usemtl PATCH_42
f 3189 3190 3214 3213 
usemtl PATCH_42
f 3213 3214 3238 3237 
usemtl PATCH_42
f 3237 3238 312 313 
usemtl PATCH_42
f 284 285 3095 3094 
usemtl PATCH_42
f 3094 3095 3119 3118 
usemtl PATCH_42
f 3118 3119 3143 3142 
usemtl PATCH_42
f 3142 3143 3167 3166 
usemtl PATCH_42
f 3166 3167 3191 3190 
usemtl PATCH_42
f 3190 3191 3215 3214 
usemtl PATCH_42
f 3214 3215 3239 3238 
usemtl PATCH_42
f 3238 3239 311 312 
usemtl PATCH_42
f 285 286 3096 3095 
usemtl PATCH_42
f 3095 3096 3120 3119 
usemtl PATCH_42
f 3119 3120 3144 3143 
usemtl PATCH_42
f 3143 3144 3168 3167 
usemtl PATCH_42
f 3167 3168 3192 3191 
usemtl PATCH_42
f 3191 3192 3216 3215 
usemtl PATCH_42
f 3215 3216 3240 3239 
usemtl PATCH_42
f 3239 3240 310 311 
usemtl PATCH_42
f 286 287 3097 3096 
usemtl PATCH_42
f 3096 3097 3121 3120 
usemtl PATCH_42
f 3120 3121 3145 3144 
usemtl PATCH_42
f 3144 3145 3169 3168 
usemtl PATCH_42
f 3168 3169 3193 3192 
usemtl PATCH_42
f 3192 3193 3217 3216 
usemtl PATCH_42
f 3216 3217 3241 3240 
usemtl PATCH_42
f 3240 3241 309 310 
usemtl PATCH_42
f 287 288 3098 3097 
usemtl PATCH_42
f 3097 3098 3122 3121 
usemtl PATCH_42
f 3121 3122 3146 3145 
usemtl PATCH_42
f 3145 3146 3170 3169 
usemtl PATCH_42
f 3169 3170 3194 3193 
usemtl PATCH_42
f 3193 3194 3218 3217 
usemtl PATCH_42
f 3217 3218 3242 3241 
usemtl PATCH_42
f 3241 3242 308 309 
usemtl PATCH_42
f 288 289 3099 3098 
usemtl PATCH_42
f 3098 3099 3123 3122 
usemtl PATCH_42
f 3122 3123 3147 3146 
usemtl PATCH_42
f 3146 3147 3171 3170 
usemtl PATCH_42
f 3170 3171 3195 3194 
usemtl PATCH_42
f 3194 3195 3219 3218 
usemtl PATCH_42
f 3218 3219 3243 3242 
usemtl PATCH_42
f 3242 3243 307 308 
usemtl PATCH_42
f 289 290 3100 3099 
usemtl PATCH_42
f 3099 3100 3124 3123 
usemtl PATCH_42
f 3123 3124 3148 3147 
usemtl PATCH_42
f 3147 3148 3172 3171 
usemtl PATCH_42
f 3171 3172 3196 3195 
usemtl PATCH_42
f 3195 3196 3220 3219 
usemtl PATCH_42
f 3219 3220 3244 3243 
usemtl PATCH_42
f 3243 3244 306 307 
usemtl PATCH_42
f 290 291 3101 3100 
usemtl PATCH_42
f 3100 3101 3125 3124 
usemtl PATCH_42
f 3124 3125 3149 3148 
usemtl PATCH_42
f 3148 3149 3173 3172 
usemtl PATCH_42
f 3172 3173 3197 3196 
usemtl PATCH_42
f 3196 3197 3221 3220 
usemtl PATCH_42
f 3220 3221 3245 3244 
usemtl PATCH_42
f 3244 3245 305 306 
usemtl PATCH_42
f 291 292 3102 3101 
usemtl PATCH_42
f 3101 3102 3126 3125 
usemtl PATCH_42
f 3125 3126 3150 3149 
usemtl PATCH_42
f 3149 3150 3174 3173 
usemtl PATCH_42
f 3173 3174 3198 3197 
usemtl PATCH_42
f 3197 3198 3222 3221 
usemtl PATCH_42
f 3221 3222 3246 3245 
usemtl PATCH_42
f 3245 3246 304 305 
usemtl PATCH_42
f 292 293 3103 3102 
usemtl PATCH_42
f 3102 3103 3127 3126 
usemtl PATCH_42
f 3126 3127 3151 3150 
usemtl PATCH_42
f 3150 3151 3175 3174 
usemtl PATCH_42
f 3174 3175 3199 3198 
usemtl PATCH_42
f 3198 3199 3223 3222 
usemtl PATCH_42
f 3222 3223 3247 3246 
usemtl PATCH_42
f 3246 3247 303 304 
usemtl PATCH_42
f 293 294 3104 3103 
usemtl PATCH_42
f 3103 3104 3128 3127 
usemtl PATCH_42
f 3127 3128 3152 3151 
usemtl PATCH_42
f 3151 3152 3176 3175 
usemtl PATCH_42
f 3175 3176 3200 3199 
usemtl PATCH_42
f 3199 3200 3224 3223 
usemtl PATCH_42
f 3223 3224 3248 3247 
usemtl PATCH_42
f 3247 3248 302 303 
usemtl PATCH_42
f 294 6 295 3104 
usemtl PATCH_42
f 3104 295 296 3128 
usemtl PATCH_42
f 3128 296 297 3152 
usemtl PATCH_42
f 3152 297 298 3176 
usemtl PATCH_42
f 3176 298 299 3200 
usemtl PATCH_42
f 3200 299 300 3224 
usemtl PATCH_42
f 3224 300 301 3248 
usemtl PATCH_42
f 3248 301 17 302 
usemtl PATCH_25
f 3 326 3249 80 
usemtl PATCH_25
f 80 3249 3256 81 
usemtl PATCH_25
f 81 3256 3263 82 
usemtl PATCH_25
f 82 3263 3270 83 
usemtl PATCH_25
f 83 3270 3277 84 
usemtl PATCH_25
f 84 3277 3284 85 
usemtl PATCH_25
f 85 3284 3291 86 
usemtl PATCH_25
f 86 3291 3298 87 
usemtl PATCH_25
f 87 3298 3305 88 
usemtl PATCH_25
f 88 3305 3312 89 
usemtl PATCH_25
f 89 3312 3319 90 
usemtl PATCH_25
f 90 3319 3326 91 
usemtl PATCH_25
f 91 3326 3333 92 
usemtl PATCH_25
f 92 3333 3340 93 
usemtl PATCH_25
f 93 3340 3347 94 
usemtl PATCH_25
f 94 3347 3354 95 
usemtl PATCH_25
f 95 3354 3361 96 
usemtl PATCH_25
f 96 3361 3368 97 
usemtl PATCH_25
f 97 3368 3375 98 
usemtl PATCH_25
f 98 3375 3382 99 
usemtl PATCH_25
f 99 3382 3389 100 
usemtl PATCH_25
f 100 3389 3396 101 
usemtl PATCH_25
f 101 3396 3403 102 
usemtl PATCH_25
f 102 3403 3410 103 
usemtl PATCH_25
f 103 3410 3417 104 
usemtl PATCH_25
f 104 3417 3424 105 
usemtl PATCH_25
f 105 3424 3431 106 
usemtl PATCH_25
f 106 3431 3438 107 
usemtl PATCH_25
f 107 3438 3445 108 
usemtl PATCH_25
f 108 3445 368 12 
usemtl PATCH_25
f 326 327 3250 3249 
usemtl PATCH_25
f 3249 3250 3257 3256 
usemtl PATCH_25
f 3256 3257 3264 3263 
usemtl PATCH_25
f 3263 3264 3271 3270 
usemtl PATCH_25
f 3270 3271 3278 3277 
usemtl PATCH_25
f 3277 3278 3285 3284 
usemtl PATCH_25
f 3284 3285 3292 3291 
usemtl PATCH_25
f 3291 3292 3299 3298 
usemtl PATCH_25
f 3298 3299 3306 3305 
usemtl PATCH_25
f 3305 3306 3313 3312 
usemtl PATCH_25
f 3312 3313 3320 3319 
usemtl PATCH_25
f 3319 3320 3327 3326 
usemtl PATCH_25
f 3326 3327 3334 3333 
usemtl PATCH_25
f 3333 3334 3341 3340 
usemtl PATCH_25
f 3340 3341 3348 3347 
usemtl PATCH_25
f 3347 3348 3355 3354 
usemtl PATCH_25
f 3354 3355 3362 3361 
usemtl PATCH_25
f 3361 3362 3369 3368 
usemtl PATCH_25
f 3368 3369 3376 3375 
usemtl PATCH_25
f 3375 3376 3383 3382 
usemtl PATCH_25
f 3382 3383 3390 3389 
usemtl PATCH_25
f 3389 3390 3397 3396 
usemtl PATCH_25
f 3396 3397 3404 3403 
usemtl PATCH_25
f 3403 3404 3411 3410 
usemtl PATCH_25
f 3410 3411 3418 3417 
usemtl PATCH_25
f 3417 3418 3425 3424 
usemtl PATCH_25
f 3424 3425 3432 3431 
usemtl PATCH_25
f 3431 3432 3439 3438 
usemtl PATCH_25
f 3438 3439 3446 3445 
usemtl PATCH_25
f 3445 3446 367 368 
usemtl PATCH_25
f 327 328 3251 3250 
usemtl PATCH_25
f 3250 3251 3258 3257 
usemtl PATCH_25
f 3257 3258 3265 3264 
usemtl PATCH_25
f 3264 3265 3272 3271 
usemtl PATCH_25
f 3271 3272 3279 3278 
usemtl PATCH_25
f 3278 3279 3286 3285 
usemtl PATCH_25
f 3285 3286 3293 3292 
usemtl PATCH_25
f 3292 3293 3300 3299 
usemtl PATCH_25
f 3299 3300 3307 3306 
usemtl PATCH_25
f 3306 3307 3314 3313 
usemtl PATCH_25
f 3313 3314 3321 3320 
usemtl PATCH_25
f 3320 3321 3328 3327 
usemtl PATCH_25
f 3327 3328 3335 3334 
usemtl PATCH_25
f 3334 3335 3342 3341 
usemtl PATCH_25
f 3341 3342 3349 3348 
usemtl PATCH_25
f 3348 3349 3356 3355 
usemtl PATCH_25
f 3355 3356 3363 3362 
usemtl PATCH_25
f 3362 3363 3370 3369 
usemtl PATCH_25
f 3369 3370 3377 3376 
usemtl PATCH_25
f 3376 3377 3384 3383 
usemtl PATCH_25
f 3383 3384 3391 3390 
usemtl PATCH_25
f 3390 3391 3398 3397 
usemtl PATCH_25
f 3397 3398 3405 3404 
usemtl PATCH_25
f 3404 3405 3412 3411 
usemtl PATCH_25
f 3411 3412 3419 3418 
usemtl PATCH_25
f 3418 3419 3426 3425 
usemtl PATCH_25
f 3425 3426 3433 3432 
usemtl PATCH_25
f 3432 3433 3440 3439 
usemtl PATCH_25
f 3439 3440 3447 3446 
usemtl PATCH_25
f 3446 3447 366 367 
usemtl PATCH_25
f 328 329 3252 3251 
usemtl PATCH_25
f 3251 3252 3259 3258 
usemtl PATCH_25
f 3258 3259 3266 3265 
usemtl PATCH_25
f 3265 3266 3273 3272 
usemtl PATCH_25
f 3272 3273 3280 3279 
usemtl PATCH_25
f 3279 3280 3287 3286 
usemtl PATCH_25
f 3286 3287 3294 3293 
usemtl PATCH_25
f 3293 3294 3301 3300 
usemtl PATCH_25
f 3300 3301 3308 3307 
usemtl PATCH_25
f 3307 3308 3315 3314 
usemtl PATCH_25
f 3314 3315 3322 3321 
usemtl PATCH_25
f 3321 3322 3329 3328 
usemtl PATCH_25
f 3328 3329 3336 3335 
usemtl PATCH_25
f 3335 3336 3343 3342 
usemtl PATCH_25
f 3342 3343 3350 3349 
usemtl PATCH_25
f 3349 3350 3357 3356 
usemtl PATCH_25
f 3356 3357 3364 3363 
usemtl PATCH_25
f 3363 3364 3371 3370 
usemtl PATCH_25
f 3370 3371 3378 3377 
usemtl PATCH_25
f 3377 3378 3385 3384 
usemtl PATCH_25
f 3384 3385 3392 3391 
usemtl PATCH_25
f 3391 3392 3399 3398 
usemtl PATCH_25
f 3398 3399 3406 3405 
usemtl PATCH_25
f 3405 3406 3413 3412 
usemtl PATCH_25
f 3412 3413 3420 3419 
usemtl PATCH_25
f 3419 3420 3427 3426 
usemtl PATCH_25
f 3426 3427 3434 3433 
usemtl PATCH_25
f 3433 3434 3441 3440 
usemtl PATCH_25
f 3440 3441 3448 3447 
usemtl PATCH_25
f 3447 3448 365 366 
usemtl PATCH_25
f 329 330 3253 3252 
usemtl PATCH_25
f 3252 3253 3260 3259 
usemtl PATCH_25
f 3259 3260 3267 3266 
usemtl PATCH_25
f 3266 3267 3274 3273 
usemtl PATCH_25
f 3273 3274 3281 3280 
usemtl PATCH_25
f 3280 3281 3288 3287 
usemtl PATCH_25
f 3287 3288 3295 3294 
usemtl PATCH_25
f 3294 3295 3302 3301 
usemtl PATCH_25
f 3301 3302 3309 3308 
usemtl PATCH_25
f 3308 3309 3316 3315 
usemtl PATCH_25
f 3315 3316 3323 3322 
usemtl PATCH_25
f 3322 3323 3330 3329 
usemtl PATCH_25
f 3329 3330 3337 3336 
usemtl PATCH_25
f 3336 3337 3344 3343 
usemtl PATCH_25
f 3343 3344 3351 3350 
usemtl PATCH_25
f 3350 3351 3358 3357 
usemtl PATCH_25
f 3357 3358 3365 3364 
usemtl PATCH_25
f 3364 3365 3372 3371 
usemtl PATCH_25
f 3371 3372 3379 3378 
usemtl PATCH_25
f 3378 3379 3386 3385 
usemtl PATCH_25
f 3385 3386 3393 3392 
usemtl PATCH_25
f 3392 3393 3400 3399 
usemtl PATCH_25
f 3399 3400 3407 3406 
usemtl PATCH_25
f 3406 3407 3414 3413 
usemtl PATCH_25
f 3413 3414 3421 3420 
usemtl PATCH_25
f 3420 3421 3428 3427 
usemtl PATCH_25
f 3427 3428 3435 3434 
usemtl PATCH_25
f 3434 3435 3442 3441 
usemtl PATCH_25
f 3441 3442 3449 3448 
usemtl PATCH_25
f 3448 3449 364 365 
usemtl PATCH_25
f 330 331 3254 3253 
usemtl PATCH_25
f 3253 3254 3261 3260 
usemtl PATCH_25
f 3260 3261 3268 3267 
usemtl PATCH_25
f 3267 3268 3275 3274 
usemtl PATCH_25
f 3274 3275 3282 3281 
usemtl PATCH_25
f 3281 3282 3289 3288 
usemtl PATCH_25
f 3288 3289 3296 3295 
usemtl PATCH_25
f 3295 3296 3303 3302 
usemtl PATCH_25
f 3302 3303 3310 3309 
usemtl PATCH_25
f 3309 3310 3317 3316 
usemtl PATCH_25
f 3316 3317 3324 3323 
usemtl PATCH_25
f 3323 3324 3331 3330 
usemtl PATCH_25
f 3330 3331 3338 3337 
usemtl PATCH_25
f 3337 3338 3345 3344 
usemtl PATCH_25
f 3344 3345 3352 3351 
usemtl PATCH_25
f 3351 3352 3359 3358 
usemtl PATCH_25
f 3358 3359 3366 3365 
usemtl PATCH_25
f 3365 3366 3373 3372 
usemtl PATCH_25
f 3372 3373 3380 3379 
usemtl PATCH_25
f 3379 3380 3387 3386 
usemtl PATCH_25
f 3386 3387 3394 3393 
usemtl PATCH_25
f 3393 3394 3401 3400 
usemtl PATCH_25
f 3400 3401 3408 3407 
usemtl PATCH_25
f 3407 3408 3415 3414 
usemtl PATCH_25
f 3414 3415 3422 3421 
usemtl PATCH_25
f 3421 3422 3429 3428 
usemtl PATCH_25
f 3428 3429 3436 3435 
usemtl PATCH_25
f 3435 3436 3443 3442 
usemtl PATCH_25
f 3442 3443 3450 3449 
usemtl PATCH_25
f 3449 3450 363 364 
usemtl PATCH_25
f 331 332 3255 3254 
usemtl PATCH_25
f 3254 3255 3262 3261 
usemtl PATCH_25
f 3261 3262 3269 3268 
usemtl PATCH_25
f 3268 3269 3276 3275 
usemtl PATCH_25
f 3275 3276 3283 3282 
usemtl PATCH_25
f 3282 3283 3290 3289 
usemtl PATCH_25
f 3289 3290 3297 3296 
usemtl PATCH_25
f 3296 3297 3304 3303 
usemtl PATCH_25
f 3303 3304 3311 3310 
usemtl PATCH_25
f 3310 3311 3318 3317 
usemtl PATCH_25
f 3317 3318 3325 3324 
usemtl PATCH_25
f 3324 3325 3332 3331 
usemtl PATCH_25
f 3331 3332 3339 3338 
usemtl PATCH_25
f 3338 3339 3346 3345 
usemtl PATCH_25
f 3345 3346 3353 3352 
usemtl PATCH_25
f 3352 3353 3360 3359 
usemtl PATCH_25
f 3359 3360 3367 3366 
usemtl PATCH_25
f 3366 3367 3374 3373 
usemtl PATCH_25
f 3373 3374 3381 3380 
usemtl PATCH_25
f 3380 3381 3388 3387 
usemtl PATCH_25
f 3387 3388 3395 3394 
usemtl PATCH_25
f 3394 3395 3402 3401 
usemtl PATCH_25
f 3401 3402 3409 3408 
usemtl PATCH_25
f 3408 3409 3416 3415 
usemtl PATCH_25
f 3415 3416 3423 3422 
usemtl PATCH_25
f 3422 3423 3430 3429 
usemtl PATCH_25
f 3429 3430 3437 3436 
usemtl PATCH_25
f 3436 3437 3444 3443 
usemtl PATCH_25
f 3443 3444 3451 3450 
usemtl PATCH_25
f 3450 3451 362 363 
usemtl PATCH_25
f 332 18 333 3255 
usemtl PATCH_25
f 3255 333 334 3262 
usemtl PATCH_25
f 3262 334 335 3269 
usemtl PATCH_25
f 3269 335 336 3276 
usemtl PATCH_25
f 3276 336 337 3283 
usemtl PATCH_25
f 3283 337 338 3290 
usemtl PATCH_25
f 3290 338 339 3297 
usemtl PATCH_25
f 3297 339 340 3304 
usemtl PATCH_25
f 3304 340 341 3311 
usemtl PATCH_25
f 3311 341 342 3318 
usemtl PATCH_25
f 3318 342 343 3325 
usemtl PATCH_25
f 3325 343 344 3332 
usemtl PATCH_25
f 3332 344 345 3339 
usemtl PATCH_25
f 3339 345 346 3346 
usemtl PATCH_25
f 3346 346 347 3353 
usemtl PATCH_25
f 3353 347 348 3360 
usemtl PATCH_25
f 3360 348 349 3367 
usemtl PATCH_25
f 3367 349 350 3374 
usemtl PATCH_25
f 3374 350 351 3381 
usemtl PATCH_25
f 3381 351 352 3388 
usemtl PATCH_25
f 3388 352 353 3395 
usemtl PATCH_25
f 3395 353 354 3402 
usemtl PATCH_25
f 3402 354 355 3409 
usemtl PATCH_25
f 3409 355 356 3416 
usemtl PATCH_25
f 3416 356 357 3423 
usemtl PATCH_25
f 3423 357 358 3430 
usemtl PATCH_25
f 3430 358 359 3437 
usemtl PATCH_25
f 3437 359 360 3444 
usemtl PATCH_25
f 3444 360 361 3451 
usemtl PATCH_25
f 3451 361 19 362 
usemtl PATCH_26
f 3 216 3452 326 
usemtl PATCH_26
f 326 3452 3484 327 
usemtl PATCH_26
f 327 3484 3516 328 
usemtl PATCH_26
f 328 3516 3548 329 
usemtl PATCH_26
f 329 3548 3580 330 
usemtl PATCH_26
f 330 3580 3612 331 
usemtl PATCH_26
f 331 3612 3644 332 
usemtl PATCH_26
f 332 3644 407 18 
usemtl PATCH_26
f 216 215 3453 3452 
usemtl PATCH_26
f 3452 3453 3485 3484 
usemtl PATCH_26
f 3484 3485 3517 3516 
usemtl PATCH_26
f 3516 3517 3549 3548 
usemtl PATCH_26
f 3548 3549 3581 3580 
usemtl PATCH_26
f 3580 3581 3613 3612 
usemtl PATCH_26
f 3612 3613 3645 3644 
usemtl PATCH_26
f 3644 3645 406 407 
usemtl PATCH_26
f 215 214 3454 3453 
usemtl PATCH_26
f 3453 3454 3486 3485 
usemtl PATCH_26
f 3485 3486 3518 3517 
usemtl PATCH_26
f 3517 3518 3550 3549 
usemtl PATCH_26
f 3549 3550 3582 3581 
usemtl PATCH_26
f 3581 3582 3614 3613 
usemtl PATCH_26
f 3613 3614 3646 3645 
usemtl PATCH_26
f 3645 3646 405 406 
usemtl PATCH_26
f 214 213 3455 3454 
usemtl PATCH_26
f 3454 3455 3487 3486 
usemtl PATCH_26
f 3486 3487 3519 3518 
usemtl PATCH_26
f 3518 3519 3551 3550 
usemtl PATCH_26
f 3550 3551 3583 3582 
usemtl PATCH_26
f 3582 3583 3615 3614 
usemtl PATCH_26
f 3614 3615 3647 3646 
usemtl PATCH_26
f 3646 3647 404 405 
usemtl PATCH_26
f 213 212 3456 3455 
usemtl PATCH_26
f 3455 3456 3488 3487 
usemtl PATCH_26
f 3487 3488 3520 3519 
usemtl PATCH_26
f 3519 3520 3552 3551 
usemtl PATCH_26
f 3551 3552 3584 3583 
usemtl PATCH_26
f 3583 3584 3616 3615 
usemtl PATCH_26
f 3615 3616 3648 3647 
usemtl PATCH_26
f 3647 3648 403 404 
usemtl PATCH_26
f 212 211 3457 3456 
usemtl PATCH_26
f 3456 3457 3489 3488 
usemtl PATCH_26
f 3488 3489 3521 3520 
usemtl PATCH_26
f 3520 3521 3553 3552 
usemtl PATCH_26
f 3552 3553 3585 3584 
usemtl PATCH_26
f 3584 3585 3617 3616 
usemtl PATCH_26
f 3616 3617 3649 3648 
usemtl PATCH_26
f 3648 3649 402 403 
usemtl PATCH_26
f 211 210 3458 3457 
usemtl PATCH_26
f 3457 3458 3490 3489 
usemtl PATCH_26
f 3489 3490 3522 3521 
usemtl PATCH_26
f 3521 3522 3554 3553 
usemtl PATCH_26
f 3553 3554 3586 3585 
usemtl PATCH_26
f 3585 3586 3618 3617 
usemtl PATCH_26
f 3617 3618 3650 3649 
usemtl PATCH_26
f 3649 3650 401 402 
usemtl PATCH_26
f 210 209 3459 3458 
usemtl PATCH_26
f 3458 3459 3491 3490 
usemtl PATCH_26
f 3490 3491 3523 3522 
usemtl PATCH_26
f 3522 3523 3555 3554 
usemtl PATCH_26
f 3554 3555 3587 3586 
usemtl PATCH_26
f 3586 3587 3619 3618 
usemtl PATCH_26
f 3618 3619 3651 3650 
usemtl PATCH_26
f 3650 3651 400 401 
usemtl PATCH_26
f 209 208 3460 3459 
usemtl PATCH_26
f 3459 3460 3492 3491 
usemtl PATCH_26
f 3491 3492 3524 3523 
usemtl PATCH_26
f 3523 3524 3556 3555 
usemtl PATCH_26
f 3555 3556 3588 3587 
usemtl PATCH_26
f 3587 3588 3620 3619 
usemtl PATCH_26
f 3619 3620 3652 3651 
usemtl PATCH_26
f 3651 3652 399 400 
usemtl PATCH_26
f 208 207 3461 3460 
usemtl PATCH_26
f 3460 3461 3493 3492 
usemtl PATCH_26
f 3492 3493 3525 3524 
usemtl PATCH_26
f 3524 3525 3557 3556 
usemtl PATCH_26
f 3556 3557 3589 3588 
usemtl PATCH_26
f 3588 3589 3621 3620 
usemtl PATCH_26
f 3620 3621 3653 3652 
usemtl PATCH_26
f 3652 3653 398 399 
usemtl PATCH_26
f 207 206 3462 3461 
usemtl PATCH_26
f 3461 3462 3494 3493 
usemtl PATCH_26
f 3493 3494 3526 3525 
usemtl PATCH_26
f 3525 3526 3558 3557 
usemtl PATCH_26
f 3557 3558 3590 3589 
usemtl PATCH_26
f 3589 3590 3622 3621 
usemtl PATCH_26
f 3621 3622 3654 3653 
usemtl PATCH_26
f 3653 3654 397 398 
usemtl PATCH_26
f 206 205 3463 3462 
usemtl PATCH_26
f 3462 3463 3495 3494 
usemtl PATCH_26
f 3494 3495 3527 3526 
usemtl PATCH_26
f 3526 3527 3559 3558 
usemtl PATCH_26
f 3558 3559 3591 3590 
usemtl PATCH_26
f 3590 3591 3623 3622 
usemtl PATCH_26
f 3622 3623 3655 3654 
usemtl PATCH_26
f 3654 3655 396 397 
usemtl PATCH_26
f 205 204 3464 3463 
usemtl PATCH_26
f 3463 3464 3496 3495 
usemtl PATCH_26
f 3495 3496 3528 3527 
usemtl PATCH_26
f 3527 3528 3560 3559 
usemtl PATCH_26
f 3559 3560 3592 3591 
usemtl PATCH_26
f 3591 3592 3624 3623 
usemtl PATCH_26
f 3623 3624 3656 3655 
usemtl PATCH_26
f 3655 3656 395 396 
usemtl PATCH_26
f 204 203 3465 3464 
usemtl PATCH_26
f 3464 3465 3497 3496 
usemtl PATCH_26
f 3496 3497 3529 3528 
usemtl PATCH_26
f 3528 3529 3561 3560 
usemtl PATCH_26
f 3560 3561 3593 3592 
usemtl PATCH_26
f 3592 3593 3625 3624 
usemtl PATCH_26
f 3624 3625 3657 3656 
usemtl PATCH_26
f 3656 3657 394 395 
usemtl PATCH_26
f 203 202 3466 3465 
usemtl PATCH_26
f 3465 3466 3498 3497 
usemtl PATCH_26
f 3497 3498 3530 3529 
usemtl PATCH_26
f 3529 3530 3562 3561 
usemtl PATCH_26
f 3561 3562 3594 3593 
usemtl PATCH_26
f 3593 3594 3626 3625 
usemtl PATCH_26
f 3625 3626 3658 3657 
usemtl PATCH_26
f 3657 3658 393 394 
usemtl PATCH_26
f 202 201 3467 3466 
usemtl PATCH_26
f 3466 3467 3499 3498 
usemtl PATCH_26
f 3498 3499 3531 3530 
usemtl PATCH_26
f 3530 3531 3563 3562 
usemtl PATCH_26
f 3562 3563 3595 3594 
usemtl PATCH_26
f 3594 3595 3627 3626 
usemtl PATCH_26
f 3626 3627 3659 3658 
usemtl PATCH_26
f 3658 3659 392 393 
usemtl PATCH_26
f 201 200 3468 3467 
usemtl PATCH_26
f 3467 3468 3500 3499 
usemtl PATCH_26
f 3499 3500 3532 3531 
usemtl PATCH_26
f 3531 3532 3564 3563 
usemtl PATCH_26
f 3563 3564 3596 3595 
usemtl PATCH_26
f 3595 3596 3628 3627 
usemtl PATCH_26
f 3627 3628 3660 3659 
usemtl PATCH_26
f 3659 3660 391 392 
usemtl PATCH_26
f 200 199 3469 3468 
usemtl PATCH_26
f 3468 3469 3501 3500 
usemtl PATCH_26
f 3500 3501 3533 3532 
usemtl PATCH_26
f 3532 3533 3565 3564 
usemtl PATCH_26
f 3564 3565 3597 3596 
usemtl PATCH_26
f 3596 3597 3629 3628 
usemtl PATCH_26
f 3628 3629 3661 3660 
usemtl PATCH_26
f 3660 3661 390 391 
usemtl PATCH_26
f 199 198 3470 3469 
usemtl PATCH_26
f 3469 3470 3502 3501 
usemtl PATCH_26
f 3501 3502 3534 3533 
usemtl PATCH_26
f 3533 3534 3566 3565 
usemtl PATCH_26
f 3565 3566 3598 3597 
usemtl PATCH_26
f 3597 3598 3630 3629 
usemtl PATCH_26
f 3629 3630 3662 3661 
usemtl PATCH_26
f 3661 3662 389 390 
usemtl PATCH_26
f 198 197 3471 3470 
usemtl PATCH_26
f 3470 3471 3503 3502 
usemtl PATCH_26
f 3502 3503 3535 3534 
usemtl PATCH_26
f 3534 3535 3567 3566 
usemtl PATCH_26
f 3566 3567 3599 3598 
usemtl PATCH_26
f 3598 3599 3631 3630 
usemtl PATCH_26
f 3630 3631 3663 3662 
usemtl PATCH_26
f 3662 3663 388 389 
usemtl PATCH_26
f 197 196 3472 3471 
usemtl PATCH_26
f 3471 3472 3504 3503 
usemtl PATCH_26
f 3503 3504 3536 3535 
usemtl PATCH_26
f 3535 3536 3568 3567 
usemtl PATCH_26
f 3567 3568 3600 3599 
usemtl PATCH_26
f 3599 3600 3632 3631 
usemtl PATCH_26
f 3631 3632 3664 3663 
usemtl PATCH_26
f 3663 3664 387 388 
usemtl PATCH_26
f 196 195 3473 3472 
usemtl PATCH_26
f 3472 3473 3505 3504 
usemtl PATCH_26
f 3504 3505 3537 3536 
usemtl PATCH_26
f 3536 3537 3569 3568 
usemtl PATCH_26
f 3568 3569 3601 3600 
usemtl PATCH_26
f 3600 3601 3633 3632 
usemtl PATCH_26
f 3632 3633 3665 3664 
usemtl PATCH_26
f 3664 3665 386 387 
usemtl PATCH_26
f 195 194 3474 3473 
usemtl PATCH_26
f 3473 3474 3506 3505 
usemtl PATCH_26
f 3505 3506 3538 3537 
usemtl PATCH_26
f 3537 3538 3570 3569 
usemtl PATCH_26
f 3569 3570 3602 3601 
usemtl PATCH_26
f 3601 3602 3634 3633 
usemtl PATCH_26
f 3633 3634 3666 3665 
usemtl PATCH_26
f 3665 3666 385 386 
usemtl PATCH_26
f 194 193 3475 3474 
usemtl PATCH_26
f 3474 3475 3507 3506 
usemtl PATCH_26
f 3506 3507 3539 3538 
usemtl PATCH_26
f 3538 3539 3571 3570 
usemtl PATCH_26
f 3570 3571 3603 3602 
usemtl PATCH_26
f 3602 3603 3635 3634 
usemtl PATCH_26
f 3634 3635 3667 3666 
usemtl PATCH_26
f 3666 3667 384 385 
usemtl PATCH_26
f 193 192 3476 3475 
usemtl PATCH_26
f 3475 3476 3508 3507 
usemtl PATCH_26
f 3507 3508 3540 3539 
usemtl PATCH_26
f 3539 3540 3572 3571 
usemtl PATCH_26
f 3571 3572 3604 3603 
usemtl PATCH_26
f 3603 3604 3636 3635 
usemtl PATCH_26
f 3635 3636 3668 3667 
usemtl PATCH_26
f 3667 3668 383 384 
usemtl PATCH_26
f 192 191 3477 3476 
usemtl PATCH_26
f 3476 3477 3509 3508 
usemtl PATCH_26
f 3508 3509 3541 3540 
usemtl PATCH_26
f 3540 3541 3573 3572 
usemtl PATCH_26
f 3572 3573 3605 3604 
usemtl PATCH_26
f 3604 3605 3637 3636 
usemtl PATCH_26
f 3636 3637 3669 3668 
usemtl PATCH_26
f 3668 3669 382 383 
usemtl PATCH_26
f 191 190 3478 3477 
usemtl PATCH_26
f 3477 3478 3510 3509 
usemtl PATCH_26
f 3509 3510 3542 3541 
usemtl PATCH_26
f 3541 3542 3574 3573 
usemtl PATCH_26
f 3573 3574 3606 3605 
usemtl PATCH_26
f 3605 3606 3638 3637 
usemtl PATCH_26
f 3637 3638 3670 3669 
usemtl PATCH_26
f 3669 3670 381 382 
usemtl PATCH_26
f 190 189 3479 3478 
usemtl PATCH_26
f 3478 3479 3511 3510 
usemtl PATCH_26
f 3510 3511 3543 3542 
usemtl PATCH_26
f 3542 3543 3575 3574 
usemtl PATCH_26
f 3574 3575 3607 3606 
usemtl PATCH_26
f 3606 3607 3639 3638 
usemtl PATCH_26
f 3638 3639 3671 3670 
usemtl PATCH_26
f 3670 3671 380 381 
usemtl PATCH_26
f 189 188 3480 3479 
usemtl PATCH_26
f 3479 3480 3512 3511 
usemtl PATCH_26
f 3511 3512 3544 3543 
usemtl PATCH_26
f 3543 3544 3576 3575 
usemtl PATCH_26
f 3575 3576 3608 3607 
usemtl PATCH_26
f 3607 3608 3640 3639 
usemtl PATCH_26
f 3639 3640 3672 3671 
usemtl PATCH_26
f 3671 3672 379 380 
usemtl PATCH_26
f 188 187 3481 3480 
usemtl PATCH_26
f 3480 3481 3513 3512 
usemtl PATCH_26
f 3512 3513 3545 3544 
usemtl PATCH_26
f 3544 3545 3577 3576 
usemtl PATCH_26
f 3576 3577 3609 3608 
usemtl PATCH_26
f 3608 3609 3641 3640 
usemtl PATCH_26
f 3640 3641 3673 3672 
usemtl PATCH_26
f 3672 3673 378 379 
usemtl PATCH_26
f 187 186 3482 3481 
usemtl PATCH_26
f 3481 3482 3514 3513 
usemtl PATCH_26
f 3513 3514 3546 3545 
usemtl PATCH_26
f 3545 3546 3578 3577 
usemtl PATCH_26
f 3577 3578 3610 3609 
usemtl PATCH_26
f 3609 3610 3642 3641 
usemtl PATCH_26
f 3641 3642 3674 3673 
usemtl PATCH_26
f 3673 3674 377 378 
usemtl PATCH_26
f 186 185 3483 3482 
usemtl PATCH_26
f 3482 3483 3515 3514 
usemtl PATCH_26
f 3514 3515 3547 3546 
usemtl PATCH_26
f 3546 3547 3579 3578 
usemtl PATCH_26
f 3578 3579 3611 3610 
usemtl PATCH_26
f 3610 3611 3643 3642 
usemtl PATCH_26
f 3642 3643 3675 3674 
usemtl PATCH_26
f 3674 3675 376 377 
usemtl PATCH_26
f 185 14 369 3483 
usemtl PATCH_26
f 3483 369 370 3515 
usemtl PATCH_26
f 3515 370 371 3547 
usemtl PATCH_26
f 3547 371 372 3579 
usemtl PATCH_26
f 3579 372 373 3611 
usemtl PATCH_26
f 3611 373 374 3643 
usemtl PATCH_26
f 3643 374 375 3675 
usemtl PATCH_26
f 3675 375 20 376 
usemtl PATCH_36
f 21 408 3676 437 
usemtl PATCH_36
f 437 3676 3684 436 
usemtl PATCH_36
f 436 3684 3692 435 
usemtl PATCH_36
f 435 3692 3700 434 
usemtl PATCH_36
f 434 3700 3708 433 
usemtl PATCH_36
f 433 3708 3716 432 
usemtl PATCH_36
f 432 3716 3724 431 
usemtl PATCH_36
f 431 3724 430 24 
usemtl PATCH_36
f 408 409 3677 3676 
usemtl PATCH_36
f 3676 3677 3685 3684 
usemtl PATCH_36
f 3684 3685 3693 3692 
usemtl PATCH_36
f 3692 3693 3701 3700 
usemtl PATCH_36
f 3700 3701 3709 3708 
usemtl PATCH_36
f 3708 3709 3717 3716 
usemtl PATCH_36
f 3716 3717 3725 3724 
usemtl PATCH_36
f 3724 3725 429 430 
usemtl PATCH_36
f 409 410 3678 3677 
usemtl PATCH_36
f 3677 3678 3686 3685 
usemtl PATCH_36
f 3685 3686 3694 3693 
usemtl PATCH_36
f 3693 3694 3702 3701 
usemtl PATCH_36
f 3701 3702 3710 3709 
usemtl PATCH_36
f 3709 3710 3718 3717 
usemtl PATCH_36
f 3717 3718 3726 3725 
usemtl PATCH_36
f 3725 3726 428 429 
usemtl PATCH_36
f 410 411 3679 3678 
usemtl PATCH_36
f 3678 3679 3687 3686 
usemtl PATCH_36
f 3686 3687 3695 3694 
usemtl PATCH_36
f 3694 3695 3703 3702 
usemtl PATCH_36
f 3702 3703 3711 3710 
usemtl PATCH_36
f 3710 3711 3719 3718 
usemtl PATCH_36
f 3718 3719 3727 3726 
usemtl PATCH_36
f 3726 3727 427 428 
usemtl PATCH_36
f 411 412 3680 3679 
usemtl PATCH_36
f 3679 3680 3688 3687 
usemtl PATCH_36
f 3687 3688 3696 3695 
usemtl PATCH_36
f 3695 3696 3704 3703 
usemtl PATCH_36
f 3703 3704 3712 3711 
usemtl PATCH_36
f 3711 3712 3720 3719 
usemtl PATCH_36
f 3719 3720 3728 3727 
usemtl PATCH_36
f 3727 3728 426 427 
usemtl PATCH_36
f 412 413 3681 3680 
usemtl PATCH_36
f 3680 3681 3689 3688 
usemtl PATCH_36
f 3688 3689 3697 3696 
usemtl PATCH_36
f 3696 3697 3705 3704 
usemtl PATCH_36
f 3704 3705 3713 3712 
usemtl PATCH_36
f 3712 3713 3721 3720 
usemtl PATCH_36
f 3720 3721 3729 3728 
usemtl PATCH_36
f 3728 3729 425 426 
usemtl PATCH_36
f 413 414 3682 3681 
usemtl PATCH_36
f 3681 3682 3690 3689 
usemtl PATCH_36
f 3689 3690 3698 3697 
usemtl PATCH_36
f 3697 3698 3706 3705 
usemtl PATCH_36
f 3705 3706 3714 3713 
usemtl PATCH_36
f 3713 3714 3722 3721 
usemtl PATCH_36
f 3721 3722 3730 3729 
usemtl PATCH_36
f 3729 3730 424 425 
usemtl PATCH_36
f 414 415 3683 3682 
usemtl PATCH_36
f 3682 3683 3691 3690 
usemtl PATCH_36
f 3690 3691 3699 3698 
usemtl PATCH_36
f 3698 3699 3707 3706 
usemtl PATCH_36
f 3706 3707 3715 3714 
usemtl PATCH_36
f 3714 3715 3723 3722 
usemtl PATCH_36
f 3722 3723 3731 3730 
usemtl PATCH_36
f 3730 3731 423 424 
usemtl PATCH_36
f 415 22 416 3683 
usemtl PATCH_36
f 3683 416 417 3691 
usemtl PATCH_36
f 3691 417 418 3699 
usemtl PATCH_36
f 3699 418 419 3707 
usemtl PATCH_36
f 3707 419 420 3715 
usemtl PATCH_36
f 3715 420 421 3723 
usemtl PATCH_36
f 3723 421 422 3731 
usemtl PATCH_36
f 3731 422 23 423 
usemtl PATCH_30
f 21 438 3732 408 
usemtl PATCH_30
f 408 3732 3739 409 
usemtl PATCH_30
f 409 3739 3746 410 
usemtl PATCH_30
f 410 3746 3753 411 
usemtl PATCH_30
f 411 3753 3760 412 
usemtl PATCH_30
f 412 3760 3767 413 
usemtl PATCH_30
f 413 3767 3774 414 
usemtl PATCH_30
f 414 3774 3781 415 
usemtl PATCH_30
f 415 3781 459 22 
usemtl PATCH_30
f 438 439 3733 3732 
usemtl PATCH_30
f 3732 3733 3740 3739 
usemtl PATCH_30
f 3739 3740 3747 3746 
usemtl PATCH_30
f 3746 3747 3754 3753 
usemtl PATCH_30
f 3753 3754 3761 3760 
usemtl PATCH_30
f 3760 3761 3768 3767 
usemtl PATCH_30
f 3767 3768 3775 3774 
usemtl PATCH_30
f 3774 3775 3782 3781 
usemtl PATCH_30
f 3781 3782 458 459 
usemtl PATCH_30
f 439 440 3734 3733 
usemtl PATCH_30
f 3733 3734 3741 3740 
usemtl PATCH_30
f 3740 3741 3748 3747 
usemtl PATCH_30
f 3747 3748 3755 3754 
usemtl PATCH_30
f 3754 3755 3762 3761 
usemtl PATCH_30
f 3761 3762 3769 3768 
usemtl PATCH_30
f 3768 3769 3776 3775 
usemtl PATCH_30
f 3775 3776 3783 3782 
usemtl PATCH_30
f 3782 3783 457 458 
usemtl PATCH_30
f 440 441 3735 3734 
usemtl PATCH_30
f 3734 3735 3742 3741 
usemtl PATCH_30
f 3741 3742 3749 3748 
usemtl PATCH_30
f 3748 3749 3756 3755 
usemtl PATCH_30
f 3755 3756 3763 3762 
usemtl PATCH_30
f 3762 3763 3770 3769 
usemtl PATCH_30
f 3769 3770 3777 3776 
usemtl PATCH_30
f 3776 3777 3784 3783 
usemtl PATCH_30
f 3783 3784 456 457 
usemtl PATCH_30
f 441 442 3736 3735 
usemtl PATCH_30
f 3735 3736 3743 3742 
usemtl PATCH_30
f 3742 3743 3750 3749 
usemtl PATCH_30
f 3749 3750 3757 3756 
usemtl PATCH_30
f 3756 3757 3764 3763 
usemtl PATCH_30
f 3763 3764 3771 3770 
usemtl PATCH_30
f 3770 3771 3778 3777 
usemtl PATCH_30
f 3777 3778 3785 3784 
usemtl PATCH_30
f 3784 3785 455 456 
usemtl PATCH_30
f 442 443 3737 3736 
usemtl PATCH_30
f 3736 3737 3744 3743 
usemtl PATCH_30
f 3743 3744 3751 3750 
usemtl PATCH_30
f 3750 3751 3758 3757 
usemtl PATCH_30
f 3757 3758 3765 3764 
usemtl PATCH_30
f 3764 3765 3772 3771 
usemtl PATCH_30
f 3771 3772 3779 3778 
usemtl PATCH_30
f 3778 3779 3786 3785 
usemtl PATCH_30
f 3785 3786 454 455 
usemtl PATCH_30
f 443 444 3738 3737 
usemtl PATCH_30
f 3737 3738 3745 3744 
usemtl PATCH_30
f 3744 3745 3752 3751 
usemtl PATCH_30
f 3751 3752 3759 3758 
usemtl PATCH_30
f 3758 3759 3766 3765 
usemtl PATCH_30
f 3765 3766 3773 3772 
usemtl PATCH_30
f 3772 3773 3780 3779 
usemtl PATCH_30
f 3779 3780 3787 3786 
usemtl PATCH_30
f 3786 3787 453 454 
usemtl PATCH_30
f 444 7 445 3738 
usemtl PATCH_30
f 3738 445 446 3745 
usemtl PATCH_30
f 3745 446 447 3752 
usemtl PATCH_30
f 3752 447 448 3759 
usemtl PATCH_30
f 3759 448 449 3766 
usemtl PATCH_30
f 3766 449 450 3773 
usemtl PATCH_30
f 3773 450 451 3780 
usemtl PATCH_30
f 3780 451 452 3787 
usemtl PATCH_30
f 3787 452 9 453 
usemtl PATCH_39
f 21 460 3788 438 
usemtl PATCH_39
f 438 3788 3812 439 
usemtl PATCH_39
f 439 3812 3836 440 
usemtl PATCH_39
f 440 3836 3860 441 
usemtl PATCH_39
f 441 3860 3884 442 
usemtl PATCH_39
f 442 3884 3908 443 
usemtl PATCH_39
f 443 3908 3932 444 
usemtl PATCH_39
f 444 3932 514 7 
usemtl PATCH_39
f 460 461 3789 3788 
usemtl PATCH_39
f 3788 3789 3813 3812 
usemtl PATCH_39
f 3812 3813 3837 3836 
usemtl PATCH_39
f 3836 3837 3861 3860 
usemtl PATCH_39
f 3860 3861 3885 3884 
usemtl PATCH_39
f 3884 3885 3909 3908 
usemtl PATCH_39
f 3908 3909 3933 3932 
usemtl PATCH_39
f 3932 3933 513 514 
usemtl PATCH_39
f 461 462 3790 3789 
usemtl PATCH_39
f 3789 3790 3814 3813 
usemtl PATCH_39
f 3813 3814 3838 3837 
usemtl PATCH_39
f 3837 3838 3862 3861 
usemtl PATCH_39
f 3861 3862 3886 3885 
usemtl PATCH_39
f 3885 3886 3910 3909 
usemtl PATCH_39
f 3909 3910 3934 3933 
usemtl PATCH_39
f 3933 3934 512 513 
usemtl PATCH_39
f 462 463 3791 3790 
usemtl PATCH_39
f 3790 3791 3815 3814 
usemtl PATCH_39
f 3814 3815 3839 3838 
usemtl PATCH_39
f 3838 3839 3863 3862 
usemtl PATCH_39
f 3862 3863 3887 3886 
usemtl PATCH_39
f 3886 3887 3911 3910 
usemtl PATCH_39
f 3910 3911 3935 3934 
usemtl PATCH_39
f 3934 3935 511 512 
usemtl PATCH_39
f 463 464 3792 3791 
usemtl PATCH_39
f 3791 3792 3816 3815 
usemtl PATCH_39
f 3815 3816 3840 3839 
usemtl PATCH_39
f 3839 3840 3864 3863 
usemtl PATCH_39
f 3863 3864 3888 3887 
usemtl PATCH_39
f 3887 3888 3912 3911 
usemtl PATCH_39
f 3911 3912 3936 3935 
usemtl PATCH_39
f 3935 3936 510 511 
usemtl PATCH_39
f 464 465 3793 3792 
usemtl PATCH_39
f 3792 3793 3817 3816 
usemtl PATCH_39
f 3816 3817 3841 3840 
usemtl PATCH_39
f 3840 3841 3865 3864 
usemtl PATCH_39
f 3864 3865 3889 3888 
usemtl PATCH_39
f 3888 3889 3913 3912 
usemtl PATCH_39
f 3912 3913 3937 3936 
usemtl PATCH_39
f 3936 3937 509 510 
usemtl PATCH_39
f 465 466 3794 3793 
usemtl PATCH_39
f 3793 3794 3818 3817 
usemtl PATCH_39
f 3817 3818 3842 3841 
usemtl PATCH_39
f 3841 3842 3866 3865 
usemtl PATCH_39
f 3865 3866 3890 3889 
usemtl PATCH_39
f 3889 3890 3914 3913 
usemtl PATCH_39
f 3913 3914 3938 3937 
usemtl PATCH_39
f 3937 3938 508 509 
usemtl PATCH_39
f 466 467 3795 3794 
usemtl PATCH_39
f 3794 3795 3819 3818 
usemtl PATCH_39
f 3818 3819 3843 3842 
usemtl PATCH_39
f 3842 3843 3867 3866 
usemtl PATCH_39
f 3866 3867 3891 3890 
usemtl PATCH_39
f 3890 3891 3915 3914 
usemtl PATCH_39
f 3914 3915 3939 3938 
usemtl PATCH_39
f 3938 3939 507 508 
usemtl PATCH_39
f 467 468 3796 3795 
usemtl PATCH_39
f 3795 3796 3820 3819 
usemtl PATCH_39
f 3819 3820 3844 3843 
usemtl PATCH_39
f 3843 3844 3868 3867 
usemtl PATCH_39
f 3867 3868 3892 3891 
usemtl PATCH_39
f 3891 3892 3916 3915 
usemtl PATCH_39
f 3915 3916 3940 3939 
usemtl PATCH_39
f 3939 3940 506 507 
usemtl PATCH_39
f 468 469 3797 3796 
usemtl PATCH_39
f 3796 3797 3821 3820 
usemtl PATCH_39
f 3820 3821 3845 3844 
usemtl PATCH_39
f 3844 3845 3869 3868 
usemtl PATCH_39
f 3868 3869 3893 3892 
usemtl PATCH_39
f 3892 3893 3917 3916 
usemtl PATCH_39
f 3916 3917 3941 3940 
usemtl PATCH_39
f 3940 3941 505 506 
usemtl PATCH_39
f 469 470 3798 3797 
usemtl PATCH_39
f 3797 3798 3822 3821 
usemtl PATCH_39
f 3821 3822 3846 3845 
usemtl PATCH_39
f 3845 3846 3870 3869 
usemtl PATCH_39
f 3869 3870 3894 3893 
usemtl PATCH_39
f 3893 3894 3918 3917 
usemtl PATCH_39
f 3917 3918 3942 3941 
usemtl PATCH_39
f 3941 3942 504 505 
usemtl PATCH_39
f 470 471 3799 3798 
usemtl PATCH_39
f 3798 3799 3823 3822 
usemtl PATCH_39
f 3822 3823 3847 3846 
usemtl PATCH_39
f 3846 3847 3871 3870 
usemtl PATCH_39
f 3870 3871 3895 3894 
usemtl PATCH_39
f 3894 3895 3919 3918 
usemtl PATCH_39
f 3918 3919 3943 3942 
usemtl PATCH_39
f 3942 3943 503 504 
usemtl PATCH_39
f 471 472 3800 3799 
usemtl PATCH_39
f 3799 3800 3824 3823 
usemtl PATCH_39
f 3823 3824 3848 3847 
usemtl PATCH_39
f 3847 3848 3872 3871 
usemtl PATCH_39
f 3871 3872 3896 3895 
usemtl PATCH_39
f 3895 3896 3920 3919 
usemtl PATCH_39
f 3919 3920 3944 3943 
usemtl PATCH_39
f 3943 3944 502 503 
usemtl PATCH_39
f 472 473 3801 3800 
usemtl PATCH_39
f 3800 3801 3825 3824 
usemtl PATCH_39
f 3824 3825 3849 3848 
usemtl PATCH_39
f 3848 3849 3873 3872 
usemtl PATCH_39
f 3872 3873 3897 3896 
usemtl PATCH_39
f 3896 3897 3921 3920 
usemtl PATCH_39
f 3920 3921 3945 3944 
usemtl PATCH_39
f 3944 3945 501 502 
usemtl PATCH_39
f 473 474 3802 3801 
usemtl PATCH_39
f 3801 3802 3826 3825 
usemtl PATCH_39
f 3825 3826 3850 3849 
usemtl PATCH_39
f 3849 3850 3874 3873 
usemtl PATCH_39
f 3873 3874 3898 3897 
usemtl PATCH_39
f 3897 3898 3922 3921 
usemtl PATCH_39
f 3921 3922 3946 3945 
usemtl PATCH_39
f 3945 3946 500 501 
usemtl PATCH_39
f 474 475 3803 3802 
usemtl PATCH_39
f 3802 3803 3827 3826 
usemtl PATCH_39
f 3826 3827 3851 3850 
usemtl PATCH_39
f 3850 3851 3875 3874 
usemtl PATCH_39
f 3874 3875 3899 3898 
usemtl PATCH_39
f 3898 3899 3923 3922 
usemtl PATCH_39
f 3922 3923 3947 3946 
usemtl PATCH_39
f 3946 3947 499 500 
usemtl PATCH_39
f 475 476 3804 3803 
usemtl PATCH_39
f 3803 3804 3828 3827 
usemtl PATCH_39
f 3827 3828 3852 3851 
usemtl PATCH_39
f 3851 3852 3876 3875 
usemtl PATCH_39
f 3875 3876 3900 3899 
usemtl PATCH_39
f 3899 3900 3924 3923 
usemtl PATCH_39
f 3923 3924 3948 3947 
usemtl PATCH_39
f 3947 3948 498 499 
usemtl PATCH_39
f 476 477 3805 3804 
usemtl PATCH_39
f 3804 3805 3829 3828 
usemtl PATCH_39
f 3828 3829 3853 3852 
usemtl PATCH_39
f 3852 3853 3877 3876 
usemtl PATCH_39
f 3876 3877 3901 3900 
usemtl PATCH_39
f 3900 3901 3925 3924 
usemtl PATCH_39
f 3924 3925 3949 3948 
usemtl PATCH_39
f 3948 3949 497 498 
usemtl PATCH_39
f 477 478 3806 3805 
usemtl PATCH_39
f 3805 3806 3830 3829 
usemtl PATCH_39
f 3829 3830 3854 3853 
usemtl PATCH_39
f 3853 3854 3878 3877 
usemtl PATCH_39
f 3877 3878 3902 3901 
usemtl PATCH_39
f 3901 3902 3926 3925 
usemtl PATCH_39
f 3925 3926 3950 3949 
usemtl PATCH_39
f 3949 3950 496 497 
usemtl PATCH_39
f 478 479 3807 3806 
usemtl PATCH_39
f 3806 3807 3831 3830 
usemtl PATCH_39
f 3830 3831 3855 3854 
usemtl PATCH_39
f 3854 3855 3879 3878 
usemtl PATCH_39
f 3878 3879 3903 3902 
usemtl PATCH_39
f 3902 3903 3927 3926 
usemtl PATCH_39
f 3926 3927 3951 3950 
usemtl PATCH_39
f 3950 3951 495 496 
usemtl PATCH_39
f 479 480 3808 3807 
usemtl PATCH_39
f 3807 3808 3832 3831 
usemtl PATCH_39
f 3831 3832 3856 3855 
usemtl PATCH_39
f 3855 3856 3880 3879 
usemtl PATCH_39
f 3879 3880 3904 3903 
usemtl PATCH_39
f 3903 3904 3928 3927 
usemtl PATCH_39
f 3927 3928 3952 3951 
usemtl PATCH_39
f 3951 3952 494 495 
usemtl PATCH_39
f 480 481 3809 3808 
usemtl PATCH_39
f 3808 3809 3833 3832 
usemtl PATCH_39
f 3832 3833 3857 3856 
usemtl PATCH_39
f 3856 3857 3881 3880 
usemtl PATCH_39
f 3880 3881 3905 3904 
usemtl PATCH_39
f 3904 3905 3929 3928 
usemtl PATCH_39
f 3928 3929 3953 3952 
usemtl PATCH_39
f 3952 3953 493 494 
usemtl PATCH_39
f 481 482 3810 3809 
usemtl PATCH_39
f 3809 3810 3834 3833 
usemtl PATCH_39
f 3833 3834 3858 3857 
usemtl PATCH_39
f 3857 3858 3882 3881 
usemtl PATCH_39
f 3881 3882 3906 3905 
usemtl PATCH_39
f 3905 3906 3930 3929 
usemtl PATCH_39
f 3929 3930 3954 3953 
usemtl PATCH_39
f 3953 3954 492 493 
usemtl PATCH_39
f 482 483 3811 3810 
usemtl PATCH_39
f 3810 3811 3835 3834 
usemtl PATCH_39
f 3834 3835 3859 3858 
usemtl PATCH_39
f 3858 3859 3883 3882 
usemtl PATCH_39
f 3882 3883 3907 3906 
usemtl PATCH_39
f 3906 3907 3931 3930 
usemtl PATCH_39
f 3930 3931 3955 3954 
usemtl PATCH_39
f 3954 3955 491 492 
usemtl PATCH_39
f 483 25 484 3811 
usemtl PATCH_39
f 3811 484 485 3835 
usemtl PATCH_39
f 3835 485 486 3859 
usemtl PATCH_39
f 3859 486 487 3883 
usemtl PATCH_39
f 3883 487 488 3907 
usemtl PATCH_39
f 3907 488 489 3931 
usemtl PATCH_39
f 3931 489 490 3955 
usemtl PATCH_39
f 3955 490 8 491 
usemtl PATCH_48
f 21 437 3956 460 
usemtl PATCH_48
f 460 3956 3963 461 
usemtl PATCH_48
f 461 3963 3970 462 
usemtl PATCH_48
f 462 3970 3977 463 
usemtl PATCH_48
f 463 3977 3984 464 
usemtl PATCH_48
f 464 3984 3991 465 
usemtl PATCH_48
f 465 3991 3998 466 
usemtl PATCH_48
f 466 3998 4005 467 
usemtl PATCH_48
f 467 4005 4012 468 
usemtl PATCH_48
f 468 4012 4019 469 
usemtl PATCH_48
f 469 4019 4026 470 
usemtl PATCH_48
f 470 4026 4033 471 
usemtl PATCH_48
f 471 4033 4040 472 
usemtl PATCH_48
f 472 4040 4047 473 
usemtl PATCH_48
f 473 4047 4054 474 
usemtl PATCH_48
f 474 4054 4061 475 
usemtl PATCH_48
f 475 4061 4068 476 
usemtl PATCH_48
f 476 4068 4075 477 
usemtl PATCH_48
f 477 4075 4082 478 
usemtl PATCH_48
f 478 4082 4089 479 
usemtl PATCH_48
f 479 4089 4096 480 
usemtl PATCH_48
f 480 4096 4103 481 
usemtl PATCH_48
f 481 4103 4110 482 
usemtl PATCH_48
f 482 4110 4117 483 
usemtl PATCH_48
f 483 4117 545 25 
usemtl PATCH_48
f 437 436 3957 3956 
usemtl PATCH_48
f 3956 3957 3964 3963 
usemtl PATCH_48
f 3963 3964 3971 3970 
usemtl PATCH_48
f 3970 3971 3978 3977 
usemtl PATCH_48
f 3977 3978 3985 3984 
usemtl PATCH_48
f 3984 3985 3992 3991 
usemtl PATCH_48
f 3991 3992 3999 3998 
usemtl PATCH_48
f 3998 3999 4006 4005 
usemtl PATCH_48
f 4005 4006 4013 4012 
usemtl PATCH_48
f 4012 4013 4020 4019 
usemtl PATCH_48
f 4019 4020 4027 4026 
usemtl PATCH_48
f 4026 4027 4034 4033 
usemtl PATCH_48
f 4033 4034 4041 4040 
usemtl PATCH_48
f 4040 4041 4048 4047 
usemtl PATCH_48
f 4047 4048 4055 4054 
usemtl PATCH_48
f 4054 4055 4062 4061 
usemtl PATCH_48
f 4061 4062 4069 4068 
usemtl PATCH_48
f 4068 4069 4076 4075 
usemtl PATCH_48
f 4075 4076 4083 4082 
usemtl PATCH_48
f 4082 4083 4090 4089 
usemtl PATCH_48
f 4089 4090 4097 4096 
usemtl PATCH_48
f 4096 4097 4104 4103 
usemtl PATCH_48
f 4103 4104 4111 4110 
usemtl PATCH_48
f 4110 4111 4118 4117 
usemtl PATCH_48
f 4117 4118 544 545 
usemtl PATCH_48
f 436 435 3958 3957 
usemtl PATCH_48
f 3957 3958 3965 3964 
usemtl PATCH_48
f 3964 3965 3972 3971 
usemtl PATCH_48
f 3971 3972 3979 3978 
usemtl PATCH_48
f 3978 3979 3986 3985 
usemtl PATCH_48
f 3985 3986 3993 3992 
usemtl PATCH_48
f 3992 3993 4000 3999 
usemtl PATCH_48
f 3999 4000 4007 4006 
usemtl PATCH_48
f 4006 4007 4014 4013 
usemtl PATCH_48
f 4013 4014 4021 4020 
usemtl PATCH_48
f 4020 4021 4028 4027 
usemtl PATCH_48
f 4027 4028 4035 4034 
usemtl PATCH_48
f 4034 4035 4042 4041 
usemtl PATCH_48
f 4041 4042 4049 4048 
usemtl PATCH_48
f 4048 4049 4056 4055 
usemtl PATCH_48
f 4055 4056 4063 4062 
usemtl PATCH_48
f 4062 4063 4070 4069 
usemtl PATCH_48
f 4069 4070 4077 4076 
usemtl PATCH_48
f 4076 4077 4084 4083 
usemtl PATCH_48
f 4083 4084 4091 4090 
usemtl PATCH_48
f 4090 4091 4098 4097 
usemtl PATCH_48
f 4097 4098 4105 4104 
usemtl PATCH_48
f 4104 4105 4112 4111 
usemtl PATCH_48
f 4111 4112 4119 4118 
usemtl PATCH_48
f 4118 4119 543 544 
usemtl PATCH_48
f 435 434 3959 3958 
usemtl PATCH_48
f 3958 3959 3966 3965 
usemtl PATCH_48
f 3965 3966 3973 3972 
usemtl PATCH_48
f 3972 3973 3980 3979 
usemtl PATCH_48
f 3979 3980 3987 3986 
usemtl PATCH_48
f 3986 3987 3994 3993 
usemtl PATCH_48
f 3993 3994 4001 4000 
usemtl PATCH_48
f 4000 4001 4008 4007 
usemtl PATCH_48
f 4007 4008 4015 4014 
usemtl PATCH_48
f 4014 4015 4022 4021 
usemtl PATCH_48
f 4021 4022 4029 4028 
usemtl PATCH_48
f 4028 4029 4036 4035 
usemtl PATCH_48
f 4035 4036 4043 4042 
usemtl PATCH_48
f 4042 4043 4050 4049 
usemtl PATCH_48
f 4049 4050 4057 4056 
usemtl PATCH_48
f 4056 4057 4064 4063 
usemtl PATCH_48
f 4063 4064 4071 4070 
usemtl PATCH_48
f 4070 4071 4078 4077 
usemtl PATCH_48
f 4077 4078 4085 4084 
usemtl PATCH_48
f 4084 4085 4092 4091 
usemtl PATCH_48
f 4091 4092 4099 4098 
usemtl PATCH_48
f 4098 4099 4106 4105 
usemtl PATCH_48
f 4105 4106 4113 4112 
usemtl PATCH_48
f 4112 4113 4120 4119 
usemtl PATCH_48
f 4119 4120 542 543 
usemtl PATCH_48
f 434 433 3960 3959 
usemtl PATCH_48
f 3959 3960 3967 3966 
usemtl PATCH_48
f 3966 3967 3974 3973 
usemtl PATCH_48
f 3973 3974 3981 3980 
usemtl PATCH_48
f 3980 3981 3988 3987 
usemtl PATCH_48
f 3987 3988 3995 3994 
usemtl PATCH_48
f 3994 3995 4002 4001 
usemtl PATCH_48
f 4001 4002 4009 4008 
usemtl PATCH_48
f 4008 4009 4016 4015 
usemtl PATCH_48
f 4015 4016 4023 4022 
usemtl PATCH_48
f 4022 4023 4030 4029 
usemtl PATCH_48
f 4029 4030 4037 4036 
usemtl PATCH_48
f 4036 4037 4044 4043 
usemtl PATCH_48
f 4043 4044 4051 4050 
usemtl PATCH_48
f 4050 4051 4058 4057 
usemtl PATCH_48
f 4057 4058 4065 4064 
usemtl PATCH_48
f 4064 4065 4072 4071 
usemtl PATCH_48
f 4071 4072 4079 4078 
usemtl PATCH_48
f 4078 4079 4086 4085 
usemtl PATCH_48
f 4085 4086 4093 4092 
usemtl PATCH_48
f 4092 4093 4100 4099 
usemtl PATCH_48
f 4099 4100 4107 4106 
usemtl PATCH_48
f 4106 4107 4114 4113 
usemtl PATCH_48
f 4113 4114 4121 4120 
usemtl PATCH_48
f 4120 4121 541 542 
usemtl PATCH_48
f 433 432 3961 3960 
usemtl PATCH_48
f 3960 3961 3968 3967 
usemtl PATCH_48
f 3967 3968 3975 3974 
usemtl PATCH_48
f 3974 3975 3982 3981 
usemtl PATCH_48
f 3981 3982 3989 3988 
usemtl PATCH_48
f 3988 3989 3996 3995 
usemtl PATCH_48
f 3995 3996 4003 4002 
usemtl PATCH_48
f 4002 4003 4010 4009 
usemtl PATCH_48
f 4009 4010 4017 4016 
usemtl PATCH_48
f 4016 4017 4024 4023 
usemtl PATCH_48
f 4023 4024 4031 4030 
usemtl PATCH_48
f 4030 4031 4038 4037 
usemtl PATCH_48
f 4037 4038 4045 4044 
usemtl PATCH_48
f 4044 4045 4052 4051 
usemtl PATCH_48
f 4051 4052 4059 4058 
usemtl PATCH_48
f 4058 4059 4066 4065 
usemtl PATCH_48
f 4065 4066 4073 4072 
usemtl PATCH_48
f 4072 4073 4080 4079 
usemtl PATCH_48
f 4079 4080 4087 4086 
usemtl PATCH_48
f 4086 4087 4094 4093 
usemtl PATCH_48
f 4093 4094 4101 4100 
usemtl PATCH_48
f 4100 4101 4108 4107 
usemtl PATCH_48
f 4107 4108 4115 4114 
usemtl PATCH_48
f 4114 4115 4122 4121 
usemtl PATCH_48
f 4121 4122 540 541 
usemtl PATCH_48
f 432 431 3962 3961 
usemtl PATCH_48
f 3961 3962 3969 3968 
usemtl PATCH_48
f 3968 3969 3976 3975 
usemtl PATCH_48
f 3975 3976 3983 3982 
usemtl PATCH_48
f 3982 3983 3990 3989 
usemtl PATCH_48
f 3989 3990 3997 3996 
usemtl PATCH_48
f 3996 3997 4004 4003 
usemtl PATCH_48
f 4003 4004 4011 4010 
usemtl PATCH_48
f 4010 4011 4018 4017 
usemtl PATCH_48
f 4017 4018 4025 4024 
usemtl PATCH_48
f 4024 4025 4032 4031 
usemtl PATCH_48
f 4031 4032 4039 4038 
usemtl PATCH_48
f 4038 4039 4046 4045 
usemtl PATCH_48
f 4045 4046 4053 4052 
usemtl PATCH_48
f 4052 4053 4060 4059 
usemtl PATCH_48
f 4059 4060 4067 4066 
usemtl PATCH_48
f 4066 4067 4074 4073 
usemtl PATCH_48
f 4073 4074 4081 4080 
usemtl PATCH_48
f 4080 4081 4088 4087 
usemtl PATCH_48
f 4087 4088 4095 4094 
usemtl PATCH_48
f 4094 4095 4102 4101 
usemtl PATCH_48
f 4101 4102 4109 4108 
usemtl PATCH_48
f 4108 4109 4116 4115 
usemtl PATCH_48
f 4115 4116 4123 4122 
usemtl PATCH_48
f 4122 4123 539 540 
usemtl PATCH_48
f 431 24 515 3962 
usemtl PATCH_48
f 3962 515 516 3969 
usemtl PATCH_48
f 3969 516 517 3976 
usemtl PATCH_48
f 3976 517 518 3983 
usemtl PATCH_48
f 3983 518 519 3990 
usemtl PATCH_48
f 3990 519 520 3997 
usemtl PATCH_48
f 3997 520 521 4004 
usemtl PATCH_48
f 4004 521 522 4011 
usemtl PATCH_48
f 4011 522 523 4018 
usemtl PATCH_48
f 4018 523 524 4025 
usemtl PATCH_48
f 4025 524 525 4032 
usemtl PATCH_48
f 4032 525 526 4039 
usemtl PATCH_48
f 4039 526 527 4046 
usemtl PATCH_48
f 4046 527 528 4053 
usemtl PATCH_48
f 4053 528 529 4060 
usemtl PATCH_48
f 4060 529 530 4067 
usemtl PATCH_48
f 4067 530 531 4074 
usemtl PATCH_48
f 4074 531 532 4081 
usemtl PATCH_48
f 4081 532 533 4088 
usemtl PATCH_48
f 4088 533 534 4095 
usemtl PATCH_48
f 4095 534 535 4102 
usemtl PATCH_48
f 4102 535 536 4109 
usemtl PATCH_48
f 4109 536 537 4116 
usemtl PATCH_48
f 4116 537 538 4123 
usemtl PATCH_48
f 4123 538 26 539 
usemtl PATCH_35
f 22 546 4124 416 
usemtl PATCH_35
f 416 4124 4153 417 
usemtl PATCH_35
f 417 4153 4182 418 
usemtl PATCH_35
f 418 4182 4211 419 
usemtl PATCH_35
f 419 4211 4240 420 
usemtl PATCH_35
f 420 4240 4269 421 
usemtl PATCH_35
f 421 4269 4298 422 
usemtl PATCH_35
f 422 4298 610 23 
usemtl PATCH_35
f 546 547 4125 4124 
usemtl PATCH_35
f 4124 4125 4154 4153 
usemtl PATCH_35
f 4153 4154 4183 4182 
usemtl PATCH_35
f 4182 4183 4212 4211 
usemtl PATCH_35
f 4211 4212 4241 4240 
usemtl PATCH_35
f 4240 4241 4270 4269 
usemtl PATCH_35
f 4269 4270 4299 4298 
usemtl PATCH_35
f 4298 4299 609 610 
usemtl PATCH_35
f 547 548 4126 4125 
usemtl PATCH_35
f 4125 4126 4155 4154 
usemtl PATCH_35
f 4154 4155 4184 4183 
usemtl PATCH_35
f 4183 4184 4213 4212 
usemtl PATCH_35
f 4212 4213 4242 4241 
usemtl PATCH_35
f 4241 4242 4271 4270 
usemtl PATCH_35
f 4270 4271 4300 4299 
usemtl PATCH_35
f 4299 4300 608 609 
usemtl PATCH_35
f 548 549 4127 4126 
usemtl PATCH_35
f 4126 4127 4156 4155 
usemtl PATCH_35
f 4155 4156 4185 4184 
usemtl PATCH_35
f 4184 4185 4214 4213 
usemtl PATCH_35
f 4213 4214 4243 4242 
usemtl PATCH_35
f 4242 4243 4272 4271 
usemtl PATCH_35
f 4271 4272 4301 4300 
usemtl PATCH_35
f 4300 4301 607 608 
usemtl PATCH_35
f 549 550 4128 4127 
usemtl PATCH_35
f 4127 4128 4157 4156 
usemtl PATCH_35
f 4156 4157 4186 4185 
usemtl PATCH_35
f 4185 4186 4215 4214 
usemtl PATCH_35
f 4214 4215 4244 4243 
usemtl PATCH_35
f 4243 4244 4273 4272 
usemtl PATCH_35
f 4272 4273 4302 4301 
usemtl PATCH_35
f 4301 4302 606 607 
usemtl PATCH_35
f 550 551 4129 4128 
usemtl PATCH_35
f 4128 4129 4158 4157 
usemtl PATCH_35
f 4157 4158 4187 4186 
usemtl PATCH_35
f 4186 4187 4216 4215 
usemtl PATCH_35
f 4215 4216 4245 4244 
usemtl PATCH_35
f 4244 4245 4274 4273 
usemtl PATCH_35
f 4273 4274 4303 4302 
usemtl PATCH_35
f 4302 4303 605 606 
usemtl PATCH_35
f 551 552 4130 4129 
usemtl PATCH_35
f 4129 4130 4159 4158 
usemtl PATCH_35
f 4158 4159 4188 4187 
usemtl PATCH_35
f 4187 4188 4217 4216 
usemtl PATCH_35
f 4216 4217 4246 4245 
usemtl PATCH_35
f 4245 4246 4275 4274 
usemtl PATCH_35
f 4274 4275 4304 4303 
usemtl PATCH_35
f 4303 4304 604 605 
usemtl PATCH_35
f 552 553 4131 4130 
usemtl PATCH_35
f 4130 4131 4160 4159 
usemtl PATCH_35
f 4159 4160 4189 4188 
usemtl PATCH_35
f 4188 4189 4218 4217 
usemtl PATCH_35
f 4217 4218 4247 4246 
usemtl PATCH_35
f 4246 4247 4276 4275 
usemtl PATCH_35
f 4275 4276 4305 4304 
usemtl PATCH_35
f 4304 4305 603 604 
usemtl PATCH_35
f 553 554 4132 4131 
usemtl PATCH_35
f 4131 4132 4161 4160 
usemtl PATCH_35
f 4160 4161 4190 4189 
usemtl PATCH_35
f 4189 4190 4219 4218 
usemtl PATCH_35
f 4218 4219 4248 4247 
usemtl PATCH_35
f 4247 4248 4277 4276 
usemtl PATCH_35
f 4276 4277 4306 4305 
usemtl PATCH_35
f 4305 4306 602 603 
usemtl PATCH_35
f 554 555 4133 4132 
usemtl PATCH_35
f 4132 4133 4162 4161 
usemtl PATCH_35
f 4161 4162 4191 4190 
usemtl PATCH_35
f 4190 4191 4220 4219 
usemtl PATCH_35
f 4219 4220 4249 4248 
usemtl PATCH_35
f 4248 4249 4278 4277 
usemtl PATCH_35
f 4277 4278 4307 4306 
usemtl PATCH_35
f 4306 4307 601 602 
usemtl PATCH_35
f 555 556 4134 4133 
usemtl PATCH_35
f 4133 4134 4163 4162 
usemtl PATCH_35
f 4162 4163 4192 4191 
usemtl PATCH_35
f 4191 4192 4221 4220 
usemtl PATCH_35
f 4220 4221 4250 4249 
usemtl PATCH_35
f 4249 4250 4279 4278 
usemtl PATCH_35
f 4278 4279 4308 4307 
usemtl PATCH_35
f 4307 4308 600 601 
usemtl PATCH_35
f 556 557 4135 4134 
usemtl PATCH_35
f 4134 4135 4164 4163 
usemtl PATCH_35
f 4163 4164 4193 4192 
usemtl PATCH_35
f 4192 4193 4222 4221 
usemtl PATCH_35
f 4221 4222 4251 4250 
usemtl PATCH_35
f 4250 4251 4280 4279 
usemtl PATCH_35
f 4279 4280 4309 4308 
usemtl PATCH_35
f 4308 4309 599 600 
usemtl PATCH_35
f 557 558 4136 4135 
usemtl PATCH_35
f 4135 4136 4165 4164 
usemtl PATCH_35
f 4164 4165 4194 4193 
usemtl PATCH_35
f 4193 4194 4223 4222 
usemtl PATCH_35
f 4222 4223 4252 4251 
usemtl PATCH_35
f 4251 4252 4281 4280 
usemtl PATCH_35
f 4280 4281 4310 4309 
usemtl PATCH_35
f 4309 4310 598 599 
usemtl PATCH_35
f 558 559 4137 4136 
usemtl PATCH_35
f 4136 4137 4166 4165 
usemtl PATCH_35
f 4165 4166 4195 4194 
usemtl PATCH_35
f 4194 4195 4224 4223 
usemtl PATCH_35
f 4223 4224 4253 4252 
usemtl PATCH_35
f 4252 4253 4282 4281 
usemtl PATCH_35
f 4281 4282 4311 4310 
usemtl PATCH_35
f 4310 4311 597 598 
usemtl PATCH_35
f 559 560 4138 4137 
usemtl PATCH_35
f 4137 4138 4167 4166 
usemtl PATCH_35
f 4166 4167 4196 4195 
usemtl PATCH_35
f 4195 4196 4225 4224 
usemtl PATCH_35
f 4224 4225 4254 4253 
usemtl PATCH_35
f 4253 4254 4283 4282 
usemtl PATCH_35
f 4282 4283 4312 4311 
usemtl PATCH_35
f 4311 4312 596 597 
usemtl PATCH_35
f 560 561 4139 4138 
usemtl PATCH_35
f 4138 4139 4168 4167 
usemtl PATCH_35
f 4167 4168 4197 4196 
usemtl PATCH_35
f 4196 4197 4226 4225 
usemtl PATCH_35
f 4225 4226 4255 4254 
usemtl PATCH_35
f 4254 4255 4284 4283 
usemtl PATCH_35
f 4283 4284 4313 4312 
usemtl PATCH_35
f 4312 4313 595 596 
usemtl PATCH_35
f 561 562 4140 4139 
usemtl PATCH_35
f 4139 4140 4169 4168 
usemtl PATCH_35
f 4168 4169 4198 4197 
usemtl PATCH_35
f 4197 4198 4227 4226 
usemtl PATCH_35
f 4226 4227 4256 4255 
usemtl PATCH_35
f 4255 4256 4285 4284 
usemtl PATCH_35
f 4284 4285 4314 4313 
usemtl PATCH_35
f 4313 4314 594 595 
usemtl PATCH_35
f 562 563 4141 4140 
usemtl PATCH_35
f 4140 4141 4170 4169 
usemtl PATCH_35
f 4169 4170 4199 4198 
usemtl PATCH_35
f 4198 4199 4228 4227 
usemtl PATCH_35
f 4227 4228 4257 4256 
usemtl PATCH_35
f 4256 4257 4286 4285 
usemtl PATCH_35
f 4285 4286 4315 4314 
usemtl PATCH_35
f 4314 4315 593 594 
usemtl PATCH_35
f 563 564 4142 4141 
usemtl PATCH_35
f 4141 4142 4171 4170 
usemtl PATCH_35
f 4170 4171 4200 4199 
usemtl PATCH_35
f 4199 4200 4229 4228 
usemtl PATCH_35
f 4228 4229 4258 4257 
usemtl PATCH_35
f 4257 4258 4287 4286 
usemtl PATCH_35
f 4286 4287 4316 4315 
usemtl PATCH_35
f 4315 4316 592 593 
usemtl PATCH_35
f 564 565 4143 4142 
usemtl PATCH_35
f 4142 4143 4172 4171 
usemtl PATCH_35
f 4171 4172 4201 4200 
usemtl PATCH_35
f 4200 4201 4230 4229 
usemtl PATCH_35
f 4229 4230 4259 4258 
usemtl PATCH_35
f 4258 4259 4288 4287 
usemtl PATCH_35
f 4287 4288 4317 4316 
usemtl PATCH_35
f 4316 4317 591 592 
usemtl PATCH_35
f 565 566 4144 4143 
usemtl PATCH_35
f 4143 4144 4173 4172 
usemtl PATCH_35
f 4172 4173 4202 4201 
usemtl PATCH_35
f 4201 4202 4231 4230 
usemtl PATCH_35
f 4230 4231 4260 4259 
usemtl PATCH_35
f 4259 4260 4289 4288 
usemtl PATCH_35
f 4288 4289 4318 4317 
usemtl PATCH_35
f 4317 4318 590 591 
usemtl PATCH_35
f 566 567 4145 4144 
usemtl PATCH_35
f 4144 4145 4174 4173 
usemtl PATCH_35
f 4173 4174 4203 4202 
usemtl PATCH_35
f 4202 4203 4232 4231 
usemtl PATCH_35
f 4231 4232 4261 4260 
usemtl PATCH_35
f 4260 4261 4290 4289 
usemtl PATCH_35
f 4289 4290 4319 4318 
usemtl PATCH_35
f 4318 4319 589 590 
usemtl PATCH_35
f 567 568 4146 4145 
usemtl PATCH_35
f 4145 4146 4175 4174 
usemtl PATCH_35
f 4174 4175 4204 4203 
usemtl PATCH_35
f 4203 4204 4233 4232 
usemtl PATCH_35
f 4232 4233 4262 4261 
usemtl PATCH_35
f 4261 4262 4291 4290 
usemtl PATCH_35
f 4290 4291 4320 4319 
usemtl PATCH_35
f 4319 4320 588 589 
usemtl PATCH_35
f 568 569 4147 4146 
usemtl PATCH_35
f 4146 4147 4176 4175 
usemtl PATCH_35
f 4175 4176 4205 4204 
usemtl PATCH_35
f 4204 4205 4234 4233 
usemtl PATCH_35
f 4233 4234 4263 4262 
usemtl PATCH_35
f 4262 4263 4292 4291 
usemtl PATCH_35
f 4291 4292 4321 4320 
usemtl PATCH_35
f 4320 4321 587 588 
usemtl PATCH_35
f 569 570 4148 4147 
usemtl PATCH_35
f 4147 4148 4177 4176 
usemtl PATCH_35
f 4176 4177 4206 4205 
usemtl PATCH_35
f 4205 4206 4235 4234 
usemtl PATCH_35
f 4234 4235 4264 4263 
usemtl PATCH_35
f 4263 4264 4293 4292 
usemtl PATCH_35
f 4292 4293 4322 4321 
usemtl PATCH_35
f 4321 4322 586 587 
usemtl PATCH_35
f 570 571 4149 4148 
usemtl PATCH_35
f 4148 4149 4178 4177 
usemtl PATCH_35
f 4177 4178 4207 4206 
usemtl PATCH_35
f 4206 4207 4236 4235 
usemtl PATCH_35
f 4235 4236 4265 4264 
usemtl PATCH_35
f 4264 4265 4294 4293 
usemtl PATCH_35
f 4293 4294 4323 4322 
usemtl PATCH_35
f 4322 4323 585 586 
usemtl PATCH_35
f 571 572 4150 4149 
usemtl PATCH_35
f 4149 4150 4179 4178 
usemtl PATCH_35
f 4178 4179 4208 4207 
usemtl PATCH_35
f 4207 4208 4237 4236 
usemtl PATCH_35
f 4236 4237 4266 4265 
usemtl PATCH_35
f 4265 4266 4295 4294 
usemtl PATCH_35
f 4294 4295 4324 4323 
usemtl PATCH_35
f 4323 4324 584 585 
usemtl PATCH_35
f 572 573 4151 4150 
usemtl PATCH_35
f 4150 4151 4180 4179 
usemtl PATCH_35
f 4179 4180 4209 4208 
usemtl PATCH_35
f 4208 4209 4238 4237 
usemtl PATCH_35
f 4237 4238 4267 4266 
usemtl PATCH_35
f 4266 4267 4296 4295 
usemtl PATCH_35
f 4295 4296 4325 4324 
usemtl PATCH_35
f 4324 4325 583 584 
usemtl PATCH_35
f 573 574 4152 4151 
usemtl PATCH_35
f 4151 4152 4181 4180 
usemtl PATCH_35
f 4180 4181 4210 4209 
usemtl PATCH_35
f 4209 4210 4239 4238 
usemtl PATCH_35
f 4238 4239 4268 4267 
usemtl PATCH_35
f 4267 4268 4297 4296 
usemtl PATCH_35
f 4296 4297 4326 4325 
usemtl PATCH_35
f 4325 4326 582 583 
usemtl PATCH_35
f 574 27 575 4152 
usemtl PATCH_35
f 4152 575 576 4181 
usemtl PATCH_35
f 4181 576 577 4210 
usemtl PATCH_35
f 4210 577 578 4239 
usemtl PATCH_35
f 4239 578 579 4268 
usemtl PATCH_35
f 4268 579 580 4297 
usemtl PATCH_35
f 4297 580 581 4326 
usemtl PATCH_35
f 4326 581 28 582 
usemtl PATCH_28
f 22 459 4327 546 
usemtl PATCH_28
f 546 4327 4334 547 
usemtl PATCH_28
f 547 4334 4341 548 
usemtl PATCH_28
f 548 4341 4348 549 
usemtl PATCH_28
f 549 4348 4355 550 
usemtl PATCH_28
f 550 4355 4362 551 
usemtl PATCH_28
f 551 4362 4369 552 
usemtl PATCH_28
f 552 4369 4376 553 
usemtl PATCH_28
f 553 4376 4383 554 
usemtl PATCH_28
f 554 4383 4390 555 
usemtl PATCH_28
f 555 4390 4397 556 
usemtl PATCH_28
f 556 4397 4404 557 
usemtl PATCH_28
f 557 4404 4411 558 
usemtl PATCH_28
f 558 4411 4418 559 
usemtl PATCH_28
f 559 4418 4425 560 
usemtl PATCH_28
f 560 4425 4432 561 
usemtl PATCH_28
f 561 4432 4439 562 
usemtl PATCH_28
f 562 4439 4446 563 
usemtl PATCH_28
f 563 4446 4453 564 
usemtl PATCH_28
f 564 4453 4460 565 
usemtl PATCH_28
f 565 4460 4467 566 
usemtl PATCH_28
f 566 4467 4474 567 
usemtl PATCH_28
f 567 4474 4481 568 
usemtl PATCH_28
f 568 4481 4488 569 
usemtl PATCH_28
f 569 4488 4495 570 
usemtl PATCH_28
f 570 4495 4502 571 
usemtl PATCH_28
f 571 4502 4509 572 
usemtl PATCH_28
f 572 4509 4516 573 
usemtl PATCH_28
f 573 4516 4523 574 
usemtl PATCH_28
f 574 4523 646 27 
usemtl PATCH_28
f 459 458 4328 4327 
usemtl PATCH_28
f 4327 4328 4335 4334 
usemtl PATCH_28
f 4334 4335 4342 4341 
usemtl PATCH_28
f 4341 4342 4349 4348 
usemtl PATCH_28
f 4348 4349 4356 4355 
usemtl PATCH_28
f 4355 4356 4363 4362 
usemtl PATCH_28
f 4362 4363 4370 4369 
usemtl PATCH_28
f 4369 4370 4377 4376 
usemtl PATCH_28
f 4376 4377 4384 4383 
usemtl PATCH_28
f 4383 4384 4391 4390 
usemtl PATCH_28
f 4390 4391 4398 4397 
usemtl PATCH_28
f 4397 4398 4405 4404 
usemtl PATCH_28
f 4404 4405 4412 4411 
usemtl PATCH_28
f 4411 4412 4419 4418 
usemtl PATCH_28
f 4418 4419 4426 4425 
usemtl PATCH_28
f 4425 4426 4433 4432 
usemtl PATCH_28
f 4432 4433 4440 4439 
usemtl PATCH_28
f 4439 4440 4447 4446 
usemtl PATCH_28
f 4446 4447 4454 4453 
usemtl PATCH_28
f 4453 4454 4461 4460 
usemtl PATCH_28
f 4460 4461 4468 4467 
usemtl PATCH_28
f 4467 4468 4475 4474 
usemtl PATCH_28
f 4474 4475 4482 4481 
usemtl PATCH_28
f 4481 4482 4489 4488 
usemtl PATCH_28
f 4488 4489 4496 4495 
usemtl PATCH_28
f 4495 4496 4503 4502 
usemtl PATCH_28
f 4502 4503 4510 4509 
usemtl PATCH_28
f 4509 4510 4517 4516 
usemtl PATCH_28
f 4516 4517 4524 4523 
usemtl PATCH_28
f 4523 4524 645 646 
usemtl PATCH_28
f 458 457 4329 4328 
usemtl PATCH_28
f 4328 4329 4336 4335 
usemtl PATCH_28
f 4335 4336 4343 4342 
usemtl PATCH_28
f 4342 4343 4350 4349 
usemtl PATCH_28
f 4349 4350 4357 4356 
usemtl PATCH_28
f 4356 4357 4364 4363 
usemtl PATCH_28
f 4363 4364 4371 4370 
usemtl PATCH_28
f 4370 4371 4378 4377 
usemtl PATCH_28
f 4377 4378 4385 4384 
usemtl PATCH_28
f 4384 4385 4392 4391 
usemtl PATCH_28
f 4391 4392 4399 4398 
usemtl PATCH_28
f 4398 4399 4406 4405 
usemtl PATCH_28
f 4405 4406 4413 4412 
usemtl PATCH_28
f 4412 4413 4420 4419 
usemtl PATCH_28
f 4419 4420 4427 4426 
usemtl PATCH_28
f 4426 4427 4434 4433 
usemtl PATCH_28
f 4433 4434 4441 4440 
usemtl PATCH_28
f 4440 4441 4448 4447 
usemtl PATCH_28
f 4447 4448 4455 4454 
usemtl PATCH_28
f 4454 4455 4462 4461 
usemtl PATCH_28
f 4461 4462 4469 4468 
usemtl PATCH_28
f 4468 4469 4476 4475 
usemtl PATCH_28
f 4475 4476 4483 4482 
usemtl PATCH_28
f 4482 4483 4490 4489 
usemtl PATCH_28
f 4489 4490 4497 4496 
usemtl PATCH_28
f 4496 4497 4504 4503 
usemtl PATCH_28
f 4503 4504 4511 4510 
usemtl PATCH_28
f 4510 4511 4518 4517 
usemtl PATCH_28
f 4517 4518 4525 4524 
usemtl PATCH_28
f 4524 4525 644 645 
usemtl PATCH_28
f 457 456 4330 4329 
usemtl PATCH_28
f 4329 4330 4337 4336 
usemtl PATCH_28
f 4336 4337 4344 4343 
usemtl PATCH_28
f 4343 4344 4351 4350 
usemtl PATCH_28
f 4350 4351 4358 4357 
usemtl PATCH_28
f 4357 4358 4365 4364 
usemtl PATCH_28
f 4364 4365 4372 4371 
usemtl PATCH_28
f 4371 4372 4379 4378 
usemtl PATCH_28
f 4378 4379 4386 4385 
usemtl PATCH_28
f 4385 4386 4393 4392 
usemtl PATCH_28
f 4392 4393 4400 4399 
usemtl PATCH_28
f 4399 4400 4407 4406 
usemtl PATCH_28
f 4406 4407 4414 4413 
usemtl PATCH_28
f 4413 4414 4421 4420 
usemtl PATCH_28
f 4420 4421 4428 4427 
usemtl PATCH_28
f 4427 4428 4435 4434 
usemtl PATCH_28
f 4434 4435 4442 4441 
usemtl PATCH_28
f 4441 4442 4449 4448 
usemtl PATCH_28
f 4448 4449 4456 4455 
usemtl PATCH_28
f 4455 4456 4463 4462 
usemtl PATCH_28
f 4462 4463 4470 4469 
usemtl PATCH_28
f 4469 4470 4477 4476 
usemtl PATCH_28
f 4476 4477 4484 4483 
usemtl PATCH_28
f 4483 4484 4491 4490 
usemtl PATCH_28
f 4490 4491 4498 4497 
usemtl PATCH_28
f 4497 4498 4505 4504 
usemtl PATCH_28
f 4504 4505 4512 4511 
usemtl PATCH_28
f 4511 4512 4519 4518 
usemtl PATCH_28
f 4518 4519 4526 4525 
usemtl PATCH_28
f 4525 4526 643 644 
usemtl PATCH_28
f 456 455 4331 4330 
usemtl PATCH_28
f 4330 4331 4338 4337 
usemtl PATCH_28
f 4337 4338 4345 4344 
usemtl PATCH_28
f 4344 4345 4352 4351 
usemtl PATCH_28
f 4351 4352 4359 4358 
usemtl PATCH_28
f 4358 4359 4366 4365 
usemtl PATCH_28
f 4365 4366 4373 4372 
usemtl PATCH_28
f 4372 4373 4380 4379 
usemtl PATCH_28
f 4379 4380 4387 4386 
usemtl PATCH_28
f 4386 4387 4394 4393 
usemtl PATCH_28
f 4393 4394 4401 4400 
usemtl PATCH_28
f 4400 4401 4408 4407 
usemtl PATCH_28
f 4407 4408 4415 4414 
usemtl PATCH_28
f 4414 4415 4422 4421 
usemtl PATCH_28
f 4421 4422 4429 4428 
usemtl PATCH_28
f 4428 4429 4436 4435 
usemtl PATCH_28
f 4435 4436 4443 4442 
usemtl PATCH_28
f 4442 4443 4450 4449 
usemtl PATCH_28
f 4449 4450 4457 4456 
usemtl PATCH_28
f 4456 4457 4464 4463 
usemtl PATCH_28
f 4463 4464 4471 4470 
usemtl PATCH_28
f 4470 4471 4478 4477 
usemtl PATCH_28
f 4477 4478 4485 4484 
usemtl PATCH_28
f 4484 4485 4492 4491 
usemtl PATCH_28
f 4491 4492 4499 4498 
usemtl PATCH_28
f 4498 4499 4506 4505 
usemtl PATCH_28
f 4505 4506 4513 4512 
usemtl PATCH_28
f 4512 4513 4520 4519 
usemtl PATCH_28
f 4519 4520 4527 4526 
usemtl PATCH_28
f 4526 4527 642 643 
usemtl PATCH_28
f 455 454 4332 4331 
usemtl PATCH_28
f 4331 4332 4339 4338 
usemtl PATCH_28
f 4338 4339 4346 4345 
usemtl PATCH_28
f 4345 4346 4353 4352 
usemtl PATCH_28
f 4352 4353 4360 4359 
usemtl PATCH_28
f 4359 4360 4367 4366 
usemtl PATCH_28
f 4366 4367 4374 4373 
usemtl PATCH_28
f 4373 4374 4381 4380 
usemtl PATCH_28
f 4380 4381 4388 4387 
usemtl PATCH_28
f 4387 4388 4395 4394 
usemtl PATCH_28
f 4394 4395 4402 4401 
usemtl PATCH_28
f 4401 4402 4409 4408 
usemtl PATCH_28
f 4408 4409 4416 4415 
usemtl PATCH_28
f 4415 4416 4423 4422 
usemtl PATCH_28
f 4422 4423 4430 4429 
usemtl PATCH_28
f 4429 4430 4437 4436 
usemtl PATCH_28
f 4436 4437 4444 4443 
usemtl PATCH_28
f 4443 4444 4451 4450 
usemtl PATCH_28
f 4450 4451 4458 4457 
usemtl PATCH_28
f 4457 4458 4465 4464 
usemtl PATCH_28
f 4464 4465 4472 4471 
usemtl PATCH_28
f 4471 4472 4479 4478 
usemtl PATCH_28
f 4478 4479 4486 4485 
usemtl PATCH_28
f 4485 4486 4493 4492 
usemtl PATCH_28
f 4492 4493 4500 4499 
usemtl PATCH_28
f 4499 4500 4507 4506 
usemtl PATCH_28
f 4506 4507 4514 4513 
usemtl PATCH_28
f 4513 4514 4521 4520 
usemtl PATCH_28
f 4520 4521 4528 4527 
usemtl PATCH_28
f 4527 4528 641 642 
usemtl PATCH_28
f 454 453 4333 4332 
usemtl PATCH_28
f 4332 4333 4340 4339 
usemtl PATCH_28
f 4339 4340 4347 4346 
usemtl PATCH_28
f 4346 4347 4354 4353 
usemtl PATCH_28
f 4353 4354 4361 4360 
usemtl PATCH_28
f 4360 4361 4368 4367 
usemtl PATCH_28
f 4367 4368 4375 4374 
usemtl PATCH_28
f 4374 4375 4382 4381 
usemtl PATCH_28
f 4381 4382 4389 4388 
usemtl PATCH_28
f 4388 4389 4396 4395 
usemtl PATCH_28
f 4395 4396 4403 4402 
usemtl PATCH_28
f 4402 4403 4410 4409 
usemtl PATCH_28
f 4409 4410 4417 4416 
usemtl PATCH_28
f 4416 4417 4424 4423 
usemtl PATCH_28
f 4423 4424 4431 4430 
usemtl PATCH_28
f 4430 4431 4438 4437 
usemtl PATCH_28
f 4437 4438 4445 4444 
usemtl PATCH_28
f 4444 4445 4452 4451 
usemtl PATCH_28
f 4451 4452 4459 4458 
usemtl PATCH_28
f 4458 4459 4466 4465 
usemtl PATCH_28
f 4465 4466 4473 4472 
usemtl PATCH_28
f 4472 4473 4480 4479 
usemtl PATCH_28
f 4479 4480 4487 4486 
usemtl PATCH_28
f 4486 4487 4494 4493 
usemtl PATCH_28
f 4493 4494 4501 4500 
usemtl PATCH_28
f 4500 4501 4508 4507 
usemtl PATCH_28
f 4507 4508 4515 4514 
usemtl PATCH_28
f 4514 4515 4522 4521 
usemtl PATCH_28
f 4521 4522 4529 4528 
usemtl PATCH_28
f 4528 4529 640 641 
usemtl PATCH_28
f 453 9 611 4333 
usemtl PATCH_28
f 4333 611 612 4340 
usemtl PATCH_28
f 4340 612 613 4347 
usemtl PATCH_28
f 4347 613 614 4354 
usemtl PATCH_28
f 4354 614 615 4361 
usemtl PATCH_28
f 4361 615 616 4368 
usemtl PATCH_28
f 4368 616 617 4375 
usemtl PATCH_28
f 4375 617 618 4382 
usemtl PATCH_28
f 4382 618 619 4389 
usemtl PATCH_28
f 4389 619 620 4396 
usemtl PATCH_28
f 4396 620 621 4403 
usemtl PATCH_28
f 4403 621 622 4410 
usemtl PATCH_28
f 4410 622 623 4417 
usemtl PATCH_28
f 4417 623 624 4424 
usemtl PATCH_28
f 4424 624 625 4431 
usemtl PATCH_28
f 4431 625 626 4438 
usemtl PATCH_28
f 4438 626 627 4445 
usemtl PATCH_28
f 4445 627 628 4452 
usemtl PATCH_28
f 4452 628 629 4459 
usemtl PATCH_28
f 4459 629 630 4466 
usemtl PATCH_28
f 4466 630 631 4473 
usemtl PATCH_28
f 4473 631 632 4480 
usemtl PATCH_28
f 4480 632 633 4487 
usemtl PATCH_28
f 4487 633 634 4494 
usemtl PATCH_28
f 4494 634 635 4501 
usemtl PATCH_28
f 4501 635 636 4508 
usemtl PATCH_28
f 4508 636 637 4515 
usemtl PATCH_28
f 4515 637 638 4522 
usemtl PATCH_28
f 4522 638 639 4529 
usemtl PATCH_28
f 4529 639 11 640 
usemtl PATCH_49
f 24 647 4530 515 
usemtl PATCH_49
f 515 4530 4537 516 
usemtl PATCH_49
f 516 4537 4544 517 
usemtl PATCH_49
f 517 4544 4551 518 
usemtl PATCH_49
f 518 4551 4558 519 
usemtl PATCH_49
f 519 4558 4565 520 
usemtl PATCH_49
f 520 4565 4572 521 
usemtl PATCH_49
f 521 4572 4579 522 
usemtl PATCH_49
f 522 4579 4586 523 
usemtl PATCH_49
f 523 4586 4593 524 
usemtl PATCH_49
f 524 4593 4600 525 
usemtl PATCH_49
f 525 4600 4607 526 
usemtl PATCH_49
f 526 4607 4614 527 
usemtl PATCH_49
f 527 4614 4621 528 
usemtl PATCH_49
f 528 4621 4628 529 
usemtl PATCH_49
f 529 4628 4635 530 
usemtl PATCH_49
f 530 4635 4642 531 
usemtl PATCH_49
f 531 4642 4649 532 
usemtl PATCH_49
f 532 4649 4656 533 
usemtl PATCH_49
f 533 4656 4663 534 
usemtl PATCH_49
f 534 4663 4670 535 
usemtl PATCH_49
f 535 4670 4677 536 
usemtl PATCH_49
f 536 4677 4684 537 
usemtl PATCH_49
f 537 4684 4691 538 
usemtl PATCH_49
f 538 4691 660 26 
usemtl PATCH_49
f 647 648 4531 4530 
usemtl PATCH_49
f 4530 4531 4538 4537 
usemtl PATCH_49
f 4537 4538 4545 4544 
usemtl PATCH_49
f 4544 4545 4552 4551 
usemtl PATCH_49
f 4551 4552 4559 4558 
usemtl PATCH_49
f 4558 4559 4566 4565 
usemtl PATCH_49
f 4565 4566 4573 4572 
usemtl PATCH_49
f 4572 4573 4580 4579 
usemtl PATCH_49
f 4579 4580 4587 4586 
usemtl PATCH_49
f 4586 4587 4594 4593 
usemtl PATCH_49
f 4593 4594 4601 4600 
usemtl PATCH_49
f 4600 4601 4608 4607 
usemtl PATCH_49
f 4607 4608 4615 4614 
usemtl PATCH_49
f 4614 4615 4622 4621 
usemtl PATCH_49
f 4621 4622 4629 4628 
usemtl PATCH_49
f 4628 4629 4636 4635 
usemtl PATCH_49
f 4635 4636 4643 4642 
usemtl PATCH_49
f 4642 4643 4650 4649 
usemtl PATCH_49
f 4649 4650 4657 4656 
usemtl PATCH_49
f 4656 4657 4664 4663 
usemtl PATCH_49
f 4663 4664 4671 4670 
usemtl PATCH_49
f 4670 4671 4678 4677 
usemtl PATCH_49
f 4677 4678 4685 4684 
usemtl PATCH_49
f 4684 4685 4692 4691 
usemtl PATCH_49
f 4691 4692 659 660 
usemtl PATCH_49
f 648 649 4532 4531 
usemtl PATCH_49
f 4531 4532 4539 4538 
usemtl PATCH_49
f 4538 4539 4546 4545 
usemtl PATCH_49
f 4545 4546 4553 4552 
usemtl PATCH_49
f 4552 4553 4560 4559 
usemtl PATCH_49
f 4559 4560 4567 4566 
usemtl PATCH_49
f 4566 4567 4574 4573 
usemtl PATCH_49
f 4573 4574 4581 4580 
usemtl PATCH_49
f 4580 4581 4588 4587 
usemtl PATCH_49
f 4587 4588 4595 4594 
usemtl PATCH_49
f 4594 4595 4602 4601 
usemtl PATCH_49
f 4601 4602 4609 4608 
usemtl PATCH_49
f 4608 4609 4616 4615 
usemtl PATCH_49
f 4615 4616 4623 4622 
usemtl PATCH_49
f 4622 4623 4630 4629 
usemtl PATCH_49
f 4629 4630 4637 4636 
usemtl PATCH_49
f 4636 4637 4644 4643 
usemtl PATCH_49
f 4643 4644 4651 4650 
usemtl PATCH_49
f 4650 4651 4658 4657 
usemtl PATCH_49
f 4657 4658 4665 4664 
usemtl PATCH_49
f 4664 4665 4672 4671 
usemtl PATCH_49
f 4671 4672 4679 4678 
usemtl PATCH_49
f 4678 4679 4686 4685 
usemtl PATCH_49
f 4685 4686 4693 4692 
usemtl PATCH_49
f 4692 4693 658 659 
usemtl PATCH_49
f 649 650 4533 4532 
usemtl PATCH_49
f 4532 4533 4540 4539 
usemtl PATCH_49
f 4539 4540 4547 4546 
usemtl PATCH_49
f 4546 4547 4554 4553 
usemtl PATCH_49
f 4553 4554 4561 4560 
usemtl PATCH_49
f 4560 4561 4568 4567 
usemtl PATCH_49
f 4567 4568 4575 4574 
usemtl PATCH_49
f 4574 4575 4582 4581 
usemtl PATCH_49
f 4581 4582 4589 4588 
usemtl PATCH_49
f 4588 4589 4596 4595 
usemtl PATCH_49
f 4595 4596 4603 4602 
usemtl PATCH_49
f 4602 4603 4610 4609 
usemtl PATCH_49
f 4609 4610 4617 4616 
usemtl PATCH_49
f 4616 4617 4624 4623 
usemtl PATCH_49
f 4623 4624 4631 4630 
usemtl PATCH_49
f 4630 4631 4638 4637 
usemtl PATCH_49
f 4637 4638 4645 4644 
usemtl PATCH_49
f 4644 4645 4652 4651 
usemtl PATCH_49
f 4651 4652 4659 4658 
usemtl PATCH_49
f 4658 4659 4666 4665 
usemtl PATCH_49
f 4665 4666 4673 4672 
usemtl PATCH_49
f 4672 4673 4680 4679 
usemtl PATCH_49
f 4679 4680 4687 4686 
usemtl PATCH_49
f 4686 4687 4694 4693 
usemtl PATCH_49
f 4693 4694 657 658 
usemtl PATCH_49
f 650 651 4534 4533 
usemtl PATCH_49
f 4533 4534 4541 4540 
usemtl PATCH_49
f 4540 4541 4548 4547 
usemtl PATCH_49
f 4547 4548 4555 4554 
usemtl PATCH_49
f 4554 4555 4562 4561 
usemtl PATCH_49
f 4561 4562 4569 4568 
usemtl PATCH_49
f 4568 4569 4576 4575 
usemtl PATCH_49
f 4575 4576 4583 4582 
usemtl PATCH_49
f 4582 4583 4590 4589 
usemtl PATCH_49
f 4589 4590 4597 4596 
usemtl PATCH_49
f 4596 4597 4604 4603 
usemtl PATCH_49
f 4603 4604 4611 4610 
usemtl PATCH_49
f 4610 4611 4618 4617 
usemtl PATCH_49
f 4617 4618 4625 4624 
usemtl PATCH_49
f 4624 4625 4632 4631 
usemtl PATCH_49
f 4631 4632 4639 4638 
usemtl PATCH_49
f 4638 4639 4646 4645 
usemtl PATCH_49
f 4645 4646 4653 4652 
usemtl PATCH_49
f 4652 4653 4660 4659 
usemtl PATCH_49
f 4659 4660 4667 4666 
usemtl PATCH_49
f 4666 4667 4674 4673 
usemtl PATCH_49
f 4673 4674 4681 4680 
usemtl PATCH_49
f 4680 4681 4688 4687 
usemtl PATCH_49
f 4687 4688 4695 4694 
usemtl PATCH_49
f 4694 4695 656 657 
usemtl PATCH_49
f 651 652 4535 4534 
usemtl PATCH_49
f 4534 4535 4542 4541 
usemtl PATCH_49
f 4541 4542 4549 4548 
usemtl PATCH_49
f 4548 4549 4556 4555 
usemtl PATCH_49
f 4555 4556 4563 4562 
usemtl PATCH_49
f 4562 4563 4570 4569 
usemtl PATCH_49
f 4569 4570 4577 4576 
usemtl PATCH_49
f 4576 4577 4584 4583 
usemtl PATCH_49
f 4583 4584 4591 4590 
usemtl PATCH_49
f 4590 4591 4598 4597 
usemtl PATCH_49
f 4597 4598 4605 4604 
usemtl PATCH_49
f 4604 4605 4612 4611 
usemtl PATCH_49
f 4611 4612 4619 4618 
usemtl PATCH_49
f 4618 4619 4626 4625 
usemtl PATCH_49
f 4625 4626 4633 4632 
usemtl PATCH_49
f 4632 4633 4640 4639 
usemtl PATCH_49
f 4639 4640 4647 4646 
usemtl PATCH_49
f 4646 4647 4654 4653 
usemtl PATCH_49
f 4653 4654 4661 4660 
usemtl PATCH_49
f 4660 4661 4668 4667 
usemtl PATCH_49
f 4667 4668 4675 4674 
usemtl PATCH_49
f 4674 4675 4682 4681 
usemtl PATCH_49
f 4681 4682 4689 4688 
usemtl PATCH_49
f 4688 4689 4696 4695 
usemtl PATCH_49
f 4695 4696 655 656 
usemtl PATCH_49
f 652 653 4536 4535 
usemtl PATCH_49
f 4535 4536 4543 4542 
usemtl PATCH_49
f 4542 4543 4550 4549 
usemtl PATCH_49
f 4549 4550 4557 4556 
usemtl PATCH_49
f 4556 4557 4564 4563 
usemtl PATCH_49
f 4563 4564 4571 4570 
usemtl PATCH_49
f 4570 4571 4578 4577 
usemtl PATCH_49
f 4577 4578 4585 4584 
usemtl PATCH_49
f 4584 4585 4592 4591 
usemtl PATCH_49
f 4591 4592 4599 4598 
usemtl PATCH_49
f 4598 4599 4606 4605 
usemtl PATCH_49
f 4605 4606 4613 4612 
usemtl PATCH_49
f 4612 4613 4620 4619 
usemtl PATCH_49
f 4619 4620 4627 4626 
usemtl PATCH_49
f 4626 4627 4634 4633 
usemtl PATCH_49
f 4633 4634 4641 4640 
usemtl PATCH_49
f 4640 4641 4648 4647 
usemtl PATCH_49
f 4647 4648 4655 4654 
usemtl PATCH_49
f 4654 4655 4662 4661 
usemtl PATCH_49
f 4661 4662 4669 4668 
usemtl PATCH_49
f 4668 4669 4676 4675 
usemtl PATCH_49
f 4675 4676 4683 4682 
usemtl PATCH_49
f 4682 4683 4690 4689 
usemtl PATCH_49
f 4689 4690 4697 4696 
usemtl PATCH_49
f 4696 4697 654 655 
usemtl PATCH_49
f 653 15 325 4536 
usemtl PATCH_49
f 4536 325 324 4543 
usemtl PATCH_49
f 4543 324 323 4550 
usemtl PATCH_49
f 4550 323 322 4557 
usemtl PATCH_49
f 4557 322 321 4564 
usemtl PATCH_49
f 4564 321 320 4571 
usemtl PATCH_49
f 4571 320 319 4578 
usemtl PATCH_49
f 4578 319 318 4585 
usemtl PATCH_49
f 4585 318 317 4592 
usemtl PATCH_49
f 4592 317 316 4599 
usemtl PATCH_49
f 4599 316 315 4606 
usemtl PATCH_49
f 4606 315 314 4613 
usemtl PATCH_49
f 4613 314 313 4620 
usemtl PATCH_49
f 4620 313 312 4627 
usemtl PATCH_49
f 4627 312 311 4634 
usemtl PATCH_49
f 4634 311 310 4641 
usemtl PATCH_49
f 4641 310 309 4648 
usemtl PATCH_49
f 4648 309 308 4655 
usemtl PATCH_49
f 4655 308 307 4662 
usemtl PATCH_49
f 4662 307 306 4669 
usemtl PATCH_49
f 4669 306 305 4676 
usemtl PATCH_49
f 4676 305 304 4683 
usemtl PATCH_49
f 4683 304 303 4690 
usemtl PATCH_49
f 4690 303 302 4697 
usemtl PATCH_49
f 4697 302 17 654 
usemtl PATCH_50
f 24 661 4698 647 
usemtl PATCH_50
f 647 4698 4732 648 
usemtl PATCH_50
f 648 4732 4766 649 
usemtl PATCH_50
f 649 4766 4800 650 
usemtl PATCH_50
f 650 4800 4834 651 
usemtl PATCH_50
f 651 4834 4868 652 
usemtl PATCH_50
f 652 4868 4902 653 
usemtl PATCH_50
f 653 4902 735 15 
usemtl PATCH_50
f 661 662 4699 4698 
usemtl PATCH_50
f 4698 4699 4733 4732 
usemtl PATCH_50
f 4732 4733 4767 4766 
usemtl PATCH_50
f 4766 4767 4801 4800 
usemtl PATCH_50
f 4800 4801 4835 4834 
usemtl PATCH_50
f 4834 4835 4869 4868 
usemtl PATCH_50
f 4868 4869 4903 4902 
usemtl PATCH_50
f 4902 4903 734 735 
usemtl PATCH_50
f 662 663 4700 4699 
usemtl PATCH_50
f 4699 4700 4734 4733 
usemtl PATCH_50
f 4733 4734 4768 4767 
usemtl PATCH_50
f 4767 4768 4802 4801 
usemtl PATCH_50
f 4801 4802 4836 4835 
usemtl PATCH_50
f 4835 4836 4870 4869 
usemtl PATCH_50
f 4869 4870 4904 4903 
usemtl PATCH_50
f 4903 4904 733 734 
usemtl PATCH_50
f 663 664 4701 4700 
usemtl PATCH_50
f 4700 4701 4735 4734 
usemtl PATCH_50
f 4734 4735 4769 4768 
usemtl PATCH_50
f 4768 4769 4803 4802 
usemtl PATCH_50
f 4802 4803 4837 4836 
usemtl PATCH_50
f 4836 4837 4871 4870 
usemtl PATCH_50
f 4870 4871 4905 4904 
usemtl PATCH_50
f 4904 4905 732 733 
usemtl PATCH_50
f 664 665 4702 4701 
usemtl PATCH_50
f 4701 4702 4736 4735 
usemtl PATCH_50
f 4735 4736 4770 4769 
usemtl PATCH_50
f 4769 4770 4804 4803 
usemtl PATCH_50
f 4803 4804 4838 4837 
usemtl PATCH_50
f 4837 4838 4872 4871 
usemtl PATCH_50
f 4871 4872 4906 4905 
usemtl PATCH_50
f 4905 4906 731 732 
usemtl PATCH_50
f 665 666 4703 4702 
usemtl PATCH_50
f 4702 4703 4737 4736 
usemtl PATCH_50
f 4736 4737 4771 4770 
usemtl PATCH_50
f 4770 4771 4805 4804 
usemtl PATCH_50
f 4804 4805 4839 4838 
usemtl PATCH_50
f 4838 4839 4873 4872 
usemtl PATCH_50
f 4872 4873 4907 4906 
usemtl PATCH_50
f 4906 4907 730 731 
usemtl PATCH_50
f 666 667 4704 4703 
usemtl PATCH_50
f 4703 4704 4738 4737 
usemtl PATCH_50
f 4737 4738 4772 4771 
usemtl PATCH_50
f 4771 4772 4806 4805 
usemtl PATCH_50
f 4805 4806 4840 4839 
usemtl PATCH_50
f 4839 4840 4874 4873 
usemtl PATCH_50
f 4873 4874 4908 4907 
usemtl PATCH_50
f 4907 4908 729 730 
usemtl PATCH_50
f 667 668 4705 4704 
usemtl PATCH_50
f 4704 4705 4739 4738 
usemtl PATCH_50
f 4738 4739 4773 4772 
usemtl PATCH_50
f 4772 4773 4807 4806 
usemtl PATCH_50
f 4806 4807 4841 4840 
usemtl PATCH_50
f 4840 4841 4875 4874 
usemtl PATCH_50
f 4874 4875 4909 4908 
usemtl PATCH_50
f 4908 4909 728 729 
usemtl PATCH_50
f 668 669 4706 4705 
usemtl PATCH_50
f 4705 4706 4740 4739 
usemtl PATCH_50
f 4739 4740 4774 4773 
usemtl PATCH_50
f 4773 4774 4808 4807 
usemtl PATCH_50
f 4807 4808 4842 4841 
usemtl PATCH_50
f 4841 4842 4876 4875 
usemtl PATCH_50
f 4875 4876 4910 4909 
usemtl PATCH_50
f 4909 4910 727 728 
usemtl PATCH_50
f 669 670 4707 4706 
usemtl PATCH_50
f 4706 4707 4741 4740 
usemtl PATCH_50
f 4740 4741 4775 4774 
usemtl PATCH_50
f 4774 4775 4809 4808 
usemtl PATCH_50
f 4808 4809 4843 4842 
usemtl PATCH_50
f 4842 4843 4877 4876 
usemtl PATCH_50
f 4876 4877 4911 4910 
usemtl PATCH_50
f 4910 4911 726 727 
usemtl PATCH_50
f 670 671 4708 4707 
usemtl PATCH_50
f 4707 4708 4742 4741 
usemtl PATCH_50
f 4741 4742 4776 4775 
usemtl PATCH_50
f 4775 4776 4810 4809 
usemtl PATCH_50
f 4809 4810 4844 4843 
usemtl PATCH_50
f 4843 4844 4878 4877 
usemtl PATCH_50
f 4877 4878 4912 4911 
usemtl PATCH_50
f 4911 4912 725 726 
usemtl PATCH_50
f 671 672 4709 4708 
usemtl PATCH_50
f 4708 4709 4743 4742 
usemtl PATCH_50
f 4742 4743 4777 4776 
usemtl PATCH_50
f 4776 4777 4811 4810 
usemtl PATCH_50
f 4810 4811 4845 4844 
usemtl PATCH_50
f 4844 4845 4879 4878 
usemtl PATCH_50
f 4878 4879 4913 4912 
usemtl PATCH_50
f 4912 4913 724 725 
usemtl PATCH_50
f 672 673 4710 4709 
usemtl PATCH_50
f 4709 4710 4744 4743 
usemtl PATCH_50
f 4743 4744 4778 4777 
usemtl PATCH_50
f 4777 4778 4812 4811 
usemtl PATCH_50
f 4811 4812 4846 4845 
usemtl PATCH_50
f 4845 4846 4880 4879 
usemtl PATCH_50
f 4879 4880 4914 4913 
usemtl PATCH_50
f 4913 4914 723 724 
usemtl PATCH_50
f 673 674 4711 4710 
usemtl PATCH_50
f 4710 4711 4745 4744 
usemtl PATCH_50
f 4744 4745 4779 4778 
usemtl PATCH_50
f 4778 4779 4813 4812 
usemtl PATCH_50
f 4812 4813 4847 4846 
usemtl PATCH_50
f 4846 4847 4881 4880 
usemtl PATCH_50
f 4880 4881 4915 4914 
usemtl PATCH_50
f 4914 4915 722 723 
usemtl PATCH_50
f 674 675 4712 4711 
usemtl PATCH_50
f 4711 4712 4746 4745 
usemtl PATCH_50
f 4745 4746 4780 4779 
usemtl PATCH_50
f 4779 4780 4814 4813 
usemtl PATCH_50
f 4813 4814 4848 4847 
usemtl PATCH_50
f 4847 4848 4882 4881 
usemtl PATCH_50
f 4881 4882 4916 4915 
usemtl PATCH_50
f 4915 4916 721 722 
usemtl PATCH_50
f 675 676 4713 4712 
usemtl PATCH_50
f 4712 4713 4747 4746 
usemtl PATCH_50
f 4746 4747 4781 4780 
usemtl PATCH_50
f 4780 4781 4815 4814 
usemtl PATCH_50
f 4814 4815 4849 4848 
usemtl PATCH_50
f 4848 4849 4883 4882 
usemtl PATCH_50
f 4882 4883 4917 4916 
usemtl PATCH_50
f 4916 4917 720 721 
usemtl PATCH_50
f 676 677 4714 4713 
usemtl PATCH_50
f 4713 4714 4748 4747 
usemtl PATCH_50
f 4747 4748 4782 4781 
usemtl PATCH_50
f 4781 4782 4816 4815 
usemtl PATCH_50
f 4815 4816 4850 4849 
usemtl PATCH_50
f 4849 4850 4884 4883 
usemtl PATCH_50
f 4883 4884 4918 4917 
usemtl PATCH_50
f 4917 4918 719 720 
usemtl PATCH_50
f 677 678 4715 4714 
usemtl PATCH_50
f 4714 4715 4749 4748 
usemtl PATCH_50
f 4748 4749 4783 4782 
usemtl PATCH_50
f 4782 4783 4817 4816 
usemtl PATCH_50
f 4816 4817 4851 4850 
usemtl PATCH_50
f 4850 4851 4885 4884 
usemtl PATCH_50
f 4884 4885 4919 4918 
usemtl PATCH_50
f 4918 4919 718 719 
usemtl PATCH_50
f 678 679 4716 4715 
usemtl PATCH_50
f 4715 4716 4750 4749 
usemtl PATCH_50
f 4749 4750 4784 4783 
usemtl PATCH_50
f 4783 4784 4818 4817 
usemtl PATCH_50
f 4817 4818 4852 4851 
usemtl PATCH_50
f 4851 4852 4886 4885 
usemtl PATCH_50
f 4885 4886 4920 4919 
usemtl PATCH_50
f 4919 4920 717 718 
usemtl PATCH_50
f 679 680 4717 4716 
usemtl PATCH_50
f 4716 4717 4751 4750 
usemtl PATCH_50
f 4750 4751 4785 4784 
usemtl PATCH_50
f 4784 4785 4819 4818 
usemtl PATCH_50
f 4818 4819 4853 4852 
usemtl PATCH_50
f 4852 4853 4887 4886 
usemtl PATCH_50
f 4886 4887 4921 4920 
usemtl PATCH_50
f 4920 4921 716 717 
usemtl PATCH_50
f 680 681 4718 4717 
usemtl PATCH_50
f 4717 4718 4752 4751 
usemtl PATCH_50
f 4751 4752 4786 4785 
usemtl PATCH_50
f 4785 4786 4820 4819 
usemtl PATCH_50
f 4819 4820 4854 4853 
usemtl PATCH_50
f 4853 4854 4888 4887 
usemtl PATCH_50
f 4887 4888 4922 4921 
usemtl PATCH_50
f 4921 4922 715 716 
usemtl PATCH_50
f 681 682 4719 4718 
usemtl PATCH_50
f 4718 4719 4753 4752 
usemtl PATCH_50
f 4752 4753 4787 4786 
usemtl PATCH_50
f 4786 4787 4821 4820 
usemtl PATCH_50
f 4820 4821 4855 4854 
usemtl PATCH_50
f 4854 4855 4889 4888 
usemtl PATCH_50
f 4888 4889 4923 4922 
usemtl PATCH_50
f 4922 4923 714 715 
usemtl PATCH_50
f 682 683 4720 4719 
usemtl PATCH_50
f 4719 4720 4754 4753 
usemtl PATCH_50
f 4753 4754 4788 4787 
usemtl PATCH_50
f 4787 4788 4822 4821 
usemtl PATCH_50
f 4821 4822 4856 4855 
usemtl PATCH_50
f 4855 4856 4890 4889 
usemtl PATCH_50
f 4889 4890 4924 4923 
usemtl PATCH_50
f 4923 4924 713 714 
usemtl PATCH_50
f 683 684 4721 4720 
usemtl PATCH_50
f 4720 4721 4755 4754 
usemtl PATCH_50
f 4754 4755 4789 4788 
usemtl PATCH_50
f 4788 4789 4823 4822 
usemtl PATCH_50
f 4822 4823 4857 4856 
usemtl PATCH_50
f 4856 4857 4891 4890 
usemtl PATCH_50
f 4890 4891 4925 4924 
usemtl PATCH_50
f 4924 4925 712 713 
usemtl PATCH_50
f 684 685 4722 4721 
usemtl PATCH_50
f 4721 4722 4756 4755 
usemtl PATCH_50
f 4755 4756 4790 4789 
usemtl PATCH_50
f 4789 4790 4824 4823 
usemtl PATCH_50
f 4823 4824 4858 4857 
usemtl PATCH_50
f 4857 4858 4892 4891 
usemtl PATCH_50
f 4891 4892 4926 4925 
usemtl PATCH_50
f 4925 4926 711 712 
usemtl PATCH_50
f 685 686 4723 4722 
usemtl PATCH_50
f 4722 4723 4757 4756 
usemtl PATCH_50
f 4756 4757 4791 4790 
usemtl PATCH_50
f 4790 4791 4825 4824 
usemtl PATCH_50
f 4824 4825 4859 4858 
usemtl PATCH_50
f 4858 4859 4893 4892 
usemtl PATCH_50
f 4892 4893 4927 4926 
usemtl PATCH_50
f 4926 4927 710 711 
usemtl PATCH_50
f 686 687 4724 4723 
usemtl PATCH_50
f 4723 4724 4758 4757 
usemtl PATCH_50
f 4757 4758 4792 4791 
usemtl PATCH_50
f 4791 4792 4826 4825 
usemtl PATCH_50
f 4825 4826 4860 4859 
usemtl PATCH_50
f 4859 4860 4894 4893 
usemtl PATCH_50
f 4893 4894 4928 4927 
usemtl PATCH_50
f 4927 4928 709 710 
usemtl PATCH_50
f 687 688 4725 4724 
usemtl PATCH_50
f 4724 4725 4759 4758 
usemtl PATCH_50
f 4758 4759 4793 4792 
usemtl PATCH_50
f 4792 4793 4827 4826 
usemtl PATCH_50
f 4826 4827 4861 4860 
usemtl PATCH_50
f 4860 4861 4895 4894 
usemtl PATCH_50
f 4894 4895 4929 4928 
usemtl PATCH_50
f 4928 4929 708 709 
usemtl PATCH_50
f 688 689 4726 4725 
usemtl PATCH_50
f 4725 4726 4760 4759 
usemtl PATCH_50
f 4759 4760 4794 4793 
usemtl PATCH_50
f 4793 4794 4828 4827 
usemtl PATCH_50
f 4827 4828 4862 4861 
usemtl PATCH_50
f 4861 4862 4896 4895 
usemtl PATCH_50
f 4895 4896 4930 4929 
usemtl PATCH_50
f 4929 4930 707 708 
usemtl PATCH_50
f 689 690 4727 4726 
usemtl PATCH_50
f 4726 4727 4761 4760 
usemtl PATCH_50
f 4760 4761 4795 4794 
usemtl PATCH_50
f 4794 4795 4829 4828 
usemtl PATCH_50
f 4828 4829 4863 4862 
usemtl PATCH_50
f 4862 4863 4897 4896 
usemtl PATCH_50
f 4896 4897 4931 4930 
usemtl PATCH_50
f 4930 4931 706 707 
usemtl PATCH_50
f 690 691 4728 4727 
usemtl PATCH_50
f 4727 4728 4762 4761 
usemtl PATCH_50
f 4761 4762 4796 4795 
usemtl PATCH_50
f 4795 4796 4830 4829 
usemtl PATCH_50
f 4829 4830 4864 4863 
usemtl PATCH_50
f 4863 4864 4898 4897 
usemtl PATCH_50
f 4897 4898 4932 4931 
usemtl PATCH_50
f 4931 4932 705 706 
usemtl PATCH_50
f 691 692 4729 4728 
usemtl PATCH_50
f 4728 4729 4763 4762 
usemtl PATCH_50
f 4762 4763 4797 4796 
usemtl PATCH_50
f 4796 4797 4831 4830 
usemtl PATCH_50
f 4830 4831 4865 4864 
usemtl PATCH_50
f 4864 4865 4899 4898 
usemtl PATCH_50
f 4898 4899 4933 4932 
usemtl PATCH_50
f 4932 4933 704 705 
usemtl PATCH_50
f 692 693 4730 4729 
usemtl PATCH_50
f 4729 4730 4764 4763 
usemtl PATCH_50
f 4763 4764 4798 4797 
usemtl PATCH_50
f 4797 4798 4832 4831 
usemtl PATCH_50
f 4831 4832 4866 4865 
usemtl PATCH_50
f 4865 4866 4900 4899 
usemtl PATCH_50
f 4899 4900 4934 4933 
usemtl PATCH_50
f 4933 4934 703 704 
usemtl PATCH_50
f 693 694 4731 4730 
usemtl PATCH_50
f 4730 4731 4765 4764 
usemtl PATCH_50
f 4764 4765 4799 4798 
usemtl PATCH_50
f 4798 4799 4833 4832 
usemtl PATCH_50
f 4832 4833 4867 4866 
usemtl PATCH_50
f 4866 4867 4901 4900 
usemtl PATCH_50
f 4900 4901 4935 4934 
usemtl PATCH_50
f 4934 4935 702 703 
usemtl PATCH_50
f 694 29 695 4731 
usemtl PATCH_50
f 4731 695 696 4765 
usemtl PATCH_50
f 4765 696 697 4799 
usemtl PATCH_50
f 4799 697 698 4833 
usemtl PATCH_50
f 4833 698 699 4867 
usemtl PATCH_50
f 4867 699 700 4901 
usemtl PATCH_50
f 4901 700 701 4935 
usemtl PATCH_50
f 4935 701 30 702 
usemtl PATCH_37
f 24 430 4936 661 
usemtl PATCH_37
f 661 4936 4944 662 
usemtl PATCH_37
f 662 4944 4952 663 
usemtl PATCH_37
f 663 4952 4960 664 
usemtl PATCH_37
f 664 4960 4968 665 
usemtl PATCH_37
f 665 4968 4976 666 
usemtl PATCH_37
f 666 4976 4984 667 
usemtl PATCH_37
f 667 4984 4992 668 
usemtl PATCH_37
f 668 4992 5000 669 
usemtl PATCH_37
f 669 5000 5008 670 
usemtl PATCH_37
f 670 5008 5016 671 
usemtl PATCH_37
f 671 5016 5024 672 
usemtl PATCH_37
f 672 5024 5032 673 
usemtl PATCH_37
f 673 5032 5040 674 
usemtl PATCH_37
f 674 5040 5048 675 
usemtl PATCH_37
f 675 5048 5056 676 
usemtl PATCH_37
f 676 5056 5064 677 
usemtl PATCH_37
f 677 5064 5072 678 
usemtl PATCH_37
f 678 5072 5080 679 
usemtl PATCH_37
f 679 5080 5088 680 
usemtl PATCH_37
f 680 5088 5096 681 
usemtl PATCH_37
f 681 5096 5104 682 
usemtl PATCH_37
f 682 5104 5112 683 
usemtl PATCH_37
f 683 5112 5120 684 
usemtl PATCH_37
f 684 5120 5128 685 
usemtl PATCH_37
f 685 5128 5136 686 
usemtl PATCH_37
f 686 5136 5144 687 
usemtl PATCH_37
f 687 5144 5152 688 
usemtl PATCH_37
f 688 5152 5160 689 
usemtl PATCH_37
f 689 5160 5168 690 
usemtl PATCH_37
f 690 5168 5176 691 
usemtl PATCH_37
f 691 5176 5184 692 
usemtl PATCH_37
f 692 5184 5192 693 
usemtl PATCH_37
f 693 5192 5200 694 
usemtl PATCH_37
f 694 5200 777 29 
usemtl PATCH_37
f 430 429 4937 4936 
usemtl PATCH_37
f 4936 4937 4945 4944 
usemtl PATCH_37
f 4944 4945 4953 4952 
usemtl PATCH_37
f 4952 4953 4961 4960 
usemtl PATCH_37
f 4960 4961 4969 4968 
usemtl PATCH_37
f 4968 4969 4977 4976 
usemtl PATCH_37
f 4976 4977 4985 4984 
usemtl PATCH_37
f 4984 4985 4993 4992 
usemtl PATCH_37
f 4992 4993 5001 5000 
usemtl PATCH_37
f 5000 5001 5009 5008 
usemtl PATCH_37
f 5008 5009 5017 5016 
usemtl PATCH_37
f 5016 5017 5025 5024 
usemtl PATCH_37
f 5024 5025 5033 5032 
usemtl PATCH_37
f 5032 5033 5041 5040 
usemtl PATCH_37
f 5040 5041 5049 5048 
usemtl PATCH_37
f 5048 5049 5057 5056 
usemtl PATCH_37
f 5056 5057 5065 5064 
usemtl PATCH_37
f 5064 5065 5073 5072 
usemtl PATCH_37
f 5072 5073 5081 5080 
usemtl PATCH_37
f 5080 5081 5089 5088 
usemtl PATCH_37
f 5088 5089 5097 5096 
usemtl PATCH_37
f 5096 5097 5105 5104 
usemtl PATCH_37
f 5104 5105 5113 5112 
usemtl PATCH_37
f 5112 5113 5121 5120 
usemtl PATCH_37
f 5120 5121 5129 5128 
usemtl PATCH_37
f 5128 5129 5137 5136 
usemtl PATCH_37
f 5136 5137 5145 5144 
usemtl PATCH_37
f 5144 5145 5153 5152 
usemtl PATCH_37
f 5152 5153 5161 5160 
usemtl PATCH_37
f 5160 5161 5169 5168 
usemtl PATCH_37
f 5168 5169 5177 5176 
usemtl PATCH_37
f 5176 5177 5185 5184 
usemtl PATCH_37
f 5184 5185 5193 5192 
usemtl PATCH_37
f 5192 5193 5201 5200 
usemtl PATCH_37
f 5200 5201 776 777 
usemtl PATCH_37
f 429 428 4938 4937 
usemtl PATCH_37
f 4937 4938 4946 4945 
usemtl PATCH_37
f 4945 4946 4954 4953 
usemtl PATCH_37
f 4953 4954 4962 4961 
usemtl PATCH_37
f 4961 4962 4970 4969 
usemtl PATCH_37
f 4969 4970 4978 4977 
usemtl PATCH_37
f 4977 4978 4986 4985 
usemtl PATCH_37
f 4985 4986 4994 4993 
usemtl PATCH_37
f 4993 4994 5002 5001 
usemtl PATCH_37
f 5001 5002 5010 5009 
usemtl PATCH_37
f 5009 5010 5018 5017 
usemtl PATCH_37
f 5017 5018 5026 5025 
usemtl PATCH_37
f 5025 5026 5034 5033 
usemtl PATCH_37
f 5033 5034 5042 5041 
usemtl PATCH_37
f 5041 5042 5050 5049 
usemtl PATCH_37
f 5049 5050 5058 5057 
usemtl PATCH_37
f 5057 5058 5066 5065 
usemtl PATCH_37
f 5065 5066 5074 5073 
usemtl PATCH_37
f 5073 5074 5082 5081 
usemtl PATCH_37
f 5081 5082 5090 5089 
usemtl PATCH_37
f 5089 5090 5098 5097 
usemtl PATCH_37
f 5097 5098 5106 5105 
usemtl PATCH_37
f 5105 5106 5114 5113 
usemtl PATCH_37
f 5113 5114 5122 5121 
usemtl PATCH_37
f 5121 5122 5130 5129 
usemtl PATCH_37
f 5129 5130 5138 5137 
usemtl PATCH_37
f 5137 5138 5146 5145 
usemtl PATCH_37
f 5145 5146 5154 5153 
usemtl PATCH_37
f 5153 5154 5162 5161 
usemtl PATCH_37
f 5161 5162 5170 5169 
usemtl PATCH_37
f 5169 5170 5178 5177 
usemtl PATCH_37
f 5177 5178 5186 5185 
usemtl PATCH_37
f 5185 5186 5194 5193 
usemtl PATCH_37
f 5193 5194 5202 5201 
usemtl PATCH_37
f 5201 5202 775 776 
usemtl PATCH_37
f 428 427 4939 4938 
usemtl PATCH_37
f 4938 4939 4947 4946 
usemtl PATCH_37
f 4946 4947 4955 4954 
usemtl PATCH_37
f 4954 4955 4963 4962 
usemtl PATCH_37
f 4962 4963 4971 4970 
usemtl PATCH_37
f 4970 4971 4979 4978 
usemtl PATCH_37
f 4978 4979 4987 4986 
usemtl PATCH_37
f 4986 4987 4995 4994 
usemtl PATCH_37
f 4994 4995 5003 5002 
usemtl PATCH_37
f 5002 5003 5011 5010 
usemtl PATCH_37
f 5010 5011 5019 5018 
usemtl PATCH_37
f 5018 5019 5027 5026 
usemtl PATCH_37
f 5026 5027 5035 5034 
usemtl PATCH_37
f 5034 5035 5043 5042 
usemtl PATCH_37
f 5042 5043 5051 5050 
usemtl PATCH_37
f 5050 5051 5059 5058 
usemtl PATCH_37
f 5058 5059 5067 5066 
usemtl PATCH_37
f 5066 5067 5075 5074 
usemtl PATCH_37
f 5074 5075 5083 5082 
usemtl PATCH_37
f 5082 5083 5091 5090 
usemtl PATCH_37
f 5090 5091 5099 5098 
usemtl PATCH_37
f 5098 5099 5107 5106 
usemtl PATCH_37
f 5106 5107 5115 5114 
usemtl PATCH_37
f 5114 5115 5123 5122 
usemtl PATCH_37
f 5122 5123 5131 5130 
usemtl PATCH_37
f 5130 5131 5139 5138 
usemtl PATCH_37
f 5138 5139 5147 5146 
usemtl PATCH_37
f 5146 5147 5155 5154 
usemtl PATCH_37
f 5154 5155 5163 5162 
usemtl PATCH_37
f 5162 5163 5171 5170 
usemtl PATCH_37
f 5170 5171 5179 5178 
usemtl PATCH_37
f 5178 5179 5187 5186 
usemtl PATCH_37
f 5186 5187 5195 5194 
usemtl PATCH_37
f 5194 5195 5203 5202 
usemtl PATCH_37
f 5202 5203 774 775 
usemtl PATCH_37
f 427 426 4940 4939 
usemtl PATCH_37
f 4939 4940 4948 4947 
usemtl PATCH_37
f 4947 4948 4956 4955 
usemtl PATCH_37
f 4955 4956 4964 4963 
usemtl PATCH_37
f 4963 4964 4972 4971 
usemtl PATCH_37
f 4971 4972 4980 4979 
usemtl PATCH_37
f 4979 4980 4988 4987 
usemtl PATCH_37
f 4987 4988 4996 4995 
usemtl PATCH_37
f 4995 4996 5004 5003 
usemtl PATCH_37
f 5003 5004 5012 5011 
usemtl PATCH_37
f 5011 5012 5020 5019 
usemtl PATCH_37
f 5019 5020 5028 5027 
usemtl PATCH_37
f 5027 5028 5036 5035 
usemtl PATCH_37
f 5035 5036 5044 5043 
usemtl PATCH_37
f 5043 5044 5052 5051 
usemtl PATCH_37
f 5051 5052 5060 5059 
usemtl PATCH_37
f 5059 5060 5068 5067 
usemtl PATCH_37
f 5067 5068 5076 5075 
usemtl PATCH_37
f 5075 5076 5084 5083 
usemtl PATCH_37
f 5083 5084 5092 5091 
usemtl PATCH_37
f 5091 5092 5100 5099 
usemtl PATCH_37
f 5099 5100 5108 5107 
usemtl PATCH_37
f 5107 5108 5116 5115 
usemtl PATCH_37
f 5115 5116 5124 5123 
usemtl PATCH_37
f 5123 5124 5132 5131 
usemtl PATCH_37
f 5131 5132 5140 5139 
usemtl PATCH_37
f 5139 5140 5148 5147 
usemtl PATCH_37
f 5147 5148 5156 5155 
usemtl PATCH_37
f 5155 5156 5164 5163 
usemtl PATCH_37
f 5163 5164 5172 5171 
usemtl PATCH_37
f 5171 5172 5180 5179 
usemtl PATCH_37
f 5179 5180 5188 5187 
usemtl PATCH_37
f 5187 5188 5196 5195 
usemtl PATCH_37
f 5195 5196 5204 5203 
usemtl PATCH_37
f 5203 5204 773 774 
usemtl PATCH_37
f 426 425 4941 4940 
usemtl PATCH_37
f 4940 4941 4949 4948 
usemtl PATCH_37
f 4948 4949 4957 4956 
usemtl PATCH_37
f 4956 4957 4965 4964 
usemtl PATCH_37
f 4964 4965 4973 4972 
usemtl PATCH_37
f 4972 4973 4981 4980 
usemtl PATCH_37
f 4980 4981 4989 4988 
usemtl PATCH_37
f 4988 4989 4997 4996 
usemtl PATCH_37
f 4996 4997 5005 5004 
usemtl PATCH_37
f 5004 5005 5013 5012 
usemtl PATCH_37
f 5012 5013 5021 5020 
usemtl PATCH_37
f 5020 5021 5029 5028 
usemtl PATCH_37
f 5028 5029 5037 5036 
usemtl PATCH_37
f 5036 5037 5045 5044 
usemtl PATCH_37
f 5044 5045 5053 5052 
usemtl PATCH_37
f 5052 5053 5061 5060 
usemtl PATCH_37
f 5060 5061 5069 5068 
usemtl PATCH_37
f 5068 5069 5077 5076 
usemtl PATCH_37
f 5076 5077 5085 5084 
usemtl PATCH_37
f 5084 5085 5093 5092 
usemtl PATCH_37
f 5092 5093 5101 5100 
usemtl PATCH_37
f 5100 5101 5109 5108 
usemtl PATCH_37
f 5108 5109 5117 5116 
usemtl PATCH_37
f 5116 5117 5125 5124 
usemtl PATCH_37
f 5124 5125 5133 5132 
usemtl PATCH_37
f 5132 5133 5141 5140 
usemtl PATCH_37
f 5140 5141 5149 5148 
usemtl PATCH_37
f 5148 5149 5157 5156 
usemtl PATCH_37
f 5156 5157 5165 5164 
usemtl PATCH_37
f 5164 5165 5173 5172 
usemtl PATCH_37
f 5172 5173 5181 5180 
usemtl PATCH_37
f 5180 5181 5189 5188 
usemtl PATCH_37
f 5188 5189 5197 5196 
usemtl PATCH_37
f 5196 5197 5205 5204 
usemtl PATCH_37
f 5204 5205 772 773 
usemtl PATCH_37
f 425 424 4942 4941 
usemtl PATCH_37
f 4941 4942 4950 4949 
usemtl PATCH_37
f 4949 4950 4958 4957 
usemtl PATCH_37
f 4957 4958 4966 4965 
usemtl PATCH_37
f 4965 4966 4974 4973 
usemtl PATCH_37
f 4973 4974 4982 4981 
usemtl PATCH_37
f 4981 4982 4990 4989 
usemtl PATCH_37
f 4989 4990 4998 4997 
usemtl PATCH_37
f 4997 4998 5006 5005 
usemtl PATCH_37
f 5005 5006 5014 5013 
usemtl PATCH_37
f 5013 5014 5022 5021 
usemtl PATCH_37
f 5021 5022 5030 5029 
usemtl PATCH_37
f 5029 5030 5038 5037 
usemtl PATCH_37
f 5037 5038 5046 5045 
usemtl PATCH_37
f 5045 5046 5054 5053 
usemtl PATCH_37
f 5053 5054 5062 5061 
usemtl PATCH_37
f 5061 5062 5070 5069 
usemtl PATCH_37
f 5069 5070 5078 5077 
usemtl PATCH_37
f 5077 5078 5086 5085 
usemtl PATCH_37
f 5085 5086 5094 5093 
usemtl PATCH_37
f 5093 5094 5102 5101 
usemtl PATCH_37
f 5101 5102 5110 5109 
usemtl PATCH_37
f 5109 5110 5118 5117 
usemtl PATCH_37
f 5117 5118 5126 5125 
usemtl PATCH_37
f 5125 5126 5134 5133 
usemtl PATCH_37
f 5133 5134 5142 5141 
usemtl PATCH_37
f 5141 5142 5150 5149 
usemtl PATCH_37
f 5149 5150 5158 5157 
usemtl PATCH_37
f 5157 5158 5166 5165 
usemtl PATCH_37
f 5165 5166 5174 5173 
usemtl PATCH_37
f 5173 5174 5182 5181 
usemtl PATCH_37
f 5181 5182 5190 5189 
usemtl PATCH_37
f 5189 5190 5198 5197 
usemtl PATCH_37
f 5197 5198 5206 5205 
usemtl PATCH_37
f 5205 5206 771 772 
usemtl PATCH_37
f 424 423 4943 4942 
usemtl PATCH_37
f 4942 4943 4951 4950 
usemtl PATCH_37
f 4950 4951 4959 4958 
usemtl PATCH_37
f 4958 4959 4967 4966 
usemtl PATCH_37
f 4966 4967 4975 4974 
usemtl PATCH_37
f 4974 4975 4983 4982 
usemtl PATCH_37
f 4982 4983 4991 4990 
usemtl PATCH_37
f 4990 4991 4999 4998 
usemtl PATCH_37
f 4998 4999 5007 5006 
usemtl PATCH_37
f 5006 5007 5015 5014 
usemtl PATCH_37
f 5014 5015 5023 5022 
usemtl PATCH_37
f 5022 5023 5031 5030 
usemtl PATCH_37
f 5030 5031 5039 5038 
usemtl PATCH_37
f 5038 5039 5047 5046 
usemtl PATCH_37
f 5046 5047 5055 5054 
usemtl PATCH_37
f 5054 5055 5063 5062 
usemtl PATCH_37
f 5062 5063 5071 5070 
usemtl PATCH_37
f 5070 5071 5079 5078 
usemtl PATCH_37
f 5078 5079 5087 5086 
usemtl PATCH_37
f 5086 5087 5095 5094 
usemtl PATCH_37
f 5094 5095 5103 5102 
usemtl PATCH_37
f 5102 5103 5111 5110 
usemtl PATCH_37
f 5110 5111 5119 5118 
usemtl PATCH_37
f 5118 5119 5127 5126 
usemtl PATCH_37
f 5126 5127 5135 5134 
usemtl PATCH_37
f 5134 5135 5143 5142 
usemtl PATCH_37
f 5142 5143 5151 5150 
usemtl PATCH_37
f 5150 5151 5159 5158 
usemtl PATCH_37
f 5158 5159 5167 5166 
usemtl PATCH_37
f 5166 5167 5175 5174 
usemtl PATCH_37
f 5174 5175 5183 5182 
usemtl PATCH_37
f 5182 5183 5191 5190 
usemtl PATCH_37
f 5190 5191 5199 5198 
usemtl PATCH_37
f 5198 5199 5207 5206 
usemtl PATCH_37
f 5206 5207 770 771 
usemtl PATCH_37
f 423 23 736 4943 
usemtl PATCH_37
f 4943 736 737 4951 
usemtl PATCH_37
f 4951 737 738 4959 
usemtl PATCH_37
f 4959 738 739 4967 
usemtl PATCH_37
f 4967 739 740 4975 
usemtl PATCH_37
f 4975 740 741 4983 
usemtl PATCH_37
f 4983 741 742 4991 
usemtl PATCH_37
f 4991 742 743 4999 
usemtl PATCH_37
f 4999 743 744 5007 
usemtl PATCH_37
f 5007 744 745 5015 
usemtl PATCH_37
f 5015 745 746 5023 
usemtl PATCH_37
f 5023 746 747 5031 
usemtl PATCH_37
f 5031 747 748 5039 
usemtl PATCH_37
f 5039 748 749 5047 
usemtl PATCH_37
f 5047 749 750 5055 
usemtl PATCH_37
f 5055 750 751 5063 
usemtl PATCH_37
f 5063 751 752 5071 
usemtl PATCH_37
f 5071 752 753 5079 
usemtl PATCH_37
f 5079 753 754 5087 
usemtl PATCH_37
f 5087 754 755 5095 
usemtl PATCH_37
f 5095 755 756 5103 
usemtl PATCH_37
f 5103 756 757 5111 
usemtl PATCH_37
f 5111 757 758 5119 
usemtl PATCH_37
f 5119 758 759 5127 
usemtl PATCH_37
f 5127 759 760 5135 
usemtl PATCH_37
f 5135 760 761 5143 
usemtl PATCH_37
f 5143 761 762 5151 
usemtl PATCH_37
f 5151 762 763 5159 
usemtl PATCH_37
f 5159 763 764 5167 
usemtl PATCH_37
f 5167 764 765 5175 
usemtl PATCH_37
f 5175 765 766 5183 
usemtl PATCH_37
f 5183 766 767 5191 
usemtl PATCH_37
f 5191 767 768 5199 
usemtl PATCH_37
f 5199 768 769 5207 
usemtl PATCH_37
f 5207 769 31 770 
usemtl PATCH_32
f 23 778 5208 736 
usemtl PATCH_32
f 736 5208 5215 737 
usemtl PATCH_32
f 737 5215 5222 738 
usemtl PATCH_32
f 738 5222 5229 739 
usemtl PATCH_32
f 739 5229 5236 740 
usemtl PATCH_32
f 740 5236 5243 741 
usemtl PATCH_32
f 741 5243 5250 742 
usemtl PATCH_32
f 742 5250 5257 743 
usemtl PATCH_32
f 743 5257 5264 744 
usemtl PATCH_32
f 744 5264 5271 745 
usemtl PATCH_32
f 745 5271 5278 746 
usemtl PATCH_32
f 746 5278 5285 747 
usemtl PATCH_32
f 747 5285 5292 748 
usemtl PATCH_32
f 748 5292 5299 749 
usemtl PATCH_32
f 749 5299 5306 750 
usemtl PATCH_32
f 750 5306 5313 751 
usemtl PATCH_32
f 751 5313 5320 752 
usemtl PATCH_32
f 752 5320 5327 753 
usemtl PATCH_32
f 753 5327 5334 754 
usemtl PATCH_32
f 754 5334 5341 755 
usemtl PATCH_32
f 755 5341 5348 756 
usemtl PATCH_32
f 756 5348 5355 757 
usemtl PATCH_32
f 757 5355 5362 758 
usemtl PATCH_32
f 758 5362 5369 759 
usemtl PATCH_32
f 759 5369 5376 760 
usemtl PATCH_32
f 760 5376 5383 761 
usemtl PATCH_32
f 761 5383 5390 762 
usemtl PATCH_32
f 762 5390 5397 763 
usemtl PATCH_32
f 763 5397 5404 764 
usemtl PATCH_32
f 764 5404 5411 765 
usemtl PATCH_32
f 765 5411 5418 766 
usemtl PATCH_32
f 766 5418 5425 767 
usemtl PATCH_32
f 767 5425 5432 768 
usemtl PATCH_32
f 768 5432 5439 769 
usemtl PATCH_32
f 769 5439 825 31 
usemtl PATCH_32
f 778 779 5209 5208 
usemtl PATCH_32
f 5208 5209 5216 5215 
usemtl PATCH_32
f 5215 5216 5223 5222 
usemtl PATCH_32
f 5222 5223 5230 5229 
usemtl PATCH_32
f 5229 5230 5237 5236 
usemtl PATCH_32
f 5236 5237 5244 5243 
usemtl PATCH_32
f 5243 5244 5251 5250 
usemtl PATCH_32
f 5250 5251 5258 5257 
usemtl PATCH_32
f 5257 5258 5265 5264 
usemtl PATCH_32
f 5264 5265 5272 5271 
usemtl PATCH_32
f 5271 5272 5279 5278 
usemtl PATCH_32
f 5278 5279 5286 5285 
usemtl PATCH_32
f 5285 5286 5293 5292 
usemtl PATCH_32
f 5292 5293 5300 5299 
usemtl PATCH_32
f 5299 5300 5307 5306 
usemtl PATCH_32
f 5306 5307 5314 5313 
usemtl PATCH_32
f 5313 5314 5321 5320 
usemtl PATCH_32
f 5320 5321 5328 5327 
usemtl PATCH_32
f 5327 5328 5335 5334 
usemtl PATCH_32
f 5334 5335 5342 5341 
usemtl PATCH_32
f 5341 5342 5349 5348 
usemtl PATCH_32
f 5348 5349 5356 5355 
usemtl PATCH_32
f 5355 5356 5363 5362 
usemtl PATCH_32
f 5362 5363 5370 5369 
usemtl PATCH_32
f 5369 5370 5377 5376 
usemtl PATCH_32
f 5376 5377 5384 5383 
usemtl PATCH_32
f 5383 5384 5391 5390 
usemtl PATCH_32
f 5390 5391 5398 5397 
usemtl PATCH_32
f 5397 5398 5405 5404 
usemtl PATCH_32
f 5404 5405 5412 5411 
usemtl PATCH_32
f 5411 5412 5419 5418 
usemtl PATCH_32
f 5418 5419 5426 5425 
usemtl PATCH_32
f 5425 5426 5433 5432 
usemtl PATCH_32
f 5432 5433 5440 5439 
usemtl PATCH_32
f 5439 5440 824 825 
usemtl PATCH_32
f 779 780 5210 5209 
usemtl PATCH_32
f 5209 5210 5217 5216 
usemtl PATCH_32
f 5216 5217 5224 5223 
usemtl PATCH_32
f 5223 5224 5231 5230 
usemtl PATCH_32
f 5230 5231 5238 5237 
usemtl PATCH_32
f 5237 5238 5245 5244 
usemtl PATCH_32
f 5244 5245 5252 5251 
usemtl PATCH_32
f 5251 5252 5259 5258 
usemtl PATCH_32
f 5258 5259 5266 5265 
usemtl PATCH_32
f 5265 5266 5273 5272 
usemtl PATCH_32
f 5272 5273 5280 5279 
usemtl PATCH_32
f 5279 5280 5287 5286 
usemtl PATCH_32
f 5286 5287 5294 5293 
usemtl PATCH_32
f 5293 5294 5301 5300 
usemtl PATCH_32
f 5300 5301 5308 5307 
usemtl PATCH_32
f 5307 5308 5315 5314 
usemtl PATCH_32
f 5314 5315 5322 5321 
usemtl PATCH_32
f 5321 5322 5329 5328 
usemtl PATCH_32
f 5328 5329 5336 5335 
usemtl PATCH_32
f 5335 5336 5343 5342 
usemtl PATCH_32
f 5342 5343 5350 5349 
usemtl PATCH_32
f 5349 5350 5357 5356 
usemtl PATCH_32
f 5356 5357 5364 5363 
usemtl PATCH_32
f 5363 5364 5371 5370 
usemtl PATCH_32
f 5370 5371 5378 5377 
usemtl PATCH_32
f 5377 5378 5385 5384 
usemtl PATCH_32
f 5384 5385 5392 5391 
usemtl PATCH_32
f 5391 5392 5399 5398 
usemtl PATCH_32
f 5398 5399 5406 5405 
usemtl PATCH_32
f 5405 5406 5413 5412 
usemtl PATCH_32
f 5412 5413 5420 5419 
usemtl PATCH_32
f 5419 5420 5427 5426 
usemtl PATCH_32
f 5426 5427 5434 5433 
usemtl PATCH_32
f 5433 5434 5441 5440 
usemtl PATCH_32
f 5440 5441 823 824 
usemtl PATCH_32
f 780 781 5211 5210 
usemtl PATCH_32
f 5210 5211 5218 5217 
usemtl PATCH_32
f 5217 5218 5225 5224 
usemtl PATCH_32
f 5224 5225 5232 5231 
usemtl PATCH_32
f 5231 5232 5239 5238 
usemtl PATCH_32
f 5238 5239 5246 5245 
usemtl PATCH_32
f 5245 5246 5253 5252 
usemtl PATCH_32
f 5252 5253 5260 5259 
usemtl PATCH_32
f 5259 5260 5267 5266 
usemtl PATCH_32
f 5266 5267 5274 5273 
usemtl PATCH_32
f 5273 5274 5281 5280 
usemtl PATCH_32
f 5280 5281 5288 5287 
usemtl PATCH_32
f 5287 5288 5295 5294 
usemtl PATCH_32
f 5294 5295 5302 5301 
usemtl PATCH_32
f 5301 5302 5309 5308 
usemtl PATCH_32
f 5308 5309 5316 5315 
usemtl PATCH_32
f 5315 5316 5323 5322 
usemtl PATCH_32
f 5322 5323 5330 5329 
usemtl PATCH_32
f 5329 5330 5337 5336 
usemtl PATCH_32
f 5336 5337 5344 5343 
usemtl PATCH_32
f 5343 5344 5351 5350 
usemtl PATCH_32
f 5350 5351 5358 5357 
usemtl PATCH_32
f 5357 5358 5365 5364 
usemtl PATCH_32
f 5364 5365 5372 5371 
usemtl PATCH_32
f 5371 5372 5379 5378 
usemtl PATCH_32
f 5378 5379 5386 5385 
usemtl PATCH_32
f 5385 5386 5393 5392 
usemtl PATCH_32
f 5392 5393 5400 5399 
usemtl PATCH_32
f 5399 5400 5407 5406 
usemtl PATCH_32
f 5406 5407 5414 5413 
usemtl PATCH_32
f 5413 5414 5421 5420 
usemtl PATCH_32
f 5420 5421 5428 5427 
usemtl PATCH_32
f 5427 5428 5435 5434 
usemtl PATCH_32
f 5434 5435 5442 5441 
usemtl PATCH_32
f 5441 5442 822 823 
usemtl PATCH_32
f 781 782 5212 5211 
usemtl PATCH_32
f 5211 5212 5219 5218 
usemtl PATCH_32
f 5218 5219 5226 5225 
usemtl PATCH_32
f 5225 5226 5233 5232 
usemtl PATCH_32
f 5232 5233 5240 5239 
usemtl PATCH_32
f 5239 5240 5247 5246 
usemtl PATCH_32
f 5246 5247 5254 5253 
usemtl PATCH_32
f 5253 5254 5261 5260 
usemtl PATCH_32
f 5260 5261 5268 5267 
usemtl PATCH_32
f 5267 5268 5275 5274 
usemtl PATCH_32
f 5274 5275 5282 5281 
usemtl PATCH_32
f 5281 5282 5289 5288 
usemtl PATCH_32
f 5288 5289 5296 5295 
usemtl PATCH_32
f 5295 5296 5303 5302 
usemtl PATCH_32
f 5302 5303 5310 5309 
usemtl PATCH_32
f 5309 5310 5317 5316 
usemtl PATCH_32
f 5316 5317 5324 5323 
usemtl PATCH_32
f 5323 5324 5331 5330 
usemtl PATCH_32
f 5330 5331 5338 5337 
usemtl PATCH_32
f 5337 5338 5345 5344 
usemtl PATCH_32
f 5344 5345 5352 5351 
usemtl PATCH_32
f 5351 5352 5359 5358 
usemtl PATCH_32
f 5358 5359 5366 5365 
usemtl PATCH_32
f 5365 5366 5373 5372 
usemtl PATCH_32
f 5372 5373 5380 5379 
usemtl PATCH_32
f 5379 5380 5387 5386 
usemtl PATCH_32
f 5386 5387 5394 5393 
usemtl PATCH_32
f 5393 5394 5401 5400 
usemtl PATCH_32
f 5400 5401 5408 5407 
usemtl PATCH_32
f 5407 5408 5415 5414 
usemtl PATCH_32
f 5414 5415 5422 5421 
usemtl PATCH_32
f 5421 5422 5429 5428 
usemtl PATCH_32
f 5428 5429 5436 5435 
usemtl PATCH_32
f 5435 5436 5443 5442 
usemtl PATCH_32
f 5442 5443 821 822 
usemtl PATCH_32
f 782 783 5213 5212 
usemtl PATCH_32
f 5212 5213 5220 5219 
usemtl PATCH_32
f 5219 5220 5227 5226 
usemtl PATCH_32
f 5226 5227 5234 5233 
usemtl PATCH_32
f 5233 5234 5241 5240 
usemtl PATCH_32
f 5240 5241 5248 5247 
usemtl PATCH_32
f 5247 5248 5255 5254 
usemtl PATCH_32
f 5254 5255 5262 5261 
usemtl PATCH_32
f 5261 5262 5269 5268 
usemtl PATCH_32
f 5268 5269 5276 5275 
usemtl PATCH_32
f 5275 5276 5283 5282 
usemtl PATCH_32
f 5282 5283 5290 5289 
usemtl PATCH_32
f 5289 5290 5297 5296 
usemtl PATCH_32
f 5296 5297 5304 5303 
usemtl PATCH_32
f 5303 5304 5311 5310 
usemtl PATCH_32
f 5310 5311 5318 5317 
usemtl PATCH_32
f 5317 5318 5325 5324 
usemtl PATCH_32
f 5324 5325 5332 5331 
usemtl PATCH_32
f 5331 5332 5339 5338 
usemtl PATCH_32
f 5338 5339 5346 5345 
usemtl PATCH_32
f 5345 5346 5353 5352 
usemtl PATCH_32
f 5352 5353 5360 5359 
usemtl PATCH_32
f 5359 5360 5367 5366 
usemtl PATCH_32
f 5366 5367 5374 5373 
usemtl PATCH_32
f 5373 5374 5381 5380 
usemtl PATCH_32
f 5380 5381 5388 5387 
usemtl PATCH_32
f 5387 5388 5395 5394 
usemtl PATCH_32
f 5394 5395 5402 5401 
usemtl PATCH_32
f 5401 5402 5409 5408 
usemtl PATCH_32
f 5408 5409 5416 5415 
usemtl PATCH_32
f 5415 5416 5423 5422 
usemtl PATCH_32
f 5422 5423 5430 5429 
usemtl PATCH_32
f 5429 5430 5437 5436 
usemtl PATCH_32
f 5436 5437 5444 5443 
usemtl PATCH_32
f 5443 5444 820 821 
usemtl PATCH_32
f 783 784 5214 5213 
usemtl PATCH_32
f 5213 5214 5221 5220 
usemtl PATCH_32
f 5220 5221 5228 5227 
usemtl PATCH_32
f 5227 5228 5235 5234 
usemtl PATCH_32
f 5234 5235 5242 5241 
usemtl PATCH_32
f 5241 5242 5249 5248 
usemtl PATCH_32
f 5248 5249 5256 5255 
usemtl PATCH_32
f 5255 5256 5263 5262 
usemtl PATCH_32
f 5262 5263 5270 5269 
usemtl PATCH_32
f 5269 5270 5277 5276 
usemtl PATCH_32
f 5276 5277 5284 5283 
usemtl PATCH_32
f 5283 5284 5291 5290 
usemtl PATCH_32
f 5290 5291 5298 5297 
usemtl PATCH_32
f 5297 5298 5305 5304 
usemtl PATCH_32
f 5304 5305 5312 5311 
usemtl PATCH_32
f 5311 5312 5319 5318 
usemtl PATCH_32
f 5318 5319 5326 5325 
usemtl PATCH_32
f 5325 5326 5333 5332 
usemtl PATCH_32
f 5332 5333 5340 5339 
usemtl PATCH_32
f 5339 5340 5347 5346 
usemtl PATCH_32
f 5346 5347 5354 5353 
usemtl PATCH_32
f 5353 5354 5361 5360 
usemtl PATCH_32
f 5360 5361 5368 5367 
usemtl PATCH_32
f 5367 5368 5375 5374 
usemtl PATCH_32
f 5374 5375 5382 5381 
usemtl PATCH_32
f 5381 5382 5389 5388 
usemtl PATCH_32
f 5388 5389 5396 5395 
usemtl PATCH_32
f 5395 5396 5403 5402 
usemtl PATCH_32
f 5402 5403 5410 5409 
usemtl PATCH_32
f 5409 5410 5417 5416 
usemtl PATCH_32
f 5416 5417 5424 5423 
usemtl PATCH_32
f 5423 5424 5431 5430 
usemtl PATCH_32
f 5430 5431 5438 5437 
usemtl PATCH_32
f 5437 5438 5445 5444 
usemtl PATCH_32
f 5444 5445 819 820 
usemtl PATCH_32
f 784 18 785 5214 
usemtl PATCH_32
f 5214 785 786 5221 
usemtl PATCH_32
f 5221 786 787 5228 
usemtl PATCH_32
f 5228 787 788 5235 
usemtl PATCH_32
f 5235 788 789 5242 
usemtl PATCH_32
f 5242 789 790 5249 
usemtl PATCH_32
f 5249 790 791 5256 
usemtl PATCH_32
f 5256 791 792 5263 
usemtl PATCH_32
f 5263 792 793 5270 
usemtl PATCH_32
f 5270 793 794 5277 
usemtl PATCH_32
f 5277 794 795 5284 
usemtl PATCH_32
f 5284 795 796 5291 
usemtl PATCH_32
f 5291 796 797 5298 
usemtl PATCH_32
f 5298 797 798 5305 
usemtl PATCH_32
f 5305 798 799 5312 
usemtl PATCH_32
f 5312 799 800 5319 
usemtl PATCH_32
f 5319 800 801 5326 
usemtl PATCH_32
f 5326 801 802 5333 
usemtl PATCH_32
f 5333 802 803 5340 
usemtl PATCH_32
f 5340 803 804 5347 
usemtl PATCH_32
f 5347 804 805 5354 
usemtl PATCH_32
f 5354 805 806 5361 
usemtl PATCH_32
f 5361 806 807 5368 
usemtl PATCH_32
f 5368 807 808 5375 
usemtl PATCH_32
f 5375 808 809 5382 
usemtl PATCH_32
f 5382 809 810 5389 
usemtl PATCH_32
f 5389 810 811 5396 
usemtl PATCH_32
f 5396 811 812 5403 
usemtl PATCH_32
f 5403 812 813 5410 
usemtl PATCH_32
f 5410 813 814 5417 
usemtl PATCH_32
f 5417 814 815 5424 
usemtl PATCH_32
f 5424 815 816 5431 
usemtl PATCH_32
f 5431 816 817 5438 
usemtl PATCH_32
f 5438 817 818 5445 
usemtl PATCH_32
f 5445 818 32 819 
usemtl PATCH_31
f 23 610 5446 778 
usemtl PATCH_31
f 778 5446 5475 779 
usemtl PATCH_31
f 779 5475 5504 780 
usemtl PATCH_31
f 780 5504 5533 781 
usemtl PATCH_31
f 781 5533 5562 782 
usemtl PATCH_31
f 782 5562 5591 783 
usemtl PATCH_31
f 783 5591 5620 784 
usemtl PATCH_31
f 784 5620 333 18 
usemtl PATCH_31
f 610 609 5447 5446 
usemtl PATCH_31
f 5446 5447 5476 5475 
usemtl PATCH_31
f 5475 5476 5505 5504 
usemtl PATCH_31
f 5504 5505 5534 5533 
usemtl PATCH_31
f 5533 5534 5563 5562 
usemtl PATCH_31
f 5562 5563 5592 5591 
usemtl PATCH_31
f 5591 5592 5621 5620 
usemtl PATCH_31
f 5620 5621 334 333 
usemtl PATCH_31
f 609 608 5448 5447 
usemtl PATCH_31
f 5447 5448 5477 5476 
usemtl PATCH_31
f 5476 5477 5506 5505 
usemtl PATCH_31
f 5505 5506 5535 5534 
usemtl PATCH_31
f 5534 5535 5564 5563 
usemtl PATCH_31
f 5563 5564 5593 5592 
usemtl PATCH_31
f 5592 5593 5622 5621 
usemtl PATCH_31
f 5621 5622 335 334 
usemtl PATCH_31
f 608 607 5449 5448 
usemtl PATCH_31
f 5448 5449 5478 5477 
usemtl PATCH_31
f 5477 5478 5507 5506 
usemtl PATCH_31
f 5506 5507 5536 5535 
usemtl PATCH_31
f 5535 5536 5565 5564 
usemtl PATCH_31
f 5564 5565 5594 5593 
usemtl PATCH_31
f 5593 5594 5623 5622 
usemtl PATCH_31
f 5622 5623 336 335 
usemtl PATCH_31
f 607 606 5450 5449 
usemtl PATCH_31
f 5449 5450 5479 5478 
usemtl PATCH_31
f 5478 5479 5508 5507 
usemtl PATCH_31
f 5507 5508 5537 5536 
usemtl PATCH_31
f 5536 5537 5566 5565 
usemtl PATCH_31
f 5565 5566 5595 5594 
usemtl PATCH_31
f 5594 5595 5624 5623 
usemtl PATCH_31
f 5623 5624 337 336 
usemtl PATCH_31
f 606 605 5451 5450 
usemtl PATCH_31
f 5450 5451 5480 5479 
usemtl PATCH_31
f 5479 5480 5509 5508 
usemtl PATCH_31
f 5508 5509 5538 5537 
usemtl PATCH_31
f 5537 5538 5567 5566 
usemtl PATCH_31
f 5566 5567 5596 5595 
usemtl PATCH_31
f 5595 5596 5625 5624 
usemtl PATCH_31
f 5624 5625 338 337 
usemtl PATCH_31
f 605 604 5452 5451 
usemtl PATCH_31
f 5451 5452 5481 5480 
usemtl PATCH_31
f 5480 5481 5510 5509 
usemtl PATCH_31
f 5509 5510 5539 5538 
usemtl PATCH_31
f 5538 5539 5568 5567 
usemtl PATCH_31
f 5567 5568 5597 5596 
usemtl PATCH_31
f 5596 5597 5626 5625 
usemtl PATCH_31
f 5625 5626 339 338 
usemtl PATCH_31
f 604 603 5453 5452 
usemtl PATCH_31
f 5452 5453 5482 5481 
usemtl PATCH_31
f 5481 5482 5511 5510 
usemtl PATCH_31
f 5510 5511 5540 5539 
usemtl PATCH_31
f 5539 5540 5569 5568 
usemtl PATCH_31
f 5568 5569 5598 5597 
usemtl PATCH_31
f 5597 5598 5627 5626 
usemtl PATCH_31
f 5626 5627 340 339 
usemtl PATCH_31
f 603 602 5454 5453 
usemtl PATCH_31
f 5453 5454 5483 5482 
usemtl PATCH_31
f 5482 5483 5512 5511 
usemtl PATCH_31
f 5511 5512 5541 5540 
usemtl PATCH_31
f 5540 5541 5570 5569 
usemtl PATCH_31
f 5569 5570 5599 5598 
usemtl PATCH_31
f 5598 5599 5628 5627 
usemtl PATCH_31
f 5627 5628 341 340 
usemtl PATCH_31
f 602 601 5455 5454 
usemtl PATCH_31
f 5454 5455 5484 5483 
usemtl PATCH_31
f 5483 5484 5513 5512 
usemtl PATCH_31
f 5512 5513 5542 5541 
usemtl PATCH_31
f 5541 5542 5571 5570 
usemtl PATCH_31
f 5570 5571 5600 5599 
usemtl PATCH_31
f 5599 5600 5629 5628 
usemtl PATCH_31
f 5628 5629 342 341 
usemtl PATCH_31
f 601 600 5456 5455 
usemtl PATCH_31
f 5455 5456 5485 5484 
usemtl PATCH_31
f 5484 5485 5514 5513 
usemtl PATCH_31
f 5513 5514 5543 5542 
usemtl PATCH_31
f 5542 5543 5572 5571 
usemtl PATCH_31
f 5571 5572 5601 5600 
usemtl PATCH_31
f 5600 5601 5630 5629 
usemtl PATCH_31
f 5629 5630 343 342 
usemtl PATCH_31
f 600 599 5457 5456 
usemtl PATCH_31
f 5456 5457 5486 5485 
usemtl PATCH_31
f 5485 5486 5515 5514 
usemtl PATCH_31
f 5514 5515 5544 5543 
usemtl PATCH_31
f 5543 5544 5573 5572 
usemtl PATCH_31
f 5572 5573 5602 5601 
usemtl PATCH_31
f 5601 5602 5631 5630 
usemtl PATCH_31
f 5630 5631 344 343 
usemtl PATCH_31
f 599 598 5458 5457 
usemtl PATCH_31
f 5457 5458 5487 5486 
usemtl PATCH_31
f 5486 5487 5516 5515 
usemtl PATCH_31
f 5515 5516 5545 5544 
usemtl PATCH_31
f 5544 5545 5574 5573 
usemtl PATCH_31
f 5573 5574 5603 5602 
usemtl PATCH_31
f 5602 5603 5632 5631 
usemtl PATCH_31
f 5631 5632 345 344 
usemtl PATCH_31
f 598 597 5459 5458 
usemtl PATCH_31
f 5458 5459 5488 5487 
usemtl PATCH_31
f 5487 5488 5517 5516 
usemtl PATCH_31
f 5516 5517 5546 5545 
usemtl PATCH_31
f 5545 5546 5575 5574 
usemtl PATCH_31
f 5574 5575 5604 5603 
usemtl PATCH_31
f 5603 5604 5633 5632 
usemtl PATCH_31
f 5632 5633 346 345 
usemtl PATCH_31
f 597 596 5460 5459 
usemtl PATCH_31
f 5459 5460 5489 5488 
usemtl PATCH_31
f 5488 5489 5518 5517 
usemtl PATCH_31
f 5517 5518 5547 5546 
usemtl PATCH_31
f 5546 5547 5576 5575 
usemtl PATCH_31
f 5575 5576 5605 5604 
usemtl PATCH_31
f 5604 5605 5634 5633 
usemtl PATCH_31
f 5633 5634 347 346 
usemtl PATCH_31
f 596 595 5461 5460 
usemtl PATCH_31
f 5460 5461 5490 5489 
usemtl PATCH_31
f 5489 5490 5519 5518 
usemtl PATCH_31
f 5518 5519 5548 5547 
usemtl PATCH_31
f 5547 5548 5577 5576 
usemtl PATCH_31
f 5576 5577 5606 5605 
usemtl PATCH_31
f 5605 5606 5635 5634 
usemtl PATCH_31
f 5634 5635 348 347 
usemtl PATCH_31
f 595 594 5462 5461 
usemtl PATCH_31
f 5461 5462 5491 5490 
usemtl PATCH_31
f 5490 5491 5520 5519 
usemtl PATCH_31
f 5519 5520 5549 5548 
usemtl PATCH_31
f 5548 5549 5578 5577 
usemtl PATCH_31
f 5577 5578 5607 5606 
usemtl PATCH_31
f 5606 5607 5636 5635 
usemtl PATCH_31
f 5635 5636 349 348 
usemtl PATCH_31
f 594 593 5463 5462 
usemtl PATCH_31
f 5462 5463 5492 5491 
usemtl PATCH_31
f 5491 5492 5521 5520 
usemtl PATCH_31
f 5520 5521 5550 5549 
usemtl PATCH_31
f 5549 5550 5579 5578 
usemtl PATCH_31
f 5578 5579 5608 5607 
usemtl PATCH_31
f 5607 5608 5637 5636 
usemtl PATCH_31
f 5636 5637 350 349 
usemtl PATCH_31
f 593 592 5464 5463 
usemtl PATCH_31
f 5463 5464 5493 5492 
usemtl PATCH_31
f 5492 5493 5522 5521 
usemtl PATCH_31
f 5521 5522 5551 5550 
usemtl PATCH_31
f 5550 5551 5580 5579 
usemtl PATCH_31
f 5579 5580 5609 5608 
usemtl PATCH_31
f 5608 5609 5638 5637 
usemtl PATCH_31
f 5637 5638 351 350 
usemtl PATCH_31
f 592 591 5465 5464 
usemtl PATCH_31
f 5464 5465 5494 5493 
usemtl PATCH_31
f 5493 5494 5523 5522 
usemtl PATCH_31
f 5522 5523 5552 5551 
usemtl PATCH_31
f 5551 5552 5581 5580 
usemtl PATCH_31
f 5580 5581 5610 5609 
usemtl PATCH_31
f 5609 5610 5639 5638 
usemtl PATCH_31
f 5638 5639 352 351 
usemtl PATCH_31
f 591 590 5466 5465 
usemtl PATCH_31
f 5465 5466 5495 5494 
usemtl PATCH_31
f 5494 5495 5524 5523 
usemtl PATCH_31
f 5523 5524 5553 5552 
usemtl PATCH_31
f 5552 5553 5582 5581 
usemtl PATCH_31
f 5581 5582 5611 5610 
usemtl PATCH_31
f 5610 5611 5640 5639 
usemtl PATCH_31
f 5639 5640 353 352 
usemtl PATCH_31
f 590 589 5467 5466 
usemtl PATCH_31
f 5466 5467 5496 5495 
usemtl PATCH_31
f 5495 5496 5525 5524 
usemtl PATCH_31
f 5524 5525 5554 5553 
usemtl PATCH_31
f 5553 5554 5583 5582 
usemtl PATCH_31
f 5582 5583 5612 5611 
usemtl PATCH_31
f 5611 5612 5641 5640 
usemtl PATCH_31
f 5640 5641 354 353 
usemtl PATCH_31
f 589 588 5468 5467 
usemtl PATCH_31
f 5467 5468 5497 5496 
usemtl PATCH_31
f 5496 5497 5526 5525 
usemtl PATCH_31
f 5525 5526 5555 5554 
usemtl PATCH_31
f 5554 5555 5584 5583 
usemtl PATCH_31
f 5583 5584 5613 5612 
usemtl PATCH_31
f 5612 5613 5642 5641 
usemtl PATCH_31
f 5641 5642 355 354 
usemtl PATCH_31
f 588 587 5469 5468 
usemtl PATCH_31
f 5468 5469 5498 5497 
usemtl PATCH_31
f 5497 5498 5527 5526 
usemtl PATCH_31
f 5526 5527 5556 5555 
usemtl PATCH_31
f 5555 5556 5585 5584 
usemtl PATCH_31
f 5584 5585 5614 5613 
usemtl PATCH_31
f 5613 5614 5643 5642 
usemtl PATCH_31
f 5642 5643 356 355 
usemtl PATCH_31
f 587 586 5470 5469 
usemtl PATCH_31
f 5469 5470 5499 5498 
usemtl PATCH_31
f 5498 5499 5528 5527 
usemtl PATCH_31
f 5527 5528 5557 5556 
usemtl PATCH_31
f 5556 5557 5586 5585 
usemtl PATCH_31
f 5585 5586 5615 5614 
usemtl PATCH_31
f 5614 5615 5644 5643 
usemtl PATCH_31
f 5643 5644 357 356 
usemtl PATCH_31
f 586 585 5471 5470 
usemtl PATCH_31
f 5470 5471 5500 5499 
usemtl PATCH_31
f 5499 5500 5529 5528 
usemtl PATCH_31
f 5528 5529 5558 5557 
usemtl PATCH_31
f 5557 5558 5587 5586 
usemtl PATCH_31
f 5586 5587 5616 5615 
usemtl PATCH_31
f 5615 5616 5645 5644 
usemtl PATCH_31
f 5644 5645 358 357 
usemtl PATCH_31
f 585 584 5472 5471 
usemtl PATCH_31
f 5471 5472 5501 5500 
usemtl PATCH_31
f 5500 5501 5530 5529 
usemtl PATCH_31
f 5529 5530 5559 5558 
usemtl PATCH_31
f 5558 5559 5588 5587 
usemtl PATCH_31
f 5587 5588 5617 5616 
usemtl PATCH_31
f 5616 5617 5646 5645 
usemtl PATCH_31
f 5645 5646 359 358 
usemtl PATCH_31
f 584 583 5473 5472 
usemtl PATCH_31
f 5472 5473 5502 5501 
usemtl PATCH_31
f 5501 5502 5531 5530 
usemtl PATCH_31
f 5530 5531 5560 5559 
usemtl PATCH_31
f 5559 5560 5589 5588 
usemtl PATCH_31
f 5588 5589 5618 5617 
usemtl PATCH_31
f 5617 5618 5647 5646 
usemtl PATCH_31
f 5646 5647 360 359 
usemtl PATCH_31
f 583 582 5474 5473 
usemtl PATCH_31
f 5473 5474 5503 5502 
usemtl PATCH_31
f 5502 5503 5532 5531 
usemtl PATCH_31
f 5531 5532 5561 5560 
usemtl PATCH_31
f 5560 5561 5590 5589 
usemtl PATCH_31
f 5589 5590 5619 5618 
usemtl PATCH_31
f 5618 5619 5648 5647 
usemtl PATCH_31
f 5647 5648 361 360 
usemtl PATCH_31
f 582 28 826 5474 
usemtl PATCH_31
f 5474 826 827 5503 
usemtl PATCH_31
f 5503 827 828 5532 
usemtl PATCH_31
f 5532 828 829 5561 
usemtl PATCH_31
f 5561 829 830 5590 
usemtl PATCH_31
f 5590 830 831 5619 
usemtl PATCH_31
f 5619 831 832 5648 
usemtl PATCH_31
f 5648 832 19 361 
usemtl PATCH_34
f 15 833 5649 232 
usemtl PATCH_34
f 232 5649 5657 233 
usemtl PATCH_34
f 233 5657 5665 234 
usemtl PATCH_34
f 234 5665 5673 235 
usemtl PATCH_34
f 235 5673 5681 236 
usemtl PATCH_34
f 236 5681 5689 237 
usemtl PATCH_34
f 237 5689 5697 238 
usemtl PATCH_34
f 238 5697 5705 239 
usemtl PATCH_34
f 239 5705 5713 240 
usemtl PATCH_34
f 240 5713 5721 241 
usemtl PATCH_34
f 241 5721 5729 242 
usemtl PATCH_34
f 242 5729 5737 243 
usemtl PATCH_34
f 243 5737 5745 244 
usemtl PATCH_34
f 244 5745 5753 245 
usemtl PATCH_34
f 245 5753 5761 246 
usemtl PATCH_34
f 246 5761 5769 247 
usemtl PATCH_34
f 247 5769 5777 248 
usemtl PATCH_34
f 248 5777 5785 249 
usemtl PATCH_34
f 249 5785 5793 250 
usemtl PATCH_34
f 250 5793 5801 251 
usemtl PATCH_34
f 251 5801 5809 252 
usemtl PATCH_34
f 252 5809 5817 253 
usemtl PATCH_34
f 253 5817 5825 254 
usemtl PATCH_34
f 254 5825 5833 255 
usemtl PATCH_34
f 255 5833 5841 256 
usemtl PATCH_34
f 256 5841 5849 257 
usemtl PATCH_34
f 257 5849 5857 258 
usemtl PATCH_34
f 258 5857 5865 259 
usemtl PATCH_34
f 259 5865 5873 260 
usemtl PATCH_34
f 260 5873 5881 261 
usemtl PATCH_34
f 261 5881 5889 262 
usemtl PATCH_34
f 262 5889 5897 263 
usemtl PATCH_34
f 263 5897 848 16 
usemtl PATCH_34
f 833 834 5650 5649 
usemtl PATCH_34
f 5649 5650 5658 5657 
usemtl PATCH_34
f 5657 5658 5666 5665 
usemtl PATCH_34
f 5665 5666 5674 5673 
usemtl PATCH_34
f 5673 5674 5682 5681 
usemtl PATCH_34
f 5681 5682 5690 5689 
usemtl PATCH_34
f 5689 5690 5698 5697 
usemtl PATCH_34
f 5697 5698 5706 5705 
usemtl PATCH_34
f 5705 5706 5714 5713 
usemtl PATCH_34
f 5713 5714 5722 5721 
usemtl PATCH_34
f 5721 5722 5730 5729 
usemtl PATCH_34
f 5729 5730 5738 5737 
usemtl PATCH_34
f 5737 5738 5746 5745 
usemtl PATCH_34
f 5745 5746 5754 5753 
usemtl PATCH_34
f 5753 5754 5762 5761 
usemtl PATCH_34
f 5761 5762 5770 5769 
usemtl PATCH_34
f 5769 5770 5778 5777 
usemtl PATCH_34
f 5777 5778 5786 5785 
usemtl PATCH_34
f 5785 5786 5794 5793 
usemtl PATCH_34
f 5793 5794 5802 5801 
usemtl PATCH_34
f 5801 5802 5810 5809 
usemtl PATCH_34
f 5809 5810 5818 5817 
usemtl PATCH_34
f 5817 5818 5826 5825 
usemtl PATCH_34
f 5825 5826 5834 5833 
usemtl PATCH_34
f 5833 5834 5842 5841 
usemtl PATCH_34
f 5841 5842 5850 5849 
usemtl PATCH_34
f 5849 5850 5858 5857 
usemtl PATCH_34
f 5857 5858 5866 5865 
usemtl PATCH_34
f 5865 5866 5874 5873 
usemtl PATCH_34
f 5873 5874 5882 5881 
usemtl PATCH_34
f 5881 5882 5890 5889 
usemtl PATCH_34
f 5889 5890 5898 5897 
usemtl PATCH_34
f 5897 5898 847 848 
usemtl PATCH_34
f 834 835 5651 5650 
usemtl PATCH_34
f 5650 5651 5659 5658 
usemtl PATCH_34
f 5658 5659 5667 5666 
usemtl PATCH_34
f 5666 5667 5675 5674 
usemtl PATCH_34
f 5674 5675 5683 5682 
usemtl PATCH_34
f 5682 5683 5691 5690 
usemtl PATCH_34
f 5690 5691 5699 5698 
usemtl PATCH_34
f 5698 5699 5707 5706 
usemtl PATCH_34
f 5706 5707 5715 5714 
usemtl PATCH_34
f 5714 5715 5723 5722 
usemtl PATCH_34
f 5722 5723 5731 5730 
usemtl PATCH_34
f 5730 5731 5739 5738 
usemtl PATCH_34
f 5738 5739 5747 5746 
usemtl PATCH_34
f 5746 5747 5755 5754 
usemtl PATCH_34
f 5754 5755 5763 5762 
usemtl PATCH_34
f 5762 5763 5771 5770 
usemtl PATCH_34
f 5770 5771 5779 5778 
usemtl PATCH_34
f 5778 5779 5787 5786 
usemtl PATCH_34
f 5786 5787 5795 5794 
usemtl PATCH_34
f 5794 5795 5803 5802 
usemtl PATCH_34
f 5802 5803 5811 5810 
usemtl PATCH_34
f 5810 5811 5819 5818 
usemtl PATCH_34
f 5818 5819 5827 5826 
usemtl PATCH_34
f 5826 5827 5835 5834 
usemtl PATCH_34
f 5834 5835 5843 5842 
usemtl PATCH_34
f 5842 5843 5851 5850 
usemtl PATCH_34
f 5850 5851 5859 5858 
usemtl PATCH_34
f 5858 5859 5867 5866 
usemtl PATCH_34
f 5866 5867 5875 5874 
usemtl PATCH_34
f 5874 5875 5883 5882 
usemtl PATCH_34
f 5882 5883 5891 5890 
usemtl PATCH_34
f 5890 5891 5899 5898 
usemtl PATCH_34
f 5898 5899 846 847 
usemtl PATCH_34
f 835 836 5652 5651 
usemtl PATCH_34
f 5651 5652 5660 5659 
usemtl PATCH_34
f 5659 5660 5668 5667 
usemtl PATCH_34
f 5667 5668 5676 5675 
usemtl PATCH_34
f 5675 5676 5684 5683 
usemtl PATCH_34
f 5683 5684 5692 5691 
usemtl PATCH_34
f 5691 5692 5700 5699 
usemtl PATCH_34
f 5699 5700 5708 5707 
usemtl PATCH_34
f 5707 5708 5716 5715 
usemtl PATCH_34
f 5715 5716 5724 5723 
usemtl PATCH_34
f 5723 5724 5732 5731 
usemtl PATCH_34
f 5731 5732 5740 5739 
usemtl PATCH_34
f 5739 5740 5748 5747 
usemtl PATCH_34
f 5747 5748 5756 5755 
usemtl PATCH_34
f 5755 5756 5764 5763 
usemtl PATCH_34
f 5763 5764 5772 5771 
usemtl PATCH_34
f 5771 5772 5780 5779 
usemtl PATCH_34
f 5779 5780 5788 5787 
usemtl PATCH_34
f 5787 5788 5796 5795 
usemtl PATCH_34
f 5795 5796 5804 5803 
usemtl PATCH_34
f 5803 5804 5812 5811 
usemtl PATCH_34
f 5811 5812 5820 5819 
usemtl PATCH_34
f 5819 5820 5828 5827 
usemtl PATCH_34
f 5827 5828 5836 5835 
usemtl PATCH_34
f 5835 5836 5844 5843 
usemtl PATCH_34
f 5843 5844 5852 5851 
usemtl PATCH_34
f 5851 5852 5860 5859 
usemtl PATCH_34
f 5859 5860 5868 5867 
usemtl PATCH_34
f 5867 5868 5876 5875 
usemtl PATCH_34
f 5875 5876 5884 5883 
usemtl PATCH_34
f 5883 5884 5892 5891 
usemtl PATCH_34
f 5891 5892 5900 5899 
usemtl PATCH_34
f 5899 5900 845 846 
usemtl PATCH_34
f 836 837 5653 5652 
usemtl PATCH_34
f 5652 5653 5661 5660 
usemtl PATCH_34
f 5660 5661 5669 5668 
usemtl PATCH_34
f 5668 5669 5677 5676 
usemtl PATCH_34
f 5676 5677 5685 5684 
usemtl PATCH_34
f 5684 5685 5693 5692 
usemtl PATCH_34
f 5692 5693 5701 5700 
usemtl PATCH_34
f 5700 5701 5709 5708 
usemtl PATCH_34
f 5708 5709 5717 5716 
usemtl PATCH_34
f 5716 5717 5725 5724 
usemtl PATCH_34
f 5724 5725 5733 5732 
usemtl PATCH_34
f 5732 5733 5741 5740 
usemtl PATCH_34
f 5740 5741 5749 5748 
usemtl PATCH_34
f 5748 5749 5757 5756 
usemtl PATCH_34
f 5756 5757 5765 5764 
usemtl PATCH_34
f 5764 5765 5773 5772 
usemtl PATCH_34
f 5772 5773 5781 5780 
usemtl PATCH_34
f 5780 5781 5789 5788 
usemtl PATCH_34
f 5788 5789 5797 5796 
usemtl PATCH_34
f 5796 5797 5805 5804 
usemtl PATCH_34
f 5804 5805 5813 5812 
usemtl PATCH_34
f 5812 5813 5821 5820 
usemtl PATCH_34
f 5820 5821 5829 5828 
usemtl PATCH_34
f 5828 5829 5837 5836 
usemtl PATCH_34
f 5836 5837 5845 5844 
usemtl PATCH_34
f 5844 5845 5853 5852 
usemtl PATCH_34
f 5852 5853 5861 5860 
usemtl PATCH_34
f 5860 5861 5869 5868 
usemtl PATCH_34
f 5868 5869 5877 5876 
usemtl PATCH_34
f 5876 5877 5885 5884 
usemtl PATCH_34
f 5884 5885 5893 5892 
usemtl PATCH_34
f 5892 5893 5901 5900 
usemtl PATCH_34
f 5900 5901 844 845 
usemtl PATCH_34
f 837 838 5654 5653 
usemtl PATCH_34
f 5653 5654 5662 5661 
usemtl PATCH_34
f 5661 5662 5670 5669 
usemtl PATCH_34
f 5669 5670 5678 5677 
usemtl PATCH_34
f 5677 5678 5686 5685 
usemtl PATCH_34
f 5685 5686 5694 5693 
usemtl PATCH_34
f 5693 5694 5702 5701 
usemtl PATCH_34
f 5701 5702 5710 5709 
usemtl PATCH_34
f 5709 5710 5718 5717 
usemtl PATCH_34
f 5717 5718 5726 5725 
usemtl PATCH_34
f 5725 5726 5734 5733 
usemtl PATCH_34
f 5733 5734 5742 5741 
usemtl PATCH_34
f 5741 5742 5750 5749 
usemtl PATCH_34
f 5749 5750 5758 5757 
usemtl PATCH_34
f 5757 5758 5766 5765 
usemtl PATCH_34
f 5765 5766 5774 5773 
usemtl PATCH_34
f 5773 5774 5782 5781 
usemtl PATCH_34
f 5781 5782 5790 5789 
usemtl PATCH_34
f 5789 5790 5798 5797 
usemtl PATCH_34
f 5797 5798 5806 5805 
usemtl PATCH_34
f 5805 5806 5814 5813 
usemtl PATCH_34
f 5813 5814 5822 5821 
usemtl PATCH_34
f 5821 5822 5830 5829 
usemtl PATCH_34
f 5829 5830 5838 5837 
usemtl PATCH_34
f 5837 5838 5846 5845 
usemtl PATCH_34
f 5845 5846 5854 5853 
usemtl PATCH_34
f 5853 5854 5862 5861 
usemtl PATCH_34
f 5861 5862 5870 5869 
usemtl PATCH_34
f 5869 5870 5878 5877 
usemtl PATCH_34
f 5877 5878 5886 5885 
usemtl PATCH_34
f 5885 5886 5894 5893 
usemtl PATCH_34
f 5893 5894 5902 5901 
usemtl PATCH_34
f 5901 5902 843 844 
usemtl PATCH_34
f 838 839 5655 5654 
usemtl PATCH_34
f 5654 5655 5663 5662 
usemtl PATCH_34
f 5662 5663 5671 5670 
usemtl PATCH_34
f 5670 5671 5679 5678 
usemtl PATCH_34
f 5678 5679 5687 5686 
usemtl PATCH_34
f 5686 5687 5695 5694 
usemtl PATCH_34
f 5694 5695 5703 5702 
usemtl PATCH_34
f 5702 5703 5711 5710 
usemtl PATCH_34
f 5710 5711 5719 5718 
usemtl PATCH_34
f 5718 5719 5727 5726 
usemtl PATCH_34
f 5726 5727 5735 5734 
usemtl PATCH_34
f 5734 5735 5743 5742 
usemtl PATCH_34
f 5742 5743 5751 5750 
usemtl PATCH_34
f 5750 5751 5759 5758 
usemtl PATCH_34
f 5758 5759 5767 5766 
usemtl PATCH_34
f 5766 5767 5775 5774 
usemtl PATCH_34
f 5774 5775 5783 5782 
usemtl PATCH_34
f 5782 5783 5791 5790 
usemtl PATCH_34
f 5790 5791 5799 5798 
usemtl PATCH_34
f 5798 5799 5807 5806 
usemtl PATCH_34
f 5806 5807 5815 5814 
usemtl PATCH_34
f 5814 5815 5823 5822 
usemtl PATCH_34
f 5822 5823 5831 5830 
usemtl PATCH_34
f 5830 5831 5839 5838 
usemtl PATCH_34
f 5838 5839 5847 5846 
usemtl PATCH_34
f 5846 5847 5855 5854 
usemtl PATCH_34
f 5854 5855 5863 5862 
usemtl PATCH_34
f 5862 5863 5871 5870 
usemtl PATCH_34
f 5870 5871 5879 5878 
usemtl PATCH_34
f 5878 5879 5887 5886 
usemtl PATCH_34
f 5886 5887 5895 5894 
usemtl PATCH_34
f 5894 5895 5903 5902 
usemtl PATCH_34
f 5902 5903 842 843 
usemtl PATCH_34
f 839 840 5656 5655 
usemtl PATCH_34
f 5655 5656 5664 5663 
usemtl PATCH_34
f 5663 5664 5672 5671 
usemtl PATCH_34
f 5671 5672 5680 5679 
usemtl PATCH_34
f 5679 5680 5688 5687 
usemtl PATCH_34
f 5687 5688 5696 5695 
usemtl PATCH_34
f 5695 5696 5704 5703 
usemtl PATCH_34
f 5703 5704 5712 5711 
usemtl PATCH_34
f 5711 5712 5720 5719 
usemtl PATCH_34
f 5719 5720 5728 5727 
usemtl PATCH_34
f 5727 5728 5736 5735 
usemtl PATCH_34
f 5735 5736 5744 5743 
usemtl PATCH_34
f 5743 5744 5752 5751 
usemtl PATCH_34
f 5751 5752 5760 5759 
usemtl PATCH_34
f 5759 5760 5768 5767 
usemtl PATCH_34
f 5767 5768 5776 5775 
usemtl PATCH_34
f 5775 5776 5784 5783 
usemtl PATCH_34
f 5783 5784 5792 5791 
usemtl PATCH_34
f 5791 5792 5800 5799 
usemtl PATCH_34
f 5799 5800 5808 5807 
usemtl PATCH_34
f 5807 5808 5816 5815 
usemtl PATCH_34
f 5815 5816 5824 5823 
usemtl PATCH_34
f 5823 5824 5832 5831 
usemtl PATCH_34
f 5831 5832 5840 5839 
usemtl PATCH_34
f 5839 5840 5848 5847 
usemtl PATCH_34
f 5847 5848 5856 5855 
usemtl PATCH_34
f 5855 5856 5864 5863 
usemtl PATCH_34
f 5863 5864 5872 5871 
usemtl PATCH_34
f 5871 5872 5880 5879 
usemtl PATCH_34
f 5879 5880 5888 5887 
usemtl PATCH_34
f 5887 5888 5896 5895 
usemtl PATCH_34
f 5895 5896 5904 5903 
usemtl PATCH_34
f 5903 5904 841 842 
usemtl PATCH_34
f 840 18 407 5656 
usemtl PATCH_34
f 5656 407 406 5664 
usemtl PATCH_34
f 5664 406 405 5672 
usemtl PATCH_34
f 5672 405 404 5680 
usemtl PATCH_34
f 5680 404 403 5688 
usemtl PATCH_34
f 5688 403 402 5696 
usemtl PATCH_34
f 5696 402 401 5704 
usemtl PATCH_34
f 5704 401 400 5712 
usemtl PATCH_34
f 5712 400 399 5720 
usemtl PATCH_34
f 5720 399 398 5728 
usemtl PATCH_34
f 5728 398 397 5736 
usemtl PATCH_34
f 5736 397 396 5744 
usemtl PATCH_34
f 5744 396 395 5752 
usemtl PATCH_34
f 5752 395 394 5760 
usemtl PATCH_34
f 5760 394 393 5768 
usemtl PATCH_34
f 5768 393 392 5776 
usemtl PATCH_34
f 5776 392 391 5784 
usemtl PATCH_34
f 5784 391 390 5792 
usemtl PATCH_34
f 5792 390 389 5800 
usemtl PATCH_34
f 5800 389 388 5808 
usemtl PATCH_34
f 5808 388 387 5816 
usemtl PATCH_34
f 5816 387 386 5824 
usemtl PATCH_34
f 5824 386 385 5832 
usemtl PATCH_34
f 5832 385 384 5840 
usemtl PATCH_34
f 5840 384 383 5848 
usemtl PATCH_34
f 5848 383 382 5856 
usemtl PATCH_34
f 5856 382 381 5864 
usemtl PATCH_34
f 5864 381 380 5872 
usemtl PATCH_34
f 5872 380 379 5880 
usemtl PATCH_34
f 5880 379 378 5888 
usemtl PATCH_34
f 5888 378 377 5896 
usemtl PATCH_34
f 5896 377 376 5904 
usemtl PATCH_34
f 5904 376 20 841 
usemtl PATCH_33
f 15 735 5905 833 
usemtl PATCH_33
f 833 5905 5939 834 
usemtl PATCH_33
f 834 5939 5973 835 
usemtl PATCH_33
f 835 5973 6007 836 
usemtl PATCH_33
f 836 6007 6041 837 
usemtl PATCH_33
f 837 6041 6075 838 
usemtl PATCH_33
f 838 6075 6109 839 
usemtl PATCH_33
f 839 6109 6143 840 
usemtl PATCH_33
f 840 6143 785 18 
usemtl PATCH_33
f 735 734 5906 5905 
usemtl PATCH_33
f 5905 5906 5940 5939 
usemtl PATCH_33
f 5939 5940 5974 5973 
usemtl PATCH_33
f 5973 5974 6008 6007 
usemtl PATCH_33
f 6007 6008 6042 6041 
usemtl PATCH_33
f 6041 6042 6076 6075 
usemtl PATCH_33
f 6075 6076 6110 6109 
usemtl PATCH_33
f 6109 6110 6144 6143 
usemtl PATCH_33
f 6143 6144 786 785 
usemtl PATCH_33
f 734 733 5907 5906 
usemtl PATCH_33
f 5906 5907 5941 5940 
usemtl PATCH_33
f 5940 5941 5975 5974 
usemtl PATCH_33
f 5974 5975 6009 6008 
usemtl PATCH_33
f 6008 6009 6043 6042 
usemtl PATCH_33
f 6042 6043 6077 6076 
usemtl PATCH_33
f 6076 6077 6111 6110 
usemtl PATCH_33
f 6110 6111 6145 6144 
usemtl PATCH_33
f 6144 6145 787 786 
usemtl PATCH_33
f 733 732 5908 5907 
usemtl PATCH_33
f 5907 5908 5942 5941 
usemtl PATCH_33
f 5941 5942 5976 5975 
usemtl PATCH_33
f 5975 5976 6010 6009 
usemtl PATCH_33
f 6009 6010 6044 6043 
usemtl PATCH_33
f 6043 6044 6078 6077 
usemtl PATCH_33
f 6077 6078 6112 6111 
usemtl PATCH_33
f 6111 6112 6146 6145 
usemtl PATCH_33
f 6145 6146 788 787 
usemtl PATCH_33
f 732 731 5909 5908 
usemtl PATCH_33
f 5908 5909 5943 5942 
usemtl PATCH_33
f 5942 5943 5977 5976 
usemtl PATCH_33
f 5976 5977 6011 6010 
usemtl PATCH_33
f 6010 6011 6045 6044 
usemtl PATCH_33
f 6044 6045 6079 6078 
usemtl PATCH_33
f 6078 6079 6113 6112 
usemtl PATCH_33
f 6112 6113 6147 6146 
usemtl PATCH_33
f 6146 6147 789 788 
usemtl PATCH_33
f 731 730 5910 5909 
usemtl PATCH_33
f 5909 5910 5944 5943 
usemtl PATCH_33
f 5943 5944 5978 5977 
usemtl PATCH_33
f 5977 5978 6012 6011 
usemtl PATCH_33
f 6011 6012 6046 6045 
usemtl PATCH_33
f 6045 6046 6080 6079 
usemtl PATCH_33
f 6079 6080 6114 6113 
usemtl PATCH_33
f 6113 6114 6148 6147 
usemtl PATCH_33
f 6147 6148 790 789 
usemtl PATCH_33
f 730 729 5911 5910 
usemtl PATCH_33
f 5910 5911 5945 5944 
usemtl PATCH_33
f 5944 5945 5979 5978 
usemtl PATCH_33
f 5978 5979 6013 6012 
usemtl PATCH_33
f 6012 6013 6047 6046 
usemtl PATCH_33
f 6046 6047 6081 6080 
usemtl PATCH_33
f 6080 6081 6115 6114 
usemtl PATCH_33
f 6114 6115 6149 6148 
usemtl PATCH_33
f 6148 6149 791 790 
usemtl PATCH_33
f 729 728 5912 5911 
usemtl PATCH_33
f 5911 5912 5946 5945 
usemtl PATCH_33
f 5945 5946 5980 5979 
usemtl PATCH_33
f 5979 5980 6014 6013 
usemtl PATCH_33
f 6013 6014 6048 6047 
usemtl PATCH_33
f 6047 6048 6082 6081 
usemtl PATCH_33
f 6081 6082 6116 6115 
usemtl PATCH_33
f 6115 6116 6150 6149 
usemtl PATCH_33
f 6149 6150 792 791 
usemtl PATCH_33
f 728 727 5913 5912 
usemtl PATCH_33
f 5912 5913 5947 5946 
usemtl PATCH_33
f 5946 5947 5981 5980 
usemtl PATCH_33
f 5980 5981 6015 6014 
usemtl PATCH_33
f 6014 6015 6049 6048 
usemtl PATCH_33
f 6048 6049 6083 6082 
usemtl PATCH_33
f 6082 6083 6117 6116 
usemtl PATCH_33
f 6116 6117 6151 6150 
usemtl PATCH_33
f 6150 6151 793 792 
usemtl PATCH_33
f 727 726 5914 5913 
usemtl PATCH_33
f 5913 5914 5948 5947 
usemtl PATCH_33
f 5947 5948 5982 5981 
usemtl PATCH_33
f 5981 5982 6016 6015 
usemtl PATCH_33
f 6015 6016 6050 6049 
usemtl PATCH_33
f 6049 6050 6084 6083 
usemtl PATCH_33
f 6083 6084 6118 6117 
usemtl PATCH_33
f 6117 6118 6152 6151 
usemtl PATCH_33
f 6151 6152 794 793 
usemtl PATCH_33
f 726 725 5915 5914 
usemtl PATCH_33
f 5914 5915 5949 5948 
usemtl PATCH_33
f 5948 5949 5983 5982 
usemtl PATCH_33
f 5982 5983 6017 6016 
usemtl PATCH_33
f 6016 6017 6051 6050 
usemtl PATCH_33
f 6050 6051 6085 6084 
usemtl PATCH_33
f 6084 6085 6119 6118 
usemtl PATCH_33
f 6118 6119 6153 6152 
usemtl PATCH_33
f 6152 6153 795 794 
usemtl PATCH_33
f 725 724 5916 5915 
usemtl PATCH_33
f 5915 5916 5950 5949 
usemtl PATCH_33
f 5949 5950 5984 5983 
usemtl PATCH_33
f 5983 5984 6018 6017 
usemtl PATCH_33
f 6017 6018 6052 6051 
usemtl PATCH_33
f 6051 6052 6086 6085 
usemtl PATCH_33
f 6085 6086 6120 6119 
usemtl PATCH_33
f 6119 6120 6154 6153 
usemtl PATCH_33
f 6153 6154 796 795 
usemtl PATCH_33
f 724 723 5917 5916 
usemtl PATCH_33
f 5916 5917 5951 5950 
usemtl PATCH_33
f 5950 5951 5985 5984 
usemtl PATCH_33
f 5984 5985 6019 6018 
usemtl PATCH_33
f 6018 6019 6053 6052 
usemtl PATCH_33
f 6052 6053 6087 6086 
usemtl PATCH_33
f 6086 6087 6121 6120 
usemtl PATCH_33
f 6120 6121 6155 6154 
usemtl PATCH_33
f 6154 6155 797 796 
usemtl PATCH_33
f 723 722 5918 5917 
usemtl PATCH_33
f 5917 5918 5952 5951 
usemtl PATCH_33
f 5951 5952 5986 5985 
usemtl PATCH_33
f 5985 5986 6020 6019 
usemtl PATCH_33
f 6019 6020 6054 6053 
usemtl PATCH_33
f 6053 6054 6088 6087 
usemtl PATCH_33
f 6087 6088 6122 6121 
usemtl PATCH_33
f 6121 6122 6156 6155 
usemtl PATCH_33
f 6155 6156 798 797 
usemtl PATCH_33
f 722 721 5919 5918 
usemtl PATCH_33
f 5918 5919 5953 5952 
usemtl PATCH_33
f 5952 5953 5987 5986 
usemtl PATCH_33
f 5986 5987 6021 6020 
usemtl PATCH_33
f 6020 6021 6055 6054 
usemtl PATCH_33
f 6054 6055 6089 6088 
usemtl PATCH_33
f 6088 6089 6123 6122 
usemtl PATCH_33
f 6122 6123 6157 6156 
usemtl PATCH_33
f 6156 6157 799 798 
usemtl PATCH_33
f 721 720 5920 5919 
usemtl PATCH_33
f 5919 5920 5954 5953 
usemtl PATCH_33
f 5953 5954 5988 5987 
usemtl PATCH_33
f 5987 5988 6022 6021 
usemtl PATCH_33
f 6021 6022 6056 6055 
usemtl PATCH_33
f 6055 6056 6090 6089 
usemtl PATCH_33
f 6089 6090 6124 6123 
usemtl PATCH_33
f 6123 6124 6158 6157 
usemtl PATCH_33
f 6157 6158 800 799 
usemtl PATCH_33
f 720 719 5921 5920 
usemtl PATCH_33
f 5920 5921 5955 5954 
usemtl PATCH_33
f 5954 5955 5989 5988 
usemtl PATCH_33
f 5988 5989 6023 6022 
usemtl PATCH_33
f 6022 6023 6057 6056 
usemtl PATCH_33
f 6056 6057 6091 6090 
usemtl PATCH_33
f 6090 6091 6125 6124 
usemtl PATCH_33
f 6124 6125 6159 6158 
usemtl PATCH_33
f 6158 6159 801 800 
usemtl PATCH_33
f 719 718 5922 5921 
usemtl PATCH_33
f 5921 5922 5956 5955 
usemtl PATCH_33
f 5955 5956 5990 5989 
usemtl PATCH_33
f 5989 5990 6024 6023 
usemtl PATCH_33
f 6023 6024 6058 6057 
usemtl PATCH_33
f 6057 6058 6092 6091 
usemtl PATCH_33
f 6091 6092 6126 6125 
usemtl PATCH_33
f 6125 6126 6160 6159 
usemtl PATCH_33
f 6159 6160 802 801 
usemtl PATCH_33
f 718 717 5923 5922 
usemtl PATCH_33
f 5922 5923 5957 5956 
usemtl PATCH_33
f 5956 5957 5991 5990 
usemtl PATCH_33
f 5990 5991 6025 6024 
usemtl PATCH_33
f 6024 6025 6059 6058 
usemtl PATCH_33
f 6058 6059 6093 6092 
usemtl PATCH_33
f 6092 6093 6127 6126 
usemtl PATCH_33
f 6126 6127 6161 6160 
usemtl PATCH_33
f 6160 6161 803 802 
usemtl PATCH_33
f 717 716 5924 5923 
usemtl PATCH_33
f 5923 5924 5958 5957 
usemtl PATCH_33
f 5957 5958 5992 5991 
usemtl PATCH_33
f 5991 5992 6026 6025 
usemtl PATCH_33
f 6025 6026 6060 6059 
usemtl PATCH_33
f 6059 6060 6094 6093 
usemtl PATCH_33
f 6093 6094 6128 6127 
usemtl PATCH_33
f 6127 6128 6162 6161 
usemtl PATCH_33
f 6161 6162 804 803 
usemtl PATCH_33
f 716 715 5925 5924 
usemtl PATCH_33
f 5924 5925 5959 5958 
usemtl PATCH_33
f 5958 5959 5993 5992 
usemtl PATCH_33
f 5992 5993 6027 6026 
usemtl PATCH_33
f 6026 6027 6061 6060 
usemtl PATCH_33
f 6060 6061 6095 6094 
usemtl PATCH_33
f 6094 6095 6129 6128 
usemtl PATCH_33
f 6128 6129 6163 6162 
usemtl PATCH_33
f 6162 6163 805 804 
usemtl PATCH_33
f 715 714 5926 5925 
usemtl PATCH_33
f 5925 5926 5960 5959 
usemtl PATCH_33
f 5959 5960 5994 5993 
usemtl PATCH_33
f 5993 5994 6028 6027 
usemtl PATCH_33
f 6027 6028 6062 6061 
usemtl PATCH_33
f 6061 6062 6096 6095 
usemtl PATCH_33
f 6095 6096 6130 6129 
usemtl PATCH_33
f 6129 6130 6164 6163 
usemtl PATCH_33
f 6163 6164 806 805 
usemtl PATCH_33
f 714 713 5927 5926 
usemtl PATCH_33
f 5926 5927 5961 5960 
usemtl PATCH_33
f 5960 5961 5995 5994 
usemtl PATCH_33
f 5994 5995 6029 6028 
usemtl PATCH_33
f 6028 6029 6063 6062 
usemtl PATCH_33
f 6062 6063 6097 6096 
usemtl PATCH_33
f 6096 6097 6131 6130 
usemtl PATCH_33
f 6130 6131 6165 6164 
usemtl PATCH_33
f 6164 6165 807 806 
usemtl PATCH_33
f 713 712 5928 5927 
usemtl PATCH_33
f 5927 5928 5962 5961 
usemtl PATCH_33
f 5961 5962 5996 5995 
usemtl PATCH_33
f 5995 5996 6030 6029 
usemtl PATCH_33
f 6029 6030 6064 6063 
usemtl PATCH_33
f 6063 6064 6098 6097 
usemtl PATCH_33
f 6097 6098 6132 6131 
usemtl PATCH_33
f 6131 6132 6166 6165 
usemtl PATCH_33
f 6165 6166 808 807 
usemtl PATCH_33
f 712 711 5929 5928 
usemtl PATCH_33
f 5928 5929 5963 5962 
usemtl PATCH_33
f 5962 5963 5997 5996 
usemtl PATCH_33
f 5996 5997 6031 6030 
usemtl PATCH_33
f 6030 6031 6065 6064 
usemtl PATCH_33
f 6064 6065 6099 6098 
usemtl PATCH_33
f 6098 6099 6133 6132 
usemtl PATCH_33
f 6132 6133 6167 6166 
usemtl PATCH_33
f 6166 6167 809 808 
usemtl PATCH_33
f 711 710 5930 5929 
usemtl PATCH_33
f 5929 5930 5964 5963 
usemtl PATCH_33
f 5963 5964 5998 5997 
usemtl PATCH_33
f 5997 5998 6032 6031 
usemtl PATCH_33
f 6031 6032 6066 6065 
usemtl PATCH_33
f 6065 6066 6100 6099 
usemtl PATCH_33
f 6099 6100 6134 6133 
usemtl PATCH_33
f 6133 6134 6168 6167 
usemtl PATCH_33
f 6167 6168 810 809 
usemtl PATCH_33
f 710 709 5931 5930 
usemtl PATCH_33
f 5930 5931 5965 5964 
usemtl PATCH_33
f 5964 5965 5999 5998 
usemtl PATCH_33
f 5998 5999 6033 6032 
usemtl PATCH_33
f 6032 6033 6067 6066 
usemtl PATCH_33
f 6066 6067 6101 6100 
usemtl PATCH_33
f 6100 6101 6135 6134 
usemtl PATCH_33
f 6134 6135 6169 6168 
usemtl PATCH_33
f 6168 6169 811 810 
usemtl PATCH_33
f 709 708 5932 5931 
usemtl PATCH_33
f 5931 5932 5966 5965 
usemtl PATCH_33
f 5965 5966 6000 5999 
usemtl PATCH_33
f 5999 6000 6034 6033 
usemtl PATCH_33
f 6033 6034 6068 6067 
usemtl PATCH_33
f 6067 6068 6102 6101 
usemtl PATCH_33
f 6101 6102 6136 6135 
usemtl PATCH_33
f 6135 6136 6170 6169 
usemtl PATCH_33
f 6169 6170 812 811 
usemtl PATCH_33
f 708 707 5933 5932 
usemtl PATCH_33
f 5932 5933 5967 5966 
usemtl PATCH_33
f 5966 5967 6001 6000 
usemtl PATCH_33
f 6000 6001 6035 6034 
usemtl PATCH_33
f 6034 6035 6069 6068 
usemtl PATCH_33
f 6068 6069 6103 6102 
usemtl PATCH_33
f 6102 6103 6137 6136 
usemtl PATCH_33
f 6136 6137 6171 6170 
usemtl PATCH_33
f 6170 6171 813 812 
usemtl PATCH_33
f 707 706 5934 5933 
usemtl PATCH_33
f 5933 5934 5968 5967 
usemtl PATCH_33
f 5967 5968 6002 6001 
usemtl PATCH_33
f 6001 6002 6036 6035 
usemtl PATCH_33
f 6035 6036 6070 6069 
usemtl PATCH_33
f 6069 6070 6104 6103 
usemtl PATCH_33
f 6103 6104 6138 6137 
usemtl PATCH_33
f 6137 6138 6172 6171 
usemtl PATCH_33
f 6171 6172 814 813 
usemtl PATCH_33
f 706 705 5935 5934 
usemtl PATCH_33
f 5934 5935 5969 5968 
usemtl PATCH_33
f 5968 5969 6003 6002 
usemtl PATCH_33
f 6002 6003 6037 6036 
usemtl PATCH_33
f 6036 6037 6071 6070 
usemtl PATCH_33
f 6070 6071 6105 6104 
usemtl PATCH_33
f 6104 6105 6139 6138 
usemtl PATCH_33
f 6138 6139 6173 6172 
usemtl PATCH_33
f 6172 6173 815 814 
usemtl PATCH_33
f 705 704 5936 5935 
usemtl PATCH_33
f 5935 5936 5970 5969 
usemtl PATCH_33
f 5969 5970 6004 6003 
usemtl PATCH_33
f 6003 6004 6038 6037 
usemtl PATCH_33
f 6037 6038 6072 6071 
usemtl PATCH_33
f 6071 6072 6106 6105 
usemtl PATCH_33
f 6105 6106 6140 6139 
usemtl PATCH_33
f 6139 6140 6174 6173 
usemtl PATCH_33
f 6173 6174 816 815 
usemtl PATCH_33
f 704 703 5937 5936 
usemtl PATCH_33
f 5936 5937 5971 5970 
usemtl PATCH_33
f 5970 5971 6005 6004 
usemtl PATCH_33
f 6004 6005 6039 6038 
usemtl PATCH_33
f 6038 6039 6073 6072 
usemtl PATCH_33
f 6072 6073 6107 6106 
usemtl PATCH_33
f 6106 6107 6141 6140 
usemtl PATCH_33
f 6140 6141 6175 6174 
usemtl PATCH_33
f 6174 6175 817 816 
usemtl PATCH_33
f 703 702 5938 5937 
usemtl PATCH_33
f 5937 5938 5972 5971 
usemtl PATCH_33
f 5971 5972 6006 6005 
usemtl PATCH_33
f 6005 6006 6040 6039 
usemtl PATCH_33
f 6039 6040 6074 6073 
usemtl PATCH_33
f 6073 6074 6108 6107 
usemtl PATCH_33
f 6107 6108 6142 6141 
usemtl PATCH_33
f 6141 6142 6176 6175 
usemtl PATCH_33
f 6175 6176 818 817 
usemtl PATCH_33
f 702 30 849 5938 
usemtl PATCH_33
f 5938 849 850 5972 
usemtl PATCH_33
f 5972 850 851 6006 
usemtl PATCH_33
f 6006 851 852 6040 
usemtl PATCH_33
f 6040 852 853 6074 
usemtl PATCH_33
f 6074 853 854 6108 
usemtl PATCH_33
f 6108 854 855 6142 
usemtl PATCH_33
f 6142 855 856 6176 
usemtl PATCH_33
f 6176 856 32 818 
usemtl PATCH_14
f 33 857 6177 878 
usemtl PATCH_14
f 878 6177 6181 877 
usemtl PATCH_14
f 877 6181 6185 876 
usemtl PATCH_14
f 876 6185 6189 875 
usemtl PATCH_14
f 875 6189 6193 874 
usemtl PATCH_14
f 874 6193 6197 873 
usemtl PATCH_14
f 873 6197 6201 872 
usemtl PATCH_14
f 872 6201 871 36 
usemtl PATCH_14
f 857 858 6178 6177 
usemtl PATCH_14
f 6177 6178 6182 6181 
usemtl PATCH_14
f 6181 6182 6186 6185 
usemtl PATCH_14
f 6185 6186 6190 6189 
usemtl PATCH_14
f 6189 6190 6194 6193 
usemtl PATCH_14
f 6193 6194 6198 6197 
usemtl PATCH_14
f 6197 6198 6202 6201 
usemtl PATCH_14
f 6201 6202 870 871 
usemtl PATCH_14
f 858 859 6179 6178 
usemtl PATCH_14
f 6178 6179 6183 6182 
usemtl PATCH_14
f 6182 6183 6187 6186 
usemtl PATCH_14
f 6186 6187 6191 6190 
usemtl PATCH_14
f 6190 6191 6195 6194 
usemtl PATCH_14
f 6194 6195 6199 6198 
usemtl PATCH_14
f 6198 6199 6203 6202 
usemtl PATCH_14
f 6202 6203 869 870 
usemtl PATCH_14
f 859 860 6180 6179 
usemtl PATCH_14
f 6179 6180 6184 6183 
usemtl PATCH_14
f 6183 6184 6188 6187 
usemtl PATCH_14
f 6187 6188 6192 6191 
usemtl PATCH_14
f 6191 6192 6196 6195 
usemtl PATCH_14
f 6195 6196 6200 6199 
usemtl PATCH_14
f 6199 6200 6204 6203 
usemtl PATCH_14
f 6203 6204 868 869 
usemtl PATCH_14
f 860 34 861 6180 
usemtl PATCH_14
f 6180 861 862 6184 
usemtl PATCH_14
f 6184 862 863 6188 
usemtl PATCH_14
f 6188 863 864 6192 
usemtl PATCH_14
f 6192 864 865 6196 
usemtl PATCH_14
f 6196 865 866 6200 
usemtl PATCH_14
f 6200 866 867 6204 
usemtl PATCH_14
f 6204 867 35 868 
usemtl PATCH_13
f 33 879 6205 857 
usemtl PATCH_13
f 857 6205 6212 858 
usemtl PATCH_13
f 858 6212 6219 859 
usemtl PATCH_13
f 859 6219 6226 860 
usemtl PATCH_13
f 860 6226 896 34 
usemtl PATCH_13
f 879 880 6206 6205 
usemtl PATCH_13
f 6205 6206 6213 6212 
usemtl PATCH_13
f 6212 6213 6220 6219 
usemtl PATCH_13
f 6219 6220 6227 6226 
usemtl PATCH_13
f 6226 6227 895 896 
usemtl PATCH_13
f 880 881 6207 6206 
usemtl PATCH_13
f 6206 6207 6214 6213 
usemtl PATCH_13
f 6213 6214 6221 6220 
usemtl PATCH_13
f 6220 6221 6228 6227 
usemtl PATCH_13
f 6227 6228 894 895 
usemtl PATCH_13
f 881 882 6208 6207 
usemtl PATCH_13
f 6207 6208 6215 6214 
usemtl PATCH_13
f 6214 6215 6222 6221 
usemtl PATCH_13
f 6221 6222 6229 6228 
usemtl PATCH_13
f 6228 6229 893 894 
usemtl PATCH_13
f 882 883 6209 6208 
usemtl PATCH_13
f 6208 6209 6216 6215 
usemtl PATCH_13
f 6215 6216 6223 6222 
usemtl PATCH_13
f 6222 6223 6230 6229 
usemtl PATCH_13
f 6229 6230 892 893 
usemtl PATCH_13
f 883 884 6210 6209 
usemtl PATCH_13
f 6209 6210 6217 6216 
usemtl PATCH_13
f 6216 6217 6224 6223 
usemtl PATCH_13
f 6223 6224 6231 6230 
usemtl PATCH_13
f 6230 6231 891 892 
usemtl PATCH_13
f 884 885 6211 6210 
usemtl PATCH_13
f 6210 6211 6218 6217 
usemtl PATCH_13
f 6217 6218 6225 6224 
usemtl PATCH_13
f 6224 6225 6232 6231 
usemtl PATCH_13
f 6231 6232 890 891 
usemtl PATCH_13
f 885 37 886 6211 
usemtl PATCH_13
f 6211 886 887 6218 
usemtl PATCH_13
f 6218 887 888 6225 
usemtl PATCH_13
f 6225 888 889 6232 
usemtl PATCH_13
f 6232 889 38 890 
usemtl PATCH_66
f 33 878 6233 879 
usemtl PATCH_66
f 879 6233 6240 880 
usemtl PATCH_66
f 880 6240 6247 881 
usemtl PATCH_66
f 881 6247 6254 882 
usemtl PATCH_66
f 882 6254 6261 883 
usemtl PATCH_66
f 883 6261 6268 884 
usemtl PATCH_66
f 884 6268 6275 885 
usemtl PATCH_66
f 885 6275 910 37 
usemtl PATCH_66
f 878 877 6234 6233 
usemtl PATCH_66
f 6233 6234 6241 6240 
usemtl PATCH_66
f 6240 6241 6248 6247 
usemtl PATCH_66
f 6247 6248 6255 6254 
usemtl PATCH_66
f 6254 6255 6262 6261 
usemtl PATCH_66
f 6261 6262 6269 6268 
usemtl PATCH_66
f 6268 6269 6276 6275 
usemtl PATCH_66
f 6275 6276 909 910 
usemtl PATCH_66
f 877 876 6235 6234 
usemtl PATCH_66
f 6234 6235 6242 6241 
usemtl PATCH_66
f 6241 6242 6249 6248 
usemtl PATCH_66
f 6248 6249 6256 6255 
usemtl PATCH_66
f 6255 6256 6263 6262 
usemtl PATCH_66
f 6262 6263 6270 6269 
usemtl PATCH_66
f 6269 6270 6277 6276 
usemtl PATCH_66
f 6276 6277 908 909 
usemtl PATCH_66
f 876 875 6236 6235 
usemtl PATCH_66
f 6235 6236 6243 6242 
usemtl PATCH_66
f 6242 6243 6250 6249 
usemtl PATCH_66
f 6249 6250 6257 6256 
usemtl PATCH_66
f 6256 6257 6264 6263 
usemtl PATCH_66
f 6263 6264 6271 6270 
usemtl PATCH_66
f 6270 6271 6278 6277 
usemtl PATCH_66
f 6277 6278 907 908 
usemtl PATCH_66
f 875 874 6237 6236 
usemtl PATCH_66
f 6236 6237 6244 6243 
usemtl PATCH_66
f 6243 6244 6251 6250 
usemtl PATCH_66
f 6250 6251 6258 6257 
usemtl PATCH_66
f 6257 6258 6265 6264 
usemtl PATCH_66
f 6264 6265 6272 6271 
usemtl PATCH_66
f 6271 6272 6279 6278 
usemtl PATCH_66
f 6278 6279 906 907 
usemtl PATCH_66
f 874 873 6238 6237 
usemtl PATCH_66
f 6237 6238 6245 6244 
usemtl PATCH_66
f 6244 6245 6252 6251 
usemtl PATCH_66
f 6251 6252 6259 6258 
usemtl PATCH_66
f 6258 6259 6266 6265 
usemtl PATCH_66
f 6265 6266 6273 6272 
usemtl PATCH_66
f 6272 6273 6280 6279 
usemtl PATCH_66
f 6279 6280 905 906 
usemtl PATCH_66
f 873 872 6239 6238 
usemtl PATCH_66
f 6238 6239 6246 6245 
usemtl PATCH_66
f 6245 6246 6253 6252 
usemtl PATCH_66
f 6252 6253 6260 6259 
usemtl PATCH_66
f 6259 6260 6267 6266 
usemtl PATCH_66
f 6266 6267 6274 6273 
usemtl PATCH_66
f 6273 6274 6281 6280 
usemtl PATCH_66
f 6280 6281 904 905 
usemtl PATCH_66
f 872 36 897 6239 
usemtl PATCH_66
f 6239 897 898 6246 
usemtl PATCH_66
f 6246 898 899 6253 
usemtl PATCH_66
f 6253 899 900 6260 
usemtl PATCH_66
f 6260 900 901 6267 
usemtl PATCH_66
f 6267 901 902 6274 
usemtl PATCH_66
f 6274 902 903 6281 
usemtl PATCH_66
f 6281 903 39 904 
usemtl PATCH_67
f 36 871 6282 897 
usemtl PATCH_67
f 897 6282 6286 898 
usemtl PATCH_67
f 898 6286 6290 899 
usemtl PATCH_67
f 899 6290 6294 900 
usemtl PATCH_67
f 900 6294 6298 901 
usemtl PATCH_67
f 901 6298 6302 902 
usemtl PATCH_67
f 902 6302 6306 903 
usemtl PATCH_67
f 903 6306 921 39 
usemtl PATCH_67
f 871 870 6283 6282 
usemtl PATCH_67
f 6282 6283 6287 6286 
usemtl PATCH_67
f 6286 6287 6291 6290 
usemtl PATCH_67
f 6290 6291 6295 6294 
usemtl PATCH_67
f 6294 6295 6299 6298 
usemtl PATCH_67
f 6298 6299 6303 6302 
usemtl PATCH_67
f 6302 6303 6307 6306 
usemtl PATCH_67
f 6306 6307 920 921 
usemtl PATCH_67
f 870 869 6284 6283 
usemtl PATCH_67
f 6283 6284 6288 6287 
usemtl PATCH_67
f 6287 6288 6292 6291 
usemtl PATCH_67
f 6291 6292 6296 6295 
usemtl PATCH_67
f 6295 6296 6300 6299 
usemtl PATCH_67
f 6299 6300 6304 6303 
usemtl PATCH_67
f 6303 6304 6308 6307 
usemtl PATCH_67
f 6307 6308 919 920 
usemtl PATCH_67
f 869 868 6285 6284 
usemtl PATCH_67
f 6284 6285 6289 6288 
usemtl PATCH_67
f 6288 6289 6293 6292 
usemtl PATCH_67
f 6292 6293 6297 6296 
usemtl PATCH_67
f 6296 6297 6301 6300 
usemtl PATCH_67
f 6300 6301 6305 6304 
usemtl PATCH_67
f 6304 6305 6309 6308 
usemtl PATCH_67
f 6308 6309 918 919 
usemtl PATCH_67
f 868 35 911 6285 
usemtl PATCH_67
f 6285 911 912 6289 
usemtl PATCH_67
f 6289 912 913 6293 
usemtl PATCH_67
f 6293 913 914 6297 
usemtl PATCH_67
f 6297 914 915 6301 
usemtl PATCH_67
f 6301 915 916 6305 
usemtl PATCH_67
f 6305 916 917 6309 
usemtl PATCH_67
f 6309 917 40 918 
usemtl PATCH_18
f 37 910 6310 886 
usemtl PATCH_18
f 886 6310 6317 887 
usemtl PATCH_18
f 887 6317 6324 888 
usemtl PATCH_18
f 888 6324 6331 889 
usemtl PATCH_18
f 889 6331 928 38 
usemtl PATCH_18
f 910 909 6311 6310 
usemtl PATCH_18
f 6310 6311 6318 6317 
usemtl PATCH_18
f 6317 6318 6325 6324 
usemtl PATCH_18
f 6324 6325 6332 6331 
usemtl PATCH_18
f 6331 6332 927 928 
usemtl PATCH_18
f 909 908 6312 6311 
usemtl PATCH_18
f 6311 6312 6319 6318 
usemtl PATCH_18
f 6318 6319 6326 6325 
usemtl PATCH_18
f 6325 6326 6333 6332 
usemtl PATCH_18
f 6332 6333 926 927 
usemtl PATCH_18
f 908 907 6313 6312 
usemtl PATCH_18
f 6312 6313 6320 6319 
usemtl PATCH_18
f 6319 6320 6327 6326 
usemtl PATCH_18
f 6326 6327 6334 6333 
usemtl PATCH_18
f 6333 6334 925 926 
usemtl PATCH_18
f 907 906 6314 6313 
usemtl PATCH_18
f 6313 6314 6321 6320 
usemtl PATCH_18
f 6320 6321 6328 6327 
usemtl PATCH_18
f 6327 6328 6335 6334 
usemtl PATCH_18
f 6334 6335 924 925 
usemtl PATCH_18
f 906 905 6315 6314 
usemtl PATCH_18
f 6314 6315 6322 6321 
usemtl PATCH_18
f 6321 6322 6329 6328 
usemtl PATCH_18
f 6328 6329 6336 6335 
usemtl PATCH_18
f 6335 6336 923 924 
usemtl PATCH_18
f 905 904 6316 6315 
usemtl PATCH_18
f 6315 6316 6323 6322 
usemtl PATCH_18
f 6322 6323 6330 6329 
usemtl PATCH_18
f 6329 6330 6337 6336 
usemtl PATCH_18
f 6336 6337 922 923 
usemtl PATCH_18
f 904 39 921 6316 
usemtl PATCH_18
f 6316 921 920 6323 
usemtl PATCH_18
f 6323 920 919 6330 
usemtl PATCH_18
f 6330 919 918 6337 
usemtl PATCH_18
f 6337 918 40 922 
usemtl PATCH_57
f 32 856 6338 819 
usemtl PATCH_57
f 819 6338 6346 820 
usemtl PATCH_57
f 820 6346 6354 821 
usemtl PATCH_57
f 821 6354 6362 822 
usemtl PATCH_57
f 822 6362 6370 823 
usemtl PATCH_57
f 823 6370 6378 824 
usemtl PATCH_57
f 824 6378 6386 825 
usemtl PATCH_57
f 825 6386 770 31 
usemtl PATCH_57
f 856 855 6339 6338 
usemtl PATCH_57
f 6338 6339 6347 6346 
usemtl PATCH_57
f 6346 6347 6355 6354 
usemtl PATCH_57
f 6354 6355 6363 6362 
usemtl PATCH_57
f 6362 6363 6371 6370 
usemtl PATCH_57
f 6370 6371 6379 6378 
usemtl PATCH_57
f 6378 6379 6387 6386 
usemtl PATCH_57
f 6386 6387 771 770 
usemtl PATCH_57
f 855 854 6340 6339 
usemtl PATCH_57
f 6339 6340 6348 6347 
usemtl PATCH_57
f 6347 6348 6356 6355 
usemtl PATCH_57
f 6355 6356 6364 6363 
usemtl PATCH_57
f 6363 6364 6372 6371 
usemtl PATCH_57
f 6371 6372 6380 6379 
usemtl PATCH_57
f 6379 6380 6388 6387 
usemtl PATCH_57
f 6387 6388 772 771 
usemtl PATCH_57
f 854 853 6341 6340 
usemtl PATCH_57
f 6340 6341 6349 6348 
usemtl PATCH_57
f 6348 6349 6357 6356 
usemtl PATCH_57
f 6356 6357 6365 6364 
usemtl PATCH_57
f 6364 6365 6373 6372 
usemtl PATCH_57
f 6372 6373 6381 6380 
usemtl PATCH_57
f 6380 6381 6389 6388 
usemtl PATCH_57
f 6388 6389 773 772 
usemtl PATCH_57
f 853 852 6342 6341 
usemtl PATCH_57
f 6341 6342 6350 6349 
usemtl PATCH_57
f 6349 6350 6358 6357 
usemtl PATCH_57
f 6357 6358 6366 6365 
usemtl PATCH_57
f 6365 6366 6374 6373 
usemtl PATCH_57
f 6373 6374 6382 6381 
usemtl PATCH_57
f 6381 6382 6390 6389 
usemtl PATCH_57
f 6389 6390 774 773 
usemtl PATCH_57
f 852 851 6343 6342 
usemtl PATCH_57
f 6342 6343 6351 6350 
usemtl PATCH_57
f 6350 6351 6359 6358 
usemtl PATCH_57
f 6358 6359 6367 6366 
usemtl PATCH_57
f 6366 6367 6375 6374 
usemtl PATCH_57
f 6374 6375 6383 6382 
usemtl PATCH_57
f 6382 6383 6391 6390 
usemtl PATCH_57
f 6390 6391 775 774 
usemtl PATCH_57
f 851 850 6344 6343 
usemtl PATCH_57
f 6343 6344 6352 6351 
usemtl PATCH_57
f 6351 6352 6360 6359 
usemtl PATCH_57
f 6359 6360 6368 6367 
usemtl PATCH_57
f 6367 6368 6376 6375 
usemtl PATCH_57
f 6375 6376 6384 6383 
usemtl PATCH_57
f 6383 6384 6392 6391 
usemtl PATCH_57
f 6391 6392 776 775 
usemtl PATCH_57
f 850 849 6345 6344 
usemtl PATCH_57
f 6344 6345 6353 6352 
usemtl PATCH_57
f 6352 6353 6361 6360 
usemtl PATCH_57
f 6360 6361 6369 6368 
usemtl PATCH_57
f 6368 6369 6377 6376 
usemtl PATCH_57
f 6376 6377 6385 6384 
usemtl PATCH_57
f 6384 6385 6393 6392 
usemtl PATCH_57
f 6392 6393 777 776 
usemtl PATCH_57
f 849 30 701 6345 
usemtl PATCH_57
f 6345 701 700 6353 
usemtl PATCH_57
f 6353 700 699 6361 
usemtl PATCH_57
f 6361 699 698 6369 
usemtl PATCH_57
f 6369 698 697 6377 
usemtl PATCH_57
f 6377 697 696 6385 
usemtl PATCH_57
f 6385 696 695 6393 
usemtl PATCH_57
f 6393 695 29 777 
usemtl PATCH_55
f 41 929 6394 1000 
usemtl PATCH_55
f 1000 6394 6424 999 
usemtl PATCH_55
f 999 6424 6454 998 
usemtl PATCH_55
f 998 6454 6484 997 
usemtl PATCH_55
f 997 6484 6514 996 
usemtl PATCH_55
f 996 6514 6544 995 
usemtl PATCH_55
f 995 6544 994 43 
usemtl PATCH_55
f 929 930 6395 6394 
usemtl PATCH_55
f 6394 6395 6425 6424 
usemtl PATCH_55
f 6424 6425 6455 6454 
usemtl PATCH_55
f 6454 6455 6485 6484 
usemtl PATCH_55
f 6484 6485 6515 6514 
usemtl PATCH_55
f 6514 6515 6545 6544 
usemtl PATCH_55
f 6544 6545 993 994 
usemtl PATCH_55
f 930 931 6396 6395 
usemtl PATCH_55
f 6395 6396 6426 6425 
usemtl PATCH_55
f 6425 6426 6456 6455 
usemtl PATCH_55
f 6455 6456 6486 6485 
usemtl PATCH_55
f 6485 6486 6516 6515 
usemtl PATCH_55
f 6515 6516 6546 6545 
usemtl PATCH_55
f 6545 6546 992 993 
usemtl PATCH_55
f 931 932 6397 6396 
usemtl PATCH_55
f 6396 6397 6427 6426 
usemtl PATCH_55
f 6426 6427 6457 6456 
usemtl PATCH_55
f 6456 6457 6487 6486 
usemtl PATCH_55
f 6486 6487 6517 6516 
usemtl PATCH_55
f 6516 6517 6547 6546 
usemtl PATCH_55
f 6546 6547 991 992 
usemtl PATCH_55
f 932 933 6398 6397 
usemtl PATCH_55
f 6397 6398 6428 6427 
usemtl PATCH_55
f 6427 6428 6458 6457 
usemtl PATCH_55
f 6457 6458 6488 6487 
usemtl PATCH_55
f 6487 6488 6518 6517 
usemtl PATCH_55
f 6517 6518 6548 6547 
usemtl PATCH_55
f 6547 6548 990 991 
usemtl PATCH_55
f 933 934 6399 6398 
usemtl PATCH_55
f 6398 6399 6429 6428 
usemtl PATCH_55
f 6428 6429 6459 6458 
usemtl PATCH_55
f 6458 6459 6489 6488 
usemtl PATCH_55
f 6488 6489 6519 6518 
usemtl PATCH_55
f 6518 6519 6549 6548 
usemtl PATCH_55
f 6548 6549 989 990 
usemtl PATCH_55
f 934 935 6400 6399 
usemtl PATCH_55
f 6399 6400 6430 6429 
usemtl PATCH_55
f 6429 6430 6460 6459 
usemtl PATCH_55
f 6459 6460 6490 6489 
usemtl PATCH_55
f 6489 6490 6520 6519 
usemtl PATCH_55
f 6519 6520 6550 6549 
usemtl PATCH_55
f 6549 6550 988 989 
usemtl PATCH_55
f 935 936 6401 6400 
usemtl PATCH_55
f 6400 6401 6431 6430 
usemtl PATCH_55
f 6430 6431 6461 6460 
usemtl PATCH_55
f 6460 6461 6491 6490 
usemtl PATCH_55
f 6490 6491 6521 6520 
usemtl PATCH_55
f 6520 6521 6551 6550 
usemtl PATCH_55
f 6550 6551 987 988 
usemtl PATCH_55
f 936 937 6402 6401 
usemtl PATCH_55
f 6401 6402 6432 6431 
usemtl PATCH_55
f 6431 6432 6462 6461 
usemtl PATCH_55
f 6461 6462 6492 6491 
usemtl PATCH_55
f 6491 6492 6522 6521 
usemtl PATCH_55
f 6521 6522 6552 6551 
usemtl PATCH_55
f 6551 6552 986 987 
usemtl PATCH_55
f 937 938 6403 6402 
usemtl PATCH_55
f 6402 6403 6433 6432 
usemtl PATCH_55
f 6432 6433 6463 6462 
usemtl PATCH_55
f 6462 6463 6493 6492 
usemtl PATCH_55
f 6492 6493 6523 6522 
usemtl PATCH_55
f 6522 6523 6553 6552 
usemtl PATCH_55
f 6552 6553 985 986 
usemtl PATCH_55
f 938 939 6404 6403 
usemtl PATCH_55
f 6403 6404 6434 6433 
usemtl PATCH_55
f 6433 6434 6464 6463 
usemtl PATCH_55
f 6463 6464 6494 6493 
usemtl PATCH_55
f 6493 6494 6524 6523 
usemtl PATCH_55
f 6523 6524 6554 6553 
usemtl PATCH_55
f 6553 6554 984 985 
usemtl PATCH_55
f 939 940 6405 6404 
usemtl PATCH_55
f 6404 6405 6435 6434 
usemtl PATCH_55
f 6434 6435 6465 6464 
usemtl PATCH_55
f 6464 6465 6495 6494 
usemtl PATCH_55
f 6494 6495 6525 6524 
usemtl PATCH_55
f 6524 6525 6555 6554 
usemtl PATCH_55
f 6554 6555 983 984 
usemtl PATCH_55
f 940 941 6406 6405 
usemtl PATCH_55
f 6405 6406 6436 6435 
usemtl PATCH_55
f 6435 6436 6466 6465 
usemtl PATCH_55
f 6465 6466 6496 6495 
usemtl PATCH_55
f 6495 6496 6526 6525 
usemtl PATCH_55
f 6525 6526 6556 6555 
usemtl PATCH_55
f 6555 6556 982 983 
usemtl PATCH_55
f 941 942 6407 6406 
usemtl PATCH_55
f 6406 6407 6437 6436 
usemtl PATCH_55
f 6436 6437 6467 6466 
usemtl PATCH_55
f 6466 6467 6497 6496 
usemtl PATCH_55
f 6496 6497 6527 6526 
usemtl PATCH_55
f 6526 6527 6557 6556 
usemtl PATCH_55
f 6556 6557 981 982 
usemtl PATCH_55
f 942 943 6408 6407 
usemtl PATCH_55
f 6407 6408 6438 6437 
usemtl PATCH_55
f 6437 6438 6468 6467 
usemtl PATCH_55
f 6467 6468 6498 6497 
usemtl PATCH_55
f 6497 6498 6528 6527 
usemtl PATCH_55
f 6527 6528 6558 6557 
usemtl PATCH_55
f 6557 6558 980 981 
usemtl PATCH_55
f 943 944 6409 6408 
usemtl PATCH_55
f 6408 6409 6439 6438 
usemtl PATCH_55
f 6438 6439 6469 6468 
usemtl PATCH_55
f 6468 6469 6499 6498 
usemtl PATCH_55
f 6498 6499 6529 6528 
usemtl PATCH_55
f 6528 6529 6559 6558 
usemtl PATCH_55
f 6558 6559 979 980 
usemtl PATCH_55
f 944 945 6410 6409 
usemtl PATCH_55
f 6409 6410 6440 6439 
usemtl PATCH_55
f 6439 6440 6470 6469 
usemtl PATCH_55
f 6469 6470 6500 6499 
usemtl PATCH_55
f 6499 6500 6530 6529 
usemtl PATCH_55
f 6529 6530 6560 6559 
usemtl PATCH_55
f 6559 6560 978 979 
usemtl PATCH_55
f 945 946 6411 6410 
usemtl PATCH_55
f 6410 6411 6441 6440 
usemtl PATCH_55
f 6440 6441 6471 6470 
usemtl PATCH_55
f 6470 6471 6501 6500 
usemtl PATCH_55
f 6500 6501 6531 6530 
usemtl PATCH_55
f 6530 6531 6561 6560 
usemtl PATCH_55
f 6560 6561 977 978 
usemtl PATCH_55
f 946 947 6412 6411 
usemtl PATCH_55
f 6411 6412 6442 6441 
usemtl PATCH_55
f 6441 6442 6472 6471 
usemtl PATCH_55
f 6471 6472 6502 6501 
usemtl PATCH_55
f 6501 6502 6532 6531 
usemtl PATCH_55
f 6531 6532 6562 6561 
usemtl PATCH_55
f 6561 6562 976 977 
usemtl PATCH_55
f 947 948 6413 6412 
usemtl PATCH_55
f 6412 6413 6443 6442 
usemtl PATCH_55
f 6442 6443 6473 6472 
usemtl PATCH_55
f 6472 6473 6503 6502 
usemtl PATCH_55
f 6502 6503 6533 6532 
usemtl PATCH_55
f 6532 6533 6563 6562 
usemtl PATCH_55
f 6562 6563 975 976 
usemtl PATCH_55
f 948 949 6414 6413 
usemtl PATCH_55
f 6413 6414 6444 6443 
usemtl PATCH_55
f 6443 6444 6474 6473 
usemtl PATCH_55
f 6473 6474 6504 6503 
usemtl PATCH_55
f 6503 6504 6534 6533 
usemtl PATCH_55
f 6533 6534 6564 6563 
usemtl PATCH_55
f 6563 6564 974 975 
usemtl PATCH_55
f 949 950 6415 6414 
usemtl PATCH_55
f 6414 6415 6445 6444 
usemtl PATCH_55
f 6444 6445 6475 6474 
usemtl PATCH_55
f 6474 6475 6505 6504 
usemtl PATCH_55
f 6504 6505 6535 6534 
usemtl PATCH_55
f 6534 6535 6565 6564 
usemtl PATCH_55
f 6564 6565 973 974 
usemtl PATCH_55
f 950 951 6416 6415 
usemtl PATCH_55
f 6415 6416 6446 6445 
usemtl PATCH_55
f 6445 6446 6476 6475 
usemtl PATCH_55
f 6475 6476 6506 6505 
usemtl PATCH_55
f 6505 6506 6536 6535 
usemtl PATCH_55
f 6535 6536 6566 6565 
usemtl PATCH_55
f 6565 6566 972 973 
usemtl PATCH_55
f 951 952 6417 6416 
usemtl PATCH_55
f 6416 6417 6447 6446 
usemtl PATCH_55
f 6446 6447 6477 6476 
usemtl PATCH_55
f 6476 6477 6507 6506 
usemtl PATCH_55
f 6506 6507 6537 6536 
usemtl PATCH_55
f 6536 6537 6567 6566 
usemtl PATCH_55
f 6566 6567 971 972 
usemtl PATCH_55
f 952 953 6418 6417 
usemtl PATCH_55
f 6417 6418 6448 6447 
usemtl PATCH_55
f 6447 6448 6478 6477 
usemtl PATCH_55
f 6477 6478 6508 6507 
usemtl PATCH_55
f 6507 6508 6538 6537 
usemtl PATCH_55
f 6537 6538 6568 6567 
usemtl PATCH_55
f 6567 6568 970 971 
usemtl PATCH_55
f 953 954 6419 6418 
usemtl PATCH_55
f 6418 6419 6449 6448 
usemtl PATCH_55
f 6448 6449 6479 6478 
usemtl PATCH_55
f 6478 6479 6509 6508 
usemtl PATCH_55
f 6508 6509 6539 6538 
usemtl PATCH_55
f 6538 6539 6569 6568 
usemtl PATCH_55
f 6568 6569 969 970 
usemtl PATCH_55
f 954 955 6420 6419 
usemtl PATCH_55
f 6419 6420 6450 6449 
usemtl PATCH_55
f 6449 6450 6480 6479 
usemtl PATCH_55
f 6479 6480 6510 6509 
usemtl PATCH_55
f 6509 6510 6540 6539 
usemtl PATCH_55
f 6539 6540 6570 6569 
usemtl PATCH_55
f 6569 6570 968 969 
usemtl PATCH_55
f 955 956 6421 6420 
usemtl PATCH_55
f 6420 6421 6451 6450 
usemtl PATCH_55
f 6450 6451 6481 6480 
usemtl PATCH_55
f 6480 6481 6511 6510 
usemtl PATCH_55
f 6510 6511 6541 6540 
usemtl PATCH_55
f 6540 6541 6571 6570 
usemtl PATCH_55
f 6570 6571 967 968 
usemtl PATCH_55
f 956 957 6422 6421 
usemtl PATCH_55
f 6421 6422 6452 6451 
usemtl PATCH_55
f 6451 6452 6482 6481 
usemtl PATCH_55
f 6481 6482 6512 6511 
usemtl PATCH_55
f 6511 6512 6542 6541 
usemtl PATCH_55
f 6541 6542 6572 6571 
usemtl PATCH_55
f 6571 6572 966 967 
usemtl PATCH_55
f 957 958 6423 6422 
usemtl PATCH_55
f 6422 6423 6453 6452 
usemtl PATCH_55
f 6452 6453 6483 6482 
usemtl PATCH_55
f 6482 6483 6513 6512 
usemtl PATCH_55
f 6512 6513 6543 6542 
usemtl PATCH_55
f 6542 6543 6573 6572 
usemtl PATCH_55
f 6572 6573 965 966 
usemtl PATCH_55
f 958 17 959 6423 
usemtl PATCH_55
f 6423 959 960 6453 
usemtl PATCH_55
f 6453 960 961 6483 
usemtl PATCH_55
f 6483 961 962 6513 
usemtl PATCH_55
f 6513 962 963 6543 
usemtl PATCH_55
f 6543 963 964 6573 
usemtl PATCH_55
f 6573 964 42 965 
usemtl PATCH_53
f 41 1001 6574 929 
usemtl PATCH_53
f 929 6574 6581 930 
usemtl PATCH_53
f 930 6581 6588 931 
usemtl PATCH_53
f 931 6588 6595 932 
usemtl PATCH_53
f 932 6595 6602 933 
usemtl PATCH_53
f 933 6602 6609 934 
usemtl PATCH_53
f 934 6609 6616 935 
usemtl PATCH_53
f 935 6616 6623 936 
usemtl PATCH_53
f 936 6623 6630 937 
usemtl PATCH_53
f 937 6630 6637 938 
usemtl PATCH_53
f 938 6637 6644 939 
usemtl PATCH_53
f 939 6644 6651 940 
usemtl PATCH_53
f 940 6651 6658 941 
usemtl PATCH_53
f 941 6658 6665 942 
usemtl PATCH_53
f 942 6665 6672 943 
usemtl PATCH_53
f 943 6672 6679 944 
usemtl PATCH_53
f 944 6679 6686 945 
usemtl PATCH_53
f 945 6686 6693 946 
usemtl PATCH_53
f 946 6693 6700 947 
usemtl PATCH_53
f 947 6700 6707 948 
usemtl PATCH_53
f 948 6707 6714 949 
usemtl PATCH_53
f 949 6714 6721 950 
usemtl PATCH_53
f 950 6721 6728 951 
usemtl PATCH_53
f 951 6728 6735 952 
usemtl PATCH_53
f 952 6735 6742 953 
usemtl PATCH_53
f 953 6742 6749 954 
usemtl PATCH_53
f 954 6749 6756 955 
usemtl PATCH_53
f 955 6756 6763 956 
usemtl PATCH_53
f 956 6763 6770 957 
usemtl PATCH_53
f 957 6770 6777 958 
usemtl PATCH_53
f 958 6777 654 17 
usemtl PATCH_53
f 1001 1002 6575 6574 
usemtl PATCH_53
f 6574 6575 6582 6581 
usemtl PATCH_53
f 6581 6582 6589 6588 
usemtl PATCH_53
f 6588 6589 6596 6595 
usemtl PATCH_53
f 6595 6596 6603 6602 
usemtl PATCH_53
f 6602 6603 6610 6609 
usemtl PATCH_53
f 6609 6610 6617 6616 
usemtl PATCH_53
f 6616 6617 6624 6623 
usemtl PATCH_53
f 6623 6624 6631 6630 
usemtl PATCH_53
f 6630 6631 6638 6637 
usemtl PATCH_53
f 6637 6638 6645 6644 
usemtl PATCH_53
f 6644 6645 6652 6651 
usemtl PATCH_53
f 6651 6652 6659 6658 
usemtl PATCH_53
f 6658 6659 6666 6665 
usemtl PATCH_53
f 6665 6666 6673 6672 
usemtl PATCH_53
f 6672 6673 6680 6679 
usemtl PATCH_53
f 6679 6680 6687 6686 
usemtl PATCH_53
f 6686 6687 6694 6693 
usemtl PATCH_53
f 6693 6694 6701 6700 
usemtl PATCH_53
f 6700 6701 6708 6707 
usemtl PATCH_53
f 6707 6708 6715 6714 
usemtl PATCH_53
f 6714 6715 6722 6721 
usemtl PATCH_53
f 6721 6722 6729 6728 
usemtl PATCH_53
f 6728 6729 6736 6735 
usemtl PATCH_53
f 6735 6736 6743 6742 
usemtl PATCH_53
f 6742 6743 6750 6749 
usemtl PATCH_53
f 6749 6750 6757 6756 
usemtl PATCH_53
f 6756 6757 6764 6763 
usemtl PATCH_53
f 6763 6764 6771 6770 
usemtl PATCH_53
f 6770 6771 6778 6777 
usemtl PATCH_53
f 6777 6778 655 654 
usemtl PATCH_53
f 1002 1003 6576 6575 
usemtl PATCH_53
f 6575 6576 6583 6582 
usemtl PATCH_53
f 6582 6583 6590 6589 
usemtl PATCH_53
f 6589 6590 6597 6596 
usemtl PATCH_53
f 6596 6597 6604 6603 
usemtl PATCH_53
f 6603 6604 6611 6610 
usemtl PATCH_53
f 6610 6611 6618 6617 
usemtl PATCH_53
f 6617 6618 6625 6624 
usemtl PATCH_53
f 6624 6625 6632 6631 
usemtl PATCH_53
f 6631 6632 6639 6638 
usemtl PATCH_53
f 6638 6639 6646 6645 
usemtl PATCH_53
f 6645 6646 6653 6652 
usemtl PATCH_53
f 6652 6653 6660 6659 
usemtl PATCH_53
f 6659 6660 6667 6666 
usemtl PATCH_53
f 6666 6667 6674 6673 
usemtl PATCH_53
f 6673 6674 6681 6680 
usemtl PATCH_53
f 6680 6681 6688 6687 
usemtl PATCH_53
f 6687 6688 6695 6694 
usemtl PATCH_53
f 6694 6695 6702 6701 
usemtl PATCH_53
f 6701 6702 6709 6708 
usemtl PATCH_53
f 6708 6709 6716 6715 
usemtl PATCH_53
f 6715 6716 6723 6722 
usemtl PATCH_53
f 6722 6723 6730 6729 
usemtl PATCH_53
f 6729 6730 6737 6736 
usemtl PATCH_53
f 6736 6737 6744 6743 
usemtl PATCH_53
f 6743 6744 6751 6750 
usemtl PATCH_53
f 6750 6751 6758 6757 
usemtl PATCH_53
f 6757 6758 6765 6764 
usemtl PATCH_53
f 6764 6765 6772 6771 
usemtl PATCH_53
f 6771 6772 6779 6778 
usemtl PATCH_53
f 6778 6779 656 655 
usemtl PATCH_53
f 1003 1004 6577 6576 
usemtl PATCH_53
f 6576 6577 6584 6583 
usemtl PATCH_53
f 6583 6584 6591 6590 
usemtl PATCH_53
f 6590 6591 6598 6597 
usemtl PATCH_53
f 6597 6598 6605 6604 
usemtl PATCH_53
f 6604 6605 6612 6611 
usemtl PATCH_53
f 6611 6612 6619 6618 
usemtl PATCH_53
f 6618 6619 6626 6625 
usemtl PATCH_53
f 6625 6626 6633 6632 
usemtl PATCH_53
f 6632 6633 6640 6639 
usemtl PATCH_53
f 6639 6640 6647 6646 
usemtl PATCH_53
f 6646 6647 6654 6653 
usemtl PATCH_53
f 6653 6654 6661 6660 
usemtl PATCH_53
f 6660 6661 6668 6667 
usemtl PATCH_53
f 6667 6668 6675 6674 
usemtl PATCH_53
f 6674 6675 6682 6681 
usemtl PATCH_53
f 6681 6682 6689 6688 
usemtl PATCH_53
f 6688 6689 6696 6695 
usemtl PATCH_53
f 6695 6696 6703 6702 
usemtl PATCH_53
f 6702 6703 6710 6709 
usemtl PATCH_53
f 6709 6710 6717 6716 
usemtl PATCH_53
f 6716 6717 6724 6723 
usemtl PATCH_53
f 6723 6724 6731 6730 
usemtl PATCH_53
f 6730 6731 6738 6737 
usemtl PATCH_53
f 6737 6738 6745 6744 
usemtl PATCH_53
f 6744 6745 6752 6751 
usemtl PATCH_53
f 6751 6752 6759 6758 
usemtl PATCH_53
f 6758 6759 6766 6765 
usemtl PATCH_53
f 6765 6766 6773 6772 
usemtl PATCH_53
f 6772 6773 6780 6779 
usemtl PATCH_53
f 6779 6780 657 656 
usemtl PATCH_53
f 1004 1005 6578 6577 
usemtl PATCH_53
f 6577 6578 6585 6584 
usemtl PATCH_53
f 6584 6585 6592 6591 
usemtl PATCH_53
f 6591 6592 6599 6598 
usemtl PATCH_53
f 6598 6599 6606 6605 
usemtl PATCH_53
f 6605 6606 6613 6612 
usemtl PATCH_53
f 6612 6613 6620 6619 
usemtl PATCH_53
f 6619 6620 6627 6626 
usemtl PATCH_53
f 6626 6627 6634 6633 
usemtl PATCH_53
f 6633 6634 6641 6640 
usemtl PATCH_53
f 6640 6641 6648 6647 
usemtl PATCH_53
f 6647 6648 6655 6654 
usemtl PATCH_53
f 6654 6655 6662 6661 
usemtl PATCH_53
f 6661 6662 6669 6668 
usemtl PATCH_53
f 6668 6669 6676 6675 
usemtl PATCH_53
f 6675 6676 6683 6682 
usemtl PATCH_53
f 6682 6683 6690 6689 
usemtl PATCH_53
f 6689 6690 6697 6696 
usemtl PATCH_53
f 6696 6697 6704 6703 
usemtl PATCH_53
f 6703 6704 6711 6710 
usemtl PATCH_53
f 6710 6711 6718 6717 
usemtl PATCH_53
f 6717 6718 6725 6724 
usemtl PATCH_53
f 6724 6725 6732 6731 
usemtl PATCH_53
f 6731 6732 6739 6738 
usemtl PATCH_53
f 6738 6739 6746 6745 
usemtl PATCH_53
f 6745 6746 6753 6752 
usemtl PATCH_53
f 6752 6753 6760 6759 
usemtl PATCH_53
f 6759 6760 6767 6766 
usemtl PATCH_53
f 6766 6767 6774 6773 
usemtl PATCH_53
f 6773 6774 6781 6780 
usemtl PATCH_53
f 6780 6781 658 657 
usemtl PATCH_53
f 1005 1006 6579 6578 
usemtl PATCH_53
f 6578 6579 6586 6585 
usemtl PATCH_53
f 6585 6586 6593 6592 
usemtl PATCH_53
f 6592 6593 6600 6599 
usemtl PATCH_53
f 6599 6600 6607 6606 
usemtl PATCH_53
f 6606 6607 6614 6613 
usemtl PATCH_53
f 6613 6614 6621 6620 
usemtl PATCH_53
f 6620 6621 6628 6627 
usemtl PATCH_53
f 6627 6628 6635 6634 
usemtl PATCH_53
f 6634 6635 6642 6641 
usemtl PATCH_53
f 6641 6642 6649 6648 
usemtl PATCH_53
f 6648 6649 6656 6655 
usemtl PATCH_53
f 6655 6656 6663 6662 
usemtl PATCH_53
f 6662 6663 6670 6669 
usemtl PATCH_53
f 6669 6670 6677 6676 
usemtl PATCH_53
f 6676 6677 6684 6683 
usemtl PATCH_53
f 6683 6684 6691 6690 
usemtl PATCH_53
f 6690 6691 6698 6697 
usemtl PATCH_53
f 6697 6698 6705 6704 
usemtl PATCH_53
f 6704 6705 6712 6711 
usemtl PATCH_53
f 6711 6712 6719 6718 
usemtl PATCH_53
f 6718 6719 6726 6725 
usemtl PATCH_53
f 6725 6726 6733 6732 
usemtl PATCH_53
f 6732 6733 6740 6739 
usemtl PATCH_53
f 6739 6740 6747 6746 
usemtl PATCH_53
f 6746 6747 6754 6753 
usemtl PATCH_53
f 6753 6754 6761 6760 
usemtl PATCH_53
f 6760 6761 6768 6767 
usemtl PATCH_53
f 6767 6768 6775 6774 
usemtl PATCH_53
f 6774 6775 6782 6781 
usemtl PATCH_53
f 6781 6782 659 658 
usemtl PATCH_53
f 1006 1007 6580 6579 
usemtl PATCH_53
f 6579 6580 6587 6586 
usemtl PATCH_53
f 6586 6587 6594 6593 
usemtl PATCH_53
f 6593 6594 6601 6600 
usemtl PATCH_53
f 6600 6601 6608 6607 
usemtl PATCH_53
f 6607 6608 6615 6614 
usemtl PATCH_53
f 6614 6615 6622 6621 
usemtl PATCH_53
f 6621 6622 6629 6628 
usemtl PATCH_53
f 6628 6629 6636 6635 
usemtl PATCH_53
f 6635 6636 6643 6642 
usemtl PATCH_53
f 6642 6643 6650 6649 
usemtl PATCH_53
f 6649 6650 6657 6656 
usemtl PATCH_53
f 6656 6657 6664 6663 
usemtl PATCH_53
f 6663 6664 6671 6670 
usemtl PATCH_53
f 6670 6671 6678 6677 
usemtl PATCH_53
f 6677 6678 6685 6684 
usemtl PATCH_53
f 6684 6685 6692 6691 
usemtl PATCH_53
f 6691 6692 6699 6698 
usemtl PATCH_53
f 6698 6699 6706 6705 
usemtl PATCH_53
f 6705 6706 6713 6712 
usemtl PATCH_53
f 6712 6713 6720 6719 
usemtl PATCH_53
f 6719 6720 6727 6726 
usemtl PATCH_53
f 6726 6727 6734 6733 
usemtl PATCH_53
f 6733 6734 6741 6740 
usemtl PATCH_53
f 6740 6741 6748 6747 
usemtl PATCH_53
f 6747 6748 6755 6754 
usemtl PATCH_53
f 6754 6755 6762 6761 
usemtl PATCH_53
f 6761 6762 6769 6768 
usemtl PATCH_53
f 6768 6769 6776 6775 
usemtl PATCH_53
f 6775 6776 6783 6782 
usemtl PATCH_53
f 6782 6783 660 659 
usemtl PATCH_53
f 1007 44 1008 6580 
usemtl PATCH_53
f 6580 1008 1009 6587 
usemtl PATCH_53
f 6587 1009 1010 6594 
usemtl PATCH_53
f 6594 1010 1011 6601 
usemtl PATCH_53
f 6601 1011 1012 6608 
usemtl PATCH_53
f 6608 1012 1013 6615 
usemtl PATCH_53
f 6615 1013 1014 6622 
usemtl PATCH_53
f 6622 1014 1015 6629 
usemtl PATCH_53
f 6629 1015 1016 6636 
usemtl PATCH_53
f 6636 1016 1017 6643 
usemtl PATCH_53
f 6643 1017 1018 6650 
usemtl PATCH_53
f 6650 1018 1019 6657 
usemtl PATCH_53
f 6657 1019 1020 6664 
usemtl PATCH_53
f 6664 1020 1021 6671 
usemtl PATCH_53
f 6671 1021 1022 6678 
usemtl PATCH_53
f 6678 1022 1023 6685 
usemtl PATCH_53
f 6685 1023 1024 6692 
usemtl PATCH_53
f 6692 1024 1025 6699 
usemtl PATCH_53
f 6699 1025 1026 6706 
usemtl PATCH_53
f 6706 1026 1027 6713 
usemtl PATCH_53
f 6713 1027 1028 6720 
usemtl PATCH_53
f 6720 1028 1029 6727 
usemtl PATCH_53
f 6727 1029 1030 6734 
usemtl PATCH_53
f 6734 1030 1031 6741 
usemtl PATCH_53
f 6741 1031 1032 6748 
usemtl PATCH_53
f 6748 1032 1033 6755 
usemtl PATCH_53
f 6755 1033 1034 6762 
usemtl PATCH_53
f 6762 1034 1035 6769 
usemtl PATCH_53
f 6769 1035 1036 6776 
usemtl PATCH_53
f 6776 1036 1037 6783 
usemtl PATCH_53
f 6783 1037 26 660 
usemtl PATCH_65
f 41 1000 6784 1001 
usemtl PATCH_65
f 1001 6784 6790 1002 
usemtl PATCH_65
f 1002 6790 6796 1003 
usemtl PATCH_65
f 1003 6796 6802 1004 
usemtl PATCH_65
f 1004 6802 6808 1005 
usemtl PATCH_65
f 1005 6808 6814 1006 
usemtl PATCH_65
f 1006 6814 6820 1007 
usemtl PATCH_65
f 1007 6820 1050 44 
usemtl PATCH_65
f 1000 999 6785 6784 
usemtl PATCH_65
f 6784 6785 6791 6790 
usemtl PATCH_65
f 6790 6791 6797 6796 
usemtl PATCH_65
f 6796 6797 6803 6802 
usemtl PATCH_65
f 6802 6803 6809 6808 
usemtl PATCH_65
f 6808 6809 6815 6814 
usemtl PATCH_65
f 6814 6815 6821 6820 
usemtl PATCH_65
f 6820 6821 1049 1050 
usemtl PATCH_65
f 999 998 6786 6785 
usemtl PATCH_65
f 6785 6786 6792 6791 
usemtl PATCH_65
f 6791 6792 6798 6797 
usemtl PATCH_65
f 6797 6798 6804 6803 
usemtl PATCH_65
f 6803 6804 6810 6809 
usemtl PATCH_65
f 6809 6810 6816 6815 
usemtl PATCH_65
f 6815 6816 6822 6821 
usemtl PATCH_65
f 6821 6822 1048 1049 
usemtl PATCH_65
f 998 997 6787 6786 
usemtl PATCH_65
f 6786 6787 6793 6792 
usemtl PATCH_65
f 6792 6793 6799 6798 
usemtl PATCH_65
f 6798 6799 6805 6804 
usemtl PATCH_65
f 6804 6805 6811 6810 
usemtl PATCH_65
f 6810 6811 6817 6816 
usemtl PATCH_65
f 6816 6817 6823 6822 
usemtl PATCH_65
f 6822 6823 1047 1048 
usemtl PATCH_65
f 997 996 6788 6787 
usemtl PATCH_65
f 6787 6788 6794 6793 
usemtl PATCH_65
f 6793 6794 6800 6799 
usemtl PATCH_65
f 6799 6800 6806 6805 
usemtl PATCH_65
f 6805 6806 6812 6811 
usemtl PATCH_65
f 6811 6812 6818 6817 
usemtl PATCH_65
f 6817 6818 6824 6823 
usemtl PATCH_65
f 6823 6824 1046 1047 
usemtl PATCH_65
f 996 995 6789 6788 
usemtl PATCH_65
f 6788 6789 6795 6794 
usemtl PATCH_65
f 6794 6795 6801 6800 
usemtl PATCH_65
f 6800 6801 6807 6806 
usemtl PATCH_65
f 6806 6807 6813 6812 
usemtl PATCH_65
f 6812 6813 6819 6818 
usemtl PATCH_65
f 6818 6819 6825 6824 
usemtl PATCH_65
f 6824 6825 1045 1046 
usemtl PATCH_65
f 995 43 1038 6789 
usemtl PATCH_65
f 6789 1038 1039 6795 
usemtl PATCH_65
f 6795 1039 1040 6801 
usemtl PATCH_65
f 6801 1040 1041 6807 
usemtl PATCH_65
f 6807 1041 1042 6813 
usemtl PATCH_65
f 6813 1042 1043 6819 
usemtl PATCH_65
f 6819 1043 1044 6825 
usemtl PATCH_65
f 6825 1044 45 1045 
usemtl PATCH_64
f 43 994 6826 1038 
usemtl PATCH_64
f 1038 6826 6856 1039 
usemtl PATCH_64
f 1039 6856 6886 1040 
usemtl PATCH_64
f 1040 6886 6916 1041 
usemtl PATCH_64
f 1041 6916 6946 1042 
usemtl PATCH_64
f 1042 6946 6976 1043 
usemtl PATCH_64
f 1043 6976 7006 1044 
usemtl PATCH_64
f 1044 7006 1087 45 
usemtl PATCH_64
f 994 993 6827 6826 
usemtl PATCH_64
f 6826 6827 6857 6856 
usemtl PATCH_64
f 6856 6857 6887 6886 
usemtl PATCH_64
f 6886 6887 6917 6916 
usemtl PATCH_64
f 6916 6917 6947 6946 
usemtl PATCH_64
f 6946 6947 6977 6976 
usemtl PATCH_64
f 6976 6977 7007 7006 
usemtl PATCH_64
f 7006 7007 1086 1087 
usemtl PATCH_64
f 993 992 6828 6827 
usemtl PATCH_64
f 6827 6828 6858 6857 
usemtl PATCH_64
f 6857 6858 6888 6887 
usemtl PATCH_64
f 6887 6888 6918 6917 
usemtl PATCH_64
f 6917 6918 6948 6947 
usemtl PATCH_64
f 6947 6948 6978 6977 
usemtl PATCH_64
f 6977 6978 7008 7007 
usemtl PATCH_64
f 7007 7008 1085 1086 
usemtl PATCH_64
f 992 991 6829 6828 
usemtl PATCH_64
f 6828 6829 6859 6858 
usemtl PATCH_64
f 6858 6859 6889 6888 
usemtl PATCH_64
f 6888 6889 6919 6918 
usemtl PATCH_64
f 6918 6919 6949 6948 
usemtl PATCH_64
f 6948 6949 6979 6978 
usemtl PATCH_64
f 6978 6979 7009 7008 
usemtl PATCH_64
f 7008 7009 1084 1085 
usemtl PATCH_64
f 991 990 6830 6829 
usemtl PATCH_64
f 6829 6830 6860 6859 
usemtl PATCH_64
f 6859 6860 6890 6889 
usemtl PATCH_64
f 6889 6890 6920 6919 
usemtl PATCH_64
f 6919 6920 6950 6949 
usemtl PATCH_64
f 6949 6950 6980 6979 
usemtl PATCH_64
f 6979 6980 7010 7009 
usemtl PATCH_64
f 7009 7010 1083 1084 
usemtl PATCH_64
f 990 989 6831 6830 
usemtl PATCH_64
f 6830 6831 6861 6860 
usemtl PATCH_64
f 6860 6861 6891 6890 
usemtl PATCH_64
f 6890 6891 6921 6920 
usemtl PATCH_64
f 6920 6921 6951 6950 
usemtl PATCH_64
f 6950 6951 6981 6980 
usemtl PATCH_64
f 6980 6981 7011 7010 
usemtl PATCH_64
f 7010 7011 1082 1083 
usemtl PATCH_64
f 989 988 6832 6831 
usemtl PATCH_64
f 6831 6832 6862 6861 
usemtl PATCH_64
f 6861 6862 6892 6891 
usemtl PATCH_64
f 6891 6892 6922 6921 
usemtl PATCH_64
f 6921 6922 6952 6951 
usemtl PATCH_64
f 6951 6952 6982 6981 
usemtl PATCH_64
f 6981 6982 7012 7011 
usemtl PATCH_64
f 7011 7012 1081 1082 
usemtl PATCH_64
f 988 987 6833 6832 
usemtl PATCH_64
f 6832 6833 6863 6862 
usemtl PATCH_64
f 6862 6863 6893 6892 
usemtl PATCH_64
f 6892 6893 6923 6922 
usemtl PATCH_64
f 6922 6923 6953 6952 
usemtl PATCH_64
f 6952 6953 6983 6982 
usemtl PATCH_64
f 6982 6983 7013 7012 
usemtl PATCH_64
f 7012 7013 1080 1081 
usemtl PATCH_64
f 987 986 6834 6833 
usemtl PATCH_64
f 6833 6834 6864 6863 
usemtl PATCH_64
f 6863 6864 6894 6893 
usemtl PATCH_64
f 6893 6894 6924 6923 
usemtl PATCH_64
f 6923 6924 6954 6953 
usemtl PATCH_64
f 6953 6954 6984 6983 
usemtl PATCH_64
f 6983 6984 7014 7013 
usemtl PATCH_64
f 7013 7014 1079 1080 
usemtl PATCH_64
f 986 985 6835 6834 
usemtl PATCH_64
f 6834 6835 6865 6864 
usemtl PATCH_64
f 6864 6865 6895 6894 
usemtl PATCH_64
f 6894 6895 6925 6924 
usemtl PATCH_64
f 6924 6925 6955 6954 
usemtl PATCH_64
f 6954 6955 6985 6984 
usemtl PATCH_64
f 6984 6985 7015 7014 
usemtl PATCH_64
f 7014 7015 1078 1079 
usemtl PATCH_64
f 985 984 6836 6835 
usemtl PATCH_64
f 6835 6836 6866 6865 
usemtl PATCH_64
f 6865 6866 6896 6895 
usemtl PATCH_64
f 6895 6896 6926 6925 
usemtl PATCH_64
f 6925 6926 6956 6955 
usemtl PATCH_64
f 6955 6956 6986 6985 
usemtl PATCH_64
f 6985 6986 7016 7015 
usemtl PATCH_64
f 7015 7016 1077 1078 
usemtl PATCH_64
f 984 983 6837 6836 
usemtl PATCH_64
f 6836 6837 6867 6866 
usemtl PATCH_64
f 6866 6867 6897 6896 
usemtl PATCH_64
f 6896 6897 6927 6926 
usemtl PATCH_64
f 6926 6927 6957 6956 
usemtl PATCH_64
f 6956 6957 6987 6986 
usemtl PATCH_64
f 6986 6987 7017 7016 
usemtl PATCH_64
f 7016 7017 1076 1077 
usemtl PATCH_64
f 983 982 6838 6837 
usemtl PATCH_64
f 6837 6838 6868 6867 
usemtl PATCH_64
f 6867 6868 6898 6897 
usemtl PATCH_64
f 6897 6898 6928 6927 
usemtl PATCH_64
f 6927 6928 6958 6957 
usemtl PATCH_64
f 6957 6958 6988 6987 
usemtl PATCH_64
f 6987 6988 7018 7017 
usemtl PATCH_64
f 7017 7018 1075 1076 
usemtl PATCH_64
f 982 981 6839 6838 
usemtl PATCH_64
f 6838 6839 6869 6868 
usemtl PATCH_64
f 6868 6869 6899 6898 
usemtl PATCH_64
f 6898 6899 6929 6928 
usemtl PATCH_64
f 6928 6929 6959 6958 
usemtl PATCH_64
f 6958 6959 6989 6988 
usemtl PATCH_64
f 6988 6989 7019 7018 
usemtl PATCH_64
f 7018 7019 1074 1075 
usemtl PATCH_64
f 981 980 6840 6839 
usemtl PATCH_64
f 6839 6840 6870 6869 
usemtl PATCH_64
f 6869 6870 6900 6899 
usemtl PATCH_64
f 6899 6900 6930 6929 
usemtl PATCH_64
f 6929 6930 6960 6959 
usemtl PATCH_64
f 6959 6960 6990 6989 
usemtl PATCH_64
f 6989 6990 7020 7019 
usemtl PATCH_64
f 7019 7020 1073 1074 
usemtl PATCH_64
f 980 979 6841 6840 
usemtl PATCH_64
f 6840 6841 6871 6870 
usemtl PATCH_64
f 6870 6871 6901 6900 
usemtl PATCH_64
f 6900 6901 6931 6930 
usemtl PATCH_64
f 6930 6931 6961 6960 
usemtl PATCH_64
f 6960 6961 6991 6990 
usemtl PATCH_64
f 6990 6991 7021 7020 
usemtl PATCH_64
f 7020 7021 1072 1073 
usemtl PATCH_64
f 979 978 6842 6841 
usemtl PATCH_64
f 6841 6842 6872 6871 
usemtl PATCH_64
f 6871 6872 6902 6901 
usemtl PATCH_64
f 6901 6902 6932 6931 
usemtl PATCH_64
f 6931 6932 6962 6961 
usemtl PATCH_64
f 6961 6962 6992 6991 
usemtl PATCH_64
f 6991 6992 7022 7021 
usemtl PATCH_64
f 7021 7022 1071 1072 
usemtl PATCH_64
f 978 977 6843 6842 
usemtl PATCH_64
f 6842 6843 6873 6872 
usemtl PATCH_64
f 6872 6873 6903 6902 
usemtl PATCH_64
f 6902 6903 6933 6932 
usemtl PATCH_64
f 6932 6933 6963 6962 
usemtl PATCH_64
f 6962 6963 6993 6992 
usemtl PATCH_64
f 6992 6993 7023 7022 
usemtl PATCH_64
f 7022 7023 1070 1071 
usemtl PATCH_64
f 977 976 6844 6843 
usemtl PATCH_64
f 6843 6844 6874 6873 
usemtl PATCH_64
f 6873 6874 6904 6903 
usemtl PATCH_64
f 6903 6904 6934 6933 
usemtl PATCH_64
f 6933 6934 6964 6963 
usemtl PATCH_64
f 6963 6964 6994 6993 
usemtl PATCH_64
f 6993 6994 7024 7023 
usemtl PATCH_64
f 7023 7024 1069 1070 
usemtl PATCH_64
f 976 975 6845 6844 
usemtl PATCH_64
f 6844 6845 6875 6874 
usemtl PATCH_64
f 6874 6875 6905 6904 
usemtl PATCH_64
f 6904 6905 6935 6934 
usemtl PATCH_64
f 6934 6935 6965 6964 
usemtl PATCH_64
f 6964 6965 6995 6994 
usemtl PATCH_64
f 6994 6995 7025 7024 
usemtl PATCH_64
f 7024 7025 1068 1069 
usemtl PATCH_64
f 975 974 6846 6845 
usemtl PATCH_64
f 6845 6846 6876 6875 
usemtl PATCH_64
f 6875 6876 6906 6905 
usemtl PATCH_64
f 6905 6906 6936 6935 
usemtl PATCH_64
f 6935 6936 6966 6965 
usemtl PATCH_64
f 6965 6966 6996 6995 
usemtl PATCH_64
f 6995 6996 7026 7025 
usemtl PATCH_64
f 7025 7026 1067 1068 
usemtl PATCH_64
f 974 973 6847 6846 
usemtl PATCH_64
f 6846 6847 6877 6876 
usemtl PATCH_64
f 6876 6877 6907 6906 
usemtl PATCH_64
f 6906 6907 6937 6936 
usemtl PATCH_64
f 6936 6937 6967 6966 
usemtl PATCH_64
f 6966 6967 6997 6996 
usemtl PATCH_64
f 6996 6997 7027 7026 
usemtl PATCH_64
f 7026 7027 1066 1067 
usemtl PATCH_64
f 973 972 6848 6847 
usemtl PATCH_64
f 6847 6848 6878 6877 
usemtl PATCH_64
f 6877 6878 6908 6907 
usemtl PATCH_64
f 6907 6908 6938 6937 
usemtl PATCH_64
f 6937 6938 6968 6967 
usemtl PATCH_64
f 6967 6968 6998 6997 
usemtl PATCH_64
f 6997 6998 7028 7027 
usemtl PATCH_64
f 7027 7028 1065 1066 
usemtl PATCH_64
f 972 971 6849 6848 
usemtl PATCH_64
f 6848 6849 6879 6878 
usemtl PATCH_64
f 6878 6879 6909 6908 
usemtl PATCH_64
f 6908 6909 6939 6938 
usemtl PATCH_64
f 6938 6939 6969 6968 
usemtl PATCH_64
f 6968 6969 6999 6998 
usemtl PATCH_64
f 6998 6999 7029 7028 
usemtl PATCH_64
f 7028 7029 1064 1065 
usemtl PATCH_64
f 971 970 6850 6849 
usemtl PATCH_64
f 6849 6850 6880 6879 
usemtl PATCH_64
f 6879 6880 6910 6909 
usemtl PATCH_64
f 6909 6910 6940 6939 
usemtl PATCH_64
f 6939 6940 6970 6969 
usemtl PATCH_64
f 6969 6970 7000 6999 
usemtl PATCH_64
f 6999 7000 7030 7029 
usemtl PATCH_64
f 7029 7030 1063 1064 
usemtl PATCH_64
f 970 969 6851 6850 
usemtl PATCH_64
f 6850 6851 6881 6880 
usemtl PATCH_64
f 6880 6881 6911 6910 
usemtl PATCH_64
f 6910 6911 6941 6940 
usemtl PATCH_64
f 6940 6941 6971 6970 
usemtl PATCH_64
f 6970 6971 7001 7000 
usemtl PATCH_64
f 7000 7001 7031 7030 
usemtl PATCH_64
f 7030 7031 1062 1063 
usemtl PATCH_64
f 969 968 6852 6851 
usemtl PATCH_64
f 6851 6852 6882 6881 
usemtl PATCH_64
f 6881 6882 6912 6911 
usemtl PATCH_64
f 6911 6912 6942 6941 
usemtl PATCH_64
f 6941 6942 6972 6971 
usemtl PATCH_64
f 6971 6972 7002 7001 
usemtl PATCH_64
f 7001 7002 7032 7031 
usemtl PATCH_64
f 7031 7032 1061 1062 
usemtl PATCH_64
f 968 967 6853 6852 
usemtl PATCH_64
f 6852 6853 6883 6882 
usemtl PATCH_64
f 6882 6883 6913 6912 
usemtl PATCH_64
f 6912 6913 6943 6942 
usemtl PATCH_64
f 6942 6943 6973 6972 
usemtl PATCH_64
f 6972 6973 7003 7002 
usemtl PATCH_64
f 7002 7003 7033 7032 
usemtl PATCH_64
f 7032 7033 1060 1061 
usemtl PATCH_64
f 967 966 6854 6853 
usemtl PATCH_64
f 6853 6854 6884 6883 
usemtl PATCH_64
f 6883 6884 6914 6913 
usemtl PATCH_64
f 6913 6914 6944 6943 
usemtl PATCH_64
f 6943 6944 6974 6973 
usemtl PATCH_64
f 6973 6974 7004 7003 
usemtl PATCH_64
f 7003 7004 7034 7033 
usemtl PATCH_64
f 7033 7034 1059 1060 
usemtl PATCH_64
f 966 965 6855 6854 
usemtl PATCH_64
f 6854 6855 6885 6884 
usemtl PATCH_64
f 6884 6885 6915 6914 
usemtl PATCH_64
f 6914 6915 6945 6944 
usemtl PATCH_64
f 6944 6945 6975 6974 
usemtl PATCH_64
f 6974 6975 7005 7004 
usemtl PATCH_64
f 7004 7005 7035 7034 
usemtl PATCH_64
f 7034 7035 1058 1059 
usemtl PATCH_64
f 965 42 1051 6855 
usemtl PATCH_64
f 6855 1051 1052 6885 
usemtl PATCH_64
f 6885 1052 1053 6915 
usemtl PATCH_64
f 6915 1053 1054 6945 
usemtl PATCH_64
f 6945 1054 1055 6975 
usemtl PATCH_64
f 6975 1055 1056 7005 
usemtl PATCH_64
f 7005 1056 1057 7035 
usemtl PATCH_64
f 7035 1057 46 1058 
usemtl PATCH_52
f 44 1050 7036 1008 
usemtl PATCH_52
f 1008 7036 7042 1009 
usemtl PATCH_52
f 1009 7042 7048 1010 
usemtl PATCH_52
f 1010 7048 7054 1011 
usemtl PATCH_52
f 1011 7054 7060 1012 
usemtl PATCH_52
f 1012 7060 7066 1013 
usemtl PATCH_52
f 1013 7066 7072 1014 
usemtl PATCH_52
f 1014 7072 7078 1015 
usemtl PATCH_52
f 1015 7078 7084 1016 
usemtl PATCH_52
f 1016 7084 7090 1017 
usemtl PATCH_52
f 1017 7090 7096 1018 
usemtl PATCH_52
f 1018 7096 7102 1019 
usemtl PATCH_52
f 1019 7102 7108 1020 
usemtl PATCH_52
f 1020 7108 7114 1021 
usemtl PATCH_52
f 1021 7114 7120 1022 
usemtl PATCH_52
f 1022 7120 7126 1023 
usemtl PATCH_52
f 1023 7126 7132 1024 
usemtl PATCH_52
f 1024 7132 7138 1025 
usemtl PATCH_52
f 1025 7138 7144 1026 
usemtl PATCH_52
f 1026 7144 7150 1027 
usemtl PATCH_52
f 1027 7150 7156 1028 
usemtl PATCH_52
f 1028 7156 7162 1029 
usemtl PATCH_52
f 1029 7162 7168 1030 
usemtl PATCH_52
f 1030 7168 7174 1031 
usemtl PATCH_52
f 1031 7174 7180 1032 
usemtl PATCH_52
f 1032 7180 7186 1033 
usemtl PATCH_52
f 1033 7186 7192 1034 
usemtl PATCH_52
f 1034 7192 7198 1035 
usemtl PATCH_52
f 1035 7198 7204 1036 
usemtl PATCH_52
f 1036 7204 7210 1037 
usemtl PATCH_52
f 1037 7210 1093 26 
usemtl PATCH_52
f 1050 1049 7037 7036 
usemtl PATCH_52
f 7036 7037 7043 7042 
usemtl PATCH_52
f 7042 7043 7049 7048 
usemtl PATCH_52
f 7048 7049 7055 7054 
usemtl PATCH_52
f 7054 7055 7061 7060 
usemtl PATCH_52
f 7060 7061 7067 7066 
usemtl PATCH_52
f 7066 7067 7073 7072 
usemtl PATCH_52
f 7072 7073 7079 7078 
usemtl PATCH_52
f 7078 7079 7085 7084 
usemtl PATCH_52
f 7084 7085 7091 7090 
usemtl PATCH_52
f 7090 7091 7097 7096 
usemtl PATCH_52
f 7096 7097 7103 7102 
usemtl PATCH_52
f 7102 7103 7109 7108 
usemtl PATCH_52
f 7108 7109 7115 7114 
usemtl PATCH_52
f 7114 7115 7121 7120 
usemtl PATCH_52
f 7120 7121 7127 7126 
usemtl PATCH_52
f 7126 7127 7133 7132 
usemtl PATCH_52
f 7132 7133 7139 7138 
usemtl PATCH_52
f 7138 7139 7145 7144 
usemtl PATCH_52
f 7144 7145 7151 7150 
usemtl PATCH_52
f 7150 7151 7157 7156 
usemtl PATCH_52
f 7156 7157 7163 7162 
usemtl PATCH_52
f 7162 7163 7169 7168 
usemtl PATCH_52
f 7168 7169 7175 7174 
usemtl PATCH_52
f 7174 7175 7181 7180 
usemtl PATCH_52
f 7180 7181 7187 7186 
usemtl PATCH_52
f 7186 7187 7193 7192 
usemtl PATCH_52
f 7192 7193 7199 7198 
usemtl PATCH_52
f 7198 7199 7205 7204 
usemtl PATCH_52
f 7204 7205 7211 7210 
usemtl PATCH_52
f 7210 7211 1092 1093 
usemtl PATCH_52
f 1049 1048 7038 7037 
usemtl PATCH_52
f 7037 7038 7044 7043 
usemtl PATCH_52
f 7043 7044 7050 7049 
usemtl PATCH_52
f 7049 7050 7056 7055 
usemtl PATCH_52
f 7055 7056 7062 7061 
usemtl PATCH_52
f 7061 7062 7068 7067 
usemtl PATCH_52
f 7067 7068 7074 7073 
usemtl PATCH_52
f 7073 7074 7080 7079 
usemtl PATCH_52
f 7079 7080 7086 7085 
usemtl PATCH_52
f 7085 7086 7092 7091 
usemtl PATCH_52
f 7091 7092 7098 7097 
usemtl PATCH_52
f 7097 7098 7104 7103 
usemtl PATCH_52
f 7103 7104 7110 7109 
usemtl PATCH_52
f 7109 7110 7116 7115 
usemtl PATCH_52
f 7115 7116 7122 7121 
usemtl PATCH_52
f 7121 7122 7128 7127 
usemtl PATCH_52
f 7127 7128 7134 7133 
usemtl PATCH_52
f 7133 7134 7140 7139 
usemtl PATCH_52
f 7139 7140 7146 7145 
usemtl PATCH_52
f 7145 7146 7152 7151 
usemtl PATCH_52
f 7151 7152 7158 7157 
usemtl PATCH_52
f 7157 7158 7164 7163 
usemtl PATCH_52
f 7163 7164 7170 7169 
usemtl PATCH_52
f 7169 7170 7176 7175 
usemtl PATCH_52
f 7175 7176 7182 7181 
usemtl PATCH_52
f 7181 7182 7188 7187 
usemtl PATCH_52
f 7187 7188 7194 7193 
usemtl PATCH_52
f 7193 7194 7200 7199 
usemtl PATCH_52
f 7199 7200 7206 7205 
usemtl PATCH_52
f 7205 7206 7212 7211 
usemtl PATCH_52
f 7211 7212 1091 1092 
usemtl PATCH_52
f 1048 1047 7039 7038 
usemtl PATCH_52
f 7038 7039 7045 7044 
usemtl PATCH_52
f 7044 7045 7051 7050 
usemtl PATCH_52
f 7050 7051 7057 7056 
usemtl PATCH_52
f 7056 7057 7063 7062 
usemtl PATCH_52
f 7062 7063 7069 7068 
usemtl PATCH_52
f 7068 7069 7075 7074 
usemtl PATCH_52
f 7074 7075 7081 7080 
usemtl PATCH_52
f 7080 7081 7087 7086 
usemtl PATCH_52
f 7086 7087 7093 7092 
usemtl PATCH_52
f 7092 7093 7099 7098 
usemtl PATCH_52
f 7098 7099 7105 7104 
usemtl PATCH_52
f 7104 7105 7111 7110 
usemtl PATCH_52
f 7110 7111 7117 7116 
usemtl PATCH_52
f 7116 7117 7123 7122 
usemtl PATCH_52
f 7122 7123 7129 7128 
usemtl PATCH_52
f 7128 7129 7135 7134 
usemtl PATCH_52
f 7134 7135 7141 7140 
usemtl PATCH_52
f 7140 7141 7147 7146 
usemtl PATCH_52
f 7146 7147 7153 7152 
usemtl PATCH_52
f 7152 7153 7159 7158 
usemtl PATCH_52
f 7158 7159 7165 7164 
usemtl PATCH_52
f 7164 7165 7171 7170 
usemtl PATCH_52
f 7170 7171 7177 7176 
usemtl PATCH_52
f 7176 7177 7183 7182 
usemtl PATCH_52
f 7182 7183 7189 7188 
usemtl PATCH_52
f 7188 7189 7195 7194 
usemtl PATCH_52
f 7194 7195 7201 7200 
usemtl PATCH_52
f 7200 7201 7207 7206 
usemtl PATCH_52
f 7206 7207 7213 7212 
usemtl PATCH_52
f 7212 7213 1090 1091 
usemtl PATCH_52
f 1047 1046 7040 7039 
usemtl PATCH_52
f 7039 7040 7046 7045 
usemtl PATCH_52
f 7045 7046 7052 7051 
usemtl PATCH_52
f 7051 7052 7058 7057 
usemtl PATCH_52
f 7057 7058 7064 7063 
usemtl PATCH_52
f 7063 7064 7070 7069 
usemtl PATCH_52
f 7069 7070 7076 7075 
usemtl PATCH_52
f 7075 7076 7082 7081 
usemtl PATCH_52
f 7081 7082 7088 7087 
usemtl PATCH_52
f 7087 7088 7094 7093 
usemtl PATCH_52
f 7093 7094 7100 7099 
usemtl PATCH_52
f 7099 7100 7106 7105 
usemtl PATCH_52
f 7105 7106 7112 7111 
usemtl PATCH_52
f 7111 7112 7118 7117 
usemtl PATCH_52
f 7117 7118 7124 7123 
usemtl PATCH_52
f 7123 7124 7130 7129 
usemtl PATCH_52
f 7129 7130 7136 7135 
usemtl PATCH_52
f 7135 7136 7142 7141 
usemtl PATCH_52
f 7141 7142 7148 7147 
usemtl PATCH_52
f 7147 7148 7154 7153 
usemtl PATCH_52
f 7153 7154 7160 7159 
usemtl PATCH_52
f 7159 7160 7166 7165 
usemtl PATCH_52
f 7165 7166 7172 7171 
usemtl PATCH_52
f 7171 7172 7178 7177 
usemtl PATCH_52
f 7177 7178 7184 7183 
usemtl PATCH_52
f 7183 7184 7190 7189 
usemtl PATCH_52
f 7189 7190 7196 7195 
usemtl PATCH_52
f 7195 7196 7202 7201 
usemtl PATCH_52
f 7201 7202 7208 7207 
usemtl PATCH_52
f 7207 7208 7214 7213 
usemtl PATCH_52
f 7213 7214 1089 1090 
usemtl PATCH_52
f 1046 1045 7041 7040 
usemtl PATCH_52
f 7040 7041 7047 7046 
usemtl PATCH_52
f 7046 7047 7053 7052 
usemtl PATCH_52
f 7052 7053 7059 7058 
usemtl PATCH_52
f 7058 7059 7065 7064 
usemtl PATCH_52
f 7064 7065 7071 7070 
usemtl PATCH_52
f 7070 7071 7077 7076 
usemtl PATCH_52
f 7076 7077 7083 7082 
usemtl PATCH_52
f 7082 7083 7089 7088 
usemtl PATCH_52
f 7088 7089 7095 7094 
usemtl PATCH_52
f 7094 7095 7101 7100 
usemtl PATCH_52
f 7100 7101 7107 7106 
usemtl PATCH_52
f 7106 7107 7113 7112 
usemtl PATCH_52
f 7112 7113 7119 7118 
usemtl PATCH_52
f 7118 7119 7125 7124 
usemtl PATCH_52
f 7124 7125 7131 7130 
usemtl PATCH_52
f 7130 7131 7137 7136 
usemtl PATCH_52
f 7136 7137 7143 7142 
usemtl PATCH_52
f 7142 7143 7149 7148 
usemtl PATCH_52
f 7148 7149 7155 7154 
usemtl PATCH_52
f 7154 7155 7161 7160 
usemtl PATCH_52
f 7160 7161 7167 7166 
usemtl PATCH_52
f 7166 7167 7173 7172 
usemtl PATCH_52
f 7172 7173 7179 7178 
usemtl PATCH_52
f 7178 7179 7185 7184 
usemtl PATCH_52
f 7184 7185 7191 7190 
usemtl PATCH_52
f 7190 7191 7197 7196 
usemtl PATCH_52
f 7196 7197 7203 7202 
usemtl PATCH_52
f 7202 7203 7209 7208 
usemtl PATCH_52
f 7208 7209 7215 7214 
usemtl PATCH_52
f 7214 7215 1088 1089 
usemtl PATCH_52
f 1045 45 1087 7041 
usemtl PATCH_52
f 7041 1087 1086 7047 
usemtl PATCH_52
f 7047 1086 1085 7053 
usemtl PATCH_52
f 7053 1085 1084 7059 
usemtl PATCH_52
f 7059 1084 1083 7065 
usemtl PATCH_52
f 7065 1083 1082 7071 
usemtl PATCH_52
f 7071 1082 1081 7077 
usemtl PATCH_52
f 7077 1081 1080 7083 
usemtl PATCH_52
f 7083 1080 1079 7089 
usemtl PATCH_52
f 7089 1079 1078 7095 
usemtl PATCH_52
f 7095 1078 1077 7101 
usemtl PATCH_52
f 7101 1077 1076 7107 
usemtl PATCH_52
f 7107 1076 1075 7113 
usemtl PATCH_52
f 7113 1075 1074 7119 
usemtl PATCH_52
f 7119 1074 1073 7125 
usemtl PATCH_52
f 7125 1073 1072 7131 
usemtl PATCH_52
f 7131 1072 1071 7137 
usemtl PATCH_52
f 7137 1071 1070 7143 
usemtl PATCH_52
f 7143 1070 1069 7149 
usemtl PATCH_52
f 7149 1069 1068 7155 
usemtl PATCH_52
f 7155 1068 1067 7161 
usemtl PATCH_52
f 7161 1067 1066 7167 
usemtl PATCH_52
f 7167 1066 1065 7173 
usemtl PATCH_52
f 7173 1065 1064 7179 
usemtl PATCH_52
f 7179 1064 1063 7185 
usemtl PATCH_52
f 7185 1063 1062 7191 
usemtl PATCH_52
f 7191 1062 1061 7197 
usemtl PATCH_52
f 7197 1061 1060 7203 
usemtl PATCH_52
f 7203 1060 1059 7209 
usemtl PATCH_52
f 7209 1059 1058 7215 
usemtl PATCH_52
f 7215 1058 46 1088 
usemtl PATCH_43
f 6 1094 7216 1119 
usemtl PATCH_43
f 1119 7216 7223 1118 
usemtl PATCH_43
f 1118 7223 7230 1117 
usemtl PATCH_43
f 1117 7230 7237 1116 
usemtl PATCH_43
f 1116 7237 7244 1115 
usemtl PATCH_43
f 1115 7244 7251 1114 
usemtl PATCH_43
f 1114 7251 1113 48 
usemtl PATCH_43
f 1094 1095 7217 7216 
usemtl PATCH_43
f 7216 7217 7224 7223 
usemtl PATCH_43
f 7223 7224 7231 7230 
usemtl PATCH_43
f 7230 7231 7238 7237 
usemtl PATCH_43
f 7237 7238 7245 7244 
usemtl PATCH_43
f 7244 7245 7252 7251 
usemtl PATCH_43
f 7251 7252 1112 1113 
usemtl PATCH_43
f 1095 1096 7218 7217 
usemtl PATCH_43
f 7217 7218 7225 7224 
usemtl PATCH_43
f 7224 7225 7232 7231 
usemtl PATCH_43
f 7231 7232 7239 7238 
usemtl PATCH_43
f 7238 7239 7246 7245 
usemtl PATCH_43
f 7245 7246 7253 7252 
usemtl PATCH_43
f 7252 7253 1111 1112 
usemtl PATCH_43
f 1096 1097 7219 7218 
usemtl PATCH_43
f 7218 7219 7226 7225 
usemtl PATCH_43
f 7225 7226 7233 7232 
usemtl PATCH_43
f 7232 7233 7240 7239 
usemtl PATCH_43
f 7239 7240 7247 7246 
usemtl PATCH_43
f 7246 7247 7254 7253 
usemtl PATCH_43
f 7253 7254 1110 1111 
usemtl PATCH_43
f 1097 1098 7220 7219 
usemtl PATCH_43
f 7219 7220 7227 7226 
usemtl PATCH_43
f 7226 7227 7234 7233 
usemtl PATCH_43
f 7233 7234 7241 7240 
usemtl PATCH_43
f 7240 7241 7248 7247 
usemtl PATCH_43
f 7247 7248 7255 7254 
usemtl PATCH_43
f 7254 7255 1109 1110 
usemtl PATCH_43
f 1098 1099 7221 7220 
usemtl PATCH_43
f 7220 7221 7228 7227 
usemtl PATCH_43
f 7227 7228 7235 7234 
usemtl PATCH_43
f 7234 7235 7242 7241 
usemtl PATCH_43
f 7241 7242 7249 7248 
usemtl PATCH_43
f 7248 7249 7256 7255 
usemtl PATCH_43
f 7255 7256 1108 1109 
usemtl PATCH_43
f 1099 1100 7222 7221 
usemtl PATCH_43
f 7221 7222 7229 7228 
usemtl PATCH_43
f 7228 7229 7236 7235 
usemtl PATCH_43
f 7235 7236 7243 7242 
usemtl PATCH_43
f 7242 7243 7250 7249 
usemtl PATCH_43
f 7249 7250 7257 7256 
usemtl PATCH_43
f 7256 7257 1107 1108 
usemtl PATCH_43
f 1100 5 1101 7222 
usemtl PATCH_43
f 7222 1101 1102 7229 
usemtl PATCH_43
f 7229 1102 1103 7236 
usemtl PATCH_43
f 7236 1103 1104 7243 
usemtl PATCH_43
f 7243 1104 1105 7250 
usemtl PATCH_43
f 7250 1105 1106 7257 
usemtl PATCH_43
f 7257 1106 47 1107 
usemtl PATCH_45
f 6 1120 7258 295 
usemtl PATCH_45
f 295 7258 7290 296 
usemtl PATCH_45
f 296 7290 7322 297 
usemtl PATCH_45
f 297 7322 7354 298 
usemtl PATCH_45
f 298 7354 7386 299 
usemtl PATCH_45
f 299 7386 7418 300 
usemtl PATCH_45
f 300 7418 7450 301 
usemtl PATCH_45
f 301 7450 1190 17 
usemtl PATCH_45
f 1120 1121 7259 7258 
usemtl PATCH_45
f 7258 7259 7291 7290 
usemtl PATCH_45
f 7290 7291 7323 7322 
usemtl PATCH_45
f 7322 7323 7355 7354 
usemtl PATCH_45
f 7354 7355 7387 7386 
usemtl PATCH_45
f 7386 7387 7419 7418 
usemtl PATCH_45
f 7418 7419 7451 7450 
usemtl PATCH_45
f 7450 7451 1189 1190 
usemtl PATCH_45
f 1121 1122 7260 7259 
usemtl PATCH_45
f 7259 7260 7292 7291 
usemtl PATCH_45
f 7291 7292 7324 7323 
usemtl PATCH_45
f 7323 7324 7356 7355 
usemtl PATCH_45
f 7355 7356 7388 7387 
usemtl PATCH_45
f 7387 7388 7420 7419 
usemtl PATCH_45
f 7419 7420 7452 7451 
usemtl PATCH_45
f 7451 7452 1188 1189 
usemtl PATCH_45
f 1122 1123 7261 7260 
usemtl PATCH_45
f 7260 7261 7293 7292 
usemtl PATCH_45
f 7292 7293 7325 7324 
usemtl PATCH_45
f 7324 7325 7357 7356 
usemtl PATCH_45
f 7356 7357 7389 7388 
usemtl PATCH_45
f 7388 7389 7421 7420 
usemtl PATCH_45
f 7420 7421 7453 7452 
usemtl PATCH_45
f 7452 7453 1187 1188 
usemtl PATCH_45
f 1123 1124 7262 7261 
usemtl PATCH_45
f 7261 7262 7294 7293 
usemtl PATCH_45
f 7293 7294 7326 7325 
usemtl PATCH_45
f 7325 7326 7358 7357 
usemtl PATCH_45
f 7357 7358 7390 7389 
usemtl PATCH_45
f 7389 7390 7422 7421 
usemtl PATCH_45
f 7421 7422 7454 7453 
usemtl PATCH_45
f 7453 7454 1186 1187 
usemtl PATCH_45
f 1124 1125 7263 7262 
usemtl PATCH_45
f 7262 7263 7295 7294 
usemtl PATCH_45
f 7294 7295 7327 7326 
usemtl PATCH_45
f 7326 7327 7359 7358 
usemtl PATCH_45
f 7358 7359 7391 7390 
usemtl PATCH_45
f 7390 7391 7423 7422 
usemtl PATCH_45
f 7422 7423 7455 7454 
usemtl PATCH_45
f 7454 7455 1185 1186 
usemtl PATCH_45
f 1125 1126 7264 7263 
usemtl PATCH_45
f 7263 7264 7296 7295 
usemtl PATCH_45
f 7295 7296 7328 7327 
usemtl PATCH_45
f 7327 7328 7360 7359 
usemtl PATCH_45
f 7359 7360 7392 7391 
usemtl PATCH_45
f 7391 7392 7424 7423 
usemtl PATCH_45
f 7423 7424 7456 7455 
usemtl PATCH_45
f 7455 7456 1184 1185 
usemtl PATCH_45
f 1126 1127 7265 7264 
usemtl PATCH_45
f 7264 7265 7297 7296 
usemtl PATCH_45
f 7296 7297 7329 7328 
usemtl PATCH_45
f 7328 7329 7361 7360 
usemtl PATCH_45
f 7360 7361 7393 7392 
usemtl PATCH_45
f 7392 7393 7425 7424 
usemtl PATCH_45
f 7424 7425 7457 7456 
usemtl PATCH_45
f 7456 7457 1183 1184 
usemtl PATCH_45
f 1127 1128 7266 7265 
usemtl PATCH_45
f 7265 7266 7298 7297 
usemtl PATCH_45
f 7297 7298 7330 7329 
usemtl PATCH_45
f 7329 7330 7362 7361 
usemtl PATCH_45
f 7361 7362 7394 7393 
usemtl PATCH_45
f 7393 7394 7426 7425 
usemtl PATCH_45
f 7425 7426 7458 7457 
usemtl PATCH_45
f 7457 7458 1182 1183 
usemtl PATCH_45
f 1128 1129 7267 7266 
usemtl PATCH_45
f 7266 7267 7299 7298 
usemtl PATCH_45
f 7298 7299 7331 7330 
usemtl PATCH_45
f 7330 7331 7363 7362 
usemtl PATCH_45
f 7362 7363 7395 7394 
usemtl PATCH_45
f 7394 7395 7427 7426 
usemtl PATCH_45
f 7426 7427 7459 7458 
usemtl PATCH_45
f 7458 7459 1181 1182 
usemtl PATCH_45
f 1129 1130 7268 7267 
usemtl PATCH_45
f 7267 7268 7300 7299 
usemtl PATCH_45
f 7299 7300 7332 7331 
usemtl PATCH_45
f 7331 7332 7364 7363 
usemtl PATCH_45
f 7363 7364 7396 7395 
usemtl PATCH_45
f 7395 7396 7428 7427 
usemtl PATCH_45
f 7427 7428 7460 7459 
usemtl PATCH_45
f 7459 7460 1180 1181 
usemtl PATCH_45
f 1130 1131 7269 7268 
usemtl PATCH_45
f 7268 7269 7301 7300 
usemtl PATCH_45
f 7300 7301 7333 7332 
usemtl PATCH_45
f 7332 7333 7365 7364 
usemtl PATCH_45
f 7364 7365 7397 7396 
usemtl PATCH_45
f 7396 7397 7429 7428 
usemtl PATCH_45
f 7428 7429 7461 7460 
usemtl PATCH_45
f 7460 7461 1179 1180 
usemtl PATCH_45
f 1131 1132 7270 7269 
usemtl PATCH_45
f 7269 7270 7302 7301 
usemtl PATCH_45
f 7301 7302 7334 7333 
usemtl PATCH_45
f 7333 7334 7366 7365 
usemtl PATCH_45
f 7365 7366 7398 7397 
usemtl PATCH_45
f 7397 7398 7430 7429 
usemtl PATCH_45
f 7429 7430 7462 7461 
usemtl PATCH_45
f 7461 7462 1178 1179 
usemtl PATCH_45
f 1132 1133 7271 7270 
usemtl PATCH_45
f 7270 7271 7303 7302 
usemtl PATCH_45
f 7302 7303 7335 7334 
usemtl PATCH_45
f 7334 7335 7367 7366 
usemtl PATCH_45
f 7366 7367 7399 7398 
usemtl PATCH_45
f 7398 7399 7431 7430 
usemtl PATCH_45
f 7430 7431 7463 7462 
usemtl PATCH_45
f 7462 7463 1177 1178 
usemtl PATCH_45
f 1133 1134 7272 7271 
usemtl PATCH_45
f 7271 7272 7304 7303 
usemtl PATCH_45
f 7303 7304 7336 7335 
usemtl PATCH_45
f 7335 7336 7368 7367 
usemtl PATCH_45
f 7367 7368 7400 7399 
usemtl PATCH_45
f 7399 7400 7432 7431 
usemtl PATCH_45
f 7431 7432 7464 7463 
usemtl PATCH_45
f 7463 7464 1176 1177 
usemtl PATCH_45
f 1134 1135 7273 7272 
usemtl PATCH_45
f 7272 7273 7305 7304 
usemtl PATCH_45
f 7304 7305 7337 7336 
usemtl PATCH_45
f 7336 7337 7369 7368 
usemtl PATCH_45
f 7368 7369 7401 7400 
usemtl PATCH_45
f 7400 7401 7433 7432 
usemtl PATCH_45
f 7432 7433 7465 7464 
usemtl PATCH_45
f 7464 7465 1175 1176 
usemtl PATCH_45
f 1135 1136 7274 7273 
usemtl PATCH_45
f 7273 7274 7306 7305 
usemtl PATCH_45
f 7305 7306 7338 7337 
usemtl PATCH_45
f 7337 7338 7370 7369 
usemtl PATCH_45
f 7369 7370 7402 7401 
usemtl PATCH_45
f 7401 7402 7434 7433 
usemtl PATCH_45
f 7433 7434 7466 7465 
usemtl PATCH_45
f 7465 7466 1174 1175 
usemtl PATCH_45
f 1136 1137 7275 7274 
usemtl PATCH_45
f 7274 7275 7307 7306 
usemtl PATCH_45
f 7306 7307 7339 7338 
usemtl PATCH_45
f 7338 7339 7371 7370 
usemtl PATCH_45
f 7370 7371 7403 7402 
usemtl PATCH_45
f 7402 7403 7435 7434 
usemtl PATCH_45
f 7434 7435 7467 7466 
usemtl PATCH_45
f 7466 7467 1173 1174 
usemtl PATCH_45
f 1137 1138 7276 7275 
usemtl PATCH_45
f 7275 7276 7308 7307 
usemtl PATCH_45
f 7307 7308 7340 7339 
usemtl PATCH_45
f 7339 7340 7372 7371 
usemtl PATCH_45
f 7371 7372 7404 7403 
usemtl PATCH_45
f 7403 7404 7436 7435 
usemtl PATCH_45
f 7435 7436 7468 7467 
usemtl PATCH_45
f 7467 7468 1172 1173 
usemtl PATCH_45
f 1138 1139 7277 7276 
usemtl PATCH_45
f 7276 7277 7309 7308 
usemtl PATCH_45
f 7308 7309 7341 7340 
usemtl PATCH_45
f 7340 7341 7373 7372 
usemtl PATCH_45
f 7372 7373 7405 7404 
usemtl PATCH_45
f 7404 7405 7437 7436 
usemtl PATCH_45
f 7436 7437 7469 7468 
usemtl PATCH_45
f 7468 7469 1171 1172 
usemtl PATCH_45
f 1139 1140 7278 7277 
usemtl PATCH_45
f 7277 7278 7310 7309 
usemtl PATCH_45
f 7309 7310 7342 7341 
usemtl PATCH_45
f 7341 7342 7374 7373 
usemtl PATCH_45
f 7373 7374 7406 7405 
usemtl PATCH_45
f 7405 7406 7438 7437 
usemtl PATCH_45
f 7437 7438 7470 7469 
usemtl PATCH_45
f 7469 7470 1170 1171 
usemtl PATCH_45
f 1140 1141 7279 7278 
usemtl PATCH_45
f 7278 7279 7311 7310 
usemtl PATCH_45
f 7310 7311 7343 7342 
usemtl PATCH_45
f 7342 7343 7375 7374 
usemtl PATCH_45
f 7374 7375 7407 7406 
usemtl PATCH_45
f 7406 7407 7439 7438 
usemtl PATCH_45
f 7438 7439 7471 7470 
usemtl PATCH_45
f 7470 7471 1169 1170 
usemtl PATCH_45
f 1141 1142 7280 7279 
usemtl PATCH_45
f 7279 7280 7312 7311 
usemtl PATCH_45
f 7311 7312 7344 7343 
usemtl PATCH_45
f 7343 7344 7376 7375 
usemtl PATCH_45
f 7375 7376 7408 7407 
usemtl PATCH_45
f 7407 7408 7440 7439 
usemtl PATCH_45
f 7439 7440 7472 7471 
usemtl PATCH_45
f 7471 7472 1168 1169 
usemtl PATCH_45
f 1142 1143 7281 7280 
usemtl PATCH_45
f 7280 7281 7313 7312 
usemtl PATCH_45
f 7312 7313 7345 7344 
usemtl PATCH_45
f 7344 7345 7377 7376 
usemtl PATCH_45
f 7376 7377 7409 7408 
usemtl PATCH_45
f 7408 7409 7441 7440 
usemtl PATCH_45
f 7440 7441 7473 7472 
usemtl PATCH_45
f 7472 7473 1167 1168 
usemtl PATCH_45
f 1143 1144 7282 7281 
usemtl PATCH_45
f 7281 7282 7314 7313 
usemtl PATCH_45
f 7313 7314 7346 7345 
usemtl PATCH_45
f 7345 7346 7378 7377 
usemtl PATCH_45
f 7377 7378 7410 7409 
usemtl PATCH_45
f 7409 7410 7442 7441 
usemtl PATCH_45
f 7441 7442 7474 7473 
usemtl PATCH_45
f 7473 7474 1166 1167 
usemtl PATCH_45
f 1144 1145 7283 7282 
usemtl PATCH_45
f 7282 7283 7315 7314 
usemtl PATCH_45
f 7314 7315 7347 7346 
usemtl PATCH_45
f 7346 7347 7379 7378 
usemtl PATCH_45
f 7378 7379 7411 7410 
usemtl PATCH_45
f 7410 7411 7443 7442 
usemtl PATCH_45
f 7442 7443 7475 7474 
usemtl PATCH_45
f 7474 7475 1165 1166 
usemtl PATCH_45
f 1145 1146 7284 7283 
usemtl PATCH_45
f 7283 7284 7316 7315 
usemtl PATCH_45
f 7315 7316 7348 7347 
usemtl PATCH_45
f 7347 7348 7380 7379 
usemtl PATCH_45
f 7379 7380 7412 7411 
usemtl PATCH_45
f 7411 7412 7444 7443 
usemtl PATCH_45
f 7443 7444 7476 7475 
usemtl PATCH_45
f 7475 7476 1164 1165 
usemtl PATCH_45
f 1146 1147 7285 7284 
usemtl PATCH_45
f 7284 7285 7317 7316 
usemtl PATCH_45
f 7316 7317 7349 7348 
usemtl PATCH_45
f 7348 7349 7381 7380 
usemtl PATCH_45
f 7380 7381 7413 7412 
usemtl PATCH_45
f 7412 7413 7445 7444 
usemtl PATCH_45
f 7444 7445 7477 7476 
usemtl PATCH_45
f 7476 7477 1163 1164 
usemtl PATCH_45
f 1147 1148 7286 7285 
usemtl PATCH_45
f 7285 7286 7318 7317 
usemtl PATCH_45
f 7317 7318 7350 7349 
usemtl PATCH_45
f 7349 7350 7382 7381 
usemtl PATCH_45
f 7381 7382 7414 7413 
usemtl PATCH_45
f 7413 7414 7446 7445 
usemtl PATCH_45
f 7445 7446 7478 7477 
usemtl PATCH_45
f 7477 7478 1162 1163 
usemtl PATCH_45
f 1148 1149 7287 7286 
usemtl PATCH_45
f 7286 7287 7319 7318 
usemtl PATCH_45
f 7318 7319 7351 7350 
usemtl PATCH_45
f 7350 7351 7383 7382 
usemtl PATCH_45
f 7382 7383 7415 7414 
usemtl PATCH_45
f 7414 7415 7447 7446 
usemtl PATCH_45
f 7446 7447 7479 7478 
usemtl PATCH_45
f 7478 7479 1161 1162 
usemtl PATCH_45
f 1149 1150 7288 7287 
usemtl PATCH_45
f 7287 7288 7320 7319 
usemtl PATCH_45
f 7319 7320 7352 7351 
usemtl PATCH_45
f 7351 7352 7384 7383 
usemtl PATCH_45
f 7383 7384 7416 7415 
usemtl PATCH_45
f 7415 7416 7448 7447 
usemtl PATCH_45
f 7447 7448 7480 7479 
usemtl PATCH_45
f 7479 7480 1160 1161 
usemtl PATCH_45
f 1150 1151 7289 7288 
usemtl PATCH_45
f 7288 7289 7321 7320 
usemtl PATCH_45
f 7320 7321 7353 7352 
usemtl PATCH_45
f 7352 7353 7385 7384 
usemtl PATCH_45
f 7384 7385 7417 7416 
usemtl PATCH_45
f 7416 7417 7449 7448 
usemtl PATCH_45
f 7448 7449 7481 7480 
usemtl PATCH_45
f 7480 7481 1159 1160 
usemtl PATCH_45
f 1151 49 1152 7289 
usemtl PATCH_45
f 7289 1152 1153 7321 
usemtl PATCH_45
f 7321 1153 1154 7353 
usemtl PATCH_45
f 7353 1154 1155 7385 
usemtl PATCH_45
f 7385 1155 1156 7417 
usemtl PATCH_45
f 7417 1156 1157 7449 
usemtl PATCH_45
f 7449 1157 1158 7481 
usemtl PATCH_45
f 7481 1158 50 1159 
usemtl PATCH_46
f 6 1119 7482 1120 
usemtl PATCH_46
f 1120 7482 7488 1121 
usemtl PATCH_46
f 1121 7488 7494 1122 
usemtl PATCH_46
f 1122 7494 7500 1123 
usemtl PATCH_46
f 1123 7500 7506 1124 
usemtl PATCH_46
f 1124 7506 7512 1125 
usemtl PATCH_46
f 1125 7512 7518 1126 
usemtl PATCH_46
f 1126 7518 7524 1127 
usemtl PATCH_46
f 1127 7524 7530 1128 
usemtl PATCH_46
f 1128 7530 7536 1129 
usemtl PATCH_46
f 1129 7536 7542 1130 
usemtl PATCH_46
f 1130 7542 7548 1131 
usemtl PATCH_46
f 1131 7548 7554 1132 
usemtl PATCH_46
f 1132 7554 7560 1133 
usemtl PATCH_46
f 1133 7560 7566 1134 
usemtl PATCH_46
f 1134 7566 7572 1135 
usemtl PATCH_46
f 1135 7572 7578 1136 
usemtl PATCH_46
f 1136 7578 7584 1137 
usemtl PATCH_46
f 1137 7584 7590 1138 
usemtl PATCH_46
f 1138 7590 7596 1139 
usemtl PATCH_46
f 1139 7596 7602 1140 
usemtl PATCH_46
f 1140 7602 7608 1141 
usemtl PATCH_46
f 1141 7608 7614 1142 
usemtl PATCH_46
f 1142 7614 7620 1143 
usemtl PATCH_46
f 1143 7620 7626 1144 
usemtl PATCH_46
f 1144 7626 7632 1145 
usemtl PATCH_46
f 1145 7632 7638 1146 
usemtl PATCH_46
f 1146 7638 7644 1147 
usemtl PATCH_46
f 1147 7644 7650 1148 
usemtl PATCH_46
f 1148 7650 7656 1149 
usemtl PATCH_46
f 1149 7656 7662 1150 
usemtl PATCH_46
f 1150 7662 7668 1151 
usemtl PATCH_46
f 1151 7668 1228 49 
usemtl PATCH_46
f 1119 1118 7483 7482 
usemtl PATCH_46
f 7482 7483 7489 7488 
usemtl PATCH_46
f 7488 7489 7495 7494 
usemtl PATCH_46
f 7494 7495 7501 7500 
usemtl PATCH_46
f 7500 7501 7507 7506 
usemtl PATCH_46
f 7506 7507 7513 7512 
usemtl PATCH_46
f 7512 7513 7519 7518 
usemtl PATCH_46
f 7518 7519 7525 7524 
usemtl PATCH_46
f 7524 7525 7531 7530 
usemtl PATCH_46
f 7530 7531 7537 7536 
usemtl PATCH_46
f 7536 7537 7543 7542 
usemtl PATCH_46
f 7542 7543 7549 7548 
usemtl PATCH_46
f 7548 7549 7555 7554 
usemtl PATCH_46
f 7554 7555 7561 7560 
usemtl PATCH_46
f 7560 7561 7567 7566 
usemtl PATCH_46
f 7566 7567 7573 7572 
usemtl PATCH_46
f 7572 7573 7579 7578 
usemtl PATCH_46
f 7578 7579 7585 7584 
usemtl PATCH_46
f 7584 7585 7591 7590 
usemtl PATCH_46
f 7590 7591 7597 7596 
usemtl PATCH_46
f 7596 7597 7603 7602 
usemtl PATCH_46
f 7602 7603 7609 7608 
usemtl PATCH_46
f 7608 7609 7615 7614 
usemtl PATCH_46
f 7614 7615 7621 7620 
usemtl PATCH_46
f 7620 7621 7627 7626 
usemtl PATCH_46
f 7626 7627 7633 7632 
usemtl PATCH_46
f 7632 7633 7639 7638 
usemtl PATCH_46
f 7638 7639 7645 7644 
usemtl PATCH_46
f 7644 7645 7651 7650 
usemtl PATCH_46
f 7650 7651 7657 7656 
usemtl PATCH_46
f 7656 7657 7663 7662 
usemtl PATCH_46
f 7662 7663 7669 7668 
usemtl PATCH_46
f 7668 7669 1227 1228 
usemtl PATCH_46
f 1118 1117 7484 7483 
usemtl PATCH_46
f 7483 7484 7490 7489 
usemtl PATCH_46
f 7489 7490 7496 7495 
usemtl PATCH_46
f 7495 7496 7502 7501 
usemtl PATCH_46
f 7501 7502 7508 7507 
usemtl PATCH_46
f 7507 7508 7514 7513 
usemtl PATCH_46
f 7513 7514 7520 7519 
usemtl PATCH_46
f 7519 7520 7526 7525 
usemtl PATCH_46
f 7525 7526 7532 7531 
usemtl PATCH_46
f 7531 7532 7538 7537 
usemtl PATCH_46
f 7537 7538 7544 7543 
usemtl PATCH_46
f 7543 7544 7550 7549 
usemtl PATCH_46
f 7549 7550 7556 7555 
usemtl PATCH_46
f 7555 7556 7562 7561 
usemtl PATCH_46
f 7561 7562 7568 7567 
usemtl PATCH_46
f 7567 7568 7574 7573 
usemtl PATCH_46
f 7573 7574 7580 7579 
usemtl PATCH_46
f 7579 7580 7586 7585 
usemtl PATCH_46
f 7585 7586 7592 7591 
usemtl PATCH_46
f 7591 7592 7598 7597 
usemtl PATCH_46
f 7597 7598 7604 7603 
usemtl PATCH_46
f 7603 7604 7610 7609 
usemtl PATCH_46
f 7609 7610 7616 7615 
usemtl PATCH_46
f 7615 7616 7622 7621 
usemtl PATCH_46
f 7621 7622 7628 7627 
usemtl PATCH_46
f 7627 7628 7634 7633 
usemtl PATCH_46
f 7633 7634 7640 7639 
usemtl PATCH_46
f 7639 7640 7646 7645 
usemtl PATCH_46
f 7645 7646 7652 7651 
usemtl PATCH_46
f 7651 7652 7658 7657 
usemtl PATCH_46
f 7657 7658 7664 7663 
usemtl PATCH_46
f 7663 7664 7670 7669 
usemtl PATCH_46
f 7669 7670 1226 1227 
usemtl PATCH_46
f 1117 1116 7485 7484 
usemtl PATCH_46
f 7484 7485 7491 7490 
usemtl PATCH_46
f 7490 7491 7497 7496 
usemtl PATCH_46
f 7496 7497 7503 7502 
usemtl PATCH_46
f 7502 7503 7509 7508 
usemtl PATCH_46
f 7508 7509 7515 7514 
usemtl PATCH_46
f 7514 7515 7521 7520 
usemtl PATCH_46
f 7520 7521 7527 7526 
usemtl PATCH_46
f 7526 7527 7533 7532 
usemtl PATCH_46
f 7532 7533 7539 7538 
usemtl PATCH_46
f 7538 7539 7545 7544 
usemtl PATCH_46
f 7544 7545 7551 7550 
usemtl PATCH_46
f 7550 7551 7557 7556 
usemtl PATCH_46
f 7556 7557 7563 7562 
usemtl PATCH_46
f 7562 7563 7569 7568 
usemtl PATCH_46
f 7568 7569 7575 7574 
usemtl PATCH_46
f 7574 7575 7581 7580 
usemtl PATCH_46
f 7580 7581 7587 7586 
usemtl PATCH_46
f 7586 7587 7593 7592 
usemtl PATCH_46
f 7592 7593 7599 7598 
usemtl PATCH_46
f 7598 7599 7605 7604 
usemtl PATCH_46
f 7604 7605 7611 7610 
usemtl PATCH_46
f 7610 7611 7617 7616 
usemtl PATCH_46
f 7616 7617 7623 7622 
usemtl PATCH_46
f 7622 7623 7629 7628 
usemtl PATCH_46
f 7628 7629 7635 7634 
usemtl PATCH_46
f 7634 7635 7641 7640 
usemtl PATCH_46
f 7640 7641 7647 7646 
usemtl PATCH_46
f 7646 7647 7653 7652 
usemtl PATCH_46
f 7652 7653 7659 7658 
usemtl PATCH_46
f 7658 7659 7665 7664 
usemtl PATCH_46
f 7664 7665 7671 7670 
usemtl PATCH_46
f 7670 7671 1225 1226 
usemtl PATCH_46
f 1116 1115 7486 7485 
usemtl PATCH_46
f 7485 7486 7492 7491 
usemtl PATCH_46
f 7491 7492 7498 7497 
usemtl PATCH_46
f 7497 7498 7504 7503 
usemtl PATCH_46
f 7503 7504 7510 7509 
usemtl PATCH_46
f 7509 7510 7516 7515 
usemtl PATCH_46
f 7515 7516 7522 7521 
usemtl PATCH_46
f 7521 7522 7528 7527 
usemtl PATCH_46
f 7527 7528 7534 7533 
usemtl PATCH_46
f 7533 7534 7540 7539 
usemtl PATCH_46
f 7539 7540 7546 7545 
usemtl PATCH_46
f 7545 7546 7552 7551 
usemtl PATCH_46
f 7551 7552 7558 7557 
usemtl PATCH_46
f 7557 7558 7564 7563 
usemtl PATCH_46
f 7563 7564 7570 7569 
usemtl PATCH_46
f 7569 7570 7576 7575 
usemtl PATCH_46
f 7575 7576 7582 7581 
usemtl PATCH_46
f 7581 7582 7588 7587 
usemtl PATCH_46
f 7587 7588 7594 7593 
usemtl PATCH_46
f 7593 7594 7600 7599 
usemtl PATCH_46
f 7599 7600 7606 7605 
usemtl PATCH_46
f 7605 7606 7612 7611 
usemtl PATCH_46
f 7611 7612 7618 7617 
usemtl PATCH_46
f 7617 7618 7624 7623 
usemtl PATCH_46
f 7623 7624 7630 7629 
usemtl PATCH_46
f 7629 7630 7636 7635 
usemtl PATCH_46
f 7635 7636 7642 7641 
usemtl PATCH_46
f 7641 7642 7648 7647 
usemtl PATCH_46
f 7647 7648 7654 7653 
usemtl PATCH_46
f 7653 7654 7660 7659 
usemtl PATCH_46
f 7659 7660 7666 7665 
usemtl PATCH_46
f 7665 7666 7672 7671 
usemtl PATCH_46
f 7671 7672 1224 1225 
usemtl PATCH_46
f 1115 1114 7487 7486 
usemtl PATCH_46
f 7486 7487 7493 7492 
usemtl PATCH_46
f 7492 7493 7499 7498 
usemtl PATCH_46
f 7498 7499 7505 7504 
usemtl PATCH_46
f 7504 7505 7511 7510 
usemtl PATCH_46
f 7510 7511 7517 7516 
usemtl PATCH_46
f 7516 7517 7523 7522 
usemtl PATCH_46
f 7522 7523 7529 7528 
usemtl PATCH_46
f 7528 7529 7535 7534 
usemtl PATCH_46
f 7534 7535 7541 7540 
usemtl PATCH_46
f 7540 7541 7547 7546 
usemtl PATCH_46
f 7546 7547 7553 7552 
usemtl PATCH_46
f 7552 7553 7559 7558 
usemtl PATCH_46
f 7558 7559 7565 7564 
usemtl PATCH_46
f 7564 7565 7571 7570 
usemtl PATCH_46
f 7570 7571 7577 7576 
usemtl PATCH_46
f 7576 7577 7583 7582 
usemtl PATCH_46
f 7582 7583 7589 7588 
usemtl PATCH_46
f 7588 7589 7595 7594 
usemtl PATCH_46
f 7594 7595 7601 7600 
usemtl PATCH_46
f 7600 7601 7607 7606 
usemtl PATCH_46
f 7606 7607 7613 7612 
usemtl PATCH_46
f 7612 7613 7619 7618 
usemtl PATCH_46
f 7618 7619 7625 7624 
usemtl PATCH_46
f 7624 7625 7631 7630 
usemtl PATCH_46
f 7630 7631 7637 7636 
usemtl PATCH_46
f 7636 7637 7643 7642 
usemtl PATCH_46
f 7642 7643 7649 7648 
usemtl PATCH_46
f 7648 7649 7655 7654 
usemtl PATCH_46
f 7654 7655 7661 7660 
usemtl PATCH_46
f 7660 7661 7667 7666 
usemtl PATCH_46
f 7666 7667 7673 7672 
usemtl PATCH_46
f 7672 7673 1223 1224 
usemtl PATCH_46
f 1114 48 1191 7487 
usemtl PATCH_46
f 7487 1191 1192 7493 
usemtl PATCH_46
f 7493 1192 1193 7499 
usemtl PATCH_46
f 7499 1193 1194 7505 
usemtl PATCH_46
f 7505 1194 1195 7511 
usemtl PATCH_46
f 7511 1195 1196 7517 
usemtl PATCH_46
f 7517 1196 1197 7523 
usemtl PATCH_46
f 7523 1197 1198 7529 
usemtl PATCH_46
f 7529 1198 1199 7535 
usemtl PATCH_46
f 7535 1199 1200 7541 
usemtl PATCH_46
f 7541 1200 1201 7547 
usemtl PATCH_46
f 7547 1201 1202 7553 
usemtl PATCH_46
f 7553 1202 1203 7559 
usemtl PATCH_46
f 7559 1203 1204 7565 
usemtl PATCH_46
f 7565 1204 1205 7571 
usemtl PATCH_46
f 7571 1205 1206 7577 
usemtl PATCH_46
f 7577 1206 1207 7583 
usemtl PATCH_46
f 7583 1207 1208 7589 
usemtl PATCH_46
f 7589 1208 1209 7595 
usemtl PATCH_46
f 7595 1209 1210 7601 
usemtl PATCH_46
f 7601 1210 1211 7607 
usemtl PATCH_46
f 7607 1211 1212 7613 
usemtl PATCH_46
f 7613 1212 1213 7619 
usemtl PATCH_46
f 7619 1213 1214 7625 
usemtl PATCH_46
f 7625 1214 1215 7631 
usemtl PATCH_46
f 7631 1215 1216 7637 
usemtl PATCH_46
f 7637 1216 1217 7643 
usemtl PATCH_46
f 7643 1217 1218 7649 
usemtl PATCH_46
f 7649 1218 1219 7655 
usemtl PATCH_46
f 7655 1219 1220 7661 
usemtl PATCH_46
f 7661 1220 1221 7667 
usemtl PATCH_46
f 7667 1221 1222 7673 
usemtl PATCH_46
f 7673 1222 51 1223 
usemtl PATCH_59
f 48 1229 7674 1191 
usemtl PATCH_59
f 1191 7674 7681 1192 
usemtl PATCH_59
f 1192 7681 7688 1193 
usemtl PATCH_59
f 1193 7688 7695 1194 
usemtl PATCH_59
f 1194 7695 7702 1195 
usemtl PATCH_59
f 1195 7702 7709 1196 
usemtl PATCH_59
f 1196 7709 7716 1197 
usemtl PATCH_59
f 1197 7716 7723 1198 
usemtl PATCH_59
f 1198 7723 7730 1199 
usemtl PATCH_59
f 1199 7730 7737 1200 
usemtl PATCH_59
f 1200 7737 7744 1201 
usemtl PATCH_59
f 1201 7744 7751 1202 
usemtl PATCH_59
f 1202 7751 7758 1203 
usemtl PATCH_59
f 1203 7758 7765 1204 
usemtl PATCH_59
f 1204 7765 7772 1205 
usemtl PATCH_59
f 1205 7772 7779 1206 
usemtl PATCH_59
f 1206 7779 7786 1207 
usemtl PATCH_59
f 1207 7786 7793 1208 
usemtl PATCH_59
f 1208 7793 7800 1209 
usemtl PATCH_59
f 1209 7800 7807 1210 
usemtl PATCH_59
f 1210 7807 7814 1211 
usemtl PATCH_59
f 1211 7814 7821 1212 
usemtl PATCH_59
f 1212 7821 7828 1213 
usemtl PATCH_59
f 1213 7828 7835 1214 
usemtl PATCH_59
f 1214 7835 7842 1215 
usemtl PATCH_59
f 1215 7842 7849 1216 
usemtl PATCH_59
f 1216 7849 7856 1217 
usemtl PATCH_59
f 1217 7856 7863 1218 
usemtl PATCH_59
f 1218 7863 7870 1219 
usemtl PATCH_59
f 1219 7870 7877 1220 
usemtl PATCH_59
f 1220 7877 7884 1221 
usemtl PATCH_59
f 1221 7884 7891 1222 
usemtl PATCH_59
f 1222 7891 1274 51 
usemtl PATCH_59
f 1229 1230 7675 7674 
usemtl PATCH_59
f 7674 7675 7682 7681 
usemtl PATCH_59
f 7681 7682 7689 7688 
usemtl PATCH_59
f 7688 7689 7696 7695 
usemtl PATCH_59
f 7695 7696 7703 7702 
usemtl PATCH_59
f 7702 7703 7710 7709 
usemtl PATCH_59
f 7709 7710 7717 7716 
usemtl PATCH_59
f 7716 7717 7724 7723 
usemtl PATCH_59
f 7723 7724 7731 7730 
usemtl PATCH_59
f 7730 7731 7738 7737 
usemtl PATCH_59
f 7737 7738 7745 7744 
usemtl PATCH_59
f 7744 7745 7752 7751 
usemtl PATCH_59
f 7751 7752 7759 7758 
usemtl PATCH_59
f 7758 7759 7766 7765 
usemtl PATCH_59
f 7765 7766 7773 7772 
usemtl PATCH_59
f 7772 7773 7780 7779 
usemtl PATCH_59
f 7779 7780 7787 7786 
usemtl PATCH_59
f 7786 7787 7794 7793 
usemtl PATCH_59
f 7793 7794 7801 7800 
usemtl PATCH_59
f 7800 7801 7808 7807 
usemtl PATCH_59
f 7807 7808 7815 7814 
usemtl PATCH_59
f 7814 7815 7822 7821 
usemtl PATCH_59
f 7821 7822 7829 7828 
usemtl PATCH_59
f 7828 7829 7836 7835 
usemtl PATCH_59
f 7835 7836 7843 7842 
usemtl PATCH_59
f 7842 7843 7850 7849 
usemtl PATCH_59
f 7849 7850 7857 7856 
usemtl PATCH_59
f 7856 7857 7864 7863 
usemtl PATCH_59
f 7863 7864 7871 7870 
usemtl PATCH_59
f 7870 7871 7878 7877 
usemtl PATCH_59
f 7877 7878 7885 7884 
usemtl PATCH_59
f 7884 7885 7892 7891 
usemtl PATCH_59
f 7891 7892 1273 1274 
usemtl PATCH_59
f 1230 1231 7676 7675 
usemtl PATCH_59
f 7675 7676 7683 7682 
usemtl PATCH_59
f 7682 7683 7690 7689 
usemtl PATCH_59
f 7689 7690 7697 7696 
usemtl PATCH_59
f 7696 7697 7704 7703 
usemtl PATCH_59
f 7703 7704 7711 7710 
usemtl PATCH_59
f 7710 7711 7718 7717 
usemtl PATCH_59
f 7717 7718 7725 7724 
usemtl PATCH_59
f 7724 7725 7732 7731 
usemtl PATCH_59
f 7731 7732 7739 7738 
usemtl PATCH_59
f 7738 7739 7746 7745 
usemtl PATCH_59
f 7745 7746 7753 7752 
usemtl PATCH_59
f 7752 7753 7760 7759 
usemtl PATCH_59
f 7759 7760 7767 7766 
usemtl PATCH_59
f 7766 7767 7774 7773 
usemtl PATCH_59
f 7773 7774 7781 7780 
usemtl PATCH_59
f 7780 7781 7788 7787 
usemtl PATCH_59
f 7787 7788 7795 7794 
usemtl PATCH_59
f 7794 7795 7802 7801 
usemtl PATCH_59
f 7801 7802 7809 7808 
usemtl PATCH_59
f 7808 7809 7816 7815 
usemtl PATCH_59
f 7815 7816 7823 7822 
usemtl PATCH_59
f 7822 7823 7830 7829 
usemtl PATCH_59
f 7829 7830 7837 7836 
usemtl PATCH_59
f 7836 7837 7844 7843 
usemtl PATCH_59
f 7843 7844 7851 7850 
usemtl PATCH_59
f 7850 7851 7858 7857 
usemtl PATCH_59
f 7857 7858 7865 7864 
usemtl PATCH_59
f 7864 7865 7872 7871 
usemtl PATCH_59
f 7871 7872 7879 7878 
usemtl PATCH_59
f 7878 7879 7886 7885 
usemtl PATCH_59
f 7885 7886 7893 7892 
usemtl PATCH_59
f 7892 7893 1272 1273 
usemtl PATCH_59
f 1231 1232 7677 7676 
usemtl PATCH_59
f 7676 7677 7684 7683 
usemtl PATCH_59
f 7683 7684 7691 7690 
usemtl PATCH_59
f 7690 7691 7698 7697 
usemtl PATCH_59
f 7697 7698 7705 7704 
usemtl PATCH_59
f 7704 7705 7712 7711 
usemtl PATCH_59
f 7711 7712 7719 7718 
usemtl PATCH_59
f 7718 7719 7726 7725 
usemtl PATCH_59
f 7725 7726 7733 7732 
usemtl PATCH_59
f 7732 7733 7740 7739 
usemtl PATCH_59
f 7739 7740 7747 7746 
usemtl PATCH_59
f 7746 7747 7754 7753 
usemtl PATCH_59
f 7753 7754 7761 7760 
usemtl PATCH_59
f 7760 7761 7768 7767 
usemtl PATCH_59
f 7767 7768 7775 7774 
usemtl PATCH_59
f 7774 7775 7782 7781 
usemtl PATCH_59
f 7781 7782 7789 7788 
usemtl PATCH_59
f 7788 7789 7796 7795 
usemtl PATCH_59
f 7795 7796 7803 7802 
usemtl PATCH_59
f 7802 7803 7810 7809 
usemtl PATCH_59
f 7809 7810 7817 7816 
usemtl PATCH_59
f 7816 7817 7824 7823 
usemtl PATCH_59
f 7823 7824 7831 7830 
usemtl PATCH_59
f 7830 7831 7838 7837 
usemtl PATCH_59
f 7837 7838 7845 7844 
usemtl PATCH_59
f 7844 7845 7852 7851 
usemtl PATCH_59
f 7851 7852 7859 7858 
usemtl PATCH_59
f 7858 7859 7866 7865 
usemtl PATCH_59
f 7865 7866 7873 7872 
usemtl PATCH_59
f 7872 7873 7880 7879 
usemtl PATCH_59
f 7879 7880 7887 7886 
usemtl PATCH_59
f 7886 7887 7894 7893 
usemtl PATCH_59
f 7893 7894 1271 1272 
usemtl PATCH_59
f 1232 1233 7678 7677 
usemtl PATCH_59
f 7677 7678 7685 7684 
usemtl PATCH_59
f 7684 7685 7692 7691 
usemtl PATCH_59
f 7691 7692 7699 7698 
usemtl PATCH_59
f 7698 7699 7706 7705 
usemtl PATCH_59
f 7705 7706 7713 7712 
usemtl PATCH_59
f 7712 7713 7720 7719 
usemtl PATCH_59
f 7719 7720 7727 7726 
usemtl PATCH_59
f 7726 7727 7734 7733 
usemtl PATCH_59
f 7733 7734 7741 7740 
usemtl PATCH_59
f 7740 7741 7748 7747 
usemtl PATCH_59
f 7747 7748 7755 7754 
usemtl PATCH_59
f 7754 7755 7762 7761 
usemtl PATCH_59
f 7761 7762 7769 7768 
usemtl PATCH_59
f 7768 7769 7776 7775 
usemtl PATCH_59
f 7775 7776 7783 7782 
usemtl PATCH_59
f 7782 7783 7790 7789 
usemtl PATCH_59
f 7789 7790 7797 7796 
usemtl PATCH_59
f 7796 7797 7804 7803 
usemtl PATCH_59
f 7803 7804 7811 7810 
usemtl PATCH_59
f 7810 7811 7818 7817 
usemtl PATCH_59
f 7817 7818 7825 7824 
usemtl PATCH_59
f 7824 7825 7832 7831 
usemtl PATCH_59
f 7831 7832 7839 7838 
usemtl PATCH_59
f 7838 7839 7846 7845 
usemtl PATCH_59
f 7845 7846 7853 7852 
usemtl PATCH_59
f 7852 7853 7860 7859 
usemtl PATCH_59
f 7859 7860 7867 7866 
usemtl PATCH_59
f 7866 7867 7874 7873 
usemtl PATCH_59
f 7873 7874 7881 7880 
usemtl PATCH_59
f 7880 7881 7888 7887 
usemtl PATCH_59
f 7887 7888 7895 7894 
usemtl PATCH_59
f 7894 7895 1270 1271 
usemtl PATCH_59
f 1233 1234 7679 7678 
usemtl PATCH_59
f 7678 7679 7686 7685 
usemtl PATCH_59
f 7685 7686 7693 7692 
usemtl PATCH_59
f 7692 7693 7700 7699 
usemtl PATCH_59
f 7699 7700 7707 7706 
usemtl PATCH_59
f 7706 7707 7714 7713 
usemtl PATCH_59
f 7713 7714 7721 7720 
usemtl PATCH_59
f 7720 7721 7728 7727 
usemtl PATCH_59
f 7727 7728 7735 7734 
usemtl PATCH_59
f 7734 7735 7742 7741 
usemtl PATCH_59
f 7741 7742 7749 7748 
usemtl PATCH_59
f 7748 7749 7756 7755 
usemtl PATCH_59
f 7755 7756 7763 7762 
usemtl PATCH_59
f 7762 7763 7770 7769 
usemtl PATCH_59
f 7769 7770 7777 7776 
usemtl PATCH_59
f 7776 7777 7784 7783 
usemtl PATCH_59
f 7783 7784 7791 7790 
usemtl PATCH_59
f 7790 7791 7798 7797 
usemtl PATCH_59
f 7797 7798 7805 7804 
usemtl PATCH_59
f 7804 7805 7812 7811 
usemtl PATCH_59
f 7811 7812 7819 7818 
usemtl PATCH_59
f 7818 7819 7826 7825 
usemtl PATCH_59
f 7825 7826 7833 7832 
usemtl PATCH_59
f 7832 7833 7840 7839 
usemtl PATCH_59
f 7839 7840 7847 7846 
usemtl PATCH_59
f 7846 7847 7854 7853 
usemtl PATCH_59
f 7853 7854 7861 7860 
usemtl PATCH_59
f 7860 7861 7868 7867 
usemtl PATCH_59
f 7867 7868 7875 7874 
usemtl PATCH_59
f 7874 7875 7882 7881 
usemtl PATCH_59
f 7881 7882 7889 7888 
usemtl PATCH_59
f 7888 7889 7896 7895 
usemtl PATCH_59
f 7895 7896 1269 1270 
usemtl PATCH_59
f 1234 1235 7680 7679 
usemtl PATCH_59
f 7679 7680 7687 7686 
usemtl PATCH_59
f 7686 7687 7694 7693 
usemtl PATCH_59
f 7693 7694 7701 7700 
usemtl PATCH_59
f 7700 7701 7708 7707 
usemtl PATCH_59
f 7707 7708 7715 7714 
usemtl PATCH_59
f 7714 7715 7722 7721 
usemtl PATCH_59
f 7721 7722 7729 7728 
usemtl PATCH_59
f 7728 7729 7736 7735 
usemtl PATCH_59
f 7735 7736 7743 7742 
usemtl PATCH_59
f 7742 7743 7750 7749 
usemtl PATCH_59
f 7749 7750 7757 7756 
usemtl PATCH_59
f 7756 7757 7764 7763 
usemtl PATCH_59
f 7763 7764 7771 7770 
usemtl PATCH_59
f 7770 7771 7778 7777 
usemtl PATCH_59
f 7777 7778 7785 7784 
usemtl PATCH_59
f 7784 7785 7792 7791 
usemtl PATCH_59
f 7791 7792 7799 7798 
usemtl PATCH_59
f 7798 7799 7806 7805 
usemtl PATCH_59
f 7805 7806 7813 7812 
usemtl PATCH_59
f 7812 7813 7820 7819 
usemtl PATCH_59
f 7819 7820 7827 7826 
usemtl PATCH_59
f 7826 7827 7834 7833 
usemtl PATCH_59
f 7833 7834 7841 7840 
usemtl PATCH_59
f 7840 7841 7848 7847 
usemtl PATCH_59
f 7847 7848 7855 7854 
usemtl PATCH_59
f 7854 7855 7862 7861 
usemtl PATCH_59
f 7861 7862 7869 7868 
usemtl PATCH_59
f 7868 7869 7876 7875 
usemtl PATCH_59
f 7875 7876 7883 7882 
usemtl PATCH_59
f 7882 7883 7890 7889 
usemtl PATCH_59
f 7889 7890 7897 7896 
usemtl PATCH_59
f 7896 7897 1268 1269 
usemtl PATCH_59
f 1235 42 1236 7680 
usemtl PATCH_59
f 7680 1236 1237 7687 
usemtl PATCH_59
f 7687 1237 1238 7694 
usemtl PATCH_59
f 7694 1238 1239 7701 
usemtl PATCH_59
f 7701 1239 1240 7708 
usemtl PATCH_59
f 7708 1240 1241 7715 
usemtl PATCH_59
f 7715 1241 1242 7722 
usemtl PATCH_59
f 7722 1242 1243 7729 
usemtl PATCH_59
f 7729 1243 1244 7736 
usemtl PATCH_59
f 7736 1244 1245 7743 
usemtl PATCH_59
f 7743 1245 1246 7750 
usemtl PATCH_59
f 7750 1246 1247 7757 
usemtl PATCH_59
f 7757 1247 1248 7764 
usemtl PATCH_59
f 7764 1248 1249 7771 
usemtl PATCH_59
f 7771 1249 1250 7778 
usemtl PATCH_59
f 7778 1250 1251 7785 
usemtl PATCH_59
f 7785 1251 1252 7792 
usemtl PATCH_59
f 7792 1252 1253 7799 
usemtl PATCH_59
f 7799 1253 1254 7806 
usemtl PATCH_59
f 7806 1254 1255 7813 
usemtl PATCH_59
f 7813 1255 1256 7820 
usemtl PATCH_59
f 7820 1256 1257 7827 
usemtl PATCH_59
f 7827 1257 1258 7834 
usemtl PATCH_59
f 7834 1258 1259 7841 
usemtl PATCH_59
f 7841 1259 1260 7848 
usemtl PATCH_59
f 7848 1260 1261 7855 
usemtl PATCH_59
f 7855 1261 1262 7862 
usemtl PATCH_59
f 7862 1262 1263 7869 
usemtl PATCH_59
f 7869 1263 1264 7876 
usemtl PATCH_59
f 7876 1264 1265 7883 
usemtl PATCH_59
f 7883 1265 1266 7890 
usemtl PATCH_59
f 7890 1266 1267 7897 
usemtl PATCH_59
f 7897 1267 52 1268 
usemtl PATCH_5
f 48 1275 7898 1229 
usemtl PATCH_5
f 1229 7898 7920 1230 
usemtl PATCH_5
f 1230 7920 7942 1231 
usemtl PATCH_5
f 1231 7942 7964 1232 
usemtl PATCH_5
f 1232 7964 7986 1233 
usemtl PATCH_5
f 1233 7986 8008 1234 
usemtl PATCH_5
f 1234 8008 8030 1235 
usemtl PATCH_5
f 1235 8030 1325 42 
usemtl PATCH_5
f 1275 1276 7899 7898 
usemtl PATCH_5
f 7898 7899 7921 7920 
usemtl PATCH_5
f 7920 7921 7943 7942 
usemtl PATCH_5
f 7942 7943 7965 7964 
usemtl PATCH_5
f 7964 7965 7987 7986 
usemtl PATCH_5
f 7986 7987 8009 8008 
usemtl PATCH_5
f 8008 8009 8031 8030 
usemtl PATCH_5
f 8030 8031 1324 1325 
usemtl PATCH_5
f 1276 1277 7900 7899 
usemtl PATCH_5
f 7899 7900 7922 7921 
usemtl PATCH_5
f 7921 7922 7944 7943 
usemtl PATCH_5
f 7943 7944 7966 7965 
usemtl PATCH_5
f 7965 7966 7988 7987 
usemtl PATCH_5
f 7987 7988 8010 8009 
usemtl PATCH_5
f 8009 8010 8032 8031 
usemtl PATCH_5
f 8031 8032 1323 1324 
usemtl PATCH_5
f 1277 1278 7901 7900 
usemtl PATCH_5
f 7900 7901 7923 7922 
usemtl PATCH_5
f 7922 7923 7945 7944 
usemtl PATCH_5
f 7944 7945 7967 7966 
usemtl PATCH_5
f 7966 7967 7989 7988 
usemtl PATCH_5
f 7988 7989 8011 8010 
usemtl PATCH_5
f 8010 8011 8033 8032 
usemtl PATCH_5
f 8032 8033 1322 1323 
usemtl PATCH_5
f 1278 1279 7902 7901 
usemtl PATCH_5
f 7901 7902 7924 7923 
usemtl PATCH_5
f 7923 7924 7946 7945 
usemtl PATCH_5
f 7945 7946 7968 7967 
usemtl PATCH_5
f 7967 7968 7990 7989 
usemtl PATCH_5
f 7989 7990 8012 8011 
usemtl PATCH_5
f 8011 8012 8034 8033 
usemtl PATCH_5
f 8033 8034 1321 1322 
usemtl PATCH_5
f 1279 1280 7903 7902 
usemtl PATCH_5
f 7902 7903 7925 7924 
usemtl PATCH_5
f 7924 7925 7947 7946 
usemtl PATCH_5
f 7946 7947 7969 7968 
usemtl PATCH_5
f 7968 7969 7991 7990 
usemtl PATCH_5
f 7990 7991 8013 8012 
usemtl PATCH_5
f 8012 8013 8035 8034 
usemtl PATCH_5
f 8034 8035 1320 1321 
usemtl PATCH_5
f 1280 1281 7904 7903 
usemtl PATCH_5
f 7903 7904 7926 7925 
usemtl PATCH_5
f 7925 7926 7948 7947 
usemtl PATCH_5
f 7947 7948 7970 7969 
usemtl PATCH_5
f 7969 7970 7992 7991 
usemtl PATCH_5
f 7991 7992 8014 8013 
usemtl PATCH_5
f 8013 8014 8036 8035 
usemtl PATCH_5
f 8035 8036 1319 1320 
usemtl PATCH_5
f 1281 1282 7905 7904 
usemtl PATCH_5
f 7904 7905 7927 7926 
usemtl PATCH_5
f 7926 7927 7949 7948 
usemtl PATCH_5
f 7948 7949 7971 7970 
usemtl PATCH_5
f 7970 7971 7993 7992 
usemtl PATCH_5
f 7992 7993 8015 8014 
usemtl PATCH_5
f 8014 8015 8037 8036 
usemtl PATCH_5
f 8036 8037 1318 1319 
usemtl PATCH_5
f 1282 1283 7906 7905 
usemtl PATCH_5
f 7905 7906 7928 7927 
usemtl PATCH_5
f 7927 7928 7950 7949 
usemtl PATCH_5
f 7949 7950 7972 7971 
usemtl PATCH_5
f 7971 7972 7994 7993 
usemtl PATCH_5
f 7993 7994 8016 8015 
usemtl PATCH_5
f 8015 8016 8038 8037 
usemtl PATCH_5
f 8037 8038 1317 1318 
usemtl PATCH_5
f 1283 1284 7907 7906 
usemtl PATCH_5
f 7906 7907 7929 7928 
usemtl PATCH_5
f 7928 7929 7951 7950 
usemtl PATCH_5
f 7950 7951 7973 7972 
usemtl PATCH_5
f 7972 7973 7995 7994 
usemtl PATCH_5
f 7994 7995 8017 8016 
usemtl PATCH_5
f 8016 8017 8039 8038 
usemtl PATCH_5
f 8038 8039 1316 1317 
usemtl PATCH_5
f 1284 1285 7908 7907 
usemtl PATCH_5
f 7907 7908 7930 7929 
usemtl PATCH_5
f 7929 7930 7952 7951 
usemtl PATCH_5
f 7951 7952 7974 7973 
usemtl PATCH_5
f 7973 7974 7996 7995 
usemtl PATCH_5
f 7995 7996 8018 8017 
usemtl PATCH_5
f 8017 8018 8040 8039 
usemtl PATCH_5
f 8039 8040 1315 1316 
usemtl PATCH_5
f 1285 1286 7909 7908 
usemtl PATCH_5
f 7908 7909 7931 7930 
usemtl PATCH_5
f 7930 7931 7953 7952 
usemtl PATCH_5
f 7952 7953 7975 7974 
usemtl PATCH_5
f 7974 7975 7997 7996 
usemtl PATCH_5
f 7996 7997 8019 8018 
usemtl PATCH_5
f 8018 8019 8041 8040 
usemtl PATCH_5
f 8040 8041 1314 1315 
usemtl PATCH_5
f 1286 1287 7910 7909 
usemtl PATCH_5
f 7909 7910 7932 7931 
usemtl PATCH_5
f 7931 7932 7954 7953 
usemtl PATCH_5
f 7953 7954 7976 7975 
usemtl PATCH_5
f 7975 7976 7998 7997 
usemtl PATCH_5
f 7997 7998 8020 8019 
usemtl PATCH_5
f 8019 8020 8042 8041 
usemtl PATCH_5
f 8041 8042 1313 1314 
usemtl PATCH_5
f 1287 1288 7911 7910 
usemtl PATCH_5
f 7910 7911 7933 7932 
usemtl PATCH_5
f 7932 7933 7955 7954 
usemtl PATCH_5
f 7954 7955 7977 7976 
usemtl PATCH_5
f 7976 7977 7999 7998 
usemtl PATCH_5
f 7998 7999 8021 8020 
usemtl PATCH_5
f 8020 8021 8043 8042 
usemtl PATCH_5
f 8042 8043 1312 1313 
usemtl PATCH_5
f 1288 1289 7912 7911 
usemtl PATCH_5
f 7911 7912 7934 7933 
usemtl PATCH_5
f 7933 7934 7956 7955 
usemtl PATCH_5
f 7955 7956 7978 7977 
usemtl PATCH_5
f 7977 7978 8000 7999 
usemtl PATCH_5
f 7999 8000 8022 8021 
usemtl PATCH_5
f 8021 8022 8044 8043 
usemtl PATCH_5
f 8043 8044 1311 1312 
usemtl PATCH_5
f 1289 1290 7913 7912 
usemtl PATCH_5
f 7912 7913 7935 7934 
usemtl PATCH_5
f 7934 7935 7957 7956 
usemtl PATCH_5
f 7956 7957 7979 7978 
usemtl PATCH_5
f 7978 7979 8001 8000 
usemtl PATCH_5
f 8000 8001 8023 8022 
usemtl PATCH_5
f 8022 8023 8045 8044 
usemtl PATCH_5
f 8044 8045 1310 1311 
usemtl PATCH_5
f 1290 1291 7914 7913 
usemtl PATCH_5
f 7913 7914 7936 7935 
usemtl PATCH_5
f 7935 7936 7958 7957 
usemtl PATCH_5
f 7957 7958 7980 7979 
usemtl PATCH_5
f 7979 7980 8002 8001 
usemtl PATCH_5
f 8001 8002 8024 8023 
usemtl PATCH_5
f 8023 8024 8046 8045 
usemtl PATCH_5
f 8045 8046 1309 1310 
usemtl PATCH_5
f 1291 1292 7915 7914 
usemtl PATCH_5
f 7914 7915 7937 7936 
usemtl PATCH_5
f 7936 7937 7959 7958 
usemtl PATCH_5
f 7958 7959 7981 7980 
usemtl PATCH_5
f 7980 7981 8003 8002 
usemtl PATCH_5
f 8002 8003 8025 8024 
usemtl PATCH_5
f 8024 8025 8047 8046 
usemtl PATCH_5
f 8046 8047 1308 1309 
usemtl PATCH_5
f 1292 1293 7916 7915 
usemtl PATCH_5
f 7915 7916 7938 7937 
usemtl PATCH_5
f 7937 7938 7960 7959 
usemtl PATCH_5
f 7959 7960 7982 7981 
usemtl PATCH_5
f 7981 7982 8004 8003 
usemtl PATCH_5
f 8003 8004 8026 8025 
usemtl PATCH_5
f 8025 8026 8048 8047 
usemtl PATCH_5
f 8047 8048 1307 1308 
usemtl PATCH_5
f 1293 1294 7917 7916 
usemtl PATCH_5
f 7916 7917 7939 7938 
usemtl PATCH_5
f 7938 7939 7961 7960 
usemtl PATCH_5
f 7960 7961 7983 7982 
usemtl PATCH_5
f 7982 7983 8005 8004 
usemtl PATCH_5
f 8004 8005 8027 8026 
usemtl PATCH_5
f 8026 8027 8049 8048 
usemtl PATCH_5
f 8048 8049 1306 1307 
usemtl PATCH_5
f 1294 1295 7918 7917 
usemtl PATCH_5
f 7917 7918 7940 7939 
usemtl PATCH_5
f 7939 7940 7962 7961 
usemtl PATCH_5
f 7961 7962 7984 7983 
usemtl PATCH_5
f 7983 7984 8006 8005 
usemtl PATCH_5
f 8005 8006 8028 8027 
usemtl PATCH_5
f 8027 8028 8050 8049 
usemtl PATCH_5
f 8049 8050 1305 1306 
usemtl PATCH_5
f 1295 1296 7919 7918 
usemtl PATCH_5
f 7918 7919 7941 7940 
usemtl PATCH_5
f 7940 7941 7963 7962 
usemtl PATCH_5
f 7962 7963 7985 7984 
usemtl PATCH_5
f 7984 7985 8007 8006 
usemtl PATCH_5
f 8006 8007 8029 8028 
usemtl PATCH_5
f 8028 8029 8051 8050 
usemtl PATCH_5
f 8050 8051 1304 1305 
usemtl PATCH_5
f 1296 53 1297 7919 
usemtl PATCH_5
f 7919 1297 1298 7941 
usemtl PATCH_5
f 7941 1298 1299 7963 
usemtl PATCH_5
f 7963 1299 1300 7985 
usemtl PATCH_5
f 7985 1300 1301 8007 
usemtl PATCH_5
f 8007 1301 1302 8029 
usemtl PATCH_5
f 8029 1302 1303 8051 
usemtl PATCH_5
f 8051 1303 54 1304 
usemtl PATCH_4
f 48 1113 8052 1275 
usemtl PATCH_4
f 1275 8052 8059 1276 
usemtl PATCH_4
f 1276 8059 8066 1277 
usemtl PATCH_4
f 1277 8066 8073 1278 
usemtl PATCH_4
f 1278 8073 8080 1279 
usemtl PATCH_4
f 1279 8080 8087 1280 
usemtl PATCH_4
f 1280 8087 8094 1281 
usemtl PATCH_4
f 1281 8094 8101 1282 
usemtl PATCH_4
f 1282 8101 8108 1283 
usemtl PATCH_4
f 1283 8108 8115 1284 
usemtl PATCH_4
f 1284 8115 8122 1285 
usemtl PATCH_4
f 1285 8122 8129 1286 
usemtl PATCH_4
f 1286 8129 8136 1287 
usemtl PATCH_4
f 1287 8136 8143 1288 
usemtl PATCH_4
f 1288 8143 8150 1289 
usemtl PATCH_4
f 1289 8150 8157 1290 
usemtl PATCH_4
f 1290 8157 8164 1291 
usemtl PATCH_4
f 1291 8164 8171 1292 
usemtl PATCH_4
f 1292 8171 8178 1293 
usemtl PATCH_4
f 1293 8178 8185 1294 
usemtl PATCH_4
f 1294 8185 8192 1295 
usemtl PATCH_4
f 1295 8192 8199 1296 
usemtl PATCH_4
f 1296 8199 1354 53 
usemtl PATCH_4
f 1113 1112 8053 8052 
usemtl PATCH_4
f 8052 8053 8060 8059 
usemtl PATCH_4
f 8059 8060 8067 8066 
usemtl PATCH_4
f 8066 8067 8074 8073 
usemtl PATCH_4
f 8073 8074 8081 8080 
usemtl PATCH_4
f 8080 8081 8088 8087 
usemtl PATCH_4
f 8087 8088 8095 8094 
usemtl PATCH_4
f 8094 8095 8102 8101 
usemtl PATCH_4
f 8101 8102 8109 8108 
usemtl PATCH_4
f 8108 8109 8116 8115 
usemtl PATCH_4
f 8115 8116 8123 8122 
usemtl PATCH_4
f 8122 8123 8130 8129 
usemtl PATCH_4
f 8129 8130 8137 8136 
usemtl PATCH_4
f 8136 8137 8144 8143 
usemtl PATCH_4
f 8143 8144 8151 8150 
usemtl PATCH_4
f 8150 8151 8158 8157 
usemtl PATCH_4
f 8157 8158 8165 8164 
usemtl PATCH_4
f 8164 8165 8172 8171 
usemtl PATCH_4
f 8171 8172 8179 8178 
usemtl PATCH_4
f 8178 8179 8186 8185 
usemtl PATCH_4
f 8185 8186 8193 8192 
usemtl PATCH_4
f 8192 8193 8200 8199 
usemtl PATCH_4
f 8199 8200 1353 1354 
usemtl PATCH_4
f 1112 1111 8054 8053 
usemtl PATCH_4
f 8053 8054 8061 8060 
usemtl PATCH_4
f 8060 8061 8068 8067 
usemtl PATCH_4
f 8067 8068 8075 8074 
usemtl PATCH_4
f 8074 8075 8082 8081 
usemtl PATCH_4
f 8081 8082 8089 8088 
usemtl PATCH_4
f 8088 8089 8096 8095 
usemtl PATCH_4
f 8095 8096 8103 8102 
usemtl PATCH_4
f 8102 8103 8110 8109 
usemtl PATCH_4
f 8109 8110 8117 8116 
usemtl PATCH_4
f 8116 8117 8124 8123 
usemtl PATCH_4
f 8123 8124 8131 8130 
usemtl PATCH_4
f 8130 8131 8138 8137 
usemtl PATCH_4
f 8137 8138 8145 8144 
usemtl PATCH_4
f 8144 8145 8152 8151 
usemtl PATCH_4
f 8151 8152 8159 8158 
usemtl PATCH_4
f 8158 8159 8166 8165 
usemtl PATCH_4
f 8165 8166 8173 8172 
usemtl PATCH_4
f 8172 8173 8180 8179 
usemtl PATCH_4
f 8179 8180 8187 8186 
usemtl PATCH_4
f 8186 8187 8194 8193 
usemtl PATCH_4
f 8193 8194 8201 8200 
usemtl PATCH_4
f 8200 8201 1352 1353 
usemtl PATCH_4
f 1111 1110 8055 8054 
usemtl PATCH_4
f 8054 8055 8062 8061 
usemtl PATCH_4
f 8061 8062 8069 8068 
usemtl PATCH_4
f 8068 8069 8076 8075 
usemtl PATCH_4
f 8075 8076 8083 8082 
usemtl PATCH_4
f 8082 8083 8090 8089 
usemtl PATCH_4
f 8089 8090 8097 8096 
usemtl PATCH_4
f 8096 8097 8104 8103 
usemtl PATCH_4
f 8103 8104 8111 8110 
usemtl PATCH_4
f 8110 8111 8118 8117 
usemtl PATCH_4
f 8117 8118 8125 8124 
usemtl PATCH_4
f 8124 8125 8132 8131 
usemtl PATCH_4
f 8131 8132 8139 8138 
usemtl PATCH_4
f 8138 8139 8146 8145 
usemtl PATCH_4
f 8145 8146 8153 8152 
usemtl PATCH_4
f 8152 8153 8160 8159 
usemtl PATCH_4
f 8159 8160 8167 8166 
usemtl PATCH_4
f 8166 8167 8174 8173 
usemtl PATCH_4
f 8173 8174 8181 8180 
usemtl PATCH_4
f 8180 8181 8188 8187 
usemtl PATCH_4
f 8187 8188 8195 8194 
usemtl PATCH_4
f 8194 8195 8202 8201 
usemtl PATCH_4
f 8201 8202 1351 1352 
usemtl PATCH_4
f 1110 1109 8056 8055 
usemtl PATCH_4
f 8055 8056 8063 8062 
usemtl PATCH_4
f 8062 8063 8070 8069 
usemtl PATCH_4
f 8069 8070 8077 8076 
usemtl PATCH_4
f 8076 8077 8084 8083 
usemtl PATCH_4
f 8083 8084 8091 8090 
usemtl PATCH_4
f 8090 8091 8098 8097 
usemtl PATCH_4
f 8097 8098 8105 8104 
usemtl PATCH_4
f 8104 8105 8112 8111 
usemtl PATCH_4
f 8111 8112 8119 8118 
usemtl PATCH_4
f 8118 8119 8126 8125 
usemtl PATCH_4
f 8125 8126 8133 8132 
usemtl PATCH_4
f 8132 8133 8140 8139 
usemtl PATCH_4
f 8139 8140 8147 8146 
usemtl PATCH_4
f 8146 8147 8154 8153 
usemtl PATCH_4
f 8153 8154 8161 8160 
usemtl PATCH_4
f 8160 8161 8168 8167 
usemtl PATCH_4
f 8167 8168 8175 8174 
usemtl PATCH_4
f 8174 8175 8182 8181 
usemtl PATCH_4
f 8181 8182 8189 8188 
usemtl PATCH_4
f 8188 8189 8196 8195 
usemtl PATCH_4
f 8195 8196 8203 8202 
usemtl PATCH_4
f 8202 8203 1350 1351 
usemtl PATCH_4
f 1109 1108 8057 8056 
usemtl PATCH_4
f 8056 8057 8064 8063 
usemtl PATCH_4
f 8063 8064 8071 8070 
usemtl PATCH_4
f 8070 8071 8078 8077 
usemtl PATCH_4
f 8077 8078 8085 8084 
usemtl PATCH_4
f 8084 8085 8092 8091 
usemtl PATCH_4
f 8091 8092 8099 8098 
usemtl PATCH_4
f 8098 8099 8106 8105 
usemtl PATCH_4
f 8105 8106 8113 8112 
usemtl PATCH_4
f 8112 8113 8120 8119 
usemtl PATCH_4
f 8119 8120 8127 8126 
usemtl PATCH_4
f 8126 8127 8134 8133 
usemtl PATCH_4
f 8133 8134 8141 8140 
usemtl PATCH_4
f 8140 8141 8148 8147 
usemtl PATCH_4
f 8147 8148 8155 8154 
usemtl PATCH_4
f 8154 8155 8162 8161 
usemtl PATCH_4
f 8161 8162 8169 8168 
usemtl PATCH_4
f 8168 8169 8176 8175 
usemtl PATCH_4
f 8175 8176 8183 8182 
usemtl PATCH_4
f 8182 8183 8190 8189 
usemtl PATCH_4
f 8189 8190 8197 8196 
usemtl PATCH_4
f 8196 8197 8204 8203 
usemtl PATCH_4
f 8203 8204 1349 1350 
usemtl PATCH_4
f 1108 1107 8058 8057 
usemtl PATCH_4
f 8057 8058 8065 8064 
usemtl PATCH_4
f 8064 8065 8072 8071 
usemtl PATCH_4
f 8071 8072 8079 8078 
usemtl PATCH_4
f 8078 8079 8086 8085 
usemtl PATCH_4
f 8085 8086 8093 8092 
usemtl PATCH_4
f 8092 8093 8100 8099 
usemtl PATCH_4
f 8099 8100 8107 8106 
usemtl PATCH_4
f 8106 8107 8114 8113 
usemtl PATCH_4
f 8113 8114 8121 8120 
usemtl PATCH_4
f 8120 8121 8128 8127 
usemtl PATCH_4
f 8127 8128 8135 8134 
usemtl PATCH_4
f 8134 8135 8142 8141 
usemtl PATCH_4
f 8141 8142 8149 8148 
usemtl PATCH_4
f 8148 8149 8156 8155 
usemtl PATCH_4
f 8155 8156 8163 8162 
usemtl PATCH_4
f 8162 8163 8170 8169 
usemtl PATCH_4
f 8169 8170 8177 8176 
usemtl PATCH_4
f 8176 8177 8184 8183 
usemtl PATCH_4
f 8183 8184 8191 8190 
usemtl PATCH_4
f 8190 8191 8198 8197 
usemtl PATCH_4
f 8197 8198 8205 8204 
usemtl PATCH_4
f 8204 8205 1348 1349 
usemtl PATCH_4
f 1107 47 1326 8058 
usemtl PATCH_4
f 8058 1326 1327 8065 
usemtl PATCH_4
f 8065 1327 1328 8072 
usemtl PATCH_4
f 8072 1328 1329 8079 
usemtl PATCH_4
f 8079 1329 1330 8086 
usemtl PATCH_4
f 8086 1330 1331 8093 
usemtl PATCH_4
f 8093 1331 1332 8100 
usemtl PATCH_4
f 8100 1332 1333 8107 
usemtl PATCH_4
f 8107 1333 1334 8114 
usemtl PATCH_4
f 8114 1334 1335 8121 
usemtl PATCH_4
f 8121 1335 1336 8128 
usemtl PATCH_4
f 8128 1336 1337 8135 
usemtl PATCH_4
f 8135 1337 1338 8142 
usemtl PATCH_4
f 8142 1338 1339 8149 
usemtl PATCH_4
f 8149 1339 1340 8156 
usemtl PATCH_4
f 8156 1340 1341 8163 
usemtl PATCH_4
f 8163 1341 1342 8170 
usemtl PATCH_4
f 8170 1342 1343 8177 
usemtl PATCH_4
f 8177 1343 1344 8184 
usemtl PATCH_4
f 8184 1344 1345 8191 
usemtl PATCH_4
f 8191 1345 1346 8198 
usemtl PATCH_4
f 8198 1346 1347 8205 
usemtl PATCH_4
f 8205 1347 55 1348 
usemtl PATCH_44
f 5 1355 8206 1101 
usemtl PATCH_44
f 1101 8206 8213 1102 
usemtl PATCH_44
f 1102 8213 8220 1103 
usemtl PATCH_44
f 1103 8220 8227 1104 
usemtl PATCH_44
f 1104 8227 8234 1105 
usemtl PATCH_44
f 1105 8234 8241 1106 
usemtl PATCH_44
f 1106 8241 1374 47 
usemtl PATCH_44
f 1355 1356 8207 8206 
usemtl PATCH_44
f 8206 8207 8214 8213 
usemtl PATCH_44
f 8213 8214 8221 8220 
usemtl PATCH_44
f 8220 8221 8228 8227 
usemtl PATCH_44
f 8227 8228 8235 8234 
usemtl PATCH_44
f 8234 8235 8242 8241 
usemtl PATCH_44
f 8241 8242 1373 1374 
usemtl PATCH_44
f 1356 1357 8208 8207 
usemtl PATCH_44
f 8207 8208 8215 8214 
usemtl PATCH_44
f 8214 8215 8222 8221 
usemtl PATCH_44
f 8221 8222 8229 8228 
usemtl PATCH_44
f 8228 8229 8236 8235 
usemtl PATCH_44
f 8235 8236 8243 8242 
usemtl PATCH_44
f 8242 8243 1372 1373 
usemtl PATCH_44
f 1357 1358 8209 8208 
usemtl PATCH_44
f 8208 8209 8216 8215 
usemtl PATCH_44
f 8215 8216 8223 8222 
usemtl PATCH_44
f 8222 8223 8230 8229 
usemtl PATCH_44
f 8229 8230 8237 8236 
usemtl PATCH_44
f 8236 8237 8244 8243 
usemtl PATCH_44
f 8243 8244 1371 1372 
usemtl PATCH_44
f 1358 1359 8210 8209 
usemtl PATCH_44
f 8209 8210 8217 8216 
usemtl PATCH_44
f 8216 8217 8224 8223 
usemtl PATCH_44
f 8223 8224 8231 8230 
usemtl PATCH_44
f 8230 8231 8238 8237 
usemtl PATCH_44
f 8237 8238 8245 8244 
usemtl PATCH_44
f 8244 8245 1370 1371 
usemtl PATCH_44
f 1359 1360 8211 8210 
usemtl PATCH_44
f 8210 8211 8218 8217 
usemtl PATCH_44
f 8217 8218 8225 8224 
usemtl PATCH_44
f 8224 8225 8232 8231 
usemtl PATCH_44
f 8231 8232 8239 8238 
usemtl PATCH_44
f 8238 8239 8246 8245 
usemtl PATCH_44
f 8245 8246 1369 1370 
usemtl PATCH_44
f 1360 1361 8212 8211 
usemtl PATCH_44
f 8211 8212 8219 8218 
usemtl PATCH_44
f 8218 8219 8226 8225 
usemtl PATCH_44
f 8225 8226 8233 8232 
usemtl PATCH_44
f 8232 8233 8240 8239 
usemtl PATCH_44
f 8239 8240 8247 8246 
usemtl PATCH_44
f 8246 8247 1368 1369 
usemtl PATCH_44
f 1361 8 1362 8212 
usemtl PATCH_44
f 8212 1362 1363 8219 
usemtl PATCH_44
f 8219 1363 1364 8226 
usemtl PATCH_44
f 8226 1364 1365 8233 
usemtl PATCH_44
f 8233 1365 1366 8240 
usemtl PATCH_44
f 8240 1366 1367 8247 
usemtl PATCH_44
f 8247 1367 56 1368 
usemtl PATCH_58
f 47 1374 8248 1326 
usemtl PATCH_58
f 1326 8248 8255 1327 
usemtl PATCH_58
f 1327 8255 8262 1328 
usemtl PATCH_58
f 1328 8262 8269 1329 
usemtl PATCH_58
f 1329 8269 8276 1330 
usemtl PATCH_58
f 1330 8276 8283 1331 
usemtl PATCH_58
f 1331 8283 8290 1332 
usemtl PATCH_58
f 1332 8290 8297 1333 
usemtl PATCH_58
f 1333 8297 8304 1334 
usemtl PATCH_58
f 1334 8304 8311 1335 
usemtl PATCH_58
f 1335 8311 8318 1336 
usemtl PATCH_58
f 1336 8318 8325 1337 
usemtl PATCH_58
f 1337 8325 8332 1338 
usemtl PATCH_58
f 1338 8332 8339 1339 
usemtl PATCH_58
f 1339 8339 8346 1340 
usemtl PATCH_58
f 1340 8346 8353 1341 
usemtl PATCH_58
f 1341 8353 8360 1342 
usemtl PATCH_58
f 1342 8360 8367 1343 
usemtl PATCH_58
f 1343 8367 8374 1344 
usemtl PATCH_58
f 1344 8374 8381 1345 
usemtl PATCH_58
f 1345 8381 8388 1346 
usemtl PATCH_58
f 1346 8388 8395 1347 
usemtl PATCH_58
f 1347 8395 1403 55 
usemtl PATCH_58
f 1374 1373 8249 8248 
usemtl PATCH_58
f 8248 8249 8256 8255 
usemtl PATCH_58
f 8255 8256 8263 8262 
usemtl PATCH_58
f 8262 8263 8270 8269 
usemtl PATCH_58
f 8269 8270 8277 8276 
usemtl PATCH_58
f 8276 8277 8284 8283 
usemtl PATCH_58
f 8283 8284 8291 8290 
usemtl PATCH_58
f 8290 8291 8298 8297 
usemtl PATCH_58
f 8297 8298 8305 8304 
usemtl PATCH_58
f 8304 8305 8312 8311 
usemtl PATCH_58
f 8311 8312 8319 8318 
usemtl PATCH_58
f 8318 8319 8326 8325 
usemtl PATCH_58
f 8325 8326 8333 8332 
usemtl PATCH_58
f 8332 8333 8340 8339 
usemtl PATCH_58
f 8339 8340 8347 8346 
usemtl PATCH_58
f 8346 8347 8354 8353 
usemtl PATCH_58
f 8353 8354 8361 8360 
usemtl PATCH_58
f 8360 8361 8368 8367 
usemtl PATCH_58
f 8367 8368 8375 8374 
usemtl PATCH_58
f 8374 8375 8382 8381 
usemtl PATCH_58
f 8381 8382 8389 8388 
usemtl PATCH_58
f 8388 8389 8396 8395 
usemtl PATCH_58
f 8395 8396 1402 1403 
usemtl PATCH_58
f 1373 1372 8250 8249 
usemtl PATCH_58
f 8249 8250 8257 8256 
usemtl PATCH_58
f 8256 8257 8264 8263 
usemtl PATCH_58
f 8263 8264 8271 8270 
usemtl PATCH_58
f 8270 8271 8278 8277 
usemtl PATCH_58
f 8277 8278 8285 8284 
usemtl PATCH_58
f 8284 8285 8292 8291 
usemtl PATCH_58
f 8291 8292 8299 8298 
usemtl PATCH_58
f 8298 8299 8306 8305 
usemtl PATCH_58
f 8305 8306 8313 8312 
usemtl PATCH_58
f 8312 8313 8320 8319 
usemtl PATCH_58
f 8319 8320 8327 8326 
usemtl PATCH_58
f 8326 8327 8334 8333 
usemtl PATCH_58
f 8333 8334 8341 8340 
usemtl PATCH_58
f 8340 8341 8348 8347 
usemtl PATCH_58
f 8347 8348 8355 8354 
usemtl PATCH_58
f 8354 8355 8362 8361 
usemtl PATCH_58
f 8361 8362 8369 8368 
usemtl PATCH_58
f 8368 8369 8376 8375 
usemtl PATCH_58
f 8375 8376 8383 8382 
usemtl PATCH_58
f 8382 8383 8390 8389 
usemtl PATCH_58
f 8389 8390 8397 8396 
usemtl PATCH_58
f 8396 8397 1401 1402 
usemtl PATCH_58
f 1372 1371 8251 8250 
usemtl PATCH_58
f 8250 8251 8258 8257 
usemtl PATCH_58
f 8257 8258 8265 8264 
usemtl PATCH_58
f 8264 8265 8272 8271 
usemtl PATCH_58
f 8271 8272 8279 8278 
usemtl PATCH_58
f 8278 8279 8286 8285 
usemtl PATCH_58
f 8285 8286 8293 8292 
usemtl PATCH_58
f 8292 8293 8300 8299 
usemtl PATCH_58
f 8299 8300 8307 8306 
usemtl PATCH_58
f 8306 8307 8314 8313 
usemtl PATCH_58
f 8313 8314 8321 8320 
usemtl PATCH_58
f 8320 8321 8328 8327 
usemtl PATCH_58
f 8327 8328 8335 8334 
usemtl PATCH_58
f 8334 8335 8342 8341 
usemtl PATCH_58
f 8341 8342 8349 8348 
usemtl PATCH_58
f 8348 8349 8356 8355 
usemtl PATCH_58
f 8355 8356 8363 8362 
usemtl PATCH_58
f 8362 8363 8370 8369 
usemtl PATCH_58
f 8369 8370 8377 8376 
usemtl PATCH_58
f 8376 8377 8384 8383 
usemtl PATCH_58
f 8383 8384 8391 8390 
usemtl PATCH_58
f 8390 8391 8398 8397 
usemtl PATCH_58
f 8397 8398 1400 1401 
usemtl PATCH_58
f 1371 1370 8252 8251 
usemtl PATCH_58
f 8251 8252 8259 8258 
usemtl PATCH_58
f 8258 8259 8266 8265 
usemtl PATCH_58
f 8265 8266 8273 8272 
usemtl PATCH_58
f 8272 8273 8280 8279 
usemtl PATCH_58
f 8279 8280 8287 8286 
usemtl PATCH_58
f 8286 8287 8294 8293 
usemtl PATCH_58
f 8293 8294 8301 8300 
usemtl PATCH_58
f 8300 8301 8308 8307 
usemtl PATCH_58
f 8307 8308 8315 8314 
usemtl PATCH_58
f 8314 8315 8322 8321 
usemtl PATCH_58
f 8321 8322 8329 8328 
usemtl PATCH_58
f 8328 8329 8336 8335 
usemtl PATCH_58
f 8335 8336 8343 8342 
usemtl PATCH_58
f 8342 8343 8350 8349 
usemtl PATCH_58
f 8349 8350 8357 8356 
usemtl PATCH_58
f 8356 8357 8364 8363 
usemtl PATCH_58
f 8363 8364 8371 8370 
usemtl PATCH_58
f 8370 8371 8378 8377 
usemtl PATCH_58
f 8377 8378 8385 8384 
usemtl PATCH_58
f 8384 8385 8392 8391 
usemtl PATCH_58
f 8391 8392 8399 8398 
usemtl PATCH_58
f 8398 8399 1399 1400 
usemtl PATCH_58
f 1370 1369 8253 8252 
usemtl PATCH_58
f 8252 8253 8260 8259 
usemtl PATCH_58
f 8259 8260 8267 8266 
usemtl PATCH_58
f 8266 8267 8274 8273 
usemtl PATCH_58
f 8273 8274 8281 8280 
usemtl PATCH_58
f 8280 8281 8288 8287 
usemtl PATCH_58
f 8287 8288 8295 8294 
usemtl PATCH_58
f 8294 8295 8302 8301 
usemtl PATCH_58
f 8301 8302 8309 8308 
usemtl PATCH_58
f 8308 8309 8316 8315 
usemtl PATCH_58
f 8315 8316 8323 8322 
usemtl PATCH_58
f 8322 8323 8330 8329 
usemtl PATCH_58
f 8329 8330 8337 8336 
usemtl PATCH_58
f 8336 8337 8344 8343 
usemtl PATCH_58
f 8343 8344 8351 8350 
usemtl PATCH_58
f 8350 8351 8358 8357 
usemtl PATCH_58
f 8357 8358 8365 8364 
usemtl PATCH_58
f 8364 8365 8372 8371 
usemtl PATCH_58
f 8371 8372 8379 8378 
usemtl PATCH_58
f 8378 8379 8386 8385 
usemtl PATCH_58
f 8385 8386 8393 8392 
usemtl PATCH_58
f 8392 8393 8400 8399 
usemtl PATCH_58
f 8399 8400 1398 1399 
usemtl PATCH_58
f 1369 1368 8254 8253 
usemtl PATCH_58
f 8253 8254 8261 8260 
usemtl PATCH_58
f 8260 8261 8268 8267 
usemtl PATCH_58
f 8267 8268 8275 8274 
usemtl PATCH_58
f 8274 8275 8282 8281 
usemtl PATCH_58
f 8281 8282 8289 8288 
usemtl PATCH_58
f 8288 8289 8296 8295 
usemtl PATCH_58
f 8295 8296 8303 8302 
usemtl PATCH_58
f 8302 8303 8310 8309 
usemtl PATCH_58
f 8309 8310 8317 8316 
usemtl PATCH_58
f 8316 8317 8324 8323 
usemtl PATCH_58
f 8323 8324 8331 8330 
usemtl PATCH_58
f 8330 8331 8338 8337 
usemtl PATCH_58
f 8337 8338 8345 8344 
usemtl PATCH_58
f 8344 8345 8352 8351 
usemtl PATCH_58
f 8351 8352 8359 8358 
usemtl PATCH_58
f 8358 8359 8366 8365 
usemtl PATCH_58
f 8365 8366 8373 8372 
usemtl PATCH_58
f 8372 8373 8380 8379 
usemtl PATCH_58
f 8379 8380 8387 8386 
usemtl PATCH_58
f 8386 8387 8394 8393 
usemtl PATCH_58
f 8393 8394 8401 8400 
usemtl PATCH_58
f 8400 8401 1397 1398 
usemtl PATCH_58
f 1368 56 1375 8254 
usemtl PATCH_58
f 8254 1375 1376 8261 
usemtl PATCH_58
f 8261 1376 1377 8268 
usemtl PATCH_58
f 8268 1377 1378 8275 
usemtl PATCH_58
f 8275 1378 1379 8282 
usemtl PATCH_58
f 8282 1379 1380 8289 
usemtl PATCH_58
f 8289 1380 1381 8296 
usemtl PATCH_58
f 8296 1381 1382 8303 
usemtl PATCH_58
f 8303 1382 1383 8310 
usemtl PATCH_58
f 8310 1383 1384 8317 
usemtl PATCH_58
f 8317 1384 1385 8324 
usemtl PATCH_58
f 8324 1385 1386 8331 
usemtl PATCH_58
f 8331 1386 1387 8338 
usemtl PATCH_58
f 8338 1387 1388 8345 
usemtl PATCH_58
f 8345 1388 1389 8352 
usemtl PATCH_58
f 8352 1389 1390 8359 
usemtl PATCH_58
f 8359 1390 1391 8366 
usemtl PATCH_58
f 8366 1391 1392 8373 
usemtl PATCH_58
f 8373 1392 1393 8380 
usemtl PATCH_58
f 8380 1393 1394 8387 
usemtl PATCH_58
f 8387 1394 1395 8394 
usemtl PATCH_58
f 8394 1395 1396 8401 
usemtl PATCH_58
f 8401 1396 57 1397 
usemtl PATCH_51
f 26 1093 8402 539 
usemtl PATCH_51
f 539 8402 8408 540 
usemtl PATCH_51
f 540 8408 8414 541 
usemtl PATCH_51
f 541 8414 8420 542 
usemtl PATCH_51
f 542 8420 8426 543 
usemtl PATCH_51
f 543 8426 8432 544 
usemtl PATCH_51
f 544 8432 8438 545 
usemtl PATCH_51
f 545 8438 1416 25 
usemtl PATCH_51
f 1093 1092 8403 8402 
usemtl PATCH_51
f 8402 8403 8409 8408 
usemtl PATCH_51
f 8408 8409 8415 8414 
usemtl PATCH_51
f 8414 8415 8421 8420 
usemtl PATCH_51
f 8420 8421 8427 8426 
usemtl PATCH_51
f 8426 8427 8433 8432 
usemtl PATCH_51
f 8432 8433 8439 8438 
usemtl PATCH_51
f 8438 8439 1415 1416 
usemtl PATCH_51
f 1092 1091 8404 8403 
usemtl PATCH_51
f 8403 8404 8410 8409 
usemtl PATCH_51
f 8409 8410 8416 8415 
usemtl PATCH_51
f 8415 8416 8422 8421 
usemtl PATCH_51
f 8421 8422 8428 8427 
usemtl PATCH_51
f 8427 8428 8434 8433 
usemtl PATCH_51
f 8433 8434 8440 8439 
usemtl PATCH_51
f 8439 8440 1414 1415 
usemtl PATCH_51
f 1091 1090 8405 8404 
usemtl PATCH_51
f 8404 8405 8411 8410 
usemtl PATCH_51
f 8410 8411 8417 8416 
usemtl PATCH_51
f 8416 8417 8423 8422 
usemtl PATCH_51
f 8422 8423 8429 8428 
usemtl PATCH_51
f 8428 8429 8435 8434 
usemtl PATCH_51
f 8434 8435 8441 8440 
usemtl PATCH_51
f 8440 8441 1413 1414 
usemtl PATCH_51
f 1090 1089 8406 8405 
usemtl PATCH_51
f 8405 8406 8412 8411 
usemtl PATCH_51
f 8411 8412 8418 8417 
usemtl PATCH_51
f 8417 8418 8424 8423 
usemtl PATCH_51
f 8423 8424 8430 8429 
usemtl PATCH_51
f 8429 8430 8436 8435 
usemtl PATCH_51
f 8435 8436 8442 8441 
usemtl PATCH_51
f 8441 8442 1412 1413 
usemtl PATCH_51
f 1089 1088 8407 8406 
usemtl PATCH_51
f 8406 8407 8413 8412 
usemtl PATCH_51
f 8412 8413 8419 8418 
usemtl PATCH_51
f 8418 8419 8425 8424 
usemtl PATCH_51
f 8424 8425 8431 8430 
usemtl PATCH_51
f 8430 8431 8437 8436 
usemtl PATCH_51
f 8436 8437 8443 8442 
usemtl PATCH_51
f 8442 8443 1411 1412 
usemtl PATCH_51
f 1088 46 1404 8407 
usemtl PATCH_51
f 8407 1404 1405 8413 
usemtl PATCH_51
f 8413 1405 1406 8419 
usemtl PATCH_51
f 8419 1406 1407 8425 
usemtl PATCH_51
f 8425 1407 1408 8431 
usemtl PATCH_51
f 8431 1408 1409 8437 
usemtl PATCH_51
f 8437 1409 1410 8443 
usemtl PATCH_51
f 8443 1410 58 1411 
usemtl PATCH_19
f 46 1417 8444 1404 
usemtl PATCH_19
f 1404 8444 8466 1405 
usemtl PATCH_19
f 1405 8466 8488 1406 
usemtl PATCH_19
f 1406 8488 8510 1407 
usemtl PATCH_19
f 1407 8510 8532 1408 
usemtl PATCH_19
f 1408 8532 8554 1409 
usemtl PATCH_19
f 1409 8554 8576 1410 
usemtl PATCH_19
f 1410 8576 1467 58 
usemtl PATCH_19
f 1417 1418 8445 8444 
usemtl PATCH_19
f 8444 8445 8467 8466 
usemtl PATCH_19
f 8466 8467 8489 8488 
usemtl PATCH_19
f 8488 8489 8511 8510 
usemtl PATCH_19
f 8510 8511 8533 8532 
usemtl PATCH_19
f 8532 8533 8555 8554 
usemtl PATCH_19
f 8554 8555 8577 8576 
usemtl PATCH_19
f 8576 8577 1466 1467 
usemtl PATCH_19
f 1418 1419 8446 8445 
usemtl PATCH_19
f 8445 8446 8468 8467 
usemtl PATCH_19
f 8467 8468 8490 8489 
usemtl PATCH_19
f 8489 8490 8512 8511 
usemtl PATCH_19
f 8511 8512 8534 8533 
usemtl PATCH_19
f 8533 8534 8556 8555 
usemtl PATCH_19
f 8555 8556 8578 8577 
usemtl PATCH_19
f 8577 8578 1465 1466 
usemtl PATCH_19
f 1419 1420 8447 8446 
usemtl PATCH_19
f 8446 8447 8469 8468 
usemtl PATCH_19
f 8468 8469 8491 8490 
usemtl PATCH_19
f 8490 8491 8513 8512 
usemtl PATCH_19
f 8512 8513 8535 8534 
usemtl PATCH_19
f 8534 8535 8557 8556 
usemtl PATCH_19
f 8556 8557 8579 8578 
usemtl PATCH_19
f 8578 8579 1464 1465 
usemtl PATCH_19
f 1420 1421 8448 8447 
usemtl PATCH_19
f 8447 8448 8470 8469 
usemtl PATCH_19
f 8469 8470 8492 8491 
usemtl PATCH_19
f 8491 8492 8514 8513 
usemtl PATCH_19
f 8513 8514 8536 8535 
usemtl PATCH_19
f 8535 8536 8558 8557 
usemtl PATCH_19
f 8557 8558 8580 8579 
usemtl PATCH_19
f 8579 8580 1463 1464 
usemtl PATCH_19
f 1421 1422 8449 8448 
usemtl PATCH_19
f 8448 8449 8471 8470 
usemtl PATCH_19
f 8470 8471 8493 8492 
usemtl PATCH_19
f 8492 8493 8515 8514 
usemtl PATCH_19
f 8514 8515 8537 8536 
usemtl PATCH_19
f 8536 8537 8559 8558 
usemtl PATCH_19
f 8558 8559 8581 8580 
usemtl PATCH_19
f 8580 8581 1462 1463 
usemtl PATCH_19
f 1422 1423 8450 8449 
usemtl PATCH_19
f 8449 8450 8472 8471 
usemtl PATCH_19
f 8471 8472 8494 8493 
usemtl PATCH_19
f 8493 8494 8516 8515 
usemtl PATCH_19
f 8515 8516 8538 8537 
usemtl PATCH_19
f 8537 8538 8560 8559 
usemtl PATCH_19
f 8559 8560 8582 8581 
usemtl PATCH_19
f 8581 8582 1461 1462 
usemtl PATCH_19
f 1423 1424 8451 8450 
usemtl PATCH_19
f 8450 8451 8473 8472 
usemtl PATCH_19
f 8472 8473 8495 8494 
usemtl PATCH_19
f 8494 8495 8517 8516 
usemtl PATCH_19
f 8516 8517 8539 8538 
usemtl PATCH_19
f 8538 8539 8561 8560 
usemtl PATCH_19
f 8560 8561 8583 8582 
usemtl PATCH_19
f 8582 8583 1460 1461 
usemtl PATCH_19
f 1424 1425 8452 8451 
usemtl PATCH_19
f 8451 8452 8474 8473 
usemtl PATCH_19
f 8473 8474 8496 8495 
usemtl PATCH_19
f 8495 8496 8518 8517 
usemtl PATCH_19
f 8517 8518 8540 8539 
usemtl PATCH_19
f 8539 8540 8562 8561 
usemtl PATCH_19
f 8561 8562 8584 8583 
usemtl PATCH_19
f 8583 8584 1459 1460 
usemtl PATCH_19
f 1425 1426 8453 8452 
usemtl PATCH_19
f 8452 8453 8475 8474 
usemtl PATCH_19
f 8474 8475 8497 8496 
usemtl PATCH_19
f 8496 8497 8519 8518 
usemtl PATCH_19
f 8518 8519 8541 8540 
usemtl PATCH_19
f 8540 8541 8563 8562 
usemtl PATCH_19
f 8562 8563 8585 8584 
usemtl PATCH_19
f 8584 8585 1458 1459 
usemtl PATCH_19
f 1426 1427 8454 8453 
usemtl PATCH_19
f 8453 8454 8476 8475 
usemtl PATCH_19
f 8475 8476 8498 8497 
usemtl PATCH_19
f 8497 8498 8520 8519 
usemtl PATCH_19
f 8519 8520 8542 8541 
usemtl PATCH_19
f 8541 8542 8564 8563 
usemtl PATCH_19
f 8563 8564 8586 8585 
usemtl PATCH_19
f 8585 8586 1457 1458 
usemtl PATCH_19
f 1427 1428 8455 8454 
usemtl PATCH_19
f 8454 8455 8477 8476 
usemtl PATCH_19
f 8476 8477 8499 8498 
usemtl PATCH_19
f 8498 8499 8521 8520 
usemtl PATCH_19
f 8520 8521 8543 8542 
usemtl PATCH_19
f 8542 8543 8565 8564 
usemtl PATCH_19
f 8564 8565 8587 8586 
usemtl PATCH_19
f 8586 8587 1456 1457 
usemtl PATCH_19
f 1428 1429 8456 8455 
usemtl PATCH_19
f 8455 8456 8478 8477 
usemtl PATCH_19
f 8477 8478 8500 8499 
usemtl PATCH_19
f 8499 8500 8522 8521 
usemtl PATCH_19
f 8521 8522 8544 8543 
usemtl PATCH_19
f 8543 8544 8566 8565 
usemtl PATCH_19
f 8565 8566 8588 8587 
usemtl PATCH_19
f 8587 8588 1455 1456 
usemtl PATCH_19
f 1429 1430 8457 8456 
usemtl PATCH_19
f 8456 8457 8479 8478 
usemtl PATCH_19
f 8478 8479 8501 8500 
usemtl PATCH_19
f 8500 8501 8523 8522 
usemtl PATCH_19
f 8522 8523 8545 8544 
usemtl PATCH_19
f 8544 8545 8567 8566 
usemtl PATCH_19
f 8566 8567 8589 8588 
usemtl PATCH_19
f 8588 8589 1454 1455 
usemtl PATCH_19
f 1430 1431 8458 8457 
usemtl PATCH_19
f 8457 8458 8480 8479 
usemtl PATCH_19
f 8479 8480 8502 8501 
usemtl PATCH_19
f 8501 8502 8524 8523 
usemtl PATCH_19
f 8523 8524 8546 8545 
usemtl PATCH_19
f 8545 8546 8568 8567 
usemtl PATCH_19
f 8567 8568 8590 8589 
usemtl PATCH_19
f 8589 8590 1453 1454 
usemtl PATCH_19
f 1431 1432 8459 8458 
usemtl PATCH_19
f 8458 8459 8481 8480 
usemtl PATCH_19
f 8480 8481 8503 8502 
usemtl PATCH_19
f 8502 8503 8525 8524 
usemtl PATCH_19
f 8524 8525 8547 8546 
usemtl PATCH_19
f 8546 8547 8569 8568 
usemtl PATCH_19
f 8568 8569 8591 8590 
usemtl PATCH_19
f 8590 8591 1452 1453 
usemtl PATCH_19
f 1432 1433 8460 8459 
usemtl PATCH_19
f 8459 8460 8482 8481 
usemtl PATCH_19
f 8481 8482 8504 8503 
usemtl PATCH_19
f 8503 8504 8526 8525 
usemtl PATCH_19
f 8525 8526 8548 8547 
usemtl PATCH_19
f 8547 8548 8570 8569 
usemtl PATCH_19
f 8569 8570 8592 8591 
usemtl PATCH_19
f 8591 8592 1451 1452 
usemtl PATCH_19
f 1433 1434 8461 8460 
usemtl PATCH_19
f 8460 8461 8483 8482 
usemtl PATCH_19
f 8482 8483 8505 8504 
usemtl PATCH_19
f 8504 8505 8527 8526 
usemtl PATCH_19
f 8526 8527 8549 8548 
usemtl PATCH_19
f 8548 8549 8571 8570 
usemtl PATCH_19
f 8570 8571 8593 8592 
usemtl PATCH_19
f 8592 8593 1450 1451 
usemtl PATCH_19
f 1434 1435 8462 8461 
usemtl PATCH_19
f 8461 8462 8484 8483 
usemtl PATCH_19
f 8483 8484 8506 8505 
usemtl PATCH_19
f 8505 8506 8528 8527 
usemtl PATCH_19
f 8527 8528 8550 8549 
usemtl PATCH_19
f 8549 8550 8572 8571 
usemtl PATCH_19
f 8571 8572 8594 8593 
usemtl PATCH_19
f 8593 8594 1449 1450 
usemtl PATCH_19
f 1435 1436 8463 8462 
usemtl PATCH_19
f 8462 8463 8485 8484 
usemtl PATCH_19
f 8484 8485 8507 8506 
usemtl PATCH_19
f 8506 8507 8529 8528 
usemtl PATCH_19
f 8528 8529 8551 8550 
usemtl PATCH_19
f 8550 8551 8573 8572 
usemtl PATCH_19
f 8572 8573 8595 8594 
usemtl PATCH_19
f 8594 8595 1448 1449 
usemtl PATCH_19
f 1436 1437 8464 8463 
usemtl PATCH_19
f 8463 8464 8486 8485 
usemtl PATCH_19
f 8485 8486 8508 8507 
usemtl PATCH_19
f 8507 8508 8530 8529 
usemtl PATCH_19
f 8529 8530 8552 8551 
usemtl PATCH_19
f 8551 8552 8574 8573 
usemtl PATCH_19
f 8573 8574 8596 8595 
usemtl PATCH_19
f 8595 8596 1447 1448 
usemtl PATCH_19
f 1437 1438 8465 8464 
usemtl PATCH_19
f 8464 8465 8487 8486 
usemtl PATCH_19
f 8486 8487 8509 8508 
usemtl PATCH_19
f 8508 8509 8531 8530 
usemtl PATCH_19
f 8530 8531 8553 8552 
usemtl PATCH_19
f 8552 8553 8575 8574 
usemtl PATCH_19
f 8574 8575 8597 8596 
usemtl PATCH_19
f 8596 8597 1446 1447 
usemtl PATCH_19
f 1438 59 1439 8465 
usemtl PATCH_19
f 8465 1439 1440 8487 
usemtl PATCH_19
f 8487 1440 1441 8509 
usemtl PATCH_19
f 8509 1441 1442 8531 
usemtl PATCH_19
f 8531 1442 1443 8553 
usemtl PATCH_19
f 8553 1443 1444 8575 
usemtl PATCH_19
f 8575 1444 1445 8597 
usemtl PATCH_19
f 8597 1445 60 1446 
usemtl PATCH_11
f 46 1057 8598 1417 
usemtl PATCH_11
f 1417 8598 8605 1418 
usemtl PATCH_11
f 1418 8605 8612 1419 
usemtl PATCH_11
f 1419 8612 8619 1420 
usemtl PATCH_11
f 1420 8619 8626 1421 
usemtl PATCH_11
f 1421 8626 8633 1422 
usemtl PATCH_11
f 1422 8633 8640 1423 
usemtl PATCH_11
f 1423 8640 8647 1424 
usemtl PATCH_11
f 1424 8647 8654 1425 
usemtl PATCH_11
f 1425 8654 8661 1426 
usemtl PATCH_11
f 1426 8661 8668 1427 
usemtl PATCH_11
f 1427 8668 8675 1428 
usemtl PATCH_11
f 1428 8675 8682 1429 
usemtl PATCH_11
f 1429 8682 8689 1430 
usemtl PATCH_11
f 1430 8689 8696 1431 
usemtl PATCH_11
f 1431 8696 8703 1432 
usemtl PATCH_11
f 1432 8703 8710 1433 
usemtl PATCH_11
f 1433 8710 8717 1434 
usemtl PATCH_11
f 1434 8717 8724 1435 
usemtl PATCH_11
f 1435 8724 8731 1436 
usemtl PATCH_11
f 1436 8731 8738 1437 
usemtl PATCH_11
f 1437 8738 8745 1438 
usemtl PATCH_11
f 1438 8745 1474 59 
usemtl PATCH_11
f 1057 1056 8599 8598 
usemtl PATCH_11
f 8598 8599 8606 8605 
usemtl PATCH_11
f 8605 8606 8613 8612 
usemtl PATCH_11
f 8612 8613 8620 8619 
usemtl PATCH_11
f 8619 8620 8627 8626 
usemtl PATCH_11
f 8626 8627 8634 8633 
usemtl PATCH_11
f 8633 8634 8641 8640 
usemtl PATCH_11
f 8640 8641 8648 8647 
usemtl PATCH_11
f 8647 8648 8655 8654 
usemtl PATCH_11
f 8654 8655 8662 8661 
usemtl PATCH_11
f 8661 8662 8669 8668 
usemtl PATCH_11
f 8668 8669 8676 8675 
usemtl PATCH_11
f 8675 8676 8683 8682 
usemtl PATCH_11
f 8682 8683 8690 8689 
usemtl PATCH_11
f 8689 8690 8697 8696 
usemtl PATCH_11
f 8696 8697 8704 8703 
usemtl PATCH_11
f 8703 8704 8711 8710 
usemtl PATCH_11
f 8710 8711 8718 8717 
usemtl PATCH_11
f 8717 8718 8725 8724 
usemtl PATCH_11
f 8724 8725 8732 8731 
usemtl PATCH_11
f 8731 8732 8739 8738 
usemtl PATCH_11
f 8738 8739 8746 8745 
usemtl PATCH_11
f 8745 8746 1473 1474 
usemtl PATCH_11
f 1056 1055 8600 8599 
usemtl PATCH_11
f 8599 8600 8607 8606 
usemtl PATCH_11
f 8606 8607 8614 8613 
usemtl PATCH_11
f 8613 8614 8621 8620 
usemtl PATCH_11
f 8620 8621 8628 8627 
usemtl PATCH_11
f 8627 8628 8635 8634 
usemtl PATCH_11
f 8634 8635 8642 8641 
usemtl PATCH_11
f 8641 8642 8649 8648 
usemtl PATCH_11
f 8648 8649 8656 8655 
usemtl PATCH_11
f 8655 8656 8663 8662 
usemtl PATCH_11
f 8662 8663 8670 8669 
usemtl PATCH_11
f 8669 8670 8677 8676 
usemtl PATCH_11
f 8676 8677 8684 8683 
usemtl PATCH_11
f 8683 8684 8691 8690 
usemtl PATCH_11
f 8690 8691 8698 8697 
usemtl PATCH_11
f 8697 8698 8705 8704 
usemtl PATCH_11
f 8704 8705 8712 8711 
usemtl PATCH_11
f 8711 8712 8719 8718 
usemtl PATCH_11
f 8718 8719 8726 8725 
usemtl PATCH_11
f 8725 8726 8733 8732 
usemtl PATCH_11
f 8732 8733 8740 8739 
usemtl PATCH_11
f 8739 8740 8747 8746 
usemtl PATCH_11
f 8746 8747 1472 1473 
usemtl PATCH_11
f 1055 1054 8601 8600 
usemtl PATCH_11
f 8600 8601 8608 8607 
usemtl PATCH_11
f 8607 8608 8615 8614 
usemtl PATCH_11
f 8614 8615 8622 8621 
usemtl PATCH_11
f 8621 8622 8629 8628 
usemtl PATCH_11
f 8628 8629 8636 8635 
usemtl PATCH_11
f 8635 8636 8643 8642 
usemtl PATCH_11
f 8642 8643 8650 8649 
usemtl PATCH_11
f 8649 8650 8657 8656 
usemtl PATCH_11
f 8656 8657 8664 8663 
usemtl PATCH_11
f 8663 8664 8671 8670 
usemtl PATCH_11
f 8670 8671 8678 8677 
usemtl PATCH_11
f 8677 8678 8685 8684 
usemtl PATCH_11
f 8684 8685 8692 8691 
usemtl PATCH_11
f 8691 8692 8699 8698 
usemtl PATCH_11
f 8698 8699 8706 8705 
usemtl PATCH_11
f 8705 8706 8713 8712 
usemtl PATCH_11
f 8712 8713 8720 8719 
usemtl PATCH_11
f 8719 8720 8727 8726 
usemtl PATCH_11
f 8726 8727 8734 8733 
usemtl PATCH_11
f 8733 8734 8741 8740 
usemtl PATCH_11
f 8740 8741 8748 8747 
usemtl PATCH_11
f 8747 8748 1471 1472 
usemtl PATCH_11
f 1054 1053 8602 8601 
usemtl PATCH_11
f 8601 8602 8609 8608 
usemtl PATCH_11
f 8608 8609 8616 8615 
usemtl PATCH_11
f 8615 8616 8623 8622 
usemtl PATCH_11
f 8622 8623 8630 8629 
usemtl PATCH_11
f 8629 8630 8637 8636 
usemtl PATCH_11
f 8636 8637 8644 8643 
usemtl PATCH_11
f 8643 8644 8651 8650 
usemtl PATCH_11
f 8650 8651 8658 8657 
usemtl PATCH_11
f 8657 8658 8665 8664 
usemtl PATCH_11
f 8664 8665 8672 8671 
usemtl PATCH_11
f 8671 8672 8679 8678 
usemtl PATCH_11
f 8678 8679 8686 8685 
usemtl PATCH_11
f 8685 8686 8693 8692 
usemtl PATCH_11
f 8692 8693 8700 8699 
usemtl PATCH_11
f 8699 8700 8707 8706 
usemtl PATCH_11
f 8706 8707 8714 8713 
usemtl PATCH_11
f 8713 8714 8721 8720 
usemtl PATCH_11
f 8720 8721 8728 8727 
usemtl PATCH_11
f 8727 8728 8735 8734 
usemtl PATCH_11
f 8734 8735 8742 8741 
usemtl PATCH_11
f 8741 8742 8749 8748 
usemtl PATCH_11
f 8748 8749 1470 1471 
usemtl PATCH_11
f 1053 1052 8603 8602 
usemtl PATCH_11
f 8602 8603 8610 8609 
usemtl PATCH_11
f 8609 8610 8617 8616 
usemtl PATCH_11
f 8616 8617 8624 8623 
usemtl PATCH_11
f 8623 8624 8631 8630 
usemtl PATCH_11
f 8630 8631 8638 8637 
usemtl PATCH_11
f 8637 8638 8645 8644 
usemtl PATCH_11
f 8644 8645 8652 8651 
usemtl PATCH_11
f 8651 8652 8659 8658 
usemtl PATCH_11
f 8658 8659 8666 8665 
usemtl PATCH_11
f 8665 8666 8673 8672 
usemtl PATCH_11
f 8672 8673 8680 8679 
usemtl PATCH_11
f 8679 8680 8687 8686 
usemtl PATCH_11
f 8686 8687 8694 8693 
usemtl PATCH_11
f 8693 8694 8701 8700 
usemtl PATCH_11
f 8700 8701 8708 8707 
usemtl PATCH_11
f 8707 8708 8715 8714 
usemtl PATCH_11
f 8714 8715 8722 8721 
usemtl PATCH_11
f 8721 8722 8729 8728 
usemtl PATCH_11
f 8728 8729 8736 8735 
usemtl PATCH_11
f 8735 8736 8743 8742 
usemtl PATCH_11
f 8742 8743 8750 8749 
usemtl PATCH_11
f 8749 8750 1469 1470 
usemtl PATCH_11
f 1052 1051 8604 8603 
usemtl PATCH_11
f 8603 8604 8611 8610 
usemtl PATCH_11
f 8610 8611 8618 8617 
usemtl PATCH_11
f 8617 8618 8625 8624 
usemtl PATCH_11
f 8624 8625 8632 8631 
usemtl PATCH_11
f 8631 8632 8639 8638 
usemtl PATCH_11
f 8638 8639 8646 8645 
usemtl PATCH_11
f 8645 8646 8653 8652 
usemtl PATCH_11
f 8652 8653 8660 8659 
usemtl PATCH_11
f 8659 8660 8667 8666 
usemtl PATCH_11
f 8666 8667 8674 8673 
usemtl PATCH_11
f 8673 8674 8681 8680 
usemtl PATCH_11
f 8680 8681 8688 8687 
usemtl PATCH_11
f 8687 8688 8695 8694 
usemtl PATCH_11
f 8694 8695 8702 8701 
usemtl PATCH_11
f 8701 8702 8709 8708 
usemtl PATCH_11
f 8708 8709 8716 8715 
usemtl PATCH_11
f 8715 8716 8723 8722 
usemtl PATCH_11
f 8722 8723 8730 8729 
usemtl PATCH_11
f 8729 8730 8737 8736 
usemtl PATCH_11
f 8736 8737 8744 8743 
usemtl PATCH_11
f 8743 8744 8751 8750 
usemtl PATCH_11
f 8750 8751 1468 1469 
usemtl PATCH_11
f 1051 42 1325 8604 
usemtl PATCH_11
f 8604 1325 1324 8611 
usemtl PATCH_11
f 8611 1324 1323 8618 
usemtl PATCH_11
f 8618 1323 1322 8625 
usemtl PATCH_11
f 8625 1322 1321 8632 
usemtl PATCH_11
f 8632 1321 1320 8639 
usemtl PATCH_11
f 8639 1320 1319 8646 
usemtl PATCH_11
f 8646 1319 1318 8653 
usemtl PATCH_11
f 8653 1318 1317 8660 
usemtl PATCH_11
f 8660 1317 1316 8667 
usemtl PATCH_11
f 8667 1316 1315 8674 
usemtl PATCH_11
f 8674 1315 1314 8681 
usemtl PATCH_11
f 8681 1314 1313 8688 
usemtl PATCH_11
f 8688 1313 1312 8695 
usemtl PATCH_11
f 8695 1312 1311 8702 
usemtl PATCH_11
f 8702 1311 1310 8709 
usemtl PATCH_11
f 8709 1310 1309 8716 
usemtl PATCH_11
f 8716 1309 1308 8723 
usemtl PATCH_11
f 8723 1308 1307 8730 
usemtl PATCH_11
f 8730 1307 1306 8737 
usemtl PATCH_11
f 8737 1306 1305 8744 
usemtl PATCH_11
f 8744 1305 1304 8751 
usemtl PATCH_11
f 8751 1304 54 1468 
usemtl PATCH_47
f 25 1416 8752 484 
usemtl PATCH_47
f 484 8752 8758 485 
usemtl PATCH_47
f 485 8758 8764 486 
usemtl PATCH_47
f 486 8764 8770 487 
usemtl PATCH_47
f 487 8770 8776 488 
usemtl PATCH_47
f 488 8776 8782 489 
usemtl PATCH_47
f 489 8782 8788 490 
usemtl PATCH_47
f 490 8788 1362 8 
usemtl PATCH_47
f 1416 1415 8753 8752 
usemtl PATCH_47
f 8752 8753 8759 8758 
usemtl PATCH_47
f 8758 8759 8765 8764 
usemtl PATCH_47
f 8764 8765 8771 8770 
usemtl PATCH_47
f 8770 8771 8777 8776 
usemtl PATCH_47
f 8776 8777 8783 8782 
usemtl PATCH_47
f 8782 8783 8789 8788 
usemtl PATCH_47
f 8788 8789 1363 1362 
usemtl PATCH_47
f 1415 1414 8754 8753 
usemtl PATCH_47
f 8753 8754 8760 8759 
usemtl PATCH_47
f 8759 8760 8766 8765 
usemtl PATCH_47
f 8765 8766 8772 8771 
usemtl PATCH_47
f 8771 8772 8778 8777 
usemtl PATCH_47
f 8777 8778 8784 8783 
usemtl PATCH_47
f 8783 8784 8790 8789 
usemtl PATCH_47
f 8789 8790 1364 1363 
usemtl PATCH_47
f 1414 1413 8755 8754 
usemtl PATCH_47
f 8754 8755 8761 8760 
usemtl PATCH_47
f 8760 8761 8767 8766 
usemtl PATCH_47
f 8766 8767 8773 8772 
usemtl PATCH_47
f 8772 8773 8779 8778 
usemtl PATCH_47
f 8778 8779 8785 8784 
usemtl PATCH_47
f 8784 8785 8791 8790 
usemtl PATCH_47
f 8790 8791 1365 1364 
usemtl PATCH_47
f 1413 1412 8756 8755 
usemtl PATCH_47
f 8755 8756 8762 8761 
usemtl PATCH_47
f 8761 8762 8768 8767 
usemtl PATCH_47
f 8767 8768 8774 8773 
usemtl PATCH_47
f 8773 8774 8780 8779 
usemtl PATCH_47
f 8779 8780 8786 8785 
usemtl PATCH_47
f 8785 8786 8792 8791 
usemtl PATCH_47
f 8791 8792 1366 1365 
usemtl PATCH_47
f 1412 1411 8757 8756 
usemtl PATCH_47
f 8756 8757 8763 8762 
usemtl PATCH_47
f 8762 8763 8769 8768 
usemtl PATCH_47
f 8768 8769 8775 8774 
usemtl PATCH_47
f 8774 8775 8781 8780 
usemtl PATCH_47
f 8780 8781 8787 8786 
usemtl PATCH_47
f 8786 8787 8793 8792 
usemtl PATCH_47
f 8792 8793 1367 1366 
usemtl PATCH_47
f 1411 58 1475 8757 
usemtl PATCH_47
f 8757 1475 1476 8763 
usemtl PATCH_47
f 8763 1476 1477 8769 
usemtl PATCH_47
f 8769 1477 1478 8775 
usemtl PATCH_47
f 8775 1478 1479 8781 
usemtl PATCH_47
f 8781 1479 1480 8787 
usemtl PATCH_47
f 8787 1480 1481 8793 
usemtl PATCH_47
f 8793 1481 56 1367 
usemtl PATCH_61
f 58 1467 8794 1475 
usemtl PATCH_61
f 1475 8794 8816 1476 
usemtl PATCH_61
f 1476 8816 8838 1477 
usemtl PATCH_61
f 1477 8838 8860 1478 
usemtl PATCH_61
f 1478 8860 8882 1479 
usemtl PATCH_61
f 1479 8882 8904 1480 
usemtl PATCH_61
f 1480 8904 8926 1481 
usemtl PATCH_61
f 1481 8926 1375 56 
usemtl PATCH_61
f 1467 1466 8795 8794 
usemtl PATCH_61
f 8794 8795 8817 8816 
usemtl PATCH_61
f 8816 8817 8839 8838 
usemtl PATCH_61
f 8838 8839 8861 8860 
usemtl PATCH_61
f 8860 8861 8883 8882 
usemtl PATCH_61
f 8882 8883 8905 8904 
usemtl PATCH_61
f 8904 8905 8927 8926 
usemtl PATCH_61
f 8926 8927 1376 1375 
usemtl PATCH_61
f 1466 1465 8796 8795 
usemtl PATCH_61
f 8795 8796 8818 8817 
usemtl PATCH_61
f 8817 8818 8840 8839 
usemtl PATCH_61
f 8839 8840 8862 8861 
usemtl PATCH_61
f 8861 8862 8884 8883 
usemtl PATCH_61
f 8883 8884 8906 8905 
usemtl PATCH_61
f 8905 8906 8928 8927 
usemtl PATCH_61
f 8927 8928 1377 1376 
usemtl PATCH_61
f 1465 1464 8797 8796 
usemtl PATCH_61
f 8796 8797 8819 8818 
usemtl PATCH_61
f 8818 8819 8841 8840 
usemtl PATCH_61
f 8840 8841 8863 8862 
usemtl PATCH_61
f 8862 8863 8885 8884 
usemtl PATCH_61
f 8884 8885 8907 8906 
usemtl PATCH_61
f 8906 8907 8929 8928 
usemtl PATCH_61
f 8928 8929 1378 1377 
usemtl PATCH_61
f 1464 1463 8798 8797 
usemtl PATCH_61
f 8797 8798 8820 8819 
usemtl PATCH_61
f 8819 8820 8842 8841 
usemtl PATCH_61
f 8841 8842 8864 8863 
usemtl PATCH_61
f 8863 8864 8886 8885 
usemtl PATCH_61
f 8885 8886 8908 8907 
usemtl PATCH_61
f 8907 8908 8930 8929 
usemtl PATCH_61
f 8929 8930 1379 1378 
usemtl PATCH_61
f 1463 1462 8799 8798 
usemtl PATCH_61
f 8798 8799 8821 8820 
usemtl PATCH_61
f 8820 8821 8843 8842 
usemtl PATCH_61
f 8842 8843 8865 8864 
usemtl PATCH_61
f 8864 8865 8887 8886 
usemtl PATCH_61
f 8886 8887 8909 8908 
usemtl PATCH_61
f 8908 8909 8931 8930 
usemtl PATCH_61
f 8930 8931 1380 1379 
usemtl PATCH_61
f 1462 1461 8800 8799 
usemtl PATCH_61
f 8799 8800 8822 8821 
usemtl PATCH_61
f 8821 8822 8844 8843 
usemtl PATCH_61
f 8843 8844 8866 8865 
usemtl PATCH_61
f 8865 8866 8888 8887 
usemtl PATCH_61
f 8887 8888 8910 8909 
usemtl PATCH_61
f 8909 8910 8932 8931 
usemtl PATCH_61
f 8931 8932 1381 1380 
usemtl PATCH_61
f 1461 1460 8801 8800 
usemtl PATCH_61
f 8800 8801 8823 8822 
usemtl PATCH_61
f 8822 8823 8845 8844 
usemtl PATCH_61
f 8844 8845 8867 8866 
usemtl PATCH_61
f 8866 8867 8889 8888 
usemtl PATCH_61
f 8888 8889 8911 8910 
usemtl PATCH_61
f 8910 8911 8933 8932 
usemtl PATCH_61
f 8932 8933 1382 1381 
usemtl PATCH_61
f 1460 1459 8802 8801 
usemtl PATCH_61
f 8801 8802 8824 8823 
usemtl PATCH_61
f 8823 8824 8846 8845 
usemtl PATCH_61
f 8845 8846 8868 8867 
usemtl PATCH_61
f 8867 8868 8890 8889 
usemtl PATCH_61
f 8889 8890 8912 8911 
usemtl PATCH_61
f 8911 8912 8934 8933 
usemtl PATCH_61
f 8933 8934 1383 1382 
usemtl PATCH_61
f 1459 1458 8803 8802 
usemtl PATCH_61
f 8802 8803 8825 8824 
usemtl PATCH_61
f 8824 8825 8847 8846 
usemtl PATCH_61
f 8846 8847 8869 8868 
usemtl PATCH_61
f 8868 8869 8891 8890 
usemtl PATCH_61
f 8890 8891 8913 8912 
usemtl PATCH_61
f 8912 8913 8935 8934 
usemtl PATCH_61
f 8934 8935 1384 1383 
usemtl PATCH_61
f 1458 1457 8804 8803 
usemtl PATCH_61
f 8803 8804 8826 8825 
usemtl PATCH_61
f 8825 8826 8848 8847 
usemtl PATCH_61
f 8847 8848 8870 8869 
usemtl PATCH_61
f 8869 8870 8892 8891 
usemtl PATCH_61
f 8891 8892 8914 8913 
usemtl PATCH_61
f 8913 8914 8936 8935 
usemtl PATCH_61
f 8935 8936 1385 1384 
usemtl PATCH_61
f 1457 1456 8805 8804 
usemtl PATCH_61
f 8804 8805 8827 8826 
usemtl PATCH_61
f 8826 8827 8849 8848 
usemtl PATCH_61
f 8848 8849 8871 8870 
usemtl PATCH_61
f 8870 8871 8893 8892 
usemtl PATCH_61
f 8892 8893 8915 8914 
usemtl PATCH_61
f 8914 8915 8937 8936 
usemtl PATCH_61
f 8936 8937 1386 1385 
usemtl PATCH_61
f 1456 1455 8806 8805 
usemtl PATCH_61
f 8805 8806 8828 8827 
usemtl PATCH_61
f 8827 8828 8850 8849 
usemtl PATCH_61
f 8849 8850 8872 8871 
usemtl PATCH_61
f 8871 8872 8894 8893 
usemtl PATCH_61
f 8893 8894 8916 8915 
usemtl PATCH_61
f 8915 8916 8938 8937 
usemtl PATCH_61
f 8937 8938 1387 1386 
usemtl PATCH_61
f 1455 1454 8807 8806 
usemtl PATCH_61
f 8806 8807 8829 8828 
usemtl PATCH_61
f 8828 8829 8851 8850 
usemtl PATCH_61
f 8850 8851 8873 8872 
usemtl PATCH_61
f 8872 8873 8895 8894 
usemtl PATCH_61
f 8894 8895 8917 8916 
usemtl PATCH_61
f 8916 8917 8939 8938 
usemtl PATCH_61
f 8938 8939 1388 1387 
usemtl PATCH_61
f 1454 1453 8808 8807 
usemtl PATCH_61
f 8807 8808 8830 8829 
usemtl PATCH_61
f 8829 8830 8852 8851 
usemtl PATCH_61
f 8851 8852 8874 8873 
usemtl PATCH_61
f 8873 8874 8896 8895 
usemtl PATCH_61
f 8895 8896 8918 8917 
usemtl PATCH_61
f 8917 8918 8940 8939 
usemtl PATCH_61
f 8939 8940 1389 1388 
usemtl PATCH_61
f 1453 1452 8809 8808 
usemtl PATCH_61
f 8808 8809 8831 8830 
usemtl PATCH_61
f 8830 8831 8853 8852 
usemtl PATCH_61
f 8852 8853 8875 8874 
usemtl PATCH_61
f 8874 8875 8897 8896 
usemtl PATCH_61
f 8896 8897 8919 8918 
usemtl PATCH_61
f 8918 8919 8941 8940 
usemtl PATCH_61
f 8940 8941 1390 1389 
usemtl PATCH_61
f 1452 1451 8810 8809 
usemtl PATCH_61
f 8809 8810 8832 8831 
usemtl PATCH_61
f 8831 8832 8854 8853 
usemtl PATCH_61
f 8853 8854 8876 8875 
usemtl PATCH_61
f 8875 8876 8898 8897 
usemtl PATCH_61
f 8897 8898 8920 8919 
usemtl PATCH_61
f 8919 8920 8942 8941 
usemtl PATCH_61
f 8941 8942 1391 1390 
usemtl PATCH_61
f 1451 1450 8811 8810 
usemtl PATCH_61
f 8810 8811 8833 8832 
usemtl PATCH_61
f 8832 8833 8855 8854 
usemtl PATCH_61
f 8854 8855 8877 8876 
usemtl PATCH_61
f 8876 8877 8899 8898 
usemtl PATCH_61
f 8898 8899 8921 8920 
usemtl PATCH_61
f 8920 8921 8943 8942 
usemtl PATCH_61
f 8942 8943 1392 1391 
usemtl PATCH_61
f 1450 1449 8812 8811 
usemtl PATCH_61
f 8811 8812 8834 8833 
usemtl PATCH_61
f 8833 8834 8856 8855 
usemtl PATCH_61
f 8855 8856 8878 8877 
usemtl PATCH_61
f 8877 8878 8900 8899 
usemtl PATCH_61
f 8899 8900 8922 8921 
usemtl PATCH_61
f 8921 8922 8944 8943 
usemtl PATCH_61
f 8943 8944 1393 1392 
usemtl PATCH_61
f 1449 1448 8813 8812 
usemtl PATCH_61
f 8812 8813 8835 8834 
usemtl PATCH_61
f 8834 8835 8857 8856 
usemtl PATCH_61
f 8856 8857 8879 8878 
usemtl PATCH_61
f 8878 8879 8901 8900 
usemtl PATCH_61
f 8900 8901 8923 8922 
usemtl PATCH_61
f 8922 8923 8945 8944 
usemtl PATCH_61
f 8944 8945 1394 1393 
usemtl PATCH_61
f 1448 1447 8814 8813 
usemtl PATCH_61
f 8813 8814 8836 8835 
usemtl PATCH_61
f 8835 8836 8858 8857 
usemtl PATCH_61
f 8857 8858 8880 8879 
usemtl PATCH_61
f 8879 8880 8902 8901 
usemtl PATCH_61
f 8901 8902 8924 8923 
usemtl PATCH_61
f 8923 8924 8946 8945 
usemtl PATCH_61
f 8945 8946 1395 1394 
usemtl PATCH_61
f 1447 1446 8815 8814 
usemtl PATCH_61
f 8814 8815 8837 8836 
usemtl PATCH_61
f 8836 8837 8859 8858 
usemtl PATCH_61
f 8858 8859 8881 8880 
usemtl PATCH_61
f 8880 8881 8903 8902 
usemtl PATCH_61
f 8902 8903 8925 8924 
usemtl PATCH_61
f 8924 8925 8947 8946 
usemtl PATCH_61
f 8946 8947 1396 1395 
usemtl PATCH_61
f 1446 60 1482 8815 
usemtl PATCH_61
f 8815 1482 1483 8837 
usemtl PATCH_61
f 8837 1483 1484 8859 
usemtl PATCH_61
f 8859 1484 1485 8881 
usemtl PATCH_61
f 8881 1485 1486 8903 
usemtl PATCH_61
f 8903 1486 1487 8925 
usemtl PATCH_61
f 8925 1487 1488 8947 
usemtl PATCH_61
f 8947 1488 57 1396 
usemtl PATCH_56
f 17 1190 8948 959 
usemtl PATCH_56
f 959 8948 8980 960 
usemtl PATCH_56
f 960 8980 9012 961 
usemtl PATCH_56
f 961 9012 9044 962 
usemtl PATCH_56
f 962 9044 9076 963 
usemtl PATCH_56
f 963 9076 9108 964 
usemtl PATCH_56
f 964 9108 1236 42 
usemtl PATCH_56
f 1190 1189 8949 8948 
usemtl PATCH_56
f 8948 8949 8981 8980 
usemtl PATCH_56
f 8980 8981 9013 9012 
usemtl PATCH_56
f 9012 9013 9045 9044 
usemtl PATCH_56
f 9044 9045 9077 9076 
usemtl PATCH_56
f 9076 9077 9109 9108 
usemtl PATCH_56
f 9108 9109 1237 1236 
usemtl PATCH_56
f 1189 1188 8950 8949 
usemtl PATCH_56
f 8949 8950 8982 8981 
usemtl PATCH_56
f 8981 8982 9014 9013 
usemtl PATCH_56
f 9013 9014 9046 9045 
usemtl PATCH_56
f 9045 9046 9078 9077 
usemtl PATCH_56
f 9077 9078 9110 9109 
usemtl PATCH_56
f 9109 9110 1238 1237 
usemtl PATCH_56
f 1188 1187 8951 8950 
usemtl PATCH_56
f 8950 8951 8983 8982 
usemtl PATCH_56
f 8982 8983 9015 9014 
usemtl PATCH_56
f 9014 9015 9047 9046 
usemtl PATCH_56
f 9046 9047 9079 9078 
usemtl PATCH_56
f 9078 9079 9111 9110 
usemtl PATCH_56
f 9110 9111 1239 1238 
usemtl PATCH_56
f 1187 1186 8952 8951 
usemtl PATCH_56
f 8951 8952 8984 8983 
usemtl PATCH_56
f 8983 8984 9016 9015 
usemtl PATCH_56
f 9015 9016 9048 9047 
usemtl PATCH_56
f 9047 9048 9080 9079 
usemtl PATCH_56
f 9079 9080 9112 9111 
usemtl PATCH_56
f 9111 9112 1240 1239 
usemtl PATCH_56
f 1186 1185 8953 8952 
usemtl PATCH_56
f 8952 8953 8985 8984 
usemtl PATCH_56
f 8984 8985 9017 9016 
usemtl PATCH_56
f 9016 9017 9049 9048 
usemtl PATCH_56
f 9048 9049 9081 9080 
usemtl PATCH_56
f 9080 9081 9113 9112 
usemtl PATCH_56
f 9112 9113 1241 1240 
usemtl PATCH_56
f 1185 1184 8954 8953 
usemtl PATCH_56
f 8953 8954 8986 8985 
usemtl PATCH_56
f 8985 8986 9018 9017 
usemtl PATCH_56
f 9017 9018 9050 9049 
usemtl PATCH_56
f 9049 9050 9082 9081 
usemtl PATCH_56
f 9081 9082 9114 9113 
usemtl PATCH_56
f 9113 9114 1242 1241 
usemtl PATCH_56
f 1184 1183 8955 8954 
usemtl PATCH_56
f 8954 8955 8987 8986 
usemtl PATCH_56
f 8986 8987 9019 9018 
usemtl PATCH_56
f 9018 9019 9051 9050 
usemtl PATCH_56
f 9050 9051 9083 9082 
usemtl PATCH_56
f 9082 9083 9115 9114 
usemtl PATCH_56
f 9114 9115 1243 1242 
usemtl PATCH_56
f 1183 1182 8956 8955 
usemtl PATCH_56
f 8955 8956 8988 8987 
usemtl PATCH_56
f 8987 8988 9020 9019 
usemtl PATCH_56
f 9019 9020 9052 9051 
usemtl PATCH_56
f 9051 9052 9084 9083 
usemtl PATCH_56
f 9083 9084 9116 9115 
usemtl PATCH_56
f 9115 9116 1244 1243 
usemtl PATCH_56
f 1182 1181 8957 8956 
usemtl PATCH_56
f 8956 8957 8989 8988 
usemtl PATCH_56
f 8988 8989 9021 9020 
usemtl PATCH_56
f 9020 9021 9053 9052 
usemtl PATCH_56
f 9052 9053 9085 9084 
usemtl PATCH_56
f 9084 9085 9117 9116 
usemtl PATCH_56
f 9116 9117 1245 1244 
usemtl PATCH_56
f 1181 1180 8958 8957 
usemtl PATCH_56
f 8957 8958 8990 8989 
usemtl PATCH_56
f 8989 8990 9022 9021 
usemtl PATCH_56
f 9021 9022 9054 9053 
usemtl PATCH_56
f 9053 9054 9086 9085 
usemtl PATCH_56
f 9085 9086 9118 9117 
usemtl PATCH_56
f 9117 9118 1246 1245 
usemtl PATCH_56
f 1180 1179 8959 8958 
usemtl PATCH_56
f 8958 8959 8991 8990 
usemtl PATCH_56
f 8990 8991 9023 9022 
usemtl PATCH_56
f 9022 9023 9055 9054 
usemtl PATCH_56
f 9054 9055 9087 9086 
usemtl PATCH_56
f 9086 9087 9119 9118 
usemtl PATCH_56
f 9118 9119 1247 1246 
usemtl PATCH_56
f 1179 1178 8960 8959 
usemtl PATCH_56
f 8959 8960 8992 8991 
usemtl PATCH_56
f 8991 8992 9024 9023 
usemtl PATCH_56
f 9023 9024 9056 9055 
usemtl PATCH_56
f 9055 9056 9088 9087 
usemtl PATCH_56
f 9087 9088 9120 9119 
usemtl PATCH_56
f 9119 9120 1248 1247 
usemtl PATCH_56
f 1178 1177 8961 8960 
usemtl PATCH_56
f 8960 8961 8993 8992 
usemtl PATCH_56
f 8992 8993 9025 9024 
usemtl PATCH_56
f 9024 9025 9057 9056 
usemtl PATCH_56
f 9056 9057 9089 9088 
usemtl PATCH_56
f 9088 9089 9121 9120 
usemtl PATCH_56
f 9120 9121 1249 1248 
usemtl PATCH_56
f 1177 1176 8962 8961 
usemtl PATCH_56
f 8961 8962 8994 8993 
usemtl PATCH_56
f 8993 8994 9026 9025 
usemtl PATCH_56
f 9025 9026 9058 9057 
usemtl PATCH_56
f 9057 9058 9090 9089 
usemtl PATCH_56
f 9089 9090 9122 9121 
usemtl PATCH_56
f 9121 9122 1250 1249 
usemtl PATCH_56
f 1176 1175 8963 8962 
usemtl PATCH_56
f 8962 8963 8995 8994 
usemtl PATCH_56
f 8994 8995 9027 9026 
usemtl PATCH_56
f 9026 9027 9059 9058 
usemtl PATCH_56
f 9058 9059 9091 9090 
usemtl PATCH_56
f 9090 9091 9123 9122 
usemtl PATCH_56
f 9122 9123 1251 1250 
usemtl PATCH_56
f 1175 1174 8964 8963 
usemtl PATCH_56
f 8963 8964 8996 8995 
usemtl PATCH_56
f 8995 8996 9028 9027 
usemtl PATCH_56
f 9027 9028 9060 9059 
usemtl PATCH_56
f 9059 9060 9092 9091 
usemtl PATCH_56
f 9091 9092 9124 9123 
usemtl PATCH_56
f 9123 9124 1252 1251 
usemtl PATCH_56
f 1174 1173 8965 8964 
usemtl PATCH_56
f 8964 8965 8997 8996 
usemtl PATCH_56
f 8996 8997 9029 9028 
usemtl PATCH_56
f 9028 9029 9061 9060 
usemtl PATCH_56
f 9060 9061 9093 9092 
usemtl PATCH_56
f 9092 9093 9125 9124 
usemtl PATCH_56
f 9124 9125 1253 1252 
usemtl PATCH_56
f 1173 1172 8966 8965 
usemtl PATCH_56
f 8965 8966 8998 8997 
usemtl PATCH_56
f 8997 8998 9030 9029 
usemtl PATCH_56
f 9029 9030 9062 9061 
usemtl PATCH_56
f 9061 9062 9094 9093 
usemtl PATCH_56
f 9093 9094 9126 9125 
usemtl PATCH_56
f 9125 9126 1254 1253 
usemtl PATCH_56
f 1172 1171 8967 8966 
usemtl PATCH_56
f 8966 8967 8999 8998 
usemtl PATCH_56
f 8998 8999 9031 9030 
usemtl PATCH_56
f 9030 9031 9063 9062 
usemtl PATCH_56
f 9062 9063 9095 9094 
usemtl PATCH_56
f 9094 9095 9127 9126 
usemtl PATCH_56
f 9126 9127 1255 1254 
usemtl PATCH_56
f 1171 1170 8968 8967 
usemtl PATCH_56
f 8967 8968 9000 8999 
usemtl PATCH_56
f 8999 9000 9032 9031 
usemtl PATCH_56
f 9031 9032 9064 9063 
usemtl PATCH_56
f 9063 9064 9096 9095 
usemtl PATCH_56
f 9095 9096 9128 9127 
usemtl PATCH_56
f 9127 9128 1256 1255 
usemtl PATCH_56
f 1170 1169 8969 8968 
usemtl PATCH_56
f 8968 8969 9001 9000 
usemtl PATCH_56
f 9000 9001 9033 9032 
usemtl PATCH_56
f 9032 9033 9065 9064 
usemtl PATCH_56
f 9064 9065 9097 9096 
usemtl PATCH_56
f 9096 9097 9129 9128 
usemtl PATCH_56
f 9128 9129 1257 1256 
usemtl PATCH_56
f 1169 1168 8970 8969 
usemtl PATCH_56
f 8969 8970 9002 9001 
usemtl PATCH_56
f 9001 9002 9034 9033 
usemtl PATCH_56
f 9033 9034 9066 9065 
usemtl PATCH_56
f 9065 9066 9098 9097 
usemtl PATCH_56
f 9097 9098 9130 9129 
usemtl PATCH_56
f 9129 9130 1258 1257 
usemtl PATCH_56
f 1168 1167 8971 8970 
usemtl PATCH_56
f 8970 8971 9003 9002 
usemtl PATCH_56
f 9002 9003 9035 9034 
usemtl PATCH_56
f 9034 9035 9067 9066 
usemtl PATCH_56
f 9066 9067 9099 9098 
usemtl PATCH_56
f 9098 9099 9131 9130 
usemtl PATCH_56
f 9130 9131 1259 1258 
usemtl PATCH_56
f 1167 1166 8972 8971 
usemtl PATCH_56
f 8971 8972 9004 9003 
usemtl PATCH_56
f 9003 9004 9036 9035 
usemtl PATCH_56
f 9035 9036 9068 9067 
usemtl PATCH_56
f 9067 9068 9100 9099 
usemtl PATCH_56
f 9099 9100 9132 9131 
usemtl PATCH_56
f 9131 9132 1260 1259 
usemtl PATCH_56
f 1166 1165 8973 8972 
usemtl PATCH_56
f 8972 8973 9005 9004 
usemtl PATCH_56
f 9004 9005 9037 9036 
usemtl PATCH_56
f 9036 9037 9069 9068 
usemtl PATCH_56
f 9068 9069 9101 9100 
usemtl PATCH_56
f 9100 9101 9133 9132 
usemtl PATCH_56
f 9132 9133 1261 1260 
usemtl PATCH_56
f 1165 1164 8974 8973 
usemtl PATCH_56
f 8973 8974 9006 9005 
usemtl PATCH_56
f 9005 9006 9038 9037 
usemtl PATCH_56
f 9037 9038 9070 9069 
usemtl PATCH_56
f 9069 9070 9102 9101 
usemtl PATCH_56
f 9101 9102 9134 9133 
usemtl PATCH_56
f 9133 9134 1262 1261 
usemtl PATCH_56
f 1164 1163 8975 8974 
usemtl PATCH_56
f 8974 8975 9007 9006 
usemtl PATCH_56
f 9006 9007 9039 9038 
usemtl PATCH_56
f 9038 9039 9071 9070 
usemtl PATCH_56
f 9070 9071 9103 9102 
usemtl PATCH_56
f 9102 9103 9135 9134 
usemtl PATCH_56
f 9134 9135 1263 1262 
usemtl PATCH_56
f 1163 1162 8976 8975 
usemtl PATCH_56
f 8975 8976 9008 9007 
usemtl PATCH_56
f 9007 9008 9040 9039 
usemtl PATCH_56
f 9039 9040 9072 9071 
usemtl PATCH_56
f 9071 9072 9104 9103 
usemtl PATCH_56
f 9103 9104 9136 9135 
usemtl PATCH_56
f 9135 9136 1264 1263 
usemtl PATCH_56
f 1162 1161 8977 8976 
usemtl PATCH_56
f 8976 8977 9009 9008 
usemtl PATCH_56
f 9008 9009 9041 9040 
usemtl PATCH_56
f 9040 9041 9073 9072 
usemtl PATCH_56
f 9072 9073 9105 9104 
usemtl PATCH_56
f 9104 9105 9137 9136 
usemtl PATCH_56
f 9136 9137 1265 1264 
usemtl PATCH_56
f 1161 1160 8978 8977 
usemtl PATCH_56
f 8977 8978 9010 9009 
usemtl PATCH_56
f 9009 9010 9042 9041 
usemtl PATCH_56
f 9041 9042 9074 9073 
usemtl PATCH_56
f 9073 9074 9106 9105 
usemtl PATCH_56
f 9105 9106 9138 9137 
usemtl PATCH_56
f 9137 9138 1266 1265 
usemtl PATCH_56
f 1160 1159 8979 8978 
usemtl PATCH_56
f 8978 8979 9011 9010 
usemtl PATCH_56
f 9010 9011 9043 9042 
usemtl PATCH_56
f 9042 9043 9075 9074 
usemtl PATCH_56
f 9074 9075 9107 9106 
usemtl PATCH_56
f 9106 9107 9139 9138 
usemtl PATCH_56
f 9138 9139 1267 1266 
usemtl PATCH_56
f 1159 50 1489 8979 
usemtl PATCH_56
f 8979 1489 1490 9011 
usemtl PATCH_56
f 9011 1490 1491 9043 
usemtl PATCH_56
f 9043 1491 1492 9075 
usemtl PATCH_56
f 9075 1492 1493 9107 
usemtl PATCH_56
f 9107 1493 1494 9139 
usemtl PATCH_56
f 9139 1494 52 1267 
usemtl PATCH_54
f 14 184 9140 369 
usemtl PATCH_54
f 369 9140 9148 370 
usemtl PATCH_54
f 370 9148 9156 371 
usemtl PATCH_54
f 371 9156 9164 372 
usemtl PATCH_54
f 372 9164 9172 373 
usemtl PATCH_54
f 373 9172 9180 374 
usemtl PATCH_54
f 374 9180 9188 375 
usemtl PATCH_54
f 375 9188 841 20 
usemtl PATCH_54
f 184 183 9141 9140 
usemtl PATCH_54
f 9140 9141 9149 9148 
usemtl PATCH_54
f 9148 9149 9157 9156 
usemtl PATCH_54
f 9156 9157 9165 9164 
usemtl PATCH_54
f 9164 9165 9173 9172 
usemtl PATCH_54
f 9172 9173 9181 9180 
usemtl PATCH_54
f 9180 9181 9189 9188 
usemtl PATCH_54
f 9188 9189 842 841 
usemtl PATCH_54
f 183 182 9142 9141 
usemtl PATCH_54
f 9141 9142 9150 9149 
usemtl PATCH_54
f 9149 9150 9158 9157 
usemtl PATCH_54
f 9157 9158 9166 9165 
usemtl PATCH_54
f 9165 9166 9174 9173 
usemtl PATCH_54
f 9173 9174 9182 9181 
usemtl PATCH_54
f 9181 9182 9190 9189 
usemtl PATCH_54
f 9189 9190 843 842 
usemtl PATCH_54
f 182 181 9143 9142 
usemtl PATCH_54
f 9142 9143 9151 9150 
usemtl PATCH_54
f 9150 9151 9159 9158 
usemtl PATCH_54
f 9158 9159 9167 9166 
usemtl PATCH_54
f 9166 9167 9175 9174 
usemtl PATCH_54
f 9174 9175 9183 9182 
usemtl PATCH_54
f 9182 9183 9191 9190 
usemtl PATCH_54
f 9190 9191 844 843 
usemtl PATCH_54
f 181 180 9144 9143 
usemtl PATCH_54
f 9143 9144 9152 9151 
usemtl PATCH_54
f 9151 9152 9160 9159 
usemtl PATCH_54
f 9159 9160 9168 9167 
usemtl PATCH_54
f 9167 9168 9176 9175 
usemtl PATCH_54
f 9175 9176 9184 9183 
usemtl PATCH_54
f 9183 9184 9192 9191 
usemtl PATCH_54
f 9191 9192 845 844 
usemtl PATCH_54
f 180 179 9145 9144 
usemtl PATCH_54
f 9144 9145 9153 9152 
usemtl PATCH_54
f 9152 9153 9161 9160 
usemtl PATCH_54
f 9160 9161 9169 9168 
usemtl PATCH_54
f 9168 9169 9177 9176 
usemtl PATCH_54
f 9176 9177 9185 9184 
usemtl PATCH_54
f 9184 9185 9193 9192 
usemtl PATCH_54
f 9192 9193 846 845 
usemtl PATCH_54
f 179 178 9146 9145 
usemtl PATCH_54
f 9145 9146 9154 9153 
usemtl PATCH_54
f 9153 9154 9162 9161 
usemtl PATCH_54
f 9161 9162 9170 9169 
usemtl PATCH_54
f 9169 9170 9178 9177 
usemtl PATCH_54
f 9177 9178 9186 9185 
usemtl PATCH_54
f 9185 9186 9194 9193 
usemtl PATCH_54
f 9193 9194 847 846 
usemtl PATCH_54
f 178 177 9147 9146 
usemtl PATCH_54
f 9146 9147 9155 9154 
usemtl PATCH_54
f 9154 9155 9163 9162 
usemtl PATCH_54
f 9162 9163 9171 9170 
usemtl PATCH_54
f 9170 9171 9179 9178 
usemtl PATCH_54
f 9178 9179 9187 9186 
usemtl PATCH_54
f 9186 9187 9195 9194 
usemtl PATCH_54
f 9194 9195 848 847 
usemtl PATCH_54
f 177 13 270 9147 
usemtl PATCH_54
f 9147 270 269 9155 
usemtl PATCH_54
f 9155 269 268 9163 
usemtl PATCH_54
f 9163 268 267 9171 
usemtl PATCH_54
f 9171 267 266 9179 
usemtl PATCH_54
f 9179 266 265 9187 
usemtl PATCH_54
f 9187 265 264 9195 
usemtl PATCH_54
f 9195 264 16 848 
usemtl PATCH_0
f 61 1495 9196 1524 
usemtl PATCH_0
f 1524 9196 9208 1523 
usemtl PATCH_0
f 1523 9208 9220 1522 
usemtl PATCH_0
f 1522 9220 1521 63 
usemtl PATCH_0
f 1495 1496 9197 9196 
usemtl PATCH_0
f 9196 9197 9209 9208 
usemtl PATCH_0
f 9208 9209 9221 9220 
usemtl PATCH_0
f 9220 9221 1520 1521 
usemtl PATCH_0
f 1496 1497 9198 9197 
usemtl PATCH_0
f 9197 9198 9210 9209 
usemtl PATCH_0
f 9209 9210 9222 9221 
usemtl PATCH_0
f 9221 9222 1519 1520 
usemtl PATCH_0
f 1497 1498 9199 9198 
usemtl PATCH_0
f 9198 9199 9211 9210 
usemtl PATCH_0
f 9210 9211 9223 9222 
usemtl PATCH_0
f 9222 9223 1518 1519 
usemtl PATCH_0
f 1498 1499 9200 9199 
usemtl PATCH_0
f 9199 9200 9212 9211 
usemtl PATCH_0
f 9211 9212 9224 9223 
usemtl PATCH_0
f 9223 9224 1517 1518 
usemtl PATCH_0
f 1499 1500 9201 9200 
usemtl PATCH_0
f 9200 9201 9213 9212 
usemtl PATCH_0
f 9212 9213 9225 9224 
usemtl PATCH_0
f 9224 9225 1516 1517 
usemtl PATCH_0
f 1500 1501 9202 9201 
usemtl PATCH_0
f 9201 9202 9214 9213 
usemtl PATCH_0
f 9213 9214 9226 9225 
usemtl PATCH_0
f 9225 9226 1515 1516 
usemtl PATCH_0
f 1501 1502 9203 9202 
usemtl PATCH_0
f 9202 9203 9215 9214 
usemtl PATCH_0
f 9214 9215 9227 9226 
usemtl PATCH_0
f 9226 9227 1514 1515 
usemtl PATCH_0
f 1502 1503 9204 9203 
usemtl PATCH_0
f 9203 9204 9216 9215 
usemtl PATCH_0
f 9215 9216 9228 9227 
usemtl PATCH_0
f 9227 9228 1513 1514 
usemtl PATCH_0
f 1503 1504 9205 9204 
usemtl PATCH_0
f 9204 9205 9217 9216 
usemtl PATCH_0
f 9216 9217 9229 9228 
usemtl PATCH_0
f 9228 9229 1512 1513 
usemtl PATCH_0
f 1504 1505 9206 9205 
usemtl PATCH_0
f 9205 9206 9218 9217 
usemtl PATCH_0
f 9217 9218 9230 9229 
usemtl PATCH_0
f 9229 9230 1511 1512 
usemtl PATCH_0
f 1505 1506 9207 9206 
usemtl PATCH_0
f 9206 9207 9219 9218 
usemtl PATCH_0
f 9218 9219 9231 9230 
usemtl PATCH_0
f 9230 9231 1510 1511 
usemtl PATCH_0
f 1506 53 1507 9207 
usemtl PATCH_0
f 9207 1507 1508 9219 
usemtl PATCH_0
f 9219 1508 1509 9231 
usemtl PATCH_0
f 9231 1509 62 1510 
usemtl PATCH_1
f 61 1525 9232 1495 
usemtl PATCH_1
f 1495 9232 9239 1496 
usemtl PATCH_1
f 1496 9239 9246 1497 
usemtl PATCH_1
f 1497 9246 9253 1498 
usemtl PATCH_1
f 1498 9253 9260 1499 
usemtl PATCH_1
f 1499 9260 9267 1500 
usemtl PATCH_1
f 1500 9267 9274 1501 
usemtl PATCH_1
f 1501 9274 9281 1502 
usemtl PATCH_1
f 1502 9281 9288 1503 
usemtl PATCH_1
f 1503 9288 9295 1504 
usemtl PATCH_1
f 1504 9295 9302 1505 
usemtl PATCH_1
f 1505 9302 9309 1506 
usemtl PATCH_1
f 1506 9309 1297 53 
usemtl PATCH_1
f 1525 1526 9233 9232 
usemtl PATCH_1
f 9232 9233 9240 9239 
usemtl PATCH_1
f 9239 9240 9247 9246 
usemtl PATCH_1
f 9246 9247 9254 9253 
usemtl PATCH_1
f 9253 9254 9261 9260 
usemtl PATCH_1
f 9260 9261 9268 9267 
usemtl PATCH_1
f 9267 9268 9275 9274 
usemtl PATCH_1
f 9274 9275 9282 9281 
usemtl PATCH_1
f 9281 9282 9289 9288 
usemtl PATCH_1
f 9288 9289 9296 9295 
usemtl PATCH_1
f 9295 9296 9303 9302 
usemtl PATCH_1
f 9302 9303 9310 9309 
usemtl PATCH_1
f 9309 9310 1298 1297 
usemtl PATCH_1
f 1526 1527 9234 9233 
usemtl PATCH_1
f 9233 9234 9241 9240 
usemtl PATCH_1
f 9240 9241 9248 9247 
usemtl PATCH_1
f 9247 9248 9255 9254 
usemtl PATCH_1
f 9254 9255 9262 9261 
usemtl PATCH_1
f 9261 9262 9269 9268 
usemtl PATCH_1
f 9268 9269 9276 9275 
usemtl PATCH_1
f 9275 9276 9283 9282 
usemtl PATCH_1
f 9282 9283 9290 9289 
usemtl PATCH_1
f 9289 9290 9297 9296 
usemtl PATCH_1
f 9296 9297 9304 9303 
usemtl PATCH_1
f 9303 9304 9311 9310 
usemtl PATCH_1
f 9310 9311 1299 1298 
usemtl PATCH_1
f 1527 1528 9235 9234 
usemtl PATCH_1
f 9234 9235 9242 9241 
usemtl PATCH_1
f 9241 9242 9249 9248 
usemtl PATCH_1
f 9248 9249 9256 9255 
usemtl PATCH_1
f 9255 9256 9263 9262 
usemtl PATCH_1
f 9262 9263 9270 9269 
usemtl PATCH_1
f 9269 9270 9277 9276 
usemtl PATCH_1
f 9276 9277 9284 9283 
usemtl PATCH_1
f 9283 9284 9291 9290 
usemtl PATCH_1
f 9290 9291 9298 9297 
usemtl PATCH_1
f 9297 9298 9305 9304 
usemtl PATCH_1
f 9304 9305 9312 9311 
usemtl PATCH_1
f 9311 9312 1300 1299 
usemtl PATCH_1
f 1528 1529 9236 9235 
usemtl PATCH_1
f 9235 9236 9243 9242 
usemtl PATCH_1
f 9242 9243 9250 9249 
usemtl PATCH_1
f 9249 9250 9257 9256 
usemtl PATCH_1
f 9256 9257 9264 9263 
usemtl PATCH_1
f 9263 9264 9271 9270 
usemtl PATCH_1
f 9270 9271 9278 9277 
usemtl PATCH_1
f 9277 9278 9285 9284 
usemtl PATCH_1
f 9284 9285 9292 9291 
usemtl PATCH_1
f 9291 9292 9299 9298 
usemtl PATCH_1
f 9298 9299 9306 9305 
usemtl PATCH_1
f 9305 9306 9313 9312 
usemtl PATCH_1
f 9312 9313 1301 1300 
usemtl PATCH_1
f 1529 1530 9237 9236 
usemtl PATCH_1
f 9236 9237 9244 9243 
usemtl PATCH_1
f 9243 9244 9251 9250 
usemtl PATCH_1
f 9250 9251 9258 9257 
usemtl PATCH_1
f 9257 9258 9265 9264 
usemtl PATCH_1
f 9264 9265 9272 9271 
usemtl PATCH_1
f 9271 9272 9279 9278 
usemtl PATCH_1
f 9278 9279 9286 9285 
usemtl PATCH_1
f 9285 9286 9293 9292 
usemtl PATCH_1
f 9292 9293 9300 9299 
usemtl PATCH_1
f 9299 9300 9307 9306 
usemtl PATCH_1
f 9306 9307 9314 9313 
usemtl PATCH_1
f 9313 9314 1302 1301 
usemtl PATCH_1
f 1530 1531 9238 9237 
usemtl PATCH_1
f 9237 9238 9245 9244 
usemtl PATCH_1
f 9244 9245 9252 9251 
usemtl PATCH_1
f 9251 9252 9259 9258 
usemtl PATCH_1
f 9258 9259 9266 9265 
usemtl PATCH_1
f 9265 9266 9273 9272 
usemtl PATCH_1
f 9272 9273 9280 9279 
usemtl PATCH_1
f 9279 9280 9287 9286 
usemtl PATCH_1
f 9286 9287 9294 9293 
usemtl PATCH_1
f 9293 9294 9301 9300 
usemtl PATCH_1
f 9300 9301 9308 9307 
usemtl PATCH_1
f 9307 9308 9315 9314 
usemtl PATCH_1
f 9314 9315 1303 1302 
usemtl PATCH_1
f 1531 64 1532 9238 
usemtl PATCH_1
f 9238 1532 1533 9245 
usemtl PATCH_1
f 9245 1533 1534 9252 
usemtl PATCH_1
f 9252 1534 1535 9259 
usemtl PATCH_1
f 9259 1535 1536 9266 
usemtl PATCH_1
f 9266 1536 1537 9273 
usemtl PATCH_1
f 9273 1537 1538 9280 
usemtl PATCH_1
f 9280 1538 1539 9287 
usemtl PATCH_1
f 9287 1539 1540 9294 
usemtl PATCH_1
f 9294 1540 1541 9301 
usemtl PATCH_1
f 9301 1541 1542 9308 
usemtl PATCH_1
f 9308 1542 1543 9315 
usemtl PATCH_1
f 9315 1543 54 1303 
usemtl PATCH_2
f 61 1524 9316 1525 
usemtl PATCH_2
f 1525 9316 9319 1526 
usemtl PATCH_2
f 1526 9319 9322 1527 
usemtl PATCH_2
f 1527 9322 9325 1528 
usemtl PATCH_2
f 1528 9325 9328 1529 
usemtl PATCH_2
f 1529 9328 9331 1530 
usemtl PATCH_2
f 1530 9331 9334 1531 
usemtl PATCH_2
f 1531 9334 1553 64 
usemtl PATCH_2
f 1524 1523 9317 9316 
usemtl PATCH_2
f 9316 9317 9320 9319 
usemtl PATCH_2
f 9319 9320 9323 9322 
usemtl PATCH_2
f 9322 9323 9326 9325 
usemtl PATCH_2
f 9325 9326 9329 9328 
usemtl PATCH_2
f 9328 9329 9332 9331 
usemtl PATCH_2
f 9331 9332 9335 9334 
usemtl PATCH_2
f 9334 9335 1552 1553 
usemtl PATCH_2
f 1523 1522 9318 9317 
usemtl PATCH_2
f 9317 9318 9321 9320 
usemtl PATCH_2
f 9320 9321 9324 9323 
usemtl PATCH_2
f 9323 9324 9327 9326 
usemtl PATCH_2
f 9326 9327 9330 9329 
usemtl PATCH_2
f 9329 9330 9333 9332 
usemtl PATCH_2
f 9332 9333 9336 9335 
usemtl PATCH_2
f 9335 9336 1551 1552 
usemtl PATCH_2
f 1522 63 1544 9318 
usemtl PATCH_2
f 9318 1544 1545 9321 
usemtl PATCH_2
f 9321 1545 1546 9324 
usemtl PATCH_2
f 9324 1546 1547 9327 
usemtl PATCH_2
f 9327 1547 1548 9330 
usemtl PATCH_2
f 9330 1548 1549 9333 
usemtl PATCH_2
f 9333 1549 1550 9336 
usemtl PATCH_2
f 9336 1550 65 1551 
usemtl PATCH_6
f 63 1521 9337 1544 
usemtl PATCH_6
f 1544 9337 9349 1545 
usemtl PATCH_6
f 1545 9349 9361 1546 
usemtl PATCH_6
f 1546 9361 9373 1547 
usemtl PATCH_6
f 1547 9373 9385 1548 
usemtl PATCH_6
f 1548 9385 9397 1549 
usemtl PATCH_6
f 1549 9397 9409 1550 
usemtl PATCH_6
f 1550 9409 1572 65 
usemtl PATCH_6
f 1521 1520 9338 9337 
usemtl PATCH_6
f 9337 9338 9350 9349 
usemtl PATCH_6
f 9349 9350 9362 9361 
usemtl PATCH_6
f 9361 9362 9374 9373 
usemtl PATCH_6
f 9373 9374 9386 9385 
usemtl PATCH_6
f 9385 9386 9398 9397 
usemtl PATCH_6
f 9397 9398 9410 9409 
usemtl PATCH_6
f 9409 9410 1571 1572 
usemtl PATCH_6
f 1520 1519 9339 9338 
usemtl PATCH_6
f 9338 9339 9351 9350 
usemtl PATCH_6
f 9350 9351 9363 9362 
usemtl PATCH_6
f 9362 9363 9375 9374 
usemtl PATCH_6
f 9374 9375 9387 9386 
usemtl PATCH_6
f 9386 9387 9399 9398 
usemtl PATCH_6
f 9398 9399 9411 9410 
usemtl PATCH_6
f 9410 9411 1570 1571 
usemtl PATCH_6
f 1519 1518 9340 9339 
usemtl PATCH_6
f 9339 9340 9352 9351 
usemtl PATCH_6
f 9351 9352 9364 9363 
usemtl PATCH_6
f 9363 9364 9376 9375 
usemtl PATCH_6
f 9375 9376 9388 9387 
usemtl PATCH_6
f 9387 9388 9400 9399 
usemtl PATCH_6
f 9399 9400 9412 9411 
usemtl PATCH_6
f 9411 9412 1569 1570 
usemtl PATCH_6
f 1518 1517 9341 9340 
usemtl PATCH_6
f 9340 9341 9353 9352 
usemtl PATCH_6
f 9352 9353 9365 9364 
usemtl PATCH_6
f 9364 9365 9377 9376 
usemtl PATCH_6
f 9376 9377 9389 9388 
usemtl PATCH_6
f 9388 9389 9401 9400 
usemtl PATCH_6
f 9400 9401 9413 9412 
usemtl PATCH_6
f 9412 9413 1568 1569 
usemtl PATCH_6
f 1517 1516 9342 9341 
usemtl PATCH_6
f 9341 9342 9354 9353 
usemtl PATCH_6
f 9353 9354 9366 9365 
usemtl PATCH_6
f 9365 9366 9378 9377 
usemtl PATCH_6
f 9377 9378 9390 9389 
usemtl PATCH_6
f 9389 9390 9402 9401 
usemtl PATCH_6
f 9401 9402 9414 9413 
usemtl PATCH_6
f 9413 9414 1567 1568 
usemtl PATCH_6
f 1516 1515 9343 9342 
usemtl PATCH_6
f 9342 9343 9355 9354 
usemtl PATCH_6
f 9354 9355 9367 9366 
usemtl PATCH_6
f 9366 9367 9379 9378 
usemtl PATCH_6
f 9378 9379 9391 9390 
usemtl PATCH_6
f 9390 9391 9403 9402 
usemtl PATCH_6
f 9402 9403 9415 9414 
usemtl PATCH_6
f 9414 9415 1566 1567 
usemtl PATCH_6
f 1515 1514 9344 9343 
usemtl PATCH_6
f 9343 9344 9356 9355 
usemtl PATCH_6
f 9355 9356 9368 9367 
usemtl PATCH_6
f 9367 9368 9380 9379 
usemtl PATCH_6
f 9379 9380 9392 9391 
usemtl PATCH_6
f 9391 9392 9404 9403 
usemtl PATCH_6
f 9403 9404 9416 9415 
usemtl PATCH_6
f 9415 9416 1565 1566 
usemtl PATCH_6
f 1514 1513 9345 9344 
usemtl PATCH_6
f 9344 9345 9357 9356 
usemtl PATCH_6
f 9356 9357 9369 9368 
usemtl PATCH_6
f 9368 9369 9381 9380 
usemtl PATCH_6
f 9380 9381 9393 9392 
usemtl PATCH_6
f 9392 9393 9405 9404 
usemtl PATCH_6
f 9404 9405 9417 9416 
usemtl PATCH_6
f 9416 9417 1564 1565 
usemtl PATCH_6
f 1513 1512 9346 9345 
usemtl PATCH_6
f 9345 9346 9358 9357 
usemtl PATCH_6
f 9357 9358 9370 9369 
usemtl PATCH_6
f 9369 9370 9382 9381 
usemtl PATCH_6
f 9381 9382 9394 9393 
usemtl PATCH_6
f 9393 9394 9406 9405 
usemtl PATCH_6
f 9405 9406 9418 9417 
usemtl PATCH_6
f 9417 9418 1563 1564 
usemtl PATCH_6
f 1512 1511 9347 9346 
usemtl PATCH_6
f 9346 9347 9359 9358 
usemtl PATCH_6
f 9358 9359 9371 9370 
usemtl PATCH_6
f 9370 9371 9383 9382 
usemtl PATCH_6
f 9382 9383 9395 9394 
usemtl PATCH_6
f 9394 9395 9407 9406 
usemtl PATCH_6
f 9406 9407 9419 9418 
usemtl PATCH_6
f 9418 9419 1562 1563 
usemtl PATCH_6
f 1511 1510 9348 9347 
usemtl PATCH_6
f 9347 9348 9360 9359 
usemtl PATCH_6
f 9359 9360 9372 9371 
usemtl PATCH_6
f 9371 9372 9384 9383 
usemtl PATCH_6
f 9383 9384 9396 9395 
usemtl PATCH_6
f 9395 9396 9408 9407 
usemtl PATCH_6
f 9407 9408 9420 9419 
usemtl PATCH_6
f 9419 9420 1561 1562 
usemtl PATCH_6
f 1510 62 1554 9348 
usemtl PATCH_6
f 9348 1554 1555 9360 
usemtl PATCH_6
f 9360 1555 1556 9372 
usemtl PATCH_6
f 9372 1556 1557 9384 
usemtl PATCH_6
f 9384 1557 1558 9396 
usemtl PATCH_6
f 9396 1558 1559 9408 
usemtl PATCH_6
f 9408 1559 1560 9420 
usemtl PATCH_6
f 9420 1560 34 1561 
usemtl PATCH_16
f 66 1573 9421 1602 
usemtl PATCH_16
f 1602 9421 9424 1601 
usemtl PATCH_16
f 1601 9424 9427 1600 
usemtl PATCH_16
f 1600 9427 9430 1599 
usemtl PATCH_16
f 1599 9430 9433 1598 
usemtl PATCH_16
f 1598 9433 9436 1597 
usemtl PATCH_16
f 1597 9436 9439 1596 
usemtl PATCH_16
f 1596 9439 9442 1595 
usemtl PATCH_16
f 1595 9442 9445 1594 
usemtl PATCH_16
f 1594 9445 9448 1593 
usemtl PATCH_16
f 1593 9448 9451 1592 
usemtl PATCH_16
f 1592 9451 9454 1591 
usemtl PATCH_16
f 1591 9454 1590 59 
usemtl PATCH_16
f 1573 1574 9422 9421 
usemtl PATCH_16
f 9421 9422 9425 9424 
usemtl PATCH_16
f 9424 9425 9428 9427 
usemtl PATCH_16
f 9427 9428 9431 9430 
usemtl PATCH_16
f 9430 9431 9434 9433 
usemtl PATCH_16
f 9433 9434 9437 9436 
usemtl PATCH_16
f 9436 9437 9440 9439 
usemtl PATCH_16
f 9439 9440 9443 9442 
usemtl PATCH_16
f 9442 9443 9446 9445 
usemtl PATCH_16
f 9445 9446 9449 9448 
usemtl PATCH_16
f 9448 9449 9452 9451 
usemtl PATCH_16
f 9451 9452 9455 9454 
usemtl PATCH_16
f 9454 9455 1589 1590 
usemtl PATCH_16
f 1574 1575 9423 9422 
usemtl PATCH_16
f 9422 9423 9426 9425 
usemtl PATCH_16
f 9425 9426 9429 9428 
usemtl PATCH_16
f 9428 9429 9432 9431 
usemtl PATCH_16
f 9431 9432 9435 9434 
usemtl PATCH_16
f 9434 9435 9438 9437 
usemtl PATCH_16
f 9437 9438 9441 9440 
usemtl PATCH_16
f 9440 9441 9444 9443 
usemtl PATCH_16
f 9443 9444 9447 9446 
usemtl PATCH_16
f 9446 9447 9450 9449 
usemtl PATCH_16
f 9449 9450 9453 9452 
usemtl PATCH_16
f 9452 9453 9456 9455 
usemtl PATCH_16
f 9455 9456 1588 1589 
usemtl PATCH_16
f 1575 67 1576 9423 
usemtl PATCH_16
f 9423 1576 1577 9426 
usemtl PATCH_16
f 9426 1577 1578 9429 
usemtl PATCH_16
f 9429 1578 1579 9432 
usemtl PATCH_16
f 9432 1579 1580 9435 
usemtl PATCH_16
f 9435 1580 1581 9438 
usemtl PATCH_16
f 9438 1581 1582 9441 
usemtl PATCH_16
f 9441 1582 1583 9444 
usemtl PATCH_16
f 9444 1583 1584 9447 
usemtl PATCH_16
f 9447 1584 1585 9450 
usemtl PATCH_16
f 9450 1585 1586 9453 
usemtl PATCH_16
f 9453 1586 1587 9456 
usemtl PATCH_16
f 9456 1587 38 1588 
usemtl PATCH_10
f 66 1603 9457 1573 
usemtl PATCH_10
f 1573 9457 9464 1574 
usemtl PATCH_10
f 1574 9464 9471 1575 
usemtl PATCH_10
f 1575 9471 1616 67 
usemtl PATCH_10
f 1603 1604 9458 9457 
usemtl PATCH_10
f 9457 9458 9465 9464 
usemtl PATCH_10
f 9464 9465 9472 9471 
usemtl PATCH_10
f 9471 9472 1615 1616 
usemtl PATCH_10
f 1604 1605 9459 9458 
usemtl PATCH_10
f 9458 9459 9466 9465 
usemtl PATCH_10
f 9465 9466 9473 9472 
usemtl PATCH_10
f 9472 9473 1614 1615 
usemtl PATCH_10
f 1605 1606 9460 9459 
usemtl PATCH_10
f 9459 9460 9467 9466 
usemtl PATCH_10
f 9466 9467 9474 9473 
usemtl PATCH_10
f 9473 9474 1613 1614 
usemtl PATCH_10
f 1606 1607 9461 9460 
usemtl PATCH_10
f 9460 9461 9468 9467 
usemtl PATCH_10
f 9467 9468 9475 9474 
usemtl PATCH_10
f 9474 9475 1612 1613 
usemtl PATCH_10
f 1607 1608 9462 9461 
usemtl PATCH_10
f 9461 9462 9469 9468 
usemtl PATCH_10
f 9468 9469 9476 9475 
usemtl PATCH_10
f 9475 9476 1611 1612 
usemtl PATCH_10
f 1608 1609 9463 9462 
usemtl PATCH_10
f 9462 9463 9470 9469 
usemtl PATCH_10
f 9469 9470 9477 9476 
usemtl PATCH_10
f 9476 9477 1610 1611 
usemtl PATCH_10
f 1609 64 1553 9463 
usemtl PATCH_10
f 9463 1553 1552 9470 
usemtl PATCH_10
f 9470 1552 1551 9477 
usemtl PATCH_10
f 9477 1551 65 1610 
usemtl PATCH_9
f 66 1602 9478 1603 
usemtl PATCH_9
f 1603 9478 9490 1604 
usemtl PATCH_9
f 1604 9490 9502 1605 
usemtl PATCH_9
f 1605 9502 9514 1606 
usemtl PATCH_9
f 1606 9514 9526 1607 
usemtl PATCH_9
f 1607 9526 9538 1608 
usemtl PATCH_9
f 1608 9538 9550 1609 
usemtl PATCH_9
f 1609 9550 1532 64 
usemtl PATCH_9
f 1602 1601 9479 9478 
usemtl PATCH_9
f 9478 9479 9491 9490 
usemtl PATCH_9
f 9490 9491 9503 9502 
usemtl PATCH_9
f 9502 9503 9515 9514 
usemtl PATCH_9
f 9514 9515 9527 9526 
usemtl PATCH_9
f 9526 9527 9539 9538 
usemtl PATCH_9
f 9538 9539 9551 9550 
usemtl PATCH_9
f 9550 9551 1533 1532 
usemtl PATCH_9
f 1601 1600 9480 9479 
usemtl PATCH_9
f 9479 9480 9492 9491 
usemtl PATCH_9
f 9491 9492 9504 9503 
usemtl PATCH_9
f 9503 9504 9516 9515 
usemtl PATCH_9
f 9515 9516 9528 9527 
usemtl PATCH_9
f 9527 9528 9540 9539 
usemtl PATCH_9
f 9539 9540 9552 9551 
usemtl PATCH_9
f 9551 9552 1534 1533 
usemtl PATCH_9
f 1600 1599 9481 9480 
usemtl PATCH_9
f 9480 9481 9493 9492 
usemtl PATCH_9
f 9492 9493 9505 9504 
usemtl PATCH_9
f 9504 9505 9517 9516 
usemtl PATCH_9
f 9516 9517 9529 9528 
usemtl PATCH_9
f 9528 9529 9541 9540 
usemtl PATCH_9
f 9540 9541 9553 9552 
usemtl PATCH_9
f 9552 9553 1535 1534 
usemtl PATCH_9
f 1599 1598 9482 9481 
usemtl PATCH_9
f 9481 9482 9494 9493 
usemtl PATCH_9
f 9493 9494 9506 9505 
usemtl PATCH_9
f 9505 9506 9518 9517 
usemtl PATCH_9
f 9517 9518 9530 9529 
usemtl PATCH_9
f 9529 9530 9542 9541 
usemtl PATCH_9
f 9541 9542 9554 9553 
usemtl PATCH_9
f 9553 9554 1536 1535 
usemtl PATCH_9
f 1598 1597 9483 9482 
usemtl PATCH_9
f 9482 9483 9495 9494 
usemtl PATCH_9
f 9494 9495 9507 9506 
usemtl PATCH_9
f 9506 9507 9519 9518 
usemtl PATCH_9
f 9518 9519 9531 9530 
usemtl PATCH_9
f 9530 9531 9543 9542 
usemtl PATCH_9
f 9542 9543 9555 9554 
usemtl PATCH_9
f 9554 9555 1537 1536 
usemtl PATCH_9
f 1597 1596 9484 9483 
usemtl PATCH_9
f 9483 9484 9496 9495 
usemtl PATCH_9
f 9495 9496 9508 9507 
usemtl PATCH_9
f 9507 9508 9520 9519 
usemtl PATCH_9
f 9519 9520 9532 9531 
usemtl PATCH_9
f 9531 9532 9544 9543 
usemtl PATCH_9
f 9543 9544 9556 9555 
usemtl PATCH_9
f 9555 9556 1538 1537 
usemtl PATCH_9
f 1596 1595 9485 9484 
usemtl PATCH_9
f 9484 9485 9497 9496 
usemtl PATCH_9
f 9496 9497 9509 9508 
usemtl PATCH_9
f 9508 9509 9521 9520 
usemtl PATCH_9
f 9520 9521 9533 9532 
usemtl PATCH_9
f 9532 9533 9545 9544 
usemtl PATCH_9
f 9544 9545 9557 9556 
usemtl PATCH_9
f 9556 9557 1539 1538 
usemtl PATCH_9
f 1595 1594 9486 9485 
usemtl PATCH_9
f 9485 9486 9498 9497 
usemtl PATCH_9
f 9497 9498 9510 9509 
usemtl PATCH_9
f 9509 9510 9522 9521 
usemtl PATCH_9
f 9521 9522 9534 9533 
usemtl PATCH_9
f 9533 9534 9546 9545 
usemtl PATCH_9
f 9545 9546 9558 9557 
usemtl PATCH_9
f 9557 9558 1540 1539 
usemtl PATCH_9
f 1594 1593 9487 9486 
usemtl PATCH_9
f 9486 9487 9499 9498 
usemtl PATCH_9
f 9498 9499 9511 9510 
usemtl PATCH_9
f 9510 9511 9523 9522 
usemtl PATCH_9
f 9522 9523 9535 9534 
usemtl PATCH_9
f 9534 9535 9547 9546 
usemtl PATCH_9
f 9546 9547 9559 9558 
usemtl PATCH_9
f 9558 9559 1541 1540 
usemtl PATCH_9
f 1593 1592 9488 9487 
usemtl PATCH_9
f 9487 9488 9500 9499 
usemtl PATCH_9
f 9499 9500 9512 9511 
usemtl PATCH_9
f 9511 9512 9524 9523 
usemtl PATCH_9
f 9523 9524 9536 9535 
usemtl PATCH_9
f 9535 9536 9548 9547 
usemtl PATCH_9
f 9547 9548 9560 9559 
usemtl PATCH_9
f 9559 9560 1542 1541 
usemtl PATCH_9
f 1592 1591 9489 9488 
usemtl PATCH_9
f 9488 9489 9501 9500 
usemtl PATCH_9
f 9500 9501 9513 9512 
usemtl PATCH_9
f 9512 9513 9525 9524 
usemtl PATCH_9
f 9524 9525 9537 9536 
usemtl PATCH_9
f 9536 9537 9549 9548 
usemtl PATCH_9
f 9548 9549 9561 9560 
usemtl PATCH_9
f 9560 9561 1543 1542 
usemtl PATCH_9
f 1591 59 1474 9489 
usemtl PATCH_9
f 9489 1474 1473 9501 
usemtl PATCH_9
f 9501 1473 1472 9513 
usemtl PATCH_9
f 9513 1472 1471 9525 
usemtl PATCH_9
f 9525 1471 1470 9537 
usemtl PATCH_9
f 9537 1470 1469 9549 
usemtl PATCH_9
f 9549 1469 1468 9561 
usemtl PATCH_9
f 9561 1468 54 1543 
usemtl PATCH_12
f 67 1616 9562 1576 
usemtl PATCH_12
f 1576 9562 9569 1577 
usemtl PATCH_12
f 1577 9569 9576 1578 
usemtl PATCH_12
f 1578 9576 9583 1579 
usemtl PATCH_12
f 1579 9583 9590 1580 
usemtl PATCH_12
f 1580 9590 9597 1581 
usemtl PATCH_12
f 1581 9597 9604 1582 
usemtl PATCH_12
f 1582 9604 9611 1583 
usemtl PATCH_12
f 1583 9611 9618 1584 
usemtl PATCH_12
f 1584 9618 9625 1585 
usemtl PATCH_12
f 1585 9625 9632 1586 
usemtl PATCH_12
f 1586 9632 9639 1587 
usemtl PATCH_12
f 1587 9639 890 38 
usemtl PATCH_12
f 1616 1615 9563 9562 
usemtl PATCH_12
f 9562 9563 9570 9569 
usemtl PATCH_12
f 9569 9570 9577 9576 
usemtl PATCH_12
f 9576 9577 9584 9583 
usemtl PATCH_12
f 9583 9584 9591 9590 
usemtl PATCH_12
f 9590 9591 9598 9597 
usemtl PATCH_12
f 9597 9598 9605 9604 
usemtl PATCH_12
f 9604 9605 9612 9611 
usemtl PATCH_12
f 9611 9612 9619 9618 
usemtl PATCH_12
f 9618 9619 9626 9625 
usemtl PATCH_12
f 9625 9626 9633 9632 
usemtl PATCH_12
f 9632 9633 9640 9639 
usemtl PATCH_12
f 9639 9640 891 890 
usemtl PATCH_12
f 1615 1614 9564 9563 
usemtl PATCH_12
f 9563 9564 9571 9570 
usemtl PATCH_12
f 9570 9571 9578 9577 
usemtl PATCH_12
f 9577 9578 9585 9584 
usemtl PATCH_12
f 9584 9585 9592 9591 
usemtl PATCH_12
f 9591 9592 9599 9598 
usemtl PATCH_12
f 9598 9599 9606 9605 
usemtl PATCH_12
f 9605 9606 9613 9612 
usemtl PATCH_12
f 9612 9613 9620 9619 
usemtl PATCH_12
f 9619 9620 9627 9626 
usemtl PATCH_12
f 9626 9627 9634 9633 
usemtl PATCH_12
f 9633 9634 9641 9640 
usemtl PATCH_12
f 9640 9641 892 891 
usemtl PATCH_12
f 1614 1613 9565 9564 
usemtl PATCH_12
f 9564 9565 9572 9571 
usemtl PATCH_12
f 9571 9572 9579 9578 
usemtl PATCH_12
f 9578 9579 9586 9585 
usemtl PATCH_12
f 9585 9586 9593 9592 
usemtl PATCH_12
f 9592 9593 9600 9599 
usemtl PATCH_12
f 9599 9600 9607 9606 
usemtl PATCH_12
f 9606 9607 9614 9613 
usemtl PATCH_12
f 9613 9614 9621 9620 
usemtl PATCH_12
f 9620 9621 9628 9627 
usemtl PATCH_12
f 9627 9628 9635 9634 
usemtl PATCH_12
f 9634 9635 9642 9641 
usemtl PATCH_12
f 9641 9642 893 892 
usemtl PATCH_12
f 1613 1612 9566 9565 
usemtl PATCH_12
f 9565 9566 9573 9572 
usemtl PATCH_12
f 9572 9573 9580 9579 
usemtl PATCH_12
f 9579 9580 9587 9586 
usemtl PATCH_12
f 9586 9587 9594 9593 
usemtl PATCH_12
f 9593 9594 9601 9600 
usemtl PATCH_12
f 9600 9601 9608 9607 
usemtl PATCH_12
f 9607 9608 9615 9614 
usemtl PATCH_12
f 9614 9615 9622 9621 
usemtl PATCH_12
f 9621 9622 9629 9628 
usemtl PATCH_12
f 9628 9629 9636 9635 
usemtl PATCH_12
f 9635 9636 9643 9642 
usemtl PATCH_12
f 9642 9643 894 893 
usemtl PATCH_12
f 1612 1611 9567 9566 
usemtl PATCH_12
f 9566 9567 9574 9573 
usemtl PATCH_12
f 9573 9574 9581 9580 
usemtl PATCH_12
f 9580 9581 9588 9587 
usemtl PATCH_12
f 9587 9588 9595 9594 
usemtl PATCH_12
f 9594 9595 9602 9601 
usemtl PATCH_12
f 9601 9602 9609 9608 
usemtl PATCH_12
f 9608 9609 9616 9615 
usemtl PATCH_12
f 9615 9616 9623 9622 
usemtl PATCH_12
f 9622 9623 9630 9629 
usemtl PATCH_12
f 9629 9630 9637 9636 
usemtl PATCH_12
f 9636 9637 9644 9643 
usemtl PATCH_12
f 9643 9644 895 894 
usemtl PATCH_12
f 1611 1610 9568 9567 
usemtl PATCH_12
f 9567 9568 9575 9574 
usemtl PATCH_12
f 9574 9575 9582 9581 
usemtl PATCH_12
f 9581 9582 9589 9588 
usemtl PATCH_12
f 9588 9589 9596 9595 
usemtl PATCH_12
f 9595 9596 9603 9602 
usemtl PATCH_12
f 9602 9603 9610 9609 
usemtl PATCH_12
f 9609 9610 9617 9616 
usemtl PATCH_12
f 9616 9617 9624 9623 
usemtl PATCH_12
f 9623 9624 9631 9630 
usemtl PATCH_12
f 9630 9631 9638 9637 
usemtl PATCH_12
f 9637 9638 9645 9644 
usemtl PATCH_12
f 9644 9645 896 895 
usemtl PATCH_12
f 1610 65 1572 9568 
usemtl PATCH_12
f 9568 1572 1571 9575 
usemtl PATCH_12
f 9575 1571 1570 9582 
usemtl PATCH_12
f 9582 1570 1569 9589 
usemtl PATCH_12
f 9589 1569 1568 9596 
usemtl PATCH_12
f 9596 1568 1567 9603 
usemtl PATCH_12
f 9603 1567 1566 9610 
usemtl PATCH_12
f 9610 1566 1565 9617 
usemtl PATCH_12
f 9617 1565 1564 9624 
usemtl PATCH_12
f 9624 1564 1563 9631 
usemtl PATCH_12
f 9631 1563 1562 9638 
usemtl PATCH_12
f 9638 1562 1561 9645 
usemtl PATCH_12
f 9645 1561 34 896 
usemtl PATCH_8
f 68 1617 9646 1636 
usemtl PATCH_8
f 1636 9646 9649 1635 
usemtl PATCH_8
f 1635 9649 9652 1634 
usemtl PATCH_8
f 1634 9652 9655 1633 
usemtl PATCH_8
f 1633 9655 9658 1632 
usemtl PATCH_8
f 1632 9658 9661 1631 
usemtl PATCH_8
f 1631 9661 9664 1630 
usemtl PATCH_8
f 1630 9664 1629 70 
usemtl PATCH_8
f 1617 1618 9647 9646 
usemtl PATCH_8
f 9646 9647 9650 9649 
usemtl PATCH_8
f 9649 9650 9653 9652 
usemtl PATCH_8
f 9652 9653 9656 9655 
usemtl PATCH_8
f 9655 9656 9659 9658 
usemtl PATCH_8
f 9658 9659 9662 9661 
usemtl PATCH_8
f 9661 9662 9665 9664 
usemtl PATCH_8
f 9664 9665 1628 1629 
usemtl PATCH_8
f 1618 1619 9648 9647 
usemtl PATCH_8
f 9647 9648 9651 9650 
usemtl PATCH_8
f 9650 9651 9654 9653 
usemtl PATCH_8
f 9653 9654 9657 9656 
usemtl PATCH_8
f 9656 9657 9660 9659 
usemtl PATCH_8
f 9659 9660 9663 9662 
usemtl PATCH_8
f 9662 9663 9666 9665 
usemtl PATCH_8
f 9665 9666 1627 1628 
usemtl PATCH_8
f 1619 62 1620 9648 
usemtl PATCH_8
f 9648 1620 1621 9651 
usemtl PATCH_8
f 9651 1621 1622 9654 
usemtl PATCH_8
f 9654 1622 1623 9657 
usemtl PATCH_8
f 9657 1623 1624 9660 
usemtl PATCH_8
f 9660 1624 1625 9663 
usemtl PATCH_8
f 9663 1625 1626 9666 
usemtl PATCH_8
f 9666 1626 69 1627 
usemtl PATCH_7
f 68 1637 9667 1617 
usemtl PATCH_7
f 1617 9667 9674 1618 
usemtl PATCH_7
f 1618 9674 9681 1619 
usemtl PATCH_7
f 1619 9681 1554 62 
usemtl PATCH_7
f 1637 1638 9668 9667 
usemtl PATCH_7
f 9667 9668 9675 9674 
usemtl PATCH_7
f 9674 9675 9682 9681 
usemtl PATCH_7
f 9681 9682 1555 1554 
usemtl PATCH_7
f 1638 1639 9669 9668 
usemtl PATCH_7
f 9668 9669 9676 9675 
usemtl PATCH_7
f 9675 9676 9683 9682 
usemtl PATCH_7
f 9682 9683 1556 1555 
usemtl PATCH_7
f 1639 1640 9670 9669 
usemtl PATCH_7
f 9669 9670 9677 9676 
usemtl PATCH_7
f 9676 9677 9684 9683 
usemtl PATCH_7
f 9683 9684 1557 1556 
usemtl PATCH_7
f 1640 1641 9671 9670 
usemtl PATCH_7
f 9670 9671 9678 9677 
usemtl PATCH_7
f 9677 9678 9685 9684 
usemtl PATCH_7
f 9684 9685 1558 1557 
usemtl PATCH_7
f 1641 1642 9672 9671 
usemtl PATCH_7
f 9671 9672 9679 9678 
usemtl PATCH_7
f 9678 9679 9686 9685 
usemtl PATCH_7
f 9685 9686 1559 1558 
usemtl PATCH_7
f 1642 1643 9673 9672 
usemtl PATCH_7
f 9672 9673 9680 9679 
usemtl PATCH_7
f 9679 9680 9687 9686 
usemtl PATCH_7
f 9686 9687 1560 1559 
usemtl PATCH_7
f 1643 71 1644 9673 
usemtl PATCH_7
f 9673 1644 1645 9680 
usemtl PATCH_7
f 9680 1645 1646 9687 
usemtl PATCH_7
f 9687 1646 34 1560 
usemtl PATCH_69
f 68 1636 9688 1637 
usemtl PATCH_69
f 1637 9688 9695 1638 
usemtl PATCH_69
f 1638 9695 9702 1639 
usemtl PATCH_69
f 1639 9702 9709 1640 
usemtl PATCH_69
f 1640 9709 9716 1641 
usemtl PATCH_69
f 1641 9716 9723 1642 
usemtl PATCH_69
f 1642 9723 9730 1643 
usemtl PATCH_69
f 1643 9730 1660 71 
usemtl PATCH_69
f 1636 1635 9689 9688 
usemtl PATCH_69
f 9688 9689 9696 9695 
usemtl PATCH_69
f 9695 9696 9703 9702 
usemtl PATCH_69
f 9702 9703 9710 9709 
usemtl PATCH_69
f 9709 9710 9717 9716 
usemtl PATCH_69
f 9716 9717 9724 9723 
usemtl PATCH_69
f 9723 9724 9731 9730 
usemtl PATCH_69
f 9730 9731 1659 1660 
usemtl PATCH_69
f 1635 1634 9690 9689 
usemtl PATCH_69
f 9689 9690 9697 9696 
usemtl PATCH_69
f 9696 9697 9704 9703 
usemtl PATCH_69
f 9703 9704 9711 9710 
usemtl PATCH_69
f 9710 9711 9718 9717 
usemtl PATCH_69
f 9717 9718 9725 9724 
usemtl PATCH_69
f 9724 9725 9732 9731 
usemtl PATCH_69
f 9731 9732 1658 1659 
usemtl PATCH_69
f 1634 1633 9691 9690 
usemtl PATCH_69
f 9690 9691 9698 9697 
usemtl PATCH_69
f 9697 9698 9705 9704 
usemtl PATCH_69
f 9704 9705 9712 9711 
usemtl PATCH_69
f 9711 9712 9719 9718 
usemtl PATCH_69
f 9718 9719 9726 9725 
usemtl PATCH_69
f 9725 9726 9733 9732 
usemtl PATCH_69
f 9732 9733 1657 1658 
usemtl PATCH_69
f 1633 1632 9692 9691 
usemtl PATCH_69
f 9691 9692 9699 9698 
usemtl PATCH_69
f 9698 9699 9706 9705 
usemtl PATCH_69
f 9705 9706 9713 9712 
usemtl PATCH_69
f 9712 9713 9720 9719 
usemtl PATCH_69
f 9719 9720 9727 9726 
usemtl PATCH_69
f 9726 9727 9734 9733 
usemtl PATCH_69
f 9733 9734 1656 1657 
usemtl PATCH_69
f 1632 1631 9693 9692 
usemtl PATCH_69
f 9692 9693 9700 9699 
usemtl PATCH_69
f 9699 9700 9707 9706 
usemtl PATCH_69
f 9706 9707 9714 9713 
usemtl PATCH_69
f 9713 9714 9721 9720 
usemtl PATCH_69
f 9720 9721 9728 9727 
usemtl PATCH_69
f 9727 9728 9735 9734 
usemtl PATCH_69
f 9734 9735 1655 1656 
usemtl PATCH_69
f 1631 1630 9694 9693 
usemtl PATCH_69
f 9693 9694 9701 9700 
usemtl PATCH_69
f 9700 9701 9708 9707 
usemtl PATCH_69
f 9707 9708 9715 9714 
usemtl PATCH_69
f 9714 9715 9722 9721 
usemtl PATCH_69
f 9721 9722 9729 9728 
usemtl PATCH_69
f 9728 9729 9736 9735 
usemtl PATCH_69
f 9735 9736 1654 1655 
usemtl PATCH_69
f 1630 70 1647 9694 
usemtl PATCH_69
f 9694 1647 1648 9701 
usemtl PATCH_69
f 9701 1648 1649 9708 
usemtl PATCH_69
f 9708 1649 1650 9715 
usemtl PATCH_69
f 9715 1650 1651 9722 
usemtl PATCH_69
f 9722 1651 1652 9729 
usemtl PATCH_69
f 9729 1652 1653 9736 
usemtl PATCH_69
f 9736 1653 72 1654 
usemtl PATCH_68
f 70 1629 9737 1647 
usemtl PATCH_68
f 1647 9737 9740 1648 
usemtl PATCH_68
f 1648 9740 9743 1649 
usemtl PATCH_68
f 1649 9743 9746 1650 
usemtl PATCH_68
f 1650 9746 9749 1651 
usemtl PATCH_68
f 1651 9749 9752 1652 
usemtl PATCH_68
f 1652 9752 9755 1653 
usemtl PATCH_68
f 1653 9755 1670 72 
usemtl PATCH_68
f 1629 1628 9738 9737 
usemtl PATCH_68
f 9737 9738 9741 9740 
usemtl PATCH_68
f 9740 9741 9744 9743 
usemtl PATCH_68
f 9743 9744 9747 9746 
usemtl PATCH_68
f 9746 9747 9750 9749 
usemtl PATCH_68
f 9749 9750 9753 9752 
usemtl PATCH_68
f 9752 9753 9756 9755 
usemtl PATCH_68
f 9755 9756 1669 1670 
usemtl PATCH_68
f 1628 1627 9739 9738 
usemtl PATCH_68
f 9738 9739 9742 9741 
usemtl PATCH_68
f 9741 9742 9745 9744 
usemtl PATCH_68
f 9744 9745 9748 9747 
usemtl PATCH_68
f 9747 9748 9751 9750 
usemtl PATCH_68
f 9750 9751 9754 9753 
usemtl PATCH_68
f 9753 9754 9757 9756 
usemtl PATCH_68
f 9756 9757 1668 1669 
usemtl PATCH_68
f 1627 69 1661 9739 
usemtl PATCH_68
f 9739 1661 1662 9742 
usemtl PATCH_68
f 9742 1662 1663 9745 
usemtl PATCH_68
f 9745 1663 1664 9748 
usemtl PATCH_68
f 9748 1664 1665 9751 
usemtl PATCH_68
f 9751 1665 1666 9754 
usemtl PATCH_68
f 9754 1666 1667 9757 
usemtl PATCH_68
f 9757 1667 35 1668 
usemtl PATCH_15
f 71 1660 9758 1644 
usemtl PATCH_15
f 1644 9758 9765 1645 
usemtl PATCH_15
f 1645 9765 9772 1646 
usemtl PATCH_15
f 1646 9772 861 34 
usemtl PATCH_15
f 1660 1659 9759 9758 
usemtl PATCH_15
f 9758 9759 9766 9765 
usemtl PATCH_15
f 9765 9766 9773 9772 
usemtl PATCH_15
f 9772 9773 862 861 
usemtl PATCH_15
f 1659 1658 9760 9759 
usemtl PATCH_15
f 9759 9760 9767 9766 
usemtl PATCH_15
f 9766 9767 9774 9773 
usemtl PATCH_15
f 9773 9774 863 862 
usemtl PATCH_15
f 1658 1657 9761 9760 
usemtl PATCH_15
f 9760 9761 9768 9767 
usemtl PATCH_15
f 9767 9768 9775 9774 
usemtl PATCH_15
f 9774 9775 864 863 
usemtl PATCH_15
f 1657 1656 9762 9761 
usemtl PATCH_15
f 9761 9762 9769 9768 
usemtl PATCH_15
f 9768 9769 9776 9775 
usemtl PATCH_15
f 9775 9776 865 864 
usemtl PATCH_15
f 1656 1655 9763 9762 
usemtl PATCH_15
f 9762 9763 9770 9769 
usemtl PATCH_15
f 9769 9770 9777 9776 
usemtl PATCH_15
f 9776 9777 866 865 
usemtl PATCH_15
f 1655 1654 9764 9763 
usemtl PATCH_15
f 9763 9764 9771 9770 
usemtl PATCH_15
f 9770 9771 9778 9777 
usemtl PATCH_15
f 9777 9778 867 866 
usemtl PATCH_15
f 1654 72 1670 9764 
usemtl PATCH_15
f 9764 1670 1669 9771 
usemtl PATCH_15
f 9771 1669 1668 9778 
usemtl PATCH_15
f 9778 1668 35 867 
usemtl PATCH_3
f 69 1626 9779 1673 
usemtl PATCH_3
f 1673 9779 9786 1672 
usemtl PATCH_3
f 1672 9786 9793 1671 
usemtl PATCH_3
f 1671 9793 1348 55 
usemtl PATCH_3
f 1626 1625 9780 9779 
usemtl PATCH_3
f 9779 9780 9787 9786 
usemtl PATCH_3
f 9786 9787 9794 9793 
usemtl PATCH_3
f 9793 9794 1349 1348 
usemtl PATCH_3
f 1625 1624 9781 9780 
usemtl PATCH_3
f 9780 9781 9788 9787 
usemtl PATCH_3
f 9787 9788 9795 9794 
usemtl PATCH_3
f 9794 9795 1350 1349 
usemtl PATCH_3
f 1624 1623 9782 9781 
usemtl PATCH_3
f 9781 9782 9789 9788 
usemtl PATCH_3
f 9788 9789 9796 9795 
usemtl PATCH_3
f 9795 9796 1351 1350 
usemtl PATCH_3
f 1623 1622 9783 9782 
usemtl PATCH_3
f 9782 9783 9790 9789 
usemtl PATCH_3
f 9789 9790 9797 9796 
usemtl PATCH_3
f 9796 9797 1352 1351 
usemtl PATCH_3
f 1622 1621 9784 9783 
usemtl PATCH_3
f 9783 9784 9791 9790 
usemtl PATCH_3
f 9790 9791 9798 9797 
usemtl PATCH_3
f 9797 9798 1353 1352 
usemtl PATCH_3
f 1621 1620 9785 9784 
usemtl PATCH_3
f 9784 9785 9792 9791 
usemtl PATCH_3
f 9791 9792 9799 9798 
usemtl PATCH_3
f 9798 9799 1354 1353 
usemtl PATCH_3
f 1620 62 1509 9785 
usemtl PATCH_3
f 9785 1509 1508 9792 
usemtl PATCH_3
f 9792 1508 1507 9799 
usemtl PATCH_3
f 9799 1507 53 1354 
usemtl PATCH_60
f 69 1673 9800 1661 
usemtl PATCH_60
f 1661 9800 9803 1662 
usemtl PATCH_60
f 1662 9803 9806 1663 
usemtl PATCH_60
f 1663 9806 9809 1664 
usemtl PATCH_60
f 1664 9809 9812 1665 
usemtl PATCH_60
f 1665 9812 9815 1666 
usemtl PATCH_60
f 1666 9815 9818 1667 
usemtl PATCH_60
f 1667 9818 1676 35 
usemtl PATCH_60
f 1673 1672 9801 9800 
usemtl PATCH_60
f 9800 9801 9804 9803 
usemtl PATCH_60
f 9803 9804 9807 9806 
usemtl PATCH_60
f 9806 9807 9810 9809 
usemtl PATCH_60
f 9809 9810 9813 9812 
usemtl PATCH_60
f 9812 9813 9816 9815 
usemtl PATCH_60
f 9815 9816 9819 9818 
usemtl PATCH_60
f 9818 9819 1675 1676 
usemtl PATCH_60
f 1672 1671 9802 9801 
usemtl PATCH_60
f 9801 9802 9805 9804 
usemtl PATCH_60
f 9804 9805 9808 9807 
usemtl PATCH_60
f 9807 9808 9811 9810 
usemtl PATCH_60
f 9810 9811 9814 9813 
usemtl PATCH_60
f 9813 9814 9817 9816 
usemtl PATCH_60
f 9816 9817 9820 9819 
usemtl PATCH_60
f 9819 9820 1674 1675 
usemtl PATCH_60
f 1671 55 1403 9802 
usemtl PATCH_60
f 9802 1403 1402 9805 
usemtl PATCH_60
f 9805 1402 1401 9808 
usemtl PATCH_60
f 9808 1401 1400 9811 
usemtl PATCH_60
f 9811 1400 1399 9814 
usemtl PATCH_60
f 9814 1399 1398 9817 
usemtl PATCH_60
f 9817 1398 1397 9820 
usemtl PATCH_60
f 9820 1397 57 1674 
usemtl PATCH_17
f 40 1677 9821 922 
usemtl PATCH_17
f 922 9821 9824 923 
usemtl PATCH_17
f 923 9824 9827 924 
usemtl PATCH_17
f 924 9827 9830 925 
usemtl PATCH_17
f 925 9830 9833 926 
usemtl PATCH_17
f 926 9833 9836 927 
usemtl PATCH_17
f 927 9836 9839 928 
usemtl PATCH_17
f 928 9839 1588 38 
usemtl PATCH_17
f 1677 1678 9822 9821 
usemtl PATCH_17
f 9821 9822 9825 9824 
usemtl PATCH_17
f 9824 9825 9828 9827 
usemtl PATCH_17
f 9827 9828 9831 9830 
usemtl PATCH_17
f 9830 9831 9834 9833 
usemtl PATCH_17
f 9833 9834 9837 9836 
usemtl PATCH_17
f 9836 9837 9840 9839 
usemtl PATCH_17
f 9839 9840 1589 1588 
usemtl PATCH_17
f 1678 1679 9823 9822 
usemtl PATCH_17
f 9822 9823 9826 9825 
usemtl PATCH_17
f 9825 9826 9829 9828 
usemtl PATCH_17
f 9828 9829 9832 9831 
usemtl PATCH_17
f 9831 9832 9835 9834 
usemtl PATCH_17
f 9834 9835 9838 9837 
usemtl PATCH_17
f 9837 9838 9841 9840 
usemtl PATCH_17
f 9840 9841 1590 1589 
usemtl PATCH_17
f 1679 60 1445 9823 
usemtl PATCH_17
f 9823 1445 1444 9826 
usemtl PATCH_17
f 9826 1444 1443 9829 
usemtl PATCH_17
f 9829 1443 1442 9832 
usemtl PATCH_17
f 9832 1442 1441 9835 
usemtl PATCH_17
f 9835 1441 1440 9838 
usemtl PATCH_17
f 9838 1440 1439 9841 
usemtl PATCH_17
f 9841 1439 59 1590 
usemtl PATCH_62
f 40 917 9842 1677 
usemtl PATCH_62
f 1677 9842 9849 1678 
usemtl PATCH_62
f 1678 9849 9856 1679 
usemtl PATCH_62
f 1679 9856 1482 60 
usemtl PATCH_62
f 917 916 9843 9842 
usemtl PATCH_62
f 9842 9843 9850 9849 
usemtl PATCH_62
f 9849 9850 9857 9856 
usemtl PATCH_62
f 9856 9857 1483 1482 
usemtl PATCH_62
f 916 915 9844 9843 
usemtl PATCH_62
f 9843 9844 9851 9850 
usemtl PATCH_62
f 9850 9851 9858 9857 
usemtl PATCH_62
f 9857 9858 1484 1483 
usemtl PATCH_62
f 915 914 9845 9844 
usemtl PATCH_62
f 9844 9845 9852 9851 
usemtl PATCH_62
f 9851 9852 9859 9858 
usemtl PATCH_62
f 9858 9859 1485 1484 
usemtl PATCH_62
f 914 913 9846 9845 
usemtl PATCH_62
f 9845 9846 9853 9852 
usemtl PATCH_62
f 9852 9853 9860 9859 
usemtl PATCH_62
f 9859 9860 1486 1485 
usemtl PATCH_62
f 913 912 9847 9846 
usemtl PATCH_62
f 9846 9847 9854 9853 
usemtl PATCH_62
f 9853 9854 9861 9860 
usemtl PATCH_62
f 9860 9861 1487 1486 
usemtl PATCH_62
f 912 911 9848 9847 
usemtl PATCH_62
f 9847 9848 9855 9854 
usemtl PATCH_62
f 9854 9855 9862 9861 
usemtl PATCH_62
f 9861 9862 1488 1487 
usemtl PATCH_62
f 911 35 1676 9848 
usemtl PATCH_62
f 9848 1676 1675 9855 
usemtl PATCH_62
f 9855 1675 1674 9862 
usemtl PATCH_62
f 9862 1674 57 1488 
usemtl PATCH_22
f 10 115 9863 1693 
usemtl PATCH_22
f 1693 9863 9870 1692 
usemtl PATCH_22
f 1692 9870 9877 1691 
usemtl PATCH_22
f 1691 9877 9884 1690 
usemtl PATCH_22
f 1690 9884 9891 1689 
usemtl PATCH_22
f 1689 9891 9898 1688 
usemtl PATCH_22
f 1688 9898 9905 1687 
usemtl PATCH_22
f 1687 9905 1686 11 
usemtl PATCH_22
f 115 114 9864 9863 
usemtl PATCH_22
f 9863 9864 9871 9870 
usemtl PATCH_22
f 9870 9871 9878 9877 
usemtl PATCH_22
f 9877 9878 9885 9884 
usemtl PATCH_22
f 9884 9885 9892 9891 
usemtl PATCH_22
f 9891 9892 9899 9898 
usemtl PATCH_22
f 9898 9899 9906 9905 
usemtl PATCH_22
f 9905 9906 1685 1686 
usemtl PATCH_22
f 114 113 9865 9864 
usemtl PATCH_22
f 9864 9865 9872 9871 
usemtl PATCH_22
f 9871 9872 9879 9878 
usemtl PATCH_22
f 9878 9879 9886 9885 
usemtl PATCH_22
f 9885 9886 9893 9892 
usemtl PATCH_22
f 9892 9893 9900 9899 
usemtl PATCH_22
f 9899 9900 9907 9906 
usemtl PATCH_22
f 9906 9907 1684 1685 
usemtl PATCH_22
f 113 112 9866 9865 
usemtl PATCH_22
f 9865 9866 9873 9872 
usemtl PATCH_22
f 9872 9873 9880 9879 
usemtl PATCH_22
f 9879 9880 9887 9886 
usemtl PATCH_22
f 9886 9887 9894 9893 
usemtl PATCH_22
f 9893 9894 9901 9900 
usemtl PATCH_22
f 9900 9901 9908 9907 
usemtl PATCH_22
f 9907 9908 1683 1684 
usemtl PATCH_22
f 112 111 9867 9866 
usemtl PATCH_22
f 9866 9867 9874 9873 
usemtl PATCH_22
f 9873 9874 9881 9880 
usemtl PATCH_22
f 9880 9881 9888 9887 
usemtl PATCH_22
f 9887 9888 9895 9894 
usemtl PATCH_22
f 9894 9895 9902 9901 
usemtl PATCH_22
f 9901 9902 9909 9908 
usemtl PATCH_22
f 9908 9909 1682 1683 
usemtl PATCH_22
f 111 110 9868 9867 
usemtl PATCH_22
f 9867 9868 9875 9874 
usemtl PATCH_22
f 9874 9875 9882 9881 
usemtl PATCH_22
f 9881 9882 9889 9888 
usemtl PATCH_22
f 9888 9889 9896 9895 
usemtl PATCH_22
f 9895 9896 9903 9902 
usemtl PATCH_22
f 9902 9903 9910 9909 
usemtl PATCH_22
f 9909 9910 1681 1682 
usemtl PATCH_22
f 110 109 9869 9868 
usemtl PATCH_22
f 9868 9869 9876 9875 
usemtl PATCH_22
f 9875 9876 9883 9882 
usemtl PATCH_22
f 9882 9883 9890 9889 
usemtl PATCH_22
f 9889 9890 9897 9896 
usemtl PATCH_22
f 9896 9897 9904 9903 
usemtl PATCH_22
f 9903 9904 9911 9910 
usemtl PATCH_22
f 9910 9911 1680 1681 
usemtl PATCH_22
f 109 12 368 9869 
usemtl PATCH_22
f 9869 368 367 9876 
usemtl PATCH_22
f 9876 367 366 9883 
usemtl PATCH_22
f 9883 366 365 9890 
usemtl PATCH_22
f 9890 365 364 9897 
usemtl PATCH_22
f 9897 364 363 9904 
usemtl PATCH_22
f 9904 363 362 9911 
usemtl PATCH_22
f 9911 362 19 1680 
usemtl PATCH_29
f 27 646 9912 575 
usemtl PATCH_29
f 575 9912 9919 576 
usemtl PATCH_29
f 576 9919 9926 577 
usemtl PATCH_29
f 577 9926 9933 578 
usemtl PATCH_29
f 578 9933 9940 579 
usemtl PATCH_29
f 579 9940 9947 580 
usemtl PATCH_29
f 580 9947 9954 581 
usemtl PATCH_29
f 581 9954 826 28 
usemtl PATCH_29
f 646 645 9913 9912 
usemtl PATCH_29
f 9912 9913 9920 9919 
usemtl PATCH_29
f 9919 9920 9927 9926 
usemtl PATCH_29
f 9926 9927 9934 9933 
usemtl PATCH_29
f 9933 9934 9941 9940 
usemtl PATCH_29
f 9940 9941 9948 9947 
usemtl PATCH_29
f 9947 9948 9955 9954 
usemtl PATCH_29
f 9954 9955 827 826 
usemtl PATCH_29
f 645 644 9914 9913 
usemtl PATCH_29
f 9913 9914 9921 9920 
usemtl PATCH_29
f 9920 9921 9928 9927 
usemtl PATCH_29
f 9927 9928 9935 9934 
usemtl PATCH_29
f 9934 9935 9942 9941 
usemtl PATCH_29
f 9941 9942 9949 9948 
usemtl PATCH_29
f 9948 9949 9956 9955 
usemtl PATCH_29
f 9955 9956 828 827 
usemtl PATCH_29
f 644 643 9915 9914 
usemtl PATCH_29
f 9914 9915 9922 9921 
usemtl PATCH_29
f 9921 9922 9929 9928 
usemtl PATCH_29
f 9928 9929 9936 9935 
usemtl PATCH_29
f 9935 9936 9943 9942 
usemtl PATCH_29
f 9942 9943 9950 9949 
usemtl PATCH_29
f 9949 9950 9957 9956 
usemtl PATCH_29
f 9956 9957 829 828 
usemtl PATCH_29
f 643 642 9916 9915 
usemtl PATCH_29
f 9915 9916 9923 9922 
usemtl PATCH_29
f 9922 9923 9930 9929 
usemtl PATCH_29
f 9929 9930 9937 9936 
usemtl PATCH_29
f 9936 9937 9944 9943 
usemtl PATCH_29
f 9943 9944 9951 9950 
usemtl PATCH_29
f 9950 9951 9958 9957 
usemtl PATCH_29
f 9957 9958 830 829 
usemtl PATCH_29
f 642 641 9917 9916 
usemtl PATCH_29
f 9916 9917 9924 9923 
usemtl PATCH_29
f 9923 9924 9931 9930 
usemtl PATCH_29
f 9930 9931 9938 9937 
usemtl PATCH_29
f 9937 9938 9945 9944 
usemtl PATCH_29
f 9944 9945 9952 9951 
usemtl PATCH_29
f 9951 9952 9959 9958 
usemtl PATCH_29
f 9958 9959 831 830 
usemtl PATCH_29
f 641 640 9918 9917 
usemtl PATCH_29
f 9917 9918 9925 9924 
usemtl PATCH_29
f 9924 9925 9932 9931 
usemtl PATCH_29
f 9931 9932 9939 9938 
usemtl PATCH_29
f 9938 9939 9946 9945 
usemtl PATCH_29
f 9945 9946 9953 9952 
usemtl PATCH_29
f 9952 9953 9960 9959 
usemtl PATCH_29
f 9959 9960 832 831 
usemtl PATCH_29
f 640 11 1686 9918 
usemtl PATCH_29
f 9918 1686 1685 9925 
usemtl PATCH_29
f 9925 1685 1684 9932 
usemtl PATCH_29
f 9932 1684 1683 9939 
usemtl PATCH_29
f 9939 1683 1682 9946 
usemtl PATCH_29
f 9946 1682 1681 9953 
usemtl PATCH_29
f 9953 1681 1680 9960 
usemtl PATCH_29
f 9960 1680 19 832 
usemtl PATCH_63
f 49 1228 9961 1152 
usemtl PATCH_63
f 1152 9961 9967 1153 
usemtl PATCH_63
f 1153 9967 9973 1154 
usemtl PATCH_63
f 1154 9973 9979 1155 
usemtl PATCH_63
f 1155 9979 9985 1156 
usemtl PATCH_63
f 1156 9985 9991 1157 
usemtl PATCH_63
f 1157 9991 9997 1158 
usemtl PATCH_63
f 1158 9997 1489 50 
usemtl PATCH_63
f 1228 1227 9962 9961 
usemtl PATCH_63
f 9961 9962 9968 9967 
usemtl PATCH_63
f 9967 9968 9974 9973 
usemtl PATCH_63
f 9973 9974 9980 9979 
usemtl PATCH_63
f 9979 9980 9986 9985 
usemtl PATCH_63
f 9985 9986 9992 9991 
usemtl PATCH_63
f 9991 9992 9998 9997 
usemtl PATCH_63
f 9997 9998 1490 1489 
usemtl PATCH_63
f 1227 1226 9963 9962 
usemtl PATCH_63
f 9962 9963 9969 9968 
usemtl PATCH_63
f 9968 9969 9975 9974 
usemtl PATCH_63
f 9974 9975 9981 9980 
usemtl PATCH_63
f 9980 9981 9987 9986 
usemtl PATCH_63
f 9986 9987 9993 9992 
usemtl PATCH_63
f 9992 9993 9999 9998 
usemtl PATCH_63
f 9998 9999 1491 1490 
usemtl PATCH_63
f 1226 1225 9964 9963 
usemtl PATCH_63
f 9963 9964 9970 9969 
usemtl PATCH_63
f 9969 9970 9976 9975 
usemtl PATCH_63
f 9975 9976 9982 9981 
usemtl PATCH_63
f 9981 9982 9988 9987 
usemtl PATCH_63
f 9987 9988 9994 9993 
usemtl PATCH_63
f 9993 9994 10000 9999 
usemtl PATCH_63
f 9999 10000 1492 1491 
usemtl PATCH_63
f 1225 1224 9965 9964 
usemtl PATCH_63
f 9964 9965 9971 9970 
usemtl PATCH_63
f 9970 9971 9977 9976 
usemtl PATCH_63
f 9976 9977 9983 9982 
usemtl PATCH_63
f 9982 9983 9989 9988 
usemtl PATCH_63
f 9988 9989 9995 9994 
usemtl PATCH_63
f 9994 9995 10001 10000 
usemtl PATCH_63
f 10000 10001 1493 1492 
usemtl PATCH_63
f 1224 1223 9966 9965 
usemtl PATCH_63
f 9965 9966 9972 9971 
usemtl PATCH_63
f 9971 9972 9978 9977 
usemtl PATCH_63
f 9977 9978 9984 9983 
usemtl PATCH_63
f 9983 9984 9990 9989 
usemtl PATCH_63
f 9989 9990 9996 9995 
usemtl PATCH_63
f 9995 9996 10002 10001 
usemtl PATCH_63
f 10001 10002 1494 1493 
usemtl PATCH_63
f 1223 51 1274 9966 
usemtl PATCH_63
f 9966 1274 1273 9972 
usemtl PATCH_63
f 9972 1273 1272 9978 
usemtl PATCH_63
f 9978 1272 1271 9984 
usemtl PATCH_63
f 9984 1271 1270 9990 
usemtl PATCH_63
f 9990 1270 1269 9996 
usemtl PATCH_63
f 9996 1269 1268 10002 
usemtl PATCH_63
f 10002 1268 52 1494 
