mtllib horse_shared_layout.mtl
v 0.164353 0.508110 -0.021463
v 0.172288 0.527403 0.018944
v 0.181064 0.476752 0.025365
v 0.157814 0.470567 -0.018638
v 0.175131 0.534434 -0.029212
v 0.179547 0.546255 -0.018919
v 0.117587 0.516764 -0.038724
v 0.166399 0.540186 -0.035399
v 0.082897 0.449760 -0.030679
v 0.049695 0.235666 -0.052973
v -0.101752 0.287217 -0.071960
v 0.115106 0.203126 0.014024
v 0.148079 0.518035 0.056235
v 0.145752 0.479771 0.058649
v 0.108801 0.533941 0.050568
v 0.072655 0.460627 0.042569
v 0.159519 0.559130 0.061942
v 0.149474 0.565642 0.061437
v 0.162784 0.561331 0.052076
v 0.050564 0.215639 0.094182
v -0.115437 0.242336 0.122775
v 0.131476 0.562974 0.002784
v 0.164847 0.550748 -0.017013
v -0.019941 0.528849 -0.049009
v -0.042883 0.546376 -0.035545
v -0.015706 0.518518 -0.048343
v 0.053494 0.450601 0.001601
v -0.028508 0.518537 -0.023854
v -0.173586 0.268081 0.027657
v -0.035165 0.540839 -0.009255
v -0.031419 0.529780 -0.005305
v 0.149599 0.558874 0.041382
v -0.402373 0.174848 -0.049461
v -0.168103 0.167524 0.017041
v -0.435347 0.178364 -0.035776
v -0.417680 0.180036 -0.088778
v -0.129638 0.183305 -0.092188
v -0.437311 0.198851 -0.068570
v -0.198289 -0.518163 0.057875
v 0.194920 -0.235918 0.051958
v 0.057028 -0.166297 0.103338
v -0.220203 -0.488263 0.090100
v -0.203245 -0.500020 0.026244
v 0.132613 -0.231579 -0.017689
v -0.202888 -0.461086 0.046346
v 0.030591 -0.178757 0.001590
v -0.257480 -0.411801 -0.075039
v -0.264707 -0.370269 -0.061980
v -0.264022 -0.398442 -0.112282
v 0.154350 -0.201925 -0.097971
v -0.249571 -0.363519 -0.096493
v 0.013589 -0.104193 -0.095840
v 0.257467 -0.145237 0.029088
v 0.261692 -0.108697 -0.002919
v 0.194923 -0.002504 0.014287
v 0.159070 -0.049801 0.108407
v 0.197468 -0.434175 0.006674
v 0.181210 -0.456936 -0.007487
v 0.172746 -0.422020 0.006012
v 0.030632 0.171123 0.099897
v -0.122201 0.150028 0.098999
v 0.116113 0.161718 0.021440
v 0.253359 -0.127432 -0.047798
v 0.143379 -0.013134 -0.090479
v 0.199047 -0.440978 -0.027612
v 0.177979 -0.431721 -0.035100
v 0.052811 0.183077 -0.052630
v 0.163566 -0.430445 -0.014083
v -0.456984 0.018050 0.087317
v -0.466345 0.016366 0.056528
v -0.469992 0.042108 0.102291
v -0.459189 0.062017 0.065604
v 0.163985 0.472949 -0.014899
v 0.167960 0.475235 -0.009297
v 0.170759 0.476501 -0.003257
v 0.173144 0.477331 0.002351
v 0.175643 0.477461 0.007647
v 0.178193 0.476625 0.012817
v 0.182082 0.476016 0.017952
v 0.181318 0.467239 0.026074
v 0.181479 0.457815 0.026802
v 0.181564 0.447948 0.027432
v 0.181667 0.437556 0.027858
v 0.181454 0.426499 0.028456
v 0.181125 0.414336 0.029023
v 0.180525 0.401616 0.029287
v 0.179319 0.386741 0.028926
v 0.176682 0.369351 0.028545
v 0.171439 0.350800 0.028894
v 0.165897 0.331148 0.028717
v 0.160422 0.314611 0.028378
v 0.154504 0.299586 0.027782
v 0.148485 0.286342 0.026155
v 0.142077 0.274033 0.023695
v 0.135467 0.263300 0.020625
v 0.130249 0.253787 0.017249
v 0.126193 0.244704 0.014373
v 0.123003 0.235285 0.013150
v 0.120545 0.226661 0.013277
v 0.118559 0.218006 0.013908
v 0.116759 0.210679 0.013863
v 0.107746 0.205562 0.002935
v 0.102239 0.207718 -0.006779
v 0.096354 0.211898 -0.016172
v 0.088421 0.215697 -0.024409
v 0.079328 0.219567 -0.031885
v 0.070348 0.224249 -0.039237
v 0.060256 0.229684 -0.045750
v 0.051725 0.244287 -0.048353
v 0.053543 0.251140 -0.042137
v 0.056497 0.257749 -0.036857
v 0.060976 0.265132 -0.033830
v 0.066570 0.273026 -0.031862
v 0.072624 0.282105 -0.030912
v 0.078907 0.291678 -0.029277
v 0.085560 0.301272 -0.026911
v 0.092623 0.310773 -0.024677
v 0.099943 0.320275 -0.022653
v 0.106925 0.330629 -0.021056
v 0.113318 0.342233 -0.019681
v 0.119115 0.355551 -0.018604
v 0.125249 0.369820 -0.017777
v 0.131131 0.384224 -0.017139
v 0.136507 0.398158 -0.016822
v 0.140825 0.410845 -0.016690
v 0.144295 0.422824 -0.016664
v 0.147277 0.433255 -0.016936
v 0.149818 0.442932 -0.017459
v 0.152440 0.451928 -0.017899
v 0.155195 0.460805 -0.018227
v 0.146915 0.508443 0.056406
v 0.146253 0.498832 0.056878
v 0.146336 0.489517 0.057939
v 0.151884 0.481272 0.055262
v 0.157168 0.482185 0.051231
v 0.161832 0.483027 0.047095
v 0.166379 0.483337 0.043338
v 0.171021 0.483049 0.039756
v 0.176752 0.482040 0.037382
v 0.179613 0.479355 0.031475
v 0.180489 0.487363 0.024206
v 0.179416 0.499010 0.023215
v 0.177152 0.512034 0.021540
v 0.169650 0.524591 0.032148
v 0.165767 0.522165 0.036790
v 0.161825 0.520705 0.039126
v 0.160835 0.520323 0.044317
v 0.158657 0.519087 0.047632
v 0.155753 0.518320 0.051188
v 0.152519 0.517824 0.054394
v 0.143980 0.518729 0.057745
v 0.139690 0.519096 0.058482
v 0.135807 0.519944 0.056754
v 0.132240 0.520495 0.054954
v 0.128132 0.521639 0.054178
v 0.123934 0.523770 0.054249
v 0.117810 0.528483 0.053158
v 0.094609 0.518084 0.049657
v 0.085034 0.500008 0.048046
v 0.077899 0.482067 0.045896
v 0.087440 0.460825 0.044794
v 0.099187 0.462705 0.045636
v 0.109213 0.466032 0.048713
v 0.117272 0.470391 0.052264
v 0.125224 0.474141 0.055201
v 0.132108 0.476260 0.057797
v 0.138918 0.478511 0.059217
v 0.150910 0.527820 0.057890
v 0.154260 0.537766 0.059789
v 0.156816 0.547714 0.060900
v 0.158474 0.554970 0.061500
v 0.158810 0.559679 0.062491
v 0.158007 0.560848 0.063286
v 0.157025 0.562006 0.064260
v 0.156026 0.563715 0.065219
v 0.154352 0.565692 0.065150
v 0.152392 0.566245 0.064094
v 0.150966 0.567256 0.062689
v 0.148043 0.562429 0.059496
v 0.144741 0.555412 0.056668
v 0.139892 0.547397 0.051978
v 0.129908 0.538669 0.045634
v 0.157898 0.532033 0.032331
v 0.156429 0.542734 0.042668
v 0.159473 0.551843 0.046366
v 0.161932 0.558627 0.050373
v 0.163043 0.562066 0.053469
v 0.163369 0.562542 0.055277
v 0.163096 0.562286 0.056706
v 0.162490 0.561709 0.057829
v 0.161833 0.560989 0.058969
v 0.160925 0.560417 0.060029
v 0.160012 0.559495 0.061071
v 0.144650 0.470496 0.059360
v 0.142984 0.460974 0.059967
v 0.140996 0.451049 0.060507
v 0.138827 0.440379 0.061012
v 0.136353 0.428409 0.061689
v 0.133439 0.415371 0.062786
v 0.129898 0.401174 0.063659
v 0.125445 0.385895 0.064587
v 0.120074 0.369872 0.065985
v 0.114363 0.354088 0.067047
v 0.108499 0.339459 0.068147
v 0.103005 0.325639 0.069036
v 0.097392 0.312430 0.069372
v 0.091727 0.299925 0.069371
v 0.086139 0.287553 0.070463
v 0.080177 0.276174 0.071170
v 0.074479 0.265312 0.072536
v 0.069065 0.255645 0.074120
v 0.064328 0.247734 0.075555
v 0.060550 0.240540 0.078843
v 0.057254 0.233690 0.083912
v 0.053485 0.224903 0.088943
v 0.064162 0.211649 0.085735
v 0.076634 0.208759 0.077810
v 0.086350 0.206332 0.070177
v 0.095112 0.203934 0.061121
v 0.102098 0.201880 0.050330
v 0.109067 0.201110 0.039405
v 0.119158 0.201053 0.029097
v 0.077762 0.449337 0.035530
v 0.081428 0.442295 0.033556
v 0.082362 0.436856 0.034318
v 0.081453 0.430092 0.035250
v 0.077605 0.423727 0.037565
v 0.073223 0.415698 0.039285
v 0.068402 0.407755 0.041769
v 0.063976 0.399126 0.044026
v 0.058945 0.391635 0.046732
v 0.053593 0.384574 0.049072
v 0.048814 0.377885 0.050721
v 0.043289 0.371749 0.052642
v 0.037340 0.365225 0.054539
v 0.029923 0.357211 0.056622
v 0.022105 0.347548 0.059356
v 0.013159 0.337483 0.062183
v 0.003071 0.327526 0.065580
v -0.008862 0.319729 0.071606
v -0.023657 0.316146 0.083431
v -0.041737 0.307841 0.095187
v -0.065539 0.294094 0.106980
v -0.091542 0.271709 0.117551
v -0.089078 0.241448 0.122678
v -0.063435 0.241479 0.120838
v -0.041713 0.236324 0.119144
v -0.019725 0.231000 0.117559
v 0.000490 0.227190 0.113858
v 0.018665 0.223338 0.109753
v 0.035545 0.219331 0.103112
v 0.120409 0.527762 -0.036432
v 0.122974 0.535656 -0.036302
v 0.125015 0.542980 -0.031346
v 0.126225 0.546914 -0.027175
v 0.126872 0.549996 -0.022506
v 0.126921 0.551773 -0.016707
v 0.128031 0.554578 -0.009636
v 0.141529 0.549787 -0.007744
v 0.146776 0.541532 -0.009277
v 0.154543 0.542224 -0.011783
v 0.160298 0.547078 -0.014436
v 0.167072 0.552427 -0.019260
v 0.168537 0.552587 -0.022114
v 0.169792 0.552999 -0.026060
v 0.169160 0.551671 -0.028701
v 0.166669 0.547834 -0.032310
v 0.166637 0.545287 -0.034320
v 0.166208 0.541952 -0.034684
v 0.163573 0.537924 -0.033839
v 0.159342 0.533794 -0.030965
v 0.153383 0.527278 -0.026263
v 0.137534 0.524235 -0.033290
v 0.098414 0.516980 -0.040605
v 0.082297 0.518169 -0.042072
v 0.069249 0.520190 -0.042770
v 0.057958 0.521506 -0.042087
v 0.047786 0.521820 -0.040170
v 0.037428 0.522671 -0.040173
v 0.025993 0.523668 -0.040983
v 0.014851 0.525278 -0.042264
v 0.005344 0.526612 -0.043587
v -0.001743 0.526986 -0.045227
v -0.008571 0.528181 -0.046331
v -0.014125 0.527696 -0.047793
v -0.023580 0.530958 -0.049603
v -0.028933 0.534444 -0.050257
v -0.033322 0.537702 -0.050535
v -0.037287 0.541340 -0.049631
v -0.040045 0.544026 -0.046914
v -0.041739 0.545681 -0.042912
v -0.042519 0.546186 -0.039081
v -0.036636 0.553126 -0.035749
v -0.028496 0.560012 -0.035571
v -0.017439 0.562970 -0.033894
v -0.007091 0.563147 -0.031353
v 0.005076 0.562018 -0.028094
v 0.021200 0.561098 -0.023791
v 0.040818 0.559944 -0.018931
v 0.059196 0.558930 -0.014402
v 0.073942 0.558472 -0.010639
v 0.086858 0.559570 -0.007724
v 0.100294 0.559650 -0.004535
v 0.114241 0.558972 -0.000690
v 0.104832 0.501910 -0.039782
v 0.097027 0.486581 -0.038525
v 0.090535 0.469586 -0.035361
v 0.071547 0.459572 -0.035320
v 0.060532 0.469736 -0.040543
v 0.050362 0.476563 -0.042267
v 0.041880 0.484393 -0.041302
v 0.033768 0.489159 -0.041097
v 0.025091 0.494458 -0.041726
v 0.016881 0.498412 -0.042571
v 0.010666 0.501872 -0.042958
v 0.005899 0.504759 -0.043202
v 0.002010 0.507582 -0.044222
v -0.003333 0.511553 -0.046006
v -0.009561 0.515476 -0.047164
v -0.016505 0.520616 -0.048468
v -0.017722 0.523156 -0.048627
v -0.018550 0.525882 -0.048789
v 0.071367 0.443849 -0.024018
v 0.065672 0.445373 -0.019135
v 0.062539 0.446753 -0.014769
v 0.060117 0.447645 -0.010907
v 0.058066 0.448233 -0.007108
v 0.056400 0.448644 -0.003850
v 0.054516 0.449924 -0.001305
v 0.047284 0.455159 -0.000794
v 0.039605 0.459967 -0.003074
v 0.030817 0.465322 -0.005770
v 0.021036 0.471319 -0.008412
v 0.011287 0.477514 -0.011231
v 0.000739 0.484084 -0.013941
v -0.009914 0.490227 -0.016963
v -0.020053 0.495647 -0.019433
v -0.029440 0.498225 -0.021592
v -0.038583 0.499402 -0.023421
v -0.046233 0.504579 -0.025988
v -0.053501 0.516999 -0.030886
v -0.029242 0.517295 -0.039843
v -0.030437 0.517832 -0.041992
v -0.033725 0.521980 -0.033001
v -0.034982 0.518539 -0.044606
v -0.029628 0.516219 -0.046930
v -0.024876 0.517693 -0.049396
v -0.019292 0.518676 -0.049090
v 0.084577 0.442553 -0.019972
v 0.085882 0.438438 -0.015101
v 0.085708 0.432823 -0.013883
v 0.085275 0.427527 -0.013055
v 0.082418 0.420978 -0.013967
v 0.078811 0.414296 -0.014841
v 0.074478 0.407303 -0.015679
v 0.069654 0.400057 -0.016529
v 0.064524 0.392517 -0.017983
v 0.059167 0.385360 -0.020260
v 0.053650 0.379134 -0.023080
v 0.047548 0.373354 -0.025384
v 0.040468 0.367522 -0.027300
v 0.033252 0.361471 -0.028828
v 0.023975 0.354050 -0.029626
v 0.013413 0.345817 -0.029576
v 0.000842 0.336804 -0.028286
v -0.014558 0.327973 -0.028123
v -0.031633 0.322729 -0.035103
v -0.048741 0.319952 -0.044978
v -0.064473 0.314956 -0.054087
v -0.083402 0.302494 -0.063862
v -0.110838 0.293052 -0.058457
v -0.117035 0.297232 -0.047391
v -0.123140 0.299359 -0.036960
v -0.129669 0.302925 -0.027746
v -0.138719 0.302596 -0.017542
v -0.147039 0.296887 -0.005274
v -0.153382 0.284435 0.008429
v -0.145650 0.298192 0.025451
v -0.127317 0.313005 0.023145
v -0.112358 0.321352 0.021423
v -0.099993 0.330045 0.019881
v -0.085053 0.339084 0.018237
v -0.068305 0.351067 0.016522
v -0.050159 0.363094 0.014635
v -0.032154 0.372754 0.013069
v -0.016382 0.379226 0.011085
v -0.003123 0.382854 0.009779
v 0.007452 0.387035 0.008054
v 0.016574 0.393255 0.006903
v 0.025296 0.399870 0.006031
v 0.034046 0.406304 0.005813
v 0.041564 0.412706 0.005901
v 0.047170 0.418926 0.005890
v 0.051940 0.424419 0.006205
v 0.056057 0.429163 0.006464
v 0.059115 0.433705 0.006416
v 0.060583 0.438198 0.005895
v 0.060368 0.442528 0.004871
v 0.057597 0.446547 0.003353
v 0.088247 0.534435 0.042914
v 0.073040 0.534773 0.033892
v 0.058645 0.536736 0.027224
v 0.047458 0.537351 0.021007
v 0.038696 0.538159 0.015196
v 0.028152 0.539621 0.009771
v 0.016701 0.541144 0.005141
v 0.004814 0.542400 0.001540
v -0.006130 0.543060 -0.002035
v -0.015239 0.542697 -0.004453
v -0.023341 0.542130 -0.006210
v -0.030331 0.541188 -0.007709
v -0.034693 0.538478 -0.008515
v -0.033722 0.535320 -0.007397
v -0.031831 0.531954 -0.005999
v -0.026117 0.527591 -0.003360
v -0.020517 0.525137 -0.001243
v -0.012906 0.521486 0.001771
v -0.007394 0.518880 0.004023
v -0.001248 0.515863 0.007101
v 0.005596 0.512732 0.010444
v 0.014052 0.508393 0.014684
v 0.021833 0.503703 0.019684
v 0.028927 0.498936 0.025010
v 0.035757 0.493082 0.032040
v 0.046703 0.484434 0.036136
v 0.059180 0.474548 0.038347
v 0.112490 0.544789 0.045992
v 0.114889 0.550056 0.040780
v 0.116672 0.553539 0.035707
v 0.118070 0.555142 0.030624
v 0.119405 0.555829 0.025959
v 0.120731 0.558211 0.021408
v 0.123535 0.562230 0.016535
v -0.043348 0.546896 -0.032327
v -0.044053 0.547834 -0.028959
v -0.044777 0.548784 -0.025216
v -0.045061 0.549036 -0.020674
v -0.043874 0.547748 -0.016003
v -0.041374 0.544908 -0.012624
v -0.037436 0.542696 -0.010604
v 0.151574 0.568350 0.060313
v 0.152524 0.568166 0.058244
v 0.154663 0.569021 0.056449
v 0.155060 0.567925 0.053573
v 0.154069 0.565195 0.049473
v 0.153006 0.563307 0.046820
v 0.151079 0.560812 0.043520
v 0.146983 0.554922 0.039015
v 0.143691 0.549982 0.036837
v 0.137007 0.545273 0.031559
v 0.136178 0.556429 0.024542
v 0.062216 0.451788 0.035509
v 0.057794 0.449488 0.028125
v 0.055503 0.449509 0.022809
v 0.054452 0.450509 0.017956
v 0.053616 0.450964 0.013347
v 0.053171 0.450998 0.008866
v 0.052852 0.451092 0.004854
v -0.165143 0.276224 0.051429
v -0.155556 0.276581 0.064459
v -0.147802 0.276065 0.074477
v -0.142647 0.274047 0.084679
v -0.138742 0.269576 0.094890
v -0.134342 0.263639 0.105601
v -0.127638 0.253681 0.113348
v -0.035262 0.529793 -0.006539
v -0.041203 0.529242 -0.008407
v -0.045090 0.526641 -0.009515
v -0.048425 0.521804 -0.014413
v -0.046054 0.523118 -0.019872
v -0.033026 0.520677 -0.018904
v -0.035531 0.521131 -0.017701
v 0.166406 0.536201 0.017084
v 0.162354 0.541584 0.015306
v 0.158959 0.545809 0.013878
v 0.155830 0.549499 0.012472
v 0.152323 0.553385 0.010915
v 0.148286 0.556549 0.009237
v 0.142875 0.559813 0.006961
v 0.151160 0.561868 0.042661
v 0.153819 0.564809 0.043838
v 0.157205 0.566988 0.046599
v 0.159339 0.566952 0.048675
v 0.161008 0.566149 0.050412
v 0.161933 0.564747 0.051405
v 0.162427 0.562490 0.051846
v 0.165695 0.526883 0.002995
v 0.166937 0.531262 -0.008410
v 0.173199 0.538105 -0.011859
v 0.177335 0.543013 -0.016189
v 0.180003 0.549426 -0.019369
v 0.180533 0.554393 -0.019712
v 0.179948 0.559310 -0.020315
v 0.177933 0.563340 -0.020044
v 0.172536 0.563342 -0.020838
v 0.169775 0.558023 -0.019871
v 0.166814 0.554173 -0.017791
v -0.397391 0.176599 -0.046579
v -0.396853 0.186522 -0.047496
v -0.397391 0.195640 -0.047948
v -0.400142 0.203927 -0.050327
v -0.397118 0.214498 -0.050898
v -0.393555 0.222806 -0.050907
v -0.389054 0.230303 -0.050142
v -0.384721 0.236374 -0.049743
v -0.379013 0.242022 -0.049786
v -0.371285 0.248500 -0.049784
v -0.362221 0.256350 -0.050179
v -0.352300 0.265394 -0.050709
v -0.342437 0.273759 -0.051569
v -0.332955 0.282096 -0.051748
v -0.325224 0.289874 -0.053205
v -0.318265 0.297219 -0.054834
v -0.311980 0.303225 -0.055423
v -0.303984 0.302749 -0.054951
v -0.298556 0.298962 -0.054047
v -0.293718 0.294653 -0.053073
v -0.288214 0.288953 -0.051979
v -0.280698 0.281118 -0.051173
v -0.270815 0.272070 -0.050642
v -0.260459 0.263411 -0.050381
v -0.250998 0.255170 -0.049030
v -0.242092 0.248363 -0.047921
v -0.234813 0.241902 -0.046490
v -0.228222 0.237119 -0.044805
v -0.221685 0.231753 -0.042552
v -0.214646 0.224427 -0.038774
v -0.207164 0.215273 -0.032497
v -0.199535 0.204791 -0.025357
v -0.187591 0.194918 -0.016325
v -0.177951 0.184949 -0.005001
v -0.171432 0.179680 0.019545
v -0.172353 0.187633 0.021752
v -0.172607 0.195201 0.022886
v -0.173517 0.204234 0.024425
v -0.175753 0.214675 0.025238
v -0.178523 0.233338 0.026733
v -0.173275 0.258375 0.007618
v -0.177380 0.257343 -0.008514
v -0.183850 0.261941 -0.024131
v -0.185532 0.262936 -0.033760
v -0.189899 0.263720 -0.039232
v -0.195967 0.264862 -0.042047
v -0.202934 0.268816 -0.041786
v -0.211277 0.273588 -0.041875
v -0.220859 0.279314 -0.041744
v -0.231598 0.285655 -0.042829
v -0.242723 0.292294 -0.044133
v -0.253540 0.298683 -0.044792
v -0.263743 0.304151 -0.044086
v -0.273457 0.308340 -0.043636
v -0.282836 0.312045 -0.041551
v -0.293624 0.314207 -0.039190
v -0.304448 0.315260 -0.042549
v -0.314767 0.313452 -0.044684
v -0.324898 0.308797 -0.046042
v -0.335359 0.302321 -0.046999
v -0.346439 0.294719 -0.047421
v -0.357255 0.287016 -0.047279
v -0.367398 0.279583 -0.046678
v -0.376433 0.272624 -0.045623
v -0.384477 0.265867 -0.044329
v -0.393630 0.256940 -0.042719
v -0.399813 0.250210 -0.042417
v -0.407718 0.240001 -0.042990
v -0.410933 0.231237 -0.044169
v -0.415555 0.222041 -0.043703
v -0.419963 0.213242 -0.042794
v -0.423570 0.204695 -0.040455
v -0.428498 0.194905 -0.037698
v -0.432410 0.184708 -0.035763
v -0.432242 0.173291 -0.035997
v -0.426145 0.172874 -0.039224
v -0.419905 0.172815 -0.041379
v -0.414926 0.172820 -0.043980
v -0.409084 0.173968 -0.045785
v -0.405721 0.174331 -0.048236
v -0.404925 0.172761 -0.053455
v -0.403981 0.172220 -0.057519
v -0.406227 0.170988 -0.063723
v -0.404527 0.170683 -0.069510
v -0.406358 0.169187 -0.077368
v -0.408295 0.171094 -0.086902
v -0.415508 0.176527 -0.088349
v -0.415851 0.185999 -0.086569
v -0.412828 0.194156 -0.083545
v -0.409652 0.201969 -0.080320
v -0.407105 0.210737 -0.075976
v -0.404474 0.218916 -0.073723
v -0.400873 0.227822 -0.070387
v -0.397337 0.235921 -0.069445
v -0.389953 0.244762 -0.069985
v -0.383253 0.253224 -0.070735
v -0.376602 0.260254 -0.070899
v -0.368954 0.268327 -0.070986
v -0.360497 0.275176 -0.070334
v -0.351333 0.282619 -0.069752
v -0.341689 0.289844 -0.068712
v -0.330891 0.296613 -0.067435
v -0.322871 0.301481 -0.067218
v -0.313361 0.304862 -0.066986
v -0.303869 0.307344 -0.067451
v -0.295561 0.303614 -0.072262
v -0.286588 0.300471 -0.074671
v -0.278313 0.295650 -0.077186
v -0.269652 0.289682 -0.080017
v -0.260334 0.283097 -0.082264
v -0.250849 0.275403 -0.084364
v -0.240888 0.267624 -0.086610
v -0.231648 0.259847 -0.088791
v -0.222583 0.252524 -0.091487
v -0.213230 0.244754 -0.094045
v -0.203692 0.236692 -0.095824
v -0.193212 0.227924 -0.096945
v -0.182221 0.220202 -0.095970
v -0.171777 0.212591 -0.094620
v -0.160920 0.206207 -0.092509
v -0.146325 0.196975 -0.093750
v -0.143841 0.177387 -0.080070
v -0.158735 0.176213 -0.065785
v -0.168537 0.174289 -0.056368
v -0.175716 0.172944 -0.046283
v -0.181069 0.170254 -0.036659
v -0.177639 0.170304 -0.023255
v -0.174645 0.171873 -0.009006
v -0.441720 0.175098 -0.036281
v -0.446696 0.178301 -0.042513
v -0.446594 0.182037 -0.050784
v -0.446096 0.185594 -0.056367
v -0.443729 0.190325 -0.061171
v -0.441697 0.193569 -0.064671
v -0.438252 0.196911 -0.066992
v -0.436602 0.196923 -0.070235
v -0.435961 0.193885 -0.073098
v -0.434949 0.190093 -0.077011
v -0.432047 0.185454 -0.081467
v -0.427374 0.182440 -0.085381
v -0.422641 0.180394 -0.088239
v -0.124088 0.283439 -0.075915
v -0.138521 0.282659 -0.079098
v -0.151216 0.279431 -0.080930
v -0.163588 0.279197 -0.081455
v -0.173610 0.278800 -0.081855
v -0.184665 0.281489 -0.081001
v -0.194379 0.284093 -0.080660
v -0.204389 0.288852 -0.080044
v -0.215574 0.295129 -0.078477
v -0.229902 0.302750 -0.075580
v -0.243442 0.309644 -0.072672
v -0.257109 0.316202 -0.070096
v -0.267623 0.321714 -0.069683
v -0.277163 0.327475 -0.070971
v -0.288371 0.332032 -0.072399
v -0.302374 0.336416 -0.074615
v -0.315501 0.333381 -0.071502
v -0.325262 0.328580 -0.068312
v -0.333596 0.321929 -0.066676
v -0.342810 0.314137 -0.066362
v -0.353010 0.304857 -0.066623
v -0.363700 0.295388 -0.066632
v -0.374109 0.286406 -0.066473
v -0.383778 0.279014 -0.066175
v -0.393871 0.272915 -0.067101
v -0.405508 0.265892 -0.069845
v -0.414277 0.254953 -0.070312
v -0.418398 0.243672 -0.068648
v -0.420062 0.235777 -0.067518
v -0.422791 0.225791 -0.067732
v -0.425616 0.219107 -0.067804
v -0.429791 0.211154 -0.067905
v -0.433730 0.206117 -0.069003
v -0.436767 0.201632 -0.069268
v -0.106174 0.274066 -0.086173
v -0.107375 0.260225 -0.094103
v -0.107063 0.245166 -0.097714
v -0.108639 0.229470 -0.098735
v -0.115675 0.216193 -0.099492
v -0.117766 0.200595 -0.098745
v -0.192346 -0.516859 0.058299
v -0.183849 -0.512014 0.058487
v -0.179005 -0.505176 0.055719
v -0.170750 -0.498854 0.053763
v -0.159332 -0.495658 0.051603
v -0.147813 -0.493440 0.050697
v -0.136925 -0.492324 0.050374
v -0.128655 -0.489575 0.050119
v -0.122450 -0.484149 0.049356
v -0.116067 -0.476783 0.048767
v -0.107109 -0.467707 0.048034
v -0.097157 -0.456278 0.046924
v -0.085156 -0.444491 0.045958
v -0.071768 -0.432118 0.045490
v -0.057442 -0.419873 0.044925
v -0.042720 -0.408075 0.044226
v -0.028784 -0.398029 0.043788
v -0.016019 -0.390044 0.043899
v -0.005596 -0.383222 0.044344
v 0.002100 -0.377347 0.045036
v 0.007724 -0.371116 0.046000
v 0.011760 -0.363373 0.046054
v 0.017285 -0.354991 0.047631
v 0.023952 -0.346628 0.050102
v 0.030850 -0.338947 0.052057
v 0.037312 -0.331188 0.053660
v 0.044925 -0.323499 0.055674
v 0.053715 -0.314727 0.058000
v 0.063356 -0.306423 0.059858
v 0.074033 -0.299556 0.061466
v 0.086768 -0.293443 0.062846
v 0.104884 -0.285978 0.063327
v 0.129536 -0.276071 0.063940
v 0.161180 -0.259157 0.060594
v 0.172394 -0.231698 0.070506
v 0.156886 -0.226099 0.083866
v 0.144058 -0.217623 0.095627
v 0.130858 -0.209374 0.103400
v 0.117900 -0.201304 0.108011
v 0.104586 -0.194141 0.109379
v 0.090224 -0.186072 0.109300
v 0.075120 -0.176877 0.107764
v 0.049242 -0.192109 0.102475
v 0.042695 -0.216240 0.101234
v 0.037771 -0.234127 0.098971
v 0.033310 -0.251520 0.096034
v 0.026078 -0.268764 0.093128
v 0.019833 -0.283251 0.090472
v 0.013080 -0.296964 0.086915
v 0.007398 -0.307625 0.082990
v 0.001845 -0.316534 0.078478
v -0.003320 -0.325236 0.074112
v -0.008402 -0.332743 0.069597
v -0.013555 -0.339784 0.066841
v -0.019033 -0.346467 0.066020
v -0.024592 -0.353093 0.065794
v -0.030307 -0.360299 0.064327
v -0.036618 -0.367516 0.062961
v -0.043120 -0.374788 0.060603
v -0.051041 -0.382756 0.058903
v -0.060738 -0.391733 0.058492
v -0.071623 -0.401474 0.058327
v -0.083274 -0.411500 0.058166
v -0.094726 -0.421461 0.058318
v -0.106209 -0.431346 0.059943
v -0.116921 -0.439973 0.063270
v -0.127105 -0.447716 0.066225
v -0.136405 -0.454608 0.067872
v -0.144020 -0.460988 0.067803
v -0.149672 -0.466046 0.065562
v -0.156335 -0.470195 0.063641
v -0.166246 -0.472826 0.066641
v -0.177145 -0.475177 0.070847
v -0.186641 -0.477347 0.077617
v -0.197670 -0.480802 0.081434
v -0.207007 -0.482897 0.084490
v -0.222023 -0.492502 0.080687
v -0.218367 -0.493852 0.077918
v -0.217977 -0.499704 0.073888
v -0.215917 -0.505291 0.071437
v -0.212966 -0.510116 0.068664
v -0.209631 -0.517356 0.067224
v -0.204674 -0.519783 0.063164
v -0.200955 -0.519581 0.059692
v -0.200234 -0.517873 0.054661
v -0.203646 -0.516103 0.049711
v -0.205999 -0.514117 0.044794
v -0.207723 -0.511542 0.039924
v -0.207477 -0.509785 0.034036
v -0.206874 -0.506586 0.029617
v -0.204116 -0.502518 0.026751
v -0.198779 -0.498165 0.026055
v -0.193308 -0.495772 0.026474
v -0.187955 -0.490643 0.030199
v -0.178344 -0.485993 0.033580
v -0.165575 -0.481933 0.033151
v -0.154917 -0.478551 0.030950
v -0.145889 -0.476071 0.027088
v -0.138821 -0.471562 0.026090
v -0.131201 -0.466128 0.026242
v -0.122867 -0.459490 0.027061
v -0.113039 -0.451084 0.028727
v -0.102308 -0.441028 0.030630
v -0.090096 -0.429481 0.031605
v -0.076941 -0.418166 0.031810
v -0.063450 -0.407043 0.032197
v -0.050666 -0.396650 0.032289
v -0.039231 -0.387612 0.031272
v -0.029639 -0.379864 0.029244
v -0.020894 -0.372564 0.027440
v -0.013108 -0.365647 0.026174
v -0.006345 -0.359030 0.026408
v -0.000561 -0.352773 0.029500
v 0.005366 -0.345193 0.031705
v 0.011737 -0.336208 0.032295
v 0.017804 -0.327100 0.032798
v 0.023794 -0.318763 0.033525
v 0.030462 -0.310975 0.033721
v 0.038386 -0.303083 0.033309
v 0.046768 -0.294701 0.032001
v 0.055648 -0.286394 0.028205
v 0.064145 -0.278709 0.022294
v 0.073530 -0.270598 0.016069
v 0.086933 -0.260358 0.008725
v 0.105273 -0.248491 -0.001057
v 0.154353 -0.236655 -0.005279
v 0.169181 -0.240276 0.000131
v 0.176617 -0.241880 0.006595
v 0.183579 -0.242155 0.012270
v 0.188329 -0.242539 0.018706
v 0.192778 -0.242553 0.025820
v 0.194255 -0.241666 0.036566
v -0.226235 -0.480068 0.088585
v -0.226205 -0.470903 0.083093
v -0.220503 -0.465277 0.072529
v -0.216121 -0.463187 0.064037
v -0.211268 -0.461843 0.057234
v -0.206984 -0.461658 0.051873
v -0.203769 -0.461503 0.049245
v -0.203897 -0.462242 0.045026
v -0.205887 -0.464264 0.041111
v -0.208043 -0.467227 0.037719
v -0.208931 -0.471937 0.033927
v -0.209178 -0.478020 0.030704
v -0.208386 -0.484922 0.028009
v -0.206941 -0.491927 0.026276
v -0.204782 -0.497060 0.025629
v 0.039060 -0.170784 0.094485
v 0.028394 -0.173611 0.085697
v 0.023459 -0.175300 0.074798
v 0.020082 -0.176557 0.065500
v 0.019316 -0.176270 0.053705
v 0.020638 -0.177510 0.041107
v 0.023877 -0.175165 0.025709
v 0.028783 -0.198192 0.021032
v 0.024740 -0.216607 0.030030
v 0.019422 -0.232398 0.035410
v 0.011927 -0.248172 0.037204
v 0.004215 -0.262545 0.037638
v -0.001745 -0.275332 0.038475
v -0.007033 -0.287756 0.039118
v -0.011246 -0.298751 0.039549
v -0.015283 -0.308898 0.039792
v -0.019050 -0.318041 0.040047
v -0.023013 -0.326123 0.040419
v -0.027517 -0.333298 0.040263
v -0.032960 -0.339546 0.039927
v -0.037598 -0.346441 0.040009
v -0.042319 -0.353202 0.040277
v -0.047011 -0.359533 0.040346
v -0.051871 -0.366135 0.040538
v -0.058367 -0.373778 0.040819
v -0.067659 -0.382890 0.041158
v -0.078996 -0.393834 0.041281
v -0.091223 -0.405034 0.041427
v -0.103598 -0.415681 0.041756
v -0.115762 -0.425005 0.042033
v -0.126843 -0.432392 0.042105
v -0.136552 -0.438909 0.042212
v -0.145080 -0.444397 0.042500
v -0.151655 -0.449926 0.042894
v -0.155767 -0.455196 0.043450
v -0.158837 -0.460539 0.044417
v -0.165338 -0.462801 0.045720
v -0.176387 -0.463693 0.047041
v -0.184658 -0.463718 0.048026
v -0.194533 -0.462682 0.047450
v -0.198901 -0.460820 0.047649
v 0.036087 -0.195761 -0.001365
v 0.041294 -0.206721 -0.002929
v 0.045411 -0.212955 -0.004301
v 0.049940 -0.217132 -0.005549
v 0.055680 -0.221310 -0.007373
v 0.061096 -0.224749 -0.009339
v 0.070425 -0.230260 -0.011930
v 0.088019 -0.233994 -0.014770
v -0.252136 -0.410891 -0.073818
v -0.244038 -0.408421 -0.070966
v -0.236377 -0.407894 -0.070160
v -0.231190 -0.402123 -0.071793
v -0.221695 -0.398820 -0.073368
v -0.208696 -0.398196 -0.073096
v -0.196846 -0.397974 -0.072336
v -0.186653 -0.397851 -0.071044
v -0.179326 -0.395344 -0.070793
v -0.173343 -0.390890 -0.071039
v -0.166848 -0.384702 -0.071274
v -0.157999 -0.377601 -0.070982
v -0.147486 -0.369025 -0.070976
v -0.135816 -0.359542 -0.071084
v -0.123250 -0.349813 -0.071041
v -0.109643 -0.339947 -0.071055
v -0.095307 -0.330290 -0.070956
v -0.080982 -0.321166 -0.070822
v -0.066704 -0.313160 -0.070389
v -0.054339 -0.306651 -0.069582
v -0.043957 -0.300773 -0.068463
v -0.036109 -0.295159 -0.066627
v -0.030105 -0.287953 -0.066357
v -0.025822 -0.279144 -0.068193
v -0.020522 -0.270001 -0.069193
v -0.014599 -0.261250 -0.069780
v -0.009152 -0.253447 -0.070315
v -0.003146 -0.246777 -0.070184
v 0.003304 -0.240812 -0.069347
v 0.010222 -0.235613 -0.068019
v 0.019133 -0.233322 -0.064254
v 0.032223 -0.235441 -0.056932
v 0.057011 -0.238047 -0.048143
v 0.090022 -0.239713 -0.035294
v 0.016832 -0.184337 -0.019465
v 0.005656 -0.189324 -0.031977
v -0.003823 -0.193352 -0.045128
v -0.013078 -0.199391 -0.051669
v -0.021321 -0.209857 -0.052580
v -0.028425 -0.218916 -0.053226
v -0.035468 -0.228086 -0.055064
v -0.042177 -0.236432 -0.057406
v -0.048327 -0.244473 -0.060069
v -0.054564 -0.252198 -0.061203
v -0.060785 -0.258781 -0.060554
v -0.066709 -0.265188 -0.060493
v -0.071981 -0.271723 -0.061520
v -0.077416 -0.277954 -0.062815
v -0.083378 -0.284370 -0.064528
v -0.090632 -0.291627 -0.066722
v -0.100271 -0.299718 -0.067350
v -0.111611 -0.308413 -0.067593
v -0.123474 -0.317081 -0.067987
v -0.135427 -0.325703 -0.068287
v -0.146976 -0.333883 -0.068282
v -0.157983 -0.341426 -0.067843
v -0.168260 -0.347900 -0.066844
v -0.177570 -0.353521 -0.065973
v -0.185905 -0.358344 -0.065039
v -0.193172 -0.362692 -0.064996
v -0.199359 -0.366787 -0.066559
v -0.205241 -0.370583 -0.069624
v -0.214548 -0.372617 -0.069958
v -0.225783 -0.372599 -0.068473
v -0.234981 -0.372269 -0.066651
v -0.243301 -0.369839 -0.063501
v -0.250109 -0.371398 -0.063349
v -0.258668 -0.370177 -0.062303
v -0.269269 -0.372820 -0.059952
v -0.272709 -0.378356 -0.060882
v -0.273026 -0.383046 -0.063488
v -0.271610 -0.387573 -0.065363
v -0.269455 -0.392665 -0.067537
v -0.266898 -0.397816 -0.070370
v -0.263240 -0.404738 -0.072210
v -0.260944 -0.408177 -0.075357
v -0.259474 -0.411975 -0.080500
v -0.260687 -0.411570 -0.085466
v -0.262427 -0.410079 -0.090579
v -0.264389 -0.407744 -0.094552
v -0.266097 -0.404183 -0.097959
v -0.266552 -0.400039 -0.100535
v -0.265983 -0.402042 -0.109108
v -0.255635 -0.398658 -0.110613
v -0.247604 -0.398307 -0.109070
v -0.238947 -0.396293 -0.107094
v -0.231217 -0.392839 -0.102639
v -0.221938 -0.389879 -0.100501
v -0.209468 -0.386827 -0.098462
v -0.198880 -0.385837 -0.098820
v -0.190255 -0.384737 -0.100530
v -0.183174 -0.381830 -0.100627
v -0.176019 -0.377698 -0.099926
v -0.167658 -0.372781 -0.099358
v -0.158543 -0.365705 -0.097060
v -0.149155 -0.356616 -0.094077
v -0.137989 -0.346871 -0.093085
v -0.126139 -0.337661 -0.092831
v -0.114117 -0.328789 -0.092274
v -0.102401 -0.320413 -0.091687
v -0.090804 -0.312210 -0.091591
v -0.079887 -0.304822 -0.091941
v -0.069865 -0.298408 -0.093242
v -0.061042 -0.292302 -0.094569
v -0.053344 -0.285898 -0.095373
v -0.047050 -0.279185 -0.094770
v -0.041503 -0.272687 -0.093149
v -0.035186 -0.266606 -0.091937
v -0.027119 -0.260245 -0.092896
v -0.018365 -0.254533 -0.095189
v -0.009114 -0.246306 -0.095837
v -0.001940 -0.235839 -0.096105
v 0.008663 -0.224977 -0.097531
v 0.019854 -0.215277 -0.099315
v 0.036787 -0.210564 -0.102435
v 0.062626 -0.209536 -0.104722
v 0.101223 -0.207779 -0.107055
v 0.155520 -0.217675 -0.091505
v 0.156053 -0.229554 -0.081906
v 0.157705 -0.234932 -0.071329
v 0.159858 -0.237452 -0.061294
v 0.160680 -0.237729 -0.051926
v 0.161387 -0.237220 -0.042413
v 0.153247 -0.237926 -0.031691
v -0.266896 -0.367502 -0.064391
v -0.266007 -0.363944 -0.068452
v -0.264780 -0.361122 -0.073860
v -0.261571 -0.359635 -0.079747
v -0.258270 -0.360095 -0.085442
v -0.254450 -0.361362 -0.090638
v -0.251442 -0.362391 -0.094312
v -0.250888 -0.364107 -0.098264
v -0.253891 -0.364916 -0.101120
v -0.257087 -0.366070 -0.104423
v -0.261355 -0.369533 -0.108098
v -0.264757 -0.373817 -0.111778
v -0.266802 -0.379778 -0.115763
v -0.267900 -0.389368 -0.116821
v -0.265321 -0.394981 -0.113819
v 0.017784 -0.163278 -0.017039
v 0.011957 -0.151683 -0.028397
v 0.004827 -0.140103 -0.036658
v -0.000398 -0.128688 -0.044460
v -0.002268 -0.120122 -0.055742
v -0.003008 -0.113115 -0.067761
v 0.002036 -0.106725 -0.080958
v -0.006556 -0.123025 -0.099029
v -0.021758 -0.147176 -0.098651
v -0.029546 -0.167204 -0.097724
v -0.037474 -0.186147 -0.097176
v -0.043315 -0.201480 -0.096015
v -0.048199 -0.214432 -0.094251
v -0.052833 -0.225511 -0.092798
v -0.056837 -0.235017 -0.091320
v -0.060933 -0.243203 -0.090151
v -0.065461 -0.250089 -0.089525
v -0.070838 -0.255888 -0.089636
v -0.075932 -0.262066 -0.089408
v -0.080537 -0.268544 -0.088818
v -0.085149 -0.274519 -0.088422
v -0.090223 -0.280158 -0.088205
v -0.096815 -0.286249 -0.087794
v -0.105918 -0.294094 -0.087359
v -0.117258 -0.303527 -0.087343
v -0.129764 -0.313442 -0.087803
v -0.142328 -0.322933 -0.088162
v -0.154441 -0.331002 -0.088876
v -0.165944 -0.337582 -0.090252
v -0.176239 -0.343221 -0.091422
v -0.185115 -0.348386 -0.091641
v -0.192733 -0.353190 -0.091481
v -0.198387 -0.357963 -0.091134
v -0.201572 -0.362354 -0.090386
v -0.204912 -0.366466 -0.089588
v -0.211720 -0.366718 -0.090230
v -0.221056 -0.366020 -0.092315
v -0.229695 -0.365047 -0.093584
v -0.237158 -0.364327 -0.095639
v -0.242560 -0.362520 -0.096333
v -0.246918 -0.363015 -0.097178
v 0.025043 -0.112668 -0.106419
v 0.036555 -0.120597 -0.110881
v 0.049517 -0.127829 -0.114418
v 0.062372 -0.135696 -0.118177
v 0.076097 -0.144989 -0.121138
v 0.091050 -0.157464 -0.121754
v 0.107356 -0.171537 -0.119266
v 0.128373 -0.187530 -0.113523
v -0.049143 0.540443 -0.035751
v -0.053267 0.533702 -0.035516
v -0.053154 0.521841 -0.033563
v 0.179636 0.545594 -0.020768
v 0.179506 0.543722 -0.022200
v 0.179020 0.542230 -0.024283
v 0.178377 0.540636 -0.025574
v 0.177713 0.538921 -0.026877
v 0.176926 0.537549 -0.027883
v 0.175890 0.535575 -0.028475
v 0.174930 0.535008 -0.030142
v 0.174799 0.536191 -0.031508
v 0.174285 0.536559 -0.032839
v 0.173161 0.538272 -0.033774
v 0.171850 0.539084 -0.034770
v 0.170301 0.539801 -0.035825
v 0.167971 0.540245 -0.035605
v 0.259761 -0.141178 0.025046
v 0.261575 -0.137145 0.021156
v 0.263048 -0.133263 0.017517
v 0.263941 -0.128356 0.014592
v 0.263771 -0.123267 0.011124
v 0.263110 -0.117860 0.006957
v 0.262264 -0.112617 0.002157
v 0.255016 -0.091457 -0.000497
v 0.247916 -0.073927 0.002427
v 0.239577 -0.056908 0.005291
v 0.231275 -0.043274 0.007804
v 0.223456 -0.032371 0.009985
v 0.216235 -0.023731 0.011685
v 0.209635 -0.016421 0.012892
v 0.202336 -0.009420 0.013721
v 0.194334 -0.004254 0.026281
v 0.193155 -0.007007 0.039139
v 0.191068 -0.011109 0.051776
v 0.186911 -0.016710 0.063886
v 0.181303 -0.024031 0.074216
v 0.175764 -0.030234 0.087067
v 0.169195 -0.038078 0.099553
v 0.173517 -0.061413 0.104609
v 0.188074 -0.073394 0.099671
v 0.202584 -0.086199 0.093850
v 0.215586 -0.098867 0.085918
v 0.227674 -0.110392 0.077187
v 0.236814 -0.120611 0.065611
v 0.244324 -0.129281 0.053606
v 0.251232 -0.137919 0.041018
v 0.261269 -0.152283 0.017035
v 0.265036 -0.157814 0.006499
v 0.272741 -0.164169 -0.000012
v 0.283689 -0.171108 -0.000130
v 0.295023 -0.178681 -0.000504
v 0.305610 -0.186297 -0.000226
v 0.314314 -0.193518 0.000814
v 0.321424 -0.200610 0.002428
v 0.327807 -0.208547 0.003891
v 0.334294 -0.217854 0.005097
v 0.340993 -0.229416 0.006206
v 0.347780 -0.242871 0.007392
v 0.353825 -0.257841 0.008417
v 0.357948 -0.273048 0.009024
v 0.359607 -0.288363 0.009128
v 0.357800 -0.302955 0.008050
v 0.352553 -0.317800 0.006680
v 0.342540 -0.332590 0.005669
v 0.328650 -0.347603 0.005225
v 0.311576 -0.362508 0.006012
v 0.295462 -0.375535 0.006920
v 0.281455 -0.386067 0.007421
v 0.270565 -0.393992 0.007571
v 0.260221 -0.401194 0.007756
v 0.250140 -0.406604 0.006815
v 0.238653 -0.412181 0.006255
v 0.227280 -0.418521 0.006264
v 0.217428 -0.423346 0.006376
v 0.209031 -0.428466 0.006346
v 0.201738 -0.432132 0.006759
v 0.195147 -0.437347 0.006312
v 0.193694 -0.440406 0.005939
v 0.191730 -0.444122 0.004863
v 0.190655 -0.446945 0.003075
v 0.188880 -0.449728 0.001142
v 0.186119 -0.452907 -0.001028
v 0.182726 -0.455199 -0.004027
v 0.196699 -0.451755 -0.008160
v 0.213613 -0.446088 -0.008746
v 0.231032 -0.439858 -0.009721
v 0.248035 -0.433389 -0.010623
v 0.263145 -0.427075 -0.011384
v 0.275610 -0.421455 -0.011681
v 0.286022 -0.415815 -0.011889
v 0.296473 -0.409544 -0.011651
v 0.309237 -0.401355 -0.011443
v 0.324692 -0.390542 -0.011103
v 0.341032 -0.378033 -0.010832
v 0.356748 -0.363538 -0.010323
v 0.371108 -0.348018 -0.009166
v 0.382313 -0.329732 -0.007193
v 0.389966 -0.307279 -0.004964
v 0.388234 -0.283074 -0.006309
v 0.381579 -0.257974 -0.007588
v 0.371159 -0.238458 -0.009551
v 0.360407 -0.221652 -0.010637
v 0.351089 -0.208021 -0.010600
v 0.340629 -0.197942 -0.011714
v 0.331276 -0.188357 -0.011750
v 0.320968 -0.179297 -0.011841
v 0.309941 -0.171635 -0.012083
v 0.299367 -0.164919 -0.011934
v 0.288506 -0.158437 -0.011301
v 0.278611 -0.153978 -0.010989
v 0.273633 -0.145958 -0.009213
v 0.270741 -0.136422 -0.007663
v 0.266957 -0.124181 -0.005475
v 0.253807 -0.151474 0.032719
v 0.249506 -0.158565 0.036590
v 0.244200 -0.168287 0.040279
v 0.238485 -0.179186 0.044037
v 0.231148 -0.190713 0.047382
v 0.222696 -0.203850 0.050437
v 0.210560 -0.217064 0.053462
v 0.221409 -0.215964 0.029991
v 0.240363 -0.199214 0.013244
v 0.261347 -0.196827 0.003228
v 0.278172 -0.196355 -0.004686
v 0.293820 -0.198070 -0.009669
v 0.305406 -0.205940 -0.008619
v 0.311481 -0.215969 -0.006940
v 0.316348 -0.225312 -0.005703
v 0.321328 -0.236584 -0.004204
v 0.325175 -0.246216 -0.002781
v 0.329657 -0.258413 -0.001831
v 0.333664 -0.269783 -0.001288
v 0.336748 -0.281552 -0.001596
v 0.337751 -0.291805 -0.001818
v 0.334757 -0.301739 -0.001725
v 0.327518 -0.311954 -0.001157
v 0.315520 -0.323303 -0.000970
v 0.300751 -0.334739 -0.000888
v 0.285598 -0.345372 -0.000914
v 0.272131 -0.353897 -0.000331
v 0.260731 -0.361756 0.000372
v 0.251888 -0.368515 0.000881
v 0.242340 -0.375045 0.001794
v 0.231940 -0.381142 0.002936
v 0.220200 -0.387673 0.004268
v 0.208586 -0.394444 0.005360
v 0.197897 -0.400732 0.005837
v 0.187773 -0.407242 0.006557
v 0.179907 -0.412725 0.007373
v 0.175007 -0.418888 0.006876
v 0.172726 -0.424304 0.007524
v 0.173075 -0.426765 0.009111
v 0.173617 -0.429983 0.010741
v 0.176096 -0.433432 0.011170
v 0.181663 -0.434046 0.008918
v 0.187990 -0.434101 0.007371
v 0.194081 -0.433948 0.007002
v 0.147951 -0.063707 0.112186
v 0.136952 -0.078408 0.115068
v 0.126340 -0.093269 0.115682
v 0.115045 -0.107531 0.114954
v 0.103162 -0.119329 0.113767
v 0.088239 -0.133282 0.112168
v 0.074458 -0.146029 0.108619
v 0.145043 -0.039948 0.108081
v 0.134335 -0.033563 0.102923
v 0.129095 -0.025821 0.102243
v 0.123980 -0.018368 0.101428
v 0.118705 -0.011431 0.101685
v 0.112174 -0.004769 0.102753
v 0.105834 0.002284 0.104052
v 0.099511 0.009603 0.105145
v 0.094016 0.017564 0.106572
v 0.088694 0.026253 0.107971
v 0.083369 0.035436 0.108741
v 0.077783 0.045356 0.109268
v 0.072042 0.055808 0.109751
v 0.066205 0.066384 0.109656
v 0.060020 0.077233 0.109010
v 0.054398 0.088022 0.108176
v 0.049258 0.098543 0.107653
v 0.044180 0.109166 0.107072
v 0.039377 0.119399 0.106484
v 0.035835 0.129248 0.105691
v 0.032670 0.139210 0.104544
v 0.030604 0.148409 0.103117
v 0.029824 0.157042 0.101987
v 0.029657 0.164496 0.100696
v 0.009308 0.170151 0.108843
v -0.010661 0.167893 0.115641
v -0.029368 0.165387 0.118936
v -0.046289 0.163608 0.121466
v -0.064132 0.160986 0.121784
v -0.081651 0.157430 0.119740
v -0.100399 0.153727 0.113076
v -0.109958 0.145668 0.098597
v -0.105173 0.135062 0.105576
v -0.101082 0.123194 0.108817
v -0.098189 0.107659 0.113877
v -0.092929 0.091033 0.117441
v -0.086524 0.074849 0.120043
v -0.079162 0.058291 0.122637
v -0.070645 0.041974 0.124099
v -0.062054 0.025822 0.125733
v -0.052837 0.010838 0.125754
v -0.043601 -0.002948 0.125075
v -0.034900 -0.016090 0.124602
v -0.025325 -0.027828 0.122014
v -0.016314 -0.039554 0.119152
v -0.007359 -0.052260 0.116336
v 0.001789 -0.065798 0.112977
v 0.010136 -0.078777 0.109010
v 0.018476 -0.093078 0.105103
v 0.025401 -0.105691 0.101352
v 0.030959 -0.113895 0.098633
v 0.036367 -0.122336 0.096780
v 0.041041 -0.125533 0.097383
v 0.047069 -0.133742 0.096103
v 0.052028 -0.145334 0.098201
v 0.186808 0.004731 0.014768
v 0.178433 0.012143 0.015314
v 0.169877 0.019576 0.015976
v 0.162047 0.027055 0.017246
v 0.154422 0.034657 0.018619
v 0.145640 0.044913 0.020959
v 0.140191 0.052077 0.021937
v 0.132157 0.064923 0.024449
v 0.129315 0.070590 0.024448
v 0.126437 0.077013 0.024669
v 0.124017 0.082085 0.024381
v 0.121770 0.086791 0.024038
v 0.119783 0.091615 0.023773
v 0.118571 0.096449 0.023695
v 0.117378 0.101229 0.023816
v 0.116191 0.106167 0.024021
v 0.115134 0.111887 0.024195
v 0.114428 0.117796 0.024400
v 0.114989 0.126394 0.024326
v 0.115609 0.134178 0.024213
v 0.115604 0.141877 0.023877
v 0.115872 0.148485 0.023568
v 0.115705 0.154056 0.023088
v 0.115869 0.157949 0.022296
v 0.112296 0.161041 0.032494
v 0.108356 0.161563 0.044354
v 0.101029 0.163840 0.055379
v 0.091697 0.166869 0.066022
v 0.081108 0.169085 0.076135
v 0.067892 0.170650 0.084881
v 0.050741 0.171258 0.091748
v 0.245300 -0.114619 -0.056448
v 0.236628 -0.100904 -0.065350
v 0.227686 -0.087199 -0.073682
v 0.216076 -0.072250 -0.079579
v 0.203157 -0.057517 -0.084481
v 0.188377 -0.043117 -0.088059
v 0.172430 -0.031018 -0.090431
v 0.157116 -0.020282 -0.092298
v 0.155569 -0.006604 -0.077266
v 0.165397 -0.003828 -0.063013
v 0.174440 -0.000666 -0.049469
v 0.181809 0.001574 -0.035951
v 0.187596 0.001548 -0.022401
v 0.191843 0.000244 -0.009208
v 0.194216 -0.001283 0.002799
v 0.261111 -0.107508 -0.008552
v 0.261143 -0.108912 -0.014680
v 0.260761 -0.111416 -0.021026
v 0.260300 -0.114510 -0.026834
v 0.259507 -0.118196 -0.032661
v 0.258715 -0.121935 -0.037088
v 0.256261 -0.124687 -0.042249
v 0.249876 -0.130431 -0.054012
v 0.244309 -0.134803 -0.060251
v 0.238159 -0.141182 -0.066960
v 0.229924 -0.150056 -0.074237
v 0.220112 -0.161670 -0.081450
v 0.204446 -0.173887 -0.089140
v 0.185607 -0.185949 -0.094495
v 0.038855 -0.093117 -0.097316
v 0.057505 -0.083178 -0.098907
v 0.073619 -0.072133 -0.101244
v 0.088743 -0.062025 -0.102480
v 0.102878 -0.051237 -0.102620
v 0.116383 -0.038873 -0.100279
v 0.129690 -0.025637 -0.097168
v 0.259138 -0.138892 -0.038833
v 0.263746 -0.148193 -0.031224
v 0.269980 -0.156148 -0.026115
v 0.279859 -0.162209 -0.026385
v 0.290474 -0.168186 -0.027558
v 0.301086 -0.174508 -0.028805
v 0.310957 -0.180535 -0.030517
v 0.319845 -0.187093 -0.032178
v 0.327924 -0.194660 -0.033482
v 0.335579 -0.203487 -0.034501
v 0.344118 -0.213201 -0.035951
v 0.352426 -0.225768 -0.036514
v 0.361230 -0.239878 -0.037273
v 0.368964 -0.256050 -0.037927
v 0.374355 -0.273428 -0.038145
v 0.375630 -0.291820 -0.038501
v 0.372223 -0.310591 -0.039016
v 0.362015 -0.327530 -0.037580
v 0.348966 -0.344248 -0.037530
v 0.333173 -0.360632 -0.037765
v 0.315438 -0.376546 -0.037833
v 0.298930 -0.389521 -0.037826
v 0.284790 -0.400272 -0.037397
v 0.273133 -0.406908 -0.036442
v 0.260869 -0.412925 -0.035401
v 0.246737 -0.419909 -0.034036
v 0.234153 -0.425807 -0.032568
v 0.216648 -0.434048 -0.029506
v 0.209157 -0.436687 -0.028865
v 0.200898 -0.441049 -0.027554
v 0.193301 -0.442156 -0.027549
v 0.190003 -0.442549 -0.029084
v 0.184375 -0.443819 -0.030576
v 0.182021 -0.442080 -0.032706
v 0.180280 -0.438736 -0.032991
v 0.179644 -0.435780 -0.033856
v 0.178323 -0.433051 -0.034491
v 0.181221 -0.428495 -0.037929
v 0.188044 -0.423171 -0.038793
v 0.195955 -0.417213 -0.041510
v 0.204960 -0.412031 -0.043076
v 0.214438 -0.406365 -0.044902
v 0.225659 -0.399230 -0.045898
v 0.237069 -0.392533 -0.046688
v 0.247743 -0.385333 -0.047084
v 0.257321 -0.378311 -0.047253
v 0.266769 -0.370449 -0.047200
v 0.277680 -0.362094 -0.046396
v 0.291033 -0.351979 -0.045299
v 0.305163 -0.340858 -0.043407
v 0.320608 -0.328102 -0.042166
v 0.333586 -0.315747 -0.041478
v 0.342574 -0.303943 -0.041156
v 0.346577 -0.291968 -0.041073
v 0.345361 -0.279549 -0.041024
v 0.341623 -0.267727 -0.041082
v 0.336277 -0.254857 -0.040035
v 0.330846 -0.243185 -0.038754
v 0.325194 -0.231197 -0.036859
v 0.319312 -0.221002 -0.034912
v 0.313508 -0.211633 -0.032305
v 0.305993 -0.203210 -0.029890
v 0.296007 -0.195512 -0.027901
v 0.283313 -0.187517 -0.027097
v 0.261960 -0.186324 -0.033873
v 0.236853 -0.190702 -0.049801
v 0.207692 -0.198488 -0.076763
v 0.183885 -0.457155 -0.011633
v 0.186626 -0.455689 -0.014998
v 0.188275 -0.454051 -0.017523
v 0.190291 -0.451079 -0.019684
v 0.192086 -0.448398 -0.021691
v 0.194221 -0.445432 -0.023963
v 0.196180 -0.443131 -0.025754
v 0.133394 -0.009575 -0.085112
v 0.128446 -0.004659 -0.081471
v 0.124914 0.001699 -0.077860
v 0.121435 0.006792 -0.074309
v 0.116885 0.011947 -0.071812
v 0.111198 0.016940 -0.070023
v 0.106243 0.022756 -0.068894
v 0.101108 0.028834 -0.067715
v 0.096680 0.035724 -0.067312
v 0.092050 0.043205 -0.067165
v 0.087391 0.051517 -0.067111
v 0.082727 0.060224 -0.066810
v 0.078226 0.069403 -0.066077
v 0.073664 0.078996 -0.064717
v 0.069267 0.088843 -0.062964
v 0.064938 0.098801 -0.061071
v 0.061244 0.108951 -0.059457
v 0.057977 0.118957 -0.057911
v 0.055067 0.128832 -0.056137
v 0.052813 0.138978 -0.055280
v 0.051114 0.148955 -0.054428
v 0.050103 0.158276 -0.053268
v 0.049871 0.167301 -0.053143
v 0.050615 0.175622 -0.052469
v 0.067498 0.182466 -0.045175
v 0.079186 0.180792 -0.038341
v 0.088525 0.178511 -0.030686
v 0.096717 0.175092 -0.021694
v 0.104661 0.171400 -0.011965
v 0.110292 0.167361 -0.000629
v 0.112529 0.164206 0.010319
v 0.024037 -0.092611 -0.085715
v 0.026576 -0.086220 -0.081519
v 0.031551 -0.078834 -0.078408
v 0.026931 -0.073687 -0.078507
v 0.020527 -0.068462 -0.080050
v 0.010921 -0.062582 -0.082129
v -0.001432 -0.055481 -0.083945
v -0.011397 -0.045240 -0.084679
v -0.019998 -0.035431 -0.085353
v -0.026918 -0.026715 -0.086379
v -0.034058 -0.017447 -0.087466
v -0.040272 -0.008630 -0.088600
v -0.046715 0.000856 -0.089262
v -0.053343 0.011318 -0.089178
v -0.060354 0.022725 -0.089215
v -0.067218 0.035827 -0.089078
v -0.073774 0.050579 -0.088105
v -0.080725 0.066295 -0.087073
v -0.087633 0.082533 -0.084905
v -0.094997 0.099805 -0.082601
v -0.103825 0.119168 -0.080994
v -0.111352 0.137289 -0.080306
v -0.116369 0.153437 -0.080159
v -0.117349 0.166103 -0.085783
v -0.095324 0.180337 -0.092969
v -0.073097 0.179450 -0.092347
v -0.046244 0.179304 -0.089473
v -0.023307 0.179861 -0.084622
v -0.002160 0.180601 -0.079241
v 0.016969 0.181714 -0.070570
v 0.035193 0.182852 -0.061618
v 0.193539 -0.223168 -0.018180
v 0.230192 -0.206583 -0.017513
v 0.255614 -0.188082 -0.019450
v 0.278440 -0.194065 -0.017563
v 0.292211 -0.200810 -0.018541
v 0.300850 -0.207448 -0.019174
v 0.307014 -0.213858 -0.019726
v 0.310907 -0.222517 -0.020126
v 0.315172 -0.232127 -0.020908
v 0.319932 -0.243363 -0.021444
v 0.324773 -0.255173 -0.021541
v 0.329243 -0.266806 -0.021430
v 0.333019 -0.277476 -0.021479
v 0.335009 -0.286628 -0.021822
v 0.334720 -0.294626 -0.022024
v 0.330660 -0.302367 -0.022164
v 0.322898 -0.312165 -0.022406
v 0.309334 -0.323831 -0.023213
v 0.291949 -0.336800 -0.024029
v 0.273404 -0.349293 -0.024530
v 0.256276 -0.360249 -0.024467
v 0.240753 -0.371474 -0.023784
v 0.223355 -0.378538 -0.022559
v 0.205407 -0.387296 -0.021242
v 0.190010 -0.394395 -0.019558
v 0.177391 -0.399882 -0.018716
v 0.173961 -0.407699 -0.017589
v 0.172038 -0.413544 -0.017011
v 0.169171 -0.418800 -0.016367
v 0.165635 -0.424415 -0.015422
v 0.163452 -0.429663 -0.011055
v 0.163553 -0.428964 -0.008057
v 0.163767 -0.427788 -0.005046
v 0.164856 -0.426555 -0.001986
v 0.165971 -0.425140 0.000934
v 0.167411 -0.423042 0.003879
v 0.170217 -0.422890 0.005928
v -0.136691 0.145285 0.085444
v -0.145997 0.143527 0.075870
v -0.151948 0.143207 0.068765
v -0.155779 0.143104 0.063545
v -0.159322 0.143932 0.058015
v -0.164078 0.146234 0.050395
v -0.167320 0.153252 0.038308
v -0.166316 0.154879 0.015524
v -0.164196 0.142364 0.015716
v -0.161963 0.130894 0.015899
v -0.159521 0.116648 0.016338
v -0.156768 0.100129 0.016246
v -0.153350 0.081175 0.016485
v -0.149108 0.060672 0.016800
v -0.143256 0.040714 0.017023
v -0.136732 0.020911 0.016752
v -0.127310 0.002403 0.016196
v -0.118270 -0.015175 0.016165
v -0.106615 -0.030187 0.016751
v -0.095669 -0.044569 0.017198
v -0.083237 -0.055796 0.017285
v -0.071128 -0.066622 0.016825
v -0.059200 -0.077008 0.016586
v -0.047028 -0.087776 0.016436
v -0.034117 -0.098314 0.015758
v -0.021232 -0.107913 0.014577
v -0.009002 -0.117044 0.013516
v 0.001649 -0.125147 0.012158
v 0.010250 -0.133298 0.010425
v 0.016904 -0.144394 0.008136
v 0.022013 -0.156735 0.005935
v 0.175752 -0.431402 -0.034439
v 0.172607 -0.431686 -0.032465
v 0.169539 -0.431494 -0.030679
v 0.167733 -0.431419 -0.027500
v 0.166237 -0.431352 -0.024348
v 0.164884 -0.431095 -0.020931
v 0.163883 -0.430970 -0.017334
v 0.115817 0.166514 0.019610
v 0.115402 0.172664 0.018591
v 0.114772 0.178025 0.017535
v 0.114350 0.184005 0.016172
v 0.114237 0.190498 0.015164
v 0.113762 0.196593 0.014280
v 0.047912 0.206054 0.098829
v 0.043499 0.198780 0.100695
v 0.040974 0.192843 0.100680
v 0.037809 0.188264 0.100496
v 0.034749 0.182980 0.099566
v 0.032088 0.177522 0.099287
v -0.123442 0.215849 0.125565
v -0.125696 0.200281 0.125724
v -0.126651 0.186658 0.124003
v -0.125765 0.176168 0.120978
v -0.123264 0.165236 0.116857
v -0.121522 0.157609 0.109906
v 0.055755 0.189318 -0.053521
v 0.057861 0.195224 -0.054077
v 0.057605 0.201797 -0.055100
v 0.055570 0.209264 -0.055762
v 0.052380 0.217635 -0.056284
v 0.050152 0.226669 -0.055523
v -0.080318 0.284515 -0.080703
v -0.060059 0.278959 -0.084807
v -0.038183 0.272013 -0.084982
v -0.016112 0.264296 -0.082046
v 0.004878 0.256165 -0.075277
v 0.023038 0.248980 -0.067753
v 0.037575 0.242101 -0.060135
v -0.139812 0.147316 0.095380
v -0.150900 0.142685 0.094101
v -0.160568 0.138703 0.095408
v -0.170424 0.133767 0.095390
v -0.180986 0.128627 0.096093
v -0.193295 0.122682 0.095141
v -0.206653 0.117124 0.093832
v -0.220405 0.110854 0.092570
v -0.234162 0.104599 0.091480
v -0.245923 0.098371 0.090406
v -0.255694 0.093034 0.089269
v -0.262827 0.087676 0.089333
v -0.268760 0.082704 0.089920
v -0.275296 0.078740 0.090091
v -0.282783 0.076059 0.089729
v -0.291231 0.073971 0.088832
v -0.300632 0.070753 0.088442
v -0.311417 0.066960 0.087112
v -0.323449 0.061211 0.086352
v -0.336160 0.054420 0.085896
v -0.349313 0.046927 0.085491
v -0.362057 0.039315 0.084989
v -0.374442 0.031186 0.084414
v -0.384775 0.023669 0.085600
v -0.394589 0.019853 0.085259
v -0.403469 0.019898 0.084792
v -0.412609 0.022243 0.083551
v -0.423020 0.024414 0.083281
v -0.432702 0.024932 0.083521
v -0.441856 0.023358 0.085173
v -0.448487 0.019868 0.086536
v -0.453004 0.018117 0.087873
v -0.458467 0.017067 0.085881
v -0.460347 0.016757 0.082434
v -0.461484 0.016595 0.078970
v -0.462450 0.016525 0.075230
v -0.463854 0.016105 0.071440
v -0.465592 0.014168 0.067974
v -0.466375 0.014468 0.060525
v -0.459102 0.017359 0.053743
v -0.450909 0.020928 0.055932
v -0.441584 0.025319 0.058964
v -0.430910 0.028462 0.064257
v -0.420412 0.031052 0.065572
v -0.408617 0.031554 0.065297
v -0.400161 0.033051 0.064706
v -0.389899 0.036602 0.065226
v -0.379014 0.040891 0.067081
v -0.369330 0.046183 0.068452
v -0.359570 0.051471 0.069788
v -0.349923 0.056769 0.070860
v -0.339907 0.062171 0.071803
v -0.329560 0.067460 0.072266
v -0.319355 0.072786 0.072027
v -0.309278 0.077961 0.070773
v -0.299410 0.082434 0.068294
v -0.289382 0.086372 0.064965
v -0.279346 0.091274 0.063774
v -0.270045 0.096829 0.063979
v -0.261933 0.102714 0.066008
v -0.253404 0.108625 0.065650
v -0.244333 0.114980 0.064921
v -0.234460 0.121571 0.064079
v -0.224347 0.128220 0.062973
v -0.214435 0.133926 0.061524
v -0.205229 0.138856 0.060289
v -0.196773 0.143398 0.059249
v -0.189074 0.148159 0.057380
v -0.182020 0.152610 0.054665
v -0.175387 0.158361 0.048713
v -0.170819 0.163058 0.038462
v -0.141863 0.220191 0.116973
v -0.155702 0.205907 0.114930
v -0.169938 0.195633 0.114580
v -0.183548 0.184293 0.115139
v -0.196943 0.175100 0.113648
v -0.210898 0.164686 0.111070
v -0.223407 0.155023 0.106991
v -0.235632 0.145194 0.102039
v -0.247894 0.135203 0.098452
v -0.258338 0.126906 0.097242
v -0.267527 0.120487 0.097225
v -0.275763 0.115908 0.098255
v -0.283541 0.110708 0.098059
v -0.291474 0.105804 0.097883
v -0.298996 0.100753 0.096888
v -0.306243 0.095553 0.095498
v -0.314439 0.090142 0.094314
v -0.324220 0.084444 0.094002
v -0.335452 0.078127 0.093929
v -0.347086 0.071634 0.093799
v -0.358322 0.065459 0.093698
v -0.368582 0.060136 0.093608
v -0.378064 0.055655 0.093341
v -0.387503 0.052350 0.093998
v -0.396750 0.049628 0.094421
v -0.405223 0.046747 0.093161
v -0.415437 0.045578 0.092625
v -0.425310 0.045205 0.093885
v -0.438450 0.046582 0.095561
v -0.448172 0.046548 0.098883
v -0.456616 0.046997 0.099379
v -0.466099 0.045442 0.100765
v -0.471548 0.038176 0.102932
v -0.469936 0.031558 0.101349
v -0.469094 0.024691 0.100033
v -0.466582 0.018030 0.097298
v -0.461351 0.019823 0.092084
v -0.458276 0.019032 0.089423
v -0.177218 0.235286 0.048774
v -0.179863 0.213066 0.060073
v -0.183299 0.198083 0.067160
v -0.192130 0.189054 0.068754
v -0.202860 0.181984 0.069251
v -0.214696 0.174419 0.070393
v -0.227346 0.164892 0.071812
v -0.240504 0.154262 0.073473
v -0.252881 0.143303 0.074841
v -0.263562 0.134399 0.075191
v -0.272962 0.128168 0.074062
v -0.281450 0.123022 0.072506
v -0.289475 0.117519 0.072362
v -0.297538 0.112681 0.072228
v -0.304947 0.107886 0.072855
v -0.311409 0.102496 0.074345
v -0.319012 0.096615 0.075445
v -0.328398 0.090081 0.075850
v -0.339284 0.082783 0.076259
v -0.351021 0.075962 0.076079
v -0.362692 0.070070 0.075466
v -0.372943 0.065414 0.074920
v -0.382131 0.061999 0.074596
v -0.390902 0.059877 0.074205
v -0.398787 0.057514 0.074069
v -0.405672 0.054899 0.074590
v -0.412279 0.053146 0.074342
v -0.419854 0.053079 0.073347
v -0.429154 0.054311 0.071108
v -0.438788 0.056885 0.069469
v -0.446380 0.059901 0.066948
v -0.452744 0.061393 0.066179
v -0.462833 0.063557 0.066550
v -0.467734 0.064703 0.070288
v -0.471478 0.064870 0.076001
v -0.474751 0.063419 0.083827
v -0.477364 0.059041 0.093137
v -0.475905 0.047451 0.098564
v -0.473720 0.045742 0.102871
v -0.469178 0.021137 0.054264
v -0.473773 0.030202 0.051732
v -0.480232 0.042876 0.042692
v -0.472390 0.055570 0.049723
v -0.467435 0.059079 0.057362
v -0.462437 0.061149 0.061806
v 0.162041 -0.436192 -0.012552
v 0.163772 -0.441245 -0.011070
v 0.161105 -0.447152 -0.009352
v 0.156791 -0.452211 -0.009171
v 0.152245 -0.457787 -0.009207
v 0.157674 -0.466807 -0.008275
v 0.168996 -0.461224 -0.007281
v 0.167303 0.508595 -0.018254
v 0.169911 0.509149 -0.015089
v 0.171192 0.509945 -0.010736
v 0.172024 0.511168 -0.006663
v 0.172728 0.512289 -0.002000
v 0.172226 0.514314 0.002334
v 0.172912 0.518347 0.007819
v 0.160116 0.480486 -0.019362
v 0.161806 0.490535 -0.020464
v 0.162888 0.499988 -0.020960
v 0.166696 0.514724 -0.022256
v 0.169477 0.520853 -0.024168
v 0.172473 0.526662 -0.026423
v 0.174439 0.531507 -0.028042
v 0.160575 0.506708 -0.024338
v 0.155273 0.506247 -0.025712
v 0.149274 0.504954 -0.026087
v 0.144248 0.505240 -0.028715
v 0.139022 0.506530 -0.031178
v 0.133492 0.508479 -0.032656
v 0.125943 0.510812 -0.035832
v 0.150361 0.467272 -0.020097
v 0.141673 0.464044 -0.020472
v 0.132609 0.460006 -0.020681
v 0.123621 0.456491 -0.020292
v 0.115096 0.453659 -0.020918
v 0.106356 0.451678 -0.023042
v 0.097019 0.449816 -0.026864
v 0.166059 0.501149 -0.017014
v 0.169072 0.501688 -0.013053
v 0.171549 0.502516 -0.008963
v 0.172926 0.502877 -0.003459
v 0.174080 0.504318 0.001047
v 0.174962 0.505778 0.006333
v 0.178828 0.508881 0.011830
v 0.165786 0.492313 -0.015928
v 0.168919 0.493431 -0.011515
v 0.171624 0.493762 -0.006344
v 0.173409 0.494835 -0.001478
v 0.175327 0.495193 0.003870
v 0.177128 0.496046 0.009014
v 0.180801 0.497393 0.014589
v 0.165322 0.482830 -0.015215
v 0.168724 0.484099 -0.009974
v 0.171241 0.485422 -0.004713
v 0.173501 0.485828 0.000896
v 0.175651 0.486339 0.005934
v 0.177857 0.486288 0.011065
v 0.181716 0.485969 0.016916
v 0.169111 0.515001 -0.019833
v 0.171248 0.521363 -0.021711
v 0.173629 0.527190 -0.024196
v 0.175331 0.532542 -0.026894
v 0.170081 0.516007 -0.016485
v 0.172258 0.522183 -0.019108
v 0.174499 0.528583 -0.022286
v 0.175945 0.533441 -0.025142
v 0.170783 0.517078 -0.013355
v 0.172781 0.523583 -0.016603
v 0.175069 0.529542 -0.020252
v 0.176737 0.535227 -0.023837
v 0.171009 0.518180 -0.009850
v 0.172683 0.525063 -0.014241
v 0.175276 0.531151 -0.018351
v 0.177280 0.536349 -0.022475
v 0.171178 0.519578 -0.006881
v 0.172399 0.526436 -0.011887
v 0.175284 0.532571 -0.016576
v 0.177318 0.537933 -0.020744
v 0.170116 0.521051 -0.003933
v 0.170761 0.527794 -0.010238
v 0.175125 0.534128 -0.014604
v 0.177500 0.539635 -0.019260
v 0.169013 0.523557 -0.000081
v 0.169328 0.529321 -0.009139
v 0.174138 0.535933 -0.013172
v 0.177257 0.541226 -0.017543
v 0.163979 0.514326 -0.024930
v 0.160510 0.513650 -0.026723
v 0.156551 0.513960 -0.027654
v 0.152696 0.515086 -0.027614
v 0.148888 0.516405 -0.027779
v 0.144477 0.518144 -0.029033
v 0.141511 0.520977 -0.031309
v 0.167766 0.520535 -0.026430
v 0.165677 0.520034 -0.028576
v 0.163087 0.520654 -0.029919
v 0.160253 0.521702 -0.030406
v 0.157845 0.523508 -0.030292
v 0.155764 0.525506 -0.029668
v 0.153662 0.526357 -0.028196
v 0.171302 0.526286 -0.028316
v 0.170460 0.526261 -0.030548
v 0.168351 0.526418 -0.031933
v 0.166401 0.527463 -0.033411
v 0.164001 0.529172 -0.033609
v 0.161793 0.530657 -0.033569
v 0.160538 0.532734 -0.032479
v 0.173696 0.531560 -0.029679
v 0.173019 0.531576 -0.031150
v 0.172397 0.532647 -0.032995
v 0.170572 0.533231 -0.033913
v 0.168878 0.534271 -0.035123
v 0.166949 0.535770 -0.035048
v 0.164885 0.536621 -0.035117
v 0.157625 0.498350 -0.024116
v 0.155060 0.487985 -0.022656
v 0.152574 0.477595 -0.020993
v 0.150289 0.495442 -0.024305
v 0.146764 0.484793 -0.023161
v 0.144335 0.473429 -0.021707
v 0.143471 0.493832 -0.026766
v 0.138507 0.480405 -0.024342
v 0.135161 0.469512 -0.022043
v 0.136872 0.492277 -0.028976
v 0.131156 0.478087 -0.027296
v 0.126423 0.465520 -0.022982
v 0.130333 0.493003 -0.031476
v 0.123650 0.477360 -0.029597
v 0.118899 0.463453 -0.025726
v 0.122761 0.494883 -0.034123
v 0.116005 0.479318 -0.032287
v 0.111037 0.462726 -0.029292
v 0.115393 0.498346 -0.036799
v 0.107129 0.482553 -0.035406
v 0.101315 0.465453 -0.032301
v 0.147326 0.458145 -0.019279
v 0.144145 0.449250 -0.018545
v 0.141327 0.441002 -0.017996
v 0.138349 0.432060 -0.017434
v 0.135242 0.422076 -0.017279
v 0.131399 0.411027 -0.017280
v 0.126676 0.398634 -0.017630
v 0.121019 0.385226 -0.018238
v 0.114858 0.371293 -0.019117
v 0.108733 0.357811 -0.020019
v 0.102652 0.345773 -0.021105
v 0.096630 0.335212 -0.022408
v 0.089881 0.325714 -0.024094
v 0.082582 0.316470 -0.026089
v 0.075576 0.307147 -0.028336
v 0.068981 0.297755 -0.030651
v 0.062562 0.288328 -0.031887
v 0.056096 0.279677 -0.032483
v 0.051061 0.271798 -0.036141
v 0.046135 0.264465 -0.039929
v 0.043847 0.258506 -0.047583
v 0.040309 0.251178 -0.054700
v 0.138819 0.455236 -0.019479
v 0.135710 0.447437 -0.018839
v 0.132530 0.439585 -0.018272
v 0.129414 0.431426 -0.018063
v 0.126005 0.422231 -0.018251
v 0.121991 0.411618 -0.018973
v 0.117132 0.399734 -0.019651
v 0.111249 0.387008 -0.020516
v 0.104742 0.373687 -0.021602
v 0.098731 0.361157 -0.022685
v 0.093087 0.350098 -0.023729
v 0.087082 0.340445 -0.024856
v 0.080358 0.331516 -0.026283
v 0.073141 0.322628 -0.028089
v 0.065914 0.313507 -0.030095
v 0.059064 0.304154 -0.031994
v 0.051993 0.295365 -0.032272
v 0.045558 0.286753 -0.033761
v 0.040050 0.279475 -0.038208
v 0.036084 0.272761 -0.044595
v 0.032323 0.266857 -0.053071
v 0.027135 0.258883 -0.061373
v 0.130024 0.452515 -0.019725
v 0.127464 0.445891 -0.019136
v 0.124439 0.438952 -0.018729
v 0.121402 0.431511 -0.019351
v 0.117616 0.422593 -0.019982
v 0.113500 0.412575 -0.020847
v 0.108232 0.401376 -0.021944
v 0.102109 0.389113 -0.022997
v 0.095835 0.376922 -0.024178
v 0.089720 0.365345 -0.025469
v 0.083909 0.355178 -0.026662
v 0.077905 0.346202 -0.027809
v 0.070963 0.337766 -0.028928
v 0.063717 0.329197 -0.030493
v 0.056320 0.320149 -0.032238
v 0.048711 0.311220 -0.033077
v 0.041388 0.302561 -0.032669
v 0.034120 0.294624 -0.034822
v 0.028531 0.287455 -0.040241
v 0.024291 0.282531 -0.049231
v 0.018978 0.276184 -0.058745
v 0.011420 0.267925 -0.068730
v 0.121612 0.450068 -0.019382
v 0.119222 0.444175 -0.018837
v 0.117175 0.438637 -0.019028
v 0.113844 0.431644 -0.019763
v 0.110195 0.423509 -0.020982
v 0.105724 0.413893 -0.022515
v 0.100599 0.403235 -0.023896
v 0.094433 0.391926 -0.025189
v 0.088170 0.380595 -0.026598
v 0.081976 0.370088 -0.028030
v 0.075777 0.360633 -0.029425
v 0.069036 0.352248 -0.030724
v 0.061930 0.344253 -0.031377
v 0.054370 0.335898 -0.032856
v 0.046760 0.327311 -0.033602
v 0.038920 0.318453 -0.034105
v 0.030629 0.310243 -0.032917
v 0.022843 0.302399 -0.035338
v 0.015574 0.296085 -0.041908
v 0.011183 0.292405 -0.052529
v 0.003672 0.287228 -0.064963
v -0.006379 0.277638 -0.075611
v 0.112634 0.447400 -0.017504
v 0.111380 0.442494 -0.017298
v 0.109247 0.437370 -0.017707
v 0.106575 0.431038 -0.018112
v 0.102689 0.423602 -0.019759
v 0.098248 0.414874 -0.021783
v 0.093222 0.405142 -0.023660
v 0.087781 0.394800 -0.024918
v 0.081756 0.384486 -0.026551
v 0.075730 0.374985 -0.028926
v 0.069000 0.366463 -0.031104
v 0.061812 0.358464 -0.033155
v 0.054229 0.350794 -0.034005
v 0.046552 0.342867 -0.034218
v 0.038630 0.334422 -0.034826
v 0.030285 0.325983 -0.034495
v 0.021565 0.317768 -0.032702
v 0.011964 0.310035 -0.034867
v 0.003763 0.304809 -0.043032
v -0.003738 0.302484 -0.054924
v -0.013736 0.297023 -0.067376
v -0.026917 0.286777 -0.079230
v 0.103886 0.445303 -0.017836
v 0.102552 0.440576 -0.015379
v 0.101166 0.435213 -0.014760
v 0.099263 0.429242 -0.015016
v 0.095512 0.422253 -0.017163
v 0.091354 0.414680 -0.019212
v 0.086609 0.406235 -0.021080
v 0.081674 0.396896 -0.022596
v 0.076446 0.387850 -0.024421
v 0.070375 0.379709 -0.027618
v 0.063890 0.371876 -0.030205
v 0.056578 0.364878 -0.032503
v 0.048509 0.357562 -0.034228
v 0.040915 0.350006 -0.034716
v 0.032618 0.341745 -0.034587
v 0.023724 0.333202 -0.034194
v 0.014393 0.324985 -0.032168
v 0.002980 0.317012 -0.033749
v -0.008168 0.312878 -0.042640
v -0.018557 0.311084 -0.054438
v -0.031626 0.305979 -0.067232
v -0.047039 0.294774 -0.079054
v 0.094299 0.443536 -0.019310
v 0.093560 0.438532 -0.015493
v 0.093401 0.434117 -0.013822
v 0.091438 0.427750 -0.013735
v 0.088824 0.421134 -0.014655
v 0.085298 0.413771 -0.015595
v 0.080994 0.406139 -0.017153
v 0.076177 0.398120 -0.018506
v 0.071023 0.390033 -0.020785
v 0.065414 0.383126 -0.024450
v 0.059233 0.376275 -0.027139
v 0.052336 0.369809 -0.029409
v 0.045154 0.363742 -0.031343
v 0.036581 0.356347 -0.032445
v 0.028352 0.348668 -0.033074
v 0.018810 0.340129 -0.032651
v 0.007964 0.331486 -0.030857
v -0.005360 0.322799 -0.031058
v -0.019577 0.318815 -0.039919
v -0.033694 0.316693 -0.050003
v -0.049862 0.311974 -0.062962
v -0.066124 0.301101 -0.073560
v 0.162223 0.463748 -0.015121
v 0.166833 0.466393 -0.008984
v 0.169899 0.467976 -0.002532
v 0.172404 0.468725 0.003740
v 0.175001 0.468507 0.009043
v 0.177762 0.467630 0.014282
v 0.181925 0.466362 0.018998
v 0.159945 0.454907 -0.014906
v 0.165312 0.457591 -0.009010
v 0.168773 0.459482 -0.001982
v 0.171425 0.459981 0.004523
v 0.174262 0.459444 0.010158
v 0.176642 0.458210 0.015580
v 0.181567 0.457020 0.019853
v 0.157585 0.445591 -0.014673
v 0.163647 0.448639 -0.009065
v 0.167290 0.450528 -0.001943
v 0.170239 0.450883 0.004925
v 0.173269 0.449982 0.010695
v 0.176070 0.448402 0.016186
v 0.180859 0.447072 0.020408
v 0.155283 0.435796 -0.014428
v 0.161447 0.438466 -0.009122
v 0.165674 0.440942 -0.002113
v 0.168787 0.441327 0.004856
v 0.172125 0.440078 0.010964
v 0.175277 0.438054 0.016609
v 0.179806 0.436623 0.021172
v 0.152674 0.424341 -0.014248
v 0.159237 0.427781 -0.009019
v 0.163702 0.430175 -0.002383
v 0.167254 0.431091 0.004786
v 0.170905 0.429610 0.011108
v 0.174419 0.427274 0.017161
v 0.178933 0.425318 0.021876
v 0.149820 0.412397 -0.014330
v 0.156446 0.415293 -0.009146
v 0.161581 0.418644 -0.002431
v 0.165438 0.419786 0.004639
v 0.169779 0.418632 0.011311
v 0.173324 0.415400 0.017503
v 0.178121 0.413781 0.022638
v 0.145814 0.398879 -0.014851
v 0.153402 0.402178 -0.009453
v 0.158753 0.405588 -0.003021
v 0.163186 0.407560 0.004460
v 0.167846 0.406474 0.011204
v 0.172122 0.403714 0.017703
v 0.176084 0.400519 0.023231
v 0.140892 0.384973 -0.015155
v 0.148805 0.387556 -0.010267
v 0.155231 0.391453 -0.003773
v 0.159960 0.394071 0.003792
v 0.165147 0.393734 0.010922
v 0.169932 0.390175 0.017201
v 0.173668 0.387000 0.023559
v 0.135325 0.369817 -0.015867
v 0.143880 0.372112 -0.011144
v 0.150994 0.375821 -0.004822
v 0.156413 0.378992 0.002794
v 0.161693 0.379137 0.010189
v 0.167063 0.375448 0.016520
v 0.169922 0.370976 0.023606
v 0.129764 0.354392 -0.016717
v 0.139028 0.355664 -0.012133
v 0.146843 0.358810 -0.006067
v 0.152860 0.362096 0.001675
v 0.157745 0.362794 0.009571
v 0.162720 0.358352 0.016145
v 0.165201 0.352876 0.023544
v 0.123939 0.339794 -0.017597
v 0.133635 0.339398 -0.012862
v 0.142485 0.341286 -0.006922
v 0.149279 0.343969 0.000550
v 0.153348 0.344820 0.009079
v 0.157946 0.340652 0.015910
v 0.160035 0.334743 0.023494
v 0.117584 0.326672 -0.018479
v 0.127577 0.324527 -0.013207
v 0.136412 0.324636 -0.007143
v 0.144215 0.326099 0.000252
v 0.148552 0.326895 0.008650
v 0.153018 0.323232 0.015734
v 0.154480 0.317847 0.023295
v 0.110521 0.315322 -0.019649
v 0.120447 0.311641 -0.014310
v 0.129854 0.309815 -0.007850
v 0.137269 0.309572 -0.000045
v 0.142159 0.310023 0.008574
v 0.146704 0.307336 0.015270
v 0.149044 0.302928 0.022782
v 0.102909 0.305220 -0.021453
v 0.112764 0.300759 -0.015916
v 0.121982 0.296891 -0.009356
v 0.129807 0.294987 -0.001584
v 0.134839 0.294363 0.006869
v 0.140077 0.292350 0.013726
v 0.142697 0.289306 0.020944
v 0.095412 0.295850 -0.023630
v 0.104919 0.290335 -0.018003
v 0.113773 0.285879 -0.011582
v 0.121253 0.282055 -0.004086
v 0.126618 0.280739 0.003966
v 0.131930 0.278971 0.010768
v 0.135672 0.276742 0.018038
v 0.088795 0.285866 -0.026086
v 0.097753 0.280553 -0.020879
v 0.106002 0.275050 -0.014346
v 0.112737 0.271092 -0.007138
v 0.118369 0.268699 0.000243
v 0.123646 0.267092 0.007030
v 0.128524 0.265611 0.014550
v 0.082298 0.276140 -0.028109
v 0.091258 0.270566 -0.023292
v 0.099057 0.265229 -0.017273
v 0.105554 0.260962 -0.010518
v 0.111297 0.258100 -0.003881
v 0.117277 0.256577 0.002935
v 0.122828 0.255162 0.010374
v 0.076034 0.267168 -0.029080
v 0.084767 0.261415 -0.024628
v 0.092976 0.256185 -0.019505
v 0.099408 0.251758 -0.013096
v 0.105908 0.248674 -0.007029
v 0.112247 0.246648 -0.000592
v 0.118709 0.245545 0.006960
v 0.070299 0.258943 -0.030178
v 0.079061 0.253387 -0.025381
v 0.087237 0.248025 -0.020261
v 0.094600 0.243479 -0.014515
v 0.101408 0.239795 -0.008616
v 0.108140 0.237358 -0.002017
v 0.115287 0.236398 0.005185
v 0.065846 0.251609 -0.032740
v 0.074692 0.245798 -0.027414
v 0.083657 0.240478 -0.021979
v 0.091455 0.235800 -0.016239
v 0.098371 0.231888 -0.009805
v 0.105028 0.228889 -0.002662
v 0.112273 0.227246 0.005072
v 0.062962 0.244693 -0.036864
v 0.071905 0.238652 -0.030235
v 0.080793 0.233398 -0.024240
v 0.089062 0.228936 -0.017844
v 0.096394 0.224738 -0.011201
v 0.103017 0.221161 -0.003634
v 0.110295 0.219576 0.004595
v 0.061600 0.237736 -0.041764
v 0.070777 0.231787 -0.035119
v 0.080239 0.226997 -0.028446
v 0.088997 0.222699 -0.021606
v 0.096587 0.218433 -0.014048
v 0.102353 0.214775 -0.005603
v 0.109101 0.211701 0.003923
v 0.151869 0.508318 0.054259
v 0.152015 0.499244 0.054527
v 0.152058 0.490263 0.054809
v 0.156633 0.508699 0.051222
v 0.156936 0.499777 0.051069
v 0.157213 0.491063 0.050966
v 0.160243 0.509583 0.047516
v 0.161225 0.500399 0.047227
v 0.161756 0.491747 0.047136
v 0.163441 0.510380 0.043366
v 0.165148 0.501206 0.043503
v 0.165891 0.492140 0.043296
v 0.165922 0.511173 0.039213
v 0.168617 0.501546 0.039099
v 0.170120 0.492297 0.039407
v 0.171028 0.512311 0.036492
v 0.174108 0.501879 0.036743
v 0.175843 0.491713 0.036982
v 0.174834 0.512496 0.030248
v 0.177414 0.500897 0.030502
v 0.178700 0.489616 0.031064
v 0.141743 0.508320 0.058471
v 0.136666 0.508773 0.057658
v 0.132050 0.507766 0.055787
v 0.127142 0.506836 0.054675
v 0.121931 0.506821 0.054462
v 0.114708 0.509174 0.053830
v 0.106211 0.512225 0.052305
v 0.140548 0.498599 0.058648
v 0.134688 0.497027 0.057437
v 0.129432 0.495490 0.055689
v 0.123345 0.492893 0.053850
v 0.116246 0.490702 0.053184
v 0.107642 0.490730 0.052905
v 0.096889 0.495700 0.050713
v 0.139643 0.488090 0.058951
v 0.133518 0.486739 0.057455
v 0.126993 0.483826 0.055370
v 0.120369 0.480306 0.053099
v 0.111951 0.476682 0.050522
v 0.102367 0.475171 0.049910
v 0.090896 0.475981 0.048737
v 0.147463 0.528323 0.059707
v 0.151890 0.537945 0.062111
v 0.155186 0.547756 0.062760
v 0.157561 0.555554 0.062853
v 0.143756 0.529147 0.060642
v 0.149042 0.538358 0.064393
v 0.153171 0.548470 0.064352
v 0.156166 0.556035 0.064083
v 0.140014 0.530227 0.060473
v 0.145103 0.539873 0.065098
v 0.150762 0.549353 0.065896
v 0.154736 0.557163 0.065339
v 0.137203 0.531926 0.058390
v 0.141653 0.541616 0.063594
v 0.147758 0.551264 0.066045
v 0.152734 0.558577 0.065966
v 0.135295 0.533167 0.056384
v 0.139439 0.543884 0.060782
v 0.145179 0.553128 0.064522
v 0.150386 0.560198 0.065823
v 0.133772 0.534525 0.053874
v 0.139809 0.545193 0.057695
v 0.143237 0.554391 0.061750
v 0.148463 0.562057 0.064116
v 0.132906 0.534893 0.049487
v 0.141260 0.545400 0.054922
v 0.143976 0.555517 0.058703
v 0.147343 0.561850 0.061958
v 0.153563 0.527953 0.055149
v 0.155685 0.528453 0.052121
v 0.156976 0.529406 0.049129
v 0.157252 0.530219 0.046111
v 0.156211 0.531444 0.041756
v 0.160599 0.532184 0.039894
v 0.161098 0.532102 0.036304
v 0.156280 0.538021 0.057301
v 0.157675 0.538602 0.054669
v 0.158739 0.539578 0.052078
v 0.159274 0.540650 0.049715
v 0.159028 0.541775 0.047459
v 0.158320 0.542600 0.045272
v 0.157649 0.542208 0.044054
v 0.158246 0.547624 0.059010
v 0.159442 0.548234 0.056962
v 0.160378 0.548927 0.055135
v 0.161321 0.549804 0.053385
v 0.161404 0.551053 0.051707
v 0.161069 0.551036 0.049704
v 0.160767 0.552424 0.048335
v 0.159563 0.555450 0.060261
v 0.160632 0.555598 0.058915
v 0.161420 0.556333 0.057411
v 0.162113 0.557067 0.056205
v 0.162726 0.557476 0.054794
v 0.162770 0.558661 0.053561
v 0.162309 0.557729 0.051456
v 0.150977 0.471827 0.056038
v 0.149524 0.462536 0.056984
v 0.147835 0.452600 0.057669
v 0.146110 0.441781 0.058298
v 0.143989 0.429770 0.059084
v 0.141433 0.416416 0.059975
v 0.138195 0.401693 0.061047
v 0.134079 0.385638 0.062428
v 0.129160 0.368744 0.064028
v 0.123382 0.351644 0.065743
v 0.117833 0.335086 0.066876
v 0.112029 0.319688 0.068065
v 0.106055 0.305203 0.067541
v 0.100049 0.291795 0.066868
v 0.094283 0.279704 0.067058
v 0.088584 0.268527 0.067314
v 0.083082 0.258040 0.067963
v 0.078266 0.248773 0.068816
v 0.074300 0.240978 0.070141
v 0.071407 0.234374 0.072718
v 0.069478 0.228051 0.077209
v 0.066772 0.220323 0.081157
v 0.156503 0.473393 0.051764
v 0.155284 0.464072 0.052424
v 0.153864 0.454365 0.053239
v 0.152291 0.443566 0.054016
v 0.150572 0.431687 0.054762
v 0.148282 0.418415 0.055646
v 0.145534 0.403635 0.056809
v 0.142170 0.387357 0.058311
v 0.138097 0.369386 0.060564
v 0.133430 0.351062 0.062729
v 0.127370 0.333219 0.063891
v 0.121590 0.316179 0.064785
v 0.114818 0.300398 0.063853
v 0.108216 0.286243 0.062849
v 0.101973 0.274003 0.061983
v 0.096134 0.262894 0.061434
v 0.091414 0.252558 0.062397
v 0.087220 0.243263 0.063433
v 0.083893 0.235387 0.064771
v 0.081589 0.229179 0.067010
v 0.080317 0.223366 0.070873
v 0.078004 0.216461 0.074372
v 0.161368 0.474144 0.047301
v 0.160453 0.464970 0.047905
v 0.159400 0.455145 0.048720
v 0.158155 0.444582 0.049475
v 0.156617 0.432996 0.050281
v 0.154824 0.420265 0.051194
v 0.152566 0.406059 0.052318
v 0.149559 0.389915 0.053282
v 0.145881 0.372279 0.054712
v 0.141509 0.353305 0.056668
v 0.136331 0.334510 0.058224
v 0.130201 0.316324 0.059123
v 0.123421 0.299700 0.058889
v 0.116348 0.284731 0.057680
v 0.109845 0.271651 0.056441
v 0.103713 0.260533 0.055320
v 0.099253 0.249764 0.055651
v 0.095636 0.239796 0.057061
v 0.092774 0.231950 0.058608
v 0.090137 0.224987 0.060229
v 0.089517 0.219631 0.063974
v 0.087894 0.213199 0.067110
v 0.166325 0.474255 0.043594
v 0.165725 0.464918 0.043983
v 0.164910 0.455054 0.044579
v 0.164086 0.444516 0.045353
v 0.163075 0.433280 0.046253
v 0.161690 0.421105 0.047430
v 0.160049 0.407660 0.048717
v 0.157658 0.392326 0.049847
v 0.154559 0.374993 0.050941
v 0.149911 0.356280 0.051630
v 0.145043 0.337141 0.053215
v 0.138898 0.318989 0.053848
v 0.132556 0.301286 0.054358
v 0.125180 0.285686 0.052992
v 0.118093 0.272265 0.051198
v 0.112067 0.260536 0.049373
v 0.106864 0.249535 0.048605
v 0.104105 0.239319 0.049966
v 0.101052 0.230140 0.051376
v 0.098325 0.223056 0.052752
v 0.097023 0.216483 0.055579
v 0.096053 0.210386 0.058453
v 0.171177 0.473827 0.039992
v 0.170897 0.464281 0.040153
v 0.170423 0.454284 0.040406
v 0.169918 0.443835 0.041152
v 0.169234 0.432780 0.042201
v 0.168398 0.420998 0.043499
v 0.167090 0.407793 0.044951
v 0.165171 0.393069 0.045813
v 0.162462 0.376310 0.047281
v 0.158392 0.358046 0.047820
v 0.153257 0.339340 0.048742
v 0.147502 0.320849 0.049231
v 0.141230 0.303525 0.049599
v 0.134084 0.287741 0.048249
v 0.126714 0.274146 0.045919
v 0.120511 0.262195 0.043910
v 0.115216 0.251482 0.041847
v 0.111467 0.240891 0.041820
v 0.109257 0.231342 0.043236
v 0.106738 0.222813 0.044843
v 0.104421 0.215440 0.046440
v 0.102965 0.208483 0.048496
v 0.177077 0.472478 0.037863
v 0.176975 0.462891 0.038646
v 0.176800 0.452933 0.039316
v 0.176694 0.442569 0.039966
v 0.176372 0.431653 0.040812
v 0.175514 0.419870 0.041812
v 0.174384 0.406963 0.042582
v 0.172939 0.392341 0.043402
v 0.170669 0.375592 0.044440
v 0.165960 0.357426 0.044322
v 0.160548 0.338436 0.044491
v 0.154858 0.320814 0.044614
v 0.148996 0.303868 0.044680
v 0.142406 0.288391 0.043869
v 0.135036 0.275411 0.040762
v 0.128577 0.263845 0.037912
v 0.123352 0.253499 0.035420
v 0.119033 0.243607 0.033491
v 0.116437 0.233716 0.034244
v 0.114789 0.224651 0.036152
v 0.112812 0.216258 0.037767
v 0.110833 0.208434 0.038741
v 0.179862 0.469848 0.032192
v 0.180135 0.460249 0.032998
v 0.180152 0.450422 0.033571
v 0.180107 0.440084 0.034167
v 0.179962 0.429260 0.034978
v 0.179662 0.417582 0.035908
v 0.179081 0.404488 0.036776
v 0.177651 0.389806 0.037211
v 0.175666 0.372923 0.037888
v 0.170715 0.353698 0.037991
v 0.165663 0.335189 0.038417
v 0.160377 0.316924 0.038648
v 0.155536 0.301110 0.038365
v 0.150562 0.285654 0.037768
v 0.142939 0.273049 0.035205
v 0.136812 0.261995 0.032408
v 0.132297 0.251914 0.029496
v 0.128898 0.242889 0.027312
v 0.126242 0.234505 0.026328
v 0.124786 0.225688 0.027381
v 0.123107 0.216897 0.028581
v 0.121083 0.208401 0.029155
v 0.137699 0.468835 0.059716
v 0.130590 0.467307 0.058000
v 0.123231 0.465071 0.055140
v 0.115188 0.462077 0.051937
v 0.106822 0.458488 0.048103
v 0.098345 0.454431 0.042526
v 0.088669 0.451797 0.038667
v 0.135848 0.459762 0.060434
v 0.128811 0.458418 0.058154
v 0.121177 0.456565 0.055013
v 0.113450 0.454699 0.051773
v 0.105052 0.451593 0.048047
v 0.097567 0.448664 0.043104
v 0.089076 0.445071 0.037925
v 0.133736 0.450264 0.060777
v 0.126586 0.449342 0.058081
v 0.119146 0.448286 0.055029
v 0.111306 0.446608 0.051611
v 0.103766 0.445521 0.048610
v 0.096079 0.442965 0.044332
v 0.089356 0.439311 0.038299
v 0.131242 0.439832 0.061032
v 0.124038 0.439547 0.058111
v 0.116448 0.438970 0.055005
v 0.109015 0.438653 0.052055
v 0.101280 0.438141 0.049810
v 0.093528 0.436662 0.045736
v 0.087634 0.433561 0.040361
v 0.128206 0.428355 0.061742
v 0.120657 0.428473 0.058589
v 0.113152 0.428784 0.055494
v 0.105483 0.429054 0.052945
v 0.097894 0.429505 0.050887
v 0.090275 0.429216 0.047700
v 0.082755 0.426533 0.042572
v 0.124747 0.415581 0.062385
v 0.116833 0.416272 0.059154
v 0.109075 0.417101 0.056208
v 0.101394 0.418183 0.053940
v 0.093788 0.419260 0.052000
v 0.086021 0.419649 0.049407
v 0.078668 0.418470 0.044801
v 0.120843 0.401869 0.063268
v 0.112954 0.403096 0.059860
v 0.104582 0.404535 0.057171
v 0.096890 0.406077 0.054974
v 0.089405 0.407893 0.053224
v 0.081703 0.409162 0.051212
v 0.074392 0.409214 0.047358
v 0.116611 0.387338 0.064268
v 0.108256 0.389112 0.060777
v 0.100257 0.391189 0.058238
v 0.092246 0.393555 0.056178
v 0.084784 0.395885 0.054371
v 0.077608 0.398305 0.052551
v 0.070426 0.399461 0.049333
v 0.111376 0.372292 0.065178
v 0.103366 0.374707 0.061916
v 0.095530 0.377715 0.059327
v 0.087646 0.380672 0.057335
v 0.080197 0.384441 0.055645
v 0.073115 0.387768 0.053866
v 0.065971 0.390367 0.051360
v 0.105655 0.357548 0.065952
v 0.098207 0.361079 0.062943
v 0.090546 0.364771 0.060352
v 0.083099 0.368943 0.058342
v 0.075468 0.373385 0.056650
v 0.068467 0.378176 0.055065
v 0.061379 0.382092 0.053193
v 0.100045 0.344323 0.067462
v 0.092509 0.348862 0.064194
v 0.085450 0.353543 0.061509
v 0.078048 0.358502 0.059527
v 0.070608 0.363931 0.057748
v 0.063502 0.369318 0.055896
v 0.056619 0.374319 0.054099
v 0.094358 0.332080 0.068879
v 0.086898 0.337900 0.065498
v 0.079815 0.343425 0.062689
v 0.072596 0.349187 0.060538
v 0.065185 0.355126 0.058917
v 0.058102 0.361496 0.056991
v 0.051242 0.367271 0.055328
v 0.088898 0.320136 0.069611
v 0.081138 0.326892 0.066922
v 0.073886 0.333481 0.064447
v 0.066602 0.339841 0.062479
v 0.059066 0.346751 0.060893
v 0.051907 0.353468 0.058871
v 0.044890 0.360078 0.056761
v 0.083386 0.307918 0.070402
v 0.075297 0.315674 0.068949
v 0.067741 0.322794 0.066618
v 0.060099 0.329949 0.064687
v 0.052397 0.337125 0.063056
v 0.044851 0.344959 0.061321
v 0.037821 0.351791 0.059162
v 0.077606 0.296061 0.071693
v 0.069342 0.303844 0.070983
v 0.061186 0.311638 0.069447
v 0.053217 0.319114 0.067662
v 0.045023 0.326928 0.065891
v 0.037238 0.334763 0.064118
v 0.029760 0.342350 0.061741
v 0.071707 0.284146 0.073726
v 0.062872 0.292304 0.074277
v 0.054364 0.300170 0.072779
v 0.045772 0.308003 0.071159
v 0.037295 0.316037 0.069459
v 0.028886 0.324435 0.067386
v 0.021163 0.331592 0.064917
v 0.065501 0.273055 0.076268
v 0.056278 0.281041 0.077029
v 0.047203 0.289251 0.076559
v 0.038284 0.297335 0.075284
v 0.029009 0.305806 0.073471
v 0.020223 0.314253 0.071249
v 0.011569 0.321958 0.068677
v 0.059490 0.263145 0.078028
v 0.049687 0.271048 0.079462
v 0.040258 0.279168 0.079855
v 0.030631 0.287929 0.079529
v 0.020760 0.296571 0.077806
v 0.010485 0.305590 0.076433
v 0.000321 0.313607 0.074589
v 0.053753 0.254670 0.079731
v 0.043162 0.262013 0.081888
v 0.033121 0.270413 0.083998
v 0.023129 0.279580 0.085715
v 0.012336 0.289958 0.087037
v -0.000267 0.300141 0.087596
v -0.011306 0.308069 0.085199
v 0.049300 0.247546 0.084648
v 0.037927 0.254873 0.089169
v 0.026651 0.263258 0.093158
v 0.015545 0.273473 0.097121
v 0.002480 0.284327 0.100952
v -0.011330 0.294489 0.101509
v -0.029138 0.304562 0.101393
v 0.044354 0.239836 0.090745
v 0.031179 0.246835 0.096969
v 0.017905 0.254862 0.102967
v 0.003256 0.263219 0.109116
v -0.012341 0.272984 0.113588
v -0.031133 0.282954 0.116520
v -0.049466 0.290627 0.115336
v 0.039517 0.230652 0.097124
v 0.024606 0.236394 0.105004
v 0.007957 0.241945 0.111339
v -0.010241 0.248642 0.115499
v -0.029745 0.255489 0.119391
v -0.049984 0.261343 0.120810
v -0.070369 0.268777 0.120340
v 0.137763 0.530190 -0.032340
v 0.138199 0.535166 -0.029594
v 0.138582 0.539155 -0.026832
v 0.138679 0.542565 -0.023715
v 0.138450 0.545016 -0.020231
v 0.138513 0.546577 -0.016559
v 0.138654 0.547791 -0.012078
v 0.152150 0.527965 -0.023908
v 0.150441 0.530818 -0.021337
v 0.148640 0.534496 -0.020335
v 0.147465 0.537551 -0.019769
v 0.146721 0.538433 -0.017575
v 0.146127 0.539499 -0.015143
v 0.145899 0.540354 -0.012490
v 0.159700 0.535180 -0.028653
v 0.159907 0.536440 -0.026009
v 0.159256 0.536823 -0.022696
v 0.158632 0.537403 -0.019780
v 0.157723 0.537905 -0.017341
v 0.155883 0.538826 -0.014525
v 0.155510 0.540606 -0.012893
v 0.163109 0.539464 -0.032505
v 0.162974 0.540779 -0.030338
v 0.164281 0.543403 -0.027565
v 0.164348 0.544354 -0.024905
v 0.164118 0.545537 -0.021161
v 0.163682 0.546851 -0.019073
v 0.161256 0.545912 -0.015980
v 0.101480 0.526975 -0.039908
v 0.087439 0.528131 -0.037682
v 0.073289 0.529076 -0.039086
v 0.061333 0.529627 -0.039266
v 0.050831 0.529539 -0.038619
v 0.039117 0.529725 -0.039498
v 0.026915 0.530377 -0.040247
v 0.014844 0.531234 -0.041826
v 0.004455 0.532106 -0.043389
v -0.004182 0.532737 -0.045203
v -0.011389 0.532111 -0.047006
v -0.018813 0.532372 -0.048680
v 0.106786 0.539254 -0.040153
v 0.091051 0.535566 -0.033185
v 0.077596 0.536847 -0.034415
v 0.065476 0.536480 -0.034786
v 0.053055 0.536128 -0.035864
v 0.040352 0.536165 -0.037230
v 0.027092 0.536555 -0.039756
v 0.014621 0.537004 -0.041441
v 0.003609 0.537316 -0.043641
v -0.005801 0.537183 -0.045722
v -0.014592 0.536792 -0.047719
v -0.022535 0.535742 -0.049357
v 0.109997 0.546508 -0.035964
v 0.095331 0.545169 -0.032255
v 0.081994 0.542892 -0.029505
v 0.068349 0.542911 -0.031903
v 0.055104 0.542542 -0.033615
v 0.040548 0.542314 -0.035242
v 0.026319 0.542595 -0.037980
v 0.013579 0.542747 -0.041178
v 0.002660 0.542625 -0.043861
v -0.007359 0.541925 -0.046022
v -0.016969 0.540687 -0.048548
v -0.026342 0.539704 -0.049918
v 0.112481 0.551162 -0.029750
v 0.097977 0.551016 -0.029703
v 0.084486 0.548502 -0.027388
v 0.071204 0.548069 -0.029046
v 0.056380 0.548162 -0.031509
v 0.040642 0.548016 -0.033706
v 0.025042 0.548354 -0.036626
v 0.012035 0.548544 -0.040327
v 0.001469 0.548004 -0.043804
v -0.008291 0.546894 -0.047253
v -0.019327 0.546027 -0.050633
v -0.029327 0.543872 -0.050789
v 0.113315 0.553503 -0.023972
v 0.099764 0.553859 -0.024443
v 0.086325 0.553192 -0.025092
v 0.072653 0.552031 -0.025531
v 0.058000 0.552458 -0.028804
v 0.040866 0.553264 -0.031928
v 0.024427 0.553428 -0.035280
v 0.010479 0.553693 -0.038987
v 0.000040 0.553655 -0.042800
v -0.010225 0.553115 -0.048052
v -0.020858 0.549197 -0.045023
v -0.032766 0.548596 -0.048276
v 0.113923 0.555199 -0.017715
v 0.100278 0.555890 -0.018566
v 0.087290 0.555549 -0.019751
v 0.074032 0.555157 -0.021627
v 0.059107 0.556121 -0.024637
v 0.041873 0.556980 -0.028720
v 0.023698 0.558125 -0.032887
v 0.009085 0.558452 -0.036711
v -0.002192 0.558891 -0.040800
v -0.011557 0.560246 -0.045671
v -0.025220 0.556296 -0.046568
v -0.034898 0.551614 -0.044507
v 0.114330 0.557244 -0.010064
v 0.100532 0.557943 -0.011912
v 0.087459 0.557739 -0.013868
v 0.074500 0.557100 -0.016185
v 0.059669 0.557811 -0.019590
v 0.041655 0.558929 -0.023754
v 0.022867 0.559907 -0.028358
v 0.006764 0.560719 -0.032571
v -0.004525 0.561889 -0.036088
v -0.015604 0.562288 -0.039097
v -0.026764 0.559319 -0.040336
v -0.035945 0.552559 -0.039699
v 0.091384 0.504737 -0.041688
v 0.085313 0.491103 -0.041215
v 0.078462 0.475783 -0.039400
v 0.077987 0.507379 -0.043394
v 0.072621 0.495672 -0.043509
v 0.066848 0.481368 -0.042722
v 0.065157 0.510223 -0.044078
v 0.060764 0.499068 -0.044611
v 0.055513 0.488420 -0.044421
v 0.054452 0.511904 -0.042593
v 0.050670 0.502193 -0.043405
v 0.046380 0.492200 -0.042867
v 0.045046 0.513396 -0.042002
v 0.041733 0.504320 -0.043253
v 0.037959 0.496362 -0.041973
v 0.035278 0.514965 -0.042345
v 0.032669 0.507009 -0.043428
v 0.029209 0.499832 -0.041793
v 0.024937 0.516987 -0.042990
v 0.023325 0.509686 -0.043836
v 0.020562 0.503628 -0.042328
v 0.015178 0.518877 -0.044165
v 0.014693 0.512084 -0.044522
v 0.013066 0.506580 -0.042863
v 0.007019 0.520301 -0.045108
v 0.007833 0.514073 -0.044662
v 0.007462 0.508873 -0.043554
v 0.000570 0.521663 -0.045638
v 0.002363 0.515803 -0.045061
v 0.002680 0.511199 -0.044333
v -0.004985 0.522226 -0.046322
v -0.003181 0.517938 -0.045881
v -0.002469 0.514149 -0.045425
v -0.012191 0.524466 -0.047459
v -0.009710 0.520224 -0.047029
v -0.009297 0.517533 -0.046990
v 0.063124 0.450966 -0.030778
v 0.059473 0.450287 -0.022983
v 0.056882 0.451779 -0.018611
v 0.054826 0.452424 -0.013947
v 0.052862 0.452988 -0.009940
v 0.050434 0.453768 -0.006776
v 0.048771 0.454276 -0.003632
v 0.054506 0.458752 -0.034878
v 0.051212 0.457441 -0.028209
v 0.049863 0.457452 -0.022337
v 0.047838 0.458103 -0.017637
v 0.045404 0.458365 -0.013557
v 0.043069 0.458763 -0.009992
v 0.040807 0.459724 -0.006875
v 0.045817 0.469755 -0.037780
v 0.043620 0.465615 -0.031332
v 0.041803 0.465006 -0.025886
v 0.039330 0.464191 -0.021300
v 0.036642 0.464144 -0.017308
v 0.034081 0.464755 -0.013535
v 0.031812 0.465349 -0.009898
v 0.038321 0.477602 -0.037728
v 0.035357 0.474270 -0.033273
v 0.032741 0.472264 -0.028753
v 0.029971 0.471039 -0.024556
v 0.027037 0.470288 -0.020557
v 0.024090 0.471325 -0.016997
v 0.022321 0.471280 -0.012894
v 0.029807 0.484770 -0.038275
v 0.026915 0.482225 -0.033962
v 0.023711 0.479988 -0.030319
v 0.020229 0.478199 -0.027014
v 0.016702 0.477462 -0.023723
v 0.013938 0.477611 -0.019806
v 0.011563 0.477905 -0.015949
v 0.021325 0.490808 -0.038462
v 0.017909 0.488721 -0.035273
v 0.014027 0.486595 -0.032539
v 0.010267 0.484778 -0.029599
v 0.006167 0.483956 -0.026363
v 0.002629 0.484366 -0.022905
v 0.000741 0.484280 -0.018867
v 0.013489 0.495604 -0.039826
v 0.009791 0.493805 -0.037055
v 0.005820 0.491873 -0.034752
v 0.000851 0.490621 -0.032202
v -0.004005 0.490232 -0.029187
v -0.008093 0.490517 -0.025711
v -0.010419 0.490566 -0.021614
v 0.007621 0.499286 -0.040663
v 0.004284 0.497389 -0.038953
v -0.000752 0.496089 -0.037291
v -0.006777 0.495650 -0.034689
v -0.013073 0.495514 -0.031853
v -0.018047 0.495635 -0.028468
v -0.020265 0.495638 -0.024335
v 0.003859 0.502021 -0.041847
v 0.000372 0.500251 -0.041155
v -0.005369 0.499162 -0.039999
v -0.013374 0.499131 -0.038219
v -0.021157 0.498051 -0.035525
v -0.026923 0.497562 -0.031599
v -0.029518 0.497418 -0.026736
v 0.000032 0.505079 -0.044010
v -0.003347 0.503557 -0.043296
v -0.009457 0.502838 -0.043602
v -0.018055 0.501133 -0.041968
v -0.028377 0.499650 -0.040648
v -0.035441 0.498774 -0.035464
v -0.038382 0.498986 -0.029440
v -0.005071 0.509053 -0.045563
v -0.007889 0.509349 -0.042234
v -0.013915 0.507691 -0.041237
v -0.022611 0.510286 -0.047489
v -0.033037 0.505884 -0.044575
v -0.041683 0.503935 -0.039160
v -0.044871 0.504369 -0.032241
v -0.012616 0.514108 -0.047486
v -0.016115 0.512621 -0.045899
v -0.019662 0.517377 -0.041795
v -0.027653 0.510367 -0.035667
v -0.034846 0.516846 -0.044428
v -0.047739 0.522064 -0.043545
v -0.054392 0.518259 -0.033376
v 0.076164 0.441285 -0.018102
v 0.078462 0.436845 -0.015386
v 0.080491 0.433224 -0.013293
v 0.078981 0.427362 -0.013007
v 0.076932 0.421419 -0.013539
v 0.073088 0.414991 -0.014229
v 0.068528 0.408788 -0.014871
v 0.063390 0.402101 -0.015566
v 0.057738 0.395437 -0.016711
v 0.051924 0.388725 -0.018838
v 0.046013 0.382334 -0.020938
v 0.040320 0.376450 -0.022594
v 0.034443 0.370663 -0.023977
v 0.027292 0.364272 -0.024669
v 0.017967 0.357077 -0.024681
v 0.006296 0.349158 -0.024610
v -0.009053 0.340458 -0.023675
v -0.026370 0.331975 -0.025305
v -0.045093 0.326447 -0.031104
v -0.061462 0.322865 -0.038143
v -0.078993 0.316158 -0.046378
v -0.093959 0.306037 -0.052260
v 0.070473 0.441590 -0.015288
v 0.073714 0.438063 -0.012636
v 0.074156 0.433016 -0.012087
v 0.074343 0.428050 -0.011685
v 0.071238 0.422131 -0.012682
v 0.067725 0.416221 -0.013677
v 0.063169 0.410269 -0.014310
v 0.057798 0.404571 -0.014830
v 0.051798 0.398161 -0.015880
v 0.045162 0.391724 -0.017688
v 0.038706 0.385335 -0.019651
v 0.032644 0.379071 -0.020955
v 0.026319 0.373212 -0.021957
v 0.018301 0.366844 -0.021909
v 0.008616 0.359975 -0.021947
v -0.006378 0.352205 -0.022225
v -0.021864 0.343275 -0.020959
v -0.040950 0.335294 -0.022473
v -0.058339 0.329353 -0.026446
v -0.075209 0.324913 -0.032114
v -0.089063 0.318579 -0.037212
v -0.103731 0.308497 -0.042281
v 0.066331 0.442499 -0.012148
v 0.069468 0.438842 -0.009558
v 0.069936 0.434098 -0.009632
v 0.068644 0.428998 -0.009859
v 0.066390 0.423612 -0.011410
v 0.062611 0.417995 -0.012610
v 0.058183 0.412434 -0.012924
v 0.052963 0.406652 -0.013090
v 0.046621 0.400685 -0.013950
v 0.039479 0.394412 -0.016034
v 0.032119 0.387996 -0.017935
v 0.025062 0.381728 -0.019065
v 0.017583 0.375575 -0.019505
v 0.008768 0.369448 -0.019525
v -0.004391 0.362779 -0.019704
v -0.019019 0.354854 -0.019896
v -0.036872 0.345138 -0.016814
v -0.054326 0.336691 -0.017639
v -0.071583 0.330316 -0.020350
v -0.085953 0.325440 -0.024144
v -0.098758 0.318735 -0.027927
v -0.109968 0.310553 -0.031591
v 0.063751 0.443517 -0.008515
v 0.065791 0.439391 -0.006973
v 0.065308 0.435208 -0.007244
v 0.064583 0.430454 -0.007364
v 0.061654 0.425778 -0.008837
v 0.058371 0.420190 -0.009762
v 0.053960 0.414747 -0.010242
v 0.048689 0.408994 -0.010497
v 0.042089 0.402763 -0.011348
v 0.034192 0.396389 -0.012850
v 0.026338 0.389926 -0.014278
v 0.018415 0.383636 -0.014854
v 0.009530 0.378129 -0.015452
v -0.001811 0.372880 -0.016348
v -0.015464 0.366403 -0.016910
v -0.032246 0.357882 -0.016455
v -0.048974 0.347180 -0.012476
v -0.066656 0.337885 -0.012167
v -0.082522 0.330745 -0.013509
v -0.095532 0.324716 -0.015763
v -0.106159 0.318333 -0.018185
v -0.118070 0.311302 -0.021925
v 0.061996 0.444138 -0.004921
v 0.064168 0.440352 -0.003447
v 0.063097 0.436128 -0.003506
v 0.062244 0.431598 -0.003420
v 0.059272 0.427012 -0.004594
v 0.055456 0.422170 -0.005564
v 0.050956 0.416704 -0.006379
v 0.045596 0.410411 -0.006482
v 0.038416 0.403920 -0.007309
v 0.030008 0.397605 -0.008673
v 0.021078 0.391182 -0.009324
v 0.012555 0.385142 -0.009452
v 0.002481 0.380367 -0.010038
v -0.010158 0.376240 -0.011165
v -0.025069 0.370059 -0.011438
v -0.042471 0.360864 -0.010355
v -0.058695 0.348457 -0.006850
v -0.075938 0.338265 -0.005611
v -0.091276 0.330425 -0.006087
v -0.103366 0.323205 -0.007033
v -0.113732 0.317389 -0.008671
v -0.125897 0.312465 -0.012159
v 0.059892 0.444743 -0.001957
v 0.062354 0.441060 -0.000530
v 0.061821 0.437019 -0.000105
v 0.060686 0.432633 0.000033
v 0.057621 0.428245 -0.000502
v 0.053713 0.423520 -0.001430
v 0.048947 0.418027 -0.002057
v 0.043268 0.411688 -0.002584
v 0.035599 0.405222 -0.003312
v 0.026615 0.398568 -0.003821
v 0.017591 0.392311 -0.003994
v 0.008428 0.386249 -0.003577
v -0.002582 0.382322 -0.003769
v -0.015462 0.378161 -0.004204
v -0.031352 0.371658 -0.003751
v -0.048379 0.361806 -0.002533
v -0.065350 0.349139 0.000048
v -0.082499 0.338039 0.001593
v -0.097352 0.329728 0.001969
v -0.108597 0.322095 0.001898
v -0.119837 0.315480 0.001032
v -0.132425 0.308047 -0.000381
v 0.058769 0.445647 0.000747
v 0.061206 0.442029 0.002168
v 0.061241 0.437801 0.002960
v 0.059838 0.433351 0.003368
v 0.056912 0.428815 0.003119
v 0.052798 0.424072 0.002520
v 0.048040 0.418615 0.002008
v 0.042240 0.412185 0.001591
v 0.034527 0.405697 0.001198
v 0.025584 0.399156 0.001069
v 0.016252 0.392797 0.001571
v 0.006978 0.386922 0.002404
v -0.004102 0.382880 0.002819
v -0.017573 0.379046 0.003556
v -0.033507 0.372696 0.004100
v -0.051135 0.362471 0.005724
v -0.068835 0.349986 0.007787
v -0.085153 0.338220 0.009508
v -0.099896 0.328995 0.010552
v -0.111706 0.320861 0.011167
v -0.122835 0.312420 0.011821
v -0.136745 0.299459 0.011336
v 0.079628 0.521599 0.044433
v 0.064678 0.524560 0.037492
v 0.051539 0.527337 0.030743
v 0.042070 0.529128 0.023729
v 0.033915 0.530146 0.017423
v 0.024705 0.532052 0.012078
v 0.014231 0.533944 0.007137
v 0.002909 0.535864 0.002530
v -0.006438 0.536698 -0.000723
v -0.014826 0.537534 -0.003081
v -0.022021 0.537283 -0.004686
v -0.029034 0.538026 -0.006650
v 0.071790 0.506445 0.043533
v 0.058280 0.511714 0.038016
v 0.046224 0.516181 0.031905
v 0.037610 0.518546 0.025063
v 0.029590 0.521137 0.019370
v 0.020970 0.523731 0.014215
v 0.010825 0.526555 0.008774
v 0.001544 0.528588 0.004786
v -0.007190 0.530614 0.001303
v -0.013758 0.531495 -0.000791
v -0.020702 0.533004 -0.003400
v -0.026934 0.533666 -0.005046
v 0.065093 0.489588 0.042392
v 0.052274 0.498126 0.037897
v 0.041098 0.504207 0.032478
v 0.033045 0.508420 0.025892
v 0.025410 0.511994 0.021038
v 0.016780 0.515700 0.015953
v 0.008146 0.519041 0.011378
v -0.000497 0.522262 0.007036
v -0.006968 0.524207 0.003780
v -0.013620 0.526602 0.000910
v -0.018953 0.527895 -0.001375
v -0.026339 0.530484 -0.004136
v 0.093467 0.546775 0.044073
v 0.098772 0.554754 0.037596
v 0.102794 0.557118 0.031248
v 0.105571 0.558629 0.025718
v 0.107459 0.559223 0.019920
v 0.109668 0.559767 0.014274
v 0.111815 0.559693 0.007338
v 0.079985 0.542931 0.029255
v 0.083659 0.553220 0.029986
v 0.088822 0.558069 0.025315
v 0.092278 0.559251 0.020015
v 0.095032 0.559863 0.014628
v 0.096761 0.560353 0.008620
v 0.098733 0.560416 0.002449
v 0.065655 0.543622 0.023523
v 0.072494 0.549324 0.020096
v 0.075853 0.555484 0.018719
v 0.079770 0.558350 0.014778
v 0.082082 0.559441 0.009648
v 0.084106 0.560140 0.004188
v 0.085622 0.560326 -0.001637
v 0.054110 0.543883 0.017747
v 0.058872 0.549485 0.015471
v 0.063482 0.553936 0.012785
v 0.066693 0.557069 0.009638
v 0.069271 0.558699 0.005016
v 0.071178 0.559248 -0.000028
v 0.072739 0.559232 -0.005292
v 0.042501 0.544393 0.012453
v 0.046035 0.550016 0.010559
v 0.049101 0.554458 0.008410
v 0.051768 0.557999 0.004644
v 0.054529 0.559491 0.000466
v 0.056280 0.559873 -0.004534
v 0.057833 0.559548 -0.009320
v 0.030994 0.545624 0.007378
v 0.032202 0.550944 0.004932
v 0.033297 0.555397 0.002674
v 0.035159 0.559216 -0.000114
v 0.036679 0.560637 -0.004896
v 0.038237 0.560873 -0.009397
v 0.039435 0.560547 -0.014254
v 0.017994 0.547174 0.002547
v 0.018217 0.552043 0.000288
v 0.017885 0.556466 -0.002356
v 0.017866 0.560215 -0.005304
v 0.018547 0.561676 -0.009885
v 0.018842 0.561936 -0.014642
v 0.020003 0.561785 -0.019254
v 0.005471 0.548237 -0.000553
v 0.004916 0.553204 -0.003117
v 0.004164 0.557341 -0.005765
v 0.003421 0.561114 -0.009185
v 0.002751 0.562532 -0.013966
v 0.002914 0.562966 -0.018907
v 0.003368 0.562732 -0.023481
v -0.005975 0.548616 -0.003110
v -0.006298 0.553507 -0.005105
v -0.007117 0.557996 -0.007608
v -0.008339 0.562111 -0.011243
v -0.008921 0.563840 -0.016621
v -0.009297 0.564150 -0.021814
v -0.008530 0.563622 -0.026772
v -0.015746 0.547915 -0.005166
v -0.016363 0.552743 -0.005723
v -0.018230 0.558460 -0.007274
v -0.018821 0.563952 -0.011513
v -0.019780 0.564477 -0.018716
v -0.019647 0.564013 -0.024298
v -0.018961 0.563194 -0.029054
v -0.024449 0.546113 -0.006869
v -0.027059 0.551159 -0.006852
v -0.026516 0.553425 -0.012558
v -0.030803 0.560179 -0.014284
v -0.030629 0.561597 -0.021466
v -0.030284 0.561113 -0.026620
v -0.029431 0.560336 -0.031134
v -0.032748 0.544313 -0.009042
v -0.034921 0.547982 -0.009453
v -0.038256 0.552240 -0.013074
v -0.039400 0.554886 -0.018600
v -0.038988 0.555164 -0.023806
v -0.038066 0.554317 -0.028202
v -0.037371 0.553684 -0.032047
v 0.129373 0.542208 0.043354
v 0.139667 0.548440 0.049315
v 0.146309 0.555494 0.054492
v 0.148879 0.561985 0.057817
v 0.128389 0.545720 0.041550
v 0.139385 0.548621 0.047049
v 0.146780 0.554547 0.051501
v 0.150486 0.563329 0.056012
v 0.128277 0.548627 0.038738
v 0.139437 0.544583 0.044945
v 0.147481 0.554026 0.049140
v 0.151512 0.562146 0.052722
v 0.128939 0.550140 0.035140
v 0.139643 0.541841 0.039351
v 0.147711 0.553684 0.045585
v 0.151388 0.560399 0.049484
v 0.129149 0.551169 0.031505
v 0.140131 0.546170 0.034340
v 0.146422 0.551733 0.040969
v 0.151219 0.559576 0.046852
v 0.130072 0.552338 0.028639
v 0.137556 0.549406 0.034219
v 0.145550 0.551807 0.039502
v 0.148977 0.556578 0.042348
v 0.131872 0.554279 0.025546
v 0.137113 0.548962 0.033543
v 0.143587 0.549465 0.037670
v 0.147926 0.555925 0.040758
v 0.070473 0.445651 0.031614
v 0.065847 0.445172 0.026703
v 0.062994 0.445297 0.022513
v 0.060573 0.445535 0.018525
v 0.058878 0.445704 0.014439
v 0.057539 0.446521 0.010352
v 0.057427 0.446649 0.006570
v 0.074956 0.440663 0.029854
v 0.070354 0.439942 0.026990
v 0.066115 0.439588 0.023858
v 0.063794 0.440087 0.019422
v 0.061290 0.440786 0.015563
v 0.060709 0.441616 0.011607
v 0.060026 0.442567 0.007984
v 0.077311 0.435230 0.030507
v 0.072172 0.434397 0.027554
v 0.067995 0.435008 0.024865
v 0.064212 0.435072 0.020754
v 0.061355 0.436283 0.016898
v 0.060092 0.437282 0.012814
v 0.060357 0.437932 0.009099
v 0.075790 0.428863 0.032130
v 0.072230 0.429071 0.029054
v 0.066492 0.428718 0.025784
v 0.062772 0.430473 0.022103
v 0.059974 0.431582 0.017705
v 0.058913 0.432809 0.013567
v 0.059007 0.433332 0.009832
v 0.072960 0.422247 0.033690
v 0.068136 0.421521 0.029975
v 0.064385 0.423039 0.026826
v 0.059335 0.424720 0.023159
v 0.056916 0.426838 0.018551
v 0.055408 0.428416 0.014214
v 0.055654 0.428932 0.010075
v 0.068771 0.414293 0.034381
v 0.064519 0.414733 0.031081
v 0.059888 0.416146 0.027372
v 0.055889 0.418766 0.023800
v 0.053129 0.421195 0.019108
v 0.051485 0.423372 0.014717
v 0.051590 0.424015 0.010119
v 0.064414 0.406112 0.035835
v 0.059529 0.407510 0.031825
v 0.055435 0.409335 0.028198
v 0.051371 0.412494 0.024401
v 0.048712 0.415131 0.019847
v 0.046847 0.417650 0.015234
v 0.047108 0.418359 0.010436
v 0.059178 0.398333 0.037781
v 0.054157 0.399458 0.032668
v 0.049825 0.402331 0.028597
v 0.045958 0.405519 0.024880
v 0.043360 0.408467 0.020362
v 0.041749 0.410947 0.015647
v 0.041648 0.412048 0.010583
v 0.052455 0.391590 0.040391
v 0.047416 0.392426 0.034384
v 0.042794 0.395237 0.029894
v 0.038919 0.398655 0.025896
v 0.036180 0.401833 0.021046
v 0.034770 0.404380 0.016206
v 0.034373 0.405623 0.010810
v 0.046389 0.385334 0.042850
v 0.040664 0.385550 0.036052
v 0.035493 0.388122 0.031157
v 0.031441 0.391653 0.026844
v 0.028365 0.395230 0.022269
v 0.026478 0.397902 0.016809
v 0.025934 0.399203 0.011356
v 0.040483 0.379673 0.045258
v 0.034069 0.379555 0.038583
v 0.028624 0.381670 0.033312
v 0.024334 0.384946 0.028489
v 0.020604 0.388739 0.023873
v 0.018594 0.391362 0.018107
v 0.017396 0.392637 0.012316
v 0.034893 0.374016 0.047704
v 0.027667 0.374229 0.041557
v 0.022167 0.375306 0.035756
v 0.017458 0.378371 0.030693
v 0.013719 0.382289 0.025761
v 0.010932 0.384807 0.019852
v 0.009160 0.386395 0.014000
v 0.028502 0.367546 0.049991
v 0.021225 0.367927 0.044458
v 0.015325 0.368979 0.038651
v 0.010054 0.372295 0.033611
v 0.005643 0.376360 0.028465
v 0.002059 0.379837 0.022729
v -0.001023 0.382144 0.016259
v 0.021638 0.359955 0.052965
v 0.013875 0.360708 0.047530
v 0.006859 0.361898 0.041709
v 0.000975 0.365839 0.036882
v -0.004525 0.370418 0.031627
v -0.009232 0.375209 0.026177
v -0.013221 0.378109 0.019144
v 0.013658 0.350571 0.055392
v 0.004980 0.351738 0.050437
v -0.002763 0.353545 0.044551
v -0.011174 0.358501 0.040196
v -0.017655 0.363148 0.034808
v -0.023496 0.368219 0.029102
v -0.028504 0.371382 0.021375
v 0.004235 0.340619 0.058485
v -0.005886 0.343704 0.054864
v -0.015900 0.346393 0.049544
v -0.025252 0.350337 0.044183
v -0.033489 0.355189 0.038569
v -0.040530 0.359268 0.031754
v -0.046128 0.362049 0.023826
v -0.006789 0.331687 0.062152
v -0.017915 0.335639 0.059114
v -0.030088 0.339112 0.054442
v -0.040711 0.342818 0.048774
v -0.050392 0.345945 0.041813
v -0.058190 0.348810 0.034297
v -0.064480 0.351093 0.025800
v -0.019464 0.324590 0.068204
v -0.031917 0.328704 0.064239
v -0.044297 0.332076 0.059335
v -0.056535 0.334818 0.052817
v -0.066652 0.336745 0.045041
v -0.074873 0.338391 0.036404
v -0.081349 0.339506 0.027657
v -0.034600 0.320381 0.078028
v -0.047202 0.324439 0.072954
v -0.060476 0.326864 0.066184
v -0.072821 0.329353 0.058947
v -0.082888 0.330281 0.049730
v -0.091046 0.330254 0.039784
v -0.096676 0.330409 0.029675
v -0.054206 0.315386 0.091399
v -0.066031 0.318058 0.082844
v -0.078237 0.320034 0.074771
v -0.089297 0.322269 0.065663
v -0.099245 0.322434 0.054849
v -0.105253 0.321976 0.043499
v -0.110363 0.321220 0.032407
v -0.078238 0.301961 0.103591
v -0.088484 0.305094 0.092826
v -0.097329 0.308006 0.082824
v -0.107115 0.310232 0.072313
v -0.113870 0.311395 0.060453
v -0.120746 0.311336 0.048698
v -0.125533 0.313668 0.036552
v -0.103211 0.279850 0.110473
v -0.111665 0.285635 0.100005
v -0.118031 0.290091 0.089422
v -0.124041 0.293563 0.078209
v -0.130607 0.295156 0.066837
v -0.136619 0.297136 0.055317
v -0.144534 0.299022 0.042626
v 0.052352 0.462977 0.035053
v 0.041428 0.473857 0.033254
v 0.031627 0.483570 0.028803
v 0.025199 0.490944 0.023185
v 0.017873 0.497550 0.018325
v 0.010107 0.503096 0.013861
v 0.002839 0.507629 0.009829
v -0.002891 0.511162 0.006553
v -0.008111 0.514334 0.004130
v -0.014723 0.518207 0.001727
v -0.021483 0.522032 -0.000758
v -0.030388 0.526365 -0.004199
v 0.047827 0.456362 0.028915
v 0.037093 0.465934 0.027858
v 0.029818 0.475832 0.024021
v 0.022800 0.485068 0.019503
v 0.015401 0.492244 0.015204
v 0.007081 0.498658 0.011280
v 0.000423 0.503370 0.008076
v -0.004798 0.507166 0.005401
v -0.009342 0.510380 0.004167
v -0.015515 0.514243 0.002509
v -0.025711 0.519446 -0.001527
v -0.033032 0.524039 -0.004584
v 0.047097 0.456094 0.022188
v 0.038646 0.463185 0.020754
v 0.030119 0.472130 0.018380
v 0.022999 0.480742 0.014608
v 0.014427 0.488854 0.010718
v 0.006255 0.495142 0.007108
v -0.001179 0.500391 0.004264
v -0.005865 0.503828 0.003014
v -0.010891 0.507188 0.002716
v -0.017011 0.511794 -0.000427
v -0.023245 0.517385 -0.005218
v -0.037710 0.521064 -0.008004
v 0.047445 0.456126 0.016974
v 0.039458 0.462661 0.015390
v 0.031011 0.469289 0.013188
v 0.022193 0.477360 0.010331
v 0.013392 0.484873 0.006879
v 0.004462 0.491868 0.003449
v -0.002909 0.496861 0.001256
v -0.008974 0.501157 0.000277
v -0.013976 0.504439 0.000342
v -0.020598 0.509740 -0.000655
v -0.025679 0.512750 -0.010008
v -0.034853 0.521809 -0.013121
v 0.047337 0.456161 0.011935
v 0.040001 0.461701 0.010276
v 0.031211 0.467773 0.008194
v 0.021869 0.474441 0.005903
v 0.012592 0.481797 0.002899
v 0.003338 0.488291 -0.000166
v -0.005214 0.494125 -0.002512
v -0.012277 0.499041 -0.004170
v -0.019069 0.503024 -0.004314
v -0.025874 0.506306 -0.003892
v -0.034618 0.516887 -0.006198
v -0.035947 0.513269 -0.018149
v 0.047094 0.455893 0.007254
v 0.039600 0.460934 0.005409
v 0.031059 0.466363 0.003483
v 0.021559 0.472615 0.001327
v 0.011972 0.479135 -0.001461
v 0.002468 0.485648 -0.004159
v -0.007078 0.491653 -0.007052
v -0.015393 0.497327 -0.009029
v -0.024236 0.501093 -0.010247
v -0.033285 0.503641 -0.009757
v -0.040496 0.509266 -0.010492
v -0.043832 0.522297 -0.017303
v 0.046852 0.455513 0.002998
v 0.039558 0.460446 0.000880
v 0.030723 0.466172 -0.001203
v 0.021647 0.472001 -0.003647
v 0.012035 0.478150 -0.006092
v 0.001734 0.484372 -0.009198
v -0.008539 0.490569 -0.011723
v -0.018155 0.496135 -0.014562
v -0.027395 0.499411 -0.015959
v -0.037458 0.500609 -0.016831
v -0.045649 0.505385 -0.018355
v -0.054371 0.521276 -0.025677
v 0.157688 0.537878 0.029022
v 0.156438 0.542925 0.028396
v 0.154233 0.546917 0.027734
v 0.151490 0.550325 0.027275
v 0.148984 0.552804 0.027100
v 0.145764 0.555301 0.026986
v 0.140476 0.557426 0.027012
v 0.152393 0.542832 0.041141
v 0.148936 0.542788 0.037911
v 0.146373 0.543424 0.035216
v 0.144065 0.543116 0.033261
v 0.141822 0.543829 0.031750
v 0.141629 0.543655 0.030932
v 0.141394 0.544827 0.030219
v 0.158410 0.552859 0.045131
v 0.156953 0.553439 0.043577
v 0.154689 0.552985 0.040663
v 0.151798 0.552703 0.038321
v 0.148935 0.552261 0.036913
v 0.146073 0.551159 0.035892
v 0.144340 0.550268 0.036223
v 0.161121 0.559082 0.049292
v 0.160029 0.559739 0.047819
v 0.158413 0.560287 0.045834
v 0.156295 0.560397 0.043464
v 0.153303 0.559264 0.040943
v 0.150350 0.558184 0.039408
v 0.147836 0.555933 0.038466
v 0.163947 0.533053 0.003528
v 0.164318 0.534035 -0.008316
v 0.171532 0.540650 -0.011162
v 0.176944 0.546341 -0.015404
v 0.162558 0.538114 0.002334
v 0.161049 0.536010 -0.008054
v 0.169672 0.543539 -0.010734
v 0.175687 0.549950 -0.015260
v 0.160248 0.542445 0.000413
v 0.157077 0.537344 -0.007497
v 0.166987 0.545978 -0.010331
v 0.173905 0.553503 -0.015254
v 0.157681 0.545866 -0.001854
v 0.153139 0.538749 -0.007104
v 0.163398 0.547565 -0.009930
v 0.170958 0.555486 -0.014781
v 0.154880 0.548464 -0.003942
v 0.152374 0.539264 -0.006373
v 0.159516 0.547506 -0.010258
v 0.166197 0.555960 -0.014250
v 0.150708 0.550247 -0.005458
v 0.151523 0.540633 -0.006514
v 0.156851 0.545979 -0.011273
v 0.163029 0.552215 -0.015112
v 0.146087 0.550628 -0.006219
v 0.149107 0.541967 -0.007492
v 0.155024 0.543905 -0.011460
v 0.161338 0.548969 -0.014450
v 0.159804 0.561884 0.061732
v 0.160773 0.562887 0.060894
v 0.161952 0.563961 0.060000
v 0.162636 0.564805 0.058867
v 0.163264 0.565997 0.057822
v 0.163461 0.565398 0.055910
v 0.163200 0.565218 0.054259
v 0.159235 0.563235 0.062513
v 0.160520 0.565140 0.061662
v 0.161677 0.566582 0.060814
v 0.162843 0.568170 0.059818
v 0.163470 0.568713 0.058396
v 0.163792 0.569594 0.056803
v 0.163261 0.567109 0.054019
v 0.158714 0.565200 0.063322
v 0.160241 0.567618 0.062549
v 0.161687 0.569779 0.061647
v 0.162918 0.571236 0.060686
v 0.164060 0.572844 0.059277
v 0.164045 0.572244 0.056798
v 0.162666 0.570457 0.053986
v 0.158148 0.567497 0.064067
v 0.160125 0.570369 0.063443
v 0.161792 0.572895 0.062684
v 0.163498 0.574976 0.061748
v 0.164191 0.575968 0.059533
v 0.163379 0.575303 0.056673
v 0.161719 0.572210 0.053326
v 0.156987 0.569493 0.064443
v 0.159166 0.573326 0.063921
v 0.160922 0.576247 0.063354
v 0.161879 0.578031 0.061256
v 0.162068 0.578668 0.058678
v 0.161619 0.576901 0.054889
v 0.159899 0.572547 0.051123
v 0.155628 0.570987 0.063322
v 0.156931 0.573973 0.062700
v 0.158564 0.576983 0.060913
v 0.159376 0.576790 0.058910
v 0.159008 0.575855 0.056338
v 0.157758 0.573986 0.053185
v 0.156195 0.570528 0.048743
v 0.152803 0.569586 0.062285
v 0.155487 0.573346 0.060713
v 0.156611 0.573388 0.058655
v 0.157587 0.572928 0.056271
v 0.156996 0.571453 0.053723
v 0.155575 0.568635 0.049779
v 0.153550 0.565403 0.046327
v -0.398128 0.177513 -0.043581
v -0.398858 0.187183 -0.042904
v -0.398559 0.196043 -0.044851
v -0.400755 0.205752 -0.047100
v -0.398130 0.214588 -0.048528
v -0.394187 0.223517 -0.048462
v -0.389584 0.230707 -0.048080
v -0.385033 0.236850 -0.047673
v -0.379508 0.242922 -0.047634
v -0.371806 0.249866 -0.047273
v -0.363066 0.258761 -0.047931
v -0.353461 0.267251 -0.049024
v -0.343703 0.275860 -0.049937
v -0.334972 0.283699 -0.051070
v -0.326641 0.291068 -0.052176
v -0.319443 0.297035 -0.053142
v -0.312455 0.303719 -0.054459
v -0.304378 0.303109 -0.052960
v -0.299000 0.299536 -0.051661
v -0.294001 0.295734 -0.050262
v -0.287888 0.290240 -0.049022
v -0.279919 0.282598 -0.047435
v -0.269309 0.274404 -0.047355
v -0.258437 0.265939 -0.047417
v -0.248391 0.258180 -0.046270
v -0.239383 0.251208 -0.045275
v -0.231732 0.245143 -0.043618
v -0.225078 0.239740 -0.041942
v -0.218278 0.235168 -0.039543
v -0.210661 0.229528 -0.036846
v -0.203758 0.219661 -0.029568
v -0.194980 0.212272 -0.022283
v -0.185028 0.203017 -0.013212
v -0.173641 0.191048 0.000741
v -0.400314 0.176301 -0.038878
v -0.399705 0.188787 -0.039385
v -0.400247 0.197967 -0.040677
v -0.402528 0.206008 -0.044940
v -0.399551 0.215710 -0.046140
v -0.395397 0.224297 -0.046877
v -0.390778 0.231430 -0.046204
v -0.385924 0.237684 -0.045669
v -0.380408 0.244394 -0.046033
v -0.373371 0.252221 -0.046319
v -0.364900 0.260701 -0.047947
v -0.355218 0.269244 -0.049277
v -0.345725 0.277281 -0.050205
v -0.336636 0.284852 -0.051001
v -0.328616 0.291762 -0.052036
v -0.320314 0.297916 -0.052584
v -0.312982 0.303156 -0.053149
v -0.304782 0.303740 -0.051443
v -0.299202 0.300622 -0.049386
v -0.293804 0.296612 -0.047769
v -0.287263 0.291687 -0.046048
v -0.277518 0.285449 -0.045848
v -0.266945 0.277474 -0.046073
v -0.255898 0.269582 -0.045924
v -0.245708 0.261747 -0.044408
v -0.236456 0.254893 -0.042982
v -0.228461 0.248597 -0.041300
v -0.221242 0.244066 -0.039865
v -0.214241 0.239870 -0.038009
v -0.206890 0.233272 -0.034043
v -0.199386 0.227501 -0.029137
v -0.191867 0.219341 -0.020759
v -0.182938 0.210463 -0.010451
v -0.171968 0.199533 0.004242
v -0.404710 0.176862 -0.032771
v -0.402915 0.190504 -0.033982
v -0.402863 0.199619 -0.037481
v -0.403917 0.207448 -0.042406
v -0.401095 0.216484 -0.044335
v -0.397446 0.225191 -0.045503
v -0.392906 0.232973 -0.044919
v -0.387809 0.238876 -0.043734
v -0.382344 0.246361 -0.045190
v -0.375433 0.254197 -0.047010
v -0.366931 0.262618 -0.048191
v -0.357618 0.270730 -0.049375
v -0.347832 0.278592 -0.050289
v -0.338671 0.286162 -0.051017
v -0.329701 0.292932 -0.051646
v -0.321396 0.299084 -0.052012
v -0.313049 0.303833 -0.052296
v -0.304999 0.304568 -0.049826
v -0.299127 0.301519 -0.047154
v -0.292564 0.298346 -0.045292
v -0.284485 0.294037 -0.044873
v -0.274964 0.288083 -0.044632
v -0.264244 0.281096 -0.044324
v -0.253336 0.273482 -0.044169
v -0.242953 0.266234 -0.043093
v -0.233288 0.259535 -0.041554
v -0.224903 0.253690 -0.040036
v -0.217214 0.249124 -0.038619
v -0.210048 0.244870 -0.037054
v -0.202956 0.240533 -0.034028
v -0.196230 0.234101 -0.028411
v -0.189666 0.228121 -0.020053
v -0.182441 0.217661 -0.006979
v -0.172861 0.207462 0.006583
v -0.413637 0.178849 -0.030710
v -0.409513 0.191687 -0.033193
v -0.408141 0.200692 -0.036184
v -0.406834 0.208448 -0.041480
v -0.404012 0.217621 -0.043654
v -0.400270 0.226867 -0.044732
v -0.396188 0.234121 -0.044159
v -0.390894 0.241426 -0.042988
v -0.385205 0.248156 -0.043942
v -0.377776 0.256662 -0.046445
v -0.369455 0.264648 -0.047683
v -0.359990 0.272598 -0.048791
v -0.350257 0.280279 -0.049689
v -0.340333 0.287766 -0.050323
v -0.330985 0.294930 -0.050885
v -0.322016 0.300707 -0.051338
v -0.313096 0.305634 -0.050661
v -0.304965 0.305732 -0.048215
v -0.297837 0.303578 -0.044670
v -0.290032 0.300611 -0.044006
v -0.281057 0.296628 -0.043913
v -0.271421 0.291301 -0.043524
v -0.261176 0.284857 -0.042932
v -0.250612 0.277951 -0.042304
v -0.240071 0.270987 -0.041426
v -0.230272 0.264521 -0.040105
v -0.221240 0.259169 -0.039294
v -0.213230 0.254496 -0.038514
v -0.205997 0.251004 -0.037049
v -0.199215 0.246251 -0.035010
v -0.193372 0.242524 -0.028689
v -0.186457 0.233994 -0.019080
v -0.182165 0.226904 -0.006040
v -0.173587 0.213743 0.009187
v -0.420511 0.181209 -0.031459
v -0.416683 0.192398 -0.033799
v -0.413214 0.202081 -0.036435
v -0.411334 0.210033 -0.040811
v -0.407639 0.218986 -0.042960
v -0.403868 0.228150 -0.044288
v -0.399940 0.236395 -0.043523
v -0.394938 0.243455 -0.042422
v -0.387691 0.251064 -0.042980
v -0.380636 0.258984 -0.044915
v -0.371642 0.267285 -0.046522
v -0.362553 0.274543 -0.047460
v -0.352506 0.282288 -0.048620
v -0.342354 0.289843 -0.049098
v -0.332117 0.296851 -0.049322
v -0.322612 0.303525 -0.049516
v -0.313424 0.307681 -0.049438
v -0.304401 0.308374 -0.045945
v -0.296224 0.306054 -0.042922
v -0.286679 0.303809 -0.043209
v -0.277557 0.299781 -0.042782
v -0.267911 0.295000 -0.042287
v -0.257816 0.289205 -0.042082
v -0.247556 0.282644 -0.042012
v -0.237003 0.275854 -0.041121
v -0.226928 0.269601 -0.040176
v -0.217648 0.264270 -0.039102
v -0.209540 0.259907 -0.038955
v -0.202401 0.255982 -0.037793
v -0.195797 0.252751 -0.035549
v -0.189937 0.247904 -0.029683
v -0.187202 0.244062 -0.018343
v -0.177680 0.231751 -0.004786
v -0.174931 0.225140 0.010514
v -0.427385 0.183720 -0.033620
v -0.422467 0.193813 -0.035439
v -0.420222 0.203387 -0.037380
v -0.415288 0.211579 -0.041528
v -0.411704 0.220772 -0.043099
v -0.408142 0.229516 -0.044191
v -0.403075 0.238857 -0.042993
v -0.398443 0.245692 -0.042289
v -0.390677 0.254772 -0.042738
v -0.382489 0.262136 -0.043853
v -0.374246 0.269715 -0.045067
v -0.364815 0.277062 -0.046041
v -0.354991 0.284375 -0.047065
v -0.344217 0.292087 -0.047548
v -0.333624 0.299345 -0.047561
v -0.323485 0.305599 -0.047451
v -0.313837 0.310568 -0.046872
v -0.304289 0.311094 -0.043836
v -0.294464 0.309706 -0.041020
v -0.284429 0.307407 -0.041831
v -0.274686 0.303863 -0.042808
v -0.265076 0.299336 -0.043164
v -0.255278 0.293880 -0.043295
v -0.244709 0.287416 -0.042535
v -0.234114 0.280631 -0.041581
v -0.223710 0.274582 -0.040290
v -0.214364 0.269070 -0.040308
v -0.206096 0.264483 -0.040115
v -0.198994 0.260786 -0.039497
v -0.193107 0.258363 -0.036698
v -0.186967 0.255427 -0.031881
v -0.183443 0.249955 -0.019321
v -0.178678 0.244534 -0.006005
v -0.175230 0.238438 0.010802
v -0.395609 0.176541 -0.051207
v -0.398501 0.175289 -0.056676
v -0.392062 0.174987 -0.061976
v -0.395518 0.176882 -0.071332
v -0.399646 0.179628 -0.077059
v -0.406468 0.180709 -0.083258
v -0.411220 0.183436 -0.085507
v -0.395264 0.185502 -0.050958
v -0.392671 0.187145 -0.055665
v -0.391763 0.187530 -0.061340
v -0.393872 0.188887 -0.067988
v -0.398969 0.189009 -0.074059
v -0.403474 0.190555 -0.078857
v -0.408835 0.191357 -0.082259
v -0.395612 0.195405 -0.051797
v -0.393674 0.196122 -0.055391
v -0.392439 0.197397 -0.060613
v -0.394307 0.198045 -0.065840
v -0.396887 0.198809 -0.071344
v -0.401917 0.199004 -0.075590
v -0.406057 0.200802 -0.078855
v -0.398658 0.204241 -0.053749
v -0.397317 0.204206 -0.056927
v -0.396757 0.204865 -0.060195
v -0.397629 0.205404 -0.063746
v -0.398978 0.206400 -0.067826
v -0.402131 0.207397 -0.071171
v -0.404648 0.208865 -0.074154
v -0.396904 0.213423 -0.053820
v -0.396237 0.213556 -0.056745
v -0.396492 0.213565 -0.059737
v -0.397517 0.214022 -0.062916
v -0.398571 0.214879 -0.065886
v -0.400664 0.216397 -0.068727
v -0.402310 0.217820 -0.071048
v -0.393155 0.222595 -0.053345
v -0.393109 0.222090 -0.056202
v -0.394257 0.222292 -0.059143
v -0.395364 0.222894 -0.062006
v -0.396740 0.223805 -0.064796
v -0.397956 0.225284 -0.066367
v -0.399939 0.226746 -0.068740
v -0.388957 0.229990 -0.052567
v -0.389342 0.230034 -0.055314
v -0.390978 0.230913 -0.058001
v -0.392663 0.231719 -0.061199
v -0.392278 0.232555 -0.064066
v -0.393275 0.233805 -0.066425
v -0.394310 0.235310 -0.067907
v -0.384617 0.236331 -0.052109
v -0.384867 0.236857 -0.054776
v -0.386305 0.238384 -0.057456
v -0.387356 0.240079 -0.060796
v -0.387118 0.240620 -0.063995
v -0.387420 0.242051 -0.066345
v -0.388475 0.243613 -0.068462
v -0.378823 0.241868 -0.052256
v -0.378957 0.242660 -0.055200
v -0.379719 0.244508 -0.058113
v -0.380262 0.246430 -0.061265
v -0.380803 0.248221 -0.064023
v -0.381026 0.250186 -0.066624
v -0.381988 0.251380 -0.068764
v -0.371131 0.247856 -0.052851
v -0.371578 0.248949 -0.055989
v -0.372690 0.251649 -0.058130
v -0.373787 0.253692 -0.060811
v -0.374242 0.255891 -0.063729
v -0.374716 0.257325 -0.066448
v -0.374784 0.259171 -0.069527
v -0.362006 0.255501 -0.053268
v -0.362471 0.255964 -0.056811
v -0.364180 0.258411 -0.058631
v -0.365352 0.260810 -0.060807
v -0.366489 0.262689 -0.063350
v -0.367396 0.264306 -0.066449
v -0.367597 0.265696 -0.069229
v -0.352214 0.263787 -0.053859
v -0.352849 0.264031 -0.057285
v -0.354522 0.266052 -0.059039
v -0.356356 0.268066 -0.060869
v -0.357999 0.269721 -0.063023
v -0.358645 0.271637 -0.065556
v -0.360131 0.272726 -0.068868
v -0.342140 0.272535 -0.054233
v -0.342877 0.272332 -0.057745
v -0.344902 0.273965 -0.059788
v -0.346604 0.275536 -0.060967
v -0.348378 0.277629 -0.062768
v -0.350361 0.278764 -0.064864
v -0.350425 0.280941 -0.067155
v -0.332486 0.280712 -0.054979
v -0.333261 0.280457 -0.058038
v -0.334828 0.281242 -0.060497
v -0.337240 0.283466 -0.061696
v -0.338703 0.284731 -0.062733
v -0.339584 0.286921 -0.064552
v -0.340882 0.288116 -0.066246
v -0.324551 0.289368 -0.055702
v -0.324934 0.288750 -0.058140
v -0.326055 0.288674 -0.060797
v -0.327518 0.289618 -0.062426
v -0.329216 0.291974 -0.063329
v -0.330200 0.293014 -0.064377
v -0.330835 0.295019 -0.066134
v -0.318130 0.296829 -0.056345
v -0.318416 0.296404 -0.058300
v -0.318936 0.296120 -0.060001
v -0.319545 0.296024 -0.062241
v -0.320430 0.297082 -0.063270
v -0.321138 0.298693 -0.064450
v -0.321741 0.299857 -0.065325
v -0.311834 0.303298 -0.056765
v -0.312239 0.303078 -0.058359
v -0.312806 0.302570 -0.059751
v -0.312967 0.302665 -0.060598
v -0.313196 0.302921 -0.061861
v -0.313336 0.303491 -0.063460
v -0.313378 0.303673 -0.065606
v -0.303834 0.302547 -0.056698
v -0.303854 0.302889 -0.058380
v -0.303919 0.303245 -0.060011
v -0.304015 0.303567 -0.061391
v -0.303825 0.304114 -0.062787
v -0.303716 0.305213 -0.064347
v -0.303754 0.306291 -0.065855
v -0.298295 0.298496 -0.056439
v -0.297860 0.298785 -0.058690
v -0.297466 0.299114 -0.060848
v -0.296933 0.299592 -0.063112
v -0.296563 0.300130 -0.065302
v -0.296278 0.300803 -0.067586
v -0.296005 0.301710 -0.070044
v -0.293429 0.293978 -0.056025
v -0.292799 0.293672 -0.058972
v -0.292162 0.293825 -0.061928
v -0.291273 0.294268 -0.064709
v -0.290241 0.295039 -0.067611
v -0.289107 0.296085 -0.070463
v -0.287659 0.298273 -0.072406
v -0.287986 0.287899 -0.055524
v -0.287545 0.287233 -0.059121
v -0.286339 0.287195 -0.062633
v -0.285016 0.288048 -0.066105
v -0.283764 0.288935 -0.069592
v -0.282092 0.290637 -0.072730
v -0.279705 0.293064 -0.075049
v -0.280909 0.279700 -0.054973
v -0.280636 0.278697 -0.059412
v -0.278960 0.279384 -0.063384
v -0.277499 0.280304 -0.067262
v -0.276386 0.281729 -0.071275
v -0.274304 0.283980 -0.074841
v -0.271731 0.286825 -0.077448
v -0.271666 0.270590 -0.054844
v -0.271614 0.269372 -0.059564
v -0.269977 0.270215 -0.064193
v -0.268768 0.271557 -0.068463
v -0.267712 0.273336 -0.072987
v -0.265511 0.276161 -0.076779
v -0.262759 0.279362 -0.079600
v -0.261701 0.261277 -0.054363
v -0.262151 0.260046 -0.059515
v -0.260776 0.260607 -0.064681
v -0.259480 0.262237 -0.069584
v -0.258498 0.264174 -0.074520
v -0.256183 0.267559 -0.078661
v -0.253287 0.271295 -0.082133
v -0.252425 0.253086 -0.053457
v -0.253044 0.251262 -0.058819
v -0.252348 0.251283 -0.064594
v -0.250978 0.252613 -0.070235
v -0.249410 0.255170 -0.075653
v -0.246798 0.258803 -0.080056
v -0.243947 0.262955 -0.083941
v -0.244044 0.245843 -0.052220
v -0.244903 0.243616 -0.057485
v -0.244606 0.242526 -0.063891
v -0.243279 0.243437 -0.070205
v -0.240977 0.246197 -0.076144
v -0.238121 0.250187 -0.081450
v -0.234937 0.254840 -0.085763
v -0.236785 0.239357 -0.050530
v -0.237718 0.236710 -0.055994
v -0.237295 0.234975 -0.062354
v -0.235738 0.235091 -0.069358
v -0.233095 0.237725 -0.075988
v -0.229991 0.241677 -0.082354
v -0.226324 0.246604 -0.088066
v -0.230371 0.233592 -0.048693
v -0.231176 0.230639 -0.053960
v -0.230165 0.227909 -0.060361
v -0.228349 0.227200 -0.067664
v -0.225498 0.229254 -0.075153
v -0.221959 0.232961 -0.082955
v -0.217933 0.238437 -0.089688
v -0.224518 0.228356 -0.045909
v -0.223916 0.223797 -0.051384
v -0.222628 0.220279 -0.057811
v -0.220745 0.218323 -0.065301
v -0.217143 0.219764 -0.073693
v -0.213940 0.223386 -0.083121
v -0.208853 0.229250 -0.091283
v -0.216554 0.219910 -0.042595
v -0.216866 0.214906 -0.047662
v -0.216137 0.209331 -0.053934
v -0.213108 0.206345 -0.062862
v -0.207920 0.210114 -0.071529
v -0.203234 0.214323 -0.081079
v -0.198409 0.220330 -0.090589
v -0.209072 0.209430 -0.037464
v -0.209839 0.203326 -0.042323
v -0.209042 0.196527 -0.049781
v -0.204226 0.196615 -0.059403
v -0.198450 0.199892 -0.068471
v -0.192894 0.205557 -0.078849
v -0.187514 0.211853 -0.088599
v -0.200433 0.198748 -0.030472
v -0.202918 0.191686 -0.036480
v -0.200414 0.188212 -0.045834
v -0.195692 0.187684 -0.055456
v -0.189555 0.192678 -0.065137
v -0.183283 0.197785 -0.075504
v -0.177085 0.204226 -0.086146
v -0.191642 0.190074 -0.024529
v -0.193771 0.183380 -0.031545
v -0.192384 0.181019 -0.041833
v -0.188543 0.181827 -0.052421
v -0.181630 0.186160 -0.061684
v -0.174210 0.190482 -0.072536
v -0.167233 0.196980 -0.084153
v -0.179628 0.180052 -0.015972
v -0.186080 0.178028 -0.028240
v -0.186416 0.174328 -0.038658
v -0.181758 0.176918 -0.049302
v -0.174102 0.180681 -0.058492
v -0.165530 0.183669 -0.069845
v -0.157487 0.187730 -0.081344
v -0.408995 0.172490 -0.052805
v -0.414470 0.171667 -0.052004
v -0.419709 0.171018 -0.049985
v -0.426061 0.170283 -0.048201
v -0.432603 0.169822 -0.045353
v -0.437168 0.170194 -0.041583
v -0.412047 0.170850 -0.058267
v -0.417390 0.170338 -0.056992
v -0.423178 0.169617 -0.055549
v -0.430048 0.169003 -0.053469
v -0.436983 0.168513 -0.050785
v -0.444135 0.167106 -0.046117
v -0.412208 0.169977 -0.063118
v -0.418943 0.169143 -0.062190
v -0.425048 0.168545 -0.060603
v -0.432945 0.167687 -0.058944
v -0.440405 0.166973 -0.056292
v -0.452992 0.167789 -0.051768
v -0.413468 0.168770 -0.069147
v -0.419490 0.168175 -0.067637
v -0.427368 0.167135 -0.066626
v -0.434809 0.166595 -0.064357
v -0.444834 0.164851 -0.062402
v -0.452101 0.176163 -0.059316
v -0.414173 0.168049 -0.075491
v -0.422375 0.166720 -0.074652
v -0.428987 0.166248 -0.072025
v -0.438280 0.164628 -0.071387
v -0.452113 0.170380 -0.070597
v -0.447991 0.181985 -0.064490
v -0.417621 0.165869 -0.083580
v -0.424242 0.166322 -0.080352
v -0.434341 0.163750 -0.081133
v -0.443982 0.171799 -0.080181
v -0.444761 0.180815 -0.073222
v -0.443549 0.187596 -0.067691
v -0.420370 0.171827 -0.091999
v -0.430885 0.170082 -0.090509
v -0.435255 0.177035 -0.083885
v -0.438348 0.182031 -0.078412
v -0.440195 0.187494 -0.073154
v -0.439783 0.192545 -0.069306
v -0.436758 0.186412 -0.038976
v -0.432335 0.196422 -0.040357
v -0.427840 0.205846 -0.042514
v -0.422785 0.214598 -0.044474
v -0.418805 0.222783 -0.045113
v -0.414479 0.232661 -0.045588
v -0.409886 0.241980 -0.043683
v -0.404632 0.251358 -0.042664
v -0.394930 0.261516 -0.043615
v -0.387311 0.268180 -0.044930
v -0.378560 0.275382 -0.046356
v -0.369606 0.282113 -0.047463
v -0.359454 0.289634 -0.047740
v -0.348434 0.297601 -0.047709
v -0.337360 0.305305 -0.047133
v -0.326716 0.312273 -0.045780
v -0.316418 0.317355 -0.043699
v -0.305399 0.319711 -0.040252
v -0.293339 0.319761 -0.039526
v -0.282086 0.317096 -0.041238
v -0.272812 0.313410 -0.044251
v -0.263345 0.308831 -0.046152
v -0.253026 0.303305 -0.047250
v -0.241536 0.296941 -0.046791
v -0.229571 0.290409 -0.045083
v -0.218347 0.283975 -0.043923
v -0.208194 0.277930 -0.043695
v -0.199933 0.272621 -0.044478
v -0.192912 0.267851 -0.045346
v -0.186633 0.267580 -0.043497
v -0.181382 0.269257 -0.039857
v -0.181727 0.272533 -0.030060
v -0.173776 0.271488 -0.017541
v -0.167123 0.275792 -0.002906
v -0.440648 0.188351 -0.043852
v -0.435840 0.198492 -0.043836
v -0.430708 0.207577 -0.045580
v -0.425760 0.215707 -0.046857
v -0.421382 0.224469 -0.046879
v -0.417786 0.232968 -0.047022
v -0.414023 0.243354 -0.045242
v -0.408020 0.254397 -0.043881
v -0.399357 0.263352 -0.044848
v -0.389750 0.271255 -0.046735
v -0.380845 0.277123 -0.048469
v -0.371716 0.283955 -0.049460
v -0.361456 0.291782 -0.049512
v -0.350675 0.300080 -0.049088
v -0.339680 0.308347 -0.048073
v -0.329127 0.315602 -0.046585
v -0.318906 0.321543 -0.043685
v -0.307524 0.325310 -0.040202
v -0.293712 0.325761 -0.039853
v -0.281990 0.322981 -0.042678
v -0.272726 0.318294 -0.046350
v -0.263569 0.313401 -0.048830
v -0.252909 0.307939 -0.049710
v -0.240586 0.301632 -0.049215
v -0.227964 0.295008 -0.047664
v -0.215834 0.288284 -0.046908
v -0.205785 0.281437 -0.047606
v -0.197197 0.275623 -0.048073
v -0.190361 0.271262 -0.049559
v -0.182235 0.269551 -0.048931
v -0.177629 0.273855 -0.046074
v -0.174191 0.279139 -0.040280
v -0.167669 0.280907 -0.027645
v -0.159044 0.287617 -0.015026
v -0.441676 0.191181 -0.049414
v -0.437918 0.201258 -0.049119
v -0.431825 0.208922 -0.049922
v -0.426928 0.216817 -0.050435
v -0.423023 0.225478 -0.050481
v -0.419534 0.234385 -0.049995
v -0.417697 0.244552 -0.048559
v -0.412653 0.256058 -0.046734
v -0.402961 0.266362 -0.047900
v -0.392466 0.272714 -0.049786
v -0.383153 0.278780 -0.051015
v -0.373722 0.285660 -0.051491
v -0.363637 0.293539 -0.051708
v -0.352759 0.302223 -0.051219
v -0.342128 0.310772 -0.050109
v -0.331917 0.318873 -0.048557
v -0.322064 0.325524 -0.045653
v -0.310420 0.330695 -0.042346
v -0.295823 0.332122 -0.042405
v -0.282680 0.328787 -0.045207
v -0.272362 0.323853 -0.048154
v -0.263882 0.318039 -0.051584
v -0.252721 0.312371 -0.052245
v -0.240224 0.305858 -0.052093
v -0.226368 0.299163 -0.051336
v -0.214046 0.291474 -0.051619
v -0.203691 0.284623 -0.051863
v -0.195034 0.279059 -0.052791
v -0.187663 0.274567 -0.053857
v -0.179847 0.273238 -0.054903
v -0.173237 0.277729 -0.053486
v -0.168904 0.283635 -0.048886
v -0.161049 0.288385 -0.039056
v -0.150266 0.292862 -0.027018
v -0.440810 0.194711 -0.054982
v -0.438124 0.203407 -0.053959
v -0.431993 0.210268 -0.054216
v -0.427459 0.218242 -0.054261
v -0.423783 0.226599 -0.054040
v -0.420990 0.235524 -0.053667
v -0.420054 0.245437 -0.052452
v -0.416549 0.257741 -0.051122
v -0.406264 0.268338 -0.051758
v -0.394613 0.274082 -0.053382
v -0.384797 0.280018 -0.054006
v -0.375522 0.286864 -0.054298
v -0.365223 0.294938 -0.054321
v -0.354583 0.303787 -0.053856
v -0.344109 0.313106 -0.052831
v -0.334655 0.321665 -0.050885
v -0.325597 0.329589 -0.048397
v -0.314473 0.336009 -0.045351
v -0.298541 0.338591 -0.044713
v -0.284057 0.334960 -0.048662
v -0.272531 0.329361 -0.051094
v -0.263737 0.322443 -0.054114
v -0.253067 0.316381 -0.055207
v -0.240022 0.309200 -0.056021
v -0.225713 0.301856 -0.056195
v -0.212997 0.294210 -0.056677
v -0.202265 0.287502 -0.057287
v -0.193411 0.282168 -0.057643
v -0.185461 0.278851 -0.058790
v -0.177635 0.276579 -0.060399
v -0.169757 0.280022 -0.059699
v -0.163033 0.285851 -0.056797
v -0.154388 0.291249 -0.048590
v -0.142711 0.293538 -0.037069
v -0.440492 0.197363 -0.059270
v -0.437278 0.205272 -0.058447
v -0.432024 0.211373 -0.058200
v -0.427634 0.219383 -0.057910
v -0.424357 0.227680 -0.057540
v -0.422214 0.236186 -0.057251
v -0.421739 0.245712 -0.056699
v -0.419172 0.258499 -0.056254
v -0.408480 0.269637 -0.056481
v -0.396183 0.275127 -0.057073
v -0.385939 0.280678 -0.057283
v -0.376524 0.287617 -0.057400
v -0.366334 0.295761 -0.057320
v -0.355810 0.305390 -0.056812
v -0.345860 0.315086 -0.055526
v -0.337181 0.324517 -0.053995
v -0.329418 0.333304 -0.052068
v -0.319409 0.342044 -0.049239
v -0.301525 0.348483 -0.049270
v -0.285273 0.340274 -0.053713
v -0.273431 0.333547 -0.055884
v -0.264042 0.326170 -0.057670
v -0.253526 0.319257 -0.059030
v -0.240284 0.312056 -0.060111
v -0.225501 0.304283 -0.061163
v -0.212206 0.296630 -0.062088
v -0.201403 0.290240 -0.062603
v -0.192284 0.285387 -0.063068
v -0.183789 0.282266 -0.063523
v -0.175705 0.280109 -0.065156
v -0.166763 0.282133 -0.065292
v -0.158634 0.286495 -0.063151
v -0.149040 0.292034 -0.056752
v -0.136625 0.292390 -0.046281
v -0.439224 0.200307 -0.063429
v -0.436766 0.205935 -0.062747
v -0.431484 0.212091 -0.061681
v -0.427595 0.219741 -0.061601
v -0.424467 0.227863 -0.061148
v -0.422547 0.236259 -0.060905
v -0.422351 0.245735 -0.061196
v -0.419756 0.257827 -0.062023
v -0.409622 0.269881 -0.061905
v -0.396675 0.275552 -0.060966
v -0.386116 0.280636 -0.060593
v -0.376549 0.287513 -0.060689
v -0.366324 0.296113 -0.060698
v -0.355794 0.305830 -0.060195
v -0.346131 0.316081 -0.059535
v -0.337708 0.325505 -0.058798
v -0.330413 0.334529 -0.058590
v -0.322260 0.344513 -0.060084
v -0.303720 0.349808 -0.061879
v -0.287239 0.341745 -0.061611
v -0.274872 0.334423 -0.061965
v -0.265172 0.327273 -0.062489
v -0.254863 0.320224 -0.063340
v -0.241072 0.313031 -0.064891
v -0.226508 0.305454 -0.066630
v -0.212601 0.297686 -0.067930
v -0.201490 0.291662 -0.068568
v -0.192123 0.286777 -0.068908
v -0.183267 0.284235 -0.069076
v -0.173629 0.282356 -0.070299
v -0.164916 0.282958 -0.070323
v -0.154765 0.286277 -0.069071
v -0.144434 0.290078 -0.064242
v -0.132154 0.291429 -0.055679
v -0.437896 0.201102 -0.066553
v -0.435253 0.206147 -0.065955
v -0.430594 0.211752 -0.065469
v -0.427020 0.219160 -0.064707
v -0.423791 0.227784 -0.064548
v -0.421838 0.235360 -0.064550
v -0.420917 0.244965 -0.065465
v -0.417886 0.256482 -0.067120
v -0.408087 0.268429 -0.067136
v -0.395937 0.274396 -0.064515
v -0.385233 0.280019 -0.063658
v -0.375662 0.287166 -0.063755
v -0.365308 0.295810 -0.063830
v -0.354740 0.305868 -0.063674
v -0.344896 0.315686 -0.063408
v -0.336276 0.324593 -0.063277
v -0.328278 0.332160 -0.064493
v -0.318943 0.339291 -0.067180
v -0.303753 0.342975 -0.070036
v -0.288532 0.337876 -0.067771
v -0.276467 0.331607 -0.067184
v -0.266644 0.325454 -0.066663
v -0.256203 0.318629 -0.066912
v -0.243412 0.311899 -0.068835
v -0.227631 0.304076 -0.071449
v -0.214470 0.296858 -0.073417
v -0.202868 0.290804 -0.074494
v -0.193127 0.286337 -0.074663
v -0.183102 0.283463 -0.075474
v -0.174097 0.282474 -0.075521
v -0.162488 0.282478 -0.076530
v -0.152592 0.284674 -0.074903
v -0.140948 0.287128 -0.071648
v -0.127470 0.289971 -0.065741
v -0.420108 0.187970 -0.085756
v -0.424955 0.190461 -0.083140
v -0.428096 0.193660 -0.079444
v -0.431415 0.196989 -0.076923
v -0.433588 0.199584 -0.073930
v -0.435379 0.201229 -0.071413
v -0.417112 0.196149 -0.083849
v -0.421030 0.198611 -0.082302
v -0.425232 0.201207 -0.080164
v -0.428043 0.203418 -0.077233
v -0.430339 0.204909 -0.074326
v -0.432286 0.205517 -0.071456
v -0.413251 0.204168 -0.080276
v -0.417198 0.205700 -0.079501
v -0.420310 0.207361 -0.077708
v -0.423151 0.208905 -0.075299
v -0.425783 0.210109 -0.072932
v -0.427547 0.211100 -0.070555
v -0.410219 0.211721 -0.077029
v -0.413160 0.213052 -0.077199
v -0.416219 0.214735 -0.075787
v -0.419154 0.216092 -0.074152
v -0.421436 0.217919 -0.072220
v -0.424174 0.217447 -0.070123
v -0.406386 0.220057 -0.074747
v -0.409603 0.221265 -0.075799
v -0.412812 0.222181 -0.074880
v -0.415444 0.224630 -0.073646
v -0.418313 0.224884 -0.072089
v -0.420308 0.227226 -0.069786
v -0.403659 0.227763 -0.073179
v -0.405941 0.228699 -0.074586
v -0.409220 0.230850 -0.074375
v -0.412258 0.232140 -0.073666
v -0.414992 0.234367 -0.071875
v -0.417966 0.233438 -0.070278
v -0.398908 0.236848 -0.070731
v -0.402191 0.237466 -0.072587
v -0.405045 0.238840 -0.074600
v -0.408537 0.241059 -0.073715
v -0.411855 0.242124 -0.072987
v -0.415187 0.243745 -0.071037
v -0.393077 0.245379 -0.071403
v -0.396142 0.246717 -0.072023
v -0.399265 0.248369 -0.073886
v -0.403024 0.250332 -0.076055
v -0.407326 0.252360 -0.074825
v -0.410975 0.253565 -0.072728
v -0.385722 0.253993 -0.071914
v -0.388607 0.255576 -0.073201
v -0.391950 0.257110 -0.074948
v -0.395297 0.260046 -0.074816
v -0.398795 0.262440 -0.073900
v -0.402328 0.264407 -0.072250
v -0.378141 0.262448 -0.072226
v -0.381060 0.263233 -0.073463
v -0.383549 0.265980 -0.073201
v -0.386530 0.267713 -0.072343
v -0.389111 0.269627 -0.070885
v -0.391703 0.271330 -0.069202
v -0.370506 0.269508 -0.071952
v -0.372380 0.271807 -0.073148
v -0.374897 0.273221 -0.072514
v -0.377327 0.275295 -0.071711
v -0.379709 0.276737 -0.070214
v -0.381980 0.278082 -0.068607
v -0.361885 0.277669 -0.071493
v -0.363073 0.279228 -0.072263
v -0.365884 0.281070 -0.072122
v -0.367799 0.282635 -0.071528
v -0.370251 0.284134 -0.070339
v -0.372261 0.285436 -0.068626
v -0.352434 0.284635 -0.070924
v -0.354163 0.286816 -0.072048
v -0.355548 0.288657 -0.072481
v -0.358114 0.290559 -0.071524
v -0.359974 0.292366 -0.070596
v -0.361864 0.294026 -0.068782
v -0.341656 0.292100 -0.070774
v -0.343968 0.293786 -0.071673
v -0.345867 0.296096 -0.072372
v -0.347575 0.298408 -0.072093
v -0.349300 0.300924 -0.070590
v -0.351052 0.303189 -0.068884
v -0.332939 0.297905 -0.069967
v -0.333439 0.300558 -0.071306
v -0.335354 0.302773 -0.071992
v -0.337124 0.305680 -0.072715
v -0.338864 0.308616 -0.071003
v -0.340774 0.311614 -0.068925
v -0.322703 0.303622 -0.068587
v -0.324011 0.305375 -0.071138
v -0.325264 0.308241 -0.072607
v -0.327024 0.311508 -0.072932
v -0.329088 0.315095 -0.071804
v -0.331181 0.318654 -0.069550
v -0.314308 0.307663 -0.068098
v -0.314697 0.309807 -0.070742
v -0.315615 0.312143 -0.073381
v -0.317426 0.315722 -0.073980
v -0.319898 0.319871 -0.074135
v -0.322294 0.324215 -0.071442
v -0.303781 0.309061 -0.069640
v -0.304601 0.311974 -0.071752
v -0.305903 0.314392 -0.074121
v -0.307899 0.317887 -0.076294
v -0.310117 0.322424 -0.077000
v -0.312952 0.328187 -0.075223
v -0.295720 0.305962 -0.074554
v -0.296107 0.308427 -0.077324
v -0.296862 0.312850 -0.078607
v -0.297635 0.317428 -0.078967
v -0.299114 0.323085 -0.079159
v -0.300227 0.329143 -0.077806
v -0.286252 0.302861 -0.076889
v -0.286369 0.306539 -0.078420
v -0.286800 0.310698 -0.079185
v -0.287346 0.315753 -0.080080
v -0.287539 0.320984 -0.078379
v -0.288213 0.326546 -0.075458
v -0.277131 0.298901 -0.078464
v -0.277197 0.302841 -0.078384
v -0.277582 0.307382 -0.078511
v -0.277757 0.312453 -0.078596
v -0.277695 0.317472 -0.076406
v -0.277386 0.322408 -0.074218
v -0.268298 0.293658 -0.080420
v -0.267963 0.297942 -0.079944
v -0.268115 0.302892 -0.079676
v -0.268230 0.307853 -0.077298
v -0.268320 0.312581 -0.074514
v -0.267967 0.317484 -0.072097
v -0.258926 0.287289 -0.082854
v -0.257676 0.291894 -0.082196
v -0.257821 0.297456 -0.080649
v -0.257236 0.302146 -0.078060
v -0.257226 0.307611 -0.075208
v -0.256873 0.312394 -0.073246
v -0.248233 0.280022 -0.085386
v -0.247674 0.285844 -0.085125
v -0.245631 0.290324 -0.083303
v -0.245549 0.296381 -0.080086
v -0.244006 0.301253 -0.078252
v -0.244620 0.306884 -0.075856
v -0.238678 0.272783 -0.087359
v -0.235959 0.277841 -0.087899
v -0.234982 0.284033 -0.085323
v -0.232431 0.289053 -0.084006
v -0.232214 0.295925 -0.083068
v -0.229491 0.299946 -0.080307
v -0.228629 0.265394 -0.090418
v -0.226254 0.271219 -0.089934
v -0.223727 0.276718 -0.088422
v -0.222273 0.283310 -0.087980
v -0.219134 0.288784 -0.087391
v -0.217433 0.293240 -0.083321
v -0.219137 0.258434 -0.093529
v -0.216217 0.264617 -0.092719
v -0.213870 0.270780 -0.091479
v -0.211575 0.277030 -0.091807
v -0.208645 0.282754 -0.089918
v -0.205961 0.286594 -0.085382
v -0.209394 0.251606 -0.096250
v -0.205930 0.258051 -0.094924
v -0.203436 0.264686 -0.094597
v -0.201012 0.271483 -0.094490
v -0.197917 0.277147 -0.091333
v -0.195871 0.281203 -0.086300
v -0.199086 0.244107 -0.097932
v -0.195396 0.251295 -0.096672
v -0.192620 0.258863 -0.097619
v -0.189693 0.265981 -0.095968
v -0.187443 0.272673 -0.092358
v -0.185683 0.276901 -0.086874
v -0.188528 0.236600 -0.099238
v -0.184544 0.244718 -0.098375
v -0.181279 0.253075 -0.099065
v -0.178484 0.261568 -0.096853
v -0.176398 0.268751 -0.093027
v -0.175465 0.275005 -0.087319
v -0.177574 0.229061 -0.098764
v -0.173606 0.238904 -0.099576
v -0.170161 0.248505 -0.098830
v -0.167313 0.257465 -0.096290
v -0.165449 0.266179 -0.092336
v -0.163718 0.273031 -0.087288
v -0.166947 0.223594 -0.098626
v -0.162890 0.233592 -0.099250
v -0.158966 0.244524 -0.098106
v -0.156132 0.255062 -0.095413
v -0.154011 0.264260 -0.091294
v -0.152074 0.273241 -0.086234
v -0.155653 0.217333 -0.097870
v -0.150732 0.229765 -0.100369
v -0.146659 0.241210 -0.099970
v -0.143517 0.253317 -0.097233
v -0.141011 0.264198 -0.091708
v -0.139881 0.273349 -0.085792
v -0.142079 0.210485 -0.098980
v -0.134445 0.222781 -0.100692
v -0.129911 0.236936 -0.100685
v -0.127280 0.250344 -0.098973
v -0.126036 0.263736 -0.094157
v -0.124507 0.274856 -0.085734
v -0.193386 -0.515949 0.062017
v -0.185175 -0.511793 0.061670
v -0.179727 -0.502367 0.059369
v -0.171432 -0.497772 0.056506
v -0.159899 -0.493312 0.054558
v -0.147877 -0.491229 0.053506
v -0.137508 -0.490165 0.053956
v -0.129551 -0.487309 0.053724
v -0.123317 -0.482400 0.053008
v -0.116487 -0.475367 0.052177
v -0.107935 -0.466206 0.051271
v -0.098548 -0.454212 0.049075
v -0.086933 -0.441915 0.047532
v -0.073570 -0.429589 0.046946
v -0.059076 -0.416955 0.046402
v -0.044716 -0.405057 0.045734
v -0.030845 -0.395098 0.045656
v -0.018419 -0.387823 0.046747
v -0.008931 -0.380999 0.046756
v -0.001387 -0.375124 0.047541
v 0.004376 -0.369214 0.048558
v 0.008586 -0.361881 0.048223
v 0.014052 -0.353667 0.049588
v 0.021063 -0.345735 0.052276
v 0.028400 -0.338455 0.054841
v 0.035344 -0.330751 0.056912
v 0.042980 -0.322142 0.059690
v 0.051543 -0.313256 0.062213
v 0.061017 -0.303585 0.065593
v 0.071503 -0.295937 0.068099
v 0.084108 -0.288660 0.070236
v 0.100191 -0.279367 0.071220
v 0.123069 -0.267587 0.072711
v 0.147628 -0.251111 0.072557
v -0.195439 -0.515222 0.065345
v -0.185890 -0.509206 0.066036
v -0.179164 -0.503138 0.063278
v -0.171851 -0.495083 0.059877
v -0.160551 -0.491436 0.057474
v -0.148288 -0.488814 0.056508
v -0.138243 -0.487799 0.057216
v -0.130729 -0.484633 0.056907
v -0.124385 -0.479806 0.056127
v -0.117290 -0.473088 0.055372
v -0.108535 -0.463750 0.054187
v -0.099518 -0.451830 0.051639
v -0.088007 -0.439452 0.050118
v -0.074604 -0.427127 0.049564
v -0.060418 -0.414573 0.049110
v -0.046363 -0.402547 0.048575
v -0.033139 -0.392916 0.048756
v -0.021601 -0.386230 0.050058
v -0.012703 -0.379052 0.049857
v -0.005427 -0.373010 0.050419
v 0.000648 -0.367403 0.051306
v 0.005160 -0.360231 0.051032
v 0.010737 -0.352710 0.052168
v 0.017814 -0.345292 0.054760
v 0.025835 -0.338593 0.057912
v 0.033117 -0.330759 0.060459
v 0.040499 -0.321872 0.062891
v 0.048526 -0.309946 0.066774
v 0.057542 -0.300197 0.069453
v 0.067690 -0.290329 0.072909
v 0.079525 -0.281528 0.075089
v 0.094911 -0.271466 0.077457
v 0.114627 -0.259338 0.080897
v 0.136551 -0.242912 0.083503
v -0.197563 -0.512329 0.069993
v -0.187784 -0.506652 0.069360
v -0.179330 -0.500352 0.067376
v -0.172662 -0.493491 0.063073
v -0.160750 -0.489084 0.060463
v -0.149119 -0.486442 0.059511
v -0.139358 -0.485091 0.060354
v -0.132017 -0.481624 0.059910
v -0.125524 -0.476821 0.059285
v -0.117884 -0.470276 0.058637
v -0.109133 -0.460904 0.057051
v -0.100009 -0.449145 0.054411
v -0.088539 -0.437104 0.052942
v -0.075188 -0.425135 0.052498
v -0.061290 -0.412879 0.052184
v -0.047713 -0.401105 0.051956
v -0.035543 -0.391676 0.052325
v -0.024582 -0.385008 0.053614
v -0.016147 -0.378494 0.054384
v -0.008898 -0.372230 0.054824
v -0.003123 -0.365525 0.054745
v 0.001677 -0.358831 0.054301
v 0.007332 -0.351609 0.055227
v 0.014648 -0.345095 0.057956
v 0.022687 -0.338880 0.061068
v 0.030856 -0.331652 0.064114
v 0.038051 -0.320952 0.067459
v 0.044746 -0.308587 0.069495
v 0.053559 -0.295432 0.073771
v 0.063149 -0.285217 0.077118
v 0.074656 -0.275090 0.080888
v 0.089149 -0.264963 0.085258
v 0.106885 -0.252179 0.090996
v 0.125738 -0.235398 0.093954
v -0.200234 -0.509318 0.074250
v -0.189406 -0.502885 0.072887
v -0.180392 -0.497310 0.070599
v -0.172390 -0.491470 0.066292
v -0.161340 -0.487264 0.063614
v -0.149991 -0.483996 0.062217
v -0.140852 -0.482058 0.063087
v -0.133552 -0.478415 0.062990
v -0.126820 -0.473427 0.062197
v -0.118579 -0.466950 0.061923
v -0.109676 -0.457783 0.059900
v -0.100170 -0.446429 0.057166
v -0.088593 -0.434997 0.055785
v -0.075535 -0.423604 0.055517
v -0.061788 -0.411653 0.055373
v -0.048890 -0.400371 0.055306
v -0.037475 -0.390764 0.055673
v -0.027958 -0.383706 0.056974
v -0.019693 -0.377470 0.058199
v -0.012650 -0.370792 0.058750
v -0.006779 -0.364077 0.058501
v -0.001783 -0.357110 0.057959
v 0.003920 -0.350400 0.058567
v 0.011033 -0.344030 0.060986
v 0.018991 -0.337856 0.064397
v 0.027239 -0.331230 0.068042
v 0.035165 -0.320998 0.071484
v 0.042170 -0.307415 0.074761
v 0.049130 -0.292599 0.077274
v 0.058572 -0.280184 0.081486
v 0.069136 -0.269431 0.086386
v 0.082242 -0.258289 0.092408
v 0.097819 -0.244408 0.097584
v 0.114590 -0.226851 0.101974
v -0.203128 -0.505719 0.078305
v -0.190888 -0.498788 0.075752
v -0.181471 -0.493712 0.073507
v -0.173051 -0.488671 0.068577
v -0.162143 -0.484374 0.065276
v -0.151351 -0.481025 0.063595
v -0.142633 -0.478588 0.065118
v -0.135408 -0.474868 0.065173
v -0.128279 -0.469709 0.064733
v -0.119783 -0.463101 0.064348
v -0.110624 -0.453916 0.061999
v -0.100800 -0.443282 0.058948
v -0.089339 -0.432214 0.057545
v -0.076611 -0.421118 0.057434
v -0.063445 -0.409609 0.057322
v -0.050876 -0.398497 0.057219
v -0.040112 -0.389183 0.057750
v -0.030948 -0.382265 0.059671
v -0.023118 -0.376067 0.061499
v -0.016282 -0.369316 0.062124
v -0.010395 -0.362227 0.061844
v -0.005138 -0.355468 0.061399
v 0.000458 -0.348715 0.061898
v 0.007321 -0.342357 0.064229
v 0.014984 -0.336297 0.067624
v 0.022934 -0.329040 0.071442
v 0.030682 -0.319941 0.074872
v 0.038161 -0.306109 0.078770
v 0.044903 -0.290722 0.080381
v 0.053448 -0.276167 0.085185
v 0.063331 -0.264134 0.090996
v 0.074738 -0.252329 0.097410
v 0.088036 -0.236974 0.102356
v 0.102826 -0.219469 0.105755
v -0.204847 -0.500523 0.082005
v -0.192358 -0.494486 0.078384
v -0.182585 -0.489831 0.075361
v -0.174020 -0.485286 0.070263
v -0.163237 -0.481470 0.066313
v -0.152748 -0.477894 0.064471
v -0.144480 -0.475117 0.066133
v -0.137398 -0.471258 0.067050
v -0.129926 -0.465871 0.066850
v -0.121186 -0.458974 0.066126
v -0.111727 -0.450009 0.063298
v -0.101626 -0.439927 0.060211
v -0.090357 -0.429437 0.058765
v -0.078069 -0.418579 0.058613
v -0.065456 -0.407618 0.058482
v -0.053333 -0.396899 0.058401
v -0.042841 -0.387631 0.059001
v -0.034124 -0.380623 0.061511
v -0.026514 -0.374395 0.063880
v -0.019756 -0.367452 0.064778
v -0.013795 -0.360352 0.064711
v -0.008540 -0.353407 0.064253
v -0.003013 -0.346689 0.064582
v 0.003479 -0.340194 0.066990
v 0.010841 -0.333921 0.071074
v 0.018347 -0.327062 0.074651
v 0.025820 -0.317473 0.078008
v 0.033329 -0.305216 0.081227
v 0.040510 -0.289413 0.084108
v 0.048228 -0.273595 0.087890
v 0.057112 -0.259777 0.093449
v 0.066633 -0.246075 0.100063
v 0.078146 -0.230921 0.105631
v 0.090714 -0.212429 0.107370
v -0.206622 -0.495675 0.084640
v -0.193640 -0.489723 0.080303
v -0.184017 -0.485607 0.076781
v -0.175026 -0.481972 0.071096
v -0.164409 -0.478444 0.067144
v -0.154061 -0.475011 0.064968
v -0.146378 -0.471807 0.066820
v -0.139514 -0.467549 0.067852
v -0.131924 -0.461877 0.067755
v -0.122891 -0.454748 0.066813
v -0.113209 -0.446287 0.063648
v -0.102836 -0.436648 0.060393
v -0.091646 -0.426455 0.058812
v -0.079961 -0.416230 0.058802
v -0.067676 -0.405592 0.058878
v -0.056014 -0.395387 0.058995
v -0.045762 -0.386251 0.059682
v -0.037348 -0.378822 0.062234
v -0.030171 -0.372260 0.065257
v -0.023385 -0.365133 0.066483
v -0.017336 -0.358088 0.066641
v -0.011952 -0.351180 0.066027
v -0.006530 -0.344380 0.066444
v -0.000308 -0.337602 0.069137
v 0.006347 -0.331277 0.073462
v 0.013245 -0.323410 0.077149
v 0.020459 -0.314866 0.080745
v 0.027872 -0.303521 0.084007
v 0.034977 -0.287909 0.086931
v 0.042796 -0.272257 0.090375
v 0.050556 -0.256267 0.096098
v 0.058470 -0.241616 0.101277
v 0.067101 -0.224909 0.105742
v 0.078449 -0.205353 0.106520
v -0.207280 -0.489413 0.086005
v -0.194911 -0.484959 0.080953
v -0.185287 -0.481540 0.077384
v -0.176518 -0.478641 0.071246
v -0.165457 -0.475548 0.067015
v -0.155215 -0.472470 0.064562
v -0.148198 -0.468733 0.066632
v -0.141691 -0.464067 0.068191
v -0.133967 -0.458141 0.068162
v -0.124864 -0.451008 0.066801
v -0.114882 -0.442866 0.063599
v -0.104272 -0.433644 0.060200
v -0.093192 -0.423862 0.058641
v -0.081517 -0.413669 0.058591
v -0.069814 -0.403591 0.058660
v -0.058447 -0.393668 0.058782
v -0.048484 -0.384622 0.059403
v -0.040319 -0.376879 0.061603
v -0.033452 -0.369729 0.064174
v -0.027003 -0.362735 0.065805
v -0.020990 -0.355547 0.066829
v -0.015415 -0.348793 0.066879
v -0.010003 -0.342102 0.067567
v -0.004257 -0.335198 0.070111
v 0.001593 -0.327870 0.074752
v 0.007928 -0.320192 0.078669
v 0.014184 -0.311143 0.082273
v 0.021081 -0.299755 0.085735
v 0.028356 -0.286753 0.088860
v 0.035823 -0.269776 0.092486
v 0.042444 -0.254345 0.096450
v 0.049165 -0.237881 0.100827
v 0.056065 -0.218791 0.103800
v 0.064207 -0.199307 0.105409
v -0.192948 -0.516454 0.054157
v -0.194958 -0.514830 0.049423
v -0.197167 -0.512091 0.044311
v -0.198567 -0.509969 0.039285
v -0.199168 -0.508145 0.034343
v -0.198614 -0.505564 0.029500
v -0.198886 -0.501878 0.027025
v -0.184401 -0.513105 0.053810
v -0.185484 -0.512468 0.048178
v -0.187849 -0.510767 0.042933
v -0.189153 -0.508620 0.037888
v -0.190080 -0.506248 0.033186
v -0.190893 -0.502896 0.029183
v -0.192288 -0.498784 0.027191
v -0.178789 -0.505473 0.052427
v -0.179177 -0.506327 0.047736
v -0.180674 -0.505025 0.042900
v -0.182232 -0.503232 0.038534
v -0.183557 -0.500846 0.034672
v -0.185278 -0.497564 0.032557
v -0.186389 -0.494420 0.031258
v -0.170555 -0.499868 0.050132
v -0.172092 -0.499900 0.046713
v -0.172795 -0.498872 0.042858
v -0.174168 -0.497435 0.039245
v -0.175143 -0.495551 0.036408
v -0.175880 -0.492890 0.034765
v -0.177237 -0.489279 0.034250
v -0.160248 -0.496897 0.048667
v -0.159748 -0.496413 0.044673
v -0.161125 -0.495714 0.041110
v -0.161932 -0.494262 0.037758
v -0.162656 -0.492371 0.034951
v -0.163573 -0.488945 0.034020
v -0.164654 -0.485099 0.034486
v -0.147252 -0.494495 0.046838
v -0.148152 -0.494162 0.043148
v -0.148417 -0.493252 0.039147
v -0.149346 -0.491818 0.035741
v -0.150479 -0.489186 0.033360
v -0.151183 -0.485759 0.032953
v -0.152273 -0.482335 0.031541
v -0.136966 -0.493399 0.046149
v -0.137053 -0.493244 0.041506
v -0.137821 -0.492235 0.037156
v -0.139045 -0.490387 0.033191
v -0.140416 -0.487527 0.030128
v -0.141885 -0.483707 0.028604
v -0.144103 -0.479816 0.027726
v -0.128369 -0.490538 0.045571
v -0.128822 -0.490197 0.040872
v -0.129793 -0.488948 0.036371
v -0.131129 -0.487051 0.032283
v -0.132738 -0.484022 0.028971
v -0.134597 -0.479950 0.027579
v -0.136354 -0.475752 0.026793
v -0.122155 -0.484923 0.045318
v -0.122600 -0.484619 0.040939
v -0.123601 -0.483492 0.036736
v -0.124900 -0.481617 0.032852
v -0.126390 -0.478806 0.029599
v -0.128041 -0.474921 0.027843
v -0.129794 -0.470581 0.027065
v -0.115835 -0.477266 0.044969
v -0.116050 -0.477086 0.041199
v -0.116826 -0.476134 0.037284
v -0.117957 -0.474437 0.033623
v -0.119085 -0.471912 0.030543
v -0.120627 -0.468346 0.028688
v -0.121652 -0.463940 0.027753
v -0.106710 -0.468386 0.044674
v -0.106702 -0.468275 0.040788
v -0.107253 -0.467418 0.036958
v -0.108173 -0.465825 0.033429
v -0.109641 -0.463432 0.030450
v -0.110970 -0.459635 0.029291
v -0.112319 -0.455650 0.029127
v -0.096170 -0.457376 0.043696
v -0.095965 -0.457188 0.040257
v -0.096268 -0.456368 0.036684
v -0.097160 -0.455008 0.033204
v -0.098478 -0.452271 0.030872
v -0.100407 -0.449152 0.031305
v -0.101381 -0.445029 0.031338
v -0.084026 -0.445496 0.043118
v -0.083732 -0.445517 0.039699
v -0.083943 -0.444731 0.036151
v -0.084457 -0.443188 0.032901
v -0.086515 -0.440375 0.031215
v -0.087811 -0.437161 0.032541
v -0.089405 -0.433484 0.032710
v -0.070580 -0.433804 0.042550
v -0.070331 -0.433815 0.039106
v -0.070443 -0.432967 0.035915
v -0.071239 -0.431449 0.032661
v -0.072924 -0.428290 0.031343
v -0.074377 -0.425243 0.032713
v -0.075823 -0.421515 0.032966
v -0.056250 -0.421860 0.042151
v -0.056038 -0.422194 0.038765
v -0.056310 -0.421566 0.035354
v -0.056905 -0.420049 0.032457
v -0.058506 -0.416809 0.030879
v -0.060022 -0.413661 0.032532
v -0.061666 -0.410130 0.033024
v -0.041671 -0.410424 0.041694
v -0.041424 -0.411080 0.038339
v -0.041658 -0.410635 0.035193
v -0.042168 -0.409171 0.032157
v -0.043874 -0.406148 0.030628
v -0.045497 -0.402902 0.032325
v -0.047960 -0.399535 0.033161
v -0.027318 -0.400381 0.041340
v -0.026774 -0.401550 0.038058
v -0.026933 -0.401111 0.034589
v -0.027748 -0.399727 0.031529
v -0.029725 -0.396551 0.029886
v -0.032210 -0.393388 0.031254
v -0.035596 -0.390216 0.031916
v -0.014090 -0.392268 0.041346
v -0.013119 -0.393616 0.037713
v -0.013218 -0.393196 0.033834
v -0.014497 -0.391566 0.030122
v -0.017234 -0.388416 0.028441
v -0.020788 -0.385143 0.028794
v -0.024962 -0.382350 0.029211
v -0.003200 -0.385470 0.041434
v -0.001729 -0.386519 0.037596
v -0.001971 -0.385899 0.033174
v -0.003546 -0.384296 0.029190
v -0.006950 -0.381007 0.027301
v -0.011042 -0.377987 0.027448
v -0.015839 -0.375083 0.027512
v 0.005070 -0.379354 0.042305
v 0.006731 -0.380133 0.037816
v 0.006445 -0.379280 0.033313
v 0.005045 -0.377738 0.028685
v 0.001176 -0.374693 0.026091
v -0.003190 -0.371396 0.026286
v -0.008050 -0.368487 0.026325
v 0.010772 -0.372720 0.043044
v 0.012293 -0.373001 0.038767
v 0.011837 -0.372050 0.034415
v 0.010668 -0.370678 0.030248
v 0.007664 -0.367961 0.026726
v 0.003122 -0.364931 0.026270
v -0.001353 -0.361928 0.026465
v 0.014208 -0.364384 0.043333
v 0.015598 -0.364572 0.040074
v 0.015430 -0.363998 0.036456
v 0.014363 -0.362719 0.032904
v 0.011889 -0.360766 0.030353
v 0.008301 -0.358169 0.029729
v 0.004017 -0.355637 0.030117
v 0.019669 -0.355759 0.045217
v 0.020995 -0.356024 0.041911
v 0.020763 -0.355201 0.038387
v 0.019597 -0.354212 0.035110
v 0.017364 -0.352291 0.032518
v 0.013885 -0.349917 0.031659
v 0.010032 -0.347272 0.031842
v 0.026418 -0.347583 0.047286
v 0.027353 -0.347342 0.043727
v 0.026839 -0.346581 0.040216
v 0.025649 -0.345310 0.036810
v 0.023295 -0.343420 0.034212
v 0.020034 -0.340862 0.032976
v 0.016165 -0.338245 0.032490
v 0.032727 -0.339520 0.048993
v 0.033119 -0.339257 0.045275
v 0.032588 -0.338435 0.041734
v 0.031373 -0.337244 0.038441
v 0.029099 -0.335212 0.035704
v 0.025912 -0.332357 0.034136
v 0.022117 -0.329519 0.033316
v 0.038940 -0.332040 0.050298
v 0.039044 -0.331657 0.046572
v 0.038458 -0.330995 0.043072
v 0.037179 -0.329808 0.039638
v 0.034905 -0.327763 0.037047
v 0.031747 -0.324968 0.035440
v 0.028017 -0.321572 0.034357
v 0.046353 -0.324224 0.051728
v 0.046398 -0.324095 0.047719
v 0.045674 -0.323373 0.043793
v 0.044291 -0.322353 0.040288
v 0.041843 -0.320411 0.037388
v 0.038594 -0.317527 0.035724
v 0.034829 -0.314237 0.034706
v 0.054743 -0.315555 0.053115
v 0.054974 -0.315621 0.048333
v 0.054182 -0.315210 0.044159
v 0.052718 -0.314292 0.040121
v 0.050140 -0.312291 0.037159
v 0.046749 -0.309685 0.035312
v 0.042764 -0.306442 0.034268
v 0.064143 -0.307218 0.053942
v 0.064296 -0.307441 0.048662
v 0.063444 -0.306934 0.043806
v 0.061916 -0.306100 0.039557
v 0.059176 -0.304116 0.036435
v 0.055784 -0.301396 0.034223
v 0.051746 -0.298116 0.033094
v 0.074873 -0.300631 0.054548
v 0.074748 -0.300776 0.048172
v 0.073689 -0.300035 0.042824
v 0.071823 -0.298800 0.038285
v 0.069201 -0.296802 0.034493
v 0.065535 -0.293839 0.031542
v 0.060745 -0.290247 0.029776
v 0.087916 -0.295393 0.054635
v 0.087691 -0.295653 0.047252
v 0.086129 -0.294715 0.040950
v 0.083806 -0.293095 0.035769
v 0.080894 -0.290579 0.031151
v 0.076179 -0.287444 0.027424
v 0.070287 -0.283446 0.024199
v 0.106090 -0.289062 0.054207
v 0.105282 -0.289566 0.045512
v 0.103453 -0.288729 0.038385
v 0.100786 -0.286868 0.032314
v 0.095844 -0.284275 0.026998
v 0.090240 -0.280095 0.022568
v 0.082244 -0.275270 0.019078
v 0.132171 -0.279028 0.051661
v 0.131398 -0.279261 0.042624
v 0.128214 -0.278855 0.034443
v 0.123745 -0.277617 0.027224
v 0.118659 -0.274058 0.021990
v 0.109356 -0.270569 0.016398
v 0.098935 -0.265742 0.012328
v 0.163068 -0.261687 0.046826
v 0.161267 -0.262592 0.036025
v 0.157970 -0.261831 0.028087
v 0.152986 -0.261029 0.021819
v 0.145758 -0.258994 0.015371
v 0.135844 -0.256339 0.009544
v 0.123443 -0.253056 0.002763
v -0.206458 -0.519288 0.055665
v -0.210728 -0.516346 0.058157
v -0.214146 -0.510791 0.060221
v -0.217067 -0.505359 0.062667
v -0.220466 -0.499220 0.065141
v -0.222876 -0.493855 0.069014
v -0.224608 -0.488781 0.072654
v -0.226852 -0.485229 0.078223
v -0.210131 -0.516035 0.051191
v -0.213856 -0.511121 0.053447
v -0.217328 -0.505801 0.055531
v -0.221092 -0.498540 0.058051
v -0.224312 -0.492383 0.061052
v -0.227219 -0.486638 0.065046
v -0.229539 -0.481587 0.069530
v -0.230756 -0.478419 0.074856
v -0.212979 -0.511515 0.046524
v -0.216461 -0.506668 0.048124
v -0.220642 -0.499566 0.050264
v -0.224832 -0.492081 0.052664
v -0.228750 -0.484775 0.056202
v -0.231736 -0.479230 0.060017
v -0.234774 -0.475394 0.065209
v -0.235710 -0.466312 0.072256
v -0.214459 -0.508974 0.040673
v -0.218712 -0.502787 0.042202
v -0.223261 -0.495055 0.043313
v -0.228195 -0.486604 0.046019
v -0.232291 -0.479378 0.049174
v -0.237116 -0.472947 0.052977
v -0.236918 -0.463556 0.057098
v -0.226471 -0.461971 0.061802
v -0.215179 -0.506804 0.035063
v -0.219633 -0.500697 0.034833
v -0.224705 -0.492894 0.035736
v -0.230078 -0.483973 0.036502
v -0.234495 -0.474397 0.038294
v -0.232150 -0.465376 0.043423
v -0.226572 -0.462643 0.049967
v -0.219431 -0.462114 0.054297
v -0.212740 -0.504572 0.028103
v -0.218044 -0.498492 0.028090
v -0.221034 -0.489943 0.028979
v -0.223541 -0.481128 0.031388
v -0.224079 -0.472780 0.035030
v -0.222860 -0.466891 0.040120
v -0.218497 -0.463621 0.045088
v -0.213059 -0.461699 0.049287
v -0.209436 -0.500308 0.026407
v -0.212128 -0.494736 0.026635
v -0.214634 -0.487541 0.028266
v -0.216118 -0.479845 0.030920
v -0.216456 -0.472793 0.034105
v -0.214505 -0.467329 0.037998
v -0.211742 -0.463819 0.042469
v -0.207907 -0.462377 0.045894
v -0.211158 -0.478103 0.083765
v -0.198001 -0.475510 0.079211
v -0.187646 -0.473080 0.075320
v -0.177714 -0.471969 0.069824
v -0.166705 -0.469866 0.065599
v -0.156890 -0.468277 0.062100
v -0.151243 -0.463699 0.064114
v -0.146361 -0.458132 0.066297
v -0.138711 -0.451716 0.066151
v -0.129664 -0.445082 0.064525
v -0.119467 -0.437782 0.062245
v -0.108320 -0.429423 0.059201
v -0.096806 -0.419854 0.057621
v -0.085109 -0.409668 0.057402
v -0.073649 -0.399613 0.057386
v -0.062750 -0.389702 0.057500
v -0.053315 -0.380724 0.057758
v -0.045684 -0.372721 0.058957
v -0.039416 -0.365325 0.060827
v -0.033423 -0.358074 0.061941
v -0.028026 -0.350982 0.063300
v -0.022515 -0.344273 0.063952
v -0.017716 -0.337949 0.065146
v -0.012948 -0.330754 0.067664
v -0.008625 -0.322989 0.071885
v -0.004102 -0.314186 0.076038
v -0.000022 -0.304266 0.080201
v 0.004551 -0.293422 0.084531
v 0.009402 -0.280656 0.087997
v 0.015709 -0.265468 0.091163
v 0.020526 -0.249428 0.093289
v 0.025626 -0.231828 0.095306
v 0.029776 -0.211902 0.096382
v 0.033992 -0.192098 0.096257
v -0.209770 -0.471160 0.078143
v -0.198497 -0.470532 0.075589
v -0.187940 -0.469443 0.071692
v -0.177327 -0.468623 0.066886
v -0.166754 -0.467388 0.063177
v -0.157413 -0.466449 0.060203
v -0.152460 -0.461549 0.061910
v -0.148144 -0.455780 0.063724
v -0.140981 -0.449422 0.063616
v -0.132013 -0.442941 0.062295
v -0.122011 -0.435794 0.060539
v -0.110775 -0.427904 0.058065
v -0.099006 -0.418528 0.056572
v -0.087117 -0.408146 0.056207
v -0.075527 -0.397769 0.056153
v -0.064794 -0.387783 0.056225
v -0.055285 -0.378521 0.056436
v -0.047990 -0.370538 0.057400
v -0.042066 -0.363369 0.058394
v -0.036669 -0.356257 0.059460
v -0.031531 -0.348989 0.060707
v -0.026685 -0.342597 0.061553
v -0.021896 -0.336228 0.062572
v -0.017712 -0.329444 0.064882
v -0.013851 -0.321364 0.068246
v -0.009970 -0.312375 0.071729
v -0.006133 -0.302289 0.075309
v -0.002689 -0.290882 0.078509
v 0.001428 -0.278084 0.081550
v 0.005910 -0.263339 0.084141
v 0.011011 -0.246702 0.086497
v 0.014769 -0.228807 0.087871
v 0.018638 -0.210773 0.087957
v 0.023396 -0.191351 0.087207
v -0.208650 -0.467100 0.071541
v -0.197140 -0.465957 0.070076
v -0.187141 -0.466920 0.066408
v -0.177089 -0.466455 0.063109
v -0.166723 -0.465613 0.060151
v -0.157798 -0.464515 0.057774
v -0.153567 -0.459525 0.059321
v -0.149571 -0.453847 0.060691
v -0.142676 -0.447544 0.060514
v -0.134152 -0.441135 0.059520
v -0.124282 -0.434154 0.058154
v -0.113044 -0.426625 0.056293
v -0.100934 -0.417196 0.054953
v -0.089129 -0.406937 0.054557
v -0.077320 -0.396227 0.054409
v -0.066217 -0.385718 0.054459
v -0.056958 -0.376547 0.054644
v -0.049708 -0.368848 0.055100
v -0.044120 -0.362012 0.055655
v -0.039488 -0.354850 0.056579
v -0.035008 -0.347722 0.057579
v -0.030203 -0.341118 0.058456
v -0.025461 -0.335138 0.059183
v -0.021754 -0.328107 0.061216
v -0.018155 -0.320107 0.063851
v -0.014584 -0.310878 0.066717
v -0.011405 -0.300707 0.069349
v -0.008207 -0.289065 0.072053
v -0.004742 -0.275913 0.074411
v -0.000638 -0.261078 0.076522
v 0.003608 -0.244444 0.077931
v 0.008438 -0.227183 0.078328
v 0.013460 -0.209283 0.077612
v 0.018863 -0.192199 0.076545
v -0.205684 -0.464248 0.064359
v -0.195519 -0.463484 0.064121
v -0.186734 -0.465071 0.061950
v -0.176560 -0.464720 0.059402
v -0.166567 -0.464047 0.056983
v -0.158172 -0.462745 0.055299
v -0.154693 -0.457733 0.056517
v -0.150651 -0.452113 0.057287
v -0.144120 -0.445917 0.057138
v -0.135731 -0.439641 0.056298
v -0.126088 -0.432882 0.055242
v -0.114551 -0.425604 0.053713
v -0.102605 -0.416553 0.052693
v -0.090337 -0.405983 0.052142
v -0.078423 -0.395150 0.051961
v -0.067274 -0.384507 0.051974
v -0.057847 -0.375150 0.052181
v -0.050889 -0.367630 0.052498
v -0.045678 -0.361067 0.052841
v -0.041373 -0.354215 0.053331
v -0.037190 -0.346945 0.054008
v -0.032586 -0.340229 0.054726
v -0.027472 -0.334294 0.055327
v -0.023817 -0.327103 0.056862
v -0.020453 -0.318892 0.058901
v -0.017266 -0.309569 0.060999
v -0.014178 -0.299112 0.063082
v -0.011239 -0.287374 0.064977
v -0.007643 -0.274099 0.066653
v -0.003378 -0.259278 0.067894
v 0.001411 -0.242910 0.068815
v 0.006678 -0.225907 0.068554
v 0.011992 -0.209290 0.067953
v 0.017065 -0.192430 0.066188
v -0.202623 -0.462362 0.058486
v -0.194741 -0.462026 0.059133
v -0.186098 -0.463566 0.057679
v -0.176395 -0.463405 0.056000
v -0.166215 -0.463115 0.053876
v -0.158365 -0.461529 0.052628
v -0.155230 -0.456477 0.053203
v -0.151276 -0.450923 0.053656
v -0.144825 -0.444940 0.053378
v -0.136533 -0.438877 0.052630
v -0.126912 -0.432172 0.051849
v -0.115641 -0.424909 0.050890
v -0.103604 -0.415801 0.050034
v -0.091362 -0.405367 0.049516
v -0.079149 -0.394311 0.049341
v -0.067917 -0.383581 0.049339
v -0.058505 -0.374177 0.049438
v -0.051733 -0.366756 0.049720
v -0.046736 -0.360388 0.049992
v -0.042490 -0.353637 0.050147
v -0.038438 -0.346478 0.050561
v -0.033806 -0.339582 0.051023
v -0.028564 -0.333579 0.051482
v -0.024795 -0.326237 0.052657
v -0.021560 -0.317884 0.054042
v -0.018450 -0.308489 0.055508
v -0.015379 -0.297944 0.056846
v -0.012333 -0.286192 0.058067
v -0.008419 -0.273016 0.058947
v -0.003859 -0.258253 0.059685
v 0.001257 -0.242401 0.059809
v 0.006527 -0.226017 0.059418
v 0.012324 -0.209592 0.058154
v 0.017547 -0.193183 0.056967
v -0.200811 -0.460501 0.054241
v -0.194137 -0.461717 0.054221
v -0.186385 -0.463372 0.054130
v -0.175751 -0.462948 0.052472
v -0.166548 -0.462736 0.050937
v -0.158509 -0.460647 0.049800
v -0.155647 -0.455536 0.049889
v -0.151701 -0.450083 0.049950
v -0.145156 -0.444257 0.049634
v -0.136798 -0.438458 0.049000
v -0.127227 -0.431873 0.048473
v -0.116210 -0.424491 0.047804
v -0.104100 -0.415347 0.047193
v -0.091893 -0.404955 0.046751
v -0.079673 -0.393891 0.046549
v -0.068216 -0.382913 0.046562
v -0.058955 -0.373656 0.046573
v -0.052337 -0.366104 0.046769
v -0.047410 -0.359735 0.046935
v -0.043053 -0.353317 0.047079
v -0.038960 -0.346042 0.047098
v -0.034397 -0.339147 0.047337
v -0.028998 -0.333029 0.047779
v -0.025300 -0.325677 0.048445
v -0.021926 -0.317360 0.049237
v -0.018594 -0.308040 0.050085
v -0.015382 -0.297605 0.050676
v -0.011904 -0.285970 0.051189
v -0.007480 -0.273140 0.051500
v -0.002332 -0.259118 0.051439
v 0.003660 -0.243688 0.051243
v 0.009697 -0.227376 0.050412
v 0.015594 -0.211292 0.048984
v 0.020166 -0.192999 0.045480
v -0.200023 -0.460235 0.049663
v -0.193894 -0.461958 0.051139
v -0.186134 -0.463285 0.050376
v -0.175824 -0.463061 0.049729
v -0.166160 -0.462788 0.048202
v -0.158668 -0.460395 0.046979
v -0.155745 -0.455171 0.046536
v -0.151645 -0.449793 0.046315
v -0.145237 -0.444065 0.045905
v -0.136830 -0.438349 0.045525
v -0.127330 -0.431798 0.045100
v -0.116019 -0.424497 0.044878
v -0.104342 -0.415377 0.044342
v -0.091953 -0.404796 0.043917
v -0.079555 -0.393640 0.043874
v -0.068321 -0.382838 0.043773
v -0.059052 -0.373354 0.043667
v -0.052695 -0.365693 0.043592
v -0.048086 -0.359117 0.043772
v -0.043445 -0.352756 0.043734
v -0.038691 -0.346154 0.043619
v -0.033918 -0.339222 0.043593
v -0.028662 -0.333033 0.044048
v -0.024495 -0.325749 0.044254
v -0.020967 -0.317542 0.044598
v -0.017395 -0.308373 0.044711
v -0.013745 -0.298132 0.044907
v -0.009822 -0.286676 0.044795
v -0.005379 -0.274483 0.044440
v 0.000997 -0.260608 0.044287
v 0.007602 -0.245782 0.043716
v 0.013906 -0.230139 0.042177
v 0.020096 -0.212455 0.039178
v 0.024529 -0.195816 0.033220
v -0.200172 -0.494996 0.025632
v -0.201533 -0.488705 0.026903
v -0.202451 -0.482674 0.028810
v -0.202983 -0.476052 0.031398
v -0.202913 -0.470413 0.033840
v -0.201995 -0.465977 0.036835
v -0.201222 -0.463150 0.040901
v -0.200113 -0.461571 0.043761
v -0.194700 -0.490647 0.025594
v -0.196008 -0.486161 0.026538
v -0.196766 -0.479122 0.028579
v -0.196812 -0.473759 0.031259
v -0.196383 -0.469341 0.034699
v -0.195889 -0.466634 0.038437
v -0.195104 -0.464954 0.041659
v -0.193707 -0.463853 0.045282
v -0.188798 -0.487762 0.029970
v -0.189745 -0.482265 0.031151
v -0.189722 -0.477887 0.032342
v -0.189188 -0.473005 0.034559
v -0.188327 -0.469534 0.037020
v -0.187502 -0.467313 0.039658
v -0.185759 -0.465533 0.042466
v -0.186581 -0.464305 0.044952
v -0.179205 -0.482533 0.032527
v -0.179434 -0.479147 0.032520
v -0.179466 -0.474687 0.033805
v -0.178710 -0.471296 0.035808
v -0.177863 -0.468548 0.037823
v -0.176665 -0.466439 0.040017
v -0.176710 -0.465223 0.042217
v -0.174019 -0.464332 0.044663
v -0.166882 -0.478585 0.032966
v -0.167910 -0.475677 0.033791
v -0.167678 -0.472378 0.034669
v -0.167473 -0.469472 0.036246
v -0.167108 -0.466986 0.038028
v -0.166911 -0.465256 0.039595
v -0.165652 -0.463908 0.041343
v -0.166776 -0.463453 0.043622
v -0.156309 -0.475762 0.031057
v -0.157054 -0.472136 0.031783
v -0.158008 -0.469319 0.033125
v -0.158400 -0.466417 0.034759
v -0.158877 -0.463983 0.036422
v -0.159111 -0.462256 0.038097
v -0.159093 -0.461465 0.040057
v -0.158591 -0.460439 0.041963
v -0.148343 -0.471911 0.027309
v -0.150291 -0.468661 0.028242
v -0.151460 -0.465318 0.029851
v -0.152947 -0.462343 0.031557
v -0.154339 -0.459762 0.033468
v -0.155455 -0.457658 0.035566
v -0.155625 -0.456467 0.038134
v -0.155798 -0.455735 0.040675
v -0.140905 -0.467645 0.025961
v -0.142867 -0.463919 0.026692
v -0.144979 -0.460768 0.028121
v -0.146996 -0.457892 0.029882
v -0.148808 -0.455239 0.031753
v -0.150581 -0.452700 0.033790
v -0.151373 -0.451272 0.036693
v -0.151718 -0.450330 0.039736
v -0.133044 -0.461960 0.025767
v -0.135087 -0.458522 0.026647
v -0.137266 -0.455507 0.027770
v -0.139395 -0.452843 0.029545
v -0.141394 -0.450227 0.031367
v -0.143050 -0.447982 0.033451
v -0.144372 -0.446025 0.036040
v -0.144996 -0.444898 0.039135
v -0.124138 -0.455312 0.026486
v -0.126024 -0.451916 0.027113
v -0.128284 -0.449271 0.027988
v -0.130395 -0.446970 0.029795
v -0.132333 -0.444838 0.031736
v -0.134032 -0.442888 0.033972
v -0.135284 -0.441280 0.036434
v -0.136220 -0.439673 0.039108
v -0.114146 -0.447128 0.028264
v -0.115901 -0.444139 0.028525
v -0.118041 -0.441724 0.029098
v -0.120180 -0.439852 0.030636
v -0.122234 -0.437972 0.032219
v -0.123997 -0.436409 0.034324
v -0.125389 -0.434786 0.036607
v -0.126366 -0.433350 0.039174
v -0.103124 -0.437213 0.029789
v -0.104796 -0.434541 0.030100
v -0.106894 -0.432565 0.030556
v -0.108896 -0.430922 0.031761
v -0.110926 -0.429437 0.033127
v -0.112651 -0.428190 0.034977
v -0.114085 -0.426955 0.037068
v -0.115042 -0.425636 0.039411
v -0.091199 -0.426361 0.030616
v -0.092856 -0.423822 0.030726
v -0.094842 -0.422004 0.031354
v -0.096808 -0.420444 0.032269
v -0.098614 -0.419134 0.033590
v -0.100410 -0.418136 0.035202
v -0.101706 -0.417111 0.037175
v -0.102816 -0.416284 0.039339
v -0.078271 -0.415278 0.030717
v -0.080201 -0.413002 0.030691
v -0.082213 -0.411162 0.031176
v -0.084152 -0.409424 0.031968
v -0.085970 -0.408126 0.033354
v -0.087633 -0.406921 0.034902
v -0.089024 -0.406125 0.036927
v -0.090240 -0.405398 0.039062
v -0.065173 -0.404643 0.030783
v -0.067354 -0.402544 0.030628
v -0.069529 -0.400624 0.030850
v -0.071485 -0.398816 0.031641
v -0.073345 -0.397174 0.032866
v -0.075220 -0.395865 0.034513
v -0.076589 -0.394858 0.036680
v -0.077884 -0.394031 0.038886
v -0.053048 -0.394627 0.030783
v -0.055555 -0.392666 0.030564
v -0.057739 -0.390756 0.030760
v -0.059803 -0.388806 0.031292
v -0.061840 -0.387132 0.032468
v -0.063772 -0.385534 0.034014
v -0.065234 -0.384401 0.036310
v -0.066657 -0.383418 0.038585
v -0.042700 -0.385770 0.030032
v -0.045458 -0.383780 0.029856
v -0.047891 -0.381809 0.029946
v -0.050136 -0.379940 0.030599
v -0.052243 -0.378170 0.031653
v -0.054219 -0.376719 0.033372
v -0.055889 -0.375442 0.035636
v -0.057313 -0.374385 0.038144
v -0.033645 -0.377802 0.028639
v -0.037161 -0.375803 0.028517
v -0.039991 -0.373890 0.028501
v -0.042561 -0.371991 0.029018
v -0.045272 -0.370330 0.029802
v -0.047326 -0.368926 0.032016
v -0.049252 -0.367650 0.034427
v -0.050730 -0.366741 0.037405
v -0.025681 -0.370246 0.027130
v -0.029646 -0.368206 0.027028
v -0.033219 -0.366352 0.026875
v -0.036589 -0.364714 0.026885
v -0.039734 -0.363022 0.027868
v -0.042101 -0.361772 0.030502
v -0.044061 -0.360785 0.033597
v -0.045698 -0.360038 0.036953
v -0.018168 -0.363093 0.025799
v -0.022852 -0.360932 0.025586
v -0.027046 -0.359117 0.025412
v -0.030849 -0.357513 0.025863
v -0.034539 -0.355933 0.026726
v -0.037043 -0.354865 0.029720
v -0.039115 -0.354156 0.032996
v -0.040866 -0.353597 0.036642
v -0.011407 -0.356524 0.025830
v -0.016435 -0.354174 0.025152
v -0.021237 -0.352216 0.025003
v -0.025429 -0.350562 0.025356
v -0.029344 -0.348862 0.026306
v -0.031981 -0.348007 0.029381
v -0.034326 -0.347260 0.032608
v -0.036078 -0.346912 0.036363
v -0.005568 -0.350247 0.028319
v -0.010514 -0.348043 0.026918
v -0.015367 -0.345970 0.026276
v -0.019840 -0.343972 0.026185
v -0.023695 -0.342290 0.027309
v -0.026748 -0.341166 0.029756
v -0.029381 -0.340354 0.032655
v -0.031258 -0.340022 0.036265
v 0.000476 -0.343373 0.030801
v -0.004655 -0.341723 0.029659
v -0.009473 -0.339809 0.028747
v -0.013899 -0.338052 0.028629
v -0.017607 -0.336431 0.029516
v -0.020716 -0.335253 0.031267
v -0.023443 -0.334310 0.033736
v -0.025579 -0.333856 0.036955
v 0.006779 -0.335034 0.031732
v 0.001760 -0.333850 0.030938
v -0.003184 -0.332483 0.029978
v -0.007720 -0.330812 0.029599
v -0.011786 -0.329306 0.029842
v -0.015325 -0.328020 0.031186
v -0.018121 -0.327232 0.033727
v -0.020743 -0.326695 0.036821
v 0.012995 -0.325754 0.032297
v 0.008018 -0.324772 0.031324
v 0.003101 -0.323546 0.030077
v -0.001636 -0.322227 0.029236
v -0.006130 -0.320959 0.029169
v -0.010043 -0.319769 0.030337
v -0.013594 -0.319070 0.032885
v -0.016552 -0.318463 0.036045
v 0.019083 -0.316671 0.032662
v 0.014176 -0.315279 0.031626
v 0.009248 -0.314058 0.030064
v 0.004246 -0.312756 0.028915
v -0.000498 -0.311511 0.028463
v -0.005243 -0.310485 0.029274
v -0.009095 -0.309744 0.031619
v -0.012644 -0.309339 0.035316
v 0.025810 -0.308329 0.032948
v 0.020703 -0.306391 0.031760
v 0.015600 -0.304737 0.030206
v 0.010506 -0.303360 0.028576
v 0.005198 -0.301856 0.028003
v 0.000141 -0.300528 0.028502
v -0.004613 -0.299655 0.030946
v -0.008403 -0.299168 0.034553
v 0.033293 -0.300137 0.032505
v 0.028079 -0.297607 0.031730
v 0.022649 -0.295766 0.030510
v 0.017216 -0.293892 0.028710
v 0.011762 -0.292125 0.027878
v 0.006082 -0.290390 0.028133
v 0.000741 -0.288915 0.030038
v -0.003792 -0.288071 0.033896
v 0.041758 -0.291311 0.031458
v 0.036091 -0.288390 0.030993
v 0.030231 -0.285841 0.030424
v 0.024570 -0.284052 0.029492
v 0.018863 -0.281952 0.028201
v 0.013130 -0.279654 0.028251
v 0.007299 -0.277898 0.029664
v 0.002101 -0.276661 0.033378
v 0.049916 -0.282440 0.027296
v 0.044394 -0.278746 0.027340
v 0.038486 -0.275797 0.027731
v 0.032452 -0.273288 0.028001
v 0.026585 -0.271031 0.028459
v 0.020774 -0.268742 0.029130
v 0.015007 -0.266270 0.030615
v 0.009407 -0.264107 0.032946
v 0.057653 -0.274234 0.020830
v 0.051760 -0.269517 0.021148
v 0.045936 -0.265828 0.022076
v 0.039934 -0.262545 0.023402
v 0.034104 -0.259726 0.024895
v 0.028358 -0.256519 0.027177
v 0.022676 -0.253657 0.029559
v 0.017115 -0.250664 0.032561
v 0.065551 -0.265378 0.014366
v 0.058359 -0.260555 0.014050
v 0.052000 -0.255862 0.015149
v 0.045830 -0.252404 0.016541
v 0.039831 -0.248200 0.018667
v 0.034720 -0.244328 0.022047
v 0.029564 -0.239909 0.025691
v 0.024234 -0.236291 0.029926
v 0.073959 -0.255898 0.006843
v 0.063894 -0.251717 0.006063
v 0.056734 -0.247028 0.007155
v 0.049957 -0.242302 0.008681
v 0.043755 -0.238079 0.010890
v 0.038408 -0.232432 0.013954
v 0.034779 -0.227304 0.018673
v 0.030846 -0.221133 0.024227
v 0.083929 -0.245950 -0.002869
v 0.068783 -0.241517 -0.001260
v 0.060316 -0.237449 0.000443
v 0.053284 -0.233176 0.001653
v 0.046935 -0.228634 0.002794
v 0.040863 -0.223672 0.004853
v 0.036253 -0.216338 0.008313
v 0.033175 -0.208437 0.013516
v -0.253376 -0.410653 -0.068596
v -0.244684 -0.407469 -0.067078
v -0.236582 -0.405844 -0.065613
v -0.231644 -0.400071 -0.069063
v -0.221557 -0.397146 -0.071013
v -0.209234 -0.396421 -0.070556
v -0.196534 -0.395171 -0.070485
v -0.187771 -0.395326 -0.067947
v -0.180453 -0.393018 -0.067516
v -0.174582 -0.388815 -0.067898
v -0.168074 -0.383027 -0.068342
v -0.159474 -0.375815 -0.068411
v -0.149367 -0.367040 -0.069128
v -0.137801 -0.357554 -0.069538
v -0.125058 -0.347534 -0.069969
v -0.111187 -0.337358 -0.070099
v -0.096528 -0.327211 -0.070168
v -0.081584 -0.317950 -0.069955
v -0.068216 -0.310063 -0.069857
v -0.055876 -0.303597 -0.068626
v -0.046613 -0.297826 -0.067289
v -0.039469 -0.292431 -0.065395
v -0.033837 -0.285826 -0.064506
v -0.029253 -0.277857 -0.066809
v -0.023486 -0.268908 -0.067330
v -0.017355 -0.260159 -0.067563
v -0.011357 -0.252340 -0.068039
v -0.005451 -0.245298 -0.068102
v 0.001024 -0.239258 -0.067065
v 0.007916 -0.234191 -0.065291
v 0.016570 -0.230799 -0.061287
v 0.028107 -0.232195 -0.053649
v 0.045519 -0.234699 -0.043409
v 0.070524 -0.235476 -0.031065
v -0.256913 -0.408591 -0.064083
v -0.245670 -0.405497 -0.061892
v -0.236678 -0.402158 -0.061928
v -0.232626 -0.397267 -0.067776
v -0.221785 -0.394565 -0.069636
v -0.208454 -0.393256 -0.069871
v -0.197295 -0.392309 -0.069039
v -0.188461 -0.392133 -0.066255
v -0.181917 -0.389768 -0.065732
v -0.176203 -0.385926 -0.066024
v -0.169551 -0.380339 -0.066499
v -0.161144 -0.373218 -0.067011
v -0.151102 -0.364527 -0.068483
v -0.139594 -0.355100 -0.070055
v -0.126725 -0.345162 -0.070905
v -0.112571 -0.334707 -0.071059
v -0.097539 -0.324326 -0.071214
v -0.083089 -0.314782 -0.071179
v -0.069422 -0.306770 -0.070352
v -0.058540 -0.300476 -0.067976
v -0.049498 -0.294867 -0.066661
v -0.043047 -0.289575 -0.064849
v -0.037635 -0.283417 -0.064167
v -0.032901 -0.276146 -0.066573
v -0.027154 -0.267347 -0.066854
v -0.020603 -0.258703 -0.066335
v -0.014255 -0.250616 -0.066450
v -0.008181 -0.243356 -0.066799
v -0.001629 -0.236896 -0.065670
v 0.005410 -0.231206 -0.063976
v 0.013489 -0.228054 -0.058882
v 0.023247 -0.228215 -0.050428
v 0.038270 -0.229549 -0.040103
v 0.054294 -0.232229 -0.027037
v -0.259598 -0.403177 -0.059113
v -0.246928 -0.400492 -0.058537
v -0.237916 -0.397853 -0.059744
v -0.233314 -0.393731 -0.066658
v -0.221484 -0.391128 -0.068799
v -0.209057 -0.389560 -0.069399
v -0.197509 -0.389531 -0.067146
v -0.189678 -0.388709 -0.064801
v -0.183444 -0.386318 -0.064365
v -0.177587 -0.382487 -0.064624
v -0.170823 -0.377087 -0.065034
v -0.162287 -0.369964 -0.065767
v -0.152369 -0.361434 -0.067627
v -0.141019 -0.352088 -0.069360
v -0.128149 -0.342064 -0.070240
v -0.114061 -0.331673 -0.070606
v -0.099334 -0.321130 -0.070894
v -0.084907 -0.311474 -0.070904
v -0.072412 -0.303603 -0.069558
v -0.061748 -0.297583 -0.067148
v -0.053604 -0.291903 -0.065891
v -0.047040 -0.286625 -0.064183
v -0.041637 -0.280813 -0.063461
v -0.036811 -0.273851 -0.065748
v -0.030932 -0.265632 -0.066356
v -0.024141 -0.256987 -0.065459
v -0.017435 -0.248897 -0.065008
v -0.011156 -0.241464 -0.065258
v -0.004507 -0.234408 -0.064170
v 0.002576 -0.228063 -0.062616
v 0.010450 -0.224274 -0.056897
v 0.019297 -0.223996 -0.047755
v 0.031986 -0.224967 -0.036759
v 0.046573 -0.228542 -0.023268
v -0.261404 -0.396047 -0.057137
v -0.248502 -0.395043 -0.057550
v -0.239170 -0.393285 -0.058904
v -0.233286 -0.390078 -0.065551
v -0.221767 -0.387783 -0.067197
v -0.209046 -0.386751 -0.067749
v -0.198774 -0.386218 -0.065566
v -0.191130 -0.385058 -0.063662
v -0.184866 -0.382557 -0.063048
v -0.178863 -0.378684 -0.063202
v -0.171851 -0.373252 -0.063665
v -0.163187 -0.366279 -0.064601
v -0.153198 -0.357956 -0.066517
v -0.141848 -0.348726 -0.068186
v -0.129187 -0.339199 -0.068830
v -0.115267 -0.328830 -0.069210
v -0.101029 -0.318442 -0.069510
v -0.087522 -0.308691 -0.069542
v -0.075479 -0.301039 -0.068234
v -0.065907 -0.294851 -0.066177
v -0.058037 -0.289083 -0.064902
v -0.051686 -0.283714 -0.063236
v -0.045901 -0.277933 -0.062547
v -0.040838 -0.271370 -0.064454
v -0.034843 -0.263531 -0.065278
v -0.028074 -0.255170 -0.064874
v -0.021094 -0.247408 -0.064183
v -0.014388 -0.239300 -0.063593
v -0.007795 -0.232359 -0.062826
v -0.000652 -0.225047 -0.061151
v 0.007228 -0.220512 -0.055170
v 0.015451 -0.219697 -0.045333
v 0.027679 -0.220708 -0.033826
v 0.041059 -0.222894 -0.020841
v -0.262115 -0.389457 -0.056829
v -0.249569 -0.389790 -0.057749
v -0.240300 -0.388496 -0.058721
v -0.233004 -0.386471 -0.064261
v -0.221874 -0.384774 -0.066238
v -0.209782 -0.383590 -0.067031
v -0.199989 -0.382713 -0.064918
v -0.192687 -0.381261 -0.062640
v -0.186522 -0.378538 -0.061791
v -0.180154 -0.374601 -0.061741
v -0.172725 -0.369131 -0.062245
v -0.163948 -0.362314 -0.063420
v -0.153833 -0.354322 -0.065342
v -0.142459 -0.345628 -0.066666
v -0.129825 -0.336224 -0.067221
v -0.116449 -0.326447 -0.067438
v -0.102575 -0.316252 -0.067528
v -0.089693 -0.306840 -0.067434
v -0.078756 -0.298806 -0.066548
v -0.069818 -0.292366 -0.065145
v -0.062643 -0.286442 -0.063793
v -0.056265 -0.280851 -0.062089
v -0.050321 -0.275098 -0.061018
v -0.044965 -0.268590 -0.062853
v -0.038885 -0.261144 -0.063687
v -0.032033 -0.253323 -0.063523
v -0.025025 -0.244956 -0.062708
v -0.018257 -0.237961 -0.062366
v -0.011331 -0.229726 -0.061335
v -0.004202 -0.222321 -0.059809
v 0.003914 -0.216601 -0.054084
v 0.012031 -0.215271 -0.043656
v 0.023246 -0.215966 -0.031410
v 0.037703 -0.217808 -0.019476
v -0.261724 -0.383994 -0.057600
v -0.250667 -0.384502 -0.058821
v -0.241358 -0.383765 -0.059420
v -0.233003 -0.382635 -0.064024
v -0.222566 -0.381556 -0.065828
v -0.210688 -0.380496 -0.067020
v -0.200976 -0.379212 -0.065447
v -0.194555 -0.377163 -0.062585
v -0.188180 -0.374295 -0.061809
v -0.181523 -0.370201 -0.061644
v -0.173871 -0.364740 -0.062144
v -0.164864 -0.358162 -0.063339
v -0.154618 -0.350593 -0.065269
v -0.143237 -0.342256 -0.066296
v -0.130992 -0.333294 -0.066759
v -0.117790 -0.323679 -0.066811
v -0.104534 -0.313942 -0.066840
v -0.092287 -0.304682 -0.066698
v -0.081799 -0.296668 -0.065848
v -0.073569 -0.289982 -0.064324
v -0.066756 -0.283975 -0.062856
v -0.060709 -0.278252 -0.061064
v -0.054827 -0.272269 -0.060009
v -0.048996 -0.265775 -0.060982
v -0.042887 -0.258636 -0.062015
v -0.036069 -0.250545 -0.061520
v -0.029164 -0.243091 -0.061113
v -0.022176 -0.234880 -0.060304
v -0.015344 -0.227511 -0.059580
v -0.008074 -0.219305 -0.058312
v 0.000365 -0.212478 -0.053258
v 0.008351 -0.210533 -0.042434
v 0.019888 -0.210780 -0.030345
v 0.033361 -0.211928 -0.018301
v -0.261272 -0.378795 -0.058939
v -0.250599 -0.380074 -0.059979
v -0.242041 -0.378822 -0.060509
v -0.234515 -0.379156 -0.064001
v -0.222811 -0.378131 -0.066397
v -0.212392 -0.377700 -0.067476
v -0.202412 -0.375741 -0.066243
v -0.195998 -0.373335 -0.063657
v -0.189881 -0.370049 -0.062231
v -0.182879 -0.365785 -0.062114
v -0.174967 -0.360525 -0.062726
v -0.165780 -0.354153 -0.063860
v -0.155533 -0.347155 -0.065513
v -0.144310 -0.339138 -0.066381
v -0.132212 -0.330466 -0.066528
v -0.119571 -0.321330 -0.066485
v -0.106976 -0.312083 -0.066434
v -0.094920 -0.302870 -0.066381
v -0.085038 -0.294841 -0.065523
v -0.077058 -0.288010 -0.063738
v -0.070595 -0.281888 -0.062070
v -0.064816 -0.275968 -0.060153
v -0.059015 -0.269723 -0.059279
v -0.053159 -0.263200 -0.060149
v -0.046912 -0.255939 -0.060974
v -0.040227 -0.248261 -0.060278
v -0.033259 -0.240087 -0.058844
v -0.026385 -0.232673 -0.058037
v -0.019232 -0.224480 -0.056994
v -0.012229 -0.215992 -0.056044
v -0.003353 -0.208127 -0.053106
v 0.005068 -0.205126 -0.042669
v 0.016420 -0.204471 -0.030380
v 0.029084 -0.205253 -0.017587
v -0.259172 -0.374814 -0.060105
v -0.251180 -0.374536 -0.061450
v -0.242930 -0.375048 -0.061090
v -0.234397 -0.374937 -0.065296
v -0.225181 -0.375588 -0.066716
v -0.213331 -0.374824 -0.068555
v -0.204178 -0.373016 -0.067864
v -0.197623 -0.369623 -0.064876
v -0.191428 -0.366130 -0.063594
v -0.184313 -0.361825 -0.063549
v -0.176064 -0.356635 -0.064201
v -0.166898 -0.350789 -0.065209
v -0.156582 -0.344022 -0.066518
v -0.145536 -0.336352 -0.067110
v -0.133887 -0.327952 -0.067103
v -0.121694 -0.319253 -0.066893
v -0.109309 -0.310172 -0.066700
v -0.098013 -0.301512 -0.066448
v -0.088034 -0.293230 -0.065685
v -0.080492 -0.286271 -0.063371
v -0.074201 -0.279993 -0.061646
v -0.068616 -0.273776 -0.060200
v -0.063031 -0.267424 -0.059053
v -0.057034 -0.260903 -0.059770
v -0.050830 -0.253884 -0.060356
v -0.044338 -0.246025 -0.059606
v -0.037642 -0.238150 -0.057719
v -0.030723 -0.229908 -0.056087
v -0.023562 -0.221821 -0.054422
v -0.016374 -0.212585 -0.053701
v -0.008021 -0.204083 -0.053222
v 0.001191 -0.199119 -0.042656
v 0.011341 -0.197713 -0.030964
v 0.023742 -0.196728 -0.017183
v -0.251622 -0.411697 -0.077910
v -0.252700 -0.414835 -0.083810
v -0.254210 -0.416969 -0.089703
v -0.255735 -0.416303 -0.096468
v -0.257104 -0.412276 -0.102157
v -0.256651 -0.408224 -0.105781
v -0.257062 -0.403282 -0.108602
v -0.244162 -0.410243 -0.076975
v -0.243856 -0.411964 -0.082099
v -0.243652 -0.414104 -0.088186
v -0.243707 -0.414169 -0.094173
v -0.244313 -0.411364 -0.099292
v -0.245555 -0.407431 -0.103297
v -0.246044 -0.402753 -0.106539
v -0.235923 -0.409273 -0.074365
v -0.235164 -0.411363 -0.080291
v -0.234420 -0.412329 -0.086021
v -0.233821 -0.411919 -0.092060
v -0.234290 -0.409483 -0.097445
v -0.235104 -0.405522 -0.101696
v -0.236828 -0.401407 -0.105101
v -0.230477 -0.403891 -0.075840
v -0.229905 -0.404893 -0.080095
v -0.229603 -0.405247 -0.084937
v -0.229613 -0.404638 -0.089316
v -0.229792 -0.402668 -0.093165
v -0.230514 -0.399776 -0.096522
v -0.231147 -0.396214 -0.099880
v -0.221081 -0.400081 -0.076297
v -0.220639 -0.400900 -0.080142
v -0.220355 -0.401137 -0.084061
v -0.220298 -0.400485 -0.087773
v -0.220564 -0.398101 -0.090999
v -0.220830 -0.395094 -0.094120
v -0.220923 -0.392228 -0.097431
v -0.208665 -0.399437 -0.076253
v -0.208134 -0.400174 -0.079864
v -0.208171 -0.400192 -0.083693
v -0.208100 -0.398849 -0.087404
v -0.208189 -0.396088 -0.090381
v -0.208340 -0.392696 -0.093130
v -0.209128 -0.389889 -0.096062
v -0.196036 -0.399114 -0.075798
v -0.195928 -0.399615 -0.079634
v -0.195764 -0.399543 -0.083630
v -0.195946 -0.398513 -0.087706
v -0.195905 -0.395735 -0.090866
v -0.196418 -0.392579 -0.093882
v -0.197322 -0.389277 -0.096720
v -0.186160 -0.399309 -0.075054
v -0.185645 -0.399944 -0.079386
v -0.185578 -0.399822 -0.083924
v -0.185652 -0.398532 -0.088324
v -0.186142 -0.395737 -0.092105
v -0.186900 -0.392304 -0.095194
v -0.188389 -0.388656 -0.098115
v -0.178483 -0.396789 -0.074834
v -0.177859 -0.397506 -0.079264
v -0.177598 -0.397440 -0.083834
v -0.177727 -0.396093 -0.088348
v -0.178434 -0.393249 -0.092124
v -0.179580 -0.389579 -0.095088
v -0.181126 -0.385711 -0.097900
v -0.172432 -0.392114 -0.074878
v -0.171730 -0.392808 -0.079043
v -0.171327 -0.392642 -0.083342
v -0.171442 -0.391414 -0.087623
v -0.171966 -0.388873 -0.091368
v -0.172945 -0.385455 -0.094561
v -0.174264 -0.381643 -0.097437
v -0.165906 -0.385761 -0.074768
v -0.165178 -0.386309 -0.078555
v -0.164854 -0.386152 -0.082551
v -0.164856 -0.385040 -0.086384
v -0.165099 -0.382924 -0.090163
v -0.165618 -0.379801 -0.093453
v -0.166397 -0.376276 -0.096443
v -0.156892 -0.378580 -0.074283
v -0.156148 -0.379048 -0.077927
v -0.155814 -0.378864 -0.081667
v -0.155968 -0.377770 -0.085563
v -0.156261 -0.375585 -0.088985
v -0.156788 -0.372467 -0.091903
v -0.157519 -0.369107 -0.094577
v -0.146365 -0.369828 -0.074125
v -0.145667 -0.370086 -0.077573
v -0.145489 -0.369798 -0.081253
v -0.145712 -0.368562 -0.084583
v -0.146480 -0.366068 -0.087491
v -0.147556 -0.362691 -0.089353
v -0.148301 -0.359368 -0.091708
v -0.134665 -0.360395 -0.074077
v -0.133967 -0.360575 -0.077477
v -0.133849 -0.360143 -0.080952
v -0.134349 -0.358622 -0.084413
v -0.135695 -0.355508 -0.085946
v -0.136654 -0.352221 -0.087994
v -0.137392 -0.349273 -0.090462
v -0.122086 -0.350795 -0.073987
v -0.121487 -0.351048 -0.077372
v -0.121360 -0.350522 -0.080974
v -0.122079 -0.348784 -0.084371
v -0.123582 -0.345356 -0.085416
v -0.124799 -0.342241 -0.087538
v -0.125521 -0.339436 -0.090024
v -0.108840 -0.341254 -0.073840
v -0.108275 -0.341603 -0.077245
v -0.108201 -0.341143 -0.080774
v -0.109075 -0.339163 -0.083996
v -0.110892 -0.335918 -0.085147
v -0.112331 -0.332915 -0.087107
v -0.113504 -0.330560 -0.089596
v -0.094809 -0.331847 -0.073735
v -0.094382 -0.332169 -0.076839
v -0.094509 -0.331766 -0.080275
v -0.095517 -0.329830 -0.083351
v -0.097746 -0.326990 -0.084821
v -0.099933 -0.324160 -0.086538
v -0.101527 -0.321870 -0.089014
v -0.080264 -0.322727 -0.073424
v -0.080175 -0.323314 -0.076532
v -0.080114 -0.322767 -0.079792
v -0.081781 -0.321195 -0.082826
v -0.084394 -0.318252 -0.084159
v -0.087410 -0.315707 -0.086071
v -0.089697 -0.313667 -0.088682
v -0.066047 -0.315415 -0.072905
v -0.065349 -0.315760 -0.076283
v -0.065953 -0.315384 -0.079852
v -0.067890 -0.313383 -0.082877
v -0.071244 -0.310709 -0.084370
v -0.074896 -0.308227 -0.086435
v -0.077858 -0.306173 -0.089066
v -0.052617 -0.308837 -0.072272
v -0.051883 -0.309620 -0.076135
v -0.052445 -0.309142 -0.080351
v -0.055112 -0.306933 -0.083687
v -0.059115 -0.304340 -0.085679
v -0.062982 -0.302100 -0.087964
v -0.066811 -0.300234 -0.090589
v -0.041855 -0.302715 -0.071456
v -0.040846 -0.303297 -0.075578
v -0.041583 -0.302767 -0.080253
v -0.044747 -0.300572 -0.083698
v -0.048792 -0.298021 -0.085777
v -0.053440 -0.295607 -0.088168
v -0.057540 -0.293621 -0.091092
v -0.033427 -0.296764 -0.070262
v -0.032457 -0.297116 -0.074784
v -0.032753 -0.297208 -0.079918
v -0.036153 -0.295107 -0.084164
v -0.040747 -0.292184 -0.086080
v -0.045315 -0.289659 -0.088249
v -0.049555 -0.287528 -0.091763
v -0.027984 -0.288913 -0.070306
v -0.027216 -0.289344 -0.074445
v -0.027238 -0.289647 -0.078970
v -0.029738 -0.288450 -0.083526
v -0.034110 -0.286495 -0.085893
v -0.038585 -0.283682 -0.088433
v -0.042997 -0.281370 -0.091335
v -0.023854 -0.279928 -0.071234
v -0.023084 -0.280376 -0.074766
v -0.023229 -0.280786 -0.078474
v -0.025392 -0.280607 -0.081761
v -0.028846 -0.278924 -0.084252
v -0.032975 -0.277233 -0.086751
v -0.037470 -0.274818 -0.089740
v -0.018521 -0.270563 -0.072042
v -0.017749 -0.271042 -0.075304
v -0.017785 -0.271650 -0.078688
v -0.019072 -0.271725 -0.082045
v -0.022220 -0.271037 -0.084666
v -0.026602 -0.269531 -0.086299
v -0.030815 -0.267861 -0.088954
v -0.012964 -0.261842 -0.072636
v -0.012126 -0.262252 -0.075845
v -0.011959 -0.262708 -0.079160
v -0.012675 -0.262991 -0.082733
v -0.015356 -0.262504 -0.085428
v -0.018633 -0.261410 -0.087806
v -0.023099 -0.261467 -0.090249
v -0.007583 -0.254154 -0.073080
v -0.006780 -0.254576 -0.076166
v -0.006492 -0.254826 -0.079562
v -0.006826 -0.254898 -0.083062
v -0.008530 -0.253932 -0.086264
v -0.011510 -0.254015 -0.089040
v -0.014208 -0.254046 -0.092034
v -0.001471 -0.247670 -0.072790
v -0.000631 -0.247980 -0.076071
v -0.000322 -0.248081 -0.079556
v -0.000407 -0.247816 -0.083340
v -0.002023 -0.246659 -0.086679
v -0.003917 -0.245374 -0.089842
v -0.007165 -0.245795 -0.092716
v 0.005212 -0.241880 -0.072147
v 0.006192 -0.242130 -0.075471
v 0.006676 -0.242016 -0.079139
v 0.006709 -0.241440 -0.083105
v 0.005809 -0.239664 -0.087052
v 0.003651 -0.238083 -0.090313
v 0.001753 -0.236563 -0.093474
v 0.012141 -0.237303 -0.070634
v 0.013204 -0.236822 -0.074215
v 0.014040 -0.236728 -0.078124
v 0.014355 -0.235809 -0.082172
v 0.014010 -0.233953 -0.086552
v 0.013048 -0.231073 -0.091164
v 0.010825 -0.228833 -0.095034
v 0.020936 -0.235239 -0.067287
v 0.022387 -0.235003 -0.071734
v 0.023572 -0.234971 -0.076098
v 0.024208 -0.233606 -0.080786
v 0.024379 -0.231246 -0.086267
v 0.023685 -0.227742 -0.091743
v 0.022681 -0.222358 -0.097117
v 0.036240 -0.237470 -0.062150
v 0.037079 -0.238153 -0.067246
v 0.038371 -0.238532 -0.073215
v 0.039033 -0.236714 -0.079648
v 0.039405 -0.233631 -0.086102
v 0.039129 -0.228036 -0.092794
v 0.038616 -0.220112 -0.098181
v 0.062003 -0.243272 -0.053116
v 0.066333 -0.244966 -0.060982
v 0.065879 -0.244102 -0.069101
v 0.066026 -0.242450 -0.076827
v 0.065420 -0.238589 -0.085827
v 0.065243 -0.231551 -0.093952
v 0.064294 -0.220540 -0.099710
v 0.105994 -0.242325 -0.043621
v 0.109979 -0.244108 -0.052739
v 0.110965 -0.245545 -0.061318
v 0.108922 -0.245320 -0.072210
v 0.107343 -0.241518 -0.082091
v 0.105945 -0.234035 -0.092481
v 0.104267 -0.222127 -0.099344
v -0.262767 -0.407399 -0.080218
v -0.266973 -0.400508 -0.079862
v -0.269708 -0.395078 -0.076589
v -0.272916 -0.388959 -0.074042
v -0.275374 -0.384243 -0.071721
v -0.277356 -0.379576 -0.069145
v -0.278117 -0.375574 -0.066658
v -0.275455 -0.369172 -0.061462
v -0.265074 -0.404932 -0.086144
v -0.268359 -0.398789 -0.083827
v -0.272030 -0.391882 -0.081140
v -0.274863 -0.386271 -0.077790
v -0.277463 -0.381053 -0.074957
v -0.279745 -0.376209 -0.072996
v -0.281587 -0.371444 -0.069511
v -0.276619 -0.364730 -0.066601
v -0.266719 -0.402983 -0.089721
v -0.270468 -0.395727 -0.087082
v -0.273777 -0.389277 -0.083458
v -0.276696 -0.383592 -0.080151
v -0.279939 -0.377407 -0.078037
v -0.282257 -0.372393 -0.076061
v -0.284763 -0.364904 -0.072658
v -0.274026 -0.361544 -0.073095
v -0.268716 -0.399406 -0.092068
v -0.272210 -0.392971 -0.089172
v -0.275461 -0.386728 -0.085496
v -0.279468 -0.379612 -0.083754
v -0.281849 -0.374384 -0.081912
v -0.286196 -0.367515 -0.080816
v -0.280598 -0.359794 -0.079816
v -0.271216 -0.360216 -0.079948
v -0.270616 -0.396530 -0.094446
v -0.274460 -0.389543 -0.091509
v -0.277852 -0.383530 -0.090644
v -0.280624 -0.377915 -0.088267
v -0.285788 -0.370422 -0.088965
v -0.284564 -0.360407 -0.088830
v -0.274733 -0.360007 -0.087418
v -0.266477 -0.360052 -0.086505
v -0.272021 -0.394523 -0.099568
v -0.275714 -0.388336 -0.098146
v -0.278902 -0.381958 -0.096252
v -0.283413 -0.375432 -0.098469
v -0.285201 -0.364939 -0.100328
v -0.274830 -0.361752 -0.096473
v -0.268521 -0.361637 -0.094078
v -0.260640 -0.360756 -0.091782
v -0.272345 -0.394517 -0.106107
v -0.276671 -0.389415 -0.107349
v -0.281357 -0.381942 -0.111321
v -0.277968 -0.371681 -0.110011
v -0.271777 -0.366682 -0.105741
v -0.266775 -0.364971 -0.101480
v -0.259987 -0.363008 -0.098205
v -0.255654 -0.362453 -0.096239
v -0.257648 -0.366973 -0.065086
v -0.250290 -0.366481 -0.065944
v -0.242373 -0.367343 -0.067224
v -0.235442 -0.369088 -0.069215
v -0.223977 -0.370063 -0.070711
v -0.215606 -0.370511 -0.071353
v -0.205500 -0.368534 -0.071122
v -0.200721 -0.364509 -0.068610
v -0.195347 -0.359906 -0.066604
v -0.187991 -0.355504 -0.066798
v -0.179573 -0.351026 -0.067839
v -0.170243 -0.345604 -0.068644
v -0.159883 -0.339431 -0.069442
v -0.148828 -0.331982 -0.069833
v -0.137070 -0.323742 -0.069793
v -0.125191 -0.315111 -0.069432
v -0.113330 -0.306377 -0.068964
v -0.102271 -0.297672 -0.068608
v -0.092782 -0.289740 -0.068134
v -0.085870 -0.282452 -0.066446
v -0.080106 -0.276110 -0.065188
v -0.074758 -0.269965 -0.064246
v -0.069706 -0.263439 -0.063322
v -0.063968 -0.257210 -0.063264
v -0.057845 -0.250740 -0.063266
v -0.052119 -0.243361 -0.061983
v -0.046715 -0.234903 -0.058896
v -0.040718 -0.226256 -0.055788
v -0.033959 -0.217175 -0.053600
v -0.026530 -0.206524 -0.051560
v -0.019123 -0.197324 -0.050062
v -0.009783 -0.187211 -0.045301
v -0.002571 -0.180786 -0.035066
v 0.010239 -0.173006 -0.027067
v -0.257326 -0.363703 -0.069505
v -0.249061 -0.362859 -0.069692
v -0.242062 -0.364720 -0.071083
v -0.233199 -0.366832 -0.072718
v -0.224313 -0.367919 -0.073051
v -0.213316 -0.368403 -0.073635
v -0.205872 -0.367490 -0.073164
v -0.201149 -0.363053 -0.071279
v -0.197002 -0.358253 -0.069736
v -0.190132 -0.353534 -0.069417
v -0.181800 -0.349317 -0.070382
v -0.172642 -0.344080 -0.071027
v -0.162221 -0.338106 -0.071674
v -0.150789 -0.330843 -0.071967
v -0.139009 -0.322555 -0.071931
v -0.126834 -0.313767 -0.071549
v -0.114937 -0.304689 -0.071148
v -0.103852 -0.295868 -0.070769
v -0.094551 -0.287989 -0.070494
v -0.087784 -0.280943 -0.069480
v -0.082254 -0.274749 -0.068479
v -0.077058 -0.268679 -0.067810
v -0.072083 -0.262265 -0.067002
v -0.066786 -0.255881 -0.066571
v -0.061178 -0.249620 -0.066160
v -0.055647 -0.242171 -0.065003
v -0.050766 -0.233956 -0.062168
v -0.045467 -0.224804 -0.059436
v -0.039368 -0.215004 -0.056399
v -0.033012 -0.205086 -0.052982
v -0.025150 -0.192858 -0.050696
v -0.016524 -0.182620 -0.048032
v -0.008209 -0.171775 -0.040406
v 0.000892 -0.161526 -0.033158
v -0.255411 -0.361527 -0.074539
v -0.247817 -0.360322 -0.074419
v -0.241046 -0.363082 -0.075438
v -0.232400 -0.364983 -0.075867
v -0.222083 -0.366318 -0.076154
v -0.213105 -0.367035 -0.076078
v -0.205343 -0.366094 -0.075535
v -0.201581 -0.362113 -0.074278
v -0.197884 -0.357361 -0.073078
v -0.191772 -0.352562 -0.072821
v -0.183701 -0.348067 -0.073450
v -0.174689 -0.342953 -0.073983
v -0.164350 -0.337013 -0.074392
v -0.152932 -0.330043 -0.074475
v -0.140837 -0.321795 -0.074367
v -0.128564 -0.312690 -0.074032
v -0.116432 -0.303375 -0.073575
v -0.105382 -0.294311 -0.073266
v -0.096172 -0.286309 -0.073123
v -0.089714 -0.279444 -0.072385
v -0.084378 -0.273520 -0.071872
v -0.079235 -0.267593 -0.071370
v -0.074413 -0.261173 -0.070844
v -0.069370 -0.254861 -0.070263
v -0.063901 -0.248666 -0.069977
v -0.058972 -0.241504 -0.068687
v -0.054165 -0.232990 -0.066822
v -0.049149 -0.223802 -0.064255
v -0.044082 -0.213958 -0.061493
v -0.038368 -0.202264 -0.058140
v -0.031543 -0.190981 -0.054979
v -0.023793 -0.177006 -0.051281
v -0.015260 -0.163678 -0.045978
v -0.005626 -0.150632 -0.039820
v -0.253457 -0.360606 -0.079789
v -0.246625 -0.359398 -0.079449
v -0.239974 -0.362405 -0.079513
v -0.231262 -0.363998 -0.079534
v -0.221328 -0.365316 -0.079207
v -0.212170 -0.366167 -0.078806
v -0.205272 -0.365275 -0.078343
v -0.201919 -0.361328 -0.077374
v -0.198544 -0.356727 -0.076665
v -0.192621 -0.351927 -0.076479
v -0.184997 -0.347171 -0.076935
v -0.176103 -0.342011 -0.077452
v -0.165886 -0.336255 -0.077484
v -0.154448 -0.329369 -0.077408
v -0.142268 -0.321212 -0.077176
v -0.129996 -0.312119 -0.076773
v -0.117715 -0.302462 -0.076344
v -0.106427 -0.293055 -0.076075
v -0.097373 -0.285191 -0.075968
v -0.091160 -0.278404 -0.075712
v -0.085942 -0.272639 -0.075264
v -0.080938 -0.266814 -0.075057
v -0.076148 -0.260438 -0.074615
v -0.071341 -0.254040 -0.074307
v -0.065933 -0.248125 -0.074049
v -0.061386 -0.240819 -0.073059
v -0.057047 -0.232341 -0.071570
v -0.052589 -0.222890 -0.069702
v -0.047842 -0.212369 -0.067570
v -0.042817 -0.201356 -0.064856
v -0.036297 -0.187745 -0.062354
v -0.029172 -0.173438 -0.058829
v -0.021090 -0.156923 -0.054151
v -0.010990 -0.141186 -0.048732
v -0.251154 -0.360683 -0.084809
v -0.245320 -0.359578 -0.084172
v -0.238928 -0.362200 -0.083651
v -0.230335 -0.363527 -0.083056
v -0.220485 -0.364851 -0.082442
v -0.211850 -0.365838 -0.081756
v -0.205054 -0.364942 -0.081209
v -0.202134 -0.360907 -0.080767
v -0.198784 -0.356403 -0.080321
v -0.193062 -0.351675 -0.080304
v -0.185583 -0.346863 -0.080700
v -0.176859 -0.341620 -0.081072
v -0.166639 -0.335951 -0.080928
v -0.155179 -0.329293 -0.080504
v -0.143188 -0.321197 -0.080164
v -0.130648 -0.311973 -0.079782
v -0.118144 -0.302330 -0.079272
v -0.106825 -0.292918 -0.079065
v -0.097783 -0.284919 -0.079150
v -0.091233 -0.278517 -0.079003
v -0.086480 -0.272624 -0.078863
v -0.081814 -0.266574 -0.078563
v -0.077256 -0.260066 -0.078528
v -0.072365 -0.253654 -0.078354
v -0.066874 -0.247941 -0.078136
v -0.062574 -0.240649 -0.077644
v -0.058640 -0.232040 -0.076694
v -0.054713 -0.222184 -0.075712
v -0.050575 -0.211609 -0.074243
v -0.046156 -0.199302 -0.072649
v -0.040440 -0.186017 -0.070443
v -0.033909 -0.169521 -0.067706
v -0.025638 -0.151201 -0.063896
v -0.015745 -0.133302 -0.059011
v -0.249278 -0.360989 -0.089434
v -0.244043 -0.360253 -0.088710
v -0.237798 -0.362185 -0.087625
v -0.229655 -0.363524 -0.086775
v -0.220204 -0.364364 -0.085617
v -0.211435 -0.365417 -0.084573
v -0.205006 -0.364893 -0.084089
v -0.202225 -0.360858 -0.084077
v -0.198960 -0.356405 -0.084083
v -0.193346 -0.351645 -0.084121
v -0.185883 -0.346840 -0.084505
v -0.177091 -0.341732 -0.084667
v -0.166910 -0.336134 -0.084262
v -0.155444 -0.329560 -0.083539
v -0.143277 -0.321529 -0.083081
v -0.130772 -0.312276 -0.082621
v -0.118296 -0.302451 -0.082138
v -0.106873 -0.292927 -0.081971
v -0.097764 -0.284995 -0.082106
v -0.091344 -0.278751 -0.082239
v -0.086272 -0.273064 -0.082034
v -0.081839 -0.266952 -0.082114
v -0.077361 -0.260317 -0.082216
v -0.072468 -0.254023 -0.082301
v -0.066901 -0.248302 -0.082102
v -0.062622 -0.241010 -0.081999
v -0.058824 -0.232378 -0.081851
v -0.055084 -0.222565 -0.081617
v -0.051082 -0.211464 -0.081410
v -0.047249 -0.198875 -0.080748
v -0.042018 -0.184216 -0.079804
v -0.036159 -0.166687 -0.078019
v -0.029207 -0.147355 -0.074947
v -0.017501 -0.126180 -0.071216
v -0.247639 -0.361789 -0.093566
v -0.242998 -0.361586 -0.092973
v -0.237446 -0.363104 -0.091495
v -0.229512 -0.364233 -0.090439
v -0.220157 -0.365089 -0.088831
v -0.211938 -0.366034 -0.087585
v -0.204747 -0.365302 -0.086761
v -0.201984 -0.361461 -0.087356
v -0.198822 -0.356964 -0.087731
v -0.193173 -0.352234 -0.087933
v -0.185796 -0.347305 -0.088231
v -0.176961 -0.342158 -0.088227
v -0.166716 -0.336609 -0.087404
v -0.155259 -0.330108 -0.086411
v -0.142955 -0.322154 -0.085749
v -0.130497 -0.312842 -0.085324
v -0.117994 -0.302754 -0.084869
v -0.106604 -0.293253 -0.084768
v -0.097507 -0.285495 -0.085046
v -0.090965 -0.279198 -0.085224
v -0.085942 -0.273627 -0.085310
v -0.081463 -0.267541 -0.085456
v -0.076994 -0.261046 -0.085840
v -0.072001 -0.254686 -0.086053
v -0.066531 -0.249007 -0.085887
v -0.062208 -0.241841 -0.086207
v -0.058304 -0.233400 -0.086719
v -0.054424 -0.223596 -0.087338
v -0.050343 -0.212538 -0.088061
v -0.046199 -0.199518 -0.088705
v -0.040961 -0.184282 -0.088954
v -0.035281 -0.166849 -0.088535
v -0.027264 -0.144199 -0.087767
v -0.015980 -0.124195 -0.085283
v -0.257141 -0.394014 -0.112651
v -0.256973 -0.387561 -0.114366
v -0.255954 -0.381305 -0.113916
v -0.254134 -0.375534 -0.111709
v -0.252020 -0.371122 -0.108663
v -0.249627 -0.368612 -0.105200
v -0.248006 -0.366167 -0.102082
v -0.246987 -0.364347 -0.099324
v -0.248109 -0.392858 -0.111206
v -0.247801 -0.387395 -0.111921
v -0.247033 -0.381634 -0.111456
v -0.245524 -0.376469 -0.110503
v -0.244085 -0.372050 -0.108857
v -0.243369 -0.368177 -0.106350
v -0.242377 -0.365553 -0.103023
v -0.242691 -0.364058 -0.100353
v -0.239439 -0.391745 -0.108956
v -0.239356 -0.386746 -0.110863
v -0.238481 -0.381184 -0.110771
v -0.237869 -0.376503 -0.109157
v -0.237415 -0.372775 -0.106607
v -0.236602 -0.369390 -0.104222
v -0.237041 -0.367192 -0.101809
v -0.236676 -0.365349 -0.098062
v -0.231831 -0.389509 -0.105800
v -0.231537 -0.384588 -0.105883
v -0.231088 -0.380468 -0.105712
v -0.230400 -0.376489 -0.104647
v -0.229630 -0.372964 -0.103279
v -0.229117 -0.370060 -0.101642
v -0.229039 -0.367494 -0.098954
v -0.229933 -0.366355 -0.097253
v -0.221414 -0.386079 -0.102205
v -0.221667 -0.382579 -0.102849
v -0.221121 -0.378681 -0.102473
v -0.220552 -0.375352 -0.101610
v -0.219915 -0.372528 -0.100433
v -0.219776 -0.369878 -0.098716
v -0.220113 -0.368278 -0.097163
v -0.220617 -0.366877 -0.094427
v -0.210593 -0.383876 -0.099625
v -0.210618 -0.380255 -0.099959
v -0.210724 -0.377030 -0.099688
v -0.210663 -0.374327 -0.099127
v -0.210586 -0.371847 -0.098346
v -0.210584 -0.370263 -0.096765
v -0.211248 -0.368679 -0.094652
v -0.212113 -0.367559 -0.093168
v -0.199936 -0.382026 -0.099656
v -0.201066 -0.378473 -0.099623
v -0.201975 -0.375444 -0.099408
v -0.202740 -0.372885 -0.098831
v -0.203045 -0.371154 -0.097479
v -0.203416 -0.369577 -0.095771
v -0.203893 -0.368454 -0.093997
v -0.204338 -0.367252 -0.091744
v -0.192474 -0.380595 -0.101921
v -0.194452 -0.376815 -0.102081
v -0.196245 -0.373431 -0.101683
v -0.197739 -0.370639 -0.100976
v -0.198937 -0.368325 -0.099544
v -0.199700 -0.366476 -0.097768
v -0.200411 -0.364832 -0.095522
v -0.201084 -0.363578 -0.093176
v -0.185528 -0.377770 -0.102122
v -0.188012 -0.373990 -0.103047
v -0.190452 -0.370582 -0.103149
v -0.192645 -0.367560 -0.102360
v -0.194404 -0.364895 -0.101253
v -0.196033 -0.362521 -0.099485
v -0.196958 -0.360724 -0.096990
v -0.197796 -0.359164 -0.094253
v -0.178254 -0.373882 -0.101788
v -0.180770 -0.370308 -0.103070
v -0.183364 -0.366830 -0.103256
v -0.185753 -0.363638 -0.102960
v -0.188042 -0.360669 -0.102137
v -0.189753 -0.358051 -0.100194
v -0.191012 -0.356038 -0.097627
v -0.192035 -0.354388 -0.094763
v -0.169648 -0.369198 -0.101416
v -0.172078 -0.365737 -0.102775
v -0.174755 -0.362387 -0.102940
v -0.177269 -0.359233 -0.102663
v -0.179559 -0.356190 -0.101740
v -0.181457 -0.353666 -0.099785
v -0.182951 -0.351498 -0.097445
v -0.184220 -0.349684 -0.094779
v -0.160230 -0.362719 -0.099209
v -0.162546 -0.359746 -0.100568
v -0.165032 -0.356854 -0.101029
v -0.167536 -0.353950 -0.101023
v -0.169876 -0.351252 -0.100106
v -0.171938 -0.348731 -0.098607
v -0.173689 -0.346390 -0.096739
v -0.175025 -0.344634 -0.094134
v -0.150533 -0.354094 -0.096081
v -0.152599 -0.351938 -0.097176
v -0.154869 -0.349622 -0.097821
v -0.157079 -0.347356 -0.097639
v -0.159376 -0.345074 -0.097123
v -0.161397 -0.342823 -0.096256
v -0.163184 -0.340539 -0.094728
v -0.164721 -0.338930 -0.092684
v -0.139579 -0.344752 -0.094525
v -0.141544 -0.342818 -0.095632
v -0.143605 -0.340935 -0.095457
v -0.145752 -0.338974 -0.095195
v -0.147786 -0.337258 -0.094590
v -0.149848 -0.335286 -0.093742
v -0.151622 -0.333520 -0.092730
v -0.153222 -0.332107 -0.090949
v -0.127722 -0.335500 -0.094301
v -0.129666 -0.333632 -0.095124
v -0.131684 -0.331695 -0.094833
v -0.133525 -0.329867 -0.094428
v -0.135571 -0.328086 -0.093668
v -0.137476 -0.326597 -0.092791
v -0.139315 -0.324975 -0.091596
v -0.140926 -0.323877 -0.090059
v -0.115557 -0.326879 -0.094021
v -0.117306 -0.324824 -0.095148
v -0.119175 -0.322680 -0.094865
v -0.121111 -0.320611 -0.094520
v -0.122987 -0.318843 -0.093748
v -0.124929 -0.316953 -0.092642
v -0.126801 -0.315563 -0.091433
v -0.128423 -0.314394 -0.089727
v -0.103328 -0.318505 -0.093871
v -0.105073 -0.316295 -0.094906
v -0.106785 -0.313924 -0.095014
v -0.108653 -0.311648 -0.094813
v -0.110694 -0.309466 -0.093912
v -0.112607 -0.307574 -0.092737
v -0.114418 -0.305660 -0.091339
v -0.116050 -0.304533 -0.089477
v -0.092110 -0.310348 -0.093567
v -0.093411 -0.308057 -0.094887
v -0.095254 -0.305648 -0.095055
v -0.097197 -0.303307 -0.094915
v -0.099259 -0.301019 -0.094234
v -0.101219 -0.298803 -0.092937
v -0.103116 -0.296803 -0.091554
v -0.104645 -0.295252 -0.089562
v -0.081579 -0.302955 -0.094162
v -0.083463 -0.300746 -0.095357
v -0.085407 -0.298413 -0.095820
v -0.087547 -0.296090 -0.095928
v -0.089688 -0.293860 -0.095018
v -0.091859 -0.291570 -0.093777
v -0.093758 -0.289540 -0.092010
v -0.095449 -0.287788 -0.090056
v -0.072414 -0.296758 -0.095749
v -0.074988 -0.294799 -0.097655
v -0.077521 -0.292406 -0.098314
v -0.080247 -0.290098 -0.098555
v -0.082688 -0.287659 -0.097207
v -0.085141 -0.285364 -0.095710
v -0.087196 -0.283268 -0.093432
v -0.088863 -0.281571 -0.090802
v -0.064333 -0.290717 -0.097417
v -0.067503 -0.288935 -0.099781
v -0.070849 -0.286692 -0.101003
v -0.074003 -0.284143 -0.100901
v -0.076878 -0.281784 -0.099273
v -0.079519 -0.279537 -0.097059
v -0.081931 -0.277506 -0.094419
v -0.083772 -0.275849 -0.091488
v -0.057219 -0.284066 -0.098113
v -0.060737 -0.282291 -0.100509
v -0.064261 -0.280179 -0.101842
v -0.067839 -0.277877 -0.102070
v -0.070990 -0.275627 -0.100254
v -0.073985 -0.273621 -0.097825
v -0.076651 -0.271650 -0.095022
v -0.078750 -0.270048 -0.091825
v -0.050963 -0.277169 -0.097633
v -0.054711 -0.275356 -0.099916
v -0.058237 -0.273521 -0.101457
v -0.061775 -0.271347 -0.102275
v -0.065236 -0.269326 -0.100591
v -0.068428 -0.267344 -0.098343
v -0.071324 -0.265536 -0.095415
v -0.073818 -0.263763 -0.092437
v -0.045366 -0.270797 -0.096153
v -0.049102 -0.268839 -0.098623
v -0.052586 -0.267007 -0.100423
v -0.056107 -0.264981 -0.101503
v -0.059639 -0.262967 -0.100351
v -0.063112 -0.261039 -0.098605
v -0.066070 -0.259312 -0.095691
v -0.068725 -0.257531 -0.092780
v -0.039207 -0.264507 -0.094890
v -0.043239 -0.262759 -0.096880
v -0.046925 -0.260991 -0.098847
v -0.050435 -0.259120 -0.099500
v -0.053898 -0.257281 -0.099001
v -0.057367 -0.255307 -0.097732
v -0.060509 -0.253556 -0.095335
v -0.063298 -0.251738 -0.092621
v -0.031522 -0.258903 -0.095275
v -0.035707 -0.256944 -0.097989
v -0.039978 -0.255042 -0.099398
v -0.044037 -0.253029 -0.100227
v -0.047994 -0.250948 -0.100000
v -0.051733 -0.248971 -0.098581
v -0.055275 -0.247016 -0.096176
v -0.058550 -0.245004 -0.093552
v -0.022576 -0.253001 -0.097483
v -0.027339 -0.251031 -0.100006
v -0.032201 -0.248731 -0.101738
v -0.037016 -0.246359 -0.102696
v -0.041666 -0.244014 -0.102569
v -0.046209 -0.241638 -0.100858
v -0.050269 -0.239460 -0.098428
v -0.054081 -0.237195 -0.095229
v -0.013304 -0.245847 -0.100016
v -0.018120 -0.244000 -0.102097
v -0.023789 -0.241683 -0.104554
v -0.029434 -0.238918 -0.105892
v -0.035182 -0.235744 -0.105924
v -0.040455 -0.232972 -0.104274
v -0.045410 -0.230406 -0.101203
v -0.049504 -0.227913 -0.097434
v -0.004758 -0.234622 -0.098445
v -0.008512 -0.234112 -0.104522
v -0.014505 -0.232346 -0.107062
v -0.021220 -0.229442 -0.108330
v -0.027839 -0.226060 -0.108852
v -0.034301 -0.222597 -0.107529
v -0.039915 -0.219570 -0.104334
v -0.044526 -0.216978 -0.099642
v 0.004308 -0.221144 -0.100441
v -0.000094 -0.219677 -0.103119
v -0.004784 -0.218158 -0.108388
v -0.011911 -0.216198 -0.110585
v -0.019285 -0.212980 -0.111022
v -0.026867 -0.209728 -0.110736
v -0.033659 -0.206656 -0.107420
v -0.038805 -0.203866 -0.101998
v 0.016654 -0.209314 -0.101692
v 0.010645 -0.201975 -0.103955
v 0.005412 -0.201491 -0.108926
v -0.001528 -0.198491 -0.110617
v -0.009117 -0.196153 -0.112426
v -0.017359 -0.193126 -0.112619
v -0.025367 -0.190211 -0.109760
v -0.031940 -0.188183 -0.104214
v 0.032982 -0.200337 -0.106162
v 0.026775 -0.193161 -0.109014
v 0.019834 -0.185622 -0.111532
v 0.012052 -0.181363 -0.113218
v 0.003355 -0.177384 -0.113286
v -0.005638 -0.174315 -0.113699
v -0.014732 -0.171506 -0.111067
v -0.023551 -0.169533 -0.105589
v 0.056196 -0.197662 -0.110506
v 0.048207 -0.186276 -0.115701
v 0.038441 -0.176691 -0.118626
v 0.029091 -0.168256 -0.119338
v 0.019388 -0.161334 -0.117942
v 0.009136 -0.155943 -0.115808
v -0.001645 -0.152148 -0.112531
v -0.011722 -0.148325 -0.107560
v 0.089040 -0.195054 -0.114513
v 0.076225 -0.180375 -0.118629
v 0.063577 -0.167330 -0.121885
v 0.051372 -0.156099 -0.122050
v 0.039877 -0.147736 -0.119248
v 0.027867 -0.140711 -0.116838
v 0.016344 -0.134446 -0.112822
v 0.003836 -0.129453 -0.107802
v -0.037878 0.532919 -0.008235
v -0.039431 0.536592 -0.009661
v -0.039791 0.539918 -0.010784
v -0.044034 0.533495 -0.010786
v -0.044732 0.537689 -0.012254
v -0.043908 0.541781 -0.013207
v -0.049458 0.533302 -0.013606
v -0.049441 0.538395 -0.015525
v -0.047530 0.543256 -0.016527
v -0.053913 0.531721 -0.017016
v -0.052439 0.538212 -0.019636
v -0.049527 0.543854 -0.020885
v -0.056134 0.527781 -0.022938
v -0.053678 0.537286 -0.024368
v -0.050118 0.543354 -0.025251
v -0.055931 0.525549 -0.027074
v -0.053852 0.535832 -0.028914
v -0.050102 0.542338 -0.029316
v -0.054568 0.523231 -0.030450
v -0.053640 0.534618 -0.032533
v -0.049687 0.541073 -0.032709
v -0.023811 0.522505 -0.049802
v -0.030324 0.523632 -0.050756
v -0.036805 0.523806 -0.051229
v -0.042772 0.522500 -0.050003
v -0.048450 0.522173 -0.046698
v -0.051245 0.521728 -0.041906
v -0.052645 0.521670 -0.037060
v -0.025399 0.525740 -0.049984
v -0.032645 0.528100 -0.050849
v -0.038683 0.529954 -0.050955
v -0.043880 0.531555 -0.049964
v -0.047922 0.532836 -0.046943
v -0.050563 0.533333 -0.042814
v -0.052306 0.533502 -0.038896
v -0.025893 0.528888 -0.050002
v -0.032025 0.531636 -0.050616
v -0.037299 0.534442 -0.050579
v -0.041698 0.536899 -0.049451
v -0.044972 0.538812 -0.046501
v -0.047096 0.539685 -0.042780
v -0.048489 0.540205 -0.039020
v 0.169756 0.543476 -0.035969
v 0.170485 0.546687 -0.035072
v 0.172148 0.552024 -0.035589
v 0.171960 0.556105 -0.032920
v 0.174097 0.559154 -0.028787
v 0.173874 0.559235 -0.025611
v 0.170849 0.556960 -0.021771
v 0.172093 0.543718 -0.035423
v 0.173599 0.547938 -0.034768
v 0.174896 0.552085 -0.034629
v 0.177278 0.559144 -0.033933
v 0.176709 0.562806 -0.032131
v 0.177182 0.563851 -0.028023
v 0.174926 0.562167 -0.024205
v 0.173712 0.543231 -0.034441
v 0.175334 0.547286 -0.034206
v 0.177635 0.552649 -0.034252
v 0.179138 0.556444 -0.034485
v 0.182218 0.563762 -0.033753
v 0.180781 0.567771 -0.031005
v 0.177740 0.567158 -0.026621
v 0.174953 0.541967 -0.033572
v 0.176572 0.545852 -0.033365
v 0.178537 0.549475 -0.033410
v 0.180904 0.554801 -0.032292
v 0.182963 0.558972 -0.031637
v 0.185864 0.563837 -0.029950
v 0.183753 0.567835 -0.024987
v 0.176002 0.540619 -0.032830
v 0.177236 0.543541 -0.032231
v 0.178610 0.546796 -0.031659
v 0.180069 0.550227 -0.030960
v 0.181737 0.553818 -0.029522
v 0.183528 0.558780 -0.027944
v 0.183928 0.560472 -0.024460
v 0.175884 0.538633 -0.031256
v 0.177165 0.541659 -0.031026
v 0.178255 0.543955 -0.030365
v 0.179454 0.546251 -0.029409
v 0.180999 0.549771 -0.028258
v 0.181974 0.552200 -0.026019
v 0.182296 0.555115 -0.023798
v 0.175983 0.537636 -0.030133
v 0.177041 0.539582 -0.029549
v 0.178133 0.541806 -0.028935
v 0.179064 0.543574 -0.028047
v 0.179822 0.545416 -0.026275
v 0.180904 0.548263 -0.024731
v 0.181064 0.549644 -0.022071
v 0.254018 -0.131955 0.036124
v 0.256271 -0.127503 0.030865
v 0.257712 -0.122442 0.026649
v 0.258605 -0.116811 0.021885
v 0.258180 -0.109787 0.017510
v 0.257404 -0.102643 0.012271
v 0.256132 -0.096066 0.006254
v 0.247308 -0.122268 0.047471
v 0.249687 -0.116433 0.041758
v 0.251619 -0.110317 0.035609
v 0.251953 -0.103095 0.030543
v 0.251909 -0.094959 0.024523
v 0.250944 -0.086401 0.017839
v 0.249166 -0.078576 0.010306
v 0.240101 -0.111915 0.058981
v 0.242514 -0.104152 0.052140
v 0.244547 -0.096980 0.045714
v 0.244831 -0.088398 0.038604
v 0.244870 -0.079373 0.031476
v 0.243581 -0.069853 0.023441
v 0.241518 -0.062093 0.014556
v 0.232004 -0.100341 0.069708
v 0.234887 -0.091660 0.061984
v 0.236573 -0.082547 0.054260
v 0.237265 -0.073891 0.046073
v 0.237034 -0.064029 0.037676
v 0.235614 -0.055114 0.028228
v 0.232901 -0.047401 0.018244
v 0.221822 -0.087775 0.078534
v 0.225709 -0.077961 0.070189
v 0.227713 -0.068832 0.061167
v 0.228884 -0.059393 0.052187
v 0.228522 -0.050691 0.042402
v 0.227110 -0.042344 0.032112
v 0.224610 -0.036100 0.021148
v 0.210768 -0.074117 0.086801
v 0.215201 -0.063827 0.076986
v 0.217589 -0.055293 0.066395
v 0.218628 -0.046971 0.056335
v 0.219376 -0.038862 0.046011
v 0.218543 -0.031803 0.035051
v 0.217277 -0.026832 0.023378
v 0.196519 -0.061289 0.091913
v 0.202176 -0.051575 0.080984
v 0.205482 -0.043290 0.070175
v 0.207630 -0.036498 0.058771
v 0.209769 -0.028589 0.048868
v 0.210197 -0.022911 0.036973
v 0.209702 -0.018701 0.024962
v 0.182567 -0.049508 0.095875
v 0.188785 -0.040272 0.084675
v 0.193412 -0.033150 0.072646
v 0.196988 -0.026288 0.061526
v 0.200476 -0.019589 0.050710
v 0.201867 -0.014514 0.038453
v 0.202283 -0.011492 0.025764
v 0.263312 -0.148572 0.014410
v 0.266593 -0.155074 0.005685
v 0.273100 -0.161596 -0.000242
v 0.283409 -0.168170 -0.000280
v 0.294453 -0.175462 -0.000606
v 0.305115 -0.182716 -0.000253
v 0.314082 -0.189684 0.000472
v 0.321730 -0.196552 0.001228
v 0.328638 -0.204156 0.001931
v 0.335285 -0.213174 0.002906
v 0.342414 -0.224117 0.004140
v 0.349817 -0.237565 0.005481
v 0.356716 -0.252543 0.006808
v 0.361975 -0.268797 0.007836
v 0.364387 -0.284896 0.008068
v 0.363513 -0.301840 0.007649
v 0.358283 -0.317617 0.006407
v 0.348519 -0.333793 0.005390
v 0.333813 -0.349342 0.005271
v 0.317160 -0.364320 0.005286
v 0.299995 -0.377926 0.005813
v 0.286035 -0.388331 0.005532
v 0.274428 -0.394985 0.004551
v 0.264803 -0.400456 0.003634
v 0.254818 -0.406548 0.003121
v 0.244629 -0.412901 0.003245
v 0.234146 -0.419034 0.004167
v 0.222412 -0.425418 0.004990
v 0.211019 -0.430899 0.005413
v 0.202488 -0.434829 0.006174
v 0.264956 -0.145446 0.012079
v 0.267934 -0.152202 0.004527
v 0.273118 -0.159224 -0.000998
v 0.282827 -0.165285 -0.001316
v 0.293362 -0.172037 -0.001845
v 0.303746 -0.178891 -0.001606
v 0.313209 -0.185584 -0.001089
v 0.321332 -0.192458 -0.000548
v 0.328716 -0.199734 0.000070
v 0.336064 -0.208393 0.000924
v 0.343591 -0.219066 0.002195
v 0.351306 -0.232206 0.003211
v 0.359228 -0.247393 0.004842
v 0.365577 -0.263814 0.006093
v 0.368905 -0.281883 0.006580
v 0.368568 -0.299858 0.006459
v 0.363712 -0.318538 0.005876
v 0.353456 -0.335717 0.004678
v 0.338978 -0.352256 0.003879
v 0.320634 -0.366778 0.003057
v 0.303654 -0.378708 0.002328
v 0.288917 -0.387934 0.001471
v 0.277953 -0.395444 0.000846
v 0.268939 -0.401877 0.000670
v 0.260137 -0.408222 0.001092
v 0.250299 -0.414724 0.001622
v 0.238567 -0.421209 0.002841
v 0.226074 -0.427700 0.004157
v 0.213292 -0.433766 0.005131
v 0.201090 -0.439017 0.006842
v 0.266472 -0.141984 0.009828
v 0.269136 -0.149452 0.003147
v 0.273317 -0.156565 -0.002012
v 0.282078 -0.162606 -0.003024
v 0.291781 -0.168518 -0.003355
v 0.301976 -0.175076 -0.003427
v 0.311445 -0.181367 -0.002892
v 0.320242 -0.187762 -0.002094
v 0.328095 -0.195214 -0.001930
v 0.335907 -0.204268 -0.001649
v 0.344750 -0.214438 -0.000562
v 0.353164 -0.227815 0.000372
v 0.361807 -0.243059 0.001741
v 0.369876 -0.260218 0.003235
v 0.374025 -0.279365 0.003989
v 0.374009 -0.299870 0.004282
v 0.368364 -0.320316 0.003519
v 0.355852 -0.338105 0.001337
v 0.339683 -0.353584 -0.000038
v 0.322464 -0.367458 -0.000684
v 0.305795 -0.380055 -0.001127
v 0.292662 -0.390292 -0.000746
v 0.282206 -0.398032 -0.000494
v 0.273365 -0.404441 -0.000363
v 0.264405 -0.410791 0.000121
v 0.254108 -0.417299 0.000902
v 0.242713 -0.423774 0.002071
v 0.228936 -0.430599 0.003522
v 0.214281 -0.437253 0.004889
v 0.201950 -0.442361 0.005943
v 0.267648 -0.138527 0.007691
v 0.270255 -0.146626 0.001723
v 0.273777 -0.153989 -0.003129
v 0.281266 -0.160000 -0.004667
v 0.290367 -0.165370 -0.004889
v 0.299912 -0.171381 -0.005339
v 0.309026 -0.177175 -0.004739
v 0.317895 -0.183050 -0.004490
v 0.327349 -0.191298 -0.004709
v 0.334611 -0.201360 -0.004795
v 0.343546 -0.213091 -0.004194
v 0.352246 -0.227056 -0.003367
v 0.361758 -0.242641 -0.002317
v 0.369960 -0.260257 -0.001170
v 0.375016 -0.280054 -0.000140
v 0.374475 -0.301360 0.000190
v 0.367907 -0.321859 -0.000334
v 0.355779 -0.339827 -0.002392
v 0.340773 -0.355955 -0.003116
v 0.324921 -0.370612 -0.002637
v 0.309659 -0.382742 -0.001991
v 0.296488 -0.393021 -0.001436
v 0.286178 -0.400952 -0.000878
v 0.277246 -0.407518 -0.000683
v 0.268233 -0.413674 -0.000338
v 0.257892 -0.420171 0.000435
v 0.245237 -0.426884 0.001038
v 0.231002 -0.433536 0.002155
v 0.216072 -0.440322 0.002887
v 0.201718 -0.445627 0.003912
v 0.268106 -0.134682 0.005164
v 0.271314 -0.144030 0.000220
v 0.274230 -0.151609 -0.004158
v 0.280608 -0.157897 -0.006286
v 0.289494 -0.162776 -0.006437
v 0.297683 -0.168085 -0.006769
v 0.307204 -0.173900 -0.007072
v 0.316474 -0.180584 -0.007316
v 0.324049 -0.189208 -0.007551
v 0.333061 -0.201465 -0.007355
v 0.342873 -0.213025 -0.007081
v 0.352388 -0.227322 -0.006375
v 0.362469 -0.243440 -0.005173
v 0.370946 -0.261862 -0.003880
v 0.375674 -0.282362 -0.002862
v 0.375105 -0.304246 -0.002398
v 0.368891 -0.324888 -0.003251
v 0.357589 -0.343286 -0.004278
v 0.343987 -0.359346 -0.003700
v 0.328565 -0.373258 -0.002773
v 0.313671 -0.385673 -0.002170
v 0.300723 -0.395838 -0.001576
v 0.289920 -0.404289 -0.001361
v 0.280841 -0.410736 -0.001608
v 0.271561 -0.416782 -0.001683
v 0.260528 -0.423181 -0.001495
v 0.247299 -0.429771 -0.000884
v 0.232189 -0.436301 -0.000580
v 0.215966 -0.442450 0.000120
v 0.201256 -0.447359 0.000665
v 0.267772 -0.131015 0.002140
v 0.271478 -0.141411 -0.001956
v 0.274804 -0.149638 -0.005455
v 0.280423 -0.156433 -0.007789
v 0.288831 -0.160659 -0.007747
v 0.298406 -0.167013 -0.008563
v 0.305831 -0.173342 -0.009274
v 0.314286 -0.181183 -0.010291
v 0.325074 -0.190441 -0.010498
v 0.334834 -0.199904 -0.009970
v 0.345215 -0.212263 -0.009035
v 0.355370 -0.226499 -0.008368
v 0.365327 -0.243454 -0.007092
v 0.373898 -0.262680 -0.005434
v 0.378626 -0.285515 -0.004494
v 0.377991 -0.307418 -0.003439
v 0.371331 -0.328888 -0.003471
v 0.360870 -0.346483 -0.004025
v 0.347477 -0.362282 -0.003284
v 0.332886 -0.376244 -0.003139
v 0.318104 -0.388401 -0.003052
v 0.304429 -0.399207 -0.003250
v 0.293249 -0.407529 -0.003439
v 0.283588 -0.413940 -0.004071
v 0.273802 -0.419502 -0.004515
v 0.261968 -0.425196 -0.004660
v 0.247867 -0.431527 -0.004361
v 0.231518 -0.437693 -0.003697
v 0.215126 -0.443782 -0.002949
v 0.199606 -0.448819 -0.002107
v 0.267252 -0.127247 -0.001380
v 0.271092 -0.139029 -0.004724
v 0.274336 -0.147949 -0.007241
v 0.280331 -0.154951 -0.009041
v 0.289576 -0.159843 -0.009473
v 0.298396 -0.165627 -0.010004
v 0.309060 -0.172751 -0.010278
v 0.318513 -0.180471 -0.010288
v 0.327911 -0.188950 -0.010081
v 0.338502 -0.199547 -0.009541
v 0.348434 -0.210787 -0.008327
v 0.358517 -0.224856 -0.008091
v 0.368565 -0.241763 -0.006519
v 0.377850 -0.263265 -0.004556
v 0.382989 -0.285464 -0.002911
v 0.382557 -0.310881 -0.001673
v 0.376157 -0.331402 -0.003353
v 0.365310 -0.349469 -0.004692
v 0.352216 -0.364860 -0.005395
v 0.337200 -0.378594 -0.005892
v 0.321408 -0.390899 -0.006513
v 0.307098 -0.400985 -0.007034
v 0.295014 -0.409118 -0.007663
v 0.284889 -0.415326 -0.008015
v 0.274827 -0.420880 -0.008223
v 0.262451 -0.426425 -0.008125
v 0.247508 -0.432768 -0.007502
v 0.230840 -0.438990 -0.006684
v 0.213404 -0.445249 -0.005761
v 0.197231 -0.450544 -0.004947
v 0.259333 -0.156259 0.019747
v 0.255503 -0.161971 0.022301
v 0.251797 -0.168808 0.024612
v 0.247711 -0.176952 0.026641
v 0.242747 -0.186616 0.029295
v 0.236747 -0.196633 0.032039
v 0.230105 -0.207968 0.032439
v 0.263192 -0.160998 0.007646
v 0.260814 -0.164616 0.007534
v 0.258357 -0.169355 0.008545
v 0.255217 -0.174752 0.009144
v 0.251641 -0.182527 0.009398
v 0.251506 -0.191109 0.014898
v 0.246454 -0.197433 0.016305
v 0.272504 -0.167122 0.000226
v 0.272116 -0.170064 0.000361
v 0.271491 -0.173719 -0.000873
v 0.270924 -0.177357 -0.002028
v 0.269316 -0.184182 -0.002792
v 0.267536 -0.188858 0.003785
v 0.263765 -0.192568 0.003773
v 0.283807 -0.173961 0.000026
v 0.284131 -0.177234 -0.000405
v 0.284805 -0.180379 -0.001732
v 0.285620 -0.183939 -0.003111
v 0.284999 -0.187500 -0.004577
v 0.284870 -0.190070 -0.005466
v 0.279113 -0.190963 -0.008953
v 0.295354 -0.181728 -0.000377
v 0.295733 -0.184790 -0.000607
v 0.296566 -0.187951 -0.001894
v 0.297439 -0.191361 -0.003194
v 0.297941 -0.194477 -0.004503
v 0.296256 -0.196068 -0.005711
v 0.295476 -0.198023 -0.007339
v 0.305793 -0.189496 -0.000154
v 0.306043 -0.192621 -0.000457
v 0.306780 -0.195826 -0.001630
v 0.307069 -0.199362 -0.002934
v 0.307142 -0.202433 -0.004103
v 0.306065 -0.204519 -0.005107
v 0.306073 -0.204340 -0.007227
v 0.314171 -0.197006 0.000993
v 0.314014 -0.200612 0.000912
v 0.314180 -0.204237 -0.000294
v 0.314103 -0.208233 -0.001224
v 0.313090 -0.211623 -0.002346
v 0.312257 -0.213652 -0.003594
v 0.311658 -0.214587 -0.005461
v 0.320773 -0.204720 0.002732
v 0.319994 -0.208774 0.002926
v 0.319663 -0.213154 0.001724
v 0.318925 -0.217518 0.000539
v 0.317967 -0.221285 -0.000561
v 0.316930 -0.223223 -0.002359
v 0.316936 -0.225189 -0.003959
v 0.326790 -0.213104 0.004189
v 0.325605 -0.217873 0.004559
v 0.324755 -0.222660 0.003259
v 0.323925 -0.227393 0.002022
v 0.322974 -0.231430 0.000601
v 0.322598 -0.234614 -0.001067
v 0.321728 -0.234762 -0.002871
v 0.332862 -0.223088 0.005444
v 0.331456 -0.228174 0.005824
v 0.330365 -0.233389 0.004563
v 0.329326 -0.238517 0.003339
v 0.328444 -0.242916 0.002013
v 0.327442 -0.245892 0.000517
v 0.327163 -0.247732 -0.001387
v 0.339271 -0.234729 0.006595
v 0.337545 -0.240187 0.006928
v 0.336223 -0.245515 0.005515
v 0.334880 -0.250623 0.004434
v 0.333737 -0.255213 0.003122
v 0.332993 -0.258548 0.001424
v 0.331966 -0.259206 -0.000530
v 0.345494 -0.248212 0.007765
v 0.343306 -0.253408 0.007878
v 0.341462 -0.258735 0.006446
v 0.339664 -0.263480 0.005318
v 0.338235 -0.267550 0.003914
v 0.337091 -0.270603 0.002209
v 0.336499 -0.271603 -0.000363
v 0.350728 -0.262539 0.008634
v 0.347759 -0.267264 0.008466
v 0.345380 -0.271904 0.006966
v 0.342956 -0.275935 0.005845
v 0.341101 -0.279126 0.004281
v 0.339838 -0.281703 0.002434
v 0.339295 -0.282609 -0.000200
v 0.354007 -0.276928 0.009073
v 0.350269 -0.280687 0.008742
v 0.347163 -0.284029 0.007204
v 0.344324 -0.287198 0.005893
v 0.342098 -0.289314 0.004193
v 0.340583 -0.291419 0.002358
v 0.339713 -0.292716 -0.000100
v 0.354673 -0.290810 0.009035
v 0.350366 -0.292975 0.008736
v 0.346598 -0.295523 0.007186
v 0.343287 -0.296939 0.006001
v 0.340520 -0.298627 0.004441
v 0.338102 -0.300140 0.002920
v 0.336725 -0.301967 0.000630
v 0.352600 -0.304193 0.008206
v 0.347460 -0.305408 0.008207
v 0.343292 -0.306053 0.007377
v 0.339430 -0.307017 0.006458
v 0.335784 -0.307811 0.005280
v 0.332461 -0.309029 0.003926
v 0.329848 -0.311274 0.001490
v 0.346517 -0.317847 0.007193
v 0.341369 -0.317768 0.007958
v 0.336313 -0.317949 0.008170
v 0.332110 -0.317805 0.007064
v 0.328079 -0.318008 0.006130
v 0.323505 -0.319356 0.004527
v 0.319099 -0.321040 0.002391
v 0.336724 -0.331664 0.006231
v 0.330893 -0.331369 0.007110
v 0.326059 -0.330429 0.007832
v 0.321487 -0.329812 0.007020
v 0.316873 -0.329800 0.005878
v 0.312035 -0.330377 0.004478
v 0.306105 -0.332339 0.002295
v 0.322608 -0.346341 0.005387
v 0.317396 -0.344773 0.005956
v 0.312505 -0.343578 0.006816
v 0.307981 -0.342224 0.007226
v 0.303629 -0.341373 0.006171
v 0.298284 -0.341605 0.004799
v 0.292154 -0.342604 0.002452
v 0.306724 -0.360439 0.005804
v 0.301718 -0.358397 0.005429
v 0.297539 -0.356186 0.006275
v 0.293665 -0.354161 0.007049
v 0.289283 -0.352791 0.006337
v 0.284787 -0.351981 0.004879
v 0.278833 -0.352563 0.002756
v 0.290727 -0.373253 0.006544
v 0.286814 -0.370488 0.006008
v 0.283087 -0.367536 0.006025
v 0.279713 -0.365002 0.006778
v 0.276141 -0.362688 0.007095
v 0.271924 -0.361432 0.005386
v 0.267206 -0.360699 0.003361
v 0.277441 -0.383431 0.007448
v 0.273810 -0.380386 0.006698
v 0.270577 -0.377140 0.006070
v 0.267678 -0.374026 0.006742
v 0.264533 -0.371370 0.007513
v 0.260967 -0.369436 0.005878
v 0.256706 -0.368488 0.003781
v 0.266044 -0.391564 0.008348
v 0.262724 -0.388525 0.007531
v 0.259610 -0.385204 0.006664
v 0.256907 -0.381865 0.007025
v 0.254256 -0.378903 0.007536
v 0.251000 -0.376669 0.006260
v 0.247181 -0.375296 0.004213
v 0.255908 -0.398461 0.008980
v 0.251463 -0.395968 0.008508
v 0.248626 -0.392688 0.007605
v 0.245975 -0.389192 0.007449
v 0.243766 -0.385949 0.007967
v 0.240785 -0.383127 0.007418
v 0.236643 -0.381902 0.005323
v 0.244024 -0.405732 0.009343
v 0.239590 -0.403188 0.009508
v 0.236068 -0.400218 0.008555
v 0.233997 -0.396603 0.007786
v 0.232046 -0.393055 0.008295
v 0.229037 -0.390305 0.008554
v 0.225562 -0.388417 0.006379
v 0.232104 -0.412514 0.009495
v 0.226240 -0.410545 0.010371
v 0.222428 -0.408021 0.009423
v 0.220536 -0.404449 0.008324
v 0.219077 -0.400729 0.008459
v 0.217407 -0.397234 0.008958
v 0.213031 -0.395578 0.007718
v 0.220542 -0.418480 0.009515
v 0.213660 -0.417724 0.010724
v 0.208831 -0.415599 0.010709
v 0.207110 -0.412206 0.009364
v 0.206344 -0.408229 0.008507
v 0.204723 -0.404962 0.008772
v 0.201988 -0.402178 0.008377
v 0.211012 -0.423307 0.008142
v 0.203035 -0.423903 0.010866
v 0.198333 -0.422000 0.011353
v 0.194861 -0.419360 0.010341
v 0.194846 -0.415406 0.008891
v 0.193467 -0.411869 0.008636
v 0.191505 -0.408717 0.009086
v 0.203402 -0.427223 0.007906
v 0.197384 -0.427484 0.009351
v 0.189584 -0.427559 0.011291
v 0.186708 -0.424736 0.011341
v 0.184875 -0.421709 0.009754
v 0.184952 -0.417998 0.008709
v 0.182097 -0.415296 0.009335
v 0.198669 -0.430734 0.007320
v 0.191781 -0.430819 0.008559
v 0.185388 -0.431216 0.010001
v 0.180308 -0.429378 0.011760
v 0.178554 -0.426297 0.010327
v 0.177602 -0.423256 0.008982
v 0.177151 -0.420446 0.007663
v 0.246463 -0.144732 0.045533
v 0.239389 -0.138798 0.058269
v 0.230225 -0.131008 0.071128
v 0.219658 -0.121962 0.082429
v 0.207275 -0.111080 0.092455
v 0.192901 -0.098987 0.100125
v 0.177789 -0.087031 0.105761
v 0.162642 -0.074972 0.109403
v 0.241818 -0.155032 0.050212
v 0.232632 -0.149655 0.063633
v 0.222469 -0.143007 0.076243
v 0.210274 -0.134419 0.087965
v 0.196675 -0.124075 0.097644
v 0.182225 -0.112858 0.105939
v 0.166716 -0.101071 0.110847
v 0.151824 -0.089806 0.114024
v 0.235103 -0.166322 0.055018
v 0.224717 -0.162148 0.068708
v 0.213125 -0.155893 0.081983
v 0.199790 -0.147229 0.093215
v 0.185275 -0.137265 0.102264
v 0.170382 -0.126421 0.109546
v 0.155092 -0.115528 0.113689
v 0.140650 -0.104685 0.116459
v 0.227219 -0.178591 0.059540
v 0.214947 -0.174890 0.073376
v 0.202321 -0.168409 0.086597
v 0.187865 -0.159610 0.097082
v 0.173101 -0.149773 0.105682
v 0.157947 -0.139474 0.111815
v 0.143235 -0.129069 0.114792
v 0.128996 -0.118637 0.116053
v 0.217764 -0.191302 0.063587
v 0.203954 -0.187251 0.077701
v 0.189917 -0.180157 0.090262
v 0.174950 -0.170890 0.099586
v 0.159844 -0.161211 0.106385
v 0.144866 -0.151481 0.111540
v 0.130433 -0.141848 0.113811
v 0.116029 -0.132320 0.114473
v 0.205359 -0.203256 0.067315
v 0.190133 -0.198873 0.080614
v 0.176049 -0.191177 0.092717
v 0.161218 -0.181994 0.101701
v 0.146230 -0.172550 0.107523
v 0.131778 -0.163965 0.110991
v 0.116718 -0.154972 0.113066
v 0.103074 -0.144250 0.113314
v 0.190743 -0.216796 0.068853
v 0.174510 -0.210576 0.083023
v 0.160357 -0.203136 0.094449
v 0.146580 -0.193948 0.103077
v 0.132399 -0.185704 0.107995
v 0.117984 -0.177546 0.110287
v 0.103893 -0.169352 0.112105
v 0.088162 -0.159551 0.111620
v 0.133714 -0.053213 0.111888
v 0.123412 -0.045232 0.107475
v 0.117323 -0.036707 0.107283
v 0.113701 -0.029175 0.106737
v 0.108791 -0.022325 0.108048
v 0.102905 -0.015658 0.109487
v 0.096698 -0.008644 0.111026
v 0.090255 -0.001152 0.112671
v 0.084169 0.007058 0.114329
v 0.078701 0.015929 0.116176
v 0.073299 0.025798 0.117933
v 0.067333 0.036124 0.118780
v 0.060852 0.047146 0.119587
v 0.054067 0.058852 0.120263
v 0.047450 0.070461 0.119692
v 0.041044 0.082374 0.118788
v 0.034933 0.094217 0.117684
v 0.028848 0.105523 0.116939
v 0.023442 0.116454 0.116232
v 0.018399 0.127289 0.115567
v 0.014686 0.137600 0.114530
v 0.011417 0.147602 0.112704
v 0.009434 0.156191 0.111073
v 0.009127 0.163518 0.109847
v 0.122918 -0.067377 0.113758
v 0.111785 -0.057808 0.111129
v 0.105863 -0.048506 0.111847
v 0.101235 -0.041256 0.110854
v 0.097268 -0.034589 0.111352
v 0.092602 -0.028221 0.113371
v 0.086631 -0.021043 0.115474
v 0.080730 -0.013141 0.117846
v 0.074314 -0.004583 0.119960
v 0.068499 0.004850 0.122289
v 0.062854 0.014874 0.124588
v 0.056289 0.025887 0.126289
v 0.049058 0.037268 0.127284
v 0.041617 0.049287 0.128352
v 0.034172 0.062020 0.128168
v 0.027360 0.074843 0.127267
v 0.020659 0.087782 0.126225
v 0.014226 0.100070 0.125009
v 0.007809 0.111676 0.123994
v 0.002284 0.122997 0.122810
v -0.002710 0.134184 0.120970
v -0.006489 0.144633 0.119078
v -0.008866 0.153818 0.117585
v -0.010471 0.161411 0.116487
v 0.112274 -0.081591 0.114797
v 0.100997 -0.069835 0.113039
v 0.093302 -0.060830 0.113948
v 0.089046 -0.053224 0.113600
v 0.084828 -0.047511 0.113233
v 0.080569 -0.041194 0.115184
v 0.076072 -0.034126 0.117709
v 0.070055 -0.025772 0.120430
v 0.063883 -0.016680 0.123206
v 0.057645 -0.006899 0.125871
v 0.051547 0.003636 0.128525
v 0.045213 0.014669 0.131216
v 0.037271 0.026521 0.132243
v 0.029086 0.038920 0.133372
v 0.021007 0.052083 0.133741
v 0.013362 0.065937 0.132525
v 0.006440 0.079798 0.131406
v -0.000624 0.092966 0.130018
v -0.007315 0.105412 0.128485
v -0.013410 0.117381 0.127029
v -0.018511 0.129455 0.124654
v -0.022595 0.140829 0.122393
v -0.025717 0.150521 0.120685
v -0.027442 0.158634 0.119621
v 0.101824 -0.093918 0.114600
v 0.090002 -0.081503 0.113661
v 0.082124 -0.071950 0.114477
v 0.076378 -0.065203 0.114046
v 0.072198 -0.059729 0.113664
v 0.068384 -0.053914 0.115824
v 0.063864 -0.046606 0.118524
v 0.058419 -0.038039 0.121510
v 0.052087 -0.028315 0.124771
v 0.045811 -0.018113 0.127885
v 0.039627 -0.007353 0.130687
v 0.033031 0.003963 0.133587
v 0.025275 0.015937 0.135478
v 0.016578 0.028687 0.136446
v 0.007940 0.042369 0.137385
v -0.000222 0.056808 0.136172
v -0.007854 0.071545 0.134725
v -0.015184 0.085790 0.132885
v -0.022287 0.098896 0.130835
v -0.028644 0.111972 0.128869
v -0.034019 0.124857 0.126297
v -0.038087 0.137187 0.123708
v -0.040905 0.147957 0.121845
v -0.043967 0.156023 0.120914
v 0.089511 -0.106181 0.113491
v 0.079169 -0.093063 0.113347
v 0.070561 -0.082958 0.113535
v 0.064634 -0.077434 0.112383
v 0.059866 -0.072298 0.111896
v 0.055573 -0.066109 0.114256
v 0.051024 -0.058095 0.117298
v 0.045555 -0.049036 0.120588
v 0.039140 -0.038859 0.124256
v 0.032521 -0.028036 0.127989
v 0.026125 -0.017002 0.131258
v 0.019421 -0.005631 0.134596
v 0.011869 0.006478 0.137341
v 0.002992 0.019512 0.137890
v -0.006074 0.033428 0.138606
v -0.014586 0.048453 0.137529
v -0.022530 0.063914 0.135887
v -0.030145 0.078923 0.134157
v -0.037521 0.093098 0.131546
v -0.044174 0.106969 0.129056
v -0.049365 0.121090 0.126133
v -0.053318 0.134408 0.123327
v -0.056458 0.145478 0.121746
v -0.059607 0.154203 0.120909
v 0.077874 -0.117478 0.109575
v 0.067412 -0.104851 0.108607
v 0.059760 -0.096627 0.108966
v 0.053608 -0.091387 0.108174
v 0.048351 -0.085768 0.108313
v 0.043592 -0.079224 0.110591
v 0.038657 -0.070200 0.113986
v 0.032490 -0.059252 0.117854
v 0.025797 -0.048421 0.121639
v 0.018538 -0.036857 0.125601
v 0.011440 -0.025226 0.129015
v 0.004445 -0.013719 0.132215
v -0.003660 -0.001657 0.135192
v -0.012180 0.011513 0.135961
v -0.021221 0.025555 0.136854
v -0.029974 0.040738 0.136115
v -0.038177 0.056596 0.134402
v -0.046191 0.072250 0.132702
v -0.053507 0.087371 0.130111
v -0.059943 0.102261 0.127644
v -0.065232 0.117293 0.124390
v -0.068799 0.131380 0.121261
v -0.071906 0.142823 0.119525
v -0.076101 0.151510 0.118230
v 0.064880 -0.131697 0.103121
v 0.056834 -0.118641 0.102764
v 0.049722 -0.112151 0.103192
v 0.043955 -0.105858 0.102531
v 0.038788 -0.101751 0.102096
v 0.033323 -0.092434 0.105390
v 0.027349 -0.081486 0.109074
v 0.020926 -0.070146 0.112981
v 0.012913 -0.056948 0.116976
v 0.005044 -0.044717 0.121008
v -0.002919 -0.032637 0.124589
v -0.011113 -0.020904 0.127663
v -0.019302 -0.009048 0.130854
v -0.028111 0.004165 0.131572
v -0.037217 0.018071 0.132484
v -0.046161 0.033271 0.132314
v -0.054658 0.049251 0.130911
v -0.062838 0.065458 0.129381
v -0.070132 0.081115 0.126747
v -0.076757 0.097067 0.124264
v -0.081550 0.112755 0.120994
v -0.085047 0.127355 0.117625
v -0.088377 0.139966 0.114545
v -0.092876 0.147786 0.110701
v 0.155136 -0.029303 0.099522
v 0.163623 -0.022794 0.086559
v 0.170538 -0.015280 0.075693
v 0.177105 -0.008731 0.064088
v 0.181342 -0.003406 0.052236
v 0.184443 0.000373 0.039272
v 0.186115 0.003239 0.026616
v 0.145539 -0.023500 0.096310
v 0.154302 -0.014871 0.086817
v 0.162315 -0.007507 0.075676
v 0.168183 -0.001222 0.064213
v 0.173114 0.004051 0.052088
v 0.175915 0.008068 0.039371
v 0.177501 0.010757 0.026857
v 0.139261 -0.015547 0.096343
v 0.147998 -0.007563 0.086080
v 0.154886 -0.000507 0.075111
v 0.160725 0.005715 0.063668
v 0.165091 0.011298 0.051945
v 0.167796 0.015589 0.039522
v 0.169030 0.018268 0.027348
v 0.133633 -0.008817 0.094268
v 0.141583 -0.000558 0.085301
v 0.148321 0.006573 0.074737
v 0.153507 0.012801 0.063569
v 0.157466 0.018333 0.051873
v 0.159773 0.023192 0.040166
v 0.160827 0.026043 0.028224
v 0.127136 -0.002184 0.093961
v 0.135031 0.006292 0.084980
v 0.141468 0.013551 0.074694
v 0.146643 0.019949 0.063638
v 0.149879 0.026051 0.052571
v 0.151901 0.031126 0.041113
v 0.152178 0.034679 0.029931
v 0.120662 0.004686 0.094351
v 0.128476 0.013183 0.085192
v 0.135245 0.020803 0.075034
v 0.139736 0.027522 0.064159
v 0.142541 0.033758 0.053201
v 0.142249 0.041202 0.042792
v 0.144774 0.042701 0.031347
v 0.114407 0.011728 0.095193
v 0.122473 0.020290 0.085476
v 0.129045 0.028109 0.075428
v 0.133461 0.035090 0.064692
v 0.134164 0.043287 0.054248
v 0.135572 0.048797 0.043717
v 0.133990 0.056746 0.034252
v 0.108580 0.019036 0.095746
v 0.116586 0.027593 0.085902
v 0.123412 0.035583 0.075916
v 0.126988 0.043003 0.065174
v 0.128235 0.050782 0.054868
v 0.126973 0.060538 0.045499
v 0.129784 0.063071 0.034783
v 0.103288 0.027038 0.097106
v 0.111249 0.035346 0.086464
v 0.117800 0.043132 0.076300
v 0.121133 0.050751 0.065588
v 0.122934 0.058679 0.055598
v 0.123041 0.067105 0.046047
v 0.124526 0.072677 0.036235
v 0.097981 0.035358 0.097792
v 0.106011 0.043418 0.087068
v 0.112401 0.051170 0.076617
v 0.116396 0.057893 0.065923
v 0.117976 0.066059 0.055998
v 0.120091 0.072879 0.046470
v 0.122237 0.077856 0.036318
v 0.092715 0.044164 0.098307
v 0.101032 0.051929 0.087543
v 0.107604 0.059019 0.076760
v 0.111561 0.065688 0.066096
v 0.115002 0.072100 0.056344
v 0.117332 0.078765 0.046710
v 0.120372 0.082294 0.036211
v 0.087575 0.053349 0.098609
v 0.096119 0.060587 0.087582
v 0.102913 0.067022 0.076678
v 0.107801 0.073060 0.066164
v 0.111747 0.079012 0.056521
v 0.115184 0.083755 0.046636
v 0.118384 0.086972 0.035861
v 0.082533 0.062979 0.098758
v 0.091398 0.069378 0.087459
v 0.098811 0.075350 0.076688
v 0.104195 0.080699 0.066209
v 0.108958 0.085356 0.056339
v 0.112739 0.089435 0.046304
v 0.116674 0.091454 0.035422
v 0.077134 0.072854 0.098409
v 0.087196 0.078306 0.087451
v 0.094941 0.083636 0.076599
v 0.100918 0.088086 0.066018
v 0.106041 0.092045 0.056044
v 0.111119 0.094755 0.045864
v 0.115408 0.096274 0.035093
v 0.072324 0.082537 0.098033
v 0.082874 0.087237 0.087056
v 0.091224 0.091825 0.076361
v 0.097832 0.095476 0.065838
v 0.104249 0.098427 0.055879
v 0.109822 0.100218 0.045626
v 0.114309 0.100888 0.034688
v 0.067709 0.092161 0.097544
v 0.078650 0.096085 0.086510
v 0.088057 0.099886 0.076374
v 0.095132 0.103024 0.065802
v 0.102611 0.104772 0.055798
v 0.108677 0.105513 0.045284
v 0.113279 0.105399 0.034567
v 0.063178 0.101932 0.097092
v 0.075421 0.104921 0.086690
v 0.085008 0.108268 0.076514
v 0.092978 0.110351 0.065844
v 0.100952 0.111296 0.055672
v 0.107501 0.110778 0.045023
v 0.112184 0.110243 0.034537
v 0.059191 0.111490 0.096790
v 0.072245 0.113924 0.086871
v 0.082311 0.116329 0.076352
v 0.090955 0.117816 0.065748
v 0.099439 0.117830 0.055302
v 0.106232 0.116492 0.044766
v 0.111230 0.116516 0.034337
v 0.055536 0.120985 0.096205
v 0.069697 0.122723 0.086647
v 0.080043 0.124405 0.076034
v 0.090080 0.125362 0.065776
v 0.099341 0.124753 0.055603
v 0.106428 0.123492 0.044989
v 0.111395 0.123122 0.034519
v 0.052758 0.130398 0.095507
v 0.067875 0.131398 0.086305
v 0.079668 0.132461 0.076135
v 0.089915 0.132955 0.065921
v 0.099446 0.132056 0.055627
v 0.106802 0.131004 0.045044
v 0.111965 0.131161 0.034600
v 0.051175 0.139569 0.094839
v 0.067262 0.140078 0.085959
v 0.079550 0.140524 0.076110
v 0.090095 0.140406 0.065740
v 0.099671 0.139553 0.055518
v 0.107176 0.138360 0.045103
v 0.112702 0.139173 0.034575
v 0.050116 0.148625 0.093798
v 0.066835 0.148607 0.085423
v 0.079714 0.148296 0.075787
v 0.090247 0.147751 0.065569
v 0.099882 0.146504 0.055476
v 0.107475 0.145570 0.045028
v 0.112761 0.146268 0.034374
v 0.049527 0.156911 0.092636
v 0.066731 0.156516 0.084625
v 0.079876 0.155855 0.075663
v 0.090524 0.154530 0.065606
v 0.100183 0.152979 0.055615
v 0.107637 0.151922 0.044866
v 0.112421 0.151927 0.033976
v 0.049959 0.164425 0.092053
v 0.067203 0.163832 0.084719
v 0.080432 0.162844 0.076011
v 0.090985 0.160969 0.065857
v 0.100584 0.158832 0.055629
v 0.107722 0.157103 0.044628
v 0.112304 0.156773 0.033491
v 0.248982 -0.111771 -0.049671
v 0.240507 -0.097442 -0.057546
v 0.231654 -0.082289 -0.063659
v 0.222089 -0.067315 -0.069399
v 0.210424 -0.051537 -0.073218
v 0.196475 -0.037384 -0.076110
v 0.181895 -0.024680 -0.078200
v 0.167955 -0.014042 -0.079076
v 0.251350 -0.108231 -0.043781
v 0.243878 -0.093514 -0.049364
v 0.235395 -0.078106 -0.054900
v 0.226379 -0.061901 -0.058613
v 0.215516 -0.046661 -0.061953
v 0.202472 -0.032796 -0.063769
v 0.188859 -0.020770 -0.064990
v 0.176004 -0.011344 -0.064592
v 0.253222 -0.104425 -0.036873
v 0.245810 -0.089048 -0.041713
v 0.238225 -0.073085 -0.044955
v 0.229511 -0.057376 -0.048002
v 0.218855 -0.042417 -0.049960
v 0.207260 -0.028859 -0.051427
v 0.194648 -0.017615 -0.051648
v 0.183657 -0.008196 -0.051028
v 0.253988 -0.100155 -0.030303
v 0.247320 -0.084399 -0.032759
v 0.240073 -0.068403 -0.035107
v 0.231836 -0.052747 -0.036903
v 0.221966 -0.038505 -0.038106
v 0.210980 -0.025652 -0.038799
v 0.200540 -0.014724 -0.038541
v 0.190455 -0.005322 -0.037788
v 0.254801 -0.096135 -0.022466
v 0.248242 -0.080001 -0.023793
v 0.241028 -0.063877 -0.024704
v 0.233018 -0.048622 -0.025368
v 0.223784 -0.035231 -0.025938
v 0.214372 -0.023750 -0.025565
v 0.204563 -0.013360 -0.025037
v 0.195742 -0.005283 -0.023653
v 0.254838 -0.092710 -0.014655
v 0.248031 -0.076092 -0.014682
v 0.240389 -0.059651 -0.014193
v 0.232175 -0.045475 -0.014000
v 0.223827 -0.033290 -0.013309
v 0.215495 -0.022894 -0.012637
v 0.207590 -0.014224 -0.011323
v 0.199470 -0.006430 -0.010405
v 0.254710 -0.090757 -0.007388
v 0.247536 -0.073075 -0.005866
v 0.239783 -0.056923 -0.004390
v 0.231066 -0.042669 -0.002771
v 0.223253 -0.031818 -0.001566
v 0.216107 -0.023100 -0.000143
v 0.208836 -0.015118 0.001012
v 0.201637 -0.008165 0.002067
v 0.240964 -0.118125 -0.064066
v 0.234862 -0.123774 -0.071555
v 0.226555 -0.131908 -0.079808
v 0.215749 -0.143065 -0.088042
v 0.200707 -0.154607 -0.096495
v 0.182564 -0.166724 -0.103545
v 0.157786 -0.177230 -0.109267
v 0.231696 -0.105919 -0.073792
v 0.223961 -0.112573 -0.082577
v 0.213275 -0.121802 -0.091403
v 0.199565 -0.132829 -0.100829
v 0.182008 -0.144689 -0.107770
v 0.160421 -0.153576 -0.113256
v 0.136392 -0.163135 -0.116702
v 0.221002 -0.092564 -0.083343
v 0.210321 -0.100633 -0.091732
v 0.197196 -0.110062 -0.100403
v 0.181183 -0.120609 -0.108970
v 0.162017 -0.130416 -0.115465
v 0.140393 -0.139508 -0.117788
v 0.116674 -0.146876 -0.119909
v 0.207169 -0.079169 -0.089671
v 0.195026 -0.087369 -0.098731
v 0.179421 -0.097245 -0.106723
v 0.162159 -0.107469 -0.113573
v 0.142674 -0.116930 -0.117990
v 0.121840 -0.125228 -0.118759
v 0.099824 -0.134605 -0.120044
v 0.192106 -0.064994 -0.094017
v 0.177888 -0.074197 -0.102944
v 0.161727 -0.084632 -0.110613
v 0.143694 -0.095111 -0.115889
v 0.124842 -0.105149 -0.116888
v 0.105104 -0.114238 -0.117800
v 0.084431 -0.124123 -0.118943
v 0.176124 -0.051780 -0.097908
v 0.160898 -0.062196 -0.105468
v 0.144068 -0.073388 -0.111638
v 0.126600 -0.084964 -0.114152
v 0.108796 -0.095404 -0.114596
v 0.090084 -0.105091 -0.115199
v 0.070015 -0.115727 -0.115403
v 0.159627 -0.040190 -0.100568
v 0.144152 -0.052204 -0.106310
v 0.127987 -0.064997 -0.109237
v 0.111647 -0.076811 -0.109960
v 0.094606 -0.086922 -0.111499
v 0.076401 -0.097015 -0.112307
v 0.057393 -0.108267 -0.110430
v 0.143586 -0.031556 -0.100561
v 0.129015 -0.044864 -0.104031
v 0.113860 -0.057301 -0.106813
v 0.098791 -0.069150 -0.107413
v 0.082837 -0.079583 -0.107152
v 0.065102 -0.089636 -0.105911
v 0.045984 -0.101108 -0.104988
v 0.256590 -0.141871 -0.043767
v 0.261533 -0.151114 -0.033555
v 0.269502 -0.159192 -0.026821
v 0.280642 -0.165421 -0.028108
v 0.291877 -0.171829 -0.029508
v 0.302847 -0.178336 -0.031543
v 0.312442 -0.184831 -0.033362
v 0.320897 -0.191914 -0.034959
v 0.328460 -0.199777 -0.036406
v 0.335954 -0.208748 -0.037918
v 0.343915 -0.219365 -0.039339
v 0.352036 -0.231771 -0.039737
v 0.360209 -0.246270 -0.040918
v 0.366785 -0.261967 -0.041710
v 0.370679 -0.278592 -0.041970
v 0.370444 -0.295773 -0.042101
v 0.365185 -0.312686 -0.042565
v 0.354523 -0.328127 -0.040090
v 0.341449 -0.344137 -0.039814
v 0.325885 -0.360541 -0.039754
v 0.308679 -0.376121 -0.040551
v 0.292519 -0.389451 -0.040823
v 0.279208 -0.399308 -0.040666
v 0.266924 -0.407757 -0.039970
v 0.254708 -0.414896 -0.038958
v 0.240972 -0.422282 -0.037331
v 0.224197 -0.429955 -0.034797
v 0.213644 -0.434634 -0.033207
v 0.202213 -0.438782 -0.029869
v 0.203904 -0.434191 -0.033441
v 0.253321 -0.145360 -0.048616
v 0.258921 -0.154404 -0.035787
v 0.268848 -0.162513 -0.027204
v 0.281342 -0.169039 -0.028887
v 0.293111 -0.175773 -0.030517
v 0.303916 -0.182563 -0.032439
v 0.313304 -0.189567 -0.034433
v 0.321271 -0.196811 -0.036550
v 0.328427 -0.205187 -0.038490
v 0.335632 -0.214770 -0.040113
v 0.343224 -0.225731 -0.041330
v 0.351162 -0.238592 -0.042439
v 0.358215 -0.252730 -0.043488
v 0.363759 -0.268093 -0.044145
v 0.366282 -0.283760 -0.044592
v 0.364839 -0.299051 -0.044995
v 0.358293 -0.314480 -0.044623
v 0.347404 -0.328881 -0.042779
v 0.334441 -0.344176 -0.041831
v 0.319018 -0.360064 -0.041667
v 0.302671 -0.374897 -0.042019
v 0.287259 -0.387325 -0.042192
v 0.274140 -0.397468 -0.042311
v 0.262197 -0.405627 -0.041871
v 0.249009 -0.413760 -0.041074
v 0.234685 -0.421314 -0.039610
v 0.220578 -0.428474 -0.037364
v 0.207469 -0.434915 -0.034675
v 0.199012 -0.438764 -0.032912
v 0.192854 -0.441548 -0.030353
v 0.248421 -0.150277 -0.053077
v 0.256187 -0.157960 -0.037668
v 0.268538 -0.166038 -0.027959
v 0.282148 -0.172781 -0.029696
v 0.294173 -0.179621 -0.031492
v 0.305049 -0.186738 -0.033221
v 0.314023 -0.193995 -0.035324
v 0.321484 -0.201923 -0.037629
v 0.328320 -0.210916 -0.039866
v 0.335035 -0.220902 -0.041812
v 0.342648 -0.232334 -0.042964
v 0.349726 -0.245153 -0.044024
v 0.356087 -0.259263 -0.045087
v 0.360245 -0.273767 -0.045797
v 0.361908 -0.288120 -0.046444
v 0.359099 -0.302349 -0.046774
v 0.351806 -0.315973 -0.046180
v 0.341101 -0.329913 -0.045131
v 0.328004 -0.344809 -0.044340
v 0.312987 -0.359627 -0.043734
v 0.297104 -0.373396 -0.043646
v 0.282612 -0.384822 -0.043535
v 0.270240 -0.394563 -0.043698
v 0.258491 -0.402742 -0.043083
v 0.245944 -0.410523 -0.042119
v 0.232055 -0.418413 -0.040400
v 0.218472 -0.425553 -0.038509
v 0.205664 -0.432376 -0.036544
v 0.196958 -0.437102 -0.034588
v 0.189531 -0.441035 -0.032325
v 0.243033 -0.156800 -0.057455
v 0.252804 -0.162747 -0.039310
v 0.268102 -0.169684 -0.027851
v 0.283273 -0.176704 -0.029126
v 0.295551 -0.183746 -0.031208
v 0.306174 -0.190908 -0.033210
v 0.314719 -0.198705 -0.035446
v 0.321721 -0.207347 -0.037980
v 0.327880 -0.216743 -0.039982
v 0.334724 -0.227442 -0.041770
v 0.341387 -0.238811 -0.043606
v 0.348194 -0.251588 -0.044650
v 0.353400 -0.265188 -0.045301
v 0.356971 -0.278927 -0.045939
v 0.357155 -0.292208 -0.046353
v 0.353493 -0.304979 -0.046913
v 0.345555 -0.317540 -0.046047
v 0.334729 -0.330996 -0.046255
v 0.322010 -0.345478 -0.046603
v 0.307113 -0.359744 -0.046298
v 0.292145 -0.372289 -0.046283
v 0.278189 -0.383055 -0.046071
v 0.266434 -0.391993 -0.045762
v 0.254953 -0.399893 -0.044719
v 0.242990 -0.407297 -0.043397
v 0.230175 -0.414887 -0.041541
v 0.217315 -0.422127 -0.039569
v 0.205852 -0.428334 -0.037559
v 0.194981 -0.434337 -0.035335
v 0.187632 -0.438539 -0.033978
v 0.236104 -0.165430 -0.063145
v 0.248830 -0.169507 -0.041291
v 0.266950 -0.176301 -0.028581
v 0.283803 -0.181100 -0.028569
v 0.296825 -0.187720 -0.030631
v 0.307129 -0.195111 -0.032630
v 0.315422 -0.203231 -0.035064
v 0.321660 -0.212534 -0.037624
v 0.327708 -0.222815 -0.039849
v 0.333810 -0.233320 -0.041654
v 0.340392 -0.245107 -0.043267
v 0.346395 -0.257729 -0.044377
v 0.351226 -0.270766 -0.045263
v 0.353639 -0.283634 -0.045841
v 0.353018 -0.296008 -0.046378
v 0.348055 -0.307688 -0.046465
v 0.339475 -0.319521 -0.046108
v 0.328537 -0.332150 -0.046648
v 0.315476 -0.345936 -0.047504
v 0.301517 -0.359325 -0.048600
v 0.286895 -0.371390 -0.048993
v 0.274222 -0.381371 -0.048908
v 0.262590 -0.390251 -0.048401
v 0.251577 -0.397613 -0.047281
v 0.239502 -0.405145 -0.045711
v 0.227164 -0.412220 -0.043557
v 0.215327 -0.418917 -0.041140
v 0.204223 -0.425062 -0.038650
v 0.194154 -0.430670 -0.036351
v 0.186334 -0.435591 -0.034529
v 0.228658 -0.175225 -0.067672
v 0.245838 -0.176307 -0.046905
v 0.266537 -0.179868 -0.033955
v 0.283912 -0.185302 -0.028502
v 0.296957 -0.191319 -0.029904
v 0.307508 -0.198690 -0.031932
v 0.315094 -0.207496 -0.034561
v 0.321204 -0.217052 -0.037422
v 0.326842 -0.227428 -0.039575
v 0.332963 -0.238945 -0.041415
v 0.339360 -0.250883 -0.042805
v 0.344957 -0.263263 -0.044059
v 0.349118 -0.276000 -0.044739
v 0.351243 -0.288323 -0.044885
v 0.348981 -0.299801 -0.045103
v 0.342663 -0.310966 -0.045380
v 0.333110 -0.322044 -0.045710
v 0.321252 -0.334295 -0.046694
v 0.308747 -0.346668 -0.047643
v 0.294757 -0.359052 -0.048529
v 0.281711 -0.369651 -0.048925
v 0.269344 -0.379469 -0.049251
v 0.258550 -0.387683 -0.049457
v 0.247413 -0.395359 -0.048525
v 0.235488 -0.402637 -0.047424
v 0.223789 -0.410205 -0.045944
v 0.212295 -0.416729 -0.043397
v 0.201940 -0.422469 -0.040969
v 0.192939 -0.427911 -0.038122
v 0.184342 -0.432658 -0.035611
v 0.216631 -0.187574 -0.074325
v 0.238385 -0.181248 -0.043027
v 0.264316 -0.183822 -0.033602
v 0.282524 -0.187798 -0.029377
v 0.296794 -0.194215 -0.029510
v 0.306975 -0.201404 -0.030350
v 0.314405 -0.210070 -0.033705
v 0.320137 -0.219859 -0.036447
v 0.326123 -0.230771 -0.038339
v 0.331978 -0.242260 -0.040356
v 0.338032 -0.254767 -0.042080
v 0.343629 -0.267083 -0.042558
v 0.347706 -0.279596 -0.043214
v 0.348694 -0.291617 -0.043298
v 0.346328 -0.303618 -0.042884
v 0.337570 -0.314270 -0.043780
v 0.325824 -0.325569 -0.044574
v 0.313343 -0.336990 -0.045864
v 0.299610 -0.349166 -0.047122
v 0.287220 -0.359714 -0.048036
v 0.275081 -0.369511 -0.048643
v 0.264271 -0.377931 -0.048933
v 0.253796 -0.386000 -0.048658
v 0.242865 -0.393139 -0.047852
v 0.231418 -0.400704 -0.046962
v 0.219195 -0.407796 -0.045937
v 0.209000 -0.413854 -0.043897
v 0.199588 -0.419701 -0.042231
v 0.190325 -0.425499 -0.039973
v 0.183657 -0.430405 -0.036928
v 0.261710 -0.136226 -0.034866
v 0.263579 -0.133156 -0.031569
v 0.264953 -0.129925 -0.027995
v 0.265288 -0.127109 -0.024220
v 0.265690 -0.124670 -0.019440
v 0.266222 -0.123113 -0.014452
v 0.266413 -0.122723 -0.009818
v 0.265659 -0.145261 -0.028791
v 0.267425 -0.142350 -0.026600
v 0.268796 -0.139581 -0.024453
v 0.269234 -0.136960 -0.021639
v 0.269472 -0.135448 -0.018127
v 0.269825 -0.134479 -0.014485
v 0.270228 -0.134909 -0.010768
v 0.270438 -0.153175 -0.024423
v 0.271046 -0.150159 -0.022798
v 0.271687 -0.147374 -0.021244
v 0.272523 -0.145211 -0.019455
v 0.272433 -0.143707 -0.017112
v 0.272711 -0.143299 -0.014286
v 0.273107 -0.144029 -0.011802
v 0.278641 -0.159511 -0.023933
v 0.277697 -0.156864 -0.021446
v 0.276914 -0.154569 -0.019193
v 0.276639 -0.152493 -0.017749
v 0.276563 -0.151128 -0.016315
v 0.276652 -0.150802 -0.014488
v 0.277500 -0.151785 -0.012554
v 0.288658 -0.164756 -0.024990
v 0.286639 -0.161328 -0.022560
v 0.285453 -0.158882 -0.020406
v 0.284892 -0.157306 -0.018471
v 0.284566 -0.156535 -0.016743
v 0.284877 -0.156862 -0.015014
v 0.286395 -0.157531 -0.013315
v 0.298564 -0.170437 -0.025918
v 0.296169 -0.166700 -0.023253
v 0.294162 -0.163726 -0.020979
v 0.293908 -0.162615 -0.019169
v 0.294688 -0.161990 -0.017611
v 0.295587 -0.162012 -0.015810
v 0.297528 -0.163251 -0.013870
v 0.308686 -0.175954 -0.027594
v 0.305234 -0.171646 -0.024159
v 0.303245 -0.169928 -0.021435
v 0.303378 -0.168733 -0.019987
v 0.305004 -0.168370 -0.018587
v 0.307142 -0.169034 -0.016565
v 0.309327 -0.170341 -0.014368
v 0.317719 -0.181867 -0.029097
v 0.315032 -0.177344 -0.024888
v 0.310891 -0.178058 -0.021775
v 0.312864 -0.175672 -0.020863
v 0.315787 -0.175201 -0.019837
v 0.318610 -0.175924 -0.017338
v 0.320809 -0.177509 -0.014472
v 0.326313 -0.189224 -0.030169
v 0.324212 -0.185626 -0.025858
v 0.320324 -0.185093 -0.023173
v 0.322527 -0.184261 -0.021527
v 0.325585 -0.183372 -0.020906
v 0.328980 -0.184026 -0.017778
v 0.331200 -0.186182 -0.014524
v 0.334718 -0.198495 -0.031125
v 0.332490 -0.194963 -0.027036
v 0.330176 -0.195353 -0.024254
v 0.331761 -0.193492 -0.022235
v 0.335258 -0.192438 -0.021404
v 0.338310 -0.193224 -0.018214
v 0.340374 -0.195617 -0.014679
v 0.343912 -0.208096 -0.032149
v 0.341544 -0.206044 -0.028099
v 0.339413 -0.205930 -0.025199
v 0.340949 -0.204191 -0.022420
v 0.343927 -0.202558 -0.021887
v 0.347157 -0.202814 -0.018567
v 0.350391 -0.204875 -0.014738
v 0.352946 -0.220054 -0.032842
v 0.351235 -0.217863 -0.028549
v 0.349104 -0.217509 -0.026074
v 0.350352 -0.215747 -0.023468
v 0.353040 -0.213437 -0.023482
v 0.357458 -0.213011 -0.020082
v 0.360088 -0.217048 -0.014685
v 0.361836 -0.234493 -0.033284
v 0.360186 -0.232357 -0.029227
v 0.358290 -0.231688 -0.026115
v 0.359448 -0.229579 -0.023570
v 0.362117 -0.227331 -0.023196
v 0.365893 -0.228055 -0.019387
v 0.369573 -0.232655 -0.014597
v 0.371090 -0.250485 -0.033765
v 0.369514 -0.248261 -0.028914
v 0.368249 -0.247568 -0.026230
v 0.368938 -0.245578 -0.023696
v 0.371891 -0.243365 -0.023125
v 0.376327 -0.244757 -0.019375
v 0.380329 -0.251351 -0.013650
v 0.378152 -0.268427 -0.034064
v 0.378346 -0.265846 -0.028648
v 0.376734 -0.265248 -0.025826
v 0.377378 -0.263736 -0.023555
v 0.380224 -0.262329 -0.022661
v 0.385327 -0.264476 -0.019247
v 0.388802 -0.272885 -0.012523
v 0.381702 -0.288032 -0.034047
v 0.381959 -0.286315 -0.028385
v 0.381800 -0.285255 -0.025858
v 0.381941 -0.284241 -0.023202
v 0.385297 -0.283480 -0.022303
v 0.390491 -0.287292 -0.019016
v 0.392331 -0.297097 -0.012455
v 0.378863 -0.309062 -0.034135
v 0.380095 -0.307404 -0.028574
v 0.380009 -0.307051 -0.025898
v 0.380726 -0.305997 -0.022989
v 0.384356 -0.306367 -0.021992
v 0.388291 -0.310730 -0.019750
v 0.389537 -0.321596 -0.013371
v 0.369685 -0.328261 -0.034163
v 0.371218 -0.327414 -0.028727
v 0.371013 -0.326886 -0.025959
v 0.373270 -0.326946 -0.023397
v 0.376607 -0.328169 -0.022646
v 0.379790 -0.333473 -0.020516
v 0.377162 -0.341392 -0.014840
v 0.356362 -0.345142 -0.033929
v 0.357069 -0.344248 -0.029431
v 0.358190 -0.344402 -0.026161
v 0.360747 -0.345673 -0.024573
v 0.363950 -0.347702 -0.023827
v 0.365687 -0.352966 -0.021411
v 0.362496 -0.358959 -0.015600
v 0.339266 -0.361184 -0.034039
v 0.340936 -0.359606 -0.029627
v 0.342517 -0.360317 -0.026809
v 0.345045 -0.362140 -0.024908
v 0.347763 -0.364927 -0.023891
v 0.348811 -0.369858 -0.021184
v 0.346106 -0.374955 -0.015978
v 0.320875 -0.375430 -0.033777
v 0.323049 -0.373947 -0.030008
v 0.325317 -0.375169 -0.027104
v 0.328155 -0.377179 -0.025332
v 0.330531 -0.380692 -0.024021
v 0.331326 -0.384960 -0.020857
v 0.328223 -0.388603 -0.015865
v 0.303012 -0.387910 -0.033666
v 0.306090 -0.386503 -0.030180
v 0.308761 -0.388130 -0.027682
v 0.311679 -0.390593 -0.025847
v 0.314006 -0.393880 -0.023985
v 0.314428 -0.397954 -0.020543
v 0.312249 -0.400075 -0.015793
v 0.288825 -0.396911 -0.033554
v 0.291206 -0.396594 -0.029970
v 0.294621 -0.398117 -0.027600
v 0.297303 -0.400841 -0.025725
v 0.299623 -0.403960 -0.023623
v 0.300144 -0.406993 -0.020016
v 0.298504 -0.408884 -0.015850
v 0.276536 -0.404256 -0.033005
v 0.280047 -0.404180 -0.029757
v 0.282810 -0.406085 -0.027389
v 0.285891 -0.408474 -0.025276
v 0.288135 -0.411519 -0.023153
v 0.288736 -0.414066 -0.019634
v 0.287541 -0.415468 -0.015545
v 0.265839 -0.410662 -0.032290
v 0.269358 -0.411010 -0.029415
v 0.272519 -0.412780 -0.027050
v 0.275438 -0.415118 -0.024932
v 0.277742 -0.417663 -0.022413
v 0.278523 -0.420278 -0.019161
v 0.277184 -0.421325 -0.015233
v 0.253987 -0.417057 -0.031249
v 0.257538 -0.417826 -0.028668
v 0.260754 -0.419427 -0.026425
v 0.263624 -0.421741 -0.024324
v 0.266071 -0.423786 -0.021856
v 0.266762 -0.426010 -0.018522
v 0.264952 -0.426905 -0.014707
v 0.237966 -0.425740 -0.029606
v 0.243744 -0.425382 -0.027590
v 0.246264 -0.427158 -0.025341
v 0.249399 -0.428878 -0.023490
v 0.251766 -0.430983 -0.021059
v 0.252286 -0.432555 -0.017649
v 0.250480 -0.433245 -0.013967
v 0.225067 -0.432215 -0.028332
v 0.227196 -0.433953 -0.025967
v 0.229927 -0.435381 -0.023980
v 0.232433 -0.437478 -0.021997
v 0.235005 -0.437996 -0.019365
v 0.235985 -0.439372 -0.016426
v 0.233379 -0.439822 -0.012808
v 0.210455 -0.438529 -0.025937
v 0.212781 -0.439968 -0.024183
v 0.214022 -0.442329 -0.022243
v 0.215745 -0.444355 -0.020504
v 0.217515 -0.445426 -0.017918
v 0.218303 -0.446197 -0.015151
v 0.216060 -0.446237 -0.011994
v 0.202911 -0.441267 -0.025987
v 0.202029 -0.443820 -0.023623
v 0.200945 -0.446651 -0.021498
v 0.200861 -0.449432 -0.019652
v 0.201944 -0.450339 -0.017302
v 0.201336 -0.451599 -0.014718
v 0.198645 -0.452071 -0.011482
v 0.146486 -0.002200 -0.073851
v 0.140754 0.002635 -0.069672
v 0.136557 0.007794 -0.066619
v 0.132250 0.013180 -0.063824
v 0.126844 0.018298 -0.061971
v 0.121516 0.023471 -0.060225
v 0.116475 0.029072 -0.058857
v 0.111725 0.034842 -0.057428
v 0.107460 0.041528 -0.056910
v 0.102916 0.048580 -0.056156
v 0.098423 0.056224 -0.055845
v 0.093861 0.064610 -0.055514
v 0.089224 0.073211 -0.054623
v 0.085221 0.082240 -0.053257
v 0.081251 0.091568 -0.051325
v 0.077465 0.100979 -0.049177
v 0.074705 0.110782 -0.048224
v 0.072048 0.120638 -0.047143
v 0.069529 0.130242 -0.045991
v 0.068322 0.139982 -0.045450
v 0.067345 0.149598 -0.045118
v 0.066519 0.158800 -0.044650
v 0.066443 0.167509 -0.044796
v 0.066652 0.175429 -0.044996
v 0.157670 0.002064 -0.060213
v 0.151533 0.007459 -0.057452
v 0.146702 0.012645 -0.054710
v 0.141248 0.017643 -0.052520
v 0.135794 0.022899 -0.050814
v 0.130553 0.028310 -0.049325
v 0.125636 0.033859 -0.047937
v 0.121058 0.039733 -0.046794
v 0.116858 0.046100 -0.045939
v 0.112206 0.052637 -0.044982
v 0.107642 0.060228 -0.044698
v 0.102941 0.068152 -0.044237
v 0.098539 0.076503 -0.043398
v 0.094626 0.085380 -0.042067
v 0.091005 0.094264 -0.040375
v 0.087775 0.103369 -0.038802
v 0.084763 0.112850 -0.037636
v 0.081794 0.121969 -0.036439
v 0.080087 0.131644 -0.035986
v 0.079463 0.141123 -0.036273
v 0.079068 0.150289 -0.036374
v 0.078894 0.159066 -0.036778
v 0.078900 0.167244 -0.037596
v 0.078777 0.174754 -0.037894
v 0.166762 0.005477 -0.047079
v 0.160840 0.010733 -0.044774
v 0.155006 0.016028 -0.042720
v 0.149243 0.021303 -0.041068
v 0.143474 0.026438 -0.039373
v 0.138062 0.031871 -0.037903
v 0.132964 0.037243 -0.036417
v 0.128384 0.043040 -0.035256
v 0.123797 0.049138 -0.034249
v 0.119296 0.056021 -0.033756
v 0.114627 0.063298 -0.033294
v 0.109786 0.070989 -0.032653
v 0.105578 0.079421 -0.031927
v 0.101687 0.087908 -0.030831
v 0.098178 0.096552 -0.029173
v 0.095483 0.105388 -0.028119
v 0.092968 0.114111 -0.027102
v 0.089914 0.123257 -0.025999
v 0.089020 0.132425 -0.026474
v 0.088622 0.141615 -0.026973
v 0.088241 0.150404 -0.027415
v 0.088186 0.158584 -0.028266
v 0.088122 0.166242 -0.029108
v 0.088042 0.172859 -0.029756
v 0.174684 0.007453 -0.034140
v 0.168097 0.012999 -0.032245
v 0.161844 0.018375 -0.030668
v 0.155735 0.023732 -0.029129
v 0.149678 0.029293 -0.027681
v 0.144146 0.034617 -0.026186
v 0.138910 0.040041 -0.024823
v 0.134089 0.045792 -0.023693
v 0.129144 0.051817 -0.022750
v 0.124671 0.058791 -0.022393
v 0.119914 0.066118 -0.021962
v 0.115389 0.073956 -0.021514
v 0.111463 0.082274 -0.020868
v 0.107797 0.090619 -0.019726
v 0.104659 0.098754 -0.018609
v 0.102471 0.107068 -0.017581
v 0.100159 0.115509 -0.016741
v 0.098485 0.123850 -0.016325
v 0.098001 0.132737 -0.016975
v 0.097271 0.141329 -0.017487
v 0.096848 0.149575 -0.018093
v 0.096736 0.157249 -0.019161
v 0.096523 0.164126 -0.020041
v 0.096315 0.170271 -0.020671
v 0.180365 0.007633 -0.020912
v 0.173540 0.013474 -0.019515
v 0.166871 0.019244 -0.018185
v 0.160071 0.025214 -0.016862
v 0.154053 0.030972 -0.015485
v 0.148190 0.036674 -0.014171
v 0.143113 0.042412 -0.012998
v 0.137986 0.048230 -0.012050
v 0.133200 0.054689 -0.011466
v 0.128591 0.061835 -0.011199
v 0.123822 0.069075 -0.010891
v 0.119905 0.077078 -0.010495
v 0.116151 0.085010 -0.009884
v 0.112577 0.092843 -0.008885
v 0.110162 0.100774 -0.007910
v 0.108056 0.108495 -0.006952
v 0.106010 0.116176 -0.005975
v 0.105234 0.124507 -0.006025
v 0.105035 0.132729 -0.006623
v 0.104843 0.140825 -0.007288
v 0.104577 0.148452 -0.008176
v 0.104353 0.155438 -0.009103
v 0.104061 0.161723 -0.009953
v 0.104203 0.166750 -0.010868
v 0.184403 0.006562 -0.008148
v 0.177077 0.013030 -0.007138
v 0.169512 0.019604 -0.006048
v 0.162478 0.025788 -0.004751
v 0.155918 0.032350 -0.003528
v 0.149854 0.038285 -0.002175
v 0.144572 0.044666 -0.001271
v 0.138717 0.051629 -0.000115
v 0.134352 0.058546 0.000101
v 0.129906 0.065443 0.000237
v 0.125786 0.072809 0.000385
v 0.122334 0.080093 0.000514
v 0.119008 0.087490 0.001095
v 0.116263 0.094674 0.001831
v 0.114432 0.101805 0.002587
v 0.112583 0.108925 0.003493
v 0.110661 0.116250 0.004332
v 0.110738 0.123926 0.004122
v 0.110927 0.132303 0.003563
v 0.111106 0.140116 0.002866
v 0.110660 0.147229 0.002375
v 0.110427 0.153601 0.001661
v 0.109976 0.159038 0.000987
v 0.110173 0.163482 0.000167
v 0.186504 0.005575 0.003554
v 0.178460 0.012711 0.004331
v 0.170504 0.019654 0.005307
v 0.162787 0.026775 0.006384
v 0.155889 0.033678 0.007867
v 0.149444 0.040607 0.009086
v 0.141801 0.049897 0.011042
v 0.137477 0.056470 0.011409
v 0.132469 0.064899 0.012224
v 0.128850 0.071342 0.012110
v 0.126081 0.077717 0.011936
v 0.123258 0.084045 0.011941
v 0.120664 0.089863 0.012063
v 0.118936 0.095840 0.012406
v 0.117413 0.101886 0.012951
v 0.115863 0.107928 0.013636
v 0.114441 0.114157 0.014156
v 0.114774 0.122090 0.014015
v 0.115333 0.129533 0.013718
v 0.115728 0.137998 0.013256
v 0.115027 0.145256 0.012985
v 0.114209 0.151483 0.012568
v 0.113506 0.156322 0.012184
v 0.113085 0.160243 0.011547
v 0.120435 -0.021347 -0.092140
v 0.106764 -0.033164 -0.096834
v 0.093715 -0.044069 -0.099790
v 0.081175 -0.054646 -0.099649
v 0.068237 -0.065031 -0.095240
v 0.054065 -0.075442 -0.091881
v 0.036986 -0.086070 -0.090714
v 0.114010 -0.014728 -0.089408
v 0.100904 -0.025683 -0.095190
v 0.087717 -0.036645 -0.098341
v 0.075121 -0.046919 -0.098582
v 0.063247 -0.057339 -0.094874
v 0.050335 -0.068574 -0.089574
v 0.039372 -0.077485 -0.086070
v 0.111932 -0.007702 -0.086110
v 0.097231 -0.017850 -0.092853
v 0.084122 -0.028434 -0.096522
v 0.071381 -0.039482 -0.097447
v 0.059112 -0.050633 -0.094309
v 0.047684 -0.061359 -0.089517
v 0.036286 -0.072164 -0.085135
v 0.108983 -0.001741 -0.082347
v 0.095770 -0.011437 -0.088676
v 0.081923 -0.021671 -0.093533
v 0.068870 -0.032594 -0.095120
v 0.055858 -0.044100 -0.092941
v 0.043070 -0.055078 -0.088041
v 0.033230 -0.065944 -0.086393
v 0.105282 0.004086 -0.080717
v 0.092788 -0.005262 -0.087136
v 0.079593 -0.015495 -0.091688
v 0.066117 -0.026272 -0.093718
v 0.051784 -0.037399 -0.092902
v 0.037432 -0.048612 -0.089720
v 0.026186 -0.059481 -0.086440
v 0.100528 0.009410 -0.078865
v 0.088496 0.000579 -0.086272
v 0.075939 -0.009260 -0.091180
v 0.062511 -0.019845 -0.094229
v 0.046810 -0.030702 -0.094508
v 0.030923 -0.041475 -0.091462
v 0.017284 -0.052231 -0.087397
v 0.095330 0.015381 -0.078229
v 0.083922 0.006975 -0.086169
v 0.071337 -0.002668 -0.091377
v 0.057712 -0.012861 -0.094975
v 0.041893 -0.023477 -0.096012
v 0.023644 -0.033760 -0.093215
v 0.008837 -0.043652 -0.088961
v 0.090259 0.021776 -0.077425
v 0.078644 0.013787 -0.085934
v 0.066078 0.004558 -0.091702
v 0.052331 -0.005303 -0.095722
v 0.036242 -0.015551 -0.097511
v 0.017685 -0.025307 -0.095198
v 0.000696 -0.035151 -0.090327
v 0.085285 0.029071 -0.077706
v 0.073314 0.021230 -0.086227
v 0.060315 0.012441 -0.092351
v 0.046322 0.002886 -0.096482
v 0.030419 -0.007084 -0.098686
v 0.011939 -0.016664 -0.096834
v -0.006146 -0.026043 -0.092062
v 0.080408 0.037011 -0.078056
v 0.067938 0.029540 -0.087258
v 0.054525 0.021040 -0.093577
v 0.040002 0.011782 -0.097829
v 0.024040 0.001926 -0.100059
v 0.006132 -0.007865 -0.098234
v -0.012423 -0.016909 -0.093450
v 0.075446 0.045614 -0.078200
v 0.062628 0.038643 -0.087894
v 0.048570 0.030505 -0.094761
v 0.033671 0.021386 -0.099139
v 0.017397 0.011502 -0.101529
v -0.000073 0.001344 -0.099535
v -0.018085 -0.008315 -0.094626
v 0.070508 0.054912 -0.077942
v 0.057133 0.048424 -0.087598
v 0.042741 0.040628 -0.094779
v 0.027105 0.031827 -0.099726
v 0.010744 0.021728 -0.102681
v -0.006543 0.010972 -0.100888
v -0.023983 0.000574 -0.095817
v 0.065665 0.064840 -0.077393
v 0.051763 0.058761 -0.087055
v 0.036705 0.051499 -0.094499
v 0.020652 0.042851 -0.099569
v 0.003965 0.032705 -0.102486
v -0.013078 0.021262 -0.101120
v -0.030270 0.010216 -0.096455
v 0.060518 0.075044 -0.076328
v 0.046055 0.069820 -0.086305
v 0.030440 0.063012 -0.094096
v 0.013950 0.054683 -0.099347
v -0.002866 0.044293 -0.102281
v -0.019852 0.032292 -0.101081
v -0.036840 0.020502 -0.096551
v 0.055109 0.085674 -0.074785
v 0.039839 0.081184 -0.085290
v 0.023692 0.075060 -0.093096
v 0.006905 0.067100 -0.098282
v -0.010042 0.056901 -0.101324
v -0.026852 0.044098 -0.100809
v -0.043734 0.031939 -0.096614
v 0.049839 0.096363 -0.073091
v 0.033760 0.092710 -0.084149
v 0.017006 0.087374 -0.092021
v -0.000216 0.080013 -0.097056
v -0.017156 0.069964 -0.099947
v -0.033980 0.057501 -0.099365
v -0.050585 0.044856 -0.095904
v 0.045333 0.106965 -0.071622
v 0.028222 0.104131 -0.082758
v 0.010782 0.099388 -0.090770
v -0.006710 0.092899 -0.095587
v -0.024200 0.083522 -0.098236
v -0.040860 0.071564 -0.098007
v -0.057579 0.059538 -0.094762
v 0.041381 0.117537 -0.070165
v 0.023444 0.115264 -0.081394
v 0.005306 0.111338 -0.089279
v -0.012861 0.105307 -0.093751
v -0.030589 0.097025 -0.096017
v -0.047873 0.086114 -0.096045
v -0.064673 0.074984 -0.093769
v 0.037684 0.127999 -0.068573
v 0.019122 0.126370 -0.079864
v 0.000069 0.123168 -0.087645
v -0.018644 0.117905 -0.091767
v -0.037071 0.110418 -0.093754
v -0.054910 0.101004 -0.093600
v -0.072007 0.090780 -0.091587
v 0.034809 0.138569 -0.067554
v 0.015093 0.137527 -0.078567
v -0.004615 0.134949 -0.085959
v -0.024582 0.130567 -0.089816
v -0.043726 0.124263 -0.091760
v -0.062402 0.116250 -0.091368
v -0.079648 0.107422 -0.088968
v 0.032399 0.148674 -0.066312
v 0.011995 0.148047 -0.077092
v -0.008888 0.146032 -0.084311
v -0.029380 0.142423 -0.087895
v -0.050166 0.137739 -0.089684
v -0.069579 0.131559 -0.089468
v -0.087765 0.124436 -0.087677
v 0.030698 0.158083 -0.064936
v 0.010406 0.157165 -0.075438
v -0.010907 0.155447 -0.082705
v -0.032351 0.152638 -0.086398
v -0.053959 0.149306 -0.088649
v -0.074879 0.145090 -0.088443
v -0.093648 0.140858 -0.086553
v 0.031041 0.166468 -0.063560
v 0.010270 0.165339 -0.073677
v -0.010295 0.163399 -0.080910
v -0.032281 0.161307 -0.085296
v -0.054116 0.158781 -0.088160
v -0.075455 0.156524 -0.088690
v -0.095588 0.153676 -0.086190
v 0.032170 0.174804 -0.062371
v 0.012365 0.173328 -0.071758
v -0.007941 0.171616 -0.079208
v -0.028522 0.169872 -0.084733
v -0.050889 0.168417 -0.089492
v -0.073696 0.166655 -0.090965
v -0.098248 0.166257 -0.090638
v 0.221235 -0.220815 0.021661
v 0.219096 -0.223419 0.014079
v 0.216622 -0.223475 0.007200
v 0.213642 -0.224391 0.002164
v 0.209998 -0.224897 -0.002872
v 0.202775 -0.225199 -0.008281
v 0.198252 -0.223219 -0.012796
v 0.240358 -0.204554 0.009508
v 0.239422 -0.201743 0.004499
v 0.239051 -0.203089 -0.000213
v 0.237643 -0.205168 -0.004294
v 0.235847 -0.206069 -0.008369
v 0.234176 -0.206278 -0.011230
v 0.230949 -0.206547 -0.014200
v 0.260866 -0.198692 0.000817
v 0.261386 -0.197871 -0.002761
v 0.261018 -0.196678 -0.005635
v 0.261271 -0.191551 -0.006240
v 0.258954 -0.186287 -0.010660
v 0.255257 -0.189023 -0.016404
v 0.254976 -0.188906 -0.014638
v 0.278223 -0.197586 -0.005478
v 0.278583 -0.198032 -0.007626
v 0.279436 -0.197096 -0.010371
v 0.280048 -0.195335 -0.011589
v 0.280506 -0.193089 -0.014392
v 0.280479 -0.194384 -0.017775
v 0.277867 -0.194720 -0.017359
v 0.294030 -0.198291 -0.010312
v 0.294378 -0.198730 -0.011020
v 0.294382 -0.199289 -0.012167
v 0.294415 -0.199808 -0.013847
v 0.294722 -0.200099 -0.015281
v 0.294137 -0.199356 -0.016795
v 0.293680 -0.200302 -0.018733
v 0.305307 -0.206768 -0.009998
v 0.304904 -0.207307 -0.011515
v 0.304024 -0.207318 -0.013161
v 0.303227 -0.207302 -0.014572
v 0.302838 -0.207357 -0.015644
v 0.302822 -0.207287 -0.016759
v 0.302206 -0.206665 -0.018531
v 0.311136 -0.216900 -0.008557
v 0.310452 -0.217067 -0.010392
v 0.309567 -0.216794 -0.012194
v 0.308436 -0.216003 -0.014001
v 0.307485 -0.215352 -0.015540
v 0.307401 -0.214871 -0.016846
v 0.307258 -0.214310 -0.018227
v 0.316138 -0.226905 -0.007287
v 0.315362 -0.227202 -0.009196
v 0.314240 -0.226625 -0.011447
v 0.312867 -0.225570 -0.013471
v 0.311610 -0.224645 -0.015276
v 0.310937 -0.223605 -0.017074
v 0.310952 -0.223014 -0.018621
v 0.320124 -0.236082 -0.006001
v 0.319828 -0.236924 -0.008291
v 0.318985 -0.237024 -0.010577
v 0.317669 -0.236090 -0.012945
v 0.316123 -0.234768 -0.015139
v 0.315494 -0.233875 -0.017197
v 0.315245 -0.232887 -0.019083
v 0.324343 -0.246198 -0.004928
v 0.323952 -0.246332 -0.007229
v 0.323417 -0.247054 -0.009762
v 0.322437 -0.246878 -0.012222
v 0.321190 -0.245997 -0.014601
v 0.320093 -0.244965 -0.016939
v 0.319981 -0.244135 -0.019239
v 0.328347 -0.255920 -0.004019
v 0.327851 -0.256083 -0.006448
v 0.327688 -0.257089 -0.008924
v 0.326936 -0.257531 -0.011480
v 0.325980 -0.257170 -0.014024
v 0.325014 -0.256678 -0.016513
v 0.324646 -0.255906 -0.018996
v 0.332431 -0.267408 -0.003654
v 0.331778 -0.266297 -0.005865
v 0.331439 -0.267150 -0.008471
v 0.330976 -0.267908 -0.011096
v 0.330228 -0.268030 -0.013753
v 0.329466 -0.267901 -0.016331
v 0.329056 -0.267621 -0.018906
v 0.335738 -0.278588 -0.003360
v 0.335286 -0.277222 -0.005840
v 0.334835 -0.277294 -0.008423
v 0.334385 -0.277799 -0.011193
v 0.333827 -0.278159 -0.013988
v 0.333190 -0.278357 -0.016626
v 0.332787 -0.278090 -0.019138
v 0.337556 -0.289842 -0.003778
v 0.337478 -0.287837 -0.005815
v 0.336970 -0.287332 -0.008606
v 0.336413 -0.287357 -0.011466
v 0.335787 -0.287573 -0.014320
v 0.335137 -0.287540 -0.017107
v 0.334751 -0.287256 -0.019551
v 0.334414 -0.300089 -0.003607
v 0.335207 -0.298444 -0.005641
v 0.335879 -0.297416 -0.008362
v 0.335726 -0.296968 -0.011429
v 0.335237 -0.296621 -0.014511
v 0.334606 -0.295961 -0.017412
v 0.334147 -0.295207 -0.019819
v 0.326018 -0.310356 -0.003040
v 0.327612 -0.309054 -0.005238
v 0.329290 -0.307575 -0.007704
v 0.329680 -0.306480 -0.010804
v 0.329740 -0.305360 -0.014007
v 0.329634 -0.304224 -0.017033
v 0.329731 -0.302877 -0.019833
v 0.313162 -0.322239 -0.002881
v 0.314565 -0.320730 -0.005203
v 0.317498 -0.319260 -0.007442
v 0.319302 -0.317520 -0.010515
v 0.320303 -0.315822 -0.013627
v 0.320834 -0.313900 -0.016950
v 0.321628 -0.312643 -0.019813
v 0.296723 -0.334782 -0.003458
v 0.297037 -0.333714 -0.005994
v 0.300486 -0.332083 -0.008030
v 0.304203 -0.330390 -0.010635
v 0.306128 -0.328491 -0.014283
v 0.307359 -0.326132 -0.017311
v 0.308185 -0.324270 -0.020341
v 0.280337 -0.347305 -0.004228
v 0.278686 -0.346090 -0.006552
v 0.281006 -0.344759 -0.009111
v 0.285050 -0.343127 -0.011599
v 0.288247 -0.340892 -0.014509
v 0.289995 -0.338983 -0.017923
v 0.290896 -0.337127 -0.020985
v 0.266171 -0.357003 -0.004101
v 0.262131 -0.357128 -0.006601
v 0.262689 -0.356164 -0.009307
v 0.266550 -0.354493 -0.011917
v 0.269926 -0.352828 -0.014937
v 0.272257 -0.351237 -0.018043
v 0.272930 -0.349591 -0.021278
v 0.255297 -0.364603 -0.003435
v 0.249209 -0.366802 -0.006367
v 0.248499 -0.366250 -0.008928
v 0.250037 -0.365578 -0.011408
v 0.254373 -0.363386 -0.014328
v 0.256261 -0.361932 -0.017824
v 0.256429 -0.360632 -0.021120
v 0.245267 -0.371226 -0.002429
v 0.239426 -0.373322 -0.005469
v 0.234257 -0.374099 -0.007725
v 0.236487 -0.373114 -0.010491
v 0.239270 -0.372746 -0.013417
v 0.242226 -0.371533 -0.016875
v 0.242582 -0.371266 -0.020563
v 0.236077 -0.376033 -0.001070
v 0.229020 -0.379196 -0.004091
v 0.223351 -0.380405 -0.006669
v 0.221559 -0.379999 -0.009358
v 0.224871 -0.379166 -0.012088
v 0.226925 -0.378509 -0.015578
v 0.225848 -0.378527 -0.019227
v 0.225895 -0.381608 0.000259
v 0.218393 -0.383998 -0.002801
v 0.211752 -0.386236 -0.005530
v 0.208659 -0.386165 -0.007790
v 0.209781 -0.385429 -0.011040
v 0.211122 -0.385420 -0.013996
v 0.209626 -0.386064 -0.017409
v 0.214383 -0.387666 0.001517
v 0.207557 -0.389349 -0.001742
v 0.200985 -0.391933 -0.004630
v 0.197344 -0.393194 -0.007166
v 0.196467 -0.391931 -0.009204
v 0.196871 -0.391884 -0.012448
v 0.193974 -0.392985 -0.016117
v 0.203386 -0.393998 0.002210
v 0.197052 -0.394904 -0.000865
v 0.191729 -0.397444 -0.003984
v 0.187582 -0.399406 -0.006376
v 0.186893 -0.398494 -0.008226
v 0.185006 -0.398369 -0.010974
v 0.182170 -0.398414 -0.014088
v 0.193086 -0.400477 0.002853
v 0.188910 -0.400948 -0.000653
v 0.183974 -0.403267 -0.003716
v 0.181493 -0.404729 -0.005826
v 0.179064 -0.405849 -0.007990
v 0.177962 -0.404307 -0.009797
v 0.174769 -0.405355 -0.013550
v 0.185111 -0.406450 0.003030
v 0.181487 -0.407249 -0.000263
v 0.178330 -0.408599 -0.002982
v 0.175481 -0.410632 -0.005400
v 0.174323 -0.410825 -0.007325
v 0.172839 -0.411353 -0.009915
v 0.172057 -0.411794 -0.013383
v 0.177594 -0.412908 0.003964
v 0.175426 -0.412916 0.000759
v 0.172913 -0.414213 -0.002103
v 0.171219 -0.415891 -0.004531
v 0.170221 -0.417028 -0.007015
v 0.169553 -0.417353 -0.009724
v 0.169103 -0.417845 -0.012897
v 0.172562 -0.417799 0.005153
v 0.170209 -0.418475 0.002246
v 0.168730 -0.419665 -0.000753
v 0.167404 -0.421258 -0.003571
v 0.166385 -0.422418 -0.006221
v 0.165815 -0.422922 -0.009113
v 0.165454 -0.423615 -0.012198
v 0.040872 -0.154649 0.091062
v 0.037272 -0.143993 0.091585
v 0.033738 -0.138810 0.091959
v 0.028985 -0.131828 0.093055
v 0.024824 -0.126040 0.093615
v 0.017872 -0.114548 0.096997
v 0.010367 -0.101977 0.100623
v 0.001710 -0.088042 0.104250
v -0.008023 -0.073085 0.107348
v -0.017384 -0.059041 0.109709
v -0.027624 -0.046486 0.112006
v -0.037989 -0.034848 0.114423
v -0.048558 -0.023125 0.116588
v -0.058087 -0.009762 0.116578
v -0.067261 0.004142 0.116585
v -0.076525 0.019170 0.116160
v -0.084866 0.035528 0.114002
v -0.093244 0.052317 0.112242
v -0.100580 0.069098 0.109471
v -0.107281 0.085907 0.106346
v -0.112771 0.102942 0.103391
v -0.116192 0.118835 0.098661
v -0.120876 0.132641 0.093660
v -0.125867 0.141049 0.087140
v 0.031306 -0.159546 0.083579
v 0.031578 -0.149918 0.082715
v 0.028817 -0.142599 0.082833
v 0.025919 -0.137014 0.082815
v 0.021024 -0.127931 0.084411
v 0.015454 -0.118184 0.086569
v 0.006391 -0.105018 0.090477
v -0.003353 -0.091095 0.093959
v -0.013733 -0.077774 0.097088
v -0.024867 -0.064653 0.099420
v -0.035905 -0.052139 0.101476
v -0.048085 -0.040719 0.103334
v -0.059856 -0.029002 0.105285
v -0.069857 -0.015275 0.105226
v -0.079488 -0.000905 0.104844
v -0.089024 0.014340 0.104480
v -0.096939 0.031261 0.102191
v -0.105077 0.048273 0.099915
v -0.112338 0.065366 0.097243
v -0.118813 0.082414 0.094402
v -0.124724 0.099797 0.091124
v -0.128569 0.116797 0.086891
v -0.133421 0.130083 0.083392
v -0.138179 0.139400 0.076935
v 0.026365 -0.162019 0.074039
v 0.026774 -0.151317 0.072852
v 0.024224 -0.144170 0.072828
v 0.019593 -0.137227 0.073938
v 0.014744 -0.129666 0.075279
v 0.007208 -0.118913 0.078013
v -0.001168 -0.107137 0.081074
v -0.010883 -0.094299 0.083963
v -0.022023 -0.081435 0.086356
v -0.033338 -0.069136 0.088051
v -0.045198 -0.057021 0.089195
v -0.057155 -0.045266 0.090938
v -0.069852 -0.033284 0.092664
v -0.080519 -0.019095 0.092719
v -0.090360 -0.004094 0.092483
v -0.099654 0.011921 0.091731
v -0.107561 0.029188 0.089728
v -0.115385 0.046516 0.087963
v -0.122523 0.063617 0.085322
v -0.129176 0.080712 0.082623
v -0.134263 0.098665 0.079773
v -0.138125 0.115588 0.076344
v -0.142991 0.129566 0.073640
v -0.145686 0.138641 0.069084
v 0.022604 -0.162437 0.063278
v 0.021046 -0.152524 0.063289
v 0.016084 -0.145068 0.064097
v 0.011685 -0.137885 0.064727
v 0.006041 -0.129062 0.065736
v -0.001429 -0.118972 0.067864
v -0.010854 -0.107587 0.070357
v -0.021304 -0.095464 0.072498
v -0.032668 -0.084212 0.074305
v -0.044440 -0.072492 0.075580
v -0.056138 -0.060563 0.076776
v -0.068109 -0.048257 0.077934
v -0.080199 -0.035732 0.079398
v -0.090453 -0.020800 0.079159
v -0.100595 -0.005503 0.079071
v -0.109724 0.011182 0.078728
v -0.117350 0.029001 0.077544
v -0.124971 0.046513 0.075763
v -0.131455 0.063737 0.073506
v -0.137596 0.081077 0.071524
v -0.142435 0.098831 0.069090
v -0.146951 0.116169 0.067579
v -0.150022 0.129237 0.065525
v -0.151910 0.138415 0.062544
v 0.019645 -0.163429 0.052439
v 0.018390 -0.151713 0.051811
v 0.014737 -0.142853 0.052008
v 0.008570 -0.134547 0.052478
v 0.000633 -0.126408 0.053644
v -0.008679 -0.116864 0.055092
v -0.019188 -0.105817 0.056889
v -0.029633 -0.093974 0.058296
v -0.041836 -0.082962 0.059612
v -0.054194 -0.071828 0.060800
v -0.066401 -0.060291 0.062081
v -0.078480 -0.048477 0.063533
v -0.090474 -0.035615 0.064552
v -0.100833 -0.020995 0.064448
v -0.111204 -0.005429 0.064994
v -0.119262 0.012296 0.064590
v -0.126810 0.030312 0.063973
v -0.133911 0.048342 0.063217
v -0.140113 0.065930 0.061501
v -0.145993 0.083724 0.060023
v -0.150282 0.101634 0.058981
v -0.153923 0.117196 0.058385
v -0.156682 0.130432 0.057840
v -0.157119 0.138624 0.056832
v 0.019596 -0.160950 0.039243
v 0.017941 -0.150308 0.038411
v 0.013227 -0.139201 0.039338
v 0.005696 -0.131167 0.039992
v -0.003138 -0.122167 0.040716
v -0.013061 -0.111735 0.041559
v -0.025016 -0.101771 0.042875
v -0.037765 -0.091419 0.044062
v -0.050246 -0.080594 0.045043
v -0.062839 -0.069778 0.045952
v -0.074967 -0.058312 0.047036
v -0.087498 -0.046903 0.047957
v -0.098934 -0.033680 0.048133
v -0.109943 -0.019161 0.048273
v -0.120135 -0.003159 0.048450
v -0.127826 0.015080 0.048888
v -0.135627 0.033503 0.049499
v -0.141250 0.052196 0.048330
v -0.147048 0.070865 0.047400
v -0.151800 0.088812 0.046644
v -0.155508 0.105996 0.046589
v -0.158669 0.121382 0.046708
v -0.161352 0.132171 0.047920
v -0.162538 0.140741 0.048863
v 0.021336 -0.161075 0.022852
v 0.016774 -0.146530 0.024222
v 0.012428 -0.136009 0.025301
v 0.003052 -0.127127 0.026384
v -0.006389 -0.118159 0.027187
v -0.018019 -0.108886 0.028406
v -0.031280 -0.099289 0.029351
v -0.044057 -0.089025 0.030173
v -0.056496 -0.078419 0.030726
v -0.068864 -0.067622 0.031318
v -0.081028 -0.056789 0.031813
v -0.093598 -0.045297 0.032346
v -0.104602 -0.031477 0.031919
v -0.116193 -0.016924 0.031501
v -0.125177 0.000569 0.031823
v -0.133806 0.018479 0.032622
v -0.140867 0.037583 0.032916
v -0.146524 0.057038 0.032672
v -0.151596 0.075980 0.031972
v -0.155492 0.094971 0.031840
v -0.158792 0.111753 0.031795
v -0.161542 0.125187 0.032798
v -0.164046 0.136855 0.033470
v -0.166070 0.145795 0.034892
v 0.203459 -0.210610 -0.071304
v 0.235116 -0.196156 -0.046861
v 0.261048 -0.181854 -0.030550
v 0.281890 -0.188832 -0.025571
v 0.295564 -0.196506 -0.026071
v 0.305905 -0.204066 -0.028156
v 0.312371 -0.212473 -0.030878
v 0.318091 -0.221550 -0.033681
v 0.323422 -0.231143 -0.035489
v 0.328298 -0.242073 -0.037689
v 0.333540 -0.253966 -0.039180
v 0.337608 -0.264860 -0.039711
v 0.342170 -0.277228 -0.039689
v 0.344032 -0.289238 -0.039304
v 0.341042 -0.301263 -0.039455
v 0.331659 -0.313492 -0.040183
v 0.317554 -0.326673 -0.040842
v 0.301078 -0.340602 -0.041988
v 0.283976 -0.354058 -0.042533
v 0.270185 -0.364611 -0.043351
v 0.259140 -0.373159 -0.043874
v 0.248900 -0.380391 -0.044358
v 0.239112 -0.386707 -0.044723
v 0.229102 -0.392769 -0.044639
v 0.217944 -0.399747 -0.044175
v 0.208278 -0.405516 -0.043129
v 0.199029 -0.411027 -0.041534
v 0.191463 -0.416342 -0.039488
v 0.185142 -0.421786 -0.037163
v 0.177923 -0.427574 -0.036293
v 0.203031 -0.217254 -0.063045
v 0.234605 -0.199451 -0.041908
v 0.258715 -0.181831 -0.024886
v 0.280846 -0.190092 -0.023170
v 0.294872 -0.197025 -0.024576
v 0.304975 -0.204738 -0.026454
v 0.311648 -0.213388 -0.029256
v 0.316707 -0.221765 -0.031618
v 0.322004 -0.231567 -0.033831
v 0.326597 -0.241601 -0.035550
v 0.331157 -0.252089 -0.036340
v 0.335939 -0.263362 -0.036900
v 0.339928 -0.274405 -0.036853
v 0.342799 -0.285938 -0.036759
v 0.341989 -0.298479 -0.036366
v 0.333651 -0.310569 -0.037271
v 0.319378 -0.323583 -0.038244
v 0.301195 -0.338013 -0.039199
v 0.282397 -0.351602 -0.040670
v 0.265518 -0.363853 -0.041586
v 0.251911 -0.374343 -0.041128
v 0.241315 -0.382082 -0.041209
v 0.229947 -0.389076 -0.041307
v 0.219010 -0.395136 -0.041552
v 0.208655 -0.400790 -0.041443
v 0.199967 -0.406220 -0.040402
v 0.193054 -0.410901 -0.038962
v 0.186995 -0.415899 -0.036901
v 0.180494 -0.421658 -0.034845
v 0.175801 -0.426717 -0.033899
v 0.203643 -0.220793 -0.055019
v 0.233851 -0.201571 -0.037518
v 0.257451 -0.184250 -0.020780
v 0.279579 -0.190929 -0.021625
v 0.294280 -0.197507 -0.023180
v 0.304278 -0.205416 -0.024949
v 0.310276 -0.213658 -0.027127
v 0.315418 -0.222434 -0.029584
v 0.320504 -0.231659 -0.031573
v 0.325424 -0.242101 -0.033155
v 0.330055 -0.252630 -0.033943
v 0.334180 -0.263131 -0.034040
v 0.338008 -0.273834 -0.034107
v 0.340748 -0.284792 -0.033955
v 0.340938 -0.295585 -0.033703
v 0.335071 -0.307621 -0.033925
v 0.322810 -0.320255 -0.035129
v 0.305438 -0.334941 -0.036169
v 0.284898 -0.349114 -0.037278
v 0.265734 -0.361872 -0.037857
v 0.250434 -0.372895 -0.038202
v 0.234970 -0.381948 -0.038549
v 0.222296 -0.389299 -0.038780
v 0.209583 -0.396752 -0.038119
v 0.200400 -0.402291 -0.037801
v 0.192516 -0.408009 -0.036314
v 0.187341 -0.411955 -0.035155
v 0.182324 -0.416317 -0.033747
v 0.177491 -0.421172 -0.032543
v 0.172740 -0.426511 -0.031211
v 0.203592 -0.222690 -0.047492
v 0.234479 -0.202431 -0.032874
v 0.255801 -0.187521 -0.019072
v 0.279260 -0.191921 -0.020431
v 0.294111 -0.198171 -0.021939
v 0.303384 -0.205926 -0.023351
v 0.309054 -0.213866 -0.025214
v 0.313730 -0.222408 -0.027333
v 0.318904 -0.231969 -0.029260
v 0.324092 -0.242640 -0.030818
v 0.328747 -0.253426 -0.031438
v 0.332845 -0.264252 -0.031497
v 0.336447 -0.274668 -0.031328
v 0.338802 -0.284575 -0.031280
v 0.338877 -0.294427 -0.030901
v 0.334708 -0.304902 -0.031123
v 0.324382 -0.317189 -0.031799
v 0.308625 -0.331329 -0.033024
v 0.288855 -0.345556 -0.034181
v 0.269010 -0.358725 -0.034870
v 0.251451 -0.371325 -0.034645
v 0.235374 -0.380507 -0.034720
v 0.218787 -0.388426 -0.035102
v 0.205117 -0.395444 -0.035405
v 0.192899 -0.403528 -0.034005
v 0.187164 -0.408127 -0.033165
v 0.182320 -0.412906 -0.031617
v 0.178992 -0.416733 -0.030639
v 0.174719 -0.421187 -0.029480
v 0.171068 -0.426412 -0.028166
v 0.205163 -0.222787 -0.040158
v 0.234196 -0.204255 -0.029374
v 0.255998 -0.188298 -0.017695
v 0.279269 -0.192796 -0.019261
v 0.293919 -0.198731 -0.020641
v 0.302976 -0.206669 -0.022008
v 0.307845 -0.213980 -0.023367
v 0.312010 -0.222259 -0.025203
v 0.317271 -0.231897 -0.027059
v 0.322389 -0.242599 -0.028393
v 0.327332 -0.254084 -0.029014
v 0.331453 -0.265063 -0.029005
v 0.334872 -0.275484 -0.028718
v 0.336976 -0.284926 -0.028691
v 0.337142 -0.293919 -0.028543
v 0.333132 -0.303310 -0.028756
v 0.324889 -0.314790 -0.029099
v 0.310178 -0.328044 -0.030366
v 0.291521 -0.342070 -0.031444
v 0.272043 -0.355345 -0.032130
v 0.254119 -0.367288 -0.031813
v 0.236933 -0.377797 -0.031706
v 0.219535 -0.386378 -0.031558
v 0.202626 -0.394522 -0.031361
v 0.190919 -0.401168 -0.031263
v 0.181682 -0.408237 -0.030182
v 0.178878 -0.412440 -0.028709
v 0.175520 -0.416780 -0.027534
v 0.172654 -0.421148 -0.026482
v 0.169525 -0.426122 -0.025130
v 0.205035 -0.223559 -0.032966
v 0.234054 -0.205165 -0.025507
v 0.257104 -0.191849 -0.015532
v 0.278649 -0.194381 -0.017974
v 0.294105 -0.199993 -0.019194
v 0.301643 -0.207145 -0.020762
v 0.306819 -0.214241 -0.021936
v 0.311235 -0.222179 -0.023260
v 0.315533 -0.231675 -0.024851
v 0.320930 -0.242694 -0.026138
v 0.325801 -0.254217 -0.026631
v 0.330064 -0.265678 -0.026559
v 0.333527 -0.276142 -0.026397
v 0.335645 -0.285462 -0.026357
v 0.335808 -0.293892 -0.026363
v 0.331992 -0.302317 -0.026661
v 0.324442 -0.313086 -0.026790
v 0.310648 -0.325562 -0.028023
v 0.292748 -0.339238 -0.029164
v 0.273660 -0.352132 -0.029703
v 0.255613 -0.364040 -0.029854
v 0.238325 -0.374614 -0.028910
v 0.220386 -0.383723 -0.028713
v 0.202892 -0.392030 -0.028106
v 0.187801 -0.399689 -0.027695
v 0.178960 -0.405604 -0.027667
v 0.174901 -0.411711 -0.025373
v 0.172963 -0.415869 -0.024687
v 0.170501 -0.420496 -0.023432
v 0.167458 -0.425875 -0.022087
v 0.201002 -0.223490 -0.024920
v 0.233825 -0.204782 -0.021381
v 0.256166 -0.193666 -0.018680
v 0.279168 -0.193975 -0.017357
v 0.292256 -0.200829 -0.018885
v 0.301006 -0.207707 -0.020060
v 0.306398 -0.214273 -0.020688
v 0.310755 -0.222018 -0.021526
v 0.315307 -0.231870 -0.022819
v 0.319927 -0.242778 -0.023780
v 0.324868 -0.254618 -0.024102
v 0.329407 -0.266195 -0.024021
v 0.333180 -0.276745 -0.023915
v 0.335299 -0.285969 -0.024070
v 0.335341 -0.294136 -0.024225
v 0.331450 -0.302176 -0.024458
v 0.323541 -0.312081 -0.024782
v 0.310124 -0.324000 -0.025812
v 0.292710 -0.337302 -0.026818
v 0.273790 -0.350062 -0.027513
v 0.255894 -0.361309 -0.027552
v 0.239499 -0.372303 -0.026678
v 0.220955 -0.380765 -0.026011
v 0.202997 -0.389338 -0.024882
v 0.187569 -0.396462 -0.024341
v 0.176340 -0.403137 -0.023325
v 0.173977 -0.409745 -0.021730
v 0.172004 -0.414928 -0.020571
v 0.169071 -0.419918 -0.019902
v 0.166362 -0.425029 -0.018839
v 0.013225 -0.099600 -0.076292
v 0.009664 -0.104571 -0.065181
v 0.008627 -0.113030 -0.054253
v 0.009089 -0.121277 -0.043371
v 0.012823 -0.131001 -0.033831
v 0.015328 -0.140678 -0.023339
v 0.021257 -0.150026 -0.010925
v 0.021721 -0.091113 -0.073066
v 0.015673 -0.098088 -0.063032
v 0.013331 -0.105602 -0.052285
v 0.013895 -0.114062 -0.041463
v 0.012912 -0.122345 -0.030298
v 0.015210 -0.131031 -0.019357
v 0.018134 -0.137344 -0.006409
v 0.025841 -0.086034 -0.069805
v 0.019410 -0.091786 -0.061540
v 0.016152 -0.098962 -0.050803
v 0.013822 -0.106514 -0.039168
v 0.012134 -0.114668 -0.028024
v 0.010719 -0.122758 -0.016730
v 0.009958 -0.129679 -0.003873
v 0.023499 -0.079233 -0.070102
v 0.016380 -0.086680 -0.062274
v 0.011036 -0.094392 -0.051857
v 0.007759 -0.101291 -0.039598
v 0.005980 -0.108125 -0.026841
v 0.003829 -0.115880 -0.015092
v 0.000958 -0.123219 -0.002803
v 0.017589 -0.073800 -0.070505
v 0.011408 -0.081378 -0.062344
v 0.004759 -0.089401 -0.052722
v 0.000272 -0.096490 -0.040234
v -0.003322 -0.103693 -0.027711
v -0.006709 -0.111123 -0.015368
v -0.009236 -0.115873 -0.001454
v 0.007523 -0.068109 -0.071675
v 0.002460 -0.076128 -0.063340
v -0.003977 -0.084227 -0.053512
v -0.009871 -0.091456 -0.040988
v -0.014110 -0.097415 -0.027395
v -0.018274 -0.103617 -0.014347
v -0.020911 -0.107215 0.000206
v -0.003924 -0.061325 -0.073090
v -0.008633 -0.069949 -0.064316
v -0.015630 -0.078774 -0.054625
v -0.021766 -0.086252 -0.042098
v -0.026671 -0.090869 -0.027391
v -0.030798 -0.095194 -0.013216
v -0.033852 -0.097359 0.001465
v -0.016075 -0.053655 -0.074448
v -0.020608 -0.062236 -0.064948
v -0.027086 -0.071374 -0.055386
v -0.034510 -0.078796 -0.042892
v -0.039619 -0.083381 -0.028021
v -0.043578 -0.085957 -0.012800
v -0.046392 -0.087232 0.002025
v -0.026906 -0.045474 -0.076291
v -0.032025 -0.052899 -0.065226
v -0.037967 -0.061550 -0.055097
v -0.045505 -0.068678 -0.042918
v -0.050936 -0.072918 -0.028458
v -0.055295 -0.075584 -0.013171
v -0.058416 -0.076863 0.002115
v -0.037557 -0.035448 -0.077493
v -0.042241 -0.044065 -0.066436
v -0.049611 -0.051614 -0.055733
v -0.056514 -0.057999 -0.043757
v -0.062348 -0.062281 -0.029198
v -0.066990 -0.065222 -0.013668
v -0.070360 -0.066352 0.001973
v -0.045212 -0.026593 -0.078542
v -0.053077 -0.034010 -0.067658
v -0.060442 -0.041221 -0.056919
v -0.067916 -0.047033 -0.044279
v -0.073939 -0.051270 -0.029858
v -0.079028 -0.054377 -0.013945
v -0.082293 -0.055737 0.002109
v -0.053145 -0.017023 -0.079704
v -0.062734 -0.024037 -0.069187
v -0.071157 -0.030234 -0.057636
v -0.079200 -0.035309 -0.044905
v -0.086168 -0.039669 -0.030284
v -0.091476 -0.042914 -0.014355
v -0.094988 -0.044228 0.002154
v -0.060726 -0.006667 -0.080342
v -0.071935 -0.012914 -0.069638
v -0.081382 -0.018014 -0.057712
v -0.090018 -0.022358 -0.044552
v -0.097279 -0.025924 -0.030161
v -0.102745 -0.028832 -0.014264
v -0.105726 -0.029816 0.001669
v -0.068161 0.004738 -0.079777
v -0.080325 -0.000446 -0.068878
v -0.090783 -0.004731 -0.056616
v -0.100077 -0.007982 -0.043636
v -0.107709 -0.010898 -0.029536
v -0.113771 -0.013311 -0.014417
v -0.117004 -0.014468 0.001172
v -0.075551 0.016930 -0.079541
v -0.088763 0.012801 -0.068192
v -0.100208 0.009666 -0.055991
v -0.109684 0.007652 -0.042710
v -0.117595 0.005997 -0.028858
v -0.123433 0.004182 -0.014033
v -0.126654 0.003298 0.001256
v -0.082565 0.030640 -0.078948
v -0.095847 0.027893 -0.066874
v -0.107482 0.026272 -0.054371
v -0.116915 0.025808 -0.041023
v -0.125802 0.025229 -0.027850
v -0.131994 0.023721 -0.013586
v -0.135777 0.022108 0.001468
v -0.089009 0.045897 -0.077991
v -0.102160 0.044100 -0.065575
v -0.113972 0.043992 -0.053044
v -0.124845 0.045293 -0.040343
v -0.133233 0.045823 -0.027423
v -0.139796 0.044910 -0.013241
v -0.142834 0.042758 0.001634
v -0.095329 0.061723 -0.076656
v -0.108187 0.061119 -0.064580
v -0.120830 0.062785 -0.051899
v -0.131870 0.066869 -0.040144
v -0.140903 0.067567 -0.026774
v -0.146387 0.066799 -0.013146
v -0.149007 0.064247 0.001573
v -0.101386 0.078525 -0.074966
v -0.114581 0.079407 -0.062614
v -0.127772 0.085340 -0.051782
v -0.139594 0.087732 -0.039571
v -0.147604 0.092431 -0.026872
v -0.151408 0.088954 -0.012715
v -0.153067 0.085441 0.001663
v -0.108989 0.097542 -0.072519
v -0.122328 0.101007 -0.061927
v -0.136530 0.106243 -0.051736
v -0.148578 0.114414 -0.040960
v -0.153904 0.112793 -0.027505
v -0.156194 0.111363 -0.013081
v -0.156829 0.105116 0.001308
v -0.118077 0.118117 -0.070958
v -0.133930 0.122220 -0.062806
v -0.147011 0.129759 -0.053077
v -0.155113 0.133613 -0.041591
v -0.159781 0.134464 -0.028857
v -0.159583 0.128485 -0.014893
v -0.159711 0.122591 0.000520
v -0.128635 0.137911 -0.071988
v -0.144324 0.141894 -0.063388
v -0.155957 0.146992 -0.053508
v -0.163423 0.149770 -0.043374
v -0.166628 0.147172 -0.031309
v -0.163691 0.142995 -0.016739
v -0.162123 0.136364 -0.001150
v -0.133609 0.153860 -0.072685
v -0.151711 0.156355 -0.064004
v -0.162583 0.159368 -0.054756
v -0.169319 0.159586 -0.044463
v -0.171970 0.157053 -0.032786
v -0.168391 0.153666 -0.019331
v -0.164537 0.149414 -0.003027
v -0.139551 0.167278 -0.072723
v -0.153804 0.166598 -0.065781
v -0.166581 0.167239 -0.055432
v -0.172293 0.167084 -0.045166
v -0.175408 0.164705 -0.034257
v -0.173886 0.163909 -0.021800
v -0.167314 0.159486 -0.004773
v 0.052135 0.177407 0.091651
v 0.068858 0.176494 0.084711
v 0.082005 0.174613 0.076075
v 0.092909 0.171472 0.066090
v 0.102104 0.168177 0.055245
v 0.108674 0.165925 0.043619
v 0.111756 0.165629 0.031778
v 0.054076 0.183022 0.092016
v 0.070523 0.181322 0.084996
v 0.083413 0.179054 0.076376
v 0.094362 0.175751 0.066127
v 0.102694 0.172672 0.054984
v 0.108338 0.170828 0.043291
v 0.111799 0.170583 0.030956
v 0.056384 0.187403 0.092744
v 0.072159 0.185859 0.085593
v 0.084937 0.183317 0.076412
v 0.094357 0.180759 0.065680
v 0.102393 0.177517 0.054677
v 0.108152 0.176259 0.042989
v 0.112022 0.176659 0.030948
v 0.058334 0.192004 0.093576
v 0.073725 0.190167 0.085665
v 0.085143 0.188365 0.075708
v 0.094208 0.185591 0.065094
v 0.102112 0.183727 0.054291
v 0.108040 0.181746 0.042912
v 0.115336 0.182312 0.030884
v 0.060933 0.197077 0.093172
v 0.074888 0.195470 0.084238
v 0.085132 0.193398 0.074591
v 0.093714 0.191550 0.063998
v 0.101909 0.189293 0.053453
v 0.108247 0.188307 0.041872
v 0.116655 0.188233 0.030166
v 0.062958 0.203939 0.090187
v 0.074858 0.201445 0.081419
v 0.085623 0.199448 0.072484
v 0.093918 0.197504 0.062595
v 0.101829 0.195533 0.052104
v 0.108632 0.194292 0.040771
v 0.117427 0.194814 0.029162
v 0.010822 0.176153 0.107745
v 0.014281 0.182118 0.108043
v 0.018411 0.187389 0.108292
v 0.021937 0.193464 0.107962
v 0.026559 0.199765 0.106942
v 0.030494 0.208803 0.105900
v -0.009716 0.174230 0.115071
v -0.006012 0.180442 0.115374
v -0.001528 0.187101 0.114293
v 0.003856 0.193468 0.113602
v 0.008624 0.201140 0.113116
v 0.014114 0.210820 0.112193
v -0.028895 0.172406 0.120050
v -0.026683 0.179584 0.120016
v -0.021231 0.186796 0.119204
v -0.016218 0.194301 0.117982
v -0.010456 0.202622 0.116917
v -0.004787 0.213028 0.115821
v -0.048310 0.170531 0.123060
v -0.047001 0.178724 0.123500
v -0.044582 0.187356 0.122634
v -0.038575 0.195582 0.121343
v -0.032091 0.204551 0.120006
v -0.026483 0.216478 0.118914
v -0.067347 0.168640 0.122972
v -0.069645 0.177449 0.124774
v -0.067090 0.186664 0.124984
v -0.063973 0.196895 0.124697
v -0.057054 0.207157 0.122989
v -0.048926 0.219574 0.121153
v -0.086892 0.165172 0.122465
v -0.089175 0.173990 0.124736
v -0.091468 0.185061 0.127215
v -0.086915 0.195731 0.126916
v -0.081533 0.208180 0.126168
v -0.073967 0.221690 0.124224
v -0.104337 0.160604 0.116648
v -0.108291 0.170197 0.122459
v -0.109195 0.180500 0.125022
v -0.109897 0.192941 0.126837
v -0.105188 0.204868 0.127340
v -0.097260 0.222541 0.126769
v 0.069210 0.187837 -0.046118
v 0.070050 0.193012 -0.047320
v 0.069492 0.198753 -0.048573
v 0.066745 0.205537 -0.049334
v 0.063567 0.213047 -0.049410
v 0.061092 0.221067 -0.048562
v 0.079987 0.185941 -0.039298
v 0.080089 0.190619 -0.040495
v 0.078956 0.195936 -0.041999
v 0.076491 0.202038 -0.042857
v 0.073257 0.208738 -0.043154
v 0.070841 0.216422 -0.041994
v 0.088921 0.183158 -0.031769
v 0.088754 0.187827 -0.033092
v 0.087764 0.192930 -0.034633
v 0.085235 0.198863 -0.035797
v 0.082291 0.205256 -0.035994
v 0.080184 0.212160 -0.035023
v 0.097035 0.179745 -0.022895
v 0.096175 0.184430 -0.023831
v 0.094819 0.189609 -0.025111
v 0.093082 0.195277 -0.026453
v 0.090950 0.201669 -0.027211
v 0.089122 0.208614 -0.026555
v 0.103999 0.175892 -0.012644
v 0.102640 0.180575 -0.013537
v 0.101163 0.185690 -0.014759
v 0.099789 0.191562 -0.016063
v 0.098128 0.198087 -0.017285
v 0.096931 0.204824 -0.017166
v 0.109184 0.171945 -0.001755
v 0.107821 0.176935 -0.003004
v 0.106553 0.182195 -0.004299
v 0.105142 0.188259 -0.005943
v 0.103980 0.194564 -0.006941
v 0.102541 0.201408 -0.007720
v 0.111804 0.168591 0.009280
v 0.110961 0.173765 0.007702
v 0.110179 0.180041 0.006177
v 0.109680 0.185918 0.004937
v 0.108706 0.192267 0.003165
v 0.108072 0.198605 0.002864
v 0.040256 0.189948 -0.061785
v 0.022587 0.190170 -0.070344
v 0.004151 0.189871 -0.077181
v -0.016782 0.190327 -0.083364
v -0.042342 0.190966 -0.087671
v -0.066683 0.192208 -0.091767
v -0.097739 0.195401 -0.096423
v 0.043271 0.197145 -0.061724
v 0.027164 0.198242 -0.069161
v 0.008565 0.199663 -0.076061
v -0.012866 0.200644 -0.082014
v -0.037470 0.202685 -0.086638
v -0.065823 0.205164 -0.091567
v -0.088036 0.208855 -0.095835
v 0.044065 0.204580 -0.062175
v 0.028282 0.207192 -0.069699
v 0.010011 0.209349 -0.076165
v -0.012476 0.212039 -0.081890
v -0.037749 0.214881 -0.086288
v -0.062335 0.218659 -0.090474
v -0.087284 0.223683 -0.095619
v 0.042237 0.213087 -0.062868
v 0.026823 0.216602 -0.070067
v 0.007704 0.220014 -0.075751
v -0.014891 0.223911 -0.081843
v -0.040005 0.228382 -0.086425
v -0.064275 0.233133 -0.090399
v -0.086151 0.238772 -0.093862
v 0.039300 0.222172 -0.063288
v 0.024190 0.226646 -0.070439
v 0.004633 0.231374 -0.076737
v -0.018225 0.236528 -0.081523
v -0.043330 0.242101 -0.085780
v -0.066489 0.248151 -0.088534
v -0.087146 0.254183 -0.091770
v 0.037549 0.232108 -0.063386
v 0.021653 0.237524 -0.070495
v 0.003160 0.243591 -0.077192
v -0.019934 0.249887 -0.082190
v -0.043556 0.256710 -0.086560
v -0.065933 0.263295 -0.088385
v -0.086828 0.269258 -0.087394
v -0.147045 0.143114 0.084447
v -0.153990 0.138677 0.085614
v -0.160205 0.133181 0.087298
v -0.168952 0.130345 0.089208
v -0.179696 0.125070 0.089295
v -0.191340 0.119945 0.089641
v -0.204768 0.114549 0.088731
v -0.219014 0.108895 0.087912
v -0.232795 0.102755 0.087118
v -0.245032 0.096455 0.086336
v -0.254641 0.090868 0.085485
v -0.261661 0.085447 0.085538
v -0.267491 0.080487 0.085924
v -0.273809 0.076420 0.086301
v -0.281259 0.073846 0.086184
v -0.289578 0.071647 0.086142
v -0.298894 0.068576 0.085959
v -0.309557 0.064325 0.085642
v -0.321517 0.058778 0.085173
v -0.334217 0.051862 0.084875
v -0.347326 0.044483 0.084339
v -0.360536 0.036503 0.083652
v -0.372816 0.028251 0.083196
v -0.384066 0.020104 0.083097
v -0.394209 0.016426 0.082607
v -0.403348 0.016469 0.082205
v -0.412733 0.019803 0.081357
v -0.422859 0.022710 0.080711
v -0.433874 0.024697 0.081106
v -0.441810 0.020376 0.082458
v -0.448551 0.018284 0.084022
v -0.454917 0.014942 0.085385
v -0.153523 0.142593 0.076791
v -0.158350 0.138973 0.078619
v -0.162961 0.134274 0.080292
v -0.170021 0.128703 0.081325
v -0.178873 0.123941 0.082727
v -0.190584 0.118803 0.083182
v -0.203318 0.113103 0.083416
v -0.217250 0.107073 0.083306
v -0.231497 0.101205 0.082878
v -0.243639 0.094872 0.082401
v -0.253382 0.089130 0.081840
v -0.260382 0.083680 0.081671
v -0.266497 0.079062 0.081794
v -0.272978 0.075327 0.081901
v -0.280363 0.072763 0.082276
v -0.288629 0.070772 0.082568
v -0.297975 0.068053 0.082712
v -0.308420 0.063521 0.082641
v -0.319951 0.057341 0.082529
v -0.332510 0.050373 0.082206
v -0.345556 0.042913 0.081810
v -0.358551 0.035130 0.081178
v -0.371551 0.026746 0.080195
v -0.382868 0.018408 0.079641
v -0.393644 0.014699 0.079082
v -0.403189 0.014620 0.079093
v -0.412596 0.018376 0.078610
v -0.423244 0.022086 0.078337
v -0.434141 0.024410 0.078382
v -0.442381 0.020199 0.079233
v -0.450014 0.017730 0.079888
v -0.456013 0.014202 0.081458
v -0.157389 0.143247 0.071118
v -0.161544 0.139765 0.073054
v -0.166043 0.135341 0.074061
v -0.171453 0.129834 0.074690
v -0.179952 0.124221 0.075761
v -0.190675 0.119602 0.077046
v -0.202980 0.114047 0.077730
v -0.216423 0.108024 0.078055
v -0.230169 0.101772 0.078278
v -0.242802 0.095336 0.077991
v -0.252628 0.089605 0.077726
v -0.259791 0.083848 0.077473
v -0.266051 0.079145 0.077408
v -0.272754 0.075456 0.077600
v -0.280227 0.072854 0.078122
v -0.288673 0.070791 0.078903
v -0.297991 0.068132 0.079465
v -0.308257 0.063593 0.079605
v -0.319294 0.057334 0.079264
v -0.331435 0.050426 0.078911
v -0.344092 0.043175 0.078498
v -0.357163 0.035567 0.077784
v -0.369880 0.027425 0.076983
v -0.381664 0.019028 0.075821
v -0.392642 0.014842 0.075441
v -0.402446 0.014143 0.075844
v -0.412246 0.017704 0.076003
v -0.422771 0.021823 0.075794
v -0.433974 0.024245 0.075612
v -0.442613 0.020381 0.075659
v -0.449831 0.017924 0.076231
v -0.456843 0.014224 0.077333
v -0.160306 0.144458 0.066092
v -0.164214 0.141167 0.067440
v -0.168659 0.137204 0.068222
v -0.174113 0.131722 0.068388
v -0.181969 0.126205 0.069409
v -0.192221 0.121633 0.071317
v -0.203501 0.116246 0.072524
v -0.216319 0.110237 0.073256
v -0.229553 0.103706 0.073743
v -0.241662 0.097163 0.073942
v -0.252047 0.091293 0.073976
v -0.259305 0.085412 0.073660
v -0.265972 0.080559 0.073405
v -0.273003 0.076819 0.073447
v -0.281324 0.074220 0.074216
v -0.290103 0.072113 0.075447
v -0.299740 0.068942 0.076436
v -0.309632 0.064575 0.076648
v -0.320404 0.058530 0.076179
v -0.331816 0.051936 0.075698
v -0.343962 0.044965 0.075079
v -0.356478 0.037688 0.074892
v -0.368837 0.029772 0.073518
v -0.380654 0.022455 0.072427
v -0.391300 0.017093 0.072011
v -0.401461 0.015158 0.072118
v -0.411446 0.017723 0.073122
v -0.422031 0.021780 0.073348
v -0.433357 0.024441 0.072950
v -0.442225 0.020959 0.072291
v -0.450128 0.018291 0.072367
v -0.457299 0.014181 0.073520
v -0.162932 0.146435 0.060683
v -0.166839 0.143428 0.062230
v -0.171555 0.139871 0.062471
v -0.177304 0.134671 0.062776
v -0.185471 0.129826 0.064605
v -0.194873 0.125000 0.066817
v -0.205743 0.119521 0.068086
v -0.217438 0.113744 0.069419
v -0.229576 0.106724 0.069561
v -0.241253 0.099833 0.069818
v -0.251278 0.093808 0.070132
v -0.259165 0.088173 0.070024
v -0.266249 0.083375 0.069840
v -0.274246 0.079653 0.070113
v -0.282991 0.076964 0.071343
v -0.292913 0.074568 0.073363
v -0.302617 0.071164 0.074786
v -0.312897 0.066369 0.075713
v -0.323071 0.060702 0.075517
v -0.334182 0.054493 0.075086
v -0.345657 0.047844 0.074606
v -0.357367 0.041080 0.073943
v -0.369157 0.033979 0.072992
v -0.379932 0.027207 0.071361
v -0.390623 0.021451 0.069404
v -0.400085 0.018818 0.068969
v -0.410492 0.019541 0.069914
v -0.421304 0.022459 0.070963
v -0.432731 0.024668 0.070522
v -0.442050 0.021452 0.068870
v -0.450951 0.018354 0.068665
v -0.457323 0.014299 0.069662
v -0.165250 0.149505 0.055304
v -0.169988 0.147174 0.056294
v -0.175019 0.143497 0.058297
v -0.181436 0.139149 0.059225
v -0.189277 0.134260 0.061550
v -0.198458 0.129300 0.063760
v -0.208501 0.124051 0.065543
v -0.219592 0.118248 0.067122
v -0.230971 0.111600 0.067628
v -0.242118 0.104860 0.068026
v -0.251772 0.098577 0.068637
v -0.260024 0.092971 0.068933
v -0.267384 0.087765 0.067758
v -0.275490 0.083204 0.067455
v -0.285366 0.079900 0.068854
v -0.295344 0.077332 0.071840
v -0.305763 0.073516 0.074099
v -0.315750 0.068391 0.075033
v -0.326000 0.062749 0.075209
v -0.336689 0.056708 0.074827
v -0.347589 0.050736 0.074222
v -0.358640 0.044549 0.073425
v -0.368942 0.038452 0.072456
v -0.379594 0.031699 0.069666
v -0.389137 0.026839 0.067641
v -0.399755 0.023505 0.067334
v -0.409375 0.023518 0.068275
v -0.420279 0.024613 0.068758
v -0.432149 0.025631 0.068204
v -0.442520 0.021946 0.065644
v -0.450347 0.017897 0.064446
v -0.459096 0.013545 0.065164
v -0.168029 0.155629 0.046404
v -0.173133 0.151661 0.052640
v -0.178616 0.148581 0.055494
v -0.185376 0.143665 0.058342
v -0.193105 0.139053 0.060194
v -0.201853 0.134105 0.061950
v -0.211486 0.128972 0.063546
v -0.221802 0.123305 0.065134
v -0.232575 0.116725 0.065868
v -0.242939 0.110002 0.066524
v -0.252385 0.103704 0.067204
v -0.260764 0.097941 0.067137
v -0.268466 0.092277 0.066077
v -0.277364 0.087320 0.065464
v -0.287257 0.083052 0.066871
v -0.297579 0.079932 0.070092
v -0.307865 0.075749 0.072568
v -0.317815 0.070474 0.073499
v -0.328193 0.064899 0.073945
v -0.338514 0.059437 0.073592
v -0.349070 0.053833 0.072822
v -0.359051 0.048295 0.071887
v -0.369022 0.042596 0.070717
v -0.378914 0.036959 0.068879
v -0.389217 0.031280 0.066542
v -0.399065 0.028790 0.065777
v -0.408940 0.027416 0.066594
v -0.419443 0.027148 0.067268
v -0.432042 0.027202 0.065657
v -0.441424 0.022285 0.062318
v -0.450547 0.017373 0.059526
v -0.458820 0.011970 0.058760
v -0.137170 0.152731 0.104826
v -0.137066 0.160941 0.113602
v -0.138867 0.170258 0.118076
v -0.140778 0.180688 0.119589
v -0.141771 0.191796 0.120413
v -0.140991 0.205633 0.121262
v -0.149861 0.148652 0.103635
v -0.149688 0.155404 0.111597
v -0.151402 0.164170 0.116251
v -0.153155 0.173775 0.118237
v -0.154458 0.183789 0.118409
v -0.155384 0.195241 0.117412
v -0.160490 0.143239 0.103052
v -0.161960 0.149647 0.110434
v -0.163545 0.157837 0.114592
v -0.165341 0.166441 0.116450
v -0.166435 0.176467 0.116495
v -0.168127 0.185144 0.117342
v -0.171784 0.138405 0.102687
v -0.173658 0.144128 0.108435
v -0.175599 0.151131 0.112475
v -0.177616 0.159127 0.115534
v -0.179850 0.167077 0.114642
v -0.180664 0.177286 0.116174
v -0.183465 0.133011 0.101312
v -0.185584 0.138307 0.106519
v -0.187895 0.144436 0.110260
v -0.190231 0.151310 0.113049
v -0.192023 0.159598 0.112858
v -0.195287 0.166433 0.112969
v -0.195599 0.126766 0.100458
v -0.197968 0.131752 0.104964
v -0.200231 0.137590 0.108282
v -0.202761 0.143991 0.110610
v -0.205243 0.150986 0.110796
v -0.207323 0.158103 0.109821
v -0.208466 0.119882 0.099263
v -0.210941 0.124832 0.103155
v -0.213310 0.130418 0.106642
v -0.215316 0.136673 0.107772
v -0.217597 0.143184 0.108640
v -0.220139 0.149171 0.106458
v -0.222101 0.113042 0.097897
v -0.224471 0.117917 0.101435
v -0.226565 0.123037 0.104712
v -0.227991 0.129739 0.105294
v -0.230541 0.135031 0.106228
v -0.232740 0.140563 0.103930
v -0.235336 0.106722 0.096312
v -0.237473 0.111236 0.099465
v -0.238991 0.116401 0.102822
v -0.240985 0.121835 0.103096
v -0.241896 0.128020 0.102748
v -0.245031 0.131549 0.101364
v -0.247236 0.101051 0.094377
v -0.248664 0.105205 0.097613
v -0.250277 0.109726 0.100616
v -0.251320 0.115532 0.101630
v -0.253630 0.119696 0.101697
v -0.255716 0.124112 0.100164
v -0.256722 0.095892 0.093024
v -0.258093 0.099713 0.096317
v -0.259335 0.104135 0.099324
v -0.260984 0.108715 0.101164
v -0.262613 0.113483 0.101194
v -0.265035 0.117353 0.100136
v -0.263921 0.090413 0.093304
v -0.265315 0.094195 0.097020
v -0.266679 0.098343 0.100640
v -0.268626 0.103201 0.102618
v -0.270939 0.107917 0.102731
v -0.273438 0.112316 0.101506
v -0.270258 0.085522 0.094004
v -0.272046 0.089330 0.097642
v -0.273925 0.093388 0.101318
v -0.276339 0.098229 0.102975
v -0.278785 0.102853 0.103007
v -0.281343 0.107266 0.101346
v -0.277042 0.081603 0.093967
v -0.279210 0.085155 0.097571
v -0.281395 0.088919 0.101248
v -0.284028 0.093530 0.102698
v -0.286662 0.098024 0.102671
v -0.289211 0.102260 0.100935
v -0.284700 0.078655 0.093248
v -0.286843 0.081916 0.096577
v -0.289259 0.085169 0.099925
v -0.291837 0.089292 0.101147
v -0.294413 0.093301 0.101238
v -0.296826 0.097232 0.099682
v -0.293087 0.076402 0.091949
v -0.295235 0.079303 0.094922
v -0.297521 0.081898 0.097733
v -0.299844 0.085328 0.098754
v -0.302061 0.088686 0.098788
v -0.304346 0.092266 0.097759
v -0.302565 0.073758 0.090363
v -0.304725 0.076123 0.092859
v -0.306734 0.078318 0.095524
v -0.308921 0.080805 0.096750
v -0.310865 0.083824 0.096908
v -0.312700 0.087082 0.096505
v -0.313539 0.069620 0.088563
v -0.315449 0.072005 0.091257
v -0.317609 0.073191 0.093749
v -0.319444 0.075427 0.095604
v -0.321140 0.078255 0.095918
v -0.322837 0.081423 0.096045
v -0.325365 0.063874 0.087934
v -0.327688 0.065764 0.089944
v -0.329490 0.067479 0.092477
v -0.331279 0.069214 0.094560
v -0.332742 0.072150 0.095111
v -0.334084 0.075295 0.095643
v -0.338248 0.056784 0.087267
v -0.340084 0.059077 0.089441
v -0.341940 0.060706 0.091816
v -0.343423 0.062914 0.094085
v -0.344663 0.065836 0.094700
v -0.345807 0.068924 0.095315
v -0.350931 0.049587 0.087160
v -0.352582 0.051808 0.089344
v -0.353782 0.053965 0.092189
v -0.354943 0.056675 0.094187
v -0.356030 0.059936 0.095088
v -0.357083 0.062941 0.094991
v -0.363555 0.042015 0.086846
v -0.364329 0.045135 0.089585
v -0.364853 0.047724 0.092540
v -0.365690 0.051198 0.094405
v -0.366398 0.054593 0.095306
v -0.367411 0.057669 0.094995
v -0.374898 0.034627 0.087251
v -0.375146 0.038018 0.090172
v -0.375141 0.041999 0.093199
v -0.375505 0.046243 0.094746
v -0.376083 0.049926 0.095503
v -0.376941 0.053243 0.095205
v -0.385083 0.027368 0.088383
v -0.385109 0.032376 0.090936
v -0.385047 0.037327 0.093377
v -0.385199 0.041873 0.095115
v -0.385564 0.046024 0.095853
v -0.386431 0.049677 0.096141
v -0.394685 0.023885 0.088492
v -0.394630 0.029213 0.090886
v -0.394495 0.034235 0.093270
v -0.394529 0.039001 0.095288
v -0.395098 0.042851 0.095849
v -0.395888 0.046486 0.096169
v -0.403711 0.023661 0.087716
v -0.403728 0.028289 0.090273
v -0.403510 0.032922 0.093233
v -0.403788 0.037134 0.094686
v -0.404145 0.040907 0.095502
v -0.404847 0.044267 0.095406
v -0.412999 0.025270 0.086123
v -0.412809 0.029142 0.088749
v -0.413415 0.032693 0.091342
v -0.413177 0.036549 0.093231
v -0.413580 0.039800 0.094041
v -0.414274 0.042716 0.094258
v -0.422663 0.026379 0.085848
v -0.424048 0.028814 0.088272
v -0.423506 0.032282 0.090870
v -0.424512 0.035416 0.093175
v -0.424807 0.038850 0.094152
v -0.425383 0.042584 0.094806
v -0.433650 0.026884 0.085894
v -0.433557 0.028535 0.088759
v -0.435802 0.031029 0.091016
v -0.435393 0.034758 0.093250
v -0.436157 0.038478 0.095194
v -0.437371 0.041830 0.095563
v -0.441706 0.024245 0.087931
v -0.443013 0.024945 0.091376
v -0.443828 0.028353 0.094815
v -0.445867 0.032411 0.096959
v -0.446299 0.037740 0.097905
v -0.446646 0.042637 0.097981
v -0.448508 0.021943 0.089318
v -0.450435 0.023716 0.092389
v -0.452855 0.026753 0.094994
v -0.453908 0.031806 0.096666
v -0.454783 0.036593 0.099022
v -0.456836 0.041867 0.099814
v -0.454259 0.019411 0.090244
v -0.456294 0.021382 0.093207
v -0.459181 0.024428 0.096093
v -0.461898 0.029252 0.098291
v -0.463120 0.034601 0.100035
v -0.463119 0.040431 0.101338
v -0.145627 0.232092 0.112189
v -0.151157 0.240774 0.104925
v -0.154904 0.248110 0.097551
v -0.158429 0.251912 0.089137
v -0.162845 0.253264 0.081164
v -0.169974 0.252081 0.073618
v -0.178096 0.246178 0.062184
v -0.160587 0.215688 0.110287
v -0.163480 0.223328 0.104809
v -0.167553 0.229292 0.098300
v -0.169608 0.232490 0.091477
v -0.172865 0.231983 0.084531
v -0.175680 0.227969 0.076990
v -0.177646 0.221474 0.068707
v -0.171859 0.202998 0.110992
v -0.176602 0.210221 0.105351
v -0.178484 0.215518 0.099633
v -0.180440 0.217698 0.092895
v -0.181460 0.216127 0.086394
v -0.182321 0.210839 0.079905
v -0.183608 0.205481 0.072964
v -0.186394 0.193029 0.111755
v -0.188148 0.199355 0.106813
v -0.190231 0.204254 0.100414
v -0.191757 0.207307 0.093936
v -0.192534 0.205979 0.086443
v -0.192277 0.201110 0.080239
v -0.192532 0.194769 0.074107
v -0.199499 0.182131 0.111119
v -0.200780 0.188913 0.106248
v -0.201404 0.193856 0.100266
v -0.202454 0.196924 0.093845
v -0.203028 0.196432 0.086643
v -0.202636 0.192090 0.080150
v -0.202705 0.187487 0.074384
v -0.212656 0.172328 0.109289
v -0.213015 0.178706 0.104677
v -0.212710 0.183722 0.099110
v -0.213675 0.186618 0.093116
v -0.214207 0.186391 0.086261
v -0.214435 0.183418 0.080302
v -0.214268 0.178810 0.074883
v -0.225680 0.161804 0.106233
v -0.225870 0.168155 0.102145
v -0.225158 0.172479 0.097176
v -0.225807 0.175494 0.091636
v -0.226723 0.175254 0.085961
v -0.227091 0.172482 0.080383
v -0.227241 0.168939 0.075995
v -0.238652 0.150238 0.101294
v -0.238911 0.155898 0.098831
v -0.238670 0.159749 0.094234
v -0.239109 0.162164 0.090077
v -0.240299 0.162233 0.085130
v -0.240831 0.160226 0.080741
v -0.240830 0.157135 0.076835
v -0.250146 0.139347 0.097095
v -0.251716 0.143155 0.094555
v -0.251540 0.146458 0.091521
v -0.252443 0.148326 0.087874
v -0.253510 0.148586 0.084290
v -0.253936 0.147365 0.080762
v -0.253577 0.145404 0.077727
v -0.260869 0.129856 0.094336
v -0.262283 0.133222 0.092135
v -0.263594 0.135685 0.089352
v -0.264572 0.137291 0.086415
v -0.265489 0.137985 0.083374
v -0.265895 0.137354 0.080241
v -0.265047 0.136144 0.077572
v -0.269815 0.123742 0.094406
v -0.271844 0.126323 0.091385
v -0.273493 0.128715 0.088825
v -0.274860 0.130241 0.085848
v -0.275856 0.131054 0.082711
v -0.275866 0.131077 0.079327
v -0.274901 0.130007 0.076232
v -0.278192 0.119180 0.095216
v -0.280254 0.121575 0.091878
v -0.282279 0.123638 0.088779
v -0.283573 0.124961 0.085585
v -0.284375 0.125676 0.082107
v -0.284406 0.125615 0.078592
v -0.283444 0.124861 0.075111
v -0.285922 0.113920 0.094903
v -0.288075 0.116359 0.091491
v -0.289982 0.118308 0.088467
v -0.291520 0.119738 0.085146
v -0.292260 0.120349 0.081700
v -0.292165 0.120104 0.078243
v -0.291379 0.119338 0.074927
v -0.293779 0.109044 0.094820
v -0.295912 0.111579 0.091611
v -0.298067 0.114051 0.088715
v -0.299425 0.115416 0.085239
v -0.300205 0.115944 0.081619
v -0.300315 0.115723 0.078099
v -0.299482 0.114811 0.074656
v -0.301292 0.104087 0.094299
v -0.303217 0.106897 0.091360
v -0.305144 0.109337 0.088553
v -0.306422 0.110786 0.085083
v -0.307209 0.111277 0.081703
v -0.307413 0.111061 0.078331
v -0.306644 0.109845 0.075181
v -0.308235 0.098855 0.093108
v -0.309915 0.101662 0.090396
v -0.311508 0.104275 0.088013
v -0.312661 0.105658 0.084957
v -0.313350 0.106011 0.081825
v -0.313526 0.105522 0.078934
v -0.312946 0.104398 0.076288
v -0.316100 0.093341 0.092273
v -0.317395 0.096125 0.089945
v -0.318752 0.098562 0.087638
v -0.319697 0.099814 0.084868
v -0.320522 0.099988 0.082120
v -0.320777 0.099493 0.079476
v -0.320217 0.098400 0.077147
v -0.325700 0.087364 0.092106
v -0.326847 0.089906 0.089763
v -0.327949 0.092063 0.087667
v -0.328915 0.092918 0.084989
v -0.329708 0.092994 0.082386
v -0.330044 0.092454 0.079885
v -0.329534 0.091542 0.077654
v -0.336836 0.080843 0.092161
v -0.337886 0.083063 0.089917
v -0.338955 0.084679 0.087605
v -0.339902 0.085335 0.085089
v -0.340758 0.085108 0.082583
v -0.340909 0.084721 0.080215
v -0.340355 0.084076 0.077967
v -0.348458 0.074109 0.092171
v -0.349657 0.075946 0.089955
v -0.350776 0.077347 0.087617
v -0.351778 0.077663 0.085095
v -0.352539 0.077629 0.082572
v -0.352835 0.077436 0.080130
v -0.352123 0.076836 0.078009
v -0.359729 0.067711 0.092082
v -0.361028 0.069477 0.089863
v -0.362231 0.070704 0.087506
v -0.363273 0.071236 0.084890
v -0.364053 0.071222 0.082370
v -0.364318 0.071223 0.079874
v -0.363699 0.070901 0.077513
v -0.370045 0.062330 0.091836
v -0.371304 0.064062 0.089599
v -0.372459 0.065366 0.087162
v -0.373387 0.066006 0.084627
v -0.374136 0.066287 0.082063
v -0.374329 0.066390 0.079594
v -0.373891 0.066047 0.077218
v -0.379418 0.058021 0.091635
v -0.380613 0.059909 0.089345
v -0.381651 0.061424 0.086964
v -0.382491 0.062407 0.084456
v -0.383102 0.063032 0.081977
v -0.383280 0.063197 0.079450
v -0.382813 0.062691 0.077004
v -0.388570 0.054793 0.091916
v -0.389625 0.056905 0.089562
v -0.390499 0.058798 0.087237
v -0.391164 0.060090 0.084700
v -0.391719 0.061274 0.082196
v -0.391783 0.061422 0.079367
v -0.391543 0.060906 0.076638
v -0.397539 0.052038 0.092056
v -0.398110 0.054231 0.089697
v -0.398646 0.056090 0.087161
v -0.399051 0.057426 0.084594
v -0.399458 0.058722 0.082115
v -0.399517 0.059102 0.079282
v -0.399420 0.058624 0.076692
v -0.405951 0.049049 0.090880
v -0.405667 0.051153 0.088606
v -0.405676 0.053026 0.086311
v -0.405681 0.054439 0.083891
v -0.405706 0.055522 0.081505
v -0.406017 0.055830 0.079175
v -0.405641 0.055640 0.076721
v -0.414271 0.048077 0.091038
v -0.415194 0.050304 0.088559
v -0.413727 0.052033 0.086167
v -0.413240 0.053332 0.083719
v -0.412963 0.053910 0.081206
v -0.412177 0.054261 0.078754
v -0.412795 0.054209 0.076604
v -0.427718 0.048557 0.091687
v -0.424452 0.050738 0.089047
v -0.424538 0.052778 0.086406
v -0.422746 0.053916 0.083566
v -0.421632 0.054571 0.080890
v -0.421348 0.054544 0.078276
v -0.419909 0.053987 0.075624
v -0.436990 0.049130 0.093101
v -0.438471 0.052675 0.090302
v -0.435538 0.054775 0.086688
v -0.434314 0.056027 0.083410
v -0.432394 0.056504 0.080129
v -0.431025 0.056408 0.076987
v -0.430562 0.055561 0.074278
v -0.449301 0.051677 0.096160
v -0.447749 0.055535 0.092481
v -0.446639 0.059138 0.088085
v -0.444525 0.059549 0.083370
v -0.443063 0.060009 0.079438
v -0.441279 0.059469 0.075769
v -0.439845 0.058173 0.072003
v -0.458051 0.051664 0.098587
v -0.457634 0.055344 0.093981
v -0.456400 0.059146 0.088057
v -0.454031 0.060921 0.082874
v -0.451547 0.061738 0.078617
v -0.449853 0.062600 0.074509
v -0.447973 0.061933 0.070742
v -0.466649 0.049645 0.101480
v -0.467580 0.056006 0.095223
v -0.465504 0.058646 0.090274
v -0.463784 0.062608 0.082858
v -0.461175 0.063506 0.077320
v -0.458090 0.062852 0.072869
v -0.455075 0.062656 0.069490
v -0.169925 0.171207 0.037233
v -0.175026 0.163887 0.050273
v -0.183865 0.158048 0.055012
v -0.191963 0.152669 0.057231
v -0.200163 0.147862 0.059063
v -0.208479 0.143596 0.060407
v -0.217631 0.138712 0.061672
v -0.227406 0.132671 0.062708
v -0.237318 0.125952 0.063618
v -0.246782 0.118889 0.064675
v -0.255629 0.112609 0.065080
v -0.263975 0.106738 0.064994
v -0.272647 0.100853 0.062912
v -0.281889 0.095195 0.062851
v -0.291715 0.090030 0.064372
v -0.301049 0.085485 0.067673
v -0.310707 0.080594 0.069441
v -0.320721 0.075218 0.070180
v -0.330968 0.070063 0.070461
v -0.341459 0.064909 0.070454
v -0.351578 0.059628 0.069784
v -0.361310 0.054433 0.068784
v -0.370745 0.049551 0.067593
v -0.381004 0.045106 0.065802
v -0.391418 0.040869 0.064114
v -0.400394 0.038427 0.064068
v -0.411138 0.036174 0.064490
v -0.419754 0.034113 0.064516
v -0.432331 0.033335 0.062402
v -0.441459 0.030195 0.057374
v -0.450967 0.028231 0.052925
v -0.461219 0.023590 0.049170
v -0.170295 0.178186 0.036936
v -0.175017 0.170320 0.049828
v -0.184392 0.163902 0.055333
v -0.193946 0.157798 0.057231
v -0.202288 0.153185 0.059076
v -0.211325 0.148216 0.060354
v -0.220985 0.142893 0.061748
v -0.230893 0.136444 0.063113
v -0.240803 0.128893 0.064607
v -0.250143 0.121816 0.065465
v -0.258801 0.115429 0.065737
v -0.267413 0.109603 0.064535
v -0.275637 0.104209 0.063177
v -0.284834 0.098567 0.063213
v -0.293930 0.093376 0.064482
v -0.302801 0.088595 0.067520
v -0.312225 0.083472 0.069351
v -0.322154 0.078149 0.070150
v -0.332945 0.072740 0.070578
v -0.343541 0.067384 0.070380
v -0.353751 0.061928 0.069670
v -0.363717 0.056622 0.068627
v -0.373217 0.052317 0.067396
v -0.382802 0.048531 0.065581
v -0.392370 0.045720 0.064552
v -0.402373 0.042723 0.064220
v -0.410600 0.040552 0.064645
v -0.421382 0.038815 0.063009
v -0.431847 0.037923 0.061518
v -0.441846 0.038039 0.056795
v -0.451393 0.037985 0.052600
v -0.462088 0.035503 0.047655
v -0.170192 0.185261 0.037215
v -0.173538 0.176667 0.049559
v -0.183888 0.169868 0.055280
v -0.193566 0.164450 0.058142
v -0.203556 0.158623 0.059576
v -0.213430 0.153174 0.061550
v -0.223496 0.147191 0.063154
v -0.234180 0.139742 0.064604
v -0.244268 0.131731 0.065899
v -0.253852 0.124287 0.066153
v -0.262581 0.117750 0.066353
v -0.270637 0.112605 0.064441
v -0.279186 0.107125 0.063456
v -0.287707 0.101922 0.063522
v -0.296409 0.096742 0.064814
v -0.304623 0.091671 0.067698
v -0.313671 0.086386 0.069294
v -0.323884 0.080739 0.070261
v -0.334641 0.075134 0.070585
v -0.345667 0.069498 0.070453
v -0.356302 0.063826 0.069575
v -0.366117 0.058738 0.068583
v -0.375527 0.054692 0.067557
v -0.384676 0.051991 0.065798
v -0.393926 0.049405 0.064901
v -0.402455 0.046759 0.065662
v -0.411208 0.044474 0.064814
v -0.421160 0.043161 0.063269
v -0.431310 0.043188 0.061047
v -0.440959 0.045016 0.057534
v -0.450454 0.047013 0.052708
v -0.460840 0.047289 0.049145
v -0.171354 0.193416 0.037616
v -0.173069 0.184399 0.050087
v -0.182927 0.176489 0.055922
v -0.193155 0.170431 0.058844
v -0.203876 0.164865 0.060651
v -0.214374 0.158688 0.062567
v -0.225652 0.151441 0.064782
v -0.236669 0.143329 0.066510
v -0.247046 0.134426 0.068341
v -0.256826 0.126772 0.068551
v -0.265606 0.120410 0.067977
v -0.273971 0.115360 0.065923
v -0.282040 0.110065 0.065446
v -0.290297 0.104860 0.065761
v -0.298521 0.099937 0.066755
v -0.306229 0.094640 0.069226
v -0.315002 0.089107 0.070741
v -0.325047 0.083234 0.071441
v -0.336210 0.077210 0.071653
v -0.347446 0.071208 0.071588
v -0.358238 0.065393 0.070994
v -0.368351 0.060435 0.070079
v -0.377650 0.056755 0.068965
v -0.386519 0.054266 0.067940
v -0.395562 0.052303 0.067177
v -0.402801 0.049423 0.067716
v -0.411470 0.047306 0.067325
v -0.420583 0.046847 0.065082
v -0.430087 0.047814 0.062330
v -0.439266 0.050041 0.059854
v -0.448661 0.053052 0.056366
v -0.459785 0.054546 0.054170
v -0.175766 0.204336 0.039213
v -0.174537 0.192066 0.051311
v -0.182359 0.183680 0.058635
v -0.192731 0.176850 0.060600
v -0.203354 0.170726 0.062611
v -0.215084 0.163993 0.064311
v -0.226747 0.156126 0.066414
v -0.238481 0.146988 0.068670
v -0.249376 0.137556 0.070609
v -0.259402 0.129581 0.070837
v -0.268292 0.123271 0.069992
v -0.276662 0.118352 0.067758
v -0.284706 0.112856 0.067561
v -0.292865 0.107788 0.067789
v -0.300748 0.102906 0.068634
v -0.308018 0.097594 0.070776
v -0.316336 0.091923 0.072179
v -0.326194 0.085662 0.072875
v -0.337280 0.079278 0.073057
v -0.348817 0.072931 0.072897
v -0.360024 0.067143 0.072231
v -0.370166 0.062327 0.071352
v -0.379425 0.058880 0.070597
v -0.388610 0.056455 0.069914
v -0.396406 0.054608 0.069280
v -0.404317 0.051664 0.070098
v -0.411645 0.049906 0.069709
v -0.419545 0.049559 0.067958
v -0.429719 0.050465 0.065673
v -0.438204 0.052574 0.063537
v -0.446788 0.055917 0.061322
v -0.456760 0.057433 0.058886
v -0.179114 0.216902 0.042324
v -0.178250 0.203717 0.054178
v -0.182150 0.190086 0.062137
v -0.192508 0.183030 0.064393
v -0.203140 0.176515 0.065368
v -0.214972 0.169565 0.066322
v -0.227492 0.160815 0.068530
v -0.239925 0.150725 0.070608
v -0.251216 0.140599 0.072687
v -0.261693 0.132371 0.072928
v -0.270740 0.125937 0.071941
v -0.279246 0.121095 0.069893
v -0.287276 0.115515 0.069691
v -0.295372 0.110500 0.069886
v -0.302928 0.105591 0.070651
v -0.309836 0.100317 0.072460
v -0.317687 0.094504 0.073691
v -0.327313 0.088083 0.074228
v -0.338278 0.081300 0.074473
v -0.349989 0.074571 0.074412
v -0.361402 0.068766 0.073714
v -0.371699 0.063963 0.073129
v -0.380975 0.060442 0.072697
v -0.389588 0.058170 0.072036
v -0.398283 0.055951 0.072099
v -0.404800 0.053579 0.072306
v -0.411502 0.051669 0.072134
v -0.420354 0.051749 0.070588
v -0.428411 0.052621 0.068888
v -0.438330 0.054668 0.066350
v -0.445791 0.057369 0.064845
v -0.454573 0.059139 0.063999
v -0.461175 0.018816 0.087294
v -0.464665 0.020369 0.090242
v -0.468383 0.021603 0.092410
v -0.472743 0.024824 0.095763
v -0.474812 0.029331 0.098315
v -0.475316 0.036000 0.100725
v -0.463168 0.018884 0.084517
v -0.466250 0.020943 0.086934
v -0.469860 0.022981 0.089953
v -0.472995 0.025154 0.092004
v -0.476311 0.032090 0.094339
v -0.479699 0.038990 0.096915
v -0.464528 0.019092 0.080932
v -0.467707 0.021587 0.083586
v -0.470758 0.024189 0.085815
v -0.475174 0.029035 0.087995
v -0.478273 0.035658 0.088920
v -0.486164 0.045592 0.092492
v -0.465830 0.019191 0.077458
v -0.468887 0.022069 0.079639
v -0.473105 0.026317 0.081219
v -0.477035 0.032091 0.082376
v -0.482056 0.042584 0.081919
v -0.491478 0.056735 0.085742
v -0.467181 0.019104 0.073815
v -0.471304 0.023265 0.075238
v -0.475345 0.028336 0.075887
v -0.480085 0.038221 0.074347
v -0.484170 0.046619 0.074599
v -0.491110 0.066204 0.073646
v -0.469433 0.018901 0.068811
v -0.473243 0.025221 0.069456
v -0.477851 0.034228 0.067804
v -0.482085 0.041843 0.067009
v -0.489974 0.053526 0.064040
v -0.479406 0.067171 0.065292
v -0.469841 0.021292 0.062679
v -0.474256 0.028822 0.061294
v -0.479609 0.037313 0.060011
v -0.487207 0.048043 0.055077
v -0.480167 0.062326 0.054379
v -0.470708 0.062939 0.062877
v 0.190433 -0.437256 0.006475
v 0.184659 -0.437422 0.006933
v 0.178184 -0.437064 0.007790
v 0.173312 -0.435880 0.009193
v 0.169844 -0.433144 0.010569
v 0.168796 -0.429696 0.009194
v 0.169422 -0.425834 0.007148
v 0.187097 -0.441066 0.005851
v 0.181305 -0.440548 0.006172
v 0.175257 -0.440150 0.007047
v 0.170353 -0.438460 0.008145
v 0.166625 -0.435987 0.010088
v 0.165751 -0.431603 0.007879
v 0.166020 -0.428113 0.006024
v 0.184628 -0.444092 0.004639
v 0.177775 -0.444126 0.005249
v 0.171841 -0.442969 0.005848
v 0.167230 -0.441300 0.006792
v 0.163331 -0.438389 0.008405
v 0.163392 -0.433958 0.005609
v 0.164073 -0.429368 0.003268
v 0.181728 -0.447689 0.003450
v 0.173911 -0.447470 0.003861
v 0.167228 -0.446767 0.004656
v 0.163758 -0.444076 0.005232
v 0.161509 -0.440099 0.004637
v 0.162604 -0.435899 0.002323
v 0.162962 -0.431363 0.000166
v 0.178429 -0.451064 0.001596
v 0.168598 -0.452076 0.002827
v 0.162984 -0.450342 0.004156
v 0.158387 -0.446644 0.004055
v 0.161021 -0.442375 0.000805
v 0.162628 -0.437785 -0.001005
v 0.161901 -0.432951 -0.003190
v 0.173695 -0.455173 -0.000056
v 0.165151 -0.456423 0.001490
v 0.153618 -0.455728 0.007957
v 0.156864 -0.448774 -0.000793
v 0.160478 -0.445211 -0.002034
v 0.163379 -0.439240 -0.004431
v 0.161797 -0.434386 -0.006473
v 0.170710 -0.458699 -0.002818
v 0.159440 -0.462618 -0.000510
v 0.149528 -0.457280 -0.001970
v 0.155434 -0.451747 -0.003984
v 0.160777 -0.446423 -0.005813
v 0.163654 -0.440491 -0.007704
v 0.161970 -0.435457 -0.009545
v 0.191890 -0.443130 -0.026463
v 0.188348 -0.446082 -0.024521
v 0.185712 -0.448503 -0.022662
v 0.182200 -0.451779 -0.020103
v 0.179480 -0.454452 -0.018151
v 0.175730 -0.457989 -0.015825
v 0.171318 -0.460946 -0.012202
v 0.185116 -0.444595 -0.027113
v 0.183391 -0.445920 -0.025632
v 0.180182 -0.448577 -0.023421
v 0.177130 -0.450958 -0.021359
v 0.172834 -0.454241 -0.018702
v 0.168613 -0.457407 -0.016486
v 0.163575 -0.461489 -0.014294
v 0.181534 -0.445102 -0.028829
v 0.178079 -0.446598 -0.026873
v 0.175804 -0.447682 -0.024772
v 0.171836 -0.450285 -0.022321
v 0.168591 -0.452612 -0.020044
v 0.164241 -0.455330 -0.017292
v 0.159162 -0.457823 -0.014889
v 0.177826 -0.444350 -0.031167
v 0.175053 -0.446194 -0.029502
v 0.171155 -0.448042 -0.027074
v 0.167925 -0.449459 -0.024944
v 0.163579 -0.450905 -0.022335
v 0.161205 -0.451280 -0.018516
v 0.158815 -0.451658 -0.013355
v 0.176469 -0.440890 -0.031647
v 0.172669 -0.442804 -0.030206
v 0.168650 -0.444918 -0.029339
v 0.165360 -0.445689 -0.025687
v 0.163583 -0.445924 -0.022001
v 0.162765 -0.446603 -0.017642
v 0.161935 -0.447051 -0.013738
v 0.175451 -0.437568 -0.032443
v 0.171883 -0.439145 -0.031272
v 0.168071 -0.440593 -0.029639
v 0.165368 -0.441283 -0.026601
v 0.164299 -0.441678 -0.022604
v 0.164219 -0.441645 -0.018594
v 0.163807 -0.441631 -0.014521
v 0.175292 -0.434441 -0.032482
v 0.172012 -0.435361 -0.031518
v 0.168420 -0.436145 -0.030152
v 0.165882 -0.436558 -0.027175
v 0.164515 -0.436634 -0.023654
v 0.162869 -0.436804 -0.019868
v 0.162073 -0.436659 -0.016020
usemtl PATCH_62
f 1 1753 1781 1762 
usemtl PATCH_62
f 1762 1781 1788 1761 
usemtl PATCH_62
f 1761 1788 1795 1760 
usemtl PATCH_62
f 1760 1795 73 4 
usemtl PATCH_62
f 1753 1754 1782 1781 
usemtl PATCH_62
f 1781 1782 1789 1788 
usemtl PATCH_62
f 1788 1789 1796 1795 
usemtl PATCH_62
f 1795 1796 74 73 
usemtl PATCH_62
f 1754 1755 1783 1782 
usemtl PATCH_62
f 1782 1783 1790 1789 
usemtl PATCH_62
f 1789 1790 1797 1796 
usemtl PATCH_62
f 1796 1797 75 74 
usemtl PATCH_62
f 1755 1756 1784 1783 
usemtl PATCH_62
f 1783 1784 1791 1790 
usemtl PATCH_62
f 1790 1791 1798 1797 
usemtl PATCH_62
f 1797 1798 76 75 
usemtl PATCH_62
f 1756 1757 1785 1784 
usemtl PATCH_62
f 1784 1785 1792 1791 
usemtl PATCH_62
f 1791 1792 1799 1798 
usemtl PATCH_62
f 1798 1799 77 76 
usemtl PATCH_62
f 1757 1758 1786 1785 
usemtl PATCH_62
f 1785 1786 1793 1792 
usemtl PATCH_62
f 1792 1793 1800 1799 
usemtl PATCH_62
f 1799 1800 78 77 
usemtl PATCH_62
f 1758 1759 1787 1786 
usemtl PATCH_62
f 1786 1787 1794 1793 
usemtl PATCH_62
f 1793 1794 1801 1800 
usemtl PATCH_62
f 1800 1801 79 78 
usemtl PATCH_62
f 1759 2 143 1787 
usemtl PATCH_62
f 1787 143 142 1794 
usemtl PATCH_62
f 1794 142 141 1801 
usemtl PATCH_62
f 1801 141 3 79 
usemtl PATCH_67
f 1 1763 1802 1753 
usemtl PATCH_67
f 1753 1802 1806 1754 
usemtl PATCH_67
f 1754 1806 1810 1755 
usemtl PATCH_67
f 1755 1810 1814 1756 
usemtl PATCH_67
f 1756 1814 1818 1757 
usemtl PATCH_67
f 1757 1818 1822 1758 
usemtl PATCH_67
f 1758 1822 1826 1759 
usemtl PATCH_67
f 1759 1826 487 2 
usemtl PATCH_67
f 1763 1764 1803 1802 
usemtl PATCH_67
f 1802 1803 1807 1806 
usemtl PATCH_67
f 1806 1807 1811 1810 
usemtl PATCH_67
f 1810 1811 1815 1814 
usemtl PATCH_67
f 1814 1815 1819 1818 
usemtl PATCH_67
f 1818 1819 1823 1822 
usemtl PATCH_67
f 1822 1823 1827 1826 
usemtl PATCH_67
f 1826 1827 488 487 
usemtl PATCH_67
f 1764 1765 1804 1803 
usemtl PATCH_67
f 1803 1804 1808 1807 
usemtl PATCH_67
f 1807 1808 1812 1811 
usemtl PATCH_67
f 1811 1812 1816 1815 
usemtl PATCH_67
f 1815 1816 1820 1819 
usemtl PATCH_67
f 1819 1820 1824 1823 
usemtl PATCH_67
f 1823 1824 1828 1827 
usemtl PATCH_67
f 1827 1828 489 488 
usemtl PATCH_67
f 1765 1766 1805 1804 
usemtl PATCH_67
f 1804 1805 1809 1808 
usemtl PATCH_67
f 1808 1809 1813 1812 
usemtl PATCH_67
f 1812 1813 1817 1816 
usemtl PATCH_67
f 1816 1817 1821 1820 
usemtl PATCH_67
f 1820 1821 1825 1824 
usemtl PATCH_67
f 1824 1825 1829 1828 
usemtl PATCH_67
f 1828 1829 490 489 
usemtl PATCH_67
f 1766 5 1072 1805 
usemtl PATCH_67
f 1805 1072 1071 1809 
usemtl PATCH_67
f 1809 1071 1070 1813 
usemtl PATCH_67
f 1813 1070 1069 1817 
usemtl PATCH_67
f 1817 1069 1068 1821 
usemtl PATCH_67
f 1821 1068 1067 1825 
usemtl PATCH_67
f 1825 1067 1066 1829 
usemtl PATCH_67
f 1829 1066 6 490 
usemtl PATCH_18
f 1 1767 1830 1763 
usemtl PATCH_18
f 1763 1830 1837 1764 
usemtl PATCH_18
f 1764 1837 1844 1765 
usemtl PATCH_18
f 1765 1844 1851 1766 
usemtl PATCH_18
f 1766 1851 1073 5 
usemtl PATCH_18
f 1767 1768 1831 1830 
usemtl PATCH_18
f 1830 1831 1838 1837 
usemtl PATCH_18
f 1837 1838 1845 1844 
usemtl PATCH_18
f 1844 1845 1852 1851 
usemtl PATCH_18
f 1851 1852 1074 1073 
usemtl PATCH_18
f 1768 1769 1832 1831 
usemtl PATCH_18
f 1831 1832 1839 1838 
usemtl PATCH_18
f 1838 1839 1846 1845 
usemtl PATCH_18
f 1845 1846 1853 1852 
usemtl PATCH_18
f 1852 1853 1075 1074 
usemtl PATCH_18
f 1769 1770 1833 1832 
usemtl PATCH_18
f 1832 1833 1840 1839 
usemtl PATCH_18
f 1839 1840 1847 1846 
usemtl PATCH_18
f 1846 1847 1854 1853 
usemtl PATCH_18
f 1853 1854 1076 1075 
usemtl PATCH_18
f 1770 1771 1834 1833 
usemtl PATCH_18
f 1833 1834 1841 1840 
usemtl PATCH_18
f 1840 1841 1848 1847 
usemtl PATCH_18
f 1847 1848 1855 1854 
usemtl PATCH_18
f 1854 1855 1077 1076 
usemtl PATCH_18
f 1771 1772 1835 1834 
usemtl PATCH_18
f 1834 1835 1842 1841 
usemtl PATCH_18
f 1841 1842 1849 1848 
usemtl PATCH_18
f 1848 1849 1856 1855 
usemtl PATCH_18
f 1855 1856 1078 1077 
usemtl PATCH_18
f 1772 1773 1836 1835 
usemtl PATCH_18
f 1835 1836 1843 1842 
usemtl PATCH_18
f 1842 1843 1850 1849 
usemtl PATCH_18
f 1849 1850 1857 1856 
usemtl PATCH_18
f 1856 1857 1079 1078 
usemtl PATCH_18
f 1773 7 273 1836 
usemtl PATCH_18
f 1836 273 272 1843 
usemtl PATCH_18
f 1843 272 271 1850 
usemtl PATCH_18
f 1850 271 270 1857 
usemtl PATCH_18
f 1857 270 8 1079 
usemtl PATCH_17
f 1 1762 1858 1767 
usemtl PATCH_17
f 1767 1858 1861 1768 
usemtl PATCH_17
f 1768 1861 1864 1769 
usemtl PATCH_17
f 1769 1864 1867 1770 
usemtl PATCH_17
f 1770 1867 1870 1771 
usemtl PATCH_17
f 1771 1870 1873 1772 
usemtl PATCH_17
f 1772 1873 1876 1773 
usemtl PATCH_17
f 1773 1876 305 7 
usemtl PATCH_17
f 1762 1761 1859 1858 
usemtl PATCH_17
f 1858 1859 1862 1861 
usemtl PATCH_17
f 1861 1862 1865 1864 
usemtl PATCH_17
f 1864 1865 1868 1867 
usemtl PATCH_17
f 1867 1868 1871 1870 
usemtl PATCH_17
f 1870 1871 1874 1873 
usemtl PATCH_17
f 1873 1874 1877 1876 
usemtl PATCH_17
f 1876 1877 306 305 
usemtl PATCH_17
f 1761 1760 1860 1859 
usemtl PATCH_17
f 1859 1860 1863 1862 
usemtl PATCH_17
f 1862 1863 1866 1865 
usemtl PATCH_17
f 1865 1866 1869 1868 
usemtl PATCH_17
f 1868 1869 1872 1871 
usemtl PATCH_17
f 1871 1872 1875 1874 
usemtl PATCH_17
f 1874 1875 1878 1877 
usemtl PATCH_17
f 1877 1878 307 306 
usemtl PATCH_17
f 1760 4 1774 1860 
usemtl PATCH_17
f 1860 1774 1775 1863 
usemtl PATCH_17
f 1863 1775 1776 1866 
usemtl PATCH_17
f 1866 1776 1777 1869 
usemtl PATCH_17
f 1869 1777 1778 1872 
usemtl PATCH_17
f 1872 1778 1779 1875 
usemtl PATCH_17
f 1875 1779 1780 1878 
usemtl PATCH_17
f 1878 1780 9 307 
usemtl PATCH_19
f 4 130 1879 1774 
usemtl PATCH_19
f 1774 1879 1901 1775 
usemtl PATCH_19
f 1775 1901 1923 1776 
usemtl PATCH_19
f 1776 1923 1945 1777 
usemtl PATCH_19
f 1777 1945 1967 1778 
usemtl PATCH_19
f 1778 1967 1989 1779 
usemtl PATCH_19
f 1779 1989 2011 1780 
usemtl PATCH_19
f 1780 2011 349 9 
usemtl PATCH_19
f 130 129 1880 1879 
usemtl PATCH_19
f 1879 1880 1902 1901 
usemtl PATCH_19
f 1901 1902 1924 1923 
usemtl PATCH_19
f 1923 1924 1946 1945 
usemtl PATCH_19
f 1945 1946 1968 1967 
usemtl PATCH_19
f 1967 1968 1990 1989 
usemtl PATCH_19
f 1989 1990 2012 2011 
usemtl PATCH_19
f 2011 2012 350 349 
usemtl PATCH_19
f 129 128 1881 1880 
usemtl PATCH_19
f 1880 1881 1903 1902 
usemtl PATCH_19
f 1902 1903 1925 1924 
usemtl PATCH_19
f 1924 1925 1947 1946 
usemtl PATCH_19
f 1946 1947 1969 1968 
usemtl PATCH_19
f 1968 1969 1991 1990 
usemtl PATCH_19
f 1990 1991 2013 2012 
usemtl PATCH_19
f 2012 2013 351 350 
usemtl PATCH_19
f 128 127 1882 1881 
usemtl PATCH_19
f 1881 1882 1904 1903 
usemtl PATCH_19
f 1903 1904 1926 1925 
usemtl PATCH_19
f 1925 1926 1948 1947 
usemtl PATCH_19
f 1947 1948 1970 1969 
usemtl PATCH_19
f 1969 1970 1992 1991 
usemtl PATCH_19
f 1991 1992 2014 2013 
usemtl PATCH_19
f 2013 2014 352 351 
usemtl PATCH_19
f 127 126 1883 1882 
usemtl PATCH_19
f 1882 1883 1905 1904 
usemtl PATCH_19
f 1904 1905 1927 1926 
usemtl PATCH_19
f 1926 1927 1949 1948 
usemtl PATCH_19
f 1948 1949 1971 1970 
usemtl PATCH_19
f 1970 1971 1993 1992 
usemtl PATCH_19
f 1992 1993 2015 2014 
usemtl PATCH_19
f 2014 2015 353 352 
usemtl PATCH_19
f 126 125 1884 1883 
usemtl PATCH_19
f 1883 1884 1906 1905 
usemtl PATCH_19
f 1905 1906 1928 1927 
usemtl PATCH_19
f 1927 1928 1950 1949 
usemtl PATCH_19
f 1949 1950 1972 1971 
usemtl PATCH_19
f 1971 1972 1994 1993 
usemtl PATCH_19
f 1993 1994 2016 2015 
usemtl PATCH_19
f 2015 2016 354 353 
usemtl PATCH_19
f 125 124 1885 1884 
usemtl PATCH_19
f 1884 1885 1907 1906 
usemtl PATCH_19
f 1906 1907 1929 1928 
usemtl PATCH_19
f 1928 1929 1951 1950 
usemtl PATCH_19
f 1950 1951 1973 1972 
usemtl PATCH_19
f 1972 1973 1995 1994 
usemtl PATCH_19
f 1994 1995 2017 2016 
usemtl PATCH_19
f 2016 2017 355 354 
usemtl PATCH_19
f 124 123 1886 1885 
usemtl PATCH_19
f 1885 1886 1908 1907 
usemtl PATCH_19
f 1907 1908 1930 1929 
usemtl PATCH_19
f 1929 1930 1952 1951 
usemtl PATCH_19
f 1951 1952 1974 1973 
usemtl PATCH_19
f 1973 1974 1996 1995 
usemtl PATCH_19
f 1995 1996 2018 2017 
usemtl PATCH_19
f 2017 2018 356 355 
usemtl PATCH_19
f 123 122 1887 1886 
usemtl PATCH_19
f 1886 1887 1909 1908 
usemtl PATCH_19
f 1908 1909 1931 1930 
usemtl PATCH_19
f 1930 1931 1953 1952 
usemtl PATCH_19
f 1952 1953 1975 1974 
usemtl PATCH_19
f 1974 1975 1997 1996 
usemtl PATCH_19
f 1996 1997 2019 2018 
usemtl PATCH_19
f 2018 2019 357 356 
usemtl PATCH_19
f 122 121 1888 1887 
usemtl PATCH_19
f 1887 1888 1910 1909 
usemtl PATCH_19
f 1909 1910 1932 1931 
usemtl PATCH_19
f 1931 1932 1954 1953 
usemtl PATCH_19
f 1953 1954 1976 1975 
usemtl PATCH_19
f 1975 1976 1998 1997 
usemtl PATCH_19
f 1997 1998 2020 2019 
usemtl PATCH_19
f 2019 2020 358 357 
usemtl PATCH_19
f 121 120 1889 1888 
usemtl PATCH_19
f 1888 1889 1911 1910 
usemtl PATCH_19
f 1910 1911 1933 1932 
usemtl PATCH_19
f 1932 1933 1955 1954 
usemtl PATCH_19
f 1954 1955 1977 1976 
usemtl PATCH_19
f 1976 1977 1999 1998 
usemtl PATCH_19
f 1998 1999 2021 2020 
usemtl PATCH_19
f 2020 2021 359 358 
usemtl PATCH_19
f 120 119 1890 1889 
usemtl PATCH_19
f 1889 1890 1912 1911 
usemtl PATCH_19
f 1911 1912 1934 1933 
usemtl PATCH_19
f 1933 1934 1956 1955 
usemtl PATCH_19
f 1955 1956 1978 1977 
usemtl PATCH_19
f 1977 1978 2000 1999 
usemtl PATCH_19
f 1999 2000 2022 2021 
usemtl PATCH_19
f 2021 2022 360 359 
usemtl PATCH_19
f 119 118 1891 1890 
usemtl PATCH_19
f 1890 1891 1913 1912 
usemtl PATCH_19
f 1912 1913 1935 1934 
usemtl PATCH_19
f 1934 1935 1957 1956 
usemtl PATCH_19
f 1956 1957 1979 1978 
usemtl PATCH_19
f 1978 1979 2001 2000 
usemtl PATCH_19
f 2000 2001 2023 2022 
usemtl PATCH_19
f 2022 2023 361 360 
usemtl PATCH_19
f 118 117 1892 1891 
usemtl PATCH_19
f 1891 1892 1914 1913 
usemtl PATCH_19
f 1913 1914 1936 1935 
usemtl PATCH_19
f 1935 1936 1958 1957 
usemtl PATCH_19
f 1957 1958 1980 1979 
usemtl PATCH_19
f 1979 1980 2002 2001 
usemtl PATCH_19
f 2001 2002 2024 2023 
usemtl PATCH_19
f 2023 2024 362 361 
usemtl PATCH_19
f 117 116 1893 1892 
usemtl PATCH_19
f 1892 1893 1915 1914 
usemtl PATCH_19
f 1914 1915 1937 1936 
usemtl PATCH_19
f 1936 1937 1959 1958 
usemtl PATCH_19
f 1958 1959 1981 1980 
usemtl PATCH_19
f 1980 1981 2003 2002 
usemtl PATCH_19
f 2002 2003 2025 2024 
usemtl PATCH_19
f 2024 2025 363 362 
usemtl PATCH_19
f 116 115 1894 1893 
usemtl PATCH_19
f 1893 1894 1916 1915 
usemtl PATCH_19
f 1915 1916 1938 1937 
usemtl PATCH_19
f 1937 1938 1960 1959 
usemtl PATCH_19
f 1959 1960 1982 1981 
usemtl PATCH_19
f 1981 1982 2004 2003 
usemtl PATCH_19
f 2003 2004 2026 2025 
usemtl PATCH_19
f 2025 2026 364 363 
usemtl PATCH_19
f 115 114 1895 1894 
usemtl PATCH_19
f 1894 1895 1917 1916 
usemtl PATCH_19
f 1916 1917 1939 1938 
usemtl PATCH_19
f 1938 1939 1961 1960 
usemtl PATCH_19
f 1960 1961 1983 1982 
usemtl PATCH_19
f 1982 1983 2005 2004 
usemtl PATCH_19
f 2004 2005 2027 2026 
usemtl PATCH_19
f 2026 2027 365 364 
usemtl PATCH_19
f 114 113 1896 1895 
usemtl PATCH_19
f 1895 1896 1918 1917 
usemtl PATCH_19
f 1917 1918 1940 1939 
usemtl PATCH_19
f 1939 1940 1962 1961 
usemtl PATCH_19
f 1961 1962 1984 1983 
usemtl PATCH_19
f 1983 1984 2006 2005 
usemtl PATCH_19
f 2005 2006 2028 2027 
usemtl PATCH_19
f 2027 2028 366 365 
usemtl PATCH_19
f 113 112 1897 1896 
usemtl PATCH_19
f 1896 1897 1919 1918 
usemtl PATCH_19
f 1918 1919 1941 1940 
usemtl PATCH_19
f 1940 1941 1963 1962 
usemtl PATCH_19
f 1962 1963 1985 1984 
usemtl PATCH_19
f 1984 1985 2007 2006 
usemtl PATCH_19
f 2006 2007 2029 2028 
usemtl PATCH_19
f 2028 2029 367 366 
usemtl PATCH_19
f 112 111 1898 1897 
usemtl PATCH_19
f 1897 1898 1920 1919 
usemtl PATCH_19
f 1919 1920 1942 1941 
usemtl PATCH_19
f 1941 1942 1964 1963 
usemtl PATCH_19
f 1963 1964 1986 1985 
usemtl PATCH_19
f 1985 1986 2008 2007 
usemtl PATCH_19
f 2007 2008 2030 2029 
usemtl PATCH_19
f 2029 2030 368 367 
usemtl PATCH_19
f 111 110 1899 1898 
usemtl PATCH_19
f 1898 1899 1921 1920 
usemtl PATCH_19
f 1920 1921 1943 1942 
usemtl PATCH_19
f 1942 1943 1965 1964 
usemtl PATCH_19
f 1964 1965 1987 1986 
usemtl PATCH_19
f 1986 1987 2009 2008 
usemtl PATCH_19
f 2008 2009 2031 2030 
usemtl PATCH_19
f 2030 2031 369 368 
usemtl PATCH_19
f 110 109 1900 1899 
usemtl PATCH_19
f 1899 1900 1922 1921 
usemtl PATCH_19
f 1921 1922 1944 1943 
usemtl PATCH_19
f 1943 1944 1966 1965 
usemtl PATCH_19
f 1965 1966 1988 1987 
usemtl PATCH_19
f 1987 1988 2010 2009 
usemtl PATCH_19
f 2009 2010 2032 2031 
usemtl PATCH_19
f 2031 2032 370 369 
usemtl PATCH_19
f 109 10 1591 1900 
usemtl PATCH_19
f 1900 1591 1590 1922 
usemtl PATCH_19
f 1922 1590 1589 1944 
usemtl PATCH_19
f 1944 1589 1588 1966 
usemtl PATCH_19
f 1966 1588 1587 1988 
usemtl PATCH_19
f 1988 1587 1586 2010 
usemtl PATCH_19
f 2010 1586 1585 2032 
usemtl PATCH_19
f 2032 1585 11 370 
usemtl PATCH_61
f 4 73 2033 130 
usemtl PATCH_61
f 130 2033 2040 129 
usemtl PATCH_61
f 129 2040 2047 128 
usemtl PATCH_61
f 128 2047 2054 127 
usemtl PATCH_61
f 127 2054 2061 126 
usemtl PATCH_61
f 126 2061 2068 125 
usemtl PATCH_61
f 125 2068 2075 124 
usemtl PATCH_61
f 124 2075 2082 123 
usemtl PATCH_61
f 123 2082 2089 122 
usemtl PATCH_61
f 122 2089 2096 121 
usemtl PATCH_61
f 121 2096 2103 120 
usemtl PATCH_61
f 120 2103 2110 119 
usemtl PATCH_61
f 119 2110 2117 118 
usemtl PATCH_61
f 118 2117 2124 117 
usemtl PATCH_61
f 117 2124 2131 116 
usemtl PATCH_61
f 116 2131 2138 115 
usemtl PATCH_61
f 115 2138 2145 114 
usemtl PATCH_61
f 114 2145 2152 113 
usemtl PATCH_61
f 113 2152 2159 112 
usemtl PATCH_61
f 112 2159 2166 111 
usemtl PATCH_61
f 111 2166 2173 110 
usemtl PATCH_61
f 110 2173 2180 109 
usemtl PATCH_61
f 109 2180 108 10 
usemtl PATCH_61
f 73 74 2034 2033 
usemtl PATCH_61
f 2033 2034 2041 2040 
usemtl PATCH_61
f 2040 2041 2048 2047 
usemtl PATCH_61
f 2047 2048 2055 2054 
usemtl PATCH_61
f 2054 2055 2062 2061 
usemtl PATCH_61
f 2061 2062 2069 2068 
usemtl PATCH_61
f 2068 2069 2076 2075 
usemtl PATCH_61
f 2075 2076 2083 2082 
usemtl PATCH_61
f 2082 2083 2090 2089 
usemtl PATCH_61
f 2089 2090 2097 2096 
usemtl PATCH_61
f 2096 2097 2104 2103 
usemtl PATCH_61
f 2103 2104 2111 2110 
usemtl PATCH_61
f 2110 2111 2118 2117 
usemtl PATCH_61
f 2117 2118 2125 2124 
usemtl PATCH_61
f 2124 2125 2132 2131 
usemtl PATCH_61
f 2131 2132 2139 2138 
usemtl PATCH_61
f 2138 2139 2146 2145 
usemtl PATCH_61
f 2145 2146 2153 2152 
usemtl PATCH_61
f 2152 2153 2160 2159 
usemtl PATCH_61
f 2159 2160 2167 2166 
usemtl PATCH_61
f 2166 2167 2174 2173 
usemtl PATCH_61
f 2173 2174 2181 2180 
usemtl PATCH_61
f 2180 2181 107 108 
usemtl PATCH_61
f 74 75 2035 2034 
usemtl PATCH_61
f 2034 2035 2042 2041 
usemtl PATCH_61
f 2041 2042 2049 2048 
usemtl PATCH_61
f 2048 2049 2056 2055 
usemtl PATCH_61
f 2055 2056 2063 2062 
usemtl PATCH_61
f 2062 2063 2070 2069 
usemtl PATCH_61
f 2069 2070 2077 2076 
usemtl PATCH_61
f 2076 2077 2084 2083 
usemtl PATCH_61
f 2083 2084 2091 2090 
usemtl PATCH_61
f 2090 2091 2098 2097 
usemtl PATCH_61
f 2097 2098 2105 2104 
usemtl PATCH_61
f 2104 2105 2112 2111 
usemtl PATCH_61
f 2111 2112 2119 2118 
usemtl PATCH_61
f 2118 2119 2126 2125 
usemtl PATCH_61
f 2125 2126 2133 2132 
usemtl PATCH_61
f 2132 2133 2140 2139 
usemtl PATCH_61
f 2139 2140 2147 2146 
usemtl PATCH_61
f 2146 2147 2154 2153 
usemtl PATCH_61
f 2153 2154 2161 2160 
usemtl PATCH_61
f 2160 2161 2168 2167 
usemtl PATCH_61
f 2167 2168 2175 2174 
usemtl PATCH_61
f 2174 2175 2182 2181 
usemtl PATCH_61
f 2181 2182 106 107 
usemtl PATCH_61
f 75 76 2036 2035 
usemtl PATCH_61
f 2035 2036 2043 2042 
usemtl PATCH_61
f 2042 2043 2050 2049 
usemtl PATCH_61
f 2049 2050 2057 2056 
usemtl PATCH_61
f 2056 2057 2064 2063 
usemtl PATCH_61
f 2063 2064 2071 2070 
usemtl PATCH_61
f 2070 2071 2078 2077 
usemtl PATCH_61
f 2077 2078 2085 2084 
usemtl PATCH_61
f 2084 2085 2092 2091 
usemtl PATCH_61
f 2091 2092 2099 2098 
usemtl PATCH_61
f 2098 2099 2106 2105 
usemtl PATCH_61
f 2105 2106 2113 2112 
usemtl PATCH_61
f 2112 2113 2120 2119 
usemtl PATCH_61
f 2119 2120 2127 2126 
usemtl PATCH_61
f 2126 2127 2134 2133 
usemtl PATCH_61
f 2133 2134 2141 2140 
usemtl PATCH_61
f 2140 2141 2148 2147 
usemtl PATCH_61
f 2147 2148 2155 2154 
usemtl PATCH_61
f 2154 2155 2162 2161 
usemtl PATCH_61
f 2161 2162 2169 2168 
usemtl PATCH_61
f 2168 2169 2176 2175 
usemtl PATCH_61
f 2175 2176 2183 2182 
usemtl PATCH_61
f 2182 2183 105 106 
usemtl PATCH_61
f 76 77 2037 2036 
usemtl PATCH_61
f 2036 2037 2044 2043 
usemtl PATCH_61
f 2043 2044 2051 2050 
usemtl PATCH_61
f 2050 2051 2058 2057 
usemtl PATCH_61
f 2057 2058 2065 2064 
usemtl PATCH_61
f 2064 2065 2072 2071 
usemtl PATCH_61
f 2071 2072 2079 2078 
usemtl PATCH_61
f 2078 2079 2086 2085 
usemtl PATCH_61
f 2085 2086 2093 2092 
usemtl PATCH_61
f 2092 2093 2100 2099 
usemtl PATCH_61
f 2099 2100 2107 2106 
usemtl PATCH_61
f 2106 2107 2114 2113 
usemtl PATCH_61
f 2113 2114 2121 2120 
usemtl PATCH_61
f 2120 2121 2128 2127 
usemtl PATCH_61
f 2127 2128 2135 2134 
usemtl PATCH_61
f 2134 2135 2142 2141 
usemtl PATCH_61
f 2141 2142 2149 2148 
usemtl PATCH_61
f 2148 2149 2156 2155 
usemtl PATCH_61
f 2155 2156 2163 2162 
usemtl PATCH_61
f 2162 2163 2170 2169 
usemtl PATCH_61
f 2169 2170 2177 2176 
usemtl PATCH_61
f 2176 2177 2184 2183 
usemtl PATCH_61
f 2183 2184 104 105 
usemtl PATCH_61
f 77 78 2038 2037 
usemtl PATCH_61
f 2037 2038 2045 2044 
usemtl PATCH_61
f 2044 2045 2052 2051 
usemtl PATCH_61
f 2051 2052 2059 2058 
usemtl PATCH_61
f 2058 2059 2066 2065 
usemtl PATCH_61
f 2065 2066 2073 2072 
usemtl PATCH_61
f 2072 2073 2080 2079 
usemtl PATCH_61
f 2079 2080 2087 2086 
usemtl PATCH_61
f 2086 2087 2094 2093 
usemtl PATCH_61
f 2093 2094 2101 2100 
usemtl PATCH_61
f 2100 2101 2108 2107 
usemtl PATCH_61
f 2107 2108 2115 2114 
usemtl PATCH_61
f 2114 2115 2122 2121 
usemtl PATCH_61
f 2121 2122 2129 2128 
usemtl PATCH_61
f 2128 2129 2136 2135 
usemtl PATCH_61
f 2135 2136 2143 2142 
usemtl PATCH_61
f 2142 2143 2150 2149 
usemtl PATCH_61
f 2149 2150 2157 2156 
usemtl PATCH_61
f 2156 2157 2164 2163 
usemtl PATCH_61
f 2163 2164 2171 2170 
usemtl PATCH_61
f 2170 2171 2178 2177 
usemtl PATCH_61
f 2177 2178 2185 2184 
usemtl PATCH_61
f 2184 2185 103 104 
usemtl PATCH_61
f 78 79 2039 2038 
usemtl PATCH_61
f 2038 2039 2046 2045 
usemtl PATCH_61
f 2045 2046 2053 2052 
usemtl PATCH_61
f 2052 2053 2060 2059 
usemtl PATCH_61
f 2059 2060 2067 2066 
usemtl PATCH_61
f 2066 2067 2074 2073 
usemtl PATCH_61
f 2073 2074 2081 2080 
usemtl PATCH_61
f 2080 2081 2088 2087 
usemtl PATCH_61
f 2087 2088 2095 2094 
usemtl PATCH_61
f 2094 2095 2102 2101 
usemtl PATCH_61
f 2101 2102 2109 2108 
usemtl PATCH_61
f 2108 2109 2116 2115 
usemtl PATCH_61
f 2115 2116 2123 2122 
usemtl PATCH_61
f 2122 2123 2130 2129 
usemtl PATCH_61
f 2129 2130 2137 2136 
usemtl PATCH_61
f 2136 2137 2144 2143 
usemtl PATCH_61
f 2143 2144 2151 2150 
usemtl PATCH_61
f 2150 2151 2158 2157 
usemtl PATCH_61
f 2157 2158 2165 2164 
usemtl PATCH_61
f 2164 2165 2172 2171 
usemtl PATCH_61
f 2171 2172 2179 2178 
usemtl PATCH_61
f 2178 2179 2186 2185 
usemtl PATCH_61
f 2185 2186 102 103 
usemtl PATCH_61
f 79 3 80 2039 
usemtl PATCH_61
f 2039 80 81 2046 
usemtl PATCH_61
f 2046 81 82 2053 
usemtl PATCH_61
f 2053 82 83 2060 
usemtl PATCH_61
f 2060 83 84 2067 
usemtl PATCH_61
f 2067 84 85 2074 
usemtl PATCH_61
f 2074 85 86 2081 
usemtl PATCH_61
f 2081 86 87 2088 
usemtl PATCH_61
f 2088 87 88 2095 
usemtl PATCH_61
f 2095 88 89 2102 
usemtl PATCH_61
f 2102 89 90 2109 
usemtl PATCH_61
f 2109 90 91 2116 
usemtl PATCH_61
f 2116 91 92 2123 
usemtl PATCH_61
f 2123 92 93 2130 
usemtl PATCH_61
f 2130 93 94 2137 
usemtl PATCH_61
f 2137 94 95 2144 
usemtl PATCH_61
f 2144 95 96 2151 
usemtl PATCH_61
f 2151 96 97 2158 
usemtl PATCH_61
f 2158 97 98 2165 
usemtl PATCH_61
f 2165 98 99 2172 
usemtl PATCH_61
f 2172 99 100 2179 
usemtl PATCH_61
f 2179 100 101 2186 
usemtl PATCH_61
f 2186 101 12 102 
usemtl PATCH_60
f 13 131 2187 150 
usemtl PATCH_60
f 150 2187 2190 149 
usemtl PATCH_60
f 149 2190 2193 148 
usemtl PATCH_60
f 148 2193 2196 147 
usemtl PATCH_60
f 147 2196 2199 146 
usemtl PATCH_60
f 146 2199 2202 145 
usemtl PATCH_60
f 145 2202 2205 144 
usemtl PATCH_60
f 144 2205 143 2 
usemtl PATCH_60
f 131 132 2188 2187 
usemtl PATCH_60
f 2187 2188 2191 2190 
usemtl PATCH_60
f 2190 2191 2194 2193 
usemtl PATCH_60
f 2193 2194 2197 2196 
usemtl PATCH_60
f 2196 2197 2200 2199 
usemtl PATCH_60
f 2199 2200 2203 2202 
usemtl PATCH_60
f 2202 2203 2206 2205 
usemtl PATCH_60
f 2205 2206 142 143 
usemtl PATCH_60
f 132 133 2189 2188 
usemtl PATCH_60
f 2188 2189 2192 2191 
usemtl PATCH_60
f 2191 2192 2195 2194 
usemtl PATCH_60
f 2194 2195 2198 2197 
usemtl PATCH_60
f 2197 2198 2201 2200 
usemtl PATCH_60
f 2200 2201 2204 2203 
usemtl PATCH_60
f 2203 2204 2207 2206 
usemtl PATCH_60
f 2206 2207 141 142 
usemtl PATCH_60
f 133 14 134 2189 
usemtl PATCH_60
f 2189 134 135 2192 
usemtl PATCH_60
f 2192 135 136 2195 
usemtl PATCH_60
f 2195 136 137 2198 
usemtl PATCH_60
f 2198 137 138 2201 
usemtl PATCH_60
f 2201 138 139 2204 
usemtl PATCH_60
f 2204 139 140 2207 
usemtl PATCH_60
f 2207 140 3 141 
usemtl PATCH_3
f 13 151 2208 131 
usemtl PATCH_3
f 131 2208 2215 132 
usemtl PATCH_3
f 132 2215 2222 133 
usemtl PATCH_3
f 133 2222 167 14 
usemtl PATCH_3
f 151 152 2209 2208 
usemtl PATCH_3
f 2208 2209 2216 2215 
usemtl PATCH_3
f 2215 2216 2223 2222 
usemtl PATCH_3
f 2222 2223 166 167 
usemtl PATCH_3
f 152 153 2210 2209 
usemtl PATCH_3
f 2209 2210 2217 2216 
usemtl PATCH_3
f 2216 2217 2224 2223 
usemtl PATCH_3
f 2223 2224 165 166 
usemtl PATCH_3
f 153 154 2211 2210 
usemtl PATCH_3
f 2210 2211 2218 2217 
usemtl PATCH_3
f 2217 2218 2225 2224 
usemtl PATCH_3
f 2224 2225 164 165 
usemtl PATCH_3
f 154 155 2212 2211 
usemtl PATCH_3
f 2211 2212 2219 2218 
usemtl PATCH_3
f 2218 2219 2226 2225 
usemtl PATCH_3
f 2225 2226 163 164 
usemtl PATCH_3
f 155 156 2213 2212 
usemtl PATCH_3
f 2212 2213 2220 2219 
usemtl PATCH_3
f 2219 2220 2227 2226 
usemtl PATCH_3
f 2226 2227 162 163 
usemtl PATCH_3
f 156 157 2214 2213 
usemtl PATCH_3
f 2213 2214 2221 2220 
usemtl PATCH_3
f 2220 2221 2228 2227 
usemtl PATCH_3
f 2227 2228 161 162 
usemtl PATCH_3
f 157 15 158 2214 
usemtl PATCH_3
f 2214 158 159 2221 
usemtl PATCH_3
f 2221 159 160 2228 
usemtl PATCH_3
f 2228 160 16 161 
usemtl PATCH_8
f 13 168 2229 151 
usemtl PATCH_8
f 151 2229 2233 152 
usemtl PATCH_8
f 152 2233 2237 153 
usemtl PATCH_8
f 153 2237 2241 154 
usemtl PATCH_8
f 154 2241 2245 155 
usemtl PATCH_8
f 155 2245 2249 156 
usemtl PATCH_8
f 156 2249 2253 157 
usemtl PATCH_8
f 157 2253 182 15 
usemtl PATCH_8
f 168 169 2230 2229 
usemtl PATCH_8
f 2229 2230 2234 2233 
usemtl PATCH_8
f 2233 2234 2238 2237 
usemtl PATCH_8
f 2237 2238 2242 2241 
usemtl PATCH_8
f 2241 2242 2246 2245 
usemtl PATCH_8
f 2245 2246 2250 2249 
usemtl PATCH_8
f 2249 2250 2254 2253 
usemtl PATCH_8
f 2253 2254 181 182 
usemtl PATCH_8
f 169 170 2231 2230 
usemtl PATCH_8
f 2230 2231 2235 2234 
usemtl PATCH_8
f 2234 2235 2239 2238 
usemtl PATCH_8
f 2238 2239 2243 2242 
usemtl PATCH_8
f 2242 2243 2247 2246 
usemtl PATCH_8
f 2246 2247 2251 2250 
usemtl PATCH_8
f 2250 2251 2255 2254 
usemtl PATCH_8
f 2254 2255 180 181 
usemtl PATCH_8
f 170 171 2232 2231 
usemtl PATCH_8
f 2231 2232 2236 2235 
usemtl PATCH_8
f 2235 2236 2240 2239 
usemtl PATCH_8
f 2239 2240 2244 2243 
usemtl PATCH_8
f 2243 2244 2248 2247 
usemtl PATCH_8
f 2247 2248 2252 2251 
usemtl PATCH_8
f 2251 2252 2256 2255 
usemtl PATCH_8
f 2255 2256 179 180 
usemtl PATCH_8
f 171 17 172 2232 
usemtl PATCH_8
f 2232 172 173 2236 
usemtl PATCH_8
f 2236 173 174 2240 
usemtl PATCH_8
f 2240 174 175 2244 
usemtl PATCH_8
f 2244 175 176 2248 
usemtl PATCH_8
f 2248 176 177 2252 
usemtl PATCH_8
f 2252 177 178 2256 
usemtl PATCH_8
f 2256 178 18 179 
usemtl PATCH_68
f 13 150 2257 168 
usemtl PATCH_68
f 168 2257 2264 169 
usemtl PATCH_68
f 169 2264 2271 170 
usemtl PATCH_68
f 170 2271 2278 171 
usemtl PATCH_68
f 171 2278 193 17 
usemtl PATCH_68
f 150 149 2258 2257 
usemtl PATCH_68
f 2257 2258 2265 2264 
usemtl PATCH_68
f 2264 2265 2272 2271 
usemtl PATCH_68
f 2271 2272 2279 2278 
usemtl PATCH_68
f 2278 2279 192 193 
usemtl PATCH_68
f 149 148 2259 2258 
usemtl PATCH_68
f 2258 2259 2266 2265 
usemtl PATCH_68
f 2265 2266 2273 2272 
usemtl PATCH_68
f 2272 2273 2280 2279 
usemtl PATCH_68
f 2279 2280 191 192 
usemtl PATCH_68
f 148 147 2260 2259 
usemtl PATCH_68
f 2259 2260 2267 2266 
usemtl PATCH_68
f 2266 2267 2274 2273 
usemtl PATCH_68
f 2273 2274 2281 2280 
usemtl PATCH_68
f 2280 2281 190 191 
usemtl PATCH_68
f 147 146 2261 2260 
usemtl PATCH_68
f 2260 2261 2268 2267 
usemtl PATCH_68
f 2267 2268 2275 2274 
usemtl PATCH_68
f 2274 2275 2282 2281 
usemtl PATCH_68
f 2281 2282 189 190 
usemtl PATCH_68
f 146 145 2262 2261 
usemtl PATCH_68
f 2261 2262 2269 2268 
usemtl PATCH_68
f 2268 2269 2276 2275 
usemtl PATCH_68
f 2275 2276 2283 2282 
usemtl PATCH_68
f 2282 2283 188 189 
usemtl PATCH_68
f 145 144 2263 2262 
usemtl PATCH_68
f 2262 2263 2270 2269 
usemtl PATCH_68
f 2269 2270 2277 2276 
usemtl PATCH_68
f 2276 2277 2284 2283 
usemtl PATCH_68
f 2283 2284 187 188 
usemtl PATCH_68
f 144 2 183 2263 
usemtl PATCH_68
f 2263 183 184 2270 
usemtl PATCH_68
f 2270 184 185 2277 
usemtl PATCH_68
f 2277 185 186 2284 
usemtl PATCH_68
f 2284 186 19 187 
usemtl PATCH_58
f 14 194 2285 134 
usemtl PATCH_58
f 134 2285 2307 135 
usemtl PATCH_58
f 135 2307 2329 136 
usemtl PATCH_58
f 136 2329 2351 137 
usemtl PATCH_58
f 137 2351 2373 138 
usemtl PATCH_58
f 138 2373 2395 139 
usemtl PATCH_58
f 139 2395 2417 140 
usemtl PATCH_58
f 140 2417 80 3 
usemtl PATCH_58
f 194 195 2286 2285 
usemtl PATCH_58
f 2285 2286 2308 2307 
usemtl PATCH_58
f 2307 2308 2330 2329 
usemtl PATCH_58
f 2329 2330 2352 2351 
usemtl PATCH_58
f 2351 2352 2374 2373 
usemtl PATCH_58
f 2373 2374 2396 2395 
usemtl PATCH_58
f 2395 2396 2418 2417 
usemtl PATCH_58
f 2417 2418 81 80 
usemtl PATCH_58
f 195 196 2287 2286 
usemtl PATCH_58
f 2286 2287 2309 2308 
usemtl PATCH_58
f 2308 2309 2331 2330 
usemtl PATCH_58
f 2330 2331 2353 2352 
usemtl PATCH_58
f 2352 2353 2375 2374 
usemtl PATCH_58
f 2374 2375 2397 2396 
usemtl PATCH_58
f 2396 2397 2419 2418 
usemtl PATCH_58
f 2418 2419 82 81 
usemtl PATCH_58
f 196 197 2288 2287 
usemtl PATCH_58
f 2287 2288 2310 2309 
usemtl PATCH_58
f 2309 2310 2332 2331 
usemtl PATCH_58
f 2331 2332 2354 2353 
usemtl PATCH_58
f 2353 2354 2376 2375 
usemtl PATCH_58
f 2375 2376 2398 2397 
usemtl PATCH_58
f 2397 2398 2420 2419 
usemtl PATCH_58
f 2419 2420 83 82 
usemtl PATCH_58
f 197 198 2289 2288 
usemtl PATCH_58
f 2288 2289 2311 2310 
usemtl PATCH_58
f 2310 2311 2333 2332 
usemtl PATCH_58
f 2332 2333 2355 2354 
usemtl PATCH_58
f 2354 2355 2377 2376 
usemtl PATCH_58
f 2376 2377 2399 2398 
usemtl PATCH_58
f 2398 2399 2421 2420 
usemtl PATCH_58
f 2420 2421 84 83 
usemtl PATCH_58
f 198 199 2290 2289 
usemtl PATCH_58
f 2289 2290 2312 2311 
usemtl PATCH_58
f 2311 2312 2334 2333 
usemtl PATCH_58
f 2333 2334 2356 2355 
usemtl PATCH_58
f 2355 2356 2378 2377 
usemtl PATCH_58
f 2377 2378 2400 2399 
usemtl PATCH_58
f 2399 2400 2422 2421 
usemtl PATCH_58
f 2421 2422 85 84 
usemtl PATCH_58
f 199 200 2291 2290 
usemtl PATCH_58
f 2290 2291 2313 2312 
usemtl PATCH_58
f 2312 2313 2335 2334 
usemtl PATCH_58
f 2334 2335 2357 2356 
usemtl PATCH_58
f 2356 2357 2379 2378 
usemtl PATCH_58
f 2378 2379 2401 2400 
usemtl PATCH_58
f 2400 2401 2423 2422 
usemtl PATCH_58
f 2422 2423 86 85 
usemtl PATCH_58
f 200 201 2292 2291 
usemtl PATCH_58
f 2291 2292 2314 2313 
usemtl PATCH_58
f 2313 2314 2336 2335 
usemtl PATCH_58
f 2335 2336 2358 2357 
usemtl PATCH_58
f 2357 2358 2380 2379 
usemtl PATCH_58
f 2379 2380 2402 2401 
usemtl PATCH_58
f 2401 2402 2424 2423 
usemtl PATCH_58
f 2423 2424 87 86 
usemtl PATCH_58
f 201 202 2293 2292 
usemtl PATCH_58
f 2292 2293 2315 2314 
usemtl PATCH_58
f 2314 2315 2337 2336 
usemtl PATCH_58
f 2336 2337 2359 2358 
usemtl PATCH_58
f 2358 2359 2381 2380 
usemtl PATCH_58
f 2380 2381 2403 2402 
usemtl PATCH_58
f 2402 2403 2425 2424 
usemtl PATCH_58
f 2424 2425 88 87 
usemtl PATCH_58
f 202 203 2294 2293 
usemtl PATCH_58
f 2293 2294 2316 2315 
usemtl PATCH_58
f 2315 2316 2338 2337 
usemtl PATCH_58
f 2337 2338 2360 2359 
usemtl PATCH_58
f 2359 2360 2382 2381 
usemtl PATCH_58
f 2381 2382 2404 2403 
usemtl PATCH_58
f 2403 2404 2426 2425 
usemtl PATCH_58
f 2425 2426 89 88 
usemtl PATCH_58
f 203 204 2295 2294 
usemtl PATCH_58
f 2294 2295 2317 2316 
usemtl PATCH_58
f 2316 2317 2339 2338 
usemtl PATCH_58
f 2338 2339 2361 2360 
usemtl PATCH_58
f 2360 2361 2383 2382 
usemtl PATCH_58
f 2382 2383 2405 2404 
usemtl PATCH_58
f 2404 2405 2427 2426 
usemtl PATCH_58
f 2426 2427 90 89 
usemtl PATCH_58
f 204 205 2296 2295 
usemtl PATCH_58
f 2295 2296 2318 2317 
usemtl PATCH_58
f 2317 2318 2340 2339 
usemtl PATCH_58
f 2339 2340 2362 2361 
usemtl PATCH_58
f 2361 2362 2384 2383 
usemtl PATCH_58
f 2383 2384 2406 2405 
usemtl PATCH_58
f 2405 2406 2428 2427 
usemtl PATCH_58
f 2427 2428 91 90 
usemtl PATCH_58
f 205 206 2297 2296 
usemtl PATCH_58
f 2296 2297 2319 2318 
usemtl PATCH_58
f 2318 2319 2341 2340 
usemtl PATCH_58
f 2340 2341 2363 2362 
usemtl PATCH_58
f 2362 2363 2385 2384 
usemtl PATCH_58
f 2384 2385 2407 2406 
usemtl PATCH_58
f 2406 2407 2429 2428 
usemtl PATCH_58
f 2428 2429 92 91 
usemtl PATCH_58
f 206 207 2298 2297 
usemtl PATCH_58
f 2297 2298 2320 2319 
usemtl PATCH_58
f 2319 2320 2342 2341 
usemtl PATCH_58
f 2341 2342 2364 2363 
usemtl PATCH_58
f 2363 2364 2386 2385 
usemtl PATCH_58
f 2385 2386 2408 2407 
usemtl PATCH_58
f 2407 2408 2430 2429 
usemtl PATCH_58
f 2429 2430 93 92 
usemtl PATCH_58
f 207 208 2299 2298 
usemtl PATCH_58
f 2298 2299 2321 2320 
usemtl PATCH_58
f 2320 2321 2343 2342 
usemtl PATCH_58
f 2342 2343 2365 2364 
usemtl PATCH_58
f 2364 2365 2387 2386 
usemtl PATCH_58
f 2386 2387 2409 2408 
usemtl PATCH_58
f 2408 2409 2431 2430 
usemtl PATCH_58
f 2430 2431 94 93 
usemtl PATCH_58
f 208 209 2300 2299 
usemtl PATCH_58
f 2299 2300 2322 2321 
usemtl PATCH_58
f 2321 2322 2344 2343 
usemtl PATCH_58
f 2343 2344 2366 2365 
usemtl PATCH_58
f 2365 2366 2388 2387 
usemtl PATCH_58
f 2387 2388 2410 2409 
usemtl PATCH_58
f 2409 2410 2432 2431 
usemtl PATCH_58
f 2431 2432 95 94 
usemtl PATCH_58
f 209 210 2301 2300 
usemtl PATCH_58
f 2300 2301 2323 2322 
usemtl PATCH_58
f 2322 2323 2345 2344 
usemtl PATCH_58
f 2344 2345 2367 2366 
usemtl PATCH_58
f 2366 2367 2389 2388 
usemtl PATCH_58
f 2388 2389 2411 2410 
usemtl PATCH_58
f 2410 2411 2433 2432 
usemtl PATCH_58
f 2432 2433 96 95 
usemtl PATCH_58
f 210 211 2302 2301 
usemtl PATCH_58
f 2301 2302 2324 2323 
usemtl PATCH_58
f 2323 2324 2346 2345 
usemtl PATCH_58
f 2345 2346 2368 2367 
usemtl PATCH_58
f 2367 2368 2390 2389 
usemtl PATCH_58
f 2389 2390 2412 2411 
usemtl PATCH_58
f 2411 2412 2434 2433 
usemtl PATCH_58
f 2433 2434 97 96 
usemtl PATCH_58
f 211 212 2303 2302 
usemtl PATCH_58
f 2302 2303 2325 2324 
usemtl PATCH_58
f 2324 2325 2347 2346 
usemtl PATCH_58
f 2346 2347 2369 2368 
usemtl PATCH_58
f 2368 2369 2391 2390 
usemtl PATCH_58
f 2390 2391 2413 2412 
usemtl PATCH_58
f 2412 2413 2435 2434 
usemtl PATCH_58
f 2434 2435 98 97 
usemtl PATCH_58
f 212 213 2304 2303 
usemtl PATCH_58
f 2303 2304 2326 2325 
usemtl PATCH_58
f 2325 2326 2348 2347 
usemtl PATCH_58
f 2347 2348 2370 2369 
usemtl PATCH_58
f 2369 2370 2392 2391 
usemtl PATCH_58
f 2391 2392 2414 2413 
usemtl PATCH_58
f 2413 2414 2436 2435 
usemtl PATCH_58
f 2435 2436 99 98 
usemtl PATCH_58
f 213 214 2305 2304 
usemtl PATCH_58
f 2304 2305 2327 2326 
usemtl PATCH_58
f 2326 2327 2349 2348 
usemtl PATCH_58
f 2348 2349 2371 2370 
usemtl PATCH_58
f 2370 2371 2393 2392 
usemtl PATCH_58
f 2392 2393 2415 2414 
usemtl PATCH_58
f 2414 2415 2437 2436 
usemtl PATCH_58
f 2436 2437 100 99 
usemtl PATCH_58
f 214 215 2306 2305 
usemtl PATCH_58
f 2305 2306 2328 2327 
usemtl PATCH_58
f 2327 2328 2350 2349 
usemtl PATCH_58
f 2349 2350 2372 2371 
usemtl PATCH_58
f 2371 2372 2394 2393 
usemtl PATCH_58
f 2393 2394 2416 2415 
usemtl PATCH_58
f 2415 2416 2438 2437 
usemtl PATCH_58
f 2437 2438 101 100 
usemtl PATCH_58
f 215 20 216 2306 
usemtl PATCH_58
f 2306 216 217 2328 
usemtl PATCH_58
f 2328 217 218 2350 
usemtl PATCH_58
f 2350 218 219 2372 
usemtl PATCH_58
f 2372 219 220 2394 
usemtl PATCH_58
f 2394 220 221 2416 
usemtl PATCH_58
f 2416 221 222 2438 
usemtl PATCH_58
f 2438 222 12 101 
usemtl PATCH_4
f 14 167 2439 194 
usemtl PATCH_4
f 194 2439 2446 195 
usemtl PATCH_4
f 195 2446 2453 196 
usemtl PATCH_4
f 196 2453 2460 197 
usemtl PATCH_4
f 197 2460 2467 198 
usemtl PATCH_4
f 198 2467 2474 199 
usemtl PATCH_4
f 199 2474 2481 200 
usemtl PATCH_4
f 200 2481 2488 201 
usemtl PATCH_4
f 201 2488 2495 202 
usemtl PATCH_4
f 202 2495 2502 203 
usemtl PATCH_4
f 203 2502 2509 204 
usemtl PATCH_4
f 204 2509 2516 205 
usemtl PATCH_4
f 205 2516 2523 206 
usemtl PATCH_4
f 206 2523 2530 207 
usemtl PATCH_4
f 207 2530 2537 208 
usemtl PATCH_4
f 208 2537 2544 209 
usemtl PATCH_4
f 209 2544 2551 210 
usemtl PATCH_4
f 210 2551 2558 211 
usemtl PATCH_4
f 211 2558 2565 212 
usemtl PATCH_4
f 212 2565 2572 213 
usemtl PATCH_4
f 213 2572 2579 214 
usemtl PATCH_4
f 214 2579 2586 215 
usemtl PATCH_4
f 215 2586 251 20 
usemtl PATCH_4
f 167 166 2440 2439 
usemtl PATCH_4
f 2439 2440 2447 2446 
usemtl PATCH_4
f 2446 2447 2454 2453 
usemtl PATCH_4
f 2453 2454 2461 2460 
usemtl PATCH_4
f 2460 2461 2468 2467 
usemtl PATCH_4
f 2467 2468 2475 2474 
usemtl PATCH_4
f 2474 2475 2482 2481 
usemtl PATCH_4
f 2481 2482 2489 2488 
usemtl PATCH_4
f 2488 2489 2496 2495 
usemtl PATCH_4
f 2495 2496 2503 2502 
usemtl PATCH_4
f 2502 2503 2510 2509 
usemtl PATCH_4
f 2509 2510 2517 2516 
usemtl PATCH_4
f 2516 2517 2524 2523 
usemtl PATCH_4
f 2523 2524 2531 2530 
usemtl PATCH_4
f 2530 2531 2538 2537 
usemtl PATCH_4
f 2537 2538 2545 2544 
usemtl PATCH_4
f 2544 2545 2552 2551 
usemtl PATCH_4
f 2551 2552 2559 2558 
usemtl PATCH_4
f 2558 2559 2566 2565 
usemtl PATCH_4
f 2565 2566 2573 2572 
usemtl PATCH_4
f 2572 2573 2580 2579 
usemtl PATCH_4
f 2579 2580 2587 2586 
usemtl PATCH_4
f 2586 2587 250 251 
usemtl PATCH_4
f 166 165 2441 2440 
usemtl PATCH_4
f 2440 2441 2448 2447 
usemtl PATCH_4
f 2447 2448 2455 2454 
usemtl PATCH_4
f 2454 2455 2462 2461 
usemtl PATCH_4
f 2461 2462 2469 2468 
usemtl PATCH_4
f 2468 2469 2476 2475 
usemtl PATCH_4
f 2475 2476 2483 2482 
usemtl PATCH_4
f 2482 2483 2490 2489 
usemtl PATCH_4
f 2489 2490 2497 2496 
usemtl PATCH_4
f 2496 2497 2504 2503 
usemtl PATCH_4
f 2503 2504 2511 2510 
usemtl PATCH_4
f 2510 2511 2518 2517 
usemtl PATCH_4
f 2517 2518 2525 2524 
usemtl PATCH_4
f 2524 2525 2532 2531 
usemtl PATCH_4
f 2531 2532 2539 2538 
usemtl PATCH_4
f 2538 2539 2546 2545 
usemtl PATCH_4
f 2545 2546 2553 2552 
usemtl PATCH_4
f 2552 2553 2560 2559 
usemtl PATCH_4
f 2559 2560 2567 2566 
usemtl PATCH_4
f 2566 2567 2574 2573 
usemtl PATCH_4
f 2573 2574 2581 2580 
usemtl PATCH_4
f 2580 2581 2588 2587 
usemtl PATCH_4
f 2587 2588 249 250 
usemtl PATCH_4
f 165 164 2442 2441 
usemtl PATCH_4
f 2441 2442 2449 2448 
usemtl PATCH_4
f 2448 2449 2456 2455 
usemtl PATCH_4
f 2455 2456 2463 2462 
usemtl PATCH_4
f 2462 2463 2470 2469 
usemtl PATCH_4
f 2469 2470 2477 2476 
usemtl PATCH_4
f 2476 2477 2484 2483 
usemtl PATCH_4
f 2483 2484 2491 2490 
usemtl PATCH_4
f 2490 2491 2498 2497 
usemtl PATCH_4
f 2497 2498 2505 2504 
usemtl PATCH_4
f 2504 2505 2512 2511 
usemtl PATCH_4
f 2511 2512 2519 2518 
usemtl PATCH_4
f 2518 2519 2526 2525 
usemtl PATCH_4
f 2525 2526 2533 2532 
usemtl PATCH_4
f 2532 2533 2540 2539 
usemtl PATCH_4
f 2539 2540 2547 2546 
usemtl PATCH_4
f 2546 2547 2554 2553 
usemtl PATCH_4
f 2553 2554 2561 2560 
usemtl PATCH_4
f 2560 2561 2568 2567 
usemtl PATCH_4
f 2567 2568 2575 2574 
usemtl PATCH_4
f 2574 2575 2582 2581 
usemtl PATCH_4
f 2581 2582 2589 2588 
usemtl PATCH_4
f 2588 2589 248 249 
usemtl PATCH_4
f 164 163 2443 2442 
usemtl PATCH_4
f 2442 2443 2450 2449 
usemtl PATCH_4
f 2449 2450 2457 2456 
usemtl PATCH_4
f 2456 2457 2464 2463 
usemtl PATCH_4
f 2463 2464 2471 2470 
usemtl PATCH_4
f 2470 2471 2478 2477 
usemtl PATCH_4
f 2477 2478 2485 2484 
usemtl PATCH_4
f 2484 2485 2492 2491 
usemtl PATCH_4
f 2491 2492 2499 2498 
usemtl PATCH_4
f 2498 2499 2506 2505 
usemtl PATCH_4
f 2505 2506 2513 2512 
usemtl PATCH_4
f 2512 2513 2520 2519 
usemtl PATCH_4
f 2519 2520 2527 2526 
usemtl PATCH_4
f 2526 2527 2534 2533 
usemtl PATCH_4
f 2533 2534 2541 2540 
usemtl PATCH_4
f 2540 2541 2548 2547 
usemtl PATCH_4
f 2547 2548 2555 2554 
usemtl PATCH_4
f 2554 2555 2562 2561 
usemtl PATCH_4
f 2561 2562 2569 2568 
usemtl PATCH_4
f 2568 2569 2576 2575 
usemtl PATCH_4
f 2575 2576 2583 2582 
usemtl PATCH_4
f 2582 2583 2590 2589 
usemtl PATCH_4
f 2589 2590 247 248 
usemtl PATCH_4
f 163 162 2444 2443 
usemtl PATCH_4
f 2443 2444 2451 2450 
usemtl PATCH_4
f 2450 2451 2458 2457 
usemtl PATCH_4
f 2457 2458 2465 2464 
usemtl PATCH_4
f 2464 2465 2472 2471 
usemtl PATCH_4
f 2471 2472 2479 2478 
usemtl PATCH_4
f 2478 2479 2486 2485 
usemtl PATCH_4
f 2485 2486 2493 2492 
usemtl PATCH_4
f 2492 2493 2500 2499 
usemtl PATCH_4
f 2499 2500 2507 2506 
usemtl PATCH_4
f 2506 2507 2514 2513 
usemtl PATCH_4
f 2513 2514 2521 2520 
usemtl PATCH_4
f 2520 2521 2528 2527 
usemtl PATCH_4
f 2527 2528 2535 2534 
usemtl PATCH_4
f 2534 2535 2542 2541 
usemtl PATCH_4
f 2541 2542 2549 2548 
usemtl PATCH_4
f 2548 2549 2556 2555 
usemtl PATCH_4
f 2555 2556 2563 2562 
usemtl PATCH_4
f 2562 2563 2570 2569 
usemtl PATCH_4
f 2569 2570 2577 2576 
usemtl PATCH_4
f 2576 2577 2584 2583 
usemtl PATCH_4
f 2583 2584 2591 2590 
usemtl PATCH_4
f 2590 2591 246 247 
usemtl PATCH_4
f 162 161 2445 2444 
usemtl PATCH_4
f 2444 2445 2452 2451 
usemtl PATCH_4
f 2451 2452 2459 2458 
usemtl PATCH_4
f 2458 2459 2466 2465 
usemtl PATCH_4
f 2465 2466 2473 2472 
usemtl PATCH_4
f 2472 2473 2480 2479 
usemtl PATCH_4
f 2479 2480 2487 2486 
usemtl PATCH_4
f 2486 2487 2494 2493 
usemtl PATCH_4
f 2493 2494 2501 2500 
usemtl PATCH_4
f 2500 2501 2508 2507 
usemtl PATCH_4
f 2507 2508 2515 2514 
usemtl PATCH_4
f 2514 2515 2522 2521 
usemtl PATCH_4
f 2521 2522 2529 2528 
usemtl PATCH_4
f 2528 2529 2536 2535 
usemtl PATCH_4
f 2535 2536 2543 2542 
usemtl PATCH_4
f 2542 2543 2550 2549 
usemtl PATCH_4
f 2549 2550 2557 2556 
usemtl PATCH_4
f 2556 2557 2564 2563 
usemtl PATCH_4
f 2563 2564 2571 2570 
usemtl PATCH_4
f 2570 2571 2578 2577 
usemtl PATCH_4
f 2577 2578 2585 2584 
usemtl PATCH_4
f 2584 2585 2592 2591 
usemtl PATCH_4
f 2591 2592 245 246 
usemtl PATCH_4
f 161 16 223 2445 
usemtl PATCH_4
f 2445 223 224 2452 
usemtl PATCH_4
f 2452 224 225 2459 
usemtl PATCH_4
f 2459 225 226 2466 
usemtl PATCH_4
f 2466 226 227 2473 
usemtl PATCH_4
f 2473 227 228 2480 
usemtl PATCH_4
f 2480 228 229 2487 
usemtl PATCH_4
f 2487 229 230 2494 
usemtl PATCH_4
f 2494 230 231 2501 
usemtl PATCH_4
f 2501 231 232 2508 
usemtl PATCH_4
f 2508 232 233 2515 
usemtl PATCH_4
f 2515 233 234 2522 
usemtl PATCH_4
f 2522 234 235 2529 
usemtl PATCH_4
f 2529 235 236 2536 
usemtl PATCH_4
f 2536 236 237 2543 
usemtl PATCH_4
f 2543 237 238 2550 
usemtl PATCH_4
f 2550 238 239 2557 
usemtl PATCH_4
f 2557 239 240 2564 
usemtl PATCH_4
f 2564 240 241 2571 
usemtl PATCH_4
f 2571 241 242 2578 
usemtl PATCH_4
f 2578 242 243 2585 
usemtl PATCH_4
f 2585 243 244 2592 
usemtl PATCH_4
f 2592 244 21 245 
usemtl PATCH_13
f 7 252 2593 273 
usemtl PATCH_13
f 273 2593 2600 272 
usemtl PATCH_13
f 272 2600 2607 271 
usemtl PATCH_13
f 271 2607 2614 270 
usemtl PATCH_13
f 270 2614 269 8 
usemtl PATCH_13
f 252 253 2594 2593 
usemtl PATCH_13
f 2593 2594 2601 2600 
usemtl PATCH_13
f 2600 2601 2608 2607 
usemtl PATCH_13
f 2607 2608 2615 2614 
usemtl PATCH_13
f 2614 2615 268 269 
usemtl PATCH_13
f 253 254 2595 2594 
usemtl PATCH_13
f 2594 2595 2602 2601 
usemtl PATCH_13
f 2601 2602 2609 2608 
usemtl PATCH_13
f 2608 2609 2616 2615 
usemtl PATCH_13
f 2615 2616 267 268 
usemtl PATCH_13
f 254 255 2596 2595 
usemtl PATCH_13
f 2595 2596 2603 2602 
usemtl PATCH_13
f 2602 2603 2610 2609 
usemtl PATCH_13
f 2609 2610 2617 2616 
usemtl PATCH_13
f 2616 2617 266 267 
usemtl PATCH_13
f 255 256 2597 2596 
usemtl PATCH_13
f 2596 2597 2604 2603 
usemtl PATCH_13
f 2603 2604 2611 2610 
usemtl PATCH_13
f 2610 2611 2618 2617 
usemtl PATCH_13
f 2617 2618 265 266 
usemtl PATCH_13
f 256 257 2598 2597 
usemtl PATCH_13
f 2597 2598 2605 2604 
usemtl PATCH_13
f 2604 2605 2612 2611 
usemtl PATCH_13
f 2611 2612 2619 2618 
usemtl PATCH_13
f 2618 2619 264 265 
usemtl PATCH_13
f 257 258 2599 2598 
usemtl PATCH_13
f 2598 2599 2606 2605 
usemtl PATCH_13
f 2605 2606 2613 2612 
usemtl PATCH_13
f 2612 2613 2620 2619 
usemtl PATCH_13
f 2619 2620 263 264 
usemtl PATCH_13
f 258 22 259 2599 
usemtl PATCH_13
f 2599 259 260 2606 
usemtl PATCH_13
f 2606 260 261 2613 
usemtl PATCH_13
f 2613 261 262 2620 
usemtl PATCH_13
f 2620 262 23 263 
usemtl PATCH_12
f 7 274 2621 252 
usemtl PATCH_12
f 252 2621 2633 253 
usemtl PATCH_12
f 253 2633 2645 254 
usemtl PATCH_12
f 254 2645 2657 255 
usemtl PATCH_12
f 255 2657 2669 256 
usemtl PATCH_12
f 256 2669 2681 257 
usemtl PATCH_12
f 257 2681 2693 258 
usemtl PATCH_12
f 258 2693 304 22 
usemtl PATCH_12
f 274 275 2622 2621 
usemtl PATCH_12
f 2621 2622 2634 2633 
usemtl PATCH_12
f 2633 2634 2646 2645 
usemtl PATCH_12
f 2645 2646 2658 2657 
usemtl PATCH_12
f 2657 2658 2670 2669 
usemtl PATCH_12
f 2669 2670 2682 2681 
usemtl PATCH_12
f 2681 2682 2694 2693 
usemtl PATCH_12
f 2693 2694 303 304 
usemtl PATCH_12
f 275 276 2623 2622 
usemtl PATCH_12
f 2622 2623 2635 2634 
usemtl PATCH_12
f 2634 2635 2647 2646 
usemtl PATCH_12
f 2646 2647 2659 2658 
usemtl PATCH_12
f 2658 2659 2671 2670 
usemtl PATCH_12
f 2670 2671 2683 2682 
usemtl PATCH_12
f 2682 2683 2695 2694 
usemtl PATCH_12
f 2694 2695 302 303 
usemtl PATCH_12
f 276 277 2624 2623 
usemtl PATCH_12
f 2623 2624 2636 2635 
usemtl PATCH_12
f 2635 2636 2648 2647 
usemtl PATCH_12
f 2647 2648 2660 2659 
usemtl PATCH_12
f 2659 2660 2672 2671 
usemtl PATCH_12
f 2671 2672 2684 2683 
usemtl PATCH_12
f 2683 2684 2696 2695 
usemtl PATCH_12
f 2695 2696 301 302 
usemtl PATCH_12
f 277 278 2625 2624 
usemtl PATCH_12
f 2624 2625 2637 2636 
usemtl PATCH_12
f 2636 2637 2649 2648 
usemtl PATCH_12
f 2648 2649 2661 2660 
usemtl PATCH_12
f 2660 2661 2673 2672 
usemtl PATCH_12
f 2672 2673 2685 2684 
usemtl PATCH_12
f 2684 2685 2697 2696 
usemtl PATCH_12
f 2696 2697 300 301 
usemtl PATCH_12
f 278 279 2626 2625 
usemtl PATCH_12
f 2625 2626 2638 2637 
usemtl PATCH_12
f 2637 2638 2650 2649 
usemtl PATCH_12
f 2649 2650 2662 2661 
usemtl PATCH_12
f 2661 2662 2674 2673 
usemtl PATCH_12
f 2673 2674 2686 2685 
usemtl PATCH_12
f 2685 2686 2698 2697 
usemtl PATCH_12
f 2697 2698 299 300 
usemtl PATCH_12
f 279 280 2627 2626 
usemtl PATCH_12
f 2626 2627 2639 2638 
usemtl PATCH_12
f 2638 2639 2651 2650 
usemtl PATCH_12
f 2650 2651 2663 2662 
usemtl PATCH_12
f 2662 2663 2675 2674 
usemtl PATCH_12
f 2674 2675 2687 2686 
usemtl PATCH_12
f 2686 2687 2699 2698 
usemtl PATCH_12
f 2698 2699 298 299 
usemtl PATCH_12
f 280 281 2628 2627 
usemtl PATCH_12
f 2627 2628 2640 2639 
usemtl PATCH_12
f 2639 2640 2652 2651 
usemtl PATCH_12
f 2651 2652 2664 2663 
usemtl PATCH_12
f 2663 2664 2676 2675 
usemtl PATCH_12
f 2675 2676 2688 2687 
usemtl PATCH_12
f 2687 2688 2700 2699 
usemtl PATCH_12
f 2699 2700 297 298 
usemtl PATCH_12
f 281 282 2629 2628 
usemtl PATCH_12
f 2628 2629 2641 2640 
usemtl PATCH_12
f 2640 2641 2653 2652 
usemtl PATCH_12
f 2652 2653 2665 2664 
usemtl PATCH_12
f 2664 2665 2677 2676 
usemtl PATCH_12
f 2676 2677 2689 2688 
usemtl PATCH_12
f 2688 2689 2701 2700 
usemtl PATCH_12
f 2700 2701 296 297 
usemtl PATCH_12
f 282 283 2630 2629 
usemtl PATCH_12
f 2629 2630 2642 2641 
usemtl PATCH_12
f 2641 2642 2654 2653 
usemtl PATCH_12
f 2653 2654 2666 2665 
usemtl PATCH_12
f 2665 2666 2678 2677 
usemtl PATCH_12
f 2677 2678 2690 2689 
usemtl PATCH_12
f 2689 2690 2702 2701 
usemtl PATCH_12
f 2701 2702 295 296 
usemtl PATCH_12
f 283 284 2631 2630 
usemtl PATCH_12
f 2630 2631 2643 2642 
usemtl PATCH_12
f 2642 2643 2655 2654 
usemtl PATCH_12
f 2654 2655 2667 2666 
usemtl PATCH_12
f 2666 2667 2679 2678 
usemtl PATCH_12
f 2678 2679 2691 2690 
usemtl PATCH_12
f 2690 2691 2703 2702 
usemtl PATCH_12
f 2702 2703 294 295 
usemtl PATCH_12
f 284 285 2632 2631 
usemtl PATCH_12
f 2631 2632 2644 2643 
usemtl PATCH_12
f 2643 2644 2656 2655 
usemtl PATCH_12
f 2655 2656 2668 2667 
usemtl PATCH_12
f 2667 2668 2680 2679 
usemtl PATCH_12
f 2679 2680 2692 2691 
usemtl PATCH_12
f 2691 2692 2704 2703 
usemtl PATCH_12
f 2703 2704 293 294 
usemtl PATCH_12
f 285 24 286 2632 
usemtl PATCH_12
f 2632 286 287 2644 
usemtl PATCH_12
f 2644 287 288 2656 
usemtl PATCH_12
f 2656 288 289 2668 
usemtl PATCH_12
f 2668 289 290 2680 
usemtl PATCH_12
f 2680 290 291 2692 
usemtl PATCH_12
f 2692 291 292 2704 
usemtl PATCH_12
f 2704 292 25 293 
usemtl PATCH_16
f 7 305 2705 274 
usemtl PATCH_16
f 274 2705 2708 275 
usemtl PATCH_16
f 275 2708 2711 276 
usemtl PATCH_16
f 276 2711 2714 277 
usemtl PATCH_16
f 277 2714 2717 278 
usemtl PATCH_16
f 278 2717 2720 279 
usemtl PATCH_16
f 279 2720 2723 280 
usemtl PATCH_16
f 280 2723 2726 281 
usemtl PATCH_16
f 281 2726 2729 282 
usemtl PATCH_16
f 282 2729 2732 283 
usemtl PATCH_16
f 283 2732 2735 284 
usemtl PATCH_16
f 284 2735 2738 285 
usemtl PATCH_16
f 285 2738 322 24 
usemtl PATCH_16
f 305 306 2706 2705 
usemtl PATCH_16
f 2705 2706 2709 2708 
usemtl PATCH_16
f 2708 2709 2712 2711 
usemtl PATCH_16
f 2711 2712 2715 2714 
usemtl PATCH_16
f 2714 2715 2718 2717 
usemtl PATCH_16
f 2717 2718 2721 2720 
usemtl PATCH_16
f 2720 2721 2724 2723 
usemtl PATCH_16
f 2723 2724 2727 2726 
usemtl PATCH_16
f 2726 2727 2730 2729 
usemtl PATCH_16
f 2729 2730 2733 2732 
usemtl PATCH_16
f 2732 2733 2736 2735 
usemtl PATCH_16
f 2735 2736 2739 2738 
usemtl PATCH_16
f 2738 2739 321 322 
usemtl PATCH_16
f 306 307 2707 2706 
usemtl PATCH_16
f 2706 2707 2710 2709 
usemtl PATCH_16
f 2709 2710 2713 2712 
usemtl PATCH_16
f 2712 2713 2716 2715 
usemtl PATCH_16
f 2715 2716 2719 2718 
usemtl PATCH_16
f 2718 2719 2722 2721 
usemtl PATCH_16
f 2721 2722 2725 2724 
usemtl PATCH_16
f 2724 2725 2728 2727 
usemtl PATCH_16
f 2727 2728 2731 2730 
usemtl PATCH_16
f 2730 2731 2734 2733 
usemtl PATCH_16
f 2733 2734 2737 2736 
usemtl PATCH_16
f 2736 2737 2740 2739 
usemtl PATCH_16
f 2739 2740 320 321 
usemtl PATCH_16
f 307 9 308 2707 
usemtl PATCH_16
f 2707 308 309 2710 
usemtl PATCH_16
f 2710 309 310 2713 
usemtl PATCH_16
f 2713 310 311 2716 
usemtl PATCH_16
f 2716 311 312 2719 
usemtl PATCH_16
f 2719 312 313 2722 
usemtl PATCH_16
f 2722 313 314 2725 
usemtl PATCH_16
f 2725 314 315 2728 
usemtl PATCH_16
f 2728 315 316 2731 
usemtl PATCH_16
f 2731 316 317 2734 
usemtl PATCH_16
f 2734 317 318 2737 
usemtl PATCH_16
f 2737 318 319 2740 
usemtl PATCH_16
f 2740 319 26 320 
usemtl PATCH_9
f 9 323 2741 308 
usemtl PATCH_9
f 308 2741 2748 309 
usemtl PATCH_9
f 309 2748 2755 310 
usemtl PATCH_9
f 310 2755 2762 311 
usemtl PATCH_9
f 311 2762 2769 312 
usemtl PATCH_9
f 312 2769 2776 313 
usemtl PATCH_9
f 313 2776 2783 314 
usemtl PATCH_9
f 314 2783 2790 315 
usemtl PATCH_9
f 315 2790 2797 316 
usemtl PATCH_9
f 316 2797 2804 317 
usemtl PATCH_9
f 317 2804 2811 318 
usemtl PATCH_9
f 318 2811 2818 319 
usemtl PATCH_9
f 319 2818 348 26 
usemtl PATCH_9
f 323 324 2742 2741 
usemtl PATCH_9
f 2741 2742 2749 2748 
usemtl PATCH_9
f 2748 2749 2756 2755 
usemtl PATCH_9
f 2755 2756 2763 2762 
usemtl PATCH_9
f 2762 2763 2770 2769 
usemtl PATCH_9
f 2769 2770 2777 2776 
usemtl PATCH_9
f 2776 2777 2784 2783 
usemtl PATCH_9
f 2783 2784 2791 2790 
usemtl PATCH_9
f 2790 2791 2798 2797 
usemtl PATCH_9
f 2797 2798 2805 2804 
usemtl PATCH_9
f 2804 2805 2812 2811 
usemtl PATCH_9
f 2811 2812 2819 2818 
usemtl PATCH_9
f 2818 2819 347 348 
usemtl PATCH_9
f 324 325 2743 2742 
usemtl PATCH_9
f 2742 2743 2750 2749 
usemtl PATCH_9
f 2749 2750 2757 2756 
usemtl PATCH_9
f 2756 2757 2764 2763 
usemtl PATCH_9
f 2763 2764 2771 2770 
usemtl PATCH_9
f 2770 2771 2778 2777 
usemtl PATCH_9
f 2777 2778 2785 2784 
usemtl PATCH_9
f 2784 2785 2792 2791 
usemtl PATCH_9
f 2791 2792 2799 2798 
usemtl PATCH_9
f 2798 2799 2806 2805 
usemtl PATCH_9
f 2805 2806 2813 2812 
usemtl PATCH_9
f 2812 2813 2820 2819 
usemtl PATCH_9
f 2819 2820 346 347 
usemtl PATCH_9
f 325 326 2744 2743 
usemtl PATCH_9
f 2743 2744 2751 2750 
usemtl PATCH_9
f 2750 2751 2758 2757 
usemtl PATCH_9
f 2757 2758 2765 2764 
usemtl PATCH_9
f 2764 2765 2772 2771 
usemtl PATCH_9
f 2771 2772 2779 2778 
usemtl PATCH_9
f 2778 2779 2786 2785 
usemtl PATCH_9
f 2785 2786 2793 2792 
usemtl PATCH_9
f 2792 2793 2800 2799 
usemtl PATCH_9
f 2799 2800 2807 2806 
usemtl PATCH_9
f 2806 2807 2814 2813 
usemtl PATCH_9
f 2813 2814 2821 2820 
usemtl PATCH_9
f 2820 2821 345 346 
usemtl PATCH_9
f 326 327 2745 2744 
usemtl PATCH_9
f 2744 2745 2752 2751 
usemtl PATCH_9
f 2751 2752 2759 2758 
usemtl PATCH_9
f 2758 2759 2766 2765 
usemtl PATCH_9
f 2765 2766 2773 2772 
usemtl PATCH_9
f 2772 2773 2780 2779 
usemtl PATCH_9
f 2779 2780 2787 2786 
usemtl PATCH_9
f 2786 2787 2794 2793 
usemtl PATCH_9
f 2793 2794 2801 2800 
usemtl PATCH_9
f 2800 2801 2808 2807 
usemtl PATCH_9
f 2807 2808 2815 2814 
usemtl PATCH_9
f 2814 2815 2822 2821 
usemtl PATCH_9
f 2821 2822 344 345 
usemtl PATCH_9
f 327 328 2746 2745 
usemtl PATCH_9
f 2745 2746 2753 2752 
usemtl PATCH_9
f 2752 2753 2760 2759 
usemtl PATCH_9
f 2759 2760 2767 2766 
usemtl PATCH_9
f 2766 2767 2774 2773 
usemtl PATCH_9
f 2773 2774 2781 2780 
usemtl PATCH_9
f 2780 2781 2788 2787 
usemtl PATCH_9
f 2787 2788 2795 2794 
usemtl PATCH_9
f 2794 2795 2802 2801 
usemtl PATCH_9
f 2801 2802 2809 2808 
usemtl PATCH_9
f 2808 2809 2816 2815 
usemtl PATCH_9
f 2815 2816 2823 2822 
usemtl PATCH_9
f 2822 2823 343 344 
usemtl PATCH_9
f 328 329 2747 2746 
usemtl PATCH_9
f 2746 2747 2754 2753 
usemtl PATCH_9
f 2753 2754 2761 2760 
usemtl PATCH_9
f 2760 2761 2768 2767 
usemtl PATCH_9
f 2767 2768 2775 2774 
usemtl PATCH_9
f 2774 2775 2782 2781 
usemtl PATCH_9
f 2781 2782 2789 2788 
usemtl PATCH_9
f 2788 2789 2796 2795 
usemtl PATCH_9
f 2795 2796 2803 2802 
usemtl PATCH_9
f 2802 2803 2810 2809 
usemtl PATCH_9
f 2809 2810 2817 2816 
usemtl PATCH_9
f 2816 2817 2824 2823 
usemtl PATCH_9
f 2823 2824 342 343 
usemtl PATCH_9
f 329 27 330 2747 
usemtl PATCH_9
f 2747 330 331 2754 
usemtl PATCH_9
f 2754 331 332 2761 
usemtl PATCH_9
f 2761 332 333 2768 
usemtl PATCH_9
f 2768 333 334 2775 
usemtl PATCH_9
f 2775 334 335 2782 
usemtl PATCH_9
f 2782 335 336 2789 
usemtl PATCH_9
f 2789 336 337 2796 
usemtl PATCH_9
f 2796 337 338 2803 
usemtl PATCH_9
f 2803 338 339 2810 
usemtl PATCH_9
f 2810 339 340 2817 
usemtl PATCH_9
f 2817 340 341 2824 
usemtl PATCH_9
f 2824 341 28 342 
usemtl PATCH_11
f 9 349 2825 323 
usemtl PATCH_11
f 323 2825 2847 324 
usemtl PATCH_11
f 324 2847 2869 325 
usemtl PATCH_11
f 325 2869 2891 326 
usemtl PATCH_11
f 326 2891 2913 327 
usemtl PATCH_11
f 327 2913 2935 328 
usemtl PATCH_11
f 328 2935 2957 329 
usemtl PATCH_11
f 329 2957 399 27 
usemtl PATCH_11
f 349 350 2826 2825 
usemtl PATCH_11
f 2825 2826 2848 2847 
usemtl PATCH_11
f 2847 2848 2870 2869 
usemtl PATCH_11
f 2869 2870 2892 2891 
usemtl PATCH_11
f 2891 2892 2914 2913 
usemtl PATCH_11
f 2913 2914 2936 2935 
usemtl PATCH_11
f 2935 2936 2958 2957 
usemtl PATCH_11
f 2957 2958 398 399 
usemtl PATCH_11
f 350 351 2827 2826 
usemtl PATCH_11
f 2826 2827 2849 2848 
usemtl PATCH_11
f 2848 2849 2871 2870 
usemtl PATCH_11
f 2870 2871 2893 2892 
usemtl PATCH_11
f 2892 2893 2915 2914 
usemtl PATCH_11
f 2914 2915 2937 2936 
usemtl PATCH_11
f 2936 2937 2959 2958 
usemtl PATCH_11
f 2958 2959 397 398 
usemtl PATCH_11
f 351 352 2828 2827 
usemtl PATCH_11
f 2827 2828 2850 2849 
usemtl PATCH_11
f 2849 2850 2872 2871 
usemtl PATCH_11
f 2871 2872 2894 2893 
usemtl PATCH_11
f 2893 2894 2916 2915 
usemtl PATCH_11
f 2915 2916 2938 2937 
usemtl PATCH_11
f 2937 2938 2960 2959 
usemtl PATCH_11
f 2959 2960 396 397 
usemtl PATCH_11
f 352 353 2829 2828 
usemtl PATCH_11
f 2828 2829 2851 2850 
usemtl PATCH_11
f 2850 2851 2873 2872 
usemtl PATCH_11
f 2872 2873 2895 2894 
usemtl PATCH_11
f 2894 2895 2917 2916 
usemtl PATCH_11
f 2916 2917 2939 2938 
usemtl PATCH_11
f 2938 2939 2961 2960 
usemtl PATCH_11
f 2960 2961 395 396 
usemtl PATCH_11
f 353 354 2830 2829 
usemtl PATCH_11
f 2829 2830 2852 2851 
usemtl PATCH_11
f 2851 2852 2874 2873 
usemtl PATCH_11
f 2873 2874 2896 2895 
usemtl PATCH_11
f 2895 2896 2918 2917 
usemtl PATCH_11
f 2917 2918 2940 2939 
usemtl PATCH_11
f 2939 2940 2962 2961 
usemtl PATCH_11
f 2961 2962 394 395 
usemtl PATCH_11
f 354 355 2831 2830 
usemtl PATCH_11
f 2830 2831 2853 2852 
usemtl PATCH_11
f 2852 2853 2875 2874 
usemtl PATCH_11
f 2874 2875 2897 2896 
usemtl PATCH_11
f 2896 2897 2919 2918 
usemtl PATCH_11
f 2918 2919 2941 2940 
usemtl PATCH_11
f 2940 2941 2963 2962 
usemtl PATCH_11
f 2962 2963 393 394 
usemtl PATCH_11
f 355 356 2832 2831 
usemtl PATCH_11
f 2831 2832 2854 2853 
usemtl PATCH_11
f 2853 2854 2876 2875 
usemtl PATCH_11
f 2875 2876 2898 2897 
usemtl PATCH_11
f 2897 2898 2920 2919 
usemtl PATCH_11
f 2919 2920 2942 2941 
usemtl PATCH_11
f 2941 2942 2964 2963 
usemtl PATCH_11
f 2963 2964 392 393 
usemtl PATCH_11
f 356 357 2833 2832 
usemtl PATCH_11
f 2832 2833 2855 2854 
usemtl PATCH_11
f 2854 2855 2877 2876 
usemtl PATCH_11
f 2876 2877 2899 2898 
usemtl PATCH_11
f 2898 2899 2921 2920 
usemtl PATCH_11
f 2920 2921 2943 2942 
usemtl PATCH_11
f 2942 2943 2965 2964 
usemtl PATCH_11
f 2964 2965 391 392 
usemtl PATCH_11
f 357 358 2834 2833 
usemtl PATCH_11
f 2833 2834 2856 2855 
usemtl PATCH_11
f 2855 2856 2878 2877 
usemtl PATCH_11
f 2877 2878 2900 2899 
usemtl PATCH_11
f 2899 2900 2922 2921 
usemtl PATCH_11
f 2921 2922 2944 2943 
usemtl PATCH_11
f 2943 2944 2966 2965 
usemtl PATCH_11
f 2965 2966 390 391 
usemtl PATCH_11
f 358 359 2835 2834 
usemtl PATCH_11
f 2834 2835 2857 2856 
usemtl PATCH_11
f 2856 2857 2879 2878 
usemtl PATCH_11
f 2878 2879 2901 2900 
usemtl PATCH_11
f 2900 2901 2923 2922 
usemtl PATCH_11
f 2922 2923 2945 2944 
usemtl PATCH_11
f 2944 2945 2967 2966 
usemtl PATCH_11
f 2966 2967 389 390 
usemtl PATCH_11
f 359 360 2836 2835 
usemtl PATCH_11
f 2835 2836 2858 2857 
usemtl PATCH_11
f 2857 2858 2880 2879 
usemtl PATCH_11
f 2879 2880 2902 2901 
usemtl PATCH_11
f 2901 2902 2924 2923 
usemtl PATCH_11
f 2923 2924 2946 2945 
usemtl PATCH_11
f 2945 2946 2968 2967 
usemtl PATCH_11
f 2967 2968 388 389 
usemtl PATCH_11
f 360 361 2837 2836 
usemtl PATCH_11
f 2836 2837 2859 2858 
usemtl PATCH_11
f 2858 2859 2881 2880 
usemtl PATCH_11
f 2880 2881 2903 2902 
usemtl PATCH_11
f 2902 2903 2925 2924 
usemtl PATCH_11
f 2924 2925 2947 2946 
usemtl PATCH_11
f 2946 2947 2969 2968 
usemtl PATCH_11
f 2968 2969 387 388 
usemtl PATCH_11
f 361 362 2838 2837 
usemtl PATCH_11
f 2837 2838 2860 2859 
usemtl PATCH_11
f 2859 2860 2882 2881 
usemtl PATCH_11
f 2881 2882 2904 2903 
usemtl PATCH_11
f 2903 2904 2926 2925 
usemtl PATCH_11
f 2925 2926 2948 2947 
usemtl PATCH_11
f 2947 2948 2970 2969 
usemtl PATCH_11
f 2969 2970 386 387 
usemtl PATCH_11
f 362 363 2839 2838 
usemtl PATCH_11
f 2838 2839 2861 2860 
usemtl PATCH_11
f 2860 2861 2883 2882 
usemtl PATCH_11
f 2882 2883 2905 2904 
usemtl PATCH_11
f 2904 2905 2927 2926 
usemtl PATCH_11
f 2926 2927 2949 2948 
usemtl PATCH_11
f 2948 2949 2971 2970 
usemtl PATCH_11
f 2970 2971 385 386 
usemtl PATCH_11
f 363 364 2840 2839 
usemtl PATCH_11
f 2839 2840 2862 2861 
usemtl PATCH_11
f 2861 2862 2884 2883 
usemtl PATCH_11
f 2883 2884 2906 2905 
usemtl PATCH_11
f 2905 2906 2928 2927 
usemtl PATCH_11
f 2927 2928 2950 2949 
usemtl PATCH_11
f 2949 2950 2972 2971 
usemtl PATCH_11
f 2971 2972 384 385 
usemtl PATCH_11
f 364 365 2841 2840 
usemtl PATCH_11
f 2840 2841 2863 2862 
usemtl PATCH_11
f 2862 2863 2885 2884 
usemtl PATCH_11
f 2884 2885 2907 2906 
usemtl PATCH_11
f 2906 2907 2929 2928 
usemtl PATCH_11
f 2928 2929 2951 2950 
usemtl PATCH_11
f 2950 2951 2973 2972 
usemtl PATCH_11
f 2972 2973 383 384 
usemtl PATCH_11
f 365 366 2842 2841 
usemtl PATCH_11
f 2841 2842 2864 2863 
usemtl PATCH_11
f 2863 2864 2886 2885 
usemtl PATCH_11
f 2885 2886 2908 2907 
usemtl PATCH_11
f 2907 2908 2930 2929 
usemtl PATCH_11
f 2929 2930 2952 2951 
usemtl PATCH_11
f 2951 2952 2974 2973 
usemtl PATCH_11
f 2973 2974 382 383 
usemtl PATCH_11
f 366 367 2843 2842 
usemtl PATCH_11
f 2842 2843 2865 2864 
usemtl PATCH_11
f 2864 2865 2887 2886 
usemtl PATCH_11
f 2886 2887 2909 2908 
usemtl PATCH_11
f 2908 2909 2931 2930 
usemtl PATCH_11
f 2930 2931 2953 2952 
usemtl PATCH_11
f 2952 2953 2975 2974 
usemtl PATCH_11
f 2974 2975 381 382 
usemtl PATCH_11
f 367 368 2844 2843 
usemtl PATCH_11
f 2843 2844 2866 2865 
usemtl PATCH_11
f 2865 2866 2888 2887 
usemtl PATCH_11
f 2887 2888 2910 2909 
usemtl PATCH_11
f 2909 2910 2932 2931 
usemtl PATCH_11
f 2931 2932 2954 2953 
usemtl PATCH_11
f 2953 2954 2976 2975 
usemtl PATCH_11
f 2975 2976 380 381 
usemtl PATCH_11
f 368 369 2845 2844 
usemtl PATCH_11
f 2844 2845 2867 2866 
usemtl PATCH_11
f 2866 2867 2889 2888 
usemtl PATCH_11
f 2888 2889 2911 2910 
usemtl PATCH_11
f 2910 2911 2933 2932 
usemtl PATCH_11
f 2932 2933 2955 2954 
usemtl PATCH_11
f 2954 2955 2977 2976 
usemtl PATCH_11
f 2976 2977 379 380 
usemtl PATCH_11
f 369 370 2846 2845 
usemtl PATCH_11
f 2845 2846 2868 2867 
usemtl PATCH_11
f 2867 2868 2890 2889 
usemtl PATCH_11
f 2889 2890 2912 2911 
usemtl PATCH_11
f 2911 2912 2934 2933 
usemtl PATCH_11
f 2933 2934 2956 2955 
usemtl PATCH_11
f 2955 2956 2978 2977 
usemtl PATCH_11
f 2977 2978 378 379 
usemtl PATCH_11
f 370 11 371 2846 
usemtl PATCH_11
f 2846 371 372 2868 
usemtl PATCH_11
f 2868 372 373 2890 
usemtl PATCH_11
f 2890 373 374 2912 
usemtl PATCH_11
f 2912 374 375 2934 
usemtl PATCH_11
f 2934 375 376 2956 
usemtl PATCH_11
f 2956 376 377 2978 
usemtl PATCH_11
f 2978 377 29 378 
usemtl PATCH_0
f 15 400 2979 158 
usemtl PATCH_0
f 158 2979 2991 159 
usemtl PATCH_0
f 159 2991 3003 160 
usemtl PATCH_0
f 160 3003 426 16 
usemtl PATCH_0
f 400 401 2980 2979 
usemtl PATCH_0
f 2979 2980 2992 2991 
usemtl PATCH_0
f 2991 2992 3004 3003 
usemtl PATCH_0
f 3003 3004 425 426 
usemtl PATCH_0
f 401 402 2981 2980 
usemtl PATCH_0
f 2980 2981 2993 2992 
usemtl PATCH_0
f 2992 2993 3005 3004 
usemtl PATCH_0
f 3004 3005 424 425 
usemtl PATCH_0
f 402 403 2982 2981 
usemtl PATCH_0
f 2981 2982 2994 2993 
usemtl PATCH_0
f 2993 2994 3006 3005 
usemtl PATCH_0
f 3005 3006 423 424 
usemtl PATCH_0
f 403 404 2983 2982 
usemtl PATCH_0
f 2982 2983 2995 2994 
usemtl PATCH_0
f 2994 2995 3007 3006 
usemtl PATCH_0
f 3006 3007 422 423 
usemtl PATCH_0
f 404 405 2984 2983 
usemtl PATCH_0
f 2983 2984 2996 2995 
usemtl PATCH_0
f 2995 2996 3008 3007 
usemtl PATCH_0
f 3007 3008 421 422 
usemtl PATCH_0
f 405 406 2985 2984 
usemtl PATCH_0
f 2984 2985 2997 2996 
usemtl PATCH_0
f 2996 2997 3009 3008 
usemtl PATCH_0
f 3008 3009 420 421 
usemtl PATCH_0
f 406 407 2986 2985 
usemtl PATCH_0
f 2985 2986 2998 2997 
usemtl PATCH_0
f 2997 2998 3010 3009 
usemtl PATCH_0
f 3009 3010 419 420 
usemtl PATCH_0
f 407 408 2987 2986 
usemtl PATCH_0
f 2986 2987 2999 2998 
usemtl PATCH_0
f 2998 2999 3011 3010 
usemtl PATCH_0
f 3010 3011 418 419 
usemtl PATCH_0
f 408 409 2988 2987 
usemtl PATCH_0
f 2987 2988 3000 2999 
usemtl PATCH_0
f 2999 3000 3012 3011 
usemtl PATCH_0
f 3011 3012 417 418 
usemtl PATCH_0
f 409 410 2989 2988 
usemtl PATCH_0
f 2988 2989 3001 3000 
usemtl PATCH_0
f 3000 3001 3013 3012 
usemtl PATCH_0
f 3012 3013 416 417 
usemtl PATCH_0
f 410 411 2990 2989 
usemtl PATCH_0
f 2989 2990 3002 3001 
usemtl PATCH_0
f 3001 3002 3014 3013 
usemtl PATCH_0
f 3013 3014 415 416 
usemtl PATCH_0
f 411 30 412 2990 
usemtl PATCH_0
f 2990 412 413 3002 
usemtl PATCH_0
f 3002 413 414 3014 
usemtl PATCH_0
f 3014 414 31 415 
usemtl PATCH_6
f 15 427 3015 400 
usemtl PATCH_6
f 400 3015 3022 401 
usemtl PATCH_6
f 401 3022 3029 402 
usemtl PATCH_6
f 402 3029 3036 403 
usemtl PATCH_6
f 403 3036 3043 404 
usemtl PATCH_6
f 404 3043 3050 405 
usemtl PATCH_6
f 405 3050 3057 406 
usemtl PATCH_6
f 406 3057 3064 407 
usemtl PATCH_6
f 407 3064 3071 408 
usemtl PATCH_6
f 408 3071 3078 409 
usemtl PATCH_6
f 409 3078 3085 410 
usemtl PATCH_6
f 410 3085 3092 411 
usemtl PATCH_6
f 411 3092 440 30 
usemtl PATCH_6
f 427 428 3016 3015 
usemtl PATCH_6
f 3015 3016 3023 3022 
usemtl PATCH_6
f 3022 3023 3030 3029 
usemtl PATCH_6
f 3029 3030 3037 3036 
usemtl PATCH_6
f 3036 3037 3044 3043 
usemtl PATCH_6
f 3043 3044 3051 3050 
usemtl PATCH_6
f 3050 3051 3058 3057 
usemtl PATCH_6
f 3057 3058 3065 3064 
usemtl PATCH_6
f 3064 3065 3072 3071 
usemtl PATCH_6
f 3071 3072 3079 3078 
usemtl PATCH_6
f 3078 3079 3086 3085 
usemtl PATCH_6
f 3085 3086 3093 3092 
usemtl PATCH_6
f 3092 3093 439 440 
usemtl PATCH_6
f 428 429 3017 3016 
usemtl PATCH_6
f 3016 3017 3024 3023 
usemtl PATCH_6
f 3023 3024 3031 3030 
usemtl PATCH_6
f 3030 3031 3038 3037 
usemtl PATCH_6
f 3037 3038 3045 3044 
usemtl PATCH_6
f 3044 3045 3052 3051 
usemtl PATCH_6
f 3051 3052 3059 3058 
usemtl PATCH_6
f 3058 3059 3066 3065 
usemtl PATCH_6
f 3065 3066 3073 3072 
usemtl PATCH_6
f 3072 3073 3080 3079 
usemtl PATCH_6
f 3079 3080 3087 3086 
usemtl PATCH_6
f 3086 3087 3094 3093 
usemtl PATCH_6
f 3093 3094 438 439 
usemtl PATCH_6
f 429 430 3018 3017 
usemtl PATCH_6
f 3017 3018 3025 3024 
usemtl PATCH_6
f 3024 3025 3032 3031 
usemtl PATCH_6
f 3031 3032 3039 3038 
usemtl PATCH_6
f 3038 3039 3046 3045 
usemtl PATCH_6
f 3045 3046 3053 3052 
usemtl PATCH_6
f 3052 3053 3060 3059 
usemtl PATCH_6
f 3059 3060 3067 3066 
usemtl PATCH_6
f 3066 3067 3074 3073 
usemtl PATCH_6
f 3073 3074 3081 3080 
usemtl PATCH_6
f 3080 3081 3088 3087 
usemtl PATCH_6
f 3087 3088 3095 3094 
usemtl PATCH_6
f 3094 3095 437 438 
usemtl PATCH_6
f 430 431 3019 3018 
usemtl PATCH_6
f 3018 3019 3026 3025 
usemtl PATCH_6
f 3025 3026 3033 3032 
usemtl PATCH_6
f 3032 3033 3040 3039 
usemtl PATCH_6
f 3039 3040 3047 3046 
usemtl PATCH_6
f 3046 3047 3054 3053 
usemtl PATCH_6
f 3053 3054 3061 3060 
usemtl PATCH_6
f 3060 3061 3068 3067 
usemtl PATCH_6
f 3067 3068 3075 3074 
usemtl PATCH_6
f 3074 3075 3082 3081 
usemtl PATCH_6
f 3081 3082 3089 3088 
usemtl PATCH_6
f 3088 3089 3096 3095 
usemtl PATCH_6
f 3095 3096 436 437 
usemtl PATCH_6
f 431 432 3020 3019 
usemtl PATCH_6
f 3019 3020 3027 3026 
usemtl PATCH_6
f 3026 3027 3034 3033 
usemtl PATCH_6
f 3033 3034 3041 3040 
usemtl PATCH_6
f 3040 3041 3048 3047 
usemtl PATCH_6
f 3047 3048 3055 3054 
usemtl PATCH_6
f 3054 3055 3062 3061 
usemtl PATCH_6
f 3061 3062 3069 3068 
usemtl PATCH_6
f 3068 3069 3076 3075 
usemtl PATCH_6
f 3075 3076 3083 3082 
usemtl PATCH_6
f 3082 3083 3090 3089 
usemtl PATCH_6
f 3089 3090 3097 3096 
usemtl PATCH_6
f 3096 3097 435 436 
usemtl PATCH_6
f 432 433 3021 3020 
usemtl PATCH_6
f 3020 3021 3028 3027 
usemtl PATCH_6
f 3027 3028 3035 3034 
usemtl PATCH_6
f 3034 3035 3042 3041 
usemtl PATCH_6
f 3041 3042 3049 3048 
usemtl PATCH_6
f 3048 3049 3056 3055 
usemtl PATCH_6
f 3055 3056 3063 3062 
usemtl PATCH_6
f 3062 3063 3070 3069 
usemtl PATCH_6
f 3069 3070 3077 3076 
usemtl PATCH_6
f 3076 3077 3084 3083 
usemtl PATCH_6
f 3083 3084 3091 3090 
usemtl PATCH_6
f 3090 3091 3098 3097 
usemtl PATCH_6
f 3097 3098 434 435 
usemtl PATCH_6
f 433 22 304 3021 
usemtl PATCH_6
f 3021 304 303 3028 
usemtl PATCH_6
f 3028 303 302 3035 
usemtl PATCH_6
f 3035 302 301 3042 
usemtl PATCH_6
f 3042 301 300 3049 
usemtl PATCH_6
f 3049 300 299 3056 
usemtl PATCH_6
f 3056 299 298 3063 
usemtl PATCH_6
f 3063 298 297 3070 
usemtl PATCH_6
f 3070 297 296 3077 
usemtl PATCH_6
f 3077 296 295 3084 
usemtl PATCH_6
f 3084 295 294 3091 
usemtl PATCH_6
f 3091 294 293 3098 
usemtl PATCH_6
f 3098 293 25 434 
usemtl PATCH_7
f 15 182 3099 427 
usemtl PATCH_7
f 427 3099 3103 428 
usemtl PATCH_7
f 428 3103 3107 429 
usemtl PATCH_7
f 429 3107 3111 430 
usemtl PATCH_7
f 430 3111 3115 431 
usemtl PATCH_7
f 431 3115 3119 432 
usemtl PATCH_7
f 432 3119 3123 433 
usemtl PATCH_7
f 433 3123 451 22 
usemtl PATCH_7
f 182 181 3100 3099 
usemtl PATCH_7
f 3099 3100 3104 3103 
usemtl PATCH_7
f 3103 3104 3108 3107 
usemtl PATCH_7
f 3107 3108 3112 3111 
usemtl PATCH_7
f 3111 3112 3116 3115 
usemtl PATCH_7
f 3115 3116 3120 3119 
usemtl PATCH_7
f 3119 3120 3124 3123 
usemtl PATCH_7
f 3123 3124 450 451 
usemtl PATCH_7
f 181 180 3101 3100 
usemtl PATCH_7
f 3100 3101 3105 3104 
usemtl PATCH_7
f 3104 3105 3109 3108 
usemtl PATCH_7
f 3108 3109 3113 3112 
usemtl PATCH_7
f 3112 3113 3117 3116 
usemtl PATCH_7
f 3116 3117 3121 3120 
usemtl PATCH_7
f 3120 3121 3125 3124 
usemtl PATCH_7
f 3124 3125 449 450 
usemtl PATCH_7
f 180 179 3102 3101 
usemtl PATCH_7
f 3101 3102 3106 3105 
usemtl PATCH_7
f 3105 3106 3110 3109 
usemtl PATCH_7
f 3109 3110 3114 3113 
usemtl PATCH_7
f 3113 3114 3118 3117 
usemtl PATCH_7
f 3117 3118 3122 3121 
usemtl PATCH_7
f 3121 3122 3126 3125 
usemtl PATCH_7
f 3125 3126 448 449 
usemtl PATCH_7
f 179 18 441 3102 
usemtl PATCH_7
f 3102 441 442 3106 
usemtl PATCH_7
f 3106 442 443 3110 
usemtl PATCH_7
f 3110 443 444 3114 
usemtl PATCH_7
f 3114 444 445 3118 
usemtl PATCH_7
f 3118 445 446 3122 
usemtl PATCH_7
f 3122 446 447 3126 
usemtl PATCH_7
f 3126 447 32 448 
usemtl PATCH_5
f 16 452 3127 223 
usemtl PATCH_5
f 223 3127 3134 224 
usemtl PATCH_5
f 224 3134 3141 225 
usemtl PATCH_5
f 225 3141 3148 226 
usemtl PATCH_5
f 226 3148 3155 227 
usemtl PATCH_5
f 227 3155 3162 228 
usemtl PATCH_5
f 228 3162 3169 229 
usemtl PATCH_5
f 229 3169 3176 230 
usemtl PATCH_5
f 230 3176 3183 231 
usemtl PATCH_5
f 231 3183 3190 232 
usemtl PATCH_5
f 232 3190 3197 233 
usemtl PATCH_5
f 233 3197 3204 234 
usemtl PATCH_5
f 234 3204 3211 235 
usemtl PATCH_5
f 235 3211 3218 236 
usemtl PATCH_5
f 236 3218 3225 237 
usemtl PATCH_5
f 237 3225 3232 238 
usemtl PATCH_5
f 238 3232 3239 239 
usemtl PATCH_5
f 239 3239 3246 240 
usemtl PATCH_5
f 240 3246 3253 241 
usemtl PATCH_5
f 241 3253 3260 242 
usemtl PATCH_5
f 242 3260 3267 243 
usemtl PATCH_5
f 243 3267 3274 244 
usemtl PATCH_5
f 244 3274 465 21 
usemtl PATCH_5
f 452 453 3128 3127 
usemtl PATCH_5
f 3127 3128 3135 3134 
usemtl PATCH_5
f 3134 3135 3142 3141 
usemtl PATCH_5
f 3141 3142 3149 3148 
usemtl PATCH_5
f 3148 3149 3156 3155 
usemtl PATCH_5
f 3155 3156 3163 3162 
usemtl PATCH_5
f 3162 3163 3170 3169 
usemtl PATCH_5
f 3169 3170 3177 3176 
usemtl PATCH_5
f 3176 3177 3184 3183 
usemtl PATCH_5
f 3183 3184 3191 3190 
usemtl PATCH_5
f 3190 3191 3198 3197 
usemtl PATCH_5
f 3197 3198 3205 3204 
usemtl PATCH_5
f 3204 3205 3212 3211 
usemtl PATCH_5
f 3211 3212 3219 3218 
usemtl PATCH_5
f 3218 3219 3226 3225 
usemtl PATCH_5
f 3225 3226 3233 3232 
usemtl PATCH_5
f 3232 3233 3240 3239 
usemtl PATCH_5
f 3239 3240 3247 3246 
usemtl PATCH_5
f 3246 3247 3254 3253 
usemtl PATCH_5
f 3253 3254 3261 3260 
usemtl PATCH_5
f 3260 3261 3268 3267 
usemtl PATCH_5
f 3267 3268 3275 3274 
usemtl PATCH_5
f 3274 3275 464 465 
usemtl PATCH_5
f 453 454 3129 3128 
usemtl PATCH_5
f 3128 3129 3136 3135 
usemtl PATCH_5
f 3135 3136 3143 3142 
usemtl PATCH_5
f 3142 3143 3150 3149 
usemtl PATCH_5
f 3149 3150 3157 3156 
usemtl PATCH_5
f 3156 3157 3164 3163 
usemtl PATCH_5
f 3163 3164 3171 3170 
usemtl PATCH_5
f 3170 3171 3178 3177 
usemtl PATCH_5
f 3177 3178 3185 3184 
usemtl PATCH_5
f 3184 3185 3192 3191 
usemtl PATCH_5
f 3191 3192 3199 3198 
usemtl PATCH_5
f 3198 3199 3206 3205 
usemtl PATCH_5
f 3205 3206 3213 3212 
usemtl PATCH_5
f 3212 3213 3220 3219 
usemtl PATCH_5
f 3219 3220 3227 3226 
usemtl PATCH_5
f 3226 3227 3234 3233 
usemtl PATCH_5
f 3233 3234 3241 3240 
usemtl PATCH_5
f 3240 3241 3248 3247 
usemtl PATCH_5
f 3247 3248 3255 3254 
usemtl PATCH_5
f 3254 3255 3262 3261 
usemtl PATCH_5
f 3261 3262 3269 3268 
usemtl PATCH_5
f 3268 3269 3276 3275 
usemtl PATCH_5
f 3275 3276 463 464 
usemtl PATCH_5
f 454 455 3130 3129 
usemtl PATCH_5
f 3129 3130 3137 3136 
usemtl PATCH_5
f 3136 3137 3144 3143 
usemtl PATCH_5
f 3143 3144 3151 3150 
usemtl PATCH_5
f 3150 3151 3158 3157 
usemtl PATCH_5
f 3157 3158 3165 3164 
usemtl PATCH_5
f 3164 3165 3172 3171 
usemtl PATCH_5
f 3171 3172 3179 3178 
usemtl PATCH_5
f 3178 3179 3186 3185 
usemtl PATCH_5
f 3185 3186 3193 3192 
usemtl PATCH_5
f 3192 3193 3200 3199 
usemtl PATCH_5
f 3199 3200 3207 3206 
usemtl PATCH_5
f 3206 3207 3214 3213 
usemtl PATCH_5
f 3213 3214 3221 3220 
usemtl PATCH_5
f 3220 3221 3228 3227 
usemtl PATCH_5
f 3227 3228 3235 3234 
usemtl PATCH_5
f 3234 3235 3242 3241 
usemtl PATCH_5
f 3241 3242 3249 3248 
usemtl PATCH_5
f 3248 3249 3256 3255 
usemtl PATCH_5
f 3255 3256 3263 3262 
usemtl PATCH_5
f 3262 3263 3270 3269 
usemtl PATCH_5
f 3269 3270 3277 3276 
usemtl PATCH_5
f 3276 3277 462 463 
usemtl PATCH_5
f 455 456 3131 3130 
usemtl PATCH_5
f 3130 3131 3138 3137 
usemtl PATCH_5
f 3137 3138 3145 3144 
usemtl PATCH_5
f 3144 3145 3152 3151 
usemtl PATCH_5
f 3151 3152 3159 3158 
usemtl PATCH_5
f 3158 3159 3166 3165 
usemtl PATCH_5
f 3165 3166 3173 3172 
usemtl PATCH_5
f 3172 3173 3180 3179 
usemtl PATCH_5
f 3179 3180 3187 3186 
usemtl PATCH_5
f 3186 3187 3194 3193 
usemtl PATCH_5
f 3193 3194 3201 3200 
usemtl PATCH_5
f 3200 3201 3208 3207 
usemtl PATCH_5
f 3207 3208 3215 3214 
usemtl PATCH_5
f 3214 3215 3222 3221 
usemtl PATCH_5
f 3221 3222 3229 3228 
usemtl PATCH_5
f 3228 3229 3236 3235 
usemtl PATCH_5
f 3235 3236 3243 3242 
usemtl PATCH_5
f 3242 3243 3250 3249 
usemtl PATCH_5
f 3249 3250 3257 3256 
usemtl PATCH_5
f 3256 3257 3264 3263 
usemtl PATCH_5
f 3263 3264 3271 3270 
usemtl PATCH_5
f 3270 3271 3278 3277 
usemtl PATCH_5
f 3277 3278 461 462 
usemtl PATCH_5
f 456 457 3132 3131 
usemtl PATCH_5
f 3131 3132 3139 3138 
usemtl PATCH_5
f 3138 3139 3146 3145 
usemtl PATCH_5
f 3145 3146 3153 3152 
usemtl PATCH_5
f 3152 3153 3160 3159 
usemtl PATCH_5
f 3159 3160 3167 3166 
usemtl PATCH_5
f 3166 3167 3174 3173 
usemtl PATCH_5
f 3173 3174 3181 3180 
usemtl PATCH_5
f 3180 3181 3188 3187 
usemtl PATCH_5
f 3187 3188 3195 3194 
usemtl PATCH_5
f 3194 3195 3202 3201 
usemtl PATCH_5
f 3201 3202 3209 3208 
usemtl PATCH_5
f 3208 3209 3216 3215 
usemtl PATCH_5
f 3215 3216 3223 3222 
usemtl PATCH_5
f 3222 3223 3230 3229 
usemtl PATCH_5
f 3229 3230 3237 3236 
usemtl PATCH_5
f 3236 3237 3244 3243 
usemtl PATCH_5
f 3243 3244 3251 3250 
usemtl PATCH_5
f 3250 3251 3258 3257 
usemtl PATCH_5
f 3257 3258 3265 3264 
usemtl PATCH_5
f 3264 3265 3272 3271 
usemtl PATCH_5
f 3271 3272 3279 3278 
usemtl PATCH_5
f 3278 3279 460 461 
usemtl PATCH_5
f 457 458 3133 3132 
usemtl PATCH_5
f 3132 3133 3140 3139 
usemtl PATCH_5
f 3139 3140 3147 3146 
usemtl PATCH_5
f 3146 3147 3154 3153 
usemtl PATCH_5
f 3153 3154 3161 3160 
usemtl PATCH_5
f 3160 3161 3168 3167 
usemtl PATCH_5
f 3167 3168 3175 3174 
usemtl PATCH_5
f 3174 3175 3182 3181 
usemtl PATCH_5
f 3181 3182 3189 3188 
usemtl PATCH_5
f 3188 3189 3196 3195 
usemtl PATCH_5
f 3195 3196 3203 3202 
usemtl PATCH_5
f 3202 3203 3210 3209 
usemtl PATCH_5
f 3209 3210 3217 3216 
usemtl PATCH_5
f 3216 3217 3224 3223 
usemtl PATCH_5
f 3223 3224 3231 3230 
usemtl PATCH_5
f 3230 3231 3238 3237 
usemtl PATCH_5
f 3237 3238 3245 3244 
usemtl PATCH_5
f 3244 3245 3252 3251 
usemtl PATCH_5
f 3251 3252 3259 3258 
usemtl PATCH_5
f 3258 3259 3266 3265 
usemtl PATCH_5
f 3265 3266 3273 3272 
usemtl PATCH_5
f 3272 3273 3280 3279 
usemtl PATCH_5
f 3279 3280 459 460 
usemtl PATCH_5
f 458 27 399 3133 
usemtl PATCH_5
f 3133 399 398 3140 
usemtl PATCH_5
f 3140 398 397 3147 
usemtl PATCH_5
f 3147 397 396 3154 
usemtl PATCH_5
f 3154 396 395 3161 
usemtl PATCH_5
f 3161 395 394 3168 
usemtl PATCH_5
f 3168 394 393 3175 
usemtl PATCH_5
f 3175 393 392 3182 
usemtl PATCH_5
f 3182 392 391 3189 
usemtl PATCH_5
f 3189 391 390 3196 
usemtl PATCH_5
f 3196 390 389 3203 
usemtl PATCH_5
f 3203 389 388 3210 
usemtl PATCH_5
f 3210 388 387 3217 
usemtl PATCH_5
f 3217 387 386 3224 
usemtl PATCH_5
f 3224 386 385 3231 
usemtl PATCH_5
f 3231 385 384 3238 
usemtl PATCH_5
f 3238 384 383 3245 
usemtl PATCH_5
f 3245 383 382 3252 
usemtl PATCH_5
f 3252 382 381 3259 
usemtl PATCH_5
f 3259 381 380 3266 
usemtl PATCH_5
f 3266 380 379 3273 
usemtl PATCH_5
f 3273 379 378 3280 
usemtl PATCH_5
f 3280 378 29 459 
usemtl PATCH_1
f 16 426 3281 452 
usemtl PATCH_1
f 452 3281 3293 453 
usemtl PATCH_1
f 453 3293 3305 454 
usemtl PATCH_1
f 454 3305 3317 455 
usemtl PATCH_1
f 455 3317 3329 456 
usemtl PATCH_1
f 456 3329 3341 457 
usemtl PATCH_1
f 457 3341 3353 458 
usemtl PATCH_1
f 458 3353 330 27 
usemtl PATCH_1
f 426 425 3282 3281 
usemtl PATCH_1
f 3281 3282 3294 3293 
usemtl PATCH_1
f 3293 3294 3306 3305 
usemtl PATCH_1
f 3305 3306 3318 3317 
usemtl PATCH_1
f 3317 3318 3330 3329 
usemtl PATCH_1
f 3329 3330 3342 3341 
usemtl PATCH_1
f 3341 3342 3354 3353 
usemtl PATCH_1
f 3353 3354 331 330 
usemtl PATCH_1
f 425 424 3283 3282 
usemtl PATCH_1
f 3282 3283 3295 3294 
usemtl PATCH_1
f 3294 3295 3307 3306 
usemtl PATCH_1
f 3306 3307 3319 3318 
usemtl PATCH_1
f 3318 3319 3331 3330 
usemtl PATCH_1
f 3330 3331 3343 3342 
usemtl PATCH_1
f 3342 3343 3355 3354 
usemtl PATCH_1
f 3354 3355 332 331 
usemtl PATCH_1
f 424 423 3284 3283 
usemtl PATCH_1
f 3283 3284 3296 3295 
usemtl PATCH_1
f 3295 3296 3308 3307 
usemtl PATCH_1
f 3307 3308 3320 3319 
usemtl PATCH_1
f 3319 3320 3332 3331 
usemtl PATCH_1
f 3331 3332 3344 3343 
usemtl PATCH_1
f 3343 3344 3356 3355 
usemtl PATCH_1
f 3355 3356 333 332 
usemtl PATCH_1
f 423 422 3285 3284 
usemtl PATCH_1
f 3284 3285 3297 3296 
usemtl PATCH_1
f 3296 3297 3309 3308 
usemtl PATCH_1
f 3308 3309 3321 3320 
usemtl PATCH_1
f 3320 3321 3333 3332 
usemtl PATCH_1
f 3332 3333 3345 3344 
usemtl PATCH_1
f 3344 3345 3357 3356 
usemtl PATCH_1
f 3356 3357 334 333 
usemtl PATCH_1
f 422 421 3286 3285 
usemtl PATCH_1
f 3285 3286 3298 3297 
usemtl PATCH_1
f 3297 3298 3310 3309 
usemtl PATCH_1
f 3309 3310 3322 3321 
usemtl PATCH_1
f 3321 3322 3334 3333 
usemtl PATCH_1
f 3333 3334 3346 3345 
usemtl PATCH_1
f 3345 3346 3358 3357 
usemtl PATCH_1
f 3357 3358 335 334 
usemtl PATCH_1
f 421 420 3287 3286 
usemtl PATCH_1
f 3286 3287 3299 3298 
usemtl PATCH_1
f 3298 3299 3311 3310 
usemtl PATCH_1
f 3310 3311 3323 3322 
usemtl PATCH_1
f 3322 3323 3335 3334 
usemtl PATCH_1
f 3334 3335 3347 3346 
usemtl PATCH_1
f 3346 3347 3359 3358 
usemtl PATCH_1
f 3358 3359 336 335 
usemtl PATCH_1
f 420 419 3288 3287 
usemtl PATCH_1
f 3287 3288 3300 3299 
usemtl PATCH_1
f 3299 3300 3312 3311 
usemtl PATCH_1
f 3311 3312 3324 3323 
usemtl PATCH_1
f 3323 3324 3336 3335 
usemtl PATCH_1
f 3335 3336 3348 3347 
usemtl PATCH_1
f 3347 3348 3360 3359 
usemtl PATCH_1
f 3359 3360 337 336 
usemtl PATCH_1
f 419 418 3289 3288 
usemtl PATCH_1
f 3288 3289 3301 3300 
usemtl PATCH_1
f 3300 3301 3313 3312 
usemtl PATCH_1
f 3312 3313 3325 3324 
usemtl PATCH_1
f 3324 3325 3337 3336 
usemtl PATCH_1
f 3336 3337 3349 3348 
usemtl PATCH_1
f 3348 3349 3361 3360 
usemtl PATCH_1
f 3360 3361 338 337 
usemtl PATCH_1
f 418 417 3290 3289 
usemtl PATCH_1
f 3289 3290 3302 3301 
usemtl PATCH_1
f 3301 3302 3314 3313 
usemtl PATCH_1
f 3313 3314 3326 3325 
usemtl PATCH_1
f 3325 3326 3338 3337 
usemtl PATCH_1
f 3337 3338 3350 3349 
usemtl PATCH_1
f 3349 3350 3362 3361 
usemtl PATCH_1
f 3361 3362 339 338 
usemtl PATCH_1
f 417 416 3291 3290 
usemtl PATCH_1
f 3290 3291 3303 3302 
usemtl PATCH_1
f 3302 3303 3315 3314 
usemtl PATCH_1
f 3314 3315 3327 3326 
usemtl PATCH_1
f 3326 3327 3339 3338 
usemtl PATCH_1
f 3338 3339 3351 3350 
usemtl PATCH_1
f 3350 3351 3363 3362 
usemtl PATCH_1
f 3362 3363 340 339 
usemtl PATCH_1
f 416 415 3292 3291 
usemtl PATCH_1
f 3291 3292 3304 3303 
usemtl PATCH_1
f 3303 3304 3316 3315 
usemtl PATCH_1
f 3315 3316 3328 3327 
usemtl PATCH_1
f 3327 3328 3340 3339 
usemtl PATCH_1
f 3339 3340 3352 3351 
usemtl PATCH_1
f 3351 3352 3364 3363 
usemtl PATCH_1
f 3363 3364 341 340 
usemtl PATCH_1
f 415 31 466 3292 
usemtl PATCH_1
f 3292 466 467 3304 
usemtl PATCH_1
f 3304 467 468 3316 
usemtl PATCH_1
f 3316 468 469 3328 
usemtl PATCH_1
f 3328 469 470 3340 
usemtl PATCH_1
f 3340 470 471 3352 
usemtl PATCH_1
f 3352 471 472 3364 
usemtl PATCH_1
f 3364 472 28 341 
usemtl PATCH_15
f 2 473 3365 183 
usemtl PATCH_15
f 183 3365 3372 184 
usemtl PATCH_15
f 184 3372 3379 185 
usemtl PATCH_15
f 185 3379 3386 186 
usemtl PATCH_15
f 186 3386 486 19 
usemtl PATCH_15
f 473 474 3366 3365 
usemtl PATCH_15
f 3365 3366 3373 3372 
usemtl PATCH_15
f 3372 3373 3380 3379 
usemtl PATCH_15
f 3379 3380 3387 3386 
usemtl PATCH_15
f 3386 3387 485 486 
usemtl PATCH_15
f 474 475 3367 3366 
usemtl PATCH_15
f 3366 3367 3374 3373 
usemtl PATCH_15
f 3373 3374 3381 3380 
usemtl PATCH_15
f 3380 3381 3388 3387 
usemtl PATCH_15
f 3387 3388 484 485 
usemtl PATCH_15
f 475 476 3368 3367 
usemtl PATCH_15
f 3367 3368 3375 3374 
usemtl PATCH_15
f 3374 3375 3382 3381 
usemtl PATCH_15
f 3381 3382 3389 3388 
usemtl PATCH_15
f 3388 3389 483 484 
usemtl PATCH_15
f 476 477 3369 3368 
usemtl PATCH_15
f 3368 3369 3376 3375 
usemtl PATCH_15
f 3375 3376 3383 3382 
usemtl PATCH_15
f 3382 3383 3390 3389 
usemtl PATCH_15
f 3389 3390 482 483 
usemtl PATCH_15
f 477 478 3370 3369 
usemtl PATCH_15
f 3369 3370 3377 3376 
usemtl PATCH_15
f 3376 3377 3384 3383 
usemtl PATCH_15
f 3383 3384 3391 3390 
usemtl PATCH_15
f 3390 3391 481 482 
usemtl PATCH_15
f 478 479 3371 3370 
usemtl PATCH_15
f 3370 3371 3378 3377 
usemtl PATCH_15
f 3377 3378 3385 3384 
usemtl PATCH_15
f 3384 3385 3392 3391 
usemtl PATCH_15
f 3391 3392 480 481 
usemtl PATCH_15
f 479 22 451 3371 
usemtl PATCH_15
f 3371 451 450 3378 
usemtl PATCH_15
f 3378 450 449 3385 
usemtl PATCH_15
f 3385 449 448 3392 
usemtl PATCH_15
f 3392 448 32 480 
usemtl PATCH_14
f 2 487 3393 473 
usemtl PATCH_14
f 473 3393 3397 474 
usemtl PATCH_14
f 474 3397 3401 475 
usemtl PATCH_14
f 475 3401 3405 476 
usemtl PATCH_14
f 476 3405 3409 477 
usemtl PATCH_14
f 477 3409 3413 478 
usemtl PATCH_14
f 478 3413 3417 479 
usemtl PATCH_14
f 479 3417 259 22 
usemtl PATCH_14
f 487 488 3394 3393 
usemtl PATCH_14
f 3393 3394 3398 3397 
usemtl PATCH_14
f 3397 3398 3402 3401 
usemtl PATCH_14
f 3401 3402 3406 3405 
usemtl PATCH_14
f 3405 3406 3410 3409 
usemtl PATCH_14
f 3409 3410 3414 3413 
usemtl PATCH_14
f 3413 3414 3418 3417 
usemtl PATCH_14
f 3417 3418 260 259 
usemtl PATCH_14
f 488 489 3395 3394 
usemtl PATCH_14
f 3394 3395 3399 3398 
usemtl PATCH_14
f 3398 3399 3403 3402 
usemtl PATCH_14
f 3402 3403 3407 3406 
usemtl PATCH_14
f 3406 3407 3411 3410 
usemtl PATCH_14
f 3410 3411 3415 3414 
usemtl PATCH_14
f 3414 3415 3419 3418 
usemtl PATCH_14
f 3418 3419 261 260 
usemtl PATCH_14
f 489 490 3396 3395 
usemtl PATCH_14
f 3395 3396 3400 3399 
usemtl PATCH_14
f 3399 3400 3404 3403 
usemtl PATCH_14
f 3403 3404 3408 3407 
usemtl PATCH_14
f 3407 3408 3412 3411 
usemtl PATCH_14
f 3411 3412 3416 3415 
usemtl PATCH_14
f 3415 3416 3420 3419 
usemtl PATCH_14
f 3419 3420 262 261 
usemtl PATCH_14
f 490 6 491 3396 
usemtl PATCH_14
f 3396 491 492 3400 
usemtl PATCH_14
f 3400 492 493 3404 
usemtl PATCH_14
f 3404 493 494 3408 
usemtl PATCH_14
f 3408 494 495 3412 
usemtl PATCH_14
f 3412 495 496 3416 
usemtl PATCH_14
f 3416 496 497 3420 
usemtl PATCH_14
f 3420 497 23 262 
usemtl PATCH_69
f 17 193 3421 172 
usemtl PATCH_69
f 172 3421 3428 173 
usemtl PATCH_69
f 173 3428 3435 174 
usemtl PATCH_69
f 174 3435 3442 175 
usemtl PATCH_69
f 175 3442 3449 176 
usemtl PATCH_69
f 176 3449 3456 177 
usemtl PATCH_69
f 177 3456 3463 178 
usemtl PATCH_69
f 178 3463 441 18 
usemtl PATCH_69
f 193 192 3422 3421 
usemtl PATCH_69
f 3421 3422 3429 3428 
usemtl PATCH_69
f 3428 3429 3436 3435 
usemtl PATCH_69
f 3435 3436 3443 3442 
usemtl PATCH_69
f 3442 3443 3450 3449 
usemtl PATCH_69
f 3449 3450 3457 3456 
usemtl PATCH_69
f 3456 3457 3464 3463 
usemtl PATCH_69
f 3463 3464 442 441 
usemtl PATCH_69
f 192 191 3423 3422 
usemtl PATCH_69
f 3422 3423 3430 3429 
usemtl PATCH_69
f 3429 3430 3437 3436 
usemtl PATCH_69
f 3436 3437 3444 3443 
usemtl PATCH_69
f 3443 3444 3451 3450 
usemtl PATCH_69
f 3450 3451 3458 3457 
usemtl PATCH_69
f 3457 3458 3465 3464 
usemtl PATCH_69
f 3464 3465 443 442 
usemtl PATCH_69
f 191 190 3424 3423 
usemtl PATCH_69
f 3423 3424 3431 3430 
usemtl PATCH_69
f 3430 3431 3438 3437 
usemtl PATCH_69
f 3437 3438 3445 3444 
usemtl PATCH_69
f 3444 3445 3452 3451 
usemtl PATCH_69
f 3451 3452 3459 3458 
usemtl PATCH_69
f 3458 3459 3466 3465 
usemtl PATCH_69
f 3465 3466 444 443 
usemtl PATCH_69
f 190 189 3425 3424 
usemtl PATCH_69
f 3424 3425 3432 3431 
usemtl PATCH_69
f 3431 3432 3439 3438 
usemtl PATCH_69
f 3438 3439 3446 3445 
usemtl PATCH_69
f 3445 3446 3453 3452 
usemtl PATCH_69
f 3452 3453 3460 3459 
usemtl PATCH_69
f 3459 3460 3467 3466 
usemtl PATCH_69
f 3466 3467 445 444 
usemtl PATCH_69
f 189 188 3426 3425 
usemtl PATCH_69
f 3425 3426 3433 3432 
usemtl PATCH_69
f 3432 3433 3440 3439 
usemtl PATCH_69
f 3439 3440 3447 3446 
usemtl PATCH_69
f 3446 3447 3454 3453 
usemtl PATCH_69
f 3453 3454 3461 3460 
usemtl PATCH_69
f 3460 3461 3468 3467 
usemtl PATCH_69
f 3467 3468 446 445 
usemtl PATCH_69
f 188 187 3427 3426 
usemtl PATCH_69
f 3426 3427 3434 3433 
usemtl PATCH_69
f 3433 3434 3441 3440 
usemtl PATCH_69
f 3440 3441 3448 3447 
usemtl PATCH_69
f 3447 3448 3455 3454 
usemtl PATCH_69
f 3454 3455 3462 3461 
usemtl PATCH_69
f 3461 3462 3469 3468 
usemtl PATCH_69
f 3468 3469 447 446 
usemtl PATCH_69
f 187 19 486 3427 
usemtl PATCH_69
f 3427 486 485 3434 
usemtl PATCH_69
f 3434 485 484 3441 
usemtl PATCH_69
f 3441 484 483 3448 
usemtl PATCH_69
f 3448 483 482 3455 
usemtl PATCH_69
f 3455 482 481 3462 
usemtl PATCH_69
f 3462 481 480 3469 
usemtl PATCH_69
f 3469 480 32 447 
usemtl PATCH_55
f 33 498 3470 577 
usemtl PATCH_55
f 577 3470 3504 576 
usemtl PATCH_55
f 576 3504 3538 575 
usemtl PATCH_55
f 575 3538 3572 574 
usemtl PATCH_55
f 574 3572 3606 573 
usemtl PATCH_55
f 573 3606 3640 572 
usemtl PATCH_55
f 572 3640 571 35 
usemtl PATCH_55
f 498 499 3471 3470 
usemtl PATCH_55
f 3470 3471 3505 3504 
usemtl PATCH_55
f 3504 3505 3539 3538 
usemtl PATCH_55
f 3538 3539 3573 3572 
usemtl PATCH_55
f 3572 3573 3607 3606 
usemtl PATCH_55
f 3606 3607 3641 3640 
usemtl PATCH_55
f 3640 3641 570 571 
usemtl PATCH_55
f 499 500 3472 3471 
usemtl PATCH_55
f 3471 3472 3506 3505 
usemtl PATCH_55
f 3505 3506 3540 3539 
usemtl PATCH_55
f 3539 3540 3574 3573 
usemtl PATCH_55
f 3573 3574 3608 3607 
usemtl PATCH_55
f 3607 3608 3642 3641 
usemtl PATCH_55
f 3641 3642 569 570 
usemtl PATCH_55
f 500 501 3473 3472 
usemtl PATCH_55
f 3472 3473 3507 3506 
usemtl PATCH_55
f 3506 3507 3541 3540 
usemtl PATCH_55
f 3540 3541 3575 3574 
usemtl PATCH_55
f 3574 3575 3609 3608 
usemtl PATCH_55
f 3608 3609 3643 3642 
usemtl PATCH_55
f 3642 3643 568 569 
usemtl PATCH_55
f 501 502 3474 3473 
usemtl PATCH_55
f 3473 3474 3508 3507 
usemtl PATCH_55
f 3507 3508 3542 3541 
usemtl PATCH_55
f 3541 3542 3576 3575 
usemtl PATCH_55
f 3575 3576 3610 3609 
usemtl PATCH_55
f 3609 3610 3644 3643 
usemtl PATCH_55
f 3643 3644 567 568 
usemtl PATCH_55
f 502 503 3475 3474 
usemtl PATCH_55
f 3474 3475 3509 3508 
usemtl PATCH_55
f 3508 3509 3543 3542 
usemtl PATCH_55
f 3542 3543 3577 3576 
usemtl PATCH_55
f 3576 3577 3611 3610 
usemtl PATCH_55
f 3610 3611 3645 3644 
usemtl PATCH_55
f 3644 3645 566 567 
usemtl PATCH_55
f 503 504 3476 3475 
usemtl PATCH_55
f 3475 3476 3510 3509 
usemtl PATCH_55
f 3509 3510 3544 3543 
usemtl PATCH_55
f 3543 3544 3578 3577 
usemtl PATCH_55
f 3577 3578 3612 3611 
usemtl PATCH_55
f 3611 3612 3646 3645 
usemtl PATCH_55
f 3645 3646 565 566 
usemtl PATCH_55
f 504 505 3477 3476 
usemtl PATCH_55
f 3476 3477 3511 3510 
usemtl PATCH_55
f 3510 3511 3545 3544 
usemtl PATCH_55
f 3544 3545 3579 3578 
usemtl PATCH_55
f 3578 3579 3613 3612 
usemtl PATCH_55
f 3612 3613 3647 3646 
usemtl PATCH_55
f 3646 3647 564 565 
usemtl PATCH_55
f 505 506 3478 3477 
usemtl PATCH_55
f 3477 3478 3512 3511 
usemtl PATCH_55
f 3511 3512 3546 3545 
usemtl PATCH_55
f 3545 3546 3580 3579 
usemtl PATCH_55
f 3579 3580 3614 3613 
usemtl PATCH_55
f 3613 3614 3648 3647 
usemtl PATCH_55
f 3647 3648 563 564 
usemtl PATCH_55
f 506 507 3479 3478 
usemtl PATCH_55
f 3478 3479 3513 3512 
usemtl PATCH_55
f 3512 3513 3547 3546 
usemtl PATCH_55
f 3546 3547 3581 3580 
usemtl PATCH_55
f 3580 3581 3615 3614 
usemtl PATCH_55
f 3614 3615 3649 3648 
usemtl PATCH_55
f 3648 3649 562 563 
usemtl PATCH_55
f 507 508 3480 3479 
usemtl PATCH_55
f 3479 3480 3514 3513 
usemtl PATCH_55
f 3513 3514 3548 3547 
usemtl PATCH_55
f 3547 3548 3582 3581 
usemtl PATCH_55
f 3581 3582 3616 3615 
usemtl PATCH_55
f 3615 3616 3650 3649 
usemtl PATCH_55
f 3649 3650 561 562 
usemtl PATCH_55
f 508 509 3481 3480 
usemtl PATCH_55
f 3480 3481 3515 3514 
usemtl PATCH_55
f 3514 3515 3549 3548 
usemtl PATCH_55
f 3548 3549 3583 3582 
usemtl PATCH_55
f 3582 3583 3617 3616 
usemtl PATCH_55
f 3616 3617 3651 3650 
usemtl PATCH_55
f 3650 3651 560 561 
usemtl PATCH_55
f 509 510 3482 3481 
usemtl PATCH_55
f 3481 3482 3516 3515 
usemtl PATCH_55
f 3515 3516 3550 3549 
usemtl PATCH_55
f 3549 3550 3584 3583 
usemtl PATCH_55
f 3583 3584 3618 3617 
usemtl PATCH_55
f 3617 3618 3652 3651 
usemtl PATCH_55
f 3651 3652 559 560 
usemtl PATCH_55
f 510 511 3483 3482 
usemtl PATCH_55
f 3482 3483 3517 3516 
usemtl PATCH_55
f 3516 3517 3551 3550 
usemtl PATCH_55
f 3550 3551 3585 3584 
usemtl PATCH_55
f 3584 3585 3619 3618 
usemtl PATCH_55
f 3618 3619 3653 3652 
usemtl PATCH_55
f 3652 3653 558 559 
usemtl PATCH_55
f 511 512 3484 3483 
usemtl PATCH_55
f 3483 3484 3518 3517 
usemtl PATCH_55
f 3517 3518 3552 3551 
usemtl PATCH_55
f 3551 3552 3586 3585 
usemtl PATCH_55
f 3585 3586 3620 3619 
usemtl PATCH_55
f 3619 3620 3654 3653 
usemtl PATCH_55
f 3653 3654 557 558 
usemtl PATCH_55
f 512 513 3485 3484 
usemtl PATCH_55
f 3484 3485 3519 3518 
usemtl PATCH_55
f 3518 3519 3553 3552 
usemtl PATCH_55
f 3552 3553 3587 3586 
usemtl PATCH_55
f 3586 3587 3621 3620 
usemtl PATCH_55
f 3620 3621 3655 3654 
usemtl PATCH_55
f 3654 3655 556 557 
usemtl PATCH_55
f 513 514 3486 3485 
usemtl PATCH_55
f 3485 3486 3520 3519 
usemtl PATCH_55
f 3519 3520 3554 3553 
usemtl PATCH_55
f 3553 3554 3588 3587 
usemtl PATCH_55
f 3587 3588 3622 3621 
usemtl PATCH_55
f 3621 3622 3656 3655 
usemtl PATCH_55
f 3655 3656 555 556 
usemtl PATCH_55
f 514 515 3487 3486 
usemtl PATCH_55
f 3486 3487 3521 3520 
usemtl PATCH_55
f 3520 3521 3555 3554 
usemtl PATCH_55
f 3554 3555 3589 3588 
usemtl PATCH_55
f 3588 3589 3623 3622 
usemtl PATCH_55
f 3622 3623 3657 3656 
usemtl PATCH_55
f 3656 3657 554 555 
usemtl PATCH_55
f 515 516 3488 3487 
usemtl PATCH_55
f 3487 3488 3522 3521 
usemtl PATCH_55
f 3521 3522 3556 3555 
usemtl PATCH_55
f 3555 3556 3590 3589 
usemtl PATCH_55
f 3589 3590 3624 3623 
usemtl PATCH_55
f 3623 3624 3658 3657 
usemtl PATCH_55
f 3657 3658 553 554 
usemtl PATCH_55
f 516 517 3489 3488 
usemtl PATCH_55
f 3488 3489 3523 3522 
usemtl PATCH_55
f 3522 3523 3557 3556 
usemtl PATCH_55
f 3556 3557 3591 3590 
usemtl PATCH_55
f 3590 3591 3625 3624 
usemtl PATCH_55
f 3624 3625 3659 3658 
usemtl PATCH_55
f 3658 3659 552 553 
usemtl PATCH_55
f 517 518 3490 3489 
usemtl PATCH_55
f 3489 3490 3524 3523 
usemtl PATCH_55
f 3523 3524 3558 3557 
usemtl PATCH_55
f 3557 3558 3592 3591 
usemtl PATCH_55
f 3591 3592 3626 3625 
usemtl PATCH_55
f 3625 3626 3660 3659 
usemtl PATCH_55
f 3659 3660 551 552 
usemtl PATCH_55
f 518 519 3491 3490 
usemtl PATCH_55
f 3490 3491 3525 3524 
usemtl PATCH_55
f 3524 3525 3559 3558 
usemtl PATCH_55
f 3558 3559 3593 3592 
usemtl PATCH_55
f 3592 3593 3627 3626 
usemtl PATCH_55
f 3626 3627 3661 3660 
usemtl PATCH_55
f 3660 3661 550 551 
usemtl PATCH_55
f 519 520 3492 3491 
usemtl PATCH_55
f 3491 3492 3526 3525 
usemtl PATCH_55
f 3525 3526 3560 3559 
usemtl PATCH_55
f 3559 3560 3594 3593 
usemtl PATCH_55
f 3593 3594 3628 3627 
usemtl PATCH_55
f 3627 3628 3662 3661 
usemtl PATCH_55
f 3661 3662 549 550 
usemtl PATCH_55
f 520 521 3493 3492 
usemtl PATCH_55
f 3492 3493 3527 3526 
usemtl PATCH_55
f 3526 3527 3561 3560 
usemtl PATCH_55
f 3560 3561 3595 3594 
usemtl PATCH_55
f 3594 3595 3629 3628 
usemtl PATCH_55
f 3628 3629 3663 3662 
usemtl PATCH_55
f 3662 3663 548 549 
usemtl PATCH_55
f 521 522 3494 3493 
usemtl PATCH_55
f 3493 3494 3528 3527 
usemtl PATCH_55
f 3527 3528 3562 3561 
usemtl PATCH_55
f 3561 3562 3596 3595 
usemtl PATCH_55
f 3595 3596 3630 3629 
usemtl PATCH_55
f 3629 3630 3664 3663 
usemtl PATCH_55
f 3663 3664 547 548 
usemtl PATCH_55
f 522 523 3495 3494 
usemtl PATCH_55
f 3494 3495 3529 3528 
usemtl PATCH_55
f 3528 3529 3563 3562 
usemtl PATCH_55
f 3562 3563 3597 3596 
usemtl PATCH_55
f 3596 3597 3631 3630 
usemtl PATCH_55
f 3630 3631 3665 3664 
usemtl PATCH_55
f 3664 3665 546 547 
usemtl PATCH_55
f 523 524 3496 3495 
usemtl PATCH_55
f 3495 3496 3530 3529 
usemtl PATCH_55
f 3529 3530 3564 3563 
usemtl PATCH_55
f 3563 3564 3598 3597 
usemtl PATCH_55
f 3597 3598 3632 3631 
usemtl PATCH_55
f 3631 3632 3666 3665 
usemtl PATCH_55
f 3665 3666 545 546 
usemtl PATCH_55
f 524 525 3497 3496 
usemtl PATCH_55
f 3496 3497 3531 3530 
usemtl PATCH_55
f 3530 3531 3565 3564 
usemtl PATCH_55
f 3564 3565 3599 3598 
usemtl PATCH_55
f 3598 3599 3633 3632 
usemtl PATCH_55
f 3632 3633 3667 3666 
usemtl PATCH_55
f 3666 3667 544 545 
usemtl PATCH_55
f 525 526 3498 3497 
usemtl PATCH_55
f 3497 3498 3532 3531 
usemtl PATCH_55
f 3531 3532 3566 3565 
usemtl PATCH_55
f 3565 3566 3600 3599 
usemtl PATCH_55
f 3599 3600 3634 3633 
usemtl PATCH_55
f 3633 3634 3668 3667 
usemtl PATCH_55
f 3667 3668 543 544 
usemtl PATCH_55
f 526 527 3499 3498 
usemtl PATCH_55
f 3498 3499 3533 3532 
usemtl PATCH_55
f 3532 3533 3567 3566 
usemtl PATCH_55
f 3566 3567 3601 3600 
usemtl PATCH_55
f 3600 3601 3635 3634 
usemtl PATCH_55
f 3634 3635 3669 3668 
usemtl PATCH_55
f 3668 3669 542 543 
usemtl PATCH_55
f 527 528 3500 3499 
usemtl PATCH_55
f 3499 3500 3534 3533 
usemtl PATCH_55
f 3533 3534 3568 3567 
usemtl PATCH_55
f 3567 3568 3602 3601 
usemtl PATCH_55
f 3601 3602 3636 3635 
usemtl PATCH_55
f 3635 3636 3670 3669 
usemtl PATCH_55
f 3669 3670 541 542 
usemtl PATCH_55
f 528 529 3501 3500 
usemtl PATCH_55
f 3500 3501 3535 3534 
usemtl PATCH_55
f 3534 3535 3569 3568 
usemtl PATCH_55
f 3568 3569 3603 3602 
usemtl PATCH_55
f 3602 3603 3637 3636 
usemtl PATCH_55
f 3636 3637 3671 3670 
usemtl PATCH_55
f 3670 3671 540 541 
usemtl PATCH_55
f 529 530 3502 3501 
usemtl PATCH_55
f 3501 3502 3536 3535 
usemtl PATCH_55
f 3535 3536 3570 3569 
usemtl PATCH_55
f 3569 3570 3604 3603 
usemtl PATCH_55
f 3603 3604 3638 3637 
usemtl PATCH_55
f 3637 3638 3672 3671 
usemtl PATCH_55
f 3671 3672 539 540 
usemtl PATCH_55
f 530 531 3503 3502 
usemtl PATCH_55
f 3502 3503 3537 3536 
usemtl PATCH_55
f 3536 3537 3571 3570 
usemtl PATCH_55
f 3570 3571 3605 3604 
usemtl PATCH_55
f 3604 3605 3639 3638 
usemtl PATCH_55
f 3638 3639 3673 3672 
usemtl PATCH_55
f 3672 3673 538 539 
usemtl PATCH_55
f 531 34 532 3503 
usemtl PATCH_55
f 3503 532 533 3537 
usemtl PATCH_55
f 3537 533 534 3571 
usemtl PATCH_55
f 3571 534 535 3605 
usemtl PATCH_55
f 3605 535 536 3639 
usemtl PATCH_55
f 3639 536 537 3673 
usemtl PATCH_55
f 3673 537 29 538 
usemtl PATCH_53
f 33 578 3674 498 
usemtl PATCH_53
f 498 3674 3681 499 
usemtl PATCH_53
f 499 3681 3688 500 
usemtl PATCH_53
f 500 3688 3695 501 
usemtl PATCH_53
f 501 3695 3702 502 
usemtl PATCH_53
f 502 3702 3709 503 
usemtl PATCH_53
f 503 3709 3716 504 
usemtl PATCH_53
f 504 3716 3723 505 
usemtl PATCH_53
f 505 3723 3730 506 
usemtl PATCH_53
f 506 3730 3737 507 
usemtl PATCH_53
f 507 3737 3744 508 
usemtl PATCH_53
f 508 3744 3751 509 
usemtl PATCH_53
f 509 3751 3758 510 
usemtl PATCH_53
f 510 3758 3765 511 
usemtl PATCH_53
f 511 3765 3772 512 
usemtl PATCH_53
f 512 3772 3779 513 
usemtl PATCH_53
f 513 3779 3786 514 
usemtl PATCH_53
f 514 3786 3793 515 
usemtl PATCH_53
f 515 3793 3800 516 
usemtl PATCH_53
f 516 3800 3807 517 
usemtl PATCH_53
f 517 3807 3814 518 
usemtl PATCH_53
f 518 3814 3821 519 
usemtl PATCH_53
f 519 3821 3828 520 
usemtl PATCH_53
f 520 3828 3835 521 
usemtl PATCH_53
f 521 3835 3842 522 
usemtl PATCH_53
f 522 3842 3849 523 
usemtl PATCH_53
f 523 3849 3856 524 
usemtl PATCH_53
f 524 3856 3863 525 
usemtl PATCH_53
f 525 3863 3870 526 
usemtl PATCH_53
f 526 3870 3877 527 
usemtl PATCH_53
f 527 3877 3884 528 
usemtl PATCH_53
f 528 3884 3891 529 
usemtl PATCH_53
f 529 3891 3898 530 
usemtl PATCH_53
f 530 3898 3905 531 
usemtl PATCH_53
f 531 3905 625 34 
usemtl PATCH_53
f 578 579 3675 3674 
usemtl PATCH_53
f 3674 3675 3682 3681 
usemtl PATCH_53
f 3681 3682 3689 3688 
usemtl PATCH_53
f 3688 3689 3696 3695 
usemtl PATCH_53
f 3695 3696 3703 3702 
usemtl PATCH_53
f 3702 3703 3710 3709 
usemtl PATCH_53
f 3709 3710 3717 3716 
usemtl PATCH_53
f 3716 3717 3724 3723 
usemtl PATCH_53
f 3723 3724 3731 3730 
usemtl PATCH_53
f 3730 3731 3738 3737 
usemtl PATCH_53
f 3737 3738 3745 3744 
usemtl PATCH_53
f 3744 3745 3752 3751 
usemtl PATCH_53
f 3751 3752 3759 3758 
usemtl PATCH_53
f 3758 3759 3766 3765 
usemtl PATCH_53
f 3765 3766 3773 3772 
usemtl PATCH_53
f 3772 3773 3780 3779 
usemtl PATCH_53
f 3779 3780 3787 3786 
usemtl PATCH_53
f 3786 3787 3794 3793 
usemtl PATCH_53
f 3793 3794 3801 3800 
usemtl PATCH_53
f 3800 3801 3808 3807 
usemtl PATCH_53
f 3807 3808 3815 3814 
usemtl PATCH_53
f 3814 3815 3822 3821 
usemtl PATCH_53
f 3821 3822 3829 3828 
usemtl PATCH_53
f 3828 3829 3836 3835 
usemtl PATCH_53
f 3835 3836 3843 3842 
usemtl PATCH_53
f 3842 3843 3850 3849 
usemtl PATCH_53
f 3849 3850 3857 3856 
usemtl PATCH_53
f 3856 3857 3864 3863 
usemtl PATCH_53
f 3863 3864 3871 3870 
usemtl PATCH_53
f 3870 3871 3878 3877 
usemtl PATCH_53
f 3877 3878 3885 3884 
usemtl PATCH_53
f 3884 3885 3892 3891 
usemtl PATCH_53
f 3891 3892 3899 3898 
usemtl PATCH_53
f 3898 3899 3906 3905 
usemtl PATCH_53
f 3905 3906 624 625 
usemtl PATCH_53
f 579 580 3676 3675 
usemtl PATCH_53
f 3675 3676 3683 3682 
usemtl PATCH_53
f 3682 3683 3690 3689 
usemtl PATCH_53
f 3689 3690 3697 3696 
usemtl PATCH_53
f 3696 3697 3704 3703 
usemtl PATCH_53
f 3703 3704 3711 3710 
usemtl PATCH_53
f 3710 3711 3718 3717 
usemtl PATCH_53
f 3717 3718 3725 3724 
usemtl PATCH_53
f 3724 3725 3732 3731 
usemtl PATCH_53
f 3731 3732 3739 3738 
usemtl PATCH_53
f 3738 3739 3746 3745 
usemtl PATCH_53
f 3745 3746 3753 3752 
usemtl PATCH_53
f 3752 3753 3760 3759 
usemtl PATCH_53
f 3759 3760 3767 3766 
usemtl PATCH_53
f 3766 3767 3774 3773 
usemtl PATCH_53
f 3773 3774 3781 3780 
usemtl PATCH_53
f 3780 3781 3788 3787 
usemtl PATCH_53
f 3787 3788 3795 3794 
usemtl PATCH_53
f 3794 3795 3802 3801 
usemtl PATCH_53
f 3801 3802 3809 3808 
usemtl PATCH_53
f 3808 3809 3816 3815 
usemtl PATCH_53
f 3815 3816 3823 3822 
usemtl PATCH_53
f 3822 3823 3830 3829 
usemtl PATCH_53
f 3829 3830 3837 3836 
usemtl PATCH_53
f 3836 3837 3844 3843 
usemtl PATCH_53
f 3843 3844 3851 3850 
usemtl PATCH_53
f 3850 3851 3858 3857 
usemtl PATCH_53
f 3857 3858 3865 3864 
usemtl PATCH_53
f 3864 3865 3872 3871 
usemtl PATCH_53
f 3871 3872 3879 3878 
usemtl PATCH_53
f 3878 3879 3886 3885 
usemtl PATCH_53
f 3885 3886 3893 3892 
usemtl PATCH_53
f 3892 3893 3900 3899 
usemtl PATCH_53
f 3899 3900 3907 3906 
usemtl PATCH_53
f 3906 3907 623 624 
usemtl PATCH_53
f 580 581 3677 3676 
usemtl PATCH_53
f 3676 3677 3684 3683 
usemtl PATCH_53
f 3683 3684 3691 3690 
usemtl PATCH_53
f 3690 3691 3698 3697 
usemtl PATCH_53
f 3697 3698 3705 3704 
usemtl PATCH_53
f 3704 3705 3712 3711 
usemtl PATCH_53
f 3711 3712 3719 3718 
usemtl PATCH_53
f 3718 3719 3726 3725 
usemtl PATCH_53
f 3725 3726 3733 3732 
usemtl PATCH_53
f 3732 3733 3740 3739 
usemtl PATCH_53
f 3739 3740 3747 3746 
usemtl PATCH_53
f 3746 3747 3754 3753 
usemtl PATCH_53
f 3753 3754 3761 3760 
usemtl PATCH_53
f 3760 3761 3768 3767 
usemtl PATCH_53
f 3767 3768 3775 3774 
usemtl PATCH_53
f 3774 3775 3782 3781 
usemtl PATCH_53
f 3781 3782 3789 3788 
usemtl PATCH_53
f 3788 3789 3796 3795 
usemtl PATCH_53
f 3795 3796 3803 3802 
usemtl PATCH_53
f 3802 3803 3810 3809 
usemtl PATCH_53
f 3809 3810 3817 3816 
usemtl PATCH_53
f 3816 3817 3824 3823 
usemtl PATCH_53
f 3823 3824 3831 3830 
usemtl PATCH_53
f 3830 3831 3838 3837 
usemtl PATCH_53
f 3837 3838 3845 3844 
usemtl PATCH_53
f 3844 3845 3852 3851 
usemtl PATCH_53
f 3851 3852 3859 3858 
usemtl PATCH_53
f 3858 3859 3866 3865 
usemtl PATCH_53
f 3865 3866 3873 3872 
usemtl PATCH_53
f 3872 3873 3880 3879 
usemtl PATCH_53
f 3879 3880 3887 3886 
usemtl PATCH_53
f 3886 3887 3894 3893 
usemtl PATCH_53
f 3893 3894 3901 3900 
usemtl PATCH_53
f 3900 3901 3908 3907 
usemtl PATCH_53
f 3907 3908 622 623 
usemtl PATCH_53
f 581 582 3678 3677 
usemtl PATCH_53
f 3677 3678 3685 3684 
usemtl PATCH_53
f 3684 3685 3692 3691 
usemtl PATCH_53
f 3691 3692 3699 3698 
usemtl PATCH_53
f 3698 3699 3706 3705 
usemtl PATCH_53
f 3705 3706 3713 3712 
usemtl PATCH_53
f 3712 3713 3720 3719 
usemtl PATCH_53
f 3719 3720 3727 3726 
usemtl PATCH_53
f 3726 3727 3734 3733 
usemtl PATCH_53
f 3733 3734 3741 3740 
usemtl PATCH_53
f 3740 3741 3748 3747 
usemtl PATCH_53
f 3747 3748 3755 3754 
usemtl PATCH_53
f 3754 3755 3762 3761 
usemtl PATCH_53
f 3761 3762 3769 3768 
usemtl PATCH_53
f 3768 3769 3776 3775 
usemtl PATCH_53
f 3775 3776 3783 3782 
usemtl PATCH_53
f 3782 3783 3790 3789 
usemtl PATCH_53
f 3789 3790 3797 3796 
usemtl PATCH_53
f 3796 3797 3804 3803 
usemtl PATCH_53
f 3803 3804 3811 3810 
usemtl PATCH_53
f 3810 3811 3818 3817 
usemtl PATCH_53
f 3817 3818 3825 3824 
usemtl PATCH_53
f 3824 3825 3832 3831 
usemtl PATCH_53
f 3831 3832 3839 3838 
usemtl PATCH_53
f 3838 3839 3846 3845 
usemtl PATCH_53
f 3845 3846 3853 3852 
usemtl PATCH_53
f 3852 3853 3860 3859 
usemtl PATCH_53
f 3859 3860 3867 3866 
usemtl PATCH_53
f 3866 3867 3874 3873 
usemtl PATCH_53
f 3873 3874 3881 3880 
usemtl PATCH_53
f 3880 3881 3888 3887 
usemtl PATCH_53
f 3887 3888 3895 3894 
usemtl PATCH_53
f 3894 3895 3902 3901 
usemtl PATCH_53
f 3901 3902 3909 3908 
usemtl PATCH_53
f 3908 3909 621 622 
usemtl PATCH_53
f 582 583 3679 3678 
usemtl PATCH_53
f 3678 3679 3686 3685 
usemtl PATCH_53
f 3685 3686 3693 3692 
usemtl PATCH_53
f 3692 3693 3700 3699 
usemtl PATCH_53
f 3699 3700 3707 3706 
usemtl PATCH_53
f 3706 3707 3714 3713 
usemtl PATCH_53
f 3713 3714 3721 3720 
usemtl PATCH_53
f 3720 3721 3728 3727 
usemtl PATCH_53
f 3727 3728 3735 3734 
usemtl PATCH_53
f 3734 3735 3742 3741 
usemtl PATCH_53
f 3741 3742 3749 3748 
usemtl PATCH_53
f 3748 3749 3756 3755 
usemtl PATCH_53
f 3755 3756 3763 3762 
usemtl PATCH_53
f 3762 3763 3770 3769 
usemtl PATCH_53
f 3769 3770 3777 3776 
usemtl PATCH_53
f 3776 3777 3784 3783 
usemtl PATCH_53
f 3783 3784 3791 3790 
usemtl PATCH_53
f 3790 3791 3798 3797 
usemtl PATCH_53
f 3797 3798 3805 3804 
usemtl PATCH_53
f 3804 3805 3812 3811 
usemtl PATCH_53
f 3811 3812 3819 3818 
usemtl PATCH_53
f 3818 3819 3826 3825 
usemtl PATCH_53
f 3825 3826 3833 3832 
usemtl PATCH_53
f 3832 3833 3840 3839 
usemtl PATCH_53
f 3839 3840 3847 3846 
usemtl PATCH_53
f 3846 3847 3854 3853 
usemtl PATCH_53
f 3853 3854 3861 3860 
usemtl PATCH_53
f 3860 3861 3868 3867 
usemtl PATCH_53
f 3867 3868 3875 3874 
usemtl PATCH_53
f 3874 3875 3882 3881 
usemtl PATCH_53
f 3881 3882 3889 3888 
usemtl PATCH_53
f 3888 3889 3896 3895 
usemtl PATCH_53
f 3895 3896 3903 3902 
usemtl PATCH_53
f 3902 3903 3910 3909 
usemtl PATCH_53
f 3909 3910 620 621 
usemtl PATCH_53
f 583 584 3680 3679 
usemtl PATCH_53
f 3679 3680 3687 3686 
usemtl PATCH_53
f 3686 3687 3694 3693 
usemtl PATCH_53
f 3693 3694 3701 3700 
usemtl PATCH_53
f 3700 3701 3708 3707 
usemtl PATCH_53
f 3707 3708 3715 3714 
usemtl PATCH_53
f 3714 3715 3722 3721 
usemtl PATCH_53
f 3721 3722 3729 3728 
usemtl PATCH_53
f 3728 3729 3736 3735 
usemtl PATCH_53
f 3735 3736 3743 3742 
usemtl PATCH_53
f 3742 3743 3750 3749 
usemtl PATCH_53
f 3749 3750 3757 3756 
usemtl PATCH_53
f 3756 3757 3764 3763 
usemtl PATCH_53
f 3763 3764 3771 3770 
usemtl PATCH_53
f 3770 3771 3778 3777 
usemtl PATCH_53
f 3777 3778 3785 3784 
usemtl PATCH_53
f 3784 3785 3792 3791 
usemtl PATCH_53
f 3791 3792 3799 3798 
usemtl PATCH_53
f 3798 3799 3806 3805 
usemtl PATCH_53
f 3805 3806 3813 3812 
usemtl PATCH_53
f 3812 3813 3820 3819 
usemtl PATCH_53
f 3819 3820 3827 3826 
usemtl PATCH_53
f 3826 3827 3834 3833 
usemtl PATCH_53
f 3833 3834 3841 3840 
usemtl PATCH_53
f 3840 3841 3848 3847 
usemtl PATCH_53
f 3847 3848 3855 3854 
usemtl PATCH_53
f 3854 3855 3862 3861 
usemtl PATCH_53
f 3861 3862 3869 3868 
usemtl PATCH_53
f 3868 3869 3876 3875 
usemtl PATCH_53
f 3875 3876 3883 3882 
usemtl PATCH_53
f 3882 3883 3890 3889 
usemtl PATCH_53
f 3889 3890 3897 3896 
usemtl PATCH_53
f 3896 3897 3904 3903 
usemtl PATCH_53
f 3903 3904 3911 3910 
usemtl PATCH_53
f 3910 3911 619 620 
usemtl PATCH_53
f 584 36 585 3680 
usemtl PATCH_53
f 3680 585 586 3687 
usemtl PATCH_53
f 3687 586 587 3694 
usemtl PATCH_53
f 3694 587 588 3701 
usemtl PATCH_53
f 3701 588 589 3708 
usemtl PATCH_53
f 3708 589 590 3715 
usemtl PATCH_53
f 3715 590 591 3722 
usemtl PATCH_53
f 3722 591 592 3729 
usemtl PATCH_53
f 3729 592 593 3736 
usemtl PATCH_53
f 3736 593 594 3743 
usemtl PATCH_53
f 3743 594 595 3750 
usemtl PATCH_53
f 3750 595 596 3757 
usemtl PATCH_53
f 3757 596 597 3764 
usemtl PATCH_53
f 3764 597 598 3771 
usemtl PATCH_53
f 3771 598 599 3778 
usemtl PATCH_53
f 3778 599 600 3785 
usemtl PATCH_53
f 3785 600 601 3792 
usemtl PATCH_53
f 3792 601 602 3799 
usemtl PATCH_53
f 3799 602 603 3806 
usemtl PATCH_53
f 3806 603 604 3813 
usemtl PATCH_53
f 3813 604 605 3820 
usemtl PATCH_53
f 3820 605 606 3827 
usemtl PATCH_53
f 3827 606 607 3834 
usemtl PATCH_53
f 3834 607 608 3841 
usemtl PATCH_53
f 3841 608 609 3848 
usemtl PATCH_53
f 3848 609 610 3855 
usemtl PATCH_53
f 3855 610 611 3862 
usemtl PATCH_53
f 3862 611 612 3869 
usemtl PATCH_53
f 3869 612 613 3876 
usemtl PATCH_53
f 3876 613 614 3883 
usemtl PATCH_53
f 3883 614 615 3890 
usemtl PATCH_53
f 3890 615 616 3897 
usemtl PATCH_53
f 3897 616 617 3904 
usemtl PATCH_53
f 3904 617 618 3911 
usemtl PATCH_53
f 3911 618 37 619 
usemtl PATCH_65
f 33 577 3912 578 
usemtl PATCH_65
f 578 3912 3918 579 
usemtl PATCH_65
f 579 3918 3924 580 
usemtl PATCH_65
f 580 3924 3930 581 
usemtl PATCH_65
f 581 3930 3936 582 
usemtl PATCH_65
f 582 3936 3942 583 
usemtl PATCH_65
f 583 3942 3948 584 
usemtl PATCH_65
f 584 3948 638 36 
usemtl PATCH_65
f 577 576 3913 3912 
usemtl PATCH_65
f 3912 3913 3919 3918 
usemtl PATCH_65
f 3918 3919 3925 3924 
usemtl PATCH_65
f 3924 3925 3931 3930 
usemtl PATCH_65
f 3930 3931 3937 3936 
usemtl PATCH_65
f 3936 3937 3943 3942 
usemtl PATCH_65
f 3942 3943 3949 3948 
usemtl PATCH_65
f 3948 3949 637 638 
usemtl PATCH_65
f 576 575 3914 3913 
usemtl PATCH_65
f 3913 3914 3920 3919 
usemtl PATCH_65
f 3919 3920 3926 3925 
usemtl PATCH_65
f 3925 3926 3932 3931 
usemtl PATCH_65
f 3931 3932 3938 3937 
usemtl PATCH_65
f 3937 3938 3944 3943 
usemtl PATCH_65
f 3943 3944 3950 3949 
usemtl PATCH_65
f 3949 3950 636 637 
usemtl PATCH_65
f 575 574 3915 3914 
usemtl PATCH_65
f 3914 3915 3921 3920 
usemtl PATCH_65
f 3920 3921 3927 3926 
usemtl PATCH_65
f 3926 3927 3933 3932 
usemtl PATCH_65
f 3932 3933 3939 3938 
usemtl PATCH_65
f 3938 3939 3945 3944 
usemtl PATCH_65
f 3944 3945 3951 3950 
usemtl PATCH_65
f 3950 3951 635 636 
usemtl PATCH_65
f 574 573 3916 3915 
usemtl PATCH_65
f 3915 3916 3922 3921 
usemtl PATCH_65
f 3921 3922 3928 3927 
usemtl PATCH_65
f 3927 3928 3934 3933 
usemtl PATCH_65
f 3933 3934 3940 3939 
usemtl PATCH_65
f 3939 3940 3946 3945 
usemtl PATCH_65
f 3945 3946 3952 3951 
usemtl PATCH_65
f 3951 3952 634 635 
usemtl PATCH_65
f 573 572 3917 3916 
usemtl PATCH_65
f 3916 3917 3923 3922 
usemtl PATCH_65
f 3922 3923 3929 3928 
usemtl PATCH_65
f 3928 3929 3935 3934 
usemtl PATCH_65
f 3934 3935 3941 3940 
usemtl PATCH_65
f 3940 3941 3947 3946 
usemtl PATCH_65
f 3946 3947 3953 3952 
usemtl PATCH_65
f 3952 3953 633 634 
usemtl PATCH_65
f 572 35 626 3917 
usemtl PATCH_65
f 3917 626 627 3923 
usemtl PATCH_65
f 3923 627 628 3929 
usemtl PATCH_65
f 3929 628 629 3935 
usemtl PATCH_65
f 3935 629 630 3941 
usemtl PATCH_65
f 3941 630 631 3947 
usemtl PATCH_65
f 3947 631 632 3953 
usemtl PATCH_65
f 3953 632 38 633 
usemtl PATCH_64
f 35 571 3954 626 
usemtl PATCH_64
f 626 3954 3988 627 
usemtl PATCH_64
f 627 3988 4022 628 
usemtl PATCH_64
f 628 4022 4056 629 
usemtl PATCH_64
f 629 4056 4090 630 
usemtl PATCH_64
f 630 4090 4124 631 
usemtl PATCH_64
f 631 4124 4158 632 
usemtl PATCH_64
f 632 4158 672 38 
usemtl PATCH_64
f 571 570 3955 3954 
usemtl PATCH_64
f 3954 3955 3989 3988 
usemtl PATCH_64
f 3988 3989 4023 4022 
usemtl PATCH_64
f 4022 4023 4057 4056 
usemtl PATCH_64
f 4056 4057 4091 4090 
usemtl PATCH_64
f 4090 4091 4125 4124 
usemtl PATCH_64
f 4124 4125 4159 4158 
usemtl PATCH_64
f 4158 4159 671 672 
usemtl PATCH_64
f 570 569 3956 3955 
usemtl PATCH_64
f 3955 3956 3990 3989 
usemtl PATCH_64
f 3989 3990 4024 4023 
usemtl PATCH_64
f 4023 4024 4058 4057 
usemtl PATCH_64
f 4057 4058 4092 4091 
usemtl PATCH_64
f 4091 4092 4126 4125 
usemtl PATCH_64
f 4125 4126 4160 4159 
usemtl PATCH_64
f 4159 4160 670 671 
usemtl PATCH_64
f 569 568 3957 3956 
usemtl PATCH_64
f 3956 3957 3991 3990 
usemtl PATCH_64
f 3990 3991 4025 4024 
usemtl PATCH_64
f 4024 4025 4059 4058 
usemtl PATCH_64
f 4058 4059 4093 4092 
usemtl PATCH_64
f 4092 4093 4127 4126 
usemtl PATCH_64
f 4126 4127 4161 4160 
usemtl PATCH_64
f 4160 4161 669 670 
usemtl PATCH_64
f 568 567 3958 3957 
usemtl PATCH_64
f 3957 3958 3992 3991 
usemtl PATCH_64
f 3991 3992 4026 4025 
usemtl PATCH_64
f 4025 4026 4060 4059 
usemtl PATCH_64
f 4059 4060 4094 4093 
usemtl PATCH_64
f 4093 4094 4128 4127 
usemtl PATCH_64
f 4127 4128 4162 4161 
usemtl PATCH_64
f 4161 4162 668 669 
usemtl PATCH_64
f 567 566 3959 3958 
usemtl PATCH_64
f 3958 3959 3993 3992 
usemtl PATCH_64
f 3992 3993 4027 4026 
usemtl PATCH_64
f 4026 4027 4061 4060 
usemtl PATCH_64
f 4060 4061 4095 4094 
usemtl PATCH_64
f 4094 4095 4129 4128 
usemtl PATCH_64
f 4128 4129 4163 4162 
usemtl PATCH_64
f 4162 4163 667 668 
usemtl PATCH_64
f 566 565 3960 3959 
usemtl PATCH_64
f 3959 3960 3994 3993 
usemtl PATCH_64
f 3993 3994 4028 4027 
usemtl PATCH_64
f 4027 4028 4062 4061 
usemtl PATCH_64
f 4061 4062 4096 4095 
usemtl PATCH_64
f 4095 4096 4130 4129 
usemtl PATCH_64
f 4129 4130 4164 4163 
usemtl PATCH_64
f 4163 4164 666 667 
usemtl PATCH_64
f 565 564 3961 3960 
usemtl PATCH_64
f 3960 3961 3995 3994 
usemtl PATCH_64
f 3994 3995 4029 4028 
usemtl PATCH_64
f 4028 4029 4063 4062 
usemtl PATCH_64
f 4062 4063 4097 4096 
usemtl PATCH_64
f 4096 4097 4131 4130 
usemtl PATCH_64
f 4130 4131 4165 4164 
usemtl PATCH_64
f 4164 4165 665 666 
usemtl PATCH_64
f 564 563 3962 3961 
usemtl PATCH_64
f 3961 3962 3996 3995 
usemtl PATCH_64
f 3995 3996 4030 4029 
usemtl PATCH_64
f 4029 4030 4064 4063 
usemtl PATCH_64
f 4063 4064 4098 4097 
usemtl PATCH_64
f 4097 4098 4132 4131 
usemtl PATCH_64
f 4131 4132 4166 4165 
usemtl PATCH_64
f 4165 4166 664 665 
usemtl PATCH_64
f 563 562 3963 3962 
usemtl PATCH_64
f 3962 3963 3997 3996 
usemtl PATCH_64
f 3996 3997 4031 4030 
usemtl PATCH_64
f 4030 4031 4065 4064 
usemtl PATCH_64
f 4064 4065 4099 4098 
usemtl PATCH_64
f 4098 4099 4133 4132 
usemtl PATCH_64
f 4132 4133 4167 4166 
usemtl PATCH_64
f 4166 4167 663 664 
usemtl PATCH_64
f 562 561 3964 3963 
usemtl PATCH_64
f 3963 3964 3998 3997 
usemtl PATCH_64
f 3997 3998 4032 4031 
usemtl PATCH_64
f 4031 4032 4066 4065 
usemtl PATCH_64
f 4065 4066 4100 4099 
usemtl PATCH_64
f 4099 4100 4134 4133 
usemtl PATCH_64
f 4133 4134 4168 4167 
usemtl PATCH_64
f 4167 4168 662 663 
usemtl PATCH_64
f 561 560 3965 3964 
usemtl PATCH_64
f 3964 3965 3999 3998 
usemtl PATCH_64
f 3998 3999 4033 4032 
usemtl PATCH_64
f 4032 4033 4067 4066 
usemtl PATCH_64
f 4066 4067 4101 4100 
usemtl PATCH_64
f 4100 4101 4135 4134 
usemtl PATCH_64
f 4134 4135 4169 4168 
usemtl PATCH_64
f 4168 4169 661 662 
usemtl PATCH_64
f 560 559 3966 3965 
usemtl PATCH_64
f 3965 3966 4000 3999 
usemtl PATCH_64
f 3999 4000 4034 4033 
usemtl PATCH_64
f 4033 4034 4068 4067 
usemtl PATCH_64
f 4067 4068 4102 4101 
usemtl PATCH_64
f 4101 4102 4136 4135 
usemtl PATCH_64
f 4135 4136 4170 4169 
usemtl PATCH_64
f 4169 4170 660 661 
usemtl PATCH_64
f 559 558 3967 3966 
usemtl PATCH_64
f 3966 3967 4001 4000 
usemtl PATCH_64
f 4000 4001 4035 4034 
usemtl PATCH_64
f 4034 4035 4069 4068 
usemtl PATCH_64
f 4068 4069 4103 4102 
usemtl PATCH_64
f 4102 4103 4137 4136 
usemtl PATCH_64
f 4136 4137 4171 4170 
usemtl PATCH_64
f 4170 4171 659 660 
usemtl PATCH_64
f 558 557 3968 3967 
usemtl PATCH_64
f 3967 3968 4002 4001 
usemtl PATCH_64
f 4001 4002 4036 4035 
usemtl PATCH_64
f 4035 4036 4070 4069 
usemtl PATCH_64
f 4069 4070 4104 4103 
usemtl PATCH_64
f 4103 4104 4138 4137 
usemtl PATCH_64
f 4137 4138 4172 4171 
usemtl PATCH_64
f 4171 4172 658 659 
usemtl PATCH_64
f 557 556 3969 3968 
usemtl PATCH_64
f 3968 3969 4003 4002 
usemtl PATCH_64
f 4002 4003 4037 4036 
usemtl PATCH_64
f 4036 4037 4071 4070 
usemtl PATCH_64
f 4070 4071 4105 4104 
usemtl PATCH_64
f 4104 4105 4139 4138 
usemtl PATCH_64
f 4138 4139 4173 4172 
usemtl PATCH_64
f 4172 4173 657 658 
usemtl PATCH_64
f 556 555 3970 3969 
usemtl PATCH_64
f 3969 3970 4004 4003 
usemtl PATCH_64
f 4003 4004 4038 4037 
usemtl PATCH_64
f 4037 4038 4072 4071 
usemtl PATCH_64
f 4071 4072 4106 4105 
usemtl PATCH_64
f 4105 4106 4140 4139 
usemtl PATCH_64
f 4139 4140 4174 4173 
usemtl PATCH_64
f 4173 4174 656 657 
usemtl PATCH_64
f 555 554 3971 3970 
usemtl PATCH_64
f 3970 3971 4005 4004 
usemtl PATCH_64
f 4004 4005 4039 4038 
usemtl PATCH_64
f 4038 4039 4073 4072 
usemtl PATCH_64
f 4072 4073 4107 4106 
usemtl PATCH_64
f 4106 4107 4141 4140 
usemtl PATCH_64
f 4140 4141 4175 4174 
usemtl PATCH_64
f 4174 4175 655 656 
usemtl PATCH_64
f 554 553 3972 3971 
usemtl PATCH_64
f 3971 3972 4006 4005 
usemtl PATCH_64
f 4005 4006 4040 4039 
usemtl PATCH_64
f 4039 4040 4074 4073 
usemtl PATCH_64
f 4073 4074 4108 4107 
usemtl PATCH_64
f 4107 4108 4142 4141 
usemtl PATCH_64
f 4141 4142 4176 4175 
usemtl PATCH_64
f 4175 4176 654 655 
usemtl PATCH_64
f 553 552 3973 3972 
usemtl PATCH_64
f 3972 3973 4007 4006 
usemtl PATCH_64
f 4006 4007 4041 4040 
usemtl PATCH_64
f 4040 4041 4075 4074 
usemtl PATCH_64
f 4074 4075 4109 4108 
usemtl PATCH_64
f 4108 4109 4143 4142 
usemtl PATCH_64
f 4142 4143 4177 4176 
usemtl PATCH_64
f 4176 4177 653 654 
usemtl PATCH_64
f 552 551 3974 3973 
usemtl PATCH_64
f 3973 3974 4008 4007 
usemtl PATCH_64
f 4007 4008 4042 4041 
usemtl PATCH_64
f 4041 4042 4076 4075 
usemtl PATCH_64
f 4075 4076 4110 4109 
usemtl PATCH_64
f 4109 4110 4144 4143 
usemtl PATCH_64
f 4143 4144 4178 4177 
usemtl PATCH_64
f 4177 4178 652 653 
usemtl PATCH_64
f 551 550 3975 3974 
usemtl PATCH_64
f 3974 3975 4009 4008 
usemtl PATCH_64
f 4008 4009 4043 4042 
usemtl PATCH_64
f 4042 4043 4077 4076 
usemtl PATCH_64
f 4076 4077 4111 4110 
usemtl PATCH_64
f 4110 4111 4145 4144 
usemtl PATCH_64
f 4144 4145 4179 4178 
usemtl PATCH_64
f 4178 4179 651 652 
usemtl PATCH_64
f 550 549 3976 3975 
usemtl PATCH_64
f 3975 3976 4010 4009 
usemtl PATCH_64
f 4009 4010 4044 4043 
usemtl PATCH_64
f 4043 4044 4078 4077 
usemtl PATCH_64
f 4077 4078 4112 4111 
usemtl PATCH_64
f 4111 4112 4146 4145 
usemtl PATCH_64
f 4145 4146 4180 4179 
usemtl PATCH_64
f 4179 4180 650 651 
usemtl PATCH_64
f 549 548 3977 3976 
usemtl PATCH_64
f 3976 3977 4011 4010 
usemtl PATCH_64
f 4010 4011 4045 4044 
usemtl PATCH_64
f 4044 4045 4079 4078 
usemtl PATCH_64
f 4078 4079 4113 4112 
usemtl PATCH_64
f 4112 4113 4147 4146 
usemtl PATCH_64
f 4146 4147 4181 4180 
usemtl PATCH_64
f 4180 4181 649 650 
usemtl PATCH_64
f 548 547 3978 3977 
usemtl PATCH_64
f 3977 3978 4012 4011 
usemtl PATCH_64
f 4011 4012 4046 4045 
usemtl PATCH_64
f 4045 4046 4080 4079 
usemtl PATCH_64
f 4079 4080 4114 4113 
usemtl PATCH_64
f 4113 4114 4148 4147 
usemtl PATCH_64
f 4147 4148 4182 4181 
usemtl PATCH_64
f 4181 4182 648 649 
usemtl PATCH_64
f 547 546 3979 3978 
usemtl PATCH_64
f 3978 3979 4013 4012 
usemtl PATCH_64
f 4012 4013 4047 4046 
usemtl PATCH_64
f 4046 4047 4081 4080 
usemtl PATCH_64
f 4080 4081 4115 4114 
usemtl PATCH_64
f 4114 4115 4149 4148 
usemtl PATCH_64
f 4148 4149 4183 4182 
usemtl PATCH_64
f 4182 4183 647 648 
usemtl PATCH_64
f 546 545 3980 3979 
usemtl PATCH_64
f 3979 3980 4014 4013 
usemtl PATCH_64
f 4013 4014 4048 4047 
usemtl PATCH_64
f 4047 4048 4082 4081 
usemtl PATCH_64
f 4081 4082 4116 4115 
usemtl PATCH_64
f 4115 4116 4150 4149 
usemtl PATCH_64
f 4149 4150 4184 4183 
usemtl PATCH_64
f 4183 4184 646 647 
usemtl PATCH_64
f 545 544 3981 3980 
usemtl PATCH_64
f 3980 3981 4015 4014 
usemtl PATCH_64
f 4014 4015 4049 4048 
usemtl PATCH_64
f 4048 4049 4083 4082 
usemtl PATCH_64
f 4082 4083 4117 4116 
usemtl PATCH_64
f 4116 4117 4151 4150 
usemtl PATCH_64
f 4150 4151 4185 4184 
usemtl PATCH_64
f 4184 4185 645 646 
usemtl PATCH_64
f 544 543 3982 3981 
usemtl PATCH_64
f 3981 3982 4016 4015 
usemtl PATCH_64
f 4015 4016 4050 4049 
usemtl PATCH_64
f 4049 4050 4084 4083 
usemtl PATCH_64
f 4083 4084 4118 4117 
usemtl PATCH_64
f 4117 4118 4152 4151 
usemtl PATCH_64
f 4151 4152 4186 4185 
usemtl PATCH_64
f 4185 4186 644 645 
usemtl PATCH_64
f 543 542 3983 3982 
usemtl PATCH_64
f 3982 3983 4017 4016 
usemtl PATCH_64
f 4016 4017 4051 4050 
usemtl PATCH_64
f 4050 4051 4085 4084 
usemtl PATCH_64
f 4084 4085 4119 4118 
usemtl PATCH_64
f 4118 4119 4153 4152 
usemtl PATCH_64
f 4152 4153 4187 4186 
usemtl PATCH_64
f 4186 4187 643 644 
usemtl PATCH_64
f 542 541 3984 3983 
usemtl PATCH_64
f 3983 3984 4018 4017 
usemtl PATCH_64
f 4017 4018 4052 4051 
usemtl PATCH_64
f 4051 4052 4086 4085 
usemtl PATCH_64
f 4085 4086 4120 4119 
usemtl PATCH_64
f 4119 4120 4154 4153 
usemtl PATCH_64
f 4153 4154 4188 4187 
usemtl PATCH_64
f 4187 4188 642 643 
usemtl PATCH_64
f 541 540 3985 3984 
usemtl PATCH_64
f 3984 3985 4019 4018 
usemtl PATCH_64
f 4018 4019 4053 4052 
usemtl PATCH_64
f 4052 4053 4087 4086 
usemtl PATCH_64
f 4086 4087 4121 4120 
usemtl PATCH_64
f 4120 4121 4155 4154 
usemtl PATCH_64
f 4154 4155 4189 4188 
usemtl PATCH_64
f 4188 4189 641 642 
usemtl PATCH_64
f 540 539 3986 3985 
usemtl PATCH_64
f 3985 3986 4020 4019 
usemtl PATCH_64
f 4019 4020 4054 4053 
usemtl PATCH_64
f 4053 4054 4088 4087 
usemtl PATCH_64
f 4087 4088 4122 4121 
usemtl PATCH_64
f 4121 4122 4156 4155 
usemtl PATCH_64
f 4155 4156 4190 4189 
usemtl PATCH_64
f 4189 4190 640 641 
usemtl PATCH_64
f 539 538 3987 3986 
usemtl PATCH_64
f 3986 3987 4021 4020 
usemtl PATCH_64
f 4020 4021 4055 4054 
usemtl PATCH_64
f 4054 4055 4089 4088 
usemtl PATCH_64
f 4088 4089 4123 4122 
usemtl PATCH_64
f 4122 4123 4157 4156 
usemtl PATCH_64
f 4156 4157 4191 4190 
usemtl PATCH_64
f 4190 4191 639 640 
usemtl PATCH_64
f 538 29 377 3987 
usemtl PATCH_64
f 3987 377 376 4021 
usemtl PATCH_64
f 4021 376 375 4055 
usemtl PATCH_64
f 4055 375 374 4089 
usemtl PATCH_64
f 4089 374 373 4123 
usemtl PATCH_64
f 4123 373 372 4157 
usemtl PATCH_64
f 4157 372 371 4191 
usemtl PATCH_64
f 4191 371 11 639 
usemtl PATCH_52
f 36 638 4192 585 
usemtl PATCH_52
f 585 4192 4198 586 
usemtl PATCH_52
f 586 4198 4204 587 
usemtl PATCH_52
f 587 4204 4210 588 
usemtl PATCH_52
f 588 4210 4216 589 
usemtl PATCH_52
f 589 4216 4222 590 
usemtl PATCH_52
f 590 4222 4228 591 
usemtl PATCH_52
f 591 4228 4234 592 
usemtl PATCH_52
f 592 4234 4240 593 
usemtl PATCH_52
f 593 4240 4246 594 
usemtl PATCH_52
f 594 4246 4252 595 
usemtl PATCH_52
f 595 4252 4258 596 
usemtl PATCH_52
f 596 4258 4264 597 
usemtl PATCH_52
f 597 4264 4270 598 
usemtl PATCH_52
f 598 4270 4276 599 
usemtl PATCH_52
f 599 4276 4282 600 
usemtl PATCH_52
f 600 4282 4288 601 
usemtl PATCH_52
f 601 4288 4294 602 
usemtl PATCH_52
f 602 4294 4300 603 
usemtl PATCH_52
f 603 4300 4306 604 
usemtl PATCH_52
f 604 4306 4312 605 
usemtl PATCH_52
f 605 4312 4318 606 
usemtl PATCH_52
f 606 4318 4324 607 
usemtl PATCH_52
f 607 4324 4330 608 
usemtl PATCH_52
f 608 4330 4336 609 
usemtl PATCH_52
f 609 4336 4342 610 
usemtl PATCH_52
f 610 4342 4348 611 
usemtl PATCH_52
f 611 4348 4354 612 
usemtl PATCH_52
f 612 4354 4360 613 
usemtl PATCH_52
f 613 4360 4366 614 
usemtl PATCH_52
f 614 4366 4372 615 
usemtl PATCH_52
f 615 4372 4378 616 
usemtl PATCH_52
f 616 4378 4384 617 
usemtl PATCH_52
f 617 4384 4390 618 
usemtl PATCH_52
f 618 4390 678 37 
usemtl PATCH_52
f 638 637 4193 4192 
usemtl PATCH_52
f 4192 4193 4199 4198 
usemtl PATCH_52
f 4198 4199 4205 4204 
usemtl PATCH_52
f 4204 4205 4211 4210 
usemtl PATCH_52
f 4210 4211 4217 4216 
usemtl PATCH_52
f 4216 4217 4223 4222 
usemtl PATCH_52
f 4222 4223 4229 4228 
usemtl PATCH_52
f 4228 4229 4235 4234 
usemtl PATCH_52
f 4234 4235 4241 4240 
usemtl PATCH_52
f 4240 4241 4247 4246 
usemtl PATCH_52
f 4246 4247 4253 4252 
usemtl PATCH_52
f 4252 4253 4259 4258 
usemtl PATCH_52
f 4258 4259 4265 4264 
usemtl PATCH_52
f 4264 4265 4271 4270 
usemtl PATCH_52
f 4270 4271 4277 4276 
usemtl PATCH_52
f 4276 4277 4283 4282 
usemtl PATCH_52
f 4282 4283 4289 4288 
usemtl PATCH_52
f 4288 4289 4295 4294 
usemtl PATCH_52
f 4294 4295 4301 4300 
usemtl PATCH_52
f 4300 4301 4307 4306 
usemtl PATCH_52
f 4306 4307 4313 4312 
usemtl PATCH_52
f 4312 4313 4319 4318 
usemtl PATCH_52
f 4318 4319 4325 4324 
usemtl PATCH_52
f 4324 4325 4331 4330 
usemtl PATCH_52
f 4330 4331 4337 4336 
usemtl PATCH_52
f 4336 4337 4343 4342 
usemtl PATCH_52
f 4342 4343 4349 4348 
usemtl PATCH_52
f 4348 4349 4355 4354 
usemtl PATCH_52
f 4354 4355 4361 4360 
usemtl PATCH_52
f 4360 4361 4367 4366 
usemtl PATCH_52
f 4366 4367 4373 4372 
usemtl PATCH_52
f 4372 4373 4379 4378 
usemtl PATCH_52
f 4378 4379 4385 4384 
usemtl PATCH_52
f 4384 4385 4391 4390 
usemtl PATCH_52
f 4390 4391 677 678 
usemtl PATCH_52
f 637 636 4194 4193 
usemtl PATCH_52
f 4193 4194 4200 4199 
usemtl PATCH_52
f 4199 4200 4206 4205 
usemtl PATCH_52
f 4205 4206 4212 4211 
usemtl PATCH_52
f 4211 4212 4218 4217 
usemtl PATCH_52
f 4217 4218 4224 4223 
usemtl PATCH_52
f 4223 4224 4230 4229 
usemtl PATCH_52
f 4229 4230 4236 4235 
usemtl PATCH_52
f 4235 4236 4242 4241 
usemtl PATCH_52
f 4241 4242 4248 4247 
usemtl PATCH_52
f 4247 4248 4254 4253 
usemtl PATCH_52
f 4253 4254 4260 4259 
usemtl PATCH_52
f 4259 4260 4266 4265 
usemtl PATCH_52
f 4265 4266 4272 4271 
usemtl PATCH_52
f 4271 4272 4278 4277 
usemtl PATCH_52
f 4277 4278 4284 4283 
usemtl PATCH_52
f 4283 4284 4290 4289 
usemtl PATCH_52
f 4289 4290 4296 4295 
usemtl PATCH_52
f 4295 4296 4302 4301 
usemtl PATCH_52
f 4301 4302 4308 4307 
usemtl PATCH_52
f 4307 4308 4314 4313 
usemtl PATCH_52
f 4313 4314 4320 4319 
usemtl PATCH_52
f 4319 4320 4326 4325 
usemtl PATCH_52
f 4325 4326 4332 4331 
usemtl PATCH_52
f 4331 4332 4338 4337 
usemtl PATCH_52
f 4337 4338 4344 4343 
usemtl PATCH_52
f 4343 4344 4350 4349 
usemtl PATCH_52
f 4349 4350 4356 4355 
usemtl PATCH_52
f 4355 4356 4362 4361 
usemtl PATCH_52
f 4361 4362 4368 4367 
usemtl PATCH_52
f 4367 4368 4374 4373 
usemtl PATCH_52
f 4373 4374 4380 4379 
usemtl PATCH_52
f 4379 4380 4386 4385 
usemtl PATCH_52
f 4385 4386 4392 4391 
usemtl PATCH_52
f 4391 4392 676 677 
usemtl PATCH_52
f 636 635 4195 4194 
usemtl PATCH_52
f 4194 4195 4201 4200 
usemtl PATCH_52
f 4200 4201 4207 4206 
usemtl PATCH_52
f 4206 4207 4213 4212 
usemtl PATCH_52
f 4212 4213 4219 4218 
usemtl PATCH_52
f 4218 4219 4225 4224 
usemtl PATCH_52
f 4224 4225 4231 4230 
usemtl PATCH_52
f 4230 4231 4237 4236 
usemtl PATCH_52
f 4236 4237 4243 4242 
usemtl PATCH_52
f 4242 4243 4249 4248 
usemtl PATCH_52
f 4248 4249 4255 4254 
usemtl PATCH_52
f 4254 4255 4261 4260 
usemtl PATCH_52
f 4260 4261 4267 4266 
usemtl PATCH_52
f 4266 4267 4273 4272 
usemtl PATCH_52
f 4272 4273 4279 4278 
usemtl PATCH_52
f 4278 4279 4285 4284 
usemtl PATCH_52
f 4284 4285 4291 4290 
usemtl PATCH_52
f 4290 4291 4297 4296 
usemtl PATCH_52
f 4296 4297 4303 4302 
usemtl PATCH_52
f 4302 4303 4309 4308 
usemtl PATCH_52
f 4308 4309 4315 4314 
usemtl PATCH_52
f 4314 4315 4321 4320 
usemtl PATCH_52
f 4320 4321 4327 4326 
usemtl PATCH_52
f 4326 4327 4333 4332 
usemtl PATCH_52
f 4332 4333 4339 4338 
usemtl PATCH_52
f 4338 4339 4345 4344 
usemtl PATCH_52
f 4344 4345 4351 4350 
usemtl PATCH_52
f 4350 4351 4357 4356 
usemtl PATCH_52
f 4356 4357 4363 4362 
usemtl PATCH_52
f 4362 4363 4369 4368 
usemtl PATCH_52
f 4368 4369 4375 4374 
usemtl PATCH_52
f 4374 4375 4381 4380 
usemtl PATCH_52
f 4380 4381 4387 4386 
usemtl PATCH_52
f 4386 4387 4393 4392 
usemtl PATCH_52
f 4392 4393 675 676 
usemtl PATCH_52
f 635 634 4196 4195 
usemtl PATCH_52
f 4195 4196 4202 4201 
usemtl PATCH_52
f 4201 4202 4208 4207 
usemtl PATCH_52
f 4207 4208 4214 4213 
usemtl PATCH_52
f 4213 4214 4220 4219 
usemtl PATCH_52
f 4219 4220 4226 4225 
usemtl PATCH_52
f 4225 4226 4232 4231 
usemtl PATCH_52
f 4231 4232 4238 4237 
usemtl PATCH_52
f 4237 4238 4244 4243 
usemtl PATCH_52
f 4243 4244 4250 4249 
usemtl PATCH_52
f 4249 4250 4256 4255 
usemtl PATCH_52
f 4255 4256 4262 4261 
usemtl PATCH_52
f 4261 4262 4268 4267 
usemtl PATCH_52
f 4267 4268 4274 4273 
usemtl PATCH_52
f 4273 4274 4280 4279 
usemtl PATCH_52
f 4279 4280 4286 4285 
usemtl PATCH_52
f 4285 4286 4292 4291 
usemtl PATCH_52
f 4291 4292 4298 4297 
usemtl PATCH_52
f 4297 4298 4304 4303 
usemtl PATCH_52
f 4303 4304 4310 4309 
usemtl PATCH_52
f 4309 4310 4316 4315 
usemtl PATCH_52
f 4315 4316 4322 4321 
usemtl PATCH_52
f 4321 4322 4328 4327 
usemtl PATCH_52
f 4327 4328 4334 4333 
usemtl PATCH_52
f 4333 4334 4340 4339 
usemtl PATCH_52
f 4339 4340 4346 4345 
usemtl PATCH_52
f 4345 4346 4352 4351 
usemtl PATCH_52
f 4351 4352 4358 4357 
usemtl PATCH_52
f 4357 4358 4364 4363 
usemtl PATCH_52
f 4363 4364 4370 4369 
usemtl PATCH_52
f 4369 4370 4376 4375 
usemtl PATCH_52
f 4375 4376 4382 4381 
usemtl PATCH_52
f 4381 4382 4388 4387 
usemtl PATCH_52
f 4387 4388 4394 4393 
usemtl PATCH_52
f 4393 4394 674 675 
usemtl PATCH_52
f 634 633 4197 4196 
usemtl PATCH_52
f 4196 4197 4203 4202 
usemtl PATCH_52
f 4202 4203 4209 4208 
usemtl PATCH_52
f 4208 4209 4215 4214 
usemtl PATCH_52
f 4214 4215 4221 4220 
usemtl PATCH_52
f 4220 4221 4227 4226 
usemtl PATCH_52
f 4226 4227 4233 4232 
usemtl PATCH_52
f 4232 4233 4239 4238 
usemtl PATCH_52
f 4238 4239 4245 4244 
usemtl PATCH_52
f 4244 4245 4251 4250 
usemtl PATCH_52
f 4250 4251 4257 4256 
usemtl PATCH_52
f 4256 4257 4263 4262 
usemtl PATCH_52
f 4262 4263 4269 4268 
usemtl PATCH_52
f 4268 4269 4275 4274 
usemtl PATCH_52
f 4274 4275 4281 4280 
usemtl PATCH_52
f 4280 4281 4287 4286 
usemtl PATCH_52
f 4286 4287 4293 4292 
usemtl PATCH_52
f 4292 4293 4299 4298 
usemtl PATCH_52
f 4298 4299 4305 4304 
usemtl PATCH_52
f 4304 4305 4311 4310 
usemtl PATCH_52
f 4310 4311 4317 4316 
usemtl PATCH_52
f 4316 4317 4323 4322 
usemtl PATCH_52
f 4322 4323 4329 4328 
usemtl PATCH_52
f 4328 4329 4335 4334 
usemtl PATCH_52
f 4334 4335 4341 4340 
usemtl PATCH_52
f 4340 4341 4347 4346 
usemtl PATCH_52
f 4346 4347 4353 4352 
usemtl PATCH_52
f 4352 4353 4359 4358 
usemtl PATCH_52
f 4358 4359 4365 4364 
usemtl PATCH_52
f 4364 4365 4371 4370 
usemtl PATCH_52
f 4370 4371 4377 4376 
usemtl PATCH_52
f 4376 4377 4383 4382 
usemtl PATCH_52
f 4382 4383 4389 4388 
usemtl PATCH_52
f 4388 4389 4395 4394 
usemtl PATCH_52
f 4394 4395 673 674 
usemtl PATCH_52
f 633 38 672 4197 
usemtl PATCH_52
f 4197 672 671 4203 
usemtl PATCH_52
f 4203 671 670 4209 
usemtl PATCH_52
f 4209 670 669 4215 
usemtl PATCH_52
f 4215 669 668 4221 
usemtl PATCH_52
f 4221 668 667 4227 
usemtl PATCH_52
f 4227 667 666 4233 
usemtl PATCH_52
f 4233 666 665 4239 
usemtl PATCH_52
f 4239 665 664 4245 
usemtl PATCH_52
f 4245 664 663 4251 
usemtl PATCH_52
f 4251 663 662 4257 
usemtl PATCH_52
f 4257 662 661 4263 
usemtl PATCH_52
f 4263 661 660 4269 
usemtl PATCH_52
f 4269 660 659 4275 
usemtl PATCH_52
f 4275 659 658 4281 
usemtl PATCH_52
f 4281 658 657 4287 
usemtl PATCH_52
f 4287 657 656 4293 
usemtl PATCH_52
f 4293 656 655 4299 
usemtl PATCH_52
f 4299 655 654 4305 
usemtl PATCH_52
f 4305 654 653 4311 
usemtl PATCH_52
f 4311 653 652 4317 
usemtl PATCH_52
f 4317 652 651 4323 
usemtl PATCH_52
f 4323 651 650 4329 
usemtl PATCH_52
f 4329 650 649 4335 
usemtl PATCH_52
f 4335 649 648 4341 
usemtl PATCH_52
f 4341 648 647 4347 
usemtl PATCH_52
f 4347 647 646 4353 
usemtl PATCH_52
f 4353 646 645 4359 
usemtl PATCH_52
f 4359 645 644 4365 
usemtl PATCH_52
f 4365 644 643 4371 
usemtl PATCH_52
f 4371 643 642 4377 
usemtl PATCH_52
f 4377 642 641 4383 
usemtl PATCH_52
f 4383 641 640 4389 
usemtl PATCH_52
f 4389 640 639 4395 
usemtl PATCH_52
f 4395 639 11 673 
usemtl PATCH_27
f 39 679 4396 762 
usemtl PATCH_27
f 762 4396 4430 761 
usemtl PATCH_27
f 761 4430 4464 760 
usemtl PATCH_27
f 760 4464 4498 759 
usemtl PATCH_27
f 759 4498 4532 758 
usemtl PATCH_27
f 758 4532 4566 757 
usemtl PATCH_27
f 757 4566 4600 756 
usemtl PATCH_27
f 756 4600 4634 755 
usemtl PATCH_27
f 755 4634 754 42 
usemtl PATCH_27
f 679 680 4397 4396 
usemtl PATCH_27
f 4396 4397 4431 4430 
usemtl PATCH_27
f 4430 4431 4465 4464 
usemtl PATCH_27
f 4464 4465 4499 4498 
usemtl PATCH_27
f 4498 4499 4533 4532 
usemtl PATCH_27
f 4532 4533 4567 4566 
usemtl PATCH_27
f 4566 4567 4601 4600 
usemtl PATCH_27
f 4600 4601 4635 4634 
usemtl PATCH_27
f 4634 4635 753 754 
usemtl PATCH_27
f 680 681 4398 4397 
usemtl PATCH_27
f 4397 4398 4432 4431 
usemtl PATCH_27
f 4431 4432 4466 4465 
usemtl PATCH_27
f 4465 4466 4500 4499 
usemtl PATCH_27
f 4499 4500 4534 4533 
usemtl PATCH_27
f 4533 4534 4568 4567 
usemtl PATCH_27
f 4567 4568 4602 4601 
usemtl PATCH_27
f 4601 4602 4636 4635 
usemtl PATCH_27
f 4635 4636 752 753 
usemtl PATCH_27
f 681 682 4399 4398 
usemtl PATCH_27
f 4398 4399 4433 4432 
usemtl PATCH_27
f 4432 4433 4467 4466 
usemtl PATCH_27
f 4466 4467 4501 4500 
usemtl PATCH_27
f 4500 4501 4535 4534 
usemtl PATCH_27
f 4534 4535 4569 4568 
usemtl PATCH_27
f 4568 4569 4603 4602 
usemtl PATCH_27
f 4602 4603 4637 4636 
usemtl PATCH_27
f 4636 4637 751 752 
usemtl PATCH_27
f 682 683 4400 4399 
usemtl PATCH_27
f 4399 4400 4434 4433 
usemtl PATCH_27
f 4433 4434 4468 4467 
usemtl PATCH_27
f 4467 4468 4502 4501 
usemtl PATCH_27
f 4501 4502 4536 4535 
usemtl PATCH_27
f 4535 4536 4570 4569 
usemtl PATCH_27
f 4569 4570 4604 4603 
usemtl PATCH_27
f 4603 4604 4638 4637 
usemtl PATCH_27
f 4637 4638 750 751 
usemtl PATCH_27
f 683 684 4401 4400 
usemtl PATCH_27
f 4400 4401 4435 4434 
usemtl PATCH_27
f 4434 4435 4469 4468 
usemtl PATCH_27
f 4468 4469 4503 4502 
usemtl PATCH_27
f 4502 4503 4537 4536 
usemtl PATCH_27
f 4536 4537 4571 4570 
usemtl PATCH_27
f 4570 4571 4605 4604 
usemtl PATCH_27
f 4604 4605 4639 4638 
usemtl PATCH_27
f 4638 4639 749 750 
usemtl PATCH_27
f 684 685 4402 4401 
usemtl PATCH_27
f 4401 4402 4436 4435 
usemtl PATCH_27
f 4435 4436 4470 4469 
usemtl PATCH_27
f 4469 4470 4504 4503 
usemtl PATCH_27
f 4503 4504 4538 4537 
usemtl PATCH_27
f 4537 4538 4572 4571 
usemtl PATCH_27
f 4571 4572 4606 4605 
usemtl PATCH_27
f 4605 4606 4640 4639 
usemtl PATCH_27
f 4639 4640 748 749 
usemtl PATCH_27
f 685 686 4403 4402 
usemtl PATCH_27
f 4402 4403 4437 4436 
usemtl PATCH_27
f 4436 4437 4471 4470 
usemtl PATCH_27
f 4470 4471 4505 4504 
usemtl PATCH_27
f 4504 4505 4539 4538 
usemtl PATCH_27
f 4538 4539 4573 4572 
usemtl PATCH_27
f 4572 4573 4607 4606 
usemtl PATCH_27
f 4606 4607 4641 4640 
usemtl PATCH_27
f 4640 4641 747 748 
usemtl PATCH_27
f 686 687 4404 4403 
usemtl PATCH_27
f 4403 4404 4438 4437 
usemtl PATCH_27
f 4437 4438 4472 4471 
usemtl PATCH_27
f 4471 4472 4506 4505 
usemtl PATCH_27
f 4505 4506 4540 4539 
usemtl PATCH_27
f 4539 4540 4574 4573 
usemtl PATCH_27
f 4573 4574 4608 4607 
usemtl PATCH_27
f 4607 4608 4642 4641 
usemtl PATCH_27
f 4641 4642 746 747 
usemtl PATCH_27
f 687 688 4405 4404 
usemtl PATCH_27
f 4404 4405 4439 4438 
usemtl PATCH_27
f 4438 4439 4473 4472 
usemtl PATCH_27
f 4472 4473 4507 4506 
usemtl PATCH_27
f 4506 4507 4541 4540 
usemtl PATCH_27
f 4540 4541 4575 4574 
usemtl PATCH_27
f 4574 4575 4609 4608 
usemtl PATCH_27
f 4608 4609 4643 4642 
usemtl PATCH_27
f 4642 4643 745 746 
usemtl PATCH_27
f 688 689 4406 4405 
usemtl PATCH_27
f 4405 4406 4440 4439 
usemtl PATCH_27
f 4439 4440 4474 4473 
usemtl PATCH_27
f 4473 4474 4508 4507 
usemtl PATCH_27
f 4507 4508 4542 4541 
usemtl PATCH_27
f 4541 4542 4576 4575 
usemtl PATCH_27
f 4575 4576 4610 4609 
usemtl PATCH_27
f 4609 4610 4644 4643 
usemtl PATCH_27
f 4643 4644 744 745 
usemtl PATCH_27
f 689 690 4407 4406 
usemtl PATCH_27
f 4406 4407 4441 4440 
usemtl PATCH_27
f 4440 4441 4475 4474 
usemtl PATCH_27
f 4474 4475 4509 4508 
usemtl PATCH_27
f 4508 4509 4543 4542 
usemtl PATCH_27
f 4542 4543 4577 4576 
usemtl PATCH_27
f 4576 4577 4611 4610 
usemtl PATCH_27
f 4610 4611 4645 4644 
usemtl PATCH_27
f 4644 4645 743 744 
usemtl PATCH_27
f 690 691 4408 4407 
usemtl PATCH_27
f 4407 4408 4442 4441 
usemtl PATCH_27
f 4441 4442 4476 4475 
usemtl PATCH_27
f 4475 4476 4510 4509 
usemtl PATCH_27
f 4509 4510 4544 4543 
usemtl PATCH_27
f 4543 4544 4578 4577 
usemtl PATCH_27
f 4577 4578 4612 4611 
usemtl PATCH_27
f 4611 4612 4646 4645 
usemtl PATCH_27
f 4645 4646 742 743 
usemtl PATCH_27
f 691 692 4409 4408 
usemtl PATCH_27
f 4408 4409 4443 4442 
usemtl PATCH_27
f 4442 4443 4477 4476 
usemtl PATCH_27
f 4476 4477 4511 4510 
usemtl PATCH_27
f 4510 4511 4545 4544 
usemtl PATCH_27
f 4544 4545 4579 4578 
usemtl PATCH_27
f 4578 4579 4613 4612 
usemtl PATCH_27
f 4612 4613 4647 4646 
usemtl PATCH_27
f 4646 4647 741 742 
usemtl PATCH_27
f 692 693 4410 4409 
usemtl PATCH_27
f 4409 4410 4444 4443 
usemtl PATCH_27
f 4443 4444 4478 4477 
usemtl PATCH_27
f 4477 4478 4512 4511 
usemtl PATCH_27
f 4511 4512 4546 4545 
usemtl PATCH_27
f 4545 4546 4580 4579 
usemtl PATCH_27
f 4579 4580 4614 4613 
usemtl PATCH_27
f 4613 4614 4648 4647 
usemtl PATCH_27
f 4647 4648 740 741 
usemtl PATCH_27
f 693 694 4411 4410 
usemtl PATCH_27
f 4410 4411 4445 4444 
usemtl PATCH_27
f 4444 4445 4479 4478 
usemtl PATCH_27
f 4478 4479 4513 4512 
usemtl PATCH_27
f 4512 4513 4547 4546 
usemtl PATCH_27
f 4546 4547 4581 4580 
usemtl PATCH_27
f 4580 4581 4615 4614 
usemtl PATCH_27
f 4614 4615 4649 4648 
usemtl PATCH_27
f 4648 4649 739 740 
usemtl PATCH_27
f 694 695 4412 4411 
usemtl PATCH_27
f 4411 4412 4446 4445 
usemtl PATCH_27
f 4445 4446 4480 4479 
usemtl PATCH_27
f 4479 4480 4514 4513 
usemtl PATCH_27
f 4513 4514 4548 4547 
usemtl PATCH_27
f 4547 4548 4582 4581 
usemtl PATCH_27
f 4581 4582 4616 4615 
usemtl PATCH_27
f 4615 4616 4650 4649 
usemtl PATCH_27
f 4649 4650 738 739 
usemtl PATCH_27
f 695 696 4413 4412 
usemtl PATCH_27
f 4412 4413 4447 4446 
usemtl PATCH_27
f 4446 4447 4481 4480 
usemtl PATCH_27
f 4480 4481 4515 4514 
usemtl PATCH_27
f 4514 4515 4549 4548 
usemtl PATCH_27
f 4548 4549 4583 4582 
usemtl PATCH_27
f 4582 4583 4617 4616 
usemtl PATCH_27
f 4616 4617 4651 4650 
usemtl PATCH_27
f 4650 4651 737 738 
usemtl PATCH_27
f 696 697 4414 4413 
usemtl PATCH_27
f 4413 4414 4448 4447 
usemtl PATCH_27
f 4447 4448 4482 4481 
usemtl PATCH_27
f 4481 4482 4516 4515 
usemtl PATCH_27
f 4515 4516 4550 4549 
usemtl PATCH_27
f 4549 4550 4584 4583 
usemtl PATCH_27
f 4583 4584 4618 4617 
usemtl PATCH_27
f 4617 4618 4652 4651 
usemtl PATCH_27
f 4651 4652 736 737 
usemtl PATCH_27
f 697 698 4415 4414 
usemtl PATCH_27
f 4414 4415 4449 4448 
usemtl PATCH_27
f 4448 4449 4483 4482 
usemtl PATCH_27
f 4482 4483 4517 4516 
usemtl PATCH_27
f 4516 4517 4551 4550 
usemtl PATCH_27
f 4550 4551 4585 4584 
usemtl PATCH_27
f 4584 4585 4619 4618 
usemtl PATCH_27
f 4618 4619 4653 4652 
usemtl PATCH_27
f 4652 4653 735 736 
usemtl PATCH_27
f 698 699 4416 4415 
usemtl PATCH_27
f 4415 4416 4450 4449 
usemtl PATCH_27
f 4449 4450 4484 4483 
usemtl PATCH_27
f 4483 4484 4518 4517 
usemtl PATCH_27
f 4517 4518 4552 4551 
usemtl PATCH_27
f 4551 4552 4586 4585 
usemtl PATCH_27
f 4585 4586 4620 4619 
usemtl PATCH_27
f 4619 4620 4654 4653 
usemtl PATCH_27
f 4653 4654 734 735 
usemtl PATCH_27
f 699 700 4417 4416 
usemtl PATCH_27
f 4416 4417 4451 4450 
usemtl PATCH_27
f 4450 4451 4485 4484 
usemtl PATCH_27
f 4484 4485 4519 4518 
usemtl PATCH_27
f 4518 4519 4553 4552 
usemtl PATCH_27
f 4552 4553 4587 4586 
usemtl PATCH_27
f 4586 4587 4621 4620 
usemtl PATCH_27
f 4620 4621 4655 4654 
usemtl PATCH_27
f 4654 4655 733 734 
usemtl PATCH_27
f 700 701 4418 4417 
usemtl PATCH_27
f 4417 4418 4452 4451 
usemtl PATCH_27
f 4451 4452 4486 4485 
usemtl PATCH_27
f 4485 4486 4520 4519 
usemtl PATCH_27
f 4519 4520 4554 4553 
usemtl PATCH_27
f 4553 4554 4588 4587 
usemtl PATCH_27
f 4587 4588 4622 4621 
usemtl PATCH_27
f 4621 4622 4656 4655 
usemtl PATCH_27
f 4655 4656 732 733 
usemtl PATCH_27
f 701 702 4419 4418 
usemtl PATCH_27
f 4418 4419 4453 4452 
usemtl PATCH_27
f 4452 4453 4487 4486 
usemtl PATCH_27
f 4486 4487 4521 4520 
usemtl PATCH_27
f 4520 4521 4555 4554 
usemtl PATCH_27
f 4554 4555 4589 4588 
usemtl PATCH_27
f 4588 4589 4623 4622 
usemtl PATCH_27
f 4622 4623 4657 4656 
usemtl PATCH_27
f 4656 4657 731 732 
usemtl PATCH_27
f 702 703 4420 4419 
usemtl PATCH_27
f 4419 4420 4454 4453 
usemtl PATCH_27
f 4453 4454 4488 4487 
usemtl PATCH_27
f 4487 4488 4522 4521 
usemtl PATCH_27
f 4521 4522 4556 4555 
usemtl PATCH_27
f 4555 4556 4590 4589 
usemtl PATCH_27
f 4589 4590 4624 4623 
usemtl PATCH_27
f 4623 4624 4658 4657 
usemtl PATCH_27
f 4657 4658 730 731 
usemtl PATCH_27
f 703 704 4421 4420 
usemtl PATCH_27
f 4420 4421 4455 4454 
usemtl PATCH_27
f 4454 4455 4489 4488 
usemtl PATCH_27
f 4488 4489 4523 4522 
usemtl PATCH_27
f 4522 4523 4557 4556 
usemtl PATCH_27
f 4556 4557 4591 4590 
usemtl PATCH_27
f 4590 4591 4625 4624 
usemtl PATCH_27
f 4624 4625 4659 4658 
usemtl PATCH_27
f 4658 4659 729 730 
usemtl PATCH_27
f 704 705 4422 4421 
usemtl PATCH_27
f 4421 4422 4456 4455 
usemtl PATCH_27
f 4455 4456 4490 4489 
usemtl PATCH_27
f 4489 4490 4524 4523 
usemtl PATCH_27
f 4523 4524 4558 4557 
usemtl PATCH_27
f 4557 4558 4592 4591 
usemtl PATCH_27
f 4591 4592 4626 4625 
usemtl PATCH_27
f 4625 4626 4660 4659 
usemtl PATCH_27
f 4659 4660 728 729 
usemtl PATCH_27
f 705 706 4423 4422 
usemtl PATCH_27
f 4422 4423 4457 4456 
usemtl PATCH_27
f 4456 4457 4491 4490 
usemtl PATCH_27
f 4490 4491 4525 4524 
usemtl PATCH_27
f 4524 4525 4559 4558 
usemtl PATCH_27
f 4558 4559 4593 4592 
usemtl PATCH_27
f 4592 4593 4627 4626 
usemtl PATCH_27
f 4626 4627 4661 4660 
usemtl PATCH_27
f 4660 4661 727 728 
usemtl PATCH_27
f 706 707 4424 4423 
usemtl PATCH_27
f 4423 4424 4458 4457 
usemtl PATCH_27
f 4457 4458 4492 4491 
usemtl PATCH_27
f 4491 4492 4526 4525 
usemtl PATCH_27
f 4525 4526 4560 4559 
usemtl PATCH_27
f 4559 4560 4594 4593 
usemtl PATCH_27
f 4593 4594 4628 4627 
usemtl PATCH_27
f 4627 4628 4662 4661 
usemtl PATCH_27
f 4661 4662 726 727 
usemtl PATCH_27
f 707 708 4425 4424 
usemtl PATCH_27
f 4424 4425 4459 4458 
usemtl PATCH_27
f 4458 4459 4493 4492 
usemtl PATCH_27
f 4492 4493 4527 4526 
usemtl PATCH_27
f 4526 4527 4561 4560 
usemtl PATCH_27
f 4560 4561 4595 4594 
usemtl PATCH_27
f 4594 4595 4629 4628 
usemtl PATCH_27
f 4628 4629 4663 4662 
usemtl PATCH_27
f 4662 4663 725 726 
usemtl PATCH_27
f 708 709 4426 4425 
usemtl PATCH_27
f 4425 4426 4460 4459 
usemtl PATCH_27
f 4459 4460 4494 4493 
usemtl PATCH_27
f 4493 4494 4528 4527 
usemtl PATCH_27
f 4527 4528 4562 4561 
usemtl PATCH_27
f 4561 4562 4596 4595 
usemtl PATCH_27
f 4595 4596 4630 4629 
usemtl PATCH_27
f 4629 4630 4664 4663 
usemtl PATCH_27
f 4663 4664 724 725 
usemtl PATCH_27
f 709 710 4427 4426 
usemtl PATCH_27
f 4426 4427 4461 4460 
usemtl PATCH_27
f 4460 4461 4495 4494 
usemtl PATCH_27
f 4494 4495 4529 4528 
usemtl PATCH_27
f 4528 4529 4563 4562 
usemtl PATCH_27
f 4562 4563 4597 4596 
usemtl PATCH_27
f 4596 4597 4631 4630 
usemtl PATCH_27
f 4630 4631 4665 4664 
usemtl PATCH_27
f 4664 4665 723 724 
usemtl PATCH_27
f 710 711 4428 4427 
usemtl PATCH_27
f 4427 4428 4462 4461 
usemtl PATCH_27
f 4461 4462 4496 4495 
usemtl PATCH_27
f 4495 4496 4530 4529 
usemtl PATCH_27
f 4529 4530 4564 4563 
usemtl PATCH_27
f 4563 4564 4598 4597 
usemtl PATCH_27
f 4597 4598 4632 4631 
usemtl PATCH_27
f 4631 4632 4666 4665 
usemtl PATCH_27
f 4665 4666 722 723 
usemtl PATCH_27
f 711 712 4429 4428 
usemtl PATCH_27
f 4428 4429 4463 4462 
usemtl PATCH_27
f 4462 4463 4497 4496 
usemtl PATCH_27
f 4496 4497 4531 4530 
usemtl PATCH_27
f 4530 4531 4565 4564 
usemtl PATCH_27
f 4564 4565 4599 4598 
usemtl PATCH_27
f 4598 4599 4633 4632 
usemtl PATCH_27
f 4632 4633 4667 4666 
usemtl PATCH_27
f 4666 4667 721 722 
usemtl PATCH_27
f 712 40 713 4429 
usemtl PATCH_27
f 4429 713 714 4463 
usemtl PATCH_27
f 4463 714 715 4497 
usemtl PATCH_27
f 4497 715 716 4531 
usemtl PATCH_27
f 4531 716 717 4565 
usemtl PATCH_27
f 4565 717 718 4599 
usemtl PATCH_27
f 4599 718 719 4633 
usemtl PATCH_27
f 4633 719 720 4667 
usemtl PATCH_27
f 4667 720 41 721 
usemtl PATCH_26
f 39 763 4668 679 
usemtl PATCH_26
f 679 4668 4675 680 
usemtl PATCH_26
f 680 4675 4682 681 
usemtl PATCH_26
f 681 4682 4689 682 
usemtl PATCH_26
f 682 4689 4696 683 
usemtl PATCH_26
f 683 4696 4703 684 
usemtl PATCH_26
f 684 4703 4710 685 
usemtl PATCH_26
f 685 4710 4717 686 
usemtl PATCH_26
f 686 4717 4724 687 
usemtl PATCH_26
f 687 4724 4731 688 
usemtl PATCH_26
f 688 4731 4738 689 
usemtl PATCH_26
f 689 4738 4745 690 
usemtl PATCH_26
f 690 4745 4752 691 
usemtl PATCH_26
f 691 4752 4759 692 
usemtl PATCH_26
f 692 4759 4766 693 
usemtl PATCH_26
f 693 4766 4773 694 
usemtl PATCH_26
f 694 4773 4780 695 
usemtl PATCH_26
f 695 4780 4787 696 
usemtl PATCH_26
f 696 4787 4794 697 
usemtl PATCH_26
f 697 4794 4801 698 
usemtl PATCH_26
f 698 4801 4808 699 
usemtl PATCH_26
f 699 4808 4815 700 
usemtl PATCH_26
f 700 4815 4822 701 
usemtl PATCH_26
f 701 4822 4829 702 
usemtl PATCH_26
f 702 4829 4836 703 
usemtl PATCH_26
f 703 4836 4843 704 
usemtl PATCH_26
f 704 4843 4850 705 
usemtl PATCH_26
f 705 4850 4857 706 
usemtl PATCH_26
f 706 4857 4864 707 
usemtl PATCH_26
f 707 4864 4871 708 
usemtl PATCH_26
f 708 4871 4878 709 
usemtl PATCH_26
f 709 4878 4885 710 
usemtl PATCH_26
f 710 4885 4892 711 
usemtl PATCH_26
f 711 4892 4899 712 
usemtl PATCH_26
f 712 4899 810 40 
usemtl PATCH_26
f 763 764 4669 4668 
usemtl PATCH_26
f 4668 4669 4676 4675 
usemtl PATCH_26
f 4675 4676 4683 4682 
usemtl PATCH_26
f 4682 4683 4690 4689 
usemtl PATCH_26
f 4689 4690 4697 4696 
usemtl PATCH_26
f 4696 4697 4704 4703 
usemtl PATCH_26
f 4703 4704 4711 4710 
usemtl PATCH_26
f 4710 4711 4718 4717 
usemtl PATCH_26
f 4717 4718 4725 4724 
usemtl PATCH_26
f 4724 4725 4732 4731 
usemtl PATCH_26
f 4731 4732 4739 4738 
usemtl PATCH_26
f 4738 4739 4746 4745 
usemtl PATCH_26
f 4745 4746 4753 4752 
usemtl PATCH_26
f 4752 4753 4760 4759 
usemtl PATCH_26
f 4759 4760 4767 4766 
usemtl PATCH_26
f 4766 4767 4774 4773 
usemtl PATCH_26
f 4773 4774 4781 4780 
usemtl PATCH_26
f 4780 4781 4788 4787 
usemtl PATCH_26
f 4787 4788 4795 4794 
usemtl PATCH_26
f 4794 4795 4802 4801 
usemtl PATCH_26
f 4801 4802 4809 4808 
usemtl PATCH_26
f 4808 4809 4816 4815 
usemtl PATCH_26
f 4815 4816 4823 4822 
usemtl PATCH_26
f 4822 4823 4830 4829 
usemtl PATCH_26
f 4829 4830 4837 4836 
usemtl PATCH_26
f 4836 4837 4844 4843 
usemtl PATCH_26
f 4843 4844 4851 4850 
usemtl PATCH_26
f 4850 4851 4858 4857 
usemtl PATCH_26
f 4857 4858 4865 4864 
usemtl PATCH_26
f 4864 4865 4872 4871 
usemtl PATCH_26
f 4871 4872 4879 4878 
usemtl PATCH_26
f 4878 4879 4886 4885 
usemtl PATCH_26
f 4885 4886 4893 4892 
usemtl PATCH_26
f 4892 4893 4900 4899 
usemtl PATCH_26
f 4899 4900 809 810 
usemtl PATCH_26
f 764 765 4670 4669 
usemtl PATCH_26
f 4669 4670 4677 4676 
usemtl PATCH_26
f 4676 4677 4684 4683 
usemtl PATCH_26
f 4683 4684 4691 4690 
usemtl PATCH_26
f 4690 4691 4698 4697 
usemtl PATCH_26
f 4697 4698 4705 4704 
usemtl PATCH_26
f 4704 4705 4712 4711 
usemtl PATCH_26
f 4711 4712 4719 4718 
usemtl PATCH_26
f 4718 4719 4726 4725 
usemtl PATCH_26
f 4725 4726 4733 4732 
usemtl PATCH_26
f 4732 4733 4740 4739 
usemtl PATCH_26
f 4739 4740 4747 4746 
usemtl PATCH_26
f 4746 4747 4754 4753 
usemtl PATCH_26
f 4753 4754 4761 4760 
usemtl PATCH_26
f 4760 4761 4768 4767 
usemtl PATCH_26
f 4767 4768 4775 4774 
usemtl PATCH_26
f 4774 4775 4782 4781 
usemtl PATCH_26
f 4781 4782 4789 4788 
usemtl PATCH_26
f 4788 4789 4796 4795 
usemtl PATCH_26
f 4795 4796 4803 4802 
usemtl PATCH_26
f 4802 4803 4810 4809 
usemtl PATCH_26
f 4809 4810 4817 4816 
usemtl PATCH_26
f 4816 4817 4824 4823 
usemtl PATCH_26
f 4823 4824 4831 4830 
usemtl PATCH_26
f 4830 4831 4838 4837 
usemtl PATCH_26
f 4837 4838 4845 4844 
usemtl PATCH_26
f 4844 4845 4852 4851 
usemtl PATCH_26
f 4851 4852 4859 4858 
usemtl PATCH_26
f 4858 4859 4866 4865 
usemtl PATCH_26
f 4865 4866 4873 4872 
usemtl PATCH_26
f 4872 4873 4880 4879 
usemtl PATCH_26
f 4879 4880 4887 4886 
usemtl PATCH_26
f 4886 4887 4894 4893 
usemtl PATCH_26
f 4893 4894 4901 4900 
usemtl PATCH_26
f 4900 4901 808 809 
usemtl PATCH_26
f 765 766 4671 4670 
usemtl PATCH_26
f 4670 4671 4678 4677 
usemtl PATCH_26
f 4677 4678 4685 4684 
usemtl PATCH_26
f 4684 4685 4692 4691 
usemtl PATCH_26
f 4691 4692 4699 4698 
usemtl PATCH_26
f 4698 4699 4706 4705 
usemtl PATCH_26
f 4705 4706 4713 4712 
usemtl PATCH_26
f 4712 4713 4720 4719 
usemtl PATCH_26
f 4719 4720 4727 4726 
usemtl PATCH_26
f 4726 4727 4734 4733 
usemtl PATCH_26
f 4733 4734 4741 4740 
usemtl PATCH_26
f 4740 4741 4748 4747 
usemtl PATCH_26
f 4747 4748 4755 4754 
usemtl PATCH_26
f 4754 4755 4762 4761 
usemtl PATCH_26
f 4761 4762 4769 4768 
usemtl PATCH_26
f 4768 4769 4776 4775 
usemtl PATCH_26
f 4775 4776 4783 4782 
usemtl PATCH_26
f 4782 4783 4790 4789 
usemtl PATCH_26
f 4789 4790 4797 4796 
usemtl PATCH_26
f 4796 4797 4804 4803 
usemtl PATCH_26
f 4803 4804 4811 4810 
usemtl PATCH_26
f 4810 4811 4818 4817 
usemtl PATCH_26
f 4817 4818 4825 4824 
usemtl PATCH_26
f 4824 4825 4832 4831 
usemtl PATCH_26
f 4831 4832 4839 4838 
usemtl PATCH_26
f 4838 4839 4846 4845 
usemtl PATCH_26
f 4845 4846 4853 4852 
usemtl PATCH_26
f 4852 4853 4860 4859 
usemtl PATCH_26
f 4859 4860 4867 4866 
usemtl PATCH_26
f 4866 4867 4874 4873 
usemtl PATCH_26
f 4873 4874 4881 4880 
usemtl PATCH_26
f 4880 4881 4888 4887 
usemtl PATCH_26
f 4887 4888 4895 4894 
usemtl PATCH_26
f 4894 4895 4902 4901 
usemtl PATCH_26
f 4901 4902 807 808 
usemtl PATCH_26
f 766 767 4672 4671 
usemtl PATCH_26
f 4671 4672 4679 4678 
usemtl PATCH_26
f 4678 4679 4686 4685 
usemtl PATCH_26
f 4685 4686 4693 4692 
usemtl PATCH_26
f 4692 4693 4700 4699 
usemtl PATCH_26
f 4699 4700 4707 4706 
usemtl PATCH_26
f 4706 4707 4714 4713 
usemtl PATCH_26
f 4713 4714 4721 4720 
usemtl PATCH_26
f 4720 4721 4728 4727 
usemtl PATCH_26
f 4727 4728 4735 4734 
usemtl PATCH_26
f 4734 4735 4742 4741 
usemtl PATCH_26
f 4741 4742 4749 4748 
usemtl PATCH_26
f 4748 4749 4756 4755 
usemtl PATCH_26
f 4755 4756 4763 4762 
usemtl PATCH_26
f 4762 4763 4770 4769 
usemtl PATCH_26
f 4769 4770 4777 4776 
usemtl PATCH_26
f 4776 4777 4784 4783 
usemtl PATCH_26
f 4783 4784 4791 4790 
usemtl PATCH_26
f 4790 4791 4798 4797 
usemtl PATCH_26
f 4797 4798 4805 4804 
usemtl PATCH_26
f 4804 4805 4812 4811 
usemtl PATCH_26
f 4811 4812 4819 4818 
usemtl PATCH_26
f 4818 4819 4826 4825 
usemtl PATCH_26
f 4825 4826 4833 4832 
usemtl PATCH_26
f 4832 4833 4840 4839 
usemtl PATCH_26
f 4839 4840 4847 4846 
usemtl PATCH_26
f 4846 4847 4854 4853 
usemtl PATCH_26
f 4853 4854 4861 4860 
usemtl PATCH_26
f 4860 4861 4868 4867 
usemtl PATCH_26
f 4867 4868 4875 4874 
usemtl PATCH_26
f 4874 4875 4882 4881 
usemtl PATCH_26
f 4881 4882 4889 4888 
usemtl PATCH_26
f 4888 4889 4896 4895 
usemtl PATCH_26
f 4895 4896 4903 4902 
usemtl PATCH_26
f 4902 4903 806 807 
usemtl PATCH_26
f 767 768 4673 4672 
usemtl PATCH_26
f 4672 4673 4680 4679 
usemtl PATCH_26
f 4679 4680 4687 4686 
usemtl PATCH_26
f 4686 4687 4694 4693 
usemtl PATCH_26
f 4693 4694 4701 4700 
usemtl PATCH_26
f 4700 4701 4708 4707 
usemtl PATCH_26
f 4707 4708 4715 4714 
usemtl PATCH_26
f 4714 4715 4722 4721 
usemtl PATCH_26
f 4721 4722 4729 4728 
usemtl PATCH_26
f 4728 4729 4736 4735 
usemtl PATCH_26
f 4735 4736 4743 4742 
usemtl PATCH_26
f 4742 4743 4750 4749 
usemtl PATCH_26
f 4749 4750 4757 4756 
usemtl PATCH_26
f 4756 4757 4764 4763 
usemtl PATCH_26
f 4763 4764 4771 4770 
usemtl PATCH_26
f 4770 4771 4778 4777 
usemtl PATCH_26
f 4777 4778 4785 4784 
usemtl PATCH_26
f 4784 4785 4792 4791 
usemtl PATCH_26
f 4791 4792 4799 4798 
usemtl PATCH_26
f 4798 4799 4806 4805 
usemtl PATCH_26
f 4805 4806 4813 4812 
usemtl PATCH_26
f 4812 4813 4820 4819 
usemtl PATCH_26
f 4819 4820 4827 4826 
usemtl PATCH_26
f 4826 4827 4834 4833 
usemtl PATCH_26
f 4833 4834 4841 4840 
usemtl PATCH_26
f 4840 4841 4848 4847 
usemtl PATCH_26
f 4847 4848 4855 4854 
usemtl PATCH_26
f 4854 4855 4862 4861 
usemtl PATCH_26
f 4861 4862 4869 4868 
usemtl PATCH_26
f 4868 4869 4876 4875 
usemtl PATCH_26
f 4875 4876 4883 4882 
usemtl PATCH_26
f 4882 4883 4890 4889 
usemtl PATCH_26
f 4889 4890 4897 4896 
usemtl PATCH_26
f 4896 4897 4904 4903 
usemtl PATCH_26
f 4903 4904 805 806 
usemtl PATCH_26
f 768 769 4674 4673 
usemtl PATCH_26
f 4673 4674 4681 4680 
usemtl PATCH_26
f 4680 4681 4688 4687 
usemtl PATCH_26
f 4687 4688 4695 4694 
usemtl PATCH_26
f 4694 4695 4702 4701 
usemtl PATCH_26
f 4701 4702 4709 4708 
usemtl PATCH_26
f 4708 4709 4716 4715 
usemtl PATCH_26
f 4715 4716 4723 4722 
usemtl PATCH_26
f 4722 4723 4730 4729 
usemtl PATCH_26
f 4729 4730 4737 4736 
usemtl PATCH_26
f 4736 4737 4744 4743 
usemtl PATCH_26
f 4743 4744 4751 4750 
usemtl PATCH_26
f 4750 4751 4758 4757 
usemtl PATCH_26
f 4757 4758 4765 4764 
usemtl PATCH_26
f 4764 4765 4772 4771 
usemtl PATCH_26
f 4771 4772 4779 4778 
usemtl PATCH_26
f 4778 4779 4786 4785 
usemtl PATCH_26
f 4785 4786 4793 4792 
usemtl PATCH_26
f 4792 4793 4800 4799 
usemtl PATCH_26
f 4799 4800 4807 4806 
usemtl PATCH_26
f 4806 4807 4814 4813 
usemtl PATCH_26
f 4813 4814 4821 4820 
usemtl PATCH_26
f 4820 4821 4828 4827 
usemtl PATCH_26
f 4827 4828 4835 4834 
usemtl PATCH_26
f 4834 4835 4842 4841 
usemtl PATCH_26
f 4841 4842 4849 4848 
usemtl PATCH_26
f 4848 4849 4856 4855 
usemtl PATCH_26
f 4855 4856 4863 4862 
usemtl PATCH_26
f 4862 4863 4870 4869 
usemtl PATCH_26
f 4869 4870 4877 4876 
usemtl PATCH_26
f 4876 4877 4884 4883 
usemtl PATCH_26
f 4883 4884 4891 4890 
usemtl PATCH_26
f 4890 4891 4898 4897 
usemtl PATCH_26
f 4897 4898 4905 4904 
usemtl PATCH_26
f 4904 4905 804 805 
usemtl PATCH_26
f 769 43 770 4674 
usemtl PATCH_26
f 4674 770 771 4681 
usemtl PATCH_26
f 4681 771 772 4688 
usemtl PATCH_26
f 4688 772 773 4695 
usemtl PATCH_26
f 4695 773 774 4702 
usemtl PATCH_26
f 4702 774 775 4709 
usemtl PATCH_26
f 4709 775 776 4716 
usemtl PATCH_26
f 4716 776 777 4723 
usemtl PATCH_26
f 4723 777 778 4730 
usemtl PATCH_26
f 4730 778 779 4737 
usemtl PATCH_26
f 4737 779 780 4744 
usemtl PATCH_26
f 4744 780 781 4751 
usemtl PATCH_26
f 4751 781 782 4758 
usemtl PATCH_26
f 4758 782 783 4765 
usemtl PATCH_26
f 4765 783 784 4772 
usemtl PATCH_26
f 4772 784 785 4779 
usemtl PATCH_26
f 4779 785 786 4786 
usemtl PATCH_26
f 4786 786 787 4793 
usemtl PATCH_26
f 4793 787 788 4800 
usemtl PATCH_26
f 4800 788 789 4807 
usemtl PATCH_26
f 4807 789 790 4814 
usemtl PATCH_26
f 4814 790 791 4821 
usemtl PATCH_26
f 4821 791 792 4828 
usemtl PATCH_26
f 4828 792 793 4835 
usemtl PATCH_26
f 4835 793 794 4842 
usemtl PATCH_26
f 4842 794 795 4849 
usemtl PATCH_26
f 4849 795 796 4856 
usemtl PATCH_26
f 4856 796 797 4863 
usemtl PATCH_26
f 4863 797 798 4870 
usemtl PATCH_26
f 4870 798 799 4877 
usemtl PATCH_26
f 4877 799 800 4884 
usemtl PATCH_26
f 4884 800 801 4891 
usemtl PATCH_26
f 4891 801 802 4898 
usemtl PATCH_26
f 4898 802 803 4905 
usemtl PATCH_26
f 4905 803 44 804 
usemtl PATCH_54
f 39 762 4906 763 
usemtl PATCH_54
f 763 4906 4914 764 
usemtl PATCH_54
f 764 4914 4922 765 
usemtl PATCH_54
f 765 4922 4930 766 
usemtl PATCH_54
f 766 4930 4938 767 
usemtl PATCH_54
f 767 4938 4946 768 
usemtl PATCH_54
f 768 4946 4954 769 
usemtl PATCH_54
f 769 4954 825 43 
usemtl PATCH_54
f 762 761 4907 4906 
usemtl PATCH_54
f 4906 4907 4915 4914 
usemtl PATCH_54
f 4914 4915 4923 4922 
usemtl PATCH_54
f 4922 4923 4931 4930 
usemtl PATCH_54
f 4930 4931 4939 4938 
usemtl PATCH_54
f 4938 4939 4947 4946 
usemtl PATCH_54
f 4946 4947 4955 4954 
usemtl PATCH_54
f 4954 4955 824 825 
usemtl PATCH_54
f 761 760 4908 4907 
usemtl PATCH_54
f 4907 4908 4916 4915 
usemtl PATCH_54
f 4915 4916 4924 4923 
usemtl PATCH_54
f 4923 4924 4932 4931 
usemtl PATCH_54
f 4931 4932 4940 4939 
usemtl PATCH_54
f 4939 4940 4948 4947 
usemtl PATCH_54
f 4947 4948 4956 4955 
usemtl PATCH_54
f 4955 4956 823 824 
usemtl PATCH_54
f 760 759 4909 4908 
usemtl PATCH_54
f 4908 4909 4917 4916 
usemtl PATCH_54
f 4916 4917 4925 4924 
usemtl PATCH_54
f 4924 4925 4933 4932 
usemtl PATCH_54
f 4932 4933 4941 4940 
usemtl PATCH_54
f 4940 4941 4949 4948 
usemtl PATCH_54
f 4948 4949 4957 4956 
usemtl PATCH_54
f 4956 4957 822 823 
usemtl PATCH_54
f 759 758 4910 4909 
usemtl PATCH_54
f 4909 4910 4918 4917 
usemtl PATCH_54
f 4917 4918 4926 4925 
usemtl PATCH_54
f 4925 4926 4934 4933 
usemtl PATCH_54
f 4933 4934 4942 4941 
usemtl PATCH_54
f 4941 4942 4950 4949 
usemtl PATCH_54
f 4949 4950 4958 4957 
usemtl PATCH_54
f 4957 4958 821 822 
usemtl PATCH_54
f 758 757 4911 4910 
usemtl PATCH_54
f 4910 4911 4919 4918 
usemtl PATCH_54
f 4918 4919 4927 4926 
usemtl PATCH_54
f 4926 4927 4935 4934 
usemtl PATCH_54
f 4934 4935 4943 4942 
usemtl PATCH_54
f 4942 4943 4951 4950 
usemtl PATCH_54
f 4950 4951 4959 4958 
usemtl PATCH_54
f 4958 4959 820 821 
usemtl PATCH_54
f 757 756 4912 4911 
usemtl PATCH_54
f 4911 4912 4920 4919 
usemtl PATCH_54
f 4919 4920 4928 4927 
usemtl PATCH_54
f 4927 4928 4936 4935 
usemtl PATCH_54
f 4935 4936 4944 4943 
usemtl PATCH_54
f 4943 4944 4952 4951 
usemtl PATCH_54
f 4951 4952 4960 4959 
usemtl PATCH_54
f 4959 4960 819 820 
usemtl PATCH_54
f 756 755 4913 4912 
usemtl PATCH_54
f 4912 4913 4921 4920 
usemtl PATCH_54
f 4920 4921 4929 4928 
usemtl PATCH_54
f 4928 4929 4937 4936 
usemtl PATCH_54
f 4936 4937 4945 4944 
usemtl PATCH_54
f 4944 4945 4953 4952 
usemtl PATCH_54
f 4952 4953 4961 4960 
usemtl PATCH_54
f 4960 4961 818 819 
usemtl PATCH_54
f 755 42 811 4913 
usemtl PATCH_54
f 4913 811 812 4921 
usemtl PATCH_54
f 4921 812 813 4929 
usemtl PATCH_54
f 4929 813 814 4937 
usemtl PATCH_54
f 4937 814 815 4945 
usemtl PATCH_54
f 4945 815 816 4953 
usemtl PATCH_54
f 4953 816 817 4961 
usemtl PATCH_54
f 4961 817 45 818 
usemtl PATCH_41
f 42 754 4962 811 
usemtl PATCH_41
f 811 4962 4996 812 
usemtl PATCH_41
f 812 4996 5030 813 
usemtl PATCH_41
f 813 5030 5064 814 
usemtl PATCH_41
f 814 5064 5098 815 
usemtl PATCH_41
f 815 5098 5132 816 
usemtl PATCH_41
f 816 5132 5166 817 
usemtl PATCH_41
f 817 5166 866 45 
usemtl PATCH_41
f 754 753 4963 4962 
usemtl PATCH_41
f 4962 4963 4997 4996 
usemtl PATCH_41
f 4996 4997 5031 5030 
usemtl PATCH_41
f 5030 5031 5065 5064 
usemtl PATCH_41
f 5064 5065 5099 5098 
usemtl PATCH_41
f 5098 5099 5133 5132 
usemtl PATCH_41
f 5132 5133 5167 5166 
usemtl PATCH_41
f 5166 5167 865 866 
usemtl PATCH_41
f 753 752 4964 4963 
usemtl PATCH_41
f 4963 4964 4998 4997 
usemtl PATCH_41
f 4997 4998 5032 5031 
usemtl PATCH_41
f 5031 5032 5066 5065 
usemtl PATCH_41
f 5065 5066 5100 5099 
usemtl PATCH_41
f 5099 5100 5134 5133 
usemtl PATCH_41
f 5133 5134 5168 5167 
usemtl PATCH_41
f 5167 5168 864 865 
usemtl PATCH_41
f 752 751 4965 4964 
usemtl PATCH_41
f 4964 4965 4999 4998 
usemtl PATCH_41
f 4998 4999 5033 5032 
usemtl PATCH_41
f 5032 5033 5067 5066 
usemtl PATCH_41
f 5066 5067 5101 5100 
usemtl PATCH_41
f 5100 5101 5135 5134 
usemtl PATCH_41
f 5134 5135 5169 5168 
usemtl PATCH_41
f 5168 5169 863 864 
usemtl PATCH_41
f 751 750 4966 4965 
usemtl PATCH_41
f 4965 4966 5000 4999 
usemtl PATCH_41
f 4999 5000 5034 5033 
usemtl PATCH_41
f 5033 5034 5068 5067 
usemtl PATCH_41
f 5067 5068 5102 5101 
usemtl PATCH_41
f 5101 5102 5136 5135 
usemtl PATCH_41
f 5135 5136 5170 5169 
usemtl PATCH_41
f 5169 5170 862 863 
usemtl PATCH_41
f 750 749 4967 4966 
usemtl PATCH_41
f 4966 4967 5001 5000 
usemtl PATCH_41
f 5000 5001 5035 5034 
usemtl PATCH_41
f 5034 5035 5069 5068 
usemtl PATCH_41
f 5068 5069 5103 5102 
usemtl PATCH_41
f 5102 5103 5137 5136 
usemtl PATCH_41
f 5136 5137 5171 5170 
usemtl PATCH_41
f 5170 5171 861 862 
usemtl PATCH_41
f 749 748 4968 4967 
usemtl PATCH_41
f 4967 4968 5002 5001 
usemtl PATCH_41
f 5001 5002 5036 5035 
usemtl PATCH_41
f 5035 5036 5070 5069 
usemtl PATCH_41
f 5069 5070 5104 5103 
usemtl PATCH_41
f 5103 5104 5138 5137 
usemtl PATCH_41
f 5137 5138 5172 5171 
usemtl PATCH_41
f 5171 5172 860 861 
usemtl PATCH_41
f 748 747 4969 4968 
usemtl PATCH_41
f 4968 4969 5003 5002 
usemtl PATCH_41
f 5002 5003 5037 5036 
usemtl PATCH_41
f 5036 5037 5071 5070 
usemtl PATCH_41
f 5070 5071 5105 5104 
usemtl PATCH_41
f 5104 5105 5139 5138 
usemtl PATCH_41
f 5138 5139 5173 5172 
usemtl PATCH_41
f 5172 5173 859 860 
usemtl PATCH_41
f 747 746 4970 4969 
usemtl PATCH_41
f 4969 4970 5004 5003 
usemtl PATCH_41
f 5003 5004 5038 5037 
usemtl PATCH_41
f 5037 5038 5072 5071 
usemtl PATCH_41
f 5071 5072 5106 5105 
usemtl PATCH_41
f 5105 5106 5140 5139 
usemtl PATCH_41
f 5139 5140 5174 5173 
usemtl PATCH_41
f 5173 5174 858 859 
usemtl PATCH_41
f 746 745 4971 4970 
usemtl PATCH_41
f 4970 4971 5005 5004 
usemtl PATCH_41
f 5004 5005 5039 5038 
usemtl PATCH_41
f 5038 5039 5073 5072 
usemtl PATCH_41
f 5072 5073 5107 5106 
usemtl PATCH_41
f 5106 5107 5141 5140 
usemtl PATCH_41
f 5140 5141 5175 5174 
usemtl PATCH_41
f 5174 5175 857 858 
usemtl PATCH_41
f 745 744 4972 4971 
usemtl PATCH_41
f 4971 4972 5006 5005 
usemtl PATCH_41
f 5005 5006 5040 5039 
usemtl PATCH_41
f 5039 5040 5074 5073 
usemtl PATCH_41
f 5073 5074 5108 5107 
usemtl PATCH_41
f 5107 5108 5142 5141 
usemtl PATCH_41
f 5141 5142 5176 5175 
usemtl PATCH_41
f 5175 5176 856 857 
usemtl PATCH_41
f 744 743 4973 4972 
usemtl PATCH_41
f 4972 4973 5007 5006 
usemtl PATCH_41
f 5006 5007 5041 5040 
usemtl PATCH_41
f 5040 5041 5075 5074 
usemtl PATCH_41
f 5074 5075 5109 5108 
usemtl PATCH_41
f 5108 5109 5143 5142 
usemtl PATCH_41
f 5142 5143 5177 5176 
usemtl PATCH_41
f 5176 5177 855 856 
usemtl PATCH_41
f 743 742 4974 4973 
usemtl PATCH_41
f 4973 4974 5008 5007 
usemtl PATCH_41
f 5007 5008 5042 5041 
usemtl PATCH_41
f 5041 5042 5076 5075 
usemtl PATCH_41
f 5075 5076 5110 5109 
usemtl PATCH_41
f 5109 5110 5144 5143 
usemtl PATCH_41
f 5143 5144 5178 5177 
usemtl PATCH_41
f 5177 5178 854 855 
usemtl PATCH_41
f 742 741 4975 4974 
usemtl PATCH_41
f 4974 4975 5009 5008 
usemtl PATCH_41
f 5008 5009 5043 5042 
usemtl PATCH_41
f 5042 5043 5077 5076 
usemtl PATCH_41
f 5076 5077 5111 5110 
usemtl PATCH_41
f 5110 5111 5145 5144 
usemtl PATCH_41
f 5144 5145 5179 5178 
usemtl PATCH_41
f 5178 5179 853 854 
usemtl PATCH_41
f 741 740 4976 4975 
usemtl PATCH_41
f 4975 4976 5010 5009 
usemtl PATCH_41
f 5009 5010 5044 5043 
usemtl PATCH_41
f 5043 5044 5078 5077 
usemtl PATCH_41
f 5077 5078 5112 5111 
usemtl PATCH_41
f 5111 5112 5146 5145 
usemtl PATCH_41
f 5145 5146 5180 5179 
usemtl PATCH_41
f 5179 5180 852 853 
usemtl PATCH_41
f 740 739 4977 4976 
usemtl PATCH_41
f 4976 4977 5011 5010 
usemtl PATCH_41
f 5010 5011 5045 5044 
usemtl PATCH_41
f 5044 5045 5079 5078 
usemtl PATCH_41
f 5078 5079 5113 5112 
usemtl PATCH_41
f 5112 5113 5147 5146 
usemtl PATCH_41
f 5146 5147 5181 5180 
usemtl PATCH_41
f 5180 5181 851 852 
usemtl PATCH_41
f 739 738 4978 4977 
usemtl PATCH_41
f 4977 4978 5012 5011 
usemtl PATCH_41
f 5011 5012 5046 5045 
usemtl PATCH_41
f 5045 5046 5080 5079 
usemtl PATCH_41
f 5079 5080 5114 5113 
usemtl PATCH_41
f 5113 5114 5148 5147 
usemtl PATCH_41
f 5147 5148 5182 5181 
usemtl PATCH_41
f 5181 5182 850 851 
usemtl PATCH_41
f 738 737 4979 4978 
usemtl PATCH_41
f 4978 4979 5013 5012 
usemtl PATCH_41
f 5012 5013 5047 5046 
usemtl PATCH_41
f 5046 5047 5081 5080 
usemtl PATCH_41
f 5080 5081 5115 5114 
usemtl PATCH_41
f 5114 5115 5149 5148 
usemtl PATCH_41
f 5148 5149 5183 5182 
usemtl PATCH_41
f 5182 5183 849 850 
usemtl PATCH_41
f 737 736 4980 4979 
usemtl PATCH_41
f 4979 4980 5014 5013 
usemtl PATCH_41
f 5013 5014 5048 5047 
usemtl PATCH_41
f 5047 5048 5082 5081 
usemtl PATCH_41
f 5081 5082 5116 5115 
usemtl PATCH_41
f 5115 5116 5150 5149 
usemtl PATCH_41
f 5149 5150 5184 5183 
usemtl PATCH_41
f 5183 5184 848 849 
usemtl PATCH_41
f 736 735 4981 4980 
usemtl PATCH_41
f 4980 4981 5015 5014 
usemtl PATCH_41
f 5014 5015 5049 5048 
usemtl PATCH_41
f 5048 5049 5083 5082 
usemtl PATCH_41
f 5082 5083 5117 5116 
usemtl PATCH_41
f 5116 5117 5151 5150 
usemtl PATCH_41
f 5150 5151 5185 5184 
usemtl PATCH_41
f 5184 5185 847 848 
usemtl PATCH_41
f 735 734 4982 4981 
usemtl PATCH_41
f 4981 4982 5016 5015 
usemtl PATCH_41
f 5015 5016 5050 5049 
usemtl PATCH_41
f 5049 5050 5084 5083 
usemtl PATCH_41
f 5083 5084 5118 5117 
usemtl PATCH_41
f 5117 5118 5152 5151 
usemtl PATCH_41
f 5151 5152 5186 5185 
usemtl PATCH_41
f 5185 5186 846 847 
usemtl PATCH_41
f 734 733 4983 4982 
usemtl PATCH_41
f 4982 4983 5017 5016 
usemtl PATCH_41
f 5016 5017 5051 5050 
usemtl PATCH_41
f 5050 5051 5085 5084 
usemtl PATCH_41
f 5084 5085 5119 5118 
usemtl PATCH_41
f 5118 5119 5153 5152 
usemtl PATCH_41
f 5152 5153 5187 5186 
usemtl PATCH_41
f 5186 5187 845 846 
usemtl PATCH_41
f 733 732 4984 4983 
usemtl PATCH_41
f 4983 4984 5018 5017 
usemtl PATCH_41
f 5017 5018 5052 5051 
usemtl PATCH_41
f 5051 5052 5086 5085 
usemtl PATCH_41
f 5085 5086 5120 5119 
usemtl PATCH_41
f 5119 5120 5154 5153 
usemtl PATCH_41
f 5153 5154 5188 5187 
usemtl PATCH_41
f 5187 5188 844 845 
usemtl PATCH_41
f 732 731 4985 4984 
usemtl PATCH_41
f 4984 4985 5019 5018 
usemtl PATCH_41
f 5018 5019 5053 5052 
usemtl PATCH_41
f 5052 5053 5087 5086 
usemtl PATCH_41
f 5086 5087 5121 5120 
usemtl PATCH_41
f 5120 5121 5155 5154 
usemtl PATCH_41
f 5154 5155 5189 5188 
usemtl PATCH_41
f 5188 5189 843 844 
usemtl PATCH_41
f 731 730 4986 4985 
usemtl PATCH_41
f 4985 4986 5020 5019 
usemtl PATCH_41
f 5019 5020 5054 5053 
usemtl PATCH_41
f 5053 5054 5088 5087 
usemtl PATCH_41
f 5087 5088 5122 5121 
usemtl PATCH_41
f 5121 5122 5156 5155 
usemtl PATCH_41
f 5155 5156 5190 5189 
usemtl PATCH_41
f 5189 5190 842 843 
usemtl PATCH_41
f 730 729 4987 4986 
usemtl PATCH_41
f 4986 4987 5021 5020 
usemtl PATCH_41
f 5020 5021 5055 5054 
usemtl PATCH_41
f 5054 5055 5089 5088 
usemtl PATCH_41
f 5088 5089 5123 5122 
usemtl PATCH_41
f 5122 5123 5157 5156 
usemtl PATCH_41
f 5156 5157 5191 5190 
usemtl PATCH_41
f 5190 5191 841 842 
usemtl PATCH_41
f 729 728 4988 4987 
usemtl PATCH_41
f 4987 4988 5022 5021 
usemtl PATCH_41
f 5021 5022 5056 5055 
usemtl PATCH_41
f 5055 5056 5090 5089 
usemtl PATCH_41
f 5089 5090 5124 5123 
usemtl PATCH_41
f 5123 5124 5158 5157 
usemtl PATCH_41
f 5157 5158 5192 5191 
usemtl PATCH_41
f 5191 5192 840 841 
usemtl PATCH_41
f 728 727 4989 4988 
usemtl PATCH_41
f 4988 4989 5023 5022 
usemtl PATCH_41
f 5022 5023 5057 5056 
usemtl PATCH_41
f 5056 5057 5091 5090 
usemtl PATCH_41
f 5090 5091 5125 5124 
usemtl PATCH_41
f 5124 5125 5159 5158 
usemtl PATCH_41
f 5158 5159 5193 5192 
usemtl PATCH_41
f 5192 5193 839 840 
usemtl PATCH_41
f 727 726 4990 4989 
usemtl PATCH_41
f 4989 4990 5024 5023 
usemtl PATCH_41
f 5023 5024 5058 5057 
usemtl PATCH_41
f 5057 5058 5092 5091 
usemtl PATCH_41
f 5091 5092 5126 5125 
usemtl PATCH_41
f 5125 5126 5160 5159 
usemtl PATCH_41
f 5159 5160 5194 5193 
usemtl PATCH_41
f 5193 5194 838 839 
usemtl PATCH_41
f 726 725 4991 4990 
usemtl PATCH_41
f 4990 4991 5025 5024 
usemtl PATCH_41
f 5024 5025 5059 5058 
usemtl PATCH_41
f 5058 5059 5093 5092 
usemtl PATCH_41
f 5092 5093 5127 5126 
usemtl PATCH_41
f 5126 5127 5161 5160 
usemtl PATCH_41
f 5160 5161 5195 5194 
usemtl PATCH_41
f 5194 5195 837 838 
usemtl PATCH_41
f 725 724 4992 4991 
usemtl PATCH_41
f 4991 4992 5026 5025 
usemtl PATCH_41
f 5025 5026 5060 5059 
usemtl PATCH_41
f 5059 5060 5094 5093 
usemtl PATCH_41
f 5093 5094 5128 5127 
usemtl PATCH_41
f 5127 5128 5162 5161 
usemtl PATCH_41
f 5161 5162 5196 5195 
usemtl PATCH_41
f 5195 5196 836 837 
usemtl PATCH_41
f 724 723 4993 4992 
usemtl PATCH_41
f 4992 4993 5027 5026 
usemtl PATCH_41
f 5026 5027 5061 5060 
usemtl PATCH_41
f 5060 5061 5095 5094 
usemtl PATCH_41
f 5094 5095 5129 5128 
usemtl PATCH_41
f 5128 5129 5163 5162 
usemtl PATCH_41
f 5162 5163 5197 5196 
usemtl PATCH_41
f 5196 5197 835 836 
usemtl PATCH_41
f 723 722 4994 4993 
usemtl PATCH_41
f 4993 4994 5028 5027 
usemtl PATCH_41
f 5027 5028 5062 5061 
usemtl PATCH_41
f 5061 5062 5096 5095 
usemtl PATCH_41
f 5095 5096 5130 5129 
usemtl PATCH_41
f 5129 5130 5164 5163 
usemtl PATCH_41
f 5163 5164 5198 5197 
usemtl PATCH_41
f 5197 5198 834 835 
usemtl PATCH_41
f 722 721 4995 4994 
usemtl PATCH_41
f 4994 4995 5029 5028 
usemtl PATCH_41
f 5028 5029 5063 5062 
usemtl PATCH_41
f 5062 5063 5097 5096 
usemtl PATCH_41
f 5096 5097 5131 5130 
usemtl PATCH_41
f 5130 5131 5165 5164 
usemtl PATCH_41
f 5164 5165 5199 5198 
usemtl PATCH_41
f 5198 5199 833 834 
usemtl PATCH_41
f 721 41 826 4995 
usemtl PATCH_41
f 4995 826 827 5029 
usemtl PATCH_41
f 5029 827 828 5063 
usemtl PATCH_41
f 5063 828 829 5097 
usemtl PATCH_41
f 5097 829 830 5131 
usemtl PATCH_41
f 5131 830 831 5165 
usemtl PATCH_41
f 5165 831 832 5199 
usemtl PATCH_41
f 5199 832 46 833 
usemtl PATCH_34
f 43 825 5200 770 
usemtl PATCH_34
f 770 5200 5208 771 
usemtl PATCH_34
f 771 5208 5216 772 
usemtl PATCH_34
f 772 5216 5224 773 
usemtl PATCH_34
f 773 5224 5232 774 
usemtl PATCH_34
f 774 5232 5240 775 
usemtl PATCH_34
f 775 5240 5248 776 
usemtl PATCH_34
f 776 5248 5256 777 
usemtl PATCH_34
f 777 5256 5264 778 
usemtl PATCH_34
f 778 5264 5272 779 
usemtl PATCH_34
f 779 5272 5280 780 
usemtl PATCH_34
f 780 5280 5288 781 
usemtl PATCH_34
f 781 5288 5296 782 
usemtl PATCH_34
f 782 5296 5304 783 
usemtl PATCH_34
f 783 5304 5312 784 
usemtl PATCH_34
f 784 5312 5320 785 
usemtl PATCH_34
f 785 5320 5328 786 
usemtl PATCH_34
f 786 5328 5336 787 
usemtl PATCH_34
f 787 5336 5344 788 
usemtl PATCH_34
f 788 5344 5352 789 
usemtl PATCH_34
f 789 5352 5360 790 
usemtl PATCH_34
f 790 5360 5368 791 
usemtl PATCH_34
f 791 5368 5376 792 
usemtl PATCH_34
f 792 5376 5384 793 
usemtl PATCH_34
f 793 5384 5392 794 
usemtl PATCH_34
f 794 5392 5400 795 
usemtl PATCH_34
f 795 5400 5408 796 
usemtl PATCH_34
f 796 5408 5416 797 
usemtl PATCH_34
f 797 5416 5424 798 
usemtl PATCH_34
f 798 5424 5432 799 
usemtl PATCH_34
f 799 5432 5440 800 
usemtl PATCH_34
f 800 5440 5448 801 
usemtl PATCH_34
f 801 5448 5456 802 
usemtl PATCH_34
f 802 5456 5464 803 
usemtl PATCH_34
f 803 5464 874 44 
usemtl PATCH_34
f 825 824 5201 5200 
usemtl PATCH_34
f 5200 5201 5209 5208 
usemtl PATCH_34
f 5208 5209 5217 5216 
usemtl PATCH_34
f 5216 5217 5225 5224 
usemtl PATCH_34
f 5224 5225 5233 5232 
usemtl PATCH_34
f 5232 5233 5241 5240 
usemtl PATCH_34
f 5240 5241 5249 5248 
usemtl PATCH_34
f 5248 5249 5257 5256 
usemtl PATCH_34
f 5256 5257 5265 5264 
usemtl PATCH_34
f 5264 5265 5273 5272 
usemtl PATCH_34
f 5272 5273 5281 5280 
usemtl PATCH_34
f 5280 5281 5289 5288 
usemtl PATCH_34
f 5288 5289 5297 5296 
usemtl PATCH_34
f 5296 5297 5305 5304 
usemtl PATCH_34
f 5304 5305 5313 5312 
usemtl PATCH_34
f 5312 5313 5321 5320 
usemtl PATCH_34
f 5320 5321 5329 5328 
usemtl PATCH_34
f 5328 5329 5337 5336 
usemtl PATCH_34
f 5336 5337 5345 5344 
usemtl PATCH_34
f 5344 5345 5353 5352 
usemtl PATCH_34
f 5352 5353 5361 5360 
usemtl PATCH_34
f 5360 5361 5369 5368 
usemtl PATCH_34
f 5368 5369 5377 5376 
usemtl PATCH_34
f 5376 5377 5385 5384 
usemtl PATCH_34
f 5384 5385 5393 5392 
usemtl PATCH_34
f 5392 5393 5401 5400 
usemtl PATCH_34
f 5400 5401 5409 5408 
usemtl PATCH_34
f 5408 5409 5417 5416 
usemtl PATCH_34
f 5416 5417 5425 5424 
usemtl PATCH_34
f 5424 5425 5433 5432 
usemtl PATCH_34
f 5432 5433 5441 5440 
usemtl PATCH_34
f 5440 5441 5449 5448 
usemtl PATCH_34
f 5448 5449 5457 5456 
usemtl PATCH_34
f 5456 5457 5465 5464 
usemtl PATCH_34
f 5464 5465 873 874 
usemtl PATCH_34
f 824 823 5202 5201 
usemtl PATCH_34
f 5201 5202 5210 5209 
usemtl PATCH_34
f 5209 5210 5218 5217 
usemtl PATCH_34
f 5217 5218 5226 5225 
usemtl PATCH_34
f 5225 5226 5234 5233 
usemtl PATCH_34
f 5233 5234 5242 5241 
usemtl PATCH_34
f 5241 5242 5250 5249 
usemtl PATCH_34
f 5249 5250 5258 5257 
usemtl PATCH_34
f 5257 5258 5266 5265 
usemtl PATCH_34
f 5265 5266 5274 5273 
usemtl PATCH_34
f 5273 5274 5282 5281 
usemtl PATCH_34
f 5281 5282 5290 5289 
usemtl PATCH_34
f 5289 5290 5298 5297 
usemtl PATCH_34
f 5297 5298 5306 5305 
usemtl PATCH_34
f 5305 5306 5314 5313 
usemtl PATCH_34
f 5313 5314 5322 5321 
usemtl PATCH_34
f 5321 5322 5330 5329 
usemtl PATCH_34
f 5329 5330 5338 5337 
usemtl PATCH_34
f 5337 5338 5346 5345 
usemtl PATCH_34
f 5345 5346 5354 5353 
usemtl PATCH_34
f 5353 5354 5362 5361 
usemtl PATCH_34
f 5361 5362 5370 5369 
usemtl PATCH_34
f 5369 5370 5378 5377 
usemtl PATCH_34
f 5377 5378 5386 5385 
usemtl PATCH_34
f 5385 5386 5394 5393 
usemtl PATCH_34
f 5393 5394 5402 5401 
usemtl PATCH_34
f 5401 5402 5410 5409 
usemtl PATCH_34
f 5409 5410 5418 5417 
usemtl PATCH_34
f 5417 5418 5426 5425 
usemtl PATCH_34
f 5425 5426 5434 5433 
usemtl PATCH_34
f 5433 5434 5442 5441 
usemtl PATCH_34
f 5441 5442 5450 5449 
usemtl PATCH_34
f 5449 5450 5458 5457 
usemtl PATCH_34
f 5457 5458 5466 5465 
usemtl PATCH_34
f 5465 5466 872 873 
usemtl PATCH_34
f 823 822 5203 5202 
usemtl PATCH_34
f 5202 5203 5211 5210 
usemtl PATCH_34
f 5210 5211 5219 5218 
usemtl PATCH_34
f 5218 5219 5227 5226 
usemtl PATCH_34
f 5226 5227 5235 5234 
usemtl PATCH_34
f 5234 5235 5243 5242 
usemtl PATCH_34
f 5242 5243 5251 5250 
usemtl PATCH_34
f 5250 5251 5259 5258 
usemtl PATCH_34
f 5258 5259 5267 5266 
usemtl PATCH_34
f 5266 5267 5275 5274 
usemtl PATCH_34
f 5274 5275 5283 5282 
usemtl PATCH_34
f 5282 5283 5291 5290 
usemtl PATCH_34
f 5290 5291 5299 5298 
usemtl PATCH_34
f 5298 5299 5307 5306 
usemtl PATCH_34
f 5306 5307 5315 5314 
usemtl PATCH_34
f 5314 5315 5323 5322 
usemtl PATCH_34
f 5322 5323 5331 5330 
usemtl PATCH_34
f 5330 5331 5339 5338 
usemtl PATCH_34
f 5338 5339 5347 5346 
usemtl PATCH_34
f 5346 5347 5355 5354 
usemtl PATCH_34
f 5354 5355 5363 5362 
usemtl PATCH_34
f 5362 5363 5371 5370 
usemtl PATCH_34
f 5370 5371 5379 5378 
usemtl PATCH_34
f 5378 5379 5387 5386 
usemtl PATCH_34
f 5386 5387 5395 5394 
usemtl PATCH_34
f 5394 5395 5403 5402 
usemtl PATCH_34
f 5402 5403 5411 5410 
usemtl PATCH_34
f 5410 5411 5419 5418 
usemtl PATCH_34
f 5418 5419 5427 5426 
usemtl PATCH_34
f 5426 5427 5435 5434 
usemtl PATCH_34
f 5434 5435 5443 5442 
usemtl PATCH_34
f 5442 5443 5451 5450 
usemtl PATCH_34
f 5450 5451 5459 5458 
usemtl PATCH_34
f 5458 5459 5467 5466 
usemtl PATCH_34
f 5466 5467 871 872 
usemtl PATCH_34
f 822 821 5204 5203 
usemtl PATCH_34
f 5203 5204 5212 5211 
usemtl PATCH_34
f 5211 5212 5220 5219 
usemtl PATCH_34
f 5219 5220 5228 5227 
usemtl PATCH_34
f 5227 5228 5236 5235 
usemtl PATCH_34
f 5235 5236 5244 5243 
usemtl PATCH_34
f 5243 5244 5252 5251 
usemtl PATCH_34
f 5251 5252 5260 5259 
usemtl PATCH_34
f 5259 5260 5268 5267 
usemtl PATCH_34
f 5267 5268 5276 5275 
usemtl PATCH_34
f 5275 5276 5284 5283 
usemtl PATCH_34
f 5283 5284 5292 5291 
usemtl PATCH_34
f 5291 5292 5300 5299 
usemtl PATCH_34
f 5299 5300 5308 5307 
usemtl PATCH_34
f 5307 5308 5316 5315 
usemtl PATCH_34
f 5315 5316 5324 5323 
usemtl PATCH_34
f 5323 5324 5332 5331 
usemtl PATCH_34
f 5331 5332 5340 5339 
usemtl PATCH_34
f 5339 5340 5348 5347 
usemtl PATCH_34
f 5347 5348 5356 5355 
usemtl PATCH_34
f 5355 5356 5364 5363 
usemtl PATCH_34
f 5363 5364 5372 5371 
usemtl PATCH_34
f 5371 5372 5380 5379 
usemtl PATCH_34
f 5379 5380 5388 5387 
usemtl PATCH_34
f 5387 5388 5396 5395 
usemtl PATCH_34
f 5395 5396 5404 5403 
usemtl PATCH_34
f 5403 5404 5412 5411 
usemtl PATCH_34
f 5411 5412 5420 5419 
usemtl PATCH_34
f 5419 5420 5428 5427 
usemtl PATCH_34
f 5427 5428 5436 5435 
usemtl PATCH_34
f 5435 5436 5444 5443 
usemtl PATCH_34
f 5443 5444 5452 5451 
usemtl PATCH_34
f 5451 5452 5460 5459 
usemtl PATCH_34
f 5459 5460 5468 5467 
usemtl PATCH_34
f 5467 5468 870 871 
usemtl PATCH_34
f 821 820 5205 5204 
usemtl PATCH_34
f 5204 5205 5213 5212 
usemtl PATCH_34
f 5212 5213 5221 5220 
usemtl PATCH_34
f 5220 5221 5229 5228 
usemtl PATCH_34
f 5228 5229 5237 5236 
usemtl PATCH_34
f 5236 5237 5245 5244 
usemtl PATCH_34
f 5244 5245 5253 5252 
usemtl PATCH_34
f 5252 5253 5261 5260 
usemtl PATCH_34
f 5260 5261 5269 5268 
usemtl PATCH_34
f 5268 5269 5277 5276 
usemtl PATCH_34
f 5276 5277 5285 5284 
usemtl PATCH_34
f 5284 5285 5293 5292 
usemtl PATCH_34
f 5292 5293 5301 5300 
usemtl PATCH_34
f 5300 5301 5309 5308 
usemtl PATCH_34
f 5308 5309 5317 5316 
usemtl PATCH_34
f 5316 5317 5325 5324 
usemtl PATCH_34
f 5324 5325 5333 5332 
usemtl PATCH_34
f 5332 5333 5341 5340 
usemtl PATCH_34
f 5340 5341 5349 5348 
usemtl PATCH_34
f 5348 5349 5357 5356 
usemtl PATCH_34
f 5356 5357 5365 5364 
usemtl PATCH_34
f 5364 5365 5373 5372 
usemtl PATCH_34
f 5372 5373 5381 5380 
usemtl PATCH_34
f 5380 5381 5389 5388 
usemtl PATCH_34
f 5388 5389 5397 5396 
usemtl PATCH_34
f 5396 5397 5405 5404 
usemtl PATCH_34
f 5404 5405 5413 5412 
usemtl PATCH_34
f 5412 5413 5421 5420 
usemtl PATCH_34
f 5420 5421 5429 5428 
usemtl PATCH_34
f 5428 5429 5437 5436 
usemtl PATCH_34
f 5436 5437 5445 5444 
usemtl PATCH_34
f 5444 5445 5453 5452 
usemtl PATCH_34
f 5452 5453 5461 5460 
usemtl PATCH_34
f 5460 5461 5469 5468 
usemtl PATCH_34
f 5468 5469 869 870 
usemtl PATCH_34
f 820 819 5206 5205 
usemtl PATCH_34
f 5205 5206 5214 5213 
usemtl PATCH_34
f 5213 5214 5222 5221 
usemtl PATCH_34
f 5221 5222 5230 5229 
usemtl PATCH_34
f 5229 5230 5238 5237 
usemtl PATCH_34
f 5237 5238 5246 5245 
usemtl PATCH_34
f 5245 5246 5254 5253 
usemtl PATCH_34
f 5253 5254 5262 5261 
usemtl PATCH_34
f 5261 5262 5270 5269 
usemtl PATCH_34
f 5269 5270 5278 5277 
usemtl PATCH_34
f 5277 5278 5286 5285 
usemtl PATCH_34
f 5285 5286 5294 5293 
usemtl PATCH_34
f 5293 5294 5302 5301 
usemtl PATCH_34
f 5301 5302 5310 5309 
usemtl PATCH_34
f 5309 5310 5318 5317 
usemtl PATCH_34
f 5317 5318 5326 5325 
usemtl PATCH_34
f 5325 5326 5334 5333 
usemtl PATCH_34
f 5333 5334 5342 5341 
usemtl PATCH_34
f 5341 5342 5350 5349 
usemtl PATCH_34
f 5349 5350 5358 5357 
usemtl PATCH_34
f 5357 5358 5366 5365 
usemtl PATCH_34
f 5365 5366 5374 5373 
usemtl PATCH_34
f 5373 5374 5382 5381 
usemtl PATCH_34
f 5381 5382 5390 5389 
usemtl PATCH_34
f 5389 5390 5398 5397 
usemtl PATCH_34
f 5397 5398 5406 5405 
usemtl PATCH_34
f 5405 5406 5414 5413 
usemtl PATCH_34
f 5413 5414 5422 5421 
usemtl PATCH_34
f 5421 5422 5430 5429 
usemtl PATCH_34
f 5429 5430 5438 5437 
usemtl PATCH_34
f 5437 5438 5446 5445 
usemtl PATCH_34
f 5445 5446 5454 5453 
usemtl PATCH_34
f 5453 5454 5462 5461 
usemtl PATCH_34
f 5461 5462 5470 5469 
usemtl PATCH_34
f 5469 5470 868 869 
usemtl PATCH_34
f 819 818 5207 5206 
usemtl PATCH_34
f 5206 5207 5215 5214 
usemtl PATCH_34
f 5214 5215 5223 5222 
usemtl PATCH_34
f 5222 5223 5231 5230 
usemtl PATCH_34
f 5230 5231 5239 5238 
usemtl PATCH_34
f 5238 5239 5247 5246 
usemtl PATCH_34
f 5246 5247 5255 5254 
usemtl PATCH_34
f 5254 5255 5263 5262 
usemtl PATCH_34
f 5262 5263 5271 5270 
usemtl PATCH_34
f 5270 5271 5279 5278 
usemtl PATCH_34
f 5278 5279 5287 5286 
usemtl PATCH_34
f 5286 5287 5295 5294 
usemtl PATCH_34
f 5294 5295 5303 5302 
usemtl PATCH_34
f 5302 5303 5311 5310 
usemtl PATCH_34
f 5310 5311 5319 5318 
usemtl PATCH_34
f 5318 5319 5327 5326 
usemtl PATCH_34
f 5326 5327 5335 5334 
usemtl PATCH_34
f 5334 5335 5343 5342 
usemtl PATCH_34
f 5342 5343 5351 5350 
usemtl PATCH_34
f 5350 5351 5359 5358 
usemtl PATCH_34
f 5358 5359 5367 5366 
usemtl PATCH_34
f 5366 5367 5375 5374 
usemtl PATCH_34
f 5374 5375 5383 5382 
usemtl PATCH_34
f 5382 5383 5391 5390 
usemtl PATCH_34
f 5390 5391 5399 5398 
usemtl PATCH_34
f 5398 5399 5407 5406 
usemtl PATCH_34
f 5406 5407 5415 5414 
usemtl PATCH_34
f 5414 5415 5423 5422 
usemtl PATCH_34
f 5422 5423 5431 5430 
usemtl PATCH_34
f 5430 5431 5439 5438 
usemtl PATCH_34
f 5438 5439 5447 5446 
usemtl PATCH_34
f 5446 5447 5455 5454 
usemtl PATCH_34
f 5454 5455 5463 5462 
usemtl PATCH_34
f 5462 5463 5471 5470 
usemtl PATCH_34
f 5470 5471 867 868 
usemtl PATCH_34
f 818 45 866 5207 
usemtl PATCH_34
f 5207 866 865 5215 
usemtl PATCH_34
f 5215 865 864 5223 
usemtl PATCH_34
f 5223 864 863 5231 
usemtl PATCH_34
f 5231 863 862 5239 
usemtl PATCH_34
f 5239 862 861 5247 
usemtl PATCH_34
f 5247 861 860 5255 
usemtl PATCH_34
f 5255 860 859 5263 
usemtl PATCH_34
f 5263 859 858 5271 
usemtl PATCH_34
f 5271 858 857 5279 
usemtl PATCH_34
f 5279 857 856 5287 
usemtl PATCH_34
f 5287 856 855 5295 
usemtl PATCH_34
f 5295 855 854 5303 
usemtl PATCH_34
f 5303 854 853 5311 
usemtl PATCH_34
f 5311 853 852 5319 
usemtl PATCH_34
f 5319 852 851 5327 
usemtl PATCH_34
f 5327 851 850 5335 
usemtl PATCH_34
f 5335 850 849 5343 
usemtl PATCH_34
f 5343 849 848 5351 
usemtl PATCH_34
f 5351 848 847 5359 
usemtl PATCH_34
f 5359 847 846 5367 
usemtl PATCH_34
f 5367 846 845 5375 
usemtl PATCH_34
f 5375 845 844 5383 
usemtl PATCH_34
f 5383 844 843 5391 
usemtl PATCH_34
f 5391 843 842 5399 
usemtl PATCH_34
f 5399 842 841 5407 
usemtl PATCH_34
f 5407 841 840 5415 
usemtl PATCH_34
f 5415 840 839 5423 
usemtl PATCH_34
f 5423 839 838 5431 
usemtl PATCH_34
f 5431 838 837 5439 
usemtl PATCH_34
f 5439 837 836 5447 
usemtl PATCH_34
f 5447 836 835 5455 
usemtl PATCH_34
f 5455 835 834 5463 
usemtl PATCH_34
f 5463 834 833 5471 
usemtl PATCH_34
f 5471 833 46 867 
usemtl PATCH_33
f 47 875 5472 950 
usemtl PATCH_33
f 950 5472 5506 949 
usemtl PATCH_33
f 949 5506 5540 948 
usemtl PATCH_33
f 948 5540 5574 947 
usemtl PATCH_33
f 947 5574 5608 946 
usemtl PATCH_33
f 946 5608 5642 945 
usemtl PATCH_33
f 945 5642 5676 944 
usemtl PATCH_33
f 944 5676 5710 943 
usemtl PATCH_33
f 943 5710 942 48 
usemtl PATCH_33
f 875 876 5473 5472 
usemtl PATCH_33
f 5472 5473 5507 5506 
usemtl PATCH_33
f 5506 5507 5541 5540 
usemtl PATCH_33
f 5540 5541 5575 5574 
usemtl PATCH_33
f 5574 5575 5609 5608 
usemtl PATCH_33
f 5608 5609 5643 5642 
usemtl PATCH_33
f 5642 5643 5677 5676 
usemtl PATCH_33
f 5676 5677 5711 5710 
usemtl PATCH_33
f 5710 5711 941 942 
usemtl PATCH_33
f 876 877 5474 5473 
usemtl PATCH_33
f 5473 5474 5508 5507 
usemtl PATCH_33
f 5507 5508 5542 5541 
usemtl PATCH_33
f 5541 5542 5576 5575 
usemtl PATCH_33
f 5575 5576 5610 5609 
usemtl PATCH_33
f 5609 5610 5644 5643 
usemtl PATCH_33
f 5643 5644 5678 5677 
usemtl PATCH_33
f 5677 5678 5712 5711 
usemtl PATCH_33
f 5711 5712 940 941 
usemtl PATCH_33
f 877 878 5475 5474 
usemtl PATCH_33
f 5474 5475 5509 5508 
usemtl PATCH_33
f 5508 5509 5543 5542 
usemtl PATCH_33
f 5542 5543 5577 5576 
usemtl PATCH_33
f 5576 5577 5611 5610 
usemtl PATCH_33
f 5610 5611 5645 5644 
usemtl PATCH_33
f 5644 5645 5679 5678 
usemtl PATCH_33
f 5678 5679 5713 5712 
usemtl PATCH_33
f 5712 5713 939 940 
usemtl PATCH_33
f 878 879 5476 5475 
usemtl PATCH_33
f 5475 5476 5510 5509 
usemtl PATCH_33
f 5509 5510 5544 5543 
usemtl PATCH_33
f 5543 5544 5578 5577 
usemtl PATCH_33
f 5577 5578 5612 5611 
usemtl PATCH_33
f 5611 5612 5646 5645 
usemtl PATCH_33
f 5645 5646 5680 5679 
usemtl PATCH_33
f 5679 5680 5714 5713 
usemtl PATCH_33
f 5713 5714 938 939 
usemtl PATCH_33
f 879 880 5477 5476 
usemtl PATCH_33
f 5476 5477 5511 5510 
usemtl PATCH_33
f 5510 5511 5545 5544 
usemtl PATCH_33
f 5544 5545 5579 5578 
usemtl PATCH_33
f 5578 5579 5613 5612 
usemtl PATCH_33
f 5612 5613 5647 5646 
usemtl PATCH_33
f 5646 5647 5681 5680 
usemtl PATCH_33
f 5680 5681 5715 5714 
usemtl PATCH_33
f 5714 5715 937 938 
usemtl PATCH_33
f 880 881 5478 5477 
usemtl PATCH_33
f 5477 5478 5512 5511 
usemtl PATCH_33
f 5511 5512 5546 5545 
usemtl PATCH_33
f 5545 5546 5580 5579 
usemtl PATCH_33
f 5579 5580 5614 5613 
usemtl PATCH_33
f 5613 5614 5648 5647 
usemtl PATCH_33
f 5647 5648 5682 5681 
usemtl PATCH_33
f 5681 5682 5716 5715 
usemtl PATCH_33
f 5715 5716 936 937 
usemtl PATCH_33
f 881 882 5479 5478 
usemtl PATCH_33
f 5478 5479 5513 5512 
usemtl PATCH_33
f 5512 5513 5547 5546 
usemtl PATCH_33
f 5546 5547 5581 5580 
usemtl PATCH_33
f 5580 5581 5615 5614 
usemtl PATCH_33
f 5614 5615 5649 5648 
usemtl PATCH_33
f 5648 5649 5683 5682 
usemtl PATCH_33
f 5682 5683 5717 5716 
usemtl PATCH_33
f 5716 5717 935 936 
usemtl PATCH_33
f 882 883 5480 5479 
usemtl PATCH_33
f 5479 5480 5514 5513 
usemtl PATCH_33
f 5513 5514 5548 5547 
usemtl PATCH_33
f 5547 5548 5582 5581 
usemtl PATCH_33
f 5581 5582 5616 5615 
usemtl PATCH_33
f 5615 5616 5650 5649 
usemtl PATCH_33
f 5649 5650 5684 5683 
usemtl PATCH_33
f 5683 5684 5718 5717 
usemtl PATCH_33
f 5717 5718 934 935 
usemtl PATCH_33
f 883 884 5481 5480 
usemtl PATCH_33
f 5480 5481 5515 5514 
usemtl PATCH_33
f 5514 5515 5549 5548 
usemtl PATCH_33
f 5548 5549 5583 5582 
usemtl PATCH_33
f 5582 5583 5617 5616 
usemtl PATCH_33
f 5616 5617 5651 5650 
usemtl PATCH_33
f 5650 5651 5685 5684 
usemtl PATCH_33
f 5684 5685 5719 5718 
usemtl PATCH_33
f 5718 5719 933 934 
usemtl PATCH_33
f 884 885 5482 5481 
usemtl PATCH_33
f 5481 5482 5516 5515 
usemtl PATCH_33
f 5515 5516 5550 5549 
usemtl PATCH_33
f 5549 5550 5584 5583 
usemtl PATCH_33
f 5583 5584 5618 5617 
usemtl PATCH_33
f 5617 5618 5652 5651 
usemtl PATCH_33
f 5651 5652 5686 5685 
usemtl PATCH_33
f 5685 5686 5720 5719 
usemtl PATCH_33
f 5719 5720 932 933 
usemtl PATCH_33
f 885 886 5483 5482 
usemtl PATCH_33
f 5482 5483 5517 5516 
usemtl PATCH_33
f 5516 5517 5551 5550 
usemtl PATCH_33
f 5550 5551 5585 5584 
usemtl PATCH_33
f 5584 5585 5619 5618 
usemtl PATCH_33
f 5618 5619 5653 5652 
usemtl PATCH_33
f 5652 5653 5687 5686 
usemtl PATCH_33
f 5686 5687 5721 5720 
usemtl PATCH_33
f 5720 5721 931 932 
usemtl PATCH_33
f 886 887 5484 5483 
usemtl PATCH_33
f 5483 5484 5518 5517 
usemtl PATCH_33
f 5517 5518 5552 5551 
usemtl PATCH_33
f 5551 5552 5586 5585 
usemtl PATCH_33
f 5585 5586 5620 5619 
usemtl PATCH_33
f 5619 5620 5654 5653 
usemtl PATCH_33
f 5653 5654 5688 5687 
usemtl PATCH_33
f 5687 5688 5722 5721 
usemtl PATCH_33
f 5721 5722 930 931 
usemtl PATCH_33
f 887 888 5485 5484 
usemtl PATCH_33
f 5484 5485 5519 5518 
usemtl PATCH_33
f 5518 5519 5553 5552 
usemtl PATCH_33
f 5552 5553 5587 5586 
usemtl PATCH_33
f 5586 5587 5621 5620 
usemtl PATCH_33
f 5620 5621 5655 5654 
usemtl PATCH_33
f 5654 5655 5689 5688 
usemtl PATCH_33
f 5688 5689 5723 5722 
usemtl PATCH_33
f 5722 5723 929 930 
usemtl PATCH_33
f 888 889 5486 5485 
usemtl PATCH_33
f 5485 5486 5520 5519 
usemtl PATCH_33
f 5519 5520 5554 5553 
usemtl PATCH_33
f 5553 5554 5588 5587 
usemtl PATCH_33
f 5587 5588 5622 5621 
usemtl PATCH_33
f 5621 5622 5656 5655 
usemtl PATCH_33
f 5655 5656 5690 5689 
usemtl PATCH_33
f 5689 5690 5724 5723 
usemtl PATCH_33
f 5723 5724 928 929 
usemtl PATCH_33
f 889 890 5487 5486 
usemtl PATCH_33
f 5486 5487 5521 5520 
usemtl PATCH_33
f 5520 5521 5555 5554 
usemtl PATCH_33
f 5554 5555 5589 5588 
usemtl PATCH_33
f 5588 5589 5623 5622 
usemtl PATCH_33
f 5622 5623 5657 5656 
usemtl PATCH_33
f 5656 5657 5691 5690 
usemtl PATCH_33
f 5690 5691 5725 5724 
usemtl PATCH_33
f 5724 5725 927 928 
usemtl PATCH_33
f 890 891 5488 5487 
usemtl PATCH_33
f 5487 5488 5522 5521 
usemtl PATCH_33
f 5521 5522 5556 5555 
usemtl PATCH_33
f 5555 5556 5590 5589 
usemtl PATCH_33
f 5589 5590 5624 5623 
usemtl PATCH_33
f 5623 5624 5658 5657 
usemtl PATCH_33
f 5657 5658 5692 5691 
usemtl PATCH_33
f 5691 5692 5726 5725 
usemtl PATCH_33
f 5725 5726 926 927 
usemtl PATCH_33
f 891 892 5489 5488 
usemtl PATCH_33
f 5488 5489 5523 5522 
usemtl PATCH_33
f 5522 5523 5557 5556 
usemtl PATCH_33
f 5556 5557 5591 5590 
usemtl PATCH_33
f 5590 5591 5625 5624 
usemtl PATCH_33
f 5624 5625 5659 5658 
usemtl PATCH_33
f 5658 5659 5693 5692 
usemtl PATCH_33
f 5692 5693 5727 5726 
usemtl PATCH_33
f 5726 5727 925 926 
usemtl PATCH_33
f 892 893 5490 5489 
usemtl PATCH_33
f 5489 5490 5524 5523 
usemtl PATCH_33
f 5523 5524 5558 5557 
usemtl PATCH_33
f 5557 5558 5592 5591 
usemtl PATCH_33
f 5591 5592 5626 5625 
usemtl PATCH_33
f 5625 5626 5660 5659 
usemtl PATCH_33
f 5659 5660 5694 5693 
usemtl PATCH_33
f 5693 5694 5728 5727 
usemtl PATCH_33
f 5727 5728 924 925 
usemtl PATCH_33
f 893 894 5491 5490 
usemtl PATCH_33
f 5490 5491 5525 5524 
usemtl PATCH_33
f 5524 5525 5559 5558 
usemtl PATCH_33
f 5558 5559 5593 5592 
usemtl PATCH_33
f 5592 5593 5627 5626 
usemtl PATCH_33
f 5626 5627 5661 5660 
usemtl PATCH_33
f 5660 5661 5695 5694 
usemtl PATCH_33
f 5694 5695 5729 5728 
usemtl PATCH_33
f 5728 5729 923 924 
usemtl PATCH_33
f 894 895 5492 5491 
usemtl PATCH_33
f 5491 5492 5526 5525 
usemtl PATCH_33
f 5525 5526 5560 5559 
usemtl PATCH_33
f 5559 5560 5594 5593 
usemtl PATCH_33
f 5593 5594 5628 5627 
usemtl PATCH_33
f 5627 5628 5662 5661 
usemtl PATCH_33
f 5661 5662 5696 5695 
usemtl PATCH_33
f 5695 5696 5730 5729 
usemtl PATCH_33
f 5729 5730 922 923 
usemtl PATCH_33
f 895 896 5493 5492 
usemtl PATCH_33
f 5492 5493 5527 5526 
usemtl PATCH_33
f 5526 5527 5561 5560 
usemtl PATCH_33
f 5560 5561 5595 5594 
usemtl PATCH_33
f 5594 5595 5629 5628 
usemtl PATCH_33
f 5628 5629 5663 5662 
usemtl PATCH_33
f 5662 5663 5697 5696 
usemtl PATCH_33
f 5696 5697 5731 5730 
usemtl PATCH_33
f 5730 5731 921 922 
usemtl PATCH_33
f 896 897 5494 5493 
usemtl PATCH_33
f 5493 5494 5528 5527 
usemtl PATCH_33
f 5527 5528 5562 5561 
usemtl PATCH_33
f 5561 5562 5596 5595 
usemtl PATCH_33
f 5595 5596 5630 5629 
usemtl PATCH_33
f 5629 5630 5664 5663 
usemtl PATCH_33
f 5663 5664 5698 5697 
usemtl PATCH_33
f 5697 5698 5732 5731 
usemtl PATCH_33
f 5731 5732 920 921 
usemtl PATCH_33
f 897 898 5495 5494 
usemtl PATCH_33
f 5494 5495 5529 5528 
usemtl PATCH_33
f 5528 5529 5563 5562 
usemtl PATCH_33
f 5562 5563 5597 5596 
usemtl PATCH_33
f 5596 5597 5631 5630 
usemtl PATCH_33
f 5630 5631 5665 5664 
usemtl PATCH_33
f 5664 5665 5699 5698 
usemtl PATCH_33
f 5698 5699 5733 5732 
usemtl PATCH_33
f 5732 5733 919 920 
usemtl PATCH_33
f 898 899 5496 5495 
usemtl PATCH_33
f 5495 5496 5530 5529 
usemtl PATCH_33
f 5529 5530 5564 5563 
usemtl PATCH_33
f 5563 5564 5598 5597 
usemtl PATCH_33
f 5597 5598 5632 5631 
usemtl PATCH_33
f 5631 5632 5666 5665 
usemtl PATCH_33
f 5665 5666 5700 5699 
usemtl PATCH_33
f 5699 5700 5734 5733 
usemtl PATCH_33
f 5733 5734 918 919 
usemtl PATCH_33
f 899 900 5497 5496 
usemtl PATCH_33
f 5496 5497 5531 5530 
usemtl PATCH_33
f 5530 5531 5565 5564 
usemtl PATCH_33
f 5564 5565 5599 5598 
usemtl PATCH_33
f 5598 5599 5633 5632 
usemtl PATCH_33
f 5632 5633 5667 5666 
usemtl PATCH_33
f 5666 5667 5701 5700 
usemtl PATCH_33
f 5700 5701 5735 5734 
usemtl PATCH_33
f 5734 5735 917 918 
usemtl PATCH_33
f 900 901 5498 5497 
usemtl PATCH_33
f 5497 5498 5532 5531 
usemtl PATCH_33
f 5531 5532 5566 5565 
usemtl PATCH_33
f 5565 5566 5600 5599 
usemtl PATCH_33
f 5599 5600 5634 5633 
usemtl PATCH_33
f 5633 5634 5668 5667 
usemtl PATCH_33
f 5667 5668 5702 5701 
usemtl PATCH_33
f 5701 5702 5736 5735 
usemtl PATCH_33
f 5735 5736 916 917 
usemtl PATCH_33
f 901 902 5499 5498 
usemtl PATCH_33
f 5498 5499 5533 5532 
usemtl PATCH_33
f 5532 5533 5567 5566 
usemtl PATCH_33
f 5566 5567 5601 5600 
usemtl PATCH_33
f 5600 5601 5635 5634 
usemtl PATCH_33
f 5634 5635 5669 5668 
usemtl PATCH_33
f 5668 5669 5703 5702 
usemtl PATCH_33
f 5702 5703 5737 5736 
usemtl PATCH_33
f 5736 5737 915 916 
usemtl PATCH_33
f 902 903 5500 5499 
usemtl PATCH_33
f 5499 5500 5534 5533 
usemtl PATCH_33
f 5533 5534 5568 5567 
usemtl PATCH_33
f 5567 5568 5602 5601 
usemtl PATCH_33
f 5601 5602 5636 5635 
usemtl PATCH_33
f 5635 5636 5670 5669 
usemtl PATCH_33
f 5669 5670 5704 5703 
usemtl PATCH_33
f 5703 5704 5738 5737 
usemtl PATCH_33
f 5737 5738 914 915 
usemtl PATCH_33
f 903 904 5501 5500 
usemtl PATCH_33
f 5500 5501 5535 5534 
usemtl PATCH_33
f 5534 5535 5569 5568 
usemtl PATCH_33
f 5568 5569 5603 5602 
usemtl PATCH_33
f 5602 5603 5637 5636 
usemtl PATCH_33
f 5636 5637 5671 5670 
usemtl PATCH_33
f 5670 5671 5705 5704 
usemtl PATCH_33
f 5704 5705 5739 5738 
usemtl PATCH_33
f 5738 5739 913 914 
usemtl PATCH_33
f 904 905 5502 5501 
usemtl PATCH_33
f 5501 5502 5536 5535 
usemtl PATCH_33
f 5535 5536 5570 5569 
usemtl PATCH_33
f 5569 5570 5604 5603 
usemtl PATCH_33
f 5603 5604 5638 5637 
usemtl PATCH_33
f 5637 5638 5672 5671 
usemtl PATCH_33
f 5671 5672 5706 5705 
usemtl PATCH_33
f 5705 5706 5740 5739 
usemtl PATCH_33
f 5739 5740 912 913 
usemtl PATCH_33
f 905 906 5503 5502 
usemtl PATCH_33
f 5502 5503 5537 5536 
usemtl PATCH_33
f 5536 5537 5571 5570 
usemtl PATCH_33
f 5570 5571 5605 5604 
usemtl PATCH_33
f 5604 5605 5639 5638 
usemtl PATCH_33
f 5638 5639 5673 5672 
usemtl PATCH_33
f 5672 5673 5707 5706 
usemtl PATCH_33
f 5706 5707 5741 5740 
usemtl PATCH_33
f 5740 5741 911 912 
usemtl PATCH_33
f 906 907 5504 5503 
usemtl PATCH_33
f 5503 5504 5538 5537 
usemtl PATCH_33
f 5537 5538 5572 5571 
usemtl PATCH_33
f 5571 5572 5606 5605 
usemtl PATCH_33
f 5605 5606 5640 5639 
usemtl PATCH_33
f 5639 5640 5674 5673 
usemtl PATCH_33
f 5673 5674 5708 5707 
usemtl PATCH_33
f 5707 5708 5742 5741 
usemtl PATCH_33
f 5741 5742 910 911 
usemtl PATCH_33
f 907 908 5505 5504 
usemtl PATCH_33
f 5504 5505 5539 5538 
usemtl PATCH_33
f 5538 5539 5573 5572 
usemtl PATCH_33
f 5572 5573 5607 5606 
usemtl PATCH_33
f 5606 5607 5641 5640 
usemtl PATCH_33
f 5640 5641 5675 5674 
usemtl PATCH_33
f 5674 5675 5709 5708 
usemtl PATCH_33
f 5708 5709 5743 5742 
usemtl PATCH_33
f 5742 5743 909 910 
usemtl PATCH_33
f 908 44 874 5505 
usemtl PATCH_33
f 5505 874 873 5539 
usemtl PATCH_33
f 5539 873 872 5573 
usemtl PATCH_33
f 5573 872 871 5607 
usemtl PATCH_33
f 5607 871 870 5641 
usemtl PATCH_33
f 5641 870 869 5675 
usemtl PATCH_33
f 5675 869 868 5709 
usemtl PATCH_33
f 5709 868 867 5743 
usemtl PATCH_33
f 5743 867 46 909 
usemtl PATCH_32
f 47 951 5744 875 
usemtl PATCH_32
f 875 5744 5751 876 
usemtl PATCH_32
f 876 5751 5758 877 
usemtl PATCH_32
f 877 5758 5765 878 
usemtl PATCH_32
f 878 5765 5772 879 
usemtl PATCH_32
f 879 5772 5779 880 
usemtl PATCH_32
f 880 5779 5786 881 
usemtl PATCH_32
f 881 5786 5793 882 
usemtl PATCH_32
f 882 5793 5800 883 
usemtl PATCH_32
f 883 5800 5807 884 
usemtl PATCH_32
f 884 5807 5814 885 
usemtl PATCH_32
f 885 5814 5821 886 
usemtl PATCH_32
f 886 5821 5828 887 
usemtl PATCH_32
f 887 5828 5835 888 
usemtl PATCH_32
f 888 5835 5842 889 
usemtl PATCH_32
f 889 5842 5849 890 
usemtl PATCH_32
f 890 5849 5856 891 
usemtl PATCH_32
f 891 5856 5863 892 
usemtl PATCH_32
f 892 5863 5870 893 
usemtl PATCH_32
f 893 5870 5877 894 
usemtl PATCH_32
f 894 5877 5884 895 
usemtl PATCH_32
f 895 5884 5891 896 
usemtl PATCH_32
f 896 5891 5898 897 
usemtl PATCH_32
f 897 5898 5905 898 
usemtl PATCH_32
f 898 5905 5912 899 
usemtl PATCH_32
f 899 5912 5919 900 
usemtl PATCH_32
f 900 5919 5926 901 
usemtl PATCH_32
f 901 5926 5933 902 
usemtl PATCH_32
f 902 5933 5940 903 
usemtl PATCH_32
f 903 5940 5947 904 
usemtl PATCH_32
f 904 5947 5954 905 
usemtl PATCH_32
f 905 5954 5961 906 
usemtl PATCH_32
f 906 5961 5968 907 
usemtl PATCH_32
f 907 5968 5975 908 
usemtl PATCH_32
f 908 5975 998 44 
usemtl PATCH_32
f 951 952 5745 5744 
usemtl PATCH_32
f 5744 5745 5752 5751 
usemtl PATCH_32
f 5751 5752 5759 5758 
usemtl PATCH_32
f 5758 5759 5766 5765 
usemtl PATCH_32
f 5765 5766 5773 5772 
usemtl PATCH_32
f 5772 5773 5780 5779 
usemtl PATCH_32
f 5779 5780 5787 5786 
usemtl PATCH_32
f 5786 5787 5794 5793 
usemtl PATCH_32
f 5793 5794 5801 5800 
usemtl PATCH_32
f 5800 5801 5808 5807 
usemtl PATCH_32
f 5807 5808 5815 5814 
usemtl PATCH_32
f 5814 5815 5822 5821 
usemtl PATCH_32
f 5821 5822 5829 5828 
usemtl PATCH_32
f 5828 5829 5836 5835 
usemtl PATCH_32
f 5835 5836 5843 5842 
usemtl PATCH_32
f 5842 5843 5850 5849 
usemtl PATCH_32
f 5849 5850 5857 5856 
usemtl PATCH_32
f 5856 5857 5864 5863 
usemtl PATCH_32
f 5863 5864 5871 5870 
usemtl PATCH_32
f 5870 5871 5878 5877 
usemtl PATCH_32
f 5877 5878 5885 5884 
usemtl PATCH_32
f 5884 5885 5892 5891 
usemtl PATCH_32
f 5891 5892 5899 5898 
usemtl PATCH_32
f 5898 5899 5906 5905 
usemtl PATCH_32
f 5905 5906 5913 5912 
usemtl PATCH_32
f 5912 5913 5920 5919 
usemtl PATCH_32
f 5919 5920 5927 5926 
usemtl PATCH_32
f 5926 5927 5934 5933 
usemtl PATCH_32
f 5933 5934 5941 5940 
usemtl PATCH_32
f 5940 5941 5948 5947 
usemtl PATCH_32
f 5947 5948 5955 5954 
usemtl PATCH_32
f 5954 5955 5962 5961 
usemtl PATCH_32
f 5961 5962 5969 5968 
usemtl PATCH_32
f 5968 5969 5976 5975 
usemtl PATCH_32
f 5975 5976 997 998 
usemtl PATCH_32
f 952 953 5746 5745 
usemtl PATCH_32
f 5745 5746 5753 5752 
usemtl PATCH_32
f 5752 5753 5760 5759 
usemtl PATCH_32
f 5759 5760 5767 5766 
usemtl PATCH_32
f 5766 5767 5774 5773 
usemtl PATCH_32
f 5773 5774 5781 5780 
usemtl PATCH_32
f 5780 5781 5788 5787 
usemtl PATCH_32
f 5787 5788 5795 5794 
usemtl PATCH_32
f 5794 5795 5802 5801 
usemtl PATCH_32
f 5801 5802 5809 5808 
usemtl PATCH_32
f 5808 5809 5816 5815 
usemtl PATCH_32
f 5815 5816 5823 5822 
usemtl PATCH_32
f 5822 5823 5830 5829 
usemtl PATCH_32
f 5829 5830 5837 5836 
usemtl PATCH_32
f 5836 5837 5844 5843 
usemtl PATCH_32
f 5843 5844 5851 5850 
usemtl PATCH_32
f 5850 5851 5858 5857 
usemtl PATCH_32
f 5857 5858 5865 5864 
usemtl PATCH_32
f 5864 5865 5872 5871 
usemtl PATCH_32
f 5871 5872 5879 5878 
usemtl PATCH_32
f 5878 5879 5886 5885 
usemtl PATCH_32
f 5885 5886 5893 5892 
usemtl PATCH_32
f 5892 5893 5900 5899 
usemtl PATCH_32
f 5899 5900 5907 5906 
usemtl PATCH_32
f 5906 5907 5914 5913 
usemtl PATCH_32
f 5913 5914 5921 5920 
usemtl PATCH_32
f 5920 5921 5928 5927 
usemtl PATCH_32
f 5927 5928 5935 5934 
usemtl PATCH_32
f 5934 5935 5942 5941 
usemtl PATCH_32
f 5941 5942 5949 5948 
usemtl PATCH_32
f 5948 5949 5956 5955 
usemtl PATCH_32
f 5955 5956 5963 5962 
usemtl PATCH_32
f 5962 5963 5970 5969 
usemtl PATCH_32
f 5969 5970 5977 5976 
usemtl PATCH_32
f 5976 5977 996 997 
usemtl PATCH_32
f 953 954 5747 5746 
usemtl PATCH_32
f 5746 5747 5754 5753 
usemtl PATCH_32
f 5753 5754 5761 5760 
usemtl PATCH_32
f 5760 5761 5768 5767 
usemtl PATCH_32
f 5767 5768 5775 5774 
usemtl PATCH_32
f 5774 5775 5782 5781 
usemtl PATCH_32
f 5781 5782 5789 5788 
usemtl PATCH_32
f 5788 5789 5796 5795 
usemtl PATCH_32
f 5795 5796 5803 5802 
usemtl PATCH_32
f 5802 5803 5810 5809 
usemtl PATCH_32
f 5809 5810 5817 5816 
usemtl PATCH_32
f 5816 5817 5824 5823 
usemtl PATCH_32
f 5823 5824 5831 5830 
usemtl PATCH_32
f 5830 5831 5838 5837 
usemtl PATCH_32
f 5837 5838 5845 5844 
usemtl PATCH_32
f 5844 5845 5852 5851 
usemtl PATCH_32
f 5851 5852 5859 5858 
usemtl PATCH_32
f 5858 5859 5866 5865 
usemtl PATCH_32
f 5865 5866 5873 5872 
usemtl PATCH_32
f 5872 5873 5880 5879 
usemtl PATCH_32
f 5879 5880 5887 5886 
usemtl PATCH_32
f 5886 5887 5894 5893 
usemtl PATCH_32
f 5893 5894 5901 5900 
usemtl PATCH_32
f 5900 5901 5908 5907 
usemtl PATCH_32
f 5907 5908 5915 5914 
usemtl PATCH_32
f 5914 5915 5922 5921 
usemtl PATCH_32
f 5921 5922 5929 5928 
usemtl PATCH_32
f 5928 5929 5936 5935 
usemtl PATCH_32
f 5935 5936 5943 5942 
usemtl PATCH_32
f 5942 5943 5950 5949 
usemtl PATCH_32
f 5949 5950 5957 5956 
usemtl PATCH_32
f 5956 5957 5964 5963 
usemtl PATCH_32
f 5963 5964 5971 5970 
usemtl PATCH_32
f 5970 5971 5978 5977 
usemtl PATCH_32
f 5977 5978 995 996 
usemtl PATCH_32
f 954 955 5748 5747 
usemtl PATCH_32
f 5747 5748 5755 5754 
usemtl PATCH_32
f 5754 5755 5762 5761 
usemtl PATCH_32
f 5761 5762 5769 5768 
usemtl PATCH_32
f 5768 5769 5776 5775 
usemtl PATCH_32
f 5775 5776 5783 5782 
usemtl PATCH_32
f 5782 5783 5790 5789 
usemtl PATCH_32
f 5789 5790 5797 5796 
usemtl PATCH_32
f 5796 5797 5804 5803 
usemtl PATCH_32
f 5803 5804 5811 5810 
usemtl PATCH_32
f 5810 5811 5818 5817 
usemtl PATCH_32
f 5817 5818 5825 5824 
usemtl PATCH_32
f 5824 5825 5832 5831 
usemtl PATCH_32
f 5831 5832 5839 5838 
usemtl PATCH_32
f 5838 5839 5846 5845 
usemtl PATCH_32
f 5845 5846 5853 5852 
usemtl PATCH_32
f 5852 5853 5860 5859 
usemtl PATCH_32
f 5859 5860 5867 5866 
usemtl PATCH_32
f 5866 5867 5874 5873 
usemtl PATCH_32
f 5873 5874 5881 5880 
usemtl PATCH_32
f 5880 5881 5888 5887 
usemtl PATCH_32
f 5887 5888 5895 5894 
usemtl PATCH_32
f 5894 5895 5902 5901 
usemtl PATCH_32
f 5901 5902 5909 5908 
usemtl PATCH_32
f 5908 5909 5916 5915 
usemtl PATCH_32
f 5915 5916 5923 5922 
usemtl PATCH_32
f 5922 5923 5930 5929 
usemtl PATCH_32
f 5929 5930 5937 5936 
usemtl PATCH_32
f 5936 5937 5944 5943 
usemtl PATCH_32
f 5943 5944 5951 5950 
usemtl PATCH_32
f 5950 5951 5958 5957 
usemtl PATCH_32
f 5957 5958 5965 5964 
usemtl PATCH_32
f 5964 5965 5972 5971 
usemtl PATCH_32
f 5971 5972 5979 5978 
usemtl PATCH_32
f 5978 5979 994 995 
usemtl PATCH_32
f 955 956 5749 5748 
usemtl PATCH_32
f 5748 5749 5756 5755 
usemtl PATCH_32
f 5755 5756 5763 5762 
usemtl PATCH_32
f 5762 5763 5770 5769 
usemtl PATCH_32
f 5769 5770 5777 5776 
usemtl PATCH_32
f 5776 5777 5784 5783 
usemtl PATCH_32
f 5783 5784 5791 5790 
usemtl PATCH_32
f 5790 5791 5798 5797 
usemtl PATCH_32
f 5797 5798 5805 5804 
usemtl PATCH_32
f 5804 5805 5812 5811 
usemtl PATCH_32
f 5811 5812 5819 5818 
usemtl PATCH_32
f 5818 5819 5826 5825 
usemtl PATCH_32
f 5825 5826 5833 5832 
usemtl PATCH_32
f 5832 5833 5840 5839 
usemtl PATCH_32
f 5839 5840 5847 5846 
usemtl PATCH_32
f 5846 5847 5854 5853 
usemtl PATCH_32
f 5853 5854 5861 5860 
usemtl PATCH_32
f 5860 5861 5868 5867 
usemtl PATCH_32
f 5867 5868 5875 5874 
usemtl PATCH_32
f 5874 5875 5882 5881 
usemtl PATCH_32
f 5881 5882 5889 5888 
usemtl PATCH_32
f 5888 5889 5896 5895 
usemtl PATCH_32
f 5895 5896 5903 5902 
usemtl PATCH_32
f 5902 5903 5910 5909 
usemtl PATCH_32
f 5909 5910 5917 5916 
usemtl PATCH_32
f 5916 5917 5924 5923 
usemtl PATCH_32
f 5923 5924 5931 5930 
usemtl PATCH_32
f 5930 5931 5938 5937 
usemtl PATCH_32
f 5937 5938 5945 5944 
usemtl PATCH_32
f 5944 5945 5952 5951 
usemtl PATCH_32
f 5951 5952 5959 5958 
usemtl PATCH_32
f 5958 5959 5966 5965 
usemtl PATCH_32
f 5965 5966 5973 5972 
usemtl PATCH_32
f 5972 5973 5980 5979 
usemtl PATCH_32
f 5979 5980 993 994 
usemtl PATCH_32
f 956 957 5750 5749 
usemtl PATCH_32
f 5749 5750 5757 5756 
usemtl PATCH_32
f 5756 5757 5764 5763 
usemtl PATCH_32
f 5763 5764 5771 5770 
usemtl PATCH_32
f 5770 5771 5778 5777 
usemtl PATCH_32
f 5777 5778 5785 5784 
usemtl PATCH_32
f 5784 5785 5792 5791 
usemtl PATCH_32
f 5791 5792 5799 5798 
usemtl PATCH_32
f 5798 5799 5806 5805 
usemtl PATCH_32
f 5805 5806 5813 5812 
usemtl PATCH_32
f 5812 5813 5820 5819 
usemtl PATCH_32
f 5819 5820 5827 5826 
usemtl PATCH_32
f 5826 5827 5834 5833 
usemtl PATCH_32
f 5833 5834 5841 5840 
usemtl PATCH_32
f 5840 5841 5848 5847 
usemtl PATCH_32
f 5847 5848 5855 5854 
usemtl PATCH_32
f 5854 5855 5862 5861 
usemtl PATCH_32
f 5861 5862 5869 5868 
usemtl PATCH_32
f 5868 5869 5876 5875 
usemtl PATCH_32
f 5875 5876 5883 5882 
usemtl PATCH_32
f 5882 5883 5890 5889 
usemtl PATCH_32
f 5889 5890 5897 5896 
usemtl PATCH_32
f 5896 5897 5904 5903 
usemtl PATCH_32
f 5903 5904 5911 5910 
usemtl PATCH_32
f 5910 5911 5918 5917 
usemtl PATCH_32
f 5917 5918 5925 5924 
usemtl PATCH_32
f 5924 5925 5932 5931 
usemtl PATCH_32
f 5931 5932 5939 5938 
usemtl PATCH_32
f 5938 5939 5946 5945 
usemtl PATCH_32
f 5945 5946 5953 5952 
usemtl PATCH_32
f 5952 5953 5960 5959 
usemtl PATCH_32
f 5959 5960 5967 5966 
usemtl PATCH_32
f 5966 5967 5974 5973 
usemtl PATCH_32
f 5973 5974 5981 5980 
usemtl PATCH_32
f 5980 5981 992 993 
usemtl PATCH_32
f 957 49 958 5750 
usemtl PATCH_32
f 5750 958 959 5757 
usemtl PATCH_32
f 5757 959 960 5764 
usemtl PATCH_32
f 5764 960 961 5771 
usemtl PATCH_32
f 5771 961 962 5778 
usemtl PATCH_32
f 5778 962 963 5785 
usemtl PATCH_32
f 5785 963 964 5792 
usemtl PATCH_32
f 5792 964 965 5799 
usemtl PATCH_32
f 5799 965 966 5806 
usemtl PATCH_32
f 5806 966 967 5813 
usemtl PATCH_32
f 5813 967 968 5820 
usemtl PATCH_32
f 5820 968 969 5827 
usemtl PATCH_32
f 5827 969 970 5834 
usemtl PATCH_32
f 5834 970 971 5841 
usemtl PATCH_32
f 5841 971 972 5848 
usemtl PATCH_32
f 5848 972 973 5855 
usemtl PATCH_32
f 5855 973 974 5862 
usemtl PATCH_32
f 5862 974 975 5869 
usemtl PATCH_32
f 5869 975 976 5876 
usemtl PATCH_32
f 5876 976 977 5883 
usemtl PATCH_32
f 5883 977 978 5890 
usemtl PATCH_32
f 5890 978 979 5897 
usemtl PATCH_32
f 5897 979 980 5904 
usemtl PATCH_32
f 5904 980 981 5911 
usemtl PATCH_32
f 5911 981 982 5918 
usemtl PATCH_32
f 5918 982 983 5925 
usemtl PATCH_32
f 5925 983 984 5932 
usemtl PATCH_32
f 5932 984 985 5939 
usemtl PATCH_32
f 5939 985 986 5946 
usemtl PATCH_32
f 5946 986 987 5953 
usemtl PATCH_32
f 5953 987 988 5960 
usemtl PATCH_32
f 5960 988 989 5967 
usemtl PATCH_32
f 5967 989 990 5974 
usemtl PATCH_32
f 5974 990 991 5981 
usemtl PATCH_32
f 5981 991 50 992 
usemtl PATCH_57
f 47 950 5982 951 
usemtl PATCH_57
f 951 5982 5990 952 
usemtl PATCH_57
f 952 5990 5998 953 
usemtl PATCH_57
f 953 5998 6006 954 
usemtl PATCH_57
f 954 6006 6014 955 
usemtl PATCH_57
f 955 6014 6022 956 
usemtl PATCH_57
f 956 6022 6030 957 
usemtl PATCH_57
f 957 6030 1013 49 
usemtl PATCH_57
f 950 949 5983 5982 
usemtl PATCH_57
f 5982 5983 5991 5990 
usemtl PATCH_57
f 5990 5991 5999 5998 
usemtl PATCH_57
f 5998 5999 6007 6006 
usemtl PATCH_57
f 6006 6007 6015 6014 
usemtl PATCH_57
f 6014 6015 6023 6022 
usemtl PATCH_57
f 6022 6023 6031 6030 
usemtl PATCH_57
f 6030 6031 1012 1013 
usemtl PATCH_57
f 949 948 5984 5983 
usemtl PATCH_57
f 5983 5984 5992 5991 
usemtl PATCH_57
f 5991 5992 6000 5999 
usemtl PATCH_57
f 5999 6000 6008 6007 
usemtl PATCH_57
f 6007 6008 6016 6015 
usemtl PATCH_57
f 6015 6016 6024 6023 
usemtl PATCH_57
f 6023 6024 6032 6031 
usemtl PATCH_57
f 6031 6032 1011 1012 
usemtl PATCH_57
f 948 947 5985 5984 
usemtl PATCH_57
f 5984 5985 5993 5992 
usemtl PATCH_57
f 5992 5993 6001 6000 
usemtl PATCH_57
f 6000 6001 6009 6008 
usemtl PATCH_57
f 6008 6009 6017 6016 
usemtl PATCH_57
f 6016 6017 6025 6024 
usemtl PATCH_57
f 6024 6025 6033 6032 
usemtl PATCH_57
f 6032 6033 1010 1011 
usemtl PATCH_57
f 947 946 5986 5985 
usemtl PATCH_57
f 5985 5986 5994 5993 
usemtl PATCH_57
f 5993 5994 6002 6001 
usemtl PATCH_57
f 6001 6002 6010 6009 
usemtl PATCH_57
f 6009 6010 6018 6017 
usemtl PATCH_57
f 6017 6018 6026 6025 
usemtl PATCH_57
f 6025 6026 6034 6033 
usemtl PATCH_57
f 6033 6034 1009 1010 
usemtl PATCH_57
f 946 945 5987 5986 
usemtl PATCH_57
f 5986 5987 5995 5994 
usemtl PATCH_57
f 5994 5995 6003 6002 
usemtl PATCH_57
f 6002 6003 6011 6010 
usemtl PATCH_57
f 6010 6011 6019 6018 
usemtl PATCH_57
f 6018 6019 6027 6026 
usemtl PATCH_57
f 6026 6027 6035 6034 
usemtl PATCH_57
f 6034 6035 1008 1009 
usemtl PATCH_57
f 945 944 5988 5987 
usemtl PATCH_57
f 5987 5988 5996 5995 
usemtl PATCH_57
f 5995 5996 6004 6003 
usemtl PATCH_57
f 6003 6004 6012 6011 
usemtl PATCH_57
f 6011 6012 6020 6019 
usemtl PATCH_57
f 6019 6020 6028 6027 
usemtl PATCH_57
f 6027 6028 6036 6035 
usemtl PATCH_57
f 6035 6036 1007 1008 
usemtl PATCH_57
f 944 943 5989 5988 
usemtl PATCH_57
f 5988 5989 5997 5996 
usemtl PATCH_57
f 5996 5997 6005 6004 
usemtl PATCH_57
f 6004 6005 6013 6012 
usemtl PATCH_57
f 6012 6013 6021 6020 
usemtl PATCH_57
f 6020 6021 6029 6028 
usemtl PATCH_57
f 6028 6029 6037 6036 
usemtl PATCH_57
f 6036 6037 1006 1007 
usemtl PATCH_57
f 943 48 999 5989 
usemtl PATCH_57
f 5989 999 1000 5997 
usemtl PATCH_57
f 5997 1000 1001 6005 
usemtl PATCH_57
f 6005 1001 1002 6013 
usemtl PATCH_57
f 6013 1002 1003 6021 
usemtl PATCH_57
f 6021 1003 1004 6029 
usemtl PATCH_57
f 6029 1004 1005 6037 
usemtl PATCH_57
f 6037 1005 51 1006 
usemtl PATCH_50
f 48 942 6038 999 
usemtl PATCH_50
f 999 6038 6072 1000 
usemtl PATCH_50
f 1000 6072 6106 1001 
usemtl PATCH_50
f 1001 6106 6140 1002 
usemtl PATCH_50
f 1002 6140 6174 1003 
usemtl PATCH_50
f 1003 6174 6208 1004 
usemtl PATCH_50
f 1004 6208 6242 1005 
usemtl PATCH_50
f 1005 6242 1054 51 
usemtl PATCH_50
f 942 941 6039 6038 
usemtl PATCH_50
f 6038 6039 6073 6072 
usemtl PATCH_50
f 6072 6073 6107 6106 
usemtl PATCH_50
f 6106 6107 6141 6140 
usemtl PATCH_50
f 6140 6141 6175 6174 
usemtl PATCH_50
f 6174 6175 6209 6208 
usemtl PATCH_50
f 6208 6209 6243 6242 
usemtl PATCH_50
f 6242 6243 1053 1054 
usemtl PATCH_50
f 941 940 6040 6039 
usemtl PATCH_50
f 6039 6040 6074 6073 
usemtl PATCH_50
f 6073 6074 6108 6107 
usemtl PATCH_50
f 6107 6108 6142 6141 
usemtl PATCH_50
f 6141 6142 6176 6175 
usemtl PATCH_50
f 6175 6176 6210 6209 
usemtl PATCH_50
f 6209 6210 6244 6243 
usemtl PATCH_50
f 6243 6244 1052 1053 
usemtl PATCH_50
f 940 939 6041 6040 
usemtl PATCH_50
f 6040 6041 6075 6074 
usemtl PATCH_50
f 6074 6075 6109 6108 
usemtl PATCH_50
f 6108 6109 6143 6142 
usemtl PATCH_50
f 6142 6143 6177 6176 
usemtl PATCH_50
f 6176 6177 6211 6210 
usemtl PATCH_50
f 6210 6211 6245 6244 
usemtl PATCH_50
f 6244 6245 1051 1052 
usemtl PATCH_50
f 939 938 6042 6041 
usemtl PATCH_50
f 6041 6042 6076 6075 
usemtl PATCH_50
f 6075 6076 6110 6109 
usemtl PATCH_50
f 6109 6110 6144 6143 
usemtl PATCH_50
f 6143 6144 6178 6177 
usemtl PATCH_50
f 6177 6178 6212 6211 
usemtl PATCH_50
f 6211 6212 6246 6245 
usemtl PATCH_50
f 6245 6246 1050 1051 
usemtl PATCH_50
f 938 937 6043 6042 
usemtl PATCH_50
f 6042 6043 6077 6076 
usemtl PATCH_50
f 6076 6077 6111 6110 
usemtl PATCH_50
f 6110 6111 6145 6144 
usemtl PATCH_50
f 6144 6145 6179 6178 
usemtl PATCH_50
f 6178 6179 6213 6212 
usemtl PATCH_50
f 6212 6213 6247 6246 
usemtl PATCH_50
f 6246 6247 1049 1050 
usemtl PATCH_50
f 937 936 6044 6043 
usemtl PATCH_50
f 6043 6044 6078 6077 
usemtl PATCH_50
f 6077 6078 6112 6111 
usemtl PATCH_50
f 6111 6112 6146 6145 
usemtl PATCH_50
f 6145 6146 6180 6179 
usemtl PATCH_50
f 6179 6180 6214 6213 
usemtl PATCH_50
f 6213 6214 6248 6247 
usemtl PATCH_50
f 6247 6248 1048 1049 
usemtl PATCH_50
f 936 935 6045 6044 
usemtl PATCH_50
f 6044 6045 6079 6078 
usemtl PATCH_50
f 6078 6079 6113 6112 
usemtl PATCH_50
f 6112 6113 6147 6146 
usemtl PATCH_50
f 6146 6147 6181 6180 
usemtl PATCH_50
f 6180 6181 6215 6214 
usemtl PATCH_50
f 6214 6215 6249 6248 
usemtl PATCH_50
f 6248 6249 1047 1048 
usemtl PATCH_50
f 935 934 6046 6045 
usemtl PATCH_50
f 6045 6046 6080 6079 
usemtl PATCH_50
f 6079 6080 6114 6113 
usemtl PATCH_50
f 6113 6114 6148 6147 
usemtl PATCH_50
f 6147 6148 6182 6181 
usemtl PATCH_50
f 6181 6182 6216 6215 
usemtl PATCH_50
f 6215 6216 6250 6249 
usemtl PATCH_50
f 6249 6250 1046 1047 
usemtl PATCH_50
f 934 933 6047 6046 
usemtl PATCH_50
f 6046 6047 6081 6080 
usemtl PATCH_50
f 6080 6081 6115 6114 
usemtl PATCH_50
f 6114 6115 6149 6148 
usemtl PATCH_50
f 6148 6149 6183 6182 
usemtl PATCH_50
f 6182 6183 6217 6216 
usemtl PATCH_50
f 6216 6217 6251 6250 
usemtl PATCH_50
f 6250 6251 1045 1046 
usemtl PATCH_50
f 933 932 6048 6047 
usemtl PATCH_50
f 6047 6048 6082 6081 
usemtl PATCH_50
f 6081 6082 6116 6115 
usemtl PATCH_50
f 6115 6116 6150 6149 
usemtl PATCH_50
f 6149 6150 6184 6183 
usemtl PATCH_50
f 6183 6184 6218 6217 
usemtl PATCH_50
f 6217 6218 6252 6251 
usemtl PATCH_50
f 6251 6252 1044 1045 
usemtl PATCH_50
f 932 931 6049 6048 
usemtl PATCH_50
f 6048 6049 6083 6082 
usemtl PATCH_50
f 6082 6083 6117 6116 
usemtl PATCH_50
f 6116 6117 6151 6150 
usemtl PATCH_50
f 6150 6151 6185 6184 
usemtl PATCH_50
f 6184 6185 6219 6218 
usemtl PATCH_50
f 6218 6219 6253 6252 
usemtl PATCH_50
f 6252 6253 1043 1044 
usemtl PATCH_50
f 931 930 6050 6049 
usemtl PATCH_50
f 6049 6050 6084 6083 
usemtl PATCH_50
f 6083 6084 6118 6117 
usemtl PATCH_50
f 6117 6118 6152 6151 
usemtl PATCH_50
f 6151 6152 6186 6185 
usemtl PATCH_50
f 6185 6186 6220 6219 
usemtl PATCH_50
f 6219 6220 6254 6253 
usemtl PATCH_50
f 6253 6254 1042 1043 
usemtl PATCH_50
f 930 929 6051 6050 
usemtl PATCH_50
f 6050 6051 6085 6084 
usemtl PATCH_50
f 6084 6085 6119 6118 
usemtl PATCH_50
f 6118 6119 6153 6152 
usemtl PATCH_50
f 6152 6153 6187 6186 
usemtl PATCH_50
f 6186 6187 6221 6220 
usemtl PATCH_50
f 6220 6221 6255 6254 
usemtl PATCH_50
f 6254 6255 1041 1042 
usemtl PATCH_50
f 929 928 6052 6051 
usemtl PATCH_50
f 6051 6052 6086 6085 
usemtl PATCH_50
f 6085 6086 6120 6119 
usemtl PATCH_50
f 6119 6120 6154 6153 
usemtl PATCH_50
f 6153 6154 6188 6187 
usemtl PATCH_50
f 6187 6188 6222 6221 
usemtl PATCH_50
f 6221 6222 6256 6255 
usemtl PATCH_50
f 6255 6256 1040 1041 
usemtl PATCH_50
f 928 927 6053 6052 
usemtl PATCH_50
f 6052 6053 6087 6086 
usemtl PATCH_50
f 6086 6087 6121 6120 
usemtl PATCH_50
f 6120 6121 6155 6154 
usemtl PATCH_50
f 6154 6155 6189 6188 
usemtl PATCH_50
f 6188 6189 6223 6222 
usemtl PATCH_50
f 6222 6223 6257 6256 
usemtl PATCH_50
f 6256 6257 1039 1040 
usemtl PATCH_50
f 927 926 6054 6053 
usemtl PATCH_50
f 6053 6054 6088 6087 
usemtl PATCH_50
f 6087 6088 6122 6121 
usemtl PATCH_50
f 6121 6122 6156 6155 
usemtl PATCH_50
f 6155 6156 6190 6189 
usemtl PATCH_50
f 6189 6190 6224 6223 
usemtl PATCH_50
f 6223 6224 6258 6257 
usemtl PATCH_50
f 6257 6258 1038 1039 
usemtl PATCH_50
f 926 925 6055 6054 
usemtl PATCH_50
f 6054 6055 6089 6088 
usemtl PATCH_50
f 6088 6089 6123 6122 
usemtl PATCH_50
f 6122 6123 6157 6156 
usemtl PATCH_50
f 6156 6157 6191 6190 
usemtl PATCH_50
f 6190 6191 6225 6224 
usemtl PATCH_50
f 6224 6225 6259 6258 
usemtl PATCH_50
f 6258 6259 1037 1038 
usemtl PATCH_50
f 925 924 6056 6055 
usemtl PATCH_50
f 6055 6056 6090 6089 
usemtl PATCH_50
f 6089 6090 6124 6123 
usemtl PATCH_50
f 6123 6124 6158 6157 
usemtl PATCH_50
f 6157 6158 6192 6191 
usemtl PATCH_50
f 6191 6192 6226 6225 
usemtl PATCH_50
f 6225 6226 6260 6259 
usemtl PATCH_50
f 6259 6260 1036 1037 
usemtl PATCH_50
f 924 923 6057 6056 
usemtl PATCH_50
f 6056 6057 6091 6090 
usemtl PATCH_50
f 6090 6091 6125 6124 
usemtl PATCH_50
f 6124 6125 6159 6158 
usemtl PATCH_50
f 6158 6159 6193 6192 
usemtl PATCH_50
f 6192 6193 6227 6226 
usemtl PATCH_50
f 6226 6227 6261 6260 
usemtl PATCH_50
f 6260 6261 1035 1036 
usemtl PATCH_50
f 923 922 6058 6057 
usemtl PATCH_50
f 6057 6058 6092 6091 
usemtl PATCH_50
f 6091 6092 6126 6125 
usemtl PATCH_50
f 6125 6126 6160 6159 
usemtl PATCH_50
f 6159 6160 6194 6193 
usemtl PATCH_50
f 6193 6194 6228 6227 
usemtl PATCH_50
f 6227 6228 6262 6261 
usemtl PATCH_50
f 6261 6262 1034 1035 
usemtl PATCH_50
f 922 921 6059 6058 
usemtl PATCH_50
f 6058 6059 6093 6092 
usemtl PATCH_50
f 6092 6093 6127 6126 
usemtl PATCH_50
f 6126 6127 6161 6160 
usemtl PATCH_50
f 6160 6161 6195 6194 
usemtl PATCH_50
f 6194 6195 6229 6228 
usemtl PATCH_50
f 6228 6229 6263 6262 
usemtl PATCH_50
f 6262 6263 1033 1034 
usemtl PATCH_50
f 921 920 6060 6059 
usemtl PATCH_50
f 6059 6060 6094 6093 
usemtl PATCH_50
f 6093 6094 6128 6127 
usemtl PATCH_50
f 6127 6128 6162 6161 
usemtl PATCH_50
f 6161 6162 6196 6195 
usemtl PATCH_50
f 6195 6196 6230 6229 
usemtl PATCH_50
f 6229 6230 6264 6263 
usemtl PATCH_50
f 6263 6264 1032 1033 
usemtl PATCH_50
f 920 919 6061 6060 
usemtl PATCH_50
f 6060 6061 6095 6094 
usemtl PATCH_50
f 6094 6095 6129 6128 
usemtl PATCH_50
f 6128 6129 6163 6162 
usemtl PATCH_50
f 6162 6163 6197 6196 
usemtl PATCH_50
f 6196 6197 6231 6230 
usemtl PATCH_50
f 6230 6231 6265 6264 
usemtl PATCH_50
f 6264 6265 1031 1032 
usemtl PATCH_50
f 919 918 6062 6061 
usemtl PATCH_50
f 6061 6062 6096 6095 
usemtl PATCH_50
f 6095 6096 6130 6129 
usemtl PATCH_50
f 6129 6130 6164 6163 
usemtl PATCH_50
f 6163 6164 6198 6197 
usemtl PATCH_50
f 6197 6198 6232 6231 
usemtl PATCH_50
f 6231 6232 6266 6265 
usemtl PATCH_50
f 6265 6266 1030 1031 
usemtl PATCH_50
f 918 917 6063 6062 
usemtl PATCH_50
f 6062 6063 6097 6096 
usemtl PATCH_50
f 6096 6097 6131 6130 
usemtl PATCH_50
f 6130 6131 6165 6164 
usemtl PATCH_50
f 6164 6165 6199 6198 
usemtl PATCH_50
f 6198 6199 6233 6232 
usemtl PATCH_50
f 6232 6233 6267 6266 
usemtl PATCH_50
f 6266 6267 1029 1030 
usemtl PATCH_50
f 917 916 6064 6063 
usemtl PATCH_50
f 6063 6064 6098 6097 
usemtl PATCH_50
f 6097 6098 6132 6131 
usemtl PATCH_50
f 6131 6132 6166 6165 
usemtl PATCH_50
f 6165 6166 6200 6199 
usemtl PATCH_50
f 6199 6200 6234 6233 
usemtl PATCH_50
f 6233 6234 6268 6267 
usemtl PATCH_50
f 6267 6268 1028 1029 
usemtl PATCH_50
f 916 915 6065 6064 
usemtl PATCH_50
f 6064 6065 6099 6098 
usemtl PATCH_50
f 6098 6099 6133 6132 
usemtl PATCH_50
f 6132 6133 6167 6166 
usemtl PATCH_50
f 6166 6167 6201 6200 
usemtl PATCH_50
f 6200 6201 6235 6234 
usemtl PATCH_50
f 6234 6235 6269 6268 
usemtl PATCH_50
f 6268 6269 1027 1028 
usemtl PATCH_50
f 915 914 6066 6065 
usemtl PATCH_50
f 6065 6066 6100 6099 
usemtl PATCH_50
f 6099 6100 6134 6133 
usemtl PATCH_50
f 6133 6134 6168 6167 
usemtl PATCH_50
f 6167 6168 6202 6201 
usemtl PATCH_50
f 6201 6202 6236 6235 
usemtl PATCH_50
f 6235 6236 6270 6269 
usemtl PATCH_50
f 6269 6270 1026 1027 
usemtl PATCH_50
f 914 913 6067 6066 
usemtl PATCH_50
f 6066 6067 6101 6100 
usemtl PATCH_50
f 6100 6101 6135 6134 
usemtl PATCH_50
f 6134 6135 6169 6168 
usemtl PATCH_50
f 6168 6169 6203 6202 
usemtl PATCH_50
f 6202 6203 6237 6236 
usemtl PATCH_50
f 6236 6237 6271 6270 
usemtl PATCH_50
f 6270 6271 1025 1026 
usemtl PATCH_50
f 913 912 6068 6067 
usemtl PATCH_50
f 6067 6068 6102 6101 
usemtl PATCH_50
f 6101 6102 6136 6135 
usemtl PATCH_50
f 6135 6136 6170 6169 
usemtl PATCH_50
f 6169 6170 6204 6203 
usemtl PATCH_50
f 6203 6204 6238 6237 
usemtl PATCH_50
f 6237 6238 6272 6271 
usemtl PATCH_50
f 6271 6272 1024 1025 
usemtl PATCH_50
f 912 911 6069 6068 
usemtl PATCH_50
f 6068 6069 6103 6102 
usemtl PATCH_50
f 6102 6103 6137 6136 
usemtl PATCH_50
f 6136 6137 6171 6170 
usemtl PATCH_50
f 6170 6171 6205 6204 
usemtl PATCH_50
f 6204 6205 6239 6238 
usemtl PATCH_50
f 6238 6239 6273 6272 
usemtl PATCH_50
f 6272 6273 1023 1024 
usemtl PATCH_50
f 911 910 6070 6069 
usemtl PATCH_50
f 6069 6070 6104 6103 
usemtl PATCH_50
f 6103 6104 6138 6137 
usemtl PATCH_50
f 6137 6138 6172 6171 
usemtl PATCH_50
f 6171 6172 6206 6205 
usemtl PATCH_50
f 6205 6206 6240 6239 
usemtl PATCH_50
f 6239 6240 6274 6273 
usemtl PATCH_50
f 6273 6274 1022 1023 
usemtl PATCH_50
f 910 909 6071 6070 
usemtl PATCH_50
f 6070 6071 6105 6104 
usemtl PATCH_50
f 6104 6105 6139 6138 
usemtl PATCH_50
f 6138 6139 6173 6172 
usemtl PATCH_50
f 6172 6173 6207 6206 
usemtl PATCH_50
f 6206 6207 6241 6240 
usemtl PATCH_50
f 6240 6241 6275 6274 
usemtl PATCH_50
f 6274 6275 1021 1022 
usemtl PATCH_50
f 909 46 1014 6071 
usemtl PATCH_50
f 6071 1014 1015 6105 
usemtl PATCH_50
f 6105 1015 1016 6139 
usemtl PATCH_50
f 6139 1016 1017 6173 
usemtl PATCH_50
f 6173 1017 1018 6207 
usemtl PATCH_50
f 6207 1018 1019 6241 
usemtl PATCH_50
f 6241 1019 1020 6275 
usemtl PATCH_50
f 6275 1020 52 1021 
usemtl PATCH_37
f 49 1013 6276 958 
usemtl PATCH_37
f 958 6276 6284 959 
usemtl PATCH_37
f 959 6284 6292 960 
usemtl PATCH_37
f 960 6292 6300 961 
usemtl PATCH_37
f 961 6300 6308 962 
usemtl PATCH_37
f 962 6308 6316 963 
usemtl PATCH_37
f 963 6316 6324 964 
usemtl PATCH_37
f 964 6324 6332 965 
usemtl PATCH_37
f 965 6332 6340 966 
usemtl PATCH_37
f 966 6340 6348 967 
usemtl PATCH_37
f 967 6348 6356 968 
usemtl PATCH_37
f 968 6356 6364 969 
usemtl PATCH_37
f 969 6364 6372 970 
usemtl PATCH_37
f 970 6372 6380 971 
usemtl PATCH_37
f 971 6380 6388 972 
usemtl PATCH_37
f 972 6388 6396 973 
usemtl PATCH_37
f 973 6396 6404 974 
usemtl PATCH_37
f 974 6404 6412 975 
usemtl PATCH_37
f 975 6412 6420 976 
usemtl PATCH_37
f 976 6420 6428 977 
usemtl PATCH_37
f 977 6428 6436 978 
usemtl PATCH_37
f 978 6436 6444 979 
usemtl PATCH_37
f 979 6444 6452 980 
usemtl PATCH_37
f 980 6452 6460 981 
usemtl PATCH_37
f 981 6460 6468 982 
usemtl PATCH_37
f 982 6468 6476 983 
usemtl PATCH_37
f 983 6476 6484 984 
usemtl PATCH_37
f 984 6484 6492 985 
usemtl PATCH_37
f 985 6492 6500 986 
usemtl PATCH_37
f 986 6500 6508 987 
usemtl PATCH_37
f 987 6508 6516 988 
usemtl PATCH_37
f 988 6516 6524 989 
usemtl PATCH_37
f 989 6524 6532 990 
usemtl PATCH_37
f 990 6532 6540 991 
usemtl PATCH_37
f 991 6540 1062 50 
usemtl PATCH_37
f 1013 1012 6277 6276 
usemtl PATCH_37
f 6276 6277 6285 6284 
usemtl PATCH_37
f 6284 6285 6293 6292 
usemtl PATCH_37
f 6292 6293 6301 6300 
usemtl PATCH_37
f 6300 6301 6309 6308 
usemtl PATCH_37
f 6308 6309 6317 6316 
usemtl PATCH_37
f 6316 6317 6325 6324 
usemtl PATCH_37
f 6324 6325 6333 6332 
usemtl PATCH_37
f 6332 6333 6341 6340 
usemtl PATCH_37
f 6340 6341 6349 6348 
usemtl PATCH_37
f 6348 6349 6357 6356 
usemtl PATCH_37
f 6356 6357 6365 6364 
usemtl PATCH_37
f 6364 6365 6373 6372 
usemtl PATCH_37
f 6372 6373 6381 6380 
usemtl PATCH_37
f 6380 6381 6389 6388 
usemtl PATCH_37
f 6388 6389 6397 6396 
usemtl PATCH_37
f 6396 6397 6405 6404 
usemtl PATCH_37
f 6404 6405 6413 6412 
usemtl PATCH_37
f 6412 6413 6421 6420 
usemtl PATCH_37
f 6420 6421 6429 6428 
usemtl PATCH_37
f 6428 6429 6437 6436 
usemtl PATCH_37
f 6436 6437 6445 6444 
usemtl PATCH_37
f 6444 6445 6453 6452 
usemtl PATCH_37
f 6452 6453 6461 6460 
usemtl PATCH_37
f 6460 6461 6469 6468 
usemtl PATCH_37
f 6468 6469 6477 6476 
usemtl PATCH_37
f 6476 6477 6485 6484 
usemtl PATCH_37
f 6484 6485 6493 6492 
usemtl PATCH_37
f 6492 6493 6501 6500 
usemtl PATCH_37
f 6500 6501 6509 6508 
usemtl PATCH_37
f 6508 6509 6517 6516 
usemtl PATCH_37
f 6516 6517 6525 6524 
usemtl PATCH_37
f 6524 6525 6533 6532 
usemtl PATCH_37
f 6532 6533 6541 6540 
usemtl PATCH_37
f 6540 6541 1061 1062 
usemtl PATCH_37
f 1012 1011 6278 6277 
usemtl PATCH_37
f 6277 6278 6286 6285 
usemtl PATCH_37
f 6285 6286 6294 6293 
usemtl PATCH_37
f 6293 6294 6302 6301 
usemtl PATCH_37
f 6301 6302 6310 6309 
usemtl PATCH_37
f 6309 6310 6318 6317 
usemtl PATCH_37
f 6317 6318 6326 6325 
usemtl PATCH_37
f 6325 6326 6334 6333 
usemtl PATCH_37
f 6333 6334 6342 6341 
usemtl PATCH_37
f 6341 6342 6350 6349 
usemtl PATCH_37
f 6349 6350 6358 6357 
usemtl PATCH_37
f 6357 6358 6366 6365 
usemtl PATCH_37
f 6365 6366 6374 6373 
usemtl PATCH_37
f 6373 6374 6382 6381 
usemtl PATCH_37
f 6381 6382 6390 6389 
usemtl PATCH_37
f 6389 6390 6398 6397 
usemtl PATCH_37
f 6397 6398 6406 6405 
usemtl PATCH_37
f 6405 6406 6414 6413 
usemtl PATCH_37
f 6413 6414 6422 6421 
usemtl PATCH_37
f 6421 6422 6430 6429 
usemtl PATCH_37
f 6429 6430 6438 6437 
usemtl PATCH_37
f 6437 6438 6446 6445 
usemtl PATCH_37
f 6445 6446 6454 6453 
usemtl PATCH_37
f 6453 6454 6462 6461 
usemtl PATCH_37
f 6461 6462 6470 6469 
usemtl PATCH_37
f 6469 6470 6478 6477 
usemtl PATCH_37
f 6477 6478 6486 6485 
usemtl PATCH_37
f 6485 6486 6494 6493 
usemtl PATCH_37
f 6493 6494 6502 6501 
usemtl PATCH_37
f 6501 6502 6510 6509 
usemtl PATCH_37
f 6509 6510 6518 6517 
usemtl PATCH_37
f 6517 6518 6526 6525 
usemtl PATCH_37
f 6525 6526 6534 6533 
usemtl PATCH_37
f 6533 6534 6542 6541 
usemtl PATCH_37
f 6541 6542 1060 1061 
usemtl PATCH_37
f 1011 1010 6279 6278 
usemtl PATCH_37
f 6278 6279 6287 6286 
usemtl PATCH_37
f 6286 6287 6295 6294 
usemtl PATCH_37
f 6294 6295 6303 6302 
usemtl PATCH_37
f 6302 6303 6311 6310 
usemtl PATCH_37
f 6310 6311 6319 6318 
usemtl PATCH_37
f 6318 6319 6327 6326 
usemtl PATCH_37
f 6326 6327 6335 6334 
usemtl PATCH_37
f 6334 6335 6343 6342 
usemtl PATCH_37
f 6342 6343 6351 6350 
usemtl PATCH_37
f 6350 6351 6359 6358 
usemtl PATCH_37
f 6358 6359 6367 6366 
usemtl PATCH_37
f 6366 6367 6375 6374 
usemtl PATCH_37
f 6374 6375 6383 6382 
usemtl PATCH_37
f 6382 6383 6391 6390 
usemtl PATCH_37
f 6390 6391 6399 6398 
usemtl PATCH_37
f 6398 6399 6407 6406 
usemtl PATCH_37
f 6406 6407 6415 6414 
usemtl PATCH_37
f 6414 6415 6423 6422 
usemtl PATCH_37
f 6422 6423 6431 6430 
usemtl PATCH_37
f 6430 6431 6439 6438 
usemtl PATCH_37
f 6438 6439 6447 6446 
usemtl PATCH_37
f 6446 6447 6455 6454 
usemtl PATCH_37
f 6454 6455 6463 6462 
usemtl PATCH_37
f 6462 6463 6471 6470 
usemtl PATCH_37
f 6470 6471 6479 6478 
usemtl PATCH_37
f 6478 6479 6487 6486 
usemtl PATCH_37
f 6486 6487 6495 6494 
usemtl PATCH_37
f 6494 6495 6503 6502 
usemtl PATCH_37
f 6502 6503 6511 6510 
usemtl PATCH_37
f 6510 6511 6519 6518 
usemtl PATCH_37
f 6518 6519 6527 6526 
usemtl PATCH_37
f 6526 6527 6535 6534 
usemtl PATCH_37
f 6534 6535 6543 6542 
usemtl PATCH_37
f 6542 6543 1059 1060 
usemtl PATCH_37
f 1010 1009 6280 6279 
usemtl PATCH_37
f 6279 6280 6288 6287 
usemtl PATCH_37
f 6287 6288 6296 6295 
usemtl PATCH_37
f 6295 6296 6304 6303 
usemtl PATCH_37
f 6303 6304 6312 6311 
usemtl PATCH_37
f 6311 6312 6320 6319 
usemtl PATCH_37
f 6319 6320 6328 6327 
usemtl PATCH_37
f 6327 6328 6336 6335 
usemtl PATCH_37
f 6335 6336 6344 6343 
usemtl PATCH_37
f 6343 6344 6352 6351 
usemtl PATCH_37
f 6351 6352 6360 6359 
usemtl PATCH_37
f 6359 6360 6368 6367 
usemtl PATCH_37
f 6367 6368 6376 6375 
usemtl PATCH_37
f 6375 6376 6384 6383 
usemtl PATCH_37
f 6383 6384 6392 6391 
usemtl PATCH_37
f 6391 6392 6400 6399 
usemtl PATCH_37
f 6399 6400 6408 6407 
usemtl PATCH_37
f 6407 6408 6416 6415 
usemtl PATCH_37
f 6415 6416 6424 6423 
usemtl PATCH_37
f 6423 6424 6432 6431 
usemtl PATCH_37
f 6431 6432 6440 6439 
usemtl PATCH_37
f 6439 6440 6448 6447 
usemtl PATCH_37
f 6447 6448 6456 6455 
usemtl PATCH_37
f 6455 6456 6464 6463 
usemtl PATCH_37
f 6463 6464 6472 6471 
usemtl PATCH_37
f 6471 6472 6480 6479 
usemtl PATCH_37
f 6479 6480 6488 6487 
usemtl PATCH_37
f 6487 6488 6496 6495 
usemtl PATCH_37
f 6495 6496 6504 6503 
usemtl PATCH_37
f 6503 6504 6512 6511 
usemtl PATCH_37
f 6511 6512 6520 6519 
usemtl PATCH_37
f 6519 6520 6528 6527 
usemtl PATCH_37
f 6527 6528 6536 6535 
usemtl PATCH_37
f 6535 6536 6544 6543 
usemtl PATCH_37
f 6543 6544 1058 1059 
usemtl PATCH_37
f 1009 1008 6281 6280 
usemtl PATCH_37
f 6280 6281 6289 6288 
usemtl PATCH_37
f 6288 6289 6297 6296 
usemtl PATCH_37
f 6296 6297 6305 6304 
usemtl PATCH_37
f 6304 6305 6313 6312 
usemtl PATCH_37
f 6312 6313 6321 6320 
usemtl PATCH_37
f 6320 6321 6329 6328 
usemtl PATCH_37
f 6328 6329 6337 6336 
usemtl PATCH_37
f 6336 6337 6345 6344 
usemtl PATCH_37
f 6344 6345 6353 6352 
usemtl PATCH_37
f 6352 6353 6361 6360 
usemtl PATCH_37
f 6360 6361 6369 6368 
usemtl PATCH_37
f 6368 6369 6377 6376 
usemtl PATCH_37
f 6376 6377 6385 6384 
usemtl PATCH_37
f 6384 6385 6393 6392 
usemtl PATCH_37
f 6392 6393 6401 6400 
usemtl PATCH_37
f 6400 6401 6409 6408 
usemtl PATCH_37
f 6408 6409 6417 6416 
usemtl PATCH_37
f 6416 6417 6425 6424 
usemtl PATCH_37
f 6424 6425 6433 6432 
usemtl PATCH_37
f 6432 6433 6441 6440 
usemtl PATCH_37
f 6440 6441 6449 6448 
usemtl PATCH_37
f 6448 6449 6457 6456 
usemtl PATCH_37
f 6456 6457 6465 6464 
usemtl PATCH_37
f 6464 6465 6473 6472 
usemtl PATCH_37
f 6472 6473 6481 6480 
usemtl PATCH_37
f 6480 6481 6489 6488 
usemtl PATCH_37
f 6488 6489 6497 6496 
usemtl PATCH_37
f 6496 6497 6505 6504 
usemtl PATCH_37
f 6504 6505 6513 6512 
usemtl PATCH_37
f 6512 6513 6521 6520 
usemtl PATCH_37
f 6520 6521 6529 6528 
usemtl PATCH_37
f 6528 6529 6537 6536 
usemtl PATCH_37
f 6536 6537 6545 6544 
usemtl PATCH_37
f 6544 6545 1057 1058 
usemtl PATCH_37
f 1008 1007 6282 6281 
usemtl PATCH_37
f 6281 6282 6290 6289 
usemtl PATCH_37
f 6289 6290 6298 6297 
usemtl PATCH_37
f 6297 6298 6306 6305 
usemtl PATCH_37
f 6305 6306 6314 6313 
usemtl PATCH_37
f 6313 6314 6322 6321 
usemtl PATCH_37
f 6321 6322 6330 6329 
usemtl PATCH_37
f 6329 6330 6338 6337 
usemtl PATCH_37
f 6337 6338 6346 6345 
usemtl PATCH_37
f 6345 6346 6354 6353 
usemtl PATCH_37
f 6353 6354 6362 6361 
usemtl PATCH_37
f 6361 6362 6370 6369 
usemtl PATCH_37
f 6369 6370 6378 6377 
usemtl PATCH_37
f 6377 6378 6386 6385 
usemtl PATCH_37
f 6385 6386 6394 6393 
usemtl PATCH_37
f 6393 6394 6402 6401 
usemtl PATCH_37
f 6401 6402 6410 6409 
usemtl PATCH_37
f 6409 6410 6418 6417 
usemtl PATCH_37
f 6417 6418 6426 6425 
usemtl PATCH_37
f 6425 6426 6434 6433 
usemtl PATCH_37
f 6433 6434 6442 6441 
usemtl PATCH_37
f 6441 6442 6450 6449 
usemtl PATCH_37
f 6449 6450 6458 6457 
usemtl PATCH_37
f 6457 6458 6466 6465 
usemtl PATCH_37
f 6465 6466 6474 6473 
usemtl PATCH_37
f 6473 6474 6482 6481 
usemtl PATCH_37
f 6481 6482 6490 6489 
usemtl PATCH_37
f 6489 6490 6498 6497 
usemtl PATCH_37
f 6497 6498 6506 6505 
usemtl PATCH_37
f 6505 6506 6514 6513 
usemtl PATCH_37
f 6513 6514 6522 6521 
usemtl PATCH_37
f 6521 6522 6530 6529 
usemtl PATCH_37
f 6529 6530 6538 6537 
usemtl PATCH_37
f 6537 6538 6546 6545 
usemtl PATCH_37
f 6545 6546 1056 1057 
usemtl PATCH_37
f 1007 1006 6283 6282 
usemtl PATCH_37
f 6282 6283 6291 6290 
usemtl PATCH_37
f 6290 6291 6299 6298 
usemtl PATCH_37
f 6298 6299 6307 6306 
usemtl PATCH_37
f 6306 6307 6315 6314 
usemtl PATCH_37
f 6314 6315 6323 6322 
usemtl PATCH_37
f 6322 6323 6331 6330 
usemtl PATCH_37
f 6330 6331 6339 6338 
usemtl PATCH_37
f 6338 6339 6347 6346 
usemtl PATCH_37
f 6346 6347 6355 6354 
usemtl PATCH_37
f 6354 6355 6363 6362 
usemtl PATCH_37
f 6362 6363 6371 6370 
usemtl PATCH_37
f 6370 6371 6379 6378 
usemtl PATCH_37
f 6378 6379 6387 6386 
usemtl PATCH_37
f 6386 6387 6395 6394 
usemtl PATCH_37
f 6394 6395 6403 6402 
usemtl PATCH_37
f 6402 6403 6411 6410 
usemtl PATCH_37
f 6410 6411 6419 6418 
usemtl PATCH_37
f 6418 6419 6427 6426 
usemtl PATCH_37
f 6426 6427 6435 6434 
usemtl PATCH_37
f 6434 6435 6443 6442 
usemtl PATCH_37
f 6442 6443 6451 6450 
usemtl PATCH_37
f 6450 6451 6459 6458 
usemtl PATCH_37
f 6458 6459 6467 6466 
usemtl PATCH_37
f 6466 6467 6475 6474 
usemtl PATCH_37
f 6474 6475 6483 6482 
usemtl PATCH_37
f 6482 6483 6491 6490 
usemtl PATCH_37
f 6490 6491 6499 6498 
usemtl PATCH_37
f 6498 6499 6507 6506 
usemtl PATCH_37
f 6506 6507 6515 6514 
usemtl PATCH_37
f 6514 6515 6523 6522 
usemtl PATCH_37
f 6522 6523 6531 6530 
usemtl PATCH_37
f 6530 6531 6539 6538 
usemtl PATCH_37
f 6538 6539 6547 6546 
usemtl PATCH_37
f 6546 6547 1055 1056 
usemtl PATCH_37
f 1006 51 1054 6283 
usemtl PATCH_37
f 6283 1054 1053 6291 
usemtl PATCH_37
f 6291 1053 1052 6299 
usemtl PATCH_37
f 6299 1052 1051 6307 
usemtl PATCH_37
f 6307 1051 1050 6315 
usemtl PATCH_37
f 6315 1050 1049 6323 
usemtl PATCH_37
f 6323 1049 1048 6331 
usemtl PATCH_37
f 6331 1048 1047 6339 
usemtl PATCH_37
f 6339 1047 1046 6347 
usemtl PATCH_37
f 6347 1046 1045 6355 
usemtl PATCH_37
f 6355 1045 1044 6363 
usemtl PATCH_37
f 6363 1044 1043 6371 
usemtl PATCH_37
f 6371 1043 1042 6379 
usemtl PATCH_37
f 6379 1042 1041 6387 
usemtl PATCH_37
f 6387 1041 1040 6395 
usemtl PATCH_37
f 6395 1040 1039 6403 
usemtl PATCH_37
f 6403 1039 1038 6411 
usemtl PATCH_37
f 6411 1038 1037 6419 
usemtl PATCH_37
f 6419 1037 1036 6427 
usemtl PATCH_37
f 6427 1036 1035 6435 
usemtl PATCH_37
f 6435 1035 1034 6443 
usemtl PATCH_37
f 6443 1034 1033 6451 
usemtl PATCH_37
f 6451 1033 1032 6459 
usemtl PATCH_37
f 6459 1032 1031 6467 
usemtl PATCH_37
f 6467 1031 1030 6475 
usemtl PATCH_37
f 6475 1030 1029 6483 
usemtl PATCH_37
f 6483 1029 1028 6491 
usemtl PATCH_37
f 6491 1028 1027 6499 
usemtl PATCH_37
f 6499 1027 1026 6507 
usemtl PATCH_37
f 6507 1026 1025 6515 
usemtl PATCH_37
f 6515 1025 1024 6523 
usemtl PATCH_37
f 6523 1024 1023 6531 
usemtl PATCH_37
f 6531 1023 1022 6539 
usemtl PATCH_37
f 6539 1022 1021 6547 
usemtl PATCH_37
f 6547 1021 52 1055 
usemtl PATCH_2
f 31 414 6548 466 
usemtl PATCH_2
f 466 6548 6551 467 
usemtl PATCH_2
f 467 6551 6554 468 
usemtl PATCH_2
f 468 6554 6557 469 
usemtl PATCH_2
f 469 6557 6560 470 
usemtl PATCH_2
f 470 6560 6563 471 
usemtl PATCH_2
f 471 6563 6566 472 
usemtl PATCH_2
f 472 6566 1065 28 
usemtl PATCH_2
f 414 413 6549 6548 
usemtl PATCH_2
f 6548 6549 6552 6551 
usemtl PATCH_2
f 6551 6552 6555 6554 
usemtl PATCH_2
f 6554 6555 6558 6557 
usemtl PATCH_2
f 6557 6558 6561 6560 
usemtl PATCH_2
f 6560 6561 6564 6563 
usemtl PATCH_2
f 6563 6564 6567 6566 
usemtl PATCH_2
f 6566 6567 1064 1065 
usemtl PATCH_2
f 413 412 6550 6549 
usemtl PATCH_2
f 6549 6550 6553 6552 
usemtl PATCH_2
f 6552 6553 6556 6555 
usemtl PATCH_2
f 6555 6556 6559 6558 
usemtl PATCH_2
f 6558 6559 6562 6561 
usemtl PATCH_2
f 6561 6562 6565 6564 
usemtl PATCH_2
f 6564 6565 6568 6567 
usemtl PATCH_2
f 6567 6568 1063 1064 
usemtl PATCH_2
f 412 30 440 6550 
usemtl PATCH_2
f 6550 440 439 6553 
usemtl PATCH_2
f 6553 439 438 6556 
usemtl PATCH_2
f 6556 438 437 6559 
usemtl PATCH_2
f 6559 437 436 6562 
usemtl PATCH_2
f 6562 436 435 6565 
usemtl PATCH_2
f 6565 435 434 6568 
usemtl PATCH_2
f 6568 434 25 1063 
usemtl PATCH_10
f 26 348 6569 320 
usemtl PATCH_10
f 320 6569 6576 321 
usemtl PATCH_10
f 321 6576 6583 322 
usemtl PATCH_10
f 322 6583 286 24 
usemtl PATCH_10
f 348 347 6570 6569 
usemtl PATCH_10
f 6569 6570 6577 6576 
usemtl PATCH_10
f 6576 6577 6584 6583 
usemtl PATCH_10
f 6583 6584 287 286 
usemtl PATCH_10
f 347 346 6571 6570 
usemtl PATCH_10
f 6570 6571 6578 6577 
usemtl PATCH_10
f 6577 6578 6585 6584 
usemtl PATCH_10
f 6584 6585 288 287 
usemtl PATCH_10
f 346 345 6572 6571 
usemtl PATCH_10
f 6571 6572 6579 6578 
usemtl PATCH_10
f 6578 6579 6586 6585 
usemtl PATCH_10
f 6585 6586 289 288 
usemtl PATCH_10
f 345 344 6573 6572 
usemtl PATCH_10
f 6572 6573 6580 6579 
usemtl PATCH_10
f 6579 6580 6587 6586 
usemtl PATCH_10
f 6586 6587 290 289 
usemtl PATCH_10
f 344 343 6574 6573 
usemtl PATCH_10
f 6573 6574 6581 6580 
usemtl PATCH_10
f 6580 6581 6588 6587 
usemtl PATCH_10
f 6587 6588 291 290 
usemtl PATCH_10
f 343 342 6575 6574 
usemtl PATCH_10
f 6574 6575 6582 6581 
usemtl PATCH_10
f 6581 6582 6589 6588 
usemtl PATCH_10
f 6588 6589 292 291 
usemtl PATCH_10
f 342 28 1065 6575 
usemtl PATCH_10
f 6575 1065 1064 6582 
usemtl PATCH_10
f 6582 1064 1063 6589 
usemtl PATCH_10
f 6589 1063 25 292 
usemtl PATCH_66
f 8 269 6590 1079 
usemtl PATCH_66
f 1079 6590 6597 1078 
usemtl PATCH_66
f 1078 6597 6604 1077 
usemtl PATCH_66
f 1077 6604 6611 1076 
usemtl PATCH_66
f 1076 6611 6618 1075 
usemtl PATCH_66
f 1075 6618 6625 1074 
usemtl PATCH_66
f 1074 6625 6632 1073 
usemtl PATCH_66
f 1073 6632 1072 5 
usemtl PATCH_66
f 269 268 6591 6590 
usemtl PATCH_66
f 6590 6591 6598 6597 
usemtl PATCH_66
f 6597 6598 6605 6604 
usemtl PATCH_66
f 6604 6605 6612 6611 
usemtl PATCH_66
f 6611 6612 6619 6618 
usemtl PATCH_66
f 6618 6619 6626 6625 
usemtl PATCH_66
f 6625 6626 6633 6632 
usemtl PATCH_66
f 6632 6633 1071 1072 
usemtl PATCH_66
f 268 267 6592 6591 
usemtl PATCH_66
f 6591 6592 6599 6598 
usemtl PATCH_66
f 6598 6599 6606 6605 
usemtl PATCH_66
f 6605 6606 6613 6612 
usemtl PATCH_66
f 6612 6613 6620 6619 
usemtl PATCH_66
f 6619 6620 6627 6626 
usemtl PATCH_66
f 6626 6627 6634 6633 
usemtl PATCH_66
f 6633 6634 1070 1071 
usemtl PATCH_66
f 267 266 6593 6592 
usemtl PATCH_66
f 6592 6593 6600 6599 
usemtl PATCH_66
f 6599 6600 6607 6606 
usemtl PATCH_66
f 6606 6607 6614 6613 
usemtl PATCH_66
f 6613 6614 6621 6620 
usemtl PATCH_66
f 6620 6621 6628 6627 
usemtl PATCH_66
f 6627 6628 6635 6634 
usemtl PATCH_66
f 6634 6635 1069 1070 
usemtl PATCH_66
f 266 265 6594 6593 
usemtl PATCH_66
f 6593 6594 6601 6600 
usemtl PATCH_66
f 6600 6601 6608 6607 
usemtl PATCH_66
f 6607 6608 6615 6614 
usemtl PATCH_66
f 6614 6615 6622 6621 
usemtl PATCH_66
f 6621 6622 6629 6628 
usemtl PATCH_66
f 6628 6629 6636 6635 
usemtl PATCH_66
f 6635 6636 1068 1069 
usemtl PATCH_66
f 265 264 6595 6594 
usemtl PATCH_66
f 6594 6595 6602 6601 
usemtl PATCH_66
f 6601 6602 6609 6608 
usemtl PATCH_66
f 6608 6609 6616 6615 
usemtl PATCH_66
f 6615 6616 6623 6622 
usemtl PATCH_66
f 6622 6623 6630 6629 
usemtl PATCH_66
f 6629 6630 6637 6636 
usemtl PATCH_66
f 6636 6637 1067 1068 
usemtl PATCH_66
f 264 263 6596 6595 
usemtl PATCH_66
f 6595 6596 6603 6602 
usemtl PATCH_66
f 6602 6603 6610 6609 
usemtl PATCH_66
f 6609 6610 6617 6616 
usemtl PATCH_66
f 6616 6617 6624 6623 
usemtl PATCH_66
f 6623 6624 6631 6630 
usemtl PATCH_66
f 6630 6631 6638 6637 
usemtl PATCH_66
f 6637 6638 1066 1067 
usemtl PATCH_66
f 263 23 497 6596 
usemtl PATCH_66
f 6596 497 496 6603 
usemtl PATCH_66
f 6603 496 495 6610 
usemtl PATCH_66
f 6610 495 494 6617 
usemtl PATCH_66
f 6617 494 493 6624 
usemtl PATCH_66
f 6624 493 492 6631 
usemtl PATCH_66
f 6631 492 491 6638 
usemtl PATCH_66
f 6638 491 6 1066 
usemtl PATCH_24
f 53 1080 6639 1109 
usemtl PATCH_24
f 1109 6639 6646 1108 
usemtl PATCH_24
f 1108 6646 6653 1107 
usemtl PATCH_24
f 1107 6653 6660 1106 
usemtl PATCH_24
f 1106 6660 6667 1105 
usemtl PATCH_24
f 1105 6667 6674 1104 
usemtl PATCH_24
f 1104 6674 6681 1103 
usemtl PATCH_24
f 1103 6681 6688 1102 
usemtl PATCH_24
f 1102 6688 1101 56 
usemtl PATCH_24
f 1080 1081 6640 6639 
usemtl PATCH_24
f 6639 6640 6647 6646 
usemtl PATCH_24
f 6646 6647 6654 6653 
usemtl PATCH_24
f 6653 6654 6661 6660 
usemtl PATCH_24
f 6660 6661 6668 6667 
usemtl PATCH_24
f 6667 6668 6675 6674 
usemtl PATCH_24
f 6674 6675 6682 6681 
usemtl PATCH_24
f 6681 6682 6689 6688 
usemtl PATCH_24
f 6688 6689 1100 1101 
usemtl PATCH_24
f 1081 1082 6641 6640 
usemtl PATCH_24
f 6640 6641 6648 6647 
usemtl PATCH_24
f 6647 6648 6655 6654 
usemtl PATCH_24
f 6654 6655 6662 6661 
usemtl PATCH_24
f 6661 6662 6669 6668 
usemtl PATCH_24
f 6668 6669 6676 6675 
usemtl PATCH_24
f 6675 6676 6683 6682 
usemtl PATCH_24
f 6682 6683 6690 6689 
usemtl PATCH_24
f 6689 6690 1099 1100 
usemtl PATCH_24
f 1082 1083 6642 6641 
usemtl PATCH_24
f 6641 6642 6649 6648 
usemtl PATCH_24
f 6648 6649 6656 6655 
usemtl PATCH_24
f 6655 6656 6663 6662 
usemtl PATCH_24
f 6662 6663 6670 6669 
usemtl PATCH_24
f 6669 6670 6677 6676 
usemtl PATCH_24
f 6676 6677 6684 6683 
usemtl PATCH_24
f 6683 6684 6691 6690 
usemtl PATCH_24
f 6690 6691 1098 1099 
usemtl PATCH_24
f 1083 1084 6643 6642 
usemtl PATCH_24
f 6642 6643 6650 6649 
usemtl PATCH_24
f 6649 6650 6657 6656 
usemtl PATCH_24
f 6656 6657 6664 6663 
usemtl PATCH_24
f 6663 6664 6671 6670 
usemtl PATCH_24
f 6670 6671 6678 6677 
usemtl PATCH_24
f 6677 6678 6685 6684 
usemtl PATCH_24
f 6684 6685 6692 6691 
usemtl PATCH_24
f 6691 6692 1097 1098 
usemtl PATCH_24
f 1084 1085 6644 6643 
usemtl PATCH_24
f 6643 6644 6651 6650 
usemtl PATCH_24
f 6650 6651 6658 6657 
usemtl PATCH_24
f 6657 6658 6665 6664 
usemtl PATCH_24
f 6664 6665 6672 6671 
usemtl PATCH_24
f 6671 6672 6679 6678 
usemtl PATCH_24
f 6678 6679 6686 6685 
usemtl PATCH_24
f 6685 6686 6693 6692 
usemtl PATCH_24
f 6692 6693 1096 1097 
usemtl PATCH_24
f 1085 1086 6645 6644 
usemtl PATCH_24
f 6644 6645 6652 6651 
usemtl PATCH_24
f 6651 6652 6659 6658 
usemtl PATCH_24
f 6658 6659 6666 6665 
usemtl PATCH_24
f 6665 6666 6673 6672 
usemtl PATCH_24
f 6672 6673 6680 6679 
usemtl PATCH_24
f 6679 6680 6687 6686 
usemtl PATCH_24
f 6686 6687 6694 6693 
usemtl PATCH_24
f 6693 6694 1095 1096 
usemtl PATCH_24
f 1086 54 1087 6645 
usemtl PATCH_24
f 6645 1087 1088 6652 
usemtl PATCH_24
f 6652 1088 1089 6659 
usemtl PATCH_24
f 6659 1089 1090 6666 
usemtl PATCH_24
f 6666 1090 1091 6673 
usemtl PATCH_24
f 6673 1091 1092 6680 
usemtl PATCH_24
f 6680 1092 1093 6687 
usemtl PATCH_24
f 6687 1093 1094 6694 
usemtl PATCH_24
f 6694 1094 55 1095 
usemtl PATCH_21
f 53 1110 6695 1080 
usemtl PATCH_21
f 1080 6695 6725 1081 
usemtl PATCH_21
f 1081 6725 6755 1082 
usemtl PATCH_21
f 1082 6755 6785 1083 
usemtl PATCH_21
f 1083 6785 6815 1084 
usemtl PATCH_21
f 1084 6815 6845 1085 
usemtl PATCH_21
f 1085 6845 6875 1086 
usemtl PATCH_21
f 1086 6875 1176 54 
usemtl PATCH_21
f 1110 1111 6696 6695 
usemtl PATCH_21
f 6695 6696 6726 6725 
usemtl PATCH_21
f 6725 6726 6756 6755 
usemtl PATCH_21
f 6755 6756 6786 6785 
usemtl PATCH_21
f 6785 6786 6816 6815 
usemtl PATCH_21
f 6815 6816 6846 6845 
usemtl PATCH_21
f 6845 6846 6876 6875 
usemtl PATCH_21
f 6875 6876 1175 1176 
usemtl PATCH_21
f 1111 1112 6697 6696 
usemtl PATCH_21
f 6696 6697 6727 6726 
usemtl PATCH_21
f 6726 6727 6757 6756 
usemtl PATCH_21
f 6756 6757 6787 6786 
usemtl PATCH_21
f 6786 6787 6817 6816 
usemtl PATCH_21
f 6816 6817 6847 6846 
usemtl PATCH_21
f 6846 6847 6877 6876 
usemtl PATCH_21
f 6876 6877 1174 1175 
usemtl PATCH_21
f 1112 1113 6698 6697 
usemtl PATCH_21
f 6697 6698 6728 6727 
usemtl PATCH_21
f 6727 6728 6758 6757 
usemtl PATCH_21
f 6757 6758 6788 6787 
usemtl PATCH_21
f 6787 6788 6818 6817 
usemtl PATCH_21
f 6817 6818 6848 6847 
usemtl PATCH_21
f 6847 6848 6878 6877 
usemtl PATCH_21
f 6877 6878 1173 1174 
usemtl PATCH_21
f 1113 1114 6699 6698 
usemtl PATCH_21
f 6698 6699 6729 6728 
usemtl PATCH_21
f 6728 6729 6759 6758 
usemtl PATCH_21
f 6758 6759 6789 6788 
usemtl PATCH_21
f 6788 6789 6819 6818 
usemtl PATCH_21
f 6818 6819 6849 6848 
usemtl PATCH_21
f 6848 6849 6879 6878 
usemtl PATCH_21
f 6878 6879 1172 1173 
usemtl PATCH_21
f 1114 1115 6700 6699 
usemtl PATCH_21
f 6699 6700 6730 6729 
usemtl PATCH_21
f 6729 6730 6760 6759 
usemtl PATCH_21
f 6759 6760 6790 6789 
usemtl PATCH_21
f 6789 6790 6820 6819 
usemtl PATCH_21
f 6819 6820 6850 6849 
usemtl PATCH_21
f 6849 6850 6880 6879 
usemtl PATCH_21
f 6879 6880 1171 1172 
usemtl PATCH_21
f 1115 1116 6701 6700 
usemtl PATCH_21
f 6700 6701 6731 6730 
usemtl PATCH_21
f 6730 6731 6761 6760 
usemtl PATCH_21
f 6760 6761 6791 6790 
usemtl PATCH_21
f 6790 6791 6821 6820 
usemtl PATCH_21
f 6820 6821 6851 6850 
usemtl PATCH_21
f 6850 6851 6881 6880 
usemtl PATCH_21
f 6880 6881 1170 1171 
usemtl PATCH_21
f 1116 1117 6702 6701 
usemtl PATCH_21
f 6701 6702 6732 6731 
usemtl PATCH_21
f 6731 6732 6762 6761 
usemtl PATCH_21
f 6761 6762 6792 6791 
usemtl PATCH_21
f 6791 6792 6822 6821 
usemtl PATCH_21
f 6821 6822 6852 6851 
usemtl PATCH_21
f 6851 6852 6882 6881 
usemtl PATCH_21
f 6881 6882 1169 1170 
usemtl PATCH_21
f 1117 1118 6703 6702 
usemtl PATCH_21
f 6702 6703 6733 6732 
usemtl PATCH_21
f 6732 6733 6763 6762 
usemtl PATCH_21
f 6762 6763 6793 6792 
usemtl PATCH_21
f 6792 6793 6823 6822 
usemtl PATCH_21
f 6822 6823 6853 6852 
usemtl PATCH_21
f 6852 6853 6883 6882 
usemtl PATCH_21
f 6882 6883 1168 1169 
usemtl PATCH_21
f 1118 1119 6704 6703 
usemtl PATCH_21
f 6703 6704 6734 6733 
usemtl PATCH_21
f 6733 6734 6764 6763 
usemtl PATCH_21
f 6763 6764 6794 6793 
usemtl PATCH_21
f 6793 6794 6824 6823 
usemtl PATCH_21
f 6823 6824 6854 6853 
usemtl PATCH_21
f 6853 6854 6884 6883 
usemtl PATCH_21
f 6883 6884 1167 1168 
usemtl PATCH_21
f 1119 1120 6705 6704 
usemtl PATCH_21
f 6704 6705 6735 6734 
usemtl PATCH_21
f 6734 6735 6765 6764 
usemtl PATCH_21
f 6764 6765 6795 6794 
usemtl PATCH_21
f 6794 6795 6825 6824 
usemtl PATCH_21
f 6824 6825 6855 6854 
usemtl PATCH_21
f 6854 6855 6885 6884 
usemtl PATCH_21
f 6884 6885 1166 1167 
usemtl PATCH_21
f 1120 1121 6706 6705 
usemtl PATCH_21
f 6705 6706 6736 6735 
usemtl PATCH_21
f 6735 6736 6766 6765 
usemtl PATCH_21
f 6765 6766 6796 6795 
usemtl PATCH_21
f 6795 6796 6826 6825 
usemtl PATCH_21
f 6825 6826 6856 6855 
usemtl PATCH_21
f 6855 6856 6886 6885 
usemtl PATCH_21
f 6885 6886 1165 1166 
usemtl PATCH_21
f 1121 1122 6707 6706 
usemtl PATCH_21
f 6706 6707 6737 6736 
usemtl PATCH_21
f 6736 6737 6767 6766 
usemtl PATCH_21
f 6766 6767 6797 6796 
usemtl PATCH_21
f 6796 6797 6827 6826 
usemtl PATCH_21
f 6826 6827 6857 6856 
usemtl PATCH_21
f 6856 6857 6887 6886 
usemtl PATCH_21
f 6886 6887 1164 1165 
usemtl PATCH_21
f 1122 1123 6708 6707 
usemtl PATCH_21
f 6707 6708 6738 6737 
usemtl PATCH_21
f 6737 6738 6768 6767 
usemtl PATCH_21
f 6767 6768 6798 6797 
usemtl PATCH_21
f 6797 6798 6828 6827 
usemtl PATCH_21
f 6827 6828 6858 6857 
usemtl PATCH_21
f 6857 6858 6888 6887 
usemtl PATCH_21
f 6887 6888 1163 1164 
usemtl PATCH_21
f 1123 1124 6709 6708 
usemtl PATCH_21
f 6708 6709 6739 6738 
usemtl PATCH_21
f 6738 6739 6769 6768 
usemtl PATCH_21
f 6768 6769 6799 6798 
usemtl PATCH_21
f 6798 6799 6829 6828 
usemtl PATCH_21
f 6828 6829 6859 6858 
usemtl PATCH_21
f 6858 6859 6889 6888 
usemtl PATCH_21
f 6888 6889 1162 1163 
usemtl PATCH_21
f 1124 1125 6710 6709 
usemtl PATCH_21
f 6709 6710 6740 6739 
usemtl PATCH_21
f 6739 6740 6770 6769 
usemtl PATCH_21
f 6769 6770 6800 6799 
usemtl PATCH_21
f 6799 6800 6830 6829 
usemtl PATCH_21
f 6829 6830 6860 6859 
usemtl PATCH_21
f 6859 6860 6890 6889 
usemtl PATCH_21
f 6889 6890 1161 1162 
usemtl PATCH_21
f 1125 1126 6711 6710 
usemtl PATCH_21
f 6710 6711 6741 6740 
usemtl PATCH_21
f 6740 6741 6771 6770 
usemtl PATCH_21
f 6770 6771 6801 6800 
usemtl PATCH_21
f 6800 6801 6831 6830 
usemtl PATCH_21
f 6830 6831 6861 6860 
usemtl PATCH_21
f 6860 6861 6891 6890 
usemtl PATCH_21
f 6890 6891 1160 1161 
usemtl PATCH_21
f 1126 1127 6712 6711 
usemtl PATCH_21
f 6711 6712 6742 6741 
usemtl PATCH_21
f 6741 6742 6772 6771 
usemtl PATCH_21
f 6771 6772 6802 6801 
usemtl PATCH_21
f 6801 6802 6832 6831 
usemtl PATCH_21
f 6831 6832 6862 6861 
usemtl PATCH_21
f 6861 6862 6892 6891 
usemtl PATCH_21
f 6891 6892 1159 1160 
usemtl PATCH_21
f 1127 1128 6713 6712 
usemtl PATCH_21
f 6712 6713 6743 6742 
usemtl PATCH_21
f 6742 6743 6773 6772 
usemtl PATCH_21
f 6772 6773 6803 6802 
usemtl PATCH_21
f 6802 6803 6833 6832 
usemtl PATCH_21
f 6832 6833 6863 6862 
usemtl PATCH_21
f 6862 6863 6893 6892 
usemtl PATCH_21
f 6892 6893 1158 1159 
usemtl PATCH_21
f 1128 1129 6714 6713 
usemtl PATCH_21
f 6713 6714 6744 6743 
usemtl PATCH_21
f 6743 6744 6774 6773 
usemtl PATCH_21
f 6773 6774 6804 6803 
usemtl PATCH_21
f 6803 6804 6834 6833 
usemtl PATCH_21
f 6833 6834 6864 6863 
usemtl PATCH_21
f 6863 6864 6894 6893 
usemtl PATCH_21
f 6893 6894 1157 1158 
usemtl PATCH_21
f 1129 1130 6715 6714 
usemtl PATCH_21
f 6714 6715 6745 6744 
usemtl PATCH_21
f 6744 6745 6775 6774 
usemtl PATCH_21
f 6774 6775 6805 6804 
usemtl PATCH_21
f 6804 6805 6835 6834 
usemtl PATCH_21
f 6834 6835 6865 6864 
usemtl PATCH_21
f 6864 6865 6895 6894 
usemtl PATCH_21
f 6894 6895 1156 1157 
usemtl PATCH_21
f 1130 1131 6716 6715 
usemtl PATCH_21
f 6715 6716 6746 6745 
usemtl PATCH_21
f 6745 6746 6776 6775 
usemtl PATCH_21
f 6775 6776 6806 6805 
usemtl PATCH_21
f 6805 6806 6836 6835 
usemtl PATCH_21
f 6835 6836 6866 6865 
usemtl PATCH_21
f 6865 6866 6896 6895 
usemtl PATCH_21
f 6895 6896 1155 1156 
usemtl PATCH_21
f 1131 1132 6717 6716 
usemtl PATCH_21
f 6716 6717 6747 6746 
usemtl PATCH_21
f 6746 6747 6777 6776 
usemtl PATCH_21
f 6776 6777 6807 6806 
usemtl PATCH_21
f 6806 6807 6837 6836 
usemtl PATCH_21
f 6836 6837 6867 6866 
usemtl PATCH_21
f 6866 6867 6897 6896 
usemtl PATCH_21
f 6896 6897 1154 1155 
usemtl PATCH_21
f 1132 1133 6718 6717 
usemtl PATCH_21
f 6717 6718 6748 6747 
usemtl PATCH_21
f 6747 6748 6778 6777 
usemtl PATCH_21
f 6777 6778 6808 6807 
usemtl PATCH_21
f 6807 6808 6838 6837 
usemtl PATCH_21
f 6837 6838 6868 6867 
usemtl PATCH_21
f 6867 6868 6898 6897 
usemtl PATCH_21
f 6897 6898 1153 1154 
usemtl PATCH_21
f 1133 1134 6719 6718 
usemtl PATCH_21
f 6718 6719 6749 6748 
usemtl PATCH_21
f 6748 6749 6779 6778 
usemtl PATCH_21
f 6778 6779 6809 6808 
usemtl PATCH_21
f 6808 6809 6839 6838 
usemtl PATCH_21
f 6838 6839 6869 6868 
usemtl PATCH_21
f 6868 6869 6899 6898 
usemtl PATCH_21
f 6898 6899 1152 1153 
usemtl PATCH_21
f 1134 1135 6720 6719 
usemtl PATCH_21
f 6719 6720 6750 6749 
usemtl PATCH_21
f 6749 6750 6780 6779 
usemtl PATCH_21
f 6779 6780 6810 6809 
usemtl PATCH_21
f 6809 6810 6840 6839 
usemtl PATCH_21
f 6839 6840 6870 6869 
usemtl PATCH_21
f 6869 6870 6900 6899 
usemtl PATCH_21
f 6899 6900 1151 1152 
usemtl PATCH_21
f 1135 1136 6721 6720 
usemtl PATCH_21
f 6720 6721 6751 6750 
usemtl PATCH_21
f 6750 6751 6781 6780 
usemtl PATCH_21
f 6780 6781 6811 6810 
usemtl PATCH_21
f 6810 6811 6841 6840 
usemtl PATCH_21
f 6840 6841 6871 6870 
usemtl PATCH_21
f 6870 6871 6901 6900 
usemtl PATCH_21
f 6900 6901 1150 1151 
usemtl PATCH_21
f 1136 1137 6722 6721 
usemtl PATCH_21
f 6721 6722 6752 6751 
usemtl PATCH_21
f 6751 6752 6782 6781 
usemtl PATCH_21
f 6781 6782 6812 6811 
usemtl PATCH_21
f 6811 6812 6842 6841 
usemtl PATCH_21
f 6841 6842 6872 6871 
usemtl PATCH_21
f 6871 6872 6902 6901 
usemtl PATCH_21
f 6901 6902 1149 1150 
usemtl PATCH_21
f 1137 1138 6723 6722 
usemtl PATCH_21
f 6722 6723 6753 6752 
usemtl PATCH_21
f 6752 6753 6783 6782 
usemtl PATCH_21
f 6782 6783 6813 6812 
usemtl PATCH_21
f 6812 6813 6843 6842 
usemtl PATCH_21
f 6842 6843 6873 6872 
usemtl PATCH_21
f 6872 6873 6903 6902 
usemtl PATCH_21
f 6902 6903 1148 1149 
usemtl PATCH_21
f 1138 1139 6724 6723 
usemtl PATCH_21
f 6723 6724 6754 6753 
usemtl PATCH_21
f 6753 6754 6784 6783 
usemtl PATCH_21
f 6783 6784 6814 6813 
usemtl PATCH_21
f 6813 6814 6844 6843 
usemtl PATCH_21
f 6843 6844 6874 6873 
usemtl PATCH_21
f 6873 6874 6904 6903 
usemtl PATCH_21
f 6903 6904 1147 1148 
usemtl PATCH_21
f 1139 57 1140 6724 
usemtl PATCH_21
f 6724 1140 1141 6754 
usemtl PATCH_21
f 6754 1141 1142 6784 
usemtl PATCH_21
f 6784 1142 1143 6814 
usemtl PATCH_21
f 6814 1143 1144 6844 
usemtl PATCH_21
f 6844 1144 1145 6874 
usemtl PATCH_21
f 6874 1145 1146 6904 
usemtl PATCH_21
f 6904 1146 58 1147 
usemtl PATCH_20
f 53 1177 6905 1110 
usemtl PATCH_20
f 1110 6905 6912 1111 
usemtl PATCH_20
f 1111 6912 6919 1112 
usemtl PATCH_20
f 1112 6919 6926 1113 
usemtl PATCH_20
f 1113 6926 6933 1114 
usemtl PATCH_20
f 1114 6933 6940 1115 
usemtl PATCH_20
f 1115 6940 6947 1116 
usemtl PATCH_20
f 1116 6947 6954 1117 
usemtl PATCH_20
f 1117 6954 6961 1118 
usemtl PATCH_20
f 1118 6961 6968 1119 
usemtl PATCH_20
f 1119 6968 6975 1120 
usemtl PATCH_20
f 1120 6975 6982 1121 
usemtl PATCH_20
f 1121 6982 6989 1122 
usemtl PATCH_20
f 1122 6989 6996 1123 
usemtl PATCH_20
f 1123 6996 7003 1124 
usemtl PATCH_20
f 1124 7003 7010 1125 
usemtl PATCH_20
f 1125 7010 7017 1126 
usemtl PATCH_20
f 1126 7017 7024 1127 
usemtl PATCH_20
f 1127 7024 7031 1128 
usemtl PATCH_20
f 1128 7031 7038 1129 
usemtl PATCH_20
f 1129 7038 7045 1130 
usemtl PATCH_20
f 1130 7045 7052 1131 
usemtl PATCH_20
f 1131 7052 7059 1132 
usemtl PATCH_20
f 1132 7059 7066 1133 
usemtl PATCH_20
f 1133 7066 7073 1134 
usemtl PATCH_20
f 1134 7073 7080 1135 
usemtl PATCH_20
f 1135 7080 7087 1136 
usemtl PATCH_20
f 1136 7087 7094 1137 
usemtl PATCH_20
f 1137 7094 7101 1138 
usemtl PATCH_20
f 1138 7101 7108 1139 
usemtl PATCH_20
f 1139 7108 1220 57 
usemtl PATCH_20
f 1177 1178 6906 6905 
usemtl PATCH_20
f 6905 6906 6913 6912 
usemtl PATCH_20
f 6912 6913 6920 6919 
usemtl PATCH_20
f 6919 6920 6927 6926 
usemtl PATCH_20
f 6926 6927 6934 6933 
usemtl PATCH_20
f 6933 6934 6941 6940 
usemtl PATCH_20
f 6940 6941 6948 6947 
usemtl PATCH_20
f 6947 6948 6955 6954 
usemtl PATCH_20
f 6954 6955 6962 6961 
usemtl PATCH_20
f 6961 6962 6969 6968 
usemtl PATCH_20
f 6968 6969 6976 6975 
usemtl PATCH_20
f 6975 6976 6983 6982 
usemtl PATCH_20
f 6982 6983 6990 6989 
usemtl PATCH_20
f 6989 6990 6997 6996 
usemtl PATCH_20
f 6996 6997 7004 7003 
usemtl PATCH_20
f 7003 7004 7011 7010 
usemtl PATCH_20
f 7010 7011 7018 7017 
usemtl PATCH_20
f 7017 7018 7025 7024 
usemtl PATCH_20
f 7024 7025 7032 7031 
usemtl PATCH_20
f 7031 7032 7039 7038 
usemtl PATCH_20
f 7038 7039 7046 7045 
usemtl PATCH_20
f 7045 7046 7053 7052 
usemtl PATCH_20
f 7052 7053 7060 7059 
usemtl PATCH_20
f 7059 7060 7067 7066 
usemtl PATCH_20
f 7066 7067 7074 7073 
usemtl PATCH_20
f 7073 7074 7081 7080 
usemtl PATCH_20
f 7080 7081 7088 7087 
usemtl PATCH_20
f 7087 7088 7095 7094 
usemtl PATCH_20
f 7094 7095 7102 7101 
usemtl PATCH_20
f 7101 7102 7109 7108 
usemtl PATCH_20
f 7108 7109 1219 1220 
usemtl PATCH_20
f 1178 1179 6907 6906 
usemtl PATCH_20
f 6906 6907 6914 6913 
usemtl PATCH_20
f 6913 6914 6921 6920 
usemtl PATCH_20
f 6920 6921 6928 6927 
usemtl PATCH_20
f 6927 6928 6935 6934 
usemtl PATCH_20
f 6934 6935 6942 6941 
usemtl PATCH_20
f 6941 6942 6949 6948 
usemtl PATCH_20
f 6948 6949 6956 6955 
usemtl PATCH_20
f 6955 6956 6963 6962 
usemtl PATCH_20
f 6962 6963 6970 6969 
usemtl PATCH_20
f 6969 6970 6977 6976 
usemtl PATCH_20
f 6976 6977 6984 6983 
usemtl PATCH_20
f 6983 6984 6991 6990 
usemtl PATCH_20
f 6990 6991 6998 6997 
usemtl PATCH_20
f 6997 6998 7005 7004 
usemtl PATCH_20
f 7004 7005 7012 7011 
usemtl PATCH_20
f 7011 7012 7019 7018 
usemtl PATCH_20
f 7018 7019 7026 7025 
usemtl PATCH_20
f 7025 7026 7033 7032 
usemtl PATCH_20
f 7032 7033 7040 7039 
usemtl PATCH_20
f 7039 7040 7047 7046 
usemtl PATCH_20
f 7046 7047 7054 7053 
usemtl PATCH_20
f 7053 7054 7061 7060 
usemtl PATCH_20
f 7060 7061 7068 7067 
usemtl PATCH_20
f 7067 7068 7075 7074 
usemtl PATCH_20
f 7074 7075 7082 7081 
usemtl PATCH_20
f 7081 7082 7089 7088 
usemtl PATCH_20
f 7088 7089 7096 7095 
usemtl PATCH_20
f 7095 7096 7103 7102 
usemtl PATCH_20
f 7102 7103 7110 7109 
usemtl PATCH_20
f 7109 7110 1218 1219 
usemtl PATCH_20
f 1179 1180 6908 6907 
usemtl PATCH_20
f 6907 6908 6915 6914 
usemtl PATCH_20
f 6914 6915 6922 6921 
usemtl PATCH_20
f 6921 6922 6929 6928 
usemtl PATCH_20
f 6928 6929 6936 6935 
usemtl PATCH_20
f 6935 6936 6943 6942 
usemtl PATCH_20
f 6942 6943 6950 6949 
usemtl PATCH_20
f 6949 6950 6957 6956 
usemtl PATCH_20
f 6956 6957 6964 6963 
usemtl PATCH_20
f 6963 6964 6971 6970 
usemtl PATCH_20
f 6970 6971 6978 6977 
usemtl PATCH_20
f 6977 6978 6985 6984 
usemtl PATCH_20
f 6984 6985 6992 6991 
usemtl PATCH_20
f 6991 6992 6999 6998 
usemtl PATCH_20
f 6998 6999 7006 7005 
usemtl PATCH_20
f 7005 7006 7013 7012 
usemtl PATCH_20
f 7012 7013 7020 7019 
usemtl PATCH_20
f 7019 7020 7027 7026 
usemtl PATCH_20
f 7026 7027 7034 7033 
usemtl PATCH_20
f 7033 7034 7041 7040 
usemtl PATCH_20
f 7040 7041 7048 7047 
usemtl PATCH_20
f 7047 7048 7055 7054 
usemtl PATCH_20
f 7054 7055 7062 7061 
usemtl PATCH_20
f 7061 7062 7069 7068 
usemtl PATCH_20
f 7068 7069 7076 7075 
usemtl PATCH_20
f 7075 7076 7083 7082 
usemtl PATCH_20
f 7082 7083 7090 7089 
usemtl PATCH_20
f 7089 7090 7097 7096 
usemtl PATCH_20
f 7096 7097 7104 7103 
usemtl PATCH_20
f 7103 7104 7111 7110 
usemtl PATCH_20
f 7110 7111 1217 1218 
usemtl PATCH_20
f 1180 1181 6909 6908 
usemtl PATCH_20
f 6908 6909 6916 6915 
usemtl PATCH_20
f 6915 6916 6923 6922 
usemtl PATCH_20
f 6922 6923 6930 6929 
usemtl PATCH_20
f 6929 6930 6937 6936 
usemtl PATCH_20
f 6936 6937 6944 6943 
usemtl PATCH_20
f 6943 6944 6951 6950 
usemtl PATCH_20
f 6950 6951 6958 6957 
usemtl PATCH_20
f 6957 6958 6965 6964 
usemtl PATCH_20
f 6964 6965 6972 6971 
usemtl PATCH_20
f 6971 6972 6979 6978 
usemtl PATCH_20
f 6978 6979 6986 6985 
usemtl PATCH_20
f 6985 6986 6993 6992 
usemtl PATCH_20
f 6992 6993 7000 6999 
usemtl PATCH_20
f 6999 7000 7007 7006 
usemtl PATCH_20
f 7006 7007 7014 7013 
usemtl PATCH_20
f 7013 7014 7021 7020 
usemtl PATCH_20
f 7020 7021 7028 7027 
usemtl PATCH_20
f 7027 7028 7035 7034 
usemtl PATCH_20
f 7034 7035 7042 7041 
usemtl PATCH_20
f 7041 7042 7049 7048 
usemtl PATCH_20
f 7048 7049 7056 7055 
usemtl PATCH_20
f 7055 7056 7063 7062 
usemtl PATCH_20
f 7062 7063 7070 7069 
usemtl PATCH_20
f 7069 7070 7077 7076 
usemtl PATCH_20
f 7076 7077 7084 7083 
usemtl PATCH_20
f 7083 7084 7091 7090 
usemtl PATCH_20
f 7090 7091 7098 7097 
usemtl PATCH_20
f 7097 7098 7105 7104 
usemtl PATCH_20
f 7104 7105 7112 7111 
usemtl PATCH_20
f 7111 7112 1216 1217 
usemtl PATCH_20
f 1181 1182 6910 6909 
usemtl PATCH_20
f 6909 6910 6917 6916 
usemtl PATCH_20
f 6916 6917 6924 6923 
usemtl PATCH_20
f 6923 6924 6931 6930 
usemtl PATCH_20
f 6930 6931 6938 6937 
usemtl PATCH_20
f 6937 6938 6945 6944 
usemtl PATCH_20
f 6944 6945 6952 6951 
usemtl PATCH_20
f 6951 6952 6959 6958 
usemtl PATCH_20
f 6958 6959 6966 6965 
usemtl PATCH_20
f 6965 6966 6973 6972 
usemtl PATCH_20
f 6972 6973 6980 6979 
usemtl PATCH_20
f 6979 6980 6987 6986 
usemtl PATCH_20
f 6986 6987 6994 6993 
usemtl PATCH_20
f 6993 6994 7001 7000 
usemtl PATCH_20
f 7000 7001 7008 7007 
usemtl PATCH_20
f 7007 7008 7015 7014 
usemtl PATCH_20
f 7014 7015 7022 7021 
usemtl PATCH_20
f 7021 7022 7029 7028 
usemtl PATCH_20
f 7028 7029 7036 7035 
usemtl PATCH_20
f 7035 7036 7043 7042 
usemtl PATCH_20
f 7042 7043 7050 7049 
usemtl PATCH_20
f 7049 7050 7057 7056 
usemtl PATCH_20
f 7056 7057 7064 7063 
usemtl PATCH_20
f 7063 7064 7071 7070 
usemtl PATCH_20
f 7070 7071 7078 7077 
usemtl PATCH_20
f 7077 7078 7085 7084 
usemtl PATCH_20
f 7084 7085 7092 7091 
usemtl PATCH_20
f 7091 7092 7099 7098 
usemtl PATCH_20
f 7098 7099 7106 7105 
usemtl PATCH_20
f 7105 7106 7113 7112 
usemtl PATCH_20
f 7112 7113 1215 1216 
usemtl PATCH_20
f 1182 1183 6911 6910 
usemtl PATCH_20
f 6910 6911 6918 6917 
usemtl PATCH_20
f 6917 6918 6925 6924 
usemtl PATCH_20
f 6924 6925 6932 6931 
usemtl PATCH_20
f 6931 6932 6939 6938 
usemtl PATCH_20
f 6938 6939 6946 6945 
usemtl PATCH_20
f 6945 6946 6953 6952 
usemtl PATCH_20
f 6952 6953 6960 6959 
usemtl PATCH_20
f 6959 6960 6967 6966 
usemtl PATCH_20
f 6966 6967 6974 6973 
usemtl PATCH_20
f 6973 6974 6981 6980 
usemtl PATCH_20
f 6980 6981 6988 6987 
usemtl PATCH_20
f 6987 6988 6995 6994 
usemtl PATCH_20
f 6994 6995 7002 7001 
usemtl PATCH_20
f 7001 7002 7009 7008 
usemtl PATCH_20
f 7008 7009 7016 7015 
usemtl PATCH_20
f 7015 7016 7023 7022 
usemtl PATCH_20
f 7022 7023 7030 7029 
usemtl PATCH_20
f 7029 7030 7037 7036 
usemtl PATCH_20
f 7036 7037 7044 7043 
usemtl PATCH_20
f 7043 7044 7051 7050 
usemtl PATCH_20
f 7050 7051 7058 7057 
usemtl PATCH_20
f 7057 7058 7065 7064 
usemtl PATCH_20
f 7064 7065 7072 7071 
usemtl PATCH_20
f 7071 7072 7079 7078 
usemtl PATCH_20
f 7078 7079 7086 7085 
usemtl PATCH_20
f 7085 7086 7093 7092 
usemtl PATCH_20
f 7092 7093 7100 7099 
usemtl PATCH_20
f 7099 7100 7107 7106 
usemtl PATCH_20
f 7106 7107 7114 7113 
usemtl PATCH_20
f 7113 7114 1214 1215 
usemtl PATCH_20
f 1183 40 1184 6911 
usemtl PATCH_20
f 6911 1184 1185 6918 
usemtl PATCH_20
f 6918 1185 1186 6925 
usemtl PATCH_20
f 6925 1186 1187 6932 
usemtl PATCH_20
f 6932 1187 1188 6939 
usemtl PATCH_20
f 6939 1188 1189 6946 
usemtl PATCH_20
f 6946 1189 1190 6953 
usemtl PATCH_20
f 6953 1190 1191 6960 
usemtl PATCH_20
f 6960 1191 1192 6967 
usemtl PATCH_20
f 6967 1192 1193 6974 
usemtl PATCH_20
f 6974 1193 1194 6981 
usemtl PATCH_20
f 6981 1194 1195 6988 
usemtl PATCH_20
f 6988 1195 1196 6995 
usemtl PATCH_20
f 6995 1196 1197 7002 
usemtl PATCH_20
f 7002 1197 1198 7009 
usemtl PATCH_20
f 7009 1198 1199 7016 
usemtl PATCH_20
f 7016 1199 1200 7023 
usemtl PATCH_20
f 7023 1200 1201 7030 
usemtl PATCH_20
f 7030 1201 1202 7037 
usemtl PATCH_20
f 7037 1202 1203 7044 
usemtl PATCH_20
f 7044 1203 1204 7051 
usemtl PATCH_20
f 7051 1204 1205 7058 
usemtl PATCH_20
f 7058 1205 1206 7065 
usemtl PATCH_20
f 7065 1206 1207 7072 
usemtl PATCH_20
f 7072 1207 1208 7079 
usemtl PATCH_20
f 7079 1208 1209 7086 
usemtl PATCH_20
f 7086 1209 1210 7093 
usemtl PATCH_20
f 7093 1210 1211 7100 
usemtl PATCH_20
f 7100 1211 1212 7107 
usemtl PATCH_20
f 7107 1212 1213 7114 
usemtl PATCH_20
f 7114 1213 59 1214 
usemtl PATCH_23
f 53 1109 7115 1177 
usemtl PATCH_23
f 1177 7115 7123 1178 
usemtl PATCH_23
f 1178 7123 7131 1179 
usemtl PATCH_23
f 1179 7131 7139 1180 
usemtl PATCH_23
f 1180 7139 7147 1181 
usemtl PATCH_23
f 1181 7147 7155 1182 
usemtl PATCH_23
f 1182 7155 7163 1183 
usemtl PATCH_23
f 1183 7163 713 40 
usemtl PATCH_23
f 1109 1108 7116 7115 
usemtl PATCH_23
f 7115 7116 7124 7123 
usemtl PATCH_23
f 7123 7124 7132 7131 
usemtl PATCH_23
f 7131 7132 7140 7139 
usemtl PATCH_23
f 7139 7140 7148 7147 
usemtl PATCH_23
f 7147 7148 7156 7155 
usemtl PATCH_23
f 7155 7156 7164 7163 
usemtl PATCH_23
f 7163 7164 714 713 
usemtl PATCH_23
f 1108 1107 7117 7116 
usemtl PATCH_23
f 7116 7117 7125 7124 
usemtl PATCH_23
f 7124 7125 7133 7132 
usemtl PATCH_23
f 7132 7133 7141 7140 
usemtl PATCH_23
f 7140 7141 7149 7148 
usemtl PATCH_23
f 7148 7149 7157 7156 
usemtl PATCH_23
f 7156 7157 7165 7164 
usemtl PATCH_23
f 7164 7165 715 714 
usemtl PATCH_23
f 1107 1106 7118 7117 
usemtl PATCH_23
f 7117 7118 7126 7125 
usemtl PATCH_23
f 7125 7126 7134 7133 
usemtl PATCH_23
f 7133 7134 7142 7141 
usemtl PATCH_23
f 7141 7142 7150 7149 
usemtl PATCH_23
f 7149 7150 7158 7157 
usemtl PATCH_23
f 7157 7158 7166 7165 
usemtl PATCH_23
f 7165 7166 716 715 
usemtl PATCH_23
f 1106 1105 7119 7118 
usemtl PATCH_23
f 7118 7119 7127 7126 
usemtl PATCH_23
f 7126 7127 7135 7134 
usemtl PATCH_23
f 7134 7135 7143 7142 
usemtl PATCH_23
f 7142 7143 7151 7150 
usemtl PATCH_23
f 7150 7151 7159 7158 
usemtl PATCH_23
f 7158 7159 7167 7166 
usemtl PATCH_23
f 7166 7167 717 716 
usemtl PATCH_23
f 1105 1104 7120 7119 
usemtl PATCH_23
f 7119 7120 7128 7127 
usemtl PATCH_23
f 7127 7128 7136 7135 
usemtl PATCH_23
f 7135 7136 7144 7143 
usemtl PATCH_23
f 7143 7144 7152 7151 
usemtl PATCH_23
f 7151 7152 7160 7159 
usemtl PATCH_23
f 7159 7160 7168 7167 
usemtl PATCH_23
f 7167 7168 718 717 
usemtl PATCH_23
f 1104 1103 7121 7120 
usemtl PATCH_23
f 7120 7121 7129 7128 
usemtl PATCH_23
f 7128 7129 7137 7136 
usemtl PATCH_23
f 7136 7137 7145 7144 
usemtl PATCH_23
f 7144 7145 7153 7152 
usemtl PATCH_23
f 7152 7153 7161 7160 
usemtl PATCH_23
f 7160 7161 7169 7168 
usemtl PATCH_23
f 7168 7169 719 718 
usemtl PATCH_23
f 1103 1102 7122 7121 
usemtl PATCH_23
f 7121 7122 7130 7129 
usemtl PATCH_23
f 7129 7130 7138 7137 
usemtl PATCH_23
f 7137 7138 7146 7145 
usemtl PATCH_23
f 7145 7146 7154 7153 
usemtl PATCH_23
f 7153 7154 7162 7161 
usemtl PATCH_23
f 7161 7162 7170 7169 
usemtl PATCH_23
f 7169 7170 720 719 
usemtl PATCH_23
f 1102 56 1221 7122 
usemtl PATCH_23
f 7122 1221 1222 7130 
usemtl PATCH_23
f 7130 1222 1223 7138 
usemtl PATCH_23
f 7138 1223 1224 7146 
usemtl PATCH_23
f 7146 1224 1225 7154 
usemtl PATCH_23
f 7154 1225 1226 7162 
usemtl PATCH_23
f 7162 1226 1227 7170 
usemtl PATCH_23
f 7170 1227 41 720 
usemtl PATCH_40
f 56 1228 7171 1221 
usemtl PATCH_40
f 1221 7171 7195 1222 
usemtl PATCH_40
f 1222 7195 7219 1223 
usemtl PATCH_40
f 1223 7219 7243 1224 
usemtl PATCH_40
f 1224 7243 7267 1225 
usemtl PATCH_40
f 1225 7267 7291 1226 
usemtl PATCH_40
f 1226 7291 7315 1227 
usemtl PATCH_40
f 1227 7315 1282 41 
usemtl PATCH_40
f 1228 1229 7172 7171 
usemtl PATCH_40
f 7171 7172 7196 7195 
usemtl PATCH_40
f 7195 7196 7220 7219 
usemtl PATCH_40
f 7219 7220 7244 7243 
usemtl PATCH_40
f 7243 7244 7268 7267 
usemtl PATCH_40
f 7267 7268 7292 7291 
usemtl PATCH_40
f 7291 7292 7316 7315 
usemtl PATCH_40
f 7315 7316 1281 1282 
usemtl PATCH_40
f 1229 1230 7173 7172 
usemtl PATCH_40
f 7172 7173 7197 7196 
usemtl PATCH_40
f 7196 7197 7221 7220 
usemtl PATCH_40
f 7220 7221 7245 7244 
usemtl PATCH_40
f 7244 7245 7269 7268 
usemtl PATCH_40
f 7268 7269 7293 7292 
usemtl PATCH_40
f 7292 7293 7317 7316 
usemtl PATCH_40
f 7316 7317 1280 1281 
usemtl PATCH_40
f 1230 1231 7174 7173 
usemtl PATCH_40
f 7173 7174 7198 7197 
usemtl PATCH_40
f 7197 7198 7222 7221 
usemtl PATCH_40
f 7221 7222 7246 7245 
usemtl PATCH_40
f 7245 7246 7270 7269 
usemtl PATCH_40
f 7269 7270 7294 7293 
usemtl PATCH_40
f 7293 7294 7318 7317 
usemtl PATCH_40
f 7317 7318 1279 1280 
usemtl PATCH_40
f 1231 1232 7175 7174 
usemtl PATCH_40
f 7174 7175 7199 7198 
usemtl PATCH_40
f 7198 7199 7223 7222 
usemtl PATCH_40
f 7222 7223 7247 7246 
usemtl PATCH_40
f 7246 7247 7271 7270 
usemtl PATCH_40
f 7270 7271 7295 7294 
usemtl PATCH_40
f 7294 7295 7319 7318 
usemtl PATCH_40
f 7318 7319 1278 1279 
usemtl PATCH_40
f 1232 1233 7176 7175 
usemtl PATCH_40
f 7175 7176 7200 7199 
usemtl PATCH_40
f 7199 7200 7224 7223 
usemtl PATCH_40
f 7223 7224 7248 7247 
usemtl PATCH_40
f 7247 7248 7272 7271 
usemtl PATCH_40
f 7271 7272 7296 7295 
usemtl PATCH_40
f 7295 7296 7320 7319 
usemtl PATCH_40
f 7319 7320 1277 1278 
usemtl PATCH_40
f 1233 1234 7177 7176 
usemtl PATCH_40
f 7176 7177 7201 7200 
usemtl PATCH_40
f 7200 7201 7225 7224 
usemtl PATCH_40
f 7224 7225 7249 7248 
usemtl PATCH_40
f 7248 7249 7273 7272 
usemtl PATCH_40
f 7272 7273 7297 7296 
usemtl PATCH_40
f 7296 7297 7321 7320 
usemtl PATCH_40
f 7320 7321 1276 1277 
usemtl PATCH_40
f 1234 1235 7178 7177 
usemtl PATCH_40
f 7177 7178 7202 7201 
usemtl PATCH_40
f 7201 7202 7226 7225 
usemtl PATCH_40
f 7225 7226 7250 7249 
usemtl PATCH_40
f 7249 7250 7274 7273 
usemtl PATCH_40
f 7273 7274 7298 7297 
usemtl PATCH_40
f 7297 7298 7322 7321 
usemtl PATCH_40
f 7321 7322 1275 1276 
usemtl PATCH_40
f 1235 1236 7179 7178 
usemtl PATCH_40
f 7178 7179 7203 7202 
usemtl PATCH_40
f 7202 7203 7227 7226 
usemtl PATCH_40
f 7226 7227 7251 7250 
usemtl PATCH_40
f 7250 7251 7275 7274 
usemtl PATCH_40
f 7274 7275 7299 7298 
usemtl PATCH_40
f 7298 7299 7323 7322 
usemtl PATCH_40
f 7322 7323 1274 1275 
usemtl PATCH_40
f 1236 1237 7180 7179 
usemtl PATCH_40
f 7179 7180 7204 7203 
usemtl PATCH_40
f 7203 7204 7228 7227 
usemtl PATCH_40
f 7227 7228 7252 7251 
usemtl PATCH_40
f 7251 7252 7276 7275 
usemtl PATCH_40
f 7275 7276 7300 7299 
usemtl PATCH_40
f 7299 7300 7324 7323 
usemtl PATCH_40
f 7323 7324 1273 1274 
usemtl PATCH_40
f 1237 1238 7181 7180 
usemtl PATCH_40
f 7180 7181 7205 7204 
usemtl PATCH_40
f 7204 7205 7229 7228 
usemtl PATCH_40
f 7228 7229 7253 7252 
usemtl PATCH_40
f 7252 7253 7277 7276 
usemtl PATCH_40
f 7276 7277 7301 7300 
usemtl PATCH_40
f 7300 7301 7325 7324 
usemtl PATCH_40
f 7324 7325 1272 1273 
usemtl PATCH_40
f 1238 1239 7182 7181 
usemtl PATCH_40
f 7181 7182 7206 7205 
usemtl PATCH_40
f 7205 7206 7230 7229 
usemtl PATCH_40
f 7229 7230 7254 7253 
usemtl PATCH_40
f 7253 7254 7278 7277 
usemtl PATCH_40
f 7277 7278 7302 7301 
usemtl PATCH_40
f 7301 7302 7326 7325 
usemtl PATCH_40
f 7325 7326 1271 1272 
usemtl PATCH_40
f 1239 1240 7183 7182 
usemtl PATCH_40
f 7182 7183 7207 7206 
usemtl PATCH_40
f 7206 7207 7231 7230 
usemtl PATCH_40
f 7230 7231 7255 7254 
usemtl PATCH_40
f 7254 7255 7279 7278 
usemtl PATCH_40
f 7278 7279 7303 7302 
usemtl PATCH_40
f 7302 7303 7327 7326 
usemtl PATCH_40
f 7326 7327 1270 1271 
usemtl PATCH_40
f 1240 1241 7184 7183 
usemtl PATCH_40
f 7183 7184 7208 7207 
usemtl PATCH_40
f 7207 7208 7232 7231 
usemtl PATCH_40
f 7231 7232 7256 7255 
usemtl PATCH_40
f 7255 7256 7280 7279 
usemtl PATCH_40
f 7279 7280 7304 7303 
usemtl PATCH_40
f 7303 7304 7328 7327 
usemtl PATCH_40
f 7327 7328 1269 1270 
usemtl PATCH_40
f 1241 1242 7185 7184 
usemtl PATCH_40
f 7184 7185 7209 7208 
usemtl PATCH_40
f 7208 7209 7233 7232 
usemtl PATCH_40
f 7232 7233 7257 7256 
usemtl PATCH_40
f 7256 7257 7281 7280 
usemtl PATCH_40
f 7280 7281 7305 7304 
usemtl PATCH_40
f 7304 7305 7329 7328 
usemtl PATCH_40
f 7328 7329 1268 1269 
usemtl PATCH_40
f 1242 1243 7186 7185 
usemtl PATCH_40
f 7185 7186 7210 7209 
usemtl PATCH_40
f 7209 7210 7234 7233 
usemtl PATCH_40
f 7233 7234 7258 7257 
usemtl PATCH_40
f 7257 7258 7282 7281 
usemtl PATCH_40
f 7281 7282 7306 7305 
usemtl PATCH_40
f 7305 7306 7330 7329 
usemtl PATCH_40
f 7329 7330 1267 1268 
usemtl PATCH_40
f 1243 1244 7187 7186 
usemtl PATCH_40
f 7186 7187 7211 7210 
usemtl PATCH_40
f 7210 7211 7235 7234 
usemtl PATCH_40
f 7234 7235 7259 7258 
usemtl PATCH_40
f 7258 7259 7283 7282 
usemtl PATCH_40
f 7282 7283 7307 7306 
usemtl PATCH_40
f 7306 7307 7331 7330 
usemtl PATCH_40
f 7330 7331 1266 1267 
usemtl PATCH_40
f 1244 1245 7188 7187 
usemtl PATCH_40
f 7187 7188 7212 7211 
usemtl PATCH_40
f 7211 7212 7236 7235 
usemtl PATCH_40
f 7235 7236 7260 7259 
usemtl PATCH_40
f 7259 7260 7284 7283 
usemtl PATCH_40
f 7283 7284 7308 7307 
usemtl PATCH_40
f 7307 7308 7332 7331 
usemtl PATCH_40
f 7331 7332 1265 1266 
usemtl PATCH_40
f 1245 1246 7189 7188 
usemtl PATCH_40
f 7188 7189 7213 7212 
usemtl PATCH_40
f 7212 7213 7237 7236 
usemtl PATCH_40
f 7236 7237 7261 7260 
usemtl PATCH_40
f 7260 7261 7285 7284 
usemtl PATCH_40
f 7284 7285 7309 7308 
usemtl PATCH_40
f 7308 7309 7333 7332 
usemtl PATCH_40
f 7332 7333 1264 1265 
usemtl PATCH_40
f 1246 1247 7190 7189 
usemtl PATCH_40
f 7189 7190 7214 7213 
usemtl PATCH_40
f 7213 7214 7238 7237 
usemtl PATCH_40
f 7237 7238 7262 7261 
usemtl PATCH_40
f 7261 7262 7286 7285 
usemtl PATCH_40
f 7285 7286 7310 7309 
usemtl PATCH_40
f 7309 7310 7334 7333 
usemtl PATCH_40
f 7333 7334 1263 1264 
usemtl PATCH_40
f 1247 1248 7191 7190 
usemtl PATCH_40
f 7190 7191 7215 7214 
usemtl PATCH_40
f 7214 7215 7239 7238 
usemtl PATCH_40
f 7238 7239 7263 7262 
usemtl PATCH_40
f 7262 7263 7287 7286 
usemtl PATCH_40
f 7286 7287 7311 7310 
usemtl PATCH_40
f 7310 7311 7335 7334 
usemtl PATCH_40
f 7334 7335 1262 1263 
usemtl PATCH_40
f 1248 1249 7192 7191 
usemtl PATCH_40
f 7191 7192 7216 7215 
usemtl PATCH_40
f 7215 7216 7240 7239 
usemtl PATCH_40
f 7239 7240 7264 7263 
usemtl PATCH_40
f 7263 7264 7288 7287 
usemtl PATCH_40
f 7287 7288 7312 7311 
usemtl PATCH_40
f 7311 7312 7336 7335 
usemtl PATCH_40
f 7335 7336 1261 1262 
usemtl PATCH_40
f 1249 1250 7193 7192 
usemtl PATCH_40
f 7192 7193 7217 7216 
usemtl PATCH_40
f 7216 7217 7241 7240 
usemtl PATCH_40
f 7240 7241 7265 7264 
usemtl PATCH_40
f 7264 7265 7289 7288 
usemtl PATCH_40
f 7288 7289 7313 7312 
usemtl PATCH_40
f 7312 7313 7337 7336 
usemtl PATCH_40
f 7336 7337 1260 1261 
usemtl PATCH_40
f 1250 1251 7194 7193 
usemtl PATCH_40
f 7193 7194 7218 7217 
usemtl PATCH_40
f 7217 7218 7242 7241 
usemtl PATCH_40
f 7241 7242 7266 7265 
usemtl PATCH_40
f 7265 7266 7290 7289 
usemtl PATCH_40
f 7289 7290 7314 7313 
usemtl PATCH_40
f 7313 7314 7338 7337 
usemtl PATCH_40
f 7337 7338 1259 1260 
usemtl PATCH_40
f 1251 60 1252 7194 
usemtl PATCH_40
f 7194 1252 1253 7218 
usemtl PATCH_40
f 7218 1253 1254 7242 
usemtl PATCH_40
f 7242 1254 1255 7266 
usemtl PATCH_40
f 7266 1255 1256 7290 
usemtl PATCH_40
f 7290 1256 1257 7314 
usemtl PATCH_40
f 7314 1257 1258 7338 
usemtl PATCH_40
f 7338 1258 61 1259 
usemtl PATCH_38
f 56 1101 7339 1228 
usemtl PATCH_38
f 1228 7339 7346 1229 
usemtl PATCH_38
f 1229 7346 7353 1230 
usemtl PATCH_38
f 1230 7353 7360 1231 
usemtl PATCH_38
f 1231 7360 7367 1232 
usemtl PATCH_38
f 1232 7367 7374 1233 
usemtl PATCH_38
f 1233 7374 7381 1234 
usemtl PATCH_38
f 1234 7381 7388 1235 
usemtl PATCH_38
f 1235 7388 7395 1236 
usemtl PATCH_38
f 1236 7395 7402 1237 
usemtl PATCH_38
f 1237 7402 7409 1238 
usemtl PATCH_38
f 1238 7409 7416 1239 
usemtl PATCH_38
f 1239 7416 7423 1240 
usemtl PATCH_38
f 1240 7423 7430 1241 
usemtl PATCH_38
f 1241 7430 7437 1242 
usemtl PATCH_38
f 1242 7437 7444 1243 
usemtl PATCH_38
f 1243 7444 7451 1244 
usemtl PATCH_38
f 1244 7451 7458 1245 
usemtl PATCH_38
f 1245 7458 7465 1246 
usemtl PATCH_38
f 1246 7465 7472 1247 
usemtl PATCH_38
f 1247 7472 7479 1248 
usemtl PATCH_38
f 1248 7479 7486 1249 
usemtl PATCH_38
f 1249 7486 7493 1250 
usemtl PATCH_38
f 1250 7493 7500 1251 
usemtl PATCH_38
f 1251 7500 1313 60 
usemtl PATCH_38
f 1101 1100 7340 7339 
usemtl PATCH_38
f 7339 7340 7347 7346 
usemtl PATCH_38
f 7346 7347 7354 7353 
usemtl PATCH_38
f 7353 7354 7361 7360 
usemtl PATCH_38
f 7360 7361 7368 7367 
usemtl PATCH_38
f 7367 7368 7375 7374 
usemtl PATCH_38
f 7374 7375 7382 7381 
usemtl PATCH_38
f 7381 7382 7389 7388 
usemtl PATCH_38
f 7388 7389 7396 7395 
usemtl PATCH_38
f 7395 7396 7403 7402 
usemtl PATCH_38
f 7402 7403 7410 7409 
usemtl PATCH_38
f 7409 7410 7417 7416 
usemtl PATCH_38
f 7416 7417 7424 7423 
usemtl PATCH_38
f 7423 7424 7431 7430 
usemtl PATCH_38
f 7430 7431 7438 7437 
usemtl PATCH_38
f 7437 7438 7445 7444 
usemtl PATCH_38
f 7444 7445 7452 7451 
usemtl PATCH_38
f 7451 7452 7459 7458 
usemtl PATCH_38
f 7458 7459 7466 7465 
usemtl PATCH_38
f 7465 7466 7473 7472 
usemtl PATCH_38
f 7472 7473 7480 7479 
usemtl PATCH_38
f 7479 7480 7487 7486 
usemtl PATCH_38
f 7486 7487 7494 7493 
usemtl PATCH_38
f 7493 7494 7501 7500 
usemtl PATCH_38
f 7500 7501 1312 1313 
usemtl PATCH_38
f 1100 1099 7341 7340 
usemtl PATCH_38
f 7340 7341 7348 7347 
usemtl PATCH_38
f 7347 7348 7355 7354 
usemtl PATCH_38
f 7354 7355 7362 7361 
usemtl PATCH_38
f 7361 7362 7369 7368 
usemtl PATCH_38
f 7368 7369 7376 7375 
usemtl PATCH_38
f 7375 7376 7383 7382 
usemtl PATCH_38
f 7382 7383 7390 7389 
usemtl PATCH_38
f 7389 7390 7397 7396 
usemtl PATCH_38
f 7396 7397 7404 7403 
usemtl PATCH_38
f 7403 7404 7411 7410 
usemtl PATCH_38
f 7410 7411 7418 7417 
usemtl PATCH_38
f 7417 7418 7425 7424 
usemtl PATCH_38
f 7424 7425 7432 7431 
usemtl PATCH_38
f 7431 7432 7439 7438 
usemtl PATCH_38
f 7438 7439 7446 7445 
usemtl PATCH_38
f 7445 7446 7453 7452 
usemtl PATCH_38
f 7452 7453 7460 7459 
usemtl PATCH_38
f 7459 7460 7467 7466 
usemtl PATCH_38
f 7466 7467 7474 7473 
usemtl PATCH_38
f 7473 7474 7481 7480 
usemtl PATCH_38
f 7480 7481 7488 7487 
usemtl PATCH_38
f 7487 7488 7495 7494 
usemtl PATCH_38
f 7494 7495 7502 7501 
usemtl PATCH_38
f 7501 7502 1311 1312 
usemtl PATCH_38
f 1099 1098 7342 7341 
usemtl PATCH_38
f 7341 7342 7349 7348 
usemtl PATCH_38
f 7348 7349 7356 7355 
usemtl PATCH_38
f 7355 7356 7363 7362 
usemtl PATCH_38
f 7362 7363 7370 7369 
usemtl PATCH_38
f 7369 7370 7377 7376 
usemtl PATCH_38
f 7376 7377 7384 7383 
usemtl PATCH_38
f 7383 7384 7391 7390 
usemtl PATCH_38
f 7390 7391 7398 7397 
usemtl PATCH_38
f 7397 7398 7405 7404 
usemtl PATCH_38
f 7404 7405 7412 7411 
usemtl PATCH_38
f 7411 7412 7419 7418 
usemtl PATCH_38
f 7418 7419 7426 7425 
usemtl PATCH_38
f 7425 7426 7433 7432 
usemtl PATCH_38
f 7432 7433 7440 7439 
usemtl PATCH_38
f 7439 7440 7447 7446 
usemtl PATCH_38
f 7446 7447 7454 7453 
usemtl PATCH_38
f 7453 7454 7461 7460 
usemtl PATCH_38
f 7460 7461 7468 7467 
usemtl PATCH_38
f 7467 7468 7475 7474 
usemtl PATCH_38
f 7474 7475 7482 7481 
usemtl PATCH_38
f 7481 7482 7489 7488 
usemtl PATCH_38
f 7488 7489 7496 7495 
usemtl PATCH_38
f 7495 7496 7503 7502 
usemtl PATCH_38
f 7502 7503 1310 1311 
usemtl PATCH_38
f 1098 1097 7343 7342 
usemtl PATCH_38
f 7342 7343 7350 7349 
usemtl PATCH_38
f 7349 7350 7357 7356 
usemtl PATCH_38
f 7356 7357 7364 7363 
usemtl PATCH_38
f 7363 7364 7371 7370 
usemtl PATCH_38
f 7370 7371 7378 7377 
usemtl PATCH_38
f 7377 7378 7385 7384 
usemtl PATCH_38
f 7384 7385 7392 7391 
usemtl PATCH_38
f 7391 7392 7399 7398 
usemtl PATCH_38
f 7398 7399 7406 7405 
usemtl PATCH_38
f 7405 7406 7413 7412 
usemtl PATCH_38
f 7412 7413 7420 7419 
usemtl PATCH_38
f 7419 7420 7427 7426 
usemtl PATCH_38
f 7426 7427 7434 7433 
usemtl PATCH_38
f 7433 7434 7441 7440 
usemtl PATCH_38
f 7440 7441 7448 7447 
usemtl PATCH_38
f 7447 7448 7455 7454 
usemtl PATCH_38
f 7454 7455 7462 7461 
usemtl PATCH_38
f 7461 7462 7469 7468 
usemtl PATCH_38
f 7468 7469 7476 7475 
usemtl PATCH_38
f 7475 7476 7483 7482 
usemtl PATCH_38
f 7482 7483 7490 7489 
usemtl PATCH_38
f 7489 7490 7497 7496 
usemtl PATCH_38
f 7496 7497 7504 7503 
usemtl PATCH_38
f 7503 7504 1309 1310 
usemtl PATCH_38
f 1097 1096 7344 7343 
usemtl PATCH_38
f 7343 7344 7351 7350 
usemtl PATCH_38
f 7350 7351 7358 7357 
usemtl PATCH_38
f 7357 7358 7365 7364 
usemtl PATCH_38
f 7364 7365 7372 7371 
usemtl PATCH_38
f 7371 7372 7379 7378 
usemtl PATCH_38
f 7378 7379 7386 7385 
usemtl PATCH_38
f 7385 7386 7393 7392 
usemtl PATCH_38
f 7392 7393 7400 7399 
usemtl PATCH_38
f 7399 7400 7407 7406 
usemtl PATCH_38
f 7406 7407 7414 7413 
usemtl PATCH_38
f 7413 7414 7421 7420 
usemtl PATCH_38
f 7420 7421 7428 7427 
usemtl PATCH_38
f 7427 7428 7435 7434 
usemtl PATCH_38
f 7434 7435 7442 7441 
usemtl PATCH_38
f 7441 7442 7449 7448 
usemtl PATCH_38
f 7448 7449 7456 7455 
usemtl PATCH_38
f 7455 7456 7463 7462 
usemtl PATCH_38
f 7462 7463 7470 7469 
usemtl PATCH_38
f 7469 7470 7477 7476 
usemtl PATCH_38
f 7476 7477 7484 7483 
usemtl PATCH_38
f 7483 7484 7491 7490 
usemtl PATCH_38
f 7490 7491 7498 7497 
usemtl PATCH_38
f 7497 7498 7505 7504 
usemtl PATCH_38
f 7504 7505 1308 1309 
usemtl PATCH_38
f 1096 1095 7345 7344 
usemtl PATCH_38
f 7344 7345 7352 7351 
usemtl PATCH_38
f 7351 7352 7359 7358 
usemtl PATCH_38
f 7358 7359 7366 7365 
usemtl PATCH_38
f 7365 7366 7373 7372 
usemtl PATCH_38
f 7372 7373 7380 7379 
usemtl PATCH_38
f 7379 7380 7387 7386 
usemtl PATCH_38
f 7386 7387 7394 7393 
usemtl PATCH_38
f 7393 7394 7401 7400 
usemtl PATCH_38
f 7400 7401 7408 7407 
usemtl PATCH_38
f 7407 7408 7415 7414 
usemtl PATCH_38
f 7414 7415 7422 7421 
usemtl PATCH_38
f 7421 7422 7429 7428 
usemtl PATCH_38
f 7428 7429 7436 7435 
usemtl PATCH_38
f 7435 7436 7443 7442 
usemtl PATCH_38
f 7442 7443 7450 7449 
usemtl PATCH_38
f 7449 7450 7457 7456 
usemtl PATCH_38
f 7456 7457 7464 7463 
usemtl PATCH_38
f 7463 7464 7471 7470 
usemtl PATCH_38
f 7470 7471 7478 7477 
usemtl PATCH_38
f 7477 7478 7485 7484 
usemtl PATCH_38
f 7484 7485 7492 7491 
usemtl PATCH_38
f 7491 7492 7499 7498 
usemtl PATCH_38
f 7498 7499 7506 7505 
usemtl PATCH_38
f 7505 7506 1307 1308 
usemtl PATCH_38
f 1095 55 1283 7345 
usemtl PATCH_38
f 7345 1283 1284 7352 
usemtl PATCH_38
f 7352 1284 1285 7359 
usemtl PATCH_38
f 7359 1285 1286 7366 
usemtl PATCH_38
f 7366 1286 1287 7373 
usemtl PATCH_38
f 7373 1287 1288 7380 
usemtl PATCH_38
f 7380 1288 1289 7387 
usemtl PATCH_38
f 7387 1289 1290 7394 
usemtl PATCH_38
f 7394 1290 1291 7401 
usemtl PATCH_38
f 7401 1291 1292 7408 
usemtl PATCH_38
f 7408 1292 1293 7415 
usemtl PATCH_38
f 7415 1293 1294 7422 
usemtl PATCH_38
f 7422 1294 1295 7429 
usemtl PATCH_38
f 7429 1295 1296 7436 
usemtl PATCH_38
f 7436 1296 1297 7443 
usemtl PATCH_38
f 7443 1297 1298 7450 
usemtl PATCH_38
f 7450 1298 1299 7457 
usemtl PATCH_38
f 7457 1299 1300 7464 
usemtl PATCH_38
f 7464 1300 1301 7471 
usemtl PATCH_38
f 7471 1301 1302 7478 
usemtl PATCH_38
f 7478 1302 1303 7485 
usemtl PATCH_38
f 7485 1303 1304 7492 
usemtl PATCH_38
f 7492 1304 1305 7499 
usemtl PATCH_38
f 7499 1305 1306 7506 
usemtl PATCH_38
f 7506 1306 62 1307 
usemtl PATCH_30
f 63 1314 7507 1335 
usemtl PATCH_30
f 1335 7507 7515 1334 
usemtl PATCH_30
f 1334 7515 7523 1333 
usemtl PATCH_30
f 1333 7523 7531 1332 
usemtl PATCH_30
f 1332 7531 7539 1331 
usemtl PATCH_30
f 1331 7539 7547 1330 
usemtl PATCH_30
f 1330 7547 7555 1329 
usemtl PATCH_30
f 1329 7555 1087 54 
usemtl PATCH_30
f 1314 1315 7508 7507 
usemtl PATCH_30
f 7507 7508 7516 7515 
usemtl PATCH_30
f 7515 7516 7524 7523 
usemtl PATCH_30
f 7523 7524 7532 7531 
usemtl PATCH_30
f 7531 7532 7540 7539 
usemtl PATCH_30
f 7539 7540 7548 7547 
usemtl PATCH_30
f 7547 7548 7556 7555 
usemtl PATCH_30
f 7555 7556 1088 1087 
usemtl PATCH_30
f 1315 1316 7509 7508 
usemtl PATCH_30
f 7508 7509 7517 7516 
usemtl PATCH_30
f 7516 7517 7525 7524 
usemtl PATCH_30
f 7524 7525 7533 7532 
usemtl PATCH_30
f 7532 7533 7541 7540 
usemtl PATCH_30
f 7540 7541 7549 7548 
usemtl PATCH_30
f 7548 7549 7557 7556 
usemtl PATCH_30
f 7556 7557 1089 1088 
usemtl PATCH_30
f 1316 1317 7510 7509 
usemtl PATCH_30
f 7509 7510 7518 7517 
usemtl PATCH_30
f 7517 7518 7526 7525 
usemtl PATCH_30
f 7525 7526 7534 7533 
usemtl PATCH_30
f 7533 7534 7542 7541 
usemtl PATCH_30
f 7541 7542 7550 7549 
usemtl PATCH_30
f 7549 7550 7558 7557 
usemtl PATCH_30
f 7557 7558 1090 1089 
usemtl PATCH_30
f 1317 1318 7511 7510 
usemtl PATCH_30
f 7510 7511 7519 7518 
usemtl PATCH_30
f 7518 7519 7527 7526 
usemtl PATCH_30
f 7526 7527 7535 7534 
usemtl PATCH_30
f 7534 7535 7543 7542 
usemtl PATCH_30
f 7542 7543 7551 7550 
usemtl PATCH_30
f 7550 7551 7559 7558 
usemtl PATCH_30
f 7558 7559 1091 1090 
usemtl PATCH_30
f 1318 1319 7512 7511 
usemtl PATCH_30
f 7511 7512 7520 7519 
usemtl PATCH_30
f 7519 7520 7528 7527 
usemtl PATCH_30
f 7527 7528 7536 7535 
usemtl PATCH_30
f 7535 7536 7544 7543 
usemtl PATCH_30
f 7543 7544 7552 7551 
usemtl PATCH_30
f 7551 7552 7560 7559 
usemtl PATCH_30
f 7559 7560 1092 1091 
usemtl PATCH_30
f 1319 1320 7513 7512 
usemtl PATCH_30
f 7512 7513 7521 7520 
usemtl PATCH_30
f 7520 7521 7529 7528 
usemtl PATCH_30
f 7528 7529 7537 7536 
usemtl PATCH_30
f 7536 7537 7545 7544 
usemtl PATCH_30
f 7544 7545 7553 7552 
usemtl PATCH_30
f 7552 7553 7561 7560 
usemtl PATCH_30
f 7560 7561 1093 1092 
usemtl PATCH_30
f 1320 1321 7514 7513 
usemtl PATCH_30
f 7513 7514 7522 7521 
usemtl PATCH_30
f 7521 7522 7530 7529 
usemtl PATCH_30
f 7529 7530 7538 7537 
usemtl PATCH_30
f 7537 7538 7546 7545 
usemtl PATCH_30
f 7545 7546 7554 7553 
usemtl PATCH_30
f 7553 7554 7562 7561 
usemtl PATCH_30
f 7561 7562 1094 1093 
usemtl PATCH_30
f 1321 64 1322 7514 
usemtl PATCH_30
f 7514 1322 1323 7522 
usemtl PATCH_30
f 7522 1323 1324 7530 
usemtl PATCH_30
f 7530 1324 1325 7538 
usemtl PATCH_30
f 7538 1325 1326 7546 
usemtl PATCH_30
f 7546 1326 1327 7554 
usemtl PATCH_30
f 7554 1327 1328 7562 
usemtl PATCH_30
f 7562 1328 55 1094 
usemtl PATCH_36
f 63 1336 7563 1314 
usemtl PATCH_36
f 1314 7563 7570 1315 
usemtl PATCH_36
f 1315 7570 7577 1316 
usemtl PATCH_36
f 1316 7577 7584 1317 
usemtl PATCH_36
f 1317 7584 7591 1318 
usemtl PATCH_36
f 1318 7591 7598 1319 
usemtl PATCH_36
f 1319 7598 7605 1320 
usemtl PATCH_36
f 1320 7605 7612 1321 
usemtl PATCH_36
f 1321 7612 1349 64 
usemtl PATCH_36
f 1336 1337 7564 7563 
usemtl PATCH_36
f 7563 7564 7571 7570 
usemtl PATCH_36
f 7570 7571 7578 7577 
usemtl PATCH_36
f 7577 7578 7585 7584 
usemtl PATCH_36
f 7584 7585 7592 7591 
usemtl PATCH_36
f 7591 7592 7599 7598 
usemtl PATCH_36
f 7598 7599 7606 7605 
usemtl PATCH_36
f 7605 7606 7613 7612 
usemtl PATCH_36
f 7612 7613 1348 1349 
usemtl PATCH_36
f 1337 1338 7565 7564 
usemtl PATCH_36
f 7564 7565 7572 7571 
usemtl PATCH_36
f 7571 7572 7579 7578 
usemtl PATCH_36
f 7578 7579 7586 7585 
usemtl PATCH_36
f 7585 7586 7593 7592 
usemtl PATCH_36
f 7592 7593 7600 7599 
usemtl PATCH_36
f 7599 7600 7607 7606 
usemtl PATCH_36
f 7606 7607 7614 7613 
usemtl PATCH_36
f 7613 7614 1347 1348 
usemtl PATCH_36
f 1338 1339 7566 7565 
usemtl PATCH_36
f 7565 7566 7573 7572 
usemtl PATCH_36
f 7572 7573 7580 7579 
usemtl PATCH_36
f 7579 7580 7587 7586 
usemtl PATCH_36
f 7586 7587 7594 7593 
usemtl PATCH_36
f 7593 7594 7601 7600 
usemtl PATCH_36
f 7600 7601 7608 7607 
usemtl PATCH_36
f 7607 7608 7615 7614 
usemtl PATCH_36
f 7614 7615 1346 1347 
usemtl PATCH_36
f 1339 1340 7567 7566 
usemtl PATCH_36
f 7566 7567 7574 7573 
usemtl PATCH_36
f 7573 7574 7581 7580 
usemtl PATCH_36
f 7580 7581 7588 7587 
usemtl PATCH_36
f 7587 7588 7595 7594 
usemtl PATCH_36
f 7594 7595 7602 7601 
usemtl PATCH_36
f 7601 7602 7609 7608 
usemtl PATCH_36
f 7608 7609 7616 7615 
usemtl PATCH_36
f 7615 7616 1345 1346 
usemtl PATCH_36
f 1340 1341 7568 7567 
usemtl PATCH_36
f 7567 7568 7575 7574 
usemtl PATCH_36
f 7574 7575 7582 7581 
usemtl PATCH_36
f 7581 7582 7589 7588 
usemtl PATCH_36
f 7588 7589 7596 7595 
usemtl PATCH_36
f 7595 7596 7603 7602 
usemtl PATCH_36
f 7602 7603 7610 7609 
usemtl PATCH_36
f 7609 7610 7617 7616 
usemtl PATCH_36
f 7616 7617 1344 1345 
usemtl PATCH_36
f 1341 1342 7569 7568 
usemtl PATCH_36
f 7568 7569 7576 7575 
usemtl PATCH_36
f 7575 7576 7583 7582 
usemtl PATCH_36
f 7582 7583 7590 7589 
usemtl PATCH_36
f 7589 7590 7597 7596 
usemtl PATCH_36
f 7596 7597 7604 7603 
usemtl PATCH_36
f 7603 7604 7611 7610 
usemtl PATCH_36
f 7610 7611 7618 7617 
usemtl PATCH_36
f 7617 7618 1343 1344 
usemtl PATCH_36
f 1342 50 1062 7569 
usemtl PATCH_36
f 7569 1062 1061 7576 
usemtl PATCH_36
f 7576 1061 1060 7583 
usemtl PATCH_36
f 7583 1060 1059 7590 
usemtl PATCH_36
f 7590 1059 1058 7597 
usemtl PATCH_36
f 7597 1058 1057 7604 
usemtl PATCH_36
f 7604 1057 1056 7611 
usemtl PATCH_36
f 7611 1056 1055 7618 
usemtl PATCH_36
f 7618 1055 52 1343 
usemtl PATCH_35
f 63 1350 7619 1336 
usemtl PATCH_35
f 1336 7619 7649 1337 
usemtl PATCH_35
f 1337 7649 7679 1338 
usemtl PATCH_35
f 1338 7679 7709 1339 
usemtl PATCH_35
f 1339 7709 7739 1340 
usemtl PATCH_35
f 1340 7739 7769 1341 
usemtl PATCH_35
f 1341 7769 7799 1342 
usemtl PATCH_35
f 1342 7799 1416 50 
usemtl PATCH_35
f 1350 1351 7620 7619 
usemtl PATCH_35
f 7619 7620 7650 7649 
usemtl PATCH_35
f 7649 7650 7680 7679 
usemtl PATCH_35
f 7679 7680 7710 7709 
usemtl PATCH_35
f 7709 7710 7740 7739 
usemtl PATCH_35
f 7739 7740 7770 7769 
usemtl PATCH_35
f 7769 7770 7800 7799 
usemtl PATCH_35
f 7799 7800 1415 1416 
usemtl PATCH_35
f 1351 1352 7621 7620 
usemtl PATCH_35
f 7620 7621 7651 7650 
usemtl PATCH_35
f 7650 7651 7681 7680 
usemtl PATCH_35
f 7680 7681 7711 7710 
usemtl PATCH_35
f 7710 7711 7741 7740 
usemtl PATCH_35
f 7740 7741 7771 7770 
usemtl PATCH_35
f 7770 7771 7801 7800 
usemtl PATCH_35
f 7800 7801 1414 1415 
usemtl PATCH_35
f 1352 1353 7622 7621 
usemtl PATCH_35
f 7621 7622 7652 7651 
usemtl PATCH_35
f 7651 7652 7682 7681 
usemtl PATCH_35
f 7681 7682 7712 7711 
usemtl PATCH_35
f 7711 7712 7742 7741 
usemtl PATCH_35
f 7741 7742 7772 7771 
usemtl PATCH_35
f 7771 7772 7802 7801 
usemtl PATCH_35
f 7801 7802 1413 1414 
usemtl PATCH_35
f 1353 1354 7623 7622 
usemtl PATCH_35
f 7622 7623 7653 7652 
usemtl PATCH_35
f 7652 7653 7683 7682 
usemtl PATCH_35
f 7682 7683 7713 7712 
usemtl PATCH_35
f 7712 7713 7743 7742 
usemtl PATCH_35
f 7742 7743 7773 7772 
usemtl PATCH_35
f 7772 7773 7803 7802 
usemtl PATCH_35
f 7802 7803 1412 1413 
usemtl PATCH_35
f 1354 1355 7624 7623 
usemtl PATCH_35
f 7623 7624 7654 7653 
usemtl PATCH_35
f 7653 7654 7684 7683 
usemtl PATCH_35
f 7683 7684 7714 7713 
usemtl PATCH_35
f 7713 7714 7744 7743 
usemtl PATCH_35
f 7743 7744 7774 7773 
usemtl PATCH_35
f 7773 7774 7804 7803 
usemtl PATCH_35
f 7803 7804 1411 1412 
usemtl PATCH_35
f 1355 1356 7625 7624 
usemtl PATCH_35
f 7624 7625 7655 7654 
usemtl PATCH_35
f 7654 7655 7685 7684 
usemtl PATCH_35
f 7684 7685 7715 7714 
usemtl PATCH_35
f 7714 7715 7745 7744 
usemtl PATCH_35
f 7744 7745 7775 7774 
usemtl PATCH_35
f 7774 7775 7805 7804 
usemtl PATCH_35
f 7804 7805 1410 1411 
usemtl PATCH_35
f 1356 1357 7626 7625 
usemtl PATCH_35
f 7625 7626 7656 7655 
usemtl PATCH_35
f 7655 7656 7686 7685 
usemtl PATCH_35
f 7685 7686 7716 7715 
usemtl PATCH_35
f 7715 7716 7746 7745 
usemtl PATCH_35
f 7745 7746 7776 7775 
usemtl PATCH_35
f 7775 7776 7806 7805 
usemtl PATCH_35
f 7805 7806 1409 1410 
usemtl PATCH_35
f 1357 1358 7627 7626 
usemtl PATCH_35
f 7626 7627 7657 7656 
usemtl PATCH_35
f 7656 7657 7687 7686 
usemtl PATCH_35
f 7686 7687 7717 7716 
usemtl PATCH_35
f 7716 7717 7747 7746 
usemtl PATCH_35
f 7746 7747 7777 7776 
usemtl PATCH_35
f 7776 7777 7807 7806 
usemtl PATCH_35
f 7806 7807 1408 1409 
usemtl PATCH_35
f 1358 1359 7628 7627 
usemtl PATCH_35
f 7627 7628 7658 7657 
usemtl PATCH_35
f 7657 7658 7688 7687 
usemtl PATCH_35
f 7687 7688 7718 7717 
usemtl PATCH_35
f 7717 7718 7748 7747 
usemtl PATCH_35
f 7747 7748 7778 7777 
usemtl PATCH_35
f 7777 7778 7808 7807 
usemtl PATCH_35
f 7807 7808 1407 1408 
usemtl PATCH_35
f 1359 1360 7629 7628 
usemtl PATCH_35
f 7628 7629 7659 7658 
usemtl PATCH_35
f 7658 7659 7689 7688 
usemtl PATCH_35
f 7688 7689 7719 7718 
usemtl PATCH_35
f 7718 7719 7749 7748 
usemtl PATCH_35
f 7748 7749 7779 7778 
usemtl PATCH_35
f 7778 7779 7809 7808 
usemtl PATCH_35
f 7808 7809 1406 1407 
usemtl PATCH_35
f 1360 1361 7630 7629 
usemtl PATCH_35
f 7629 7630 7660 7659 
usemtl PATCH_35
f 7659 7660 7690 7689 
usemtl PATCH_35
f 7689 7690 7720 7719 
usemtl PATCH_35
f 7719 7720 7750 7749 
usemtl PATCH_35
f 7749 7750 7780 7779 
usemtl PATCH_35
f 7779 7780 7810 7809 
usemtl PATCH_35
f 7809 7810 1405 1406 
usemtl PATCH_35
f 1361 1362 7631 7630 
usemtl PATCH_35
f 7630 7631 7661 7660 
usemtl PATCH_35
f 7660 7661 7691 7690 
usemtl PATCH_35
f 7690 7691 7721 7720 
usemtl PATCH_35
f 7720 7721 7751 7750 
usemtl PATCH_35
f 7750 7751 7781 7780 
usemtl PATCH_35
f 7780 7781 7811 7810 
usemtl PATCH_35
f 7810 7811 1404 1405 
usemtl PATCH_35
f 1362 1363 7632 7631 
usemtl PATCH_35
f 7631 7632 7662 7661 
usemtl PATCH_35
f 7661 7662 7692 7691 
usemtl PATCH_35
f 7691 7692 7722 7721 
usemtl PATCH_35
f 7721 7722 7752 7751 
usemtl PATCH_35
f 7751 7752 7782 7781 
usemtl PATCH_35
f 7781 7782 7812 7811 
usemtl PATCH_35
f 7811 7812 1403 1404 
usemtl PATCH_35
f 1363 1364 7633 7632 
usemtl PATCH_35
f 7632 7633 7663 7662 
usemtl PATCH_35
f 7662 7663 7693 7692 
usemtl PATCH_35
f 7692 7693 7723 7722 
usemtl PATCH_35
f 7722 7723 7753 7752 
usemtl PATCH_35
f 7752 7753 7783 7782 
usemtl PATCH_35
f 7782 7783 7813 7812 
usemtl PATCH_35
f 7812 7813 1402 1403 
usemtl PATCH_35
f 1364 1365 7634 7633 
usemtl PATCH_35
f 7633 7634 7664 7663 
usemtl PATCH_35
f 7663 7664 7694 7693 
usemtl PATCH_35
f 7693 7694 7724 7723 
usemtl PATCH_35
f 7723 7724 7754 7753 
usemtl PATCH_35
f 7753 7754 7784 7783 
usemtl PATCH_35
f 7783 7784 7814 7813 
usemtl PATCH_35
f 7813 7814 1401 1402 
usemtl PATCH_35
f 1365 1366 7635 7634 
usemtl PATCH_35
f 7634 7635 7665 7664 
usemtl PATCH_35
f 7664 7665 7695 7694 
usemtl PATCH_35
f 7694 7695 7725 7724 
usemtl PATCH_35
f 7724 7725 7755 7754 
usemtl PATCH_35
f 7754 7755 7785 7784 
usemtl PATCH_35
f 7784 7785 7815 7814 
usemtl PATCH_35
f 7814 7815 1400 1401 
usemtl PATCH_35
f 1366 1367 7636 7635 
usemtl PATCH_35
f 7635 7636 7666 7665 
usemtl PATCH_35
f 7665 7666 7696 7695 
usemtl PATCH_35
f 7695 7696 7726 7725 
usemtl PATCH_35
f 7725 7726 7756 7755 
usemtl PATCH_35
f 7755 7756 7786 7785 
usemtl PATCH_35
f 7785 7786 7816 7815 
usemtl PATCH_35
f 7815 7816 1399 1400 
usemtl PATCH_35
f 1367 1368 7637 7636 
usemtl PATCH_35
f 7636 7637 7667 7666 
usemtl PATCH_35
f 7666 7667 7697 7696 
usemtl PATCH_35
f 7696 7697 7727 7726 
usemtl PATCH_35
f 7726 7727 7757 7756 
usemtl PATCH_35
f 7756 7757 7787 7786 
usemtl PATCH_35
f 7786 7787 7817 7816 
usemtl PATCH_35
f 7816 7817 1398 1399 
usemtl PATCH_35
f 1368 1369 7638 7637 
usemtl PATCH_35
f 7637 7638 7668 7667 
usemtl PATCH_35
f 7667 7668 7698 7697 
usemtl PATCH_35
f 7697 7698 7728 7727 
usemtl PATCH_35
f 7727 7728 7758 7757 
usemtl PATCH_35
f 7757 7758 7788 7787 
usemtl PATCH_35
f 7787 7788 7818 7817 
usemtl PATCH_35
f 7817 7818 1397 1398 
usemtl PATCH_35
f 1369 1370 7639 7638 
usemtl PATCH_35
f 7638 7639 7669 7668 
usemtl PATCH_35
f 7668 7669 7699 7698 
usemtl PATCH_35
f 7698 7699 7729 7728 
usemtl PATCH_35
f 7728 7729 7759 7758 
usemtl PATCH_35
f 7758 7759 7789 7788 
usemtl PATCH_35
f 7788 7789 7819 7818 
usemtl PATCH_35
f 7818 7819 1396 1397 
usemtl PATCH_35
f 1370 1371 7640 7639 
usemtl PATCH_35
f 7639 7640 7670 7669 
usemtl PATCH_35
f 7669 7670 7700 7699 
usemtl PATCH_35
f 7699 7700 7730 7729 
usemtl PATCH_35
f 7729 7730 7760 7759 
usemtl PATCH_35
f 7759 7760 7790 7789 
usemtl PATCH_35
f 7789 7790 7820 7819 
usemtl PATCH_35
f 7819 7820 1395 1396 
usemtl PATCH_35
f 1371 1372 7641 7640 
usemtl PATCH_35
f 7640 7641 7671 7670 
usemtl PATCH_35
f 7670 7671 7701 7700 
usemtl PATCH_35
f 7700 7701 7731 7730 
usemtl PATCH_35
f 7730 7731 7761 7760 
usemtl PATCH_35
f 7760 7761 7791 7790 
usemtl PATCH_35
f 7790 7791 7821 7820 
usemtl PATCH_35
f 7820 7821 1394 1395 
usemtl PATCH_35
f 1372 1373 7642 7641 
usemtl PATCH_35
f 7641 7642 7672 7671 
usemtl PATCH_35
f 7671 7672 7702 7701 
usemtl PATCH_35
f 7701 7702 7732 7731 
usemtl PATCH_35
f 7731 7732 7762 7761 
usemtl PATCH_35
f 7761 7762 7792 7791 
usemtl PATCH_35
f 7791 7792 7822 7821 
usemtl PATCH_35
f 7821 7822 1393 1394 
usemtl PATCH_35
f 1373 1374 7643 7642 
usemtl PATCH_35
f 7642 7643 7673 7672 
usemtl PATCH_35
f 7672 7673 7703 7702 
usemtl PATCH_35
f 7702 7703 7733 7732 
usemtl PATCH_35
f 7732 7733 7763 7762 
usemtl PATCH_35
f 7762 7763 7793 7792 
usemtl PATCH_35
f 7792 7793 7823 7822 
usemtl PATCH_35
f 7822 7823 1392 1393 
usemtl PATCH_35
f 1374 1375 7644 7643 
usemtl PATCH_35
f 7643 7644 7674 7673 
usemtl PATCH_35
f 7673 7674 7704 7703 
usemtl PATCH_35
f 7703 7704 7734 7733 
usemtl PATCH_35
f 7733 7734 7764 7763 
usemtl PATCH_35
f 7763 7764 7794 7793 
usemtl PATCH_35
f 7793 7794 7824 7823 
usemtl PATCH_35
f 7823 7824 1391 1392 
usemtl PATCH_35
f 1375 1376 7645 7644 
usemtl PATCH_35
f 7644 7645 7675 7674 
usemtl PATCH_35
f 7674 7675 7705 7704 
usemtl PATCH_35
f 7704 7705 7735 7734 
usemtl PATCH_35
f 7734 7735 7765 7764 
usemtl PATCH_35
f 7764 7765 7795 7794 
usemtl PATCH_35
f 7794 7795 7825 7824 
usemtl PATCH_35
f 7824 7825 1390 1391 
usemtl PATCH_35
f 1376 1377 7646 7645 
usemtl PATCH_35
f 7645 7646 7676 7675 
usemtl PATCH_35
f 7675 7676 7706 7705 
usemtl PATCH_35
f 7705 7706 7736 7735 
usemtl PATCH_35
f 7735 7736 7766 7765 
usemtl PATCH_35
f 7765 7766 7796 7795 
usemtl PATCH_35
f 7795 7796 7826 7825 
usemtl PATCH_35
f 7825 7826 1389 1390 
usemtl PATCH_35
f 1377 1378 7647 7646 
usemtl PATCH_35
f 7646 7647 7677 7676 
usemtl PATCH_35
f 7676 7677 7707 7706 
usemtl PATCH_35
f 7706 7707 7737 7736 
usemtl PATCH_35
f 7736 7737 7767 7766 
usemtl PATCH_35
f 7766 7767 7797 7796 
usemtl PATCH_35
f 7796 7797 7827 7826 
usemtl PATCH_35
f 7826 7827 1388 1389 
usemtl PATCH_35
f 1378 1379 7648 7647 
usemtl PATCH_35
f 7647 7648 7678 7677 
usemtl PATCH_35
f 7677 7678 7708 7707 
usemtl PATCH_35
f 7707 7708 7738 7737 
usemtl PATCH_35
f 7737 7738 7768 7767 
usemtl PATCH_35
f 7767 7768 7798 7797 
usemtl PATCH_35
f 7797 7798 7828 7827 
usemtl PATCH_35
f 7827 7828 1387 1388 
usemtl PATCH_35
f 1379 65 1380 7648 
usemtl PATCH_35
f 7648 1380 1381 7678 
usemtl PATCH_35
f 7678 1381 1382 7708 
usemtl PATCH_35
f 7708 1382 1383 7738 
usemtl PATCH_35
f 7738 1383 1384 7768 
usemtl PATCH_35
f 7768 1384 1385 7798 
usemtl PATCH_35
f 7798 1385 1386 7828 
usemtl PATCH_35
f 7828 1386 66 1387 
usemtl PATCH_28
f 63 1335 7829 1350 
usemtl PATCH_28
f 1350 7829 7836 1351 
usemtl PATCH_28
f 1351 7836 7843 1352 
usemtl PATCH_28
f 1352 7843 7850 1353 
usemtl PATCH_28
f 1353 7850 7857 1354 
usemtl PATCH_28
f 1354 7857 7864 1355 
usemtl PATCH_28
f 1355 7864 7871 1356 
usemtl PATCH_28
f 1356 7871 7878 1357 
usemtl PATCH_28
f 1357 7878 7885 1358 
usemtl PATCH_28
f 1358 7885 7892 1359 
usemtl PATCH_28
f 1359 7892 7899 1360 
usemtl PATCH_28
f 1360 7899 7906 1361 
usemtl PATCH_28
f 1361 7906 7913 1362 
usemtl PATCH_28
f 1362 7913 7920 1363 
usemtl PATCH_28
f 1363 7920 7927 1364 
usemtl PATCH_28
f 1364 7927 7934 1365 
usemtl PATCH_28
f 1365 7934 7941 1366 
usemtl PATCH_28
f 1366 7941 7948 1367 
usemtl PATCH_28
f 1367 7948 7955 1368 
usemtl PATCH_28
f 1368 7955 7962 1369 
usemtl PATCH_28
f 1369 7962 7969 1370 
usemtl PATCH_28
f 1370 7969 7976 1371 
usemtl PATCH_28
f 1371 7976 7983 1372 
usemtl PATCH_28
f 1372 7983 7990 1373 
usemtl PATCH_28
f 1373 7990 7997 1374 
usemtl PATCH_28
f 1374 7997 8004 1375 
usemtl PATCH_28
f 1375 8004 8011 1376 
usemtl PATCH_28
f 1376 8011 8018 1377 
usemtl PATCH_28
f 1377 8018 8025 1378 
usemtl PATCH_28
f 1378 8025 8032 1379 
usemtl PATCH_28
f 1379 8032 1423 65 
usemtl PATCH_28
f 1335 1334 7830 7829 
usemtl PATCH_28
f 7829 7830 7837 7836 
usemtl PATCH_28
f 7836 7837 7844 7843 
usemtl PATCH_28
f 7843 7844 7851 7850 
usemtl PATCH_28
f 7850 7851 7858 7857 
usemtl PATCH_28
f 7857 7858 7865 7864 
usemtl PATCH_28
f 7864 7865 7872 7871 
usemtl PATCH_28
f 7871 7872 7879 7878 
usemtl PATCH_28
f 7878 7879 7886 7885 
usemtl PATCH_28
f 7885 7886 7893 7892 
usemtl PATCH_28
f 7892 7893 7900 7899 
usemtl PATCH_28
f 7899 7900 7907 7906 
usemtl PATCH_28
f 7906 7907 7914 7913 
usemtl PATCH_28
f 7913 7914 7921 7920 
usemtl PATCH_28
f 7920 7921 7928 7927 
usemtl PATCH_28
f 7927 7928 7935 7934 
usemtl PATCH_28
f 7934 7935 7942 7941 
usemtl PATCH_28
f 7941 7942 7949 7948 
usemtl PATCH_28
f 7948 7949 7956 7955 
usemtl PATCH_28
f 7955 7956 7963 7962 
usemtl PATCH_28
f 7962 7963 7970 7969 
usemtl PATCH_28
f 7969 7970 7977 7976 
usemtl PATCH_28
f 7976 7977 7984 7983 
usemtl PATCH_28
f 7983 7984 7991 7990 
usemtl PATCH_28
f 7990 7991 7998 7997 
usemtl PATCH_28
f 7997 7998 8005 8004 
usemtl PATCH_28
f 8004 8005 8012 8011 
usemtl PATCH_28
f 8011 8012 8019 8018 
usemtl PATCH_28
f 8018 8019 8026 8025 
usemtl PATCH_28
f 8025 8026 8033 8032 
usemtl PATCH_28
f 8032 8033 1422 1423 
usemtl PATCH_28
f 1334 1333 7831 7830 
usemtl PATCH_28
f 7830 7831 7838 7837 
usemtl PATCH_28
f 7837 7838 7845 7844 
usemtl PATCH_28
f 7844 7845 7852 7851 
usemtl PATCH_28
f 7851 7852 7859 7858 
usemtl PATCH_28
f 7858 7859 7866 7865 
usemtl PATCH_28
f 7865 7866 7873 7872 
usemtl PATCH_28
f 7872 7873 7880 7879 
usemtl PATCH_28
f 7879 7880 7887 7886 
usemtl PATCH_28
f 7886 7887 7894 7893 
usemtl PATCH_28
f 7893 7894 7901 7900 
usemtl PATCH_28
f 7900 7901 7908 7907 
usemtl PATCH_28
f 7907 7908 7915 7914 
usemtl PATCH_28
f 7914 7915 7922 7921 
usemtl PATCH_28
f 7921 7922 7929 7928 
usemtl PATCH_28
f 7928 7929 7936 7935 
usemtl PATCH_28
f 7935 7936 7943 7942 
usemtl PATCH_28
f 7942 7943 7950 7949 
usemtl PATCH_28
f 7949 7950 7957 7956 
usemtl PATCH_28
f 7956 7957 7964 7963 
usemtl PATCH_28
f 7963 7964 7971 7970 
usemtl PATCH_28
f 7970 7971 7978 7977 
usemtl PATCH_28
f 7977 7978 7985 7984 
usemtl PATCH_28
f 7984 7985 7992 7991 
usemtl PATCH_28
f 7991 7992 7999 7998 
usemtl PATCH_28
f 7998 7999 8006 8005 
usemtl PATCH_28
f 8005 8006 8013 8012 
usemtl PATCH_28
f 8012 8013 8020 8019 
usemtl PATCH_28
f 8019 8020 8027 8026 
usemtl PATCH_28
f 8026 8027 8034 8033 
usemtl PATCH_28
f 8033 8034 1421 1422 
usemtl PATCH_28
f 1333 1332 7832 7831 
usemtl PATCH_28
f 7831 7832 7839 7838 
usemtl PATCH_28
f 7838 7839 7846 7845 
usemtl PATCH_28
f 7845 7846 7853 7852 
usemtl PATCH_28
f 7852 7853 7860 7859 
usemtl PATCH_28
f 7859 7860 7867 7866 
usemtl PATCH_28
f 7866 7867 7874 7873 
usemtl PATCH_28
f 7873 7874 7881 7880 
usemtl PATCH_28
f 7880 7881 7888 7887 
usemtl PATCH_28
f 7887 7888 7895 7894 
usemtl PATCH_28
f 7894 7895 7902 7901 
usemtl PATCH_28
f 7901 7902 7909 7908 
usemtl PATCH_28
f 7908 7909 7916 7915 
usemtl PATCH_28
f 7915 7916 7923 7922 
usemtl PATCH_28
f 7922 7923 7930 7929 
usemtl PATCH_28
f 7929 7930 7937 7936 
usemtl PATCH_28
f 7936 7937 7944 7943 
usemtl PATCH_28
f 7943 7944 7951 7950 
usemtl PATCH_28
f 7950 7951 7958 7957 
usemtl PATCH_28
f 7957 7958 7965 7964 
usemtl PATCH_28
f 7964 7965 7972 7971 
usemtl PATCH_28
f 7971 7972 7979 7978 
usemtl PATCH_28
f 7978 7979 7986 7985 
usemtl PATCH_28
f 7985 7986 7993 7992 
usemtl PATCH_28
f 7992 7993 8000 7999 
usemtl PATCH_28
f 7999 8000 8007 8006 
usemtl PATCH_28
f 8006 8007 8014 8013 
usemtl PATCH_28
f 8013 8014 8021 8020 
usemtl PATCH_28
f 8020 8021 8028 8027 
usemtl PATCH_28
f 8027 8028 8035 8034 
usemtl PATCH_28
f 8034 8035 1420 1421 
usemtl PATCH_28
f 1332 1331 7833 7832 
usemtl PATCH_28
f 7832 7833 7840 7839 
usemtl PATCH_28
f 7839 7840 7847 7846 
usemtl PATCH_28
f 7846 7847 7854 7853 
usemtl PATCH_28
f 7853 7854 7861 7860 
usemtl PATCH_28
f 7860 7861 7868 7867 
usemtl PATCH_28
f 7867 7868 7875 7874 
usemtl PATCH_28
f 7874 7875 7882 7881 
usemtl PATCH_28
f 7881 7882 7889 7888 
usemtl PATCH_28
f 7888 7889 7896 7895 
usemtl PATCH_28
f 7895 7896 7903 7902 
usemtl PATCH_28
f 7902 7903 7910 7909 
usemtl PATCH_28
f 7909 7910 7917 7916 
usemtl PATCH_28
f 7916 7917 7924 7923 
usemtl PATCH_28
f 7923 7924 7931 7930 
usemtl PATCH_28
f 7930 7931 7938 7937 
usemtl PATCH_28
f 7937 7938 7945 7944 
usemtl PATCH_28
f 7944 7945 7952 7951 
usemtl PATCH_28
f 7951 7952 7959 7958 
usemtl PATCH_28
f 7958 7959 7966 7965 
usemtl PATCH_28
f 7965 7966 7973 7972 
usemtl PATCH_28
f 7972 7973 7980 7979 
usemtl PATCH_28
f 7979 7980 7987 7986 
usemtl PATCH_28
f 7986 7987 7994 7993 
usemtl PATCH_28
f 7993 7994 8001 8000 
usemtl PATCH_28
f 8000 8001 8008 8007 
usemtl PATCH_28
f 8007 8008 8015 8014 
usemtl PATCH_28
f 8014 8015 8022 8021 
usemtl PATCH_28
f 8021 8022 8029 8028 
usemtl PATCH_28
f 8028 8029 8036 8035 
usemtl PATCH_28
f 8035 8036 1419 1420 
usemtl PATCH_28
f 1331 1330 7834 7833 
usemtl PATCH_28
f 7833 7834 7841 7840 
usemtl PATCH_28
f 7840 7841 7848 7847 
usemtl PATCH_28
f 7847 7848 7855 7854 
usemtl PATCH_28
f 7854 7855 7862 7861 
usemtl PATCH_28
f 7861 7862 7869 7868 
usemtl PATCH_28
f 7868 7869 7876 7875 
usemtl PATCH_28
f 7875 7876 7883 7882 
usemtl PATCH_28
f 7882 7883 7890 7889 
usemtl PATCH_28
f 7889 7890 7897 7896 
usemtl PATCH_28
f 7896 7897 7904 7903 
usemtl PATCH_28
f 7903 7904 7911 7910 
usemtl PATCH_28
f 7910 7911 7918 7917 
usemtl PATCH_28
f 7917 7918 7925 7924 
usemtl PATCH_28
f 7924 7925 7932 7931 
usemtl PATCH_28
f 7931 7932 7939 7938 
usemtl PATCH_28
f 7938 7939 7946 7945 
usemtl PATCH_28
f 7945 7946 7953 7952 
usemtl PATCH_28
f 7952 7953 7960 7959 
usemtl PATCH_28
f 7959 7960 7967 7966 
usemtl PATCH_28
f 7966 7967 7974 7973 
usemtl PATCH_28
f 7973 7974 7981 7980 
usemtl PATCH_28
f 7980 7981 7988 7987 
usemtl PATCH_28
f 7987 7988 7995 7994 
usemtl PATCH_28
f 7994 7995 8002 8001 
usemtl PATCH_28
f 8001 8002 8009 8008 
usemtl PATCH_28
f 8008 8009 8016 8015 
usemtl PATCH_28
f 8015 8016 8023 8022 
usemtl PATCH_28
f 8022 8023 8030 8029 
usemtl PATCH_28
f 8029 8030 8037 8036 
usemtl PATCH_28
f 8036 8037 1418 1419 
usemtl PATCH_28
f 1330 1329 7835 7834 
usemtl PATCH_28
f 7834 7835 7842 7841 
usemtl PATCH_28
f 7841 7842 7849 7848 
usemtl PATCH_28
f 7848 7849 7856 7855 
usemtl PATCH_28
f 7855 7856 7863 7862 
usemtl PATCH_28
f 7862 7863 7870 7869 
usemtl PATCH_28
f 7869 7870 7877 7876 
usemtl PATCH_28
f 7876 7877 7884 7883 
usemtl PATCH_28
f 7883 7884 7891 7890 
usemtl PATCH_28
f 7890 7891 7898 7897 
usemtl PATCH_28
f 7897 7898 7905 7904 
usemtl PATCH_28
f 7904 7905 7912 7911 
usemtl PATCH_28
f 7911 7912 7919 7918 
usemtl PATCH_28
f 7918 7919 7926 7925 
usemtl PATCH_28
f 7925 7926 7933 7932 
usemtl PATCH_28
f 7932 7933 7940 7939 
usemtl PATCH_28
f 7939 7940 7947 7946 
usemtl PATCH_28
f 7946 7947 7954 7953 
usemtl PATCH_28
f 7953 7954 7961 7960 
usemtl PATCH_28
f 7960 7961 7968 7967 
usemtl PATCH_28
f 7967 7968 7975 7974 
usemtl PATCH_28
f 7974 7975 7982 7981 
usemtl PATCH_28
f 7981 7982 7989 7988 
usemtl PATCH_28
f 7988 7989 7996 7995 
usemtl PATCH_28
f 7995 7996 8003 8002 
usemtl PATCH_28
f 8002 8003 8010 8009 
usemtl PATCH_28
f 8009 8010 8017 8016 
usemtl PATCH_28
f 8016 8017 8024 8023 
usemtl PATCH_28
f 8023 8024 8031 8030 
usemtl PATCH_28
f 8030 8031 8038 8037 
usemtl PATCH_28
f 8037 8038 1417 1418 
usemtl PATCH_28
f 1329 54 1176 7835 
usemtl PATCH_28
f 7835 1176 1175 7842 
usemtl PATCH_28
f 7842 1175 1174 7849 
usemtl PATCH_28
f 7849 1174 1173 7856 
usemtl PATCH_28
f 7856 1173 1172 7863 
usemtl PATCH_28
f 7863 1172 1171 7870 
usemtl PATCH_28
f 7870 1171 1170 7877 
usemtl PATCH_28
f 7877 1170 1169 7884 
usemtl PATCH_28
f 7884 1169 1168 7891 
usemtl PATCH_28
f 7891 1168 1167 7898 
usemtl PATCH_28
f 7898 1167 1166 7905 
usemtl PATCH_28
f 7905 1166 1165 7912 
usemtl PATCH_28
f 7912 1165 1164 7919 
usemtl PATCH_28
f 7919 1164 1163 7926 
usemtl PATCH_28
f 7926 1163 1162 7933 
usemtl PATCH_28
f 7933 1162 1161 7940 
usemtl PATCH_28
f 7940 1161 1160 7947 
usemtl PATCH_28
f 7947 1160 1159 7954 
usemtl PATCH_28
f 7954 1159 1158 7961 
usemtl PATCH_28
f 7961 1158 1157 7968 
usemtl PATCH_28
f 7968 1157 1156 7975 
usemtl PATCH_28
f 7975 1156 1155 7982 
usemtl PATCH_28
f 7982 1155 1154 7989 
usemtl PATCH_28
f 7989 1154 1153 7996 
usemtl PATCH_28
f 7996 1153 1152 8003 
usemtl PATCH_28
f 8003 1152 1151 8010 
usemtl PATCH_28
f 8010 1151 1150 8017 
usemtl PATCH_28
f 8017 1150 1149 8024 
usemtl PATCH_28
f 8024 1149 1148 8031 
usemtl PATCH_28
f 8031 1148 1147 8038 
usemtl PATCH_28
f 8038 1147 58 1417 
usemtl PATCH_39
f 64 1424 8039 1322 
usemtl PATCH_39
f 1322 8039 8063 1323 
usemtl PATCH_39
f 1323 8063 8087 1324 
usemtl PATCH_39
f 1324 8087 8111 1325 
usemtl PATCH_39
f 1325 8111 8135 1326 
usemtl PATCH_39
f 1326 8135 8159 1327 
usemtl PATCH_39
f 1327 8159 8183 1328 
usemtl PATCH_39
f 1328 8183 1283 55 
usemtl PATCH_39
f 1424 1425 8040 8039 
usemtl PATCH_39
f 8039 8040 8064 8063 
usemtl PATCH_39
f 8063 8064 8088 8087 
usemtl PATCH_39
f 8087 8088 8112 8111 
usemtl PATCH_39
f 8111 8112 8136 8135 
usemtl PATCH_39
f 8135 8136 8160 8159 
usemtl PATCH_39
f 8159 8160 8184 8183 
usemtl PATCH_39
f 8183 8184 1284 1283 
usemtl PATCH_39
f 1425 1426 8041 8040 
usemtl PATCH_39
f 8040 8041 8065 8064 
usemtl PATCH_39
f 8064 8065 8089 8088 
usemtl PATCH_39
f 8088 8089 8113 8112 
usemtl PATCH_39
f 8112 8113 8137 8136 
usemtl PATCH_39
f 8136 8137 8161 8160 
usemtl PATCH_39
f 8160 8161 8185 8184 
usemtl PATCH_39
f 8184 8185 1285 1284 
usemtl PATCH_39
f 1426 1427 8042 8041 
usemtl PATCH_39
f 8041 8042 8066 8065 
usemtl PATCH_39
f 8065 8066 8090 8089 
usemtl PATCH_39
f 8089 8090 8114 8113 
usemtl PATCH_39
f 8113 8114 8138 8137 
usemtl PATCH_39
f 8137 8138 8162 8161 
usemtl PATCH_39
f 8161 8162 8186 8185 
usemtl PATCH_39
f 8185 8186 1286 1285 
usemtl PATCH_39
f 1427 1428 8043 8042 
usemtl PATCH_39
f 8042 8043 8067 8066 
usemtl PATCH_39
f 8066 8067 8091 8090 
usemtl PATCH_39
f 8090 8091 8115 8114 
usemtl PATCH_39
f 8114 8115 8139 8138 
usemtl PATCH_39
f 8138 8139 8163 8162 
usemtl PATCH_39
f 8162 8163 8187 8186 
usemtl PATCH_39
f 8186 8187 1287 1286 
usemtl PATCH_39
f 1428 1429 8044 8043 
usemtl PATCH_39
f 8043 8044 8068 8067 
usemtl PATCH_39
f 8067 8068 8092 8091 
usemtl PATCH_39
f 8091 8092 8116 8115 
usemtl PATCH_39
f 8115 8116 8140 8139 
usemtl PATCH_39
f 8139 8140 8164 8163 
usemtl PATCH_39
f 8163 8164 8188 8187 
usemtl PATCH_39
f 8187 8188 1288 1287 
usemtl PATCH_39
f 1429 1430 8045 8044 
usemtl PATCH_39
f 8044 8045 8069 8068 
usemtl PATCH_39
f 8068 8069 8093 8092 
usemtl PATCH_39
f 8092 8093 8117 8116 
usemtl PATCH_39
f 8116 8117 8141 8140 
usemtl PATCH_39
f 8140 8141 8165 8164 
usemtl PATCH_39
f 8164 8165 8189 8188 
usemtl PATCH_39
f 8188 8189 1289 1288 
usemtl PATCH_39
f 1430 1431 8046 8045 
usemtl PATCH_39
f 8045 8046 8070 8069 
usemtl PATCH_39
f 8069 8070 8094 8093 
usemtl PATCH_39
f 8093 8094 8118 8117 
usemtl PATCH_39
f 8117 8118 8142 8141 
usemtl PATCH_39
f 8141 8142 8166 8165 
usemtl PATCH_39
f 8165 8166 8190 8189 
usemtl PATCH_39
f 8189 8190 1290 1289 
usemtl PATCH_39
f 1431 1432 8047 8046 
usemtl PATCH_39
f 8046 8047 8071 8070 
usemtl PATCH_39
f 8070 8071 8095 8094 
usemtl PATCH_39
f 8094 8095 8119 8118 
usemtl PATCH_39
f 8118 8119 8143 8142 
usemtl PATCH_39
f 8142 8143 8167 8166 
usemtl PATCH_39
f 8166 8167 8191 8190 
usemtl PATCH_39
f 8190 8191 1291 1290 
usemtl PATCH_39
f 1432 1433 8048 8047 
usemtl PATCH_39
f 8047 8048 8072 8071 
usemtl PATCH_39
f 8071 8072 8096 8095 
usemtl PATCH_39
f 8095 8096 8120 8119 
usemtl PATCH_39
f 8119 8120 8144 8143 
usemtl PATCH_39
f 8143 8144 8168 8167 
usemtl PATCH_39
f 8167 8168 8192 8191 
usemtl PATCH_39
f 8191 8192 1292 1291 
usemtl PATCH_39
f 1433 1434 8049 8048 
usemtl PATCH_39
f 8048 8049 8073 8072 
usemtl PATCH_39
f 8072 8073 8097 8096 
usemtl PATCH_39
f 8096 8097 8121 8120 
usemtl PATCH_39
f 8120 8121 8145 8144 
usemtl PATCH_39
f 8144 8145 8169 8168 
usemtl PATCH_39
f 8168 8169 8193 8192 
usemtl PATCH_39
f 8192 8193 1293 1292 
usemtl PATCH_39
f 1434 1435 8050 8049 
usemtl PATCH_39
f 8049 8050 8074 8073 
usemtl PATCH_39
f 8073 8074 8098 8097 
usemtl PATCH_39
f 8097 8098 8122 8121 
usemtl PATCH_39
f 8121 8122 8146 8145 
usemtl PATCH_39
f 8145 8146 8170 8169 
usemtl PATCH_39
f 8169 8170 8194 8193 
usemtl PATCH_39
f 8193 8194 1294 1293 
usemtl PATCH_39
f 1435 1436 8051 8050 
usemtl PATCH_39
f 8050 8051 8075 8074 
usemtl PATCH_39
f 8074 8075 8099 8098 
usemtl PATCH_39
f 8098 8099 8123 8122 
usemtl PATCH_39
f 8122 8123 8147 8146 
usemtl PATCH_39
f 8146 8147 8171 8170 
usemtl PATCH_39
f 8170 8171 8195 8194 
usemtl PATCH_39
f 8194 8195 1295 1294 
usemtl PATCH_39
f 1436 1437 8052 8051 
usemtl PATCH_39
f 8051 8052 8076 8075 
usemtl PATCH_39
f 8075 8076 8100 8099 
usemtl PATCH_39
f 8099 8100 8124 8123 
usemtl PATCH_39
f 8123 8124 8148 8147 
usemtl PATCH_39
f 8147 8148 8172 8171 
usemtl PATCH_39
f 8171 8172 8196 8195 
usemtl PATCH_39
f 8195 8196 1296 1295 
usemtl PATCH_39
f 1437 1438 8053 8052 
usemtl PATCH_39
f 8052 8053 8077 8076 
usemtl PATCH_39
f 8076 8077 8101 8100 
usemtl PATCH_39
f 8100 8101 8125 8124 
usemtl PATCH_39
f 8124 8125 8149 8148 
usemtl PATCH_39
f 8148 8149 8173 8172 
usemtl PATCH_39
f 8172 8173 8197 8196 
usemtl PATCH_39
f 8196 8197 1297 1296 
usemtl PATCH_39
f 1438 1439 8054 8053 
usemtl PATCH_39
f 8053 8054 8078 8077 
usemtl PATCH_39
f 8077 8078 8102 8101 
usemtl PATCH_39
f 8101 8102 8126 8125 
usemtl PATCH_39
f 8125 8126 8150 8149 
usemtl PATCH_39
f 8149 8150 8174 8173 
usemtl PATCH_39
f 8173 8174 8198 8197 
usemtl PATCH_39
f 8197 8198 1298 1297 
usemtl PATCH_39
f 1439 1440 8055 8054 
usemtl PATCH_39
f 8054 8055 8079 8078 
usemtl PATCH_39
f 8078 8079 8103 8102 
usemtl PATCH_39
f 8102 8103 8127 8126 
usemtl PATCH_39
f 8126 8127 8151 8150 
usemtl PATCH_39
f 8150 8151 8175 8174 
usemtl PATCH_39
f 8174 8175 8199 8198 
usemtl PATCH_39
f 8198 8199 1299 1298 
usemtl PATCH_39
f 1440 1441 8056 8055 
usemtl PATCH_39
f 8055 8056 8080 8079 
usemtl PATCH_39
f 8079 8080 8104 8103 
usemtl PATCH_39
f 8103 8104 8128 8127 
usemtl PATCH_39
f 8127 8128 8152 8151 
usemtl PATCH_39
f 8151 8152 8176 8175 
usemtl PATCH_39
f 8175 8176 8200 8199 
usemtl PATCH_39
f 8199 8200 1300 1299 
usemtl PATCH_39
f 1441 1442 8057 8056 
usemtl PATCH_39
f 8056 8057 8081 8080 
usemtl PATCH_39
f 8080 8081 8105 8104 
usemtl PATCH_39
f 8104 8105 8129 8128 
usemtl PATCH_39
f 8128 8129 8153 8152 
usemtl PATCH_39
f 8152 8153 8177 8176 
usemtl PATCH_39
f 8176 8177 8201 8200 
usemtl PATCH_39
f 8200 8201 1301 1300 
usemtl PATCH_39
f 1442 1443 8058 8057 
usemtl PATCH_39
f 8057 8058 8082 8081 
usemtl PATCH_39
f 8081 8082 8106 8105 
usemtl PATCH_39
f 8105 8106 8130 8129 
usemtl PATCH_39
f 8129 8130 8154 8153 
usemtl PATCH_39
f 8153 8154 8178 8177 
usemtl PATCH_39
f 8177 8178 8202 8201 
usemtl PATCH_39
f 8201 8202 1302 1301 
usemtl PATCH_39
f 1443 1444 8059 8058 
usemtl PATCH_39
f 8058 8059 8083 8082 
usemtl PATCH_39
f 8082 8083 8107 8106 
usemtl PATCH_39
f 8106 8107 8131 8130 
usemtl PATCH_39
f 8130 8131 8155 8154 
usemtl PATCH_39
f 8154 8155 8179 8178 
usemtl PATCH_39
f 8178 8179 8203 8202 
usemtl PATCH_39
f 8202 8203 1303 1302 
usemtl PATCH_39
f 1444 1445 8060 8059 
usemtl PATCH_39
f 8059 8060 8084 8083 
usemtl PATCH_39
f 8083 8084 8108 8107 
usemtl PATCH_39
f 8107 8108 8132 8131 
usemtl PATCH_39
f 8131 8132 8156 8155 
usemtl PATCH_39
f 8155 8156 8180 8179 
usemtl PATCH_39
f 8179 8180 8204 8203 
usemtl PATCH_39
f 8203 8204 1304 1303 
usemtl PATCH_39
f 1445 1446 8061 8060 
usemtl PATCH_39
f 8060 8061 8085 8084 
usemtl PATCH_39
f 8084 8085 8109 8108 
usemtl PATCH_39
f 8108 8109 8133 8132 
usemtl PATCH_39
f 8132 8133 8157 8156 
usemtl PATCH_39
f 8156 8157 8181 8180 
usemtl PATCH_39
f 8180 8181 8205 8204 
usemtl PATCH_39
f 8204 8205 1305 1304 
usemtl PATCH_39
f 1446 1447 8062 8061 
usemtl PATCH_39
f 8061 8062 8086 8085 
usemtl PATCH_39
f 8085 8086 8110 8109 
usemtl PATCH_39
f 8109 8110 8134 8133 
usemtl PATCH_39
f 8133 8134 8158 8157 
usemtl PATCH_39
f 8157 8158 8182 8181 
usemtl PATCH_39
f 8181 8182 8206 8205 
usemtl PATCH_39
f 8205 8206 1306 1305 
usemtl PATCH_39
f 1447 67 1448 8062 
usemtl PATCH_39
f 8062 1448 1449 8086 
usemtl PATCH_39
f 8086 1449 1450 8110 
usemtl PATCH_39
f 8110 1450 1451 8134 
usemtl PATCH_39
f 8134 1451 1452 8158 
usemtl PATCH_39
f 8158 1452 1453 8182 
usemtl PATCH_39
f 8182 1453 1454 8206 
usemtl PATCH_39
f 8206 1454 62 1306 
usemtl PATCH_48
f 64 1349 8207 1424 
usemtl PATCH_48
f 1424 8207 8214 1425 
usemtl PATCH_48
f 1425 8214 8221 1426 
usemtl PATCH_48
f 1426 8221 8228 1427 
usemtl PATCH_48
f 1427 8228 8235 1428 
usemtl PATCH_48
f 1428 8235 8242 1429 
usemtl PATCH_48
f 1429 8242 8249 1430 
usemtl PATCH_48
f 1430 8249 8256 1431 
usemtl PATCH_48
f 1431 8256 8263 1432 
usemtl PATCH_48
f 1432 8263 8270 1433 
usemtl PATCH_48
f 1433 8270 8277 1434 
usemtl PATCH_48
f 1434 8277 8284 1435 
usemtl PATCH_48
f 1435 8284 8291 1436 
usemtl PATCH_48
f 1436 8291 8298 1437 
usemtl PATCH_48
f 1437 8298 8305 1438 
usemtl PATCH_48
f 1438 8305 8312 1439 
usemtl PATCH_48
f 1439 8312 8319 1440 
usemtl PATCH_48
f 1440 8319 8326 1441 
usemtl PATCH_48
f 1441 8326 8333 1442 
usemtl PATCH_48
f 1442 8333 8340 1443 
usemtl PATCH_48
f 1443 8340 8347 1444 
usemtl PATCH_48
f 1444 8347 8354 1445 
usemtl PATCH_48
f 1445 8354 8361 1446 
usemtl PATCH_48
f 1446 8361 8368 1447 
usemtl PATCH_48
f 1447 8368 1485 67 
usemtl PATCH_48
f 1349 1348 8208 8207 
usemtl PATCH_48
f 8207 8208 8215 8214 
usemtl PATCH_48
f 8214 8215 8222 8221 
usemtl PATCH_48
f 8221 8222 8229 8228 
usemtl PATCH_48
f 8228 8229 8236 8235 
usemtl PATCH_48
f 8235 8236 8243 8242 
usemtl PATCH_48
f 8242 8243 8250 8249 
usemtl PATCH_48
f 8249 8250 8257 8256 
usemtl PATCH_48
f 8256 8257 8264 8263 
usemtl PATCH_48
f 8263 8264 8271 8270 
usemtl PATCH_48
f 8270 8271 8278 8277 
usemtl PATCH_48
f 8277 8278 8285 8284 
usemtl PATCH_48
f 8284 8285 8292 8291 
usemtl PATCH_48
f 8291 8292 8299 8298 
usemtl PATCH_48
f 8298 8299 8306 8305 
usemtl PATCH_48
f 8305 8306 8313 8312 
usemtl PATCH_48
f 8312 8313 8320 8319 
usemtl PATCH_48
f 8319 8320 8327 8326 
usemtl PATCH_48
f 8326 8327 8334 8333 
usemtl PATCH_48
f 8333 8334 8341 8340 
usemtl PATCH_48
f 8340 8341 8348 8347 
usemtl PATCH_48
f 8347 8348 8355 8354 
usemtl PATCH_48
f 8354 8355 8362 8361 
usemtl PATCH_48
f 8361 8362 8369 8368 
usemtl PATCH_48
f 8368 8369 1484 1485 
usemtl PATCH_48
f 1348 1347 8209 8208 
usemtl PATCH_48
f 8208 8209 8216 8215 
usemtl PATCH_48
f 8215 8216 8223 8222 
usemtl PATCH_48
f 8222 8223 8230 8229 
usemtl PATCH_48
f 8229 8230 8237 8236 
usemtl PATCH_48
f 8236 8237 8244 8243 
usemtl PATCH_48
f 8243 8244 8251 8250 
usemtl PATCH_48
f 8250 8251 8258 8257 
usemtl PATCH_48
f 8257 8258 8265 8264 
usemtl PATCH_48
f 8264 8265 8272 8271 
usemtl PATCH_48
f 8271 8272 8279 8278 
usemtl PATCH_48
f 8278 8279 8286 8285 
usemtl PATCH_48
f 8285 8286 8293 8292 
usemtl PATCH_48
f 8292 8293 8300 8299 
usemtl PATCH_48
f 8299 8300 8307 8306 
usemtl PATCH_48
f 8306 8307 8314 8313 
usemtl PATCH_48
f 8313 8314 8321 8320 
usemtl PATCH_48
f 8320 8321 8328 8327 
usemtl PATCH_48
f 8327 8328 8335 8334 
usemtl PATCH_48
f 8334 8335 8342 8341 
usemtl PATCH_48
f 8341 8342 8349 8348 
usemtl PATCH_48
f 8348 8349 8356 8355 
usemtl PATCH_48
f 8355 8356 8363 8362 
usemtl PATCH_48
f 8362 8363 8370 8369 
usemtl PATCH_48
f 8369 8370 1483 1484 
usemtl PATCH_48
f 1347 1346 8210 8209 
usemtl PATCH_48
f 8209 8210 8217 8216 
usemtl PATCH_48
f 8216 8217 8224 8223 
usemtl PATCH_48
f 8223 8224 8231 8230 
usemtl PATCH_48
f 8230 8231 8238 8237 
usemtl PATCH_48
f 8237 8238 8245 8244 
usemtl PATCH_48
f 8244 8245 8252 8251 
usemtl PATCH_48
f 8251 8252 8259 8258 
usemtl PATCH_48
f 8258 8259 8266 8265 
usemtl PATCH_48
f 8265 8266 8273 8272 
usemtl PATCH_48
f 8272 8273 8280 8279 
usemtl PATCH_48
f 8279 8280 8287 8286 
usemtl PATCH_48
f 8286 8287 8294 8293 
usemtl PATCH_48
f 8293 8294 8301 8300 
usemtl PATCH_48
f 8300 8301 8308 8307 
usemtl PATCH_48
f 8307 8308 8315 8314 
usemtl PATCH_48
f 8314 8315 8322 8321 
usemtl PATCH_48
f 8321 8322 8329 8328 
usemtl PATCH_48
f 8328 8329 8336 8335 
usemtl PATCH_48
f 8335 8336 8343 8342 
usemtl PATCH_48
f 8342 8343 8350 8349 
usemtl PATCH_48
f 8349 8350 8357 8356 
usemtl PATCH_48
f 8356 8357 8364 8363 
usemtl PATCH_48
f 8363 8364 8371 8370 
usemtl PATCH_48
f 8370 8371 1482 1483 
usemtl PATCH_48
f 1346 1345 8211 8210 
usemtl PATCH_48
f 8210 8211 8218 8217 
usemtl PATCH_48
f 8217 8218 8225 8224 
usemtl PATCH_48
f 8224 8225 8232 8231 
usemtl PATCH_48
f 8231 8232 8239 8238 
usemtl PATCH_48
f 8238 8239 8246 8245 
usemtl PATCH_48
f 8245 8246 8253 8252 
usemtl PATCH_48
f 8252 8253 8260 8259 
usemtl PATCH_48
f 8259 8260 8267 8266 
usemtl PATCH_48
f 8266 8267 8274 8273 
usemtl PATCH_48
f 8273 8274 8281 8280 
usemtl PATCH_48
f 8280 8281 8288 8287 
usemtl PATCH_48
f 8287 8288 8295 8294 
usemtl PATCH_48
f 8294 8295 8302 8301 
usemtl PATCH_48
f 8301 8302 8309 8308 
usemtl PATCH_48
f 8308 8309 8316 8315 
usemtl PATCH_48
f 8315 8316 8323 8322 
usemtl PATCH_48
f 8322 8323 8330 8329 
usemtl PATCH_48
f 8329 8330 8337 8336 
usemtl PATCH_48
f 8336 8337 8344 8343 
usemtl PATCH_48
f 8343 8344 8351 8350 
usemtl PATCH_48
f 8350 8351 8358 8357 
usemtl PATCH_48
f 8357 8358 8365 8364 
usemtl PATCH_48
f 8364 8365 8372 8371 
usemtl PATCH_48
f 8371 8372 1481 1482 
usemtl PATCH_48
f 1345 1344 8212 8211 
usemtl PATCH_48
f 8211 8212 8219 8218 
usemtl PATCH_48
f 8218 8219 8226 8225 
usemtl PATCH_48
f 8225 8226 8233 8232 
usemtl PATCH_48
f 8232 8233 8240 8239 
usemtl PATCH_48
f 8239 8240 8247 8246 
usemtl PATCH_48
f 8246 8247 8254 8253 
usemtl PATCH_48
f 8253 8254 8261 8260 
usemtl PATCH_48
f 8260 8261 8268 8267 
usemtl PATCH_48
f 8267 8268 8275 8274 
usemtl PATCH_48
f 8274 8275 8282 8281 
usemtl PATCH_48
f 8281 8282 8289 8288 
usemtl PATCH_48
f 8288 8289 8296 8295 
usemtl PATCH_48
f 8295 8296 8303 8302 
usemtl PATCH_48
f 8302 8303 8310 8309 
usemtl PATCH_48
f 8309 8310 8317 8316 
usemtl PATCH_48
f 8316 8317 8324 8323 
usemtl PATCH_48
f 8323 8324 8331 8330 
usemtl PATCH_48
f 8330 8331 8338 8337 
usemtl PATCH_48
f 8337 8338 8345 8344 
usemtl PATCH_48
f 8344 8345 8352 8351 
usemtl PATCH_48
f 8351 8352 8359 8358 
usemtl PATCH_48
f 8358 8359 8366 8365 
usemtl PATCH_48
f 8365 8366 8373 8372 
usemtl PATCH_48
f 8372 8373 1480 1481 
usemtl PATCH_48
f 1344 1343 8213 8212 
usemtl PATCH_48
f 8212 8213 8220 8219 
usemtl PATCH_48
f 8219 8220 8227 8226 
usemtl PATCH_48
f 8226 8227 8234 8233 
usemtl PATCH_48
f 8233 8234 8241 8240 
usemtl PATCH_48
f 8240 8241 8248 8247 
usemtl PATCH_48
f 8247 8248 8255 8254 
usemtl PATCH_48
f 8254 8255 8262 8261 
usemtl PATCH_48
f 8261 8262 8269 8268 
usemtl PATCH_48
f 8268 8269 8276 8275 
usemtl PATCH_48
f 8275 8276 8283 8282 
usemtl PATCH_48
f 8282 8283 8290 8289 
usemtl PATCH_48
f 8289 8290 8297 8296 
usemtl PATCH_48
f 8296 8297 8304 8303 
usemtl PATCH_48
f 8303 8304 8311 8310 
usemtl PATCH_48
f 8310 8311 8318 8317 
usemtl PATCH_48
f 8317 8318 8325 8324 
usemtl PATCH_48
f 8324 8325 8332 8331 
usemtl PATCH_48
f 8331 8332 8339 8338 
usemtl PATCH_48
f 8338 8339 8346 8345 
usemtl PATCH_48
f 8345 8346 8353 8352 
usemtl PATCH_48
f 8352 8353 8360 8359 
usemtl PATCH_48
f 8359 8360 8367 8366 
usemtl PATCH_48
f 8366 8367 8374 8373 
usemtl PATCH_48
f 8373 8374 1479 1480 
usemtl PATCH_48
f 1343 52 1455 8213 
usemtl PATCH_48
f 8213 1455 1456 8220 
usemtl PATCH_48
f 8220 1456 1457 8227 
usemtl PATCH_48
f 8227 1457 1458 8234 
usemtl PATCH_48
f 8234 1458 1459 8241 
usemtl PATCH_48
f 8241 1459 1460 8248 
usemtl PATCH_48
f 8248 1460 1461 8255 
usemtl PATCH_48
f 8255 1461 1462 8262 
usemtl PATCH_48
f 8262 1462 1463 8269 
usemtl PATCH_48
f 8269 1463 1464 8276 
usemtl PATCH_48
f 8276 1464 1465 8283 
usemtl PATCH_48
f 8283 1465 1466 8290 
usemtl PATCH_48
f 8290 1466 1467 8297 
usemtl PATCH_48
f 8297 1467 1468 8304 
usemtl PATCH_48
f 8304 1468 1469 8311 
usemtl PATCH_48
f 8311 1469 1470 8318 
usemtl PATCH_48
f 8318 1470 1471 8325 
usemtl PATCH_48
f 8325 1471 1472 8332 
usemtl PATCH_48
f 8332 1472 1473 8339 
usemtl PATCH_48
f 8339 1473 1474 8346 
usemtl PATCH_48
f 8346 1474 1475 8353 
usemtl PATCH_48
f 8353 1475 1476 8360 
usemtl PATCH_48
f 8360 1476 1477 8367 
usemtl PATCH_48
f 8367 1477 1478 8374 
usemtl PATCH_48
f 8374 1478 37 1479 
usemtl PATCH_25
f 40 810 8375 1184 
usemtl PATCH_25
f 1184 8375 8382 1185 
usemtl PATCH_25
f 1185 8382 8389 1186 
usemtl PATCH_25
f 1186 8389 8396 1187 
usemtl PATCH_25
f 1187 8396 8403 1188 
usemtl PATCH_25
f 1188 8403 8410 1189 
usemtl PATCH_25
f 1189 8410 8417 1190 
usemtl PATCH_25
f 1190 8417 8424 1191 
usemtl PATCH_25
f 1191 8424 8431 1192 
usemtl PATCH_25
f 1192 8431 8438 1193 
usemtl PATCH_25
f 1193 8438 8445 1194 
usemtl PATCH_25
f 1194 8445 8452 1195 
usemtl PATCH_25
f 1195 8452 8459 1196 
usemtl PATCH_25
f 1196 8459 8466 1197 
usemtl PATCH_25
f 1197 8466 8473 1198 
usemtl PATCH_25
f 1198 8473 8480 1199 
usemtl PATCH_25
f 1199 8480 8487 1200 
usemtl PATCH_25
f 1200 8487 8494 1201 
usemtl PATCH_25
f 1201 8494 8501 1202 
usemtl PATCH_25
f 1202 8501 8508 1203 
usemtl PATCH_25
f 1203 8508 8515 1204 
usemtl PATCH_25
f 1204 8515 8522 1205 
usemtl PATCH_25
f 1205 8522 8529 1206 
usemtl PATCH_25
f 1206 8529 8536 1207 
usemtl PATCH_25
f 1207 8536 8543 1208 
usemtl PATCH_25
f 1208 8543 8550 1209 
usemtl PATCH_25
f 1209 8550 8557 1210 
usemtl PATCH_25
f 1210 8557 8564 1211 
usemtl PATCH_25
f 1211 8564 8571 1212 
usemtl PATCH_25
f 1212 8571 8578 1213 
usemtl PATCH_25
f 1213 8578 1522 59 
usemtl PATCH_25
f 810 809 8376 8375 
usemtl PATCH_25
f 8375 8376 8383 8382 
usemtl PATCH_25
f 8382 8383 8390 8389 
usemtl PATCH_25
f 8389 8390 8397 8396 
usemtl PATCH_25
f 8396 8397 8404 8403 
usemtl PATCH_25
f 8403 8404 8411 8410 
usemtl PATCH_25
f 8410 8411 8418 8417 
usemtl PATCH_25
f 8417 8418 8425 8424 
usemtl PATCH_25
f 8424 8425 8432 8431 
usemtl PATCH_25
f 8431 8432 8439 8438 
usemtl PATCH_25
f 8438 8439 8446 8445 
usemtl PATCH_25
f 8445 8446 8453 8452 
usemtl PATCH_25
f 8452 8453 8460 8459 
usemtl PATCH_25
f 8459 8460 8467 8466 
usemtl PATCH_25
f 8466 8467 8474 8473 
usemtl PATCH_25
f 8473 8474 8481 8480 
usemtl PATCH_25
f 8480 8481 8488 8487 
usemtl PATCH_25
f 8487 8488 8495 8494 
usemtl PATCH_25
f 8494 8495 8502 8501 
usemtl PATCH_25
f 8501 8502 8509 8508 
usemtl PATCH_25
f 8508 8509 8516 8515 
usemtl PATCH_25
f 8515 8516 8523 8522 
usemtl PATCH_25
f 8522 8523 8530 8529 
usemtl PATCH_25
f 8529 8530 8537 8536 
usemtl PATCH_25
f 8536 8537 8544 8543 
usemtl PATCH_25
f 8543 8544 8551 8550 
usemtl PATCH_25
f 8550 8551 8558 8557 
usemtl PATCH_25
f 8557 8558 8565 8564 
usemtl PATCH_25
f 8564 8565 8572 8571 
usemtl PATCH_25
f 8571 8572 8579 8578 
usemtl PATCH_25
f 8578 8579 1521 1522 
usemtl PATCH_25
f 809 808 8377 8376 
usemtl PATCH_25
f 8376 8377 8384 8383 
usemtl PATCH_25
f 8383 8384 8391 8390 
usemtl PATCH_25
f 8390 8391 8398 8397 
usemtl PATCH_25
f 8397 8398 8405 8404 
usemtl PATCH_25
f 8404 8405 8412 8411 
usemtl PATCH_25
f 8411 8412 8419 8418 
usemtl PATCH_25
f 8418 8419 8426 8425 
usemtl PATCH_25
f 8425 8426 8433 8432 
usemtl PATCH_25
f 8432 8433 8440 8439 
usemtl PATCH_25
f 8439 8440 8447 8446 
usemtl PATCH_25
f 8446 8447 8454 8453 
usemtl PATCH_25
f 8453 8454 8461 8460 
usemtl PATCH_25
f 8460 8461 8468 8467 
usemtl PATCH_25
f 8467 8468 8475 8474 
usemtl PATCH_25
f 8474 8475 8482 8481 
usemtl PATCH_25
f 8481 8482 8489 8488 
usemtl PATCH_25
f 8488 8489 8496 8495 
usemtl PATCH_25
f 8495 8496 8503 8502 
usemtl PATCH_25
f 8502 8503 8510 8509 
usemtl PATCH_25
f 8509 8510 8517 8516 
usemtl PATCH_25
f 8516 8517 8524 8523 
usemtl PATCH_25
f 8523 8524 8531 8530 
usemtl PATCH_25
f 8530 8531 8538 8537 
usemtl PATCH_25
f 8537 8538 8545 8544 
usemtl PATCH_25
f 8544 8545 8552 8551 
usemtl PATCH_25
f 8551 8552 8559 8558 
usemtl PATCH_25
f 8558 8559 8566 8565 
usemtl PATCH_25
f 8565 8566 8573 8572 
usemtl PATCH_25
f 8572 8573 8580 8579 
usemtl PATCH_25
f 8579 8580 1520 1521 
usemtl PATCH_25
f 808 807 8378 8377 
usemtl PATCH_25
f 8377 8378 8385 8384 
usemtl PATCH_25
f 8384 8385 8392 8391 
usemtl PATCH_25
f 8391 8392 8399 8398 
usemtl PATCH_25
f 8398 8399 8406 8405 
usemtl PATCH_25
f 8405 8406 8413 8412 
usemtl PATCH_25
f 8412 8413 8420 8419 
usemtl PATCH_25
f 8419 8420 8427 8426 
usemtl PATCH_25
f 8426 8427 8434 8433 
usemtl PATCH_25
f 8433 8434 8441 8440 
usemtl PATCH_25
f 8440 8441 8448 8447 
usemtl PATCH_25
f 8447 8448 8455 8454 
usemtl PATCH_25
f 8454 8455 8462 8461 
usemtl PATCH_25
f 8461 8462 8469 8468 
usemtl PATCH_25
f 8468 8469 8476 8475 
usemtl PATCH_25
f 8475 8476 8483 8482 
usemtl PATCH_25
f 8482 8483 8490 8489 
usemtl PATCH_25
f 8489 8490 8497 8496 
usemtl PATCH_25
f 8496 8497 8504 8503 
usemtl PATCH_25
f 8503 8504 8511 8510 
usemtl PATCH_25
f 8510 8511 8518 8517 
usemtl PATCH_25
f 8517 8518 8525 8524 
usemtl PATCH_25
f 8524 8525 8532 8531 
usemtl PATCH_25
f 8531 8532 8539 8538 
usemtl PATCH_25
f 8538 8539 8546 8545 
usemtl PATCH_25
f 8545 8546 8553 8552 
usemtl PATCH_25
f 8552 8553 8560 8559 
usemtl PATCH_25
f 8559 8560 8567 8566 
usemtl PATCH_25
f 8566 8567 8574 8573 
usemtl PATCH_25
f 8573 8574 8581 8580 
usemtl PATCH_25
f 8580 8581 1519 1520 
usemtl PATCH_25
f 807 806 8379 8378 
usemtl PATCH_25
f 8378 8379 8386 8385 
usemtl PATCH_25
f 8385 8386 8393 8392 
usemtl PATCH_25
f 8392 8393 8400 8399 
usemtl PATCH_25
f 8399 8400 8407 8406 
usemtl PATCH_25
f 8406 8407 8414 8413 
usemtl PATCH_25
f 8413 8414 8421 8420 
usemtl PATCH_25
f 8420 8421 8428 8427 
usemtl PATCH_25
f 8427 8428 8435 8434 
usemtl PATCH_25
f 8434 8435 8442 8441 
usemtl PATCH_25
f 8441 8442 8449 8448 
usemtl PATCH_25
f 8448 8449 8456 8455 
usemtl PATCH_25
f 8455 8456 8463 8462 
usemtl PATCH_25
f 8462 8463 8470 8469 
usemtl PATCH_25
f 8469 8470 8477 8476 
usemtl PATCH_25
f 8476 8477 8484 8483 
usemtl PATCH_25
f 8483 8484 8491 8490 
usemtl PATCH_25
f 8490 8491 8498 8497 
usemtl PATCH_25
f 8497 8498 8505 8504 
usemtl PATCH_25
f 8504 8505 8512 8511 
usemtl PATCH_25
f 8511 8512 8519 8518 
usemtl PATCH_25
f 8518 8519 8526 8525 
usemtl PATCH_25
f 8525 8526 8533 8532 
usemtl PATCH_25
f 8532 8533 8540 8539 
usemtl PATCH_25
f 8539 8540 8547 8546 
usemtl PATCH_25
f 8546 8547 8554 8553 
usemtl PATCH_25
f 8553 8554 8561 8560 
usemtl PATCH_25
f 8560 8561 8568 8567 
usemtl PATCH_25
f 8567 8568 8575 8574 
usemtl PATCH_25
f 8574 8575 8582 8581 
usemtl PATCH_25
f 8581 8582 1518 1519 
usemtl PATCH_25
f 806 805 8380 8379 
usemtl PATCH_25
f 8379 8380 8387 8386 
usemtl PATCH_25
f 8386 8387 8394 8393 
usemtl PATCH_25
f 8393 8394 8401 8400 
usemtl PATCH_25
f 8400 8401 8408 8407 
usemtl PATCH_25
f 8407 8408 8415 8414 
usemtl PATCH_25
f 8414 8415 8422 8421 
usemtl PATCH_25
f 8421 8422 8429 8428 
usemtl PATCH_25
f 8428 8429 8436 8435 
usemtl PATCH_25
f 8435 8436 8443 8442 
usemtl PATCH_25
f 8442 8443 8450 8449 
usemtl PATCH_25
f 8449 8450 8457 8456 
usemtl PATCH_25
f 8456 8457 8464 8463 
usemtl PATCH_25
f 8463 8464 8471 8470 
usemtl PATCH_25
f 8470 8471 8478 8477 
usemtl PATCH_25
f 8477 8478 8485 8484 
usemtl PATCH_25
f 8484 8485 8492 8491 
usemtl PATCH_25
f 8491 8492 8499 8498 
usemtl PATCH_25
f 8498 8499 8506 8505 
usemtl PATCH_25
f 8505 8506 8513 8512 
usemtl PATCH_25
f 8512 8513 8520 8519 
usemtl PATCH_25
f 8519 8520 8527 8526 
usemtl PATCH_25
f 8526 8527 8534 8533 
usemtl PATCH_25
f 8533 8534 8541 8540 
usemtl PATCH_25
f 8540 8541 8548 8547 
usemtl PATCH_25
f 8547 8548 8555 8554 
usemtl PATCH_25
f 8554 8555 8562 8561 
usemtl PATCH_25
f 8561 8562 8569 8568 
usemtl PATCH_25
f 8568 8569 8576 8575 
usemtl PATCH_25
f 8575 8576 8583 8582 
usemtl PATCH_25
f 8582 8583 1517 1518 
usemtl PATCH_25
f 805 804 8381 8380 
usemtl PATCH_25
f 8380 8381 8388 8387 
usemtl PATCH_25
f 8387 8388 8395 8394 
usemtl PATCH_25
f 8394 8395 8402 8401 
usemtl PATCH_25
f 8401 8402 8409 8408 
usemtl PATCH_25
f 8408 8409 8416 8415 
usemtl PATCH_25
f 8415 8416 8423 8422 
usemtl PATCH_25
f 8422 8423 8430 8429 
usemtl PATCH_25
f 8429 8430 8437 8436 
usemtl PATCH_25
f 8436 8437 8444 8443 
usemtl PATCH_25
f 8443 8444 8451 8450 
usemtl PATCH_25
f 8450 8451 8458 8457 
usemtl PATCH_25
f 8457 8458 8465 8464 
usemtl PATCH_25
f 8464 8465 8472 8471 
usemtl PATCH_25
f 8471 8472 8479 8478 
usemtl PATCH_25
f 8478 8479 8486 8485 
usemtl PATCH_25
f 8485 8486 8493 8492 
usemtl PATCH_25
f 8492 8493 8500 8499 
usemtl PATCH_25
f 8499 8500 8507 8506 
usemtl PATCH_25
f 8506 8507 8514 8513 
usemtl PATCH_25
f 8513 8514 8521 8520 
usemtl PATCH_25
f 8520 8521 8528 8527 
usemtl PATCH_25
f 8527 8528 8535 8534 
usemtl PATCH_25
f 8534 8535 8542 8541 
usemtl PATCH_25
f 8541 8542 8549 8548 
usemtl PATCH_25
f 8548 8549 8556 8555 
usemtl PATCH_25
f 8555 8556 8563 8562 
usemtl PATCH_25
f 8562 8563 8570 8569 
usemtl PATCH_25
f 8569 8570 8577 8576 
usemtl PATCH_25
f 8576 8577 8584 8583 
usemtl PATCH_25
f 8583 8584 1516 1517 
usemtl PATCH_25
f 804 44 1486 8381 
usemtl PATCH_25
f 8381 1486 1487 8388 
usemtl PATCH_25
f 8388 1487 1488 8395 
usemtl PATCH_25
f 8395 1488 1489 8402 
usemtl PATCH_25
f 8402 1489 1490 8409 
usemtl PATCH_25
f 8409 1490 1491 8416 
usemtl PATCH_25
f 8416 1491 1492 8423 
usemtl PATCH_25
f 8423 1492 1493 8430 
usemtl PATCH_25
f 8430 1493 1494 8437 
usemtl PATCH_25
f 8437 1494 1495 8444 
usemtl PATCH_25
f 8444 1495 1496 8451 
usemtl PATCH_25
f 8451 1496 1497 8458 
usemtl PATCH_25
f 8458 1497 1498 8465 
usemtl PATCH_25
f 8465 1498 1499 8472 
usemtl PATCH_25
f 8472 1499 1500 8479 
usemtl PATCH_25
f 8479 1500 1501 8486 
usemtl PATCH_25
f 8486 1501 1502 8493 
usemtl PATCH_25
f 8493 1502 1503 8500 
usemtl PATCH_25
f 8500 1503 1504 8507 
usemtl PATCH_25
f 8507 1504 1505 8514 
usemtl PATCH_25
f 8514 1505 1506 8521 
usemtl PATCH_25
f 8521 1506 1507 8528 
usemtl PATCH_25
f 8528 1507 1508 8535 
usemtl PATCH_25
f 8535 1508 1509 8542 
usemtl PATCH_25
f 8542 1509 1510 8549 
usemtl PATCH_25
f 8549 1510 1511 8556 
usemtl PATCH_25
f 8556 1511 1512 8563 
usemtl PATCH_25
f 8563 1512 1513 8570 
usemtl PATCH_25
f 8570 1513 1514 8577 
usemtl PATCH_25
f 8577 1514 1515 8584 
usemtl PATCH_25
f 8584 1515 68 1516 
usemtl PATCH_42
f 41 1282 8585 826 
usemtl PATCH_42
f 826 8585 8609 827 
usemtl PATCH_42
f 827 8609 8633 828 
usemtl PATCH_42
f 828 8633 8657 829 
usemtl PATCH_42
f 829 8657 8681 830 
usemtl PATCH_42
f 830 8681 8705 831 
usemtl PATCH_42
f 831 8705 8729 832 
usemtl PATCH_42
f 832 8729 1553 46 
usemtl PATCH_42
f 1282 1281 8586 8585 
usemtl PATCH_42
f 8585 8586 8610 8609 
usemtl PATCH_42
f 8609 8610 8634 8633 
usemtl PATCH_42
f 8633 8634 8658 8657 
usemtl PATCH_42
f 8657 8658 8682 8681 
usemtl PATCH_42
f 8681 8682 8706 8705 
usemtl PATCH_42
f 8705 8706 8730 8729 
usemtl PATCH_42
f 8729 8730 1552 1553 
usemtl PATCH_42
f 1281 1280 8587 8586 
usemtl PATCH_42
f 8586 8587 8611 8610 
usemtl PATCH_42
f 8610 8611 8635 8634 
usemtl PATCH_42
f 8634 8635 8659 8658 
usemtl PATCH_42
f 8658 8659 8683 8682 
usemtl PATCH_42
f 8682 8683 8707 8706 
usemtl PATCH_42
f 8706 8707 8731 8730 
usemtl PATCH_42
f 8730 8731 1551 1552 
usemtl PATCH_42
f 1280 1279 8588 8587 
usemtl PATCH_42
f 8587 8588 8612 8611 
usemtl PATCH_42
f 8611 8612 8636 8635 
usemtl PATCH_42
f 8635 8636 8660 8659 
usemtl PATCH_42
f 8659 8660 8684 8683 
usemtl PATCH_42
f 8683 8684 8708 8707 
usemtl PATCH_42
f 8707 8708 8732 8731 
usemtl PATCH_42
f 8731 8732 1550 1551 
usemtl PATCH_42
f 1279 1278 8589 8588 
usemtl PATCH_42
f 8588 8589 8613 8612 
usemtl PATCH_42
f 8612 8613 8637 8636 
usemtl PATCH_42
f 8636 8637 8661 8660 
usemtl PATCH_42
f 8660 8661 8685 8684 
usemtl PATCH_42
f 8684 8685 8709 8708 
usemtl PATCH_42
f 8708 8709 8733 8732 
usemtl PATCH_42
f 8732 8733 1549 1550 
usemtl PATCH_42
f 1278 1277 8590 8589 
usemtl PATCH_42
f 8589 8590 8614 8613 
usemtl PATCH_42
f 8613 8614 8638 8637 
usemtl PATCH_42
f 8637 8638 8662 8661 
usemtl PATCH_42
f 8661 8662 8686 8685 
usemtl PATCH_42
f 8685 8686 8710 8709 
usemtl PATCH_42
f 8709 8710 8734 8733 
usemtl PATCH_42
f 8733 8734 1548 1549 
usemtl PATCH_42
f 1277 1276 8591 8590 
usemtl PATCH_42
f 8590 8591 8615 8614 
usemtl PATCH_42
f 8614 8615 8639 8638 
usemtl PATCH_42
f 8638 8639 8663 8662 
usemtl PATCH_42
f 8662 8663 8687 8686 
usemtl PATCH_42
f 8686 8687 8711 8710 
usemtl PATCH_42
f 8710 8711 8735 8734 
usemtl PATCH_42
f 8734 8735 1547 1548 
usemtl PATCH_42
f 1276 1275 8592 8591 
usemtl PATCH_42
f 8591 8592 8616 8615 
usemtl PATCH_42
f 8615 8616 8640 8639 
usemtl PATCH_42
f 8639 8640 8664 8663 
usemtl PATCH_42
f 8663 8664 8688 8687 
usemtl PATCH_42
f 8687 8688 8712 8711 
usemtl PATCH_42
f 8711 8712 8736 8735 
usemtl PATCH_42
f 8735 8736 1546 1547 
usemtl PATCH_42
f 1275 1274 8593 8592 
usemtl PATCH_42
f 8592 8593 8617 8616 
usemtl PATCH_42
f 8616 8617 8641 8640 
usemtl PATCH_42
f 8640 8641 8665 8664 
usemtl PATCH_42
f 8664 8665 8689 8688 
usemtl PATCH_42
f 8688 8689 8713 8712 
usemtl PATCH_42
f 8712 8713 8737 8736 
usemtl PATCH_42
f 8736 8737 1545 1546 
usemtl PATCH_42
f 1274 1273 8594 8593 
usemtl PATCH_42
f 8593 8594 8618 8617 
usemtl PATCH_42
f 8617 8618 8642 8641 
usemtl PATCH_42
f 8641 8642 8666 8665 
usemtl PATCH_42
f 8665 8666 8690 8689 
usemtl PATCH_42
f 8689 8690 8714 8713 
usemtl PATCH_42
f 8713 8714 8738 8737 
usemtl PATCH_42
f 8737 8738 1544 1545 
usemtl PATCH_42
f 1273 1272 8595 8594 
usemtl PATCH_42
f 8594 8595 8619 8618 
usemtl PATCH_42
f 8618 8619 8643 8642 
usemtl PATCH_42
f 8642 8643 8667 8666 
usemtl PATCH_42
f 8666 8667 8691 8690 
usemtl PATCH_42
f 8690 8691 8715 8714 
usemtl PATCH_42
f 8714 8715 8739 8738 
usemtl PATCH_42
f 8738 8739 1543 1544 
usemtl PATCH_42
f 1272 1271 8596 8595 
usemtl PATCH_42
f 8595 8596 8620 8619 
usemtl PATCH_42
f 8619 8620 8644 8643 
usemtl PATCH_42
f 8643 8644 8668 8667 
usemtl PATCH_42
f 8667 8668 8692 8691 
usemtl PATCH_42
f 8691 8692 8716 8715 
usemtl PATCH_42
f 8715 8716 8740 8739 
usemtl PATCH_42
f 8739 8740 1542 1543 
usemtl PATCH_42
f 1271 1270 8597 8596 
usemtl PATCH_42
f 8596 8597 8621 8620 
usemtl PATCH_42
f 8620 8621 8645 8644 
usemtl PATCH_42
f 8644 8645 8669 8668 
usemtl PATCH_42
f 8668 8669 8693 8692 
usemtl PATCH_42
f 8692 8693 8717 8716 
usemtl PATCH_42
f 8716 8717 8741 8740 
usemtl PATCH_42
f 8740 8741 1541 1542 
usemtl PATCH_42
f 1270 1269 8598 8597 
usemtl PATCH_42
f 8597 8598 8622 8621 
usemtl PATCH_42
f 8621 8622 8646 8645 
usemtl PATCH_42
f 8645 8646 8670 8669 
usemtl PATCH_42
f 8669 8670 8694 8693 
usemtl PATCH_42
f 8693 8694 8718 8717 
usemtl PATCH_42
f 8717 8718 8742 8741 
usemtl PATCH_42
f 8741 8742 1540 1541 
usemtl PATCH_42
f 1269 1268 8599 8598 
usemtl PATCH_42
f 8598 8599 8623 8622 
usemtl PATCH_42
f 8622 8623 8647 8646 
usemtl PATCH_42
f 8646 8647 8671 8670 
usemtl PATCH_42
f 8670 8671 8695 8694 
usemtl PATCH_42
f 8694 8695 8719 8718 
usemtl PATCH_42
f 8718 8719 8743 8742 
usemtl PATCH_42
f 8742 8743 1539 1540 
usemtl PATCH_42
f 1268 1267 8600 8599 
usemtl PATCH_42
f 8599 8600 8624 8623 
usemtl PATCH_42
f 8623 8624 8648 8647 
usemtl PATCH_42
f 8647 8648 8672 8671 
usemtl PATCH_42
f 8671 8672 8696 8695 
usemtl PATCH_42
f 8695 8696 8720 8719 
usemtl PATCH_42
f 8719 8720 8744 8743 
usemtl PATCH_42
f 8743 8744 1538 1539 
usemtl PATCH_42
f 1267 1266 8601 8600 
usemtl PATCH_42
f 8600 8601 8625 8624 
usemtl PATCH_42
f 8624 8625 8649 8648 
usemtl PATCH_42
f 8648 8649 8673 8672 
usemtl PATCH_42
f 8672 8673 8697 8696 
usemtl PATCH_42
f 8696 8697 8721 8720 
usemtl PATCH_42
f 8720 8721 8745 8744 
usemtl PATCH_42
f 8744 8745 1537 1538 
usemtl PATCH_42
f 1266 1265 8602 8601 
usemtl PATCH_42
f 8601 8602 8626 8625 
usemtl PATCH_42
f 8625 8626 8650 8649 
usemtl PATCH_42
f 8649 8650 8674 8673 
usemtl PATCH_42
f 8673 8674 8698 8697 
usemtl PATCH_42
f 8697 8698 8722 8721 
usemtl PATCH_42
f 8721 8722 8746 8745 
usemtl PATCH_42
f 8745 8746 1536 1537 
usemtl PATCH_42
f 1265 1264 8603 8602 
usemtl PATCH_42
f 8602 8603 8627 8626 
usemtl PATCH_42
f 8626 8627 8651 8650 
usemtl PATCH_42
f 8650 8651 8675 8674 
usemtl PATCH_42
f 8674 8675 8699 8698 
usemtl PATCH_42
f 8698 8699 8723 8722 
usemtl PATCH_42
f 8722 8723 8747 8746 
usemtl PATCH_42
f 8746 8747 1535 1536 
usemtl PATCH_42
f 1264 1263 8604 8603 
usemtl PATCH_42
f 8603 8604 8628 8627 
usemtl PATCH_42
f 8627 8628 8652 8651 
usemtl PATCH_42
f 8651 8652 8676 8675 
usemtl PATCH_42
f 8675 8676 8700 8699 
usemtl PATCH_42
f 8699 8700 8724 8723 
usemtl PATCH_42
f 8723 8724 8748 8747 
usemtl PATCH_42
f 8747 8748 1534 1535 
usemtl PATCH_42
f 1263 1262 8605 8604 
usemtl PATCH_42
f 8604 8605 8629 8628 
usemtl PATCH_42
f 8628 8629 8653 8652 
usemtl PATCH_42
f 8652 8653 8677 8676 
usemtl PATCH_42
f 8676 8677 8701 8700 
usemtl PATCH_42
f 8700 8701 8725 8724 
usemtl PATCH_42
f 8724 8725 8749 8748 
usemtl PATCH_42
f 8748 8749 1533 1534 
usemtl PATCH_42
f 1262 1261 8606 8605 
usemtl PATCH_42
f 8605 8606 8630 8629 
usemtl PATCH_42
f 8629 8630 8654 8653 
usemtl PATCH_42
f 8653 8654 8678 8677 
usemtl PATCH_42
f 8677 8678 8702 8701 
usemtl PATCH_42
f 8701 8702 8726 8725 
usemtl PATCH_42
f 8725 8726 8750 8749 
usemtl PATCH_42
f 8749 8750 1532 1533 
usemtl PATCH_42
f 1261 1260 8607 8606 
usemtl PATCH_42
f 8606 8607 8631 8630 
usemtl PATCH_42
f 8630 8631 8655 8654 
usemtl PATCH_42
f 8654 8655 8679 8678 
usemtl PATCH_42
f 8678 8679 8703 8702 
usemtl PATCH_42
f 8702 8703 8727 8726 
usemtl PATCH_42
f 8726 8727 8751 8750 
usemtl PATCH_42
f 8750 8751 1531 1532 
usemtl PATCH_42
f 1260 1259 8608 8607 
usemtl PATCH_42
f 8607 8608 8632 8631 
usemtl PATCH_42
f 8631 8632 8656 8655 
usemtl PATCH_42
f 8655 8656 8680 8679 
usemtl PATCH_42
f 8679 8680 8704 8703 
usemtl PATCH_42
f 8703 8704 8728 8727 
usemtl PATCH_42
f 8727 8728 8752 8751 
usemtl PATCH_42
f 8751 8752 1530 1531 
usemtl PATCH_42
f 1259 61 1523 8608 
usemtl PATCH_42
f 8608 1523 1524 8632 
usemtl PATCH_42
f 8632 1524 1525 8656 
usemtl PATCH_42
f 8656 1525 1526 8680 
usemtl PATCH_42
f 8680 1526 1527 8704 
usemtl PATCH_42
f 8704 1527 1528 8728 
usemtl PATCH_42
f 8728 1528 1529 8752 
usemtl PATCH_42
f 8752 1529 34 1530 
usemtl PATCH_31
f 50 1416 8753 992 
usemtl PATCH_31
f 992 8753 8783 993 
usemtl PATCH_31
f 993 8783 8813 994 
usemtl PATCH_31
f 994 8813 8843 995 
usemtl PATCH_31
f 995 8843 8873 996 
usemtl PATCH_31
f 996 8873 8903 997 
usemtl PATCH_31
f 997 8903 8933 998 
usemtl PATCH_31
f 998 8933 1486 44 
usemtl PATCH_31
f 1416 1415 8754 8753 
usemtl PATCH_31
f 8753 8754 8784 8783 
usemtl PATCH_31
f 8783 8784 8814 8813 
usemtl PATCH_31
f 8813 8814 8844 8843 
usemtl PATCH_31
f 8843 8844 8874 8873 
usemtl PATCH_31
f 8873 8874 8904 8903 
usemtl PATCH_31
f 8903 8904 8934 8933 
usemtl PATCH_31
f 8933 8934 1487 1486 
usemtl PATCH_31
f 1415 1414 8755 8754 
usemtl PATCH_31
f 8754 8755 8785 8784 
usemtl PATCH_31
f 8784 8785 8815 8814 
usemtl PATCH_31
f 8814 8815 8845 8844 
usemtl PATCH_31
f 8844 8845 8875 8874 
usemtl PATCH_31
f 8874 8875 8905 8904 
usemtl PATCH_31
f 8904 8905 8935 8934 
usemtl PATCH_31
f 8934 8935 1488 1487 
usemtl PATCH_31
f 1414 1413 8756 8755 
usemtl PATCH_31
f 8755 8756 8786 8785 
usemtl PATCH_31
f 8785 8786 8816 8815 
usemtl PATCH_31
f 8815 8816 8846 8845 
usemtl PATCH_31
f 8845 8846 8876 8875 
usemtl PATCH_31
f 8875 8876 8906 8905 
usemtl PATCH_31
f 8905 8906 8936 8935 
usemtl PATCH_31
f 8935 8936 1489 1488 
usemtl PATCH_31
f 1413 1412 8757 8756 
usemtl PATCH_31
f 8756 8757 8787 8786 
usemtl PATCH_31
f 8786 8787 8817 8816 
usemtl PATCH_31
f 8816 8817 8847 8846 
usemtl PATCH_31
f 8846 8847 8877 8876 
usemtl PATCH_31
f 8876 8877 8907 8906 
usemtl PATCH_31
f 8906 8907 8937 8936 
usemtl PATCH_31
f 8936 8937 1490 1489 
usemtl PATCH_31
f 1412 1411 8758 8757 
usemtl PATCH_31
f 8757 8758 8788 8787 
usemtl PATCH_31
f 8787 8788 8818 8817 
usemtl PATCH_31
f 8817 8818 8848 8847 
usemtl PATCH_31
f 8847 8848 8878 8877 
usemtl PATCH_31
f 8877 8878 8908 8907 
usemtl PATCH_31
f 8907 8908 8938 8937 
usemtl PATCH_31
f 8937 8938 1491 1490 
usemtl PATCH_31
f 1411 1410 8759 8758 
usemtl PATCH_31
f 8758 8759 8789 8788 
usemtl PATCH_31
f 8788 8789 8819 8818 
usemtl PATCH_31
f 8818 8819 8849 8848 
usemtl PATCH_31
f 8848 8849 8879 8878 
usemtl PATCH_31
f 8878 8879 8909 8908 
usemtl PATCH_31
f 8908 8909 8939 8938 
usemtl PATCH_31
f 8938 8939 1492 1491 
usemtl PATCH_31
f 1410 1409 8760 8759 
usemtl PATCH_31
f 8759 8760 8790 8789 
usemtl PATCH_31
f 8789 8790 8820 8819 
usemtl PATCH_31
f 8819 8820 8850 8849 
usemtl PATCH_31
f 8849 8850 8880 8879 
usemtl PATCH_31
f 8879 8880 8910 8909 
usemtl PATCH_31
f 8909 8910 8940 8939 
usemtl PATCH_31
f 8939 8940 1493 1492 
usemtl PATCH_31
f 1409 1408 8761 8760 
usemtl PATCH_31
f 8760 8761 8791 8790 
usemtl PATCH_31
f 8790 8791 8821 8820 
usemtl PATCH_31
f 8820 8821 8851 8850 
usemtl PATCH_31
f 8850 8851 8881 8880 
usemtl PATCH_31
f 8880 8881 8911 8910 
usemtl PATCH_31
f 8910 8911 8941 8940 
usemtl PATCH_31
f 8940 8941 1494 1493 
usemtl PATCH_31
f 1408 1407 8762 8761 
usemtl PATCH_31
f 8761 8762 8792 8791 
usemtl PATCH_31
f 8791 8792 8822 8821 
usemtl PATCH_31
f 8821 8822 8852 8851 
usemtl PATCH_31
f 8851 8852 8882 8881 
usemtl PATCH_31
f 8881 8882 8912 8911 
usemtl PATCH_31
f 8911 8912 8942 8941 
usemtl PATCH_31
f 8941 8942 1495 1494 
usemtl PATCH_31
f 1407 1406 8763 8762 
usemtl PATCH_31
f 8762 8763 8793 8792 
usemtl PATCH_31
f 8792 8793 8823 8822 
usemtl PATCH_31
f 8822 8823 8853 8852 
usemtl PATCH_31
f 8852 8853 8883 8882 
usemtl PATCH_31
f 8882 8883 8913 8912 
usemtl PATCH_31
f 8912 8913 8943 8942 
usemtl PATCH_31
f 8942 8943 1496 1495 
usemtl PATCH_31
f 1406 1405 8764 8763 
usemtl PATCH_31
f 8763 8764 8794 8793 
usemtl PATCH_31
f 8793 8794 8824 8823 
usemtl PATCH_31
f 8823 8824 8854 8853 
usemtl PATCH_31
f 8853 8854 8884 8883 
usemtl PATCH_31
f 8883 8884 8914 8913 
usemtl PATCH_31
f 8913 8914 8944 8943 
usemtl PATCH_31
f 8943 8944 1497 1496 
usemtl PATCH_31
f 1405 1404 8765 8764 
usemtl PATCH_31
f 8764 8765 8795 8794 
usemtl PATCH_31
f 8794 8795 8825 8824 
usemtl PATCH_31
f 8824 8825 8855 8854 
usemtl PATCH_31
f 8854 8855 8885 8884 
usemtl PATCH_31
f 8884 8885 8915 8914 
usemtl PATCH_31
f 8914 8915 8945 8944 
usemtl PATCH_31
f 8944 8945 1498 1497 
usemtl PATCH_31
f 1404 1403 8766 8765 
usemtl PATCH_31
f 8765 8766 8796 8795 
usemtl PATCH_31
f 8795 8796 8826 8825 
usemtl PATCH_31
f 8825 8826 8856 8855 
usemtl PATCH_31
f 8855 8856 8886 8885 
usemtl PATCH_31
f 8885 8886 8916 8915 
usemtl PATCH_31
f 8915 8916 8946 8945 
usemtl PATCH_31
f 8945 8946 1499 1498 
usemtl PATCH_31
f 1403 1402 8767 8766 
usemtl PATCH_31
f 8766 8767 8797 8796 
usemtl PATCH_31
f 8796 8797 8827 8826 
usemtl PATCH_31
f 8826 8827 8857 8856 
usemtl PATCH_31
f 8856 8857 8887 8886 
usemtl PATCH_31
f 8886 8887 8917 8916 
usemtl PATCH_31
f 8916 8917 8947 8946 
usemtl PATCH_31
f 8946 8947 1500 1499 
usemtl PATCH_31
f 1402 1401 8768 8767 
usemtl PATCH_31
f 8767 8768 8798 8797 
usemtl PATCH_31
f 8797 8798 8828 8827 
usemtl PATCH_31
f 8827 8828 8858 8857 
usemtl PATCH_31
f 8857 8858 8888 8887 
usemtl PATCH_31
f 8887 8888 8918 8917 
usemtl PATCH_31
f 8917 8918 8948 8947 
usemtl PATCH_31
f 8947 8948 1501 1500 
usemtl PATCH_31
f 1401 1400 8769 8768 
usemtl PATCH_31
f 8768 8769 8799 8798 
usemtl PATCH_31
f 8798 8799 8829 8828 
usemtl PATCH_31
f 8828 8829 8859 8858 
usemtl PATCH_31
f 8858 8859 8889 8888 
usemtl PATCH_31
f 8888 8889 8919 8918 
usemtl PATCH_31
f 8918 8919 8949 8948 
usemtl PATCH_31
f 8948 8949 1502 1501 
usemtl PATCH_31
f 1400 1399 8770 8769 
usemtl PATCH_31
f 8769 8770 8800 8799 
usemtl PATCH_31
f 8799 8800 8830 8829 
usemtl PATCH_31
f 8829 8830 8860 8859 
usemtl PATCH_31
f 8859 8860 8890 8889 
usemtl PATCH_31
f 8889 8890 8920 8919 
usemtl PATCH_31
f 8919 8920 8950 8949 
usemtl PATCH_31
f 8949 8950 1503 1502 
usemtl PATCH_31
f 1399 1398 8771 8770 
usemtl PATCH_31
f 8770 8771 8801 8800 
usemtl PATCH_31
f 8800 8801 8831 8830 
usemtl PATCH_31
f 8830 8831 8861 8860 
usemtl PATCH_31
f 8860 8861 8891 8890 
usemtl PATCH_31
f 8890 8891 8921 8920 
usemtl PATCH_31
f 8920 8921 8951 8950 
usemtl PATCH_31
f 8950 8951 1504 1503 
usemtl PATCH_31
f 1398 1397 8772 8771 
usemtl PATCH_31
f 8771 8772 8802 8801 
usemtl PATCH_31
f 8801 8802 8832 8831 
usemtl PATCH_31
f 8831 8832 8862 8861 
usemtl PATCH_31
f 8861 8862 8892 8891 
usemtl PATCH_31
f 8891 8892 8922 8921 
usemtl PATCH_31
f 8921 8922 8952 8951 
usemtl PATCH_31
f 8951 8952 1505 1504 
usemtl PATCH_31
f 1397 1396 8773 8772 
usemtl PATCH_31
f 8772 8773 8803 8802 
usemtl PATCH_31
f 8802 8803 8833 8832 
usemtl PATCH_31
f 8832 8833 8863 8862 
usemtl PATCH_31
f 8862 8863 8893 8892 
usemtl PATCH_31
f 8892 8893 8923 8922 
usemtl PATCH_31
f 8922 8923 8953 8952 
usemtl PATCH_31
f 8952 8953 1506 1505 
usemtl PATCH_31
f 1396 1395 8774 8773 
usemtl PATCH_31
f 8773 8774 8804 8803 
usemtl PATCH_31
f 8803 8804 8834 8833 
usemtl PATCH_31
f 8833 8834 8864 8863 
usemtl PATCH_31
f 8863 8864 8894 8893 
usemtl PATCH_31
f 8893 8894 8924 8923 
usemtl PATCH_31
f 8923 8924 8954 8953 
usemtl PATCH_31
f 8953 8954 1507 1506 
usemtl PATCH_31
f 1395 1394 8775 8774 
usemtl PATCH_31
f 8774 8775 8805 8804 
usemtl PATCH_31
f 8804 8805 8835 8834 
usemtl PATCH_31
f 8834 8835 8865 8864 
usemtl PATCH_31
f 8864 8865 8895 8894 
usemtl PATCH_31
f 8894 8895 8925 8924 
usemtl PATCH_31
f 8924 8925 8955 8954 
usemtl PATCH_31
f 8954 8955 1508 1507 
usemtl PATCH_31
f 1394 1393 8776 8775 
usemtl PATCH_31
f 8775 8776 8806 8805 
usemtl PATCH_31
f 8805 8806 8836 8835 
usemtl PATCH_31
f 8835 8836 8866 8865 
usemtl PATCH_31
f 8865 8866 8896 8895 
usemtl PATCH_31
f 8895 8896 8926 8925 
usemtl PATCH_31
f 8925 8926 8956 8955 
usemtl PATCH_31
f 8955 8956 1509 1508 
usemtl PATCH_31
f 1393 1392 8777 8776 
usemtl PATCH_31
f 8776 8777 8807 8806 
usemtl PATCH_31
f 8806 8807 8837 8836 
usemtl PATCH_31
f 8836 8837 8867 8866 
usemtl PATCH_31
f 8866 8867 8897 8896 
usemtl PATCH_31
f 8896 8897 8927 8926 
usemtl PATCH_31
f 8926 8927 8957 8956 
usemtl PATCH_31
f 8956 8957 1510 1509 
usemtl PATCH_31
f 1392 1391 8778 8777 
usemtl PATCH_31
f 8777 8778 8808 8807 
usemtl PATCH_31
f 8807 8808 8838 8837 
usemtl PATCH_31
f 8837 8838 8868 8867 
usemtl PATCH_31
f 8867 8868 8898 8897 
usemtl PATCH_31
f 8897 8898 8928 8927 
usemtl PATCH_31
f 8927 8928 8958 8957 
usemtl PATCH_31
f 8957 8958 1511 1510 
usemtl PATCH_31
f 1391 1390 8779 8778 
usemtl PATCH_31
f 8778 8779 8809 8808 
usemtl PATCH_31
f 8808 8809 8839 8838 
usemtl PATCH_31
f 8838 8839 8869 8868 
usemtl PATCH_31
f 8868 8869 8899 8898 
usemtl PATCH_31
f 8898 8899 8929 8928 
usemtl PATCH_31
f 8928 8929 8959 8958 
usemtl PATCH_31
f 8958 8959 1512 1511 
usemtl PATCH_31
f 1390 1389 8780 8779 
usemtl PATCH_31
f 8779 8780 8810 8809 
usemtl PATCH_31
f 8809 8810 8840 8839 
usemtl PATCH_31
f 8839 8840 8870 8869 
usemtl PATCH_31
f 8869 8870 8900 8899 
usemtl PATCH_31
f 8899 8900 8930 8929 
usemtl PATCH_31
f 8929 8930 8960 8959 
usemtl PATCH_31
f 8959 8960 1513 1512 
usemtl PATCH_31
f 1389 1388 8781 8780 
usemtl PATCH_31
f 8780 8781 8811 8810 
usemtl PATCH_31
f 8810 8811 8841 8840 
usemtl PATCH_31
f 8840 8841 8871 8870 
usemtl PATCH_31
f 8870 8871 8901 8900 
usemtl PATCH_31
f 8900 8901 8931 8930 
usemtl PATCH_31
f 8930 8931 8961 8960 
usemtl PATCH_31
f 8960 8961 1514 1513 
usemtl PATCH_31
f 1388 1387 8782 8781 
usemtl PATCH_31
f 8781 8782 8812 8811 
usemtl PATCH_31
f 8811 8812 8842 8841 
usemtl PATCH_31
f 8841 8842 8872 8871 
usemtl PATCH_31
f 8871 8872 8902 8901 
usemtl PATCH_31
f 8901 8902 8932 8931 
usemtl PATCH_31
f 8931 8932 8962 8961 
usemtl PATCH_31
f 8961 8962 1515 1514 
usemtl PATCH_31
f 1387 66 1554 8782 
usemtl PATCH_31
f 8782 1554 1555 8812 
usemtl PATCH_31
f 8812 1555 1556 8842 
usemtl PATCH_31
f 8842 1556 1557 8872 
usemtl PATCH_31
f 8872 1557 1558 8902 
usemtl PATCH_31
f 8902 1558 1559 8932 
usemtl PATCH_31
f 8932 1559 1560 8962 
usemtl PATCH_31
f 8962 1560 68 1515 
usemtl PATCH_49
f 52 1020 8963 1455 
usemtl PATCH_49
f 1455 8963 8970 1456 
usemtl PATCH_49
f 1456 8970 8977 1457 
usemtl PATCH_49
f 1457 8977 8984 1458 
usemtl PATCH_49
f 1458 8984 8991 1459 
usemtl PATCH_49
f 1459 8991 8998 1460 
usemtl PATCH_49
f 1460 8998 9005 1461 
usemtl PATCH_49
f 1461 9005 9012 1462 
usemtl PATCH_49
f 1462 9012 9019 1463 
usemtl PATCH_49
f 1463 9019 9026 1464 
usemtl PATCH_49
f 1464 9026 9033 1465 
usemtl PATCH_49
f 1465 9033 9040 1466 
usemtl PATCH_49
f 1466 9040 9047 1467 
usemtl PATCH_49
f 1467 9047 9054 1468 
usemtl PATCH_49
f 1468 9054 9061 1469 
usemtl PATCH_49
f 1469 9061 9068 1470 
usemtl PATCH_49
f 1470 9068 9075 1471 
usemtl PATCH_49
f 1471 9075 9082 1472 
usemtl PATCH_49
f 1472 9082 9089 1473 
usemtl PATCH_49
f 1473 9089 9096 1474 
usemtl PATCH_49
f 1474 9096 9103 1475 
usemtl PATCH_49
f 1475 9103 9110 1476 
usemtl PATCH_49
f 1476 9110 9117 1477 
usemtl PATCH_49
f 1477 9117 9124 1478 
usemtl PATCH_49
f 1478 9124 619 37 
usemtl PATCH_49
f 1020 1019 8964 8963 
usemtl PATCH_49
f 8963 8964 8971 8970 
usemtl PATCH_49
f 8970 8971 8978 8977 
usemtl PATCH_49
f 8977 8978 8985 8984 
usemtl PATCH_49
f 8984 8985 8992 8991 
usemtl PATCH_49
f 8991 8992 8999 8998 
usemtl PATCH_49
f 8998 8999 9006 9005 
usemtl PATCH_49
f 9005 9006 9013 9012 
usemtl PATCH_49
f 9012 9013 9020 9019 
usemtl PATCH_49
f 9019 9020 9027 9026 
usemtl PATCH_49
f 9026 9027 9034 9033 
usemtl PATCH_49
f 9033 9034 9041 9040 
usemtl PATCH_49
f 9040 9041 9048 9047 
usemtl PATCH_49
f 9047 9048 9055 9054 
usemtl PATCH_49
f 9054 9055 9062 9061 
usemtl PATCH_49
f 9061 9062 9069 9068 
usemtl PATCH_49
f 9068 9069 9076 9075 
usemtl PATCH_49
f 9075 9076 9083 9082 
usemtl PATCH_49
f 9082 9083 9090 9089 
usemtl PATCH_49
f 9089 9090 9097 9096 
usemtl PATCH_49
f 9096 9097 9104 9103 
usemtl PATCH_49
f 9103 9104 9111 9110 
usemtl PATCH_49
f 9110 9111 9118 9117 
usemtl PATCH_49
f 9117 9118 9125 9124 
usemtl PATCH_49
f 9124 9125 620 619 
usemtl PATCH_49
f 1019 1018 8965 8964 
usemtl PATCH_49
f 8964 8965 8972 8971 
usemtl PATCH_49
f 8971 8972 8979 8978 
usemtl PATCH_49
f 8978 8979 8986 8985 
usemtl PATCH_49
f 8985 8986 8993 8992 
usemtl PATCH_49
f 8992 8993 9000 8999 
usemtl PATCH_49
f 8999 9000 9007 9006 
usemtl PATCH_49
f 9006 9007 9014 9013 
usemtl PATCH_49
f 9013 9014 9021 9020 
usemtl PATCH_49
f 9020 9021 9028 9027 
usemtl PATCH_49
f 9027 9028 9035 9034 
usemtl PATCH_49
f 9034 9035 9042 9041 
usemtl PATCH_49
f 9041 9042 9049 9048 
usemtl PATCH_49
f 9048 9049 9056 9055 
usemtl PATCH_49
f 9055 9056 9063 9062 
usemtl PATCH_49
f 9062 9063 9070 9069 
usemtl PATCH_49
f 9069 9070 9077 9076 
usemtl PATCH_49
f 9076 9077 9084 9083 
usemtl PATCH_49
f 9083 9084 9091 9090 
usemtl PATCH_49
f 9090 9091 9098 9097 
usemtl PATCH_49
f 9097 9098 9105 9104 
usemtl PATCH_49
f 9104 9105 9112 9111 
usemtl PATCH_49
f 9111 9112 9119 9118 
usemtl PATCH_49
f 9118 9119 9126 9125 
usemtl PATCH_49
f 9125 9126 621 620 
usemtl PATCH_49
f 1018 1017 8966 8965 
usemtl PATCH_49
f 8965 8966 8973 8972 
usemtl PATCH_49
f 8972 8973 8980 8979 
usemtl PATCH_49
f 8979 8980 8987 8986 
usemtl PATCH_49
f 8986 8987 8994 8993 
usemtl PATCH_49
f 8993 8994 9001 9000 
usemtl PATCH_49
f 9000 9001 9008 9007 
usemtl PATCH_49
f 9007 9008 9015 9014 
usemtl PATCH_49
f 9014 9015 9022 9021 
usemtl PATCH_49
f 9021 9022 9029 9028 
usemtl PATCH_49
f 9028 9029 9036 9035 
usemtl PATCH_49
f 9035 9036 9043 9042 
usemtl PATCH_49
f 9042 9043 9050 9049 
usemtl PATCH_49
f 9049 9050 9057 9056 
usemtl PATCH_49
f 9056 9057 9064 9063 
usemtl PATCH_49
f 9063 9064 9071 9070 
usemtl PATCH_49
f 9070 9071 9078 9077 
usemtl PATCH_49
f 9077 9078 9085 9084 
usemtl PATCH_49
f 9084 9085 9092 9091 
usemtl PATCH_49
f 9091 9092 9099 9098 
usemtl PATCH_49
f 9098 9099 9106 9105 
usemtl PATCH_49
f 9105 9106 9113 9112 
usemtl PATCH_49
f 9112 9113 9120 9119 
usemtl PATCH_49
f 9119 9120 9127 9126 
usemtl PATCH_49
f 9126 9127 622 621 
usemtl PATCH_49
f 1017 1016 8967 8966 
usemtl PATCH_49
f 8966 8967 8974 8973 
usemtl PATCH_49
f 8973 8974 8981 8980 
usemtl PATCH_49
f 8980 8981 8988 8987 
usemtl PATCH_49
f 8987 8988 8995 8994 
usemtl PATCH_49
f 8994 8995 9002 9001 
usemtl PATCH_49
f 9001 9002 9009 9008 
usemtl PATCH_49
f 9008 9009 9016 9015 
usemtl PATCH_49
f 9015 9016 9023 9022 
usemtl PATCH_49
f 9022 9023 9030 9029 
usemtl PATCH_49
f 9029 9030 9037 9036 
usemtl PATCH_49
f 9036 9037 9044 9043 
usemtl PATCH_49
f 9043 9044 9051 9050 
usemtl PATCH_49
f 9050 9051 9058 9057 
usemtl PATCH_49
f 9057 9058 9065 9064 
usemtl PATCH_49
f 9064 9065 9072 9071 
usemtl PATCH_49
f 9071 9072 9079 9078 
usemtl PATCH_49
f 9078 9079 9086 9085 
usemtl PATCH_49
f 9085 9086 9093 9092 
usemtl PATCH_49
f 9092 9093 9100 9099 
usemtl PATCH_49
f 9099 9100 9107 9106 
usemtl PATCH_49
f 9106 9107 9114 9113 
usemtl PATCH_49
f 9113 9114 9121 9120 
usemtl PATCH_49
f 9120 9121 9128 9127 
usemtl PATCH_49
f 9127 9128 623 622 
usemtl PATCH_49
f 1016 1015 8968 8967 
usemtl PATCH_49
f 8967 8968 8975 8974 
usemtl PATCH_49
f 8974 8975 8982 8981 
usemtl PATCH_49
f 8981 8982 8989 8988 
usemtl PATCH_49
f 8988 8989 8996 8995 
usemtl PATCH_49
f 8995 8996 9003 9002 
usemtl PATCH_49
f 9002 9003 9010 9009 
usemtl PATCH_49
f 9009 9010 9017 9016 
usemtl PATCH_49
f 9016 9017 9024 9023 
usemtl PATCH_49
f 9023 9024 9031 9030 
usemtl PATCH_49
f 9030 9031 9038 9037 
usemtl PATCH_49
f 9037 9038 9045 9044 
usemtl PATCH_49
f 9044 9045 9052 9051 
usemtl PATCH_49
f 9051 9052 9059 9058 
usemtl PATCH_49
f 9058 9059 9066 9065 
usemtl PATCH_49
f 9065 9066 9073 9072 
usemtl PATCH_49
f 9072 9073 9080 9079 
usemtl PATCH_49
f 9079 9080 9087 9086 
usemtl PATCH_49
f 9086 9087 9094 9093 
usemtl PATCH_49
f 9093 9094 9101 9100 
usemtl PATCH_49
f 9100 9101 9108 9107 
usemtl PATCH_49
f 9107 9108 9115 9114 
usemtl PATCH_49
f 9114 9115 9122 9121 
usemtl PATCH_49
f 9121 9122 9129 9128 
usemtl PATCH_49
f 9128 9129 624 623 
usemtl PATCH_49
f 1015 1014 8969 8968 
usemtl PATCH_49
f 8968 8969 8976 8975 
usemtl PATCH_49
f 8975 8976 8983 8982 
usemtl PATCH_49
f 8982 8983 8990 8989 
usemtl PATCH_49
f 8989 8990 8997 8996 
usemtl PATCH_49
f 8996 8997 9004 9003 
usemtl PATCH_49
f 9003 9004 9011 9010 
usemtl PATCH_49
f 9010 9011 9018 9017 
usemtl PATCH_49
f 9017 9018 9025 9024 
usemtl PATCH_49
f 9024 9025 9032 9031 
usemtl PATCH_49
f 9031 9032 9039 9038 
usemtl PATCH_49
f 9038 9039 9046 9045 
usemtl PATCH_49
f 9045 9046 9053 9052 
usemtl PATCH_49
f 9052 9053 9060 9059 
usemtl PATCH_49
f 9059 9060 9067 9066 
usemtl PATCH_49
f 9066 9067 9074 9073 
usemtl PATCH_49
f 9073 9074 9081 9080 
usemtl PATCH_49
f 9080 9081 9088 9087 
usemtl PATCH_49
f 9087 9088 9095 9094 
usemtl PATCH_49
f 9094 9095 9102 9101 
usemtl PATCH_49
f 9101 9102 9109 9108 
usemtl PATCH_49
f 9108 9109 9116 9115 
usemtl PATCH_49
f 9115 9116 9123 9122 
usemtl PATCH_49
f 9122 9123 9130 9129 
usemtl PATCH_49
f 9129 9130 625 624 
usemtl PATCH_49
f 1014 46 1553 8969 
usemtl PATCH_49
f 8969 1553 1552 8976 
usemtl PATCH_49
f 8976 1552 1551 8983 
usemtl PATCH_49
f 8983 1551 1550 8990 
usemtl PATCH_49
f 8990 1550 1549 8997 
usemtl PATCH_49
f 8997 1549 1548 9004 
usemtl PATCH_49
f 9004 1548 1547 9011 
usemtl PATCH_49
f 9011 1547 1546 9018 
usemtl PATCH_49
f 9018 1546 1545 9025 
usemtl PATCH_49
f 9025 1545 1544 9032 
usemtl PATCH_49
f 9032 1544 1543 9039 
usemtl PATCH_49
f 9039 1543 1542 9046 
usemtl PATCH_49
f 9046 1542 1541 9053 
usemtl PATCH_49
f 9053 1541 1540 9060 
usemtl PATCH_49
f 9060 1540 1539 9067 
usemtl PATCH_49
f 9067 1539 1538 9074 
usemtl PATCH_49
f 9074 1538 1537 9081 
usemtl PATCH_49
f 9081 1537 1536 9088 
usemtl PATCH_49
f 9088 1536 1535 9095 
usemtl PATCH_49
f 9095 1535 1534 9102 
usemtl PATCH_49
f 9102 1534 1533 9109 
usemtl PATCH_49
f 9109 1533 1532 9116 
usemtl PATCH_49
f 9116 1532 1531 9123 
usemtl PATCH_49
f 9123 1531 1530 9130 
usemtl PATCH_49
f 9130 1530 34 625 
usemtl PATCH_44
f 60 1313 9131 1572 
usemtl PATCH_44
f 1572 9131 9138 1571 
usemtl PATCH_44
f 1571 9138 9145 1570 
usemtl PATCH_44
f 1570 9145 9152 1569 
usemtl PATCH_44
f 1569 9152 9159 1568 
usemtl PATCH_44
f 1568 9159 9166 1567 
usemtl PATCH_44
f 1567 9166 216 20 
usemtl PATCH_44
f 1313 1312 9132 9131 
usemtl PATCH_44
f 9131 9132 9139 9138 
usemtl PATCH_44
f 9138 9139 9146 9145 
usemtl PATCH_44
f 9145 9146 9153 9152 
usemtl PATCH_44
f 9152 9153 9160 9159 
usemtl PATCH_44
f 9159 9160 9167 9166 
usemtl PATCH_44
f 9166 9167 217 216 
usemtl PATCH_44
f 1312 1311 9133 9132 
usemtl PATCH_44
f 9132 9133 9140 9139 
usemtl PATCH_44
f 9139 9140 9147 9146 
usemtl PATCH_44
f 9146 9147 9154 9153 
usemtl PATCH_44
f 9153 9154 9161 9160 
usemtl PATCH_44
f 9160 9161 9168 9167 
usemtl PATCH_44
f 9167 9168 218 217 
usemtl PATCH_44
f 1311 1310 9134 9133 
usemtl PATCH_44
f 9133 9134 9141 9140 
usemtl PATCH_44
f 9140 9141 9148 9147 
usemtl PATCH_44
f 9147 9148 9155 9154 
usemtl PATCH_44
f 9154 9155 9162 9161 
usemtl PATCH_44
f 9161 9162 9169 9168 
usemtl PATCH_44
f 9168 9169 219 218 
usemtl PATCH_44
f 1310 1309 9135 9134 
usemtl PATCH_44
f 9134 9135 9142 9141 
usemtl PATCH_44
f 9141 9142 9149 9148 
usemtl PATCH_44
f 9148 9149 9156 9155 
usemtl PATCH_44
f 9155 9156 9163 9162 
usemtl PATCH_44
f 9162 9163 9170 9169 
usemtl PATCH_44
f 9169 9170 220 219 
usemtl PATCH_44
f 1309 1308 9136 9135 
usemtl PATCH_44
f 9135 9136 9143 9142 
usemtl PATCH_44
f 9142 9143 9150 9149 
usemtl PATCH_44
f 9149 9150 9157 9156 
usemtl PATCH_44
f 9156 9157 9164 9163 
usemtl PATCH_44
f 9163 9164 9171 9170 
usemtl PATCH_44
f 9170 9171 221 220 
usemtl PATCH_44
f 1308 1307 9137 9136 
usemtl PATCH_44
f 9136 9137 9144 9143 
usemtl PATCH_44
f 9143 9144 9151 9150 
usemtl PATCH_44
f 9150 9151 9158 9157 
usemtl PATCH_44
f 9157 9158 9165 9164 
usemtl PATCH_44
f 9164 9165 9172 9171 
usemtl PATCH_44
f 9171 9172 222 221 
usemtl PATCH_44
f 1307 62 1561 9137 
usemtl PATCH_44
f 9137 1561 1562 9144 
usemtl PATCH_44
f 9144 1562 1563 9151 
usemtl PATCH_44
f 9151 1563 1564 9158 
usemtl PATCH_44
f 9158 1564 1565 9165 
usemtl PATCH_44
f 9165 1565 1566 9172 
usemtl PATCH_44
f 9172 1566 12 222 
usemtl PATCH_43
f 60 1572 9173 1252 
usemtl PATCH_43
f 1252 9173 9179 1253 
usemtl PATCH_43
f 1253 9179 9185 1254 
usemtl PATCH_43
f 1254 9185 9191 1255 
usemtl PATCH_43
f 1255 9191 9197 1256 
usemtl PATCH_43
f 1256 9197 9203 1257 
usemtl PATCH_43
f 1257 9203 9209 1258 
usemtl PATCH_43
f 1258 9209 1578 61 
usemtl PATCH_43
f 1572 1571 9174 9173 
usemtl PATCH_43
f 9173 9174 9180 9179 
usemtl PATCH_43
f 9179 9180 9186 9185 
usemtl PATCH_43
f 9185 9186 9192 9191 
usemtl PATCH_43
f 9191 9192 9198 9197 
usemtl PATCH_43
f 9197 9198 9204 9203 
usemtl PATCH_43
f 9203 9204 9210 9209 
usemtl PATCH_43
f 9209 9210 1577 1578 
usemtl PATCH_43
f 1571 1570 9175 9174 
usemtl PATCH_43
f 9174 9175 9181 9180 
usemtl PATCH_43
f 9180 9181 9187 9186 
usemtl PATCH_43
f 9186 9187 9193 9192 
usemtl PATCH_43
f 9192 9193 9199 9198 
usemtl PATCH_43
f 9198 9199 9205 9204 
usemtl PATCH_43
f 9204 9205 9211 9210 
usemtl PATCH_43
f 9210 9211 1576 1577 
usemtl PATCH_43
f 1570 1569 9176 9175 
usemtl PATCH_43
f 9175 9176 9182 9181 
usemtl PATCH_43
f 9181 9182 9188 9187 
usemtl PATCH_43
f 9187 9188 9194 9193 
usemtl PATCH_43
f 9193 9194 9200 9199 
usemtl PATCH_43
f 9199 9200 9206 9205 
usemtl PATCH_43
f 9205 9206 9212 9211 
usemtl PATCH_43
f 9211 9212 1575 1576 
usemtl PATCH_43
f 1569 1568 9177 9176 
usemtl PATCH_43
f 9176 9177 9183 9182 
usemtl PATCH_43
f 9182 9183 9189 9188 
usemtl PATCH_43
f 9188 9189 9195 9194 
usemtl PATCH_43
f 9194 9195 9201 9200 
usemtl PATCH_43
f 9200 9201 9207 9206 
usemtl PATCH_43
f 9206 9207 9213 9212 
usemtl PATCH_43
f 9212 9213 1574 1575 
usemtl PATCH_43
f 1568 1567 9178 9177 
usemtl PATCH_43
f 9177 9178 9184 9183 
usemtl PATCH_43
f 9183 9184 9190 9189 
usemtl PATCH_43
f 9189 9190 9196 9195 
usemtl PATCH_43
f 9195 9196 9202 9201 
usemtl PATCH_43
f 9201 9202 9208 9207 
usemtl PATCH_43
f 9207 9208 9214 9213 
usemtl PATCH_43
f 9213 9214 1573 1574 
usemtl PATCH_43
f 1567 20 251 9178 
usemtl PATCH_43
f 9178 251 250 9184 
usemtl PATCH_43
f 9184 250 249 9190 
usemtl PATCH_43
f 9190 249 248 9196 
usemtl PATCH_43
f 9196 248 247 9202 
usemtl PATCH_43
f 9202 247 246 9208 
usemtl PATCH_43
f 9208 246 245 9214 
usemtl PATCH_43
f 9214 245 21 1573 
usemtl PATCH_47
f 67 1579 9215 1448 
usemtl PATCH_47
f 1448 9215 9221 1449 
usemtl PATCH_47
f 1449 9221 9227 1450 
usemtl PATCH_47
f 1450 9227 9233 1451 
usemtl PATCH_47
f 1451 9233 9239 1452 
usemtl PATCH_47
f 1452 9239 9245 1453 
usemtl PATCH_47
f 1453 9245 9251 1454 
usemtl PATCH_47
f 1454 9251 1561 62 
usemtl PATCH_47
f 1579 1580 9216 9215 
usemtl PATCH_47
f 9215 9216 9222 9221 
usemtl PATCH_47
f 9221 9222 9228 9227 
usemtl PATCH_47
f 9227 9228 9234 9233 
usemtl PATCH_47
f 9233 9234 9240 9239 
usemtl PATCH_47
f 9239 9240 9246 9245 
usemtl PATCH_47
f 9245 9246 9252 9251 
usemtl PATCH_47
f 9251 9252 1562 1561 
usemtl PATCH_47
f 1580 1581 9217 9216 
usemtl PATCH_47
f 9216 9217 9223 9222 
usemtl PATCH_47
f 9222 9223 9229 9228 
usemtl PATCH_47
f 9228 9229 9235 9234 
usemtl PATCH_47
f 9234 9235 9241 9240 
usemtl PATCH_47
f 9240 9241 9247 9246 
usemtl PATCH_47
f 9246 9247 9253 9252 
usemtl PATCH_47
f 9252 9253 1563 1562 
usemtl PATCH_47
f 1581 1582 9218 9217 
usemtl PATCH_47
f 9217 9218 9224 9223 
usemtl PATCH_47
f 9223 9224 9230 9229 
usemtl PATCH_47
f 9229 9230 9236 9235 
usemtl PATCH_47
f 9235 9236 9242 9241 
usemtl PATCH_47
f 9241 9242 9248 9247 
usemtl PATCH_47
f 9247 9248 9254 9253 
usemtl PATCH_47
f 9253 9254 1564 1563 
usemtl PATCH_47
f 1582 1583 9219 9218 
usemtl PATCH_47
f 9218 9219 9225 9224 
usemtl PATCH_47
f 9224 9225 9231 9230 
usemtl PATCH_47
f 9230 9231 9237 9236 
usemtl PATCH_47
f 9236 9237 9243 9242 
usemtl PATCH_47
f 9242 9243 9249 9248 
usemtl PATCH_47
f 9248 9249 9255 9254 
usemtl PATCH_47
f 9254 9255 1565 1564 
usemtl PATCH_47
f 1583 1584 9220 9219 
usemtl PATCH_47
f 9219 9220 9226 9225 
usemtl PATCH_47
f 9225 9226 9232 9231 
usemtl PATCH_47
f 9231 9232 9238 9237 
usemtl PATCH_47
f 9237 9238 9244 9243 
usemtl PATCH_47
f 9243 9244 9250 9249 
usemtl PATCH_47
f 9249 9250 9256 9255 
usemtl PATCH_47
f 9255 9256 1566 1565 
usemtl PATCH_47
f 1584 10 108 9220 
usemtl PATCH_47
f 9220 108 107 9226 
usemtl PATCH_47
f 9226 107 106 9232 
usemtl PATCH_47
f 9232 106 105 9238 
usemtl PATCH_47
f 9238 105 104 9244 
usemtl PATCH_47
f 9244 104 103 9250 
usemtl PATCH_47
f 9250 103 102 9256 
usemtl PATCH_47
f 9256 102 12 1566 
usemtl PATCH_51
f 67 1485 9257 1579 
usemtl PATCH_51
f 1579 9257 9264 1580 
usemtl PATCH_51
f 1580 9264 9271 1581 
usemtl PATCH_51
f 1581 9271 9278 1582 
usemtl PATCH_51
f 1582 9278 9285 1583 
usemtl PATCH_51
f 1583 9285 9292 1584 
usemtl PATCH_51
f 1584 9292 1591 10 
usemtl PATCH_51
f 1485 1484 9258 9257 
usemtl PATCH_51
f 9257 9258 9265 9264 
usemtl PATCH_51
f 9264 9265 9272 9271 
usemtl PATCH_51
f 9271 9272 9279 9278 
usemtl PATCH_51
f 9278 9279 9286 9285 
usemtl PATCH_51
f 9285 9286 9293 9292 
usemtl PATCH_51
f 9292 9293 1590 1591 
usemtl PATCH_51
f 1484 1483 9259 9258 
usemtl PATCH_51
f 9258 9259 9266 9265 
usemtl PATCH_51
f 9265 9266 9273 9272 
usemtl PATCH_51
f 9272 9273 9280 9279 
usemtl PATCH_51
f 9279 9280 9287 9286 
usemtl PATCH_51
f 9286 9287 9294 9293 
usemtl PATCH_51
f 9293 9294 1589 1590 
usemtl PATCH_51
f 1483 1482 9260 9259 
usemtl PATCH_51
f 9259 9260 9267 9266 
usemtl PATCH_51
f 9266 9267 9274 9273 
usemtl PATCH_51
f 9273 9274 9281 9280 
usemtl PATCH_51
f 9280 9281 9288 9287 
usemtl PATCH_51
f 9287 9288 9295 9294 
usemtl PATCH_51
f 9294 9295 1588 1589 
usemtl PATCH_51
f 1482 1481 9261 9260 
usemtl PATCH_51
f 9260 9261 9268 9267 
usemtl PATCH_51
f 9267 9268 9275 9274 
usemtl PATCH_51
f 9274 9275 9282 9281 
usemtl PATCH_51
f 9281 9282 9289 9288 
usemtl PATCH_51
f 9288 9289 9296 9295 
usemtl PATCH_51
f 9295 9296 1587 1588 
usemtl PATCH_51
f 1481 1480 9262 9261 
usemtl PATCH_51
f 9261 9262 9269 9268 
usemtl PATCH_51
f 9268 9269 9276 9275 
usemtl PATCH_51
f 9275 9276 9283 9282 
usemtl PATCH_51
f 9282 9283 9290 9289 
usemtl PATCH_51
f 9289 9290 9297 9296 
usemtl PATCH_51
f 9296 9297 1586 1587 
usemtl PATCH_51
f 1480 1479 9263 9262 
usemtl PATCH_51
f 9262 9263 9270 9269 
usemtl PATCH_51
f 9269 9270 9277 9276 
usemtl PATCH_51
f 9276 9277 9284 9283 
usemtl PATCH_51
f 9283 9284 9291 9290 
usemtl PATCH_51
f 9290 9291 9298 9297 
usemtl PATCH_51
f 9297 9298 1585 1586 
usemtl PATCH_51
f 1479 37 678 9263 
usemtl PATCH_51
f 9263 678 677 9270 
usemtl PATCH_51
f 9270 677 676 9277 
usemtl PATCH_51
f 9277 676 675 9284 
usemtl PATCH_51
f 9284 675 674 9291 
usemtl PATCH_51
f 9291 674 673 9298 
usemtl PATCH_51
f 9298 673 11 1585 
usemtl PATCH_45
f 61 1592 9299 1523 
usemtl PATCH_45
f 1523 9299 9331 1524 
usemtl PATCH_45
f 1524 9331 9363 1525 
usemtl PATCH_45
f 1525 9363 9395 1526 
usemtl PATCH_45
f 1526 9395 9427 1527 
usemtl PATCH_45
f 1527 9427 9459 1528 
usemtl PATCH_45
f 1528 9459 9491 1529 
usemtl PATCH_45
f 1529 9491 1662 34 
usemtl PATCH_45
f 1592 1593 9300 9299 
usemtl PATCH_45
f 9299 9300 9332 9331 
usemtl PATCH_45
f 9331 9332 9364 9363 
usemtl PATCH_45
f 9363 9364 9396 9395 
usemtl PATCH_45
f 9395 9396 9428 9427 
usemtl PATCH_45
f 9427 9428 9460 9459 
usemtl PATCH_45
f 9459 9460 9492 9491 
usemtl PATCH_45
f 9491 9492 1661 1662 
usemtl PATCH_45
f 1593 1594 9301 9300 
usemtl PATCH_45
f 9300 9301 9333 9332 
usemtl PATCH_45
f 9332 9333 9365 9364 
usemtl PATCH_45
f 9364 9365 9397 9396 
usemtl PATCH_45
f 9396 9397 9429 9428 
usemtl PATCH_45
f 9428 9429 9461 9460 
usemtl PATCH_45
f 9460 9461 9493 9492 
usemtl PATCH_45
f 9492 9493 1660 1661 
usemtl PATCH_45
f 1594 1595 9302 9301 
usemtl PATCH_45
f 9301 9302 9334 9333 
usemtl PATCH_45
f 9333 9334 9366 9365 
usemtl PATCH_45
f 9365 9366 9398 9397 
usemtl PATCH_45
f 9397 9398 9430 9429 
usemtl PATCH_45
f 9429 9430 9462 9461 
usemtl PATCH_45
f 9461 9462 9494 9493 
usemtl PATCH_45
f 9493 9494 1659 1660 
usemtl PATCH_45
f 1595 1596 9303 9302 
usemtl PATCH_45
f 9302 9303 9335 9334 
usemtl PATCH_45
f 9334 9335 9367 9366 
usemtl PATCH_45
f 9366 9367 9399 9398 
usemtl PATCH_45
f 9398 9399 9431 9430 
usemtl PATCH_45
f 9430 9431 9463 9462 
usemtl PATCH_45
f 9462 9463 9495 9494 
usemtl PATCH_45
f 9494 9495 1658 1659 
usemtl PATCH_45
f 1596 1597 9304 9303 
usemtl PATCH_45
f 9303 9304 9336 9335 
usemtl PATCH_45
f 9335 9336 9368 9367 
usemtl PATCH_45
f 9367 9368 9400 9399 
usemtl PATCH_45
f 9399 9400 9432 9431 
usemtl PATCH_45
f 9431 9432 9464 9463 
usemtl PATCH_45
f 9463 9464 9496 9495 
usemtl PATCH_45
f 9495 9496 1657 1658 
usemtl PATCH_45
f 1597 1598 9305 9304 
usemtl PATCH_45
f 9304 9305 9337 9336 
usemtl PATCH_45
f 9336 9337 9369 9368 
usemtl PATCH_45
f 9368 9369 9401 9400 
usemtl PATCH_45
f 9400 9401 9433 9432 
usemtl PATCH_45
f 9432 9433 9465 9464 
usemtl PATCH_45
f 9464 9465 9497 9496 
usemtl PATCH_45
f 9496 9497 1656 1657 
usemtl PATCH_45
f 1598 1599 9306 9305 
usemtl PATCH_45
f 9305 9306 9338 9337 
usemtl PATCH_45
f 9337 9338 9370 9369 
usemtl PATCH_45
f 9369 9370 9402 9401 
usemtl PATCH_45
f 9401 9402 9434 9433 
usemtl PATCH_45
f 9433 9434 9466 9465 
usemtl PATCH_45
f 9465 9466 9498 9497 
usemtl PATCH_45
f 9497 9498 1655 1656 
usemtl PATCH_45
f 1599 1600 9307 9306 
usemtl PATCH_45
f 9306 9307 9339 9338 
usemtl PATCH_45
f 9338 9339 9371 9370 
usemtl PATCH_45
f 9370 9371 9403 9402 
usemtl PATCH_45
f 9402 9403 9435 9434 
usemtl PATCH_45
f 9434 9435 9467 9466 
usemtl PATCH_45
f 9466 9467 9499 9498 
usemtl PATCH_45
f 9498 9499 1654 1655 
usemtl PATCH_45
f 1600 1601 9308 9307 
usemtl PATCH_45
f 9307 9308 9340 9339 
usemtl PATCH_45
f 9339 9340 9372 9371 
usemtl PATCH_45
f 9371 9372 9404 9403 
usemtl PATCH_45
f 9403 9404 9436 9435 
usemtl PATCH_45
f 9435 9436 9468 9467 
usemtl PATCH_45
f 9467 9468 9500 9499 
usemtl PATCH_45
f 9499 9500 1653 1654 
usemtl PATCH_45
f 1601 1602 9309 9308 
usemtl PATCH_45
f 9308 9309 9341 9340 
usemtl PATCH_45
f 9340 9341 9373 9372 
usemtl PATCH_45
f 9372 9373 9405 9404 
usemtl PATCH_45
f 9404 9405 9437 9436 
usemtl PATCH_45
f 9436 9437 9469 9468 
usemtl PATCH_45
f 9468 9469 9501 9500 
usemtl PATCH_45
f 9500 9501 1652 1653 
usemtl PATCH_45
f 1602 1603 9310 9309 
usemtl PATCH_45
f 9309 9310 9342 9341 
usemtl PATCH_45
f 9341 9342 9374 9373 
usemtl PATCH_45
f 9373 9374 9406 9405 
usemtl PATCH_45
f 9405 9406 9438 9437 
usemtl PATCH_45
f 9437 9438 9470 9469 
usemtl PATCH_45
f 9469 9470 9502 9501 
usemtl PATCH_45
f 9501 9502 1651 1652 
usemtl PATCH_45
f 1603 1604 9311 9310 
usemtl PATCH_45
f 9310 9311 9343 9342 
usemtl PATCH_45
f 9342 9343 9375 9374 
usemtl PATCH_45
f 9374 9375 9407 9406 
usemtl PATCH_45
f 9406 9407 9439 9438 
usemtl PATCH_45
f 9438 9439 9471 9470 
usemtl PATCH_45
f 9470 9471 9503 9502 
usemtl PATCH_45
f 9502 9503 1650 1651 
usemtl PATCH_45
f 1604 1605 9312 9311 
usemtl PATCH_45
f 9311 9312 9344 9343 
usemtl PATCH_45
f 9343 9344 9376 9375 
usemtl PATCH_45
f 9375 9376 9408 9407 
usemtl PATCH_45
f 9407 9408 9440 9439 
usemtl PATCH_45
f 9439 9440 9472 9471 
usemtl PATCH_45
f 9471 9472 9504 9503 
usemtl PATCH_45
f 9503 9504 1649 1650 
usemtl PATCH_45
f 1605 1606 9313 9312 
usemtl PATCH_45
f 9312 9313 9345 9344 
usemtl PATCH_45
f 9344 9345 9377 9376 
usemtl PATCH_45
f 9376 9377 9409 9408 
usemtl PATCH_45
f 9408 9409 9441 9440 
usemtl PATCH_45
f 9440 9441 9473 9472 
usemtl PATCH_45
f 9472 9473 9505 9504 
usemtl PATCH_45
f 9504 9505 1648 1649 
usemtl PATCH_45
f 1606 1607 9314 9313 
usemtl PATCH_45
f 9313 9314 9346 9345 
usemtl PATCH_45
f 9345 9346 9378 9377 
usemtl PATCH_45
f 9377 9378 9410 9409 
usemtl PATCH_45
f 9409 9410 9442 9441 
usemtl PATCH_45
f 9441 9442 9474 9473 
usemtl PATCH_45
f 9473 9474 9506 9505 
usemtl PATCH_45
f 9505 9506 1647 1648 
usemtl PATCH_45
f 1607 1608 9315 9314 
usemtl PATCH_45
f 9314 9315 9347 9346 
usemtl PATCH_45
f 9346 9347 9379 9378 
usemtl PATCH_45
f 9378 9379 9411 9410 
usemtl PATCH_45
f 9410 9411 9443 9442 
usemtl PATCH_45
f 9442 9443 9475 9474 
usemtl PATCH_45
f 9474 9475 9507 9506 
usemtl PATCH_45
f 9506 9507 1646 1647 
usemtl PATCH_45
f 1608 1609 9316 9315 
usemtl PATCH_45
f 9315 9316 9348 9347 
usemtl PATCH_45
f 9347 9348 9380 9379 
usemtl PATCH_45
f 9379 9380 9412 9411 
usemtl PATCH_45
f 9411 9412 9444 9443 
usemtl PATCH_45
f 9443 9444 9476 9475 
usemtl PATCH_45
f 9475 9476 9508 9507 
usemtl PATCH_45
f 9507 9508 1645 1646 
usemtl PATCH_45
f 1609 1610 9317 9316 
usemtl PATCH_45
f 9316 9317 9349 9348 
usemtl PATCH_45
f 9348 9349 9381 9380 
usemtl PATCH_45
f 9380 9381 9413 9412 
usemtl PATCH_45
f 9412 9413 9445 9444 
usemtl PATCH_45
f 9444 9445 9477 9476 
usemtl PATCH_45
f 9476 9477 9509 9508 
usemtl PATCH_45
f 9508 9509 1644 1645 
usemtl PATCH_45
f 1610 1611 9318 9317 
usemtl PATCH_45
f 9317 9318 9350 9349 
usemtl PATCH_45
f 9349 9350 9382 9381 
usemtl PATCH_45
f 9381 9382 9414 9413 
usemtl PATCH_45
f 9413 9414 9446 9445 
usemtl PATCH_45
f 9445 9446 9478 9477 
usemtl PATCH_45
f 9477 9478 9510 9509 
usemtl PATCH_45
f 9509 9510 1643 1644 
usemtl PATCH_45
f 1611 1612 9319 9318 
usemtl PATCH_45
f 9318 9319 9351 9350 
usemtl PATCH_45
f 9350 9351 9383 9382 
usemtl PATCH_45
f 9382 9383 9415 9414 
usemtl PATCH_45
f 9414 9415 9447 9446 
usemtl PATCH_45
f 9446 9447 9479 9478 
usemtl PATCH_45
f 9478 9479 9511 9510 
usemtl PATCH_45
f 9510 9511 1642 1643 
usemtl PATCH_45
f 1612 1613 9320 9319 
usemtl PATCH_45
f 9319 9320 9352 9351 
usemtl PATCH_45
f 9351 9352 9384 9383 
usemtl PATCH_45
f 9383 9384 9416 9415 
usemtl PATCH_45
f 9415 9416 9448 9447 
usemtl PATCH_45
f 9447 9448 9480 9479 
usemtl PATCH_45
f 9479 9480 9512 9511 
usemtl PATCH_45
f 9511 9512 1641 1642 
usemtl PATCH_45
f 1613 1614 9321 9320 
usemtl PATCH_45
f 9320 9321 9353 9352 
usemtl PATCH_45
f 9352 9353 9385 9384 
usemtl PATCH_45
f 9384 9385 9417 9416 
usemtl PATCH_45
f 9416 9417 9449 9448 
usemtl PATCH_45
f 9448 9449 9481 9480 
usemtl PATCH_45
f 9480 9481 9513 9512 
usemtl PATCH_45
f 9512 9513 1640 1641 
usemtl PATCH_45
f 1614 1615 9322 9321 
usemtl PATCH_45
f 9321 9322 9354 9353 
usemtl PATCH_45
f 9353 9354 9386 9385 
usemtl PATCH_45
f 9385 9386 9418 9417 
usemtl PATCH_45
f 9417 9418 9450 9449 
usemtl PATCH_45
f 9449 9450 9482 9481 
usemtl PATCH_45
f 9481 9482 9514 9513 
usemtl PATCH_45
f 9513 9514 1639 1640 
usemtl PATCH_45
f 1615 1616 9323 9322 
usemtl PATCH_45
f 9322 9323 9355 9354 
usemtl PATCH_45
f 9354 9355 9387 9386 
usemtl PATCH_45
f 9386 9387 9419 9418 
usemtl PATCH_45
f 9418 9419 9451 9450 
usemtl PATCH_45
f 9450 9451 9483 9482 
usemtl PATCH_45
f 9482 9483 9515 9514 
usemtl PATCH_45
f 9514 9515 1638 1639 
usemtl PATCH_45
f 1616 1617 9324 9323 
usemtl PATCH_45
f 9323 9324 9356 9355 
usemtl PATCH_45
f 9355 9356 9388 9387 
usemtl PATCH_45
f 9387 9388 9420 9419 
usemtl PATCH_45
f 9419 9420 9452 9451 
usemtl PATCH_45
f 9451 9452 9484 9483 
usemtl PATCH_45
f 9483 9484 9516 9515 
usemtl PATCH_45
f 9515 9516 1637 1638 
usemtl PATCH_45
f 1617 1618 9325 9324 
usemtl PATCH_45
f 9324 9325 9357 9356 
usemtl PATCH_45
f 9356 9357 9389 9388 
usemtl PATCH_45
f 9388 9389 9421 9420 
usemtl PATCH_45
f 9420 9421 9453 9452 
usemtl PATCH_45
f 9452 9453 9485 9484 
usemtl PATCH_45
f 9484 9485 9517 9516 
usemtl PATCH_45
f 9516 9517 1636 1637 
usemtl PATCH_45
f 1618 1619 9326 9325 
usemtl PATCH_45
f 9325 9326 9358 9357 
usemtl PATCH_45
f 9357 9358 9390 9389 
usemtl PATCH_45
f 9389 9390 9422 9421 
usemtl PATCH_45
f 9421 9422 9454 9453 
usemtl PATCH_45
f 9453 9454 9486 9485 
usemtl PATCH_45
f 9485 9486 9518 9517 
usemtl PATCH_45
f 9517 9518 1635 1636 
usemtl PATCH_45
f 1619 1620 9327 9326 
usemtl PATCH_45
f 9326 9327 9359 9358 
usemtl PATCH_45
f 9358 9359 9391 9390 
usemtl PATCH_45
f 9390 9391 9423 9422 
usemtl PATCH_45
f 9422 9423 9455 9454 
usemtl PATCH_45
f 9454 9455 9487 9486 
usemtl PATCH_45
f 9486 9487 9519 9518 
usemtl PATCH_45
f 9518 9519 1634 1635 
usemtl PATCH_45
f 1620 1621 9328 9327 
usemtl PATCH_45
f 9327 9328 9360 9359 
usemtl PATCH_45
f 9359 9360 9392 9391 
usemtl PATCH_45
f 9391 9392 9424 9423 
usemtl PATCH_45
f 9423 9424 9456 9455 
usemtl PATCH_45
f 9455 9456 9488 9487 
usemtl PATCH_45
f 9487 9488 9520 9519 
usemtl PATCH_45
f 9519 9520 1633 1634 
usemtl PATCH_45
f 1621 1622 9329 9328 
usemtl PATCH_45
f 9328 9329 9361 9360 
usemtl PATCH_45
f 9360 9361 9393 9392 
usemtl PATCH_45
f 9392 9393 9425 9424 
usemtl PATCH_45
f 9424 9425 9457 9456 
usemtl PATCH_45
f 9456 9457 9489 9488 
usemtl PATCH_45
f 9488 9489 9521 9520 
usemtl PATCH_45
f 9520 9521 1632 1633 
usemtl PATCH_45
f 1622 1623 9330 9329 
usemtl PATCH_45
f 9329 9330 9362 9361 
usemtl PATCH_45
f 9361 9362 9394 9393 
usemtl PATCH_45
f 9393 9394 9426 9425 
usemtl PATCH_45
f 9425 9426 9458 9457 
usemtl PATCH_45
f 9457 9458 9490 9489 
usemtl PATCH_45
f 9489 9490 9522 9521 
usemtl PATCH_45
f 9521 9522 1631 1632 
usemtl PATCH_45
f 1623 69 1624 9330 
usemtl PATCH_45
f 9330 1624 1625 9362 
usemtl PATCH_45
f 9362 1625 1626 9394 
usemtl PATCH_45
f 9394 1626 1627 9426 
usemtl PATCH_45
f 9426 1627 1628 9458 
usemtl PATCH_45
f 9458 1628 1629 9490 
usemtl PATCH_45
f 9490 1629 1630 9522 
usemtl PATCH_45
f 9522 1630 70 1631 
usemtl PATCH_46
f 61 1578 9523 1592 
usemtl PATCH_46
f 1592 9523 9529 1593 
usemtl PATCH_46
f 1593 9529 9535 1594 
usemtl PATCH_46
f 1594 9535 9541 1595 
usemtl PATCH_46
f 1595 9541 9547 1596 
usemtl PATCH_46
f 1596 9547 9553 1597 
usemtl PATCH_46
f 1597 9553 9559 1598 
usemtl PATCH_46
f 1598 9559 9565 1599 
usemtl PATCH_46
f 1599 9565 9571 1600 
usemtl PATCH_46
f 1600 9571 9577 1601 
usemtl PATCH_46
f 1601 9577 9583 1602 
usemtl PATCH_46
f 1602 9583 9589 1603 
usemtl PATCH_46
f 1603 9589 9595 1604 
usemtl PATCH_46
f 1604 9595 9601 1605 
usemtl PATCH_46
f 1605 9601 9607 1606 
usemtl PATCH_46
f 1606 9607 9613 1607 
usemtl PATCH_46
f 1607 9613 9619 1608 
usemtl PATCH_46
f 1608 9619 9625 1609 
usemtl PATCH_46
f 1609 9625 9631 1610 
usemtl PATCH_46
f 1610 9631 9637 1611 
usemtl PATCH_46
f 1611 9637 9643 1612 
usemtl PATCH_46
f 1612 9643 9649 1613 
usemtl PATCH_46
f 1613 9649 9655 1614 
usemtl PATCH_46
f 1614 9655 9661 1615 
usemtl PATCH_46
f 1615 9661 9667 1616 
usemtl PATCH_46
f 1616 9667 9673 1617 
usemtl PATCH_46
f 1617 9673 9679 1618 
usemtl PATCH_46
f 1618 9679 9685 1619 
usemtl PATCH_46
f 1619 9685 9691 1620 
usemtl PATCH_46
f 1620 9691 9697 1621 
usemtl PATCH_46
f 1621 9697 9703 1622 
usemtl PATCH_46
f 1622 9703 9709 1623 
usemtl PATCH_46
f 1623 9709 1700 69 
usemtl PATCH_46
f 1578 1577 9524 9523 
usemtl PATCH_46
f 9523 9524 9530 9529 
usemtl PATCH_46
f 9529 9530 9536 9535 
usemtl PATCH_46
f 9535 9536 9542 9541 
usemtl PATCH_46
f 9541 9542 9548 9547 
usemtl PATCH_46
f 9547 9548 9554 9553 
usemtl PATCH_46
f 9553 9554 9560 9559 
usemtl PATCH_46
f 9559 9560 9566 9565 
usemtl PATCH_46
f 9565 9566 9572 9571 
usemtl PATCH_46
f 9571 9572 9578 9577 
usemtl PATCH_46
f 9577 9578 9584 9583 
usemtl PATCH_46
f 9583 9584 9590 9589 
usemtl PATCH_46
f 9589 9590 9596 9595 
usemtl PATCH_46
f 9595 9596 9602 9601 
usemtl PATCH_46
f 9601 9602 9608 9607 
usemtl PATCH_46
f 9607 9608 9614 9613 
usemtl PATCH_46
f 9613 9614 9620 9619 
usemtl PATCH_46
f 9619 9620 9626 9625 
usemtl PATCH_46
f 9625 9626 9632 9631 
usemtl PATCH_46
f 9631 9632 9638 9637 
usemtl PATCH_46
f 9637 9638 9644 9643 
usemtl PATCH_46
f 9643 9644 9650 9649 
usemtl PATCH_46
f 9649 9650 9656 9655 
usemtl PATCH_46
f 9655 9656 9662 9661 
usemtl PATCH_46
f 9661 9662 9668 9667 
usemtl PATCH_46
f 9667 9668 9674 9673 
usemtl PATCH_46
f 9673 9674 9680 9679 
usemtl PATCH_46
f 9679 9680 9686 9685 
usemtl PATCH_46
f 9685 9686 9692 9691 
usemtl PATCH_46
f 9691 9692 9698 9697 
usemtl PATCH_46
f 9697 9698 9704 9703 
usemtl PATCH_46
f 9703 9704 9710 9709 
usemtl PATCH_46
f 9709 9710 1699 1700 
usemtl PATCH_46
f 1577 1576 9525 9524 
usemtl PATCH_46
f 9524 9525 9531 9530 
usemtl PATCH_46
f 9530 9531 9537 9536 
usemtl PATCH_46
f 9536 9537 9543 9542 
usemtl PATCH_46
f 9542 9543 9549 9548 
usemtl PATCH_46
f 9548 9549 9555 9554 
usemtl PATCH_46
f 9554 9555 9561 9560 
usemtl PATCH_46
f 9560 9561 9567 9566 
usemtl PATCH_46
f 9566 9567 9573 9572 
usemtl PATCH_46
f 9572 9573 9579 9578 
usemtl PATCH_46
f 9578 9579 9585 9584 
usemtl PATCH_46
f 9584 9585 9591 9590 
usemtl PATCH_46
f 9590 9591 9597 9596 
usemtl PATCH_46
f 9596 9597 9603 9602 
usemtl PATCH_46
f 9602 9603 9609 9608 
usemtl PATCH_46
f 9608 9609 9615 9614 
usemtl PATCH_46
f 9614 9615 9621 9620 
usemtl PATCH_46
f 9620 9621 9627 9626 
usemtl PATCH_46
f 9626 9627 9633 9632 
usemtl PATCH_46
f 9632 9633 9639 9638 
usemtl PATCH_46
f 9638 9639 9645 9644 
usemtl PATCH_46
f 9644 9645 9651 9650 
usemtl PATCH_46
f 9650 9651 9657 9656 
usemtl PATCH_46
f 9656 9657 9663 9662 
usemtl PATCH_46
f 9662 9663 9669 9668 
usemtl PATCH_46
f 9668 9669 9675 9674 
usemtl PATCH_46
f 9674 9675 9681 9680 
usemtl PATCH_46
f 9680 9681 9687 9686 
usemtl PATCH_46
f 9686 9687 9693 9692 
usemtl PATCH_46
f 9692 9693 9699 9698 
usemtl PATCH_46
f 9698 9699 9705 9704 
usemtl PATCH_46
f 9704 9705 9711 9710 
usemtl PATCH_46
f 9710 9711 1698 1699 
usemtl PATCH_46
f 1576 1575 9526 9525 
usemtl PATCH_46
f 9525 9526 9532 9531 
usemtl PATCH_46
f 9531 9532 9538 9537 
usemtl PATCH_46
f 9537 9538 9544 9543 
usemtl PATCH_46
f 9543 9544 9550 9549 
usemtl PATCH_46
f 9549 9550 9556 9555 
usemtl PATCH_46
f 9555 9556 9562 9561 
usemtl PATCH_46
f 9561 9562 9568 9567 
usemtl PATCH_46
f 9567 9568 9574 9573 
usemtl PATCH_46
f 9573 9574 9580 9579 
usemtl PATCH_46
f 9579 9580 9586 9585 
usemtl PATCH_46
f 9585 9586 9592 9591 
usemtl PATCH_46
f 9591 9592 9598 9597 
usemtl PATCH_46
f 9597 9598 9604 9603 
usemtl PATCH_46
f 9603 9604 9610 9609 
usemtl PATCH_46
f 9609 9610 9616 9615 
usemtl PATCH_46
f 9615 9616 9622 9621 
usemtl PATCH_46
f 9621 9622 9628 9627 
usemtl PATCH_46
f 9627 9628 9634 9633 
usemtl PATCH_46
f 9633 9634 9640 9639 
usemtl PATCH_46
f 9639 9640 9646 9645 
usemtl PATCH_46
f 9645 9646 9652 9651 
usemtl PATCH_46
f 9651 9652 9658 9657 
usemtl PATCH_46
f 9657 9658 9664 9663 
usemtl PATCH_46
f 9663 9664 9670 9669 
usemtl PATCH_46
f 9669 9670 9676 9675 
usemtl PATCH_46
f 9675 9676 9682 9681 
usemtl PATCH_46
f 9681 9682 9688 9687 
usemtl PATCH_46
f 9687 9688 9694 9693 
usemtl PATCH_46
f 9693 9694 9700 9699 
usemtl PATCH_46
f 9699 9700 9706 9705 
usemtl PATCH_46
f 9705 9706 9712 9711 
usemtl PATCH_46
f 9711 9712 1697 1698 
usemtl PATCH_46
f 1575 1574 9527 9526 
usemtl PATCH_46
f 9526 9527 9533 9532 
usemtl PATCH_46
f 9532 9533 9539 9538 
usemtl PATCH_46
f 9538 9539 9545 9544 
usemtl PATCH_46
f 9544 9545 9551 9550 
usemtl PATCH_46
f 9550 9551 9557 9556 
usemtl PATCH_46
f 9556 9557 9563 9562 
usemtl PATCH_46
f 9562 9563 9569 9568 
usemtl PATCH_46
f 9568 9569 9575 9574 
usemtl PATCH_46
f 9574 9575 9581 9580 
usemtl PATCH_46
f 9580 9581 9587 9586 
usemtl PATCH_46
f 9586 9587 9593 9592 
usemtl PATCH_46
f 9592 9593 9599 9598 
usemtl PATCH_46
f 9598 9599 9605 9604 
usemtl PATCH_46
f 9604 9605 9611 9610 
usemtl PATCH_46
f 9610 9611 9617 9616 
usemtl PATCH_46
f 9616 9617 9623 9622 
usemtl PATCH_46
f 9622 9623 9629 9628 
usemtl PATCH_46
f 9628 9629 9635 9634 
usemtl PATCH_46
f 9634 9635 9641 9640 
usemtl PATCH_46
f 9640 9641 9647 9646 
usemtl PATCH_46
f 9646 9647 9653 9652 
usemtl PATCH_46
f 9652 9653 9659 9658 
usemtl PATCH_46
f 9658 9659 9665 9664 
usemtl PATCH_46
f 9664 9665 9671 9670 
usemtl PATCH_46
f 9670 9671 9677 9676 
usemtl PATCH_46
f 9676 9677 9683 9682 
usemtl PATCH_46
f 9682 9683 9689 9688 
usemtl PATCH_46
f 9688 9689 9695 9694 
usemtl PATCH_46
f 9694 9695 9701 9700 
usemtl PATCH_46
f 9700 9701 9707 9706 
usemtl PATCH_46
f 9706 9707 9713 9712 
usemtl PATCH_46
f 9712 9713 1696 1697 
usemtl PATCH_46
f 1574 1573 9528 9527 
usemtl PATCH_46
f 9527 9528 9534 9533 
usemtl PATCH_46
f 9533 9534 9540 9539 
usemtl PATCH_46
f 9539 9540 9546 9545 
usemtl PATCH_46
f 9545 9546 9552 9551 
usemtl PATCH_46
f 9551 9552 9558 9557 
usemtl PATCH_46
f 9557 9558 9564 9563 
usemtl PATCH_46
f 9563 9564 9570 9569 
usemtl PATCH_46
f 9569 9570 9576 9575 
usemtl PATCH_46
f 9575 9576 9582 9581 
usemtl PATCH_46
f 9581 9582 9588 9587 
usemtl PATCH_46
f 9587 9588 9594 9593 
usemtl PATCH_46
f 9593 9594 9600 9599 
usemtl PATCH_46
f 9599 9600 9606 9605 
usemtl PATCH_46
f 9605 9606 9612 9611 
usemtl PATCH_46
f 9611 9612 9618 9617 
usemtl PATCH_46
f 9617 9618 9624 9623 
usemtl PATCH_46
f 9623 9624 9630 9629 
usemtl PATCH_46
f 9629 9630 9636 9635 
usemtl PATCH_46
f 9635 9636 9642 9641 
usemtl PATCH_46
f 9641 9642 9648 9647 
usemtl PATCH_46
f 9647 9648 9654 9653 
usemtl PATCH_46
f 9653 9654 9660 9659 
usemtl PATCH_46
f 9659 9660 9666 9665 
usemtl PATCH_46
f 9665 9666 9672 9671 
usemtl PATCH_46
f 9671 9672 9678 9677 
usemtl PATCH_46
f 9677 9678 9684 9683 
usemtl PATCH_46
f 9683 9684 9690 9689 
usemtl PATCH_46
f 9689 9690 9696 9695 
usemtl PATCH_46
f 9695 9696 9702 9701 
usemtl PATCH_46
f 9701 9702 9708 9707 
usemtl PATCH_46
f 9707 9708 9714 9713 
usemtl PATCH_46
f 9713 9714 1695 1696 
usemtl PATCH_46
f 1573 21 1663 9528 
usemtl PATCH_46
f 9528 1663 1664 9534 
usemtl PATCH_46
f 9534 1664 1665 9540 
usemtl PATCH_46
f 9540 1665 1666 9546 
usemtl PATCH_46
f 9546 1666 1667 9552 
usemtl PATCH_46
f 9552 1667 1668 9558 
usemtl PATCH_46
f 9558 1668 1669 9564 
usemtl PATCH_46
f 9564 1669 1670 9570 
usemtl PATCH_46
f 9570 1670 1671 9576 
usemtl PATCH_46
f 9576 1671 1672 9582 
usemtl PATCH_46
f 9582 1672 1673 9588 
usemtl PATCH_46
f 9588 1673 1674 9594 
usemtl PATCH_46
f 9594 1674 1675 9600 
usemtl PATCH_46
f 9600 1675 1676 9606 
usemtl PATCH_46
f 9606 1676 1677 9612 
usemtl PATCH_46
f 9612 1677 1678 9618 
usemtl PATCH_46
f 9618 1678 1679 9624 
usemtl PATCH_46
f 9624 1679 1680 9630 
usemtl PATCH_46
f 9630 1680 1681 9636 
usemtl PATCH_46
f 9636 1681 1682 9642 
usemtl PATCH_46
f 9642 1682 1683 9648 
usemtl PATCH_46
f 9648 1683 1684 9654 
usemtl PATCH_46
f 9654 1684 1685 9660 
usemtl PATCH_46
f 9660 1685 1686 9666 
usemtl PATCH_46
f 9666 1686 1687 9672 
usemtl PATCH_46
f 9672 1687 1688 9678 
usemtl PATCH_46
f 9678 1688 1689 9684 
usemtl PATCH_46
f 9684 1689 1690 9690 
usemtl PATCH_46
f 9690 1690 1691 9696 
usemtl PATCH_46
f 9696 1691 1692 9702 
usemtl PATCH_46
f 9702 1692 1693 9708 
usemtl PATCH_46
f 9708 1693 1694 9714 
usemtl PATCH_46
f 9714 1694 71 1695 
usemtl PATCH_59
f 21 465 9715 1663 
usemtl PATCH_59
f 1663 9715 9722 1664 
usemtl PATCH_59
f 1664 9722 9729 1665 
usemtl PATCH_59
f 1665 9729 9736 1666 
usemtl PATCH_59
f 1666 9736 9743 1667 
usemtl PATCH_59
f 1667 9743 9750 1668 
usemtl PATCH_59
f 1668 9750 9757 1669 
usemtl PATCH_59
f 1669 9757 9764 1670 
usemtl PATCH_59
f 1670 9764 9771 1671 
usemtl PATCH_59
f 1671 9771 9778 1672 
usemtl PATCH_59
f 1672 9778 9785 1673 
usemtl PATCH_59
f 1673 9785 9792 1674 
usemtl PATCH_59
f 1674 9792 9799 1675 
usemtl PATCH_59
f 1675 9799 9806 1676 
usemtl PATCH_59
f 1676 9806 9813 1677 
usemtl PATCH_59
f 1677 9813 9820 1678 
usemtl PATCH_59
f 1678 9820 9827 1679 
usemtl PATCH_59
f 1679 9827 9834 1680 
usemtl PATCH_59
f 1680 9834 9841 1681 
usemtl PATCH_59
f 1681 9841 9848 1682 
usemtl PATCH_59
f 1682 9848 9855 1683 
usemtl PATCH_59
f 1683 9855 9862 1684 
usemtl PATCH_59
f 1684 9862 9869 1685 
usemtl PATCH_59
f 1685 9869 9876 1686 
usemtl PATCH_59
f 1686 9876 9883 1687 
usemtl PATCH_59
f 1687 9883 9890 1688 
usemtl PATCH_59
f 1688 9890 9897 1689 
usemtl PATCH_59
f 1689 9897 9904 1690 
usemtl PATCH_59
f 1690 9904 9911 1691 
usemtl PATCH_59
f 1691 9911 9918 1692 
usemtl PATCH_59
f 1692 9918 9925 1693 
usemtl PATCH_59
f 1693 9925 9932 1694 
usemtl PATCH_59
f 1694 9932 1739 71 
usemtl PATCH_59
f 465 464 9716 9715 
usemtl PATCH_59
f 9715 9716 9723 9722 
usemtl PATCH_59
f 9722 9723 9730 9729 
usemtl PATCH_59
f 9729 9730 9737 9736 
usemtl PATCH_59
f 9736 9737 9744 9743 
usemtl PATCH_59
f 9743 9744 9751 9750 
usemtl PATCH_59
f 9750 9751 9758 9757 
usemtl PATCH_59
f 9757 9758 9765 9764 
usemtl PATCH_59
f 9764 9765 9772 9771 
usemtl PATCH_59
f 9771 9772 9779 9778 
usemtl PATCH_59
f 9778 9779 9786 9785 
usemtl PATCH_59
f 9785 9786 9793 9792 
usemtl PATCH_59
f 9792 9793 9800 9799 
usemtl PATCH_59
f 9799 9800 9807 9806 
usemtl PATCH_59
f 9806 9807 9814 9813 
usemtl PATCH_59
f 9813 9814 9821 9820 
usemtl PATCH_59
f 9820 9821 9828 9827 
usemtl PATCH_59
f 9827 9828 9835 9834 
usemtl PATCH_59
f 9834 9835 9842 9841 
usemtl PATCH_59
f 9841 9842 9849 9848 
usemtl PATCH_59
f 9848 9849 9856 9855 
usemtl PATCH_59
f 9855 9856 9863 9862 
usemtl PATCH_59
f 9862 9863 9870 9869 
usemtl PATCH_59
f 9869 9870 9877 9876 
usemtl PATCH_59
f 9876 9877 9884 9883 
usemtl PATCH_59
f 9883 9884 9891 9890 
usemtl PATCH_59
f 9890 9891 9898 9897 
usemtl PATCH_59
f 9897 9898 9905 9904 
usemtl PATCH_59
f 9904 9905 9912 9911 
usemtl PATCH_59
f 9911 9912 9919 9918 
usemtl PATCH_59
f 9918 9919 9926 9925 
usemtl PATCH_59
f 9925 9926 9933 9932 
usemtl PATCH_59
f 9932 9933 1738 1739 
usemtl PATCH_59
f 464 463 9717 9716 
usemtl PATCH_59
f 9716 9717 9724 9723 
usemtl PATCH_59
f 9723 9724 9731 9730 
usemtl PATCH_59
f 9730 9731 9738 9737 
usemtl PATCH_59
f 9737 9738 9745 9744 
usemtl PATCH_59
f 9744 9745 9752 9751 
usemtl PATCH_59
f 9751 9752 9759 9758 
usemtl PATCH_59
f 9758 9759 9766 9765 
usemtl PATCH_59
f 9765 9766 9773 9772 
usemtl PATCH_59
f 9772 9773 9780 9779 
usemtl PATCH_59
f 9779 9780 9787 9786 
usemtl PATCH_59
f 9786 9787 9794 9793 
usemtl PATCH_59
f 9793 9794 9801 9800 
usemtl PATCH_59
f 9800 9801 9808 9807 
usemtl PATCH_59
f 9807 9808 9815 9814 
usemtl PATCH_59
f 9814 9815 9822 9821 
usemtl PATCH_59
f 9821 9822 9829 9828 
usemtl PATCH_59
f 9828 9829 9836 9835 
usemtl PATCH_59
f 9835 9836 9843 9842 
usemtl PATCH_59
f 9842 9843 9850 9849 
usemtl PATCH_59
f 9849 9850 9857 9856 
usemtl PATCH_59
f 9856 9857 9864 9863 
usemtl PATCH_59
f 9863 9864 9871 9870 
usemtl PATCH_59
f 9870 9871 9878 9877 
usemtl PATCH_59
f 9877 9878 9885 9884 
usemtl PATCH_59
f 9884 9885 9892 9891 
usemtl PATCH_59
f 9891 9892 9899 9898 
usemtl PATCH_59
f 9898 9899 9906 9905 
usemtl PATCH_59
f 9905 9906 9913 9912 
usemtl PATCH_59
f 9912 9913 9920 9919 
usemtl PATCH_59
f 9919 9920 9927 9926 
usemtl PATCH_59
f 9926 9927 9934 9933 
usemtl PATCH_59
f 9933 9934 1737 1738 
usemtl PATCH_59
f 463 462 9718 9717 
usemtl PATCH_59
f 9717 9718 9725 9724 
usemtl PATCH_59
f 9724 9725 9732 9731 
usemtl PATCH_59
f 9731 9732 9739 9738 
usemtl PATCH_59
f 9738 9739 9746 9745 
usemtl PATCH_59
f 9745 9746 9753 9752 
usemtl PATCH_59
f 9752 9753 9760 9759 
usemtl PATCH_59
f 9759 9760 9767 9766 
usemtl PATCH_59
f 9766 9767 9774 9773 
usemtl PATCH_59
f 9773 9774 9781 9780 
usemtl PATCH_59
f 9780 9781 9788 9787 
usemtl PATCH_59
f 9787 9788 9795 9794 
usemtl PATCH_59
f 9794 9795 9802 9801 
usemtl PATCH_59
f 9801 9802 9809 9808 
usemtl PATCH_59
f 9808 9809 9816 9815 
usemtl PATCH_59
f 9815 9816 9823 9822 
usemtl PATCH_59
f 9822 9823 9830 9829 
usemtl PATCH_59
f 9829 9830 9837 9836 
usemtl PATCH_59
f 9836 9837 9844 9843 
usemtl PATCH_59
f 9843 9844 9851 9850 
usemtl PATCH_59
f 9850 9851 9858 9857 
usemtl PATCH_59
f 9857 9858 9865 9864 
usemtl PATCH_59
f 9864 9865 9872 9871 
usemtl PATCH_59
f 9871 9872 9879 9878 
usemtl PATCH_59
f 9878 9879 9886 9885 
usemtl PATCH_59
f 9885 9886 9893 9892 
usemtl PATCH_59
f 9892 9893 9900 9899 
usemtl PATCH_59
f 9899 9900 9907 9906 
usemtl PATCH_59
f 9906 9907 9914 9913 
usemtl PATCH_59
f 9913 9914 9921 9920 
usemtl PATCH_59
f 9920 9921 9928 9927 
usemtl PATCH_59
f 9927 9928 9935 9934 
usemtl PATCH_59
f 9934 9935 1736 1737 
usemtl PATCH_59
f 462 461 9719 9718 
usemtl PATCH_59
f 9718 9719 9726 9725 
usemtl PATCH_59
f 9725 9726 9733 9732 
usemtl PATCH_59
f 9732 9733 9740 9739 
usemtl PATCH_59
f 9739 9740 9747 9746 
usemtl PATCH_59
f 9746 9747 9754 9753 
usemtl PATCH_59
f 9753 9754 9761 9760 
usemtl PATCH_59
f 9760 9761 9768 9767 
usemtl PATCH_59
f 9767 9768 9775 9774 
usemtl PATCH_59
f 9774 9775 9782 9781 
usemtl PATCH_59
f 9781 9782 9789 9788 
usemtl PATCH_59
f 9788 9789 9796 9795 
usemtl PATCH_59
f 9795 9796 9803 9802 
usemtl PATCH_59
f 9802 9803 9810 9809 
usemtl PATCH_59
f 9809 9810 9817 9816 
usemtl PATCH_59
f 9816 9817 9824 9823 
usemtl PATCH_59
f 9823 9824 9831 9830 
usemtl PATCH_59
f 9830 9831 9838 9837 
usemtl PATCH_59
f 9837 9838 9845 9844 
usemtl PATCH_59
f 9844 9845 9852 9851 
usemtl PATCH_59
f 9851 9852 9859 9858 
usemtl PATCH_59
f 9858 9859 9866 9865 
usemtl PATCH_59
f 9865 9866 9873 9872 
usemtl PATCH_59
f 9872 9873 9880 9879 
usemtl PATCH_59
f 9879 9880 9887 9886 
usemtl PATCH_59
f 9886 9887 9894 9893 
usemtl PATCH_59
f 9893 9894 9901 9900 
usemtl PATCH_59
f 9900 9901 9908 9907 
usemtl PATCH_59
f 9907 9908 9915 9914 
usemtl PATCH_59
f 9914 9915 9922 9921 
usemtl PATCH_59
f 9921 9922 9929 9928 
usemtl PATCH_59
f 9928 9929 9936 9935 
usemtl PATCH_59
f 9935 9936 1735 1736 
usemtl PATCH_59
f 461 460 9720 9719 
usemtl PATCH_59
f 9719 9720 9727 9726 
usemtl PATCH_59
f 9726 9727 9734 9733 
usemtl PATCH_59
f 9733 9734 9741 9740 
usemtl PATCH_59
f 9740 9741 9748 9747 
usemtl PATCH_59
f 9747 9748 9755 9754 
usemtl PATCH_59
f 9754 9755 9762 9761 
usemtl PATCH_59
f 9761 9762 9769 9768 
usemtl PATCH_59
f 9768 9769 9776 9775 
usemtl PATCH_59
f 9775 9776 9783 9782 
usemtl PATCH_59
f 9782 9783 9790 9789 
usemtl PATCH_59
f 9789 9790 9797 9796 
usemtl PATCH_59
f 9796 9797 9804 9803 
usemtl PATCH_59
f 9803 9804 9811 9810 
usemtl PATCH_59
f 9810 9811 9818 9817 
usemtl PATCH_59
f 9817 9818 9825 9824 
usemtl PATCH_59
f 9824 9825 9832 9831 
usemtl PATCH_59
f 9831 9832 9839 9838 
usemtl PATCH_59
f 9838 9839 9846 9845 
usemtl PATCH_59
f 9845 9846 9853 9852 
usemtl PATCH_59
f 9852 9853 9860 9859 
usemtl PATCH_59
f 9859 9860 9867 9866 
usemtl PATCH_59
f 9866 9867 9874 9873 
usemtl PATCH_59
f 9873 9874 9881 9880 
usemtl PATCH_59
f 9880 9881 9888 9887 
usemtl PATCH_59
f 9887 9888 9895 9894 
usemtl PATCH_59
f 9894 9895 9902 9901 
usemtl PATCH_59
f 9901 9902 9909 9908 
usemtl PATCH_59
f 9908 9909 9916 9915 
usemtl PATCH_59
f 9915 9916 9923 9922 
usemtl PATCH_59
f 9922 9923 9930 9929 
usemtl PATCH_59
f 9929 9930 9937 9936 
usemtl PATCH_59
f 9936 9937 1734 1735 
usemtl PATCH_59
f 460 459 9721 9720 
usemtl PATCH_59
f 9720 9721 9728 9727 
usemtl PATCH_59
f 9727 9728 9735 9734 
usemtl PATCH_59
f 9734 9735 9742 9741 
usemtl PATCH_59
f 9741 9742 9749 9748 
usemtl PATCH_59
f 9748 9749 9756 9755 
usemtl PATCH_59
f 9755 9756 9763 9762 
usemtl PATCH_59
f 9762 9763 9770 9769 
usemtl PATCH_59
f 9769 9770 9777 9776 
usemtl PATCH_59
f 9776 9777 9784 9783 
usemtl PATCH_59
f 9783 9784 9791 9790 
usemtl PATCH_59
f 9790 9791 9798 9797 
usemtl PATCH_59
f 9797 9798 9805 9804 
usemtl PATCH_59
f 9804 9805 9812 9811 
usemtl PATCH_59
f 9811 9812 9819 9818 
usemtl PATCH_59
f 9818 9819 9826 9825 
usemtl PATCH_59
f 9825 9826 9833 9832 
usemtl PATCH_59
f 9832 9833 9840 9839 
usemtl PATCH_59
f 9839 9840 9847 9846 
usemtl PATCH_59
f 9846 9847 9854 9853 
usemtl PATCH_59
f 9853 9854 9861 9860 
usemtl PATCH_59
f 9860 9861 9868 9867 
usemtl PATCH_59
f 9867 9868 9875 9874 
usemtl PATCH_59
f 9874 9875 9882 9881 
usemtl PATCH_59
f 9881 9882 9889 9888 
usemtl PATCH_59
f 9888 9889 9896 9895 
usemtl PATCH_59
f 9895 9896 9903 9902 
usemtl PATCH_59
f 9902 9903 9910 9909 
usemtl PATCH_59
f 9909 9910 9917 9916 
usemtl PATCH_59
f 9916 9917 9924 9923 
usemtl PATCH_59
f 9923 9924 9931 9930 
usemtl PATCH_59
f 9930 9931 9938 9937 
usemtl PATCH_59
f 9937 9938 1733 1734 
usemtl PATCH_59
f 459 29 1701 9721 
usemtl PATCH_59
f 9721 1701 1702 9728 
usemtl PATCH_59
f 9728 1702 1703 9735 
usemtl PATCH_59
f 9735 1703 1704 9742 
usemtl PATCH_59
f 9742 1704 1705 9749 
usemtl PATCH_59
f 9749 1705 1706 9756 
usemtl PATCH_59
f 9756 1706 1707 9763 
usemtl PATCH_59
f 9763 1707 1708 9770 
usemtl PATCH_59
f 9770 1708 1709 9777 
usemtl PATCH_59
f 9777 1709 1710 9784 
usemtl PATCH_59
f 9784 1710 1711 9791 
usemtl PATCH_59
f 9791 1711 1712 9798 
usemtl PATCH_59
f 9798 1712 1713 9805 
usemtl PATCH_59
f 9805 1713 1714 9812 
usemtl PATCH_59
f 9812 1714 1715 9819 
usemtl PATCH_59
f 9819 1715 1716 9826 
usemtl PATCH_59
f 9826 1716 1717 9833 
usemtl PATCH_59
f 9833 1717 1718 9840 
usemtl PATCH_59
f 9840 1718 1719 9847 
usemtl PATCH_59
f 9847 1719 1720 9854 
usemtl PATCH_59
f 9854 1720 1721 9861 
usemtl PATCH_59
f 9861 1721 1722 9868 
usemtl PATCH_59
f 9868 1722 1723 9875 
usemtl PATCH_59
f 9875 1723 1724 9882 
usemtl PATCH_59
f 9882 1724 1725 9889 
usemtl PATCH_59
f 9889 1725 1726 9896 
usemtl PATCH_59
f 9896 1726 1727 9903 
usemtl PATCH_59
f 9903 1727 1728 9910 
usemtl PATCH_59
f 9910 1728 1729 9917 
usemtl PATCH_59
f 9917 1729 1730 9924 
usemtl PATCH_59
f 9924 1730 1731 9931 
usemtl PATCH_59
f 9931 1731 1732 9938 
usemtl PATCH_59
f 9938 1732 72 1733 
usemtl PATCH_56
f 34 1662 9939 532 
usemtl PATCH_56
f 532 9939 9971 533 
usemtl PATCH_56
f 533 9971 10003 534 
usemtl PATCH_56
f 534 10003 10035 535 
usemtl PATCH_56
f 535 10035 10067 536 
usemtl PATCH_56
f 536 10067 10099 537 
usemtl PATCH_56
f 537 10099 1701 29 
usemtl PATCH_56
f 1662 1661 9940 9939 
usemtl PATCH_56
f 9939 9940 9972 9971 
usemtl PATCH_56
f 9971 9972 10004 10003 
usemtl PATCH_56
f 10003 10004 10036 10035 
usemtl PATCH_56
f 10035 10036 10068 10067 
usemtl PATCH_56
f 10067 10068 10100 10099 
usemtl PATCH_56
f 10099 10100 1702 1701 
usemtl PATCH_56
f 1661 1660 9941 9940 
usemtl PATCH_56
f 9940 9941 9973 9972 
usemtl PATCH_56
f 9972 9973 10005 10004 
usemtl PATCH_56
f 10004 10005 10037 10036 
usemtl PATCH_56
f 10036 10037 10069 10068 
usemtl PATCH_56
f 10068 10069 10101 10100 
usemtl PATCH_56
f 10100 10101 1703 1702 
usemtl PATCH_56
f 1660 1659 9942 9941 
usemtl PATCH_56
f 9941 9942 9974 9973 
usemtl PATCH_56
f 9973 9974 10006 10005 
usemtl PATCH_56
f 10005 10006 10038 10037 
usemtl PATCH_56
f 10037 10038 10070 10069 
usemtl PATCH_56
f 10069 10070 10102 10101 
usemtl PATCH_56
f 10101 10102 1704 1703 
usemtl PATCH_56
f 1659 1658 9943 9942 
usemtl PATCH_56
f 9942 9943 9975 9974 
usemtl PATCH_56
f 9974 9975 10007 10006 
usemtl PATCH_56
f 10006 10007 10039 10038 
usemtl PATCH_56
f 10038 10039 10071 10070 
usemtl PATCH_56
f 10070 10071 10103 10102 
usemtl PATCH_56
f 10102 10103 1705 1704 
usemtl PATCH_56
f 1658 1657 9944 9943 
usemtl PATCH_56
f 9943 9944 9976 9975 
usemtl PATCH_56
f 9975 9976 10008 10007 
usemtl PATCH_56
f 10007 10008 10040 10039 
usemtl PATCH_56
f 10039 10040 10072 10071 
usemtl PATCH_56
f 10071 10072 10104 10103 
usemtl PATCH_56
f 10103 10104 1706 1705 
usemtl PATCH_56
f 1657 1656 9945 9944 
usemtl PATCH_56
f 9944 9945 9977 9976 
usemtl PATCH_56
f 9976 9977 10009 10008 
usemtl PATCH_56
f 10008 10009 10041 10040 
usemtl PATCH_56
f 10040 10041 10073 10072 
usemtl PATCH_56
f 10072 10073 10105 10104 
usemtl PATCH_56
f 10104 10105 1707 1706 
usemtl PATCH_56
f 1656 1655 9946 9945 
usemtl PATCH_56
f 9945 9946 9978 9977 
usemtl PATCH_56
f 9977 9978 10010 10009 
usemtl PATCH_56
f 10009 10010 10042 10041 
usemtl PATCH_56
f 10041 10042 10074 10073 
usemtl PATCH_56
f 10073 10074 10106 10105 
usemtl PATCH_56
f 10105 10106 1708 1707 
usemtl PATCH_56
f 1655 1654 9947 9946 
usemtl PATCH_56
f 9946 9947 9979 9978 
usemtl PATCH_56
f 9978 9979 10011 10010 
usemtl PATCH_56
f 10010 10011 10043 10042 
usemtl PATCH_56
f 10042 10043 10075 10074 
usemtl PATCH_56
f 10074 10075 10107 10106 
usemtl PATCH_56
f 10106 10107 1709 1708 
usemtl PATCH_56
f 1654 1653 9948 9947 
usemtl PATCH_56
f 9947 9948 9980 9979 
usemtl PATCH_56
f 9979 9980 10012 10011 
usemtl PATCH_56
f 10011 10012 10044 10043 
usemtl PATCH_56
f 10043 10044 10076 10075 
usemtl PATCH_56
f 10075 10076 10108 10107 
usemtl PATCH_56
f 10107 10108 1710 1709 
usemtl PATCH_56
f 1653 1652 9949 9948 
usemtl PATCH_56
f 9948 9949 9981 9980 
usemtl PATCH_56
f 9980 9981 10013 10012 
usemtl PATCH_56
f 10012 10013 10045 10044 
usemtl PATCH_56
f 10044 10045 10077 10076 
usemtl PATCH_56
f 10076 10077 10109 10108 
usemtl PATCH_56
f 10108 10109 1711 1710 
usemtl PATCH_56
f 1652 1651 9950 9949 
usemtl PATCH_56
f 9949 9950 9982 9981 
usemtl PATCH_56
f 9981 9982 10014 10013 
usemtl PATCH_56
f 10013 10014 10046 10045 
usemtl PATCH_56
f 10045 10046 10078 10077 
usemtl PATCH_56
f 10077 10078 10110 10109 
usemtl PATCH_56
f 10109 10110 1712 1711 
usemtl PATCH_56
f 1651 1650 9951 9950 
usemtl PATCH_56
f 9950 9951 9983 9982 
usemtl PATCH_56
f 9982 9983 10015 10014 
usemtl PATCH_56
f 10014 10015 10047 10046 
usemtl PATCH_56
f 10046 10047 10079 10078 
usemtl PATCH_56
f 10078 10079 10111 10110 
usemtl PATCH_56
f 10110 10111 1713 1712 
usemtl PATCH_56
f 1650 1649 9952 9951 
usemtl PATCH_56
f 9951 9952 9984 9983 
usemtl PATCH_56
f 9983 9984 10016 10015 
usemtl PATCH_56
f 10015 10016 10048 10047 
usemtl PATCH_56
f 10047 10048 10080 10079 
usemtl PATCH_56
f 10079 10080 10112 10111 
usemtl PATCH_56
f 10111 10112 1714 1713 
usemtl PATCH_56
f 1649 1648 9953 9952 
usemtl PATCH_56
f 9952 9953 9985 9984 
usemtl PATCH_56
f 9984 9985 10017 10016 
usemtl PATCH_56
f 10016 10017 10049 10048 
usemtl PATCH_56
f 10048 10049 10081 10080 
usemtl PATCH_56
f 10080 10081 10113 10112 
usemtl PATCH_56
f 10112 10113 1715 1714 
usemtl PATCH_56
f 1648 1647 9954 9953 
usemtl PATCH_56
f 9953 9954 9986 9985 
usemtl PATCH_56
f 9985 9986 10018 10017 
usemtl PATCH_56
f 10017 10018 10050 10049 
usemtl PATCH_56
f 10049 10050 10082 10081 
usemtl PATCH_56
f 10081 10082 10114 10113 
usemtl PATCH_56
f 10113 10114 1716 1715 
usemtl PATCH_56
f 1647 1646 9955 9954 
usemtl PATCH_56
f 9954 9955 9987 9986 
usemtl PATCH_56
f 9986 9987 10019 10018 
usemtl PATCH_56
f 10018 10019 10051 10050 
usemtl PATCH_56
f 10050 10051 10083 10082 
usemtl PATCH_56
f 10082 10083 10115 10114 
usemtl PATCH_56
f 10114 10115 1717 1716 
usemtl PATCH_56
f 1646 1645 9956 9955 
usemtl PATCH_56
f 9955 9956 9988 9987 
usemtl PATCH_56
f 9987 9988 10020 10019 
usemtl PATCH_56
f 10019 10020 10052 10051 
usemtl PATCH_56
f 10051 10052 10084 10083 
usemtl PATCH_56
f 10083 10084 10116 10115 
usemtl PATCH_56
f 10115 10116 1718 1717 
usemtl PATCH_56
f 1645 1644 9957 9956 
usemtl PATCH_56
f 9956 9957 9989 9988 
usemtl PATCH_56
f 9988 9989 10021 10020 
usemtl PATCH_56
f 10020 10021 10053 10052 
usemtl PATCH_56
f 10052 10053 10085 10084 
usemtl PATCH_56
f 10084 10085 10117 10116 
usemtl PATCH_56
f 10116 10117 1719 1718 
usemtl PATCH_56
f 1644 1643 9958 9957 
usemtl PATCH_56
f 9957 9958 9990 9989 
usemtl PATCH_56
f 9989 9990 10022 10021 
usemtl PATCH_56
f 10021 10022 10054 10053 
usemtl PATCH_56
f 10053 10054 10086 10085 
usemtl PATCH_56
f 10085 10086 10118 10117 
usemtl PATCH_56
f 10117 10118 1720 1719 
usemtl PATCH_56
f 1643 1642 9959 9958 
usemtl PATCH_56
f 9958 9959 9991 9990 
usemtl PATCH_56
f 9990 9991 10023 10022 
usemtl PATCH_56
f 10022 10023 10055 10054 
usemtl PATCH_56
f 10054 10055 10087 10086 
usemtl PATCH_56
f 10086 10087 10119 10118 
usemtl PATCH_56
f 10118 10119 1721 1720 
usemtl PATCH_56
f 1642 1641 9960 9959 
usemtl PATCH_56
f 9959 9960 9992 9991 
usemtl PATCH_56
f 9991 9992 10024 10023 
usemtl PATCH_56
f 10023 10024 10056 10055 
usemtl PATCH_56
f 10055 10056 10088 10087 
usemtl PATCH_56
f 10087 10088 10120 10119 
usemtl PATCH_56
f 10119 10120 1722 1721 
usemtl PATCH_56
f 1641 1640 9961 9960 
usemtl PATCH_56
f 9960 9961 9993 9992 
usemtl PATCH_56
f 9992 9993 10025 10024 
usemtl PATCH_56
f 10024 10025 10057 10056 
usemtl PATCH_56
f 10056 10057 10089 10088 
usemtl PATCH_56
f 10088 10089 10121 10120 
usemtl PATCH_56
f 10120 10121 1723 1722 
usemtl PATCH_56
f 1640 1639 9962 9961 
usemtl PATCH_56
f 9961 9962 9994 9993 
usemtl PATCH_56
f 9993 9994 10026 10025 
usemtl PATCH_56
f 10025 10026 10058 10057 
usemtl PATCH_56
f 10057 10058 10090 10089 
usemtl PATCH_56
f 10089 10090 10122 10121 
usemtl PATCH_56
f 10121 10122 1724 1723 
usemtl PATCH_56
f 1639 1638 9963 9962 
usemtl PATCH_56
f 9962 9963 9995 9994 
usemtl PATCH_56
f 9994 9995 10027 10026 
usemtl PATCH_56
f 10026 10027 10059 10058 
usemtl PATCH_56
f 10058 10059 10091 10090 
usemtl PATCH_56
f 10090 10091 10123 10122 
usemtl PATCH_56
f 10122 10123 1725 1724 
usemtl PATCH_56
f 1638 1637 9964 9963 
usemtl PATCH_56
f 9963 9964 9996 9995 
usemtl PATCH_56
f 9995 9996 10028 10027 
usemtl PATCH_56
f 10027 10028 10060 10059 
usemtl PATCH_56
f 10059 10060 10092 10091 
usemtl PATCH_56
f 10091 10092 10124 10123 
usemtl PATCH_56
f 10123 10124 1726 1725 
usemtl PATCH_56
f 1637 1636 9965 9964 
usemtl PATCH_56
f 9964 9965 9997 9996 
usemtl PATCH_56
f 9996 9997 10029 10028 
usemtl PATCH_56
f 10028 10029 10061 10060 
usemtl PATCH_56
f 10060 10061 10093 10092 
usemtl PATCH_56
f 10092 10093 10125 10124 
usemtl PATCH_56
f 10124 10125 1727 1726 
usemtl PATCH_56
f 1636 1635 9966 9965 
usemtl PATCH_56
f 9965 9966 9998 9997 
usemtl PATCH_56
f 9997 9998 10030 10029 
usemtl PATCH_56
f 10029 10030 10062 10061 
usemtl PATCH_56
f 10061 10062 10094 10093 
usemtl PATCH_56
f 10093 10094 10126 10125 
usemtl PATCH_56
f 10125 10126 1728 1727 
usemtl PATCH_56
f 1635 1634 9967 9966 
usemtl PATCH_56
f 9966 9967 9999 9998 
usemtl PATCH_56
f 9998 9999 10031 10030 
usemtl PATCH_56
f 10030 10031 10063 10062 
usemtl PATCH_56
f 10062 10063 10095 10094 
usemtl PATCH_56
f 10094 10095 10127 10126 
usemtl PATCH_56
f 10126 10127 1729 1728 
usemtl PATCH_56
f 1634 1633 9968 9967 
usemtl PATCH_56
f 9967 9968 10000 9999 
usemtl PATCH_56
f 9999 10000 10032 10031 
usemtl PATCH_56
f 10031 10032 10064 10063 
usemtl PATCH_56
f 10063 10064 10096 10095 
usemtl PATCH_56
f 10095 10096 10128 10127 
usemtl PATCH_56
f 10127 10128 1730 1729 
usemtl PATCH_56
f 1633 1632 9969 9968 
usemtl PATCH_56
f 9968 9969 10001 10000 
usemtl PATCH_56
f 10000 10001 10033 10032 
usemtl PATCH_56
f 10032 10033 10065 10064 
usemtl PATCH_56
f 10064 10065 10097 10096 
usemtl PATCH_56
f 10096 10097 10129 10128 
usemtl PATCH_56
f 10128 10129 1731 1730 
usemtl PATCH_56
f 1632 1631 9970 9969 
usemtl PATCH_56
f 9969 9970 10002 10001 
usemtl PATCH_56
f 10001 10002 10034 10033 
usemtl PATCH_56
f 10033 10034 10066 10065 
usemtl PATCH_56
f 10065 10066 10098 10097 
usemtl PATCH_56
f 10097 10098 10130 10129 
usemtl PATCH_56
f 10129 10130 1732 1731 
usemtl PATCH_56
f 1631 70 1740 9970 
usemtl PATCH_56
f 9970 1740 1741 10002 
usemtl PATCH_56
f 10002 1741 1742 10034 
usemtl PATCH_56
f 10034 1742 1743 10066 
usemtl PATCH_56
f 10066 1743 1744 10098 
usemtl PATCH_56
f 10098 1744 1745 10130 
usemtl PATCH_56
f 10130 1745 72 1732 
usemtl PATCH_63
f 69 1700 10131 1624 
usemtl PATCH_63
f 1624 10131 10137 1625 
usemtl PATCH_63
f 1625 10137 10143 1626 
usemtl PATCH_63
f 1626 10143 10149 1627 
usemtl PATCH_63
f 1627 10149 10155 1628 
usemtl PATCH_63
f 1628 10155 10161 1629 
usemtl PATCH_63
f 1629 10161 10167 1630 
usemtl PATCH_63
f 1630 10167 1740 70 
usemtl PATCH_63
f 1700 1699 10132 10131 
usemtl PATCH_63
f 10131 10132 10138 10137 
usemtl PATCH_63
f 10137 10138 10144 10143 
usemtl PATCH_63
f 10143 10144 10150 10149 
usemtl PATCH_63
f 10149 10150 10156 10155 
usemtl PATCH_63
f 10155 10156 10162 10161 
usemtl PATCH_63
f 10161 10162 10168 10167 
usemtl PATCH_63
f 10167 10168 1741 1740 
usemtl PATCH_63
f 1699 1698 10133 10132 
usemtl PATCH_63
f 10132 10133 10139 10138 
usemtl PATCH_63
f 10138 10139 10145 10144 
usemtl PATCH_63
f 10144 10145 10151 10150 
usemtl PATCH_63
f 10150 10151 10157 10156 
usemtl PATCH_63
f 10156 10157 10163 10162 
usemtl PATCH_63
f 10162 10163 10169 10168 
usemtl PATCH_63
f 10168 10169 1742 1741 
usemtl PATCH_63
f 1698 1697 10134 10133 
usemtl PATCH_63
f 10133 10134 10140 10139 
usemtl PATCH_63
f 10139 10140 10146 10145 
usemtl PATCH_63
f 10145 10146 10152 10151 
usemtl PATCH_63
f 10151 10152 10158 10157 
usemtl PATCH_63
f 10157 10158 10164 10163 
usemtl PATCH_63
f 10163 10164 10170 10169 
usemtl PATCH_63
f 10169 10170 1743 1742 
usemtl PATCH_63
f 1697 1696 10135 10134 
usemtl PATCH_63
f 10134 10135 10141 10140 
usemtl PATCH_63
f 10140 10141 10147 10146 
usemtl PATCH_63
f 10146 10147 10153 10152 
usemtl PATCH_63
f 10152 10153 10159 10158 
usemtl PATCH_63
f 10158 10159 10165 10164 
usemtl PATCH_63
f 10164 10165 10171 10170 
usemtl PATCH_63
f 10170 10171 1744 1743 
usemtl PATCH_63
f 1696 1695 10136 10135 
usemtl PATCH_63
f 10135 10136 10142 10141 
usemtl PATCH_63
f 10141 10142 10148 10147 
usemtl PATCH_63
f 10147 10148 10154 10153 
usemtl PATCH_63
f 10153 10154 10160 10159 
usemtl PATCH_63
f 10159 10160 10166 10165 
usemtl PATCH_63
f 10165 10166 10172 10171 
usemtl PATCH_63
f 10171 10172 1745 1744 
usemtl PATCH_63
f 1695 71 1739 10136 
usemtl PATCH_63
f 10136 1739 1738 10142 
usemtl PATCH_63
f 10142 1738 1737 10148 
usemtl PATCH_63
f 10148 1737 1736 10154 
usemtl PATCH_63
f 10154 1736 1735 10160 
usemtl PATCH_63
f 10160 1735 1734 10166 
usemtl PATCH_63
f 10166 1734 1733 10172 
usemtl PATCH_63
f 10172 1733 72 1745 
usemtl PATCH_22
f 57 1220 10173 1140 
usemtl PATCH_22
f 1140 10173 10180 1141 
usemtl PATCH_22
f 1141 10180 10187 1142 
usemtl PATCH_22
f 1142 10187 10194 1143 
usemtl PATCH_22
f 1143 10194 10201 1144 
usemtl PATCH_22
f 1144 10201 10208 1145 
usemtl PATCH_22
f 1145 10208 10215 1146 
usemtl PATCH_22
f 1146 10215 1752 58 
usemtl PATCH_22
f 1220 1219 10174 10173 
usemtl PATCH_22
f 10173 10174 10181 10180 
usemtl PATCH_22
f 10180 10181 10188 10187 
usemtl PATCH_22
f 10187 10188 10195 10194 
usemtl PATCH_22
f 10194 10195 10202 10201 
usemtl PATCH_22
f 10201 10202 10209 10208 
usemtl PATCH_22
f 10208 10209 10216 10215 
usemtl PATCH_22
f 10215 10216 1751 1752 
usemtl PATCH_22
f 1219 1218 10175 10174 
usemtl PATCH_22
f 10174 10175 10182 10181 
usemtl PATCH_22
f 10181 10182 10189 10188 
usemtl PATCH_22
f 10188 10189 10196 10195 
usemtl PATCH_22
f 10195 10196 10203 10202 
usemtl PATCH_22
f 10202 10203 10210 10209 
usemtl PATCH_22
f 10209 10210 10217 10216 
usemtl PATCH_22
f 10216 10217 1750 1751 
usemtl PATCH_22
f 1218 1217 10176 10175 
usemtl PATCH_22
f 10175 10176 10183 10182 
usemtl PATCH_22
f 10182 10183 10190 10189 
usemtl PATCH_22
f 10189 10190 10197 10196 
usemtl PATCH_22
f 10196 10197 10204 10203 
usemtl PATCH_22
f 10203 10204 10211 10210 
usemtl PATCH_22
f 10210 10211 10218 10217 
usemtl PATCH_22
f 10217 10218 1749 1750 
usemtl PATCH_22
f 1217 1216 10177 10176 
usemtl PATCH_22
f 10176 10177 10184 10183 
usemtl PATCH_22
f 10183 10184 10191 10190 
usemtl PATCH_22
f 10190 10191 10198 10197 
usemtl PATCH_22
f 10197 10198 10205 10204 
usemtl PATCH_22
f 10204 10205 10212 10211 
usemtl PATCH_22
f 10211 10212 10219 10218 
usemtl PATCH_22
f 10218 10219 1748 1749 
usemtl PATCH_22
f 1216 1215 10178 10177 
usemtl PATCH_22
f 10177 10178 10185 10184 
usemtl PATCH_22
f 10184 10185 10192 10191 
usemtl PATCH_22
f 10191 10192 10199 10198 
usemtl PATCH_22
f 10198 10199 10206 10205 
usemtl PATCH_22
f 10205 10206 10213 10212 
usemtl PATCH_22
f 10212 10213 10220 10219 
usemtl PATCH_22
f 10219 10220 1747 1748 
usemtl PATCH_22
f 1215 1214 10179 10178 
usemtl PATCH_22
f 10178 10179 10186 10185 
usemtl PATCH_22
f 10185 10186 10193 10192 
usemtl PATCH_22
f 10192 10193 10200 10199 
usemtl PATCH_22
f 10199 10200 10207 10206 
usemtl PATCH_22
f 10206 10207 10214 10213 
usemtl PATCH_22
f 10213 10214 10221 10220 
usemtl PATCH_22
f 10220 10221 1746 1747 
usemtl PATCH_22
f 1214 59 1522 10179 
usemtl PATCH_22
f 10179 1522 1521 10186 
usemtl PATCH_22
f 10186 1521 1520 10193 
usemtl PATCH_22
f 10193 1520 1519 10200 
usemtl PATCH_22
f 10200 1519 1518 10207 
usemtl PATCH_22
f 10207 1518 1517 10214 
usemtl PATCH_22
f 10214 1517 1516 10221 
usemtl PATCH_22
f 10221 1516 68 1746 
usemtl PATCH_29
f 65 1423 10222 1380 
usemtl PATCH_29
f 1380 10222 10229 1381 
usemtl PATCH_29
f 1381 10229 10236 1382 
usemtl PATCH_29
f 1382 10236 10243 1383 
usemtl PATCH_29
f 1383 10243 10250 1384 
usemtl PATCH_29
f 1384 10250 10257 1385 
usemtl PATCH_29
f 1385 10257 10264 1386 
usemtl PATCH_29
f 1386 10264 1554 66 
usemtl PATCH_29
f 1423 1422 10223 10222 
usemtl PATCH_29
f 10222 10223 10230 10229 
usemtl PATCH_29
f 10229 10230 10237 10236 
usemtl PATCH_29
f 10236 10237 10244 10243 
usemtl PATCH_29
f 10243 10244 10251 10250 
usemtl PATCH_29
f 10250 10251 10258 10257 
usemtl PATCH_29
f 10257 10258 10265 10264 
usemtl PATCH_29
f 10264 10265 1555 1554 
usemtl PATCH_29
f 1422 1421 10224 10223 
usemtl PATCH_29
f 10223 10224 10231 10230 
usemtl PATCH_29
f 10230 10231 10238 10237 
usemtl PATCH_29
f 10237 10238 10245 10244 
usemtl PATCH_29
f 10244 10245 10252 10251 
usemtl PATCH_29
f 10251 10252 10259 10258 
usemtl PATCH_29
f 10258 10259 10266 10265 
usemtl PATCH_29
f 10265 10266 1556 1555 
usemtl PATCH_29
f 1421 1420 10225 10224 
usemtl PATCH_29
f 10224 10225 10232 10231 
usemtl PATCH_29
f 10231 10232 10239 10238 
usemtl PATCH_29
f 10238 10239 10246 10245 
usemtl PATCH_29
f 10245 10246 10253 10252 
usemtl PATCH_29
f 10252 10253 10260 10259 
usemtl PATCH_29
f 10259 10260 10267 10266 
usemtl PATCH_29
f 10266 10267 1557 1556 
usemtl PATCH_29
f 1420 1419 10226 10225 
usemtl PATCH_29
f 10225 10226 10233 10232 
usemtl PATCH_29
f 10232 10233 10240 10239 
usemtl PATCH_29
f 10239 10240 10247 10246 
usemtl PATCH_29
f 10246 10247 10254 10253 
usemtl PATCH_29
f 10253 10254 10261 10260 
usemtl PATCH_29
f 10260 10261 10268 10267 
usemtl PATCH_29
f 10267 10268 1558 1557 
usemtl PATCH_29
f 1419 1418 10227 10226 
usemtl PATCH_29
f 10226 10227 10234 10233 
usemtl PATCH_29
f 10233 10234 10241 10240 
usemtl PATCH_29
f 10240 10241 10248 10247 
usemtl PATCH_29
f 10247 10248 10255 10254 
usemtl PATCH_29
f 10254 10255 10262 10261 
usemtl PATCH_29
f 10261 10262 10269 10268 
usemtl PATCH_29
f 10268 10269 1559 1558 
usemtl PATCH_29
f 1418 1417 10228 10227 
usemtl PATCH_29
f 10227 10228 10235 10234 
usemtl PATCH_29
f 10234 10235 10242 10241 
usemtl PATCH_29
f 10241 10242 10249 10248 
usemtl PATCH_29
f 10248 10249 10256 10255 
usemtl PATCH_29
f 10255 10256 10263 10262 
usemtl PATCH_29
f 10262 10263 10270 10269 
usemtl PATCH_29
f 10269 10270 1560 1559 
usemtl PATCH_29
f 1417 58 1752 10228 
usemtl PATCH_29
f 10228 1752 1751 10235 
usemtl PATCH_29
f 10235 1751 1750 10242 
usemtl PATCH_29
f 10242 1750 1749 10249 
usemtl PATCH_29
f 10249 1749 1748 10256 
usemtl PATCH_29
f 10256 1748 1747 10263 
usemtl PATCH_29
f 10263 1747 1746 10270 
usemtl PATCH_29
f 10270 1746 68 1560 
