####
#
# OBJ File Generated by Meshlab
#
####
# Object horse04_input.obj
#
# Vertices: 8431
# Faces: 16843
#
####
v -0.014634 0.597804 -0.378536
v -0.009149 0.603491 -0.377543
v -0.016103 0.591456 -0.382328
v -0.013305 0.584182 -0.389263
v -0.004534 0.576942 -0.395413
v -0.009336 0.579323 -0.393762
v -0.004898 0.606532 -0.377129
v -0.002110 0.606975 -0.377271
v -0.006990 0.605454 -0.377220
v -0.002057 0.577412 -0.395468
v -0.000739 0.607016 -0.377226
v -0.066661 0.547120 -0.371018
v -0.062304 0.575277 -0.350650
v -0.050607 0.577416 -0.361241
v -0.059325 0.610133 -0.240007
v -0.061104 0.603760 -0.216792
v -0.044694 0.615025 -0.224054
v -0.043404 0.618500 -0.245624
v -0.026367 0.624022 -0.250414
v -0.027150 0.622280 -0.230772
v -0.008513 0.625148 -0.235572
v -0.008381 0.626155 -0.253847
v -0.008117 0.625358 -0.272648
v -0.007597 0.622806 -0.292084
v -0.023072 0.620825 -0.291041
v -0.025025 0.623538 -0.270437
v -0.041830 0.618861 -0.266950
v -0.039875 0.616090 -0.288433
v -0.057854 0.608531 -0.284660
v -0.058199 0.611498 -0.262033
v -0.011464 0.607261 -0.362143
v -0.008451 0.606300 -0.369558
v -0.013956 0.606269 -0.362378
v -0.024138 0.586337 -0.374685
v -0.023113 0.591586 -0.371195
v -0.018419 0.591348 -0.376154
v -0.017572 0.584202 -0.381503
v -0.025461 0.572096 -0.382628
v -0.017604 0.569692 -0.389222
v -0.021501 0.542821 -0.399125
v -0.028289 0.542769 -0.396625
v -0.046300 0.594122 -0.346836
v -0.059522 0.591601 -0.332796
v -0.058643 0.599881 -0.314995
v -0.042346 0.601664 -0.335813
v -0.056992 0.469057 -0.390648
v -0.050596 0.506892 -0.397737
v -0.041947 0.507124 -0.400515
v -0.049659 0.467401 -0.393229
v -0.004194 0.563196 -0.395202
v -0.004689 0.540826 -0.398060
v -0.007790 0.539817 -0.399800
v -0.009613 0.517241 -0.399455
v -0.004946 0.519514 -0.396941
v -0.005266 0.490911 -0.391930
v -0.011096 0.486468 -0.395343
v -0.047030 0.432092 -0.375751
v -0.037721 0.435605 -0.376496
v -0.041426 0.391607 -0.337359
v -0.049662 0.391631 -0.341494
v -0.010806 0.406164 -0.342439
v -0.010237 0.449750 -0.377591
v -0.004206 0.455573 -0.374516
v -0.004018 0.414663 -0.341629
v -0.010245 0.391708 -0.236786
v -0.017341 0.379290 -0.248968
v -0.004207 0.385992 -0.260854
v -0.008969 0.374255 -0.270634
v 0.001322 0.380121 -0.283642
v 0.001156 0.379194 -0.274102
v -0.011675 0.373328 -0.261706
v -0.002138 0.386148 -0.313953
v -0.009027 0.371022 -0.296656
v -0.010285 0.377976 -0.311562
v -0.007655 0.600460 -0.139910
v -0.025461 0.596016 -0.138913
v -0.042540 0.587605 -0.135117
v -0.059392 0.575337 -0.129683
v -0.075554 0.559193 -0.127172
v -0.091117 0.539024 -0.128366
v -0.112286 0.486975 -0.130518
v -0.114768 0.467881 -0.129983
v -0.112731 0.445977 -0.128646
v -0.106143 0.421471 -0.127802
v -0.063963 0.373102 -0.127929
v -0.045776 0.364837 -0.129472
v -0.027339 0.358951 -0.130327
v -0.009835 0.356139 -0.130532
v -0.043934 0.403586 -0.177482
v -0.042819 0.376021 -0.161876
v -0.061354 0.387399 -0.158898
v -0.066347 0.424327 -0.169911
v -0.087612 0.422191 -0.152632
v -0.096775 0.428070 -0.152179
v -0.099294 0.465690 -0.172427
v -0.090290 0.457814 -0.171062
v -0.108168 0.507611 -0.185478
v -0.106653 0.502480 -0.178171
v -0.105194 0.513587 -0.176303
v -0.106238 0.518309 -0.183926
v -0.086173 0.557350 -0.167006
v -0.087894 0.547416 -0.149270
v -0.073570 0.565743 -0.147171
v -0.072460 0.574428 -0.166109
v -0.057679 0.588108 -0.168108
v -0.058278 0.581060 -0.149079
v -0.041711 0.593398 -0.154149
v -0.041434 0.600000 -0.172502
v -0.024648 0.608059 -0.176728
v -0.024820 0.601619 -0.157926
v -0.007309 0.605535 -0.159550
v -0.007340 0.612137 -0.180236
v -0.007775 0.617711 -0.199679
v -0.008396 0.622256 -0.217624
v -0.026876 0.618783 -0.212252
v -0.025396 0.613751 -0.194991
v -0.042352 0.605701 -0.189852
v -0.044387 0.610705 -0.205415
v -0.060799 0.597926 -0.198234
v -0.058583 0.593854 -0.184707
v -0.005610 0.369927 -0.289177
v -0.000444 0.383918 -0.305716
v 0.000130 0.381903 -0.293969
v -0.004937 0.371361 -0.279135
v -0.032317 0.474639 -0.396021
v -0.041302 0.470124 -0.395469
v -0.033992 0.508851 -0.402165
v -0.026552 0.511116 -0.402615
v -0.011648 0.603042 -0.370411
v -0.016746 0.597285 -0.372470
v -0.021072 0.596853 -0.367558
v -0.017038 0.602962 -0.364074
v -0.002959 0.608528 -0.362978
v -0.002420 0.607074 -0.368992
v -0.005835 0.606595 -0.369230
v -0.007783 0.607783 -0.363050
v -0.016454 0.614180 -0.330237
v -0.020151 0.617632 -0.311116
v -0.006750 0.619772 -0.310801
v -0.005601 0.616651 -0.328257
v -0.035651 0.607316 -0.330614
v -0.050283 0.607084 -0.307530
v -0.034731 0.613399 -0.309958
v -0.026471 0.611072 -0.331007
v -0.101935 0.520890 -0.129768
v -0.108018 0.504650 -0.130572
v -0.011602 0.368298 -0.161262
v -0.025853 0.370860 -0.161634
v -0.024767 0.388022 -0.188090
v -0.014407 0.382548 -0.191405
v -0.018885 0.400365 -0.202153
v -0.029478 0.407003 -0.195913
v -0.023377 0.402095 -0.212401
v -0.015087 0.364306 -0.282788
v -0.028976 0.367403 -0.286997
v -0.018673 0.371152 -0.299346
v -0.021118 0.399811 -0.341109
v -0.032015 0.394631 -0.336966
v -0.028519 0.439891 -0.377287
v -0.019014 0.444111 -0.378568
v -0.017219 0.482255 -0.397121
v -0.024600 0.478452 -0.396226
v -0.020022 0.513172 -0.402154
v -0.014482 0.515132 -0.401635
v -0.010487 0.543164 -0.399826
v -0.015415 0.542898 -0.400017
v -0.011272 0.567886 -0.392937
v -0.006473 0.566483 -0.394226
v -0.035980 0.543472 -0.393527
v -0.044717 0.544772 -0.389680
v -0.040905 0.577286 -0.369658
v -0.033223 0.575040 -0.375775
v -0.030255 0.588538 -0.368617
v -0.037305 0.591135 -0.361518
v -0.029041 0.592018 -0.365940
v -0.027387 0.596272 -0.362302
v -0.035578 0.595618 -0.356707
v -0.030343 0.602615 -0.350179
v -0.022668 0.602787 -0.358012
v -0.018429 0.606671 -0.355838
v -0.025093 0.607101 -0.346750
v -0.019950 0.609298 -0.346179
v -0.015159 0.608058 -0.355458
v -0.010191 0.609400 -0.354949
v -0.013097 0.611431 -0.344904
v -0.004619 0.613595 -0.342733
v -0.003736 0.610702 -0.354223
v -0.068439 0.436408 -0.179824
v -0.047474 0.419209 -0.187297
v -0.085765 0.452802 -0.170822
v -0.078921 0.442523 -0.169776
v -0.077438 0.407996 -0.153965
v -0.100696 0.477621 -0.175731
v -0.103366 0.446173 -0.153550
v -0.107733 0.466421 -0.155645
v -0.103981 0.487053 -0.173950
v -0.105547 0.498016 -0.172605
v -0.108705 0.484357 -0.158097
v -0.106533 0.498457 -0.158061
v -0.104112 0.509355 -0.170769
v -0.100673 0.522409 -0.169588
v -0.103110 0.511412 -0.155615
v -0.097682 0.529285 -0.152460
v -0.094988 0.539564 -0.168809
v -0.104717 0.488508 -0.186842
v -0.102853 0.482788 -0.180935
v -0.105363 0.492000 -0.179414
v -0.106974 0.497493 -0.186577
v -0.095069 0.545067 -0.174827
v -0.101896 0.526827 -0.175362
v -0.095202 0.549785 -0.180517
v -0.102877 0.531373 -0.182262
v -0.107667 0.503005 -0.194555
v -0.104870 0.494278 -0.193901
v -0.094512 0.552578 -0.184211
v -0.102582 0.535052 -0.188366
v -0.091089 0.465398 -0.177867
v -0.085247 0.458614 -0.177359
v -0.006843 0.397513 -0.221882
v -0.004831 0.389360 -0.211252
v -0.003809 0.380858 -0.191713
v -0.072827 0.580308 -0.180605
v -0.087683 0.564475 -0.180453
v -0.078656 0.386856 -0.126736
v -0.099793 0.432012 -0.152356
v -0.096341 0.402729 -0.127635
v -0.079561 0.449611 -0.178398
v -0.055021 0.432416 -0.375877
v -0.059883 0.508746 -0.391608
v -0.074052 0.572803 -0.336987
v -0.069802 0.588157 -0.323989
v -0.070320 0.596659 -0.303039
v -0.073080 0.602130 -0.259531
v -0.074314 0.601157 -0.237580
v -0.077140 0.594738 -0.212524
v -0.074903 0.585122 -0.193346
v -0.090098 0.568378 -0.188067
v -0.101279 0.468454 -0.173490
v -0.099739 0.474631 -0.180904
v -0.001661 0.367004 -0.160721
v -0.088752 0.395666 -0.127001
v 0.004222 0.389544 -0.246391
v 0.002752 0.391053 -0.230908
v 0.003219 0.386728 -0.210740
v 0.002302 0.379741 -0.190800
v -0.072523 0.599354 -0.284814
v 0.001374 0.355776 -0.130836
v 0.000982 0.600686 -0.139826
v 0.001533 0.605810 -0.159423
v 0.001482 0.612249 -0.180314
v 0.002481 0.394732 -0.322577
v 0.003307 0.386745 -0.312923
v 0.003207 0.383235 -0.300771
v 0.000048 0.457601 -0.376077
v 0.001281 0.417273 -0.346088
v -0.000398 0.610835 -0.354190
v -0.000550 0.608624 -0.362879
v -0.000650 0.607115 -0.368970
v -0.000193 0.613759 -0.342725
v 0.001297 0.618021 -0.199584
v 0.001054 0.622559 -0.217419
v 0.004417 0.381202 -0.289878
v 0.004485 0.380015 -0.280199
v 0.003352 0.383351 -0.265223
v 0.000414 0.623077 -0.292175
v 0.000175 0.620020 -0.310768
v -0.000046 0.616763 -0.328301
v 0.000622 0.625669 -0.272656
v 0.000906 0.625386 -0.235422
v 0.000695 0.626322 -0.253902
v -0.002405 0.541454 -0.397982
v -0.002489 0.520506 -0.397255
v -0.002093 0.492331 -0.392543
v -0.002215 0.562785 -0.395678
v 0.001991 0.366566 -0.160695
v -0.104465 0.480621 -0.186007
v -0.103050 0.478967 -0.183754
v -0.087223 0.561067 -0.174833
v -0.109252 0.513100 -0.194812
v -0.106393 0.522983 -0.192741
v -0.109572 0.547021 -0.254104
v -0.108398 0.550725 -0.232706
v -0.104674 0.569055 -0.216718
v -0.101082 0.573295 -0.243415
v -0.088412 0.591396 -0.238387
v -0.091965 0.584906 -0.212087
v -0.083913 0.588354 -0.289018
v -0.086361 0.590973 -0.260321
v -0.093992 0.569539 -0.297463
v -0.101889 0.543676 -0.309786
v -0.107775 0.542842 -0.279310
v -0.098314 0.570743 -0.267077
v -0.079491 0.547501 -0.354705
v -0.092785 0.545536 -0.334520
v -0.085918 0.570304 -0.320210
v -0.080813 0.585882 -0.308417
v -0.093024 0.574757 -0.195631
v -0.100857 0.561578 -0.197821
v -0.105784 0.547211 -0.213182
v -0.103224 0.542769 -0.203544
v -0.096545 0.555954 -0.190210
v -0.113260 0.518780 -0.288634
v -0.107079 0.519040 -0.318609
v -0.110605 0.489306 -0.318709
v -0.115724 0.499593 -0.290291
v -0.100717 0.483804 -0.344377
v -0.096560 0.515452 -0.345798
v -0.085629 0.512828 -0.362760
v -0.089111 0.478144 -0.358787
v -0.064530 0.470645 -0.385963
v -0.072220 0.472337 -0.379416
v -0.069957 0.510508 -0.382577
v -0.061899 0.433868 -0.373959
v -0.110012 0.510262 -0.207746
v -0.114851 0.508596 -0.219477
v -0.113975 0.516570 -0.243481
v -0.111824 0.530935 -0.243257
v -0.115012 0.525930 -0.262881
v -0.116943 0.510441 -0.264330
v -0.107435 0.531697 -0.214765
v -0.110489 0.534497 -0.226195
v -0.113750 0.521323 -0.226572
v -0.110687 0.521792 -0.215153
v -0.108092 0.507725 -0.202120
v -0.102290 0.539284 -0.196493
v -0.109668 0.519877 -0.209164
v -0.106291 0.528849 -0.206582
v -0.085873 0.476867 -0.362618
v -0.083418 0.512609 -0.365959
v 0.007234 0.603893 -0.377166
v 0.012560 0.598581 -0.378023
v 0.010800 0.584965 -0.388903
v 0.013804 0.592191 -0.381923
v 0.006266 0.580171 -0.393390
v 0.000920 0.577550 -0.395398
v 0.000580 0.606994 -0.377148
v 0.003247 0.606685 -0.376883
v 0.005058 0.605646 -0.376977
v 0.051026 0.581266 -0.360373
v 0.063961 0.579768 -0.349792
v 0.069207 0.557139 -0.367908
v 0.056481 0.557895 -0.378338
v 0.045357 0.621053 -0.244764
v 0.047405 0.617660 -0.223092
v 0.064510 0.605760 -0.215354
v 0.061810 0.612672 -0.237836
v 0.009885 0.626728 -0.253545
v 0.010481 0.625718 -0.235390
v 0.029137 0.623946 -0.229945
v 0.028056 0.625609 -0.249802
v 0.026158 0.625156 -0.269790
v 0.023596 0.622380 -0.290460
v 0.008165 0.623436 -0.291906
v 0.009065 0.625965 -0.272470
v 0.059950 0.615031 -0.261009
v 0.058981 0.612197 -0.283747
v 0.040920 0.618596 -0.287888
v 0.043321 0.621479 -0.266236
v 0.012626 0.607096 -0.361875
v 0.006848 0.606658 -0.369213
v 0.010281 0.607903 -0.361734
v 0.015416 0.585452 -0.380903
v 0.016501 0.592553 -0.375576
v 0.021553 0.593256 -0.370414
v 0.022371 0.588267 -0.373863
v 0.026373 0.552130 -0.393991
v 0.018409 0.550635 -0.397119
v 0.015332 0.572506 -0.387958
v 0.023782 0.575128 -0.381298
v 0.042252 0.604445 -0.335084
v 0.059506 0.603586 -0.314213
v 0.060094 0.595663 -0.331788
v 0.046144 0.597330 -0.345929
v 0.048732 0.504450 -0.402845
v 0.040586 0.529614 -0.399822
v 0.050598 0.532022 -0.396460
v 0.057738 0.505447 -0.399986
v 0.002592 0.542939 -0.399194
v -0.000736 0.542025 -0.397890
v -0.000470 0.563945 -0.394934
v 0.005980 0.495635 -0.397230
v 0.000837 0.493935 -0.392649
v -0.000196 0.521421 -0.396922
v 0.003894 0.522676 -0.399335
v 0.056172 0.440736 -0.396643
v 0.046248 0.438518 -0.395087
v 0.036929 0.475539 -0.399563
v 0.047173 0.476942 -0.401637
v 0.005161 0.418628 -0.349125
v 0.003256 0.459948 -0.376872
v 0.009540 0.462764 -0.384742
v 0.012700 0.420068 -0.363197
v 0.011151 0.386074 -0.269877
v 0.027343 0.376392 -0.280039
v 0.017724 0.386375 -0.255180
v 0.023607 0.374612 -0.295083
v 0.007616 0.379182 -0.285092
v 0.007985 0.380308 -0.294689
v 0.019560 0.376226 -0.305180
v 0.015938 0.390851 -0.348320
v 0.016898 0.380240 -0.338476
v 0.007952 0.389924 -0.329586
v 0.028159 0.598018 -0.137571
v 0.010058 0.601148 -0.139503
v 0.062993 0.578696 -0.127058
v 0.045327 0.590171 -0.133340
v 0.094692 0.542071 -0.124418
v 0.079194 0.562442 -0.123875
v 0.119346 0.470126 -0.124972
v 0.116845 0.489645 -0.125533
v 0.109382 0.422895 -0.123317
v 0.116821 0.447741 -0.123634
v 0.048861 0.364314 -0.127587
v 0.066909 0.372439 -0.125288
v 0.012818 0.356300 -0.129976
v 0.030393 0.359123 -0.128381
v 0.068993 0.388197 -0.198574
v 0.064147 0.383288 -0.159931
v 0.045797 0.377421 -0.160793
v 0.050084 0.384451 -0.194097
v 0.094514 0.409899 -0.199527
v 0.102182 0.415531 -0.199599
v 0.099079 0.409026 -0.162071
v 0.090398 0.404454 -0.161573
v 0.114066 0.500064 -0.184135
v 0.113076 0.498712 -0.176791
v 0.114687 0.479961 -0.181783
v 0.116138 0.481224 -0.189314
v 0.077693 0.578275 -0.163511
v 0.078366 0.569537 -0.144258
v 0.092867 0.551001 -0.145890
v 0.092024 0.561417 -0.163715
v 0.045286 0.602483 -0.171134
v 0.045434 0.596092 -0.152554
v 0.062694 0.584596 -0.146886
v 0.062542 0.591712 -0.166032
v 0.010486 0.612625 -0.179976
v 0.010366 0.606099 -0.159256
v 0.028204 0.603453 -0.156787
v 0.028067 0.609526 -0.175937
v 0.028359 0.615268 -0.194088
v 0.029366 0.620440 -0.211331
v 0.010614 0.622911 -0.217378
v 0.010323 0.618235 -0.199519
v 0.063217 0.597496 -0.182565
v 0.064712 0.601782 -0.196164
v 0.047650 0.613399 -0.204205
v 0.045994 0.608350 -0.188410
v 0.015607 0.374709 -0.316046
v 0.007127 0.382778 -0.305876
v 0.007852 0.385061 -0.317779
v 0.016134 0.376222 -0.326580
v 0.023045 0.527372 -0.402108
v 0.031353 0.528108 -0.401612
v 0.039138 0.503193 -0.403711
v 0.029348 0.502384 -0.402727
v 0.015420 0.603937 -0.363469
v 0.019428 0.598175 -0.366815
v 0.014970 0.598261 -0.371966
v 0.009935 0.603658 -0.370002
v 0.006581 0.608181 -0.362769
v 0.004413 0.606817 -0.368938
v 0.001087 0.607161 -0.368874
v 0.001814 0.608698 -0.362804
v 0.005349 0.617061 -0.328075
v 0.006944 0.620318 -0.310649
v 0.020261 0.618943 -0.310633
v 0.016193 0.615246 -0.329831
v 0.026399 0.612777 -0.330453
v 0.035221 0.615544 -0.309445
v 0.050739 0.610239 -0.306684
v 0.035606 0.609623 -0.329900
v 0.112467 0.507504 -0.125521
v 0.106001 0.523820 -0.125077
v 0.020223 0.382018 -0.188029
v 0.031004 0.383375 -0.188555
v 0.029560 0.371444 -0.159357
v 0.015542 0.368445 -0.160945
v 0.031020 0.385824 -0.237889
v 0.036933 0.388146 -0.212557
v 0.024967 0.388867 -0.210964
v 0.025899 0.391105 -0.363284
v 0.039794 0.396321 -0.377749
v 0.025122 0.379351 -0.349801
v 0.017338 0.467795 -0.391672
v 0.026588 0.473842 -0.396935
v 0.035001 0.435137 -0.389643
v 0.022440 0.427205 -0.378545
v 0.009397 0.524676 -0.401122
v 0.015885 0.526412 -0.402068
v 0.020430 0.501555 -0.401696
v 0.012403 0.498431 -0.400370
v 0.002553 0.567898 -0.393575
v 0.008361 0.569991 -0.392255
v 0.011639 0.549263 -0.398613
v 0.005946 0.547668 -0.398588
v 0.032332 0.577802 -0.374922
v 0.040609 0.580569 -0.368769
v 0.045189 0.556619 -0.385866
v 0.034987 0.554079 -0.390258
v 0.027717 0.594112 -0.365202
v 0.036490 0.593944 -0.360580
v 0.028827 0.590851 -0.367761
v 0.021593 0.604231 -0.357460
v 0.029744 0.604640 -0.349525
v 0.035019 0.598071 -0.355943
v 0.026127 0.598095 -0.361492
v 0.014299 0.608997 -0.355033
v 0.019514 0.610535 -0.345756
v 0.024539 0.608809 -0.346114
v 0.017420 0.607838 -0.355243
v 0.002772 0.610970 -0.354021
v 0.003926 0.613912 -0.342609
v 0.012551 0.612255 -0.344539
v 0.009203 0.610017 -0.354541
v 0.053366 0.388259 -0.218825
v 0.074052 0.390725 -0.223215
v 0.080196 0.394053 -0.161729
v 0.082615 0.397363 -0.199470
v 0.089058 0.405132 -0.199010
v 0.110867 0.458701 -0.182709
v 0.113845 0.454777 -0.158369
v 0.108612 0.434287 -0.163019
v 0.107124 0.437413 -0.196199
v 0.112017 0.497725 -0.170894
v 0.113958 0.496163 -0.157549
v 0.115817 0.477594 -0.158517
v 0.112867 0.479101 -0.175769
v 0.102229 0.540904 -0.168906
v 0.103339 0.532743 -0.148362
v 0.109741 0.515040 -0.151171
v 0.108326 0.517534 -0.169726
v 0.114478 0.461075 -0.198055
v 0.112555 0.459550 -0.189712
v 0.108562 0.439366 -0.203852
v 0.109994 0.440980 -0.211441
v 0.109315 0.518942 -0.175095
v 0.101642 0.544172 -0.174181
v 0.110072 0.520652 -0.181150
v 0.102182 0.547346 -0.178747
v 0.109228 0.442716 -0.219873
v 0.114224 0.462702 -0.206339
v 0.110144 0.522485 -0.186546
v 0.101264 0.549129 -0.182071
v 0.089792 0.403629 -0.215973
v 0.094886 0.409183 -0.216044
v 0.012674 0.390943 -0.235404
v 0.008933 0.380600 -0.191193
v 0.011530 0.387647 -0.209645
v 0.078606 0.584730 -0.177784
v 0.094225 0.566458 -0.179788
v 0.081470 0.386598 -0.123098
v 0.099255 0.403561 -0.122908
v 0.102830 0.414614 -0.161403
v 0.084295 0.394388 -0.225059
v 0.056147 0.477674 -0.401559
v 0.061910 0.532971 -0.390405
v 0.071462 0.592807 -0.323096
v 0.076519 0.577999 -0.335975
v 0.072078 0.601164 -0.302109
v 0.077797 0.602561 -0.233024
v 0.075642 0.606650 -0.258338
v 0.079727 0.587668 -0.193299
v 0.081128 0.594947 -0.209362
v 0.096292 0.568114 -0.185956
v 0.104538 0.421013 -0.199997
v 0.102504 0.415526 -0.217847
v 0.005702 0.366807 -0.161262
v 0.091698 0.395475 -0.122556
v 0.074511 0.603795 -0.283916
v 0.105775 0.420679 -0.220563
v 0.107537 0.419979 -0.228579
v 0.093026 0.565273 -0.171626
v 0.116879 0.482947 -0.198273
v 0.114393 0.501600 -0.192027
v 0.106558 0.571497 -0.234517
v 0.110939 0.562526 -0.208529
v 0.116201 0.537097 -0.222497
v 0.116811 0.544157 -0.245835
v 0.096795 0.582902 -0.206729
v 0.092670 0.591191 -0.231095
v 0.089944 0.596404 -0.259021
v 0.086775 0.593703 -0.287942
v 0.102835 0.577070 -0.265627
v 0.113364 0.550102 -0.278960
v 0.107146 0.550479 -0.308669
v 0.097942 0.575679 -0.296307
v 0.089151 0.575938 -0.319132
v 0.097005 0.551879 -0.333559
v 0.082987 0.554918 -0.353078
v 0.083025 0.591127 -0.307525
v 0.098615 0.573679 -0.192469
v 0.103171 0.551026 -0.186905
v 0.110886 0.527343 -0.199177
v 0.113400 0.531562 -0.206562
v 0.107464 0.555799 -0.192854
v 0.124776 0.504511 -0.291870
v 0.119089 0.507922 -0.321523
v 0.114223 0.527634 -0.316961
v 0.121389 0.525704 -0.286565
v 0.096085 0.507500 -0.366161
v 0.090841 0.531464 -0.360976
v 0.102421 0.530234 -0.343299
v 0.108248 0.509176 -0.349349
v 0.073742 0.533653 -0.381168
v 0.077349 0.507077 -0.388472
v 0.067144 0.506237 -0.395223
v 0.064401 0.478316 -0.399644
v 0.120732 0.470427 -0.230192
v 0.115758 0.466282 -0.219480
v 0.125184 0.499565 -0.263996
v 0.123342 0.520639 -0.256627
v 0.120166 0.515870 -0.237448
v 0.121705 0.495708 -0.243638
v 0.117699 0.486972 -0.216906
v 0.120892 0.491519 -0.226786
v 0.118441 0.510280 -0.220930
v 0.115294 0.506341 -0.211757
v 0.114270 0.464767 -0.214011
v 0.109878 0.524799 -0.193575
v 0.114226 0.504173 -0.204640
v 0.117077 0.486101 -0.211410
v 0.092312 0.507050 -0.370661
v 0.088053 0.531932 -0.364081
v -0.096490 0.530087 -0.067960
v -0.094665 0.526496 -0.029368
v -0.077163 0.548670 -0.037826
v -0.078547 0.551255 -0.073324
v -0.060839 0.567657 -0.079780
v -0.059264 0.566428 -0.046890
v -0.041048 0.579907 -0.055835
v -0.043371 0.579825 -0.087691
v -0.026068 0.588805 -0.093650
v -0.024201 0.589380 -0.062959
v -0.008589 0.594784 -0.067807
v -0.008657 0.594745 -0.097442
v -0.008506 0.598535 -0.040981
v -0.022680 0.592812 -0.036264
v -0.038603 0.584024 -0.028427
v -0.056061 0.570306 -0.017617
v -0.066348 0.562344 -0.009988
v -0.075936 0.549201 -0.004495
v -0.092262 0.526586 0.005062
v -0.031909 0.339886 0.021869
v -0.012640 0.335459 0.016403
v -0.047233 0.345987 0.026818
v -0.086534 0.379024 0.031323
v -0.100351 0.395309 0.026857
v -0.109133 0.414262 0.021834
v -0.112714 0.435898 0.016953
v -0.112307 0.475487 0.011550
v -0.113885 0.456320 0.013335
v -0.012485 0.331969 -0.022130
v -0.033700 0.336847 -0.017035
v -0.031985 0.337923 -0.059507
v -0.010916 0.334692 -0.062638
v -0.052186 0.345826 -0.056374
v -0.053495 0.346294 -0.012908
v -0.071122 0.359666 -0.009539
v -0.071362 0.357895 -0.053801
v -0.088826 0.372232 -0.052998
v -0.087917 0.374230 -0.009175
v -0.102791 0.390330 -0.011338
v -0.103729 0.389030 -0.053947
v -0.114373 0.409961 -0.055945
v -0.112631 0.410471 -0.013890
v -0.116922 0.434677 -0.016296
v -0.120382 0.435669 -0.058361
v -0.119682 0.476535 -0.061599
v -0.122250 0.457786 -0.060368
v -0.118216 0.456130 -0.018534
v -0.116451 0.474954 -0.020513
v -0.008411 0.596827 -0.121460
v -0.026499 0.591211 -0.119021
v -0.043880 0.582600 -0.114439
v -0.060902 0.570668 -0.108044
v -0.078045 0.554537 -0.103799
v -0.095299 0.533740 -0.101579
v -0.121084 0.461836 -0.097131
v -0.118373 0.480768 -0.098412
v -0.119048 0.439776 -0.095673
v -0.112263 0.414086 -0.093948
v -0.049543 0.352618 -0.095485
v -0.069078 0.362899 -0.093676
v -0.029847 0.345975 -0.097390
v -0.009635 0.343336 -0.098476
v -0.071628 0.364412 0.031645
v -0.056326 0.351920 0.029236
v -0.103142 0.507704 0.009565
v -0.108761 0.492535 0.010373
v -0.112468 0.492184 -0.022249
v -0.106375 0.507680 -0.023899
v -0.108730 0.510945 -0.064403
v -0.115230 0.494244 -0.063073
v -0.113711 0.498639 -0.099500
v -0.107179 0.515206 -0.100173
v -0.101322 0.392770 -0.093063
v -0.085982 0.376330 -0.092893
v -0.068870 0.556987 -0.042014
v -0.001632 0.598750 -0.040578
v -0.000824 0.594893 -0.067532
v 0.000019 0.594928 -0.097190
v 0.000647 0.343150 -0.098715
v -0.000214 0.334700 -0.062188
v -0.001619 0.332008 -0.021613
v 0.000532 0.597011 -0.121289
v -0.003050 0.335446 0.016818
v 0.079238 0.553967 -0.069666
v 0.075924 0.550881 -0.033798
v 0.093053 0.528510 -0.024367
v 0.097098 0.532504 -0.063217
v 0.043939 0.582027 -0.085659
v 0.039810 0.581712 -0.053777
v 0.058266 0.568666 -0.043766
v 0.061388 0.570138 -0.077008
v 0.008735 0.595108 -0.096933
v 0.006973 0.595046 -0.067325
v 0.023162 0.590740 -0.061589
v 0.026357 0.590321 -0.092303
v 0.020040 0.593764 -0.034772
v 0.005498 0.598680 -0.040399
v 0.053686 0.572543 -0.014339
v 0.035799 0.585472 -0.026121
v 0.063422 0.564266 -0.006079
v 0.088532 0.528118 0.010299
v 0.072584 0.550859 -0.000143
v 0.006595 0.335413 0.017059
v 0.025163 0.339806 0.023696
v 0.039843 0.345499 0.029438
v 0.092829 0.395660 0.031674
v 0.078819 0.379311 0.035389
v 0.106596 0.436195 0.022788
v 0.102171 0.414526 0.027392
v 0.107996 0.456623 0.019482
v 0.107069 0.475963 0.017600
v 0.010261 0.334918 -0.061837
v 0.030797 0.338248 -0.057666
v 0.029654 0.337054 -0.015236
v 0.008789 0.332133 -0.021465
v 0.069361 0.358273 -0.050706
v 0.066598 0.359862 -0.006221
v 0.048853 0.346381 -0.010167
v 0.050413 0.346136 -0.053920
v 0.101474 0.389908 -0.049394
v 0.097838 0.390949 -0.006573
v 0.082632 0.374924 -0.005347
v 0.086374 0.373021 -0.049146
v 0.119421 0.436502 -0.052668
v 0.113134 0.435064 -0.010364
v 0.107958 0.411056 -0.008278
v 0.112470 0.410808 -0.050654
v 0.113348 0.475567 -0.014469
v 0.115133 0.456649 -0.012415
v 0.121517 0.458677 -0.054250
v 0.119432 0.477742 -0.055632
v 0.028084 0.592993 -0.117601
v 0.009613 0.597274 -0.121009
v 0.063195 0.573725 -0.105237
v 0.045606 0.584893 -0.112419
v 0.097443 0.536492 -0.097189
v 0.080255 0.557340 -0.100168
v 0.120673 0.482558 -0.092833
v 0.123376 0.463277 -0.091476
v 0.113037 0.415217 -0.088847
v 0.120724 0.441015 -0.090170
v 0.069459 0.362678 -0.090659
v 0.050463 0.352845 -0.093013
v 0.010967 0.343457 -0.098020
v 0.031016 0.346355 -0.095305
v 0.048868 0.351462 0.032331
v 0.064050 0.364577 0.035378
v 0.104118 0.493351 0.016339
v 0.099110 0.508965 0.015189
v 0.115425 0.495877 -0.057096
v 0.109242 0.512916 -0.058800
v 0.104327 0.509120 -0.018419
v 0.110294 0.493264 -0.016299
v 0.109935 0.517823 -0.095056
v 0.116677 0.500826 -0.094003
v 0.101833 0.393968 -0.088554
v 0.086431 0.376717 -0.088823
v 0.068090 0.559237 -0.038413
v -0.051402 0.621963 0.124888
v -0.056596 0.613587 0.136570
v -0.059077 0.605836 0.148265
v -0.060037 0.594763 0.163568
v -0.060733 0.584589 0.174726
v -0.061230 0.569741 0.188717
v -0.060663 0.557368 0.200213
v -0.058850 0.548822 0.207391
v -0.047802 0.515660 0.229829
v -0.042084 0.503909 0.235501
v -0.036114 0.498010 0.240983
v -0.028105 0.496874 0.246082
v -0.022903 0.645340 0.083923
v -0.018661 0.648419 0.081511
v -0.056271 0.539625 0.215655
v -0.051718 0.528018 0.222973
v -0.045882 0.629067 0.115265
v -0.041072 0.633770 0.107983
v -0.035292 0.638288 0.099953
v -0.028585 0.642166 0.090408
v -0.036877 0.631070 0.086183
v -0.042045 0.626784 0.092189
v -0.047183 0.621282 0.099732
v -0.053517 0.612297 0.111121
v -0.062077 0.532444 0.205374
v -0.058369 0.519954 0.213311
v -0.061042 0.602821 0.123744
v -0.065205 0.593549 0.136342
v -0.053623 0.508909 0.220844
v -0.047552 0.497525 0.226449
v -0.066957 0.582804 0.153338
v -0.067366 0.571970 0.168277
v -0.066441 0.555743 0.184436
v -0.064672 0.543417 0.197016
v -0.040151 0.487661 0.231263
v -0.033175 0.481739 0.235529
v -0.017169 0.649593 0.080883
v -0.016054 0.636745 0.052960
v -0.017678 0.636094 0.053498
v -0.023357 0.637124 0.062812
v -0.028584 0.635106 0.074662
v -0.025038 0.479645 0.238492
v -0.018325 0.477506 0.239190
v -0.023195 0.496543 0.246916
v -0.005143 0.619815 0.004901
v -0.009409 0.623188 0.011839
v -0.005469 0.622897 0.011941
v -0.006791 0.629645 0.025814
v -0.010768 0.629975 0.025691
v -0.012242 0.641989 0.048524
v -0.008006 0.641828 0.048517
v -0.009289 0.655976 0.075739
v -0.013543 0.656025 0.075797
v -0.010362 0.620573 0.011166
v -0.010162 0.622035 0.010815
v -0.005677 0.618781 0.002954
v -0.005505 0.617663 0.001342
v -0.015384 0.638151 0.051653
v -0.014636 0.640845 0.049621
v -0.013045 0.629128 0.026419
v -0.013495 0.627216 0.027988
v -0.015972 0.654508 0.077156
v -0.016625 0.651244 0.079440
v -0.011090 0.615694 0.002344
v -0.012380 0.619367 0.012143
v -0.003826 0.618605 0.003149
v -0.003728 0.617461 0.001802
v -0.003958 0.619702 0.005005
v -0.004200 0.622777 0.012038
v -0.007084 0.655878 0.075833
v -0.005790 0.641560 0.048622
v -0.004707 0.629456 0.025908
v -0.015303 0.625806 0.029128
v -0.033888 0.468676 0.233749
v -0.026296 0.466176 0.235406
v -0.051188 0.483428 0.227312
v -0.042376 0.474272 0.231020
v -0.076307 0.529626 0.200107
v -0.071102 0.516547 0.208259
v -0.078673 0.562297 0.166867
v -0.078560 0.544271 0.186177
v -0.072691 0.586700 0.131860
v -0.076137 0.575764 0.147703
v -0.057856 0.608362 0.101658
v -0.066869 0.597001 0.117335
v -0.044936 0.625071 0.084317
v -0.050713 0.618488 0.090886
v -0.039228 0.629856 0.078646
v -0.064734 0.504309 0.215333
v -0.058669 0.492938 0.222055
v -0.019886 0.463881 0.235905
v -0.015847 0.460086 0.235650
v -0.017627 0.625541 0.029512
v -0.025445 0.623595 0.030795
v -0.023446 0.633451 0.055512
v -0.031133 0.629535 0.059492
v -0.035537 0.619873 0.036631
v -0.047668 0.614121 0.047047
v -0.041377 0.624324 0.065092
v -0.061217 0.601407 0.048728
v -0.070164 0.588363 0.056728
v -0.068551 0.591814 0.061602
v -0.077348 0.578980 0.078104
v -0.081608 0.571535 0.073054
v -0.091475 0.554043 0.092240
v -0.088989 0.562973 0.099129
v -0.081330 0.575090 0.127622
v -0.092567 0.557741 0.125464
v -0.099126 0.543939 0.149043
v -0.086931 0.562985 0.146141
v -0.089883 0.549464 0.167449
v -0.100764 0.530938 0.171307
v -0.099048 0.515187 0.188686
v -0.089874 0.531965 0.187415
v -0.077908 0.502461 0.209453
v -0.086072 0.515316 0.201859
v -0.093229 0.500649 0.201221
v -0.083556 0.487794 0.208924
v -0.054150 0.468873 0.227073
v -0.054356 0.456015 0.225566
v -0.045293 0.461148 0.229204
v -0.028075 0.452067 0.233885
v -0.035194 0.452916 0.231886
v -0.036529 0.447764 0.232862
v -0.029555 0.446584 0.234546
v -0.082098 0.561576 0.058336
v -0.076713 0.558968 0.047776
v -0.089501 0.531945 0.054836
v -0.093891 0.533644 0.063394
v -0.067008 0.579957 0.040278
v -0.070835 0.583873 0.050707
v -0.062166 0.596679 0.042880
v -0.060629 0.589944 0.033975
v -0.050305 0.598874 0.025313
v -0.050791 0.605883 0.033597
v -0.037395 0.612693 0.021490
v -0.036055 0.606694 0.013112
v -0.022907 0.612224 0.005359
v -0.025664 0.616941 0.014477
v -0.015412 0.618950 0.012434
v -0.009006 0.609296 -0.016052
v -0.022093 0.604155 -0.012032
v -0.036303 0.596538 -0.004499
v -0.051834 0.585176 0.006920
v -0.061324 0.576860 0.014758
v -0.065793 0.570497 0.019651
v -0.074858 0.554030 0.026375
v -0.089181 0.529656 0.033721
v -0.037836 0.350906 0.140070
v -0.047210 0.351673 0.142914
v -0.030006 0.351101 0.124078
v -0.032283 0.351301 0.132769
v -0.055985 0.352217 0.146404
v -0.063736 0.354067 0.156647
v -0.011718 0.343020 0.052583
v -0.026341 0.345685 0.058058
v -0.036869 0.348861 0.068846
v -0.049662 0.350986 0.083887
v -0.055138 0.353823 0.075055
v -0.094231 0.393495 0.067942
v -0.102846 0.411687 0.062246
v -0.067783 0.356537 0.166249
v -0.069394 0.361561 0.178693
v -0.041118 0.364068 0.184473
v -0.040769 0.358858 0.170905
v -0.016838 0.367478 0.179433
v -0.019019 0.372347 0.192561
v -0.010060 0.359491 0.128628
v -0.019372 0.355444 0.131276
v -0.018348 0.355731 0.119737
v -0.009810 0.357341 0.118813
v -0.010136 0.354502 0.107286
v -0.019037 0.354041 0.108554
v -0.020244 0.352163 0.097344
v -0.010397 0.351673 0.094300
v -0.030214 0.350468 0.103145
v -0.029194 0.350517 0.114378
v -0.059086 0.379384 0.203909
v -0.076682 0.382062 0.199004
v -0.084280 0.372693 0.187392
v -0.064535 0.368958 0.191881
v -0.023342 0.385232 0.211876
v -0.039270 0.380950 0.209109
v -0.040656 0.371521 0.198482
v -0.021592 0.378302 0.203231
v -0.106916 0.426293 0.057243
v -0.107774 0.441120 0.051585
v -0.108362 0.456896 0.047856
v -0.107158 0.477032 0.044523
v -0.028853 0.428992 0.231800
v -0.038090 0.431322 0.231411
v -0.036569 0.417798 0.227818
v -0.026050 0.415678 0.228047
v -0.053306 0.436672 0.223031
v -0.058229 0.441507 0.221252
v -0.063796 0.426583 0.215228
v -0.058265 0.423821 0.217651
v -0.010300 0.361296 0.138752
v -0.011164 0.363060 0.148570
v -0.025958 0.355852 0.148392
v -0.021609 0.355461 0.140807
v -0.012347 0.364120 0.158066
v -0.014540 0.365140 0.167420
v -0.037453 0.356287 0.160101
v -0.031340 0.356360 0.154421
v -0.069797 0.363230 0.071973
v -0.083645 0.377117 0.070764
v -0.025733 0.404456 0.224194
v -0.036275 0.405074 0.223801
v -0.037461 0.392451 0.217455
v -0.024835 0.393914 0.218907
v -0.081358 0.417443 0.206985
v -0.098972 0.510172 0.038023
v -0.104075 0.494804 0.041247
v -0.083630 0.440873 0.207786
v -0.072981 0.431258 0.212362
v -0.067243 0.449413 0.218354
v -0.076952 0.459342 0.213336
v -0.074430 0.476177 0.215952
v -0.065916 0.465085 0.221648
v -0.062987 0.479365 0.222703
v -0.069998 0.490238 0.216098
v -0.066537 0.393639 0.209567
v -0.053105 0.391854 0.213520
v -0.048276 0.405238 0.220599
v -0.056342 0.406128 0.217870
v -0.011883 0.382621 0.204086
v -0.011221 0.388848 0.209699
v -0.014985 0.387342 0.210996
v -0.016578 0.395098 0.217298
v -0.011803 0.396703 0.215225
v -0.012323 0.406336 0.219939
v -0.017583 0.405010 0.222386
v -0.017873 0.415805 0.226139
v -0.012538 0.416584 0.223709
v -0.013519 0.427171 0.226954
v -0.020261 0.427371 0.229632
v -0.016378 0.440200 0.230689
v -0.016261 0.450830 0.232913
v -0.020672 0.454446 0.233544
v -0.021255 0.446924 0.232591
v -0.095481 0.535393 0.072656
v -0.095474 0.543775 0.083483
v -0.083024 0.565111 0.066215
v -0.084661 0.572789 0.103964
v -0.074164 0.587294 0.110580
v -0.064001 0.600195 0.092928
v -0.072727 0.587335 0.084209
v -0.063719 0.599659 0.069120
v -0.055586 0.610420 0.080072
v -0.049307 0.617848 0.071840
v -0.057145 0.608043 0.057142
v -0.087317 0.387393 0.195027
v -0.053326 0.421196 0.220301
v -0.050143 0.434081 0.225731
v -0.049761 0.447345 0.226964
v -0.047683 0.444114 0.229110
v -0.043527 0.448347 0.231021
v -0.043334 0.453276 0.229701
v -0.023007 0.440701 0.232736
v -0.046808 0.417149 0.223529
v -0.045711 0.432081 0.228657
v -0.044639 0.443061 0.231255
v -0.037896 0.440839 0.233367
v -0.030066 0.441197 0.234162
v -0.075209 0.365787 0.085095
v -0.076783 0.365767 0.086712
v -0.089076 0.378114 0.084333
v -0.086946 0.378609 0.083149
v -0.094816 0.395522 0.080951
v -0.094375 0.395242 0.079425
v -0.101891 0.414366 0.074866
v -0.101014 0.413727 0.073179
v -0.106755 0.429954 0.070068
v -0.106032 0.429245 0.068202
v -0.108563 0.443357 0.067293
v -0.108283 0.442615 0.064744
v -0.109054 0.458943 0.065702
v -0.108291 0.457656 0.061700
v -0.107442 0.472707 0.063672
v -0.106423 0.475703 0.057078
v -0.066431 0.359094 0.088430
v -0.026781 0.457512 0.233522
v -0.091628 0.453247 0.202641
v -0.087590 0.471067 0.206655
v -0.103614 0.493695 0.052781
v -0.022900 0.349307 0.080009
v -0.032115 0.350243 0.086237
v -0.082552 0.401560 0.202404
v -0.075625 0.414369 0.208765
v -0.104955 0.497015 0.187490
v -0.098352 0.483681 0.199013
v -0.106183 0.527363 0.154406
v -0.107208 0.511954 0.171809
v -0.034661 0.459173 0.231979
v -0.098740 0.510234 0.049421
v -0.089190 0.530477 0.042390
v -0.045494 0.349751 0.093231
v -0.057272 0.353176 0.089937
v -0.011018 0.348276 0.074786
v -0.098740 0.510664 0.058231
v -0.102257 0.509034 0.066599
v -0.097649 0.545643 0.123312
v -0.006783 0.366642 0.167631
v -0.007089 0.370815 0.179557
v -0.006642 0.364749 0.158092
v -0.007854 0.377034 0.195378
v -0.006517 0.362672 0.148271
v -0.006279 0.360730 0.138491
v -0.002914 0.609343 -0.015391
v -0.005458 0.354791 0.107595
v -0.005504 0.357853 0.118979
v -0.005326 0.351638 0.094576
v -0.005838 0.359631 0.128783
v -0.005013 0.347933 0.075025
v -0.009115 0.406727 0.219260
v -0.009086 0.416787 0.223011
v -0.009556 0.426799 0.226148
v -0.009038 0.397153 0.214525
v -0.004446 0.342863 0.052779
v -0.011917 0.438490 0.230280
v -0.013965 0.449563 0.232934
v -0.008349 0.382716 0.202686
v -0.008820 0.389324 0.209058
v -0.076754 0.397169 0.205613
v -0.063814 0.408666 0.214338
v -0.069829 0.411460 0.211122
v -0.103364 0.493319 0.059292
v -0.110250 0.483311 0.164200
v -0.110301 0.471672 0.159262
v -0.109527 0.464777 0.181226
v -0.100794 0.464522 0.196059
v -0.108982 0.496175 0.168773
v -0.107106 0.478824 0.184607
v -0.108105 0.512500 0.151651
v -0.099789 0.538045 0.119034
v -0.100739 0.528530 0.111043
v -0.107457 0.491752 0.139956
v -0.108563 0.502553 0.147222
v -0.110283 0.474403 0.113913
v -0.109529 0.481941 0.128849
v -0.102356 0.518338 0.099105
v -0.103724 0.508366 0.085952
v -0.109209 0.478277 0.077239
v -0.110322 0.471282 0.098532
v -0.103868 0.505368 0.075077
v -0.113843 0.462372 0.150898
v -0.117812 0.455212 0.137758
v -0.118239 0.451191 0.122294
v -0.117092 0.450940 0.110865
v -0.110399 0.461616 0.080178
v -0.113142 0.454803 0.093149
v -0.110268 0.422810 0.075931
v -0.111457 0.435376 0.074070
v -0.106860 0.486603 0.068039
v -0.110551 0.449790 0.073865
v -0.110282 0.467319 0.071307
v 0.044668 0.613186 0.142369
v 0.037260 0.622802 0.128541
v 0.047728 0.591986 0.175471
v 0.048600 0.604147 0.157792
v 0.042486 0.567156 0.201273
v 0.045834 0.581529 0.187546
v 0.034396 0.548443 0.219117
v 0.038670 0.555972 0.212459
v 0.004030 0.503086 0.243936
v 0.013374 0.514853 0.239797
v -0.018511 0.496618 0.248102
v -0.006972 0.497666 0.247098
v 0.005416 0.648048 0.082829
v 0.010014 0.644934 0.085587
v 0.020880 0.527804 0.233935
v 0.028436 0.539703 0.227362
v 0.027354 0.634227 0.110934
v 0.031946 0.629704 0.118550
v 0.015391 0.641972 0.092538
v 0.021836 0.638457 0.102521
v 0.030177 0.627055 0.095312
v 0.024995 0.631201 0.088995
v 0.041104 0.612992 0.115015
v 0.035179 0.621750 0.103216
v 0.036049 0.520151 0.221861
v 0.042109 0.533753 0.213401
v 0.051737 0.594844 0.141092
v 0.047883 0.603951 0.128193
v 0.019218 0.496409 0.234180
v 0.028013 0.508220 0.229553
v 0.052458 0.573139 0.172727
v 0.052572 0.584349 0.157399
v 0.046695 0.545652 0.204392
v 0.050242 0.557902 0.190038
v -0.001576 0.481219 0.240578
v 0.009087 0.486592 0.237940
v 0.007263 0.635831 0.054926
v 0.004970 0.636584 0.054108
v 0.003444 0.649330 0.081924
v 0.017236 0.634934 0.076967
v 0.012269 0.636923 0.064606
v -0.012209 0.479612 0.240853
v -0.003014 0.622843 0.012025
v 0.000928 0.623202 0.012092
v -0.002668 0.619787 0.004999
v -0.003901 0.641843 0.048686
v 0.000279 0.642116 0.048980
v 0.001181 0.630157 0.026126
v -0.002784 0.629714 0.025943
v -0.000712 0.656160 0.076233
v -0.005039 0.656007 0.075890
v -0.001792 0.617387 0.001706
v -0.001866 0.618698 0.003143
v 0.001765 0.621920 0.011195
v 0.002294 0.620311 0.011708
v 0.004223 0.627217 0.028870
v 0.003563 0.629313 0.027090
v 0.002795 0.640931 0.050358
v 0.003823 0.638162 0.052513
v 0.002751 0.651143 0.080309
v 0.001880 0.654609 0.077843
v 0.004751 0.619066 0.012869
v 0.004561 0.615535 0.003120
v 0.006085 0.625819 0.030162
v -0.006696 0.466056 0.238535
v 0.002686 0.467971 0.238037
v 0.013004 0.472905 0.236946
v 0.023606 0.481795 0.234725
v 0.051466 0.517071 0.216525
v 0.058634 0.531731 0.207638
v 0.063203 0.548675 0.191105
v 0.064060 0.566273 0.169628
v 0.062810 0.578226 0.149635
v 0.060167 0.588023 0.134509
v 0.054981 0.598101 0.121153
v 0.046662 0.609342 0.105898
v 0.039531 0.619188 0.094754
v 0.033631 0.625545 0.087670
v 0.027842 0.630114 0.081643
v 0.034059 0.491353 0.230537
v 0.043107 0.503697 0.223756
v -0.012919 0.463917 0.237101
v 0.013220 0.633364 0.057386
v 0.017287 0.623954 0.032772
v 0.008832 0.625561 0.030838
v 0.031309 0.624905 0.068117
v 0.039482 0.614410 0.049507
v 0.027193 0.620421 0.039196
v 0.021179 0.629822 0.062073
v 0.060961 0.592230 0.065428
v 0.063174 0.589059 0.061045
v 0.053696 0.601631 0.051932
v 0.079944 0.563729 0.104846
v 0.082662 0.555054 0.098441
v 0.073446 0.572460 0.078467
v 0.069266 0.579530 0.082825
v 0.073918 0.565511 0.149458
v 0.086341 0.546338 0.155319
v 0.081688 0.558830 0.130867
v 0.069733 0.576072 0.130280
v 0.074551 0.536236 0.193760
v 0.084597 0.517638 0.196344
v 0.087353 0.533851 0.178638
v 0.075957 0.553299 0.172540
v 0.066543 0.488773 0.215845
v 0.078084 0.502800 0.208608
v 0.069257 0.517122 0.209486
v 0.059302 0.502648 0.217424
v 0.018526 0.460185 0.234127
v 0.030543 0.457656 0.230601
v 0.027946 0.468447 0.233246
v -0.000774 0.446090 0.237504
v 0.007505 0.446725 0.236505
v 0.007180 0.452070 0.235371
v -0.001740 0.451669 0.236722
v 0.086145 0.534689 0.069446
v 0.082599 0.533028 0.060415
v 0.069838 0.560105 0.052684
v 0.074291 0.562684 0.063734
v 0.053934 0.591200 0.037610
v 0.054526 0.597167 0.046300
v 0.063588 0.584812 0.055171
v 0.060203 0.581292 0.044586
v 0.029777 0.607448 0.015302
v 0.030157 0.612968 0.023485
v 0.043641 0.606381 0.036203
v 0.043768 0.599922 0.028218
v 0.007847 0.618680 0.013333
v 0.018499 0.617051 0.015790
v 0.016697 0.612480 0.006865
v 0.017342 0.604912 -0.010541
v 0.003924 0.609432 -0.015475
v 0.047243 0.586944 0.010167
v 0.031543 0.597678 -0.002016
v 0.060605 0.571987 0.023904
v 0.056246 0.578538 0.018600
v 0.083749 0.530877 0.038985
v 0.068987 0.555030 0.031042
v 0.025656 0.354739 0.177019
v 0.025154 0.351431 0.155133
v 0.023082 0.351438 0.138822
v 0.021455 0.351559 0.125759
v 0.029592 0.370586 0.207361
v 0.026976 0.363518 0.198565
v 0.017342 0.345264 0.059694
v 0.002971 0.342947 0.053112
v 0.041053 0.353619 0.083013
v 0.034401 0.350923 0.091767
v 0.027041 0.348454 0.070878
v 0.087833 0.392771 0.082751
v 0.080631 0.375115 0.093026
v 0.030695 0.390389 0.227025
v 0.028646 0.381518 0.219356
v 0.002684 0.373676 0.193504
v 0.001320 0.369591 0.180020
v 0.015189 0.373433 0.203552
v 0.015962 0.380662 0.214245
v -0.001182 0.357914 0.119118
v 0.008695 0.356537 0.118359
v 0.011132 0.359008 0.124925
v -0.001772 0.359736 0.128853
v -0.000100 0.351622 0.094940
v 0.009602 0.352148 0.098538
v 0.008014 0.354585 0.109566
v -0.000781 0.355032 0.107943
v 0.019743 0.352239 0.113451
v 0.018410 0.351877 0.103724
v 0.032976 0.396367 0.229992
v 0.042832 0.406489 0.233989
v 0.043393 0.411243 0.231993
v 0.032127 0.401555 0.229106
v 0.003994 0.378997 0.204859
v 0.017532 0.387308 0.218060
v 0.018164 0.392178 0.221771
v 0.005467 0.385807 0.213235
v 0.097989 0.430260 0.065026
v 0.093456 0.409942 0.073981
v 0.099430 0.473594 0.053266
v 0.099821 0.449667 0.058381
v 0.007026 0.416046 0.228979
v 0.016107 0.417976 0.229641
v 0.011667 0.430461 0.234226
v 0.003175 0.428631 0.233532
v 0.039190 0.435783 0.225360
v 0.044441 0.440064 0.223310
v 0.038616 0.448250 0.226086
v 0.032948 0.442529 0.227809
v 0.012695 0.359123 0.137041
v 0.013439 0.358463 0.152526
v -0.001939 0.363850 0.148644
v -0.002008 0.361884 0.138812
v 0.013415 0.360787 0.170107
v 0.014155 0.366144 0.188598
v -0.000134 0.367261 0.167820
v -0.001518 0.365409 0.158274
v 0.068341 0.362388 0.094483
v 0.051928 0.355906 0.088523
v 0.006580 0.394532 0.220000
v 0.017957 0.399193 0.224497
v 0.017509 0.408118 0.227197
v 0.007216 0.404994 0.225257
v 0.055515 0.437717 0.221973
v 0.097079 0.493915 0.049438
v 0.093095 0.511129 0.043730
v 0.060259 0.465862 0.218284
v 0.048858 0.456613 0.223678
v 0.052699 0.445657 0.220831
v 0.063048 0.453295 0.215637
v 0.049232 0.489102 0.224079
v 0.038899 0.478497 0.230064
v 0.043690 0.467054 0.227645
v 0.054982 0.477089 0.222325
v 0.034537 0.420386 0.229109
v 0.028000 0.415482 0.229114
v 0.030050 0.407669 0.228601
v 0.039626 0.415488 0.229644
v -0.002731 0.387559 0.211448
v -0.006341 0.388887 0.209843
v -0.005069 0.382674 0.204409
v -0.000720 0.405388 0.222717
v -0.005734 0.406429 0.220058
v -0.006140 0.396856 0.215328
v -0.001478 0.395439 0.217751
v -0.002548 0.427251 0.230236
v -0.006469 0.427115 0.227196
v -0.005588 0.416719 0.223841
v -0.000257 0.416044 0.226548
v -0.006617 0.446904 0.234342
v -0.008937 0.454484 0.235317
v -0.011991 0.450806 0.233729
v -0.008802 0.440126 0.231784
v 0.074959 0.566280 0.071695
v 0.086420 0.544760 0.089677
v 0.087046 0.536404 0.078851
v 0.063635 0.587310 0.087713
v 0.053943 0.600403 0.095952
v 0.063434 0.587436 0.112928
v 0.074063 0.572994 0.108640
v 0.048505 0.607759 0.059623
v 0.039593 0.618712 0.075570
v 0.045961 0.611329 0.083897
v 0.055087 0.599308 0.071705
v 0.050198 0.419005 0.231391
v 0.027661 0.437947 0.230310
v 0.034396 0.431255 0.227412
v 0.016758 0.452177 0.233917
v 0.015781 0.446868 0.235330
v 0.021724 0.444657 0.233509
v 0.025626 0.449021 0.231501
v -0.004567 0.440581 0.234571
v 0.021050 0.433382 0.232525
v 0.027914 0.424321 0.229247
v 0.016754 0.441904 0.235499
v 0.000493 0.440698 0.236915
v 0.008624 0.439711 0.236964
v 0.075863 0.359281 0.117796
v 0.078013 0.358596 0.122057
v 0.062782 0.351346 0.117031
v 0.060918 0.352041 0.113004
v 0.086919 0.373378 0.114143
v 0.089278 0.373182 0.118152
v 0.093792 0.390660 0.101753
v 0.096467 0.390386 0.105238
v 0.097264 0.407544 0.089910
v 0.100079 0.407331 0.093064
v 0.098157 0.424985 0.081030
v 0.100794 0.424725 0.084684
v 0.098931 0.444960 0.072851
v 0.100425 0.445077 0.077040
v 0.098139 0.468762 0.065516
v 0.099442 0.463568 0.072188
v 0.051912 0.348916 0.111181
v -0.003055 0.457192 0.236344
v 0.073799 0.460731 0.209295
v 0.071585 0.473951 0.212703
v 0.096071 0.490800 0.060149
v 0.021764 0.350344 0.088039
v 0.012876 0.349336 0.081393
v 0.052548 0.427227 0.226336
v 0.050452 0.434500 0.223370
v 0.083307 0.484081 0.206340
v 0.090503 0.497265 0.195387
v 0.093993 0.512681 0.179854
v 0.093551 0.528565 0.162102
v 0.006163 0.458387 0.235679
v 0.083265 0.531746 0.047629
v 0.092096 0.509885 0.056349
v 0.042386 0.347459 0.105764
v 0.031568 0.349051 0.100606
v 0.001100 0.347983 0.075422
v 0.094282 0.507509 0.073068
v 0.091389 0.509734 0.064714
v 0.086932 0.546533 0.129828
v 0.046855 0.421978 0.228333
v 0.045674 0.430639 0.225132
v 0.040731 0.426109 0.227377
v 0.095602 0.489515 0.066396
v 0.097830 0.469262 0.171627
v 0.097380 0.481984 0.175236
v 0.084223 0.466880 0.203167
v 0.091948 0.477539 0.193716
v 0.096171 0.495774 0.177689
v 0.096804 0.512651 0.159517
v 0.097637 0.502270 0.155384
v 0.098025 0.491147 0.149024
v 0.091398 0.529362 0.117939
v 0.089738 0.538990 0.125898
v 0.095263 0.507775 0.092410
v 0.093529 0.518926 0.105931
v 0.102187 0.480469 0.139439
v 0.106439 0.466551 0.124770
v 0.095995 0.503441 0.081366
v 0.109678 0.458416 0.111315
v 0.103463 0.468092 0.085703
v 0.108053 0.444984 0.158770
v 0.102145 0.458021 0.164839
v 0.114924 0.432433 0.136708
v 0.112425 0.435671 0.147435
v 0.108683 0.443625 0.095018
v 0.115680 0.433394 0.116590
v 0.108556 0.410485 0.099958
v 0.108279 0.395649 0.109744
v 0.099219 0.480297 0.075117
v 0.103779 0.454094 0.081781
v 0.106603 0.429235 0.092679
v 0.032875 0.353596 0.179934
v 0.032027 0.361129 0.195007
v 0.038603 0.346281 0.147052
v 0.035884 0.349002 0.160510
v 0.034607 0.367172 0.202442
v 0.038514 0.374443 0.210965
v 0.038281 0.386398 0.219310
v 0.039824 0.397678 0.228469
v 0.034858 0.343892 0.121860
v 0.037087 0.344947 0.134460
v 0.055771 0.424758 0.229563
v 0.055370 0.412644 0.230131
v 0.060994 0.414151 0.228456
v 0.061374 0.429132 0.225258
v 0.057811 0.432604 0.223751
v 0.064331 0.436929 0.221400
v 0.065532 0.444695 0.217381
v 0.049679 0.411607 0.232696
v 0.074803 0.451453 0.210874
v 0.069962 0.431610 0.220086
v 0.073247 0.442493 0.214552
v 0.058090 0.396600 0.229197
v 0.065030 0.401288 0.230027
v 0.067028 0.417184 0.225626
v 0.045671 0.398302 0.227248
v 0.051984 0.398228 0.227022
v 0.045462 0.385554 0.220445
v 0.051190 0.385689 0.225034
v 0.092784 0.464981 0.191003
v 0.092051 0.457346 0.190134
v 0.084732 0.448990 0.205475
v 0.084931 0.457315 0.202709
v 0.098645 0.384898 0.209982
v 0.092688 0.390354 0.216625
v 0.047401 0.335989 0.159481
v 0.047763 0.331737 0.145297
v 0.036879 0.363368 0.203777
v 0.035032 0.357637 0.197143
v 0.035989 0.351286 0.190249
v 0.041822 0.342204 0.174635
v 0.044873 0.376455 0.218727
v 0.040220 0.369514 0.210924
v 0.108791 0.374611 0.166405
v 0.095011 0.354460 0.160540
v 0.095856 0.363571 0.140807
v 0.108816 0.379925 0.139137
v 0.050962 0.344377 0.116211
v 0.058060 0.345868 0.120219
v 0.060686 0.341442 0.125564
v 0.053508 0.328770 0.143224
v 0.065753 0.326235 0.151089
v 0.103135 0.378947 0.201579
v 0.106645 0.372642 0.191442
v 0.085817 0.396781 0.221046
v 0.077697 0.403954 0.223378
v 0.073022 0.421246 0.219888
v 0.079952 0.438233 0.211297
v 0.083971 0.426955 0.212414
v 0.090696 0.414463 0.210330
v 0.095444 0.424197 0.204843
v 0.088912 0.436217 0.207113
v 0.096121 0.449690 0.191131
v 0.102721 0.436249 0.188772
v 0.101232 0.413918 0.198980
v 0.097341 0.405237 0.205379
v 0.103628 0.398993 0.197581
v 0.107238 0.406388 0.190362
v 0.115682 0.387708 0.156714
v 0.113163 0.383962 0.159250
v 0.113626 0.389193 0.133884
v 0.115145 0.394149 0.128786
v 0.076228 0.325931 0.161825
v 0.083447 0.328761 0.175139
v 0.071431 0.334384 0.141070
v 0.083770 0.335600 0.159127
v 0.073147 0.332702 0.147208
v 0.068543 0.349261 0.126381
v 0.081907 0.356002 0.133135
v 0.084369 0.345239 0.148040
v 0.071658 0.341086 0.135843
v 0.070797 0.405076 0.226908
v 0.047677 0.342293 0.116857
v 0.060384 0.337014 0.128968
v 0.062282 0.334591 0.136912
v 0.049068 0.338647 0.127379
v 0.112453 0.416882 0.169601
v 0.107949 0.424817 0.181489
v 0.116760 0.414883 0.121270
v 0.112301 0.419530 0.107501
v 0.115290 0.398521 0.160668
v 0.111769 0.400908 0.179121
v 0.108383 0.393668 0.187780
v 0.111969 0.388898 0.175279
v 0.116085 0.411796 0.155464
v 0.118629 0.409403 0.143785
v 0.115745 0.401869 0.122358
v 0.117187 0.398247 0.141379
v 0.104011 0.385843 0.116937
v 0.094343 0.369079 0.128977
v 0.080521 0.420049 0.214979
v 0.087967 0.409567 0.212232
v 0.094847 0.401211 0.207572
v 0.100939 0.395145 0.200631
v 0.105669 0.389950 0.191826
v 0.109162 0.385114 0.179945
v 0.084523 0.438028 0.209598
v 0.093453 0.345209 0.176120
v 0.104697 0.362701 0.182653
v 0.036865 0.291855 0.325906
v 0.049513 0.286187 0.323054
v 0.052234 0.292593 0.315450
v 0.039781 0.299912 0.315096
v 0.054788 0.278559 0.317106
v 0.051973 0.269857 0.307349
v 0.054044 0.273906 0.302221
v 0.056998 0.283386 0.311349
v 0.017501 0.293729 0.304820
v 0.016602 0.282837 0.298661
v 0.014737 0.277259 0.306853
v 0.014401 0.286347 0.315826
v 0.020591 0.273625 0.293876
v 0.029351 0.267201 0.290556
v 0.028747 0.264177 0.296635
v 0.019287 0.269711 0.300662
v 0.040395 0.260906 0.296097
v 0.035688 0.261121 0.295099
v 0.036409 0.264044 0.289384
v 0.041542 0.264180 0.290588
v 0.022800 0.302341 0.311429
v 0.019780 0.300058 0.308989
v 0.015881 0.291759 0.321610
v 0.018933 0.293818 0.324378
v 0.046038 0.265614 0.292812
v 0.050036 0.268238 0.296228
v 0.048628 0.264385 0.301064
v 0.044759 0.261943 0.298003
v 0.023034 0.294729 0.326164
v 0.028126 0.294619 0.326997
v 0.031188 0.303334 0.314189
v 0.026261 0.303559 0.313206
v 0.085585 0.326104 0.214654
v 0.093413 0.340074 0.220348
v 0.085404 0.330732 0.237496
v 0.080334 0.317604 0.231468
v 0.094896 0.352826 0.224874
v 0.090641 0.361796 0.227778
v 0.080549 0.352420 0.245001
v 0.085350 0.342855 0.242254
v 0.088912 0.367992 0.233016
v 0.083993 0.372244 0.237638
v 0.075240 0.361300 0.251789
v 0.079169 0.358314 0.249120
v 0.077370 0.374612 0.240969
v 0.069002 0.375164 0.242626
v 0.063217 0.364031 0.253260
v 0.070019 0.363320 0.253236
v 0.047077 0.330114 0.283383
v 0.062240 0.352325 0.265096
v 0.056733 0.352898 0.264304
v 0.068902 0.348653 0.262846
v 0.065673 0.351112 0.264655
v 0.050935 0.328316 0.283028
v 0.053892 0.324766 0.281438
v 0.062938 0.317178 0.279941
v 0.074979 0.331223 0.260447
v 0.068189 0.340030 0.262312
v 0.064677 0.295668 0.272313
v 0.073536 0.307499 0.250702
v 0.077043 0.319964 0.256305
v 0.067025 0.307333 0.276952
v 0.059697 0.297433 0.292231
v 0.058999 0.289701 0.302828
v 0.055432 0.279518 0.295947
v 0.057281 0.286373 0.287758
v 0.044933 0.313450 0.295480
v 0.042763 0.307332 0.305897
v 0.054584 0.299531 0.306428
v 0.055979 0.306347 0.295098
v 0.042100 0.331721 0.207948
v 0.048659 0.322475 0.204331
v 0.046680 0.315111 0.220584
v 0.039057 0.325436 0.222762
v 0.036180 0.350678 0.216897
v 0.037860 0.341285 0.212149
v 0.034580 0.335654 0.226264
v 0.033197 0.345598 0.231036
v 0.039492 0.362488 0.226683
v 0.036819 0.357040 0.221735
v 0.034266 0.351260 0.235512
v 0.037220 0.355110 0.239843
v 0.034150 0.343487 0.256599
v 0.031623 0.340638 0.253219
v 0.030615 0.325081 0.275275
v 0.031186 0.335099 0.249373
v 0.031645 0.325177 0.244245
v 0.028732 0.310271 0.265606
v 0.029847 0.320001 0.271484
v 0.031142 0.300308 0.261995
v 0.035450 0.314858 0.240883
v 0.043611 0.305077 0.239995
v 0.037837 0.290974 0.261429
v 0.033897 0.278358 0.278793
v 0.031506 0.272658 0.284403
v 0.023253 0.280096 0.286179
v 0.027144 0.287391 0.279545
v 0.024657 0.298189 0.281499
v 0.019321 0.290092 0.290130
v 0.020358 0.301345 0.295574
v 0.026323 0.308755 0.287052
v 0.042882 0.269077 0.284423
v 0.037586 0.268686 0.283010
v 0.038174 0.274930 0.276339
v 0.044396 0.275308 0.277232
v 0.049213 0.284626 0.262561
v 0.043063 0.285060 0.261020
v 0.049770 0.298353 0.239397
v 0.056604 0.296914 0.240880
v 0.061690 0.307171 0.221625
v 0.054235 0.309020 0.220250
v 0.056274 0.317123 0.203434
v 0.064466 0.315594 0.204701
v 0.049265 0.372332 0.238645
v 0.043691 0.367565 0.232402
v 0.041134 0.358755 0.244427
v 0.045843 0.362132 0.249207
v 0.040892 0.348683 0.263168
v 0.037251 0.346269 0.259627
v 0.032830 0.328175 0.277845
v 0.035037 0.330438 0.280418
v 0.030173 0.316867 0.293418
v 0.028131 0.314874 0.291236
v 0.022815 0.307999 0.299684
v 0.025653 0.310328 0.302180
v 0.049338 0.276409 0.280139
v 0.053139 0.279923 0.284393
v 0.050900 0.273646 0.291101
v 0.047433 0.270468 0.286873
v 0.062652 0.297590 0.243147
v 0.066809 0.301510 0.246392
v 0.058931 0.289786 0.268380
v 0.054899 0.285794 0.264922
v 0.071710 0.316058 0.206881
v 0.077965 0.318581 0.210097
v 0.073807 0.310206 0.226834
v 0.068273 0.307589 0.223831
v 0.051243 0.363959 0.252093
v 0.057340 0.364271 0.252951
v 0.061764 0.375342 0.243018
v 0.055257 0.374921 0.242268
v 0.038303 0.331392 0.282002
v 0.042577 0.330981 0.282528
v 0.050669 0.350134 0.266267
v 0.045361 0.349965 0.265455
v 0.029535 0.311311 0.303886
v 0.034411 0.311033 0.304874
v 0.037475 0.317263 0.295434
v 0.033260 0.317656 0.294841
v 0.095361 0.376384 0.219849
v 0.089673 0.381733 0.225916
v 0.049685 0.327716 0.191757
v 0.043709 0.335776 0.195614
v 0.037422 0.358988 0.209342
v 0.039867 0.365032 0.215196
v 0.039596 0.344275 0.199802
v 0.037253 0.352810 0.204162
v 0.043778 0.371125 0.221553
v 0.048568 0.377225 0.228351
v 0.053340 0.384197 0.232376
v 0.065344 0.321727 0.190884
v 0.056822 0.323153 0.190169
v 0.097887 0.369483 0.212421
v 0.102408 0.361543 0.207330
v 0.075254 0.388191 0.232744
v 0.082986 0.385653 0.230243
v 0.080496 0.324462 0.196892
v 0.073555 0.322072 0.193394
v 0.059532 0.386888 0.235210
v 0.067479 0.388531 0.234565
v 0.100221 0.348135 0.203680
v 0.090093 0.332545 0.200617
v 0.023157 0.173213 0.385334
v 0.023987 0.176004 0.383259
v 0.032522 0.186136 0.392309
v 0.031149 0.180447 0.396420
v 0.033398 0.186229 0.403625
v 0.034794 0.194393 0.397485
v 0.030227 0.201209 0.400067
v 0.029080 0.191297 0.407875
v 0.024628 0.195062 0.410448
v 0.025798 0.205543 0.401707
v 0.021561 0.207620 0.403482
v 0.020170 0.197458 0.412264
v 0.016075 0.198347 0.412575
v 0.017394 0.208121 0.403753
v 0.013332 0.207098 0.402467
v 0.012385 0.197778 0.411356
v 0.007597 0.195563 0.408541
v 0.008452 0.204124 0.400490
v 0.002841 0.199061 0.396794
v 0.001804 0.191783 0.403194
v 0.000534 0.185400 0.395727
v 0.001447 0.190660 0.391566
v 0.003996 0.179128 0.383490
v 0.003623 0.176341 0.385391
v 0.010721 0.171944 0.377657
v 0.010435 0.170481 0.378650
v 0.007398 0.171278 0.379781
v 0.007601 0.172912 0.378735
v 0.017266 0.171419 0.378649
v 0.016781 0.169835 0.379768
v 0.013549 0.169986 0.378626
v 0.013936 0.171432 0.377616
v 0.012285 0.177209 0.373028
v 0.015394 0.176757 0.372880
v 0.005869 0.185047 0.377641
v 0.009112 0.178421 0.374507
v 0.004710 0.205444 0.385839
v 0.003633 0.197126 0.382467
v 0.013828 0.213397 0.390366
v 0.009493 0.210276 0.388503
v 0.021986 0.214264 0.391502
v 0.017789 0.214701 0.391358
v 0.030947 0.207946 0.389202
v 0.026371 0.212064 0.390726
v 0.018884 0.176991 0.374211
v 0.025701 0.182634 0.377517
v 0.033476 0.193227 0.382784
v 0.035570 0.201866 0.386780
v 0.034083 0.275682 0.336727
v 0.044092 0.271102 0.332531
v 0.047124 0.277852 0.328534
v 0.035356 0.282416 0.333289
v 0.045097 0.260287 0.319743
v 0.048378 0.265058 0.312829
v 0.051542 0.272295 0.321565
v 0.047850 0.265834 0.326556
v 0.044064 0.256653 0.334601
v 0.040539 0.243988 0.345037
v 0.037239 0.239574 0.340680
v 0.041884 0.253782 0.331164
v 0.033120 0.265710 0.343750
v 0.033303 0.251934 0.354103
v 0.039099 0.249146 0.350362
v 0.041207 0.261781 0.339911
v 0.033160 0.223283 0.374550
v 0.036781 0.219478 0.370404
v 0.037722 0.235062 0.360564
v 0.033323 0.237752 0.364314
v 0.030917 0.209380 0.362448
v 0.033944 0.224864 0.351845
v 0.037954 0.229807 0.355424
v 0.035840 0.213931 0.365413
v 0.028445 0.197020 0.371617
v 0.034169 0.201799 0.374553
v 0.035884 0.208421 0.379125
v 0.032283 0.213314 0.382783
v 0.014504 0.278219 0.324279
v 0.014569 0.271348 0.314412
v 0.016315 0.265728 0.320480
v 0.016091 0.272213 0.328995
v 0.020221 0.260560 0.314741
v 0.018846 0.265706 0.307546
v 0.027149 0.260802 0.304002
v 0.027044 0.257215 0.312391
v 0.024211 0.250541 0.323945
v 0.022589 0.237448 0.336001
v 0.017608 0.241276 0.337873
v 0.019984 0.252272 0.324753
v 0.016532 0.257221 0.329767
v 0.015267 0.246298 0.342801
v 0.016621 0.250026 0.348845
v 0.016634 0.262757 0.337070
v 0.015381 0.237108 0.360365
v 0.013413 0.233870 0.355053
v 0.010456 0.220266 0.366764
v 0.012928 0.224333 0.371960
v 0.011276 0.214536 0.362083
v 0.014836 0.228617 0.350261
v 0.018882 0.223738 0.348522
v 0.014901 0.209463 0.360462
v 0.007365 0.204073 0.372826
v 0.010842 0.197986 0.370492
v 0.010891 0.215442 0.381385
v 0.007390 0.210820 0.377011
v 0.012432 0.189680 0.365089
v 0.015782 0.188611 0.364041
v 0.020722 0.201441 0.353530
v 0.017419 0.202420 0.354431
v 0.022248 0.216667 0.342407
v 0.025760 0.215904 0.341680
v 0.030459 0.230067 0.330484
v 0.026851 0.230696 0.330752
v 0.031144 0.244521 0.319937
v 0.034657 0.244029 0.320419
v 0.036464 0.253274 0.311385
v 0.032867 0.253791 0.310603
v 0.033384 0.258049 0.302489
v 0.037238 0.257271 0.303287
v 0.018654 0.284767 0.333074
v 0.015852 0.283049 0.330494
v 0.017124 0.276116 0.334507
v 0.019399 0.277615 0.337039
v 0.020035 0.267565 0.344025
v 0.017825 0.266181 0.341781
v 0.018642 0.252479 0.352803
v 0.021290 0.253689 0.354626
v 0.021048 0.240263 0.365337
v 0.017956 0.239234 0.363784
v 0.015985 0.226785 0.375246
v 0.019595 0.227623 0.376619
v 0.018462 0.219133 0.385316
v 0.014568 0.218229 0.384143
v 0.018547 0.188329 0.364071
v 0.022363 0.188555 0.365271
v 0.028178 0.216032 0.342102
v 0.031197 0.217020 0.344051
v 0.026678 0.202047 0.355369
v 0.023233 0.201378 0.353764
v 0.037115 0.244427 0.321339
v 0.040090 0.246039 0.323453
v 0.035683 0.231584 0.333249
v 0.032837 0.230331 0.331105
v 0.041086 0.258205 0.304806
v 0.044726 0.260297 0.307274
v 0.042739 0.255572 0.314788
v 0.039375 0.253847 0.312565
v 0.022648 0.278237 0.338481
v 0.026948 0.278020 0.338757
v 0.027133 0.285213 0.335292
v 0.022438 0.285447 0.334636
v 0.024576 0.254049 0.355648
v 0.028476 0.253580 0.355898
v 0.027137 0.267836 0.345560
v 0.023098 0.268109 0.345301
v 0.023883 0.227333 0.377141
v 0.028877 0.225920 0.376809
v 0.028996 0.239530 0.366193
v 0.024743 0.240362 0.366140
v 0.027930 0.216710 0.384922
v 0.022932 0.218646 0.385590
v 0.028195 0.248186 0.322511
v 0.024772 0.235013 0.334351
v 0.020865 0.221225 0.346315
v 0.016515 0.207018 0.358316
v 0.012395 0.193704 0.368251
v 0.024883 0.193147 0.368914
v 0.028812 0.207267 0.359426
v 0.032314 0.222255 0.348874
v 0.035990 0.236736 0.337957
v 0.040229 0.250447 0.327437
v 0.031984 0.144044 0.426891
v 0.027576 0.152236 0.422658
v 0.023431 0.154377 0.428418
v 0.027605 0.145482 0.434424
v 0.022175 0.142239 0.406475
v 0.021113 0.144667 0.407623
v 0.026834 0.148648 0.415818
v 0.030671 0.142337 0.415384
v -0.005527 0.145159 0.436351
v -0.004167 0.154288 0.432694
v -0.009625 0.152630 0.428753
v -0.011410 0.141187 0.431609
v -0.015449 0.140224 0.422902
v -0.011470 0.149874 0.421543
v -0.010570 0.146551 0.411346
v -0.012301 0.140905 0.412506
v -0.002116 0.140943 0.401679
v -0.008673 0.142282 0.404809
v -0.006727 0.145290 0.405006
v -0.000162 0.144749 0.403545
v 0.007250 0.156879 0.436026
v 0.001373 0.155598 0.435163
v 0.000884 0.141879 0.443218
v 0.008440 0.143885 0.444274
v 0.007512 0.143931 0.403173
v 0.014406 0.143666 0.403435
v 0.011880 0.141193 0.401170
v 0.006268 0.141060 0.400932
v 0.015399 0.145581 0.443022
v 0.022457 0.146287 0.439470
v 0.018756 0.155935 0.432489
v 0.012963 0.156959 0.435161
v 0.026945 0.176921 0.412037
v 0.029823 0.174416 0.407416
v 0.031721 0.179064 0.406073
v 0.027706 0.182348 0.410424
v 0.020784 0.165963 0.393208
v 0.021782 0.169740 0.388369
v 0.029588 0.174975 0.398795
v 0.028050 0.170748 0.401220
v 0.027426 0.163785 0.405944
v 0.026123 0.154589 0.412693
v 0.020763 0.149892 0.405763
v 0.020656 0.159329 0.398998
v 0.025802 0.169701 0.416138
v 0.023585 0.160773 0.422843
v 0.026962 0.158202 0.418229
v 0.028814 0.167224 0.411584
v 0.006037 0.186602 0.411362
v 0.000709 0.184308 0.406179
v 0.000131 0.178916 0.407903
v 0.004362 0.180695 0.412368
v -0.000414 0.174976 0.401427
v -0.000195 0.179697 0.398416
v 0.003383 0.172755 0.388220
v 0.002805 0.168860 0.393046
v -0.000410 0.163006 0.398916
v -0.005941 0.154460 0.406703
v -0.007707 0.159339 0.414786
v -0.002997 0.168667 0.406451
v -0.002255 0.172260 0.412246
v -0.006444 0.162924 0.420362
v -0.001214 0.164979 0.423583
v 0.001933 0.173747 0.416277
v 0.002958 0.150860 0.400838
v -0.001898 0.152342 0.402102
v 0.002804 0.159339 0.394654
v 0.006331 0.157793 0.393629
v 0.008563 0.163925 0.387329
v 0.005821 0.165190 0.388387
v 0.006700 0.168758 0.382539
v 0.009635 0.167861 0.381358
v 0.014452 0.188308 0.416031
v 0.010628 0.187970 0.414637
v 0.008767 0.181744 0.415547
v 0.013373 0.182030 0.417430
v 0.011701 0.174808 0.421262
v 0.006612 0.174576 0.419291
v 0.004260 0.166276 0.425910
v 0.009516 0.166466 0.427608
v 0.010355 0.157057 0.393720
v 0.014866 0.157083 0.394918
v 0.014613 0.148972 0.401874
v 0.008557 0.149719 0.400854
v 0.012755 0.167349 0.381394
v 0.016024 0.167217 0.382672
v 0.015321 0.163534 0.388680
v 0.011720 0.163403 0.387419
v 0.018096 0.181176 0.417367
v 0.022952 0.179192 0.415328
v 0.023348 0.185135 0.413588
v 0.018680 0.187363 0.415667
v 0.014680 0.165468 0.427563
v 0.019701 0.163275 0.425790
v 0.021746 0.171914 0.419342
v 0.016761 0.173947 0.421310
v -0.013350 0.138197 0.414013
v -0.013776 0.137989 0.425145
v -0.010707 0.137203 0.434391
v -0.004901 0.137637 0.439607
v 0.001281 0.138838 0.443502
v 0.008486 0.141034 0.444697
v 0.015527 0.142797 0.443585
v 0.022729 0.143631 0.440158
v 0.028258 0.143316 0.434776
v 0.032760 0.141942 0.427115
v 0.031422 0.140942 0.415131
v 0.022975 0.140154 0.405119
v 0.015820 0.139443 0.400754
v 0.005141 0.138712 0.399972
v -0.003341 0.138280 0.400743
v -0.008188 0.139168 0.403117
v -0.009076 0.137015 0.403774
v -0.013431 0.136166 0.412976
v -0.013889 0.135605 0.421551
v -0.011753 0.134631 0.430487
v -0.006339 0.134843 0.438007
v 0.000454 0.136299 0.441987
v 0.008572 0.137506 0.444375
v 0.015516 0.139275 0.443391
v 0.004115 0.136697 0.400050
v -0.000492 0.136598 0.400812
v 0.022719 0.140638 0.439832
v 0.028906 0.140806 0.434053
v 0.033738 0.139519 0.425461
v 0.031614 0.139563 0.414475
v 0.020519 0.139385 0.402494
v 0.012028 0.138008 0.399413
v 0.034199 0.135986 0.414833
v 0.040386 0.127709 0.417807
v 0.029738 0.130422 0.399404
v 0.024746 0.136250 0.403159
v 0.030806 0.134031 0.435239
v 0.033276 0.120744 0.439493
v 0.041369 0.124845 0.431479
v 0.036173 0.134940 0.426833
v -0.013553 0.128179 0.409324
v -0.014236 0.120996 0.404767
v -0.014392 0.114965 0.421088
v -0.015512 0.128887 0.423441
v -0.012191 0.126396 0.433709
v -0.011872 0.111226 0.432148
v -0.006175 0.110401 0.438593
v -0.005268 0.125459 0.439231
v 0.008157 0.129099 0.445455
v 0.001131 0.126800 0.443223
v 0.000134 0.110410 0.443712
v 0.007262 0.111355 0.447415
v 0.000287 0.124898 0.396000
v -0.009561 0.123546 0.396686
v -0.011261 0.132246 0.400423
v -0.001782 0.131849 0.399761
v 0.008993 0.132655 0.396438
v 0.017996 0.134088 0.396297
v 0.019309 0.130154 0.392233
v 0.009702 0.127314 0.394592
v 0.015387 0.113521 0.447939
v 0.024502 0.116860 0.444813
v 0.023580 0.132478 0.441543
v 0.015636 0.130989 0.444906
v 0.015076 0.098530 0.449472
v 0.015222 0.097253 0.448375
v 0.024915 0.101428 0.446589
v 0.024880 0.102744 0.447533
v 0.034659 0.107651 0.443329
v 0.034533 0.106322 0.442604
v 0.043755 0.111793 0.436039
v 0.043897 0.113152 0.436483
v 0.041312 0.119847 0.418263
v 0.036803 0.118271 0.414495
v 0.033723 0.124050 0.398982
v 0.033617 0.125638 0.399154
v 0.021744 0.126655 0.391019
v 0.022054 0.125010 0.390989
v 0.012063 0.122247 0.393070
v 0.011542 0.123824 0.393296
v 0.001466 0.121608 0.394631
v 0.002142 0.120082 0.394207
v -0.007616 0.118678 0.394587
v -0.008526 0.120330 0.395226
v -0.012965 0.115982 0.403289
v -0.011966 0.114316 0.402471
v -0.012257 0.105823 0.417573
v -0.012942 0.107192 0.418667
v -0.011345 0.100252 0.431180
v -0.010689 0.098936 0.429979
v -0.005363 0.096619 0.436415
v -0.005886 0.097902 0.437631
v 0.000084 0.096623 0.443195
v 0.000494 0.095348 0.441983
v 0.007116 0.095208 0.446668
v 0.006832 0.096485 0.447878
v -0.013820 0.133846 0.413521
v -0.014125 0.133097 0.418745
v -0.011591 0.134990 0.404577
v -0.003872 0.134632 0.400926
v 0.004822 0.135407 0.399444
v 0.014231 0.137355 0.398811
v 0.024079 0.138496 0.404885
v 0.032053 0.138822 0.414539
v 0.034144 0.138370 0.425407
v 0.029162 0.139476 0.434047
v 0.022766 0.139012 0.439907
v 0.015476 0.137986 0.443150
v 0.008520 0.136246 0.444003
v 0.001548 0.132128 0.442116
v -0.006023 0.131338 0.437812
v -0.011737 0.131719 0.430671
v 0.005787 0.102895 0.428966
v 0.000622 0.106030 0.420539
v 0.002677 0.113054 0.407573
v 0.011945 0.115844 0.405539
v 0.022583 0.117417 0.407013
v 0.030043 0.112603 0.422216
v 0.023882 0.107233 0.430995
v 0.014221 0.103035 0.433903
v -0.061260 0.355954 0.141779
v -0.055876 0.352831 0.138057
v -0.049195 0.350467 0.136449
v -0.047604 0.347302 0.129901
v -0.076496 0.362940 0.157286
v -0.067938 0.359421 0.149230
v -0.082289 0.370326 0.175921
v -0.080156 0.366392 0.167650
v -0.046405 0.344517 0.121615
v -0.045868 0.342925 0.112765
v -0.097776 0.400420 0.191052
v -0.103744 0.387022 0.181506
v -0.098268 0.382809 0.182893
v -0.092897 0.392702 0.191966
v -0.088592 0.425798 0.203056
v -0.094556 0.411919 0.197006
v -0.086326 0.407427 0.200937
v -0.091885 0.378708 0.184493
v -0.097072 0.436997 0.198716
v -0.102557 0.423035 0.192408
v -0.106849 0.408248 0.186009
v -0.109305 0.392999 0.179140
v -0.109182 0.381354 0.173460
v -0.102011 0.377477 0.172698
v -0.088918 0.372983 0.175408
v -0.093719 0.372089 0.167572
v -0.087195 0.369004 0.166525
v -0.095773 0.375616 0.174142
v -0.111808 0.453083 0.176541
v -0.104859 0.449150 0.192541
v -0.110607 0.436923 0.186337
v -0.127658 0.382854 0.147101
v -0.129649 0.383024 0.137018
v -0.065734 0.326008 0.129272
v -0.067672 0.332454 0.136825
v -0.067135 0.355808 0.139470
v -0.073018 0.358879 0.146289
v -0.067966 0.341972 0.134887
v -0.064470 0.352420 0.133820
v -0.078155 0.362789 0.153808
v -0.085070 0.367002 0.161213
v -0.108723 0.405997 0.086017
v -0.100562 0.386245 0.087183
v -0.105259 0.376827 0.089828
v -0.118945 0.395929 0.099029
v -0.076074 0.353233 0.094349
v -0.073656 0.357360 0.092538
v -0.065878 0.353080 0.094287
v -0.090458 0.324668 0.115188
v -0.074192 0.323959 0.121333
v -0.127944 0.384233 0.113743
v -0.129724 0.383523 0.125879
v -0.118308 0.386867 0.165757
v -0.123805 0.384182 0.156697
v -0.113207 0.421303 0.179898
v -0.113142 0.401435 0.174899
v -0.120109 0.423560 0.169444
v -0.124749 0.416771 0.157694
v -0.123375 0.405107 0.157168
v -0.119003 0.412346 0.168823
v -0.123102 0.435446 0.152683
v -0.118194 0.443155 0.166302
v -0.127424 0.412547 0.132074
v -0.127913 0.402053 0.134245
v -0.126491 0.401699 0.145889
v -0.126741 0.412923 0.144835
v -0.114068 0.421765 0.084712
v -0.113227 0.416811 0.085642
v -0.119639 0.406647 0.098673
v -0.120729 0.410968 0.098408
v -0.108124 0.332302 0.108712
v -0.100217 0.326646 0.112305
v -0.092854 0.339075 0.099137
v -0.099480 0.346728 0.095001
v -0.090203 0.342718 0.096402
v -0.087447 0.357333 0.093113
v -0.095026 0.364502 0.090696
v -0.092419 0.375599 0.088798
v -0.083792 0.364605 0.090938
v -0.114187 0.384688 0.171574
v -0.064685 0.340391 0.104770
v -0.081117 0.338820 0.100852
v -0.077692 0.343311 0.096741
v -0.062507 0.346625 0.097271
v -0.124318 0.431538 0.138323
v -0.123913 0.431256 0.124648
v -0.114737 0.443171 0.082608
v -0.116357 0.440026 0.089092
v -0.124550 0.406209 0.110603
v -0.127336 0.403766 0.122547
v -0.126032 0.414978 0.119583
v -0.122943 0.419470 0.107428
v -0.122241 0.432492 0.102659
v -0.123149 0.431553 0.112358
v -0.119217 0.423947 0.094960
v -0.115079 0.428802 0.084565
v -0.099639 0.392112 0.084481
v -0.108736 0.411649 0.079134
v -0.121497 0.399537 0.156820
v -0.117182 0.404779 0.167743
v -0.125154 0.396727 0.146029
v -0.126883 0.396749 0.135144
v -0.126694 0.397950 0.124314
v -0.124107 0.400859 0.111977
v -0.117798 0.422664 0.174121
v -0.110838 0.361386 0.093758
v -0.122124 0.379817 0.102942
v -0.118615 0.324057 0.254754
v -0.128305 0.314396 0.251000
v -0.128755 0.309331 0.260687
v -0.120900 0.314515 0.271398
v -0.129164 0.304121 0.247056
v -0.120850 0.297780 0.240483
v -0.120697 0.295511 0.244743
v -0.129106 0.301799 0.253072
v -0.095589 0.312897 0.272553
v -0.089950 0.306495 0.262291
v -0.088890 0.310814 0.252935
v -0.094083 0.321604 0.256300
v -0.089742 0.299331 0.254467
v -0.094807 0.293907 0.245652
v -0.093619 0.295399 0.241784
v -0.089277 0.300630 0.248730
v -0.103216 0.291683 0.235334
v -0.098521 0.292235 0.236897
v -0.099607 0.290772 0.240465
v -0.104071 0.289997 0.238984
v -0.105161 0.317400 0.279765
v -0.100656 0.316446 0.278237
v -0.098947 0.327502 0.258191
v -0.102899 0.329219 0.258711
v -0.108860 0.290333 0.238789
v -0.114085 0.291734 0.239893
v -0.113746 0.293942 0.236462
v -0.108378 0.292293 0.235216
v -0.106668 0.329890 0.258650
v -0.111254 0.328860 0.257352
v -0.114771 0.317148 0.277625
v -0.109890 0.317617 0.279549
v -0.122180 0.326163 0.161111
v -0.128747 0.340202 0.162857
v -0.130282 0.347616 0.143416
v -0.122019 0.332234 0.142693
v -0.129499 0.353246 0.165343
v -0.124875 0.363480 0.167941
v -0.127607 0.369026 0.147857
v -0.131679 0.361357 0.145099
v -0.124666 0.366758 0.171200
v -0.122024 0.367463 0.174773
v -0.124653 0.372435 0.159724
v -0.127925 0.371376 0.153176
v -0.117906 0.367471 0.178079
v -0.112080 0.366722 0.180762
v -0.112750 0.370734 0.170803
v -0.119446 0.372229 0.165788
v -0.110887 0.362578 0.193865
v -0.116148 0.363088 0.192482
v -0.111655 0.348613 0.218471
v -0.115254 0.346321 0.216768
v -0.119382 0.363024 0.190905
v -0.121296 0.362425 0.188552
v -0.121066 0.353687 0.189701
v -0.127182 0.343999 0.187021
v -0.124080 0.333459 0.210991
v -0.117035 0.342205 0.214719
v -0.125790 0.322604 0.208559
v -0.127426 0.331946 0.184354
v -0.122090 0.318851 0.182601
v -0.120977 0.310690 0.207345
v -0.119472 0.304514 0.225569
v -0.120209 0.300563 0.234404
v -0.128026 0.309064 0.237418
v -0.124706 0.315574 0.226556
v -0.123840 0.325374 0.228999
v -0.126954 0.320080 0.240585
v -0.117870 0.329848 0.243876
v -0.115279 0.334160 0.232762
v -0.081175 0.333993 0.165972
v -0.087131 0.323047 0.163204
v -0.084212 0.326828 0.145851
v -0.079092 0.336522 0.149692
v -0.078402 0.354810 0.171999
v -0.078193 0.344685 0.168939
v -0.076202 0.346622 0.153311
v -0.075940 0.355322 0.156577
v -0.085131 0.358966 0.177930
v -0.080962 0.357034 0.175030
v -0.078322 0.357850 0.160455
v -0.082145 0.360472 0.164548
v -0.093583 0.344597 0.218466
v -0.085271 0.355113 0.194595
v -0.088986 0.356420 0.196373
v -0.091251 0.339321 0.216043
v -0.087389 0.329161 0.212715
v -0.082122 0.338773 0.188929
v -0.083779 0.349321 0.192101
v -0.092176 0.308504 0.209095
v -0.090525 0.317389 0.184381
v -0.084190 0.327976 0.186298
v -0.087363 0.318687 0.210411
v -0.089812 0.310168 0.230723
v -0.088571 0.305135 0.239755
v -0.093557 0.297665 0.235933
v -0.094047 0.300058 0.229106
v -0.094680 0.331645 0.233893
v -0.092912 0.327036 0.245405
v -0.087987 0.315909 0.242977
v -0.089424 0.321091 0.231434
v -0.101966 0.296724 0.223322
v -0.096097 0.297042 0.225503
v -0.097283 0.294427 0.231736
v -0.102399 0.294092 0.230317
v -0.102389 0.308372 0.181791
v -0.095629 0.310237 0.182745
v -0.096002 0.301917 0.207744
v -0.102120 0.300676 0.206735
v -0.099423 0.319654 0.142015
v -0.091221 0.321125 0.143297
v -0.093976 0.316568 0.161316
v -0.101493 0.314684 0.160270
v -0.095756 0.363150 0.183862
v -0.089851 0.360976 0.181066
v -0.087128 0.363236 0.169454
v -0.094040 0.366313 0.174175
v -0.100011 0.349881 0.220650
v -0.096836 0.347591 0.219557
v -0.092734 0.357776 0.197831
v -0.097318 0.359215 0.199477
v -0.101702 0.335215 0.247731
v -0.097760 0.333349 0.246978
v -0.098698 0.337673 0.235971
v -0.101730 0.339524 0.236765
v -0.107626 0.294714 0.230306
v -0.113052 0.296879 0.232343
v -0.113175 0.299570 0.225394
v -0.107688 0.297250 0.223609
v -0.108226 0.301338 0.206389
v -0.113548 0.305172 0.207143
v -0.113856 0.312842 0.182171
v -0.108860 0.308797 0.181485
v -0.108338 0.315270 0.159919
v -0.114636 0.318240 0.160287
v -0.113683 0.323825 0.142041
v -0.107008 0.320603 0.141584
v -0.100452 0.368412 0.175767
v -0.106150 0.369649 0.174013
v -0.106746 0.365919 0.182823
v -0.101583 0.364839 0.184406
v -0.101887 0.360325 0.199647
v -0.107203 0.361026 0.198281
v -0.107508 0.349855 0.219372
v -0.103771 0.350661 0.220507
v -0.105055 0.339922 0.236638
v -0.109089 0.338940 0.235443
v -0.110043 0.334689 0.246320
v -0.105728 0.335654 0.247476
v -0.126241 0.377412 0.150883
v -0.129242 0.376005 0.141587
v -0.077293 0.337471 0.136576
v -0.081964 0.329431 0.132230
v -0.078795 0.360380 0.154280
v -0.074619 0.357247 0.148598
v -0.072466 0.354572 0.143708
v -0.073860 0.346373 0.140365
v -0.089057 0.367275 0.166970
v -0.083754 0.363840 0.160541
v -0.094189 0.370424 0.171434
v -0.087750 0.323672 0.130071
v -0.095883 0.322816 0.127509
v -0.132223 0.368640 0.125633
v -0.129019 0.373360 0.132054
v -0.121603 0.377784 0.158613
v -0.115624 0.377079 0.164951
v -0.104689 0.324254 0.127346
v -0.112512 0.327654 0.128147
v -0.109011 0.375390 0.169650
v -0.100673 0.372590 0.172586
v -0.131217 0.354383 0.125001
v -0.122541 0.337033 0.127524
v -0.129206 0.177543 0.259387
v -0.129674 0.184987 0.261052
v -0.118905 0.185366 0.251737
v -0.118383 0.183975 0.251068
v -0.131204 0.171494 0.274663
v -0.130605 0.190017 0.277618
v -0.133657 0.188326 0.269736
v -0.133782 0.173653 0.267446
v -0.124301 0.168940 0.283818
v -0.123813 0.189748 0.287007
v -0.127087 0.190985 0.282984
v -0.127936 0.170349 0.280091
v -0.116603 0.168304 0.285163
v -0.115614 0.188803 0.287936
v -0.119956 0.189006 0.288640
v -0.120508 0.168271 0.285536
v -0.103774 0.170627 0.278112
v -0.103278 0.186046 0.280443
v -0.110178 0.187543 0.285549
v -0.111069 0.168703 0.282772
v -0.099826 0.182263 0.257794
v -0.099923 0.183723 0.258875
v -0.100052 0.182872 0.271327
v -0.099917 0.175079 0.269090
v -0.101700 0.186583 0.251113
v -0.101633 0.185826 0.250441
v -0.104178 0.186709 0.248551
v -0.104375 0.187481 0.249075
v -0.107487 0.187762 0.247945
v -0.107175 0.186965 0.247444
v -0.110566 0.186578 0.247225
v -0.110924 0.187351 0.247678
v -0.108076 0.191549 0.248036
v -0.105059 0.191331 0.249167
v -0.102426 0.190274 0.251651
v -0.100160 0.189391 0.257549
v -0.099462 0.194160 0.268086
v -0.101879 0.198761 0.275706
v -0.107578 0.201729 0.279467
v -0.112512 0.203764 0.281567
v -0.116727 0.204829 0.281982
v -0.120739 0.205131 0.280620
v -0.124518 0.204639 0.277462
v -0.128108 0.203170 0.272535
v -0.119050 0.190801 0.250800
v -0.111834 0.190979 0.248084
v -0.131437 0.200741 0.265810
v -0.127934 0.196093 0.258224
v -0.121936 0.295654 0.274850
v -0.128160 0.296777 0.262991
v -0.125913 0.288458 0.263148
v -0.120833 0.287923 0.273670
v -0.124829 0.288430 0.254580
v -0.127310 0.296580 0.254142
v -0.119344 0.292042 0.247902
v -0.118296 0.286570 0.250145
v -0.119607 0.275319 0.253617
v -0.118039 0.257836 0.254049
v -0.123706 0.259234 0.257947
v -0.123899 0.275858 0.256279
v -0.125133 0.276286 0.263976
v -0.125775 0.259876 0.265098
v -0.122962 0.258880 0.271952
v -0.121210 0.275761 0.272908
v -0.124771 0.241716 0.271012
v -0.126848 0.242576 0.264957
v -0.128049 0.224436 0.263456
v -0.126614 0.224296 0.269995
v -0.124838 0.222909 0.256925
v -0.124120 0.241572 0.258201
v -0.118376 0.239167 0.254440
v -0.118830 0.220284 0.253788
v -0.126029 0.207758 0.256983
v -0.119481 0.204776 0.253650
v -0.127693 0.211439 0.270489
v -0.129528 0.210482 0.263756
v -0.100593 0.287331 0.275590
v -0.095526 0.287657 0.265781
v -0.092705 0.295183 0.265857
v -0.098204 0.294874 0.276788
v -0.099463 0.286363 0.251768
v -0.096690 0.291298 0.249452
v -0.092046 0.295119 0.256626
v -0.095401 0.287716 0.256883
v -0.097783 0.274879 0.259033
v -0.099367 0.257945 0.261857
v -0.102287 0.256804 0.256156
v -0.100659 0.274612 0.255414
v -0.102636 0.275099 0.274968
v -0.105151 0.257997 0.274799
v -0.100351 0.258584 0.269134
v -0.098075 0.275233 0.266936
v -0.106759 0.223333 0.275825
v -0.102059 0.222886 0.270518
v -0.102024 0.241103 0.270222
v -0.106488 0.240747 0.275025
v -0.102838 0.218981 0.257800
v -0.102526 0.237977 0.257457
v -0.100552 0.240078 0.263204
v -0.100510 0.221334 0.263397
v -0.102344 0.203294 0.258490
v -0.100086 0.206033 0.265014
v -0.101989 0.208775 0.272332
v -0.107095 0.210329 0.277319
v -0.104926 0.201277 0.247138
v -0.101982 0.200594 0.249135
v -0.105680 0.236994 0.245341
v -0.102598 0.236592 0.247665
v -0.102756 0.217453 0.248320
v -0.105434 0.217804 0.245977
v -0.106817 0.272145 0.246235
v -0.103856 0.272578 0.247450
v -0.103042 0.255273 0.246738
v -0.105928 0.255508 0.244698
v -0.104361 0.287564 0.243256
v -0.100847 0.288525 0.244810
v -0.102850 0.283794 0.247377
v -0.106200 0.282981 0.246196
v -0.108614 0.287144 0.282488
v -0.105023 0.287207 0.281061
v -0.103390 0.297171 0.283728
v -0.107772 0.297891 0.285237
v -0.112662 0.258097 0.278762
v -0.109153 0.257882 0.277954
v -0.106694 0.275070 0.279524
v -0.110216 0.275137 0.280677
v -0.115119 0.224176 0.278880
v -0.111107 0.223760 0.278625
v -0.110581 0.240743 0.277655
v -0.114253 0.241100 0.278132
v -0.111727 0.211440 0.279938
v -0.115920 0.212096 0.280161
v -0.111482 0.201247 0.245813
v -0.107524 0.201485 0.246189
v -0.107896 0.218013 0.245306
v -0.111774 0.218136 0.245701
v -0.111814 0.237252 0.245516
v -0.108076 0.237210 0.244808
v -0.108400 0.255659 0.244317
v -0.112181 0.255778 0.245168
v -0.113133 0.272865 0.246488
v -0.109420 0.272221 0.245982
v -0.109226 0.283049 0.245987
v -0.113387 0.283947 0.246602
v -0.112979 0.288859 0.243945
v -0.108375 0.287599 0.243033
v -0.112209 0.297998 0.284892
v -0.117079 0.297522 0.282542
v -0.116366 0.287523 0.279978
v -0.112452 0.287273 0.282075
v -0.113736 0.275264 0.280279
v -0.117410 0.275433 0.278321
v -0.119702 0.258361 0.276313
v -0.116165 0.258271 0.278200
v -0.118021 0.241278 0.277292
v -0.121925 0.241261 0.275139
v -0.123707 0.224269 0.274707
v -0.119313 0.224351 0.277578
v -0.120204 0.212302 0.278680
v -0.124584 0.212045 0.275467
v -0.103261 0.256184 0.252654
v -0.103191 0.274130 0.251205
v -0.103452 0.218596 0.254232
v -0.103212 0.237607 0.253713
v -0.102938 0.201591 0.253674
v -0.115588 0.220106 0.251070
v -0.115114 0.202783 0.250350
v -0.115409 0.238622 0.251533
v -0.115352 0.257024 0.251149
v -0.115797 0.274617 0.250182
v -0.126278 0.139950 0.226979
v -0.122473 0.145181 0.234218
v -0.125288 0.150944 0.230592
v -0.128772 0.147540 0.223368
v -0.125129 0.157297 0.219993
v -0.122909 0.157389 0.227114
v -0.115170 0.164761 0.223822
v -0.115562 0.167437 0.218108
v -0.087274 0.133414 0.233762
v -0.090397 0.140932 0.240590
v -0.096488 0.138018 0.241324
v -0.094238 0.129114 0.233945
v -0.080696 0.157273 0.227648
v -0.085708 0.156964 0.232773
v -0.087136 0.147233 0.237534
v -0.082371 0.142966 0.231315
v -0.093606 0.165126 0.227245
v -0.087849 0.163076 0.229397
v -0.083811 0.164778 0.224625
v -0.090828 0.166741 0.222146
v -0.109123 0.127553 0.233532
v -0.101675 0.127224 0.233823
v -0.102452 0.136414 0.241657
v -0.108454 0.136262 0.241417
v -0.098283 0.168706 0.220083
v -0.106174 0.170647 0.218306
v -0.107251 0.167671 0.223033
v -0.100346 0.166617 0.224939
v -0.113935 0.137735 0.239959
v -0.118883 0.140881 0.237305
v -0.122093 0.134244 0.230233
v -0.115901 0.129949 0.232460
v -0.128311 0.163787 0.262977
v -0.130768 0.168287 0.258111
v -0.128526 0.166819 0.253780
v -0.126837 0.161947 0.256673
v -0.125396 0.172652 0.250433
v -0.127159 0.175138 0.254333
v -0.117421 0.182358 0.249605
v -0.116537 0.179553 0.246749
v -0.116112 0.173769 0.240150
v -0.115535 0.167055 0.230694
v -0.122738 0.161057 0.234090
v -0.124437 0.167961 0.243512
v -0.127213 0.162635 0.246659
v -0.125116 0.155753 0.237402
v -0.122856 0.150836 0.240640
v -0.125312 0.157722 0.249497
v -0.105441 0.158526 0.263719
v -0.100441 0.162360 0.262569
v -0.101364 0.164392 0.267894
v -0.107914 0.160014 0.270173
v -0.099445 0.177240 0.252182
v -0.099871 0.180527 0.255404
v -0.098788 0.171902 0.263455
v -0.098435 0.168610 0.258727
v -0.095747 0.162996 0.252999
v -0.091463 0.154037 0.245065
v -0.090949 0.161996 0.239747
v -0.096269 0.170681 0.246983
v -0.102821 0.154074 0.257198
v -0.099936 0.146288 0.249178
v -0.094216 0.148834 0.248328
v -0.097916 0.157459 0.256410
v -0.101088 0.176817 0.240853
v -0.098072 0.175295 0.242912
v -0.093026 0.167164 0.236141
v -0.097187 0.169064 0.233764
v -0.103996 0.184920 0.247631
v -0.101500 0.183944 0.249418
v -0.101195 0.180882 0.247830
v -0.103540 0.181752 0.246008
v -0.115149 0.154781 0.263683
v -0.110346 0.156001 0.264093
v -0.113475 0.157894 0.272127
v -0.117659 0.157367 0.272562
v -0.110994 0.143878 0.248671
v -0.105604 0.144680 0.249398
v -0.107939 0.151806 0.257286
v -0.113234 0.150602 0.256711
v -0.102443 0.169965 0.231714
v -0.108447 0.170028 0.230141
v -0.109490 0.176857 0.238821
v -0.104893 0.177339 0.239484
v -0.106562 0.182065 0.245000
v -0.110252 0.181844 0.244809
v -0.110418 0.184850 0.246449
v -0.106966 0.185222 0.246636
v -0.121599 0.158268 0.270998
v -0.125317 0.160586 0.267446
v -0.123760 0.158174 0.259479
v -0.119615 0.155502 0.262144
v -0.118030 0.151323 0.255054
v -0.122226 0.153991 0.252283
v -0.119994 0.147336 0.243773
v -0.115835 0.144771 0.246777
v -0.081609 0.142017 0.229470
v -0.079751 0.156605 0.225861
v -0.086944 0.132094 0.231817
v -0.094158 0.127838 0.231985
v -0.101825 0.126020 0.231864
v -0.109199 0.126443 0.231716
v -0.116017 0.128890 0.230601
v -0.122306 0.133285 0.228357
v -0.126675 0.139315 0.225294
v -0.129300 0.147079 0.221634
v -0.125388 0.157222 0.218198
v -0.115352 0.167535 0.216558
v -0.105885 0.170933 0.216720
v -0.097542 0.168437 0.218468
v -0.090164 0.166317 0.220316
v -0.082906 0.164585 0.222802
v -0.079613 0.155692 0.223659
v -0.082330 0.163468 0.220390
v -0.082024 0.140558 0.227422
v -0.086957 0.131014 0.229105
v -0.094437 0.126952 0.229194
v -0.102081 0.125233 0.229118
v -0.109214 0.125742 0.229201
v -0.115877 0.128257 0.228216
v -0.122052 0.132769 0.226166
v -0.126533 0.139018 0.223462
v -0.129390 0.146758 0.219911
v -0.125571 0.155870 0.217269
v -0.114907 0.166885 0.215186
v -0.105595 0.170467 0.214902
v -0.097713 0.167125 0.216251
v -0.089803 0.164510 0.217866
v -0.114767 0.168031 0.211025
v -0.116302 0.167038 0.202267
v -0.129971 0.153228 0.202347
v -0.126594 0.156052 0.212492
v -0.130993 0.145922 0.214859
v -0.134999 0.141809 0.203448
v -0.130573 0.131769 0.205111
v -0.127953 0.137321 0.217899
v -0.080497 0.138223 0.222556
v -0.078882 0.131785 0.211716
v -0.074715 0.150703 0.209857
v -0.077294 0.154867 0.219346
v -0.094186 0.123536 0.223468
v -0.093941 0.115644 0.211639
v -0.085489 0.120114 0.212260
v -0.086177 0.127746 0.223904
v -0.110814 0.113221 0.209841
v -0.102389 0.113366 0.210838
v -0.101816 0.121739 0.223573
v -0.109453 0.122170 0.223452
v -0.088515 0.164756 0.213545
v -0.080021 0.163550 0.216140
v -0.077605 0.161129 0.207525
v -0.086736 0.163409 0.205586
v -0.095831 0.167019 0.204160
v -0.105196 0.171852 0.202939
v -0.104956 0.172077 0.210982
v -0.096828 0.167866 0.212215
v -0.116507 0.124970 0.222354
v -0.122987 0.130110 0.220277
v -0.125027 0.123367 0.206799
v -0.118345 0.116572 0.208485
v -0.126135 0.117492 0.193891
v -0.125419 0.117764 0.192424
v -0.118914 0.110215 0.194013
v -0.119511 0.109865 0.195500
v -0.136643 0.136939 0.191684
v -0.135750 0.136971 0.190230
v -0.131027 0.126680 0.191146
v -0.131851 0.126510 0.192611
v -0.116757 0.166375 0.196125
v -0.116046 0.166005 0.194622
v -0.129939 0.151616 0.191643
v -0.130787 0.151765 0.193107
v -0.095374 0.166428 0.200138
v -0.095014 0.165941 0.198589
v -0.104520 0.170909 0.196868
v -0.105067 0.171403 0.198392
v -0.076808 0.160068 0.204296
v -0.076745 0.159630 0.202642
v -0.085762 0.162165 0.200524
v -0.085990 0.162633 0.202088
v -0.078037 0.128699 0.205130
v -0.077986 0.128753 0.203559
v -0.073851 0.148483 0.203814
v -0.073814 0.148766 0.205548
v -0.094541 0.109028 0.201667
v -0.094308 0.109359 0.200118
v -0.085723 0.113928 0.202239
v -0.085828 0.113676 0.203813
v -0.111907 0.106186 0.197384
v -0.111425 0.106575 0.195885
v -0.102888 0.106925 0.197992
v -0.103238 0.106549 0.199516
v -0.081693 0.140537 0.226350
v -0.078992 0.155773 0.222605
v -0.081545 0.163688 0.219295
v -0.089279 0.164775 0.216738
v -0.097375 0.167621 0.215195
v -0.105079 0.171238 0.213887
v -0.114396 0.167547 0.214153
v -0.125365 0.156541 0.216132
v -0.129346 0.147357 0.218771
v -0.126435 0.139457 0.222371
v -0.121874 0.133026 0.225008
v -0.115697 0.128442 0.227080
v -0.109040 0.125882 0.228067
v -0.101867 0.125364 0.227989
v -0.094310 0.127022 0.227986
v -0.086800 0.130964 0.228036
v -0.099288 0.123104 0.197776
v -0.090683 0.129979 0.199713
v -0.088125 0.145963 0.199831
v -0.096256 0.151548 0.197878
v -0.106461 0.153814 0.195776
v -0.117763 0.142082 0.193417
v -0.115908 0.130764 0.193823
v -0.109109 0.122739 0.195476
v -0.050265 0.679309 0.217418
v -0.054674 0.672042 0.218568
v -0.057612 0.644248 0.205640
v -0.061731 0.636445 0.211212
v -0.062176 0.651846 0.224638
v -0.058385 0.658392 0.221044
v -0.050746 0.635861 0.140281
v -0.057767 0.627761 0.152941
v -0.064300 0.608029 0.177211
v -0.061659 0.619936 0.164394
v -0.066454 0.598756 0.185638
v -0.069875 0.582137 0.198990
v -0.070964 0.562693 0.215981
v -0.071273 0.569988 0.209179
v -0.060955 0.535624 0.236375
v -0.058673 0.524958 0.244674
v -0.046674 0.517606 0.256386
v -0.054455 0.519849 0.251647
v -0.029746 0.655710 0.113495
v -0.026381 0.658410 0.111178
v -0.063250 0.548465 0.228357
v -0.068416 0.555656 0.222388
v -0.045015 0.641658 0.133507
v -0.041112 0.645223 0.129140
v -0.037082 0.648907 0.124097
v -0.033213 0.652471 0.117891
v -0.057507 0.636473 0.180882
v -0.052807 0.643576 0.173615
v -0.064288 0.617114 0.198451
v -0.061036 0.625077 0.191859
v -0.076676 0.587332 0.220489
v -0.071973 0.599994 0.210991
v -0.074821 0.572722 0.231103
v -0.077313 0.580258 0.225983
v -0.068178 0.559450 0.242264
v -0.070019 0.566038 0.235934
v -0.062542 0.540993 0.256369
v -0.067041 0.549563 0.250349
v -0.030571 0.660799 0.152475
v -0.025712 0.663524 0.149155
v -0.021164 0.666542 0.145520
v -0.016733 0.669196 0.143068
v -0.012631 0.671322 0.141892
v -0.011081 0.672325 0.141218
v -0.025175 0.659690 0.110417
v -0.043787 0.652769 0.162768
v -0.035886 0.658239 0.155986
v -0.055112 0.536824 0.261314
v -0.041907 0.517072 0.257655
v -0.050514 0.536049 0.262918
v -0.077155 0.577500 0.265687
v -0.070968 0.572617 0.271607
v -0.079852 0.585135 0.260106
v -0.078768 0.595551 0.254996
v -0.079535 0.625536 0.237205
v -0.081697 0.618203 0.241588
v -0.070608 0.638714 0.230789
v -0.041936 0.688279 0.216639
v -0.032774 0.694391 0.215737
v -0.026631 0.695701 0.216675
v -0.020697 0.697773 0.217009
v -0.015115 0.700773 0.216840
v -0.010416 0.702893 0.217366
v -0.006540 0.704060 0.218695
v -0.081094 0.611012 0.245942
v -0.078103 0.604208 0.250245
v -0.006319 0.687996 0.179201
v -0.002036 0.689643 0.179878
v -0.016441 0.682428 0.181434
v -0.011006 0.685565 0.179717
v -0.028343 0.677996 0.182299
v -0.022266 0.679918 0.182213
v -0.062809 0.554762 0.264548
v -0.069492 0.559720 0.258608
v -0.073833 0.566774 0.252824
v -0.074681 0.575704 0.246992
v -0.075587 0.583744 0.241963
v -0.079560 0.590662 0.237376
v -0.080983 0.598263 0.232659
v -0.079496 0.605993 0.227955
v -0.071199 0.620157 0.220195
v -0.053186 0.655595 0.196698
v -0.047539 0.662367 0.192021
v -0.037479 0.671689 0.185220
v -0.004716 0.704438 0.218902
v -0.000107 0.690400 0.179743
v -0.066871 0.570971 0.273627
v -0.058383 0.553514 0.266429
v 0.004223 0.707322 0.218217
v 0.001170 0.709134 0.216678
v -0.001356 0.708665 0.216792
v -0.003714 0.705961 0.218496
v -0.003676 0.678949 0.137872
v -0.007513 0.679145 0.136889
v 0.004445 0.696270 0.176000
v 0.007952 0.695274 0.177657
v -0.023068 0.667006 0.105080
v -0.018848 0.667380 0.105486
v -0.025023 0.661593 0.109132
v -0.024965 0.665143 0.106366
v -0.009753 0.677509 0.137668
v -0.010441 0.674108 0.140028
v 0.000729 0.692035 0.178905
v 0.002009 0.695208 0.176401
v 0.005782 0.706427 0.218971
v 0.009640 0.694769 0.178499
v -0.001741 0.678828 0.138351
v -0.016754 0.667475 0.105759
v 0.020894 0.645547 0.252809
v 0.023134 0.653856 0.250464
v 0.014176 0.632806 0.254327
v 0.009880 0.626254 0.258118
v 0.015893 0.616536 0.244930
v 0.020587 0.624433 0.239456
v 0.037999 0.625520 0.174814
v 0.033239 0.635604 0.157954
v 0.038017 0.616287 0.188501
v 0.034439 0.603747 0.201861
v 0.028020 0.578088 0.223489
v 0.031895 0.594406 0.210279
v 0.023727 0.566126 0.232979
v 0.019239 0.559662 0.238518
v -0.014070 0.524293 0.256688
v -0.003628 0.534923 0.251029
v -0.025991 0.518865 0.259622
v -0.037377 0.517073 0.259129
v -0.003579 0.660000 0.114955
v 0.001835 0.657688 0.118692
v 0.012870 0.553454 0.242799
v 0.004395 0.547070 0.245492
v 0.021712 0.646753 0.141206
v 0.026894 0.642551 0.147750
v 0.008365 0.654676 0.125034
v 0.015727 0.650817 0.133735
v 0.033918 0.634526 0.201138
v 0.032826 0.626082 0.210141
v 0.026890 0.613907 0.221284
v 0.023505 0.605508 0.228179
v 0.017673 0.587892 0.241289
v 0.011877 0.575169 0.250471
v 0.006881 0.568658 0.254401
v 0.000571 0.562759 0.256251
v -0.006934 0.558078 0.256618
v -0.014199 0.552550 0.260044
v -0.023892 0.543601 0.264734
v -0.034599 0.536867 0.265852
v 0.020631 0.660191 0.162484
v 0.024546 0.656422 0.168675
v 0.012265 0.667457 0.151154
v 0.016435 0.664182 0.155991
v -0.005515 0.661162 0.113483
v 0.006861 0.671185 0.146302
v 0.008559 0.669962 0.147874
v 0.028157 0.652767 0.175056
v 0.032026 0.645645 0.186030
v -0.045974 0.535274 0.264516
v -0.062691 0.569488 0.275501
v -0.052386 0.568451 0.277531
v -0.034377 0.579205 0.276421
v -0.042910 0.571598 0.277977
v -0.011342 0.592510 0.275267
v -0.005065 0.598553 0.272613
v 0.002485 0.612479 0.265183
v 0.023716 0.665736 0.246062
v 0.018930 0.680127 0.237287
v 0.022210 0.675669 0.240575
v 0.015258 0.690316 0.230638
v 0.016586 0.684985 0.233935
v 0.011383 0.697351 0.227250
v 0.013542 0.694401 0.228445
v -0.026628 0.585293 0.275079
v -0.018656 0.588180 0.275992
v 0.016601 0.685123 0.187739
v 0.018974 0.682281 0.189463
v 0.021385 0.678323 0.192774
v 0.023583 0.673302 0.197760
v 0.026667 0.668703 0.202258
v 0.030138 0.664455 0.206404
v -0.042362 0.553028 0.269704
v -0.053877 0.552304 0.268202
v -0.025025 0.563469 0.267610
v -0.032858 0.556807 0.269637
v -0.010671 0.572848 0.266657
v -0.018165 0.569359 0.266026
v 0.001864 0.584629 0.262946
v -0.003863 0.577969 0.265752
v 0.008526 0.599428 0.254643
v 0.028496 0.635359 0.231647
v 0.032195 0.655144 0.214370
v 0.030716 0.643152 0.225324
v 0.015426 0.686507 0.186493
v 0.010475 0.698715 0.226187
v 0.011003 0.705694 0.221209
v 0.007361 0.706124 0.219757
v 0.011069 0.700569 0.225433
v 0.012110 0.703805 0.223120
v 0.011304 0.694460 0.179103
v 0.015069 0.694027 0.180260
v 0.004231 0.678703 0.139877
v 0.000129 0.678777 0.138890
v -0.014801 0.667741 0.106043
v -0.010547 0.668221 0.106715
v -0.007785 0.666669 0.108791
v -0.006509 0.663092 0.111916
v 0.016550 0.691983 0.182364
v 0.015829 0.688356 0.185380
v 0.006659 0.673109 0.144818
v 0.006369 0.676814 0.141888
v -0.077281 0.700376 0.303610
v -0.075377 0.704639 0.303397
v -0.064139 0.684610 0.251409
v -0.059779 0.691188 0.250315
v -0.070854 0.695202 0.279488
v -0.067571 0.700773 0.278875
v -0.069865 0.662308 0.256025
v -0.067855 0.669709 0.254564
v -0.073994 0.679422 0.281691
v -0.072523 0.615692 0.332776
v -0.065430 0.612651 0.333923
v -0.081641 0.656553 0.327508
v -0.061896 0.612028 0.335015
v -0.076755 0.625259 0.322224
v -0.077781 0.638038 0.320580
v -0.055997 0.587432 0.293570
v -0.062748 0.591015 0.288861
v -0.066756 0.597627 0.283677
v -0.067614 0.607299 0.278112
v -0.076240 0.625917 0.266105
v -0.076671 0.632865 0.262307
v -0.073503 0.648064 0.258706
v -0.051871 0.697914 0.249717
v -0.042815 0.703100 0.250644
v -0.036699 0.704997 0.252508
v -0.031260 0.708102 0.254532
v -0.026001 0.712547 0.256705
v -0.021564 0.715482 0.258861
v -0.017976 0.716883 0.260901
v -0.068873 0.615073 0.273257
v -0.073587 0.620228 0.269840
v -0.015970 0.717426 0.261611
v -0.051846 0.586613 0.294662
v -0.083966 0.672311 0.320776
v -0.084337 0.666864 0.322754
v -0.062608 0.610310 0.322507
v -0.069827 0.614214 0.319730
v -0.069699 0.604189 0.305932
v -0.063148 0.601137 0.310342
v -0.072379 0.610630 0.299083
v -0.073460 0.623042 0.315869
v -0.074483 0.635751 0.313403
v -0.072113 0.621717 0.293884
v -0.081564 0.657450 0.308479
v -0.081724 0.662876 0.306324
v -0.080151 0.650443 0.285073
v -0.080063 0.643382 0.287275
v -0.077361 0.663854 0.283098
v -0.079678 0.673924 0.304267
v -0.078776 0.688528 0.304179
v -0.053507 0.709961 0.279655
v -0.064997 0.713296 0.303994
v -0.057805 0.716105 0.305681
v -0.046799 0.712203 0.281762
v -0.040613 0.714736 0.284237
v -0.051600 0.718233 0.307502
v -0.046647 0.720263 0.309266
v -0.035653 0.717450 0.286752
v -0.041913 0.722186 0.311035
v -0.037548 0.723980 0.312750
v -0.027652 0.720958 0.290680
v -0.031352 0.719715 0.288821
v -0.071223 0.709296 0.303261
v -0.061372 0.705880 0.278577
v -0.077629 0.636829 0.289209
v -0.072907 0.631004 0.290800
v -0.075680 0.645420 0.311474
v -0.079412 0.651898 0.309837
v -0.083844 0.662485 0.324361
v -0.035386 0.724508 0.313554
v -0.081890 0.679070 0.312800
v -0.025622 0.721344 0.291360
v -0.059020 0.600268 0.311403
v -0.058608 0.609661 0.323729
v -0.009026 0.722283 0.260783
v -0.005811 0.720655 0.262527
v -0.014809 0.724180 0.294307
v -0.018157 0.725964 0.292500
v -0.027679 0.729593 0.315671
v -0.024031 0.727995 0.317438
v -0.014703 0.718992 0.261647
v -0.011846 0.721767 0.260581
v -0.033668 0.726234 0.313948
v -0.030846 0.728993 0.314492
v -0.021205 0.725551 0.291583
v -0.024144 0.722922 0.291570
v -0.013181 0.723335 0.295017
v -0.004148 0.719906 0.263264
v -0.022177 0.727195 0.318288
v -0.004813 0.680346 0.331895
v -0.005573 0.676909 0.331999
v 0.011561 0.665940 0.280464
v 0.010194 0.660248 0.281567
v 0.002790 0.673510 0.308150
v 0.001653 0.668862 0.308655
v 0.004806 0.649634 0.281651
v 0.003025 0.644011 0.282031
v -0.003823 0.658060 0.307610
v -0.058354 0.611290 0.336074
v -0.051512 0.611500 0.339294
v -0.028071 0.645069 0.343519
v -0.038670 0.617525 0.334317
v -0.032544 0.628798 0.334858
v -0.037783 0.586467 0.295741
v -0.047660 0.585881 0.295764
v -0.022466 0.599371 0.290927
v -0.029409 0.590868 0.294196
v -0.000601 0.619749 0.285607
v -0.003888 0.614041 0.287514
v 0.000866 0.632529 0.283196
v 0.011522 0.673262 0.277879
v 0.007175 0.686023 0.273079
v 0.010073 0.680897 0.275066
v 0.004343 0.699086 0.271056
v 0.005478 0.692087 0.271730
v 0.001005 0.708061 0.270109
v 0.003079 0.704419 0.270504
v -0.009632 0.609444 0.288631
v -0.016614 0.606060 0.288474
v 0.000198 0.709836 0.269468
v -0.019733 0.652450 0.341579
v -0.017604 0.656778 0.340389
v -0.054832 0.599223 0.312594
v -0.045500 0.598697 0.312666
v -0.046671 0.609284 0.327022
v -0.054793 0.608826 0.324952
v -0.028510 0.612585 0.306769
v -0.032000 0.626519 0.326730
v -0.038832 0.615424 0.326775
v -0.036421 0.602681 0.309501
v -0.011198 0.629028 0.309107
v -0.008397 0.634772 0.308129
v -0.013908 0.648090 0.327794
v -0.016557 0.643566 0.328605
v -0.008971 0.668563 0.330515
v -0.012219 0.657556 0.328062
v -0.006869 0.645915 0.307122
v -0.001954 0.690055 0.303181
v -0.010122 0.695208 0.327121
v -0.006957 0.689979 0.328907
v 0.000635 0.685276 0.304328
v -0.005170 0.701655 0.301578
v -0.013819 0.703928 0.325329
v -0.012309 0.699771 0.325946
v -0.003696 0.695836 0.302161
v -0.006189 0.706680 0.300992
v -0.007737 0.710603 0.300325
v -0.016293 0.713378 0.323235
v -0.014996 0.708688 0.324305
v 0.002366 0.679186 0.306285
v -0.005083 0.684851 0.330725
v -0.020924 0.639255 0.328134
v -0.026732 0.634798 0.326884
v -0.023063 0.620480 0.306690
v -0.016570 0.623971 0.308721
v -0.022466 0.649001 0.342450
v -0.016940 0.715444 0.322574
v -0.013508 0.661939 0.335009
v -0.008540 0.712384 0.299691
v -0.002621 0.719163 0.264055
v 0.000758 0.717846 0.265401
v -0.020362 0.726389 0.319125
v -0.016992 0.724538 0.320730
v -0.008072 0.720897 0.297194
v -0.011393 0.722530 0.295777
v 0.001822 0.715383 0.267206
v 0.000786 0.711755 0.269149
v -0.007929 0.714460 0.299457
v -0.006906 0.718182 0.298442
v -0.015752 0.721561 0.321836
v -0.016388 0.717703 0.322388
v -0.123145 0.593349 0.419108
v -0.123148 0.593929 0.422513
v -0.121665 0.605753 0.417129
v -0.121702 0.605136 0.413745
v -0.125457 0.581085 0.424768
v -0.125635 0.581269 0.428327
v -0.127606 0.571514 0.429387
v -0.127914 0.571316 0.431946
v -0.121051 0.615099 0.411018
v -0.129440 0.565149 0.432294
v -0.083003 0.708991 0.322458
v -0.116686 0.523106 0.434322
v -0.111183 0.536173 0.427614
v -0.112677 0.536679 0.426945
v -0.119200 0.523900 0.433254
v -0.117689 0.523504 0.435044
v -0.111716 0.537032 0.428228
v -0.110863 0.536962 0.428479
v -0.116272 0.523416 0.435433
v -0.122752 0.524732 0.432899
v -0.114751 0.537830 0.426889
v -0.112998 0.537319 0.427700
v -0.119848 0.523942 0.434200
v -0.125217 0.528630 0.429808
v -0.116224 0.540345 0.425046
v -0.115823 0.538836 0.426005
v -0.124542 0.526291 0.431434
v -0.124990 0.538363 0.424872
v -0.116110 0.546117 0.422049
v -0.116325 0.542779 0.423727
v -0.125368 0.532653 0.427619
v -0.120747 0.555640 0.415131
v -0.113576 0.556459 0.416189
v -0.115196 0.550681 0.419537
v -0.123421 0.546084 0.420658
v -0.118859 0.559756 0.411723
v -0.112462 0.558525 0.413959
v -0.112654 0.559095 0.414312
v -0.119225 0.560213 0.412139
v -0.121965 0.550882 0.417271
v -0.114371 0.552874 0.417220
v -0.113045 0.556430 0.414945
v -0.119784 0.556617 0.413460
v -0.125030 0.540816 0.422762
v -0.116201 0.546913 0.420548
v -0.115424 0.549702 0.419084
v -0.123716 0.545606 0.420380
v -0.125926 0.535676 0.425384
v -0.116736 0.543854 0.422145
v -0.116645 0.544957 0.421569
v -0.125765 0.537509 0.424428
v -0.123836 0.529228 0.429126
v -0.115463 0.539972 0.424395
v -0.116346 0.542198 0.423078
v -0.125281 0.532920 0.426945
v -0.121120 0.525071 0.432095
v -0.113835 0.537420 0.426223
v -0.114636 0.538370 0.425447
v -0.122450 0.526616 0.430842
v -0.110470 0.546501 0.421810
v -0.110882 0.548073 0.420820
v -0.110958 0.549219 0.420172
v -0.110761 0.550701 0.419374
v -0.110300 0.552224 0.418529
v -0.110286 0.552448 0.418841
v -0.110731 0.550029 0.420344
v -0.110684 0.548187 0.421443
v -0.110443 0.546801 0.422283
v -0.109781 0.545900 0.422967
v -0.110087 0.545538 0.422538
v -0.121054 0.516551 0.439061
v -0.123674 0.517123 0.438004
v -0.125125 0.518273 0.434174
v -0.122658 0.516750 0.435581
v -0.128624 0.523512 0.430635
v -0.126867 0.520250 0.432649
v -0.131191 0.531452 0.426290
v -0.130397 0.528075 0.428135
v -0.130124 0.537590 0.423057
v -0.130990 0.533661 0.425085
v -0.126610 0.549185 0.416660
v -0.128638 0.543146 0.420291
v -0.124940 0.556281 0.413943
v -0.123092 0.562010 0.410070
v -0.130199 0.534937 0.426394
v -0.128220 0.544510 0.420991
v -0.130476 0.522884 0.432638
v -0.130737 0.527844 0.429903
v -0.127150 0.518128 0.436391
v -0.129411 0.520045 0.434603
v -0.124013 0.555758 0.412120
v -0.122550 0.561574 0.409498
v -0.119284 0.516406 0.439565
v -0.119468 0.515677 0.436876
v -0.109500 0.545050 0.423054
v -0.109465 0.545418 0.423255
v -0.117802 0.515332 0.437418
v -0.115372 0.522831 0.434755
v -0.110390 0.535987 0.427890
v -0.115595 0.523274 0.435655
v -0.118432 0.516231 0.439843
v -0.110457 0.536869 0.428622
v -0.107288 0.544529 0.423826
v -0.107273 0.544909 0.424012
v -0.132451 0.554429 0.451393
v -0.131231 0.553929 0.453613
v -0.130921 0.558344 0.455116
v -0.132134 0.558829 0.451890
v -0.131234 0.553111 0.458971
v -0.134664 0.553316 0.460544
v -0.135425 0.558250 0.460540
v -0.132007 0.558046 0.458812
v -0.134551 0.558379 0.450421
v -0.136999 0.556878 0.450498
v -0.137140 0.552980 0.450522
v -0.134576 0.554108 0.450303
v -0.135592 0.561965 0.460784
v -0.134178 0.565820 0.460056
v -0.132921 0.561842 0.459253
v -0.132730 0.562514 0.457076
v -0.133985 0.566062 0.458181
v -0.134877 0.565380 0.455177
v -0.133759 0.562567 0.453613
v -0.134773 0.561677 0.451251
v -0.135883 0.564159 0.453079
v -0.136873 0.559975 0.451064
v -0.137290 0.549691 0.451090
v -0.136698 0.545934 0.452779
v -0.134705 0.550560 0.450868
v -0.133134 0.549877 0.451916
v -0.135581 0.545220 0.454223
v -0.134013 0.544626 0.456212
v -0.131821 0.549341 0.453696
v -0.130662 0.549361 0.458817
v -0.132929 0.545440 0.459610
v -0.134193 0.549566 0.460712
v -0.133024 0.544493 0.457775
v -0.132696 0.544770 0.458763
v -0.130123 0.548775 0.457239
v -0.130836 0.548963 0.455398
v -0.130448 0.552814 0.454974
v -0.129639 0.552353 0.457070
v -0.130287 0.557283 0.456915
v -0.113048 0.660752 0.370677
v -0.109240 0.653482 0.359140
v -0.112773 0.643503 0.364020
v -0.115597 0.650972 0.374263
v -0.121067 0.684881 0.406686
v -0.119622 0.687171 0.406108
v -0.119077 0.682619 0.400469
v -0.119884 0.681335 0.401428
v -0.114381 0.627499 0.445663
v -0.116076 0.627529 0.441512
v -0.118916 0.608217 0.451373
v -0.138286 0.552061 0.449044
v -0.138044 0.552285 0.449816
v -0.137950 0.556271 0.449832
v -0.138200 0.556448 0.449108
v -0.137657 0.543832 0.452664
v -0.137442 0.544788 0.453067
v -0.137872 0.548457 0.450896
v -0.138104 0.547857 0.450230
v -0.134063 0.540580 0.457421
v -0.134460 0.541930 0.457367
v -0.136306 0.542611 0.455224
v -0.136312 0.541407 0.455059
v -0.133353 0.548530 0.462453
v -0.134260 0.548833 0.461568
v -0.133407 0.544848 0.460557
v -0.132539 0.543934 0.461019
v -0.135813 0.558634 0.463079
v -0.136256 0.558435 0.461994
v -0.135342 0.553444 0.461850
v -0.134592 0.553510 0.462947
v -0.134076 0.568661 0.461835
v -0.134462 0.567240 0.460983
v -0.135948 0.563022 0.461737
v -0.135664 0.563695 0.462688
v -0.135175 0.569021 0.455678
v -0.135216 0.567610 0.455780
v -0.134165 0.568740 0.459073
v -0.133895 0.570429 0.459513
v -0.137576 0.561066 0.450283
v -0.137372 0.560469 0.450896
v -0.136327 0.564877 0.452999
v -0.136427 0.565917 0.452562
v -0.118993 0.662464 0.409272
v -0.119575 0.662687 0.409271
v -0.121221 0.665139 0.405439
v -0.120604 0.664814 0.405514
v -0.113608 0.660289 0.419408
v -0.113947 0.660433 0.419284
v -0.117163 0.661110 0.413909
v -0.116637 0.660878 0.413996
v -0.115700 0.668390 0.426422
v -0.116227 0.668368 0.426044
v -0.113616 0.662866 0.423279
v -0.113268 0.662814 0.423484
v -0.120531 0.677271 0.423164
v -0.121063 0.676953 0.422800
v -0.118729 0.673045 0.425941
v -0.118145 0.673191 0.426371
v -0.123148 0.680320 0.412223
v -0.123361 0.680354 0.411865
v -0.122597 0.679399 0.418079
v -0.122193 0.679652 0.418428
v -0.120815 0.679676 0.402595
v -0.122790 0.680523 0.407248
v -0.122719 0.680350 0.407597
v -0.121216 0.668443 0.402672
v -0.121674 0.668506 0.402842
v -0.120206 0.674871 0.400768
v -0.121565 0.669655 0.402727
v -0.121567 0.669795 0.403067
v -0.120358 0.675848 0.400808
v -0.120274 0.675935 0.400560
v -0.119912 0.663042 0.409297
v -0.120005 0.663535 0.409350
v -0.121486 0.665696 0.405904
v -0.121480 0.665364 0.405631
v -0.114206 0.660646 0.419146
v -0.114389 0.660923 0.419003
v -0.117657 0.661931 0.413757
v -0.117502 0.661461 0.413831
v -0.116562 0.668303 0.425469
v -0.116715 0.668187 0.424726
v -0.114070 0.663014 0.422643
v -0.113884 0.662934 0.423000
v -0.121285 0.676508 0.422292
v -0.121201 0.675935 0.421643
v -0.119120 0.672471 0.424463
v -0.119057 0.672804 0.425311
v -0.123390 0.679979 0.411649
v -0.123231 0.679186 0.411573
v -0.122566 0.678185 0.417303
v -0.122723 0.678909 0.417705
v -0.120643 0.679434 0.401762
v -0.120703 0.679077 0.401935
v -0.122336 0.679429 0.406538
v -0.122411 0.680098 0.406424
v -0.121367 0.669874 0.403319
v -0.120400 0.669931 0.403499
v -0.119610 0.675275 0.401966
v -0.120272 0.675745 0.401049
v -0.119837 0.663894 0.409348
v -0.118919 0.664261 0.409092
v -0.120264 0.666162 0.406030
v -0.121256 0.665930 0.406075
v -0.114406 0.661234 0.418813
v -0.113836 0.661876 0.418270
v -0.116796 0.662812 0.413192
v -0.117569 0.662318 0.413629
v -0.116727 0.668197 0.423983
v -0.116157 0.668675 0.422955
v -0.113618 0.663874 0.421534
v -0.114119 0.663198 0.422250
v -0.120956 0.675498 0.421051
v -0.120015 0.675384 0.420275
v -0.118304 0.672470 0.422588
v -0.119034 0.672274 0.423656
v -0.122935 0.678508 0.411606
v -0.121903 0.678005 0.411724
v -0.121205 0.677238 0.416603
v -0.122250 0.677589 0.416990
v -0.120614 0.678753 0.402164
v -0.119955 0.678101 0.403070
v -0.121255 0.678383 0.407175
v -0.122139 0.678846 0.406745
v -0.097474 0.706781 0.362147
v -0.102797 0.714627 0.381152
v -0.101850 0.719539 0.377396
v -0.096121 0.712271 0.359575
v -0.096467 0.726297 0.374572
v -0.091051 0.731026 0.374920
v -0.081329 0.729551 0.357958
v -0.086961 0.726095 0.356639
v -0.087816 0.733650 0.375419
v -0.075212 0.732732 0.360619
v -0.077420 0.731407 0.359430
v -0.071527 0.734105 0.362225
v -0.082887 0.735057 0.376889
v -0.075036 0.736586 0.380232
v -0.066035 0.736219 0.364300
v -0.121590 0.621605 0.383608
v -0.118572 0.638244 0.378226
v -0.116454 0.631124 0.368802
v -0.119656 0.614569 0.373980
v -0.122162 0.519319 0.421925
v -0.124678 0.521325 0.421187
v -0.124231 0.522988 0.419569
v -0.121469 0.520934 0.420034
v -0.120542 0.522809 0.417276
v -0.123451 0.524923 0.417007
v -0.122337 0.527136 0.413488
v -0.119377 0.524957 0.413632
v -0.114270 0.535356 0.408012
v -0.116739 0.537571 0.407414
v -0.114466 0.543988 0.406293
v -0.111873 0.541191 0.406976
v -0.108537 0.548191 0.402926
v -0.111286 0.550753 0.402463
v -0.107187 0.557960 0.395812
v -0.104228 0.556400 0.395807
v -0.099717 0.565420 0.387816
v -0.102931 0.566394 0.387864
v -0.098511 0.575846 0.378838
v -0.094953 0.574981 0.379143
v -0.088944 0.584231 0.370314
v -0.093338 0.584752 0.369832
v -0.087366 0.593950 0.361138
v -0.081643 0.593482 0.361439
v -0.076510 0.600826 0.354179
v -0.082860 0.601432 0.354234
v -0.079901 0.606515 0.348907
v -0.073307 0.606159 0.347847
v -0.070278 0.610148 0.340410
v -0.077125 0.611169 0.341188
v -0.129206 0.538425 0.416976
v -0.125629 0.532637 0.415253
v -0.126915 0.529759 0.418527
v -0.130439 0.534114 0.419838
v -0.122233 0.552882 0.406526
v -0.119211 0.557368 0.403445
v -0.116882 0.549381 0.405125
v -0.119392 0.543412 0.406917
v -0.113874 0.555260 0.401532
v -0.116451 0.561686 0.400140
v -0.114009 0.565661 0.396551
v -0.110525 0.561002 0.395950
v -0.106975 0.568800 0.388884
v -0.111612 0.572727 0.391211
v -0.109330 0.581618 0.383285
v -0.103340 0.578178 0.380328
v -0.099251 0.586222 0.371188
v -0.106850 0.588672 0.374354
v -0.102479 0.595439 0.364505
v -0.094228 0.594614 0.362178
v -0.090705 0.601761 0.355113
v -0.100159 0.600914 0.356521
v -0.098592 0.605570 0.350685
v -0.088474 0.606318 0.349734
v -0.086348 0.611912 0.343359
v -0.091872 0.611567 0.343529
v -0.088847 0.617710 0.335170
v -0.083625 0.617569 0.333526
v -0.087008 0.626434 0.329423
v -0.086796 0.637698 0.327650
v -0.083028 0.639196 0.326116
v -0.082418 0.626725 0.327757
v -0.085630 0.652258 0.330151
v -0.088524 0.650827 0.331207
v -0.091449 0.663322 0.335708
v -0.089285 0.664467 0.334715
v -0.096147 0.675284 0.344084
v -0.099065 0.689390 0.354256
v -0.096015 0.691674 0.351897
v -0.092758 0.677522 0.342033
v -0.102666 0.700238 0.368066
v -0.106913 0.707963 0.384864
v -0.104623 0.710818 0.383614
v -0.100006 0.702867 0.366129
v -0.108069 0.713552 0.394874
v -0.103542 0.718997 0.397380
v -0.106080 0.716993 0.394594
v -0.106791 0.711304 0.408518
v -0.104124 0.709935 0.415574
v -0.101616 0.713621 0.412818
v -0.102863 0.716742 0.405016
v -0.121654 0.565116 0.403762
v -0.120437 0.563242 0.402504
v -0.123532 0.559507 0.406081
v -0.123269 0.563271 0.405589
v -0.120912 0.565925 0.402922
v -0.115457 0.575152 0.394086
v -0.113157 0.584273 0.386497
v -0.117688 0.594564 0.384161
v -0.116403 0.599232 0.378086
v -0.110676 0.596637 0.369505
v -0.113611 0.591547 0.378859
v -0.115445 0.604508 0.367313
v -0.108394 0.603165 0.355878
v -0.108767 0.599957 0.362592
v -0.115611 0.601970 0.372934
v -0.100204 0.629743 0.340052
v -0.107593 0.637055 0.352828
v -0.104156 0.646714 0.348099
v -0.097952 0.638669 0.336961
v -0.096180 0.647612 0.335690
v -0.101945 0.654353 0.345424
v -0.097519 0.660986 0.340212
v -0.100263 0.670117 0.347939
v -0.105086 0.661965 0.353636
v -0.108980 0.671113 0.365511
v -0.103383 0.682384 0.358895
v -0.127935 0.559362 0.415206
v -0.127185 0.559365 0.413077
v -0.130716 0.546759 0.421130
v -0.131552 0.546951 0.422732
v -0.133831 0.536864 0.428613
v -0.132988 0.536476 0.427310
v -0.133718 0.528856 0.431469
v -0.134472 0.529424 0.432682
v -0.129281 0.519328 0.440288
v -0.128644 0.518386 0.438645
v -0.125111 0.517213 0.440444
v -0.125590 0.518156 0.442138
v -0.132064 0.538558 0.458337
v -0.131582 0.540500 0.459965
v -0.132381 0.539424 0.458819
v -0.133375 0.538338 0.456473
v -0.133700 0.539384 0.457122
v -0.136133 0.540122 0.454465
v -0.135772 0.538748 0.453436
v -0.136829 0.541225 0.450461
v -0.137453 0.542644 0.451794
v -0.137666 0.546963 0.449115
v -0.136562 0.545778 0.447548
v -0.135951 0.550984 0.445969
v -0.137589 0.551628 0.447761
v -0.137221 0.556638 0.447737
v -0.135014 0.556843 0.445718
v -0.133795 0.562320 0.446789
v -0.136386 0.561683 0.448915
v -0.135092 0.566762 0.451284
v -0.133353 0.567957 0.448882
v -0.132444 0.571567 0.452584
v -0.133894 0.570189 0.454677
v -0.132785 0.571974 0.459092
v -0.130910 0.573411 0.457703
v -0.121297 0.608202 0.392181
v -0.118380 0.602367 0.383803
v -0.118961 0.597794 0.390202
v -0.122033 0.600636 0.397442
v -0.122439 0.579679 0.405152
v -0.125213 0.580194 0.410308
v -0.123253 0.591897 0.403462
v -0.120406 0.590483 0.397578
v -0.124781 0.567258 0.407455
v -0.124695 0.566332 0.407287
v -0.125498 0.565518 0.408785
v -0.126000 0.566076 0.410715
v -0.131493 0.569187 0.444407
v -0.129346 0.570689 0.437685
v -0.131053 0.564360 0.438148
v -0.132015 0.563221 0.443193
v -0.126989 0.580360 0.434806
v -0.128777 0.578660 0.442694
v -0.124921 0.592281 0.437603
v -0.124046 0.593348 0.429521
v -0.122135 0.606728 0.423768
v -0.121066 0.607149 0.431219
v -0.119681 0.621735 0.424599
v -0.121460 0.617668 0.418830
v -0.120596 0.637058 0.418346
v -0.119526 0.648166 0.413084
v -0.121455 0.647312 0.406135
v -0.122922 0.632172 0.412747
v -0.119797 0.659312 0.404484
v -0.117995 0.656582 0.410197
v -0.118423 0.660682 0.409215
v -0.120007 0.663042 0.404840
v -0.120688 0.667652 0.401484
v -0.119712 0.675843 0.399548
v -0.119262 0.675653 0.397921
v -0.120508 0.665266 0.399166
v -0.118613 0.672878 0.391750
v -0.116198 0.667211 0.381539
v -0.117852 0.657271 0.383763
v -0.119514 0.662625 0.392589
v -0.110692 0.699502 0.387178
v -0.106846 0.692181 0.371968
v -0.112511 0.678848 0.377602
v -0.115691 0.685186 0.389909
v -0.116906 0.691825 0.402228
v -0.116719 0.693547 0.405295
v -0.112525 0.704035 0.404243
v -0.112578 0.703464 0.397938
v -0.110953 0.703994 0.411129
v -0.115371 0.694834 0.412883
v -0.112950 0.693974 0.421878
v -0.107832 0.703367 0.418629
v -0.116687 0.688134 0.422941
v -0.118624 0.688963 0.413669
v -0.120706 0.686374 0.413478
v -0.118937 0.685850 0.421776
v -0.116903 0.681832 0.427483
v -0.114632 0.674318 0.430613
v -0.111989 0.674307 0.432605
v -0.114453 0.683251 0.429251
v -0.114321 0.667621 0.428976
v -0.115058 0.668147 0.427380
v -0.112837 0.662153 0.424436
v -0.112760 0.660965 0.426268
v -0.117379 0.673528 0.427346
v -0.116424 0.674058 0.428865
v -0.118665 0.680198 0.425794
v -0.119734 0.678352 0.424161
v -0.121508 0.681011 0.419251
v -0.120539 0.683475 0.420546
v -0.122081 0.683888 0.413143
v -0.122720 0.681498 0.412649
v -0.122547 0.681080 0.407739
v -0.122206 0.683463 0.407785
v -0.120632 0.680405 0.402741
v -0.115985 0.656394 0.415858
v -0.113410 0.659195 0.420320
v -0.116274 0.659308 0.414637
v -0.117208 0.627160 0.436557
v -0.118059 0.625058 0.430367
v -0.120298 0.607606 0.438700
v -0.119809 0.608108 0.446211
v -0.123551 0.592533 0.452582
v -0.124765 0.592008 0.445295
v -0.129066 0.578624 0.449601
v -0.127843 0.580262 0.455531
v -0.125679 0.580935 0.459677
v -0.121465 0.580276 0.462113
v -0.117859 0.591544 0.459363
v -0.121633 0.592492 0.457272
v -0.117169 0.607712 0.453547
v -0.113717 0.606252 0.455672
v -0.109044 0.624392 0.451045
v -0.112345 0.626579 0.448499
v -0.103873 0.647410 0.444582
v -0.107752 0.648658 0.441928
v -0.109196 0.640231 0.444623
v -0.105763 0.638113 0.447347
v -0.102397 0.663598 0.441123
v -0.107018 0.664815 0.437923
v -0.107008 0.656857 0.439681
v -0.102748 0.655906 0.442505
v -0.123193 0.575225 0.463504
v -0.128157 0.574801 0.461273
v -0.129707 0.572429 0.462492
v -0.124666 0.571556 0.464870
v -0.128001 0.555247 0.467185
v -0.133135 0.557618 0.464701
v -0.132010 0.552320 0.464544
v -0.127747 0.550016 0.466280
v -0.130545 0.542412 0.461447
v -0.127278 0.540514 0.461534
v -0.127590 0.545030 0.464484
v -0.131130 0.547258 0.463428
v -0.127348 0.561017 0.467087
v -0.125850 0.567351 0.465925
v -0.131251 0.568711 0.463458
v -0.132877 0.563074 0.464359
v -0.125765 0.520090 0.423967
v -0.123416 0.518017 0.425022
v -0.125246 0.517000 0.429351
v -0.127498 0.519264 0.427932
v -0.129544 0.521922 0.427141
v -0.131098 0.526473 0.424828
v -0.128142 0.523555 0.423839
v -0.127875 0.525401 0.422237
v -0.131379 0.528876 0.423313
v -0.131160 0.530938 0.421940
v -0.127694 0.527342 0.420863
v -0.123562 0.565230 0.405802
v -0.124399 0.565745 0.406763
v -0.124182 0.566436 0.406439
v -0.122705 0.566037 0.404885
v -0.123743 0.567449 0.405753
v -0.121860 0.567064 0.403877
v -0.078953 0.591604 0.362746
v -0.083452 0.582583 0.370910
v -0.086928 0.582456 0.371751
v -0.091483 0.574569 0.378995
v -0.088079 0.574584 0.378419
v -0.093184 0.564654 0.387724
v -0.096460 0.564836 0.387769
v -0.101157 0.555378 0.395938
v -0.097997 0.554805 0.396279
v -0.102630 0.545003 0.404185
v -0.105648 0.546279 0.403501
v -0.108946 0.539088 0.407722
v -0.105692 0.537674 0.408528
v -0.107237 0.532726 0.409409
v -0.111101 0.533743 0.408678
v -0.115711 0.523500 0.414134
v -0.111339 0.522760 0.414994
v -0.112894 0.520646 0.418770
v -0.117022 0.521385 0.417863
v -0.118126 0.519511 0.420779
v -0.114201 0.518716 0.421800
v -0.115276 0.516956 0.424116
v -0.119026 0.517862 0.422904
v -0.120401 0.516437 0.426208
v -0.116722 0.515354 0.427527
v -0.118551 0.513890 0.432063
v -0.122261 0.515204 0.430728
v -0.124477 0.516838 0.439067
v -0.127945 0.517961 0.437342
v -0.130471 0.520030 0.435485
v -0.132048 0.523054 0.433502
v -0.132484 0.528313 0.430524
v -0.131789 0.535822 0.426549
v -0.129605 0.545941 0.420553
v -0.126185 0.558334 0.412662
v -0.124229 0.564417 0.408165
v -0.123504 0.563929 0.407330
v -0.124448 0.558005 0.408146
v -0.122718 0.560232 0.409227
v -0.123560 0.562553 0.406936
v -0.130223 0.542250 0.418888
v -0.131562 0.537083 0.421569
v -0.132345 0.533366 0.423584
v -0.132533 0.531175 0.424871
v -0.131695 0.527667 0.426646
v -0.129831 0.522835 0.428915
v -0.127878 0.519300 0.430839
v -0.125822 0.517072 0.432413
v -0.080982 0.736372 0.388225
v -0.088386 0.735439 0.384717
v -0.084114 0.735885 0.390156
v -0.097094 0.718954 0.405983
v -0.100011 0.719841 0.402913
v -0.099604 0.715862 0.411058
v -0.094654 0.711506 0.419945
v -0.099113 0.711920 0.417730
v -0.100609 0.709008 0.420172
v -0.095916 0.708455 0.422403
v -0.096759 0.703930 0.426009
v -0.103148 0.703133 0.423684
v -0.107334 0.694484 0.428019
v -0.098063 0.696845 0.431296
v -0.100148 0.686351 0.435556
v -0.108912 0.684765 0.431915
v -0.107634 0.674121 0.435321
v -0.101570 0.673756 0.438780
v -0.133882 0.524255 0.435878
v -0.133166 0.523526 0.434599
v -0.131334 0.520489 0.436689
v -0.132050 0.521359 0.438196
v -0.123021 0.515303 0.433861
v -0.119474 0.513993 0.435184
v -0.102894 0.620993 0.454323
v -0.105908 0.622529 0.452985
v -0.110597 0.604967 0.457397
v -0.107789 0.603867 0.458719
v -0.102356 0.636384 0.449422
v -0.098972 0.635049 0.450849
v -0.096030 0.646030 0.448304
v -0.099976 0.646532 0.446712
v -0.098384 0.655281 0.444872
v -0.093928 0.654976 0.446783
v -0.092653 0.661887 0.446291
v -0.097622 0.662621 0.443918
v -0.092608 0.737133 0.387218
v -0.096492 0.741157 0.393039
v -0.091384 0.740914 0.397566
v -0.088069 0.737350 0.392362
v -0.102814 0.729285 0.384366
v -0.106685 0.734611 0.387549
v -0.101562 0.739070 0.389706
v -0.097491 0.734454 0.384555
v -0.107524 0.721363 0.392356
v -0.111454 0.726513 0.394776
v -0.110022 0.730408 0.389242
v -0.106188 0.724907 0.386951
v -0.103853 0.722423 0.399178
v -0.106676 0.726312 0.402038
v -0.110181 0.725131 0.399196
v -0.106726 0.720698 0.396367
v -0.097459 0.722924 0.405669
v -0.098804 0.728494 0.409476
v -0.102898 0.727433 0.405467
v -0.100786 0.723166 0.402281
v -0.087775 0.727324 0.410147
v -0.089331 0.731743 0.413728
v -0.091137 0.728806 0.418040
v -0.089829 0.724214 0.414557
v -0.085900 0.735183 0.398326
v -0.088583 0.738759 0.402915
v -0.088341 0.735044 0.408749
v -0.086381 0.730967 0.404791
v -0.100166 0.745357 0.399610
v -0.103660 0.749731 0.406916
v -0.098931 0.749564 0.409703
v -0.094997 0.744980 0.403360
v -0.110121 0.740067 0.393770
v -0.113193 0.745660 0.402988
v -0.108399 0.748440 0.404680
v -0.105196 0.743730 0.396409
v -0.114642 0.732389 0.400370
v -0.117099 0.738960 0.409159
v -0.116175 0.742482 0.404434
v -0.113334 0.736271 0.395068
v -0.109183 0.731877 0.407317
v -0.111374 0.739119 0.415018
v -0.115390 0.737814 0.412783
v -0.113098 0.730897 0.404608
v -0.101026 0.734469 0.414150
v -0.104124 0.740847 0.419689
v -0.107637 0.740151 0.417300
v -0.105182 0.733094 0.410473
v -0.092202 0.736787 0.417558
v -0.096420 0.742456 0.421618
v -0.097788 0.740308 0.424797
v -0.093818 0.734180 0.421438
v -0.092006 0.742962 0.407992
v -0.096202 0.747792 0.413546
v -0.095791 0.744938 0.417921
v -0.091484 0.739699 0.413129
v -0.106622 0.753535 0.414058
v -0.109035 0.756773 0.421049
v -0.106484 0.756476 0.422437
v -0.102751 0.753397 0.416073
v -0.114849 0.750641 0.411509
v -0.115108 0.755007 0.419319
v -0.111914 0.756283 0.420007
v -0.110642 0.752621 0.412545
v -0.117778 0.745175 0.416754
v -0.116674 0.751035 0.423165
v -0.116773 0.753254 0.420317
v -0.117334 0.748149 0.412841
v -0.112597 0.745588 0.421370
v -0.112850 0.751287 0.426374
v -0.115323 0.750366 0.425218
v -0.116132 0.744304 0.419654
v -0.106465 0.745815 0.423746
v -0.110429 0.750969 0.426730
v -0.109653 0.745459 0.421998
v -0.100936 0.747688 0.425295
v -0.105761 0.752453 0.428593
v -0.106375 0.751312 0.430191
v -0.101967 0.746019 0.427715
v -0.100592 0.751961 0.419008
v -0.105183 0.755415 0.424410
v -0.105304 0.753821 0.426699
v -0.100401 0.749646 0.422445
v -0.097177 0.714856 0.414232
v -0.092815 0.714348 0.417125
v -0.090638 0.716949 0.413972
v -0.094744 0.717779 0.409735
v -0.094557 0.722771 0.409712
v -0.092157 0.722717 0.414392
v -0.093214 0.727767 0.418020
v -0.095587 0.728605 0.413661
v -0.097868 0.734589 0.417837
v -0.095699 0.733454 0.421536
v -0.099440 0.739734 0.425015
v -0.101398 0.740709 0.422261
v -0.105167 0.746395 0.425849
v -0.103372 0.745596 0.427900
v -0.107521 0.751042 0.430196
v -0.109194 0.751645 0.428605
v -0.091427 0.722626 0.356963
v -0.094046 0.718038 0.357302
v -0.100020 0.723527 0.374845
v -0.110926 0.758878 0.425415
v -0.112265 0.759846 0.427179
v -0.111132 0.759622 0.427834
v -0.109279 0.758553 0.426359
v -0.115220 0.757847 0.424291
v -0.115206 0.759142 0.426434
v -0.113614 0.759687 0.426720
v -0.112900 0.758643 0.424731
v -0.115993 0.755028 0.427023
v -0.115744 0.757161 0.428319
v -0.115945 0.758310 0.426941
v -0.116307 0.756641 0.425020
v -0.113251 0.755116 0.429231
v -0.113859 0.757184 0.429835
v -0.115034 0.756799 0.429287
v -0.114960 0.754535 0.428425
v -0.110323 0.754805 0.431375
v -0.111792 0.756882 0.431436
v -0.112752 0.757157 0.430604
v -0.111720 0.755233 0.430190
v -0.109089 0.755745 0.430416
v -0.110943 0.757536 0.430764
v -0.111188 0.757010 0.431489
v -0.109446 0.754974 0.431448
v -0.108525 0.757792 0.427646
v -0.110616 0.759091 0.428725
v -0.110722 0.758248 0.429851
v -0.108746 0.756667 0.429180
v -0.108767 0.712111 0.397090
v -0.108900 0.711238 0.403481
v -0.104277 0.717553 0.399614
v -0.126567 0.522021 0.446994
v -0.127065 0.524406 0.449680
v -0.130955 0.526159 0.448353
v -0.130494 0.523498 0.445423
v -0.133326 0.525528 0.443511
v -0.133716 0.528213 0.446542
v -0.135344 0.530575 0.444258
v -0.135063 0.528118 0.441261
v -0.135609 0.532613 0.438299
v -0.135846 0.534691 0.441291
v -0.135239 0.540569 0.437642
v -0.134984 0.539016 0.434618
v -0.132900 0.547825 0.429457
v -0.133368 0.548580 0.432943
v -0.130341 0.558546 0.427342
v -0.129504 0.558785 0.423030
v -0.126148 0.566817 0.415152
v -0.124195 0.570564 0.409265
v -0.123898 0.569458 0.408639
v -0.117231 0.570046 0.398619
v -0.116140 0.568747 0.397523
v -0.117851 0.566015 0.399640
v -0.118004 0.568317 0.399979
v -0.125944 0.519328 0.443738
v -0.126249 0.520594 0.445310
v -0.130145 0.521924 0.443605
v -0.129750 0.520551 0.441924
v -0.132555 0.522544 0.439833
v -0.132986 0.523937 0.441609
v -0.134769 0.526636 0.439329
v -0.134365 0.525312 0.437463
v -0.134959 0.530272 0.434314
v -0.135345 0.531372 0.436304
v -0.134718 0.538140 0.432534
v -0.134357 0.537425 0.430378
v -0.132169 0.547172 0.424744
v -0.132566 0.547428 0.427167
v -0.129039 0.558953 0.420442
v -0.128557 0.559223 0.417660
v -0.126079 0.566334 0.411960
v -0.125916 0.566508 0.413546
v -0.123947 0.568557 0.408218
v -0.124491 0.567912 0.407715
v -0.123059 0.568445 0.405177
v -0.122421 0.569452 0.404450
v -0.120194 0.568828 0.402002
v -0.120869 0.568040 0.402933
v -0.119706 0.567024 0.401691
v -0.118698 0.567692 0.400907
v -0.118995 0.564894 0.400940
v -0.112932 0.758613 0.430324
v -0.112345 0.758205 0.431128
v -0.111954 0.758795 0.430457
v -0.112077 0.759363 0.429623
v -0.075017 0.734759 0.391305
v -0.080443 0.734221 0.393844
v -0.077690 0.732632 0.395340
v -0.119868 0.515945 0.440800
v -0.121785 0.516167 0.440218
v -0.122344 0.516470 0.441641
v -0.120343 0.516160 0.442240
v -0.120715 0.516963 0.443880
v -0.122733 0.517366 0.443336
v -0.123027 0.518509 0.444912
v -0.120998 0.518088 0.445447
v -0.121239 0.519386 0.447019
v -0.123278 0.519746 0.446449
v -0.122178 0.523037 0.451081
v -0.122383 0.525173 0.453282
v -0.124430 0.525522 0.452912
v -0.124166 0.523370 0.450584
v -0.124458 0.530777 0.456176
v -0.124610 0.527794 0.454757
v -0.122323 0.527429 0.455228
v -0.122140 0.530460 0.456609
v -0.124494 0.539310 0.461775
v -0.122280 0.538661 0.462359
v -0.122465 0.542833 0.465665
v -0.124674 0.543598 0.465177
v -0.124539 0.548515 0.467266
v -0.122182 0.547720 0.467739
v -0.121535 0.553162 0.468804
v -0.124230 0.553847 0.468336
v -0.123307 0.559811 0.468372
v -0.120412 0.559174 0.468919
v -0.118813 0.565751 0.468084
v -0.121780 0.566403 0.467373
v -0.120659 0.570773 0.466492
v -0.117694 0.570076 0.467364
v -0.116470 0.574144 0.466244
v -0.119394 0.574800 0.465210
v -0.117945 0.579534 0.463911
v -0.115114 0.578707 0.465070
v -0.111864 0.589769 0.462301
v -0.114616 0.590634 0.461040
v -0.093341 0.719512 0.408354
v -0.089845 0.718632 0.412664
v -0.090988 0.719865 0.413174
v -0.088675 0.721375 0.412488
v -0.087825 0.720566 0.411889
v -0.085118 0.723740 0.407257
v -0.086273 0.724630 0.408023
v -0.122074 0.533141 0.458131
v -0.122151 0.535428 0.459844
v -0.124390 0.535953 0.459255
v -0.124369 0.533522 0.457646
v -0.132738 0.540538 0.459025
v -0.132356 0.541501 0.459973
v -0.133165 0.542805 0.459744
v -0.133403 0.541907 0.458840
v -0.125755 0.553812 0.410964
v -0.128311 0.547780 0.415392
v -0.114559 0.610959 0.362139
v -0.111306 0.625467 0.357703
v -0.103096 0.620312 0.344717
v -0.106648 0.610171 0.350216
v -0.119562 0.608724 0.377680
v -0.118480 0.606175 0.380246
v -0.120864 0.612782 0.388725
v -0.121114 0.615906 0.386519
v -0.122614 0.625079 0.414363
v -0.121638 0.622485 0.415455
v -0.120004 0.627631 0.420886
v -0.120496 0.630375 0.420277
v -0.135622 0.537008 0.451754
v -0.135685 0.534898 0.449421
v -0.133974 0.533298 0.451976
v -0.133467 0.536311 0.454756
v -0.131283 0.531359 0.453586
v -0.127606 0.529091 0.454228
v -0.127265 0.532262 0.455938
v -0.130702 0.534690 0.456205
v -0.130347 0.537307 0.458192
v -0.127128 0.534911 0.457666
v -0.127086 0.537200 0.459171
v -0.130252 0.539147 0.459628
v -0.086793 0.684963 0.441274
v -0.092480 0.686372 0.438835
v -0.095790 0.673007 0.441826
v -0.090289 0.671867 0.444457
v -0.125001 0.548089 0.409962
v -0.121759 0.538572 0.409120
v -0.123956 0.534904 0.411703
v -0.127414 0.543041 0.413724
v -0.116301 0.530828 0.409356
v -0.117961 0.527634 0.410994
v -0.120808 0.529768 0.410791
v -0.118863 0.532816 0.408916
v -0.114335 0.526185 0.411493
v -0.112902 0.529434 0.409942
v -0.108651 0.528635 0.410668
v -0.109924 0.525435 0.412296
v -0.126879 0.566621 0.416980
v -0.127756 0.566467 0.420252
v -0.126320 0.571671 0.415996
v -0.124745 0.571363 0.411722
v -0.114212 0.640889 0.435977
v -0.111540 0.641436 0.440564
v -0.110458 0.648726 0.437940
v -0.113514 0.645818 0.433966
v -0.110576 0.656988 0.434822
v -0.113298 0.665604 0.431588
v -0.111770 0.658517 0.428996
v -0.136250 0.538224 0.446410
v -0.136429 0.539753 0.448665
v -0.135903 0.544550 0.445491
v -0.135689 0.543278 0.442945
v -0.134521 0.549658 0.440500
v -0.134934 0.550331 0.443547
v -0.133532 0.557088 0.442833
v -0.132776 0.557364 0.439072
v -0.109102 0.657013 0.438320
v -0.110262 0.667013 0.435298
v -0.112763 0.667679 0.433358
v -0.127559 0.526790 0.452367
v -0.131411 0.528819 0.451279
v -0.134100 0.530897 0.449577
v -0.135626 0.533026 0.447255
v -0.136089 0.536770 0.444283
v -0.135497 0.542125 0.440663
v -0.134077 0.549149 0.437404
v -0.131834 0.557817 0.434532
v -0.127977 0.571856 0.422464
v -0.129293 0.566134 0.425298
v -0.119793 0.569770 0.401080
v -0.122141 0.570574 0.403748
v -0.122158 0.571896 0.403111
v -0.119620 0.570925 0.400192
v -0.119053 0.576472 0.395615
v -0.121614 0.577836 0.398504
v -0.119422 0.587850 0.391211
v -0.116282 0.585461 0.387714
v -0.124094 0.592857 0.411382
v -0.126170 0.580792 0.417826
v -0.122130 0.612891 0.400577
v -0.122785 0.603436 0.405762
v -0.122065 0.619668 0.396957
v -0.121792 0.620293 0.408550
v -0.122837 0.623267 0.407052
v -0.122326 0.622980 0.395192
v -0.122669 0.627930 0.393072
v -0.123543 0.630202 0.404028
v -0.121543 0.650517 0.396679
v -0.120151 0.644841 0.387371
v -0.123635 0.521462 0.448454
v -0.121790 0.521220 0.449037
v -0.108763 0.664359 0.421876
v -0.109007 0.662132 0.418243
v -0.111590 0.669704 0.423459
v -0.113982 0.673929 0.423049
v -0.115886 0.677171 0.420475
v -0.117212 0.679235 0.416387
v -0.117988 0.680089 0.410954
v -0.117264 0.680509 0.405890
v -0.115818 0.680197 0.401320
v -0.115433 0.677049 0.400087
v -0.116314 0.671099 0.401795
v -0.116161 0.666901 0.404613
v -0.114665 0.664786 0.408025
v -0.112302 0.663172 0.412590
v -0.118572 0.596630 0.387879
v -0.119942 0.589410 0.394371
v -0.122054 0.578961 0.401913
v -0.114466 0.656705 0.422713
v -0.114670 0.653126 0.425010
v -0.084990 0.727895 0.403704
v -0.113819 0.758810 0.429505
v -0.114878 0.758544 0.429087
v -0.114910 0.759366 0.428134
v -0.113679 0.759887 0.428202
v -0.112889 0.759639 0.428853
v -0.103100 0.724209 0.380906
v -0.099656 0.727743 0.379530
v -0.083423 0.732885 0.396039
v -0.070992 0.736100 0.382098
v -0.115956 0.638971 0.430965
v -0.117101 0.651506 0.418402
v -0.117634 0.643748 0.422323
v -0.123404 0.571062 0.407260
v -0.122383 0.575299 0.404381
v -0.107663 0.711356 0.390972
v -0.093638 0.662205 0.336746
v -0.093794 0.648202 0.333126
v -0.091224 0.649122 0.331707
v -0.090260 0.635959 0.328271
v -0.094714 0.637118 0.332683
v -0.096412 0.627566 0.335333
v -0.091224 0.625897 0.330150
v -0.093627 0.617579 0.335847
v -0.098859 0.618654 0.340079
v -0.097080 0.610860 0.342886
v -0.111024 0.591036 0.378138
v -0.117841 0.559508 0.401805
v -0.094355 0.732625 0.379889
v -0.092727 0.733929 0.380152
v -0.105400 0.713825 0.389013
v -0.104831 0.717528 0.386004
v -0.092854 0.695509 0.345841
v -0.094192 0.693229 0.349562
v -0.090785 0.678877 0.339690
v -0.087101 0.666736 0.332177
v -0.082288 0.727806 0.402355
v -0.114508 0.646888 0.427184
v -0.117078 0.638233 0.424746
v -0.117637 0.630678 0.427969
v -0.117109 0.690088 0.399150
v -0.101609 0.614255 0.343931
v -0.063205 0.736435 0.365594
v -0.104027 0.722218 0.382170
v -0.082539 0.582383 0.371211
v -0.086682 0.574287 0.378875
v -0.091750 0.564346 0.388188
v -0.078035 0.591406 0.363042
v -0.116627 0.513485 0.432686
v -0.117622 0.513607 0.435785
v -0.114837 0.514956 0.428145
v -0.120238 0.519178 0.447344
v -0.120542 0.520949 0.449427
v -0.120839 0.522757 0.451514
v -0.121096 0.524921 0.453712
v -0.120001 0.517879 0.445771
v -0.121040 0.535197 0.460205
v -0.121172 0.538431 0.462717
v -0.120966 0.532911 0.458491
v -0.121364 0.542605 0.466022
v -0.117369 0.565450 0.468553
v -0.116222 0.569769 0.467842
v -0.115019 0.573758 0.466743
v -0.119019 0.558882 0.469372
v -0.118937 0.515753 0.441102
v -0.119727 0.516757 0.444201
v -0.119362 0.515954 0.442557
v -0.107822 0.524993 0.412978
v -0.109248 0.522322 0.415674
v -0.106628 0.528213 0.411328
v -0.110904 0.520221 0.419424
v -0.110408 0.589468 0.462769
v -0.106273 0.603554 0.459203
v -0.113649 0.578398 0.465546
v -0.101253 0.620653 0.454849
v -0.120236 0.552890 0.469227
v -0.121018 0.547475 0.468117
v -0.113394 0.516551 0.424738
v -0.112281 0.518307 0.422439
v -0.097184 0.634673 0.451428
v -0.094055 0.645616 0.448939
v -0.070500 0.605595 0.348666
v -0.073638 0.600236 0.355058
v -0.090116 0.661350 0.447115
v -0.087428 0.671267 0.445377
v -0.083662 0.684256 0.442293
v -0.091704 0.654505 0.447507
v -0.121036 0.530231 0.456968
v -0.121224 0.527199 0.455585
v -0.105362 0.532331 0.410019
v -0.104037 0.537330 0.409068
v -0.096522 0.554496 0.396756
v -0.101111 0.544685 0.404681
v -0.067235 0.609559 0.341266
v -0.108797 0.662475 0.418043
v -0.112014 0.663489 0.412523
v -0.108559 0.664648 0.421589
v -0.111320 0.669863 0.423132
v -0.113653 0.673990 0.422734
v -0.115513 0.677154 0.420221
v -0.116807 0.679168 0.416229
v -0.117565 0.679999 0.410927
v -0.116859 0.680411 0.405986
v -0.115445 0.680106 0.401523
v -0.115070 0.677035 0.400322
v -0.115931 0.671225 0.401988
v -0.115782 0.667127 0.404737
v -0.114321 0.665062 0.408067
v -0.090115 0.717772 0.415288
v -0.091997 0.715082 0.418409
v -0.093674 0.712038 0.421220
v -0.094605 0.708583 0.423894
v -0.094906 0.704579 0.427041
v -0.094691 0.698062 0.432400
v -0.092407 0.696203 0.434314
v -0.084568 0.692704 0.439640
v -0.089705 0.694238 0.437387
v -0.081528 0.691794 0.440680
v -0.087172 0.671642 0.326167
v -0.046615 0.728409 0.331704
v -0.051870 0.726476 0.329807
v -0.061144 0.731298 0.346171
v -0.056066 0.733581 0.348014
v -0.056541 0.724655 0.328266
v -0.060519 0.723356 0.326917
v -0.068804 0.728683 0.343981
v -0.065423 0.729565 0.344930
v -0.073380 0.726798 0.341995
v -0.066053 0.721511 0.325066
v -0.072943 0.718628 0.322958
v -0.079000 0.723447 0.339144
v -0.086640 0.712932 0.336248
v -0.083550 0.719369 0.337184
v -0.078474 0.714849 0.321987
v -0.087203 0.669317 0.329024
v -0.089139 0.706848 0.337963
v -0.085427 0.699975 0.323753
v -0.086765 0.692106 0.325880
v -0.091162 0.700103 0.342051
v -0.088132 0.685401 0.329551
v -0.089320 0.681606 0.333487
v -0.090073 0.679480 0.336495
v -0.053628 0.734055 0.348967
v -0.044397 0.728824 0.332707
v -0.032675 0.731523 0.337738
v -0.036587 0.733327 0.335689
v -0.044389 0.737902 0.352262
v -0.040088 0.735708 0.354544
v -0.089703 0.697710 0.437950
v -0.084343 0.695764 0.440232
v -0.083165 0.704103 0.441332
v -0.089992 0.705188 0.438036
v -0.089186 0.711971 0.436152
v -0.081321 0.711186 0.439756
v -0.078986 0.716931 0.435482
v -0.087484 0.717904 0.431970
v -0.085540 0.722496 0.428149
v -0.076826 0.721451 0.431564
v -0.074893 0.724761 0.427980
v -0.083570 0.725772 0.424648
v -0.062341 0.741220 0.385540
v -0.055379 0.740096 0.387974
v -0.047704 0.739454 0.370274
v -0.053700 0.741359 0.367895
v -0.075486 0.733731 0.410711
v -0.080111 0.729473 0.418838
v -0.071982 0.728663 0.421810
v -0.067404 0.733037 0.413326
v -0.051580 0.735754 0.349487
v -0.048095 0.737926 0.350541
v -0.039890 0.732956 0.334190
v -0.042808 0.730483 0.333221
v -0.069183 0.738245 0.382744
v -0.066603 0.740533 0.383964
v -0.057896 0.740944 0.366660
v -0.061153 0.738558 0.365941
v -0.086950 0.722384 0.412820
v -0.085719 0.727514 0.415635
v -0.081041 0.731768 0.408734
v -0.083816 0.726091 0.407366
v -0.092901 0.699600 0.434404
v -0.093519 0.706581 0.434475
v -0.094183 0.705614 0.428671
v -0.093758 0.709331 0.426118
v -0.093643 0.711397 0.431521
v -0.092558 0.716756 0.427716
v -0.092876 0.713204 0.423149
v -0.091338 0.716492 0.420163
v -0.090844 0.720934 0.424210
v -0.089040 0.724041 0.420831
v -0.089677 0.719236 0.417042
v -0.067866 0.739728 0.397059
v -0.071429 0.737148 0.403449
v -0.063507 0.736466 0.405900
v -0.060271 0.738975 0.399512
v -0.077127 0.733488 0.397130
v -0.081457 0.729059 0.403185
v -0.076433 0.735635 0.402255
v -0.073739 0.736684 0.392260
v -0.071721 0.738916 0.394879
v -0.045067 0.738240 0.371571
v -0.037776 0.734539 0.355718
v -0.051993 0.739320 0.388984
v -0.030592 0.730623 0.338735
v -0.063503 0.732187 0.414573
v -0.059654 0.735622 0.407086
v -0.056555 0.738141 0.400643
v -0.068033 0.727841 0.423096
v -0.079629 0.703352 0.442489
v -0.077607 0.710402 0.440963
v -0.075012 0.716094 0.436770
v -0.081057 0.694949 0.441335
v -0.072769 0.720598 0.432875
v -0.070890 0.723912 0.429285
v -0.068855 0.594096 0.430812
v -0.070529 0.595064 0.433639
v -0.076813 0.584244 0.437496
v -0.075145 0.583333 0.434628
v -0.082908 0.572356 0.442153
v -0.081140 0.571849 0.439109
v -0.086917 0.562770 0.445221
v -0.085645 0.562772 0.442974
v -0.064121 0.603187 0.429390
v -0.088245 0.556562 0.445637
v -0.010862 0.684047 0.349621
v -0.111300 0.522260 0.435819
v -0.107914 0.535694 0.428493
v -0.109584 0.535842 0.428136
v -0.114053 0.522563 0.435179
v -0.114916 0.523137 0.435873
v -0.110044 0.536795 0.428746
v -0.109254 0.536525 0.429026
v -0.113614 0.522659 0.436365
v -0.111377 0.522178 0.436946
v -0.107894 0.536261 0.429356
v -0.105970 0.535999 0.429733
v -0.108201 0.521694 0.437614
v -0.105481 0.522316 0.437614
v -0.104317 0.536435 0.429736
v -0.102940 0.537579 0.429353
v -0.103212 0.524045 0.436943
v -0.100413 0.527461 0.435716
v -0.101255 0.539637 0.428614
v -0.099263 0.542615 0.427512
v -0.097080 0.532562 0.433929
v -0.093078 0.539786 0.430510
v -0.096881 0.546872 0.425479
v -0.094108 0.552418 0.422507
v -0.088491 0.548951 0.425608
v -0.086281 0.553386 0.422843
v -0.092779 0.554971 0.420763
v -0.092931 0.554476 0.420300
v -0.086485 0.553053 0.422243
v -0.087916 0.550018 0.423816
v -0.093810 0.552445 0.421190
v -0.095393 0.548943 0.423383
v -0.090518 0.544375 0.427493
v -0.092870 0.539224 0.430407
v -0.096805 0.545847 0.425131
v -0.098052 0.543155 0.426444
v -0.094963 0.534595 0.432536
v -0.096544 0.531461 0.433927
v -0.099003 0.541305 0.427299
v -0.099646 0.540313 0.427698
v -0.097621 0.529817 0.434585
v -0.099968 0.527678 0.435173
v -0.101060 0.539030 0.428043
v -0.103243 0.537435 0.428364
v -0.103600 0.525035 0.435702
v -0.106544 0.523311 0.436008
v -0.105028 0.536375 0.428565
v -0.106391 0.535870 0.428640
v -0.108798 0.522509 0.436096
v -0.103116 0.544972 0.424195
v -0.101710 0.546171 0.423797
v -0.100893 0.547131 0.423435
v -0.100067 0.548483 0.422842
v -0.099386 0.549959 0.422066
v -0.099491 0.550205 0.422337
v -0.100875 0.547978 0.423536
v -0.102169 0.546413 0.424201
v -0.103302 0.545311 0.424595
v -0.104486 0.544795 0.424683
v -0.104134 0.544297 0.424468
v -0.113175 0.514933 0.441405
v -0.115926 0.515483 0.440722
v -0.112643 0.514668 0.438834
v -0.109469 0.515023 0.439260
v -0.106599 0.516046 0.439234
v -0.102969 0.518205 0.438977
v -0.098596 0.521496 0.438476
v -0.095749 0.524130 0.437819
v -0.094423 0.526108 0.436979
v -0.092510 0.529824 0.435295
v -0.090054 0.535177 0.432841
v -0.087340 0.541075 0.429433
v -0.081596 0.553414 0.423553
v -0.084476 0.547889 0.427086
v -0.090273 0.536632 0.433313
v -0.095314 0.527687 0.437716
v -0.099460 0.521334 0.440051
v -0.103000 0.517153 0.441548
v -0.105933 0.515143 0.442214
v -0.109325 0.514404 0.442165
v -0.084332 0.547558 0.425022
v -0.081838 0.553147 0.422730
v -0.117577 0.516053 0.440119
v -0.116137 0.514989 0.437959
v -0.105024 0.544113 0.424506
v -0.105043 0.544494 0.424688
v -0.099511 0.552006 0.462451
v -0.102399 0.552382 0.464349
v -0.102938 0.548014 0.462771
v -0.100605 0.547770 0.461702
v -0.103780 0.552142 0.467946
v -0.102144 0.551282 0.471310
v -0.104515 0.547004 0.470302
v -0.106248 0.547888 0.467059
v -0.098539 0.546568 0.461969
v -0.097181 0.544618 0.463458
v -0.095846 0.548267 0.463821
v -0.097060 0.550536 0.462557
v -0.101963 0.555365 0.469272
v -0.100028 0.558674 0.471108
v -0.100800 0.554681 0.472044
v -0.097906 0.555065 0.465217
v -0.096931 0.557440 0.467458
v -0.099032 0.558749 0.469495
v -0.100638 0.555803 0.467465
v -0.095119 0.551235 0.464580
v -0.095457 0.555699 0.466165
v -0.096156 0.553595 0.463752
v -0.100060 0.543312 0.462083
v -0.101348 0.538536 0.464221
v -0.098587 0.541590 0.463618
v -0.104229 0.543573 0.462628
v -0.105747 0.538715 0.465362
v -0.103247 0.538456 0.464688
v -0.102057 0.543377 0.461974
v -0.106334 0.543736 0.469728
v -0.108159 0.540259 0.467626
v -0.107957 0.544616 0.466166
v -0.106051 0.543785 0.463420
v -0.107683 0.544088 0.464502
v -0.108102 0.539629 0.466724
v -0.107405 0.539138 0.466067
v -0.104267 0.551844 0.465337
v -0.106637 0.547547 0.464514
v -0.104690 0.547430 0.463310
v -0.034303 0.633892 0.400399
v -0.033436 0.626826 0.389531
v -0.029616 0.636741 0.384691
v -0.030558 0.643412 0.397163
v -0.035047 0.663512 0.428723
v -0.034624 0.664888 0.427602
v -0.035680 0.669540 0.433104
v -0.035805 0.666973 0.434120
v -0.090818 0.602355 0.460430
v -0.080276 0.620058 0.453041
v -0.083861 0.621121 0.455496
v -0.094346 0.547276 0.463311
v -0.094998 0.547285 0.463740
v -0.096372 0.543567 0.463310
v -0.095840 0.543184 0.462790
v -0.098171 0.539502 0.463160
v -0.098497 0.540218 0.463643
v -0.101377 0.537239 0.464740
v -0.101339 0.536231 0.464421
v -0.104570 0.534765 0.465333
v -0.104228 0.535899 0.465606
v -0.107051 0.536199 0.466238
v -0.107868 0.535102 0.465899
v -0.109789 0.539174 0.468381
v -0.108553 0.539648 0.468601
v -0.107031 0.543134 0.470379
v -0.108310 0.543285 0.470557
v -0.105846 0.547490 0.472248
v -0.104699 0.547026 0.471766
v -0.102274 0.551317 0.472990
v -0.103138 0.551789 0.473651
v -0.101176 0.556472 0.473846
v -0.100681 0.555637 0.473150
v -0.099814 0.559988 0.472194
v -0.100054 0.561540 0.472841
v -0.098243 0.562970 0.471049
v -0.098415 0.561259 0.470643
v -0.096202 0.559446 0.468407
v -0.095659 0.560754 0.468467
v -0.094123 0.557066 0.466257
v -0.094821 0.556191 0.466436
v -0.094481 0.551494 0.464782
v -0.093773 0.551902 0.464465
v -0.042936 0.648506 0.430514
v -0.042306 0.648566 0.430847
v -0.046583 0.647364 0.432768
v -0.047106 0.647377 0.432410
v -0.052084 0.647342 0.434765
v -0.051556 0.647352 0.435017
v -0.057203 0.648549 0.437527
v -0.057583 0.648556 0.437421
v -0.059187 0.651494 0.440865
v -0.058796 0.651392 0.440898
v -0.056388 0.655837 0.445279
v -0.056980 0.656093 0.445299
v -0.053371 0.659619 0.447201
v -0.052754 0.659219 0.447160
v -0.047821 0.661595 0.446365
v -0.048295 0.662125 0.446404
v -0.043523 0.663146 0.443748
v -0.043126 0.662724 0.443659
v -0.038710 0.662584 0.439117
v -0.039076 0.662672 0.439287
v -0.036780 0.662302 0.435263
v -0.036472 0.662393 0.435038
v -0.035624 0.661779 0.430016
v -0.036850 0.657356 0.427598
v -0.039274 0.651193 0.429376
v -0.039543 0.651285 0.428965
v -0.036275 0.658285 0.427596
v -0.036382 0.658202 0.427843
v -0.038989 0.652445 0.429658
v -0.038857 0.652277 0.429360
v -0.042132 0.648698 0.431179
v -0.042155 0.649034 0.431448
v -0.045986 0.647996 0.433180
v -0.046211 0.647571 0.433025
v -0.051127 0.647540 0.435188
v -0.050794 0.647907 0.435271
v -0.056533 0.648803 0.437604
v -0.056856 0.648632 0.437586
v -0.058416 0.651322 0.440827
v -0.058047 0.651284 0.440649
v -0.055356 0.655334 0.444453
v -0.055846 0.655585 0.444989
v -0.052250 0.658802 0.446799
v -0.051853 0.658373 0.446100
v -0.047450 0.660470 0.445372
v -0.047539 0.661043 0.446022
v -0.043007 0.662183 0.443364
v -0.043168 0.661527 0.442858
v -0.039082 0.661519 0.438662
v -0.038710 0.662200 0.438910
v -0.036450 0.662042 0.434099
v -0.036821 0.661466 0.434069
v -0.035569 0.661189 0.429341
v -0.035378 0.661520 0.429204
v -0.036620 0.658166 0.427979
v -0.037799 0.658086 0.428302
v -0.040043 0.653050 0.429372
v -0.039247 0.652621 0.429761
v -0.042332 0.649354 0.431488
v -0.042954 0.649926 0.430920
v -0.046372 0.649033 0.432445
v -0.045973 0.648388 0.433126
v -0.050642 0.648279 0.435164
v -0.050784 0.648966 0.434431
v -0.056174 0.649796 0.436804
v -0.056298 0.649060 0.437495
v -0.057720 0.651388 0.440376
v -0.057438 0.652111 0.439586
v -0.054595 0.655777 0.442745
v -0.054928 0.655251 0.443852
v -0.051536 0.658127 0.445366
v -0.051405 0.658449 0.444104
v -0.047765 0.660234 0.443520
v -0.047462 0.660087 0.444699
v -0.043447 0.661056 0.442354
v -0.044134 0.661068 0.441405
v -0.040589 0.660935 0.437897
v -0.039571 0.661006 0.438442
v -0.037300 0.661026 0.434058
v -0.038369 0.660975 0.433856
v -0.037125 0.660699 0.429733
v -0.035886 0.660950 0.429439
v -0.019550 0.692785 0.385408
v -0.021762 0.700665 0.403788
v -0.024373 0.697359 0.406432
v -0.021522 0.688682 0.387144
v -0.018934 0.705930 0.381110
v -0.021619 0.711238 0.379741
v -0.023378 0.713187 0.397956
v -0.021525 0.707276 0.399820
v -0.023871 0.714729 0.379106
v -0.025234 0.716985 0.379100
v -0.024545 0.716643 0.397088
v -0.031234 0.724631 0.377615
v -0.033579 0.725756 0.393971
v -0.027661 0.720254 0.395642
v -0.027740 0.720078 0.378582
v -0.044607 0.598830 0.398172
v -0.037944 0.614643 0.394064
v -0.039038 0.621548 0.403821
v -0.045963 0.605741 0.407982
v -0.103164 0.517160 0.425992
v -0.100114 0.518012 0.427416
v -0.101304 0.516500 0.428793
v -0.104308 0.515635 0.427735
v -0.099633 0.520889 0.420056
v -0.096574 0.521824 0.421870
v -0.098544 0.519789 0.425115
v -0.101609 0.518905 0.423436
v -0.095648 0.537834 0.412246
v -0.092326 0.539402 0.413478
v -0.093558 0.532774 0.414947
v -0.096528 0.531690 0.413780
v -0.089584 0.553368 0.400560
v -0.086823 0.553740 0.402414
v -0.090124 0.546370 0.409337
v -0.093344 0.545043 0.407858
v -0.080452 0.571983 0.383846
v -0.077316 0.571453 0.385701
v -0.082492 0.562162 0.394501
v -0.085255 0.562425 0.392512
v -0.073699 0.591833 0.363984
v -0.069093 0.590152 0.367009
v -0.072883 0.580506 0.376454
v -0.076610 0.581675 0.374298
v -0.067677 0.605005 0.349462
v -0.063271 0.603037 0.354174
v -0.065889 0.597886 0.359676
v -0.070812 0.599646 0.355970
v -0.059145 0.607464 0.346510
v -0.064201 0.608946 0.342146
v -0.091690 0.526130 0.432453
v -0.095114 0.523205 0.428880
v -0.093175 0.525947 0.425817
v -0.089435 0.530230 0.429922
v -0.089209 0.537166 0.416724
v -0.087929 0.543379 0.414525
v -0.082394 0.549751 0.415405
v -0.083504 0.544882 0.419117
v -0.083312 0.555360 0.404775
v -0.079390 0.558489 0.407776
v -0.081031 0.554350 0.411640
v -0.086049 0.549495 0.410567
v -0.073708 0.572027 0.389931
v -0.069637 0.573392 0.396140
v -0.075639 0.565270 0.402883
v -0.079187 0.563040 0.397902
v -0.064299 0.588393 0.371842
v -0.059160 0.586411 0.378494
v -0.063952 0.579748 0.388258
v -0.068712 0.579876 0.381086
v -0.057361 0.599818 0.359715
v -0.050596 0.595529 0.366116
v -0.054432 0.591350 0.371287
v -0.060399 0.595434 0.364887
v -0.047318 0.610189 0.344327
v -0.044242 0.608509 0.348473
v -0.049292 0.602633 0.356761
v -0.053188 0.604977 0.353285
v -0.041501 0.618500 0.339929
v -0.035646 0.629492 0.340003
v -0.034096 0.626843 0.343287
v -0.039097 0.616649 0.343745
v -0.026879 0.651108 0.354487
v -0.026168 0.649469 0.356512
v -0.030345 0.638533 0.349369
v -0.031251 0.640754 0.346400
v -0.023523 0.662518 0.363918
v -0.022100 0.674888 0.375781
v -0.021754 0.672341 0.379213
v -0.022862 0.659689 0.367408
v -0.022732 0.685564 0.391113
v -0.025480 0.694094 0.408861
v -0.025528 0.690843 0.410900
v -0.022635 0.682831 0.393901
v -0.028058 0.700622 0.419495
v -0.030768 0.703719 0.420642
v -0.028081 0.696755 0.420444
v -0.036406 0.702803 0.426285
v -0.042806 0.701300 0.431670
v -0.043927 0.697316 0.434898
v -0.037516 0.696767 0.430721
v -0.078483 0.554007 0.420146
v -0.079920 0.550494 0.420261
v -0.078847 0.554640 0.416015
v -0.077984 0.556079 0.417951
v -0.077768 0.556994 0.416938
v -0.067629 0.574822 0.401245
v -0.073512 0.566460 0.407688
v -0.060306 0.580446 0.396098
v -0.055410 0.585099 0.387372
v -0.054977 0.586400 0.397918
v -0.059155 0.582360 0.403087
v -0.051675 0.588593 0.393563
v -0.051750 0.588024 0.381014
v -0.047046 0.590311 0.375638
v -0.047741 0.590321 0.389156
v -0.031047 0.624581 0.358415
v -0.029747 0.631050 0.371988
v -0.033430 0.621448 0.376681
v -0.034420 0.615898 0.361182
v -0.024943 0.645684 0.363456
v -0.027046 0.638567 0.369463
v -0.028328 0.633312 0.357426
v -0.023148 0.665496 0.384566
v -0.026873 0.653834 0.391850
v -0.026461 0.645416 0.378848
v -0.023811 0.654018 0.372403
v -0.087902 0.537879 0.436898
v -0.087690 0.537822 0.435098
v -0.081210 0.549829 0.428008
v -0.081853 0.549795 0.430166
v -0.097691 0.521761 0.444610
v -0.097774 0.521371 0.443130
v -0.093210 0.528206 0.440217
v -0.093180 0.528408 0.441803
v -0.113708 0.515674 0.445986
v -0.113452 0.514776 0.444221
v -0.109385 0.514361 0.444881
v -0.109497 0.515190 0.446694
v -0.110321 0.534813 0.465959
v -0.111164 0.536231 0.466574
v -0.110599 0.534070 0.465284
v -0.105023 0.532311 0.463385
v -0.104835 0.533570 0.464593
v -0.108403 0.534094 0.465310
v -0.108658 0.533168 0.464471
v -0.098561 0.537833 0.459852
v -0.098191 0.538707 0.461896
v -0.101431 0.535106 0.463454
v -0.101657 0.533865 0.461846
v -0.094664 0.548413 0.458787
v -0.094235 0.547652 0.461660
v -0.095792 0.542889 0.461297
v -0.096229 0.542682 0.458832
v -0.093594 0.559649 0.461751
v -0.094087 0.558189 0.464557
v -0.093667 0.552751 0.462746
v -0.094161 0.554037 0.459623
v -0.098320 0.566599 0.468241
v -0.098249 0.564748 0.470264
v -0.095616 0.562187 0.467063
v -0.095006 0.563747 0.464695
v -0.061132 0.587906 0.417124
v -0.060406 0.585569 0.409134
v -0.055552 0.589239 0.404096
v -0.055933 0.594524 0.413287
v -0.066174 0.579186 0.415128
v -0.066845 0.580141 0.421707
v -0.073526 0.569421 0.427047
v -0.072882 0.569365 0.421203
v -0.078333 0.556188 0.426194
v -0.077814 0.555628 0.424273
v -0.077275 0.556505 0.422690
v -0.076969 0.557344 0.422983
v -0.093140 0.555103 0.455782
v -0.090614 0.555921 0.451248
v -0.089297 0.562340 0.450648
v -0.092021 0.560945 0.457184
v -0.080275 0.584206 0.443665
v -0.084539 0.583852 0.450651
v -0.089560 0.570468 0.455380
v -0.085858 0.571773 0.448118
v -0.067233 0.606325 0.436321
v -0.070268 0.611402 0.440531
v -0.078343 0.598223 0.445014
v -0.073536 0.596564 0.439464
v -0.057373 0.618443 0.433864
v -0.049141 0.632147 0.429410
v -0.054153 0.634460 0.434134
v -0.060427 0.624458 0.437728
v -0.043665 0.647012 0.429415
v -0.048163 0.645942 0.431824
v -0.050554 0.642436 0.431903
v -0.045005 0.643612 0.428559
v -0.039303 0.648218 0.425285
v -0.035673 0.658104 0.424779
v -0.036172 0.658289 0.426431
v -0.039571 0.650617 0.427586
v -0.037351 0.645363 0.419023
v -0.035625 0.639995 0.410206
v -0.031916 0.649505 0.408605
v -0.033758 0.655056 0.419012
v -0.030284 0.667243 0.417318
v -0.028155 0.661109 0.404677
v -0.024239 0.674808 0.398394
v -0.027172 0.681953 0.413921
v -0.032558 0.672334 0.426285
v -0.030260 0.686175 0.424301
v -0.033607 0.687457 0.429562
v -0.035007 0.676377 0.431570
v -0.045367 0.690270 0.438696
v -0.046912 0.680118 0.443133
v -0.039761 0.678974 0.437180
v -0.038606 0.688825 0.434350
v -0.045495 0.670448 0.445402
v -0.039321 0.669294 0.439666
v -0.039997 0.672463 0.438956
v -0.046947 0.673512 0.445365
v -0.053940 0.670558 0.448726
v -0.060966 0.663605 0.449036
v -0.057905 0.662430 0.448866
v -0.051687 0.668159 0.448468
v -0.061824 0.650306 0.442646
v -0.060293 0.651155 0.441328
v -0.058087 0.656216 0.445699
v -0.059724 0.656190 0.446533
v -0.049042 0.663531 0.446903
v -0.050055 0.665816 0.447860
v -0.055715 0.661336 0.448399
v -0.054364 0.660324 0.447614
v -0.039192 0.663963 0.439535
v -0.039051 0.666460 0.439861
v -0.044509 0.667525 0.445014
v -0.043988 0.664747 0.444200
v -0.035569 0.662532 0.430120
v -0.036112 0.665379 0.435496
v -0.036715 0.663053 0.435370
v -0.053302 0.646107 0.434895
v -0.058658 0.647731 0.437924
v -0.055286 0.643675 0.435385
v -0.087312 0.601332 0.456692
v -0.082932 0.599811 0.450758
v -0.073474 0.615742 0.444736
v -0.076806 0.618721 0.449576
v -0.096848 0.573797 0.465540
v -0.093221 0.571141 0.461186
v -0.089063 0.584563 0.456818
v -0.093846 0.586340 0.462165
v -0.097905 0.587541 0.464926
v -0.102209 0.588277 0.464412
v -0.105241 0.576886 0.467355
v -0.100520 0.575679 0.467807
v -0.087301 0.621344 0.456569
v -0.091968 0.620821 0.456550
v -0.097788 0.602924 0.460809
v -0.093500 0.602766 0.461180
v -0.087255 0.634243 0.453306
v -0.082420 0.634629 0.453249
v -0.078840 0.642614 0.451222
v -0.083660 0.643181 0.451087
v -0.080165 0.651181 0.449769
v -0.075082 0.650171 0.449961
v -0.071127 0.657301 0.449462
v -0.076789 0.658236 0.449363
v -0.107646 0.567999 0.470372
v -0.102261 0.566687 0.471367
v -0.101850 0.569303 0.469776
v -0.106614 0.571764 0.468861
v -0.114067 0.547155 0.470706
v -0.109092 0.547521 0.471961
v -0.106406 0.552017 0.473350
v -0.112471 0.551999 0.472209
v -0.110972 0.543039 0.469952
v -0.115001 0.542400 0.468558
v -0.115223 0.537993 0.465436
v -0.112062 0.538545 0.467428
v -0.104404 0.557111 0.473570
v -0.103034 0.562806 0.472586
v -0.108916 0.563811 0.471404
v -0.110786 0.557554 0.472448
v -0.103796 0.514363 0.435642
v -0.107086 0.513244 0.435258
v -0.105609 0.514333 0.430811
v -0.102527 0.515290 0.431528
v -0.099450 0.517635 0.433176
v -0.096776 0.519391 0.435998
v -0.100874 0.516002 0.436471
v -0.096730 0.520958 0.430941
v -0.093487 0.523176 0.434205
v -0.094847 0.521348 0.435208
v -0.098072 0.519255 0.431939
v -0.077506 0.556680 0.419572
v -0.077141 0.556692 0.421720
v -0.077411 0.556012 0.422029
v -0.077681 0.555733 0.420713
v -0.077191 0.557814 0.418389
v -0.076711 0.557703 0.421029
v -0.079553 0.580923 0.374134
v -0.081604 0.582192 0.371504
v -0.077107 0.591212 0.363336
v -0.087850 0.563041 0.390566
v -0.090318 0.564044 0.388656
v -0.085279 0.573994 0.379326
v -0.083085 0.572820 0.381720
v -0.096497 0.544373 0.406472
v -0.099581 0.544364 0.405174
v -0.095045 0.554180 0.397235
v -0.092295 0.553531 0.398812
v -0.099837 0.531413 0.412341
v -0.103481 0.531945 0.410627
v -0.102373 0.536982 0.409604
v -0.098991 0.537021 0.410954
v -0.105062 0.518913 0.421753
v -0.108906 0.519813 0.420065
v -0.107154 0.521890 0.416352
v -0.103159 0.520909 0.418217
v -0.107708 0.515525 0.426587
v -0.111503 0.516173 0.425341
v -0.110351 0.517916 0.423051
v -0.106576 0.517122 0.424535
v -0.110724 0.512822 0.434481
v -0.114709 0.513093 0.433311
v -0.112952 0.514571 0.428752
v -0.109086 0.514095 0.429886
v -0.109323 0.514067 0.443373
v -0.113278 0.514500 0.442695
v -0.102259 0.516841 0.443161
v -0.105648 0.514849 0.443529
v -0.093902 0.527948 0.438844
v -0.098344 0.521209 0.441600
v -0.082085 0.549189 0.426983
v -0.088480 0.537404 0.433905
v -0.079056 0.554730 0.421776
v -0.078802 0.555001 0.422921
v -0.079289 0.553400 0.421328
v -0.082044 0.551820 0.422450
v -0.080951 0.549020 0.422290
v -0.090782 0.528678 0.434844
v -0.088406 0.533631 0.432500
v -0.094051 0.523237 0.437397
v -0.092672 0.525187 0.436499
v -0.101344 0.516946 0.438182
v -0.096938 0.520488 0.437954
v -0.108376 0.513454 0.438082
v -0.105161 0.514599 0.438225
v -0.032957 0.723887 0.406406
v -0.028027 0.720338 0.404650
v -0.033736 0.725104 0.403262
v -0.042443 0.703893 0.429366
v -0.036134 0.706445 0.423339
v -0.040286 0.707053 0.424159
v -0.054329 0.699755 0.435779
v -0.049409 0.698289 0.436612
v -0.048033 0.701236 0.434114
v -0.052716 0.702737 0.433421
v -0.062099 0.689315 0.442864
v -0.054291 0.683366 0.445091
v -0.051709 0.692368 0.440207
v -0.057444 0.695707 0.438645
v -0.072305 0.667627 0.448195
v -0.065764 0.665340 0.448809
v -0.058931 0.674290 0.447990
v -0.066864 0.679380 0.446262
v -0.105526 0.515819 0.446791
v -0.105519 0.515098 0.445054
v -0.101876 0.516999 0.444742
v -0.101807 0.517561 0.446275
v -0.115772 0.513224 0.436387
v -0.111913 0.512996 0.437471
v -0.104767 0.603240 0.459689
v -0.101543 0.603081 0.460313
v -0.096074 0.620476 0.456152
v -0.099626 0.620309 0.455377
v -0.088080 0.644043 0.450540
v -0.092084 0.645201 0.449579
v -0.095392 0.634298 0.452005
v -0.091592 0.634132 0.452891
v -0.082270 0.659407 0.448857
v -0.087537 0.660818 0.447934
v -0.089464 0.654040 0.448221
v -0.084974 0.652471 0.449191
v -0.031198 0.723924 0.410615
v -0.030529 0.726620 0.417165
v -0.025289 0.723496 0.416779
v -0.026141 0.720505 0.409326
v -0.022853 0.715699 0.409648
v -0.021357 0.718877 0.416861
v -0.018753 0.712833 0.417388
v -0.021264 0.709547 0.411591
v -0.021833 0.705497 0.414744
v -0.018897 0.708769 0.419824
v -0.021779 0.706637 0.424208
v -0.024492 0.703504 0.419118
v -0.027137 0.704009 0.421761
v -0.024863 0.706995 0.426641
v -0.028192 0.709851 0.427083
v -0.030212 0.706971 0.422698
v -0.033935 0.709152 0.423636
v -0.032504 0.712690 0.427928
v -0.037385 0.715641 0.429084
v -0.038371 0.710542 0.424564
v -0.048364 0.715581 0.427803
v -0.047644 0.719758 0.431913
v -0.045281 0.722534 0.427735
v -0.046106 0.718611 0.423426
v -0.041893 0.721495 0.418759
v -0.041143 0.724998 0.423575
v -0.035440 0.727243 0.419368
v -0.036090 0.724351 0.413710
v -0.029796 0.729755 0.424427
v -0.029007 0.733320 0.432402
v -0.024831 0.730779 0.433113
v -0.024821 0.726917 0.424710
v -0.020861 0.722733 0.424976
v -0.021395 0.727259 0.433994
v -0.018675 0.722776 0.435039
v -0.017849 0.717239 0.425203
v -0.017817 0.713466 0.427341
v -0.018667 0.719609 0.437281
v -0.021326 0.717698 0.440756
v -0.020697 0.711366 0.431425
v -0.023887 0.711723 0.433499
v -0.024187 0.718222 0.442314
v -0.027517 0.721366 0.441944
v -0.027428 0.714624 0.433517
v -0.031458 0.717662 0.433976
v -0.030815 0.724089 0.441775
v -0.034486 0.726295 0.441873
v -0.036104 0.720897 0.434854
v -0.045554 0.724134 0.436820
v -0.042220 0.728733 0.442493
v -0.040410 0.730720 0.439402
v -0.043391 0.726565 0.433066
v -0.039567 0.728662 0.429446
v -0.037175 0.732498 0.436368
v -0.032975 0.733973 0.433443
v -0.034427 0.730451 0.425945
v -0.028577 0.736380 0.440177
v -0.028495 0.738926 0.447752
v -0.026242 0.737783 0.448254
v -0.025305 0.734402 0.440960
v -0.022523 0.731686 0.442025
v -0.024238 0.735997 0.449076
v -0.022484 0.733589 0.450209
v -0.020214 0.728233 0.443369
v -0.020258 0.725750 0.445366
v -0.022608 0.731877 0.451615
v -0.024576 0.730840 0.453307
v -0.022623 0.724192 0.448044
v -0.025060 0.724748 0.449136
v -0.026496 0.731314 0.453957
v -0.028348 0.733281 0.453572
v -0.027846 0.727604 0.448623
v -0.030130 0.728747 0.447414
v -0.030211 0.734014 0.452418
v -0.033143 0.730494 0.447088
v -0.038628 0.732813 0.447880
v -0.034744 0.736371 0.452979
v -0.033677 0.737363 0.451476
v -0.037181 0.734319 0.445541
v -0.034666 0.735727 0.443175
v -0.032326 0.738282 0.449913
v -0.030530 0.739108 0.448301
v -0.031674 0.736855 0.440896
v -0.044559 0.707273 0.425813
v -0.050243 0.708509 0.426938
v -0.051416 0.705689 0.430430
v -0.046397 0.704220 0.430528
v -0.042036 0.717426 0.430746
v -0.046498 0.718041 0.432923
v -0.047150 0.713329 0.428783
v -0.042788 0.711944 0.426267
v -0.038008 0.727480 0.442454
v -0.041339 0.727626 0.443519
v -0.044507 0.722788 0.437859
v -0.040456 0.722600 0.436149
v -0.031748 0.735417 0.453300
v -0.034036 0.735705 0.453589
v -0.037856 0.731930 0.448764
v -0.035102 0.731776 0.448161
v -0.020439 0.703785 0.401543
v -0.017833 0.697297 0.383763
v -0.017641 0.701628 0.383069
v -0.028134 0.740453 0.452739
v -0.027446 0.740935 0.455141
v -0.026407 0.740505 0.455353
v -0.026620 0.739815 0.453053
v -0.025229 0.738678 0.453658
v -0.025448 0.739723 0.455774
v -0.024592 0.738621 0.456396
v -0.023946 0.737048 0.454550
v -0.024081 0.735898 0.455513
v -0.024700 0.737835 0.457057
v -0.025785 0.737359 0.457765
v -0.025630 0.735236 0.456544
v -0.027028 0.735568 0.456919
v -0.026751 0.737576 0.458016
v -0.027586 0.738476 0.457813
v -0.028273 0.736910 0.456635
v -0.029712 0.737784 0.456530
v -0.028594 0.739091 0.457738
v -0.029739 0.739389 0.457803
v -0.031377 0.738187 0.456606
v -0.031909 0.738679 0.456188
v -0.030114 0.739745 0.457515
v -0.029715 0.740141 0.456882
v -0.031331 0.739271 0.455278
v -0.030510 0.739874 0.454260
v -0.029127 0.740547 0.456181
v -0.028348 0.740957 0.455415
v -0.029424 0.740474 0.453141
v -0.032050 0.702398 0.422703
v -0.033152 0.695338 0.427742
v -0.029327 0.695434 0.422503
v -0.109975 0.519200 0.452063
v -0.110317 0.521838 0.455030
v -0.114591 0.521797 0.453719
v -0.114313 0.519458 0.450961
v -0.102558 0.521330 0.451792
v -0.103145 0.523843 0.454684
v -0.106504 0.522519 0.455354
v -0.106057 0.519824 0.452341
v -0.094919 0.530669 0.447608
v -0.095864 0.532359 0.450400
v -0.099603 0.527124 0.453036
v -0.098845 0.524945 0.450215
v -0.085300 0.549589 0.437363
v -0.087179 0.549557 0.441329
v -0.091702 0.539896 0.446453
v -0.090363 0.538968 0.443251
v -0.077495 0.559822 0.423688
v -0.077216 0.560799 0.424493
v -0.080449 0.557317 0.429971
v -0.077398 0.559898 0.413156
v -0.078152 0.557790 0.412528
v -0.077246 0.560691 0.410141
v -0.076584 0.561618 0.411804
v -0.109627 0.516339 0.448438
v -0.109782 0.517661 0.450197
v -0.114119 0.518059 0.449238
v -0.113919 0.516817 0.447633
v -0.101957 0.518551 0.447967
v -0.102227 0.519844 0.449875
v -0.105819 0.518256 0.450409
v -0.105641 0.516918 0.448553
v -0.093579 0.528941 0.443605
v -0.094263 0.529717 0.445654
v -0.098375 0.523665 0.448290
v -0.097938 0.522559 0.446320
v -0.082824 0.549723 0.432501
v -0.084129 0.549618 0.435010
v -0.089469 0.538459 0.441146
v -0.088495 0.538091 0.438916
v -0.077091 0.558079 0.423102
v -0.077544 0.558926 0.423274
v -0.079822 0.556930 0.428501
v -0.078875 0.556534 0.427282
v -0.077043 0.558961 0.417167
v -0.076734 0.559822 0.416109
v -0.076228 0.559868 0.419438
v -0.076532 0.558799 0.420283
v -0.078445 0.556506 0.414112
v -0.077635 0.559186 0.414236
v -0.077573 0.558303 0.415374
v -0.027874 0.740834 0.457001
v -0.028553 0.740654 0.457461
v -0.028799 0.740213 0.458089
v -0.027975 0.740102 0.457898
v -0.041122 0.724621 0.406617
v -0.037511 0.724782 0.407032
v -0.039378 0.726863 0.402154
v -0.116171 0.514999 0.442037
v -0.118006 0.515560 0.441406
v -0.116786 0.516127 0.445262
v -0.118738 0.516552 0.444520
v -0.118386 0.515753 0.442875
v -0.116454 0.515243 0.443549
v -0.117269 0.518494 0.448394
v -0.119237 0.518970 0.447666
v -0.119004 0.517672 0.446092
v -0.117045 0.517264 0.446850
v -0.117621 0.522004 0.452702
v -0.117958 0.524171 0.455007
v -0.119810 0.524637 0.454117
v -0.119499 0.522477 0.451950
v -0.119933 0.530001 0.457323
v -0.120128 0.526972 0.455939
v -0.118034 0.526422 0.456883
v -0.117855 0.529399 0.458312
v -0.118073 0.542221 0.467313
v -0.120264 0.542376 0.466379
v -0.120065 0.538201 0.463075
v -0.117859 0.537924 0.463921
v -0.116425 0.552217 0.470862
v -0.118934 0.552620 0.469646
v -0.119850 0.547234 0.468493
v -0.117547 0.547056 0.469530
v -0.113086 0.564591 0.470183
v -0.115916 0.565149 0.469020
v -0.117621 0.558593 0.469822
v -0.114938 0.558064 0.471080
v -0.110536 0.572953 0.468072
v -0.113523 0.573529 0.467199
v -0.114745 0.569462 0.468318
v -0.111806 0.568925 0.469355
v -0.105893 0.588819 0.463850
v -0.108945 0.589168 0.463237
v -0.112174 0.578095 0.466020
v -0.109119 0.577695 0.466759
v -0.048390 0.710981 0.426805
v -0.049452 0.710188 0.425629
v -0.044144 0.709219 0.424104
v -0.047071 0.716427 0.420546
v -0.047756 0.715910 0.419206
v -0.049745 0.712608 0.424114
v -0.049109 0.713125 0.425156
v -0.117744 0.532138 0.459787
v -0.117747 0.534567 0.461404
v -0.119930 0.534967 0.460563
v -0.119859 0.532680 0.458848
v -0.108670 0.536736 0.466844
v -0.109025 0.537757 0.467557
v -0.110229 0.536874 0.467135
v -0.109766 0.535735 0.466461
v -0.085865 0.539031 0.429209
v -0.083088 0.545012 0.424845
v -0.042550 0.596719 0.370862
v -0.038367 0.606711 0.365532
v -0.037680 0.609990 0.381409
v -0.043122 0.595962 0.385173
v -0.050067 0.601012 0.409435
v -0.052639 0.598485 0.410746
v -0.052095 0.592283 0.401674
v -0.048912 0.593908 0.400480
v -0.064067 0.618566 0.438464
v -0.065787 0.616284 0.438368
v -0.063433 0.610302 0.434227
v -0.061125 0.612203 0.434185
v -0.108365 0.531056 0.462881
v -0.107522 0.527760 0.460539
v -0.104228 0.528317 0.459600
v -0.104820 0.530560 0.461720
v -0.111815 0.530739 0.462317
v -0.115101 0.529718 0.459876
v -0.115044 0.526463 0.458294
v -0.111128 0.527140 0.460107
v -0.112451 0.535424 0.465390
v -0.115249 0.534727 0.463002
v -0.115206 0.532417 0.461524
v -0.112244 0.533521 0.464051
v -0.084563 0.670668 0.446297
v -0.078603 0.669402 0.447365
v -0.074411 0.682586 0.444651
v -0.080533 0.683645 0.443299
v -0.087275 0.534771 0.426793
v -0.091592 0.528233 0.422239
v -0.090442 0.532110 0.419307
v -0.085121 0.539866 0.422938
v -0.094532 0.527799 0.416829
v -0.095240 0.524498 0.419110
v -0.098228 0.523560 0.417415
v -0.097388 0.526918 0.415504
v -0.105718 0.524554 0.413658
v -0.104600 0.527793 0.411984
v -0.100746 0.526920 0.413889
v -0.101720 0.523580 0.415594
v -0.077892 0.561618 0.426901
v -0.079016 0.561828 0.431316
v -0.082232 0.556986 0.435009
v -0.080993 0.557072 0.431858
v -0.071182 0.636967 0.447590
v -0.074600 0.641226 0.449476
v -0.077969 0.634414 0.451378
v -0.073616 0.632399 0.449050
v -0.064992 0.648727 0.444045
v -0.062700 0.655008 0.447868
v -0.069705 0.648430 0.447975
v -0.097531 0.535309 0.455302
v -0.098341 0.536700 0.457653
v -0.101479 0.532441 0.459978
v -0.100898 0.530832 0.457855
v -0.092404 0.548942 0.452148
v -0.094053 0.548842 0.455617
v -0.095866 0.542168 0.456200
v -0.094699 0.541346 0.453399
v -0.063301 0.657323 0.449265
v -0.066463 0.657835 0.449391
v -0.072726 0.649396 0.450023
v -0.110661 0.524474 0.457994
v -0.114870 0.524137 0.456476
v -0.103735 0.526356 0.457577
v -0.106951 0.525214 0.458365
v -0.096811 0.534050 0.453196
v -0.100355 0.529302 0.455854
v -0.090387 0.549177 0.447959
v -0.093484 0.540684 0.450556
v -0.084055 0.556709 0.439956
v -0.081357 0.562144 0.437563
v -0.075380 0.561752 0.414538
v -0.074787 0.562058 0.418472
v -0.075640 0.560925 0.418836
v -0.076168 0.560720 0.415233
v -0.065553 0.574919 0.404147
v -0.064311 0.576390 0.409056
v -0.070445 0.567201 0.415092
v -0.071222 0.566543 0.411122
v -0.076819 0.570500 0.433803
v -0.070290 0.581633 0.428776
v -0.064208 0.591190 0.424687
v -0.058293 0.599525 0.421192
v -0.051396 0.608121 0.418051
v -0.057545 0.609594 0.428097
v -0.060268 0.607408 0.428400
v -0.053811 0.605364 0.418985
v -0.040542 0.628138 0.412980
v -0.042607 0.633950 0.422081
v -0.052764 0.615358 0.426844
v -0.048125 0.612289 0.417102
v -0.119298 0.520701 0.449844
v -0.117514 0.520185 0.450435
v -0.059639 0.651801 0.434092
v -0.061047 0.654377 0.437188
v -0.057883 0.658461 0.440705
v -0.054330 0.661434 0.442217
v -0.050280 0.663422 0.441567
v -0.046236 0.664350 0.439213
v -0.042289 0.664201 0.435308
v -0.039818 0.664246 0.430808
v -0.038432 0.663940 0.426218
v -0.039181 0.661030 0.424622
v -0.041678 0.655423 0.425815
v -0.044921 0.651944 0.427538
v -0.048726 0.650949 0.429237
v -0.053638 0.650875 0.431448
v -0.059828 0.584374 0.406869
v -0.071619 0.568471 0.418251
v -0.065123 0.577997 0.412114
v -0.062613 0.642232 0.441757
v -0.060141 0.645335 0.440180
v -0.043632 0.719102 0.416749
v -0.027014 0.739709 0.457831
v -0.026263 0.738999 0.458084
v -0.025541 0.739364 0.457543
v -0.026081 0.740249 0.456965
v -0.026945 0.740537 0.456944
v -0.021360 0.708384 0.405741
v -0.021106 0.704651 0.408132
v -0.037473 0.722868 0.410235
v -0.036936 0.727658 0.392966
v -0.070228 0.629406 0.445695
v -0.057697 0.639066 0.437512
v -0.062372 0.632182 0.440114
v -0.074093 0.565261 0.420032
v -0.076499 0.561318 0.422469
v -0.027041 0.694427 0.416725
v -0.025496 0.647826 0.358535
v -0.031265 0.623786 0.351757
v -0.032418 0.624031 0.345541
v -0.029270 0.636052 0.351340
v -0.028464 0.634446 0.354026
v -0.039498 0.606164 0.358907
v -0.041061 0.606646 0.351610
v -0.036474 0.614644 0.346507
v -0.035000 0.614680 0.353734
v -0.045266 0.599994 0.359200
v -0.062039 0.580851 0.393989
v -0.081725 0.552037 0.413540
v -0.023791 0.716097 0.403469
v -0.023178 0.714377 0.403891
v -0.024388 0.700015 0.411919
v -0.026675 0.697298 0.414122
v -0.021938 0.676297 0.373080
v -0.020572 0.677719 0.369772
v -0.026294 0.653554 0.351196
v -0.023634 0.663889 0.361031
v -0.044672 0.719767 0.414205
v -0.070372 0.620791 0.443202
v -0.066188 0.627587 0.441135
v -0.066234 0.636786 0.442723
v -0.041278 0.601596 0.363328
v -0.033462 0.726481 0.377009
v -0.021804 0.703077 0.409266
v -0.053697 0.651266 0.431270
v -0.059555 0.652170 0.433850
v -0.060929 0.654683 0.436871
v -0.057841 0.658668 0.440304
v -0.054373 0.661572 0.441781
v -0.050420 0.663511 0.441148
v -0.046473 0.664418 0.438849
v -0.042622 0.664272 0.435037
v -0.040210 0.664317 0.430646
v -0.038856 0.664016 0.426164
v -0.039586 0.661178 0.424608
v -0.042025 0.655703 0.425774
v -0.045189 0.652307 0.427455
v -0.048904 0.651337 0.429111
v -0.051060 0.709608 0.427833
v -0.052460 0.706819 0.431111
v -0.053968 0.703731 0.433995
v -0.056076 0.700522 0.436295
v -0.059138 0.697093 0.438551
v -0.064740 0.691797 0.442028
v -0.068216 0.691140 0.442093
v -0.072721 0.690678 0.442856
v -0.078356 0.691404 0.441636
v -0.022389 0.656167 0.346518
v -0.027620 0.721063 0.361256
v -0.025640 0.716832 0.361700
v -0.021368 0.711790 0.344878
v -0.022869 0.716593 0.343836
v -0.023660 0.713503 0.362314
v -0.021728 0.711156 0.363105
v -0.018431 0.704770 0.346074
v -0.020071 0.707845 0.345543
v -0.015519 0.701581 0.363613
v -0.012363 0.694843 0.347920
v -0.015832 0.700471 0.346882
v -0.018950 0.707239 0.363540
v -0.010503 0.689651 0.348731
v -0.013769 0.696167 0.363583
v -0.014176 0.690194 0.362900
v -0.023974 0.655057 0.348740
v -0.016742 0.671913 0.349872
v -0.013772 0.677347 0.349382
v -0.015798 0.685521 0.364005
v -0.021360 0.665236 0.355581
v -0.019485 0.667528 0.352320
v -0.018598 0.680938 0.366805
v -0.022638 0.663946 0.358119
v -0.028806 0.722729 0.360910
v -0.023886 0.718578 0.343295
v -0.035372 0.733438 0.356955
v -0.031044 0.731300 0.359104
v -0.024827 0.727668 0.341596
v -0.028623 0.729720 0.339739
v -0.068720 0.700730 0.444891
v -0.076027 0.702609 0.443630
v -0.077670 0.694369 0.442376
v -0.071688 0.693931 0.443759
v -0.062401 0.712644 0.440059
v -0.071043 0.715255 0.438060
v -0.073869 0.709622 0.442162
v -0.065718 0.707047 0.443725
v -0.058169 0.720449 0.432832
v -0.066854 0.723072 0.430577
v -0.068716 0.719747 0.434185
v -0.059940 0.717126 0.436408
v -0.037274 0.734561 0.375321
v -0.042494 0.737035 0.372834
v -0.048518 0.738550 0.389984
v -0.042079 0.736275 0.391855
v -0.059519 0.731349 0.415796
v -0.064014 0.727009 0.424371
v -0.056009 0.724453 0.426574
v -0.051891 0.728675 0.418132
v -0.023427 0.720916 0.343085
v -0.023112 0.724699 0.342705
v -0.028800 0.728402 0.360435
v -0.028614 0.724823 0.360930
v -0.033840 0.728902 0.376839
v -0.034510 0.732083 0.376493
v -0.038995 0.733462 0.392899
v -0.037655 0.730255 0.392923
v -0.047629 0.718470 0.418879
v -0.047767 0.724673 0.419253
v -0.050816 0.720203 0.426877
v -0.050178 0.714708 0.424617
v -0.060175 0.698501 0.439610
v -0.063588 0.700313 0.444114
v -0.066596 0.694099 0.442860
v -0.055175 0.705321 0.435272
v -0.056674 0.709239 0.439276
v -0.060029 0.704357 0.442347
v -0.057658 0.701774 0.437739
v -0.051774 0.711316 0.429221
v -0.052605 0.716419 0.432552
v -0.054385 0.713300 0.435950
v -0.053367 0.708549 0.432376
v -0.052817 0.737314 0.401770
v -0.055816 0.734779 0.408270
v -0.048380 0.732106 0.410557
v -0.045531 0.734766 0.403819
v -0.044888 0.728752 0.412054
v -0.045156 0.721291 0.414606
v -0.042205 0.725834 0.407942
v -0.039964 0.729170 0.402537
v -0.041856 0.732266 0.403966
v 0.095236 0.405638 -0.225869
v 0.100974 0.389203 -0.241799
v 0.108599 0.396658 -0.240596
v 0.102537 0.413510 -0.227352
v 0.042707 0.384196 -0.240407
v 0.043578 0.370986 -0.290673
v 0.054796 0.366880 -0.292632
v 0.049943 0.377951 -0.269278
v 0.034984 0.380536 -0.267718
v 0.040767 0.369451 -0.320489
v 0.057432 0.363479 -0.321470
v 0.055508 0.363014 -0.310723
v 0.042688 0.368219 -0.308924
v 0.029554 0.377388 -0.343387
v 0.052681 0.366403 -0.344348
v 0.059267 0.365218 -0.333452
v 0.035575 0.373264 -0.332397
v 0.044487 0.375552 -0.359887
v 0.058054 0.384322 -0.244199
v 0.077383 0.382835 -0.243001
v 0.062603 0.371684 -0.364015
v 0.051799 0.394585 -0.384280
v 0.089208 0.399332 -0.225931
v 0.095133 0.385867 -0.242346
v 0.088529 0.384316 -0.242681
v 0.057541 0.399622 -0.390288
v 0.136996 0.458256 -0.306204
v 0.134882 0.457995 -0.328738
v 0.127947 0.486574 -0.324993
v 0.130291 0.483613 -0.299252
v 0.116554 0.452938 -0.367572
v 0.105835 0.482900 -0.366793
v 0.119066 0.485811 -0.350496
v 0.127801 0.455424 -0.350824
v 0.094999 0.449461 -0.389010
v 0.082967 0.447442 -0.396064
v 0.075008 0.479692 -0.397197
v 0.083053 0.480347 -0.391143
v 0.072384 0.445719 -0.397968
v 0.064767 0.443836 -0.399371
v 0.110551 0.444749 -0.224932
v 0.120398 0.448839 -0.235945
v 0.069930 0.374625 -0.376207
v 0.089115 0.407921 -0.391504
v 0.106374 0.385450 -0.383275
v 0.095752 0.383147 -0.384555
v 0.078655 0.405377 -0.393108
v 0.135466 0.421582 -0.345643
v 0.138427 0.396455 -0.338487
v 0.131238 0.394446 -0.353890
v 0.126014 0.419158 -0.361590
v 0.142659 0.427075 -0.308754
v 0.145940 0.399082 -0.306761
v 0.143746 0.397867 -0.321510
v 0.141570 0.423361 -0.326760
v 0.130515 0.429931 -0.265937
v 0.135404 0.404708 -0.272925
v 0.141645 0.401764 -0.290891
v 0.136406 0.429289 -0.288986
v 0.134593 0.456464 -0.281720
v 0.129059 0.478491 -0.271834
v 0.125145 0.474494 -0.246598
v 0.129104 0.452507 -0.254555
v 0.123899 0.428406 -0.247529
v 0.111787 0.425037 -0.234049
v 0.118849 0.402611 -0.245678
v 0.128334 0.404706 -0.257172
v 0.068442 0.402604 -0.393020
v 0.085552 0.380512 -0.383905
v 0.075953 0.377055 -0.382159
v 0.101642 0.410840 -0.388814
v 0.114493 0.414770 -0.381394
v 0.124259 0.391119 -0.372110
v 0.116543 0.388010 -0.380297
v 0.129551 0.393744 -0.358030
v 0.123549 0.418409 -0.366654
v 0.111655 0.451929 -0.372180
v 0.100805 0.482028 -0.371350
v 0.117198 0.352496 -0.374557
v 0.123720 0.351832 -0.368353
v 0.122036 0.339048 -0.374891
v 0.115919 0.338994 -0.380077
v 0.135087 0.339507 -0.359708
v 0.130849 0.339452 -0.367077
v 0.136301 0.350583 -0.346586
v 0.138738 0.350121 -0.338118
v 0.141467 0.349844 -0.325798
v 0.141352 0.347834 -0.311457
v 0.142176 0.334725 -0.326144
v 0.141027 0.337685 -0.338487
v 0.136877 0.344635 -0.299856
v 0.128111 0.340509 -0.289222
v 0.130418 0.325841 -0.308884
v 0.138280 0.330761 -0.316822
v 0.130525 0.303073 -0.339167
v 0.136600 0.308045 -0.345786
v 0.138313 0.318605 -0.331887
v 0.131112 0.313347 -0.325353
v 0.138135 0.316706 -0.360214
v 0.139972 0.326302 -0.349421
v 0.141273 0.322956 -0.339910
v 0.138975 0.312535 -0.352719
v 0.131289 0.321912 -0.374828
v 0.134773 0.329840 -0.366319
v 0.138031 0.329457 -0.360099
v 0.136057 0.320201 -0.367583
v 0.123418 0.322024 -0.382969
v 0.126781 0.329806 -0.377267
v 0.130795 0.330083 -0.373331
v 0.127416 0.322324 -0.380072
v 0.115063 0.321620 -0.388329
v 0.115690 0.328632 -0.383827
v 0.120041 0.328895 -0.380555
v 0.118478 0.321514 -0.385559
v 0.116799 0.312817 -0.389917
v 0.115066 0.301768 -0.395278
v 0.112623 0.303508 -0.399828
v 0.113928 0.313134 -0.393246
v 0.124083 0.312872 -0.384730
v 0.117917 0.300336 -0.391464
v 0.120390 0.312733 -0.387374
v 0.132303 0.309443 -0.374769
v 0.128102 0.297585 -0.380860
v 0.122079 0.299193 -0.387708
v 0.127355 0.311521 -0.380844
v 0.135772 0.302013 -0.362703
v 0.131845 0.291405 -0.369853
v 0.131022 0.294829 -0.374655
v 0.135001 0.306182 -0.368627
v 0.128989 0.292994 -0.350658
v 0.126534 0.283032 -0.359500
v 0.130243 0.287449 -0.364791
v 0.133875 0.297749 -0.356793
v 0.126766 0.266152 -0.370179
v 0.131987 0.270538 -0.376303
v 0.129568 0.278500 -0.371122
v 0.125753 0.274227 -0.365928
v 0.131684 0.277740 -0.386005
v 0.129860 0.285323 -0.380339
v 0.131048 0.282316 -0.376044
v 0.133610 0.274490 -0.381563
v 0.126964 0.281448 -0.392062
v 0.119385 0.285744 -0.399761
v 0.119527 0.290098 -0.393998
v 0.126095 0.287911 -0.386398
v 0.111644 0.294635 -0.406110
v 0.114683 0.292430 -0.400368
v 0.114859 0.288568 -0.406760
v 0.112238 0.289812 -0.412023
v 0.090610 0.345780 -0.363897
v 0.093362 0.347385 -0.372014
v 0.096462 0.336526 -0.376766
v 0.094131 0.335548 -0.369752
v 0.088160 0.344065 -0.355594
v 0.092170 0.334481 -0.362814
v 0.090351 0.333276 -0.356030
v 0.086316 0.342136 -0.346935
v 0.081296 0.338626 -0.329258
v 0.083634 0.340236 -0.338228
v 0.087490 0.331860 -0.348954
v 0.083651 0.329243 -0.341273
v 0.081415 0.337855 -0.310464
v 0.080466 0.337425 -0.320862
v 0.082150 0.326404 -0.331988
v 0.082376 0.324794 -0.322288
v 0.092351 0.337281 -0.292244
v 0.085295 0.337578 -0.301262
v 0.086750 0.324252 -0.315628
v 0.095361 0.321599 -0.308306
v 0.097564 0.308460 -0.323352
v 0.088846 0.311292 -0.328939
v 0.091300 0.300741 -0.341275
v 0.099263 0.298129 -0.336309
v 0.087168 0.303598 -0.346204
v 0.084427 0.314041 -0.335546
v 0.084122 0.316269 -0.343021
v 0.086817 0.306748 -0.351040
v 0.088817 0.310252 -0.357039
v 0.086410 0.319038 -0.350241
v 0.090240 0.322083 -0.357458
v 0.092485 0.314220 -0.364409
v 0.094675 0.316699 -0.370161
v 0.093257 0.323826 -0.363497
v 0.094334 0.324565 -0.368790
v 0.094976 0.317158 -0.374257
v 0.095919 0.317927 -0.379261
v 0.095796 0.325365 -0.374746
v 0.097827 0.326237 -0.381146
v 0.097647 0.319055 -0.385175
v 0.097603 0.310554 -0.390489
v 0.097369 0.300532 -0.397090
v 0.097405 0.296810 -0.391415
v 0.096498 0.308831 -0.384899
v 0.096085 0.307495 -0.380899
v 0.097339 0.295104 -0.387720
v 0.096116 0.306738 -0.377887
v 0.094370 0.304535 -0.372777
v 0.096040 0.292977 -0.382383
v 0.093500 0.290134 -0.373469
v 0.091152 0.300736 -0.364828
v 0.089526 0.297055 -0.359125
v 0.092654 0.287110 -0.367168
v 0.093776 0.284048 -0.363484
v 0.090238 0.293728 -0.355557
v 0.094079 0.290659 -0.351507
v 0.097352 0.281198 -0.359759
v 0.103360 0.278685 -0.356151
v 0.101274 0.288164 -0.347177
v 0.104669 0.269949 -0.362453
v 0.098534 0.271935 -0.365931
v 0.097376 0.262808 -0.370715
v 0.105012 0.261457 -0.366684
v 0.093015 0.265128 -0.374689
v 0.094717 0.274584 -0.369733
v 0.093326 0.277536 -0.373678
v 0.091580 0.268432 -0.378919
v 0.093816 0.280725 -0.380402
v 0.096023 0.284276 -0.389888
v 0.094062 0.279744 -0.395229
v 0.092064 0.273305 -0.385774
v 0.094384 0.286007 -0.408653
v 0.094468 0.283900 -0.403069
v 0.096933 0.287933 -0.397343
v 0.096536 0.291319 -0.403308
v 0.111289 0.338816 -0.382705
v 0.107254 0.338455 -0.382921
v 0.105756 0.351992 -0.378577
v 0.110466 0.352457 -0.377475
v 0.119577 0.337775 -0.284110
v 0.112881 0.336304 -0.284321
v 0.116566 0.320498 -0.303698
v 0.122870 0.322510 -0.304694
v 0.124400 0.309677 -0.321557
v 0.118130 0.307511 -0.320445
v 0.118442 0.297345 -0.334463
v 0.124509 0.299556 -0.335538
v 0.123803 0.289665 -0.347151
v 0.118356 0.287637 -0.346070
v 0.118119 0.278563 -0.355354
v 0.122411 0.280043 -0.356413
v 0.121932 0.271647 -0.362824
v 0.118117 0.270400 -0.361712
v 0.118409 0.262121 -0.365260
v 0.122232 0.263321 -0.366469
v 0.108775 0.290258 -0.414733
v 0.104181 0.289739 -0.414534
v 0.104673 0.295064 -0.409329
v 0.108265 0.295453 -0.409114
v 0.109252 0.304093 -0.402448
v 0.105689 0.303769 -0.402729
v 0.106755 0.313193 -0.396554
v 0.110444 0.313592 -0.396480
v 0.111493 0.321708 -0.390998
v 0.107391 0.321295 -0.391231
v 0.107701 0.328107 -0.387165
v 0.111732 0.328526 -0.386723
v 0.100466 0.326956 -0.385207
v 0.103991 0.327616 -0.386681
v 0.103726 0.320773 -0.390541
v 0.100247 0.320003 -0.388962
v 0.099733 0.311768 -0.394144
v 0.103092 0.312598 -0.395808
v 0.102366 0.303240 -0.402075
v 0.099222 0.302348 -0.400516
v 0.097967 0.293561 -0.407095
v 0.101215 0.294475 -0.408694
v 0.100334 0.288995 -0.413766
v 0.096209 0.287798 -0.412248
v 0.110731 0.261022 -0.364632
v 0.114538 0.261349 -0.364687
v 0.114062 0.269605 -0.361089
v 0.109903 0.269294 -0.360879
v 0.108684 0.277536 -0.354503
v 0.113452 0.277709 -0.354741
v 0.112819 0.286687 -0.345427
v 0.107471 0.286845 -0.345137
v 0.106216 0.296701 -0.333906
v 0.112244 0.296398 -0.333973
v 0.111633 0.306673 -0.320108
v 0.105207 0.306942 -0.320354
v 0.103037 0.320153 -0.304330
v 0.109766 0.319788 -0.303719
v 0.106027 0.335727 -0.284949
v 0.099736 0.335772 -0.286573
v 0.096912 0.349127 -0.376919
v 0.101459 0.351103 -0.378379
v 0.103248 0.337935 -0.382551
v 0.099351 0.337323 -0.381195
v 0.126175 0.358469 -0.271568
v 0.135146 0.360001 -0.282714
v 0.132113 0.381245 -0.267900
v 0.122949 0.379230 -0.257624
v 0.141588 0.363116 -0.308320
v 0.141411 0.379693 -0.296163
v 0.138408 0.380968 -0.281721
v 0.140643 0.363178 -0.295292
v 0.135772 0.363205 -0.336096
v 0.140039 0.379334 -0.325945
v 0.142914 0.379830 -0.310287
v 0.140513 0.363090 -0.321690
v 0.117668 0.364830 -0.373252
v 0.117821 0.374734 -0.375694
v 0.125773 0.376987 -0.366934
v 0.125291 0.364490 -0.365003
v 0.069045 0.355451 -0.331823
v 0.076797 0.347576 -0.331825
v 0.075459 0.347976 -0.323745
v 0.067302 0.355266 -0.322485
v 0.066962 0.357256 -0.308279
v 0.075641 0.347896 -0.312536
v 0.075754 0.351263 -0.298472
v 0.065698 0.363877 -0.290019
v 0.088476 0.354395 -0.274781
v 0.081974 0.368210 -0.265385
v 0.071358 0.367055 -0.275384
v 0.080588 0.352256 -0.286456
v 0.112934 0.374667 -0.253180
v 0.103951 0.371234 -0.254530
v 0.110078 0.354229 -0.266448
v 0.117656 0.355967 -0.266508
v 0.088834 0.355890 -0.369588
v 0.084135 0.353662 -0.360339
v 0.076435 0.361246 -0.361100
v 0.082460 0.363524 -0.370116
v 0.096420 0.369925 -0.256533
v 0.090046 0.369725 -0.259624
v 0.096106 0.353490 -0.269214
v 0.102468 0.353613 -0.267448
v 0.089412 0.366311 -0.376526
v 0.096029 0.368670 -0.378894
v 0.098867 0.360097 -0.377247
v 0.093615 0.358246 -0.375381
v 0.102540 0.370832 -0.379833
v 0.109097 0.372649 -0.378867
v 0.109624 0.363622 -0.376486
v 0.104154 0.361902 -0.377645
v 0.079100 0.349204 -0.340968
v 0.069695 0.357797 -0.341656
v 0.072336 0.358156 -0.350430
v 0.080651 0.351238 -0.350922
v 0.121540 0.328990 -0.379545
v 0.119603 0.321403 -0.384774
v 0.117729 0.312687 -0.388928
v 0.115854 0.301169 -0.393936
v 0.129984 0.377840 -0.352325
v 0.139068 0.339131 -0.349408
v 0.124908 0.338909 -0.371478
v 0.129068 0.363741 -0.353720
v 0.128532 0.350649 -0.358404
v 0.131235 0.350069 -0.353289
v 0.134852 0.378609 -0.341465
v 0.093205 0.257706 -0.381170
v 0.097683 0.255201 -0.376916
v 0.105674 0.253369 -0.372627
v 0.111416 0.252560 -0.370401
v 0.093337 0.266958 -0.391140
v 0.092648 0.261217 -0.385114
v 0.094972 0.279076 -0.407077
v 0.094749 0.274287 -0.400073
v 0.097048 0.283400 -0.415831
v 0.095213 0.281537 -0.412388
v 0.104946 0.285269 -0.417896
v 0.101105 0.284531 -0.417203
v 0.114977 0.252759 -0.370309
v 0.118632 0.253444 -0.370779
v 0.113192 0.285222 -0.415443
v 0.109591 0.285738 -0.418010
v 0.120164 0.280109 -0.403845
v 0.115937 0.283805 -0.410485
v 0.133019 0.269684 -0.391226
v 0.128206 0.274558 -0.396829
v 0.122390 0.254527 -0.371916
v 0.127163 0.257434 -0.375607
v 0.132907 0.262110 -0.381875
v 0.134889 0.266028 -0.387045
v 0.153304 0.118501 -0.445306
v 0.154561 0.116337 -0.438016
v 0.153696 0.113643 -0.431009
v 0.150708 0.109784 -0.424219
v 0.147190 0.106236 -0.420322
v 0.143455 0.102722 -0.418541
v 0.138445 0.100677 -0.418369
v 0.132357 0.099393 -0.418951
v 0.120750 0.100562 -0.423815
v 0.126436 0.099329 -0.420800
v 0.116411 0.102166 -0.427008
v 0.113485 0.104050 -0.430371
v 0.113404 0.107735 -0.436544
v 0.114641 0.111717 -0.445020
v 0.117655 0.114391 -0.451528
v 0.122363 0.116799 -0.455966
v 0.126116 0.118674 -0.458844
v 0.128900 0.119632 -0.460557
v 0.132842 0.120510 -0.461068
v 0.137914 0.121313 -0.460366
v 0.146486 0.121711 -0.456895
v 0.142467 0.121677 -0.458977
v 0.149499 0.121221 -0.454057
v 0.151531 0.120279 -0.450461
v 0.145477 0.125553 -0.455827
v 0.148631 0.125299 -0.453085
v 0.137060 0.125051 -0.459118
v 0.141572 0.125493 -0.457824
v 0.127744 0.123574 -0.459197
v 0.131850 0.124354 -0.459740
v 0.121102 0.121710 -0.454104
v 0.124843 0.122814 -0.457549
v 0.113425 0.119431 -0.441801
v 0.116022 0.120643 -0.448965
v 0.112867 0.116450 -0.426740
v 0.112508 0.117975 -0.433361
v 0.119577 0.113481 -0.418799
v 0.115441 0.114665 -0.422557
v 0.131035 0.113224 -0.413717
v 0.125238 0.112990 -0.415443
v 0.142134 0.116057 -0.414726
v 0.136948 0.114190 -0.413638
v 0.150092 0.120391 -0.422148
v 0.146507 0.118735 -0.417546
v 0.150971 0.124705 -0.449646
v 0.152641 0.123835 -0.444073
v 0.153572 0.122970 -0.436299
v 0.152904 0.121907 -0.429068
v 0.129164 0.265074 -0.401870
v 0.120488 0.270868 -0.406399
v 0.116482 0.275553 -0.412373
v 0.113704 0.278236 -0.417408
v 0.120747 0.247665 -0.415384
v 0.118623 0.250736 -0.420973
v 0.115848 0.266271 -0.420025
v 0.119078 0.263063 -0.415244
v 0.123693 0.258891 -0.410246
v 0.129511 0.253859 -0.404615
v 0.129303 0.243340 -0.406885
v 0.124277 0.245406 -0.410762
v 0.134388 0.247834 -0.394528
v 0.132048 0.239640 -0.397276
v 0.131669 0.241367 -0.402250
v 0.133532 0.250414 -0.399557
v 0.127524 0.241445 -0.383916
v 0.126846 0.234905 -0.387449
v 0.130402 0.237481 -0.392352
v 0.132332 0.244805 -0.389088
v 0.130972 0.187592 -0.403283
v 0.132539 0.170429 -0.407871
v 0.135226 0.170743 -0.411114
v 0.133804 0.188449 -0.406784
v 0.139757 0.171795 -0.419731
v 0.137425 0.190340 -0.415350
v 0.135967 0.189368 -0.410803
v 0.137634 0.171197 -0.415068
v 0.135815 0.173514 -0.429828
v 0.132548 0.191808 -0.424163
v 0.136623 0.191250 -0.419939
v 0.139480 0.172667 -0.424771
v 0.133843 0.175436 -0.438287
v 0.130049 0.193706 -0.432900
v 0.130374 0.192636 -0.428483
v 0.133938 0.174437 -0.434335
v 0.138837 0.157949 -0.440114
v 0.145100 0.143200 -0.445619
v 0.142966 0.143832 -0.448713
v 0.138126 0.158813 -0.443586
v 0.143640 0.156644 -0.429339
v 0.149175 0.143141 -0.433468
v 0.147138 0.142964 -0.440542
v 0.140665 0.157225 -0.435366
v 0.141282 0.155416 -0.418528
v 0.146906 0.141934 -0.420922
v 0.149091 0.142801 -0.426949
v 0.143622 0.155967 -0.423669
v 0.135411 0.154487 -0.411137
v 0.139478 0.139699 -0.412912
v 0.143698 0.140899 -0.416247
v 0.138547 0.154921 -0.414353
v 0.146388 0.129891 -0.417409
v 0.141729 0.128403 -0.414407
v 0.152226 0.131953 -0.428805
v 0.149882 0.131069 -0.422224
v 0.150774 0.131611 -0.443190
v 0.152523 0.132113 -0.435792
v 0.146372 0.132033 -0.451749
v 0.148751 0.131638 -0.448485
v 0.097856 0.265773 -0.404205
v 0.096684 0.259012 -0.396913
v 0.098230 0.275297 -0.415063
v 0.098045 0.271141 -0.410306
v 0.101442 0.259431 -0.413502
v 0.101443 0.264126 -0.418280
v 0.105091 0.248757 -0.420161
v 0.106280 0.245535 -0.414825
v 0.105378 0.242734 -0.409910
v 0.102469 0.239805 -0.405286
v 0.099510 0.249421 -0.401103
v 0.100997 0.254411 -0.407694
v 0.098353 0.245919 -0.395579
v 0.101284 0.237407 -0.400428
v 0.101123 0.235491 -0.395501
v 0.097614 0.243049 -0.390502
v 0.100645 0.240817 -0.385892
v 0.103182 0.233771 -0.390857
v 0.107439 0.232267 -0.386496
v 0.106596 0.238595 -0.381979
v 0.109873 0.186560 -0.409121
v 0.112188 0.168868 -0.414668
v 0.114647 0.168875 -0.410642
v 0.112615 0.186107 -0.405088
v 0.111041 0.169059 -0.419221
v 0.108591 0.187214 -0.413494
v 0.108791 0.188062 -0.418215
v 0.111222 0.169439 -0.424305
v 0.112901 0.170622 -0.429078
v 0.110352 0.189224 -0.422646
v 0.114242 0.190639 -0.426362
v 0.116999 0.172522 -0.433079
v 0.118965 0.173774 -0.436980
v 0.115944 0.191775 -0.430303
v 0.115443 0.192618 -0.434472
v 0.118801 0.174373 -0.440782
v 0.121870 0.157619 -0.447049
v 0.124687 0.142373 -0.453287
v 0.122522 0.141529 -0.451039
v 0.121139 0.156999 -0.443857
v 0.118604 0.155911 -0.439944
v 0.119120 0.140906 -0.447112
v 0.114548 0.140494 -0.441447
v 0.114284 0.154367 -0.435308
v 0.112376 0.153391 -0.429990
v 0.112297 0.139978 -0.435405
v 0.112377 0.139391 -0.429018
v 0.112298 0.153103 -0.424353
v 0.113417 0.152924 -0.419394
v 0.113534 0.138766 -0.423436
v 0.115737 0.138120 -0.418654
v 0.115711 0.152872 -0.415114
v 0.115803 0.126909 -0.421283
v 0.113532 0.127873 -0.426034
v 0.112487 0.128592 -0.432060
v 0.112674 0.129185 -0.439402
v 0.115277 0.129413 -0.445910
v 0.120309 0.129365 -0.451516
v 0.124158 0.129761 -0.455219
v 0.126825 0.130463 -0.457128
v 0.122719 0.239585 -0.381437
v 0.119261 0.238666 -0.380476
v 0.119604 0.232238 -0.383613
v 0.123206 0.233145 -0.384549
v 0.123551 0.186298 -0.400529
v 0.125055 0.169356 -0.405556
v 0.129145 0.169962 -0.406010
v 0.127559 0.186872 -0.401193
v 0.131630 0.153965 -0.409339
v 0.127196 0.153360 -0.408950
v 0.129813 0.138274 -0.410641
v 0.134843 0.138821 -0.411042
v 0.136649 0.127388 -0.412762
v 0.131155 0.126885 -0.412480
v 0.139841 0.131864 -0.456159
v 0.143406 0.132102 -0.454311
v 0.140181 0.144001 -0.451213
v 0.136733 0.143713 -0.453137
v 0.132214 0.158834 -0.447844
v 0.135703 0.159036 -0.446094
v 0.131563 0.175723 -0.440865
v 0.128048 0.175602 -0.442436
v 0.124186 0.194005 -0.436918
v 0.127677 0.194082 -0.435564
v 0.115571 0.252149 -0.423892
v 0.112223 0.252008 -0.424682
v 0.108866 0.267903 -0.422974
v 0.112338 0.267855 -0.422516
v 0.110083 0.279361 -0.419803
v 0.106293 0.279251 -0.420111
v 0.102891 0.278742 -0.419561
v 0.099841 0.277831 -0.418136
v 0.102862 0.266835 -0.421260
v 0.105684 0.267585 -0.422547
v 0.109130 0.251576 -0.424484
v 0.106290 0.250851 -0.423299
v 0.120759 0.193741 -0.437282
v 0.124516 0.175318 -0.443027
v 0.120989 0.174855 -0.442637
v 0.117385 0.193264 -0.436660
v 0.124538 0.158103 -0.448530
v 0.128488 0.158529 -0.448654
v 0.132703 0.143376 -0.454170
v 0.128105 0.142976 -0.454308
v 0.130635 0.131043 -0.457836
v 0.135591 0.131510 -0.457349
v 0.125541 0.126591 -0.413978
v 0.119806 0.126482 -0.417259
v 0.119456 0.137846 -0.414807
v 0.124678 0.137947 -0.411885
v 0.122950 0.153003 -0.409809
v 0.118904 0.152900 -0.411934
v 0.115875 0.185912 -0.402360
v 0.117666 0.168923 -0.407809
v 0.121224 0.169005 -0.406152
v 0.119655 0.185978 -0.400921
v 0.111409 0.237519 -0.379869
v 0.111627 0.231574 -0.384029
v 0.115750 0.231711 -0.383453
v 0.115621 0.238139 -0.380163
v 0.095572 0.254117 -0.390809
v 0.094812 0.250648 -0.386032
v 0.098933 0.248029 -0.381836
v 0.106072 0.245617 -0.377839
v 0.111407 0.244423 -0.375782
v 0.115358 0.245051 -0.376275
v 0.135720 0.257101 -0.391605
v 0.134362 0.260188 -0.396580
v 0.118871 0.245574 -0.376700
v 0.122372 0.246539 -0.377717
v 0.127625 0.248857 -0.380561
v 0.133178 0.253253 -0.386204
v 0.129300 0.210460 -0.418778
v 0.125991 0.229500 -0.413648
v 0.130716 0.228732 -0.410439
v 0.133703 0.209937 -0.415162
v 0.134997 0.208932 -0.410817
v 0.132493 0.227559 -0.406100
v 0.132290 0.226252 -0.401165
v 0.134163 0.207717 -0.406174
v 0.113731 0.212555 -0.431165
v 0.109892 0.232720 -0.426156
v 0.112818 0.233306 -0.427183
v 0.116897 0.213076 -0.432001
v 0.113010 0.210385 -0.424090
v 0.110035 0.229613 -0.418339
v 0.108605 0.231466 -0.423302
v 0.112085 0.211658 -0.428647
v 0.107891 0.207649 -0.416383
v 0.105502 0.225890 -0.410287
v 0.108978 0.227748 -0.414001
v 0.111587 0.209039 -0.420010
v 0.106139 0.205083 -0.407427
v 0.103754 0.222679 -0.401015
v 0.104091 0.224208 -0.405877
v 0.106396 0.206310 -0.412082
v 0.110567 0.203249 -0.398895
v 0.108602 0.220304 -0.392078
v 0.105254 0.221375 -0.396431
v 0.107528 0.204049 -0.403034
v 0.118065 0.202952 -0.395032
v 0.116550 0.219941 -0.388495
v 0.112359 0.219824 -0.389430
v 0.114077 0.202880 -0.396226
v 0.120202 0.213385 -0.431845
v 0.115968 0.233727 -0.427208
v 0.119294 0.233985 -0.426203
v 0.123640 0.213509 -0.430691
v 0.125901 0.203958 -0.395671
v 0.124274 0.221230 -0.389437
v 0.120517 0.220414 -0.388492
v 0.122010 0.203319 -0.394846
v 0.126131 0.212948 -0.427911
v 0.121969 0.233148 -0.423300
v 0.123092 0.230977 -0.417934
v 0.126797 0.211474 -0.423028
v 0.132263 0.206403 -0.401922
v 0.130665 0.224603 -0.396507
v 0.127672 0.222630 -0.392103
v 0.129330 0.204992 -0.398026
v 0.160461 0.078893 -0.468874
v 0.166666 0.081451 -0.472673
v 0.163670 0.085414 -0.475670
v 0.158229 0.083072 -0.471629
v 0.164831 0.071297 -0.461995
v 0.169430 0.068940 -0.464658
v 0.168612 0.076189 -0.469195
v 0.162811 0.074835 -0.465813
v 0.162426 0.063783 -0.453908
v 0.166571 0.056582 -0.457366
v 0.168676 0.063012 -0.460626
v 0.164454 0.067625 -0.457916
v 0.154737 0.056262 -0.448430
v 0.157566 0.047372 -0.453635
v 0.163007 0.051417 -0.455115
v 0.158952 0.059841 -0.450904
v 0.133434 0.082447 -0.478963
v 0.132126 0.087142 -0.484282
v 0.127969 0.084210 -0.483329
v 0.130105 0.079317 -0.477700
v 0.126093 0.076576 -0.476657
v 0.123612 0.079078 -0.480925
v 0.120037 0.072713 -0.477448
v 0.123047 0.072188 -0.474186
v 0.121162 0.068230 -0.470516
v 0.118584 0.065776 -0.475653
v 0.118157 0.058623 -0.471995
v 0.120907 0.063497 -0.466770
v 0.122309 0.059401 -0.463069
v 0.119775 0.053115 -0.467495
v 0.123434 0.048846 -0.463252
v 0.125322 0.055817 -0.459296
v 0.149085 0.054246 -0.447970
v 0.142443 0.053751 -0.449243
v 0.142142 0.044826 -0.455021
v 0.150858 0.045062 -0.453470
v 0.158135 0.088246 -0.478471
v 0.150263 0.088799 -0.481158
v 0.148477 0.086465 -0.476706
v 0.154154 0.085983 -0.474193
v 0.137215 0.085006 -0.479467
v 0.142644 0.086004 -0.478520
v 0.144131 0.088670 -0.482938
v 0.137635 0.088794 -0.484147
v 0.128648 0.046458 -0.459675
v 0.134699 0.045863 -0.456815
v 0.135941 0.052956 -0.451797
v 0.129858 0.053730 -0.455663
v 0.151741 0.113016 -0.451124
v 0.150394 0.107599 -0.451310
v 0.149031 0.109695 -0.454816
v 0.149938 0.114549 -0.454715
v 0.154524 0.107979 -0.441323
v 0.153707 0.102897 -0.443833
v 0.151953 0.105434 -0.447613
v 0.153266 0.110818 -0.446660
v 0.151642 0.099753 -0.431387
v 0.150991 0.094920 -0.435817
v 0.153202 0.099185 -0.439916
v 0.153965 0.104340 -0.436178
v 0.145070 0.094638 -0.427751
v 0.145216 0.090600 -0.432380
v 0.148301 0.092122 -0.433256
v 0.148673 0.096526 -0.428569
v 0.150865 0.069201 -0.443456
v 0.154530 0.071399 -0.445877
v 0.149662 0.083941 -0.439862
v 0.147136 0.082087 -0.438150
v 0.159508 0.077582 -0.452220
v 0.154129 0.090326 -0.445473
v 0.152206 0.086646 -0.442070
v 0.157622 0.074111 -0.448634
v 0.157426 0.083040 -0.459648
v 0.152915 0.095893 -0.452136
v 0.154555 0.093431 -0.448784
v 0.159616 0.080614 -0.455811
v 0.153865 0.088742 -0.466858
v 0.149776 0.101369 -0.458811
v 0.151195 0.098647 -0.455617
v 0.155458 0.085713 -0.463399
v 0.129230 0.113412 -0.461502
v 0.130839 0.108526 -0.460261
v 0.128385 0.105785 -0.458606
v 0.126478 0.111538 -0.459615
v 0.123323 0.109019 -0.456964
v 0.124914 0.103300 -0.457625
v 0.122414 0.099823 -0.455198
v 0.119851 0.105884 -0.453611
v 0.117940 0.101766 -0.449171
v 0.121072 0.096283 -0.451606
v 0.120825 0.092817 -0.446844
v 0.117275 0.097717 -0.442772
v 0.118246 0.095084 -0.438154
v 0.121576 0.090529 -0.442781
v 0.123523 0.089251 -0.439967
v 0.120794 0.093747 -0.435234
v 0.126000 0.080600 -0.446836
v 0.124134 0.082091 -0.449661
v 0.123894 0.069462 -0.456985
v 0.126196 0.067186 -0.453374
v 0.122768 0.072078 -0.460856
v 0.123255 0.084219 -0.453037
v 0.123328 0.086998 -0.457011
v 0.122934 0.075071 -0.464992
v 0.124338 0.078066 -0.468415
v 0.124504 0.090020 -0.460073
v 0.126660 0.093268 -0.462250
v 0.127047 0.081097 -0.471152
v 0.130475 0.083266 -0.472502
v 0.129714 0.096327 -0.463151
v 0.131797 0.100227 -0.464980
v 0.133140 0.086528 -0.474231
v 0.140468 0.093124 -0.427623
v 0.134848 0.091956 -0.428155
v 0.135775 0.088449 -0.432575
v 0.141038 0.089354 -0.432155
v 0.143071 0.080701 -0.437725
v 0.137652 0.079843 -0.438306
v 0.140049 0.066700 -0.444062
v 0.146026 0.067566 -0.442874
v 0.151189 0.090849 -0.469874
v 0.146416 0.091318 -0.472343
v 0.142905 0.102610 -0.464063
v 0.147263 0.102689 -0.461662
v 0.145885 0.110552 -0.457663
v 0.141588 0.110286 -0.459959
v 0.142470 0.115191 -0.460121
v 0.146825 0.115295 -0.457695
v 0.132998 0.114549 -0.462130
v 0.137819 0.114954 -0.461581
v 0.137368 0.110200 -0.461304
v 0.133224 0.110185 -0.461828
v 0.134262 0.102213 -0.466079
v 0.138577 0.102443 -0.465529
v 0.141474 0.090956 -0.473900
v 0.136500 0.089437 -0.474940
v 0.129607 0.066086 -0.449871
v 0.134385 0.066129 -0.446187
v 0.132714 0.079383 -0.440136
v 0.128877 0.079728 -0.443783
v 0.126642 0.088449 -0.437105
v 0.130969 0.088136 -0.434207
v 0.129547 0.091801 -0.429741
v 0.124560 0.092656 -0.432425
v 0.153567 0.115221 -0.446027
v 0.154972 0.112514 -0.439892
v 0.154262 0.109393 -0.433625
v 0.151610 0.104396 -0.427685
v 0.148389 0.100725 -0.424500
v 0.144788 0.097579 -0.423046
v 0.139848 0.095734 -0.422955
v 0.133842 0.094386 -0.423595
v 0.122405 0.095582 -0.428065
v 0.127982 0.094332 -0.425305
v 0.118115 0.097020 -0.431017
v 0.115169 0.098618 -0.434110
v 0.114859 0.102447 -0.439528
v 0.115743 0.107059 -0.446907
v 0.118369 0.110384 -0.452903
v 0.122529 0.113569 -0.456713
v 0.126062 0.115848 -0.459517
v 0.128916 0.117112 -0.461344
v 0.132912 0.118100 -0.461925
v 0.138022 0.118809 -0.461293
v 0.147050 0.119124 -0.457444
v 0.142755 0.119107 -0.459807
v 0.150100 0.118496 -0.454476
v 0.151921 0.117293 -0.450860
v 0.170178 0.068265 -0.465923
v 0.169690 0.075572 -0.470136
v 0.167864 0.081127 -0.473733
v 0.164659 0.085344 -0.476872
v 0.159147 0.088029 -0.479686
v 0.150684 0.088964 -0.482403
v 0.144870 0.089136 -0.484060
v 0.137940 0.089308 -0.485392
v 0.132123 0.087827 -0.485560
v 0.127247 0.084485 -0.484462
v 0.122829 0.078917 -0.481949
v 0.119730 0.072502 -0.478990
v 0.118392 0.064917 -0.477295
v 0.118168 0.057404 -0.474735
v 0.119807 0.051427 -0.469959
v 0.123557 0.047022 -0.465662
v 0.128736 0.044562 -0.462076
v 0.134948 0.043701 -0.459269
v 0.142360 0.042647 -0.457658
v 0.151566 0.042843 -0.456335
v 0.158582 0.045305 -0.456448
v 0.164105 0.049555 -0.457982
v 0.167786 0.055025 -0.460368
v 0.169640 0.061950 -0.463184
v 0.152200 0.041544 -0.461783
v 0.159128 0.044179 -0.461670
v 0.164389 0.048636 -0.462745
v 0.167793 0.054482 -0.464577
v 0.169285 0.061578 -0.465726
v 0.169495 0.068077 -0.467722
v 0.169024 0.074941 -0.471606
v 0.167457 0.080144 -0.474848
v 0.164593 0.084074 -0.477715
v 0.159550 0.086509 -0.480224
v 0.152334 0.087279 -0.482441
v 0.145202 0.087993 -0.484143
v 0.137926 0.088247 -0.485647
v 0.132130 0.086787 -0.485858
v 0.127637 0.083646 -0.484835
v 0.123588 0.078220 -0.482532
v 0.120688 0.071706 -0.480270
v 0.119445 0.063897 -0.478802
v 0.119471 0.056468 -0.476855
v 0.121315 0.050433 -0.473917
v 0.124883 0.045955 -0.470029
v 0.129684 0.043441 -0.466856
v 0.136318 0.042046 -0.464331
v 0.143733 0.041211 -0.462763
v 0.169450 0.061450 -0.466424
v 0.169654 0.068061 -0.468279
v 0.168104 0.054383 -0.465534
v 0.164622 0.048386 -0.463771
v 0.159368 0.043806 -0.462656
v 0.152385 0.041126 -0.462756
v 0.143972 0.040774 -0.463711
v 0.136536 0.041620 -0.465258
v 0.129749 0.043087 -0.467822
v 0.124991 0.045607 -0.470917
v 0.121422 0.050138 -0.474829
v 0.119453 0.056218 -0.477399
v 0.119309 0.063692 -0.479366
v 0.120653 0.071524 -0.480789
v 0.123342 0.078162 -0.482846
v 0.127447 0.083576 -0.485173
v 0.132033 0.086720 -0.486205
v 0.137897 0.088090 -0.485952
v 0.145154 0.087817 -0.484352
v 0.153251 0.086814 -0.482669
v 0.159797 0.086262 -0.480557
v 0.164797 0.083884 -0.478069
v 0.167469 0.080074 -0.475288
v 0.169068 0.074829 -0.472098
v 0.174023 0.046424 -0.488653
v 0.167852 0.046577 -0.471470
v 0.162862 0.041376 -0.472346
v 0.170074 0.040469 -0.489516
v 0.174899 0.059834 -0.486748
v 0.171920 0.059977 -0.471329
v 0.170802 0.052668 -0.471138
v 0.175634 0.052813 -0.487681
v 0.173459 0.067679 -0.486114
v 0.171472 0.075700 -0.486040
v 0.171461 0.074089 -0.474457
v 0.172147 0.067735 -0.471816
v 0.168781 0.080672 -0.487412
v 0.164912 0.083703 -0.489324
v 0.166795 0.083307 -0.480671
v 0.169808 0.079524 -0.477692
v 0.130738 0.032421 -0.493012
v 0.125465 0.042003 -0.478843
v 0.120965 0.047292 -0.481243
v 0.123829 0.037397 -0.493630
v 0.119380 0.044530 -0.494126
v 0.118559 0.054117 -0.483265
v 0.118504 0.062621 -0.485045
v 0.117992 0.053681 -0.494590
v 0.120113 0.071602 -0.486246
v 0.122799 0.079167 -0.487382
v 0.120358 0.074403 -0.495159
v 0.118338 0.064016 -0.495054
v 0.126867 0.084159 -0.488952
v 0.131554 0.087477 -0.489627
v 0.128061 0.085444 -0.495396
v 0.123768 0.081870 -0.495168
v 0.156118 0.038095 -0.473138
v 0.147883 0.036690 -0.473883
v 0.156417 0.030961 -0.491274
v 0.164254 0.035373 -0.490403
v 0.158737 0.085476 -0.491068
v 0.149847 0.085245 -0.492251
v 0.152418 0.086367 -0.485562
v 0.161105 0.085675 -0.483429
v 0.137583 0.088895 -0.489004
v 0.144539 0.087789 -0.486906
v 0.141564 0.085688 -0.493454
v 0.133900 0.087092 -0.494805
v 0.138855 0.029661 -0.492458
v 0.147994 0.028997 -0.491932
v 0.139835 0.036861 -0.475367
v 0.131838 0.038531 -0.477158
v 0.172855 0.068747 -0.496285
v 0.171533 0.069378 -0.498875
v 0.168573 0.076735 -0.498087
v 0.169969 0.076480 -0.495455
v 0.166924 0.082458 -0.495069
v 0.165440 0.082617 -0.497548
v 0.161739 0.085154 -0.497924
v 0.163094 0.084790 -0.495687
v 0.157014 0.085899 -0.496382
v 0.155802 0.085964 -0.498495
v 0.147346 0.084439 -0.498890
v 0.148296 0.084746 -0.496856
v 0.140173 0.084540 -0.497341
v 0.139496 0.083983 -0.499273
v 0.132183 0.084706 -0.499846
v 0.132613 0.085462 -0.498025
v 0.126668 0.083854 -0.498092
v 0.126467 0.083042 -0.499881
v 0.122658 0.078618 -0.499988
v 0.122631 0.079889 -0.498034
v 0.119617 0.071345 -0.498361
v 0.119938 0.070379 -0.500272
v 0.118808 0.059770 -0.500450
v 0.118101 0.060313 -0.498480
v 0.118619 0.049495 -0.498667
v 0.119547 0.049425 -0.500630
v 0.121817 0.040487 -0.500915
v 0.120818 0.040203 -0.498923
v 0.125979 0.033166 -0.499203
v 0.126890 0.033805 -0.501263
v 0.134414 0.029473 -0.501642
v 0.133735 0.028568 -0.499562
v 0.142542 0.026276 -0.500088
v 0.142938 0.027445 -0.502201
v 0.152314 0.027595 -0.502842
v 0.152295 0.026311 -0.500715
v 0.160702 0.029461 -0.501115
v 0.160398 0.030885 -0.503289
v 0.167384 0.036932 -0.503260
v 0.168025 0.035615 -0.501040
v 0.173287 0.041843 -0.500607
v 0.172406 0.043161 -0.502868
v 0.175609 0.049707 -0.502221
v 0.176704 0.048519 -0.499853
v 0.177375 0.054835 -0.498784
v 0.176150 0.055949 -0.501192
v 0.174144 0.062244 -0.499989
v 0.175418 0.061313 -0.497476
v 0.160267 0.055891 -0.502000
v 0.156725 0.049190 -0.502569
v 0.149837 0.044311 -0.502657
v 0.141501 0.044471 -0.502322
v 0.134584 0.048787 -0.501946
v 0.131684 0.056759 -0.501481
v 0.132227 0.066505 -0.501096
v 0.136164 0.072392 -0.500633
v 0.143422 0.074208 -0.500286
v 0.151114 0.074598 -0.500111
v 0.156057 0.070695 -0.500343
v 0.159382 0.063108 -0.501107
v -0.101327 0.476160 -0.183311
v -0.105861 0.459977 -0.177237
v -0.097397 0.452913 -0.175066
v -0.093232 0.465887 -0.180443
v -0.036063 0.405425 -0.204828
v -0.029675 0.392027 -0.223151
v -0.042627 0.392003 -0.214853
v -0.043518 0.373802 -0.226324
v -0.032575 0.374820 -0.235319
v -0.029699 0.365054 -0.246048
v -0.042908 0.363109 -0.235215
v -0.043400 0.360376 -0.240071
v -0.026629 0.362031 -0.252458
v -0.021024 0.360626 -0.259933
v -0.043520 0.356568 -0.244675
v -0.036572 0.354537 -0.251861
v -0.014080 0.360858 -0.268540
v -0.029523 0.358459 -0.262515
v -0.073802 0.425188 -0.182503
v -0.053281 0.412752 -0.193780
v -0.045568 0.352036 -0.259491
v -0.037180 0.359870 -0.285449
v -0.091025 0.442881 -0.175478
v -0.087072 0.457902 -0.179424
v -0.084664 0.434752 -0.177529
v -0.043764 0.361176 -0.297800
v -0.120900 0.479426 -0.281314
v -0.116560 0.464573 -0.306487
v -0.124427 0.440434 -0.284629
v -0.127459 0.456317 -0.268848
v -0.115653 0.424394 -0.305818
v -0.105797 0.453693 -0.332130
v -0.093056 0.446419 -0.345251
v -0.102735 0.415688 -0.321630
v -0.076241 0.436866 -0.366424
v -0.068669 0.434563 -0.371648
v -0.073827 0.399651 -0.347352
v -0.084319 0.404513 -0.342177
v -0.057269 0.393714 -0.348348
v -0.064134 0.396632 -0.348324
v -0.116617 0.493973 -0.211653
v -0.108323 0.495734 -0.199667
v -0.053558 0.351961 -0.266900
v -0.064189 0.366521 -0.309501
v -0.079834 0.362000 -0.287935
v -0.087550 0.365390 -0.290844
v -0.073883 0.370607 -0.311653
v -0.110170 0.398291 -0.287816
v -0.113287 0.394356 -0.269098
v -0.123757 0.402857 -0.256641
v -0.121919 0.408297 -0.274344
v -0.130561 0.417550 -0.260701
v -0.132016 0.410107 -0.242536
v -0.136527 0.415900 -0.230761
v -0.133011 0.432219 -0.249996
v -0.129159 0.447595 -0.236836
v -0.134386 0.427238 -0.220718
v -0.129504 0.441616 -0.209102
v -0.124662 0.464408 -0.220417
v -0.122970 0.488627 -0.227610
v -0.119785 0.503638 -0.236704
v -0.121390 0.495131 -0.258205
v -0.126511 0.472302 -0.250076
v -0.124372 0.452559 -0.197295
v -0.115917 0.459561 -0.185154
v -0.109185 0.481411 -0.192922
v -0.119337 0.476382 -0.205744
v -0.060044 0.353249 -0.275614
v -0.069031 0.356110 -0.282589
v -0.054924 0.364001 -0.304613
v -0.097268 0.373117 -0.290420
v -0.105052 0.382419 -0.284558
v -0.097689 0.383818 -0.306952
v -0.085652 0.375800 -0.311589
v -0.107161 0.395138 -0.292780
v -0.111069 0.391971 -0.272467
v -0.089472 0.444297 -0.349040
v -0.098443 0.413304 -0.326045
v -0.098906 0.358571 -0.279201
v -0.105407 0.361584 -0.275285
v -0.107804 0.370882 -0.271091
v -0.099811 0.365200 -0.277125
v -0.126449 0.383004 -0.244519
v -0.123022 0.379805 -0.252086
v -0.114868 0.365982 -0.269672
v -0.119868 0.369229 -0.263672
v -0.128476 0.375185 -0.245318
v -0.132149 0.373837 -0.233343
v -0.133158 0.388743 -0.220302
v -0.130580 0.387508 -0.233722
v -0.130784 0.370955 -0.223273
v -0.124817 0.366385 -0.213706
v -0.125204 0.383027 -0.194580
v -0.131254 0.386725 -0.208069
v -0.123495 0.351886 -0.228364
v -0.128735 0.356805 -0.236668
v -0.125224 0.344576 -0.248700
v -0.121091 0.339836 -0.240500
v -0.125915 0.348372 -0.256389
v -0.129708 0.360331 -0.245380
v -0.126366 0.362519 -0.254740
v -0.123287 0.351629 -0.263952
v -0.119578 0.354059 -0.271022
v -0.122228 0.364093 -0.264915
v -0.118416 0.361642 -0.269786
v -0.113665 0.353648 -0.276977
v -0.109430 0.351458 -0.280798
v -0.113754 0.358755 -0.275293
v -0.109495 0.356475 -0.278080
v -0.105290 0.349507 -0.282461
v -0.100238 0.347458 -0.283811
v -0.102576 0.353684 -0.279661
v -0.098028 0.351608 -0.281891
v -0.096656 0.345874 -0.285683
v -0.094761 0.339081 -0.289979
v -0.092414 0.330703 -0.295900
v -0.095385 0.330556 -0.291935
v -0.097733 0.340612 -0.287526
v -0.101490 0.342099 -0.286074
v -0.099071 0.329897 -0.288680
v -0.105239 0.343775 -0.284600
v -0.109269 0.343201 -0.281393
v -0.103949 0.329579 -0.285771
v -0.111155 0.329381 -0.280143
v -0.115426 0.342275 -0.276252
v -0.119393 0.340129 -0.270628
v -0.115581 0.327742 -0.274457
v -0.117572 0.324934 -0.269567
v -0.121676 0.336689 -0.264504
v -0.121329 0.332862 -0.257871
v -0.117452 0.321497 -0.263893
v -0.115236 0.317250 -0.257496
v -0.118280 0.328346 -0.250336
v -0.114098 0.308511 -0.263005
v -0.116762 0.311774 -0.268806
v -0.119227 0.304003 -0.274245
v -0.114365 0.302924 -0.267205
v -0.119816 0.306541 -0.279853
v -0.116713 0.315090 -0.274358
v -0.114410 0.317508 -0.278630
v -0.116563 0.309166 -0.284013
v -0.109203 0.318838 -0.283949
v -0.101131 0.319458 -0.290367
v -0.100380 0.313818 -0.296151
v -0.109983 0.311712 -0.289097
v -0.090997 0.310638 -0.311336
v -0.094330 0.312897 -0.305050
v -0.094928 0.320454 -0.296188
v -0.090646 0.319846 -0.303828
v -0.076848 0.353086 -0.264139
v -0.079461 0.352499 -0.271501
v -0.076078 0.354276 -0.265043
v -0.073378 0.355261 -0.257230
v -0.069775 0.359059 -0.241493
v -0.073411 0.354829 -0.251089
v -0.073777 0.356282 -0.252949
v -0.071880 0.357402 -0.249951
v -0.071390 0.356750 -0.231774
v -0.071579 0.357062 -0.239117
v -0.069252 0.361239 -0.229233
v -0.069127 0.364609 -0.219279
v -0.073882 0.355480 -0.213248
v -0.071890 0.358067 -0.219762
v -0.070923 0.365848 -0.209393
v -0.074282 0.368773 -0.196565
v -0.089435 0.357892 -0.205476
v -0.078783 0.358752 -0.211210
v -0.079879 0.372986 -0.190449
v -0.089259 0.375299 -0.186015
v -0.090532 0.331586 -0.230736
v -0.081191 0.332581 -0.234233
v -0.079780 0.344485 -0.223009
v -0.090093 0.343315 -0.219037
v -0.073819 0.336677 -0.243609
v -0.072828 0.348605 -0.231323
v -0.073489 0.345581 -0.228809
v -0.075652 0.334308 -0.238567
v -0.075442 0.341513 -0.257812
v -0.073457 0.350173 -0.248336
v -0.073461 0.345871 -0.245757
v -0.074570 0.339174 -0.252071
v -0.076891 0.342354 -0.269438
v -0.075928 0.349848 -0.262030
v -0.075506 0.347370 -0.260328
v -0.076417 0.342293 -0.265686
v -0.079536 0.341516 -0.279186
v -0.079236 0.347955 -0.273754
v -0.078019 0.346075 -0.271496
v -0.078223 0.341324 -0.275500
v -0.077879 0.332878 -0.279916
v -0.078285 0.323186 -0.284223
v -0.077278 0.326162 -0.290137
v -0.078328 0.334618 -0.284238
v -0.077644 0.334152 -0.271746
v -0.079000 0.321800 -0.280273
v -0.077119 0.334607 -0.274779
v -0.076067 0.329269 -0.257204
v -0.078531 0.318158 -0.265023
v -0.079043 0.320187 -0.274532
v -0.077301 0.332374 -0.266063
v -0.078343 0.323546 -0.247141
v -0.081720 0.313536 -0.254657
v -0.079373 0.315930 -0.258372
v -0.076381 0.326327 -0.250861
v -0.091624 0.320564 -0.240586
v -0.093463 0.310429 -0.248799
v -0.086382 0.311646 -0.251429
v -0.083392 0.321646 -0.243681
v -0.094000 0.296501 -0.258724
v -0.086771 0.294624 -0.260796
v -0.087662 0.301867 -0.256663
v -0.094181 0.302364 -0.254929
v -0.079546 0.296996 -0.267472
v -0.080233 0.305786 -0.263886
v -0.082792 0.303534 -0.259905
v -0.082204 0.294507 -0.263179
v -0.077902 0.300589 -0.274898
v -0.077002 0.305360 -0.285688
v -0.078990 0.310774 -0.280988
v -0.079004 0.308157 -0.270906
v -0.076090 0.314837 -0.297386
v -0.078116 0.313624 -0.288995
v -0.075178 0.306122 -0.296597
v -0.074157 0.305203 -0.303805
v -0.093223 0.361586 -0.279161
v -0.088314 0.359161 -0.278837
v -0.090512 0.355014 -0.280921
v -0.094040 0.357207 -0.280667
v -0.118669 0.362839 -0.207847
v -0.112437 0.360283 -0.205534
v -0.112529 0.379162 -0.182045
v -0.118998 0.381098 -0.184431
v -0.116219 0.336113 -0.235326
v -0.110373 0.333442 -0.232853
v -0.112004 0.345314 -0.220459
v -0.117989 0.348018 -0.223023
v -0.112196 0.314302 -0.253362
v -0.108077 0.312808 -0.251470
v -0.109267 0.322349 -0.243014
v -0.114273 0.324916 -0.245449
v -0.110448 0.301798 -0.262508
v -0.106917 0.300715 -0.260382
v -0.107031 0.305949 -0.257613
v -0.110611 0.307121 -0.259506
v -0.086753 0.318578 -0.307295
v -0.083200 0.317111 -0.306858
v -0.082711 0.307569 -0.312991
v -0.087232 0.308824 -0.314064
v -0.091161 0.337414 -0.292217
v -0.087503 0.336269 -0.291522
v -0.085390 0.328297 -0.297164
v -0.088956 0.329526 -0.297547
v -0.093922 0.349763 -0.283932
v -0.089860 0.348543 -0.283692
v -0.088892 0.343189 -0.287083
v -0.092991 0.344378 -0.287547
v -0.082870 0.341476 -0.284257
v -0.085111 0.342184 -0.285793
v -0.086042 0.347597 -0.282666
v -0.082022 0.346660 -0.279336
v -0.078950 0.326570 -0.293624
v -0.082106 0.327371 -0.295668
v -0.083837 0.335281 -0.290165
v -0.080497 0.334528 -0.287973
v -0.075309 0.305383 -0.308677
v -0.079066 0.306554 -0.311315
v -0.079851 0.316197 -0.305396
v -0.076731 0.315740 -0.302825
v -0.099235 0.303720 -0.254779
v -0.103240 0.304785 -0.256031
v -0.103328 0.299654 -0.258842
v -0.099663 0.298507 -0.257930
v -0.098488 0.320245 -0.239748
v -0.103969 0.320764 -0.241108
v -0.103803 0.311535 -0.249708
v -0.099172 0.310386 -0.248228
v -0.098781 0.343127 -0.217656
v -0.105537 0.343682 -0.218661
v -0.104496 0.331803 -0.230925
v -0.098263 0.331303 -0.229657
v -0.098222 0.376812 -0.180828
v -0.105576 0.377784 -0.180772
v -0.105801 0.358673 -0.203996
v -0.098406 0.357986 -0.203252
v -0.083237 0.352871 -0.277391
v -0.086065 0.354541 -0.279297
v -0.083447 0.356888 -0.276429
v -0.080710 0.355318 -0.273129
v -0.121087 0.435725 -0.178973
v -0.128705 0.429077 -0.189874
v -0.131219 0.403011 -0.192059
v -0.124629 0.406554 -0.174992
v -0.133830 0.405048 -0.206023
v -0.133335 0.419465 -0.199866
v -0.135037 0.412235 -0.210439
v -0.133140 0.400737 -0.217579
v -0.130392 0.395685 -0.229991
v -0.133681 0.407317 -0.223640
v -0.128579 0.400940 -0.239035
v -0.123841 0.389787 -0.243544
v -0.109684 0.378268 -0.270978
v -0.109405 0.382946 -0.277044
v -0.101681 0.373698 -0.283400
v -0.103453 0.372627 -0.276289
v -0.056289 0.370458 -0.215016
v -0.064287 0.367528 -0.216805
v -0.062702 0.363889 -0.224954
v -0.054120 0.365045 -0.226082
v -0.057044 0.405791 -0.183253
v -0.068454 0.386240 -0.183511
v -0.063622 0.380578 -0.199995
v -0.055834 0.385054 -0.192274
v -0.074683 0.395506 -0.174684
v -0.064108 0.419255 -0.175876
v -0.078203 0.425922 -0.170799
v -0.085351 0.402249 -0.167858
v -0.116675 0.408725 -0.167546
v -0.108887 0.406529 -0.165714
v -0.102657 0.433995 -0.169196
v -0.111879 0.436922 -0.171642
v -0.063613 0.353263 -0.261243
v -0.057846 0.353763 -0.252241
v -0.068330 0.354190 -0.255703
v -0.071061 0.353855 -0.262296
v -0.101396 0.405957 -0.164545
v -0.094188 0.405927 -0.164364
v -0.088309 0.429519 -0.168300
v -0.094913 0.431346 -0.168144
v -0.077048 0.355657 -0.270675
v -0.083043 0.358879 -0.276729
v -0.075997 0.357140 -0.276950
v -0.068985 0.354111 -0.270272
v -0.090066 0.363085 -0.279607
v -0.095466 0.366869 -0.280019
v -0.090605 0.365304 -0.283526
v -0.085289 0.361592 -0.281180
v -0.064616 0.356718 -0.244677
v -0.053562 0.355805 -0.243142
v -0.056895 0.359735 -0.235981
v -0.064429 0.359534 -0.236146
v -0.101453 0.347919 -0.283332
v -0.104189 0.354408 -0.279039
v -0.098779 0.341093 -0.286918
v -0.096500 0.330297 -0.290727
v -0.115093 0.389599 -0.263757
v -0.124991 0.373260 -0.255066
v -0.108609 0.363243 -0.272652
v -0.113856 0.374578 -0.262051
v -0.114772 0.382577 -0.260148
v -0.117147 0.376395 -0.257515
v -0.121290 0.394381 -0.253835
v -0.084638 0.289429 -0.266961
v -0.080229 0.288023 -0.271114
v -0.098453 0.293468 -0.260985
v -0.092577 0.291801 -0.262889
v -0.079445 0.289329 -0.274762
v -0.078997 0.294139 -0.281162
v -0.078046 0.297199 -0.292838
v -0.076564 0.297938 -0.301318
v -0.075787 0.297046 -0.307507
v -0.076876 0.297119 -0.311768
v -0.080568 0.298286 -0.314264
v -0.084172 0.299316 -0.315825
v -0.106395 0.295305 -0.262629
v -0.102594 0.294273 -0.261344
v -0.088620 0.300569 -0.316894
v -0.092346 0.302336 -0.314647
v -0.095590 0.304584 -0.309419
v -0.101028 0.305154 -0.301762
v -0.112055 0.303812 -0.293209
v -0.118488 0.300216 -0.286864
v -0.113920 0.296385 -0.269080
v -0.109422 0.295735 -0.264211
v -0.121124 0.297357 -0.282591
v -0.119311 0.296913 -0.276909
v -0.141513 0.184078 -0.172761
v -0.139292 0.178770 -0.177749
v -0.139246 0.193888 -0.159811
v -0.141485 0.189326 -0.167273
v -0.132887 0.194677 -0.148580
v -0.136308 0.195313 -0.153571
v -0.121667 0.192908 -0.144603
v -0.127931 0.193797 -0.146022
v -0.115587 0.191563 -0.144955
v -0.109664 0.190463 -0.147278
v -0.101713 0.188262 -0.153831
v -0.104983 0.189395 -0.150252
v -0.101251 0.179851 -0.169844
v -0.100889 0.185411 -0.161000
v -0.107595 0.171709 -0.179197
v -0.103602 0.174712 -0.174980
v -0.113214 0.169473 -0.184331
v -0.110823 0.170306 -0.182326
v -0.121860 0.169968 -0.186459
v -0.116869 0.169205 -0.185661
v -0.126473 0.171066 -0.186535
v -0.130678 0.172463 -0.185854
v -0.136636 0.176109 -0.181722
v -0.134019 0.174169 -0.184256
v -0.133379 0.176052 -0.187070
v -0.129891 0.174336 -0.188352
v -0.125776 0.172955 -0.188904
v -0.121154 0.171927 -0.188762
v -0.115985 0.171248 -0.187953
v -0.112063 0.171313 -0.186640
v -0.109620 0.172182 -0.185075
v -0.106394 0.174759 -0.182496
v -0.101939 0.179441 -0.179205
v -0.100003 0.185572 -0.174964
v -0.099773 0.192549 -0.170027
v -0.100632 0.197767 -0.165278
v -0.103641 0.200498 -0.161283
v -0.108191 0.202952 -0.158375
v -0.114192 0.205263 -0.156642
v -0.120143 0.206563 -0.156601
v -0.126016 0.206806 -0.158249
v -0.130987 0.206472 -0.161451
v -0.134978 0.204837 -0.166370
v -0.138151 0.201071 -0.169954
v -0.138526 0.182283 -0.182227
v -0.136186 0.178080 -0.185173
v -0.140373 0.195142 -0.174286
v -0.140342 0.188923 -0.178272
v -0.105288 0.291394 -0.302009
v -0.115812 0.287651 -0.294453
v -0.095060 0.291712 -0.314442
v -0.099259 0.292574 -0.309192
v -0.107891 0.274208 -0.301182
v -0.105225 0.274421 -0.308055
v -0.107889 0.259153 -0.289355
v -0.109438 0.262509 -0.281082
v -0.112353 0.265953 -0.276828
v -0.116870 0.268906 -0.272977
v -0.117531 0.276060 -0.281635
v -0.112163 0.273902 -0.292317
v -0.120934 0.279396 -0.276209
v -0.118722 0.272382 -0.269073
v -0.118533 0.276097 -0.265366
v -0.121110 0.282723 -0.271586
v -0.118063 0.285820 -0.266403
v -0.116372 0.279478 -0.261427
v -0.112248 0.282465 -0.257260
v -0.112753 0.286918 -0.261747
v -0.120464 0.245090 -0.223722
v -0.122144 0.233520 -0.209694
v -0.119454 0.236350 -0.208003
v -0.117540 0.247850 -0.221480
v -0.124532 0.230103 -0.211802
v -0.122707 0.241866 -0.226245
v -0.124275 0.238183 -0.229047
v -0.126606 0.226090 -0.214340
v -0.126267 0.221869 -0.217247
v -0.123542 0.234381 -0.231821
v -0.119555 0.230715 -0.234143
v -0.122532 0.217641 -0.220078
v -0.120595 0.213941 -0.222788
v -0.117452 0.227107 -0.236727
v -0.117236 0.223570 -0.239568
v -0.120451 0.210771 -0.225351
v -0.124192 0.198690 -0.212647
v -0.128490 0.187358 -0.201473
v -0.130817 0.189799 -0.199724
v -0.125055 0.201469 -0.210442
v -0.127080 0.205448 -0.207851
v -0.133226 0.194243 -0.197508
v -0.135695 0.200700 -0.194832
v -0.130310 0.210624 -0.204923
v -0.130517 0.215517 -0.201941
v -0.136035 0.206540 -0.191814
v -0.134196 0.211773 -0.188432
v -0.128358 0.220039 -0.199218
v -0.125757 0.223713 -0.196947
v -0.131278 0.215755 -0.185410
v -0.127258 0.218475 -0.182753
v -0.122724 0.226550 -0.195114
v -0.129951 0.212159 -0.173396
v -0.134344 0.209790 -0.176237
v -0.137456 0.205686 -0.179484
v -0.139284 0.199894 -0.183134
v -0.139047 0.193529 -0.186192
v -0.136683 0.186638 -0.188688
v -0.134172 0.181942 -0.190764
v -0.131522 0.179301 -0.192289
v -0.083727 0.281691 -0.285787
v -0.083942 0.284494 -0.296113
v -0.082960 0.286512 -0.303745
v -0.081745 0.287938 -0.309434
v -0.094772 0.260855 -0.279838
v -0.094209 0.257772 -0.287845
v -0.090092 0.272767 -0.305926
v -0.090052 0.271114 -0.297838
v -0.089218 0.270862 -0.287721
v -0.086997 0.273771 -0.277858
v -0.089741 0.266550 -0.270795
v -0.093210 0.263924 -0.275241
v -0.083720 0.280305 -0.267630
v -0.087280 0.273362 -0.262791
v -0.087974 0.269748 -0.266618
v -0.085122 0.277093 -0.272380
v -0.091422 0.285200 -0.259762
v -0.092617 0.280649 -0.255630
v -0.088805 0.276961 -0.259108
v -0.085822 0.284034 -0.263675
v -0.099118 0.245282 -0.220996
v -0.101487 0.233273 -0.207517
v -0.099008 0.229624 -0.209186
v -0.096452 0.241769 -0.223131
v -0.097965 0.221130 -0.213719
v -0.095573 0.234125 -0.228352
v -0.095277 0.238057 -0.225583
v -0.097832 0.225576 -0.211250
v -0.103642 0.214416 -0.220287
v -0.101211 0.227937 -0.234109
v -0.097229 0.230634 -0.231262
v -0.099589 0.217280 -0.216816
v -0.105365 0.208178 -0.225230
v -0.102614 0.221453 -0.239341
v -0.103002 0.224872 -0.236793
v -0.105562 0.211380 -0.223089
v -0.107212 0.198195 -0.210594
v -0.107975 0.185287 -0.199390
v -0.109984 0.183498 -0.201152
v -0.107811 0.195536 -0.212491
v -0.100727 0.205075 -0.204420
v -0.100666 0.193936 -0.194155
v -0.104868 0.188773 -0.197039
v -0.104848 0.201375 -0.207890
v -0.099159 0.214533 -0.198677
v -0.099258 0.204832 -0.187947
v -0.098807 0.199285 -0.191112
v -0.099040 0.209538 -0.201276
v -0.102867 0.222724 -0.194715
v -0.103216 0.213563 -0.182647
v -0.100748 0.209576 -0.185135
v -0.100443 0.218914 -0.196483
v -0.100915 0.202884 -0.176150
v -0.103556 0.206697 -0.173427
v -0.099030 0.191369 -0.182767
v -0.099396 0.197782 -0.179217
v -0.105679 0.180060 -0.188256
v -0.101124 0.185437 -0.185759
v -0.111641 0.175004 -0.191896
v -0.109186 0.176643 -0.190328
v -0.108330 0.283810 -0.254716
v -0.104612 0.283611 -0.253763
v -0.104098 0.286632 -0.258257
v -0.107696 0.286901 -0.259307
v -0.114057 0.249387 -0.219968
v -0.116060 0.237861 -0.206760
v -0.111957 0.238041 -0.205956
v -0.110021 0.249671 -0.219189
v -0.122741 0.219994 -0.180983
v -0.117734 0.220334 -0.180096
v -0.114559 0.228253 -0.192937
v -0.118985 0.228055 -0.193777
v -0.119554 0.213841 -0.170652
v -0.125020 0.213511 -0.171515
v -0.128323 0.177290 -0.193201
v -0.124562 0.175968 -0.193544
v -0.121652 0.196570 -0.213832
v -0.118072 0.194987 -0.214276
v -0.121960 0.183587 -0.202878
v -0.125532 0.185289 -0.202516
v -0.114903 0.221275 -0.241050
v -0.111421 0.219970 -0.241584
v -0.114583 0.207118 -0.227164
v -0.118124 0.208569 -0.226664
v -0.102011 0.274555 -0.311688
v -0.098524 0.274268 -0.312435
v -0.101817 0.256784 -0.294501
v -0.105127 0.257689 -0.293740
v -0.087201 0.289754 -0.316026
v -0.090884 0.290745 -0.316473
v -0.081980 0.288718 -0.313018
v -0.083964 0.288938 -0.314721
v -0.095698 0.256727 -0.292718
v -0.098665 0.256497 -0.294195
v -0.095259 0.274153 -0.312163
v -0.091653 0.273922 -0.310524
v -0.104598 0.219772 -0.240840
v -0.107508 0.206673 -0.226480
v -0.111041 0.206494 -0.227104
v -0.107985 0.219467 -0.241510
v -0.113287 0.182632 -0.202293
v -0.117879 0.182697 -0.202804
v -0.114318 0.194230 -0.214211
v -0.110395 0.194300 -0.213635
v -0.120229 0.175018 -0.193453
v -0.115325 0.174468 -0.192921
v -0.107878 0.209944 -0.171608
v -0.113830 0.212666 -0.170679
v -0.106163 0.225536 -0.193516
v -0.110281 0.227416 -0.192847
v -0.112542 0.219264 -0.180085
v -0.107159 0.216781 -0.180973
v -0.106109 0.249134 -0.219080
v -0.108115 0.237378 -0.205836
v -0.104532 0.235840 -0.206416
v -0.102341 0.247739 -0.219649
v -0.100399 0.286362 -0.257880
v -0.100692 0.283230 -0.253446
v -0.096572 0.282629 -0.253739
v -0.096125 0.285967 -0.257500
v -0.081218 0.285296 -0.271892
v -0.082537 0.283172 -0.276813
v -0.090901 0.288551 -0.263366
v -0.084871 0.286732 -0.267652
v -0.099931 0.289649 -0.261268
v -0.095801 0.289404 -0.260776
v -0.121596 0.287782 -0.284860
v -0.122408 0.290901 -0.279707
v -0.107285 0.290140 -0.262851
v -0.103612 0.289937 -0.261686
v -0.119448 0.291191 -0.273607
v -0.113112 0.290557 -0.266293
v -0.120806 0.246863 -0.246528
v -0.118053 0.259324 -0.261398
v -0.113629 0.256465 -0.263707
v -0.116600 0.243638 -0.248663
v -0.120799 0.254050 -0.240679
v -0.118844 0.266671 -0.255124
v -0.119475 0.262819 -0.258408
v -0.121890 0.250415 -0.243727
v -0.104907 0.232360 -0.257008
v -0.101740 0.245169 -0.273584
v -0.098652 0.245602 -0.272732
v -0.101669 0.232741 -0.256257
v -0.099865 0.234570 -0.254413
v -0.097072 0.247526 -0.270438
v -0.097976 0.251271 -0.266540
v -0.100498 0.238159 -0.251276
v -0.098849 0.241218 -0.248361
v -0.096520 0.254286 -0.263056
v -0.092683 0.256559 -0.259942
v -0.094937 0.243724 -0.245642
v -0.093210 0.246984 -0.242649
v -0.090892 0.259711 -0.256611
v -0.090142 0.263415 -0.253167
v -0.092705 0.250664 -0.239558
v -0.093852 0.254254 -0.236712
v -0.091245 0.267101 -0.249946
v -0.094247 0.270819 -0.246968
v -0.096685 0.257802 -0.234145
v -0.100083 0.260199 -0.232587
v -0.097803 0.273236 -0.245227
v -0.101950 0.274398 -0.244762
v -0.104042 0.261474 -0.232052
v -0.111605 0.233994 -0.256643
v -0.108157 0.246743 -0.273445
v -0.104899 0.245526 -0.273814
v -0.108220 0.232753 -0.257122
v -0.108007 0.261936 -0.232208
v -0.105951 0.274824 -0.245008
v -0.109816 0.274587 -0.245983
v -0.111963 0.261634 -0.233044
v -0.114317 0.240138 -0.251456
v -0.111130 0.253064 -0.267027
v -0.110558 0.249134 -0.271314
v -0.113959 0.236343 -0.254879
v -0.115528 0.260070 -0.234883
v -0.113443 0.272982 -0.248220
v -0.116835 0.270069 -0.251730
v -0.118685 0.257282 -0.237736
v -0.139260 0.137164 -0.175142
v -0.144202 0.134996 -0.180222
v -0.147176 0.134365 -0.175373
v -0.141314 0.136136 -0.170340
v -0.143521 0.135505 -0.165262
v -0.149104 0.133389 -0.169154
v -0.149846 0.131769 -0.160783
v -0.145531 0.135379 -0.159907
v -0.145238 0.135063 -0.154337
v -0.149070 0.130587 -0.153565
v -0.146805 0.129017 -0.146790
v -0.143241 0.134628 -0.148704
v -0.139785 0.133937 -0.143965
v -0.143122 0.127683 -0.141411
v -0.137940 0.126469 -0.137268
v -0.135639 0.133442 -0.139702
v -0.110349 0.132171 -0.176573
v -0.108103 0.130136 -0.184085
v -0.112203 0.131414 -0.186976
v -0.113707 0.133753 -0.179727
v -0.103253 0.129765 -0.168858
v -0.100309 0.126321 -0.171499
v -0.103887 0.128291 -0.178626
v -0.106334 0.131160 -0.173743
v -0.101332 0.128573 -0.157530
v -0.098154 0.122708 -0.156891
v -0.098634 0.124189 -0.164479
v -0.101583 0.129159 -0.163424
v -0.105836 0.128342 -0.146914
v -0.103708 0.121962 -0.144182
v -0.099821 0.122135 -0.150028
v -0.102754 0.128318 -0.152035
v -0.131393 0.125471 -0.135448
v -0.123439 0.124689 -0.135981
v -0.123211 0.132021 -0.138409
v -0.129959 0.132773 -0.137895
v -0.135584 0.137681 -0.178835
v -0.129739 0.137333 -0.180995
v -0.131561 0.134282 -0.186024
v -0.138876 0.134956 -0.183864
v -0.117806 0.132682 -0.188191
v -0.124757 0.133558 -0.187408
v -0.123768 0.136570 -0.181958
v -0.117774 0.135381 -0.181914
v -0.110400 0.129163 -0.142927
v -0.116499 0.130879 -0.139781
v -0.116094 0.123781 -0.137616
v -0.109175 0.122549 -0.140038
v -0.134619 0.171007 -0.179378
v -0.133594 0.168565 -0.176109
v -0.135547 0.169911 -0.172627
v -0.136939 0.172655 -0.176198
v -0.139149 0.174651 -0.171939
v -0.137705 0.171227 -0.169072
v -0.140075 0.171771 -0.165169
v -0.141220 0.177008 -0.166620
v -0.141501 0.178718 -0.160495
v -0.140233 0.171097 -0.159710
v -0.138616 0.170675 -0.153287
v -0.140023 0.179195 -0.153526
v -0.137569 0.179246 -0.148836
v -0.136269 0.170857 -0.148939
v -0.133234 0.170745 -0.146809
v -0.134140 0.178853 -0.146420
v -0.133262 0.158508 -0.146825
v -0.135568 0.158644 -0.149550
v -0.137696 0.144547 -0.146779
v -0.134351 0.144538 -0.143230
v -0.140582 0.144885 -0.150814
v -0.137861 0.159171 -0.153253
v -0.139433 0.159863 -0.158405
v -0.142309 0.145295 -0.155887
v -0.142338 0.145521 -0.160620
v -0.139485 0.160379 -0.162976
v -0.137413 0.160599 -0.167048
v -0.140035 0.145336 -0.164977
v -0.137795 0.145521 -0.169532
v -0.135273 0.161029 -0.171283
v -0.133342 0.161200 -0.174815
v -0.135915 0.146204 -0.173978
v -0.110720 0.168247 -0.177378
v -0.112625 0.166903 -0.173874
v -0.114747 0.166661 -0.176711
v -0.113147 0.167388 -0.180229
v -0.105230 0.170817 -0.169047
v -0.107458 0.165683 -0.167525
v -0.109520 0.166593 -0.171709
v -0.108076 0.169419 -0.173537
v -0.104394 0.173158 -0.155339
v -0.107015 0.165404 -0.156501
v -0.106634 0.165144 -0.162453
v -0.104119 0.170866 -0.162872
v -0.108968 0.175933 -0.147795
v -0.110397 0.167721 -0.148827
v -0.108223 0.166719 -0.151678
v -0.106009 0.174869 -0.150418
v -0.108457 0.140214 -0.148592
v -0.105779 0.139879 -0.152737
v -0.108782 0.154957 -0.153441
v -0.110901 0.155141 -0.150469
v -0.104191 0.139501 -0.162418
v -0.107164 0.154726 -0.162140
v -0.107550 0.154824 -0.157327
v -0.104385 0.139626 -0.157346
v -0.107991 0.140630 -0.171098
v -0.109887 0.156262 -0.170313
v -0.107959 0.155232 -0.166452
v -0.105394 0.139797 -0.167002
v -0.114169 0.143028 -0.177114
v -0.114528 0.159386 -0.176909
v -0.112795 0.157747 -0.173204
v -0.111526 0.141520 -0.173697
v -0.129033 0.170632 -0.145232
v -0.123714 0.170678 -0.144186
v -0.124073 0.177822 -0.143408
v -0.129643 0.178322 -0.144597
v -0.129566 0.144209 -0.141555
v -0.123507 0.143614 -0.141627
v -0.123741 0.158130 -0.144375
v -0.129240 0.158227 -0.145217
v -0.130377 0.160475 -0.177107
v -0.125617 0.159562 -0.178254
v -0.127779 0.146023 -0.179344
v -0.132809 0.146416 -0.177416
v -0.131210 0.169525 -0.181455
v -0.126979 0.168222 -0.182451
v -0.124969 0.166197 -0.179011
v -0.129770 0.167211 -0.178188
v -0.116766 0.165990 -0.179059
v -0.120674 0.165922 -0.179286
v -0.121737 0.167180 -0.182596
v -0.116812 0.167027 -0.181943
v -0.117455 0.144387 -0.179595
v -0.122675 0.145369 -0.179995
v -0.121056 0.159206 -0.178740
v -0.116722 0.159412 -0.178638
v -0.114177 0.155818 -0.147864
v -0.118551 0.157292 -0.145063
v -0.117565 0.142667 -0.142624
v -0.112373 0.141115 -0.145301
v -0.113137 0.176903 -0.145557
v -0.118547 0.177552 -0.143707
v -0.118664 0.170080 -0.144583
v -0.113904 0.168829 -0.146466
v -0.141818 0.180153 -0.170270
v -0.139424 0.176858 -0.175312
v -0.140379 0.186712 -0.155949
v -0.142089 0.184464 -0.164744
v -0.134574 0.185952 -0.146160
v -0.137817 0.186871 -0.150269
v -0.123986 0.184270 -0.142531
v -0.129794 0.185153 -0.143942
v -0.118050 0.183841 -0.142804
v -0.111781 0.183279 -0.145012
v -0.103628 0.181514 -0.150422
v -0.107015 0.182487 -0.147506
v -0.102183 0.176820 -0.165495
v -0.102433 0.179896 -0.156852
v -0.107314 0.170679 -0.176460
v -0.103901 0.172442 -0.171469
v -0.112870 0.168378 -0.182662
v -0.110317 0.169284 -0.180264
v -0.122128 0.168572 -0.185129
v -0.116802 0.168062 -0.184302
v -0.126928 0.169746 -0.185065
v -0.131425 0.171325 -0.184148
v -0.137024 0.174630 -0.179466
v -0.134725 0.172871 -0.182278
v -0.150103 0.132014 -0.169463
v -0.150546 0.130183 -0.161194
v -0.148266 0.133150 -0.175971
v -0.145087 0.133822 -0.181124
v -0.139673 0.133695 -0.184779
v -0.132011 0.133027 -0.187064
v -0.125191 0.132281 -0.188488
v -0.118049 0.131462 -0.189486
v -0.112198 0.130347 -0.188407
v -0.107379 0.128892 -0.185095
v -0.103092 0.126777 -0.179176
v -0.099961 0.124503 -0.171998
v -0.098349 0.122081 -0.164589
v -0.097986 0.120237 -0.156951
v -0.099792 0.119644 -0.149853
v -0.103794 0.119468 -0.143902
v -0.109434 0.120032 -0.139787
v -0.116514 0.121285 -0.137311
v -0.123995 0.122205 -0.135809
v -0.132145 0.123013 -0.135384
v -0.138833 0.124045 -0.137392
v -0.144085 0.125257 -0.141687
v -0.147720 0.126607 -0.147328
v -0.149828 0.128413 -0.154240
v -0.139336 0.120672 -0.139123
v -0.132970 0.119410 -0.137076
v -0.144217 0.122134 -0.143321
v -0.147537 0.123836 -0.148786
v -0.149260 0.126307 -0.155303
v -0.149799 0.128482 -0.162087
v -0.149378 0.130384 -0.169978
v -0.147800 0.131523 -0.176031
v -0.144929 0.132163 -0.180842
v -0.139879 0.132038 -0.184246
v -0.132595 0.131265 -0.186246
v -0.125257 0.130546 -0.187902
v -0.117999 0.129858 -0.188921
v -0.112272 0.128699 -0.187860
v -0.107861 0.127278 -0.184738
v -0.103888 0.125241 -0.178937
v -0.100967 0.122684 -0.171815
v -0.099434 0.119969 -0.164398
v -0.099167 0.117710 -0.157052
v -0.101036 0.116455 -0.150541
v -0.104999 0.116103 -0.144935
v -0.110508 0.116481 -0.141031
v -0.117635 0.117528 -0.138554
v -0.125115 0.118462 -0.137178
v -0.149888 0.127955 -0.162359
v -0.149429 0.125734 -0.155546
v -0.147781 0.123200 -0.149092
v -0.144458 0.121410 -0.143555
v -0.139562 0.119953 -0.139313
v -0.133193 0.118669 -0.137196
v -0.125319 0.117732 -0.137263
v -0.117795 0.116749 -0.138635
v -0.110584 0.115696 -0.141086
v -0.105062 0.115350 -0.144975
v -0.101105 0.115748 -0.150591
v -0.099209 0.117042 -0.157039
v -0.099415 0.119379 -0.164416
v -0.100896 0.122041 -0.171919
v -0.103733 0.124816 -0.178969
v -0.107709 0.126685 -0.184900
v -0.112179 0.128244 -0.188037
v -0.117876 0.129316 -0.189086
v -0.125205 0.129935 -0.187998
v -0.132876 0.130580 -0.186394
v -0.140097 0.131566 -0.184394
v -0.145097 0.131682 -0.180953
v -0.147843 0.131044 -0.176300
v -0.149379 0.129869 -0.170180
v -0.149276 0.096874 -0.146961
v -0.142967 0.112373 -0.141115
v -0.147802 0.114917 -0.145513
v -0.153712 0.100487 -0.151762
v -0.155539 0.104290 -0.157130
v -0.150721 0.117689 -0.151022
v -0.151900 0.120742 -0.157672
v -0.154969 0.108309 -0.163230
v -0.152118 0.123906 -0.164898
v -0.151255 0.126006 -0.171991
v -0.151634 0.116644 -0.177398
v -0.153678 0.112593 -0.170190
v -0.149412 0.127398 -0.178344
v -0.146228 0.128043 -0.183075
v -0.145232 0.120067 -0.187046
v -0.148947 0.119025 -0.183087
v -0.103024 0.092450 -0.149141
v -0.100798 0.108652 -0.150230
v -0.105674 0.107455 -0.144660
v -0.109410 0.090424 -0.144188
v -0.098248 0.099661 -0.163552
v -0.098396 0.113473 -0.165045
v -0.098317 0.110587 -0.157074
v -0.099236 0.095516 -0.155646
v -0.098725 0.104469 -0.172373
v -0.100756 0.109490 -0.181038
v -0.102241 0.120153 -0.180692
v -0.099675 0.116901 -0.173338
v -0.104174 0.113285 -0.187545
v -0.108418 0.115529 -0.191027
v -0.110609 0.124115 -0.189843
v -0.106033 0.122392 -0.186464
v -0.142986 0.093669 -0.143126
v -0.134715 0.090867 -0.140234
v -0.128185 0.108966 -0.137791
v -0.136447 0.110383 -0.138519
v -0.140579 0.127826 -0.186448
v -0.132151 0.126539 -0.187628
v -0.130365 0.118371 -0.189649
v -0.139142 0.119915 -0.189518
v -0.114470 0.117031 -0.192292
v -0.122150 0.117390 -0.190509
v -0.124243 0.125772 -0.189300
v -0.116725 0.125356 -0.191026
v -0.112129 0.107187 -0.140827
v -0.120080 0.107821 -0.138581
v -0.126132 0.089442 -0.139433
v -0.117161 0.089438 -0.141006
v -0.151092 0.109370 -0.181911
v -0.149876 0.107216 -0.183258
v -0.152697 0.102735 -0.176781
v -0.153880 0.104649 -0.175091
v -0.144090 0.114295 -0.190354
v -0.142937 0.112137 -0.191389
v -0.146762 0.110609 -0.188443
v -0.147976 0.112857 -0.187268
v -0.129314 0.113266 -0.190951
v -0.128605 0.110966 -0.191444
v -0.136952 0.112345 -0.192625
v -0.137962 0.114548 -0.191859
v -0.113622 0.112744 -0.192429
v -0.113396 0.110454 -0.192622
v -0.120766 0.110303 -0.191397
v -0.121212 0.112646 -0.191106
v -0.103678 0.109206 -0.187343
v -0.103942 0.106852 -0.187414
v -0.107720 0.109286 -0.191151
v -0.107719 0.111510 -0.191001
v -0.098866 0.099389 -0.171384
v -0.099639 0.097433 -0.172063
v -0.101109 0.102669 -0.180726
v -0.100578 0.104877 -0.180457
v -0.100149 0.089274 -0.154779
v -0.101115 0.087675 -0.156075
v -0.099697 0.092259 -0.163511
v -0.098785 0.094008 -0.162498
v -0.111505 0.082820 -0.144216
v -0.112217 0.081471 -0.146036
v -0.105367 0.084078 -0.150185
v -0.104462 0.085554 -0.148616
v -0.129413 0.080288 -0.140858
v -0.129537 0.079080 -0.143045
v -0.120324 0.079816 -0.143676
v -0.119879 0.081079 -0.141667
v -0.146240 0.084223 -0.147424
v -0.145748 0.082929 -0.149668
v -0.137979 0.080135 -0.145167
v -0.138166 0.081357 -0.142913
v -0.156357 0.091448 -0.157725
v -0.155427 0.089962 -0.159872
v -0.151498 0.086201 -0.154576
v -0.152230 0.087584 -0.152379
v -0.156036 0.099908 -0.168621
v -0.154956 0.098157 -0.170529
v -0.156524 0.093932 -0.165114
v -0.157569 0.095527 -0.163068
v -0.140719 0.093462 -0.166728
v -0.136570 0.089747 -0.161349
v -0.129220 0.087415 -0.157796
v -0.120988 0.087984 -0.158544
v -0.114582 0.090561 -0.162609
v -0.112370 0.094849 -0.169390
v -0.113401 0.099911 -0.177435
v -0.117545 0.103045 -0.182090
v -0.124834 0.104107 -0.183138
v -0.132522 0.104494 -0.183056
v -0.137390 0.102278 -0.179446
v -0.140351 0.097819 -0.172804
v -0.016502 0.603096 -0.468037
v -0.016887 0.603411 -0.467803
v -0.018058 0.603546 -0.467407
v -0.019294 0.607302 -0.465566
v -0.009489 0.629945 -0.463936
v -0.007472 0.629218 -0.463833
v -0.005377 0.629844 -0.463608
v -0.004366 0.631818 -0.463621
v -0.022144 0.615112 -0.464989
v -0.020796 0.622657 -0.464530
v -0.015226 0.629654 -0.464097
v -0.011429 0.632047 -0.463895
v -0.004474 0.635213 -0.463836
v -0.002554 0.637693 -0.463798
v -0.016453 0.602393 -0.468338
v -0.004292 0.594428 -0.466477
v -0.012269 0.599427 -0.466443
v 0.001411 0.639226 -0.463512
v 0.003292 0.639048 -0.463334
v -0.000145 0.594083 -0.466181
v -0.009014 0.609672 -0.387618
v -0.014900 0.603964 -0.389025
v -0.016302 0.599917 -0.396980
v -0.013499 0.596733 -0.409872
v -0.009578 0.594027 -0.416804
v -0.004343 0.592187 -0.419343
v -0.001981 0.614443 -0.388746
v -0.004702 0.613179 -0.387512
v -0.004468 0.620296 -0.403776
v -0.001808 0.621679 -0.404963
v -0.001565 0.627240 -0.418252
v -0.004327 0.625970 -0.417826
v -0.006544 0.616171 -0.404987
v -0.005878 0.621157 -0.418826
v -0.006699 0.622021 -0.420026
v -0.010067 0.616129 -0.403625
v -0.012332 0.621301 -0.418449
v -0.016898 0.615427 -0.418664
v -0.015479 0.610005 -0.403787
v -0.016850 0.604843 -0.409231
v -0.017679 0.609493 -0.421784
v -0.014700 0.603477 -0.427213
v -0.013926 0.600200 -0.419053
v -0.010329 0.599040 -0.429991
v -0.004450 0.596063 -0.430602
v -0.004381 0.594718 -0.426033
v -0.009833 0.596913 -0.424354
v -0.005713 0.624039 -0.417215
v -0.005717 0.621421 -0.416698
v -0.006221 0.616320 -0.401787
v -0.005939 0.618484 -0.402807
v -0.006910 0.616513 -0.402604
v -0.007740 0.622057 -0.418298
v -0.009285 0.623467 -0.418483
v -0.007160 0.618269 -0.403269
v -0.006990 0.623375 -0.429606
v -0.008577 0.624435 -0.429862
v -0.005478 0.623927 -0.428450
v -0.005926 0.622771 -0.428769
v -0.015676 0.605146 -0.435787
v -0.011027 0.599892 -0.437186
v -0.018189 0.617954 -0.430430
v -0.018774 0.611766 -0.432606
v -0.010688 0.625965 -0.429521
v -0.013908 0.623806 -0.429706
v -0.004209 0.628955 -0.428676
v -0.005621 0.626843 -0.428656
v -0.006996 0.611595 -0.387471
v -0.004676 0.596077 -0.437092
v -0.001235 0.630239 -0.428516
v -0.001507 0.594744 -0.425988
v -0.001579 0.592276 -0.419383
v -0.001427 0.595983 -0.430539
v -0.000673 0.614482 -0.388719
v -0.000509 0.621676 -0.404984
v -0.000191 0.627207 -0.418232
v -0.001387 0.595926 -0.436943
v 0.000226 0.630174 -0.428473
v -0.000395 0.632641 -0.441776
v -0.003730 0.631298 -0.441810
v -0.005869 0.624711 -0.440885
v -0.007480 0.624488 -0.441181
v -0.014556 0.625250 -0.441372
v -0.019330 0.619361 -0.441180
v -0.020092 0.612973 -0.441776
v -0.016979 0.606118 -0.443124
v -0.011994 0.600408 -0.443415
v -0.004952 0.595910 -0.442665
v -0.002988 0.633577 -0.452231
v 0.000683 0.634982 -0.452110
v -0.007548 0.625826 -0.451699
v -0.005571 0.626456 -0.451532
v -0.020185 0.620391 -0.451786
v -0.014928 0.626595 -0.451914
v -0.018159 0.606461 -0.452530
v -0.021218 0.613609 -0.451969
v -0.004980 0.594769 -0.451618
v -0.012493 0.599733 -0.452574
v -0.004628 0.628265 -0.451689
v -0.004768 0.631326 -0.452105
v -0.005313 0.629171 -0.441562
v -0.005143 0.626258 -0.441019
v -0.009254 0.625340 -0.441359
v -0.011171 0.627259 -0.441426
v -0.011313 0.628678 -0.451903
v -0.009463 0.626572 -0.451821
v -0.016312 0.601850 -0.454510
v -0.016648 0.602291 -0.454354
v 0.001223 0.632505 -0.441689
v 0.002446 0.634817 -0.451979
v -0.001047 0.594473 -0.451336
v -0.001294 0.595690 -0.442446
v 0.017984 0.600062 -0.464877
v 0.017397 0.599908 -0.465163
v 0.021279 0.603590 -0.462588
v 0.019351 0.599957 -0.464323
v 0.012198 0.627341 -0.462028
v 0.014316 0.627638 -0.461744
v 0.009567 0.630451 -0.462334
v 0.010243 0.628312 -0.462150
v 0.024420 0.618443 -0.460699
v 0.024975 0.610773 -0.461100
v 0.016604 0.629283 -0.461277
v 0.019952 0.626272 -0.460934
v 0.008763 0.636524 -0.462813
v 0.010224 0.633717 -0.462555
v 0.017067 0.599243 -0.465459
v 0.012539 0.597256 -0.464364
v 0.004019 0.593699 -0.465877
v 0.005169 0.638897 -0.463152
v 0.012779 0.604327 -0.388579
v 0.007144 0.609812 -0.387239
v 0.011065 0.597037 -0.409582
v 0.014062 0.600417 -0.396508
v 0.001252 0.592274 -0.419317
v 0.006785 0.594253 -0.416610
v 0.003143 0.613147 -0.387354
v 0.000599 0.614451 -0.388650
v 0.003741 0.625810 -0.417648
v 0.001154 0.627199 -0.418170
v 0.000739 0.621675 -0.404856
v 0.003277 0.620262 -0.403640
v 0.005842 0.621733 -0.419702
v 0.004951 0.620913 -0.418578
v 0.005164 0.615990 -0.404807
v 0.013704 0.610078 -0.403415
v 0.015457 0.614843 -0.418218
v 0.011251 0.620916 -0.417982
v 0.008372 0.616206 -0.403224
v 0.011669 0.600100 -0.418743
v 0.012588 0.602787 -0.426703
v 0.015926 0.608830 -0.421312
v 0.014826 0.604881 -0.408903
v 0.007148 0.596747 -0.424065
v 0.001299 0.594691 -0.425901
v 0.001633 0.595890 -0.430457
v 0.007846 0.598505 -0.429570
v 0.004610 0.618403 -0.402618
v 0.004813 0.616197 -0.401627
v 0.004773 0.621232 -0.416479
v 0.004937 0.623854 -0.416987
v 0.005709 0.618199 -0.402955
v 0.008366 0.623142 -0.418057
v 0.006776 0.621816 -0.417940
v 0.005473 0.616396 -0.402398
v 0.008372 0.623806 -0.429185
v 0.006723 0.622793 -0.429063
v 0.005557 0.622338 -0.428325
v 0.005196 0.623556 -0.428059
v 0.008726 0.598898 -0.436285
v 0.013975 0.603742 -0.434583
v 0.017509 0.610293 -0.431389
v 0.017393 0.616555 -0.429325
v 0.013558 0.622785 -0.428750
v 0.010539 0.625257 -0.428685
v 0.005653 0.626434 -0.428274
v 0.004471 0.628590 -0.428398
v 0.005314 0.611689 -0.387188
v 0.001913 0.595740 -0.436775
v 0.001694 0.630114 -0.428403
v 0.005862 0.630682 -0.441159
v 0.002826 0.632425 -0.441561
v 0.008495 0.623490 -0.440080
v 0.006898 0.623928 -0.439998
v 0.019612 0.616978 -0.438892
v 0.015573 0.623414 -0.439447
v 0.015910 0.603969 -0.441130
v 0.019678 0.610556 -0.439473
v 0.002421 0.595456 -0.442225
v 0.010119 0.598969 -0.442057
v 0.004171 0.634712 -0.451786
v 0.007484 0.632665 -0.451407
v 0.008579 0.625273 -0.450313
v 0.010425 0.624358 -0.450200
v 0.017776 0.623942 -0.449270
v 0.021969 0.617003 -0.448576
v 0.022122 0.610172 -0.448736
v 0.018263 0.603448 -0.449825
v 0.011216 0.597872 -0.450801
v 0.002912 0.594176 -0.451054
v 0.008761 0.630183 -0.451019
v 0.008031 0.627209 -0.450595
v 0.006400 0.625579 -0.440218
v 0.007066 0.628420 -0.440735
v 0.012503 0.625840 -0.439852
v 0.010346 0.624218 -0.440053
v 0.012428 0.624815 -0.450017
v 0.014617 0.626528 -0.449755
v 0.015757 0.599215 -0.452093
v 0.016346 0.599484 -0.451893
v 0.003262 0.641789 -0.478101
v 0.005454 0.644863 -0.494951
v 0.000949 0.643343 -0.495568
v -0.000994 0.640231 -0.478555
v -0.004313 0.632519 -0.478531
v -0.002779 0.635595 -0.495471
v -0.005150 0.634939 -0.495799
v -0.006544 0.631862 -0.478808
v -0.014725 0.632059 -0.479279
v -0.013627 0.634860 -0.496742
v -0.019929 0.626684 -0.497737
v -0.020684 0.624538 -0.480040
v -0.022441 0.616443 -0.480554
v -0.022156 0.618087 -0.498319
v -0.020559 0.609170 -0.498525
v -0.020199 0.608007 -0.480830
v -0.015655 0.600730 -0.484659
v -0.015996 0.600283 -0.501463
v -0.013733 0.599633 -0.501943
v -0.011122 0.598569 -0.482056
v -0.009367 0.597444 -0.499301
v -0.001574 0.592857 -0.498724
v -0.003101 0.593717 -0.481539
v 0.008327 0.647552 -0.513251
v 0.011979 0.649259 -0.533594
v 0.007559 0.648068 -0.534284
v 0.003773 0.646213 -0.513938
v -0.000600 0.637790 -0.513726
v 0.002325 0.638522 -0.533899
v -0.000268 0.637678 -0.534281
v -0.003030 0.637093 -0.514065
v -0.011763 0.636129 -0.515394
v -0.009018 0.635336 -0.535784
v -0.015393 0.626386 -0.536346
v -0.018067 0.627457 -0.516309
v -0.020846 0.618747 -0.516791
v -0.018431 0.617871 -0.536433
v -0.018162 0.609804 -0.536072
v -0.019888 0.609954 -0.516789
v -0.011989 0.599436 -0.516820
v -0.014321 0.600110 -0.516503
v -0.011600 0.599684 -0.534680
v -0.008940 0.598931 -0.534663
v -0.007057 0.596866 -0.516547
v -0.004156 0.596279 -0.534011
v 0.002735 0.591785 -0.532780
v 0.000369 0.592348 -0.515673
v 0.012674 0.648235 -0.561783
v 0.017167 0.649068 -0.561011
v 0.004128 0.636370 -0.561283
v 0.006641 0.637291 -0.560898
v -0.010370 0.623230 -0.562756
v -0.004618 0.633006 -0.562917
v -0.014602 0.607374 -0.561661
v -0.014358 0.615010 -0.562524
v -0.004671 0.596490 -0.558713
v -0.007804 0.597128 -0.558148
v 0.005996 0.589390 -0.555076
v -0.000059 0.593901 -0.557632
v 0.008486 0.640249 -0.561092
v 0.009799 0.645251 -0.561807
v 0.004908 0.645364 -0.534415
v 0.004008 0.641080 -0.533966
v 0.000849 0.639979 -0.513730
v 0.001274 0.643680 -0.514093
v -0.001377 0.640925 -0.495744
v -0.001527 0.637569 -0.495468
v -0.003170 0.634497 -0.478468
v -0.003150 0.637823 -0.478657
v -0.010662 0.634717 -0.478877
v -0.008676 0.632606 -0.478908
v -0.007339 0.635715 -0.496039
v -0.009390 0.637804 -0.496183
v -0.007424 0.639508 -0.514738
v -0.005322 0.637671 -0.514401
v -0.002569 0.637891 -0.534726
v -0.004732 0.639144 -0.535265
v -0.000240 0.637310 -0.562528
v 0.001836 0.636386 -0.561825
v -0.009412 0.598481 -0.558466
v -0.009661 0.600494 -0.558812
v -0.013239 0.603096 -0.534873
v -0.013055 0.601063 -0.534761
v -0.015546 0.601416 -0.516350
v -0.015679 0.603376 -0.516339
v -0.016665 0.603128 -0.498695
v -0.016660 0.601521 -0.498827
v -0.016221 0.601829 -0.481905
v -0.016282 0.602838 -0.481638
v -0.010948 0.602037 -0.560206
v -0.013466 0.603055 -0.560893
v -0.016851 0.605343 -0.535671
v -0.014519 0.604534 -0.535168
v -0.016683 0.604649 -0.516452
v -0.018487 0.605248 -0.516665
v -0.018982 0.604519 -0.498651
v -0.017460 0.604171 -0.498644
v -0.017003 0.603480 -0.481373
v -0.018281 0.603741 -0.481061
v 0.014073 0.648926 -0.533239
v 0.019235 0.648706 -0.560558
v 0.010500 0.647237 -0.512940
v 0.007607 0.644583 -0.494702
v 0.005286 0.641594 -0.477889
v 0.009405 0.588950 -0.554410
v 0.006417 0.591322 -0.532168
v 0.004249 0.591911 -0.515153
v 0.001056 0.593373 -0.481155
v 0.002495 0.592419 -0.498245
v 0.011132 0.639007 -0.477383
v 0.013760 0.641919 -0.494065
v 0.009736 0.644372 -0.494437
v 0.007304 0.641410 -0.477706
v 0.014746 0.629830 -0.476655
v 0.017574 0.632395 -0.493050
v 0.015394 0.633609 -0.493265
v 0.012677 0.630904 -0.476814
v 0.027342 0.620138 -0.475525
v 0.030492 0.621436 -0.491942
v 0.025749 0.630617 -0.492037
v 0.022720 0.628491 -0.475579
v 0.024653 0.603984 -0.476804
v 0.028335 0.604155 -0.493122
v 0.031211 0.612707 -0.492334
v 0.027987 0.611975 -0.475946
v 0.020213 0.595936 -0.497900
v 0.022468 0.596132 -0.496967
v 0.019202 0.597494 -0.481280
v 0.005266 0.592989 -0.480785
v 0.006539 0.592027 -0.497793
v 0.015082 0.594813 -0.496460
v 0.013979 0.596322 -0.479689
v 0.016677 0.644573 -0.512135
v 0.019982 0.646370 -0.532191
v 0.016134 0.648699 -0.532887
v 0.012644 0.647018 -0.512626
v 0.020701 0.634082 -0.510651
v 0.024218 0.634327 -0.530096
v 0.022032 0.635923 -0.530522
v 0.018507 0.635454 -0.510923
v 0.033429 0.621507 -0.509164
v 0.036235 0.619806 -0.527799
v 0.032086 0.630017 -0.528811
v 0.028878 0.631302 -0.509528
v 0.031751 0.603990 -0.509831
v 0.035017 0.603018 -0.527455
v 0.037067 0.610882 -0.527382
v 0.034263 0.612481 -0.509277
v 0.023259 0.594579 -0.529278
v 0.025977 0.594660 -0.528460
v 0.024043 0.595485 -0.511179
v 0.021665 0.595361 -0.512105
v 0.008116 0.591490 -0.514618
v 0.010053 0.590867 -0.531577
v 0.017973 0.593284 -0.530299
v 0.016375 0.594007 -0.513245
v 0.021256 0.648373 -0.560083
v 0.025159 0.646141 -0.559067
v 0.027052 0.634204 -0.556402
v 0.029073 0.632546 -0.555825
v 0.036407 0.626856 -0.553948
v 0.038938 0.615903 -0.552205
v 0.040289 0.606925 -0.550955
v 0.038264 0.599533 -0.550531
v 0.028556 0.591398 -0.550898
v 0.025473 0.591732 -0.552206
v 0.020255 0.590739 -0.553251
v 0.012756 0.588475 -0.553777
v 0.026800 0.642509 -0.558097
v 0.026281 0.637518 -0.557143
v 0.018396 0.641527 -0.511668
v 0.017726 0.637916 -0.511262
v 0.021162 0.638797 -0.531030
v 0.021667 0.643049 -0.531580
v 0.012686 0.636208 -0.477123
v 0.011979 0.632998 -0.476954
v 0.014654 0.635791 -0.493516
v 0.015390 0.639005 -0.493766
v 0.022220 0.634355 -0.492316
v 0.019816 0.632758 -0.492751
v 0.016938 0.630110 -0.476315
v 0.019289 0.631762 -0.475831
v 0.028853 0.634718 -0.529499
v 0.026482 0.634022 -0.529782
v 0.022971 0.634178 -0.510310
v 0.025428 0.635497 -0.509940
v 0.031202 0.631875 -0.555407
v 0.033570 0.632114 -0.555093
v 0.031411 0.594221 -0.550721
v 0.030491 0.592316 -0.550536
v 0.026242 0.598365 -0.510596
v 0.025578 0.596492 -0.510673
v 0.027730 0.595657 -0.528060
v 0.028527 0.597581 -0.528013
v 0.020070 0.599495 -0.478297
v 0.019689 0.598560 -0.478555
v 0.022982 0.597341 -0.494345
v 0.023447 0.598893 -0.494177
v 0.035885 0.595683 -0.550501
v 0.033215 0.595320 -0.550829
v 0.029407 0.599689 -0.510221
v 0.027494 0.599440 -0.510439
v 0.030160 0.598680 -0.527871
v 0.032582 0.599037 -0.527660
v 0.022281 0.599980 -0.477450
v 0.020929 0.599958 -0.477923
v 0.024465 0.599723 -0.493949
v 0.025957 0.599912 -0.493691
v 0.030158 0.641606 -0.618284
v 0.037878 0.635455 -0.649062
v 0.032716 0.635416 -0.650374
v 0.025184 0.641403 -0.619344
v 0.016493 0.628650 -0.617078
v 0.021709 0.621953 -0.648675
v 0.019468 0.621260 -0.649127
v 0.014234 0.627838 -0.617421
v 0.006041 0.623621 -0.618424
v 0.011346 0.617751 -0.649591
v 0.007114 0.606566 -0.647831
v 0.001255 0.612598 -0.616980
v -0.004154 0.604852 -0.616321
v 0.001374 0.599064 -0.647131
v 0.001125 0.591849 -0.645484
v -0.004717 0.597713 -0.614921
v 0.006411 0.587063 -0.610866
v 0.002367 0.587609 -0.611111
v 0.008869 0.580729 -0.640547
v 0.013394 0.579970 -0.640684
v 0.010840 0.584875 -0.610034
v 0.017690 0.577716 -0.640417
v 0.021770 0.574005 -0.639772
v 0.015554 0.580973 -0.608589
v 0.043730 0.630499 -0.671298
v 0.047138 0.626878 -0.685623
v 0.042169 0.627128 -0.687108
v 0.038593 0.630641 -0.672750
v 0.026292 0.616714 -0.672198
v 0.029521 0.613067 -0.687724
v 0.027101 0.612247 -0.688376
v 0.023934 0.616047 -0.672761
v 0.015948 0.613077 -0.673252
v 0.019272 0.609676 -0.689294
v 0.016117 0.599104 -0.689175
v 0.012237 0.602035 -0.672027
v 0.006607 0.594681 -0.671896
v 0.011025 0.591763 -0.690000
v 0.011713 0.584106 -0.689164
v 0.006767 0.587273 -0.670499
v 0.019566 0.574646 -0.665602
v 0.014848 0.575775 -0.665067
v 0.020307 0.573046 -0.683619
v 0.024643 0.571476 -0.684533
v 0.023888 0.572182 -0.665841
v 0.028629 0.568650 -0.685153
v 0.032239 0.564538 -0.685494
v 0.027715 0.568399 -0.665840
v 0.010284 0.628407 -0.618556
v 0.012190 0.627757 -0.617897
v 0.017432 0.621393 -0.649553
v 0.015626 0.622335 -0.649941
v 0.020031 0.617422 -0.673366
v 0.021878 0.616252 -0.673149
v 0.024964 0.612454 -0.688766
v 0.023090 0.613756 -0.688892
v 0.037401 0.623865 -0.687764
v 0.032914 0.616971 -0.687537
v 0.029480 0.620530 -0.672348
v 0.033854 0.627319 -0.673102
v 0.028307 0.632151 -0.650403
v 0.024601 0.625618 -0.649131
v 0.018825 0.632176 -0.617638
v 0.021401 0.638306 -0.619112
v 0.017932 0.576142 -0.683703
v 0.018102 0.574617 -0.683347
v 0.012406 0.577315 -0.664865
v 0.012196 0.579255 -0.664993
v 0.006276 0.584223 -0.640679
v 0.006501 0.582137 -0.640560
v 0.000244 0.588815 -0.611367
v 0.000081 0.590793 -0.611671
v 0.013500 0.579426 -0.687537
v 0.016404 0.577745 -0.685098
v 0.010781 0.581054 -0.666245
v 0.008138 0.582725 -0.668607
v 0.002290 0.587486 -0.643687
v 0.004871 0.585996 -0.641720
v -0.001247 0.592369 -0.612418
v -0.003759 0.593556 -0.613605
v -0.003079 0.593138 -0.583556
v -0.004964 0.594316 -0.583935
v -0.005151 0.596272 -0.584280
v -0.006476 0.597759 -0.584844
v -0.008931 0.598764 -0.585608
v -0.009877 0.602906 -0.586576
v 0.006983 0.632772 -0.588382
v 0.009166 0.632923 -0.587836
v 0.011520 0.633788 -0.587542
v 0.013503 0.637014 -0.588034
v 0.004985 0.590273 -0.582037
v 0.000446 0.592619 -0.583147
v -0.009307 0.610158 -0.587743
v -0.004420 0.618092 -0.588240
v 0.000716 0.628708 -0.589227
v 0.005004 0.633370 -0.589146
v 0.015206 0.642630 -0.589263
v 0.018426 0.645707 -0.589465
v 0.010419 0.586207 -0.580264
v 0.023194 0.646162 -0.588626
v 0.018199 0.580416 -0.607884
v 0.013467 0.585729 -0.579581
v 0.024047 0.573436 -0.639105
v 0.029735 0.567848 -0.665216
v 0.034217 0.564029 -0.684840
v 0.046180 0.629807 -0.670541
v 0.049520 0.626276 -0.684858
v 0.040319 0.634827 -0.648367
v 0.032451 0.641096 -0.617681
v 0.025391 0.645743 -0.588121
v 0.039171 0.638474 -0.615803
v 0.047384 0.632137 -0.646250
v 0.042752 0.634296 -0.647677
v 0.034762 0.640655 -0.617121
v 0.042106 0.622517 -0.610362
v 0.050955 0.614298 -0.640272
v 0.049367 0.615857 -0.640906
v 0.040461 0.624088 -0.611030
v 0.047300 0.603697 -0.605400
v 0.054113 0.596103 -0.634659
v 0.056114 0.607802 -0.636978
v 0.047875 0.615543 -0.607822
v 0.046095 0.587821 -0.602231
v 0.051826 0.580520 -0.631344
v 0.055144 0.587074 -0.632117
v 0.048715 0.594611 -0.603113
v 0.035732 0.574657 -0.634336
v 0.039439 0.573614 -0.631921
v 0.035306 0.580769 -0.602697
v 0.031707 0.581754 -0.604367
v 0.020924 0.579910 -0.607228
v 0.026336 0.572898 -0.638461
v 0.031361 0.574430 -0.636517
v 0.026902 0.581530 -0.605912
v 0.053310 0.627163 -0.668327
v 0.056381 0.623763 -0.682634
v 0.051889 0.625747 -0.684110
v 0.048668 0.629341 -0.669802
v 0.057704 0.607888 -0.662554
v 0.061854 0.603924 -0.677397
v 0.060177 0.605755 -0.678046
v 0.056078 0.609584 -0.663182
v 0.060070 0.590424 -0.657574
v 0.064851 0.587417 -0.673767
v 0.067114 0.598249 -0.674204
v 0.062622 0.601791 -0.659095
v 0.057079 0.574992 -0.655328
v 0.061658 0.572070 -0.673301
v 0.065805 0.578622 -0.672643
v 0.060962 0.581440 -0.655500
v 0.044627 0.566474 -0.678111
v 0.048248 0.566117 -0.674737
v 0.043816 0.568373 -0.656253
v 0.040197 0.569340 -0.659289
v 0.031790 0.567322 -0.664585
v 0.036214 0.563524 -0.684194
v 0.040604 0.565638 -0.681272
v 0.036182 0.568997 -0.662062
v 0.054825 0.613603 -0.638854
v 0.052798 0.613546 -0.639575
v 0.043968 0.621671 -0.609831
v 0.046078 0.621482 -0.609455
v 0.065825 0.603532 -0.675391
v 0.063749 0.603173 -0.676504
v 0.059547 0.607165 -0.661718
v 0.061510 0.607402 -0.660766
v 0.055573 0.622139 -0.666567
v 0.055366 0.614295 -0.664515
v 0.059162 0.610694 -0.679276
v 0.058831 0.618729 -0.681016
v 0.040951 0.634343 -0.614189
v 0.040015 0.628020 -0.612299
v 0.048856 0.620240 -0.642337
v 0.049464 0.627375 -0.644460
v 0.046962 0.570555 -0.654488
v 0.046056 0.568802 -0.654655
v 0.050499 0.566624 -0.673087
v 0.051338 0.567927 -0.673147
v 0.038473 0.583175 -0.602011
v 0.037530 0.581360 -0.601926
v 0.041780 0.574055 -0.630636
v 0.042767 0.575930 -0.630471
v 0.053129 0.571704 -0.655066
v 0.049314 0.571531 -0.654622
v 0.053680 0.568643 -0.673323
v 0.057543 0.568774 -0.673570
v 0.043379 0.584302 -0.601824
v 0.040421 0.584141 -0.601950
v 0.044996 0.576949 -0.630527
v 0.048267 0.577253 -0.630897
v 0.033898 0.587604 -0.575158
v 0.031812 0.586907 -0.575608
v 0.036617 0.590455 -0.575221
v 0.034782 0.589471 -0.575327
v 0.041674 0.594352 -0.575165
v 0.039397 0.590634 -0.574899
v 0.034804 0.628707 -0.582037
v 0.036831 0.627791 -0.581593
v 0.032513 0.633808 -0.583728
v 0.033004 0.630266 -0.582664
v 0.028423 0.587618 -0.576763
v 0.023320 0.587034 -0.577849
v 0.042205 0.610391 -0.577813
v 0.043966 0.601316 -0.575936
v 0.039061 0.627643 -0.581357
v 0.041376 0.621953 -0.580007
v 0.031773 0.643183 -0.586474
v 0.033370 0.639386 -0.585203
v 0.016533 0.585198 -0.578891
v 0.027567 0.645372 -0.587629
v 0.053617 0.621672 -0.708635
v 0.063410 0.614785 -0.741229
v 0.058089 0.615955 -0.743368
v 0.048638 0.622230 -0.710361
v 0.034291 0.609755 -0.706820
v 0.040524 0.606498 -0.729932
v 0.037678 0.605348 -0.729737
v 0.031707 0.608765 -0.707223
v 0.024580 0.605850 -0.708608
v 0.031932 0.601403 -0.731515
v 0.030275 0.592039 -0.732571
v 0.022146 0.595855 -0.709211
v 0.017679 0.588677 -0.710842
v 0.026267 0.585041 -0.734833
v 0.027473 0.577191 -0.734952
v 0.018745 0.580899 -0.710485
v 0.031347 0.568017 -0.705084
v 0.026786 0.569697 -0.703624
v 0.034391 0.565290 -0.725822
v 0.039122 0.563623 -0.728020
v 0.035507 0.565381 -0.705865
v 0.043209 0.561497 -0.728767
v 0.046638 0.558874 -0.728079
v 0.039227 0.561756 -0.705967
v 0.072937 0.608634 -0.770694
v 0.081452 0.602981 -0.796739
v 0.075825 0.602958 -0.798904
v 0.067409 0.609595 -0.772966
v 0.055547 0.604683 -0.761978
v 0.061611 0.608286 -0.770065
v 0.071521 0.601600 -0.797541
v 0.068538 0.598902 -0.792645
v 0.039972 0.597373 -0.753353
v 0.048421 0.593658 -0.774074
v 0.047964 0.586538 -0.774400
v 0.038949 0.588899 -0.754355
v 0.035167 0.582389 -0.755498
v 0.044128 0.580569 -0.772917
v 0.044475 0.574300 -0.765226
v 0.036137 0.575058 -0.753149
v 0.045794 0.561486 -0.745771
v 0.042133 0.563262 -0.744463
v 0.049713 0.563391 -0.759602
v 0.051072 0.561410 -0.758433
v 0.049222 0.559468 -0.745741
v 0.053246 0.559129 -0.756886
v 0.056213 0.556524 -0.754962
v 0.052404 0.557182 -0.744371
v 0.027894 0.609793 -0.707728
v 0.029576 0.608775 -0.707525
v 0.035709 0.604958 -0.729845
v 0.034593 0.605373 -0.730260
v 0.052038 0.614187 -0.740873
v 0.045287 0.609459 -0.733668
v 0.038195 0.613346 -0.707800
v 0.043493 0.619461 -0.710100
v 0.047756 0.565317 -0.757859
v 0.048620 0.564698 -0.759411
v 0.040223 0.564634 -0.743819
v 0.040016 0.565602 -0.743844
v 0.032175 0.567943 -0.725832
v 0.032093 0.566751 -0.725100
v 0.024503 0.571192 -0.703169
v 0.024458 0.572471 -0.703740
v 0.059778 0.558207 -0.761541
v 0.058894 0.556370 -0.760285
v 0.056031 0.559123 -0.762492
v 0.045307 0.569770 -0.760309
v 0.046655 0.567008 -0.758159
v 0.039091 0.567403 -0.745885
v 0.037431 0.570054 -0.749935
v 0.029107 0.572083 -0.732814
v 0.031143 0.569711 -0.728399
v 0.023144 0.574084 -0.705596
v 0.020550 0.576036 -0.708730
v 0.056123 0.595865 -0.779757
v 0.051987 0.596610 -0.775375
v 0.042701 0.600998 -0.752821
v 0.044621 0.600680 -0.753951
v 0.047324 0.601095 -0.755362
v 0.050786 0.602291 -0.757074
v 0.064835 0.597037 -0.788136
v 0.060408 0.596008 -0.784011
v 0.054522 0.586268 -0.786004
v 0.054833 0.592523 -0.786128
v 0.060053 0.591553 -0.792122
v 0.056427 0.565545 -0.768297
v 0.056791 0.567184 -0.769021
v 0.067059 0.571172 -0.777426
v 0.063671 0.567146 -0.770598
v 0.061345 0.563592 -0.765911
v 0.060083 0.560512 -0.763380
v 0.055838 0.561095 -0.764281
v 0.056114 0.563522 -0.766723
v 0.058278 0.583570 -0.787914
v 0.064262 0.588714 -0.791116
v 0.071843 0.585423 -0.786587
v 0.069363 0.580112 -0.786594
v 0.063732 0.574824 -0.781024
v 0.054900 0.569479 -0.769847
v 0.050693 0.572465 -0.770781
v 0.053629 0.578066 -0.781383
v 0.069745 0.592128 -0.795932
v 0.074573 0.593685 -0.802595
v 0.080236 0.592324 -0.800530
v 0.075482 0.589517 -0.791229
v 0.077707 0.595735 -0.807416
v 0.079168 0.598286 -0.810378
v 0.084838 0.598488 -0.808634
v 0.083339 0.595318 -0.806345
v 0.056056 0.621077 -0.707779
v 0.066090 0.614149 -0.740224
v 0.075701 0.607986 -0.769642
v 0.084153 0.602346 -0.795736
v 0.062046 0.560054 -0.762636
v 0.060972 0.557914 -0.761088
v 0.060093 0.556075 -0.759839
v 0.063631 0.563057 -0.765035
v 0.074607 0.578892 -0.784626
v 0.076032 0.584445 -0.785006
v 0.069655 0.570567 -0.776437
v 0.066162 0.566565 -0.769639
v 0.041112 0.561271 -0.705303
v 0.048426 0.558445 -0.727417
v 0.054142 0.556760 -0.743717
v 0.058002 0.556106 -0.754283
v 0.078867 0.588716 -0.789959
v 0.083064 0.591660 -0.799486
v 0.085927 0.594709 -0.805404
v 0.087476 0.597875 -0.807678
v 0.063235 0.618813 -0.705302
v 0.074142 0.612207 -0.737382
v 0.068769 0.613517 -0.739220
v 0.058497 0.620492 -0.706925
v 0.067766 0.600195 -0.694909
v 0.075440 0.596466 -0.716014
v 0.074107 0.598608 -0.717714
v 0.066153 0.602199 -0.695917
v 0.070431 0.584369 -0.692636
v 0.077025 0.581051 -0.715483
v 0.078911 0.590372 -0.714400
v 0.072370 0.594491 -0.692253
v 0.067512 0.569255 -0.693627
v 0.074557 0.566108 -0.717638
v 0.078379 0.572804 -0.715729
v 0.071579 0.575848 -0.692269
v 0.057153 0.559348 -0.721404
v 0.059646 0.559299 -0.716607
v 0.053504 0.563201 -0.694438
v 0.050476 0.563333 -0.698443
v 0.043027 0.560782 -0.704629
v 0.050226 0.558000 -0.726752
v 0.054013 0.558913 -0.724795
v 0.046993 0.562548 -0.701841
v 0.083978 0.605753 -0.766699
v 0.092012 0.599187 -0.792913
v 0.086851 0.601714 -0.794731
v 0.078463 0.607342 -0.768591
v 0.091442 0.593570 -0.784070
v 0.093547 0.596470 -0.789353
v 0.085511 0.602725 -0.761009
v 0.083052 0.598277 -0.751556
v 0.083288 0.578554 -0.737627
v 0.088972 0.577001 -0.758807
v 0.091171 0.583729 -0.757822
v 0.085239 0.586826 -0.736302
v 0.079113 0.565008 -0.736934
v 0.080840 0.565812 -0.751405
v 0.088315 0.570301 -0.756122
v 0.084056 0.570997 -0.737053
v 0.067256 0.557635 -0.752303
v 0.069644 0.558748 -0.752044
v 0.065164 0.557851 -0.735826
v 0.062847 0.557487 -0.739364
v 0.055893 0.556342 -0.743056
v 0.059769 0.555684 -0.753613
v 0.063964 0.556598 -0.752822
v 0.059767 0.556976 -0.741770
v 0.077874 0.595184 -0.714496
v 0.076699 0.595318 -0.714938
v 0.069438 0.599302 -0.693902
v 0.071125 0.599509 -0.692952
v 0.065550 0.614262 -0.702478
v 0.065422 0.606872 -0.698438
v 0.074272 0.602637 -0.723046
v 0.075977 0.608557 -0.731986
v 0.067017 0.559242 -0.733703
v 0.066538 0.558430 -0.733944
v 0.070740 0.559537 -0.751003
v 0.070542 0.559987 -0.749201
v 0.056245 0.564758 -0.692819
v 0.055411 0.563672 -0.692568
v 0.061320 0.559790 -0.714432
v 0.062156 0.560787 -0.714888
v 0.065645 0.556871 -0.758853
v 0.061284 0.555790 -0.759383
v 0.062175 0.557630 -0.760636
v 0.074283 0.561418 -0.736060
v 0.069607 0.560233 -0.734411
v 0.072098 0.561053 -0.748489
v 0.075418 0.562730 -0.748863
v 0.063223 0.565797 -0.693995
v 0.058809 0.565458 -0.693325
v 0.065085 0.561659 -0.715997
v 0.070101 0.562404 -0.717742
v 0.083773 0.591552 -0.739198
v 0.084465 0.591251 -0.737081
v 0.090748 0.587596 -0.760646
v 0.090472 0.587876 -0.766732
v 0.090344 0.589042 -0.772689
v 0.090372 0.591094 -0.778520
v 0.082224 0.594968 -0.745198
v 0.083016 0.592784 -0.741901
v 0.093994 0.583669 -0.779377
v 0.094068 0.583409 -0.771288
v 0.091823 0.577614 -0.771909
v 0.068675 0.565972 -0.768699
v 0.072224 0.569962 -0.775470
v 0.072312 0.563561 -0.763119
v 0.071470 0.562043 -0.762588
v 0.069938 0.560310 -0.761486
v 0.067649 0.558342 -0.759811
v 0.064011 0.559584 -0.761893
v 0.065946 0.562524 -0.764168
v 0.079857 0.577667 -0.782639
v 0.080224 0.583470 -0.783431
v 0.089442 0.582864 -0.781672
v 0.089491 0.576343 -0.776153
v 0.086363 0.570452 -0.768979
v 0.079450 0.565741 -0.759838
v 0.074964 0.564795 -0.762200
v 0.078129 0.571459 -0.775565
v 0.082247 0.587920 -0.788690
v 0.085895 0.590996 -0.798444
v 0.091554 0.589720 -0.796337
v 0.090070 0.587385 -0.788356
v 0.088508 0.594097 -0.804462
v 0.090120 0.597253 -0.806717
v 0.095007 0.594586 -0.804636
v 0.093192 0.592123 -0.801770
v -0.054858 0.545954 -0.382165
# 8431 vertices, 0 vertices normals

f 8431 12 13
f 8431 13 14
f 15 16 17
f 15 17 18
f 19 20 21
f 19 21 22
f 23 24 25
f 23 25 26
f 27 28 29
f 27 29 30
f 31 32 33
f 34 35 36
f 34 36 37
f 38 39 40
f 38 40 41
f 42 43 44
f 42 44 45
f 46 47 48
f 46 48 49
f 50 51 52
f 53 54 55
f 53 55 56
f 57 58 59
f 57 59 60
f 61 62 63
f 61 63 64
f 65 66 67
f 68 69 70
f 68 70 71
f 72 73 74
f 89 90 91
f 89 91 92
f 93 94 95
f 93 95 96
f 97 98 99
f 97 99 100
f 101 102 103
f 101 103 104
f 105 106 107
f 105 107 108
f 109 110 111
f 109 111 112
f 113 114 115
f 113 115 116
f 117 118 119
f 117 119 120
f 121 122 123
f 121 123 124
f 125 126 127
f 125 127 128
f 129 130 131
f 129 131 132
f 133 134 135
f 133 135 136
f 137 138 139
f 137 139 140
f 141 142 143
f 141 143 144
f 147 148 149
f 147 149 150
f 157 158 159
f 157 159 160
f 161 162 163
f 161 163 164
f 165 166 167
f 165 167 168
f 169 170 171
f 169 171 172
f 173 174 175
f 176 177 178
f 176 178 179
f 180 181 182
f 180 182 183
f 184 185 186
f 184 186 187
f 93 190 191
f 93 191 192
f 193 194 195
f 193 195 196
f 197 198 199
f 197 199 200
f 201 202 203
f 201 203 204
f 205 206 207
f 205 207 208
f 193 196 207
f 193 207 206
f 98 197 200
f 98 200 99
f 201 204 209
f 201 209 210
f 210 209 211
f 210 211 212
f 205 208 213
f 205 213 214
f 212 211 215
f 212 215 216
f 96 217 218
f 96 218 190
f 93 96 190
f 34 38 172
f 34 172 173
f 35 175 176
f 35 176 131
f 33 132 179
f 33 179 180
f 31 183 184
f 31 184 136
f 52 53 164
f 52 164 165
f 56 62 160
f 56 160 161
f 61 74 156
f 61 156 157
f 150 151 220
f 150 220 221
f 81 146 202
f 81 202 199
f 137 185 182
f 137 182 144
f 40 166 163
f 40 163 128
f 58 125 162
f 58 162 159
f 108 109 116
f 108 116 117
f 104 105 120
f 104 120 222
f 211 223 215
f 86 90 148
f 86 148 87
f 85 224 192
f 85 192 91
f 84 194 225
f 84 225 226
f 82 198 195
f 82 195 83
f 80 102 203
f 80 203 145
f 78 106 103
f 78 103 79
f 76 110 107
f 76 107 77
f 89 189 152
f 89 152 149
f 92 191 227
f 92 227 188
f 49 126 57
f 49 57 228
f 8431 170 47
f 8431 47 229
f 41 127 48
f 41 48 169
f 4 6 167
f 4 167 37
f 42 177 174
f 1 3 36
f 1 36 130
f 7 9 32
f 7 32 135
f 45 141 181
f 45 181 178
f 13 230 231
f 13 231 43
f 29 142 44
f 29 44 232
f 25 138 143
f 25 143 28
f 18 19 26
f 18 26 27
f 17 118 115
f 17 115 20
f 15 30 233
f 15 233 234
f 16 235 236
f 16 236 119
f 182 185 184
f 182 184 183
f 178 181 180
f 178 180 179
f 174 177 176
f 174 176 175
f 171 174 173
f 171 173 172
f 5 168 167
f 5 167 6
f 163 166 165
f 163 165 164
f 159 162 161
f 159 161 160
f 155 158 157
f 155 157 156
f 149 152 151
f 149 151 150
f 145 203 202
f 145 202 146
f 141 144 182
f 141 182 181
f 137 144 143
f 137 143 138
f 137 140 186
f 137 186 185
f 7 135 134
f 7 134 8
f 133 136 184
f 133 184 187
f 131 176 179
f 131 179 132
f 1 130 129
f 1 129 2
f 125 128 163
f 125 163 162
f 222 236 237
f 222 237 223
f 119 236 222
f 119 222 120
f 115 118 117
f 115 117 116
f 109 112 113
f 109 113 116
f 107 110 109
f 107 109 108
f 105 108 117
f 105 117 120
f 103 106 105
f 103 105 104
f 101 204 203
f 101 203 102
f 99 210 212
f 99 212 100
f 97 208 207
f 97 207 98
f 193 238 225
f 193 225 194
f 95 239 217
f 95 217 96
f 91 192 191
f 91 191 92
f 89 149 148
f 89 148 90
f 89 92 188
f 89 188 189
f 147 150 221
f 147 221 240
f 87 148 147
f 87 147 88
f 85 91 90
f 85 90 86
f 93 241 94
f 83 195 194
f 83 194 84
f 81 199 198
f 81 198 82
f 79 103 102
f 79 102 80
f 77 107 106
f 77 106 78
f 75 111 110
f 75 110 76
f 73 154 156
f 73 156 74
f 72 122 121
f 72 121 73
f 68 124 123
f 68 123 69
f 66 71 70
f 66 70 67
f 65 242 243
f 65 243 219
f 151 153 219
f 151 219 220
f 220 244 245
f 220 245 221
f 61 157 160
f 61 160 62
f 61 64 72
f 61 72 74
f 58 159 158
f 58 158 59
f 57 126 125
f 57 125 58
f 55 63 62
f 55 62 56
f 53 56 161
f 53 161 164
f 51 54 53
f 51 53 52
f 50 52 165
f 50 165 168
f 48 127 126
f 48 126 49
f 47 170 169
f 47 169 48
f 44 142 141
f 44 141 45
f 42 45 178
f 42 178 177
f 13 43 42
f 13 42 14
f 8431 14 171
f 8431 171 170
f 40 128 127
f 40 127 41
f 39 167 166
f 39 166 40
f 38 41 169
f 38 169 172
f 3 4 37
f 3 37 36
f 35 131 130
f 35 130 36
f 34 173 175
f 34 175 35
f 34 37 39
f 34 39 38
f 32 129 132
f 32 132 33
f 31 136 135
f 31 135 32
f 31 33 180
f 31 180 183
f 43 231 232
f 43 232 44
f 29 246 233
f 29 233 30
f 28 143 142
f 28 142 29
f 25 28 27
f 25 27 26
f 24 139 138
f 24 138 25
f 20 115 114
f 20 114 21
f 19 22 23
f 19 23 26
f 17 20 19
f 17 19 18
f 16 119 118
f 16 118 17
f 15 18 27
f 15 27 30
f 15 234 235
f 15 235 16
f 75 248 249
f 75 249 111
f 111 249 250
f 111 250 112
f 72 251 252
f 72 252 122
f 122 252 253
f 122 253 123
f 63 254 255
f 63 255 64
f 133 187 256
f 133 256 257
f 133 257 258
f 133 258 134
f 186 259 256
f 186 256 187
f 112 250 260
f 112 260 113
f 113 260 261
f 113 261 114
f 69 123 253
f 69 253 262
f 69 262 263
f 69 263 70
f 67 70 263
f 67 263 264
f 65 67 264
f 65 264 242
f 24 265 266
f 24 266 139
f 139 266 267
f 139 267 140
f 23 268 265
f 23 265 24
f 21 114 261
f 21 261 269
f 21 269 270
f 21 270 22
f 51 271 272
f 51 272 54
f 54 272 273
f 54 273 55
f 50 274 271
f 50 271 51
f 219 243 244
f 219 244 220
f 55 273 254
f 55 254 63
f 240 275 247
f 221 245 275
f 221 275 240
f 8 134 258
f 8 258 11
f 22 270 268
f 22 268 23
f 10 274 50
f 140 267 259
f 140 259 186
f 88 147 240
f 88 240 247
f 190 218 227
f 190 227 191
f 64 255 251
f 64 251 72
f 205 214 276
f 205 276 277
f 29 232 246
f 37 167 39
f 2 129 32
f 2 32 9
f 5 10 50
f 5 50 168
f 93 192 224
f 93 224 241
f 95 238 277
f 95 277 239
f 94 225 238
f 94 238 95
f 94 241 226
f 94 226 225
f 222 223 278
f 14 42 174
f 14 174 171
f 195 198 197
f 195 197 196
f 199 202 201
f 199 201 200
f 205 277 206
f 193 206 277
f 193 277 238
f 98 207 196
f 98 196 197
f 99 200 201
f 99 201 210
f 101 278 209
f 101 209 204
f 101 104 222
f 101 222 278
f 209 278 223
f 209 223 211
f 97 279 213
f 97 213 208
f 97 100 280
f 97 280 279
f 100 212 216
f 100 216 280
f 281 282 283
f 281 283 284
f 234 285 286
f 234 286 235
f 233 246 287
f 233 287 288
f 289 290 291
f 289 291 292
f 230 293 294
f 230 294 295
f 231 296 232
f 236 297 237
f 298 299 300
f 298 300 301
f 302 303 304
f 302 304 305
f 306 307 308
f 306 308 309
f 229 310 311
f 229 311 312
f 316 317 318
f 316 318 319
f 320 321 322
f 320 322 323
f 214 213 324
f 216 215 325
f 320 323 326
f 320 326 327
f 314 324 326
f 314 326 323
f 300 320 327
f 300 327 325
f 215 301 300
f 215 300 325
f 215 223 237
f 215 237 301
f 308 329 328
f 308 328 309
f 293 329 308
f 216 325 327
f 216 327 280
f 213 279 326
f 213 326 324
f 12 312 329
f 12 329 293
f 290 294 307
f 290 307 303
f 287 296 295
f 287 295 289
f 284 285 288
f 284 288 292
f 283 298 297
f 283 297 286
f 282 317 321
f 282 321 299
f 281 291 302
f 281 302 318
f 316 322 321
f 316 321 317
f 314 323 322
f 314 322 315
f 312 311 328
f 312 328 329
f 303 307 306
f 303 306 304
f 302 305 319
f 302 319 318
f 299 321 320
f 299 320 300
f 237 297 298
f 237 298 301
f 279 280 327
f 279 327 326
f 46 310 229
f 46 229 47
f 46 49 228
f 46 228 313
f 8431 229 312
f 8431 312 12
f 12 293 230
f 12 230 13
f 230 295 296
f 230 296 231
f 294 293 308
f 294 308 307
f 290 303 302
f 290 302 291
f 289 295 294
f 289 294 290
f 232 296 287
f 232 287 246
f 288 287 289
f 288 289 292
f 235 286 297
f 235 297 236
f 233 288 285
f 233 285 234
f 283 286 285
f 283 285 284
f 282 299 298
f 282 298 283
f 281 318 317
f 281 317 282
f 281 284 292
f 281 292 291
f 339 340 341
f 339 341 342
f 343 344 345
f 343 345 346
f 347 348 349
f 347 349 350
f 351 352 353
f 351 353 354
f 355 356 357
f 355 357 358
f 359 360 361
f 362 363 364
f 362 364 365
f 366 367 368
f 366 368 369
f 370 371 372
f 370 372 373
f 374 375 376
f 374 376 377
f 378 379 380
f 381 382 383
f 381 383 384
f 385 386 387
f 385 387 388
f 389 390 391
f 389 391 392
f 393 394 395
f 396 397 398
f 396 398 399
f 400 401 402
f 417 418 419
f 417 419 420
f 421 422 423
f 421 423 424
f 425 426 427
f 425 427 428
f 429 430 431
f 429 431 432
f 433 434 435
f 433 435 436
f 437 438 439
f 437 439 440
f 441 442 443
f 441 443 444
f 445 446 447
f 445 447 448
f 449 450 451
f 449 451 452
f 453 454 455
f 453 455 456
f 457 458 459
f 457 459 460
f 461 462 463
f 461 463 464
f 465 466 467
f 465 467 468
f 469 470 471
f 469 471 472
f 475 476 477
f 475 477 478
f 485 486 487
f 485 487 488
f 489 490 491
f 489 491 492
f 493 494 495
f 493 495 496
f 497 498 499
f 497 499 500
f 501 502 503
f 504 505 506
f 504 506 507
f 508 509 510
f 508 510 511
f 512 513 514
f 512 514 515
f 424 518 519
f 424 519 520
f 521 522 523
f 521 523 524
f 525 526 527
f 525 527 528
f 529 530 531
f 529 531 532
f 533 534 535
f 533 535 536
f 521 524 535
f 521 535 534
f 426 525 528
f 426 528 427
f 529 532 537
f 529 537 538
f 538 537 539
f 538 539 540
f 533 536 541
f 533 541 542
f 540 539 543
f 540 543 544
f 421 520 545
f 421 545 546
f 421 424 520
f 365 503 497
f 365 497 369
f 364 458 507
f 364 507 501
f 359 511 504
f 359 504 457
f 361 461 515
f 361 515 508
f 378 496 489
f 378 489 384
f 381 492 485
f 381 485 391
f 392 488 482
f 392 482 400
f 475 548 549
f 475 549 481
f 410 526 531
f 410 531 473
f 468 469 509
f 468 509 514
f 367 453 490
f 367 490 495
f 387 486 491
f 387 491 456
f 433 448 441
f 433 441 440
f 429 550 445
f 429 445 436
f 540 544 551
f 413 416 477
f 413 477 419
f 414 418 518
f 414 518 552
f 411 553 554
f 411 554 523
f 409 412 522
f 409 522 527
f 407 474 530
f 407 530 431
f 405 408 430
f 405 430 435
f 403 406 434
f 403 434 439
f 420 476 480
f 420 480 516
f 417 517 555
f 417 555 519
f 374 556 388
f 374 388 455
f 342 557 376
f 342 376 499
f 366 500 375
f 366 375 454
f 332 362 494
f 332 494 334
f 373 502 506
f 331 459 363
f 331 363 333
f 337 462 360
f 337 360 338
f 370 505 510
f 370 510 472
f 340 372 558
f 340 558 559
f 356 560 371
f 356 371 471
f 352 357 470
f 352 470 467
f 343 358 351
f 343 351 350
f 344 349 442
f 344 442 447
f 346 561 562
f 346 562 355
f 345 446 563
f 345 563 564
f 508 515 514
f 508 514 509
f 504 511 510
f 504 510 505
f 501 507 506
f 501 506 502
f 497 503 502
f 497 502 498
f 334 494 493
f 334 493 335
f 489 496 495
f 489 495 490
f 485 492 491
f 485 491 486
f 482 488 487
f 482 487 483
f 475 481 480
f 475 480 476
f 473 531 530
f 473 530 474
f 469 472 510
f 469 510 509
f 467 470 469
f 467 469 468
f 465 468 514
f 465 514 513
f 336 463 462
f 336 462 337
f 461 464 512
f 461 512 515
f 457 504 507
f 457 507 458
f 330 460 459
f 330 459 331
f 453 456 491
f 453 491 490
f 550 551 565
f 550 565 563
f 445 550 563
f 445 563 446
f 441 448 447
f 441 447 442
f 437 440 441
f 437 441 444
f 433 440 439
f 433 439 434
f 433 436 445
f 433 445 448
f 429 436 435
f 429 435 430
f 431 530 529
f 431 529 432
f 425 539 537
f 425 537 426
f 427 534 533
f 427 533 428
f 523 554 566
f 523 566 524
f 421 546 567
f 421 567 422
f 417 519 518
f 417 518 418
f 419 477 476
f 419 476 420
f 417 420 516
f 417 516 517
f 475 478 568
f 475 568 548
f 415 478 477
f 415 477 416
f 413 419 418
f 413 418 414
f 423 569 424
f 411 523 522
f 411 522 412
f 409 527 526
f 409 526 410
f 407 431 430
f 407 430 408
f 405 435 434
f 405 434 406
f 403 439 438
f 403 438 404
f 400 482 484
f 400 484 401
f 401 452 451
f 401 451 402
f 398 450 449
f 398 449 399
f 393 397 396
f 393 396 394
f 242 395 547
f 242 547 243
f 479 481 549
f 479 549 547
f 244 549 548
f 244 548 245
f 391 485 488
f 391 488 392
f 389 392 400
f 389 400 402
f 386 487 486
f 386 486 387
f 387 456 455
f 387 455 388
f 381 391 390
f 381 390 382
f 381 384 489
f 381 489 492
f 378 384 383
f 378 383 379
f 378 380 493
f 378 493 496
f 374 455 454
f 374 454 375
f 375 500 499
f 375 499 376
f 370 472 471
f 370 471 371
f 370 373 506
f 370 506 505
f 339 373 372
f 339 372 340
f 339 342 499
f 339 499 498
f 366 454 453
f 366 453 367
f 367 495 494
f 367 494 368
f 366 369 497
f 366 497 500
f 332 333 363
f 332 363 362
f 363 459 458
f 363 458 364
f 364 501 503
f 364 503 365
f 362 365 369
f 362 369 368
f 359 457 460
f 359 460 360
f 360 462 461
f 360 461 361
f 359 361 508
f 359 508 511
f 371 560 558
f 371 558 372
f 355 562 570
f 355 570 356
f 356 471 470
f 356 470 357
f 351 358 357
f 351 357 352
f 352 467 466
f 352 466 353
f 348 443 442
f 348 442 349
f 347 350 351
f 347 351 354
f 343 350 349
f 343 349 344
f 344 447 446
f 344 446 345
f 343 346 355
f 343 355 358
f 345 564 561
f 345 561 346
f 249 248 404
f 249 404 438
f 249 438 437
f 249 437 250
f 251 402 451
f 251 451 252
f 252 451 450
f 252 450 253
f 255 254 390
f 255 390 389
f 257 256 512
f 257 512 464
f 257 464 463
f 257 463 258
f 256 259 513
f 256 513 512
f 250 437 444
f 250 444 260
f 260 444 443
f 260 443 261
f 253 450 398
f 253 398 262
f 262 398 397
f 262 397 263
f 263 397 393
f 263 393 264
f 242 264 393
f 242 393 395
f 266 265 353
f 266 353 466
f 266 466 465
f 266 465 267
f 265 268 354
f 265 354 353
f 261 443 348
f 261 348 269
f 269 348 347
f 269 347 270
f 272 271 379
f 272 379 383
f 272 383 382
f 272 382 273
f 271 274 380
f 271 380 379
f 243 547 549
f 243 549 244
f 254 273 382
f 254 382 390
f 247 275 568
f 245 548 568
f 245 568 275
f 11 258 463
f 11 463 336
f 268 270 347
f 268 347 354
f 10 380 274
f 259 267 465
f 259 465 513
f 247 568 478
f 247 478 415
f 519 555 545
f 519 545 520
f 251 255 389
f 251 389 402
f 536 571 572
f 536 572 541
f 356 570 560
f 362 368 494
f 330 338 360
f 330 360 460
f 10 335 493
f 10 493 380
f 424 569 552
f 424 552 518
f 422 567 571
f 422 571 566
f 422 566 554
f 422 554 423
f 423 554 553
f 423 553 569
f 550 573 551
f 339 498 502
f 339 502 373
f 521 528 527
f 521 527 522
f 525 532 531
f 525 531 526
f 535 571 536
f 524 566 571
f 524 571 535
f 427 528 521
f 427 521 534
f 426 537 532
f 426 532 525
f 432 529 538
f 432 538 573
f 429 432 573
f 429 573 550
f 538 540 551
f 538 551 573
f 428 533 542
f 428 542 574
f 425 428 574
f 425 574 575
f 425 575 543
f 425 543 539
f 576 577 578
f 576 578 579
f 561 564 580
f 561 580 581
f 562 582 583
f 562 583 570
f 584 585 586
f 584 586 587
f 559 588 589
f 559 589 590
f 558 560 591
f 563 565 592
f 593 594 595
f 593 595 596
f 597 598 599
f 597 599 600
f 601 602 603
f 601 603 604
f 557 605 606
f 557 606 607
f 611 612 613
f 611 613 614
f 615 616 617
f 615 617 618
f 542 541 619
f 544 543 620
f 615 618 621
f 615 621 622
f 610 615 622
f 610 622 619
f 594 620 621
f 594 621 618
f 544 620 594
f 544 594 593
f 544 593 565
f 544 565 551
f 601 623 624
f 601 624 602
f 590 602 624
f 543 575 621
f 543 621 620
f 542 619 622
f 542 622 574
f 341 590 624
f 341 624 605
f 586 599 603
f 586 603 589
f 583 587 588
f 583 588 591
f 576 584 582
f 576 582 581
f 577 580 592
f 577 592 596
f 578 595 617
f 578 617 613
f 579 612 600
f 579 600 585
f 613 617 616
f 613 616 614
f 609 616 615
f 609 615 610
f 606 605 624
f 606 624 623
f 598 604 603
f 598 603 599
f 597 600 612
f 597 612 611
f 594 618 617
f 594 617 595
f 565 593 596
f 565 596 592
f 574 622 621
f 574 621 575
f 376 557 607
f 376 607 377
f 374 377 608
f 374 608 556
f 341 605 557
f 341 557 342
f 340 559 590
f 340 590 341
f 558 591 588
f 558 588 559
f 590 589 603
f 590 603 602
f 585 600 599
f 585 599 586
f 586 589 588
f 586 588 587
f 560 570 583
f 560 583 591
f 583 582 584
f 583 584 587
f 563 592 580
f 563 580 564
f 561 581 582
f 561 582 562
f 576 581 580
f 576 580 577
f 577 596 595
f 577 595 578
f 578 613 612
f 578 612 579
f 576 579 585
f 576 585 584
f 625 626 627
f 625 627 628
f 629 630 631
f 629 631 632
f 633 634 635
f 633 635 636
f 653 654 655
f 653 655 656
f 657 658 659
f 657 659 660
f 661 662 663
f 661 663 664
f 665 666 667
f 665 667 668
f 669 670 671
f 669 671 672
f 673 75 76
f 673 76 674
f 675 77 78
f 675 78 676
f 677 79 80
f 677 80 678
f 81 82 679
f 81 679 680
f 681 83 84
f 681 84 682
f 85 86 683
f 85 683 684
f 685 87 88
f 685 88 686
f 691 692 693
f 691 693 694
f 695 696 145
f 695 145 146
f 651 690 691
f 651 691 672
f 669 694 695
f 669 695 680
f 632 633 674
f 632 674 675
f 631 639 638
f 631 638 634
f 628 629 676
f 628 676 677
f 625 678 696
f 625 696 693
f 668 670 679
f 668 679 681
f 664 665 682
f 664 682 697
f 660 661 698
f 660 698 684
f 627 642 641
f 627 641 699
f 655 657 683
f 655 683 685
f 626 692 689
f 626 689 643
f 650 652 671
f 650 671 667
f 648 649 666
f 648 666 663
f 647 662 659
f 647 659 687
f 644 646 658
f 644 658 654
f 693 696 695
f 693 695 694
f 689 692 691
f 689 691 690
f 86 87 685
f 86 685 683
f 85 684 698
f 85 698 224
f 224 698 241
f 82 83 681
f 82 681 679
f 81 680 695
f 81 695 146
f 80 145 696
f 80 696 678
f 78 79 677
f 78 677 676
f 76 77 675
f 76 675 674
f 669 680 679
f 669 679 670
f 669 672 691
f 669 691 694
f 667 671 670
f 667 670 668
f 665 668 681
f 665 681 682
f 663 666 665
f 663 665 664
f 661 664 697
f 661 697 698
f 659 662 661
f 659 661 660
f 658 688 687
f 658 687 659
f 657 660 684
f 657 684 683
f 655 685 686
f 655 686 656
f 654 658 657
f 654 657 655
f 651 672 671
f 651 671 652
f 649 650 667
f 649 667 666
f 647 648 663
f 647 663 662
f 644 654 653
f 644 653 645
f 634 638 637
f 634 637 635
f 633 636 673
f 633 673 674
f 631 634 633
f 631 633 632
f 630 640 639
f 630 639 631
f 629 632 675
f 629 675 676
f 627 699 628
f 626 643 642
f 626 642 627
f 625 693 692
f 625 692 626
f 625 628 677
f 625 677 678
f 635 637 700
f 635 700 701
f 635 701 702
f 635 702 636
f 656 686 703
f 656 703 704
f 88 247 703
f 88 703 686
f 653 656 704
f 653 704 705
f 673 706 248
f 673 248 75
f 636 702 706
f 636 706 673
f 645 653 705
f 645 705 707
f 630 699 641
f 630 641 640
f 628 699 630
f 628 630 629
f 646 688 658
f 84 226 697
f 84 697 682
f 226 241 698
f 226 698 697
f 708 709 710
f 708 710 711
f 712 713 714
f 712 714 715
f 716 717 718
f 716 718 719
f 736 737 738
f 736 738 739
f 740 741 742
f 740 742 743
f 744 745 746
f 744 746 747
f 748 749 750
f 748 750 751
f 752 753 754
f 752 754 755
f 756 403 404
f 756 404 757
f 758 405 406
f 758 406 759
f 760 407 408
f 760 408 761
f 762 763 409
f 762 409 410
f 764 411 412
f 764 412 765
f 766 767 413
f 766 413 414
f 768 415 416
f 768 416 769
f 774 775 776
f 774 776 777
f 473 474 778
f 473 778 779
f 735 752 777
f 735 777 772
f 755 762 779
f 755 779 774
f 712 759 756
f 712 756 719
f 713 718 720
f 713 720 723
f 708 761 758
f 708 758 715
f 711 775 778
f 711 778 760
f 748 765 763
f 748 763 754
f 744 780 764
f 744 764 751
f 740 766 781
f 740 781 747
f 709 782 724
f 709 724 726
f 737 769 767
f 737 767 743
f 710 725 773
f 710 773 776
f 732 749 753
f 732 753 734
f 730 745 750
f 730 750 733
f 731 771 741
f 731 741 746
f 728 738 742
f 728 742 729
f 774 779 778
f 774 778 775
f 772 777 776
f 772 776 773
f 767 769 416
f 767 416 413
f 766 414 552
f 766 552 781
f 552 569 781
f 763 765 412
f 763 412 409
f 762 410 473
f 762 473 779
f 760 778 474
f 760 474 407
f 758 761 408
f 758 408 405
f 756 759 406
f 756 406 403
f 754 763 762
f 754 762 755
f 752 755 774
f 752 774 777
f 748 754 753
f 748 753 749
f 748 751 764
f 748 764 765
f 744 751 750
f 744 750 745
f 744 747 781
f 744 781 780
f 740 747 746
f 740 746 741
f 741 771 770
f 741 770 742
f 740 743 767
f 740 767 766
f 736 768 769
f 736 769 737
f 737 743 742
f 737 742 738
f 734 753 752
f 734 752 735
f 732 733 750
f 732 750 749
f 730 731 746
f 730 746 745
f 727 739 738
f 727 738 728
f 717 721 720
f 717 720 718
f 716 719 756
f 716 756 757
f 712 719 718
f 712 718 713
f 713 723 722
f 713 722 714
f 712 715 758
f 712 758 759
f 708 782 709
f 709 726 725
f 709 725 710
f 710 776 775
f 710 775 711
f 708 711 760
f 708 760 761
f 701 700 721
f 701 721 717
f 701 717 716
f 701 716 702
f 704 703 768
f 704 768 736
f 703 247 415
f 703 415 768
f 704 736 739
f 704 739 705
f 248 706 757
f 248 757 404
f 702 716 757
f 702 757 706
f 705 739 727
f 705 727 707
f 714 722 724
f 714 724 782
f 708 715 714
f 708 714 782
f 729 742 770
f 764 780 553
f 764 553 411
f 553 780 781
f 553 781 569
f 800 801 803
f 800 803 804
f 783 799 805
f 783 805 806
f 790 807 808
f 790 808 797
f 784 809 810
f 784 810 785
f 791 798 811
f 791 811 812
f 786 813 814
f 786 814 787
f 788 815 816
f 788 816 789
f 792 817 818
f 792 818 793
f 796 819 820
f 796 820 821
f 795 822 823
f 795 823 802
f 797 808 811
f 797 811 798
f 801 802 823
f 801 823 803
f 799 800 804
f 799 804 805
f 793 818 824
f 793 824 794
f 791 812 817
f 791 817 792
f 789 816 807
f 789 807 790
f 787 814 815
f 787 815 788
f 785 810 813
f 785 813 786
f 783 806 809
f 783 809 784
f 795 796 821
f 795 821 822
f 794 824 825
f 794 825 826
f 827 828 829
f 830 831 832
f 830 832 833
f 836 837 838
f 836 838 839
f 840 841 842
f 840 842 843
f 832 841 844
f 832 844 835
f 828 837 842
f 828 842 831
f 840 845 844
f 840 844 841
f 836 843 842
f 836 842 837
f 832 835 834
f 832 834 833
f 831 842 841
f 831 841 832
f 828 831 830
f 828 830 829
f 827 838 837
f 827 837 828
f 836 839 846
f 836 846 847
f 838 848 849
f 838 849 839
f 827 850 848
f 827 848 838
f 827 829 851
f 827 851 850
f 833 834 852
f 833 852 853
f 830 833 853
f 830 853 854
f 829 830 854
f 829 854 851
f 819 845 840
f 819 840 820
f 820 840 843
f 820 843 855
f 836 847 855
f 836 855 843
f 818 856 857
f 818 857 824
f 812 858 859
f 812 859 817
f 807 816 860
f 807 860 861
f 814 862 863
f 814 863 815
f 810 864 865
f 810 865 813
f 806 866 867
f 806 867 809
f 804 868 869
f 804 869 805
f 803 823 870
f 808 871 872
f 808 872 811
f 825 873 874
f 821 875 876
f 821 876 877
f 878 879 880
f 878 880 881
f 882 883 884
f 885 886 887
f 885 887 888
f 889 890 891
f 889 891 892
f 893 894 895
f 893 895 896
f 897 898 899
f 897 899 900
f 901 902 903
f 904 905 906
f 904 906 907
f 908 909 910
f 908 910 911
f 912 913 914
f 912 914 915
f 916 917 918
f 916 918 919
f 846 920 921
f 846 921 922
f 923 637 638
f 923 638 924
f 925 639 640
f 925 640 926
f 927 641 928
f 929 642 643
f 929 643 930
f 937 938 644
f 937 644 645
f 646 939 940
f 646 940 941
f 647 942 943
f 647 943 648
f 946 947 948
f 946 948 949
f 950 951 952
f 950 952 953
f 954 955 956
f 954 956 957
f 960 961 962
f 960 962 963
f 964 965 966
f 964 966 967
f 649 968 969
f 649 969 650
f 651 652 970
f 651 970 971
f 972 973 974
f 972 974 975
f 976 977 978
f 976 978 979
f 980 981 982
f 980 982 983
f 984 985 986
f 984 986 987
f 988 989 687
f 988 687 688
f 990 991 992
f 990 992 993
f 995 689 690
f 995 690 996
f 997 998 999
f 997 999 1000
f 1001 1002 1003
f 1001 1003 1004
f 1005 1006 1007
f 1005 1007 1008
f 1009 1010 1011
f 1012 1013 1014
f 1012 1014 1015
f 1016 1017 1018
f 1016 1018 1019
f 1020 1021 1022
f 1020 1022 1023
f 1024 1025 1026
f 1027 1028 1029
f 1027 1029 1030
f 1031 1032 1033
f 1031 1033 1034
f 976 979 1036
f 976 1036 1037
f 1038 1039 1040
f 1038 1040 1041
f 1020 1023 1042
f 1036 1043 1044
f 1036 1044 1037
f 902 1038 1041
f 902 1041 903
f 1039 1045 1040
f 906 1046 1047
f 906 1047 907
f 1048 1049 1050
f 1048 1050 1051
f 1050 1052 1053
f 1050 1053 1051
f 1052 1054 1055
f 1052 1055 1053
f 1054 1056 1057
f 1054 1057 1055
f 1056 1058 1059
f 1056 1059 1057
f 1058 1060 1061
f 1058 1061 1059
f 1060 1062 1063
f 1060 1063 1061
f 1048 1064 1049
f 884 885 1030
f 884 1030 1031
f 964 1011 1012
f 964 1012 993
f 975 990 1015
f 975 1015 1016
f 972 1019 1042
f 972 1042 1047
f 904 1023 1022
f 904 1022 1065
f 900 1067 1000
f 900 1000 1001
f 861 897 1004
f 861 1004 871
f 971 1063 1068
f 971 1068 996
f 938 1069 1070
f 938 1070 939
f 960 965 992
f 960 992 1006
f 941 1064 1048
f 941 1048 988
f 932 982 987
f 932 987 935
f 931 934 951
f 931 951 983
f 919 920 924
f 919 924 925
f 915 916 926
f 915 926 927
f 978 998 994
f 978 994 1072
f 974 1043 1007
f 974 1007 991
f 973 1046 1045
f 973 1045 1044
f 902 1002 999
f 902 999 977
f 895 1073 1074
f 895 1074 899
f 891 1075 1076
f 891 1076 894
f 908 1026 913
f 882 917 914
f 876 921 918
f 876 918 879
f 847 922 875
f 847 875 855
f 868 870 881
f 868 881 1033
f 866 869 1032
f 866 1032 1029
f 864 867 1028
f 864 1028 889
f 862 865 892
f 862 892 893
f 860 863 896
f 860 896 898
f 858 872 1003
f 858 1003 901
f 903 1041 905
f 903 905 1077
f 956 958 1070
f 956 1070 1069
f 933 959 955
f 933 955 952
f 945 946 966
f 945 966 963
f 936 986 947
f 936 947 944
f 909 912 928
f 909 928 929
f 930 995 1078
f 930 1078 1079
f 969 1059 1061
f 969 1061 970
f 943 1055 1057
f 943 1057 968
f 942 989 1051
f 942 1051 1053
f 940 1080 1081
f 803 870 868
f 803 868 804
f 805 869 866
f 805 866 806
f 810 809 867
f 810 867 864
f 813 865 862
f 813 862 814
f 816 815 863
f 816 863 860
f 807 861 871
f 807 871 808
f 811 872 858
f 811 858 812
f 818 817 859
f 818 859 856
f 824 857 873
f 824 873 825
f 869 868 1033
f 869 1033 1032
f 1029 1032 1031
f 1029 1031 1030
f 867 866 1029
f 867 1029 1028
f 873 1022 1021
f 873 1021 874
f 1018 1020 1042
f 1018 1042 1019
f 1014 1017 1016
f 1014 1016 1015
f 1010 1013 1012
f 1010 1012 1011
f 871 1004 1003
f 871 1003 872
f 999 1002 1001
f 999 1001 1000
f 991 1007 1006
f 991 1006 992
f 990 993 1012
f 990 1012 1015
f 988 1048 1051
f 988 1051 989
f 981 984 987
f 981 987 982
f 995 996 1068
f 995 1068 1078
f 997 1000 1067
f 997 1067 1066
f 977 999 998
f 977 998 978
f 974 991 990
f 974 990 975
f 973 1044 1043
f 973 1043 974
f 972 975 1016
f 972 1016 1019
f 970 1061 1063
f 970 1063 971
f 651 971 996
f 651 996 690
f 969 970 652
f 969 652 650
f 968 1057 1059
f 968 1059 969
f 964 993 992
f 964 992 965
f 964 967 1009
f 964 1009 1011
f 960 1006 1005
f 960 1005 961
f 960 963 966
f 960 966 965
f 956 1069 1082
f 956 1082 957
f 955 959 958
f 955 958 956
f 952 955 954
f 952 954 953
f 950 980 983
f 950 983 951
f 947 986 985
f 947 985 948
f 946 949 967
f 946 967 966
f 944 947 946
f 944 946 945
f 943 968 649
f 943 649 648
f 942 1053 1055
f 942 1055 943
f 647 687 989
f 647 989 942
f 940 1081 1064
f 940 1064 941
f 939 1070 1080
f 939 1080 940
f 646 941 988
f 646 988 688
f 938 939 646
f 938 646 644
f 937 1082 1069
f 937 1069 938
f 935 987 986
f 935 986 936
f 933 952 951
f 933 951 934
f 931 983 982
f 931 982 932
f 643 689 995
f 643 995 930
f 641 642 929
f 641 929 928
f 640 641 927
f 640 927 926
f 638 639 925
f 638 925 924
f 846 923 924
f 846 924 920
f 918 921 920
f 918 920 919
f 916 919 925
f 916 925 926
f 914 917 916
f 914 916 915
f 912 915 927
f 912 927 928
f 910 1083 1084
f 910 1084 911
f 929 930 1079
f 908 913 912
f 908 912 909
f 908 911 1024
f 908 1024 1026
f 972 1047 1046
f 972 1046 973
f 904 1065 1077
f 904 1077 905
f 904 907 1042
f 904 1042 1023
f 902 977 976
f 902 976 1038
f 901 1003 1002
f 901 1002 902
f 859 858 901
f 859 901 903
f 899 1074 1067
f 899 1067 900
f 860 898 897
f 860 897 861
f 897 900 1001
f 897 1001 1004
f 895 899 898
f 895 898 896
f 894 1076 1073
f 894 1073 895
f 863 862 893
f 863 893 896
f 891 894 893
f 891 893 892
f 890 1085 1075
f 890 1075 891
f 889 1028 1027
f 889 1027 890
f 865 864 889
f 865 889 892
f 886 1026 1025
f 886 1025 887
f 885 888 1027
f 885 1027 1030
f 883 886 885
f 883 885 884
f 882 914 913
f 882 913 883
f 882 884 1031
f 882 1031 1034
f 880 1034 1033
f 880 1033 881
f 879 918 917
f 879 917 880
f 823 878 881
f 823 881 870
f 876 879 878
f 876 878 877
f 875 922 921
f 875 921 876
f 820 855 875
f 820 875 821
f 948 985 1086
f 948 1086 1087
f 984 1088 1086
f 984 1086 985
f 948 1087 1089
f 948 1089 949
f 981 1090 1088
f 981 1088 984
f 980 1091 1090
f 980 1090 981
f 923 1092 700
f 923 700 637
f 953 954 1093
f 953 1093 1094
f 954 957 1095
f 954 1095 1093
f 950 953 1094
f 950 1094 1096
f 957 1082 1097
f 957 1097 1095
f 1014 1098 1099
f 1014 1099 1017
f 1017 1099 1100
f 1017 1100 1018
f 1013 1101 1098
f 1013 1098 1014
f 937 1102 1097
f 937 1097 1082
f 937 645 707
f 937 707 1102
f 839 849 1092
f 1018 1100 1103
f 1018 1103 1020
f 1020 1103 1104
f 1020 1104 1021
f 1009 1089 1105
f 1009 1105 1106
f 1009 1106 1010
f 1010 1106 1101
f 1010 1101 1013
f 874 1021 1104
f 950 1096 1091
f 950 1091 980
f 821 877 822
f 823 822 877
f 823 877 878
f 880 917 882
f 880 882 1034
f 883 913 1026
f 883 1026 886
f 839 1092 923
f 839 923 846
f 888 1085 890
f 888 890 1027
f 846 922 847
f 949 1089 1009
f 949 1009 967
f 1071 1107 1108
f 1071 1108 1109
f 979 1109 1108
f 979 1108 1036
f 976 1037 1039
f 976 1039 1038
f 905 1041 1040
f 905 1040 906
f 978 1072 1109
f 978 1109 979
f 1007 1043 1008
f 961 1005 1107
f 961 1107 1035
f 1005 1008 1108
f 1005 1108 1107
f 1008 1043 1036
f 1008 1036 1108
f 857 1065 1022
f 857 1022 873
f 856 1077 1065
f 856 1065 857
f 856 859 903
f 856 903 1077
f 1037 1044 1045
f 1037 1045 1039
f 906 1040 1045
f 906 1045 1046
f 907 1047 1042
f 1062 1110 1068
f 1062 1068 1063
f 1068 1110 1083
f 1068 1083 1078
f 910 1079 1078
f 910 1078 1083
f 909 929 1079
f 909 1079 910
f 1066 1067 1074
f 1066 1074 1114
f 1073 1076 1115
f 1073 1115 1116
f 1075 1085 1117
f 1118 1119 1120
f 1118 1120 1121
f 1122 1123 1124
f 1122 1124 1125
f 1126 1127 1128
f 1056 1135 1136
f 1056 1136 1058
f 1084 1083 1110
f 1084 1110 1137
f 1060 1138 1139
f 1060 1139 1062
f 1126 1137 1139
f 1126 1139 1133
f 1126 1133 1134
f 911 1084 1128
f 911 1128 1024
f 1122 1127 1131
f 1122 1131 1130
f 1112 1120 1123
f 1112 1123 1129
f 887 1025 1124
f 887 1124 1119
f 1111 1115 1117
f 1111 1117 1121
f 888 1118 1085
f 1084 1137 1126
f 1084 1126 1128
f 1062 1139 1137
f 1062 1137 1110
f 1024 1125 1124
f 1024 1124 1025
f 1122 1130 1129
f 1122 1129 1123
f 1122 1125 1128
f 1122 1128 1127
f 1119 1124 1123
f 1119 1123 1120
f 1085 1118 1121
f 1085 1121 1117
f 1076 1075 1117
f 1076 1117 1115
f 1074 1073 1116
f 1074 1116 1114
f 1058 1136 1138
f 1058 1138 1060
f 1111 1121 1120
f 1111 1120 1112
f 1111 1113 1116
f 1111 1116 1115
f 887 1119 1118
f 887 1118 888
f 1024 1128 1125
f 1127 1132 1131
f 1126 1134 1132
f 1126 1132 1127
f 1156 1160 1161
f 1156 1161 1159
f 1141 1162 1163
f 1141 1163 1157
f 1146 1155 1164
f 1146 1164 1165
f 1140 1143 1166
f 1140 1166 1167
f 1149 1168 1169
f 1149 1169 1154
f 1142 1145 1170
f 1142 1170 1171
f 1144 1147 1172
f 1144 1172 1173
f 1148 1151 1174
f 1148 1174 1175
f 1152 1176 1177
f 1152 1177 1178
f 1153 1158 1179
f 1153 1179 1180
f 1154 1169 1164
f 1154 1164 1155
f 1158 1159 1161
f 1158 1161 1179
f 1156 1157 1163
f 1156 1163 1160
f 1150 1181 1174
f 1150 1174 1151
f 1148 1175 1168
f 1148 1168 1149
f 1146 1165 1172
f 1146 1172 1147
f 1144 1173 1170
f 1144 1170 1145
f 1142 1171 1166
f 1142 1166 1143
f 1140 1167 1162
f 1140 1162 1141
f 1152 1153 1180
f 1152 1180 1176
f 826 825 1181
f 826 1181 1150
f 1182 1183 1184
f 1185 1186 1187
f 1185 1187 1188
f 1191 1192 1193
f 1191 1193 1194
f 1195 1196 1197
f 1195 1197 1198
f 1186 1189 1200
f 1186 1200 1197
f 1183 1187 1196
f 1183 1196 1193
f 1197 1200 1199
f 1197 1199 1198
f 1193 1196 1195
f 1193 1195 1194
f 1185 1190 1189
f 1185 1189 1186
f 1186 1197 1196
f 1186 1196 1187
f 1182 1188 1187
f 1182 1187 1183
f 1183 1193 1192
f 1183 1192 1184
f 1191 1194 1201
f 1191 1201 1202
f 849 848 1192
f 849 1192 1191
f 848 850 1184
f 848 1184 1192
f 850 851 1182
f 850 1182 1184
f 852 1190 1185
f 852 1185 853
f 853 1185 1188
f 853 1188 854
f 851 854 1188
f 851 1188 1182
f 1177 1198 1199
f 1177 1199 1178
f 1177 1203 1195
f 1177 1195 1198
f 1194 1195 1203
f 1194 1203 1201
f 1174 1181 1204
f 1174 1204 1205
f 1168 1175 1206
f 1168 1206 1207
f 1165 1208 1209
f 1165 1209 1172
f 1170 1173 1210
f 1170 1210 1211
f 1166 1171 1212
f 1166 1212 1213
f 1162 1167 1214
f 1162 1214 1215
f 1160 1163 1216
f 1160 1216 1217
f 1161 1218 1179
f 1164 1169 1219
f 1164 1219 1220
f 825 874 1221
f 1176 1222 1223
f 1176 1223 1224
f 1225 1226 1227
f 1225 1227 1228
f 1229 1230 1231
f 1232 1233 1234
f 1232 1234 1235
f 1236 1237 1238
f 1236 1238 1239
f 1240 1241 1242
f 1240 1242 1243
f 1244 1245 1246
f 1244 1246 1247
f 1248 1249 1250
f 1251 1252 1253
f 1251 1253 1254
f 1255 1256 1257
f 1255 1257 1258
f 1259 1260 1261
f 1259 1261 1262
f 1263 1264 1265
f 1263 1265 1266
f 1202 1267 1268
f 1202 1268 1269
f 1270 720 721
f 1270 721 1271
f 1272 722 723
f 1272 723 1273
f 1274 724 1275
f 1276 725 726
f 1276 726 1277
f 727 728 1284
f 727 1284 1285
f 1286 1287 1288
f 1286 1288 729
f 730 1289 1290
f 730 1290 731
f 1293 1294 1295
f 1293 1295 1296
f 1297 1298 1299
f 1297 1299 1300
f 1301 1302 1303
f 1301 1303 1304
f 1307 1308 1309
f 1307 1309 1310
f 1311 1312 1313
f 1311 1313 1314
f 732 1315 1316
f 732 1316 733
f 1317 1318 734
f 1317 734 735
f 1319 1320 1321
f 1319 1321 1322
f 1323 1324 1325
f 1323 1325 1326
f 1327 1328 1329
f 1327 1329 1330
f 1331 1332 1333
f 1331 1333 1334
f 770 771 1335
f 770 1335 1336
f 1337 1338 1339
f 1337 1339 1340
f 1342 772 773
f 1342 773 1343
f 1344 1345 1346
f 1344 1346 1347
f 1348 1349 1350
f 1348 1350 1351
f 1352 1353 1354
f 1352 1354 1355
f 1356 1357 1358
f 1359 1360 1361
f 1359 1361 1362
f 1363 1364 1365
f 1363 1365 1366
f 1367 1368 1369
f 1367 1369 1370
f 1371 1372 1373
f 1374 1375 1376
f 1374 1376 1377
f 1378 1379 1380
f 1378 1380 1381
f 1323 1326 1383
f 1323 1383 1384
f 1385 1386 1387
f 1385 1387 1388
f 1367 1370 1389
f 1383 1390 1391
f 1383 1391 1384
f 1248 1385 1388
f 1248 1388 1249
f 1386 1392 1387
f 1251 1393 1394
f 1251 1394 1252
f 1395 1396 1397
f 1395 1397 1398
f 1395 1399 1400
f 1395 1400 1396
f 1399 1401 1402
f 1399 1402 1400
f 1401 1403 1404
f 1401 1404 1402
f 1403 1405 1406
f 1403 1406 1404
f 1405 1407 1408
f 1405 1408 1406
f 1407 1409 1410
f 1407 1410 1408
f 1397 1411 1398
f 1229 1381 1374
f 1229 1374 1235
f 1314 1337 1362
f 1314 1362 1356
f 1319 1366 1359
f 1319 1359 1340
f 1322 1393 1389
f 1322 1389 1363
f 1254 1412 1368
f 1254 1368 1367
f 1244 1351 1344
f 1244 1344 1414
f 1208 1220 1348
f 1208 1348 1247
f 1317 1342 1415
f 1317 1415 1409
f 1284 1288 1416
f 1284 1416 1417
f 1310 1354 1338
f 1310 1338 1313
f 1286 1336 1398
f 1286 1398 1411
f 1278 1283 1331
f 1278 1331 1328
f 1279 1327 1299
f 1279 1299 1280
f 1263 1273 1270
f 1263 1270 1269
f 1259 1275 1272
f 1259 1272 1266
f 1324 1419 1341
f 1324 1341 1346
f 1320 1339 1353
f 1320 1353 1391
f 1321 1390 1392
f 1321 1392 1394
f 1249 1325 1345
f 1249 1345 1350
f 1241 1245 1420
f 1241 1420 1421
f 1237 1242 1422
f 1237 1422 1423
f 1258 1261 1371
f 1231 1260 1265
f 1223 1227 1264
f 1223 1264 1268
f 1201 1203 1224
f 1201 1224 1267
f 1217 1379 1225
f 1217 1225 1218
f 1215 1375 1380
f 1215 1380 1216
f 1213 1239 1376
f 1213 1376 1214
f 1211 1243 1236
f 1211 1236 1212
f 1209 1246 1240
f 1209 1240 1210
f 1207 1250 1349
f 1207 1349 1219
f 1248 1424 1253
f 1248 1253 1385
f 1302 1417 1416
f 1302 1416 1306
f 1281 1298 1303
f 1281 1303 1305
f 1291 1307 1312
f 1291 1312 1296
f 1282 1292 1295
f 1282 1295 1332
f 1257 1277 1274
f 1257 1274 1262
f 1276 1425 1426
f 1276 1426 1343
f 1315 1318 1407
f 1315 1407 1405
f 1289 1316 1403
f 1289 1403 1401
f 1290 1399 1395
f 1290 1395 1335
f 1287 1427 1428
f 1160 1217 1218
f 1160 1218 1161
f 1162 1215 1216
f 1162 1216 1163
f 1167 1166 1213
f 1167 1213 1214
f 1170 1211 1212
f 1170 1212 1171
f 1173 1172 1209
f 1173 1209 1210
f 1164 1220 1208
f 1164 1208 1165
f 1168 1207 1219
f 1168 1219 1169
f 1175 1174 1205
f 1175 1205 1206
f 825 1221 1204
f 825 1204 1181
f 1217 1216 1380
f 1217 1380 1379
f 1374 1381 1380
f 1374 1380 1375
f 1215 1214 1376
f 1215 1376 1375
f 874 1369 1368
f 874 1368 1221
f 1363 1389 1370
f 1363 1370 1364
f 1359 1366 1365
f 1359 1365 1360
f 1356 1362 1361
f 1356 1361 1357
f 1219 1349 1348
f 1219 1348 1220
f 1344 1351 1350
f 1344 1350 1345
f 1338 1354 1353
f 1338 1353 1339
f 1337 1340 1359
f 1337 1359 1362
f 1335 1395 1398
f 1335 1398 1336
f 1328 1331 1334
f 1328 1334 1329
f 1342 1343 1426
f 1342 1426 1415
f 1344 1347 1413
f 1344 1413 1414
f 1324 1346 1345
f 1324 1345 1325
f 1319 1340 1339
f 1319 1339 1320
f 1320 1391 1390
f 1320 1390 1321
f 1319 1322 1363
f 1319 1363 1366
f 1317 1409 1407
f 1317 1407 1318
f 1317 735 772
f 1317 772 1342
f 732 734 1318
f 732 1318 1315
f 1315 1405 1403
f 1315 1403 1316
f 1313 1338 1337
f 1313 1337 1314
f 1311 1314 1356
f 1311 1356 1358
f 1309 1355 1354
f 1309 1354 1310
f 1307 1310 1313
f 1307 1313 1312
f 1301 1429 1417
f 1301 1417 1302
f 1302 1306 1305
f 1302 1305 1303
f 1297 1304 1303
f 1297 1303 1298
f 1299 1327 1330
f 1299 1330 1300
f 1294 1333 1332
f 1294 1332 1295
f 1293 1296 1312
f 1293 1312 1311
f 1291 1296 1295
f 1291 1295 1292
f 730 733 1316
f 730 1316 1289
f 1289 1401 1399
f 1289 1399 1290
f 1290 1335 771
f 1290 771 731
f 1286 1411 1427
f 1286 1427 1287
f 1287 1428 1416
f 1287 1416 1288
f 1286 729 770
f 1286 770 1336
f 728 729 1288
f 728 1288 1284
f 1284 1417 1429
f 1284 1429 1285
f 1282 1332 1331
f 1282 1331 1283
f 1280 1299 1298
f 1280 1298 1281
f 1278 1328 1327
f 1278 1327 1279
f 1276 1343 773
f 1276 773 725
f 1274 1277 726
f 1274 726 724
f 1272 1275 724
f 1272 724 722
f 1270 1273 723
f 1270 723 720
f 1202 1269 1270
f 1202 1270 1271
f 1263 1269 1268
f 1263 1268 1264
f 1263 1266 1272
f 1263 1272 1273
f 1259 1266 1265
f 1259 1265 1260
f 1259 1262 1274
f 1259 1274 1275
f 1255 1430 1431
f 1255 1431 1256
f 1276 1277 1425
f 1257 1262 1261
f 1257 1261 1258
f 1255 1258 1371
f 1255 1371 1373
f 1321 1394 1393
f 1321 1393 1322
f 1253 1424 1412
f 1253 1412 1254
f 1251 1254 1367
f 1251 1367 1389
f 1249 1388 1326
f 1249 1326 1325
f 1249 1350 1349
f 1249 1349 1250
f 1207 1206 1248
f 1207 1248 1250
f 1244 1414 1420
f 1244 1420 1245
f 1208 1247 1246
f 1208 1246 1209
f 1244 1247 1348
f 1244 1348 1351
f 1240 1246 1245
f 1240 1245 1241
f 1241 1421 1422
f 1241 1422 1242
f 1211 1210 1240
f 1211 1240 1243
f 1236 1243 1242
f 1236 1242 1237
f 1237 1423 1432
f 1237 1432 1238
f 1238 1377 1376
f 1238 1376 1239
f 1213 1212 1236
f 1213 1236 1239
f 1233 1372 1371
f 1233 1371 1234
f 1232 1235 1374
f 1232 1374 1377
f 1229 1235 1234
f 1229 1234 1230
f 1230 1261 1260
f 1230 1260 1231
f 1229 1231 1378
f 1229 1378 1381
f 1225 1379 1378
f 1225 1378 1226
f 1226 1265 1264
f 1226 1264 1227
f 1179 1218 1225
f 1179 1225 1228
f 1222 1228 1227
f 1222 1227 1223
f 1223 1268 1267
f 1223 1267 1224
f 1176 1224 1203
f 1176 1203 1177
f 1087 1086 1333
f 1087 1333 1294
f 1086 1088 1334
f 1086 1334 1333
f 1087 1294 1293
f 1087 1293 1089
f 1088 1090 1329
f 1088 1329 1334
f 1090 1091 1330
f 1090 1330 1329
f 700 1092 1271
f 700 1271 721
f 1094 1093 1304
f 1094 1304 1297
f 1093 1095 1301
f 1093 1301 1304
f 1094 1297 1300
f 1094 1300 1096
f 1095 1097 1429
f 1095 1429 1301
f 1099 1098 1360
f 1099 1360 1365
f 1099 1365 1364
f 1099 1364 1100
f 1098 1101 1361
f 1098 1361 1360
f 1097 1102 1285
f 1097 1285 1429
f 1102 707 727
f 1102 727 1285
f 849 1191 1092
f 1100 1364 1370
f 1100 1370 1103
f 1103 1370 1369
f 1103 1369 1104
f 1089 1358 1105
f 1105 1358 1357
f 1105 1357 1106
f 1101 1106 1357
f 1101 1357 1361
f 874 1104 1369
f 1091 1096 1300
f 1091 1300 1330
f 1176 1180 1222
f 1180 1179 1228
f 1180 1228 1222
f 1226 1378 1231
f 1226 1231 1265
f 1230 1234 1371
f 1230 1371 1261
f 1092 1191 1202
f 1092 1202 1271
f 1232 1377 1238
f 1232 1238 1432
f 1201 1267 1202
f 1089 1293 1311
f 1089 1311 1358
f 1418 1434 1435
f 1418 1435 1433
f 1323 1384 1435
f 1323 1435 1434
f 1326 1388 1387
f 1326 1387 1383
f 1252 1386 1385
f 1252 1385 1253
f 1323 1434 1419
f 1323 1419 1324
f 1352 1391 1353
f 1309 1382 1433
f 1309 1433 1355
f 1352 1355 1433
f 1352 1433 1435
f 1352 1435 1384
f 1352 1384 1391
f 1204 1221 1368
f 1204 1368 1412
f 1204 1412 1424
f 1204 1424 1205
f 1205 1424 1248
f 1205 1248 1206
f 1383 1387 1392
f 1383 1392 1390
f 1252 1394 1392
f 1252 1392 1386
f 1251 1389 1393
f 1409 1415 1436
f 1409 1436 1410
f 1415 1426 1431
f 1415 1431 1436
f 1256 1431 1426
f 1256 1426 1425
f 1256 1425 1277
f 1256 1277 1257
f 1413 1439 1420
f 1413 1420 1414
f 1421 1440 1441
f 1421 1441 1422
f 1423 1442 1432
f 1443 1444 1445
f 1443 1445 1446
f 1447 1448 1449
f 1447 1449 1450
f 1451 1452 1453
f 1404 1406 1460
f 1404 1460 1461
f 1431 1430 1462
f 1431 1462 1436
f 1408 1410 1463
f 1408 1463 1464
f 1453 1458 1463
f 1453 1463 1462
f 1453 1459 1458
f 1255 1373 1451
f 1255 1451 1430
f 1450 1454 1457
f 1450 1457 1452
f 1437 1455 1449
f 1437 1449 1444
f 1233 1445 1448
f 1233 1448 1372
f 1438 1443 1442
f 1438 1442 1441
f 1232 1432 1446
f 1430 1451 1453
f 1430 1453 1462
f 1410 1436 1462
f 1410 1462 1463
f 1372 1448 1447
f 1372 1447 1373
f 1449 1455 1454
f 1449 1454 1450
f 1447 1450 1452
f 1447 1452 1451
f 1444 1449 1448
f 1444 1448 1445
f 1432 1442 1443
f 1432 1443 1446
f 1423 1422 1441
f 1423 1441 1442
f 1421 1420 1439
f 1421 1439 1440
f 1406 1408 1464
f 1406 1464 1460
f 1437 1444 1443
f 1437 1443 1438
f 1232 1446 1445
f 1232 1445 1233
f 1373 1447 1451
f 1452 1457 1456
f 1452 1456 1459
f 1452 1459 1453
f 1465 1466 1278
f 1465 1278 1279
f 1467 1468 1280
f 1467 1280 1281
f 1469 1470 1282
f 1469 1282 1283
f 1291 1292 1471
f 1291 1471 1472
f 1473 1474 1305
f 1473 1305 1306
f 1475 1476 1477
f 1475 1477 1478
f 1341 1479 1480
f 1341 1480 1481
f 1475 1382 1482
f 1475 1482 1476
f 1481 1483 1413
f 1481 1413 1347
f 1475 1478 1479
f 1475 1479 1418
f 1478 1484 1485
f 1478 1485 1480
f 1477 1486 1487
f 1477 1487 1488
f 1472 1489 1482
f 1472 1482 1308
f 1480 1485 1483
f 1480 1483 1481
f 1341 1481 1347
f 1341 1347 1346
f 1341 1419 1479
f 1308 1482 1382
f 1308 1382 1309
f 1477 1488 1484
f 1477 1484 1478
f 1478 1480 1479
f 1473 1306 1416
f 1473 1416 1428
f 1291 1472 1308
f 1291 1308 1307
f 1486 1490 1491
f 1486 1491 1492
f 1476 1482 1489
f 1476 1489 1490
f 1471 1491 1490
f 1471 1490 1489
f 1470 1491 1471
f 1470 1471 1282
f 1467 1281 1305
f 1467 1305 1474
f 1466 1469 1283
f 1466 1283 1278
f 1465 1279 1280
f 1465 1280 1468
f 1475 1418 1433
f 1475 1433 1382
f 1476 1490 1486
f 1476 1486 1477
f 1479 1419 1434
f 1479 1434 1418
f 1282 1471 1292
f 1471 1489 1472
f 1493 1494 1437
f 1493 1437 1438
f 1483 1485 1495
f 1483 1495 1496
f 1507 1508 1509
f 1507 1509 1510
f 1511 1512 1513
f 1484 1488 1520
f 1484 1520 1521
f 1522 1523 1524
f 1522 1524 1525
f 1454 1455 1526
f 1454 1526 1527
f 1528 1529 1530
f 1528 1530 1531
f 1532 1533 1534
f 1532 1534 1535
f 1538 1539 1540
f 1541 1542 1543
f 1541 1543 1544
f 1546 1547 1548
f 1546 1548 1549
f 1550 1456 1457
f 1550 1457 1551
f 1458 1552 1553
f 1554 1555 1556
f 1554 1556 1557
f 1459 1558 1559
f 1532 1535 1560
f 1532 1560 1561
f 1400 1402 1562
f 1400 1562 1563
f 1522 1564 1565
f 1522 1565 1523
f 1523 1565 1566
f 1523 1566 1529
f 1529 1566 1567
f 1529 1567 1530
f 1530 1567 1568
f 1530 1568 1556
f 1556 1568 1569
f 1556 1569 1557
f 1532 1557 1569
f 1532 1569 1533
f 1552 1559 1554
f 1552 1554 1561
f 1531 1555 1558
f 1531 1558 1550
f 1553 1560 1460
f 1553 1460 1464
f 1519 1564 1520
f 1519 1520 1545
f 1513 1544 1538
f 1513 1538 1547
f 1515 1548 1540
f 1515 1540 1536
f 1466 1501 1506
f 1466 1506 1469
f 1467 1474 1499
f 1467 1499 1504
f 1465 1468 1503
f 1465 1503 1502
f 1494 1570 1525
f 1494 1525 1526
f 1493 1440 1439
f 1493 1439 1496
f 1537 1539 1571
f 1510 1562 1461
f 1510 1461 1534
f 1507 1533 1569
f 1507 1569 1517
f 1473 1549 1514
f 1473 1514 1500
f 1470 1505 1492
f 1470 1492 1491
f 1524 1528 1551
f 1524 1551 1527
f 1498 1566 1565
f 1498 1565 1518
f 1497 1516 1568
f 1497 1568 1567
f 1554 1559 1558
f 1554 1558 1555
f 1458 1459 1559
f 1458 1559 1552
f 1458 1553 1464
f 1458 1464 1463
f 1550 1558 1459
f 1550 1459 1456
f 1538 1544 1543
f 1538 1543 1539
f 1538 1540 1548
f 1538 1548 1547
f 1536 1540 1539
f 1536 1539 1537
f 1552 1561 1560
f 1552 1560 1553
f 1532 1561 1554
f 1532 1554 1557
f 1530 1556 1555
f 1530 1555 1531
f 1528 1531 1550
f 1528 1550 1551
f 1454 1527 1551
f 1454 1551 1457
f 1523 1529 1528
f 1523 1528 1524
f 1524 1527 1526
f 1524 1526 1525
f 1488 1487 1545
f 1488 1545 1520
f 1522 1525 1570
f 1518 1565 1564
f 1518 1564 1519
f 1516 1517 1569
f 1516 1569 1568
f 1514 1549 1548
f 1514 1548 1515
f 1512 1541 1544
f 1512 1544 1513
f 1511 1513 1547
f 1511 1547 1546
f 1508 1543 1542
f 1508 1542 1509
f 1507 1510 1534
f 1507 1534 1533
f 1497 1567 1566
f 1497 1566 1498
f 1485 1484 1521
f 1485 1521 1495
f 1483 1496 1439
f 1483 1439 1413
f 1534 1461 1460
f 1534 1460 1535
f 1493 1496 1495
f 1493 1495 1494
f 1494 1526 1455
f 1494 1455 1437
f 1493 1438 1441
f 1493 1441 1440
f 1473 1428 1546
f 1473 1546 1549
f 1402 1404 1461
f 1402 1461 1562
f 1509 1563 1562
f 1509 1562 1510
f 1473 1500 1499
f 1473 1499 1474
f 1469 1506 1505
f 1469 1505 1470
f 1467 1504 1503
f 1467 1503 1468
f 1465 1502 1501
f 1465 1501 1466
f 1509 1542 1563
f 1494 1495 1521
f 1494 1521 1570
f 1508 1571 1539
f 1508 1539 1543
f 1428 1427 1511
f 1428 1511 1546
f 1411 1512 1511
f 1411 1511 1427
f 1397 1541 1512
f 1397 1512 1411
f 1396 1542 1541
f 1396 1541 1397
f 1396 1400 1563
f 1396 1563 1542
f 1535 1460 1560
f 1521 1564 1522
f 1521 1522 1570
f 1520 1564 1521
f 1507 1517 1572
f 1507 1572 1571
f 1507 1571 1508
f 1573 1574 1575
f 1573 1575 1576
f 1577 1578 1579
f 1577 1579 1580
f 1581 1582 1583
f 1581 1583 1584
f 1585 1586 1587
f 1585 1587 1588
f 1589 1590 1591
f 1589 1591 1592
f 1593 1594 1595
f 1593 1595 1596
f 1597 1598 1599
f 1597 1599 1600
f 1601 1602 1603
f 1601 1603 1604
f 1605 1606 1607
f 1605 1607 1608
f 1609 1610 1611
f 1609 1611 1612
f 1613 1614 1615
f 1613 1615 1616
f 1617 1618 1619
f 1617 1619 1620
f 1621 1622 1623
f 1624 1625 1626
f 1627 1628 1629
f 1627 1629 1630
f 1631 1632 1633
f 1631 1633 1634
f 1635 1636 1637
f 1635 1637 1638
f 1639 1640 1641
f 1639 1641 1642
f 1643 1644 1645
f 1643 1645 1646
f 1647 1648 1649
f 1647 1649 1650
f 1651 1652 1653
f 1651 1653 1654
f 1655 1656 1657
f 1658 1659 1660
f 1658 1660 1661
f 1662 1663 1664
f 1662 1664 1665
f 1666 1667 1668
f 1666 1668 1669
f 1670 1671 1672
f 1670 1672 1673
f 1674 1675 1676
f 1674 1676 1677
f 1678 1679 1680
f 1678 1680 1681
f 1682 1683 1684
f 1682 1684 1685
f 1686 1687 1688
f 1686 1688 1689
f 1690 1691 1692
f 1690 1692 1693
f 1694 1695 1696
f 1694 1696 1697
f 1698 1699 1700
f 1698 1700 1701
f 1702 1703 1704
f 1702 1704 1705
f 1706 1707 1708
f 1706 1708 1709
f 1710 1711 1712
f 1710 1712 1713
f 1714 1715 1716
f 1714 1716 1717
f 1718 1719 1720
f 1718 1720 1721
f 1722 1497 1498
f 1722 1498 1723
f 1499 1500 1724
f 1499 1724 1725
f 1726 1727 1501
f 1726 1501 1502
f 1728 1729 1503
f 1728 1503 1504
f 1730 1731 1505
f 1730 1505 1506
f 1486 1492 1732
f 1733 1734 1514
f 1733 1514 1515
f 1516 1735 1736
f 1516 1736 1517
f 1737 1738 1518
f 1737 1518 1519
f 1536 1537 1739
f 1536 1739 1740
f 1487 1741 1742
f 1487 1742 1545
f 1592 1674 1701
f 1592 1701 1597
f 1677 1678 1705
f 1677 1705 1698
f 1681 1682 1709
f 1681 1709 1702
f 1689 1690 1717
f 1689 1717 1710
f 1693 1694 1721
f 1693 1721 1714
f 1593 1604 1718
f 1593 1718 1697
f 1645 1683 1680
f 1645 1680 1664
f 1646 1663 1659
f 1646 1659 1649
f 1650 1658 1656
f 1650 1656 1653
f 1654 1655 1691
f 1654 1691 1688
f 1657 1695 1692
f 1660 1662 1669
f 1660 1669 1670
f 1665 1679 1676
f 1665 1676 1666
f 1586 1667 1675
f 1586 1675 1591
f 1582 1671 1668
f 1582 1668 1585
f 1581 1594 1696
f 1581 1696 1672
f 1576 1640 1719
f 1576 1719 1603
f 1575 1580 1636
f 1575 1636 1641
f 1579 1598 1700
f 1579 1700 1637
f 1631 1638 1699
f 1631 1699 1704
f 1628 1642 1635
f 1628 1635 1634
f 1626 1639 1627
f 1619 1711 1716
f 1619 1716 1623
f 1615 1620 1622
f 1615 1622 1625
f 1611 1616 1624
f 1611 1624 1630
f 1607 1612 1629
f 1607 1629 1633
f 1608 1632 1703
f 1608 1703 1708
f 1618 1737 1742
f 1618 1742 1712
f 1685 1733 1740
f 1685 1740 1706
f 1651 1687 1730
f 1651 1730 1727
f 1643 1648 1728
f 1643 1728 1725
f 1647 1652 1726
f 1647 1726 1729
f 1644 1724 1734
f 1644 1734 1684
f 1713 1741 1732
f 1614 1723 1738
f 1614 1738 1617
f 1610 1735 1722
f 1610 1722 1613
f 1606 1743 1736
f 1606 1736 1609
f 1605 1707 1739
f 1605 1739 1744
f 1737 1519 1545
f 1737 1545 1742
f 1537 1571 1744
f 1537 1744 1739
f 1736 1743 1572
f 1736 1572 1517
f 1733 1515 1536
f 1733 1536 1740
f 1571 1572 1743
f 1571 1743 1744
f 1486 1732 1741
f 1486 1741 1487
f 1492 1505 1731
f 1492 1731 1732
f 1727 1730 1506
f 1727 1506 1501
f 1726 1502 1503
f 1726 1503 1729
f 1500 1514 1734
f 1500 1734 1724
f 1499 1725 1728
f 1499 1728 1504
f 1722 1735 1516
f 1722 1516 1497
f 1498 1518 1738
f 1498 1738 1723
f 1603 1719 1718
f 1603 1718 1604
f 1714 1721 1720
f 1714 1720 1715
f 1710 1717 1716
f 1710 1716 1711
f 1712 1742 1741
f 1712 1741 1713
f 1706 1740 1739
f 1706 1739 1707
f 1702 1709 1708
f 1702 1708 1703
f 1698 1705 1704
f 1698 1704 1699
f 1597 1701 1700
f 1597 1700 1598
f 1593 1596 1601
f 1593 1601 1604
f 1593 1697 1696
f 1593 1696 1594
f 1694 1697 1718
f 1694 1718 1721
f 1692 1695 1694
f 1692 1694 1693
f 1690 1693 1714
f 1690 1714 1717
f 1686 1731 1730
f 1686 1730 1687
f 1688 1691 1690
f 1688 1690 1689
f 1686 1689 1710
f 1686 1710 1713
f 1684 1734 1733
f 1684 1733 1685
f 1682 1685 1706
f 1682 1706 1709
f 1680 1683 1682
f 1680 1682 1681
f 1678 1681 1702
f 1678 1702 1705
f 1676 1679 1678
f 1676 1678 1677
f 1674 1677 1698
f 1674 1698 1701
f 1591 1675 1674
f 1591 1674 1592
f 1589 1592 1597
f 1589 1597 1600
f 1586 1591 1590
f 1586 1590 1587
f 1582 1585 1588
f 1582 1588 1583
f 1581 1584 1595
f 1581 1595 1594
f 1581 1672 1671
f 1581 1671 1582
f 1672 1696 1695
f 1672 1695 1673
f 1666 1676 1675
f 1666 1675 1667
f 1585 1668 1667
f 1585 1667 1586
f 1668 1671 1670
f 1668 1670 1669
f 1664 1680 1679
f 1664 1679 1665
f 1662 1665 1666
f 1662 1666 1669
f 1659 1663 1662
f 1659 1662 1660
f 1660 1670 1673
f 1660 1673 1661
f 1656 1658 1661
f 1656 1661 1657
f 1655 1657 1692
f 1655 1692 1691
f 1651 1727 1726
f 1651 1726 1652
f 1653 1656 1655
f 1653 1655 1654
f 1651 1654 1688
f 1651 1688 1687
f 1647 1729 1728
f 1647 1728 1648
f 1649 1659 1658
f 1649 1658 1650
f 1647 1650 1653
f 1647 1653 1652
f 1643 1725 1724
f 1643 1724 1644
f 1644 1684 1683
f 1644 1683 1645
f 1645 1664 1663
f 1645 1663 1646
f 1643 1646 1649
f 1643 1649 1648
f 1578 1599 1598
f 1578 1598 1579
f 1574 1577 1580
f 1574 1580 1575
f 1573 1576 1603
f 1573 1603 1602
f 1639 1720 1719
f 1639 1719 1640
f 1575 1641 1640
f 1575 1640 1576
f 1635 1642 1641
f 1635 1641 1636
f 1579 1637 1636
f 1579 1636 1580
f 1637 1700 1699
f 1637 1699 1638
f 1631 1704 1703
f 1631 1703 1632
f 1631 1634 1635
f 1631 1635 1638
f 1627 1639 1642
f 1627 1642 1628
f 1628 1634 1633
f 1628 1633 1629
f 1624 1626 1627
f 1624 1627 1630
f 1621 1626 1625
f 1621 1625 1622
f 1621 1623 1716
f 1621 1716 1715
f 1617 1738 1737
f 1617 1737 1618
f 1618 1712 1711
f 1618 1711 1619
f 1619 1623 1622
f 1619 1622 1620
f 1613 1722 1723
f 1613 1723 1614
f 1614 1617 1620
f 1614 1620 1615
f 1615 1625 1624
f 1615 1624 1616
f 1609 1736 1735
f 1609 1735 1610
f 1610 1613 1616
f 1610 1616 1611
f 1611 1630 1629
f 1611 1629 1612
f 1605 1744 1743
f 1605 1743 1606
f 1606 1609 1612
f 1606 1612 1607
f 1607 1633 1632
f 1607 1632 1608
f 1605 1608 1708
f 1605 1708 1707
f 1686 1713 1732
f 1686 1732 1731
f 1657 1661 1673
f 1657 1673 1695
f 1621 1715 1720
f 1621 1720 1639
f 1621 1639 1626
f 1745 1746 1747
f 1745 1747 1748
f 1749 1750 1751
f 1749 1751 1752
f 1753 1754 1755
f 1753 1755 1756
f 1757 1758 1759
f 1757 1759 1760
f 1761 1762 1763
f 1761 1763 1764
f 1765 1766 1767
f 1765 1767 1768
f 1769 1770 1771
f 1769 1771 1772
f 1773 1774 1775
f 1773 1775 1776
f 1769 1777 1778
f 1769 1778 1776
f 1767 1779 1780
f 1767 1780 1772
f 1763 1781 1782
f 1763 1782 1766
f 1759 1783 1784
f 1759 1784 1762
f 1755 1785 1786
f 1755 1786 1758
f 1751 1787 1788
f 1751 1788 1754
f 1746 1773 1789
f 1746 1789 1790
f 1747 1791 1792
f 1747 1792 1750
f 1773 1776 1778
f 1773 1778 1789
f 1769 1776 1775
f 1769 1775 1770
f 1769 1772 1780
f 1769 1780 1777
f 1766 1782 1779
f 1766 1779 1767
f 1767 1772 1771
f 1767 1771 1768
f 1762 1784 1781
f 1762 1781 1763
f 1763 1766 1765
f 1763 1765 1764
f 1758 1786 1783
f 1758 1783 1759
f 1759 1762 1761
f 1759 1761 1760
f 1754 1788 1785
f 1754 1785 1755
f 1755 1758 1757
f 1755 1757 1756
f 1750 1792 1787
f 1750 1787 1751
f 1751 1754 1753
f 1751 1753 1752
f 1745 1774 1773
f 1745 1773 1746
f 1746 1790 1791
f 1746 1791 1747
f 1747 1750 1749
f 1747 1749 1748
f 1793 1794 1795
f 1793 1795 1796
f 1797 1798 1799
f 1797 1799 1800
f 1801 1802 1803
f 1801 1803 1804
f 1805 1806 1807
f 1805 1807 1808
f 1809 1810 1811
f 1809 1811 1812
f 1813 1814 1815
f 1813 1815 1816
f 1790 1817 1818
f 1790 1818 1791
f 1787 1792 1819
f 1787 1819 1820
f 1821 1822 1823
f 1821 1823 1824
f 1825 1826 1827
f 1825 1827 1828
f 1829 1830 1831
f 1829 1831 1832
f 1833 1834 1835
f 1833 1835 1836
f 1837 1838 1839
f 1837 1839 1840
f 1841 1842 1843
f 1841 1843 1844
f 1779 1782 1845
f 1779 1845 1846
f 1781 1784 1847
f 1781 1847 1848
f 1777 1780 1849
f 1777 1849 1850
f 1851 1852 1853
f 1851 1853 1854
f 1855 1856 1857
f 1855 1857 1858
f 1859 1860 1861
f 1859 1861 1862
f 1863 1864 1865
f 1863 1865 1866
f 1867 1868 1869
f 1867 1869 1870
f 1871 1872 1873
f 1871 1873 1874
f 1783 1786 1875
f 1783 1875 1876
f 1778 1877 1878
f 1778 1878 1789
f 1879 1880 1881
f 1879 1881 1882
f 1883 1884 1885
f 1883 1885 1886
f 1887 1888 1889
f 1887 1889 1890
f 1891 1892 1893
f 1891 1893 1894
f 1895 1896 1897
f 1895 1897 1898
f 1899 1900 1901
f 1899 1901 1902
f 1785 1788 1903
f 1785 1903 1904
f 1829 1905 1906
f 1829 1906 1830
f 1843 1907 1908
f 1843 1908 1844
f 1830 1906 1907
f 1830 1907 1843
f 1844 1908 1909
f 1844 1909 1846
f 1813 1817 1910
f 1813 1910 1911
f 1813 1911 1912
f 1813 1912 1814
f 1803 1814 1912
f 1803 1912 1913
f 1803 1913 1914
f 1803 1914 1804
f 1825 1828 1905
f 1825 1905 1829
f 1850 1851 1882
f 1850 1882 1877
f 1854 1855 1886
f 1854 1886 1879
f 1858 1859 1890
f 1858 1890 1883
f 1589 1600 1887
f 1589 1887 1862
f 1596 1863 1894
f 1596 1894 1601
f 1866 1867 1898
f 1866 1898 1891
f 1870 1871 1902
f 1870 1902 1895
f 1874 1875 1904
f 1874 1904 1899
f 1583 1588 1826
f 1583 1826 1822
f 1584 1821 1864
f 1584 1864 1595
f 1587 1590 1861
f 1587 1861 1827
f 1823 1825 1832
f 1823 1832 1833
f 1824 1836 1868
f 1824 1868 1865
f 1828 1860 1857
f 1828 1857 1905
f 1853 1907 1906
f 1853 1906 1856
f 1831 1842 1838
f 1831 1838 1834
f 1835 1837 1872
f 1835 1872 1869
f 1839 1841 1845
f 1839 1845 1848
f 1840 1847 1876
f 1840 1876 1873
f 1849 1909 1908
f 1849 1908 1852
f 1878 1881 1911
f 1878 1911 1910
f 1809 1900 1903
f 1809 1903 1820
f 1810 1819 1818
f 1810 1818 1816
f 1806 1896 1901
f 1806 1901 1812
f 1802 1807 1811
f 1802 1811 1815
f 1880 1885 1913
f 1880 1913 1912
f 1797 1914 1884
f 1797 1884 1889
f 1793 1892 1897
f 1793 1897 1805
f 1794 1808 1801
f 1794 1801 1800
f 1578 1798 1888
f 1578 1888 1599
f 1573 1602 1893
f 1573 1893 1796
f 1574 1795 1799
f 1574 1799 1577
f 1899 1904 1903
f 1899 1903 1900
f 1895 1902 1901
f 1895 1901 1896
f 1891 1898 1897
f 1891 1897 1892
f 1601 1894 1893
f 1601 1893 1602
f 1599 1888 1887
f 1599 1887 1600
f 1883 1890 1889
f 1883 1889 1884
f 1879 1886 1885
f 1879 1885 1880
f 1877 1882 1881
f 1877 1881 1878
f 1785 1904 1875
f 1785 1875 1786
f 1873 1876 1875
f 1873 1875 1874
f 1871 1874 1899
f 1871 1899 1902
f 1869 1872 1871
f 1869 1871 1870
f 1867 1870 1895
f 1867 1895 1898
f 1595 1864 1863
f 1595 1863 1596
f 1865 1868 1867
f 1865 1867 1866
f 1863 1866 1891
f 1863 1891 1894
f 1589 1862 1861
f 1589 1861 1590
f 1859 1862 1887
f 1859 1887 1890
f 1857 1860 1859
f 1857 1859 1858
f 1855 1858 1883
f 1855 1883 1886
f 1853 1856 1855
f 1853 1855 1854
f 1851 1854 1879
f 1851 1879 1882
f 1849 1852 1851
f 1849 1851 1850
f 1777 1850 1877
f 1777 1877 1778
f 1783 1876 1847
f 1783 1847 1784
f 1780 1909 1849
f 1781 1848 1845
f 1781 1845 1782
f 1852 1908 1907
f 1852 1907 1853
f 1841 1844 1846
f 1841 1846 1845
f 1838 1842 1841
f 1838 1841 1839
f 1839 1848 1847
f 1839 1847 1840
f 1837 1840 1873
f 1837 1873 1872
f 1834 1838 1837
f 1834 1837 1835
f 1835 1869 1868
f 1835 1868 1836
f 1856 1906 1905
f 1856 1905 1857
f 1830 1843 1842
f 1830 1842 1831
f 1831 1834 1833
f 1831 1833 1832
f 1587 1827 1826
f 1587 1826 1588
f 1827 1861 1860
f 1827 1860 1828
f 1825 1829 1832
f 1583 1822 1821
f 1583 1821 1584
f 1822 1826 1825
f 1822 1825 1823
f 1823 1833 1836
f 1823 1836 1824
f 1821 1824 1865
f 1821 1865 1864
f 1787 1820 1903
f 1787 1903 1788
f 1791 1818 1819
f 1791 1819 1792
f 1789 1878 1910
f 1880 1912 1911
f 1880 1911 1881
f 1813 1816 1818
f 1813 1818 1817
f 1809 1820 1819
f 1809 1819 1810
f 1810 1816 1815
f 1810 1815 1811
f 1809 1812 1901
f 1809 1901 1900
f 1805 1897 1896
f 1805 1896 1806
f 1806 1812 1811
f 1806 1811 1807
f 1801 1808 1807
f 1801 1807 1802
f 1802 1815 1814
f 1802 1814 1803
f 1884 1914 1913
f 1884 1913 1885
f 1797 1889 1888
f 1797 1888 1798
f 1577 1799 1798
f 1577 1798 1578
f 1797 1800 1804
f 1797 1804 1914
f 1793 1805 1808
f 1793 1808 1794
f 1794 1800 1799
f 1794 1799 1795
f 1573 1796 1795
f 1573 1795 1574
f 1793 1796 1893
f 1793 1893 1892
f 1800 1801 1804
f 1790 1789 1910
f 1790 1910 1817
f 1779 1846 1909
f 1779 1909 1780
f 1915 1916 1917
f 1915 1917 1918
f 1919 1920 1921
f 1919 1921 1922
f 1923 1924 1925
f 1923 1925 1926
f 1927 1928 1929
f 1927 1929 1930
f 1931 1932 1933
f 1931 1933 1934
f 1935 1936 1937
f 1935 1937 1938
f 1939 1940 1941
f 1939 1941 1942
f 1943 1944 1945
f 1943 1945 1946
f 1947 1948 1949
f 1947 1949 1950
f 1951 1952 1953
f 1951 1953 1954
f 1955 1956 1957
f 1955 1957 1958
f 1959 1960 1961
f 1959 1961 1962
f 1963 1964 1965
f 1963 1965 1966
f 1967 1968 1969
f 1967 1969 1970
f 1971 1972 1973
f 1971 1973 1974
f 1975 1976 1977
f 1975 1977 1978
f 1979 1980 1981
f 1979 1981 1982
f 1983 1984 1985
f 1983 1985 1986
f 1987 1988 1989
f 1987 1989 1990
f 1991 1992 1993
f 1991 1993 1994
f 1995 1996 1997
f 1995 1997 1998
f 1999 2000 2001
f 1999 2001 2002
f 2003 2004 2005
f 2003 2005 2006
f 2007 2008 2009
f 2007 2009 2010
f 1927 1930 2011
f 1927 2011 2012
f 1926 1927 2012
f 1926 2012 2013
f 1923 1926 2013
f 1923 2013 2014
f 1923 2014 2015
f 1923 2015 1937
f 1937 2015 2016
f 1937 2016 1938
f 1938 2016 2017
f 1938 2017 1943
f 1943 2017 2018
f 1943 2018 1944
f 1918 1944 2018
f 1918 2018 2019
f 1915 1918 2019
f 1915 2019 2020
f 1915 2020 2021
f 1915 2021 1922
f 1919 1922 2021
f 1919 2021 2022
f 1919 2022 2023
f 1919 2023 1941
f 1941 2023 2024
f 1941 2024 1942
f 1931 1942 2024
f 1931 2024 2025
f 1931 2025 2026
f 1931 2026 1932
f 1930 1932 2026
f 1930 2026 2011
f 1986 1770 1775
f 1986 1775 1999
f 1969 1768 1771
f 1969 1771 1985
f 1964 1764 1765
f 1964 1765 1968
f 1963 1988 1760
f 1963 1760 1761
f 1987 2006 1756
f 1987 1756 1757
f 1950 1752 1753
f 1950 1753 2005
f 1952 2000 1774
f 1952 1774 1745
f 1949 1953 1748
f 1949 1748 1749
f 1934 1979 1998
f 1934 1998 1939
f 1982 1983 2002
f 1982 2002 1995
f 1990 1991 2010
f 1990 2010 2003
f 1935 1946 2007
f 1935 2007 1994
f 1965 1967 1974
f 1965 1974 1975
f 1966 1978 1992
f 1966 1992 1989
f 1970 1984 1981
f 1970 1981 1971
f 1929 1972 1980
f 1929 1980 1933
f 1925 1976 1973
f 1925 1973 1928
f 1924 1936 1993
f 1924 1993 1977
f 2011 2026 2027
f 2011 2027 2028
f 1917 1960 2008
f 1917 2008 1945
f 1916 1921 1956
f 1916 1956 1961
f 1920 1940 1997
f 1920 1997 1957
f 1951 1958 1996
f 1951 1996 2001
f 1947 2004 2009
f 1947 2009 1959
f 1948 1962 1955
f 1948 1955 1954
f 2003 2010 2009
f 2003 2009 2004
f 2005 1753 1756
f 2005 1756 2006
f 1999 1775 1774
f 1999 1774 2000
f 1995 2002 2001
f 1995 2001 1996
f 1991 1994 2007
f 1991 2007 2010
f 1987 1757 1760
f 1987 1760 1988
f 1989 1992 1991
f 1989 1991 1990
f 1987 1990 2003
f 1987 2003 2006
f 1985 1771 1770
f 1985 1770 1986
f 1983 1986 1999
f 1983 1999 2002
f 1981 1984 1983
f 1981 1983 1982
f 1979 1982 1995
f 1979 1995 1998
f 1977 1993 1992
f 1977 1992 1978
f 1971 1981 1980
f 1971 1980 1972
f 1973 1976 1975
f 1973 1975 1974
f 1968 1765 1768
f 1968 1768 1969
f 1969 1985 1984
f 1969 1984 1970
f 1967 1970 1971
f 1967 1971 1974
f 1963 1761 1764
f 1963 1764 1964
f 1964 1968 1967
f 1964 1967 1965
f 1965 1975 1978
f 1965 1978 1966
f 1963 1966 1989
f 1963 1989 1988
f 1959 2009 2008
f 1959 2008 1960
f 1955 1962 1961
f 1955 1961 1956
f 1957 1997 1996
f 1957 1996 1958
f 1951 2001 2000
f 1951 2000 1952
f 1952 1745 1748
f 1952 1748 1953
f 1951 1954 1955
f 1951 1955 1958
f 1947 1959 1962
f 1947 1962 1948
f 1948 1954 1953
f 1948 1953 1949
f 1949 1749 1752
f 1949 1752 1950
f 1947 1950 2005
f 1947 2005 2004
f 1945 2008 2007
f 1945 2007 1946
f 1939 1998 1997
f 1939 1997 1940
f 1935 1994 1993
f 1935 1993 1936
f 1935 1938 1943
f 1935 1943 1946
f 1933 1980 1979
f 1933 1979 1934
f 1931 1934 1939
f 1931 1939 1942
f 1928 1973 1972
f 1928 1972 1929
f 1929 1933 1932
f 1929 1932 1930
f 1923 1937 1936
f 1923 1936 1924
f 1924 1977 1976
f 1924 1976 1925
f 1925 1928 1927
f 1925 1927 1926
f 1919 1941 1940
f 1919 1940 1920
f 1920 1957 1956
f 1920 1956 1921
f 1915 1922 1921
f 1915 1921 1916
f 1916 1961 1960
f 1916 1960 1917
f 1917 1945 1944
f 1917 1944 1918
f 2011 2028 2029
f 2011 2029 2012
f 2012 2029 2030
f 2012 2030 2013
f 2013 2030 2031
f 2013 2031 2014
f 2014 2031 2032
f 2014 2032 2015
f 2015 2032 2033
f 2015 2033 2016
f 2016 2033 2034
f 2016 2034 2017
f 2024 2035 2036
f 2024 2036 2025
f 2025 2036 2027
f 2025 2027 2026
f 2043 2044 2045
f 2043 2045 2046
f 2047 2048 2049
f 2047 2049 2050
f 2051 2052 2053
f 2051 2053 2054
f 2055 2056 2057
f 2055 2057 2058
f 2059 2060 2061
f 2059 2061 2062
f 2063 2064 2065
f 2063 2065 2066
f 2067 2068 2069
f 2067 2069 2070
f 2071 2072 2073
f 2071 2073 2074
f 2075 2076 2077
f 2075 2077 2078
f 2079 2080 2081
f 2079 2081 2082
f 2083 2084 2085
f 2083 2085 2086
f 2087 2088 2089
f 2087 2089 2090
f 2091 2092 2093
f 2091 2093 2094
f 2095 2096 2097
f 2095 2097 2098
f 2099 2100 2101
f 2099 2101 2102
f 2103 2104 2105
f 2103 2105 2106
f 2028 2107 2108
f 2028 2108 2029
f 2028 2027 2109
f 2028 2109 2107
f 2027 2036 2110
f 2027 2110 2109
f 2035 2111 2110
f 2035 2110 2036
f 2042 2112 2111
f 2042 2111 2035
f 2041 2113 2112
f 2041 2112 2042
f 2040 2114 2113
f 2040 2113 2041
f 2039 2115 2114
f 2039 2114 2040
f 2038 2116 2115
f 2038 2115 2039
f 2037 2117 2116
f 2037 2116 2038
f 2034 2118 2117
f 2034 2117 2037
f 2033 2119 2118
f 2033 2118 2034
f 2032 2120 2119
f 2032 2119 2033
f 2031 2121 2120
f 2031 2120 2032
f 2030 2122 2121
f 2030 2121 2031
f 2029 2108 2122
f 2029 2122 2030
f 2101 2123 2104
f 2097 2124 2100
f 2093 2125 2096
f 2089 2126 2092
f 2085 2127 2088
f 2081 2128 2084
f 2077 2129 2080
f 2076 2105 2130
f 2063 2070 2090
f 2063 2090 2091
f 2066 2110 2111
f 2066 2111 2067
f 2059 2074 2118
f 2059 2118 2119
f 2062 2106 2075
f 2062 2075 2071
f 2058 2060 2120
f 2058 2120 2121
f 2054 2055 2122
f 2054 2122 2108
f 2052 2064 2094
f 2052 2094 2095
f 2053 2098 2099
f 2053 2099 2056
f 2057 2102 2103
f 2057 2103 2061
f 2048 2072 2078
f 2048 2078 2079
f 2044 2049 2082
f 2044 2082 2083
f 2045 2086 2087
f 2045 2087 2069
f 2046 2068 2112
f 2046 2112 2113
f 2043 2114 2115
f 2043 2115 2050
f 2047 2116 2117
f 2047 2117 2073
f 2101 2104 2103
f 2101 2103 2102
f 2097 2100 2099
f 2097 2099 2098
f 2093 2096 2095
f 2093 2095 2094
f 2089 2092 2091
f 2089 2091 2090
f 2085 2088 2087
f 2085 2087 2086
f 2081 2084 2083
f 2081 2083 2082
f 2075 2106 2105
f 2075 2105 2076
f 2077 2080 2079
f 2077 2079 2078
f 2071 2075 2078
f 2071 2078 2072
f 2073 2117 2118
f 2073 2118 2074
f 2067 2111 2112
f 2067 2112 2068
f 2069 2087 2090
f 2069 2090 2070
f 2063 2091 2094
f 2063 2094 2064
f 2065 2109 2110
f 2065 2110 2066
f 2063 2066 2067
f 2063 2067 2070
f 2059 2119 2120
f 2059 2120 2060
f 2061 2103 2106
f 2061 2106 2062
f 2059 2062 2071
f 2059 2071 2074
f 2076 2130 2129
f 2076 2129 2077
f 2104 2123 2130
f 2104 2130 2105
f 2100 2124 2123
f 2100 2123 2101
f 2096 2125 2124
f 2096 2124 2097
f 2092 2126 2125
f 2092 2125 2093
f 2088 2127 2126
f 2088 2126 2089
f 2084 2128 2127
f 2084 2127 2085
f 2080 2129 2128
f 2080 2128 2081
f 2056 2099 2102
f 2056 2102 2057
f 2057 2061 2060
f 2057 2060 2058
f 2051 2065 2064
f 2051 2064 2052
f 2052 2095 2098
f 2052 2098 2053
f 2053 2056 2055
f 2053 2055 2054
f 2051 2054 2108
f 2051 2108 2107
f 2055 2058 2121
f 2055 2121 2122
f 2047 2073 2072
f 2047 2072 2048
f 2048 2079 2082
f 2048 2082 2049
f 2043 2050 2049
f 2043 2049 2044
f 2044 2083 2086
f 2044 2086 2045
f 2045 2069 2068
f 2045 2068 2046
f 2043 2046 2113
f 2043 2113 2114
f 2047 2050 2115
f 2047 2115 2116
f 2051 2107 2109
f 2051 2109 2065
f 2123 2129 2130
f 2123 2128 2129
f 2123 2127 2128
f 2123 2126 2127
f 2123 2124 2126
f 2124 2125 2126
f 931 932 2131
f 931 2131 2132
f 933 934 2133
f 933 2133 2134
f 935 936 2135
f 935 2135 2136
f 2137 2138 944
f 2137 944 945
f 958 959 2139
f 958 2139 2140
f 2141 2142 2143
f 2141 2143 2144
f 2145 2146 2147
f 2145 2147 994
f 2143 2148 1035
f 2143 1035 2144
f 2145 997 1066
f 2145 1066 2149
f 2141 2144 1071
f 2141 1071 2147
f 2141 2146 2150
f 2141 2150 2151
f 2142 2152 2153
f 2142 2153 2154
f 2137 962 2148
f 2137 2148 2155
f 2145 2149 2150
f 2145 2150 2146
f 2145 994 998
f 2145 998 997
f 2147 1072 994
f 961 1035 2148
f 961 2148 962
f 2141 2151 2152
f 2141 2152 2142
f 2141 2147 2146
f 958 2140 1080
f 958 1080 1070
f 2137 945 963
f 2137 963 962
f 2154 2156 2157
f 2154 2157 2158
f 2143 2158 2155
f 2143 2155 2148
f 2138 2155 2158
f 2138 2158 2157
f 936 2138 2157
f 936 2157 2135
f 933 2134 2139
f 933 2139 959
f 932 935 2136
f 932 2136 2131
f 931 2132 2133
f 931 2133 934
f 2144 1035 1107
f 2144 1107 1071
f 2142 2154 2158
f 2142 2158 2143
f 2147 1071 1109
f 2147 1109 1072
f 936 944 2138
f 2137 2155 2138
f 1111 1112 2159
f 1111 2159 1113
f 2149 2160 2161
f 2149 2161 2150
f 2172 2173 2174
f 2172 2174 2175
f 2176 2177 2178
f 2151 2185 2186
f 2151 2186 2152
f 2187 2188 2189
f 2187 2189 2190
f 2191 2192 1129
f 2191 1129 1130
f 2193 2194 2195
f 2193 2195 2196
f 2197 2198 2199
f 2197 2199 2200
f 2203 2204 2205
f 2206 2207 2208
f 2206 2208 2209
f 2211 2212 2213
f 2211 2213 2214
f 2215 1131 1132
f 2215 1132 2216
f 2217 2218 1133
f 2219 2220 2221
f 2219 2221 2222
f 2223 2224 1134
f 2197 2200 2225
f 2197 2225 2226
f 1052 2227 2228
f 1052 2228 1054
f 2189 2229 2230
f 2189 2230 2190
f 2189 2195 2231
f 2189 2231 2229
f 2194 2232 2231
f 2194 2231 2195
f 2194 2220 2233
f 2194 2233 2232
f 2219 2234 2233
f 2219 2233 2220
f 2199 2234 2219
f 2199 2219 2200
f 2218 2225 2222
f 2218 2222 2223
f 2193 2216 2224
f 2193 2224 2221
f 2217 1138 1136
f 2217 1136 2226
f 2183 2210 2186
f 2183 2186 2230
f 2176 2213 2205
f 2176 2205 2206
f 2179 2202 2203
f 2179 2203 2212
f 2131 2136 2170
f 2131 2170 2167
f 2134 2168 2165
f 2134 2165 2139
f 2132 2166 2169
f 2132 2169 2133
f 2159 2192 2187
f 2159 2187 2235
f 1113 2160 1114
f 1113 1114 1116
f 2201 2236 2204
f 2172 2198 1135
f 2172 1135 2228
f 2175 2181 2234
f 2175 2234 2199
f 2140 2164 2180
f 2140 2180 2211
f 2135 2157 2156
f 2135 2156 2171
f 2188 2191 2215
f 2188 2215 2196
f 2162 2184 2229
f 2162 2229 2231
f 2163 2232 2233
f 2163 2233 2182
f 2221 2224 2223
f 2221 2223 2222
f 2218 2223 1134
f 2218 1134 1133
f 2217 1133 1139
f 2217 1139 1138
f 1132 1134 2224
f 1132 2224 2216
f 2204 2207 2206
f 2204 2206 2205
f 2203 2205 2213
f 2203 2213 2212
f 2201 2204 2203
f 2201 2203 2202
f 2217 2226 2225
f 2217 2225 2218
f 2200 2219 2222
f 2200 2222 2225
f 2193 2221 2220
f 2193 2220 2194
f 2193 2196 2215
f 2193 2215 2216
f 2191 1130 1131
f 2191 1131 2215
f 2188 2196 2195
f 2188 2195 2189
f 2187 2192 2191
f 2187 2191 2188
f 2153 2152 2186
f 2153 2186 2210
f 2187 2190 2235
f 2183 2230 2229
f 2183 2229 2184
f 2181 2182 2233
f 2181 2233 2234
f 2179 2212 2211
f 2179 2211 2180
f 2176 2206 2209
f 2176 2209 2177
f 2176 2178 2214
f 2176 2214 2213
f 2173 2208 2207
f 2173 2207 2174
f 2172 2175 2199
f 2172 2199 2198
f 2162 2231 2232
f 2162 2232 2163
f 2151 2150 2161
f 2151 2161 2185
f 1066 1114 2160
f 1066 2160 2149
f 2197 1136 1135
f 2197 1135 2198
f 2159 2161 2160
f 2159 2160 1113
f 1112 1129 2192
f 1112 2192 2159
f 2140 2211 2214
f 2140 2214 1080
f 1054 2228 1135
f 1054 1135 1056
f 2172 2228 2227
f 2172 2227 2173
f 2139 2165 2164
f 2139 2164 2140
f 2135 2171 2170
f 2135 2170 2136
f 2133 2169 2168
f 2133 2168 2134
f 2131 2167 2166
f 2131 2166 2132
f 2173 2227 2208
f 2159 2235 2185
f 2159 2185 2161
f 2174 2207 2204
f 2174 2204 2236
f 1081 1080 2214
f 1081 2214 2178
f 1064 1081 2178
f 1064 2178 2177
f 1049 1064 2177
f 1049 2177 2209
f 1049 2209 2208
f 1049 2208 1050
f 1050 2208 2227
f 1050 2227 1052
f 2197 2226 1136
f 2185 2235 2190
f 2185 2190 2230
f 2185 2230 2186
f 2175 2237 2181
f 2174 2236 2237
f 2174 2237 2175
f 2238 2239 2240
f 2238 2240 2241
f 2242 2243 2244
f 2242 2244 2245
f 2246 2247 2248
f 2246 2248 2249
f 2250 2251 2252
f 2250 2252 2253
f 2254 2255 2256
f 2254 2256 2257
f 2258 2259 2260
f 2258 2260 2261
f 2262 2263 2264
f 2262 2264 2265
f 2266 2267 2268
f 2266 2268 2269
f 2270 2271 2272
f 2270 2272 2273
f 2274 2275 2276
f 2274 2276 2277
f 2278 2279 2280
f 2278 2280 2281
f 2282 2283 2284
f 2282 2284 2285
f 2286 2287 2288
f 2289 2290 2291
f 2292 2293 2294
f 2292 2294 2295
f 2296 2297 2298
f 2296 2298 2299
f 2300 2301 2302
f 2300 2302 2303
f 2304 2305 2306
f 2304 2306 2307
f 2308 2309 2310
f 2308 2310 2311
f 2312 2313 2314
f 2312 2314 2315
f 2316 2317 2318
f 2316 2318 2319
f 2320 2321 2322
f 2323 2324 2325
f 2323 2325 2326
f 2327 2328 2329
f 2327 2329 2330
f 2331 2332 2333
f 2331 2333 2334
f 2335 2336 2337
f 2335 2337 2338
f 2339 2340 2341
f 2339 2341 2342
f 2343 2344 2345
f 2343 2345 2346
f 2347 2348 2349
f 2347 2349 2350
f 2351 2352 2353
f 2351 2353 2354
f 2355 2356 2357
f 2355 2357 2358
f 2359 2360 2361
f 2359 2361 2362
f 2363 2364 2365
f 2363 2365 2366
f 2367 2368 2369
f 2367 2369 2370
f 2371 2372 2373
f 2371 2373 2374
f 2375 2376 2377
f 2375 2377 2378
f 2379 2380 2381
f 2379 2381 2382
f 2383 2384 2385
f 2383 2385 2386
f 2387 2162 2163
f 2387 2163 2388
f 2389 2390 2164
f 2389 2164 2165
f 2166 2167 2391
f 2166 2391 2392
f 2168 2169 2393
f 2168 2393 2394
f 2170 2171 2395
f 2170 2395 2396
f 2154 2397 2156
f 2179 2180 2398
f 2179 2398 2399
f 2181 2400 2401
f 2181 2401 2182
f 2183 2184 2402
f 2183 2402 2403
f 2404 2405 2201
f 2404 2201 2202
f 2153 2210 2406
f 2153 2406 2407
f 2254 2265 2363
f 2254 2363 2342
f 2339 2366 2367
f 2339 2367 2346
f 2343 2370 2371
f 2343 2371 2350
f 2351 2378 2379
f 2351 2379 2358
f 2355 2382 2383
f 2355 2383 2362
f 2261 2359 2386
f 2261 2386 2266
f 2309 2328 2344
f 2309 2344 2349
f 2308 2313 2325
f 2308 2325 2329
f 2312 2317 2321
f 2312 2321 2326
f 2316 2352 2357
f 2316 2357 2322
f 2320 2356 2361
f 2324 2338 2331
f 2324 2331 2330
f 2327 2334 2340
f 2327 2340 2345
f 2252 2255 2341
f 2252 2341 2333
f 2248 2253 2332
f 2248 2332 2337
f 2249 2336 2360
f 2249 2360 2260
f 2238 2267 2385
f 2238 2385 2306
f 2239 2305 2302
f 2239 2302 2242
f 2243 2301 2364
f 2243 2364 2264
f 2299 2368 2365
f 2299 2365 2300
f 2294 2296 2303
f 2294 2303 2304
f 2289 2295 2307
f 2283 2286 2380
f 2283 2380 2377
f 2279 2290 2287
f 2279 2287 2282
f 2275 2292 2291
f 2275 2291 2278
f 2271 2297 2293
f 2271 2293 2274
f 2270 2372 2369
f 2270 2369 2298
f 2284 2376 2406
f 2284 2406 2403
f 2347 2374 2404
f 2347 2404 2399
f 2319 2391 2396
f 2319 2396 2353
f 2311 2389 2394
f 2311 2394 2314
f 2315 2393 2392
f 2315 2392 2318
f 2310 2348 2398
f 2310 2398 2390
f 2375 2397 2407
f 2280 2285 2402
f 2280 2402 2387
f 2276 2281 2388
f 2276 2388 2401
f 2272 2277 2400
f 2272 2400 2408
f 2273 2409 2405
f 2273 2405 2373
f 2183 2403 2406
f 2183 2406 2210
f 2405 2409 2236
f 2405 2236 2201
f 2181 2237 2408
f 2181 2408 2400
f 2179 2399 2404
f 2179 2404 2202
f 2236 2409 2408
f 2236 2408 2237
f 2153 2407 2397
f 2153 2397 2154
f 2156 2397 2395
f 2156 2395 2171
f 2167 2170 2396
f 2167 2396 2391
f 2166 2392 2393
f 2166 2393 2169
f 2390 2398 2180
f 2390 2180 2164
f 2389 2165 2168
f 2389 2168 2394
f 2163 2182 2401
f 2163 2401 2388
f 2387 2402 2184
f 2387 2184 2162
f 2266 2386 2385
f 2266 2385 2267
f 2381 2384 2383
f 2381 2383 2382
f 2377 2380 2379
f 2377 2379 2378
f 2375 2407 2406
f 2375 2406 2376
f 2373 2405 2404
f 2373 2404 2374
f 2369 2372 2371
f 2369 2371 2370
f 2365 2368 2367
f 2365 2367 2366
f 2264 2364 2363
f 2264 2363 2265
f 2258 2261 2266
f 2258 2266 2269
f 2260 2360 2359
f 2260 2359 2261
f 2359 2362 2383
f 2359 2383 2386
f 2355 2362 2361
f 2355 2361 2356
f 2355 2358 2379
f 2355 2379 2382
f 2353 2396 2395
f 2353 2395 2354
f 2351 2358 2357
f 2351 2357 2352
f 2351 2354 2375
f 2351 2375 2378
f 2347 2399 2398
f 2347 2398 2348
f 2347 2350 2371
f 2347 2371 2374
f 2343 2350 2349
f 2343 2349 2344
f 2343 2346 2367
f 2343 2367 2370
f 2339 2346 2345
f 2339 2345 2340
f 2339 2342 2363
f 2339 2363 2366
f 2254 2342 2341
f 2254 2341 2255
f 2254 2257 2262
f 2254 2262 2265
f 2251 2256 2255
f 2251 2255 2252
f 2247 2250 2253
f 2247 2253 2248
f 2246 2249 2260
f 2246 2260 2259
f 2248 2337 2336
f 2248 2336 2249
f 2335 2361 2360
f 2335 2360 2336
f 2333 2341 2340
f 2333 2340 2334
f 2252 2333 2332
f 2252 2332 2253
f 2331 2338 2337
f 2331 2337 2332
f 2327 2345 2344
f 2327 2344 2328
f 2327 2330 2331
f 2327 2331 2334
f 2324 2330 2329
f 2324 2329 2325
f 2323 2335 2338
f 2323 2338 2324
f 2320 2323 2326
f 2320 2326 2321
f 2320 2322 2357
f 2320 2357 2356
f 2318 2392 2391
f 2318 2391 2319
f 2316 2322 2321
f 2316 2321 2317
f 2316 2319 2353
f 2316 2353 2352
f 2314 2394 2393
f 2314 2393 2315
f 2312 2326 2325
f 2312 2325 2313
f 2312 2315 2318
f 2312 2318 2317
f 2310 2390 2389
f 2310 2389 2311
f 2309 2349 2348
f 2309 2348 2310
f 2308 2329 2328
f 2308 2328 2309
f 2308 2311 2314
f 2308 2314 2313
f 2243 2264 2263
f 2243 2263 2244
f 2239 2242 2245
f 2239 2245 2240
f 2238 2241 2268
f 2238 2268 2267
f 2306 2385 2384
f 2306 2384 2307
f 2238 2306 2305
f 2238 2305 2239
f 2302 2305 2304
f 2302 2304 2303
f 2242 2302 2301
f 2242 2301 2243
f 2300 2365 2364
f 2300 2364 2301
f 2298 2369 2368
f 2298 2368 2299
f 2296 2299 2300
f 2296 2300 2303
f 2294 2304 2307
f 2294 2307 2295
f 2293 2297 2296
f 2293 2296 2294
f 2289 2291 2292
f 2289 2292 2295
f 2287 2290 2289
f 2287 2289 2288
f 2286 2288 2381
f 2286 2381 2380
f 2284 2403 2402
f 2284 2402 2285
f 2283 2377 2376
f 2283 2376 2284
f 2282 2287 2286
f 2282 2286 2283
f 2280 2387 2388
f 2280 2388 2281
f 2279 2282 2285
f 2279 2285 2280
f 2278 2291 2290
f 2278 2290 2279
f 2276 2401 2400
f 2276 2400 2277
f 2275 2278 2281
f 2275 2281 2276
f 2274 2293 2292
f 2274 2292 2275
f 2272 2408 2409
f 2272 2409 2273
f 2271 2274 2277
f 2271 2277 2272
f 2270 2298 2297
f 2270 2297 2271
f 2270 2273 2373
f 2270 2373 2372
f 2354 2395 2397
f 2354 2397 2375
f 2320 2361 2335
f 2320 2335 2323
f 2288 2384 2381
f 2288 2289 2307
f 2288 2307 2384
f 2410 2411 2412
f 2410 2412 2413
f 2414 2415 2416
f 2414 2416 2417
f 2418 2419 2420
f 2418 2420 2421
f 2422 2423 2424
f 2422 2424 2425
f 2426 2427 2428
f 2426 2428 2429
f 2430 2431 2432
f 2430 2432 2433
f 2434 2435 2436
f 2434 2436 2437
f 2438 2439 2440
f 2438 2440 2441
f 2437 2438 2442
f 2437 2442 2443
f 2431 2434 2444
f 2431 2444 2445
f 2427 2432 2446
f 2427 2446 2447
f 2423 2428 2448
f 2423 2448 2449
f 2419 2424 2450
f 2419 2450 2451
f 2415 2420 2452
f 2415 2452 2453
f 2412 2454 2455
f 2412 2455 2441
f 2411 2416 2456
f 2411 2456 2457
f 2438 2441 2455
f 2438 2455 2442
f 2436 2439 2438
f 2436 2438 2437
f 2434 2437 2443
f 2434 2443 2444
f 2431 2445 2446
f 2431 2446 2432
f 2430 2435 2434
f 2430 2434 2431
f 2427 2447 2448
f 2427 2448 2428
f 2426 2433 2432
f 2426 2432 2427
f 2423 2449 2450
f 2423 2450 2424
f 2422 2429 2428
f 2422 2428 2423
f 2419 2451 2452
f 2419 2452 2420
f 2418 2425 2424
f 2418 2424 2419
f 2415 2453 2456
f 2415 2456 2416
f 2414 2421 2420
f 2414 2420 2415
f 2412 2441 2440
f 2412 2440 2413
f 2411 2457 2454
f 2411 2454 2412
f 2410 2417 2416
f 2410 2416 2411
f 2458 2459 2460
f 2458 2460 2461
f 2462 2463 2464
f 2462 2464 2465
f 2466 2467 2468
f 2466 2468 2469
f 2470 2471 2472
f 2470 2472 2473
f 2474 2475 2476
f 2474 2476 2477
f 2478 2479 2480
f 2478 2480 2481
f 2454 2457 2482
f 2454 2482 2483
f 2453 2484 2485
f 2453 2485 2456
f 2486 2487 2488
f 2486 2488 2489
f 2490 2491 2492
f 2490 2492 2493
f 2494 2495 2496
f 2494 2496 2497
f 2498 2499 2500
f 2498 2500 2501
f 2502 2503 2504
f 2502 2504 2505
f 2506 2507 2508
f 2506 2508 2509
f 2445 2510 2511
f 2445 2511 2446
f 2447 2512 2513
f 2447 2513 2448
f 2443 2514 2515
f 2443 2515 2444
f 2516 2517 2518
f 2516 2518 2519
f 2520 2521 2522
f 2520 2522 2523
f 2524 2525 2526
f 2524 2526 2527
f 2528 2529 2530
f 2528 2530 2531
f 2532 2533 2534
f 2532 2534 2535
f 2536 2537 2538
f 2536 2538 2539
f 2449 2540 2541
f 2449 2541 2450
f 2442 2455 2542
f 2442 2542 2543
f 2544 2545 2546
f 2544 2546 2547
f 2548 2549 2550
f 2548 2550 2551
f 2552 2553 2554
f 2552 2554 2555
f 2556 2557 2558
f 2556 2558 2559
f 2560 2561 2562
f 2560 2562 2563
f 2564 2565 2566
f 2564 2566 2567
f 2451 2568 2569
f 2451 2569 2452
f 2496 2570 2571
f 2496 2571 2497
f 2506 2572 2573
f 2506 2573 2507
f 2496 2507 2573
f 2496 2573 2570
f 2506 2510 2574
f 2506 2574 2572
f 2481 2575 2576
f 2481 2576 2483
f 2480 2577 2575
f 2480 2575 2481
f 2467 2578 2577
f 2467 2577 2480
f 2466 2579 2578
f 2466 2578 2467
f 2490 2493 2497
f 2490 2497 2571
f 2514 2543 2544
f 2514 2544 2519
f 2516 2547 2548
f 2516 2548 2523
f 2520 2551 2552
f 2520 2552 2527
f 2257 2524 2555
f 2257 2555 2262
f 2258 2269 2556
f 2258 2556 2531
f 2528 2559 2560
f 2528 2560 2535
f 2532 2563 2564
f 2532 2564 2539
f 2536 2567 2568
f 2536 2568 2541
f 2247 2488 2492
f 2247 2492 2250
f 2246 2259 2530
f 2246 2530 2489
f 2251 2491 2525
f 2251 2525 2256
f 2487 2501 2494
f 2487 2494 2493
f 2486 2529 2534
f 2486 2534 2498
f 2490 2571 2521
f 2490 2521 2526
f 2517 2522 2570
f 2517 2570 2573
f 2495 2500 2504
f 2495 2504 2508
f 2499 2533 2538
f 2499 2538 2505
f 2503 2512 2511
f 2503 2511 2509
f 2502 2537 2540
f 2502 2540 2513
f 2515 2518 2572
f 2515 2572 2574
f 2542 2576 2575
f 2542 2575 2545
f 2477 2484 2569
f 2477 2569 2566
f 2476 2478 2482
f 2476 2482 2485
f 2472 2474 2565
f 2472 2565 2562
f 2468 2479 2475
f 2468 2475 2471
f 2546 2577 2578
f 2546 2578 2549
f 2465 2553 2550
f 2465 2550 2579
f 2461 2473 2561
f 2461 2561 2558
f 2460 2462 2469
f 2460 2469 2470
f 2244 2263 2554
f 2244 2554 2464
f 2241 2458 2557
f 2241 2557 2268
f 2240 2245 2463
f 2240 2463 2459
f 2566 2569 2568
f 2566 2568 2567
f 2562 2565 2564
f 2562 2564 2563
f 2558 2561 2560
f 2558 2560 2559
f 2268 2557 2556
f 2268 2556 2269
f 2262 2555 2554
f 2262 2554 2263
f 2550 2553 2552
f 2550 2552 2551
f 2546 2549 2548
f 2546 2548 2547
f 2542 2545 2544
f 2542 2544 2543
f 2450 2541 2568
f 2450 2568 2451
f 2536 2541 2540
f 2536 2540 2537
f 2536 2539 2564
f 2536 2564 2567
f 2532 2539 2538
f 2532 2538 2533
f 2532 2535 2560
f 2532 2560 2563
f 2258 2531 2530
f 2258 2530 2259
f 2528 2535 2534
f 2528 2534 2529
f 2528 2531 2556
f 2528 2556 2559
f 2256 2525 2524
f 2256 2524 2257
f 2524 2527 2552
f 2524 2552 2555
f 2520 2527 2526
f 2520 2526 2521
f 2520 2523 2548
f 2520 2548 2551
f 2516 2523 2522
f 2516 2522 2517
f 2516 2519 2544
f 2516 2544 2547
f 2514 2519 2518
f 2514 2518 2515
f 2442 2543 2514
f 2442 2514 2443
f 2448 2513 2540
f 2448 2540 2449
f 2444 2515 2574
f 2446 2511 2512
f 2446 2512 2447
f 2517 2573 2572
f 2517 2572 2518
f 2506 2509 2511
f 2506 2511 2510
f 2503 2509 2508
f 2503 2508 2504
f 2502 2513 2512
f 2502 2512 2503
f 2502 2505 2538
f 2502 2538 2537
f 2499 2505 2504
f 2499 2504 2500
f 2498 2534 2533
f 2498 2533 2499
f 2521 2571 2570
f 2521 2570 2522
f 2495 2508 2507
f 2495 2507 2496
f 2494 2501 2500
f 2494 2500 2495
f 2250 2492 2491
f 2250 2491 2251
f 2490 2526 2525
f 2490 2525 2491
f 2493 2494 2497
f 2246 2489 2488
f 2246 2488 2247
f 2487 2493 2492
f 2487 2492 2488
f 2486 2498 2501
f 2486 2501 2487
f 2486 2489 2530
f 2486 2530 2529
f 2452 2569 2484
f 2452 2484 2453
f 2456 2485 2482
f 2456 2482 2457
f 2455 2576 2542
f 2545 2575 2577
f 2545 2577 2546
f 2478 2481 2483
f 2478 2483 2482
f 2476 2485 2484
f 2476 2484 2477
f 2475 2479 2478
f 2475 2478 2476
f 2474 2477 2566
f 2474 2566 2565
f 2472 2562 2561
f 2472 2561 2473
f 2471 2475 2474
f 2471 2474 2472
f 2468 2471 2470
f 2468 2470 2469
f 2467 2480 2479
f 2467 2479 2468
f 2549 2578 2579
f 2549 2579 2550
f 2464 2554 2553
f 2464 2553 2465
f 2244 2464 2463
f 2244 2463 2245
f 2462 2465 2579
f 2462 2579 2466
f 2460 2470 2473
f 2460 2473 2461
f 2459 2463 2462
f 2459 2462 2460
f 2240 2459 2458
f 2240 2458 2241
f 2458 2461 2558
f 2458 2558 2557
f 2462 2466 2469
f 2455 2454 2483
f 2455 2483 2576
f 2444 2574 2510
f 2444 2510 2445
f 2580 2581 2582
f 2580 2582 2583
f 2584 2585 2586
f 2584 2586 2587
f 2588 2589 2590
f 2588 2590 2591
f 2592 2593 2594
f 2592 2594 2595
f 2596 2597 2598
f 2596 2598 2599
f 2600 2601 2602
f 2600 2602 2603
f 2604 2605 2606
f 2604 2606 2607
f 2608 2609 2610
f 2608 2610 2611
f 2612 2613 2614
f 2612 2614 2615
f 2616 2617 2618
f 2616 2618 2619
f 2620 2621 2622
f 2620 2622 2623
f 2624 2625 2626
f 2624 2626 2627
f 2628 2629 2630
f 2628 2630 2631
f 2632 2633 2634
f 2632 2634 2635
f 2636 2637 2638
f 2636 2638 2639
f 2640 2641 2642
f 2640 2642 2643
f 2644 2645 2646
f 2644 2646 2647
f 2648 2649 2650
f 2648 2650 2651
f 2652 2653 2654
f 2652 2654 2655
f 2656 2657 2658
f 2656 2658 2659
f 2660 2661 2662
f 2660 2662 2663
f 2664 2665 2666
f 2664 2666 2667
f 2668 2669 2670
f 2668 2670 2671
f 2672 2673 2674
f 2672 2674 2675
f 2592 2595 2676
f 2592 2676 2677
f 2588 2678 2676
f 2588 2676 2595
f 2588 2591 2679
f 2588 2679 2678
f 2591 2601 2680
f 2591 2680 2679
f 2600 2681 2680
f 2600 2680 2601
f 2600 2611 2682
f 2600 2682 2681
f 2610 2683 2682
f 2610 2682 2611
f 2580 2684 2683
f 2580 2683 2610
f 2580 2583 2685
f 2580 2685 2684
f 2583 2584 2686
f 2583 2686 2685
f 2584 2587 2687
f 2584 2687 2686
f 2587 2605 2688
f 2587 2688 2687
f 2604 2689 2688
f 2604 2688 2605
f 2599 2690 2689
f 2599 2689 2604
f 2598 2691 2690
f 2598 2690 2599
f 2592 2677 2691
f 2592 2691 2598
f 2648 2667 2439
f 2648 2439 2436
f 2633 2649 2435
f 2633 2435 2430
f 2630 2634 2433
f 2630 2433 2426
f 2631 2429 2422
f 2631 2422 2654
f 2655 2425 2418
f 2655 2418 2668
f 2612 2669 2421
f 2612 2421 2414
f 2618 2413 2440
f 2618 2440 2666
f 2613 2417 2410
f 2613 2410 2617
f 2596 2607 2660
f 2596 2660 2647
f 2644 2663 2664
f 2644 2664 2651
f 2652 2671 2672
f 2652 2672 2659
f 2603 2656 2675
f 2603 2675 2608
f 2629 2643 2636
f 2629 2636 2635
f 2628 2653 2658
f 2628 2658 2640
f 2632 2639 2645
f 2632 2645 2650
f 2593 2597 2646
f 2593 2646 2638
f 2589 2594 2637
f 2589 2637 2642
f 2590 2641 2657
f 2590 2657 2602
f 2677 2692 2693
f 2677 2693 2691
f 2581 2609 2674
f 2581 2674 2626
f 2582 2625 2622
f 2582 2622 2585
f 2586 2621 2661
f 2586 2661 2606
f 2619 2665 2662
f 2619 2662 2620
f 2615 2627 2673
f 2615 2673 2670
f 2614 2616 2623
f 2614 2623 2624
f 2670 2673 2672
f 2670 2672 2671
f 2668 2418 2421
f 2668 2421 2669
f 2666 2440 2439
f 2666 2439 2667
f 2662 2665 2664
f 2662 2664 2663
f 2656 2659 2672
f 2656 2672 2675
f 2654 2422 2425
f 2654 2425 2655
f 2652 2659 2658
f 2652 2658 2653
f 2652 2655 2668
f 2652 2668 2671
f 2648 2436 2435
f 2648 2435 2649
f 2648 2651 2664
f 2648 2664 2667
f 2644 2651 2650
f 2644 2650 2645
f 2644 2647 2660
f 2644 2660 2663
f 2640 2658 2657
f 2640 2657 2641
f 2638 2646 2645
f 2638 2645 2639
f 2636 2643 2642
f 2636 2642 2637
f 2633 2430 2433
f 2633 2433 2634
f 2632 2650 2649
f 2632 2649 2633
f 2632 2635 2636
f 2632 2636 2639
f 2630 2426 2429
f 2630 2429 2631
f 2629 2635 2634
f 2629 2634 2630
f 2628 2640 2643
f 2628 2643 2629
f 2628 2631 2654
f 2628 2654 2653
f 2626 2674 2673
f 2626 2673 2627
f 2622 2625 2624
f 2622 2624 2623
f 2620 2662 2661
f 2620 2661 2621
f 2618 2666 2665
f 2618 2665 2619
f 2617 2410 2413
f 2617 2413 2618
f 2616 2619 2620
f 2616 2620 2623
f 2614 2624 2627
f 2614 2627 2615
f 2613 2617 2616
f 2613 2616 2614
f 2612 2414 2417
f 2612 2417 2613
f 2612 2615 2670
f 2612 2670 2669
f 2608 2675 2674
f 2608 2674 2609
f 2606 2661 2660
f 2606 2660 2607
f 2602 2657 2656
f 2602 2656 2603
f 2600 2603 2608
f 2600 2608 2611
f 2596 2647 2646
f 2596 2646 2597
f 2596 2599 2604
f 2596 2604 2607
f 2593 2638 2637
f 2593 2637 2594
f 2592 2598 2597
f 2592 2597 2593
f 2590 2602 2601
f 2590 2601 2591
f 2589 2642 2641
f 2589 2641 2590
f 2588 2595 2594
f 2588 2594 2589
f 2586 2606 2605
f 2586 2605 2587
f 2585 2622 2621
f 2585 2621 2586
f 2582 2585 2584
f 2582 2584 2583
f 2581 2626 2625
f 2581 2625 2582
f 2580 2610 2609
f 2580 2609 2581
f 2676 2694 2692
f 2676 2692 2677
f 2676 2678 2695
f 2676 2695 2694
f 2678 2679 2696
f 2678 2696 2695
f 2679 2680 2697
f 2679 2697 2696
f 2680 2681 2698
f 2680 2698 2697
f 2681 2682 2699
f 2681 2699 2698
f 2682 2683 2700
f 2682 2700 2699
f 2683 2684 2701
f 2683 2701 2700
f 2684 2685 2702
f 2684 2702 2701
f 2685 2686 2703
f 2685 2703 2702
f 2686 2687 2704
f 2686 2704 2703
f 2687 2688 2705
f 2687 2705 2704
f 2688 2689 2706
f 2688 2706 2705
f 2689 2690 2707
f 2689 2707 2706
f 2690 2691 2693
f 2690 2693 2707
f 2708 2709 2710
f 2708 2710 2711
f 2712 2713 2714
f 2712 2714 2715
f 2716 2717 2718
f 2716 2718 2719
f 2720 2721 2722
f 2720 2722 2723
f 2724 2725 2726
f 2724 2726 2727
f 2728 2729 2730
f 2728 2730 2731
f 2732 2733 2734
f 2732 2734 2735
f 2736 2737 2738
f 2736 2738 2739
f 2740 2741 2742
f 2740 2742 2743
f 2744 2745 2746
f 2744 2746 2747
f 2748 2749 2750
f 2748 2750 2751
f 2752 2753 2754
f 2752 2754 2755
f 2756 2757 2758
f 2756 2758 2759
f 2760 2761 2762
f 2760 2762 2763
f 2764 2765 2766
f 2764 2766 2767
f 2768 2769 2770
f 2768 2770 2771
f 2692 2694 2772
f 2692 2772 2773
f 2693 2692 2773
f 2693 2773 2774
f 2693 2774 2775
f 2693 2775 2707
f 2706 2707 2775
f 2706 2775 2776
f 2705 2706 2776
f 2705 2776 2777
f 2704 2705 2777
f 2704 2777 2778
f 2703 2704 2778
f 2703 2778 2779
f 2702 2703 2779
f 2702 2779 2780
f 2701 2702 2780
f 2701 2780 2781
f 2700 2701 2781
f 2700 2781 2782
f 2699 2700 2782
f 2699 2782 2783
f 2698 2699 2783
f 2698 2783 2784
f 2697 2698 2784
f 2697 2784 2785
f 2696 2697 2785
f 2696 2785 2786
f 2695 2696 2786
f 2695 2786 2787
f 2694 2695 2787
f 2694 2787 2772
f 2765 2770 2788
f 2761 2766 2789
f 2757 2762 2790
f 2753 2758 2791
f 2749 2754 2792
f 2745 2750 2793
f 2741 2746 2794
f 2742 2795 2769
f 2731 2759 2752
f 2731 2752 2732
f 2728 2735 2776
f 2728 2776 2775
f 2727 2784 2783
f 2727 2783 2736
f 2724 2739 2743
f 2724 2743 2768
f 2720 2786 2785
f 2720 2785 2726
f 2716 2772 2787
f 2716 2787 2723
f 2718 2763 2756
f 2718 2756 2730
f 2717 2722 2767
f 2717 2767 2760
f 2721 2725 2771
f 2721 2771 2764
f 2714 2747 2740
f 2714 2740 2738
f 2710 2751 2744
f 2710 2744 2713
f 2709 2733 2755
f 2709 2755 2748
f 2708 2778 2777
f 2708 2777 2734
f 2711 2712 2780
f 2711 2780 2779
f 2715 2737 2782
f 2715 2782 2781
f 2764 2771 2770
f 2764 2770 2765
f 2760 2767 2766
f 2760 2766 2761
f 2756 2763 2762
f 2756 2762 2757
f 2752 2759 2758
f 2752 2758 2753
f 2748 2755 2754
f 2748 2754 2749
f 2744 2751 2750
f 2744 2750 2745
f 2742 2769 2768
f 2742 2768 2743
f 2740 2747 2746
f 2740 2746 2741
f 2738 2740 2743
f 2738 2743 2739
f 2736 2783 2782
f 2736 2782 2737
f 2734 2777 2776
f 2734 2776 2735
f 2732 2752 2755
f 2732 2755 2733
f 2730 2756 2759
f 2730 2759 2731
f 2728 2775 2774
f 2728 2774 2729
f 2728 2731 2732
f 2728 2732 2735
f 2726 2785 2784
f 2726 2784 2727
f 2724 2768 2771
f 2724 2771 2725
f 2724 2727 2736
f 2724 2736 2739
f 2741 2794 2795
f 2741 2795 2742
f 2769 2795 2788
f 2769 2788 2770
f 2765 2788 2789
f 2765 2789 2766
f 2761 2789 2790
f 2761 2790 2762
f 2757 2790 2791
f 2757 2791 2758
f 2753 2791 2792
f 2753 2792 2754
f 2749 2792 2793
f 2749 2793 2750
f 2745 2793 2794
f 2745 2794 2746
f 2721 2764 2767
f 2721 2767 2722
f 2720 2726 2725
f 2720 2725 2721
f 2718 2730 2729
f 2718 2729 2719
f 2717 2760 2763
f 2717 2763 2718
f 2716 2723 2722
f 2716 2722 2717
f 2716 2719 2773
f 2716 2773 2772
f 2720 2723 2787
f 2720 2787 2786
f 2714 2738 2737
f 2714 2737 2715
f 2713 2744 2747
f 2713 2747 2714
f 2710 2713 2712
f 2710 2712 2711
f 2709 2748 2751
f 2709 2751 2710
f 2708 2734 2733
f 2708 2733 2709
f 2708 2711 2779
f 2708 2779 2778
f 2712 2715 2781
f 2712 2781 2780
f 2719 2729 2774
f 2719 2774 2773
f 2788 2795 2794
f 2788 2794 2793
f 2788 2793 2792
f 2788 2792 2791
f 2788 2791 2789
f 2789 2791 2790
f 2798 2799 2800
f 2798 2800 2801
f 2802 783 784
f 2802 784 2803
f 2804 2805 785
f 2804 785 786
f 2806 787 788
f 2806 788 2807
f 2808 2809 789
f 2808 789 790
f 2810 791 792
f 2810 792 2811
f 793 794 2812
f 793 2812 2813
f 795 2814 2815
f 795 2815 796
f 797 798 2816
f 797 2816 2817
f 799 2818 2819
f 799 2819 800
f 801 2820 2821
f 801 2821 802
f 2803 2805 2822
f 2803 2822 2823
f 2804 2806 2824
f 2804 2824 2825
f 2807 2809 2826
f 2807 2826 2827
f 2808 2817 2828
f 2808 2828 2829
f 2810 2830 2831
f 2810 2831 2816
f 2811 2813 2832
f 2811 2832 2833
f 2819 2834 2835
f 2819 2835 2820
f 2814 2821 2836
f 2814 2836 2837
f 2815 2838 2839
f 2815 2839 2840
f 2802 2841 2842
f 2802 2842 2818
f 2819 2820 801
f 2819 801 800
f 2816 2831 2828
f 2816 2828 2817
f 2815 2840 819
f 2815 819 796
f 795 802 2821
f 795 2821 2814
f 2812 2843 2832
f 2812 2832 2813
f 792 793 2813
f 792 2813 2811
f 2810 2816 798
f 2810 798 791
f 2810 2811 2833
f 2810 2833 2830
f 2808 2829 2826
f 2808 2826 2809
f 2808 790 797
f 2808 797 2817
f 788 789 2809
f 788 2809 2807
f 2806 2807 2827
f 2806 2827 2824
f 2804 2825 2822
f 2804 2822 2805
f 2804 786 787
f 2804 787 2806
f 784 785 2805
f 784 2805 2803
f 2802 2818 799
f 2802 799 783
f 2802 2803 2823
f 2802 2823 2841
f 2818 2842 2834
f 2818 2834 2819
f 2820 2835 2836
f 2820 2836 2821
f 2814 2837 2838
f 2814 2838 2815
f 794 826 2844
f 794 2844 2812
f 2812 2844 2845
f 2812 2845 2843
f 2837 2862 2863
f 2837 2863 2838
f 2835 2864 2865
f 2835 2865 2836
f 2834 2842 2866
f 2834 2866 2867
f 2832 2843 2868
f 2832 2868 2869
f 2830 2833 2870
f 2830 2870 2871
f 2828 2831 2872
f 2828 2872 2873
f 2826 2829 2874
f 2826 2874 2875
f 2799 2824 2827
f 2799 2827 2876
f 2798 2877 2822
f 2798 2822 2825
f 2823 2878 2879
f 2823 2879 2841
f 2851 2874 2873
f 2851 2873 2860
f 2859 2880 2881
f 2859 2881 2863
f 2857 2858 2862
f 2857 2862 2865
f 2855 2856 2864
f 2855 2864 2867
f 2853 2854 2866
f 2853 2866 2879
f 2796 2878 2877
f 2796 2877 2797
f 2850 2852 2876
f 2850 2876 2875
f 2849 2861 2872
f 2849 2872 2871
f 2846 2848 2870
f 2846 2870 2869
f 2796 2853 2879
f 2796 2879 2878
f 2822 2877 2878
f 2822 2878 2823
f 2799 2876 2852
f 2799 2852 2800
f 2826 2875 2876
f 2826 2876 2827
f 2850 2875 2874
f 2850 2874 2851
f 2828 2873 2874
f 2828 2874 2829
f 2860 2873 2872
f 2860 2872 2861
f 2831 2830 2871
f 2831 2871 2872
f 2848 2849 2871
f 2848 2871 2870
f 2832 2869 2870
f 2832 2870 2833
f 2846 2869 2868
f 2846 2868 2847
f 2841 2879 2866
f 2841 2866 2842
f 2854 2855 2867
f 2854 2867 2866
f 2834 2867 2864
f 2834 2864 2835
f 2856 2857 2865
f 2856 2865 2864
f 2836 2865 2862
f 2836 2862 2837
f 2838 2863 2881
f 2838 2881 2839
f 2858 2859 2863
f 2858 2863 2862
f 2847 2868 2883
f 2847 2883 2882
f 2843 2845 2883
f 2843 2883 2868
f 2797 2877 2798
f 2797 2798 2801
f 2798 2825 2824
f 2798 2824 2799
f 2888 2889 2890
f 2888 2890 2891
f 834 835 2892
f 834 2892 2893
f 844 845 2894
f 844 2894 2895
f 2896 2897 2898
f 2896 2898 2899
f 2889 2892 2895
f 2889 2895 2896
f 2885 2890 2899
f 2885 2899 2886
f 2894 2897 2896
f 2894 2896 2895
f 835 844 2895
f 835 2895 2892
f 2889 2896 2899
f 2889 2899 2890
f 2888 2893 2892
f 2888 2892 2889
f 2886 2899 2898
f 2886 2898 2887
f 2884 2891 2890
f 2884 2890 2885
f 2884 2900 2901
f 2884 2901 2891
f 2888 2891 2901
f 2888 2901 2902
f 2888 2902 2903
f 2888 2903 2893
f 834 2893 2903
f 834 2903 852
f 2880 2887 2898
f 2880 2898 2881
f 2839 2881 2898
f 2839 2898 2897
f 2840 2839 2897
f 2840 2897 2894
f 2840 2894 845
f 2840 845 819
f 2906 2907 2908
f 2906 2908 2909
f 2910 1140 1141
f 2910 1141 2911
f 1142 1143 2912
f 1142 2912 2913
f 2914 1144 1145
f 2914 1145 2915
f 1146 1147 2916
f 1146 2916 2917
f 2918 1148 1149
f 2918 1149 2919
f 2920 2921 1150
f 2920 1150 1151
f 1152 2922 2923
f 1152 2923 1153
f 2924 2925 1154
f 2924 1154 1155
f 1156 2926 2927
f 1156 2927 1157
f 1158 2928 2929
f 1158 2929 1159
f 2910 2930 2931
f 2910 2931 2912
f 2913 2932 2933
f 2913 2933 2915
f 2914 2934 2935
f 2914 2935 2916
f 2917 2936 2937
f 2917 2937 2924
f 2919 2925 2938
f 2919 2938 2939
f 2918 2940 2941
f 2918 2941 2920
f 2926 2929 2942
f 2926 2942 2943
f 2923 2944 2945
f 2923 2945 2928
f 2922 2946 2947
f 2922 2947 2948
f 2911 2927 2949
f 2911 2949 2950
f 1156 1159 2929
f 1156 2929 2926
f 2924 2937 2938
f 2924 2938 2925
f 1152 1178 2946
f 1152 2946 2922
f 2923 2928 1158
f 2923 1158 1153
f 2920 2941 2951
f 2920 2951 2921
f 2918 2920 1151
f 2918 1151 1148
f 1149 1154 2925
f 1149 2925 2919
f 2918 2919 2939
f 2918 2939 2940
f 2916 2935 2936
f 2916 2936 2917
f 1146 2917 2924
f 1146 2924 1155
f 2914 2916 1147
f 2914 1147 1144
f 2914 2915 2933
f 2914 2933 2934
f 2912 2931 2932
f 2912 2932 2913
f 1142 2913 2915
f 1142 2915 1145
f 2910 2912 1143
f 2910 1143 1140
f 1141 1157 2927
f 1141 2927 2911
f 2910 2911 2950
f 2910 2950 2930
f 2926 2943 2949
f 2926 2949 2927
f 2928 2945 2942
f 2928 2942 2929
f 2922 2948 2944
f 2922 2944 2923
f 826 1150 2921
f 826 2921 2844
f 2844 2921 2951
f 2844 2951 2845
f 2944 2948 2968
f 2944 2968 2969
f 2942 2945 2970
f 2942 2970 2971
f 2943 2972 2973
f 2943 2973 2949
f 2941 2974 2975
f 2941 2975 2951
f 2939 2976 2977
f 2939 2977 2940
f 2937 2978 2979
f 2937 2979 2938
f 2935 2980 2981
f 2935 2981 2936
f 2908 2982 2934
f 2908 2934 2933
f 2909 2932 2931
f 2909 2931 2983
f 2930 2950 2984
f 2930 2984 2985
f 2956 2967 2978
f 2956 2978 2981
f 2964 2968 2986
f 2964 2986 2987
f 2962 2970 2969
f 2962 2969 2965
f 2960 2972 2971
f 2960 2971 2963
f 2959 2984 2973
f 2959 2973 2961
f 2904 2983 2985
f 2904 2985 2905
f 2957 2980 2982
f 2957 2982 2958
f 2954 2976 2979
f 2954 2979 2966
f 2953 2974 2977
f 2953 2977 2955
f 2905 2985 2984
f 2905 2984 2959
f 2930 2985 2983
f 2930 2983 2931
f 2907 2958 2982
f 2907 2982 2908
f 2934 2982 2980
f 2934 2980 2935
f 2956 2981 2980
f 2956 2980 2957
f 2936 2981 2978
f 2936 2978 2937
f 2966 2979 2978
f 2966 2978 2967
f 2939 2938 2979
f 2939 2979 2976
f 2954 2955 2977
f 2954 2977 2976
f 2940 2977 2974
f 2940 2974 2941
f 2952 2975 2974
f 2952 2974 2953
f 2949 2973 2984
f 2949 2984 2950
f 2960 2961 2973
f 2960 2973 2972
f 2942 2971 2972
f 2942 2972 2943
f 2962 2963 2971
f 2962 2971 2970
f 2944 2969 2970
f 2944 2970 2945
f 2947 2986 2968
f 2947 2968 2948
f 2964 2965 2969
f 2964 2969 2968
f 2882 2883 2975
f 2882 2975 2952
f 2845 2951 2975
f 2845 2975 2883
f 2904 2906 2909
f 2904 2909 2983
f 2908 2933 2932
f 2908 2932 2909
f 2992 2993 2994
f 2992 2994 2995
f 2996 2997 1189
f 2996 1189 1190
f 2998 2999 1199
f 2998 1199 1200
f 3000 3001 3002
f 3000 3002 3003
f 2994 3003 2998
f 2994 2998 2997
f 2988 2991 3000
f 2988 3000 2993
f 2998 3003 3002
f 2998 3002 2999
f 2997 2998 1200
f 2997 1200 1189
f 2993 3000 3003
f 2993 3003 2994
f 2994 2997 2996
f 2994 2996 2995
f 2990 3001 3000
f 2990 3000 2991
f 2988 2993 2992
f 2988 2992 2989
f 2900 2989 2992
f 2900 2992 2901
f 2901 2992 2995
f 2901 2995 2902
f 2902 2995 2996
f 2902 2996 2903
f 2903 2996 1190
f 2903 1190 852
f 2986 3001 2990
f 2986 2990 2987
f 2947 3002 3001
f 2947 3001 2986
f 2947 2946 2999
f 2947 2999 3002
f 2946 1178 1199
f 2946 1199 2999
f 3006 3007 2796
f 3006 2796 2797
f 3006 3008 3009
f 3006 3009 3007
f 3004 3005 3009
f 3004 3009 3008
f 2800 3010 3011
f 2800 3011 2801
f 3010 3012 3011
f 3019 3020 2846
f 3019 2846 2847
f 2848 3021 3022
f 2848 3022 2849
f 3023 3024 2850
f 3023 2850 2851
f 2800 2852 3025
f 2800 3025 3010
f 3007 3026 2853
f 3007 2853 2796
f 2854 3027 3028
f 2854 3028 2855
f 2856 3029 3030
f 2856 3030 2857
f 2858 3031 3032
f 2858 3032 2859
f 2860 2861 3033
f 2860 3033 3034
f 3032 3035 2880
f 3032 2880 2859
f 3030 3031 2858
f 3030 2858 2857
f 3028 3029 2856
f 3028 2856 2855
f 3026 3027 2854
f 3026 2854 2853
f 3006 2797 2801
f 3006 2801 3011
f 3024 3025 2852
f 3024 2852 2850
f 3023 2851 2860
f 3023 2860 3034
f 3022 3033 2861
f 3022 2861 2849
f 3020 3021 2848
f 3020 2848 2846
f 3019 2847 2882
f 3019 2882 3036
f 3039 3040 3041
f 3039 3041 3042
f 3043 3044 3045
f 3043 3045 3046
f 3047 3048 3049
f 3047 3049 3050
f 3012 3051 3052
f 3012 3052 3053
f 3054 3055 3056
f 3054 3056 3057
f 3058 3059 3060
f 3058 3060 3061
f 3062 3063 3064
f 3062 3064 3065
f 3005 3066 3067
f 3005 3067 3009
f 3068 3069 3070
f 3068 3070 3071
f 3023 3034 3068
f 3023 3068 3050
f 3038 3047 3071
f 3038 3071 3072
f 3037 3074 3052
f 3037 3052 3048
f 3015 3070 3045
f 3015 3045 3018
f 3013 3017 3044
f 3013 3044 3040
f 3032 3064 3075
f 3032 3075 3035
f 3030 3061 3065
f 3030 3065 3031
f 3028 3057 3058
f 3028 3058 3029
f 3026 3067 3054
f 3026 3054 3027
f 3006 3011 3012
f 3006 3012 3008
f 3024 3049 3051
f 3024 3051 3025
f 3022 3046 3069
f 3022 3069 3033
f 3020 3041 3043
f 3020 3043 3021
f 3015 3072 3071
f 3015 3071 3070
f 3033 3069 3068
f 3033 3068 3034
f 3063 3073 3075
f 3063 3075 3064
f 3060 3062 3065
f 3060 3065 3061
f 3056 3059 3058
f 3056 3058 3057
f 3054 3067 3066
f 3054 3066 3055
f 3004 3008 3012
f 3004 3012 3053
f 3052 3074 3053
f 3048 3052 3051
f 3048 3051 3049
f 3047 3050 3068
f 3047 3068 3071
f 3045 3070 3069
f 3045 3069 3046
f 3040 3044 3043
f 3040 3043 3041
f 3031 3065 3064
f 3031 3064 3032
f 3029 3058 3061
f 3029 3061 3030
f 3027 3054 3057
f 3027 3057 3028
f 3007 3009 3067
f 3007 3067 3026
f 3010 3025 3051
f 3010 3051 3012
f 3023 3050 3049
f 3023 3049 3024
f 3021 3043 3046
f 3021 3046 3022
f 3019 3042 3041
f 3019 3041 3020
f 3037 3048 3047
f 3037 3047 3038
f 3017 3018 3045
f 3017 3045 3044
f 3013 3040 3039
f 3013 3039 3014
f 3019 3036 3076
f 3019 3076 3042
f 3039 3042 3076
f 3039 3076 3077
f 3014 3039 3077
f 3014 3077 3016
f 2884 2885 3078
f 2884 3078 3079
f 3080 3081 3082
f 3080 3082 3083
f 3084 3085 2886
f 3084 2886 2887
f 3086 3087 3088
f 3086 3088 3089
f 3078 3085 3088
f 3078 3088 3081
f 3084 3089 3088
f 3084 3088 3085
f 3081 3088 3087
f 3081 3087 3082
f 3078 3081 3080
f 3078 3080 3079
f 2885 2886 3085
f 2885 3085 3078
f 3079 3080 3090
f 3079 3090 3091
f 3080 3083 3092
f 3080 3092 3090
f 2884 3079 3091
f 2884 3091 2900
f 3073 3086 3089
f 3073 3089 3075
f 3035 3075 3089
f 3035 3089 3084
f 2880 3035 3084
f 2880 3084 2887
f 2904 2905 3095
f 2904 3095 3096
f 3095 3097 3098
f 3095 3098 3096
f 3093 3094 3098
f 3093 3098 3097
f 2906 3099 3100
f 2906 3100 2907
f 3099 3101 3100
f 2952 2953 3107
f 2952 3107 3108
f 2954 3109 3110
f 2954 3110 2955
f 2956 2957 3111
f 2956 3111 3112
f 2907 3100 3113
f 2907 3113 2958
f 2905 2959 3114
f 2905 3114 3095
f 2960 3115 3116
f 2960 3116 2961
f 2962 3117 3118
f 2962 3118 2963
f 2964 3119 3120
f 2964 3120 2965
f 3121 3122 2966
f 3121 2966 2967
f 2964 2987 3123
f 2964 3123 3119
f 2962 2965 3120
f 2962 3120 3117
f 2960 2963 3118
f 2960 3118 3115
f 2959 2961 3116
f 2959 3116 3114
f 2904 3096 3099
f 2904 3099 2906
f 2957 2958 3113
f 2957 3113 3111
f 2956 3112 3121
f 2956 3121 2967
f 2954 2966 3122
f 2954 3122 3109
f 2953 2955 3110
f 2953 3110 3107
f 3036 2882 2952
f 3036 2952 3108
f 3126 3127 3128
f 3126 3128 3129
f 3130 3131 3132
f 3130 3132 3133
f 3134 3135 3136
f 3134 3136 3137
f 3101 3138 3139
f 3101 3139 3140
f 3141 3142 3143
f 3141 3143 3144
f 3145 3146 3147
f 3145 3147 3148
f 3149 3150 3151
f 3149 3151 3152
f 3093 3097 3153
f 3093 3153 3154
f 3155 3156 3157
f 3155 3157 3158
f 3112 3134 3158
f 3112 3158 3121
f 3124 3159 3155
f 3124 3155 3137
f 3125 3136 3139
f 3125 3139 3161
f 3104 3106 3131
f 3104 3131 3156
f 3103 3128 3132
f 3103 3132 3105
f 3119 3123 3162
f 3119 3162 3150
f 3117 3120 3149
f 3117 3149 3145
f 3115 3118 3148
f 3115 3148 3141
f 3114 3116 3144
f 3114 3144 3153
f 3096 3098 3101
f 3096 3101 3099
f 3111 3113 3140
f 3111 3140 3135
f 3109 3122 3157
f 3109 3157 3130
f 3107 3110 3133
f 3107 3133 3127
f 3104 3156 3155
f 3104 3155 3159
f 3121 3158 3157
f 3121 3157 3122
f 3150 3162 3160
f 3150 3160 3151
f 3145 3149 3152
f 3145 3152 3146
f 3141 3148 3147
f 3141 3147 3142
f 3143 3154 3153
f 3143 3153 3144
f 3094 3138 3101
f 3094 3101 3098
f 3138 3161 3139
f 3135 3140 3139
f 3135 3139 3136
f 3134 3137 3155
f 3134 3155 3158
f 3130 3157 3156
f 3130 3156 3131
f 3127 3133 3132
f 3127 3132 3128
f 3119 3150 3149
f 3119 3149 3120
f 3117 3145 3148
f 3117 3148 3118
f 3115 3141 3144
f 3115 3144 3116
f 3095 3114 3153
f 3095 3153 3097
f 3100 3101 3140
f 3100 3140 3113
f 3111 3135 3134
f 3111 3134 3112
f 3109 3130 3133
f 3109 3133 3110
f 3107 3127 3126
f 3107 3126 3108
f 3124 3137 3136
f 3124 3136 3125
f 3105 3132 3131
f 3105 3131 3106
f 3102 3129 3128
f 3102 3128 3103
f 3036 3108 3126
f 3036 3126 3076
f 3076 3126 3129
f 3076 3129 3077
f 3016 3077 3129
f 3016 3129 3102
f 3163 3164 2988
f 3163 2988 2989
f 3165 3166 3167
f 3165 3167 3168
f 2990 2991 3169
f 2990 3169 3170
f 3171 3172 3173
f 3171 3173 3174
f 3164 3167 3172
f 3164 3172 3169
f 3169 3172 3171
f 3169 3171 3170
f 3166 3173 3172
f 3166 3172 3167
f 3163 3168 3167
f 3163 3167 3164
f 3164 3169 2991
f 3164 2991 2988
f 3091 3090 3168
f 3091 3168 3163
f 3090 3092 3165
f 3090 3165 3168
f 3091 3163 2989
f 3091 2989 2900
f 3160 3162 3171
f 3160 3171 3174
f 3123 3170 3171
f 3123 3171 3162
f 2987 2990 3170
f 2987 3170 3123
f 3175 3176 3177
f 3175 3177 3178
f 3175 3179 3180
f 3175 3180 3176
f 3179 3181 3182
f 3179 3182 3180
f 3177 3183 3178
f 3181 3184 3182
f 3004 3185 3005
f 3186 3187 3188
f 3186 3188 3189
f 3190 3191 3192
f 3190 3192 3193
f 3194 3195 3196
f 3194 3196 3197
f 3198 3199 3200
f 3198 3200 3201
f 3202 3203 3204
f 3202 3204 3205
f 3206 3207 3208
f 3206 3208 3209
f 3210 3211 3212
f 3210 3212 3213
f 3214 3215 3216
f 3214 3216 3217
f 3218 3219 3220
f 3218 3220 3221
f 3222 3223 3224
f 3222 3224 3225
f 3226 3227 3228
f 3226 3228 3229
f 3230 3231 3232
f 3230 3232 3233
f 3227 3232 3234
f 3223 3228 3235
f 3219 3224 3236
f 3215 3220 3237
f 3211 3216 3238
f 3207 3212 3239
f 3203 3208 3240
f 3199 3204 3241
f 3195 3200 3242
f 3191 3196 3243
f 3188 3244 3231
f 3190 3245 3246
f 3190 3246 3197
f 3189 3230 3247
f 3189 3247 3248
f 3226 3249 3250
f 3226 3250 3233
f 3222 3251 3252
f 3222 3252 3229
f 3218 3253 3254
f 3218 3254 3225
f 3214 3255 3256
f 3214 3256 3221
f 3206 3257 3258
f 3206 3258 3213
f 3202 3259 3260
f 3202 3260 3209
f 3198 3261 3262
f 3198 3262 3205
f 3194 3263 3264
f 3194 3264 3201
f 3230 3233 3250
f 3230 3250 3247
f 3226 3233 3232
f 3226 3232 3227
f 3226 3229 3252
f 3226 3252 3249
f 3222 3229 3228
f 3222 3228 3223
f 3222 3225 3254
f 3222 3254 3251
f 3218 3225 3224
f 3218 3224 3219
f 3218 3221 3256
f 3218 3256 3253
f 3214 3221 3220
f 3214 3220 3215
f 3214 3217 3265
f 3214 3265 3255
f 3210 3217 3216
f 3210 3216 3211
f 3210 3213 3258
f 3210 3258 3266
f 3206 3213 3212
f 3206 3212 3207
f 3206 3209 3260
f 3206 3260 3257
f 3202 3209 3208
f 3202 3208 3203
f 3202 3205 3262
f 3202 3262 3259
f 3198 3205 3204
f 3198 3204 3199
f 3198 3201 3264
f 3198 3264 3261
f 3194 3201 3200
f 3194 3200 3195
f 3194 3197 3246
f 3194 3246 3263
f 3190 3197 3196
f 3190 3196 3191
f 3190 3193 3267
f 3190 3267 3245
f 3188 3231 3230
f 3188 3230 3189
f 3186 3189 3248
f 3186 3248 3268
f 3187 3269 3244
f 3187 3244 3188
f 3231 3244 3234
f 3231 3234 3232
f 3227 3234 3235
f 3227 3235 3228
f 3223 3235 3236
f 3223 3236 3224
f 3219 3236 3237
f 3219 3237 3220
f 3215 3237 3238
f 3215 3238 3216
f 3211 3238 3239
f 3211 3239 3212
f 3207 3239 3240
f 3207 3240 3208
f 3203 3240 3241
f 3203 3241 3204
f 3199 3241 3242
f 3199 3242 3200
f 3195 3242 3243
f 3195 3243 3196
f 3191 3243 3270
f 3191 3270 3192
f 3186 3268 3271
f 3186 3271 3272
f 3186 3272 3273
f 3186 3273 3187
f 3193 3274 3275
f 3193 3275 3267
f 3192 3276 3274
f 3192 3274 3193
f 3187 3273 3277
f 3187 3277 3269
f 3269 3277 3278
f 3269 3278 3270
f 3192 3270 3278
f 3192 3278 3276
f 3279 3280 3281
f 3279 3281 3282
f 3283 3284 3285
f 3283 3285 3286
f 3287 3288 3289
f 3287 3289 3290
f 3291 3292 3293
f 3294 3295 3296
f 3294 3296 3297
f 3298 3299 3300
f 3301 3302 3303
f 3304 3305 3306
f 3304 3306 3307
f 3308 3309 3310
f 3311 3312 3313
f 3311 3313 3314
f 3315 3316 3317
f 3280 3307 3314
f 3280 3314 3315
f 3283 3316 3313
f 3283 3313 3308
f 3281 3317 3293
f 3281 3293 3294
f 3282 3297 3298
f 3282 3298 3287
f 3279 3290 3303
f 3279 3303 3304
f 3313 3316 3315
f 3313 3315 3314
f 3308 3313 3312
f 3308 3312 3309
f 3306 3311 3314
f 3306 3314 3307
f 3302 3305 3304
f 3302 3304 3303
f 3296 3299 3298
f 3296 3298 3297
f 3292 3295 3294
f 3292 3294 3293
f 3289 3301 3303
f 3289 3303 3290
f 3287 3298 3300
f 3287 3300 3288
f 3285 3291 3293
f 3285 3293 3286
f 3283 3308 3310
f 3283 3310 3284
f 3283 3286 3317
f 3283 3317 3316
f 3281 3294 3297
f 3281 3297 3282
f 3280 3315 3317
f 3280 3317 3281
f 3279 3304 3307
f 3279 3307 3280
f 3279 3282 3287
f 3279 3287 3290
f 3286 3293 3317
f 3318 3319 3320
f 3318 3320 3321
f 3322 3323 3324
f 3322 3324 3325
f 3326 3327 3328
f 3329 3330 3331
f 3329 3331 3332
f 3333 3334 3335
f 3333 3335 3336
f 3337 3338 3339
f 3337 3339 3340
f 3341 3342 3343
f 3341 3343 3344
f 3345 3346 3347
f 3345 3347 3348
f 3349 3350 3351
f 3349 3351 3352
f 3353 3354 3355
f 3353 3355 3356
f 3357 3358 3359
f 3357 3359 3360
f 3361 3362 3363
f 3361 3363 3364
f 3365 3366 3367
f 3365 3367 3368
f 3369 3370 3371
f 3369 3371 3372
f 3373 3374 3375
f 3373 3375 3376
f 3377 3378 3379
f 3377 3379 3380
f 3381 3382 3383
f 3384 3385 3386
f 3387 3388 3389
f 3387 3389 3390
f 3391 3392 3393
f 3391 3393 3394
f 3395 3396 3397
f 3395 3397 3398
f 3399 3400 3401
f 3399 3401 3402
f 3403 3404 3405
f 3403 3405 3406
f 3407 3408 3409
f 3407 3409 3410
f 3411 3412 3413
f 3411 3413 3414
f 3415 3416 3417
f 3415 3417 3418
f 3419 3420 3421
f 3419 3421 3422
f 3423 3424 3425
f 3423 3425 3426
f 3427 3428 3429
f 3427 3429 3430
f 3431 3432 3433
f 3431 3433 3434
f 3435 3436 3437
f 3435 3437 3438
f 3439 3440 3441
f 3439 3441 3442
f 3443 3444 3445
f 3443 3445 3446
f 3447 3448 3449
f 3447 3449 3450
f 3451 3452 3453
f 3454 3455 3456
f 3454 3456 3457
f 3458 3459 3460
f 3458 3460 3461
f 3462 3463 3464
f 3462 3464 3465
f 3466 3467 3468
f 3466 3468 3469
f 3470 3471 3472
f 3470 3472 3473
f 3474 3475 3476
f 3474 3476 3477
f 3478 3479 3480
f 3478 3480 3481
f 3482 3483 3484
f 3482 3484 3485
f 3486 3487 3488
f 3486 3488 3489
f 3490 3491 3013
f 3490 3013 3014
f 3492 3493 3494
f 3492 3494 3495
f 3496 3497 3498
f 3496 3498 3499
f 3500 3501 3502
f 3500 3502 3503
f 3504 3505 3506
f 3504 3506 3507
f 3508 3509 3510
f 3508 3510 3511
f 3512 3513 3514
f 3512 3514 3515
f 3516 3517 3518
f 3516 3518 3519
f 3520 3521 3522
f 3520 3522 3523
f 3524 3525 3526
f 3524 3526 3527
f 3528 3529 3530
f 3528 3530 3531
f 3532 3533 3534
f 3532 3534 3535
f 3536 3537 3538
f 3539 3540 3541
f 3539 3541 3542
f 3543 3544 3545
f 3543 3545 3546
f 3543 3547 3544
f 3505 3548 3549
f 3505 3549 3506
f 3550 3551 3552
f 3550 3552 3553
f 3554 3555 3556
f 3554 3556 3557
f 3558 3559 3560
f 3558 3560 3561
f 3562 3563 3564
f 3565 3566 3567
f 3565 3567 3568
f 3569 3570 3571
f 3569 3571 3572
f 3573 3574 3575
f 3573 3575 3576
f 3577 3578 3579
f 3577 3579 3580
f 3581 3582 3583
f 3584 3585 3586
f 3584 3586 3587
f 3588 3589 3590
f 3588 3590 3591
f 3592 3593 3594
f 3592 3594 3595
f 3596 3597 3598
f 3596 3598 3599
f 3600 3601 3602
f 3600 3602 3603
f 3604 3605 3606
f 3604 3606 3607
f 3608 3609 3610
f 3608 3610 3611
f 3612 3613 3614
f 3612 3614 3615
f 3616 3617 3618
f 3616 3618 3619
f 3620 3621 3622
f 3620 3622 3623
f 3624 3625 3626
f 3624 3626 3627
f 3628 3629 3630
f 3628 3630 3631
f 3632 3633 3634
f 3632 3634 3635
f 3636 3637 3638
f 3636 3638 3639
f 3640 3641 3642
f 3640 3642 3643
f 3644 3645 3646
f 3644 3646 3647
f 3648 3649 3650
f 3648 3650 3651
f 3652 3653 3654
f 3652 3654 3655
f 3656 3657 3658
f 3656 3658 3659
f 3660 3661 3662
f 3660 3662 3663
f 3664 3665 3666
f 3664 3666 3667
f 3668 3669 3670
f 3668 3670 3671
f 3672 3673 3674
f 3672 3674 3675
f 3676 3677 3678
f 3679 3680 3681
f 3682 3683 3684
f 3682 3684 3685
f 3686 3687 3688
f 3686 3688 3689
f 3690 3691 3692
f 3690 3692 3693
f 3694 3695 3696
f 3694 3696 3697
f 3698 3699 3700
f 3698 3700 3701
f 3702 3703 3704
f 3702 3704 3705
f 3706 3707 3708
f 3706 3708 3709
f 3710 3711 3712
f 3710 3712 3713
f 3714 3715 3716
f 3714 3716 3717
f 3718 3719 3720
f 3718 3720 3721
f 3722 3723 3724
f 3722 3724 3725
f 3726 3727 3728
f 3729 3730 3731
f 3729 3731 3732
f 3733 3734 3735
f 3733 3735 3736
f 3735 3737 3738
f 3735 3738 3736
f 3739 3740 3741
f 3742 3743 3744
f 3742 3744 3745
f 3746 3747 3748
f 3746 3748 3749
f 3750 3751 3752
f 3750 3752 3753
f 3754 3755 3756
f 3754 3756 3757
f 3758 3759 3760
f 3758 3760 3761
f 3762 3763 3764
f 3762 3764 3765
f 3246 3766 3767
f 3246 3767 3263
f 3261 3264 3768
f 3261 3768 3769
f 3259 3262 3770
f 3259 3770 3771
f 3257 3260 3772
f 3257 3772 3773
f 3258 3774 3775
f 3258 3775 3266
f 3776 3777 3778
f 3253 3256 3779
f 3253 3779 3780
f 3251 3254 3781
f 3251 3781 3782
f 3249 3252 3783
f 3249 3783 3784
f 3247 3250 3785
f 3247 3785 3786
f 3787 3788 3789
f 3790 3791 3792
f 3793 3794 3795
f 3793 3795 3796
f 3797 3798 3799
f 3797 3799 3800
f 3801 3802 3803
f 3801 3803 3804
f 3805 3806 3807
f 3805 3807 3808
f 3248 3809 3810
f 3248 3810 3268
f 3811 3812 3813
f 3811 3813 3814
f 3815 3816 3817
f 3815 3817 3818
f 3819 3820 3821
f 3819 3821 3822
f 3823 3824 3825
f 3823 3825 3826
f 3827 3828 3829
f 3827 3829 3830
f 3831 3832 3833
f 3831 3833 3834
f 3835 3836 3837
f 3835 3837 3838
f 3839 3840 3841
f 3839 3841 3842
f 3843 3844 3845
f 3843 3845 3846
f 3847 3848 3849
f 3847 3849 3850
f 3851 3852 3853
f 3851 3853 3854
f 3855 3856 3857
f 3855 3857 3858
f 3859 3860 3861
f 3859 3861 3862
f 3863 3864 3865
f 3863 3865 3866
f 3867 3868 3869
f 3867 3869 3870
f 3871 3872 3873
f 3871 3873 3874
f 3875 3876 3877
f 3875 3877 3878
f 3879 3880 3881
f 3879 3881 3882
f 3883 3884 3885
f 3883 3885 3886
f 3887 3888 3889
f 3887 3889 3890
f 3891 3892 3893
f 3891 3893 3894
f 3895 3896 3897
f 3898 3899 3900
f 3898 3900 3901
f 3902 3903 3904
f 3902 3904 3905
f 3906 3907 3908
f 3906 3908 3909
f 3910 3911 3912
f 3910 3912 3913
f 3914 3915 3916
f 3914 3916 3917
f 3918 3919 3920
f 3918 3920 3921
f 3922 3923 3924
f 3925 3926 3927
f 3925 3927 3928
f 3929 3930 3931
f 3929 3931 3932
f 3933 3934 3935
f 3933 3935 3936
f 3937 3938 3939
f 3937 3939 3940
f 3941 3942 3943
f 3941 3943 3944
f 3945 3946 3947
f 3945 3947 3948
f 3949 3950 3951
f 3949 3951 3952
f 3953 3954 3955
f 3956 3957 3958
f 3956 3958 3959
f 3960 3961 3962
f 3960 3962 3963
f 3964 3965 3966
f 3964 3966 3967
f 3968 3969 3970
f 3968 3970 3971
f 3972 3973 3974
f 3975 3976 3977
f 3975 3977 3978
f 3979 3980 3981
f 3979 3981 3982
f 3983 3984 3985
f 3983 3985 3986
f 3987 3988 3989
f 3987 3989 3990
f 3991 3992 3993
f 3991 3993 3994
f 3995 3996 3997
f 3995 3997 3998
f 3999 4000 4001
f 3999 4001 4002
f 4003 4004 4005
f 4006 4007 4008
f 4006 4008 4009
f 4010 4011 4012
f 3245 3267 4013
f 3245 4013 4014
f 4015 4016 4017
f 4015 4017 4018
f 4019 4020 4021
f 4019 4021 4022
f 4023 4024 4025
f 4023 4025 4026
f 4027 4028 4029
f 4027 4029 4030
f 4031 4032 4033
f 4031 4033 4034
f 4035 4036 4037
f 4035 4037 4038
f 4039 4040 4041
f 4039 4041 4042
f 4043 4044 4045
f 4043 4045 4046
f 4047 4048 4049
f 4047 4049 4050
f 4051 4052 4053
f 4054 4055 4056
f 4054 4056 4057
f 4058 4059 4060
f 4058 4060 4061
f 4062 4063 4064
f 4062 4064 4065
f 3255 3265 4066
f 3255 4066 4067
f 4068 4069 4070
f 4068 4070 4071
f 4072 4073 4074
f 4072 4074 4075
f 4076 4077 4078
f 4076 4078 4079
f 4080 4081 4082
f 4080 4082 4083
f 4084 4085 4086
f 4084 4086 4087
f 4088 4089 4090
f 4088 4090 4091
f 4092 4093 4094
f 4092 4094 4095
f 4096 4097 4098
f 4096 4098 4099
f 4100 4101 4102
f 4100 4102 4103
f 4104 4105 4106
f 4104 4106 4107
f 4108 4109 4110
f 4108 4110 4111
f 4112 4113 4114
f 4112 4114 4115
f 4116 4117 4118
f 4119 4120 4121
f 4119 4121 4122
f 4123 4124 4125
f 4123 4125 4126
f 4127 4128 4129
f 3957 4130 4131
f 3957 4131 3958
f 3961 4132 4133
f 3961 4133 3962
f 3965 4134 4135
f 3965 4135 3966
f 3969 4136 4137
f 3969 4137 3970
f 3181 4138 4139
f 3181 4139 3184
f 4140 4141 4142
f 4140 4142 4143
f 4144 4145 4146
f 4144 4146 4147
f 3175 4148 4149
f 3175 4149 3179
f 3178 3183 4150
f 3178 4150 4151
f 4152 4153 4154
f 4152 4154 4155
f 4156 4157 4158
f 4156 4158 4159
f 4023 4026 4160
f 4023 4160 4161
f 3569 3615 3614
f 3569 3614 3570
f 3424 3429 4162
f 3424 4162 4163
f 3428 4164 4162
f 3428 4162 3429
f 3428 3433 4165
f 3428 4165 4164
f 3432 4166 4165
f 3432 4165 3433
f 3432 3437 4167
f 3432 4167 4166
f 3436 4168 4167
f 3436 4167 3437
f 3436 3441 4169
f 3436 4169 4168
f 3440 4170 4169
f 3440 4169 3441
f 3417 4171 4170
f 3417 4170 3440
f 3416 4172 4171
f 3416 4171 3417
f 3416 3421 4173
f 3416 4173 4172
f 3420 4174 4173
f 3420 4173 3421
f 3420 3425 4175
f 3420 4175 4174
f 3424 4163 4175
f 3424 4175 3425
f 3605 4176 3606
f 3608 3611 4177
f 3608 4177 4178
f 3606 4176 4177
f 3606 4177 3611
f 3321 3459 4159
f 3321 4159 3642
f 3458 4075 4155
f 3458 4155 4156
f 3604 4150 4152
f 3604 4152 4074
f 3607 3610 4148
f 3607 4148 4151
f 3548 3975 4143
f 3548 4143 4144
f 3609 4110 4138
f 3609 4138 4149
f 3970 4139 4109
f 3966 4135 4136
f 3966 4136 3969
f 3962 4133 4134
f 3962 4134 3965
f 3958 4131 4132
f 3958 4132 3961
f 3957 4026 4025
f 3957 4025 4130
f 4081 4119 4134
f 4081 4134 4133
f 4122 4123 4136
f 4122 4136 4135
f 3184 4137 4126
f 3184 4126 3618
f 3667 4179 4180
f 3581 3584 4083
f 3581 4083 4088
f 3631 4157 4154
f 3631 4154 4076
f 3461 4068 3554
f 3461 3554 4072
f 3470 3753 4105
f 3470 4105 4100
f 3469 4101 4104
f 3469 4104 3754
f 3492 3779 4067
f 3492 4067 4099
f 3471 4103 4097
f 3471 4097 3499
f 3468 3493 4098
f 3468 4098 4102
f 4027 4061 4089
f 4027 4089 4086
f 3337 3585 3583
f 3337 3583 4062
f 3306 3338 4065
f 3306 4065 3311
f 3843 4057 4181
f 3843 4181 3850
f 3846 3911 4053
f 3846 4053 4054
f 3579 3766 4014
f 3579 4014 4015
f 3580 4018 4019
f 3580 4019 3979
f 3956 3980 4022
f 3956 4022 4160
f 4025 4028 4085
f 4025 4085 4130
f 3715 4090 4060
f 3715 4060 4031
f 3713 3716 4034
f 3713 4034 4035
f 3710 4038 4039
f 3710 4039 3718
f 3709 3719 4042
f 3709 4042 4043
f 3691 3706 4046
f 3691 4046 4047
f 3692 4050 3813
f 3692 3813 3695
f 3547 3738 4002
f 3547 4002 4003
f 3612 3998 3999
f 3612 3999 3737
f 3569 3994 3995
f 3569 3995 3615
f 3577 3982 3983
f 3577 3983 3808
f 3576 3805 3986
f 3576 3986 3987
f 3572 3573 3990
f 3572 3990 3991
f 3978 4004 4001
f 3978 4001 4140
f 3974 4141 4000
f 3974 4000 3997
f 3959 3960 3984
f 3959 3984 3981
f 3963 3964 3988
f 3963 3988 3985
f 3967 3968 3992
f 3967 3992 3989
f 3971 3972 3996
f 3971 3996 3993
f 3946 3951 4008
f 3942 3947 4007
f 3938 3943 4006
f 3938 4006 4182
f 3934 3939 4183
f 3930 3935 4184
f 3926 3931 4185
f 3927 4186 4009
f 3927 4009 3950
f 3790 3909 4051
f 3840 3913 3914
f 3840 3914 3867
f 3868 3917 3918
f 3868 3918 3895
f 3899 3904 3952
f 3899 3952 3945
f 3900 3948 3941
f 3900 3941 3920
f 3892 3896 3937
f 3888 3893 3940
f 3888 3940 3933
f 3884 3889 3936
f 3884 3936 3929
f 3880 3885 3932
f 3880 3932 3925
f 3881 3928 3949
f 3881 3949 3903
f 3872 3877 3905
f 3872 3905 3898
f 3873 3901 3919
f 3873 3919 3916
f 3864 3869 3897
f 3864 3897 3891
f 3860 3865 3894
f 3860 3894 3887
f 3856 3861 3890
f 3856 3890 3883
f 3852 3857 3886
f 3852 3886 3879
f 3853 3882 3902
f 3853 3902 3876
f 3844 3849 3878
f 3844 3878 3871
f 3845 3874 3915
f 3845 3915 3912
f 3836 3841 3870
f 3836 3870 3863
f 3832 3837 3866
f 3832 3866 3859
f 3828 3833 3862
f 3828 3862 3855
f 3824 3829 3858
f 3824 3858 3851
f 3825 3854 3875
f 3825 3875 3848
f 3447 3924 4187
f 3447 4187 4188
f 3696 3812 3815
f 3696 3815 3701
f 3698 3818 3819
f 3698 3819 3705
f 3702 3822 4094
f 3702 4094 3804
f 3789 4189 4011
f 3456 3787 4010
f 3456 4010 4190
f 3481 3482 3741
f 3481 3741 3742
f 3477 3478 3745
f 3477 3745 3746
f 3473 3474 3749
f 3473 3749 3750
f 3465 3466 3757
f 3465 3757 3758
f 3462 3761 3762
f 3462 3762 3723
f 3724 3765 3809
f 3724 3809 3786
f 3408 3413 3442
f 3408 3442 3435
f 3404 3409 3438
f 3404 3438 3431
f 3400 3405 3434
f 3400 3434 3427
f 3396 3401 3430
f 3396 3430 3423
f 3392 3397 3426
f 3392 3426 3419
f 3388 3393 3422
f 3388 3422 3415
f 3389 3418 3439
f 3389 3439 3412
f 3378 3382 3414
f 3378 3414 3407
f 3374 3379 3410
f 3374 3410 3403
f 3370 3375 3406
f 3370 3406 3399
f 3366 3371 3402
f 3366 3402 3395
f 3362 3367 3398
f 3362 3398 3391
f 3363 3394 3387
f 3363 3387 3385
f 3543 3736 3738
f 3543 3738 3547
f 3463 3722 3728
f 3463 3728 3729
f 3464 3732 3494
f 3464 3494 3467
f 3727 3783 3782
f 3727 3782 3730
f 3546 3778 3775
f 3546 3775 3733
f 3296 3354 3359
f 3296 3359 3299
f 3292 3350 3355
f 3292 3355 3295
f 3285 3346 3351
f 3285 3351 3291
f 3284 3310 3342
f 3284 3342 3347
f 3309 3312 4064
f 3309 4064 3343
f 3302 3334 3339
f 3302 3339 3305
f 3289 3330 3335
f 3289 3335 3301
f 3288 3300 3358
f 3288 3358 3331
f 3345 3711 3721
f 3345 3721 3352
f 3341 3717 3712
f 3341 3712 3348
f 3328 3685 3686
f 3328 3686 3693
f 3326 3697 3700
f 3326 3700 4113
f 3327 4112 4191
f 3327 4191 3682
f 3699 4127 4116
f 3699 4116 4114
f 3377 3675 3676
f 3377 3676 3383
f 3373 3671 3672
f 3373 3672 3380
f 3369 3665 3668
f 3369 3668 3376
f 3365 3680 3666
f 3365 3666 3372
f 3662 4128 3703
f 3662 3703 3803
f 3664 4117 4129
f 3664 4129 3669
f 3659 3673 3670
f 3659 3670 3660
f 3322 3677 3674
f 3322 3674 3658
f 3654 3656 3663
f 3654 3663 3802
f 3323 3657 3653
f 3323 3653 3649
f 3364 3384 3636
f 3364 3636 3635
f 3361 3634 3681
f 3361 3681 3368
f 3629 4192 3679
f 3629 3679 3633
f 3628 4193 4192
f 3628 4192 3629
f 3622 3687 3684
f 3622 3684 3625
f 3180 3182 3617
f 3180 3617 3620
f 3176 3623 3624
f 3176 3624 3177
f 3603 3707 3690
f 3603 3690 3689
f 3349 3720 3602
f 3349 3602 3356
f 3600 3688 3621
f 3600 3621 3616
f 3353 3601 3598
f 3353 3598 3360
f 3332 3357 3597
f 3332 3597 3594
f 3329 3593 3590
f 3329 3590 3336
f 3333 3589 3586
f 3333 3586 3340
f 3344 4063 3582
f 3344 3582 3714
f 4082 4132 4131
f 4082 4131 4084
f 3578 3807 3768
f 3578 3768 3767
f 3587 3588 4120
f 3587 4120 4080
f 3575 3770 3769
f 3575 3769 3806
f 3595 3596 3619
f 3595 3619 4125
f 3591 3592 4124
f 3591 4124 4121
f 3571 3772 3771
f 3571 3771 3574
f 3318 3641 3646
f 3318 3646 3567
f 3319 3566 3563
f 3319 3563 3560
f 3550 4146 4177
f 3550 4177 4176
f 4142 4194 4195
f 4142 4195 4145
f 3613 3735 3734
f 3541 3794 3906
f 3541 3906 3792
f 3540 3655 3798
f 3540 3798 3795
f 3537 3791 3842
f 3537 3842 3835
f 3539 3954 3650
f 3539 3650 3652
f 3533 3644 3651
f 3533 3651 4196
f 3529 3568 3645
f 3529 3645 3532
f 3528 4197 3564
f 3528 3564 3565
f 4198 4199 4200
f 4198 4200 4201
f 4202 4203 4204
f 4202 4204 4205
f 3514 3555 4206
f 3514 4206 3517
f 3510 3552 3556
f 3510 3556 3513
f 3506 3549 4207
f 3506 4207 3509
f 3502 3976 3548
f 3502 3548 3505
f 3501 4208 4005
f 3501 4005 3977
f 3488 3515 3516
f 3488 3516 3491
f 3484 3511 3512
f 3484 3512 3487
f 3480 3507 3508
f 3480 3508 3483
f 3476 3503 3504
f 3476 3504 3479
f 3472 3498 3500
f 3472 3500 3475
f 3495 3731 3781
f 3495 3781 3780
f 3725 3785 3784
f 3725 3784 3726
f 3551 3605 4073
f 3551 4073 3557
f 3320 3559 4069
f 3320 4069 3460
f 3639 3643 4158
f 3183 3627 4077
f 3183 4077 4153
f 3448 4209 4210
f 3448 4210 3451
f 3444 3534 4211
f 3444 4211 4212
f 3443 4213 4214
f 3443 4214 3535
f 3527 3531 4215
f 3527 4215 4216
f 4154 4157 4156
f 4154 4156 4155
f 3183 4153 4152
f 3183 4152 4150
f 3175 3178 4151
f 3175 4151 4148
f 4142 4145 4144
f 4142 4144 4143
f 3179 4149 4138
f 3179 4138 3181
f 3184 4139 3970
f 3184 3970 4137
f 4123 4126 4137
f 4123 4137 4136
f 4121 4124 4123
f 4121 4123 4122
f 4119 4122 4135
f 4119 4135 4134
f 4116 4127 4129
f 4116 4129 4117
f 4114 4116 4118
f 4114 4118 4115
f 4109 4139 4138
f 4109 4138 4110
f 4100 4105 4104
f 4100 4104 4101
f 4097 4103 4102
f 4097 4102 4098
f 4086 4089 4088
f 4086 4088 4087
f 4084 4131 4130
f 4084 4130 4085
f 4082 4084 4087
f 4082 4087 4083
f 4081 4133 4132
f 4081 4132 4082
f 4080 4120 4119
f 4080 4119 4081
f 4076 4154 4153
f 4076 4153 4077
f 4074 4152 4155
f 4074 4155 4075
f 4066 4096 4099
f 4066 4099 4067
f 4060 4090 4089
f 4060 4089 4061
f 4056 4217 4181
f 4056 4181 4057
f 4052 4055 4054
f 4052 4054 4053
f 4045 4048 4047
f 4045 4047 4046
f 4041 4044 4043
f 4041 4043 4042
f 4037 4040 4039
f 4037 4039 4038
f 4033 4036 4035
f 4033 4035 4034
f 4031 4060 4059
f 4031 4059 4032
f 4027 4086 4085
f 4027 4085 4028
f 4027 4030 4058
f 4027 4058 4061
f 4024 4029 4028
f 4024 4028 4025
f 4021 4161 4160
f 4021 4160 4022
f 4017 4020 4019
f 4017 4019 4018
f 4013 4016 4015
f 4013 4015 4014
f 4181 4217 4189
f 4011 4189 4217
f 4011 4217 4012
f 4001 4004 4003
f 4001 4003 4002
f 4000 4141 4140
f 4000 4140 4001
f 3997 4000 3999
f 3997 3999 3998
f 3993 3996 3995
f 3993 3995 3994
f 3989 3992 3991
f 3989 3991 3990
f 3985 3988 3987
f 3985 3987 3986
f 3981 3984 3983
f 3981 3983 3982
f 3979 4019 4022
f 3979 4022 3980
f 3977 4005 4004
f 3977 4004 3978
f 3975 3978 4140
f 3975 4140 4143
f 3974 4194 4142
f 3974 4142 4141
f 3972 4108 4111
f 3972 4111 3973
f 3972 3974 3997
f 3972 3997 3996
f 3970 4109 4108
f 3970 4108 3971
f 3968 3971 3993
f 3968 3993 3992
f 3966 3969 3968
f 3966 3968 3967
f 3964 3967 3989
f 3964 3989 3988
f 3962 3965 3964
f 3962 3964 3963
f 3960 3963 3985
f 3960 3985 3984
f 3958 3961 3960
f 3958 3960 3959
f 3956 4160 4026
f 3956 4026 3957
f 3956 3959 3981
f 3956 3981 3980
f 3950 4009 4008
f 3950 4008 3951
f 3946 4008 4007
f 3946 4007 3947
f 3945 3952 3951
f 3945 3951 3946
f 3942 4007 4006
f 3942 4006 3943
f 3941 3948 3947
f 3941 3947 3942
f 3937 3944 3943
f 3937 3943 3938
f 3933 3940 3939
f 3933 3939 3934
f 3929 3936 3935
f 3929 3935 3930
f 3927 3950 3949
f 3927 3949 3928
f 3925 3932 3931
f 3925 3931 3926
f 3920 3941 3944
f 3920 3944 3921
f 3916 3919 3918
f 3916 3918 3917
f 3912 3915 3914
f 3912 3914 3913
f 3910 4051 4053
f 3910 4053 3911
f 3908 4052 4051
f 3908 4051 3909
f 3903 3949 3952
f 3903 3952 3904
f 3900 3920 3919
f 3900 3919 3901
f 3899 3945 3948
f 3899 3948 3900
f 3898 3905 3904
f 3898 3904 3899
f 3895 3918 3921
f 3895 3921 3896
f 3892 3937 3940
f 3892 3940 3893
f 3891 3897 3896
f 3891 3896 3892
f 3888 3933 3936
f 3888 3936 3889
f 3887 3894 3893
f 3887 3893 3888
f 3884 3929 3932
f 3884 3932 3885
f 3883 3890 3889
f 3883 3889 3884
f 3881 3903 3902
f 3881 3902 3882
f 3880 3925 3928
f 3880 3928 3881
f 3879 3886 3885
f 3879 3885 3880
f 3876 3902 3905
f 3876 3905 3877
f 3873 3916 3915
f 3873 3915 3874
f 3872 3898 3901
f 3872 3901 3873
f 3871 3878 3877
f 3871 3877 3872
f 3868 3895 3897
f 3868 3897 3869
f 3867 3914 3917
f 3867 3917 3868
f 3864 3891 3894
f 3864 3894 3865
f 3863 3870 3869
f 3863 3869 3864
f 3860 3887 3890
f 3860 3890 3861
f 3859 3866 3865
f 3859 3865 3860
f 3856 3883 3886
f 3856 3886 3857
f 3855 3862 3861
f 3855 3861 3856
f 3853 3876 3875
f 3853 3875 3854
f 3852 3879 3882
f 3852 3882 3853
f 3851 3858 3857
f 3851 3857 3852
f 3848 3875 3878
f 3848 3878 3849
f 3847 3850 4181
f 3847 4181 4189
f 3845 3912 3911
f 3845 3911 3846
f 3844 3871 3874
f 3844 3874 3845
f 3843 3850 3849
f 3843 3849 3844
f 3843 3846 4054
f 3843 4054 4057
f 3840 3867 3870
f 3840 3870 3841
f 3839 3910 3913
f 3839 3913 3840
f 3836 3863 3866
f 3836 3866 3837
f 3835 3842 3841
f 3835 3841 3836
f 3832 3859 3862
f 3832 3862 3833
f 3831 3838 3837
f 3831 3837 3832
f 3828 3855 3858
f 3828 3858 3829
f 3827 3834 3833
f 3827 3833 3828
f 3825 3848 3847
f 3825 3847 3826
f 3824 3851 3854
f 3824 3854 3825
f 3823 3830 3829
f 3823 3829 3824
f 3821 4095 4094
f 3821 4094 3822
f 3817 3820 3819
f 3817 3819 3818
f 3813 4050 4049
f 3813 4049 3814
f 3811 3816 3815
f 3811 3815 3812
f 3805 3808 3983
f 3805 3983 3986
f 3801 3804 4094
f 3801 4094 4093
f 3799 3802 3801
f 3799 3801 3800
f 3795 3798 3797
f 3795 3797 3796
f 3793 3907 3906
f 3793 3906 3794
f 3790 3839 3842
f 3790 3842 3791
f 3790 3792 3906
f 3790 3906 3909
f 3926 4185 4186
f 3926 4186 3927
f 4006 4009 4186
f 4006 4186 4182
f 3938 4182 4183
f 3938 4183 3939
f 3934 4183 4184
f 3934 4184 3935
f 3930 4184 4185
f 3930 4185 3931
f 3788 3823 3826
f 3788 3826 3789
f 3787 3789 4011
f 3787 4011 4010
f 3247 3786 3809
f 3247 3809 3248
f 3250 3249 3784
f 3250 3784 3785
f 3252 3251 3782
f 3252 3782 3783
f 3256 3255 4067
f 3256 4067 3779
f 3254 3253 3780
f 3254 3780 3781
f 3265 3777 3776
f 3265 3776 4066
f 3266 3775 3778
f 3266 3778 3777
f 3258 3257 3773
f 3258 3773 3774
f 3260 3259 3771
f 3260 3771 3772
f 3262 3261 3769
f 3262 3769 3770
f 3769 3768 3807
f 3769 3807 3806
f 3246 3245 4014
f 3246 4014 3766
f 3264 3263 3767
f 3264 3767 3768
f 3764 3810 3809
f 3764 3809 3765
f 3760 3763 3762
f 3760 3762 3761
f 3756 3759 3758
f 3756 3758 3757
f 3754 4104 4107
f 3754 4107 3755
f 3752 4106 4105
f 3752 4105 3753
f 3748 3751 3750
f 3748 3750 3749
f 3744 3747 3746
f 3744 3746 3745
f 3740 3743 3742
f 3740 3742 3741
f 3737 3999 4002
f 3737 4002 3738
f 3733 3775 3774
f 3733 3774 3734
f 3730 3782 3781
f 3730 3781 3731
f 3727 3730 3729
f 3727 3729 3728
f 3726 3784 3783
f 3726 3783 3727
f 3724 3786 3785
f 3724 3785 3725
f 3723 3762 3765
f 3723 3765 3724
f 3722 3725 3726
f 3722 3726 3728
f 3718 4039 4042
f 3718 4042 3719
f 3715 4031 4034
f 3715 4034 3716
f 3714 4091 4090
f 3714 4090 3715
f 3712 3717 3716
f 3712 3716 3713
f 3710 3718 3721
f 3710 3721 3711
f 3710 3713 4035
f 3710 4035 4038
f 3708 3720 3719
f 3708 3719 3709
f 3706 3709 4043
f 3706 4043 4046
f 3703 4128 4127
f 3703 4127 3704
f 3702 3804 3803
f 3702 3803 3703
f 3702 3705 3819
f 3702 3819 3822
f 3699 4114 4113
f 3699 4113 3700
f 3698 3705 3704
f 3698 3704 3699
f 3698 3701 3815
f 3698 3815 3818
f 3696 3701 3700
f 3696 3700 3697
f 3695 3813 3812
f 3695 3812 3696
f 3692 3695 3694
f 3692 3694 3693
f 3691 4047 4050
f 3691 4050 3692
f 3690 3707 3706
f 3690 3706 3691
f 3686 3689 3690
f 3686 3690 3693
f 3684 3687 3686
f 3684 3686 3685
f 4191 4218 4219
f 4191 4219 4220
f 3674 3677 3676
f 3674 3676 3675
f 3670 3673 3672
f 3670 3672 3671
f 3666 3680 4179
f 3666 4179 3667
f 3664 3669 3668
f 3664 3668 3665
f 3664 3667 4118
f 3664 4118 4117
f 3662 3803 3802
f 3662 3802 3663
f 3661 4129 4128
f 3661 4128 3662
f 3660 3670 3669
f 3660 3669 3661
f 3658 3674 3673
f 3658 3673 3659
f 3656 3659 3660
f 3656 3660 3663
f 3654 3799 3798
f 3654 3798 3655
f 3653 3657 3656
f 3653 3656 3654
f 3650 3954 3953
f 3650 3953 3651
f 3649 3653 3652
f 3649 3652 3650
f 3644 3647 4221
f 3644 4221 3651
f 3642 4159 4158
f 3642 4158 3643
f 3640 3647 3646
f 3640 3646 3641
f 3638 3640 3643
f 3638 3643 3639
f 3633 3679 3681
f 3633 3681 3634
f 3632 3635 3636
f 3632 3636 3639
f 3630 4158 4157
f 3630 4157 3631
f 3629 3633 3632
f 3629 3632 3630
f 3628 3631 4076
f 3628 4076 4079
f 3625 3684 3683
f 3625 3683 3626
f 3177 3624 3627
f 3177 3627 3183
f 3622 3625 3624
f 3622 3624 3623
f 3621 3688 3687
f 3621 3687 3622
f 3176 3180 3620
f 3176 3620 3623
f 3618 4126 4125
f 3618 4125 3619
f 3182 3184 3618
f 3182 3618 3617
f 3616 3621 3620
f 3616 3620 3617
f 3612 3737 3735
f 3612 3735 3613
f 3612 3615 3995
f 3612 3995 3998
f 3609 4149 4148
f 3609 4148 3610
f 3608 4178 4195
f 3608 4195 4111
f 4145 4178 4177
f 4145 4177 4146
f 3606 3611 3610
f 3606 3610 3607
f 3604 4074 4073
f 3604 4073 3605
f 3604 3607 4151
f 3604 4151 4150
f 3602 3708 3707
f 3602 3707 3603
f 3600 3603 3689
f 3600 3689 3688
f 3598 3601 3600
f 3598 3600 3599
f 3596 3599 3616
f 3596 3616 3619
f 3594 3597 3596
f 3594 3596 3595
f 3592 3595 4125
f 3592 4125 4124
f 3590 3593 3592
f 3590 3592 3591
f 3588 3591 4121
f 3588 4121 4120
f 3586 3589 3588
f 3586 3588 3587
f 3584 3587 4080
f 3584 4080 4083
f 3582 4063 4062
f 3582 4062 3583
f 3581 4088 4091
f 3581 4091 3582
f 3581 3583 3585
f 3581 3585 3584
f 3579 4015 4018
f 3579 4018 3580
f 3578 3767 3766
f 3578 3766 3579
f 3577 3808 3807
f 3577 3807 3578
f 3577 3580 3979
f 3577 3979 3982
f 3575 3806 3805
f 3575 3805 3576
f 3574 3771 3770
f 3574 3770 3575
f 3573 3576 3987
f 3573 3987 3990
f 3571 3574 3573
f 3571 3573 3572
f 3570 3773 3772
f 3570 3772 3571
f 3569 3572 3991
f 3569 3991 3994
f 3567 3646 3645
f 3567 3645 3568
f 3563 3566 3565
f 3563 3565 3564
f 3560 3563 3562
f 3560 3562 3561
f 3558 4070 4069
f 3558 4069 3559
f 3554 4068 4071
f 3554 4071 3555
f 3554 3557 4073
f 3554 4073 4072
f 3551 3557 3556
f 3551 3556 3552
f 3550 4176 3605
f 3550 3605 3551
f 3550 3553 4147
f 3550 4147 4146
f 3549 3548 4144
f 3549 4144 4147
f 3548 3976 3975
f 3544 3547 4003
f 3544 4003 4005
f 3545 3776 3778
f 3545 3778 3546
f 3543 3546 3733
f 3543 3733 3736
f 3541 3792 3791
f 3541 3791 3542
f 3540 3795 3794
f 3540 3794 3541
f 3539 3652 3655
f 3539 3655 3540
f 3539 3542 3955
f 3539 3955 3954
f 3537 3835 3838
f 3537 3838 3538
f 3536 3953 3955
f 3536 3955 3537
f 3533 4196 4211
f 3533 4211 3534
f 3532 3645 3644
f 3532 3644 3533
f 3530 4214 4215
f 3530 4215 3531
f 3529 3532 3535
f 3529 3535 3530
f 3528 3565 3568
f 3528 3568 3529
f 3526 3531 3527
f 4197 4199 4198
f 3524 3527 4216
f 3524 4216 3015
f 3521 3525 3524
f 3521 3524 3522
f 4200 4203 4202
f 4200 4202 4201
f 3518 3520 3523
f 3518 3523 3519
f 4204 4206 4222
f 4204 4222 4205
f 3514 3517 3516
f 3514 3516 3515
f 3513 3556 3555
f 3513 3555 3514
f 3510 3513 3512
f 3510 3512 3511
f 3509 4207 3552
f 3509 3552 3510
f 3506 3509 3508
f 3506 3508 3507
f 3502 3505 3504
f 3502 3504 3503
f 3501 3977 3976
f 3501 3976 3502
f 3498 4208 3501
f 3498 3501 3500
f 3496 3545 3544
f 3496 3544 3497
f 3496 3499 4097
f 3496 4097 4096
f 3494 3732 3731
f 3494 3731 3495
f 3492 4099 4098
f 3492 4098 3493
f 3492 3495 3780
f 3492 3780 3779
f 3491 3516 3519
f 3491 3519 3013
f 3488 3491 3490
f 3488 3490 3489
f 3487 3512 3515
f 3487 3515 3488
f 3484 3487 3486
f 3484 3486 3485
f 3483 3508 3511
f 3483 3511 3484
f 3482 3485 3739
f 3482 3739 3741
f 3480 3483 3482
f 3480 3482 3481
f 3479 3504 3507
f 3479 3507 3480
f 3478 3481 3742
f 3478 3742 3745
f 3476 3479 3478
f 3476 3478 3477
f 3475 3500 3503
f 3475 3503 3476
f 3474 3477 3746
f 3474 3746 3749
f 3472 3475 3474
f 3472 3474 3473
f 3471 3499 3498
f 3471 3498 3472
f 3470 4100 4103
f 3470 4103 3471
f 3470 3473 3750
f 3470 3750 3753
f 3468 4102 4101
f 3468 4101 3469
f 3467 3494 3493
f 3467 3493 3468
f 3466 3469 3754
f 3466 3754 3757
f 3464 3467 3466
f 3464 3466 3465
f 3463 3729 3732
f 3463 3732 3464
f 3462 3723 3722
f 3462 3722 3463
f 3462 3465 3758
f 3462 3758 3761
f 3460 4069 4068
f 3460 4068 3461
f 3458 4156 4159
f 3458 4159 3459
f 3458 3461 4072
f 3458 4072 4075
f 3456 4190 4223
f 3456 4223 3457
f 3455 3788 3787
f 3455 3787 3456
f 3451 3455 3454
f 3451 3454 3452
f 3448 3451 3453
f 3448 3453 3449
f 3447 4188 4209
f 3447 4209 3448
f 3447 3450 3922
f 3447 3922 3924
f 3445 3924 3923
f 3445 3923 3446
f 3444 4212 4224
f 3444 4224 3445
f 3443 3535 3534
f 3443 3534 3444
f 3435 3442 3441
f 3435 3441 3436
f 3431 3438 3437
f 3431 3437 3432
f 3427 3434 3433
f 3427 3433 3428
f 3423 3430 3429
f 3423 3429 3424
f 3419 3426 3425
f 3419 3425 3420
f 3417 3440 3439
f 3417 3439 3418
f 3415 3422 3421
f 3415 3421 3416
f 3412 3439 3442
f 3412 3442 3413
f 3408 3435 3438
f 3408 3438 3409
f 3407 3414 3413
f 3407 3413 3408
f 3404 3431 3434
f 3404 3434 3405
f 3403 3410 3409
f 3403 3409 3404
f 3400 3427 3430
f 3400 3430 3401
f 3399 3406 3405
f 3399 3405 3400
f 3396 3423 3426
f 3396 3426 3397
f 3395 3402 3401
f 3395 3401 3396
f 3392 3419 3422
f 3392 3422 3393
f 3391 3398 3397
f 3391 3397 3392
f 3389 3412 3411
f 3389 3411 3390
f 3388 3415 3418
f 3388 3418 3389
f 3387 3394 3393
f 3387 3393 3388
f 3385 3387 3390
f 3385 3390 3386
f 3384 3386 3637
f 3384 3637 3636
f 3381 3411 3414
f 3381 3414 3382
f 3381 3383 3676
f 3381 3676 3678
f 3378 3407 3410
f 3378 3410 3379
f 3377 3383 3382
f 3377 3382 3378
f 3377 3380 3672
f 3377 3672 3675
f 3374 3403 3406
f 3374 3406 3375
f 3373 3380 3379
f 3373 3379 3374
f 3373 3376 3668
f 3373 3668 3671
f 3370 3399 3402
f 3370 3402 3371
f 3369 3376 3375
f 3369 3375 3370
f 3369 3372 3666
f 3369 3666 3665
f 3366 3395 3398
f 3366 3398 3367
f 3365 3372 3371
f 3365 3371 3366
f 3365 3368 3681
f 3365 3681 3680
f 3363 3385 3384
f 3363 3384 3364
f 3362 3391 3394
f 3362 3394 3363
f 3361 3368 3367
f 3361 3367 3362
f 3361 3364 3635
f 3361 3635 3634
f 3357 3360 3598
f 3357 3598 3597
f 3353 3360 3359
f 3353 3359 3354
f 3353 3356 3602
f 3353 3602 3601
f 3349 3356 3355
f 3349 3355 3350
f 3349 3352 3721
f 3349 3721 3720
f 3345 3352 3351
f 3345 3351 3346
f 3345 3348 3712
f 3345 3712 3711
f 3343 4064 4063
f 3343 4063 3344
f 3341 3348 3347
f 3341 3347 3342
f 3341 3344 3714
f 3341 3714 3717
f 3337 4062 4065
f 3337 4065 3338
f 3337 3340 3586
f 3337 3586 3585
f 3333 3340 3339
f 3333 3339 3334
f 3333 3336 3590
f 3333 3590 3589
f 3331 3358 3357
f 3331 3357 3332
f 3329 3336 3335
f 3329 3335 3330
f 3329 3332 3594
f 3329 3594 3593
f 3327 3682 3685
f 3327 3685 3328
f 3326 4113 4112
f 3326 4112 3327
f 3326 3328 3694
f 3326 3694 3697
f 3324 3638 3637
f 3324 3637 3325
f 3323 3649 4221
f 3323 4221 3324
f 3322 3658 3657
f 3322 3657 3323
f 3322 3325 3678
f 3322 3678 3677
f 3320 3460 3459
f 3320 3459 3321
f 3319 3560 3559
f 3319 3559 3320
f 3318 3567 3566
f 3318 3566 3319
f 3318 3321 3642
f 3318 3642 3641
f 3311 4065 4064
f 3311 4064 3312
f 3309 3343 3342
f 3309 3342 3310
f 3305 3339 3338
f 3305 3338 3306
f 3301 3335 3334
f 3301 3334 3302
f 3299 3359 3358
f 3299 3358 3300
f 3295 3355 3354
f 3295 3354 3296
f 3291 3351 3350
f 3291 3350 3292
f 3288 3331 3330
f 3288 3330 3289
f 3284 3347 3346
f 3284 3346 3285
f 3740 4225 4226
f 3740 4226 3743
f 3743 4226 4227
f 3743 4227 3744
f 3739 4228 4225
f 3739 4225 3740
f 3764 4229 4230
f 3764 4230 3810
f 3268 3810 4230
f 3268 4230 3271
f 3763 4231 4229
f 3763 4229 3764
f 4021 4232 4233
f 4021 4233 4161
f 4023 4234 4235
f 4023 4235 4024
f 4020 4236 4232
f 4020 4232 4021
f 4032 4059 4237
f 4032 4237 4238
f 4058 4239 4237
f 4058 4237 4059
f 4032 4238 4240
f 4032 4240 4033
f 4041 4241 4242
f 4041 4242 4044
f 4044 4242 4243
f 4044 4243 4045
f 4040 4244 4241
f 4040 4241 4041
f 3267 3275 4245
f 3267 4245 4013
f 4017 4246 4236
f 4017 4236 4020
f 4016 4247 4246
f 4016 4246 4017
f 3755 4107 4248
f 3755 4248 4249
f 4106 4250 4248
f 4106 4248 4107
f 3755 4249 4251
f 3755 4251 3756
f 3814 4049 4252
f 3814 4252 4253
f 4048 4254 4252
f 4048 4252 4049
f 3811 3814 4253
f 3811 4253 4255
f 4037 4256 4244
f 4037 4244 4040
f 4036 4257 4256
f 4036 4256 4037
f 3760 4258 4231
f 3760 4231 3763
f 3759 4259 4258
f 3759 4258 3760
f 3811 4255 4260
f 3811 4260 3816
f 3816 4260 4261
f 3816 4261 3817
f 3486 3489 4262
f 3486 4262 4263
f 3821 4264 4265
f 3821 4265 4095
f 4092 4095 4265
f 4092 4265 4266
f 3820 4267 4264
f 3820 4264 3821
f 4033 4240 4257
f 4033 4257 4036
f 4045 4243 4254
f 4045 4254 4048
f 4030 4268 4239
f 4030 4239 4058
f 4029 4269 4268
f 4029 4268 4030
f 3752 4270 4250
f 3752 4250 4106
f 3751 4271 4270
f 3751 4270 3752
f 4024 4235 4269
f 4024 4269 4029
f 3817 4261 4267
f 3817 4267 3820
f 3756 4251 4259
f 3756 4259 3759
f 3744 4227 4272
f 3744 4272 3747
f 3747 4272 4273
f 3747 4273 3748
f 4013 4245 4247
f 4013 4247 4016
f 3490 3014 3016
f 3490 3016 4274
f 3489 3490 4274
f 3489 4274 4262
f 3748 4273 4271
f 3748 4271 3751
f 4023 4161 4233
f 4023 4233 4234
f 3582 4091 3714
f 3599 3600 3616
f 3602 3720 3708
f 4083 4087 4088
f 3971 4108 3972
f 3570 3614 3774
f 3570 3774 3773
f 3613 3734 3774
f 3613 3774 3614
f 4145 4195 4178
f 3497 4208 3498
f 3497 3544 4005
f 3497 4005 4208
f 3328 3693 3694
f 4078 4219 4079
f 3699 3704 4127
f 4163 4275 4276
f 4163 4276 4175
f 4162 4277 4275
f 4162 4275 4163
f 4162 4164 4278
f 4162 4278 4277
f 4164 4165 4279
f 4164 4279 4278
f 4165 4166 4280
f 4165 4280 4279
f 4166 4167 4281
f 4166 4281 4280
f 4167 4168 4282
f 4167 4282 4281
f 4168 4169 4283
f 4168 4283 4282
f 4169 4170 4284
f 4169 4284 4283
f 4170 4171 4285
f 4170 4285 4284
f 4171 4172 4286
f 4171 4286 4285
f 4172 4173 4287
f 4172 4287 4286
f 4173 4174 4288
f 4173 4288 4287
f 4174 4175 4276
f 4174 4276 4288
f 3661 3669 4129
f 3537 3955 3542
f 3537 3542 3791
f 3790 4051 3910
f 3790 3910 3839
f 3896 3921 3944
f 3896 3944 3937
f 3789 3826 3847
f 3789 3847 4189
f 3445 4224 4187
f 3445 4187 3924
f 3451 4210 3788
f 3451 3788 3455
f 3536 4196 3651
f 3536 3651 3953
f 3536 3538 4211
f 3536 4211 4196
f 3831 3834 4224
f 3831 4224 4212
f 3834 4187 4224
f 3827 4188 4187
f 3827 4187 3834
f 3827 3830 4209
f 3827 4209 4188
f 3830 4210 4209
f 3788 4210 3830
f 3788 3830 3823
f 3530 3535 4214
f 3013 3519 3523
f 3013 3523 3017
f 3522 3524 3015
f 3522 3015 3018
f 3630 3632 3639
f 3630 3639 4158
f 3549 4147 3553
f 3549 3553 4207
f 3552 4207 3553
f 3973 4194 3974
f 3973 4111 4195
f 3973 4195 4194
f 3608 4111 4110
f 3608 4110 3609
f 3908 4289 4055
f 3908 4055 4052
f 3907 4290 4289
f 3907 4289 3908
f 3793 4291 4290
f 3793 4290 3907
f 3793 3796 4292
f 3793 4292 4291
f 3796 3797 4293
f 3796 4293 4292
f 3797 3800 4294
f 3797 4294 4293
f 3800 3801 4295
f 3800 4295 4294
f 4092 4296 4297
f 4092 4297 4093
f 4092 4266 4298
f 4092 4298 4296
f 3522 3018 3017
f 3522 3017 3523
f 3654 3802 3799
f 3801 4093 4297
f 3801 4297 4295
f 4070 4205 4222
f 3558 4202 4205
f 3558 4205 4070
f 3558 3561 4201
f 3558 4201 4202
f 3561 3562 4198
f 3561 4198 4201
f 3562 3564 4197
f 3562 4197 4198
f 3555 4071 4222
f 3555 4222 4206
f 4070 4222 4071
f 3517 4206 4204
f 3517 4204 3518
f 3518 4204 4203
f 3518 4203 3520
f 3520 4203 4200
f 3520 4200 3521
f 3521 4200 4199
f 3521 4199 3525
f 3525 4199 4197
f 3525 4197 3526
f 3526 4197 3528
f 3526 3528 3531
f 4115 4118 4218
f 4115 4218 4191
f 3626 4078 4077
f 3626 4077 3627
f 3626 4220 4219
f 3626 4219 4078
f 3667 4180 4218
f 3667 4218 4118
f 3628 4079 4219
f 3628 4219 4193
f 4180 4193 4219
f 4180 4219 4218
f 4112 4115 4191
f 4179 4192 4193
f 4179 4193 4180
f 3626 3683 4220
f 3682 4191 4220
f 3682 4220 3683
f 3679 4192 4179
f 3679 4179 3680
f 4299 3037 3038
f 4300 4301 4302
f 4300 4302 4303
f 4304 4305 4306
f 4304 4306 4307
f 4308 4309 4310
f 4308 4310 4311
f 3185 4312 4313
f 3185 4313 4314
f 4216 4315 3072
f 4216 3072 3015
f 4316 4317 4318
f 4213 4319 4320
f 4213 4320 4321
f 4214 4322 4215
f 4299 4315 4322
f 4299 4322 4321
f 3446 3923 4312
f 3446 4312 4316
f 3450 4311 4313
f 3450 4313 3922
f 3449 3453 4306
f 3449 4306 4308
f 3457 4223 4323
f 3457 4323 4303
f 3452 3454 4302
f 3452 4302 4307
f 3063 4300 4324
f 3063 4324 3073
f 3060 4304 4301
f 3060 4301 3062
f 3056 4309 4305
f 3056 4305 3059
f 3055 3066 4314
f 3055 4314 4310
f 3004 3053 4317
f 3004 4317 3185
f 4214 4213 4321
f 4214 4321 4322
f 4316 4318 4320
f 4316 4320 4319
f 4215 4322 4315
f 4215 4315 4216
f 3185 4317 4316
f 3185 4316 4312
f 3185 4314 3066
f 3185 3066 3005
f 4310 4314 4313
f 4310 4313 4311
f 4305 4309 4308
f 4305 4308 4306
f 4301 4304 4307
f 4301 4307 4302
f 4300 4303 4323
f 4300 4323 4324
f 3062 4301 4300
f 3062 4300 3063
f 3059 4305 4304
f 3059 4304 3060
f 3055 4310 4309
f 3055 4309 3056
f 4299 4321 4320
f 4299 4320 3037
f 4299 3038 3072
f 4299 3072 4315
f 3922 4313 4312
f 3922 4312 3923
f 3454 3457 4303
f 3454 4303 4302
f 3452 4307 4306
f 3452 4306 3453
f 3449 4308 4311
f 3449 4311 3450
f 3443 3446 4319
f 3443 4319 4213
f 3446 4316 4319
f 3037 4320 4318
f 3037 4318 3074
f 3053 3074 4318
f 3053 4318 4317
f 4325 4326 4327
f 4325 4327 4328
f 4329 4330 4331
f 4329 4331 4332
f 4333 4334 4335
f 4333 4335 4336
f 4337 4338 4339
f 4337 4339 4340
f 4341 4342 4343
f 4341 4343 4344
f 4345 4346 4347
f 4345 4347 4348
f 4349 4350 4351
f 4349 4351 4352
f 4353 4354 4355
f 4353 4355 4356
f 4357 4358 4359
f 4357 4359 4360
f 4361 4362 4363
f 4364 4365 4366
f 4364 4366 4367
f 4368 4369 4370
f 4368 4370 4371
f 4372 4373 4374
f 4372 4374 4375
f 4376 4377 4378
f 4010 4012 4376
f 4010 4376 4379
f 4336 4337 4369
f 4336 4369 4366
f 4332 4333 4365
f 4332 4365 4362
f 4345 4373 4378
f 4345 4378 4359
f 4340 4346 4358
f 4340 4358 4370
f 4341 4354 4380
f 4341 4380 4372
f 4327 4350 4355
f 4327 4355 4344
f 3082 3087 4351
f 3082 4351 4326
f 4056 4360 4377
f 4056 4377 4217
f 4294 4295 4361
f 4292 4293 4363
f 4292 4363 4364
f 4290 4291 4367
f 4290 4367 4368
f 4055 4289 4371
f 4055 4371 4357
f 4372 4380 4378
f 4372 4378 4373
f 4376 4378 4380
f 4376 4380 4379
f 4366 4369 4368
f 4366 4368 4367
f 4362 4365 4364
f 4362 4364 4363
f 4359 4378 4377
f 4359 4377 4360
f 4357 4371 4370
f 4357 4370 4358
f 4353 4379 4380
f 4353 4380 4354
f 4349 4356 4355
f 4349 4355 4350
f 3086 4352 4351
f 3086 4351 3087
f 4345 4359 4358
f 4345 4358 4346
f 4345 4348 4374
f 4345 4374 4373
f 4341 4372 4375
f 4341 4375 4342
f 4341 4344 4355
f 4341 4355 4354
f 4339 4347 4346
f 4339 4346 4340
f 4337 4340 4370
f 4337 4370 4369
f 4335 4338 4337
f 4335 4337 4336
f 4333 4336 4366
f 4333 4366 4365
f 4331 4334 4333
f 4331 4333 4332
f 4329 4332 4362
f 4329 4362 4361
f 4327 4344 4343
f 4327 4343 4328
f 4326 4351 4350
f 4326 4350 4327
f 3082 4326 4325
f 3082 4325 3083
f 4297 4296 4330
f 4297 4330 4329
f 4055 4357 4360
f 4055 4360 4056
f 4012 4217 4377
f 4012 4377 4376
f 4289 4290 4368
f 4289 4368 4371
f 4293 4294 4361
f 4293 4361 4363
f 4291 4292 4364
f 4291 4364 4367
f 4328 4343 4381
f 4328 4381 4382
f 4342 4383 4381
f 4342 4381 4343
f 4325 4328 4382
f 4325 4382 4384
f 3083 4325 4384
f 3083 4384 3092
f 4348 4385 4386
f 4348 4386 4374
f 4374 4386 4387
f 4374 4387 4375
f 4347 4388 4385
f 4347 4385 4348
f 4331 4389 4390
f 4331 4390 4334
f 4334 4390 4391
f 4334 4391 4335
f 4330 4392 4389
f 4330 4389 4331
f 4335 4391 4393
f 4335 4393 4338
f 4338 4393 4394
f 4338 4394 4339
f 4342 4375 4387
f 4342 4387 4383
f 4296 4298 4392
f 4296 4392 4330
f 4339 4394 4388
f 4339 4388 4347
f 4295 4297 4329
f 4295 4329 4361
f 4010 4379 4353
f 4010 4353 4190
f 4190 4353 4356
f 4190 4356 4223
f 4223 4356 4349
f 4223 4349 4323
f 4323 4349 4352
f 4323 4352 4324
f 4324 4352 3086
f 4324 3086 3073
f 4395 4396 4397
f 4395 4397 4398
f 4397 4399 4400
f 4397 4400 4398
f 4399 4401 4402
f 4399 4402 4400
f 4395 4403 4396
f 4401 4404 4402
f 3093 4405 3094
f 4406 4407 4408
f 4406 4408 4409
f 4410 4411 4412
f 4410 4412 4413
f 4414 4415 4416
f 4414 4416 4417
f 4418 4419 4420
f 4418 4420 4421
f 4422 4423 4424
f 4422 4424 4425
f 4426 4427 4428
f 4426 4428 4429
f 4430 4431 4432
f 4430 4432 4433
f 4434 4435 4436
f 4434 4436 4437
f 4438 4439 4440
f 4438 4440 4441
f 4442 4443 4444
f 4442 4444 4445
f 4446 4447 4448
f 4446 4448 4449
f 4450 4451 4452
f 4450 4452 4453
f 4448 4454 4451
f 4444 4455 4447
f 4440 4456 4443
f 4436 4457 4439
f 4432 4458 4435
f 4428 4459 4431
f 4424 4460 4427
f 4420 4461 4423
f 4416 4462 4419
f 4412 4463 4415
f 4407 4452 4464
f 4413 4414 4465
f 4413 4465 4466
f 4406 4467 4468
f 4406 4468 4453
f 4449 4450 4469
f 4449 4469 4470
f 4445 4446 4471
f 4445 4471 4472
f 4441 4442 4473
f 4441 4473 4474
f 4437 4438 4475
f 4437 4475 4476
f 4429 4430 4477
f 4429 4477 4478
f 4425 4426 4479
f 4425 4479 4480
f 4421 4422 4481
f 4421 4481 4482
f 4417 4418 4483
f 4417 4483 4484
f 4450 4453 4468
f 4450 4468 4469
f 4448 4451 4450
f 4448 4450 4449
f 4446 4449 4470
f 4446 4470 4471
f 4444 4447 4446
f 4444 4446 4445
f 4442 4445 4472
f 4442 4472 4473
f 4440 4443 4442
f 4440 4442 4441
f 4438 4441 4474
f 4438 4474 4475
f 4436 4439 4438
f 4436 4438 4437
f 4434 4437 4476
f 4434 4476 4485
f 4432 4435 4434
f 4432 4434 4433
f 4430 4433 4486
f 4430 4486 4477
f 4428 4431 4430
f 4428 4430 4429
f 4426 4429 4478
f 4426 4478 4479
f 4424 4427 4426
f 4424 4426 4425
f 4422 4425 4480
f 4422 4480 4481
f 4420 4423 4422
f 4420 4422 4421
f 4418 4421 4482
f 4418 4482 4483
f 4416 4419 4418
f 4416 4418 4417
f 4414 4417 4484
f 4414 4484 4465
f 4412 4415 4414
f 4412 4414 4413
f 4410 4413 4466
f 4410 4466 4487
f 4406 4453 4452
f 4406 4452 4407
f 4406 4409 4488
f 4406 4488 4467
f 4407 4464 4489
f 4407 4489 4408
f 4451 4454 4464
f 4451 4464 4452
f 4447 4455 4454
f 4447 4454 4448
f 4443 4456 4455
f 4443 4455 4444
f 4439 4457 4456
f 4439 4456 4440
f 4435 4458 4457
f 4435 4457 4436
f 4431 4459 4458
f 4431 4458 4432
f 4427 4460 4459
f 4427 4459 4428
f 4423 4461 4460
f 4423 4460 4424
f 4419 4462 4461
f 4419 4461 4420
f 4415 4463 4462
f 4415 4462 4416
f 4411 4490 4463
f 4411 4463 4412
f 3272 3271 4488
f 3272 4488 4409
f 3272 4409 4408
f 3272 4408 3273
f 3275 3274 4410
f 3275 4410 4487
f 3274 3276 4411
f 3274 4411 4410
f 3273 4408 4489
f 3273 4489 3277
f 3277 4489 4490
f 3277 4490 3278
f 3276 3278 4490
f 3276 4490 4411
f 4491 4492 4493
f 4491 4493 4494
f 4495 4496 4497
f 4495 4497 4498
f 4499 4500 4501
f 4499 4501 4502
f 4503 4504 4505
f 4506 4507 4508
f 4506 4508 4509
f 4510 4511 4512
f 4513 4514 4515
f 4516 4517 4518
f 4516 4518 4519
f 4520 4521 4522
f 4523 4524 4525
f 4523 4525 4526
f 4527 4528 4529
f 4493 4529 4523
f 4493 4523 4516
f 4498 4522 4524
f 4498 4524 4528
f 4492 4509 4503
f 4492 4503 4527
f 4491 4502 4512
f 4491 4512 4506
f 4494 4519 4513
f 4494 4513 4499
f 4523 4529 4528
f 4523 4528 4524
f 4521 4525 4524
f 4521 4524 4522
f 4516 4523 4526
f 4516 4526 4517
f 4513 4519 4518
f 4513 4518 4514
f 4506 4512 4511
f 4506 4511 4507
f 4503 4509 4508
f 4503 4508 4504
f 4499 4513 4515
f 4499 4515 4500
f 4501 4510 4512
f 4501 4512 4502
f 4495 4503 4505
f 4495 4505 4496
f 4497 4520 4522
f 4497 4522 4498
f 4495 4498 4528
f 4495 4528 4527
f 4491 4506 4509
f 4491 4509 4492
f 4492 4527 4529
f 4492 4529 4493
f 4493 4516 4519
f 4493 4519 4494
f 4491 4494 4499
f 4491 4499 4502
f 4495 4527 4503
f 4530 4531 4532
f 4530 4532 4533
f 4534 4535 4536
f 4534 4536 4537
f 4538 4539 4540
f 4541 4542 4543
f 4541 4543 4544
f 4545 4546 4547
f 4545 4547 4548
f 4549 4550 4551
f 4549 4551 4552
f 4553 4554 4555
f 4553 4555 4556
f 4557 4558 4559
f 4557 4559 4560
f 4561 4562 4563
f 4561 4563 4564
f 4565 4566 4567
f 4565 4567 4568
f 4569 4570 4571
f 4569 4571 4572
f 4573 4574 4575
f 4573 4575 4576
f 4577 4578 4579
f 4577 4579 4580
f 4581 4582 4583
f 4581 4583 4584
f 4585 4586 4587
f 4585 4587 4588
f 4589 4590 4591
f 4589 4591 4592
f 4593 4594 4595
f 4596 4597 4598
f 4599 4600 4601
f 4599 4601 4602
f 4603 4604 4605
f 4603 4605 4606
f 4607 4608 4609
f 4607 4609 4610
f 4611 4612 4613
f 4611 4613 4614
f 4615 4616 4617
f 4615 4617 4618
f 4619 4620 4621
f 4619 4621 4622
f 4623 4624 4625
f 4623 4625 4626
f 4627 4628 4629
f 4627 4629 4630
f 4631 4632 4633
f 4631 4633 4634
f 4635 4636 4637
f 4635 4637 4638
f 4639 4640 4641
f 4639 4641 4642
f 4643 4644 4645
f 4643 4645 4646
f 4647 4648 4649
f 4647 4649 4650
f 4651 4652 4653
f 4651 4653 4654
f 4655 4656 4657
f 4655 4657 4658
f 4659 4660 4661
f 4659 4661 4662
f 4663 4664 4665
f 4666 4667 4668
f 4666 4668 4669
f 4670 4671 4672
f 4670 4672 4673
f 4674 4675 4676
f 4674 4676 4677
f 4678 4679 4680
f 4678 4680 4681
f 4682 4683 4684
f 4682 4684 4685
f 4686 4687 4688
f 4686 4688 4689
f 4690 4691 4692
f 4690 4692 4693
f 4694 4695 4696
f 4694 4696 4697
f 4698 4699 4700
f 4698 4700 4701
f 3102 3103 4702
f 3102 4702 4703
f 4704 4705 4706
f 4704 4706 4707
f 4708 4709 4710
f 4708 4710 4711
f 4712 4713 4714
f 4712 4714 4715
f 4716 4717 4718
f 4716 4718 4719
f 4720 4721 4722
f 4720 4722 4723
f 4724 4725 4726
f 4724 4726 4727
f 4728 4729 4730
f 4728 4730 4731
f 4732 4733 4734
f 4732 4734 4735
f 4736 4737 4738
f 4736 4738 4739
f 4740 4741 4742
f 4740 4742 4743
f 4744 4745 4746
f 4744 4746 4747
f 4748 4749 4750
f 4751 4752 4753
f 4751 4753 4754
f 4755 4756 4757
f 4755 4757 4758
f 4757 4759 4758
f 4717 4760 4761
f 4717 4761 4718
f 4762 4763 4764
f 4762 4764 4765
f 4766 4767 4768
f 4766 4768 4769
f 4770 4771 4772
f 4770 4772 4773
f 4774 4775 4776
f 4777 4778 4779
f 4777 4779 4780
f 4781 4782 4783
f 4781 4783 4784
f 4785 4786 4787
f 4785 4787 4788
f 4789 4790 4791
f 4789 4791 4792
f 4793 4794 4795
f 4796 4797 4798
f 4796 4798 4799
f 4800 4801 4802
f 4800 4802 4803
f 4804 4805 4806
f 4804 4806 4807
f 4808 4809 4810
f 4808 4810 4811
f 4812 4813 4814
f 4812 4814 4815
f 4816 4817 4818
f 4816 4818 4819
f 4820 4821 4822
f 4820 4822 4823
f 4824 4825 4826
f 4824 4826 4827
f 4828 4829 4830
f 4828 4830 4831
f 4832 4833 4834
f 4832 4834 4835
f 4836 4837 4838
f 4836 4838 4839
f 4840 4841 4842
f 4840 4842 4843
f 4844 4845 4846
f 4844 4846 4847
f 4848 4849 4850
f 4848 4850 4851
f 4852 4853 4854
f 4852 4854 4855
f 4856 4857 4858
f 4856 4858 4859
f 4860 4861 4862
f 4860 4862 4863
f 4864 4865 4866
f 4864 4866 4867
f 4868 4869 4870
f 4868 4870 4871
f 4872 4873 4874
f 4872 4874 4875
f 4876 4877 4878
f 4876 4878 4879
f 4880 4881 4882
f 4880 4882 4883
f 4884 4885 4886
f 4884 4886 4887
f 4888 4889 4890
f 4891 4892 4893
f 4894 4895 4896
f 4894 4896 4897
f 4898 4899 4900
f 4898 4900 4901
f 4902 4903 4904
f 4902 4904 4905
f 4906 4907 4908
f 4906 4908 4909
f 4910 4911 4912
f 4910 4912 4913
f 4914 4915 4916
f 4914 4916 4917
f 4918 4919 4920
f 4918 4920 4921
f 4922 4923 4924
f 4922 4924 4925
f 4926 4927 4928
f 4926 4928 4929
f 4930 4931 4932
f 4930 4932 4933
f 4934 4935 4936
f 4934 4936 4937
f 4938 4939 4940
f 4941 4942 4943
f 4941 4943 4944
f 4945 4946 4947
f 4945 4947 4948
f 4945 4949 4950
f 4945 4950 4946
f 4951 4952 4953
f 4954 4955 4956
f 4954 4956 4957
f 4958 4959 4960
f 4958 4960 4961
f 4962 4963 4964
f 4962 4964 4965
f 4966 4967 4968
f 4966 4968 4969
f 4970 4971 4972
f 4970 4972 4973
f 4974 4975 4976
f 4974 4976 4977
f 4465 4484 4978
f 4465 4978 4979
f 4482 4980 4981
f 4482 4981 4483
f 4480 4982 4983
f 4480 4983 4481
f 4478 4984 4985
f 4478 4985 4479
f 4477 4486 4986
f 4477 4986 4987
f 4988 4989 4990
f 4474 4991 4992
f 4474 4992 4475
f 4472 4993 4994
f 4472 4994 4473
f 4470 4995 4996
f 4470 4996 4471
f 4468 4997 4998
f 4468 4998 4469
f 4999 5000 5001
f 5002 5003 5004
f 5005 5006 5007
f 5005 5007 5008
f 5009 5010 5011
f 5009 5011 5012
f 5013 5014 5015
f 5013 5015 5016
f 5017 5018 5019
f 5017 5019 5020
f 4467 4488 5021
f 4467 5021 5022
f 5023 5024 5025
f 5023 5025 5026
f 5027 5028 5029
f 5027 5029 5030
f 5031 5032 5033
f 5031 5033 5034
f 5035 5036 5037
f 5035 5037 5038
f 5039 5040 5041
f 5039 5041 5042
f 5043 5044 5045
f 5043 5045 5046
f 5047 5048 5049
f 5047 5049 5050
f 5051 5052 5053
f 5051 5053 5054
f 5055 5056 5057
f 5055 5057 5058
f 5059 5060 5061
f 5059 5061 5062
f 5063 5064 5065
f 5063 5065 5066
f 5067 5068 5069
f 5067 5069 5070
f 5071 5072 5073
f 5071 5073 5074
f 5075 5076 5077
f 5075 5077 5078
f 5079 5080 5081
f 5079 5081 5082
f 5083 5084 5085
f 5083 5085 5086
f 5087 5088 5089
f 5087 5089 5090
f 5091 5092 5093
f 5091 5093 5094
f 5095 5096 5097
f 5095 5097 5098
f 5099 5100 5101
f 5099 5101 5102
f 5103 5104 5105
f 5103 5105 5106
f 5107 5108 5109
f 5110 5111 5112
f 5110 5112 5113
f 5114 5115 5116
f 5114 5116 5117
f 5118 5119 5120
f 5118 5120 5121
f 5122 5123 5124
f 5122 5124 5125
f 5126 5127 5128
f 5126 5128 5129
f 5130 5131 5132
f 5130 5132 5133
f 5134 5135 5136
f 5137 5138 5139
f 5137 5139 5140
f 5141 5142 5143
f 5141 5143 5144
f 5145 5146 5147
f 5145 5147 5148
f 5149 5150 5151
f 5149 5151 5152
f 5153 5154 5155
f 5153 5155 5156
f 5157 5158 5159
f 5157 5159 5160
f 5161 5162 5163
f 5161 5163 5164
f 5165 5166 5167
f 5168 5169 5170
f 5168 5170 5171
f 5172 5173 5174
f 5172 5174 5175
f 5176 5177 5178
f 5176 5178 5179
f 5180 5181 5182
f 5180 5182 5183
f 5184 5185 5186
f 5187 5188 5189
f 5187 5189 5190
f 5191 5192 5193
f 5191 5193 5194
f 5195 5196 5197
f 5195 5197 5198
f 5199 5200 5201
f 5199 5201 5202
f 5203 5204 5205
f 5203 5205 5206
f 5207 5208 5209
f 5207 5209 5210
f 5211 5212 5213
f 5211 5213 5214
f 5215 5216 5217
f 5218 5219 5220
f 5218 5220 5221
f 5222 5223 5224
f 4466 5225 5226
f 4466 5226 4487
f 5227 5228 5229
f 5227 5229 5230
f 5231 5232 5233
f 5231 5233 5234
f 5235 5236 5237
f 5235 5237 5238
f 5239 5240 5241
f 5239 5241 5242
f 5243 5244 5245
f 5243 5245 5246
f 5247 5248 5249
f 5247 5249 5250
f 5251 5252 5253
f 5251 5253 5254
f 5255 5256 5257
f 5255 5257 5258
f 5259 5260 5261
f 5259 5261 5262
f 5263 5264 5265
f 5266 5267 5268
f 5266 5268 5269
f 5270 5271 5272
f 5270 5272 5273
f 5274 5275 5276
f 5274 5276 5277
f 4476 5278 5279
f 4476 5279 4485
f 5280 5281 5282
f 5280 5282 5283
f 5284 5285 5286
f 5284 5286 5287
f 5288 5289 5290
f 5288 5290 5291
f 5292 5293 5294
f 5292 5294 5295
f 5296 5297 5298
f 5296 5298 5299
f 5300 5301 5302
f 5300 5302 5303
f 5304 5305 5306
f 5304 5306 5307
f 5308 5309 5310
f 5308 5310 5311
f 5312 5313 5314
f 5312 5314 5315
f 5316 5317 5318
f 5316 5318 5319
f 5320 5321 5322
f 5320 5322 5323
f 5324 5325 5326
f 5324 5326 5327
f 5328 5329 5330
f 5331 5332 5333
f 5331 5333 5334
f 5335 5336 5337
f 5335 5337 5338
f 5339 5340 5341
f 5169 5342 5343
f 5169 5343 5170
f 5173 5344 5345
f 5173 5345 5174
f 5177 5346 5347
f 5177 5347 5178
f 5181 5348 5349
f 5181 5349 5182
f 4402 4404 5350
f 4402 5350 5351
f 5352 5353 5354
f 5352 5354 5355
f 5356 5357 5358
f 5356 5358 5359
f 4398 4400 5360
f 4398 5360 5361
f 4395 5362 5363
f 4395 5363 4403
f 5364 5365 5366
f 5364 5366 5367
f 5368 5369 5370
f 5368 5370 5371
f 5235 5238 5372
f 5235 5372 5373
f 4783 4825 4824
f 4783 4824 4784
f 4637 5374 5375
f 4637 5375 4640
f 4640 5375 5376
f 4640 5376 4641
f 4641 5376 5377
f 4641 5377 4644
f 4644 5377 5378
f 4644 5378 4645
f 4645 5378 5379
f 4645 5379 4648
f 4648 5379 5380
f 4648 5380 4649
f 4649 5380 5381
f 4649 5381 4652
f 4652 5381 5382
f 4652 5382 4653
f 4628 4653 5382
f 4628 5382 5383
f 4628 5383 5384
f 4628 5384 4629
f 4629 5384 5385
f 4629 5385 4632
f 4632 5385 5386
f 4632 5386 4633
f 4633 5386 5387
f 4633 5387 4636
f 4636 5387 5374
f 4636 5374 4637
f 4817 5388 4818
f 4820 4823 5389
f 4820 5389 5390
f 4817 4820 5390
f 4817 5390 5388
f 4530 4853 5368
f 4530 5368 4672
f 4673 5371 5364
f 4673 5364 5284
f 4819 5285 5367
f 4819 5367 5363
f 4816 5362 5361
f 4816 5361 4821
f 4761 5359 5352
f 4761 5352 5190
f 4822 5360 5351
f 4822 5351 5321
f 5181 5322 5350
f 5177 5182 5349
f 5177 5349 5346
f 5173 5178 5347
f 5173 5347 5344
f 5169 5174 5345
f 5169 5345 5342
f 5170 5343 5236
f 5170 5236 5235
f 5294 5344 5347
f 5294 5347 5334
f 5331 5346 5349
f 5331 5349 5338
f 4404 4829 5335
f 4404 5335 5348
f 4876 5391 5392
f 4795 5303 5292
f 4795 5292 4799
f 4840 5291 5365
f 4840 5365 5370
f 4670 5287 4769
f 4670 4769 5283
f 4685 5315 5318
f 4685 5318 4962
f 4678 4969 5319
f 4678 5319 5314
f 4707 5308 5278
f 4707 5278 4992
f 4684 4708 5310
f 4684 5310 5312
f 4679 5313 5309
f 4679 5309 4706
f 5242 5297 5302
f 5242 5302 5270
f 4552 5277 4793
f 4552 4793 4798
f 4517 4526 5274
f 4517 5274 4551
f 5058 5059 5393
f 5058 5393 5266
f 5055 5269 5263
f 5055 5263 5124
f 4790 5230 5225
f 4790 5225 4979
f 4789 5194 5234
f 4789 5234 5227
f 5171 5373 5231
f 5171 5231 5193
f 5236 5343 5298
f 5236 5298 5241
f 4928 5246 5271
f 4928 5271 5301
f 4922 5250 5243
f 4922 5243 4927
f 4925 4933 5254
f 4925 5254 5247
f 4918 5258 5251
f 4918 5251 4932
f 4904 5262 5255
f 4904 5255 4921
f 4903 4908 5024
f 4903 5024 5259
f 4759 5217 5211
f 4759 5211 4949
f 4827 4950 5214
f 4827 5214 5207
f 4784 4824 5210
f 4784 5210 5203
f 4792 5017 5198
f 4792 5198 5191
f 4785 5202 5195
f 4785 5195 5020
f 4781 5206 5199
f 4781 5199 4788
f 5187 5355 5212
f 5187 5212 5216
f 5184 5208 5213
f 5184 5213 5354
f 5168 5192 5197
f 5168 5197 5175
f 5172 5196 5201
f 5172 5201 5179
f 5176 5200 5205
f 5176 5205 5183
f 5180 5204 5209
f 5180 5209 5186
f 5159 5219 5162
f 5155 5220 5158
f 5151 5394 5221
f 5151 5221 5154
f 5147 5395 5150
f 5143 5396 5146
f 5139 5397 5142
f 5138 5163 5218
f 5138 5218 5398
f 5004 5265 5118
f 5053 5082 5129
f 5053 5129 5122
f 5081 5109 5133
f 5081 5133 5126
f 5112 5160 5161
f 5112 5161 5115
f 5111 5131 5156
f 5111 5156 5157
f 5105 5152 5108
f 5101 5148 5149
f 5101 5149 5104
f 5097 5144 5145
f 5097 5145 5100
f 5093 5140 5141
f 5093 5141 5096
f 5092 5116 5164
f 5092 5164 5137
f 5085 5113 5114
f 5085 5114 5088
f 5084 5127 5132
f 5084 5132 5110
f 5077 5106 5107
f 5077 5107 5080
f 5073 5102 5103
f 5073 5103 5076
f 5069 5098 5099
f 5069 5099 5072
f 5065 5094 5095
f 5065 5095 5068
f 5064 5089 5117
f 5064 5117 5091
f 5057 5086 5087
f 5057 5087 5060
f 5056 5123 5128
f 5056 5128 5083
f 5049 5078 5079
f 5049 5079 5052
f 5045 5074 5075
f 5045 5075 5048
f 5041 5070 5071
f 5041 5071 5044
f 5037 5066 5067
f 5037 5067 5040
f 5036 5061 5090
f 5036 5090 5063
f 4662 5399 5400
f 4662 5400 5134
f 4907 4910 5030
f 4907 5030 5025
f 4913 4914 5034
f 4913 5034 5027
f 4917 5013 5305
f 4917 5305 5031
f 4999 5223 5401
f 4667 5402 5224
f 4667 5224 5001
f 4690 4957 4951
f 4690 4951 4697
f 4686 4961 4954
f 4686 4954 4693
f 4682 4965 4958
f 4682 4958 4689
f 4674 4973 4966
f 4674 4966 4681
f 4677 4936 4977
f 4677 4977 4970
f 4935 4997 5022
f 4935 5022 4974
f 4621 4650 4651
f 4621 4651 4624
f 4617 4646 4647
f 4617 4647 4620
f 4613 4642 4643
f 4613 4643 4616
f 4609 4638 4639
f 4609 4639 4612
f 4605 4634 4635
f 4605 4635 4608
f 4601 4630 4631
f 4601 4631 4604
f 4600 4625 4654
f 4600 4654 4627
f 4591 4622 4623
f 4591 4623 4594
f 4587 4618 4619
f 4587 4619 4590
f 4583 4614 4615
f 4583 4615 4586
f 4579 4610 4611
f 4579 4611 4582
f 4575 4606 4607
f 4575 4607 4578
f 4574 4597 4602
f 4574 4602 4603
f 4758 4759 4949
f 4758 4949 4945
f 4676 4944 4938
f 4676 4938 4937
f 4675 4680 4705
f 4675 4705 4941
f 4939 4943 4993
f 4939 4993 4996
f 4755 4948 4986
f 4755 4986 4988
f 4507 4511 4570
f 4507 4570 4567
f 4504 4508 4566
f 4504 4566 4563
f 4496 4505 4562
f 4496 4562 4559
f 4497 4558 4555
f 4497 4555 4520
f 4521 4554 5275
f 4521 5275 4525
f 4514 4518 4550
f 4514 4550 4547
f 4500 4515 4546
f 4500 4546 4543
f 4501 4542 4571
f 4501 4571 4510
f 4560 4561 4930
f 4560 4930 4924
f 4556 4557 4923
f 4556 4923 4926
f 4538 4902 4901
f 4538 4901 4894
f 4540 5326 4911
f 4540 4911 4906
f 4539 4897 5403
f 4539 5403 5327
f 4912 5325 5330
f 4912 5330 5341
f 4592 4593 4890
f 4592 4890 4884
f 4588 4589 4887
f 4588 4887 4880
f 4584 4585 4883
f 4584 4883 4878
f 4580 4581 4877
f 4580 4877 4892
f 4873 5014 4916
f 4873 4916 5340
f 4879 4882 5339
f 4879 5339 5329
f 4868 4875 4881
f 4868 4881 4886
f 4537 4869 4885
f 4537 4885 4889
f 4865 5015 4872
f 4865 4872 4871
f 4536 4863 4866
f 4536 4866 4870
f 4573 4844 4851
f 4573 4851 4598
f 4576 4577 4891
f 4576 4891 4845
f 4842 4846 4893
f 4842 4893 5404
f 4842 5404 5405
f 4842 5405 4843
f 4833 4838 4895
f 4833 4895 4900
f 4399 4835 4830
f 4399 4830 4401
f 4396 4839 4832
f 4396 4832 4397
f 4812 4898 4905
f 4812 4905 4920
f 4564 4565 4813
f 4564 4813 4931
f 4815 4831 4834
f 4815 4834 4899
f 4568 4569 4809
f 4568 4809 4814
f 4541 4805 4810
f 4541 4810 4572
f 4544 4545 4801
f 4544 4801 4806
f 4548 4549 4797
f 4548 4797 4802
f 4553 4929 4794
f 4553 4794 5276
f 5293 5299 5342
f 5293 5342 5345
f 4791 4978 4981
f 4791 4981 5018
f 4796 5295 5333
f 4796 5333 4803
f 4786 5019 4980
f 4786 4980 4983
f 4804 5336 4828
f 4804 4828 4811
f 4800 5332 5337
f 4800 5337 4807
f 4782 4787 4982
f 4782 4982 4985
f 4533 4778 4857
f 4533 4857 4854
f 4532 4771 4775
f 4532 4775 4779
f 4765 5388 5390
f 4765 5390 5357
f 5353 5358 5406
f 5353 5406 5407
f 4826 4947 4946
f 4752 5002 5121
f 4752 5121 5007
f 4753 5006 5011
f 4753 5011 4864
f 4749 5050 5051
f 4749 5051 5003
f 4754 4867 4862
f 4754 4862 5166
f 4746 5408 4861
f 4746 4861 4859
f 4742 4747 4858
f 4742 4858 4777
f 4743 4780 4774
f 4743 4774 5409
f 5410 5411 5412
f 5410 5412 5413
f 5414 5415 5416
f 5414 5416 5417
f 4725 4730 5418
f 4725 5418 4768
f 4721 4726 4767
f 4721 4767 4763
f 4717 4722 5419
f 4717 5419 4760
f 4713 4718 4761
f 4713 4761 5189
f 4714 5188 5215
f 4714 5215 5420
f 4699 4702 4731
f 4699 4731 4724
f 4695 4700 4727
f 4695 4727 4720
f 4691 4696 4723
f 4691 4723 4716
f 4687 4692 4719
f 4687 4719 4712
f 4683 4688 4715
f 4683 4715 4709
f 4704 4991 4994
f 4704 4994 4942
f 4934 4940 4995
f 4934 4995 4998
f 4764 4766 5286
f 4764 5286 4818
f 4531 4671 5282
f 4531 5282 4772
f 4848 5369 4852
f 4403 5366 5290
f 4403 5290 4836
f 4661 4665 5421
f 4661 5421 5422
f 4657 5423 5424
f 4657 5424 4745
f 4658 4744 5425
f 4658 5425 5426
f 4736 5427 5428
f 4736 5428 4740
f 5364 5371 5370
f 5364 5370 5365
f 4403 5363 5367
f 4403 5367 5366
f 4395 4398 5361
f 4395 5361 5362
f 5352 5359 5358
f 5352 5358 5353
f 4400 4402 5351
f 4400 5351 5360
f 4404 5348 5181
f 4404 5181 5350
f 5335 5338 5349
f 5335 5349 5348
f 5331 5338 5337
f 5331 5337 5332
f 5331 5334 5347
f 5331 5347 5346
f 5329 5339 5341
f 5329 5341 5330
f 5324 5328 5330
f 5324 5330 5325
f 5321 5351 5350
f 5321 5350 5322
f 5314 5319 5318
f 5314 5318 5315
f 5309 5313 5312
f 5309 5312 5310
f 5296 5303 5302
f 5296 5302 5297
f 5298 5343 5342
f 5298 5342 5299
f 5292 5296 5299
f 5292 5299 5293
f 5293 5345 5344
f 5293 5344 5294
f 5294 5334 5333
f 5294 5333 5295
f 5290 5366 5365
f 5290 5365 5291
f 5284 5364 5367
f 5284 5367 5285
f 5278 5308 5311
f 5278 5311 5279
f 5270 5302 5301
f 5270 5301 5271
f 5266 5393 5429
f 5266 5429 5267
f 5263 5269 5268
f 5263 5268 5264
f 5255 5262 5261
f 5255 5261 5256
f 5251 5258 5257
f 5251 5257 5252
f 5247 5254 5253
f 5247 5253 5248
f 5243 5250 5249
f 5243 5249 5244
f 5245 5272 5271
f 5245 5271 5246
f 5241 5298 5297
f 5241 5297 5242
f 5239 5242 5270
f 5239 5270 5273
f 5236 5241 5240
f 5236 5240 5237
f 5231 5373 5372
f 5231 5372 5232
f 5227 5234 5233
f 5227 5233 5228
f 5225 5230 5229
f 5225 5229 5226
f 5393 5401 5429
f 5222 5429 5401
f 5222 5401 5223
f 5211 5217 5216
f 5211 5216 5212
f 5212 5355 5354
f 5212 5354 5213
f 5207 5214 5213
f 5207 5213 5208
f 5203 5210 5209
f 5203 5209 5204
f 5199 5206 5205
f 5199 5205 5200
f 5195 5202 5201
f 5195 5201 5196
f 5191 5198 5197
f 5191 5197 5192
f 5193 5231 5234
f 5193 5234 5194
f 5187 5216 5215
f 5187 5215 5188
f 5187 5190 5352
f 5187 5352 5355
f 5184 5354 5353
f 5184 5353 5407
f 5185 5320 5323
f 5185 5323 5186
f 5184 5186 5209
f 5184 5209 5208
f 5180 5323 5322
f 5180 5322 5181
f 5180 5183 5205
f 5180 5205 5204
f 5176 5183 5182
f 5176 5182 5177
f 5176 5179 5201
f 5176 5201 5200
f 5172 5179 5178
f 5172 5178 5173
f 5172 5175 5197
f 5172 5197 5196
f 5168 5175 5174
f 5168 5174 5169
f 5170 5235 5373
f 5170 5373 5171
f 5168 5171 5193
f 5168 5193 5192
f 5162 5219 5218
f 5162 5218 5163
f 5158 5220 5219
f 5158 5219 5159
f 5159 5162 5161
f 5159 5161 5160
f 5154 5221 5220
f 5154 5220 5155
f 5155 5158 5157
f 5155 5157 5156
f 5151 5154 5153
f 5151 5153 5152
f 5147 5150 5149
f 5147 5149 5148
f 5143 5146 5145
f 5143 5145 5144
f 5137 5164 5163
f 5137 5163 5138
f 5139 5142 5141
f 5139 5141 5140
f 5130 5153 5156
f 5130 5156 5131
f 5126 5133 5132
f 5126 5132 5127
f 5122 5129 5128
f 5122 5128 5123
f 5124 5263 5265
f 5124 5265 5125
f 5118 5265 5264
f 5118 5264 5119
f 5115 5161 5164
f 5115 5164 5116
f 5110 5132 5131
f 5110 5131 5111
f 5111 5157 5160
f 5111 5160 5112
f 5112 5115 5114
f 5112 5114 5113
f 5108 5130 5133
f 5108 5133 5109
f 5104 5149 5152
f 5104 5152 5105
f 5105 5108 5107
f 5105 5107 5106
f 5100 5145 5148
f 5100 5148 5101
f 5101 5104 5103
f 5101 5103 5102
f 5096 5141 5144
f 5096 5144 5097
f 5097 5100 5099
f 5097 5099 5098
f 5091 5117 5116
f 5091 5116 5092
f 5092 5137 5140
f 5092 5140 5093
f 5093 5096 5095
f 5093 5095 5094
f 5088 5114 5117
f 5088 5117 5089
f 5083 5128 5127
f 5083 5127 5084
f 5084 5110 5113
f 5084 5113 5085
f 5085 5088 5087
f 5085 5087 5086
f 5080 5107 5109
f 5080 5109 5081
f 5081 5126 5129
f 5081 5129 5082
f 5076 5103 5106
f 5076 5106 5077
f 5077 5080 5079
f 5077 5079 5078
f 5072 5099 5102
f 5072 5102 5073
f 5073 5076 5075
f 5073 5075 5074
f 5068 5095 5098
f 5068 5098 5069
f 5069 5072 5071
f 5069 5071 5070
f 5063 5090 5089
f 5063 5089 5064
f 5064 5091 5094
f 5064 5094 5065
f 5065 5068 5067
f 5065 5067 5066
f 5060 5087 5090
f 5060 5090 5061
f 5059 5062 5401
f 5059 5401 5393
f 5055 5124 5123
f 5055 5123 5056
f 5056 5083 5086
f 5056 5086 5057
f 5057 5060 5059
f 5057 5059 5058
f 5055 5058 5266
f 5055 5266 5269
f 5052 5079 5082
f 5052 5082 5053
f 5053 5122 5125
f 5053 5125 5054
f 5048 5075 5078
f 5048 5078 5049
f 5049 5052 5051
f 5049 5051 5050
f 5044 5071 5074
f 5044 5074 5045
f 5045 5048 5047
f 5045 5047 5046
f 5040 5067 5070
f 5040 5070 5041
f 5041 5044 5043
f 5041 5043 5042
f 5035 5062 5061
f 5035 5061 5036
f 5036 5063 5066
f 5036 5066 5037
f 5037 5040 5039
f 5037 5039 5038
f 5031 5305 5304
f 5031 5304 5032
f 5027 5034 5033
f 5027 5033 5028
f 5023 5260 5259
f 5023 5259 5024
f 5025 5030 5029
f 5025 5029 5026
f 5017 5020 5195
f 5017 5195 5198
f 5013 5016 5306
f 5013 5306 5305
f 5009 5016 5015
f 5009 5015 5010
f 5005 5012 5011
f 5005 5011 5006
f 5007 5121 5120
f 5007 5120 5008
f 5003 5051 5054
f 5003 5054 5004
f 5002 5004 5118
f 5002 5118 5121
f 5138 5398 5397
f 5138 5397 5139
f 5218 5221 5394
f 5218 5394 5398
f 5150 5395 5394
f 5150 5394 5151
f 5146 5396 5395
f 5146 5395 5147
f 5142 5397 5396
f 5142 5396 5143
f 4999 5035 5038
f 4999 5038 5000
f 4999 5001 5224
f 4999 5224 5223
f 4467 5022 4997
f 4467 4997 4468
f 4470 4469 4998
f 4470 4998 4995
f 4472 4471 4996
f 4472 4996 4993
f 4476 4475 4992
f 4476 4992 5278
f 4474 4473 4994
f 4474 4994 4991
f 4485 5279 4990
f 4485 4990 4989
f 4486 4989 4988
f 4486 4988 4986
f 4478 4477 4987
f 4478 4987 4984
f 4480 4479 4985
f 4480 4985 4982
f 4482 4481 4983
f 4482 4983 4980
f 4981 4980 5019
f 4981 5019 5018
f 4466 4465 4979
f 4466 4979 5225
f 4484 4483 4981
f 4484 4981 4978
f 4974 5022 5021
f 4974 5021 4975
f 4970 4977 4976
f 4970 4976 4971
f 4966 4973 4972
f 4966 4972 4967
f 4968 5316 5319
f 4968 5319 4969
f 4962 5318 5317
f 4962 5317 4963
f 4958 4965 4964
f 4958 4964 4959
f 4954 4961 4960
f 4954 4960 4955
f 4951 4957 4956
f 4951 4956 4952
f 4949 5211 5214
f 4949 5214 4950
f 4947 4987 4986
f 4947 4986 4948
f 4942 4994 4993
f 4942 4993 4943
f 4938 4944 4943
f 4938 4943 4939
f 4939 4996 4995
f 4939 4995 4940
f 4934 4998 4997
f 4934 4997 4935
f 4935 4974 4977
f 4935 4977 4936
f 4934 4937 4938
f 4934 4938 4940
f 4932 5251 5254
f 4932 5254 4933
f 4927 5243 5246
f 4927 5246 4928
f 4928 5301 5300
f 4928 5300 4929
f 4922 4927 4926
f 4922 4926 4923
f 4924 4930 4933
f 4924 4933 4925
f 4922 4925 5247
f 4922 5247 5250
f 4918 4932 4931
f 4918 4931 4919
f 4918 4921 5255
f 4918 5255 5258
f 4915 5341 5340
f 4915 5340 4916
f 4916 5014 5013
f 4916 5013 4917
f 4914 4917 5031
f 4914 5031 5034
f 4911 5326 5325
f 4911 5325 4912
f 4912 4915 4914
f 4912 4914 4913
f 4910 4913 5027
f 4910 5027 5030
f 4906 4911 4910
f 4906 4910 4907
f 4907 5025 5024
f 4907 5024 4908
f 4902 4909 4908
f 4902 4908 4903
f 4903 5259 5262
f 4903 5262 4904
f 4904 4921 4920
f 4904 4920 4905
f 4898 4901 4902
f 4898 4902 4905
f 4894 4901 4900
f 4894 4900 4895
f 5403 5430 5431
f 5403 5431 5432
f 4884 4890 4889
f 4884 4889 4885
f 4880 4887 4886
f 4880 4886 4881
f 4876 5392 4892
f 4876 4892 4877
f 4878 4883 4882
f 4878 4882 4879
f 4876 4879 5329
f 4876 5329 5328
f 4872 5015 5014
f 4872 5014 4873
f 4873 5340 5339
f 4873 5339 4874
f 4874 4882 4881
f 4874 4881 4875
f 4868 4886 4885
f 4868 4885 4869
f 4868 4871 4872
f 4868 4872 4875
f 4864 5011 5010
f 4864 5010 4865
f 4865 4871 4870
f 4865 4870 4866
f 4861 5167 5166
f 4861 5166 4862
f 4862 4867 4866
f 4862 4866 4863
f 4856 4859 4861
f 4856 4861 4860
f 4852 5369 5368
f 4852 5368 4853
f 4854 4857 4856
f 4854 4856 4855
f 4848 4852 4855
f 4848 4855 4849
f 4845 4891 4893
f 4845 4893 4846
f 4844 4847 4848
f 4844 4848 4851
f 4840 5370 5369
f 4840 5369 4841
f 4841 4847 4846
f 4841 4846 4842
f 4840 4843 5288
f 4840 5288 5291
f 4837 4896 4895
f 4837 4895 4838
f 4396 4403 4836
f 4396 4836 4839
f 4832 4839 4838
f 4832 4838 4833
f 4833 4900 4899
f 4833 4899 4834
f 4397 4832 4835
f 4397 4835 4399
f 4828 5336 5335
f 4828 5335 4829
f 4401 4830 4829
f 4401 4829 4404
f 4830 4835 4834
f 4830 4834 4831
f 4826 4946 4950
f 4826 4950 4827
f 4824 4827 5207
f 4824 5207 5210
f 4821 5361 5360
f 4821 5360 4822
f 4823 5320 5406
f 4823 5406 5389
f 5357 5390 5389
f 5357 5389 5358
f 4816 4821 4820
f 4816 4820 4817
f 4818 5286 5285
f 4818 5285 4819
f 4816 4819 5363
f 4816 5363 5362
f 4812 4920 4919
f 4812 4919 4813
f 4812 4815 4899
f 4812 4899 4898
f 4808 4815 4814
f 4808 4814 4809
f 4808 4811 4828
f 4808 4828 4831
f 4804 4811 4810
f 4804 4810 4805
f 4804 4807 5337
f 4804 5337 5336
f 4800 4807 4806
f 4800 4806 4801
f 4800 4803 5333
f 4800 5333 5332
f 4796 4803 4802
f 4796 4802 4797
f 4796 4799 5292
f 4796 5292 5295
f 4793 5277 5276
f 4793 5276 4794
f 4794 5300 5303
f 4794 5303 4795
f 4793 4795 4799
f 4793 4799 4798
f 4789 5227 5230
f 4789 5230 4790
f 4790 4979 4978
f 4790 4978 4791
f 4791 5018 5017
f 4791 5017 4792
f 4789 4792 5191
f 4789 5191 5194
f 4785 5020 5019
f 4785 5019 4786
f 4786 4983 4982
f 4786 4982 4787
f 4785 4788 5199
f 4785 5199 5202
f 4781 4788 4787
f 4781 4787 4782
f 4782 4985 4984
f 4782 4984 4783
f 4781 4784 5203
f 4781 5203 5206
f 4777 4858 4857
f 4777 4857 4778
f 4774 4780 4779
f 4774 4779 4775
f 4770 4776 4775
f 4770 4775 4771
f 4772 5282 5281
f 4772 5281 4773
f 4768 5280 5283
f 4768 5283 4769
f 4766 4769 5287
f 4766 5287 5286
f 4763 4767 4766
f 4763 4766 4764
f 4764 4818 5388
f 4764 5388 4765
f 4762 4765 5357
f 4762 5357 5356
f 4761 4760 5356
f 4761 5356 5359
f 4761 5190 5189
f 4757 5215 5217
f 4757 5217 4759
f 4755 4988 4990
f 4755 4990 4756
f 4755 4758 4945
f 4755 4945 4948
f 4751 5003 5002
f 4751 5002 4752
f 4752 5007 5006
f 4752 5006 4753
f 4753 4864 4867
f 4753 4867 4754
f 4751 4754 5166
f 4751 5166 5165
f 4748 5047 5050
f 4748 5050 4749
f 4749 5165 5167
f 4749 5167 4750
f 4745 5424 5408
f 4745 5408 4746
f 4746 4859 4858
f 4746 4858 4747
f 4740 5428 5425
f 4740 5425 4741
f 4741 4744 4747
f 4741 4747 4742
f 4742 4777 4780
f 4742 4780 4743
f 4736 4740 4737
f 5409 5413 5412
f 4736 4739 3104
f 4736 3104 5427
f 4733 4739 4738
f 4733 4738 4734
f 5410 5417 5416
f 5410 5416 5411
f 4728 4732 4735
f 4728 4735 4729
f 5414 5433 5418
f 5414 5418 5415
f 4724 4731 4730
f 4724 4730 4725
f 4725 4768 4767
f 4725 4767 4726
f 4720 4727 4726
f 4720 4726 4721
f 4721 4763 5419
f 4721 5419 4722
f 4716 4723 4722
f 4716 4722 4717
f 4712 4719 4718
f 4712 4718 4713
f 4713 5189 5188
f 4713 5188 4714
f 4709 4715 4714
f 4709 4714 5420
f 4710 4757 4756
f 4710 4756 4711
f 4708 4711 5311
f 4708 5311 5310
f 4704 4942 4941
f 4704 4941 4705
f 4706 5309 5308
f 4706 5308 4707
f 4704 4707 4992
f 4704 4992 4991
f 3103 4728 4731
f 3103 4731 4702
f 4698 4703 4702
f 4698 4702 4699
f 4699 4724 4727
f 4699 4727 4700
f 4694 4701 4700
f 4694 4700 4695
f 4695 4720 4723
f 4695 4723 4696
f 4694 4697 4951
f 4694 4951 4953
f 4690 4697 4696
f 4690 4696 4691
f 4691 4716 4719
f 4691 4719 4692
f 4690 4693 4954
f 4690 4954 4957
f 4686 4693 4692
f 4686 4692 4687
f 4687 4712 4715
f 4687 4715 4688
f 4686 4689 4958
f 4686 4958 4961
f 4682 4689 4688
f 4682 4688 4683
f 4683 4709 4708
f 4683 4708 4684
f 4684 5312 5315
f 4684 5315 4685
f 4682 4685 4962
f 4682 4962 4965
f 4678 5314 5313
f 4678 5313 4679
f 4679 4706 4705
f 4679 4705 4680
f 4678 4681 4966
f 4678 4966 4969
f 4674 4681 4680
f 4674 4680 4675
f 4675 4941 4944
f 4675 4944 4676
f 4676 4937 4936
f 4676 4936 4677
f 4674 4677 4970
f 4674 4970 4973
f 4670 5283 5282
f 4670 5282 4671
f 4672 5368 5371
f 4672 5371 4673
f 4670 4673 5284
f 4670 5284 5287
f 4666 5434 5402
f 4666 5402 4667
f 4667 5001 5000
f 4667 5000 4668
f 4664 4669 4668
f 4664 4668 4665
f 4660 4663 4665
f 4660 4665 4661
f 4661 5422 5399
f 4661 5399 4662
f 4659 4662 5134
f 4659 5134 5136
f 4655 5135 5134
f 4655 5134 4656
f 4656 5435 5423
f 4656 5423 4657
f 4657 4745 4744
f 4657 4744 4658
f 4649 4652 4651
f 4649 4651 4650
f 4645 4648 4647
f 4645 4647 4646
f 4641 4644 4643
f 4641 4643 4642
f 4637 4640 4639
f 4637 4639 4638
f 4633 4636 4635
f 4633 4635 4634
f 4627 4654 4653
f 4627 4653 4628
f 4629 4632 4631
f 4629 4631 4630
f 4624 4651 4654
f 4624 4654 4625
f 4620 4647 4650
f 4620 4650 4621
f 4621 4624 4623
f 4621 4623 4622
f 4616 4643 4646
f 4616 4646 4617
f 4617 4620 4619
f 4617 4619 4618
f 4612 4639 4642
f 4612 4642 4613
f 4613 4616 4615
f 4613 4615 4614
f 4608 4635 4638
f 4608 4638 4609
f 4609 4612 4611
f 4609 4611 4610
f 4604 4631 4634
f 4604 4634 4605
f 4605 4608 4607
f 4605 4607 4606
f 4599 4626 4625
f 4599 4625 4600
f 4600 4627 4630
f 4600 4630 4601
f 4601 4604 4603
f 4601 4603 4602
f 4596 4599 4602
f 4596 4602 4597
f 4596 4598 4851
f 4596 4851 4850
f 4594 4623 4626
f 4594 4626 4595
f 4593 4595 4888
f 4593 4888 4890
f 4590 4619 4622
f 4590 4622 4591
f 4591 4594 4593
f 4591 4593 4592
f 4589 4592 4884
f 4589 4884 4887
f 4586 4615 4618
f 4586 4618 4587
f 4587 4590 4589
f 4587 4589 4588
f 4585 4588 4880
f 4585 4880 4883
f 4582 4611 4614
f 4582 4614 4583
f 4583 4586 4585
f 4583 4585 4584
f 4581 4584 4878
f 4581 4878 4877
f 4578 4607 4610
f 4578 4610 4579
f 4579 4582 4581
f 4579 4581 4580
f 4577 4580 4892
f 4577 4892 4891
f 4573 4598 4597
f 4573 4597 4574
f 4574 4603 4606
f 4574 4606 4575
f 4575 4578 4577
f 4575 4577 4576
f 4573 4576 4845
f 4573 4845 4844
f 4569 4572 4810
f 4569 4810 4809
f 4567 4570 4569
f 4567 4569 4568
f 4565 4568 4814
f 4565 4814 4813
f 4563 4566 4565
f 4563 4565 4564
f 4561 4564 4931
f 4561 4931 4930
f 4559 4562 4561
f 4559 4561 4560
f 4557 4560 4924
f 4557 4924 4923
f 4553 5276 5275
f 4553 5275 4554
f 4555 4558 4557
f 4555 4557 4556
f 4553 4556 4926
f 4553 4926 4929
f 4551 5274 5277
f 4551 5277 4552
f 4549 4552 4798
f 4549 4798 4797
f 4547 4550 4549
f 4547 4549 4548
f 4545 4548 4802
f 4545 4802 4801
f 4541 4572 4571
f 4541 4571 4542
f 4543 4546 4545
f 4543 4545 4544
f 4541 4544 4806
f 4541 4806 4805
f 4538 4894 4897
f 4538 4897 4539
f 4539 5327 5326
f 4539 5326 4540
f 4538 4540 4906
f 4538 4906 4909
f 4534 4850 4849
f 4534 4849 4535
f 4535 4860 4863
f 4535 4863 4536
f 4536 4870 4869
f 4536 4869 4537
f 4534 4537 4889
f 4534 4889 4888
f 4530 4672 4671
f 4530 4671 4531
f 4531 4772 4771
f 4531 4771 4532
f 4532 4779 4778
f 4532 4778 4533
f 4530 4533 4854
f 4530 4854 4853
f 4525 5275 5274
f 4525 5274 4526
f 4520 4555 4554
f 4520 4554 4521
f 4517 4551 4550
f 4517 4550 4518
f 4514 4547 4546
f 4514 4546 4515
f 4510 4571 4570
f 4510 4570 4511
f 4507 4567 4566
f 4507 4566 4508
f 4504 4563 4562
f 4504 4562 4505
f 4500 4543 4542
f 4500 4542 4501
f 4496 4559 4558
f 4496 4558 4497
f 4226 4225 4952
f 4226 4952 4956
f 4226 4956 4955
f 4226 4955 4227
f 4225 4228 4953
f 4225 4953 4952
f 4230 4229 4975
f 4230 4975 5021
f 3271 4230 5021
f 3271 5021 4488
f 4229 4231 4976
f 4229 4976 4975
f 4233 4232 5232
f 4233 5232 5372
f 4234 5238 5237
f 4234 5237 4235
f 4232 4236 5233
f 4232 5233 5232
f 4238 4237 5272
f 4238 5272 5245
f 4237 4239 5273
f 4237 5273 5272
f 4238 5245 5244
f 4238 5244 4240
f 4242 4241 5252
f 4242 5252 5257
f 4242 5257 5256
f 4242 5256 4243
f 4241 4244 5253
f 4241 5253 5252
f 3275 4487 5226
f 3275 5226 4245
f 4236 4246 5228
f 4236 5228 5233
f 4246 4247 5229
f 4246 5229 5228
f 4249 4248 5316
f 4249 5316 4968
f 4248 4250 5317
f 4248 5317 5316
f 4249 4968 4967
f 4249 4967 4251
f 4253 4252 5260
f 4253 5260 5023
f 4252 4254 5261
f 4252 5261 5260
f 4253 5023 5026
f 4253 5026 4255
f 4244 4256 5248
f 4244 5248 5253
f 4256 4257 5249
f 4256 5249 5248
f 4231 4258 4971
f 4231 4971 4976
f 4258 4259 4972
f 4258 4972 4971
f 4255 5026 5029
f 4255 5029 4260
f 4260 5029 5028
f 4260 5028 4261
f 4263 4262 4698
f 4263 4698 4701
f 4265 4264 5032
f 4265 5032 5304
f 4265 5304 5307
f 4265 5307 4266
f 4264 4267 5033
f 4264 5033 5032
f 4240 5244 5249
f 4240 5249 4257
f 4243 5256 5261
f 4243 5261 4254
f 4239 4268 5239
f 4239 5239 5273
f 4268 4269 5240
f 4268 5240 5239
f 4250 4270 4963
f 4250 4963 5317
f 4270 4271 4964
f 4270 4964 4963
f 4235 5237 5240
f 4235 5240 4269
f 4261 5028 5033
f 4261 5033 4267
f 4251 4967 4972
f 4251 4972 4259
f 4227 4955 4960
f 4227 4960 4272
f 4272 4960 4959
f 4272 4959 4273
f 4245 5226 5229
f 4245 5229 4247
f 4274 3016 3102
f 4274 3102 4703
f 4262 4274 4703
f 4262 4703 4698
f 4271 4273 4959
f 4271 4959 4964
f 4233 5372 5238
f 4233 5238 4234
f 4794 4929 5300
f 4808 4831 4815
f 4813 4919 4931
f 5292 5303 5296
f 5180 5186 5323
f 4783 4984 4987
f 4783 4987 4825
f 4825 4987 4947
f 4825 4947 4826
f 5358 5389 5406
f 4709 5420 4710
f 4710 5420 5215
f 4710 5215 4757
f 4538 4909 4902
f 5288 5431 5289
f 4912 5341 4915
f 5374 5387 5436
f 5374 5436 5437
f 5374 5437 5438
f 5374 5438 5375
f 5375 5438 5439
f 5375 5439 5376
f 5376 5439 5440
f 5376 5440 5377
f 5377 5440 5441
f 5377 5441 5378
f 5378 5441 5442
f 5378 5442 5379
f 5379 5442 5443
f 5379 5443 5380
f 5380 5443 5444
f 5380 5444 5381
f 5381 5444 5445
f 5381 5445 5382
f 5382 5445 5446
f 5382 5446 5383
f 5383 5446 5447
f 5383 5447 5384
f 5384 5447 5448
f 5384 5448 5385
f 5385 5448 5449
f 5385 5449 5386
f 5386 5449 5436
f 5386 5436 5387
f 4874 5339 4882
f 4749 5003 4751
f 4749 4751 5165
f 5004 5054 5125
f 5004 5125 5265
f 5108 5152 5153
f 5108 5153 5130
f 4999 5401 5062
f 4999 5062 5035
f 4656 5134 5400
f 4656 5400 5435
f 4665 4668 5000
f 4665 5000 5421
f 4750 5167 4861
f 4750 4861 5408
f 4748 4750 5408
f 4748 5408 5424
f 5043 5046 5423
f 5043 5423 5435
f 5043 5435 5400
f 5042 5043 5400
f 5042 5400 5399
f 5039 5042 5399
f 5039 5399 5422
f 5039 5422 5421
f 5000 5038 5039
f 5000 5039 5421
f 4741 5425 4744
f 3103 3105 4732
f 3103 4732 4728
f 4733 3106 3104
f 4733 3104 4739
f 4841 5369 4848
f 4841 4848 4847
f 4760 5419 4762
f 4760 4762 5356
f 4762 5419 4763
f 5184 5407 5185
f 5185 5407 5406
f 5185 5406 5320
f 4822 5321 5320
f 4822 5320 4823
f 5119 5264 5268
f 5119 5268 5450
f 5119 5450 5451
f 5119 5451 5120
f 5008 5120 5451
f 5008 5451 5452
f 5005 5008 5452
f 5005 5452 5453
f 5005 5453 5454
f 5005 5454 5012
f 5009 5012 5454
f 5009 5454 5455
f 5009 5455 5456
f 5009 5456 5016
f 5306 5457 5458
f 5306 5458 5307
f 4266 5307 5458
f 4266 5458 4298
f 4732 3105 3106
f 4732 3106 4733
f 4865 5010 5015
f 5016 5456 5457
f 5016 5457 5306
f 5281 5433 5414
f 4773 5281 5414
f 4773 5414 5417
f 4770 4773 5417
f 4770 5417 5410
f 4770 5410 5413
f 4770 5413 4776
f 4774 4776 5413
f 4774 5413 5409
f 4768 5418 5433
f 4768 5433 5280
f 5280 5433 5281
f 4729 5415 5418
f 4729 5418 4730
f 4729 4735 5416
f 4729 5416 5415
f 4734 5411 5416
f 4734 5416 4735
f 4734 4738 5412
f 4734 5412 5411
f 4737 5409 5412
f 4737 5412 4738
f 4737 4740 4743
f 4737 4743 5409
f 5324 5403 5432
f 5324 5432 5328
f 4836 5290 5289
f 4836 5289 4837
f 4837 5289 5431
f 4837 5431 5430
f 4876 5328 5432
f 4876 5432 5391
f 4843 5405 5431
f 4843 5431 5288
f 5391 5432 5431
f 5391 5431 5405
f 5324 5327 5403
f 5391 5405 5404
f 5391 5404 5392
f 4837 5430 4896
f 4896 5430 5403
f 4896 5403 4897
f 4892 5392 5404
f 4892 5404 4893
f 3124 3125 5459
f 5460 5461 5462
f 5460 5462 5463
f 5464 5465 5466
f 5464 5466 5467
f 5468 5469 5470
f 5468 5470 5471
f 4405 5472 5473
f 4405 5473 5474
f 5427 3104 3159
f 5427 3159 5475
f 5476 5477 5478
f 5426 5479 5480
f 5426 5480 5481
f 5425 5428 5482
f 5459 5479 5482
f 5459 5482 5475
f 4655 5478 5474
f 4655 5474 5135
f 4659 5136 5473
f 4659 5473 5468
f 4660 5471 5465
f 4660 5465 4663
f 4666 5460 5483
f 4666 5483 5434
f 4664 5464 5461
f 4664 5461 4669
f 3151 3160 5484
f 3151 5484 5463
f 3146 3152 5462
f 3146 5462 5467
f 3142 3147 5466
f 3142 5466 5470
f 3143 5469 5472
f 3143 5472 3154
f 4405 5477 3138
f 4405 3138 3094
f 5426 5425 5482
f 5426 5482 5479
f 5476 5478 5481
f 5476 5481 5480
f 5427 5475 5482
f 5427 5482 5428
f 4405 5474 5478
f 4405 5478 5477
f 3093 3154 5472
f 3093 5472 4405
f 5468 5473 5472
f 5468 5472 5469
f 5465 5471 5470
f 5465 5470 5466
f 5461 5464 5467
f 5461 5467 5462
f 5460 5463 5484
f 5460 5484 5483
f 3151 5463 5462
f 3151 5462 3152
f 3146 5467 5466
f 3146 5466 3147
f 3142 5470 5469
f 3142 5469 3143
f 3125 5480 5479
f 3125 5479 5459
f 3124 5459 5475
f 3124 5475 3159
f 5135 5474 5473
f 5135 5473 5136
f 4666 4669 5461
f 4666 5461 5460
f 4663 5465 5464
f 4663 5464 4664
f 4659 5468 5471
f 4659 5471 4660
f 4655 4658 5426
f 4655 5426 5481
f 4655 5481 5478
f 3125 3161 5476
f 3125 5476 5480
f 3138 5477 5476
f 3138 5476 3161
f 5485 5486 5487
f 5485 5487 5488
f 5489 5490 5491
f 5489 5491 5492
f 5493 5494 5495
f 5493 5495 5496
f 5497 5498 5499
f 5497 5499 5500
f 5501 5502 5503
f 5501 5503 5504
f 5505 5506 5507
f 5505 5507 5508
f 5509 5510 5511
f 5509 5511 5512
f 5513 5514 5515
f 5513 5515 5516
f 5517 5518 5519
f 5517 5519 5520
f 5521 5522 5523
f 5524 5525 5526
f 5524 5526 5527
f 5528 5529 5530
f 5528 5530 5531
f 5532 5533 5534
f 5532 5534 5535
f 5536 5537 5538
f 5222 5224 5539
f 5222 5539 5538
f 5493 5525 5530
f 5493 5530 5500
f 5489 5522 5526
f 5489 5526 5496
f 5508 5518 5536
f 5508 5536 5534
f 5497 5529 5519
f 5497 5519 5507
f 5504 5535 5540
f 5504 5540 5515
f 5486 5501 5514
f 5486 5514 5511
f 3166 5487 5510
f 3166 5510 3173
f 5267 5429 5537
f 5267 5537 5517
f 5455 5523 5456
f 5453 5527 5521
f 5453 5521 5454
f 5451 5531 5524
f 5451 5524 5452
f 5268 5520 5528
f 5268 5528 5450
f 5534 5536 5540
f 5534 5540 5535
f 5536 5538 5539
f 5536 5539 5540
f 5524 5531 5530
f 5524 5530 5525
f 5521 5527 5526
f 5521 5526 5522
f 5517 5537 5536
f 5517 5536 5518
f 5519 5529 5528
f 5519 5528 5520
f 5515 5540 5539
f 5515 5539 5516
f 5511 5514 5513
f 5511 5513 5512
f 3173 5510 5509
f 3173 5509 3174
f 5507 5519 5518
f 5507 5518 5508
f 5505 5508 5534
f 5505 5534 5533
f 5503 5532 5535
f 5503 5535 5504
f 5501 5504 5515
f 5501 5515 5514
f 5497 5507 5506
f 5497 5506 5498
f 5497 5500 5530
f 5497 5530 5529
f 5493 5500 5499
f 5493 5499 5494
f 5493 5496 5526
f 5493 5526 5525
f 5489 5496 5495
f 5489 5495 5490
f 5489 5492 5523
f 5489 5523 5522
f 5485 5502 5501
f 5485 5501 5486
f 5486 5511 5510
f 5486 5510 5487
f 3165 5488 5487
f 3165 5487 3166
f 5458 5457 5492
f 5458 5492 5491
f 5267 5517 5520
f 5267 5520 5268
f 5222 5538 5537
f 5222 5537 5429
f 5450 5528 5531
f 5450 5531 5451
f 5454 5521 5523
f 5454 5523 5455
f 5452 5524 5527
f 5452 5527 5453
f 4382 4381 5502
f 4382 5502 5485
f 4381 4383 5503
f 4381 5503 5502
f 4382 5485 5488
f 4382 5488 4384
f 3092 4384 5488
f 3092 5488 3165
f 4386 4385 5505
f 4386 5505 5533
f 4386 5533 5532
f 4386 5532 4387
f 4385 4388 5506
f 4385 5506 5505
f 4390 4389 5490
f 4390 5490 5495
f 4390 5495 5494
f 4390 5494 4391
f 4389 4392 5491
f 4389 5491 5490
f 4391 5494 5499
f 4391 5499 4393
f 4393 5499 5498
f 4393 5498 4394
f 4383 4387 5532
f 4383 5532 5503
f 4298 5458 5491
f 4298 5491 4392
f 4388 4394 5498
f 4388 5498 5506
f 5456 5523 5492
f 5456 5492 5457
f 5224 5402 5516
f 5224 5516 5539
f 5402 5434 5513
f 5402 5513 5516
f 5434 5483 5512
f 5434 5512 5513
f 5483 5484 5509
f 5483 5509 5512
f 3160 3174 5509
f 3160 5509 5484
f 3234 3243 3242
f 3234 3242 3241
f 3234 3244 3243
f 3243 3244 3270
f 3244 3269 3270
f 3234 3241 3235
f 3235 3241 3236
f 3236 3241 3240
f 3236 3240 3237
f 3237 3240 3238
f 3238 3240 3239
f 3210 3777 3217
f 3210 3266 3777
f 3217 3777 3265
f 4184 4186 4185
f 4182 4186 4184
f 4182 4184 4183
f 4279 4280 4281
f 4279 4281 4282
f 4278 4279 4282
f 4277 4278 4282
f 4275 4277 4282
f 4275 4282 4276
f 4276 4282 4288
f 4282 4287 4288
f 4282 4286 4287
f 4282 4283 4286
f 4283 4285 4286
f 4283 4284 4285
f 3324 3647 3638
f 3638 3647 3640
f 3324 4221 3647
f 3496 4066 3776
f 3496 3776 3545
f 3496 4096 4066
f 3325 3381 3678
f 3325 3411 3381
f 3325 3390 3411
f 3325 3637 3390
f 3386 3390 3637
f 3485 3486 4263
f 3485 4263 3739
f 3739 4263 4228
f 3538 3838 3831
f 3538 3831 4212
f 3538 4212 4211
f 4454 4462 4463
f 4454 4461 4462
f 4454 4463 4464
f 4463 4490 4464
f 4464 4490 4489
f 4454 4455 4461
f 4455 4456 4461
f 4456 4460 4461
f 4456 4457 4460
f 4457 4458 4460
f 4458 4459 4460
f 4433 4434 4989
f 4433 4989 4486
f 4434 4485 4989
f 5396 5397 5398
f 5394 5396 5398
f 5394 5395 5396
f 5440 5442 5441
f 5440 5443 5442
f 5439 5443 5440
f 5438 5443 5439
f 5437 5443 5438
f 5436 5443 5437
f 5436 5449 5443
f 5443 5449 5448
f 5443 5448 5447
f 5443 5447 5444
f 5444 5447 5446
f 5444 5446 5445
f 4535 4849 4856
f 4849 4855 4856
f 4535 4856 4860
f 4711 4990 5279
f 4711 4756 4990
f 4711 5279 5311
f 4534 4888 4595
f 4534 4595 4626
f 4534 4626 4599
f 4534 4599 4850
f 4596 4850 4599
f 4263 4701 4694
f 4263 4694 4953
f 4228 4263 4953
f 4748 5046 5047
f 4748 5423 5046
f 4748 5424 5423
f 3648 3651 4221
f 5541 5542 5543
f 5541 5543 5544
f 479 5545 480
f 479 480 481
f 5546 5547 5548
f 5546 5548 5549
f 5550 5551 5552
f 5550 5552 5553
f 5554 5555 5556
f 5554 5556 5557
f 482 483 5558
f 482 5558 484
f 516 5559 5560
f 516 5560 517
f 401 484 5554
f 401 5554 452
f 399 449 5557
f 399 5557 5550
f 394 396 5553
f 394 5553 5546
f 395 5549 479
f 395 479 547
f 5555 5558 5561
f 483 487 5562
f 5541 5563 5564
f 5541 5564 5542
f 5560 5565 555
f 5560 555 517
f 483 5562 5561
f 483 5561 5558
f 5554 484 5558
f 5554 5558 5555
f 5550 5557 5556
f 5550 5556 5551
f 5546 5553 5552
f 5546 5552 5547
f 479 5549 5548
f 479 5548 5545
f 5545 5559 516
f 5545 516 480
f 449 452 5554
f 449 5554 5557
f 396 399 5550
f 396 5550 5553
f 394 5546 5549
f 394 5549 395
f 5545 5548 5559
f 386 5566 5562
f 386 5562 487
f 555 5565 5564
f 555 5564 5563
f 5544 572 571
f 5544 571 567
f 5541 5544 567
f 5541 567 546
f 5541 546 545
f 5541 545 5563
f 545 555 5563
f 5567 5568 5569
f 5567 5569 5570
f 5571 5572 5573
f 5571 5573 5574
f 5575 5576 5577
f 5575 5577 5578
f 556 608 5579
f 556 5579 5580
f 5581 5582 609
f 5581 609 610
f 5561 5562 5583
f 5584 5585 5586
f 5584 5586 5587
f 5588 5589 5590
f 5588 5590 5591
f 5592 5593 5594
f 5592 5594 5595
f 5596 5597 5598
f 5596 5598 5599
f 5600 5601 5602
f 5600 5602 5603
f 5604 5605 5606
f 5604 5606 5607
f 5566 5608 5609
f 5566 5609 5610
f 5611 5612 5613
f 5611 5613 5614
f 541 5581 610
f 541 610 619
f 5590 5615 5616
f 5590 5616 5591
f 5571 5617 5618
f 5571 5618 5572
f 5571 5591 5616
f 5571 5616 5617
f 5572 5618 623
f 5572 623 601
f 5576 5611 5584
f 5576 5584 5579
f 541 572 5605
f 541 5605 5581
f 5582 5604 5596
f 5582 5596 5603
f 609 5602 614
f 609 614 616
f 385 5580 5587
f 385 5587 5608
f 377 607 5577
f 377 5577 608
f 5575 5617 5616
f 5575 5616 5612
f 606 623 5618
f 606 5618 5578
f 5567 5600 5599
f 5567 5599 5592
f 5568 5595 5588
f 5568 5588 5574
f 597 611 5601
f 597 5601 5570
f 598 5569 5573
f 598 5573 604
f 5543 5606 5605
f 5543 5605 572
f 5601 611 614
f 5601 614 5602
f 5596 5604 5607
f 5596 5607 5597
f 5596 5599 5600
f 5596 5600 5603
f 5592 5599 5598
f 5592 5598 5593
f 5588 5595 5594
f 5588 5594 5589
f 5612 5616 5615
f 5612 5615 5613
f 5584 5611 5614
f 5584 5614 5585
f 5586 5609 5608
f 5586 5608 5587
f 5562 5566 5610
f 5562 5610 5583
f 5581 5605 5604
f 5581 5604 5582
f 5582 5603 5602
f 5582 5602 609
f 5580 5579 5584
f 5580 5584 5587
f 5575 5612 5611
f 5575 5611 5576
f 5576 5579 608
f 5576 608 5577
f 606 5578 5577
f 606 5577 607
f 5575 5578 5618
f 5575 5618 5617
f 5572 601 604
f 5572 604 5573
f 5571 5574 5588
f 5571 5588 5591
f 5567 5592 5595
f 5567 5595 5568
f 5568 5574 5573
f 5568 5573 5569
f 5567 5570 5601
f 5567 5601 5600
f 597 5570 5569
f 597 5569 598
f 385 5608 5566
f 385 5566 386
f 385 388 556
f 385 556 5580
f 5543 572 5544
f 5619 5620 5621
f 5619 5621 5622
f 5623 5624 5625
f 5623 5625 5626
f 5627 5628 5629
f 5627 5629 5630
f 5631 5632 5633
f 5631 5633 5634
f 5635 5636 5637
f 5635 5637 5638
f 5639 5640 5641
f 5639 5641 5642
f 5643 5644 5645
f 5643 5645 5646
f 5647 5648 5649
f 5647 5649 5650
f 5651 5652 5653
f 5651 5653 5654
f 5655 5656 5657
f 5655 5657 5658
f 5659 5660 5661
f 5662 5663 5664
f 5662 5664 5665
f 5666 5667 5668
f 5666 5668 5669
f 5670 5671 5672
f 5670 5672 5673
f 5674 5675 5676
f 5674 5676 5677
f 5678 5679 5680
f 5678 5680 5681
f 5682 5683 5684
f 5682 5684 5685
f 5686 5687 5688
f 5686 5688 5689
f 5690 5691 5692
f 5690 5692 5693
f 5694 5695 5696
f 5694 5696 5697
f 5698 5699 5700
f 5698 5700 5701
f 5702 5703 5704
f 5702 5704 5705
f 5706 5707 5708
f 5706 5708 5709
f 5710 5711 5712
f 5710 5712 5713
f 5714 5715 5716
f 5714 5716 5717
f 5718 5719 5720
f 5718 5720 5721
f 5722 5723 5724
f 5722 5724 5725
f 5726 5727 5728
f 5726 5728 5729
f 5730 5731 5732
f 5730 5732 5733
f 5734 5735 5736
f 5737 5738 5739
f 5737 5739 5740
f 5741 5742 5743
f 5741 5743 5744
f 5745 5746 5747
f 5745 5747 5748
f 5749 5750 5751
f 5749 5751 5752
f 5753 5754 5755
f 5753 5755 5756
f 5757 5758 5759
f 5757 5759 5760
f 5761 5762 5763
f 5761 5763 5764
f 5765 5766 5767
f 5765 5767 5768
f 5769 5770 5771
f 5769 5771 5772
f 5773 5774 5775
f 5773 5775 5776
f 5777 5778 5779
f 5777 5779 5780
f 5781 5782 5783
f 5781 5783 5784
f 5785 5786 5787
f 5785 5787 5788
f 5789 5790 5791
f 5789 5791 5792
f 5793 5794 5795
f 5793 5795 5796
f 5797 5798 5799
f 5797 5799 5800
f 5801 5802 5803
f 5801 5803 5804
f 5805 5806 5807
f 5805 5807 5808
f 5809 5810 5811
f 5809 5811 5812
f 5813 5814 5815
f 5813 5815 5816
f 5817 5818 5819
f 5817 5819 5820
f 5821 5822 5823
f 5821 5823 5824
f 5825 5826 5827
f 5825 5827 5828
f 5829 5830 5831
f 5829 5831 5832
f 5833 5834 5835
f 5833 5835 5836
f 5837 5838 5839
f 5837 5839 5840
f 5841 5842 5843
f 5841 5843 5844
f 5845 5846 5847
f 5845 5847 5848
f 5849 5850 5851
f 5849 5851 5852
f 5853 5854 5855
f 5853 5855 5856
f 5857 5858 5859
f 5857 5859 5860
f 5861 5862 5863
f 5861 5863 5864
f 5865 5866 5867
f 5865 5867 5868
f 5869 5870 5871
f 5869 5871 5872
f 5873 5874 5875
f 5873 5875 5876
f 5877 5878 5879
f 5877 5879 5880
f 5653 5881 5882
f 5653 5882 5654
f 5654 5882 5883
f 5654 5883 5655
f 5655 5883 5884
f 5655 5884 5656
f 5656 5884 5687
f 5590 5885 5615
f 5551 5556 5878
f 5551 5878 5845
f 5697 5699 5846
f 5697 5846 5877
f 5692 5828 5797
f 5692 5797 5728
f 5693 5727 5724
f 5693 5724 5695
f 5696 5723 5720
f 5696 5720 5700
f 5701 5719 5716
f 5701 5716 5704
f 5705 5715 5711
f 5705 5711 5708
f 5709 5710 5820
f 5709 5820 5821
f 5712 5714 5744
f 5712 5744 5745
f 5713 5748 5816
f 5713 5816 5817
f 5717 5718 5740
f 5717 5740 5741
f 5721 5722 5736
f 5721 5736 5737
f 5725 5726 5733
f 5725 5733 5734
f 5729 5800 5801
f 5729 5801 5730
f 5731 5804 5805
f 5731 5805 5764
f 5735 5763 5758
f 5735 5758 5738
f 5739 5757 5755
f 5739 5755 5742
f 5743 5754 5750
f 5743 5750 5746
f 5747 5749 5812
f 5747 5812 5813
f 5791 5802 5799
f 5791 5799 5794
f 5787 5806 5803
f 5787 5803 5790
f 5779 5814 5811
f 5779 5811 5782
f 5775 5818 5815
f 5775 5815 5778
f 5771 5822 5819
f 5771 5819 5774
f 5766 5795 5798
f 5766 5798 5827
f 5671 5780 5781
f 5671 5781 5677
f 5667 5672 5676
f 5667 5676 5680
f 5663 5668 5679
f 5663 5679 5685
f 5660 5687 5884
f 5657 5686 5788
f 5657 5788 5789
f 5651 5658 5792
f 5651 5792 5793
f 5647 5661 5883
f 5647 5883 5882
f 5643 5665 5659
f 5643 5659 5650
f 5639 5669 5662
f 5639 5662 5646
f 5635 5776 5777
f 5635 5777 5670
f 5636 5673 5666
f 5636 5666 5642
f 5633 5772 5773
f 5633 5773 5638
f 5629 5634 5637
f 5629 5637 5641
f 5630 5640 5645
f 5630 5645 5886
f 5623 5649 5648
f 5623 5648 5624
f 5624 5648 5881
f 5624 5881 5887
f 5622 5652 5796
f 5622 5796 5765
f 5586 5873 5870
f 5586 5870 5609
f 5767 5826 5871
f 5767 5871 5876
f 5583 5610 5869
f 5583 5869 5864
f 5542 5564 5865
f 5542 5865 5858
f 5770 5859 5868
f 5770 5868 5823
f 5560 5854 5866
f 5560 5866 5565
f 5691 5861 5872
f 5691 5872 5825
f 5706 5824 5867
f 5706 5867 5853
f 5702 5707 5856
f 5702 5856 5851
f 5698 5703 5850
f 5698 5850 5847
f 5690 5694 5880
f 5690 5880 5862
f 5547 5552 5848
f 5547 5848 5849
f 5548 5852 5855
f 5548 5855 5559
f 5619 5768 5875
f 5619 5875 5841
f 5842 5874 5585
f 5842 5585 5614
f 5620 5844 5888
f 5620 5888 5889
f 5843 5613 5615
f 5843 5615 5885
f 5837 5840 5890
f 5837 5890 5889
f 5838 5891 5589
f 5838 5589 5594
f 5625 5840 5833
f 5625 5833 5626
f 5834 5839 5593
f 5834 5593 5598
f 5632 5829 5860
f 5632 5860 5769
f 5628 5836 5830
f 5628 5830 5631
f 5831 5835 5597
f 5831 5597 5607
f 5543 5857 5832
f 5543 5832 5606
f 5870 5873 5876
f 5870 5876 5871
f 5862 5880 5879
f 5862 5879 5863
f 5861 5864 5869
f 5861 5869 5872
f 5858 5865 5868
f 5858 5868 5859
f 5853 5867 5866
f 5853 5866 5854
f 5851 5856 5855
f 5851 5855 5852
f 5845 5878 5877
f 5845 5877 5846
f 5847 5850 5849
f 5847 5849 5848
f 5564 5565 5866
f 5564 5866 5865
f 5542 5858 5857
f 5542 5857 5543
f 5609 5870 5869
f 5609 5869 5610
f 5585 5874 5873
f 5585 5873 5586
f 5561 5583 5864
f 5561 5864 5863
f 5559 5855 5854
f 5559 5854 5560
f 5841 5875 5874
f 5841 5874 5842
f 5842 5614 5613
f 5842 5613 5843
f 5843 5885 5888
f 5843 5888 5844
f 5589 5891 5885
f 5589 5885 5590
f 5885 5891 5888
f 5838 5594 5593
f 5838 5593 5839
f 5833 5840 5839
f 5833 5839 5834
f 5834 5598 5597
f 5834 5597 5835
f 5830 5836 5835
f 5830 5835 5831
f 5831 5607 5606
f 5831 5606 5832
f 5829 5832 5857
f 5829 5857 5860
f 5825 5872 5871
f 5825 5871 5826
f 5823 5868 5867
f 5823 5867 5824
f 5819 5822 5821
f 5819 5821 5820
f 5815 5818 5817
f 5815 5817 5816
f 5811 5814 5813
f 5811 5813 5812
f 5803 5806 5805
f 5803 5805 5804
f 5797 5828 5827
f 5797 5827 5798
f 5799 5802 5801
f 5799 5801 5800
f 5794 5799 5798
f 5794 5798 5795
f 5790 5803 5802
f 5790 5802 5791
f 5791 5794 5793
f 5791 5793 5792
f 5786 5807 5806
f 5786 5806 5787
f 5787 5790 5789
f 5787 5789 5788
f 5782 5811 5810
f 5782 5810 5783
f 5778 5815 5814
f 5778 5814 5779
f 5779 5782 5781
f 5779 5781 5780
f 5774 5819 5818
f 5774 5818 5775
f 5775 5778 5777
f 5775 5777 5776
f 5769 5860 5859
f 5769 5859 5770
f 5770 5823 5822
f 5770 5822 5771
f 5771 5774 5773
f 5771 5773 5772
f 5765 5796 5795
f 5765 5795 5766
f 5766 5827 5826
f 5766 5826 5767
f 5767 5876 5875
f 5767 5875 5768
f 5761 5764 5805
f 5761 5805 5808
f 5758 5763 5762
f 5758 5762 5759
f 5755 5757 5760
f 5755 5760 5756
f 5750 5754 5753
f 5750 5753 5751
f 5749 5752 5809
f 5749 5809 5812
f 5746 5750 5749
f 5746 5749 5747
f 5747 5813 5816
f 5747 5816 5748
f 5742 5755 5754
f 5742 5754 5743
f 5743 5746 5745
f 5743 5745 5744
f 5738 5758 5757
f 5738 5757 5739
f 5739 5742 5741
f 5739 5741 5740
f 5735 5738 5737
f 5735 5737 5736
f 5730 5801 5804
f 5730 5804 5731
f 5731 5764 5763
f 5731 5763 5732
f 5732 5735 5734
f 5732 5734 5733
f 5728 5797 5800
f 5728 5800 5729
f 5726 5729 5730
f 5726 5730 5733
f 5724 5727 5726
f 5724 5726 5725
f 5722 5725 5734
f 5722 5734 5736
f 5720 5723 5722
f 5720 5722 5721
f 5718 5721 5737
f 5718 5737 5740
f 5716 5719 5718
f 5716 5718 5717
f 5714 5717 5741
f 5714 5741 5744
f 5711 5715 5714
f 5711 5714 5712
f 5712 5745 5748
f 5712 5748 5713
f 5710 5713 5817
f 5710 5817 5820
f 5706 5853 5856
f 5706 5856 5707
f 5708 5711 5710
f 5708 5710 5709
f 5706 5709 5821
f 5706 5821 5824
f 5702 5851 5850
f 5702 5850 5703
f 5704 5716 5715
f 5704 5715 5705
f 5702 5705 5708
f 5702 5708 5707
f 5698 5847 5846
f 5698 5846 5699
f 5700 5720 5719
f 5700 5719 5701
f 5698 5701 5704
f 5698 5704 5703
f 5695 5724 5723
f 5695 5723 5696
f 5696 5700 5699
f 5696 5699 5697
f 5694 5697 5877
f 5694 5877 5880
f 5690 5862 5861
f 5690 5861 5691
f 5691 5825 5828
f 5691 5828 5692
f 5692 5728 5727
f 5692 5727 5693
f 5690 5693 5695
f 5690 5695 5694
f 5686 5689 5785
f 5686 5785 5788
f 5683 5688 5687
f 5683 5687 5684
f 5678 5682 5685
f 5678 5685 5679
f 5675 5681 5680
f 5675 5680 5676
f 5674 5677 5781
f 5674 5781 5784
f 5670 5777 5780
f 5670 5780 5671
f 5671 5677 5676
f 5671 5676 5672
f 5666 5673 5672
f 5666 5672 5667
f 5667 5680 5679
f 5667 5679 5668
f 5662 5669 5668
f 5662 5668 5663
f 5663 5685 5684
f 5663 5684 5664
f 5659 5665 5664
f 5659 5664 5660
f 5660 5884 5883
f 5660 5883 5661
f 5656 5687 5686
f 5656 5686 5657
f 5657 5789 5792
f 5657 5792 5658
f 5651 5793 5796
f 5651 5796 5652
f 5651 5654 5655
f 5651 5655 5658
f 5647 5882 5881
f 5647 5881 5648
f 5647 5650 5659
f 5647 5659 5661
f 5643 5650 5649
f 5643 5649 5644
f 5643 5646 5662
f 5643 5662 5665
f 5639 5646 5645
f 5639 5645 5640
f 5639 5642 5666
f 5639 5666 5669
f 5635 5670 5673
f 5635 5673 5636
f 5636 5642 5641
f 5636 5641 5637
f 5635 5638 5773
f 5635 5773 5776
f 5631 5830 5829
f 5631 5829 5632
f 5632 5769 5772
f 5632 5772 5633
f 5633 5638 5637
f 5633 5637 5634
f 5627 5833 5836
f 5627 5836 5628
f 5628 5631 5634
f 5628 5634 5629
f 5629 5641 5640
f 5629 5640 5630
f 5623 5626 5627
f 5623 5627 5886
f 5623 5886 5644
f 5623 5644 5649
f 5837 5889 5888
f 5624 5887 5890
f 5624 5890 5625
f 5619 5841 5844
f 5619 5844 5620
f 5620 5889 5621
f 5621 5653 5652
f 5621 5652 5622
f 5619 5622 5765
f 5619 5765 5768
f 5555 5879 5878
f 5555 5878 5556
f 5551 5845 5848
f 5551 5848 5552
f 5547 5849 5852
f 5547 5852 5548
f 5660 5664 5684
f 5660 5684 5687
f 5732 5763 5735
f 5555 5561 5863
f 5555 5863 5879
f 5621 5887 5881
f 5621 5881 5653
f 5626 5833 5627
f 5625 5890 5840
f 5644 5886 5645
f 5627 5630 5886
f 5621 5889 5890
f 5621 5890 5887
f 5837 5888 5891
f 5837 5891 5838
f 5751 5753 5892
f 5751 5892 5893
f 5752 5894 5895
f 5752 5895 5809
f 5756 5760 5896
f 5756 5896 5897
f 5759 5762 5898
f 5759 5898 5899
f 5761 5808 5900
f 5761 5900 5901
f 5786 5902 5903
f 5786 5903 5807
f 5783 5810 5904
f 5783 5904 5905
f 5689 5906 5907
f 5689 5907 5785
f 5683 5908 5909
f 5683 5909 5688
f 5678 5910 5911
f 5678 5911 5682
f 5674 5784 5912
f 5674 5912 5913
f 5675 5914 5915
f 5675 5915 5681
f 5674 5913 5914
f 5674 5914 5675
f 5783 5905 5912
f 5783 5912 5784
f 5678 5681 5915
f 5678 5915 5910
f 5809 5895 5904
f 5809 5904 5810
f 5751 5893 5894
f 5751 5894 5752
f 5753 5756 5897
f 5753 5897 5892
f 5807 5903 5900
f 5807 5900 5808
f 5785 5907 5902
f 5785 5902 5786
f 5761 5901 5898
f 5761 5898 5762
f 5759 5899 5896
f 5759 5896 5760
f 5688 5909 5906
f 5688 5906 5689
f 5682 5911 5908
f 5682 5908 5683
f 5936 5940 5941
f 5936 5941 5938
f 5935 5942 5943
f 5935 5943 5937
f 5933 5944 5945
f 5933 5945 5934
f 5931 5946 5947
f 5931 5947 5932
f 5929 5948 5949
f 5929 5949 5930
f 5927 5950 5951
f 5927 5951 5928
f 5924 5952 5953
f 5924 5953 5926
f 5923 5954 5955
f 5923 5955 5925
f 5921 5956 5957
f 5921 5957 5922
f 5919 5958 5959
f 5919 5959 5920
f 5916 5939 5960
f 5916 5960 5961
f 5917 5962 5963
f 5917 5963 5918
f 5938 5941 5960
f 5938 5960 5939
f 5936 5937 5943
f 5936 5943 5940
f 5934 5945 5942
f 5934 5942 5935
f 5932 5947 5944
f 5932 5944 5933
f 5930 5949 5946
f 5930 5946 5931
f 5928 5951 5948
f 5928 5948 5929
f 5926 5953 5950
f 5926 5950 5927
f 5924 5925 5955
f 5924 5955 5952
f 5922 5957 5954
f 5922 5954 5923
f 5920 5959 5956
f 5920 5956 5921
f 5918 5963 5958
f 5918 5958 5919
f 5916 5961 5962
f 5916 5962 5917
f 5908 5911 5964
f 5908 5964 5965
f 5906 5909 5966
f 5906 5966 5967
f 5968 5969 5970
f 5968 5970 5971
f 5972 5973 5974
f 5972 5974 5975
f 5976 5977 5978
f 5976 5978 5979
f 5980 5981 5982
f 5980 5982 5983
f 5984 5985 5986
f 5984 5986 5987
f 5988 5989 5990
f 5988 5990 5991
f 5992 5993 5994
f 5992 5994 5995
f 5996 5997 5998
f 5996 5998 5999
f 6000 6001 6002
f 6000 6002 6003
f 6004 6005 6006
f 6004 6006 6007
f 6008 6009 6010
f 6008 6010 6011
f 6012 6013 6014
f 6012 6014 6015
f 5956 5959 6016
f 5956 6016 6017
f 5958 5963 6018
f 5958 6018 6019
f 5961 6020 6021
f 5961 6021 5962
f 5941 6022 6023
f 5941 6023 5960
f 5896 5899 6024
f 5896 6024 6025
f 5898 5901 6026
f 5898 6026 6027
f 6028 6029 6030
f 6028 6030 6031
f 6032 6033 6034
f 6032 6034 6035
f 6036 6037 6038
f 6036 6038 6039
f 6040 6041 6042
f 6040 6042 6043
f 6044 6045 6046
f 6044 6046 6047
f 6048 6049 6050
f 6048 6050 6051
f 6052 6053 6054
f 6052 6054 6055
f 6056 6057 6058
f 6056 6058 6059
f 6060 6061 6062
f 6060 6062 6063
f 6064 6065 6066
f 6064 6066 6067
f 6068 6069 6070
f 6068 6070 6071
f 6072 6073 6074
f 6072 6074 6075
f 5950 5953 6076
f 5950 6076 6077
f 5948 5951 6078
f 5948 6078 6079
f 5946 5949 6080
f 5946 6080 6081
f 5944 5947 6082
f 5944 6082 6083
f 6084 6085 6086
f 6084 6086 6087
f 6088 6089 6090
f 6088 6090 6091
f 6092 6093 6094
f 6092 6094 6095
f 5954 5957 6096
f 5954 6096 6097
f 5940 5943 6098
f 5940 6098 6099
f 6100 6101 6102
f 6100 6102 6103
f 6104 6105 6106
f 6104 6106 6107
f 6108 6109 6110
f 6108 6110 6111
f 5902 5907 6112
f 5902 6112 6113
f 5900 5903 6114
f 5900 6114 6115
f 6116 6117 6118
f 6116 6118 6119
f 6120 6121 6122
f 6120 6122 6123
f 6124 6125 6126
f 6124 6126 6127
f 5942 5945 6128
f 5942 6128 6129
f 5952 5955 6130
f 5952 6130 6131
f 6132 6133 6134
f 6132 6134 6135
f 6136 6137 6138
f 6136 6138 6139
f 6140 6141 6142
f 6140 6142 6143
f 5892 5897 6144
f 5892 6144 6145
f 5893 6146 6147
f 5893 6147 5894
f 5895 6148 6149
f 5895 6149 5904
f 5910 5915 6150
f 5910 6150 6151
f 5905 6152 6153
f 5905 6153 5912
f 5913 6154 6155
f 5913 6155 5914
f 6156 6157 6158
f 6156 6158 6159
f 6160 6161 6162
f 6160 6162 6163
f 6164 6165 6166
f 6164 6166 6167
f 6168 6169 6170
f 6168 6170 6171
f 6172 6173 6174
f 6172 6174 6175
f 6176 6177 6178
f 6176 6178 6179
f 6180 6181 6182
f 6180 6182 6183
f 6184 6185 6186
f 6184 6186 6187
f 6188 6189 6190
f 6188 6190 6191
f 6192 6193 6194
f 6192 6194 6195
f 6196 6197 6198
f 6196 6198 6199
f 6200 6201 6202
f 6200 6202 6203
f 5984 6203 6192
f 5984 6192 6091
f 5997 6107 6191
f 5997 6191 6196
f 6088 6195 6184
f 6088 6184 6139
f 6047 6136 6187
f 6047 6187 6180
f 6044 6183 6176
f 6044 6176 6049
f 6050 6179 6172
f 6050 6172 6053
f 6054 6175 6168
f 6054 6168 6057
f 6106 6120 6167
f 6106 6167 6188
f 6058 6171 6164
f 6058 6164 6123
f 5987 5990 6163
f 5987 6163 6200
f 5993 5998 6199
f 5993 6199 6156
f 5989 5994 6159
f 5989 6159 6160
f 6085 6152 6149
f 6085 6149 6143
f 6043 6140 6148
f 6043 6148 6147
f 6039 6040 6146
f 6039 6146 6145
f 6025 6034 6036
f 6025 6036 6144
f 5980 6154 6153
f 5980 6153 6084
f 5976 6150 6155
f 5976 6155 5983
f 5964 6151 5979
f 5964 5979 5973
f 6024 6027 6028
f 6024 6028 6035
f 6026 6115 6116
f 6026 6116 6029
f 6030 6119 6165
f 6030 6165 6170
f 6031 6169 6174
f 6031 6174 6032
f 6033 6173 6178
f 6033 6178 6037
f 6038 6177 6182
f 6038 6182 6041
f 6042 6181 6186
f 6042 6186 6141
f 6045 6048 6071
f 6045 6071 6072
f 6046 6075 6135
f 6046 6135 6137
f 6051 6052 6067
f 6051 6067 6068
f 6055 6056 6063
f 6055 6063 6064
f 6059 6122 6124
f 6059 6124 6060
f 6061 6127 6128
f 6061 6128 6083
f 6062 6082 6081
f 6062 6081 6065
f 6066 6080 6079
f 6066 6079 6069
f 6070 6078 6077
f 6070 6077 6073
f 6074 6076 6131
f 6074 6131 6132
f 6110 6117 6114
f 6110 6114 6113
f 6109 6189 6166
f 6109 6166 6118
f 6102 6125 6121
f 6102 6121 6105
f 6098 6129 6126
f 6098 6126 6101
f 6094 6133 6130
f 6094 6130 6097
f 6089 6138 6134
f 6089 6134 6093
f 6086 6142 6185
f 6086 6185 6194
f 6013 6095 6096
f 6013 6096 6017
f 6009 6014 6016
f 6009 6016 6019
f 6005 6010 6018
f 6005 6018 6021
f 6001 6006 6020
f 6001 6020 6023
f 6002 6022 6099
f 6002 6099 6100
f 5996 6003 6103
f 5996 6103 6104
f 5992 6007 6000
f 5992 6000 5999
f 5988 6011 6004
f 5988 6004 5995
f 5985 6090 6092
f 5985 6092 6012
f 5986 6015 6008
f 5986 6008 5991
f 5981 6087 6193
f 5981 6193 6202
f 5977 5982 6201
f 5977 6201 6162
f 5974 5978 6161
f 5974 6161 6158
f 5968 5975 6157
f 5968 6157 6198
f 5969 6197 6190
f 5969 6190 6108
f 5967 5970 6111
f 5967 6111 6112
f 5965 5972 5971
f 5965 5971 5966
f 6192 6203 6202
f 6192 6202 6193
f 6190 6197 6196
f 6190 6196 6191
f 6184 6195 6194
f 6184 6194 6185
f 6180 6187 6186
f 6180 6186 6181
f 6176 6183 6182
f 6176 6182 6177
f 6172 6179 6178
f 6172 6178 6173
f 6168 6175 6174
f 6168 6174 6169
f 6164 6171 6170
f 6164 6170 6165
f 6166 6189 6188
f 6166 6188 6167
f 6162 6201 6200
f 6162 6200 6163
f 6156 6199 6198
f 6156 6198 6157
f 6158 6161 6160
f 6158 6160 6159
f 5912 6153 6154
f 5912 6154 5913
f 5914 6155 6150
f 5914 6150 5915
f 5904 6149 6152
f 5904 6152 5905
f 5894 6147 6148
f 5894 6148 5895
f 5892 6145 6146
f 5892 6146 5893
f 6141 6186 6185
f 6141 6185 6142
f 6140 6143 6149
f 6140 6149 6148
f 6136 6139 6184
f 6136 6184 6187
f 6134 6138 6137
f 6134 6137 6135
f 6130 6133 6132
f 6130 6132 6131
f 6126 6129 6128
f 6126 6128 6127
f 6121 6125 6124
f 6121 6124 6122
f 6120 6123 6164
f 6120 6164 6167
f 6118 6166 6165
f 6118 6165 6119
f 6114 6117 6116
f 6114 6116 6115
f 5902 6113 6114
f 5902 6114 5903
f 6108 6190 6189
f 6108 6189 6109
f 6109 6118 6117
f 6109 6117 6110
f 6110 6113 6112
f 6110 6112 6111
f 6105 6121 6120
f 6105 6120 6106
f 6106 6188 6191
f 6106 6191 6107
f 6101 6126 6125
f 6101 6125 6102
f 6102 6105 6104
f 6102 6104 6103
f 5942 6129 6098
f 5942 6098 5943
f 6098 6101 6100
f 6098 6100 6099
f 5954 6097 6130
f 5954 6130 5955
f 6093 6134 6133
f 6093 6133 6094
f 6094 6097 6096
f 6094 6096 6095
f 6088 6139 6138
f 6088 6138 6089
f 6089 6093 6092
f 6089 6092 6090
f 6088 6091 6192
f 6088 6192 6195
f 6084 6153 6152
f 6084 6152 6085
f 6085 6143 6142
f 6085 6142 6086
f 6086 6194 6193
f 6086 6193 6087
f 5944 6083 6128
f 5944 6128 5945
f 5946 6081 6082
f 5946 6082 5947
f 5948 6079 6080
f 5948 6080 5949
f 5950 6077 6078
f 5950 6078 5951
f 5952 6131 6076
f 5952 6076 5953
f 6073 6077 6076
f 6073 6076 6074
f 6074 6132 6135
f 6074 6135 6075
f 6069 6079 6078
f 6069 6078 6070
f 6070 6073 6072
f 6070 6072 6071
f 6065 6081 6080
f 6065 6080 6066
f 6066 6069 6068
f 6066 6068 6067
f 6060 6124 6127
f 6060 6127 6061
f 6061 6083 6082
f 6061 6082 6062
f 6062 6065 6064
f 6062 6064 6063
f 6057 6168 6171
f 6057 6171 6058
f 6058 6123 6122
f 6058 6122 6059
f 6056 6059 6060
f 6056 6060 6063
f 6053 6172 6175
f 6053 6175 6054
f 6054 6057 6056
f 6054 6056 6055
f 6052 6055 6064
f 6052 6064 6067
f 6049 6176 6179
f 6049 6179 6050
f 6050 6053 6052
f 6050 6052 6051
f 6048 6051 6068
f 6048 6068 6071
f 6044 6049 6048
f 6044 6048 6045
f 6045 6072 6075
f 6045 6075 6046
f 6046 6137 6136
f 6046 6136 6047
f 6044 6047 6180
f 6044 6180 6183
f 6041 6182 6181
f 6041 6181 6042
f 6042 6141 6140
f 6042 6140 6043
f 6040 6043 6147
f 6040 6147 6146
f 6037 6178 6177
f 6037 6177 6038
f 6038 6041 6040
f 6038 6040 6039
f 6036 6039 6145
f 6036 6145 6144
f 6032 6174 6173
f 6032 6173 6033
f 6033 6037 6036
f 6033 6036 6034
f 6029 6116 6119
f 6029 6119 6030
f 6030 6170 6169
f 6030 6169 6031
f 6028 6031 6032
f 6028 6032 6035
f 5900 6115 6026
f 5900 6026 5901
f 6027 6026 6029
f 6027 6029 6028
f 6024 6035 6034
f 6024 6034 6025
f 5896 6025 6144
f 5896 6144 5897
f 5898 6027 6024
f 5898 6024 5899
f 5940 6099 6022
f 5940 6022 5941
f 5961 5960 6023
f 5961 6023 6020
f 5962 6021 6018
f 5962 6018 5963
f 5958 6019 6016
f 5958 6016 5959
f 5956 6017 6096
f 5956 6096 5957
f 6012 6092 6095
f 6012 6095 6013
f 6013 6017 6016
f 6013 6016 6014
f 6008 6015 6014
f 6008 6014 6009
f 6009 6019 6018
f 6009 6018 6010
f 6004 6011 6010
f 6004 6010 6005
f 6005 6021 6020
f 6005 6020 6006
f 6000 6007 6006
f 6000 6006 6001
f 6001 6023 6022
f 6001 6022 6002
f 6002 6100 6103
f 6002 6103 6003
f 5996 6104 6107
f 5996 6107 5997
f 5997 6196 6199
f 5997 6199 5998
f 5996 5999 6000
f 5996 6000 6003
f 5992 5999 5998
f 5992 5998 5993
f 5993 6156 6159
f 5993 6159 5994
f 5992 5995 6004
f 5992 6004 6007
f 5988 5995 5994
f 5988 5994 5989
f 5989 6160 6163
f 5989 6163 5990
f 5988 5991 6008
f 5988 6008 6011
f 5984 6091 6090
f 5984 6090 5985
f 5985 6012 6015
f 5985 6015 5986
f 5986 5991 5990
f 5986 5990 5987
f 5984 5987 6200
f 5984 6200 6203
f 5980 6084 6087
f 5980 6087 5981
f 5981 6202 6201
f 5981 6201 5982
f 5980 5983 6155
f 5980 6155 6154
f 5976 5983 5982
f 5976 5982 5977
f 5977 6162 6161
f 5977 6161 5978
f 5976 5979 6151
f 5976 6151 6150
f 5973 5979 5978
f 5973 5978 5974
f 5974 6158 6157
f 5974 6157 5975
f 5968 6198 6197
f 5968 6197 5969
f 5969 6108 6111
f 5969 6111 5970
f 5968 5971 5972
f 5968 5972 5975
f 5906 5967 6112
f 5906 6112 5907
f 5967 5966 5971
f 5967 5971 5970
f 5911 5910 6151
f 5911 6151 5964
f 5964 5973 5972
f 5964 5972 5965
f 5908 5965 5966
f 5908 5966 5909
f 6204 6205 6206
f 6204 6206 6207
f 6208 6209 6210
f 6208 6210 6211
f 6212 6213 6214
f 6212 6214 6215
f 6216 6217 6218
f 6216 6218 6219
f 6220 6221 6222
f 6220 6222 6223
f 6224 6225 6226
f 6224 6226 6227
f 6228 6229 6230
f 6228 6230 6231
f 6232 6233 6234
f 6232 6234 6235
f 6236 6237 6238
f 6236 6238 6239
f 6240 6241 6242
f 6240 6242 6243
f 6244 6245 6246
f 6244 6246 6247
f 6248 6249 6250
f 6248 6250 6251
f 6252 6253 6254
f 6252 6254 6255
f 6256 6257 6258
f 6256 6258 6259
f 6260 6261 6262
f 6260 6262 6263
f 6264 6265 6266
f 6264 6266 6267
f 6268 6269 6270
f 6268 6270 6271
f 6272 6273 6274
f 6272 6274 6275
f 6276 6277 6278
f 6276 6278 6279
f 6280 6281 6282
f 6280 6282 6283
f 6284 6285 6286
f 6284 6286 6287
f 6288 6289 6290
f 6288 6290 6291
f 6292 6293 6294
f 6292 6294 6295
f 6296 6297 6298
f 6296 6298 6299
f 6300 6301 6302
f 6300 6302 6303
f 6304 6305 6306
f 6304 6306 6307
f 6308 6309 6310
f 6308 6310 6311
f 6312 6313 6314
f 6312 6314 6315
f 6316 6317 6318
f 6316 6318 6319
f 6320 6321 6322
f 6320 6322 6323
f 6324 6325 6326
f 6324 6326 6327
f 6328 6329 6330
f 6328 6330 6331
f 6332 6333 6334
f 6332 6334 6335
f 6336 6337 6338
f 6336 6338 6339
f 6340 6341 6342
f 6340 6342 6343
f 6344 6345 6346
f 6344 6346 6347
f 6348 5916 5917
f 6348 5917 6349
f 6350 5918 5919
f 6350 5919 6351
f 6352 5920 5921
f 6352 5921 6353
f 6354 5922 5923
f 6354 5923 6355
f 5924 6356 6357
f 5924 6357 5925
f 6358 5926 5927
f 6358 5927 6359
f 6360 5928 5929
f 6360 5929 6361
f 6362 5930 5931
f 6362 5931 6363
f 6364 5932 5933
f 6364 5933 6365
f 6366 5934 5935
f 6366 5935 6367
f 5936 6368 6369
f 5936 6369 5937
f 6370 5938 5939
f 6370 5939 6371
f 6209 6372 6373
f 6209 6373 6210
f 6205 6210 6373
f 6205 6373 6374
f 6205 6374 6375
f 6205 6375 6206
f 6206 6375 6376
f 6206 6376 6240
f 6240 6376 6377
f 6240 6377 6241
f 6241 6377 6378
f 6241 6378 6246
f 6246 6378 6379
f 6246 6379 6247
f 6221 6247 6379
f 6221 6379 6380
f 6221 6380 6381
f 6221 6381 6222
f 6222 6381 6382
f 6222 6382 6225
f 6225 6382 6383
f 6225 6383 6226
f 6226 6383 6384
f 6226 6384 6229
f 6229 6384 6385
f 6229 6385 6230
f 6230 6385 6386
f 6230 6386 6233
f 6233 6386 6387
f 6233 6387 6234
f 6234 6387 6388
f 6234 6388 6248
f 6248 6388 6389
f 6248 6389 6249
f 6238 6249 6389
f 6238 6389 6390
f 6238 6390 6391
f 6238 6391 6239
f 6217 6239 6391
f 6217 6391 6392
f 6217 6392 6393
f 6217 6393 6218
f 6213 6218 6393
f 6213 6393 6394
f 6213 6394 6395
f 6213 6395 6214
f 6209 6214 6395
f 6209 6395 6372
f 6255 6331 6368
f 6255 6368 6370
f 6330 6333 6367
f 6330 6367 6369
f 6284 6365 6366
f 6284 6366 6332
f 6287 6288 6363
f 6287 6363 6364
f 6291 6292 6361
f 6291 6361 6362
f 6295 6296 6359
f 6295 6359 6360
f 6299 6347 6356
f 6299 6356 6358
f 6317 6355 6357
f 6317 6357 6346
f 6264 6353 6354
f 6264 6354 6316
f 6260 6351 6352
f 6260 6352 6267
f 6252 6371 6348
f 6252 6348 6259
f 6256 6349 6350
f 6256 6350 6263
f 6285 6335 6336
f 6285 6336 6314
f 6286 6313 6310
f 6286 6310 6289
f 6290 6309 6306
f 6290 6306 6293
f 6294 6305 6301
f 6294 6301 6297
f 6298 6300 6343
f 6298 6343 6344
f 6231 6232 6302
f 6231 6302 6304
f 6235 6251 6340
f 6235 6340 6303
f 6227 6228 6307
f 6227 6307 6308
f 6223 6224 6311
f 6223 6311 6312
f 6220 6315 6339
f 6220 6339 6244
f 6326 6337 6334
f 6326 6334 6329
f 6242 6245 6338
f 6242 6338 6325
f 6237 6322 6341
f 6237 6341 6250
f 6318 6345 6342
f 6318 6342 6321
f 6207 6243 6324
f 6207 6324 6280
f 6204 6283 6276
f 6204 6276 6211
f 6208 6279 6272
f 6208 6272 6215
f 6216 6268 6323
f 6216 6323 6236
f 6212 6275 6269
f 6212 6269 6219
f 6265 6319 6320
f 6265 6320 6271
f 6261 6266 6270
f 6261 6270 6274
f 6257 6262 6273
f 6257 6273 6278
f 6253 6258 6277
f 6253 6277 6282
f 6254 6281 6327
f 6254 6327 6328
f 5936 5938 6370
f 5936 6370 6368
f 5935 5937 6369
f 5935 6369 6367
f 5933 5934 6366
f 5933 6366 6365
f 5931 5932 6364
f 5931 6364 6363
f 5929 5930 6362
f 5929 6362 6361
f 5927 5928 6360
f 5927 6360 6359
f 5924 5926 6358
f 5924 6358 6356
f 5923 5925 6357
f 5923 6357 6355
f 5921 5922 6354
f 5921 6354 6353
f 5919 5920 6352
f 5919 6352 6351
f 6348 6371 5939
f 6348 5939 5916
f 5917 5918 6350
f 5917 6350 6349
f 6346 6357 6356
f 6346 6356 6347
f 6342 6345 6344
f 6342 6344 6343
f 6332 6366 6367
f 6332 6367 6333
f 6334 6337 6336
f 6334 6336 6335
f 6329 6334 6333
f 6329 6333 6330
f 6330 6369 6368
f 6330 6368 6331
f 6325 6338 6337
f 6325 6337 6326
f 6326 6329 6328
f 6326 6328 6327
f 6321 6342 6341
f 6321 6341 6322
f 6316 6354 6355
f 6316 6355 6317
f 6317 6346 6345
f 6317 6345 6318
f 6318 6321 6320
f 6318 6320 6319
f 6314 6336 6339
f 6314 6339 6315
f 6310 6313 6312
f 6310 6312 6311
f 6306 6309 6308
f 6306 6308 6307
f 6301 6305 6304
f 6301 6304 6302
f 6300 6303 6340
f 6300 6340 6343
f 6297 6301 6300
f 6297 6300 6298
f 6298 6344 6347
f 6298 6347 6299
f 6296 6299 6358
f 6296 6358 6359
f 6293 6306 6305
f 6293 6305 6294
f 6294 6297 6296
f 6294 6296 6295
f 6292 6295 6360
f 6292 6360 6361
f 6289 6310 6309
f 6289 6309 6290
f 6290 6293 6292
f 6290 6292 6291
f 6288 6291 6362
f 6288 6362 6363
f 6284 6332 6335
f 6284 6335 6285
f 6285 6314 6313
f 6285 6313 6286
f 6286 6289 6288
f 6286 6288 6287
f 6284 6287 6364
f 6284 6364 6365
f 6280 6324 6327
f 6280 6327 6281
f 6276 6283 6282
f 6276 6282 6277
f 6272 6279 6278
f 6272 6278 6273
f 6269 6275 6274
f 6269 6274 6270
f 6268 6271 6320
f 6268 6320 6323
f 6264 6316 6319
f 6264 6319 6265
f 6265 6271 6270
f 6265 6270 6266
f 6264 6267 6352
f 6264 6352 6353
f 6260 6267 6266
f 6260 6266 6261
f 6261 6274 6273
f 6261 6273 6262
f 6260 6263 6350
f 6260 6350 6351
f 6256 6263 6262
f 6256 6262 6257
f 6257 6278 6277
f 6257 6277 6258
f 6256 6259 6348
f 6256 6348 6349
f 6252 6259 6258
f 6252 6258 6253
f 6253 6282 6281
f 6253 6281 6254
f 6254 6328 6331
f 6254 6331 6255
f 6252 6255 6370
f 6252 6370 6371
f 6250 6341 6340
f 6250 6340 6251
f 6244 6339 6338
f 6244 6338 6245
f 6241 6246 6245
f 6241 6245 6242
f 6242 6325 6324
f 6242 6324 6243
f 6236 6323 6322
f 6236 6322 6237
f 6237 6250 6249
f 6237 6249 6238
f 6234 6248 6251
f 6234 6251 6235
f 6232 6235 6303
f 6232 6303 6302
f 6230 6233 6232
f 6230 6232 6231
f 6228 6231 6304
f 6228 6304 6307
f 6226 6229 6228
f 6226 6228 6227
f 6224 6227 6308
f 6224 6308 6311
f 6220 6244 6247
f 6220 6247 6221
f 6222 6225 6224
f 6222 6224 6223
f 6220 6223 6312
f 6220 6312 6315
f 6216 6236 6239
f 6216 6239 6217
f 6216 6219 6269
f 6216 6269 6268
f 6212 6219 6218
f 6212 6218 6213
f 6212 6215 6272
f 6212 6272 6275
f 6208 6215 6214
f 6208 6214 6209
f 6208 6211 6276
f 6208 6276 6279
f 6204 6211 6210
f 6204 6210 6205
f 6206 6240 6243
f 6206 6243 6207
f 6204 6207 6280
f 6204 6280 6283
f 6391 6396 6397
f 6391 6397 6392
f 6392 6397 6398
f 6392 6398 6393
f 6393 6398 6399
f 6393 6399 6394
f 6394 6399 6400
f 6394 6400 6395
f 6372 6395 6400
f 6372 6400 6401
f 6372 6401 6402
f 6372 6402 6373
f 6373 6402 6403
f 6373 6403 6374
f 6374 6403 6404
f 6374 6404 6375
f 6375 6404 6405
f 6375 6405 6376
f 6376 6405 6406
f 6376 6406 6377
f 6377 6406 6407
f 6377 6407 6378
f 6378 6407 6408
f 6378 6408 6379
f 6379 6408 6409
f 6379 6409 6380
f 6380 6409 6410
f 6380 6410 6381
f 6381 6410 6411
f 6381 6411 6382
f 6382 6411 6412
f 6382 6412 6383
f 6383 6412 6413
f 6383 6413 6384
f 6384 6413 6414
f 6384 6414 6385
f 6385 6414 6415
f 6385 6415 6386
f 6386 6415 6416
f 6386 6416 6387
f 6387 6416 6417
f 6387 6417 6388
f 6388 6417 6418
f 6388 6418 6389
f 6389 6418 6419
f 6389 6419 6390
f 6390 6419 6396
f 6390 6396 6391
f 6400 6420 6421
f 6400 6421 6401
f 6399 6422 6420
f 6399 6420 6400
f 6398 6423 6422
f 6398 6422 6399
f 6397 6424 6423
f 6397 6423 6398
f 6397 6396 6425
f 6397 6425 6424
f 6396 6419 6426
f 6396 6426 6425
f 6418 6427 6426
f 6418 6426 6419
f 6417 6428 6427
f 6417 6427 6418
f 6416 6429 6428
f 6416 6428 6417
f 6415 6430 6429
f 6415 6429 6416
f 6414 6431 6430
f 6414 6430 6415
f 6413 6432 6431
f 6413 6431 6414
f 6412 6433 6432
f 6412 6432 6413
f 6411 6434 6433
f 6411 6433 6412
f 6410 6435 6434
f 6410 6434 6411
f 6409 6436 6435
f 6409 6435 6410
f 6408 6437 6436
f 6408 6436 6409
f 6407 6438 6437
f 6407 6437 6408
f 6406 6439 6438
f 6406 6438 6407
f 6405 6440 6439
f 6405 6439 6406
f 6404 6441 6440
f 6404 6440 6405
f 6403 6442 6441
f 6403 6441 6404
f 6402 6443 6442
f 6402 6442 6403
f 6401 6421 6443
f 6401 6443 6402
f 6444 6445 6446
f 6444 6446 6447
f 6448 6449 6450
f 6448 6450 6451
f 6452 6453 6454
f 6452 6454 6455
f 6456 6457 6458
f 6456 6458 6459
f 6460 6461 6462
f 6460 6462 6463
f 6464 6465 6466
f 6464 6466 6467
f 6468 6469 6470
f 6468 6470 6471
f 6472 6473 6474
f 6472 6474 6475
f 6476 6477 6478
f 6476 6478 6479
f 6480 6481 6482
f 6480 6482 6483
f 6484 6485 6486
f 6484 6486 6487
f 6488 6489 6490
f 6488 6490 6491
f 6492 6493 6494
f 6492 6494 6495
f 6496 6497 6498
f 6496 6498 6499
f 6500 6501 6502
f 6500 6502 6503
f 6504 6505 6506
f 6504 6506 6507
f 6508 6509 6510
f 6508 6510 6511
f 6512 6513 6514
f 6512 6514 6515
f 6516 6517 6518
f 6516 6518 6519
f 6520 6521 6522
f 6520 6522 6523
f 6524 6525 6526
f 6524 6526 6527
f 6528 6529 6530
f 6528 6530 6531
f 6532 6533 6534
f 6532 6534 6535
f 6536 6537 6538
f 6536 6538 6539
f 6534 6540 6537
f 6530 6541 6533
f 6526 6542 6529
f 6522 6543 6525
f 6518 6544 6521
f 6514 6545 6517
f 6510 6546 6513
f 6506 6547 6509
f 6502 6548 6505
f 6498 6549 6501
f 6494 6550 6497
f 6493 6538 6551
f 6473 6436 6437
f 6473 6437 6484
f 6469 6434 6435
f 6469 6435 6472
f 6466 6432 6433
f 6466 6433 6468
f 6462 6430 6431
f 6462 6431 6465
f 6461 6491 6428
f 6461 6428 6429
f 6460 6523 6524
f 6460 6524 6488
f 6463 6464 6519
f 6463 6519 6520
f 6467 6471 6515
f 6467 6515 6516
f 6470 6475 6511
f 6470 6511 6512
f 6474 6487 6507
f 6474 6507 6508
f 6482 6485 6438
f 6482 6438 6439
f 6481 6503 6504
f 6481 6504 6486
f 6478 6489 6527
f 6478 6527 6528
f 6477 6426 6427
f 6477 6427 6490
f 6457 6499 6500
f 6457 6500 6480
f 6453 6495 6496
f 6453 6496 6456
f 6448 6539 6492
f 6448 6492 6452
f 6444 6535 6536
f 6444 6536 6451
f 6447 6479 6531
f 6447 6531 6532
f 6446 6424 6425
f 6446 6425 6476
f 6445 6450 6422
f 6445 6422 6423
f 6449 6455 6421
f 6449 6421 6420
f 6454 6459 6442
f 6454 6442 6443
f 6458 6483 6440
f 6458 6440 6441
f 6534 6537 6536
f 6534 6536 6535
f 6530 6533 6532
f 6530 6532 6531
f 6526 6529 6528
f 6526 6528 6527
f 6522 6525 6524
f 6522 6524 6523
f 6518 6521 6520
f 6518 6520 6519
f 6514 6517 6516
f 6514 6516 6515
f 6510 6513 6512
f 6510 6512 6511
f 6506 6509 6508
f 6506 6508 6507
f 6502 6505 6504
f 6502 6504 6503
f 6498 6501 6500
f 6498 6500 6499
f 6492 6539 6538
f 6492 6538 6493
f 6494 6497 6496
f 6494 6496 6495
f 6488 6524 6527
f 6488 6527 6489
f 6490 6427 6428
f 6490 6428 6491
f 6486 6504 6507
f 6486 6507 6487
f 6484 6437 6438
f 6484 6438 6485
f 6480 6500 6503
f 6480 6503 6481
f 6481 6486 6485
f 6481 6485 6482
f 6482 6439 6440
f 6482 6440 6483
f 6477 6490 6489
f 6477 6489 6478
f 6478 6528 6531
f 6478 6531 6479
f 6476 6425 6426
f 6476 6426 6477
f 6493 6551 6550
f 6493 6550 6494
f 6537 6540 6551
f 6537 6551 6538
f 6533 6541 6540
f 6533 6540 6534
f 6529 6542 6541
f 6529 6541 6530
f 6525 6543 6542
f 6525 6542 6526
f 6521 6544 6543
f 6521 6543 6522
f 6517 6545 6544
f 6517 6544 6518
f 6513 6546 6545
f 6513 6545 6514
f 6509 6547 6546
f 6509 6546 6510
f 6505 6548 6547
f 6505 6547 6506
f 6501 6549 6548
f 6501 6548 6502
f 6497 6550 6549
f 6497 6549 6498
f 6473 6484 6487
f 6473 6487 6474
f 6474 6508 6511
f 6474 6511 6475
f 6469 6472 6475
f 6469 6475 6470
f 6470 6512 6515
f 6470 6515 6471
f 6466 6468 6471
f 6466 6471 6467
f 6464 6467 6516
f 6464 6516 6519
f 6460 6488 6491
f 6460 6491 6461
f 6462 6465 6464
f 6462 6464 6463
f 6460 6463 6520
f 6460 6520 6523
f 6461 6429 6430
f 6461 6430 6462
f 6465 6431 6432
f 6465 6432 6466
f 6468 6433 6434
f 6468 6434 6469
f 6472 6435 6436
f 6472 6436 6473
f 6456 6496 6499
f 6456 6499 6457
f 6457 6480 6483
f 6457 6483 6458
f 6452 6492 6495
f 6452 6495 6453
f 6453 6456 6459
f 6453 6459 6454
f 6448 6452 6455
f 6448 6455 6449
f 6448 6451 6536
f 6448 6536 6539
f 6444 6451 6450
f 6444 6450 6445
f 6446 6476 6479
f 6446 6479 6447
f 6444 6447 6532
f 6444 6532 6535
f 6445 6423 6424
f 6445 6424 6446
f 6449 6420 6422
f 6449 6422 6450
f 6454 6443 6421
f 6454 6421 6455
f 6458 6441 6442
f 6458 6442 6459
f 6548 6549 6550
f 6548 6550 6551
f 6540 6548 6551
f 6540 6541 6548
f 6541 6542 6548
f 6542 6543 6548
f 6543 6544 6548
f 6544 6545 6548
f 6545 6546 6548
f 6546 6547 6548
f 6552 6553 6554
f 6552 6554 6555
f 151 152 6556
f 151 6556 153
f 6557 6558 6559
f 6557 6559 6560
f 6561 6562 6563
f 6561 6563 6564
f 6565 6566 6567
f 6565 6567 6568
f 154 6569 155
f 154 155 156
f 188 6570 6571
f 188 6571 189
f 73 121 6568
f 73 6568 154
f 68 6564 6565
f 68 6565 124
f 66 6560 6561
f 66 6561 71
f 65 219 153
f 65 153 6557
f 6567 6572 6569
f 155 6573 158
f 6554 6574 6575
f 6554 6575 6555
f 188 227 6576
f 188 6576 6570
f 6569 6572 6573
f 6569 6573 155
f 6567 6569 154
f 6567 154 6568
f 6563 6566 6565
f 6563 6565 6564
f 6559 6562 6561
f 6559 6561 6560
f 6556 6558 6557
f 6556 6557 153
f 152 189 6571
f 152 6571 6556
f 121 124 6565
f 121 6565 6568
f 68 71 6561
f 68 6561 6564
f 65 6557 6560
f 65 6560 66
f 6556 6571 6558
f 59 158 6573
f 59 6573 6577
f 227 6575 6574
f 227 6574 6576
f 6552 239 277
f 6552 277 276
f 6552 6555 217
f 6552 217 239
f 6555 6575 218
f 6555 218 217
f 218 6575 227
f 6578 6579 6580
f 6578 6580 6581
f 6582 6583 6584
f 6582 6584 6585
f 6586 6587 6588
f 6586 6588 6589
f 228 6590 6591
f 228 6591 313
f 314 315 6592
f 314 6592 6593
f 6572 6594 6573
f 6595 6596 6597
f 6595 6597 6598
f 6599 6600 6601
f 6599 6601 6602
f 6603 6604 6605
f 6603 6605 6606
f 6607 6608 6609
f 6607 6609 6610
f 6611 6612 6613
f 6611 6613 6614
f 6615 6616 6617
f 6615 6617 6618
f 6577 6619 6620
f 6577 6620 6621
f 6622 6623 6624
f 6622 6624 6625
f 214 324 314
f 214 314 6593
f 6599 6626 6627
f 6599 6627 6600
f 6584 6628 6629
f 6584 6629 6585
f 6585 6629 6626
f 6585 6626 6599
f 6584 309 328
f 6584 328 6628
f 6588 6591 6598
f 6588 6598 6625
f 214 6593 6617
f 214 6617 276
f 6592 6611 6610
f 6592 6610 6618
f 315 322 316
f 315 316 6612
f 60 6621 6595
f 60 6595 6590
f 46 313 6587
f 46 6587 310
f 6589 6624 6626
f 6589 6626 6629
f 311 6586 6628
f 311 6628 328
f 6581 6606 6607
f 6581 6607 6614
f 6580 6582 6602
f 6580 6602 6603
f 305 6578 6613
f 305 6613 319
f 304 306 6583
f 304 6583 6579
f 6553 276 6617
f 6553 6617 6616
f 6612 316 319
f 6612 319 6613
f 6609 6615 6618
f 6609 6618 6610
f 6607 6610 6611
f 6607 6611 6614
f 6605 6608 6607
f 6605 6607 6606
f 6601 6604 6603
f 6601 6603 6602
f 6623 6627 6626
f 6623 6626 6624
f 6597 6622 6625
f 6597 6625 6598
f 6595 6621 6620
f 6595 6620 6596
f 6573 6594 6619
f 6573 6619 6577
f 6592 6618 6617
f 6592 6617 6593
f 315 6612 6611
f 315 6611 6592
f 6591 6590 6595
f 6591 6595 6598
f 6588 6625 6624
f 6588 6624 6589
f 6587 313 6591
f 6587 6591 6588
f 310 6587 6586
f 310 6586 311
f 6586 6589 6629
f 6586 6629 6628
f 6583 306 309
f 6583 309 6584
f 6582 6585 6599
f 6582 6599 6602
f 6580 6603 6606
f 6580 6606 6581
f 6579 6583 6582
f 6579 6582 6580
f 6578 6581 6614
f 6578 6614 6613
f 304 6579 6578
f 304 6578 305
f 59 6577 6621
f 59 6621 60
f 57 60 6590
f 57 6590 228
f 6552 276 6553
f 6630 6631 6632
f 6630 6632 6633
f 6634 6635 6636
f 6634 6636 6637
f 6638 6639 6640
f 6638 6640 6641
f 6642 6643 6644
f 6642 6644 6645
f 6646 6647 6648
f 6646 6648 6649
f 6650 6651 6652
f 6650 6652 6653
f 6654 6655 6656
f 6654 6656 6657
f 6658 6659 6660
f 6658 6660 6661
f 6662 6663 6664
f 6662 6664 6665
f 6666 6667 6668
f 6666 6668 6669
f 6670 6671 6672
f 6673 6674 6675
f 6673 6675 6676
f 6677 6678 6679
f 6677 6679 6680
f 6681 6682 6683
f 6681 6683 6684
f 6685 6686 6687
f 6685 6687 6688
f 6689 6690 6691
f 6689 6691 6692
f 6693 6694 6695
f 6693 6695 6696
f 6697 6698 6699
f 6697 6699 6700
f 6701 6702 6703
f 6701 6703 6704
f 6705 6706 6707
f 6705 6707 6708
f 6709 6710 6711
f 6709 6711 6712
f 6713 6714 6715
f 6713 6715 6716
f 6717 6718 6719
f 6717 6719 6720
f 6721 6722 6723
f 6721 6723 6724
f 6725 6726 6727
f 6725 6727 6728
f 6729 6730 6731
f 6729 6731 6732
f 6733 6734 6735
f 6733 6735 6736
f 6737 6738 6739
f 6737 6739 6740
f 6741 6742 6743
f 6741 6743 6744
f 6745 6746 6747
f 6748 6749 6750
f 6748 6750 6751
f 6752 6753 6754
f 6752 6754 6755
f 6756 6757 6758
f 6756 6758 6759
f 6760 6761 6762
f 6760 6762 6763
f 6764 6765 6766
f 6764 6766 6767
f 6768 6769 6770
f 6768 6770 6771
f 6772 6773 6774
f 6772 6774 6775
f 6776 6777 6778
f 6776 6778 6779
f 6780 6781 6782
f 6780 6782 6783
f 6784 6785 6786
f 6784 6786 6787
f 6788 6789 6790
f 6788 6790 6791
f 6792 6793 6794
f 6792 6794 6795
f 6796 6797 6798
f 6796 6798 6799
f 6800 6801 6802
f 6800 6802 6803
f 6804 6805 6806
f 6804 6806 6807
f 6808 6809 6810
f 6808 6810 6811
f 6812 6813 6814
f 6812 6814 6815
f 6816 6817 6818
f 6816 6818 6819
f 6820 6821 6822
f 6820 6822 6823
f 6824 6825 6826
f 6824 6826 6827
f 6828 6829 6830
f 6828 6830 6831
f 6832 6833 6834
f 6832 6834 6835
f 6836 6837 6838
f 6836 6838 6839
f 6840 6841 6842
f 6840 6842 6843
f 6844 6845 6846
f 6844 6846 6847
f 6848 6849 6850
f 6848 6850 6851
f 6852 6853 6854
f 6852 6854 6855
f 6856 6857 6858
f 6856 6858 6859
f 6860 6861 6862
f 6860 6862 6863
f 6864 6865 6866
f 6864 6866 6867
f 6868 6869 6870
f 6868 6870 6871
f 6872 6873 6874
f 6872 6874 6875
f 6876 6877 6878
f 6876 6878 6879
f 6880 6881 6882
f 6880 6882 6883
f 6884 6885 6886
f 6884 6886 6887
f 6888 6889 6890
f 6888 6890 6891
f 6662 6892 6893
f 6662 6893 6663
f 6662 6669 6894
f 6662 6894 6892
f 6668 6895 6894
f 6668 6894 6669
f 6668 6699 6895
f 6600 6627 6896
f 6563 6859 6890
f 6563 6890 6566
f 6705 6891 6858
f 6705 6858 6711
f 6702 6738 6811
f 6702 6811 6836
f 6701 6707 6734
f 6701 6734 6739
f 6706 6710 6730
f 6706 6730 6735
f 6709 6714 6726
f 6709 6726 6731
f 6713 6718 6723
f 6713 6723 6727
f 6717 6835 6828
f 6717 6828 6724
f 6722 6759 6752
f 6722 6752 6728
f 6721 6831 6824
f 6721 6824 6756
f 6725 6755 6748
f 6725 6748 6732
f 6729 6751 6745
f 6729 6745 6736
f 6733 6747 6741
f 6733 6741 6740
f 6737 6744 6815
f 6737 6815 6808
f 6743 6772 6819
f 6743 6819 6812
f 6746 6750 6770
f 6746 6770 6773
f 6749 6754 6765
f 6749 6765 6771
f 6753 6758 6762
f 6753 6762 6766
f 6757 6827 6820
f 6757 6820 6763
f 6801 6806 6809
f 6801 6809 6814
f 6797 6802 6813
f 6797 6813 6818
f 6789 6794 6821
f 6789 6821 6826
f 6785 6790 6825
f 6785 6825 6830
f 6781 6786 6829
f 6781 6829 6834
f 6778 6837 6810
f 6778 6810 6805
f 6683 6685 6795
f 6683 6795 6788
f 6679 6690 6686
f 6679 6686 6682
f 6675 6693 6691
f 6675 6691 6678
f 6671 6895 6699
f 6667 6803 6796
f 6667 6796 6700
f 6665 6807 6800
f 6665 6800 6666
f 6661 6892 6894
f 6661 6894 6670
f 6657 6658 6672
f 6657 6672 6673
f 6653 6654 6676
f 6653 6676 6677
f 6649 6684 6791
f 6649 6791 6784
f 6648 6650 6680
f 6648 6680 6681
f 6643 6646 6787
f 6643 6787 6780
f 6639 6651 6647
f 6639 6647 6642
f 6638 6897 6655
f 6638 6655 6652
f 6636 6660 6659
f 6636 6659 6637
f 6636 6898 6893
f 6636 6893 6660
f 6630 6779 6804
f 6630 6804 6664
f 6596 6620 6882
f 6596 6882 6887
f 6777 6884 6881
f 6777 6881 6838
f 6594 6872 6883
f 6594 6883 6619
f 6554 6870 6879
f 6554 6879 6574
f 6782 6833 6876
f 6782 6876 6869
f 6570 6576 6878
f 6570 6878 6866
f 6703 6839 6880
f 6703 6880 6875
f 6720 6867 6877
f 6720 6877 6832
f 6716 6861 6864
f 6716 6864 6719
f 6712 6857 6862
f 6712 6862 6715
f 6704 6874 6888
f 6704 6888 6708
f 6559 6863 6856
f 6559 6856 6562
f 6558 6571 6865
f 6558 6865 6860
f 6633 6855 6885
f 6633 6885 6776
f 6854 6622 6597
f 6854 6597 6886
f 6632 6899 6900
f 6632 6900 6852
f 6853 6896 6627
f 6853 6627 6623
f 6848 6851 6899
f 6848 6899 6901
f 6850 6604 6601
f 6850 6601 6902
f 6634 6847 6848
f 6634 6848 6635
f 6846 6608 6605
f 6846 6605 6849
f 6644 6783 6868
f 6644 6868 6843
f 6640 6645 6842
f 6640 6842 6844
f 6841 6615 6609
f 6841 6609 6845
f 6553 6616 6840
f 6553 6840 6871
f 6881 6884 6887
f 6881 6887 6882
f 6873 6889 6888
f 6873 6888 6874
f 6872 6875 6880
f 6872 6880 6883
f 6869 6876 6879
f 6869 6879 6870
f 6866 6878 6877
f 6866 6877 6867
f 6860 6865 6864
f 6860 6864 6861
f 6858 6891 6890
f 6858 6890 6859
f 6856 6863 6862
f 6856 6862 6857
f 6574 6879 6878
f 6574 6878 6576
f 6553 6871 6870
f 6553 6870 6554
f 6619 6883 6882
f 6619 6882 6620
f 6596 6887 6886
f 6596 6886 6597
f 6572 6873 6872
f 6572 6872 6594
f 6570 6866 6865
f 6570 6865 6571
f 6854 6886 6885
f 6854 6885 6855
f 6853 6623 6622
f 6853 6622 6854
f 6852 6900 6896
f 6852 6896 6853
f 6600 6896 6902
f 6600 6902 6601
f 6896 6900 6902
f 6849 6605 6604
f 6849 6604 6850
f 6846 6849 6848
f 6846 6848 6847
f 6845 6609 6608
f 6845 6608 6846
f 6841 6845 6844
f 6841 6844 6842
f 6840 6616 6615
f 6840 6615 6841
f 6840 6843 6868
f 6840 6868 6871
f 6838 6881 6880
f 6838 6880 6839
f 6832 6877 6876
f 6832 6876 6833
f 6828 6835 6834
f 6828 6834 6829
f 6824 6831 6830
f 6824 6830 6825
f 6820 6827 6826
f 6820 6826 6821
f 6812 6819 6818
f 6812 6818 6813
f 6810 6837 6836
f 6810 6836 6811
f 6808 6815 6814
f 6808 6814 6809
f 6805 6810 6809
f 6805 6809 6806
f 6801 6814 6813
f 6801 6813 6802
f 6800 6807 6806
f 6800 6806 6801
f 6797 6818 6817
f 6797 6817 6798
f 6796 6803 6802
f 6796 6802 6797
f 6793 6822 6821
f 6793 6821 6794
f 6789 6826 6825
f 6789 6825 6790
f 6788 6795 6794
f 6788 6794 6789
f 6785 6830 6829
f 6785 6829 6786
f 6784 6791 6790
f 6784 6790 6785
f 6782 6869 6868
f 6782 6868 6783
f 6781 6834 6833
f 6781 6833 6782
f 6780 6787 6786
f 6780 6786 6781
f 6778 6805 6804
f 6778 6804 6779
f 6777 6838 6837
f 6777 6837 6778
f 6776 6885 6884
f 6776 6884 6777
f 6772 6775 6816
f 6772 6816 6819
f 6769 6774 6773
f 6769 6773 6770
f 6764 6768 6771
f 6764 6771 6765
f 6761 6767 6766
f 6761 6766 6762
f 6760 6763 6820
f 6760 6820 6823
f 6757 6763 6762
f 6757 6762 6758
f 6756 6824 6827
f 6756 6827 6757
f 6753 6766 6765
f 6753 6765 6754
f 6752 6759 6758
f 6752 6758 6753
f 6749 6771 6770
f 6749 6770 6750
f 6748 6755 6754
f 6748 6754 6749
f 6745 6751 6750
f 6745 6750 6746
f 6743 6812 6815
f 6743 6815 6744
f 6742 6773 6772
f 6742 6772 6743
f 6741 6747 6746
f 6741 6746 6742
f 6737 6808 6811
f 6737 6811 6738
f 6737 6740 6741
f 6737 6741 6744
f 6733 6740 6739
f 6733 6739 6734
f 6733 6736 6745
f 6733 6745 6747
f 6729 6736 6735
f 6729 6735 6730
f 6729 6732 6748
f 6729 6748 6751
f 6725 6732 6731
f 6725 6731 6726
f 6725 6728 6752
f 6725 6752 6755
f 6722 6728 6727
f 6722 6727 6723
f 6721 6756 6759
f 6721 6759 6722
f 6721 6724 6828
f 6721 6828 6831
f 6719 6864 6867
f 6719 6867 6720
f 6717 6724 6723
f 6717 6723 6718
f 6717 6720 6832
f 6717 6832 6835
f 6715 6862 6861
f 6715 6861 6716
f 6713 6727 6726
f 6713 6726 6714
f 6713 6716 6719
f 6713 6719 6718
f 6711 6858 6857
f 6711 6857 6712
f 6709 6731 6730
f 6709 6730 6710
f 6709 6712 6715
f 6709 6715 6714
f 6706 6735 6734
f 6706 6734 6707
f 6705 6711 6710
f 6705 6710 6706
f 6705 6708 6888
f 6705 6888 6891
f 6703 6875 6874
f 6703 6874 6704
f 6702 6836 6839
f 6702 6839 6703
f 6701 6739 6738
f 6701 6738 6702
f 6701 6704 6708
f 6701 6708 6707
f 6697 6700 6796
f 6697 6796 6799
f 6694 6699 6698
f 6694 6698 6695
f 6691 6693 6696
f 6691 6696 6692
f 6686 6690 6689
f 6686 6689 6687
f 6685 6688 6792
f 6685 6792 6795
f 6683 6788 6791
f 6683 6791 6684
f 6682 6686 6685
f 6682 6685 6683
f 6679 6682 6681
f 6679 6681 6680
f 6678 6691 6690
f 6678 6690 6679
f 6675 6678 6677
f 6675 6677 6676
f 6674 6694 6693
f 6674 6693 6675
f 6671 6674 6673
f 6671 6673 6672
f 6670 6894 6895
f 6670 6895 6671
f 6667 6700 6699
f 6667 6699 6668
f 6666 6800 6803
f 6666 6803 6667
f 6664 6804 6807
f 6664 6807 6665
f 6662 6665 6666
f 6662 6666 6669
f 6660 6893 6892
f 6660 6892 6661
f 6658 6661 6670
f 6658 6670 6672
f 6656 6659 6658
f 6656 6658 6657
f 6654 6657 6673
f 6654 6673 6676
f 6652 6655 6654
f 6652 6654 6653
f 6650 6653 6677
f 6650 6677 6680
f 6648 6681 6684
f 6648 6684 6649
f 6647 6651 6650
f 6647 6650 6648
f 6646 6649 6784
f 6646 6784 6787
f 6644 6843 6842
f 6644 6842 6645
f 6643 6780 6783
f 6643 6783 6644
f 6642 6647 6646
f 6642 6646 6643
f 6640 6844 6847
f 6640 6847 6641
f 6639 6642 6645
f 6639 6645 6640
f 6638 6652 6651
f 6638 6651 6639
f 6634 6637 6897
f 6634 6897 6641
f 6637 6659 6656
f 6637 6656 6897
f 6851 6900 6899
f 6635 6901 6898
f 6635 6898 6636
f 6632 6852 6855
f 6632 6855 6633
f 6631 6899 6632
f 6630 6664 6663
f 6630 6663 6631
f 6630 6633 6776
f 6630 6776 6779
f 6566 6890 6889
f 6566 6889 6567
f 6562 6856 6859
f 6562 6859 6563
f 6558 6860 6863
f 6558 6863 6559
f 6671 6699 6694
f 6671 6694 6674
f 6742 6746 6773
f 6567 6889 6873
f 6567 6873 6572
f 6631 6663 6893
f 6631 6893 6898
f 6634 6641 6847
f 6635 6848 6901
f 6655 6897 6656
f 6638 6641 6897
f 6631 6898 6901
f 6631 6901 6899
f 6850 6902 6900
f 6850 6900 6851
f 6761 6903 6904
f 6761 6904 6767
f 6760 6823 6905
f 6760 6905 6906
f 6764 6907 6908
f 6764 6908 6768
f 6769 6909 6910
f 6769 6910 6774
f 6775 6911 6912
f 6775 6912 6816
f 6798 6817 6913
f 6798 6913 6914
f 6793 6915 6916
f 6793 6916 6822
f 6697 6799 6917
f 6697 6917 6918
f 6695 6698 6919
f 6695 6919 6920
f 6692 6696 6921
f 6692 6921 6922
f 6688 6923 6924
f 6688 6924 6792
f 6687 6689 6925
f 6687 6925 6926
f 6687 6926 6923
f 6687 6923 6688
f 6792 6924 6915
f 6792 6915 6793
f 6689 6692 6922
f 6689 6922 6925
f 6822 6916 6905
f 6822 6905 6823
f 6760 6906 6903
f 6760 6903 6761
f 6764 6767 6904
f 6764 6904 6907
f 6816 6912 6913
f 6816 6913 6817
f 6798 6914 6917
f 6798 6917 6799
f 6774 6910 6911
f 6774 6911 6775
f 6768 6908 6909
f 6768 6909 6769
f 6697 6918 6919
f 6697 6919 6698
f 6695 6920 6921
f 6695 6921 6696
f 6948 6950 6951
f 6948 6951 6952
f 6945 6947 6953
f 6945 6953 6954
f 6943 6946 6955
f 6943 6955 6956
f 6941 6944 6957
f 6941 6957 6958
f 6939 6942 6959
f 6939 6959 6960
f 6937 6940 6961
f 6937 6961 6962
f 6936 6938 6963
f 6936 6963 6964
f 6933 6935 6965
f 6933 6965 6966
f 6931 6934 6967
f 6931 6967 6968
f 6929 6932 6969
f 6929 6969 6970
f 6928 6971 6972
f 6928 6972 6949
f 6927 6930 6973
f 6927 6973 6974
f 6949 6972 6951
f 6949 6951 6950
f 6947 6948 6952
f 6947 6952 6953
f 6945 6954 6955
f 6945 6955 6946
f 6943 6956 6957
f 6943 6957 6944
f 6941 6958 6959
f 6941 6959 6942
f 6939 6960 6961
f 6939 6961 6940
f 6937 6962 6963
f 6937 6963 6938
f 6935 6936 6964
f 6935 6964 6965
f 6933 6966 6967
f 6933 6967 6934
f 6931 6968 6969
f 6931 6969 6932
f 6929 6970 6973
f 6929 6973 6930
f 6927 6974 6971
f 6927 6971 6928
f 6920 6975 6976
f 6920 6976 6921
f 6918 6977 6978
f 6918 6978 6919
f 6979 6980 6981
f 6979 6981 6982
f 6983 6984 6985
f 6983 6985 6986
f 6987 6988 6989
f 6987 6989 6990
f 6991 6992 6993
f 6991 6993 6994
f 6995 6996 6997
f 6995 6997 6998
f 6999 7000 7001
f 6999 7001 7002
f 7003 7004 7005
f 7003 7005 7006
f 7007 7008 7009
f 7007 7009 7010
f 7011 7012 7013
f 7011 7013 7014
f 7015 7016 7017
f 7015 7017 7018
f 7019 7020 7021
f 7019 7021 7022
f 7023 7024 7025
f 7023 7025 7026
f 6968 7027 7028
f 6968 7028 6969
f 6970 7029 7030
f 6970 7030 6973
f 6971 6974 7031
f 6971 7031 7032
f 6951 6972 7033
f 6951 7033 7034
f 6908 7035 7036
f 6908 7036 6909
f 6910 7037 7038
f 6910 7038 6911
f 7039 7040 7041
f 7039 7041 7042
f 7043 7044 7045
f 7043 7045 7046
f 7047 7048 7049
f 7047 7049 7050
f 7051 7052 7053
f 7051 7053 7054
f 7055 7056 7057
f 7055 7057 7058
f 7059 7060 7061
f 7059 7061 7062
f 7063 7064 7065
f 7063 7065 7066
f 7067 7068 7069
f 7067 7069 7070
f 7071 7072 7073
f 7071 7073 7074
f 7075 7076 7077
f 7075 7077 7078
f 7079 7080 7081
f 7079 7081 7082
f 7083 7084 7085
f 7083 7085 7086
f 6962 7087 7088
f 6962 7088 6963
f 6960 7089 7090
f 6960 7090 6961
f 6958 7091 7092
f 6958 7092 6959
f 6956 7093 7094
f 6956 7094 6957
f 7095 7096 7097
f 7095 7097 7098
f 7099 7100 7101
f 7099 7101 7102
f 7103 7104 7105
f 7103 7105 7106
f 6966 7107 7108
f 6966 7108 6967
f 6952 7109 7110
f 6952 7110 6953
f 7111 7112 7113
f 7111 7113 7114
f 7115 7116 7117
f 7115 7117 7118
f 7119 7120 7121
f 7119 7121 7122
f 6914 7123 7124
f 6914 7124 6917
f 6912 7125 7126
f 6912 7126 6913
f 7127 7128 7129
f 7127 7129 7130
f 7131 7132 7133
f 7131 7133 7134
f 7135 7136 7137
f 7135 7137 7138
f 6954 7139 7140
f 6954 7140 6955
f 6964 7141 7142
f 6964 7142 6965
f 7143 7144 7145
f 7143 7145 7146
f 7147 7148 7149
f 7147 7149 7150
f 7151 7152 7153
f 7151 7153 7154
f 6904 7155 7156
f 6904 7156 6907
f 6903 6906 7157
f 6903 7157 7158
f 6905 6916 7159
f 6905 7159 7160
f 6922 7161 7162
f 6922 7162 6925
f 6915 6924 7163
f 6915 7163 7164
f 6923 6926 7165
f 6923 7165 7166
f 7167 7168 7169
f 7167 7169 7170
f 7171 7172 7173
f 7171 7173 7174
f 7175 7176 7177
f 7175 7177 7178
f 7179 7180 7181
f 7179 7181 7182
f 7183 7184 7185
f 7183 7185 7186
f 7187 7188 7189
f 7187 7189 7190
f 7191 7192 7193
f 7191 7193 7194
f 7195 7196 7197
f 7195 7197 7198
f 7199 7200 7201
f 7199 7201 7202
f 7203 7204 7205
f 7203 7205 7206
f 7207 7208 7209
f 7207 7209 7210
f 7211 7212 7213
f 7211 7213 7214
f 6998 7099 7206
f 6998 7206 7211
f 7009 7210 7199
f 7009 7199 7115
f 7102 7147 7198
f 7102 7198 7203
f 7055 7194 7195
f 7055 7195 7150
f 7058 7061 7190
f 7058 7190 7191
f 7060 7065 7186
f 7060 7186 7187
f 7064 7069 7182
f 7064 7182 7183
f 7116 7202 7175
f 7116 7175 7134
f 7068 7131 7178
f 7068 7178 7179
f 6995 7214 7171
f 6995 7171 7000
f 7005 7170 7207
f 7005 7207 7008
f 7001 7174 7167
f 7001 7167 7004
f 7097 7151 7159
f 7097 7159 7164
f 7051 7157 7160
f 7051 7160 7154
f 7047 7155 7158
f 7047 7158 7054
f 7035 7156 7050
f 7035 7050 7044
f 6994 7098 7163
f 6994 7163 7166
f 6990 6991 7165
f 6990 7165 7162
f 6976 6985 6987
f 6976 6987 7161
f 7036 7043 7042
f 7036 7042 7037
f 7038 7041 7130
f 7038 7130 7125
f 7040 7180 7177
f 7040 7177 7127
f 7039 7046 7184
f 7039 7184 7181
f 7045 7049 7188
f 7045 7188 7185
f 7048 7053 7192
f 7048 7192 7189
f 7052 7153 7196
f 7052 7196 7193
f 7057 7086 7079
f 7057 7079 7062
f 7056 7149 7143
f 7056 7143 7083
f 7059 7082 7075
f 7059 7075 7066
f 7063 7078 7071
f 7063 7071 7070
f 7067 7074 7138
f 7067 7138 7132
f 7073 7093 7140
f 7073 7140 7135
f 7072 7077 7091
f 7072 7091 7094
f 7076 7081 7089
f 7076 7089 7092
f 7080 7085 7087
f 7080 7087 7090
f 7084 7146 7141
f 7084 7141 7088
f 7120 7123 7126
f 7120 7126 7129
f 7121 7128 7176
f 7121 7176 7201
f 7112 7117 7133
f 7112 7133 7137
f 7110 7113 7136
f 7110 7136 7139
f 7104 7107 7142
f 7104 7142 7145
f 7101 7105 7144
f 7101 7144 7148
f 7096 7204 7197
f 7096 7197 7152
f 7025 7027 7108
f 7025 7108 7103
f 7021 7029 7028
f 7021 7028 7024
f 7017 7031 7030
f 7017 7030 7020
f 7013 7033 7032
f 7013 7032 7016
f 7012 7114 7109
f 7012 7109 7034
f 7010 7118 7111
f 7010 7111 7011
f 7006 7007 7014
f 7006 7014 7015
f 7002 7003 7018
f 7002 7018 7019
f 6997 7026 7106
f 6997 7106 7100
f 6996 6999 7022
f 6996 7022 7023
f 6993 7212 7205
f 6993 7205 7095
f 6989 7172 7213
f 6989 7213 6992
f 6984 7168 7173
f 6984 7173 6988
f 6982 7208 7169
f 6982 7169 6983
f 6981 7122 7200
f 6981 7200 7209
f 6977 7124 7119
f 6977 7119 6980
f 6975 6978 6979
f 6975 6979 6986
f 7205 7212 7211
f 7205 7211 7206
f 7199 7210 7209
f 7199 7209 7200
f 7197 7204 7203
f 7197 7203 7198
f 7193 7196 7195
f 7193 7195 7194
f 7189 7192 7191
f 7189 7191 7190
f 7185 7188 7187
f 7185 7187 7186
f 7181 7184 7183
f 7181 7183 7182
f 7177 7180 7179
f 7177 7179 7178
f 7175 7202 7201
f 7175 7201 7176
f 7171 7214 7213
f 7171 7213 7172
f 7169 7208 7207
f 7169 7207 7170
f 7167 7174 7173
f 7167 7173 7168
f 6923 7166 7163
f 6923 7163 6924
f 6925 7162 7165
f 6925 7165 6926
f 6915 7164 7159
f 6915 7159 6916
f 6905 7160 7157
f 6905 7157 6906
f 6903 7158 7155
f 6903 7155 6904
f 7152 7197 7196
f 7152 7196 7153
f 7151 7154 7160
f 7151 7160 7159
f 7147 7150 7195
f 7147 7195 7198
f 7143 7149 7148
f 7143 7148 7144
f 7141 7146 7145
f 7141 7145 7142
f 7135 7140 7139
f 7135 7139 7136
f 7132 7138 7137
f 7132 7137 7133
f 7131 7134 7175
f 7131 7175 7178
f 7127 7177 7176
f 7127 7176 7128
f 7125 7130 7129
f 7125 7129 7126
f 6913 7126 7123
f 6913 7123 6914
f 7121 7201 7200
f 7121 7200 7122
f 7120 7129 7128
f 7120 7128 7121
f 7119 7124 7123
f 7119 7123 7120
f 7116 7134 7133
f 7116 7133 7117
f 7115 7199 7202
f 7115 7202 7116
f 7112 7137 7136
f 7112 7136 7113
f 7111 7118 7117
f 7111 7117 7112
f 6953 7110 7139
f 6953 7139 6954
f 7109 7114 7113
f 7109 7113 7110
f 6965 7142 7107
f 6965 7107 6966
f 7104 7145 7144
f 7104 7144 7105
f 7103 7108 7107
f 7103 7107 7104
f 7101 7148 7147
f 7101 7147 7102
f 7100 7106 7105
f 7100 7105 7101
f 7099 7102 7203
f 7099 7203 7206
f 7097 7164 7163
f 7097 7163 7098
f 7096 7152 7151
f 7096 7151 7097
f 7095 7205 7204
f 7095 7204 7096
f 6955 7140 7093
f 6955 7093 6956
f 6957 7094 7091
f 6957 7091 6958
f 6959 7092 7089
f 6959 7089 6960
f 6961 7090 7087
f 6961 7087 6962
f 6963 7088 7141
f 6963 7141 6964
f 7084 7088 7087
f 7084 7087 7085
f 7083 7143 7146
f 7083 7146 7084
f 7080 7090 7089
f 7080 7089 7081
f 7079 7086 7085
f 7079 7085 7080
f 7076 7092 7091
f 7076 7091 7077
f 7075 7082 7081
f 7075 7081 7076
f 7073 7135 7138
f 7073 7138 7074
f 7072 7094 7093
f 7072 7093 7073
f 7071 7078 7077
f 7071 7077 7072
f 7068 7179 7182
f 7068 7182 7069
f 7067 7132 7131
f 7067 7131 7068
f 7067 7070 7071
f 7067 7071 7074
f 7064 7183 7186
f 7064 7186 7065
f 7063 7070 7069
f 7063 7069 7064
f 7063 7066 7075
f 7063 7075 7078
f 7060 7187 7190
f 7060 7190 7061
f 7059 7066 7065
f 7059 7065 7060
f 7059 7062 7079
f 7059 7079 7082
f 7057 7062 7061
f 7057 7061 7058
f 7056 7083 7086
f 7056 7086 7057
f 7055 7150 7149
f 7055 7149 7056
f 7055 7058 7191
f 7055 7191 7194
f 7052 7193 7192
f 7052 7192 7053
f 7051 7154 7153
f 7051 7153 7052
f 7051 7054 7158
f 7051 7158 7157
f 7048 7189 7188
f 7048 7188 7049
f 7047 7054 7053
f 7047 7053 7048
f 7047 7050 7156
f 7047 7156 7155
f 7045 7185 7184
f 7045 7184 7046
f 7044 7050 7049
f 7044 7049 7045
f 7040 7127 7130
f 7040 7130 7041
f 7039 7181 7180
f 7039 7180 7040
f 7039 7042 7043
f 7039 7043 7046
f 6911 7038 7125
f 6911 7125 6912
f 7038 7037 7042
f 7038 7042 7041
f 7035 7044 7043
f 7035 7043 7036
f 6907 7156 7035
f 6907 7035 6908
f 6909 7036 7037
f 6909 7037 6910
f 6951 7034 7109
f 6951 7109 6952
f 6972 6971 7032
f 6972 7032 7033
f 6973 7030 7031
f 6973 7031 6974
f 6969 7028 7029
f 6969 7029 6970
f 6967 7108 7027
f 6967 7027 6968
f 7025 7103 7106
f 7025 7106 7026
f 7024 7028 7027
f 7024 7027 7025
f 7021 7024 7023
f 7021 7023 7022
f 7020 7030 7029
f 7020 7029 7021
f 7017 7020 7019
f 7017 7019 7018
f 7016 7032 7031
f 7016 7031 7017
f 7013 7016 7015
f 7013 7015 7014
f 7012 7034 7033
f 7012 7033 7013
f 7011 7111 7114
f 7011 7114 7012
f 7009 7115 7118
f 7009 7118 7010
f 7008 7207 7210
f 7008 7210 7009
f 7007 7010 7011
f 7007 7011 7014
f 7005 7008 7007
f 7005 7007 7006
f 7004 7167 7170
f 7004 7170 7005
f 7003 7006 7015
f 7003 7015 7018
f 7001 7004 7003
f 7001 7003 7002
f 7000 7171 7174
f 7000 7174 7001
f 6999 7002 7019
f 6999 7019 7022
f 6997 7100 7099
f 6997 7099 6998
f 6996 7023 7026
f 6996 7026 6997
f 6995 7000 6999
f 6995 6999 6996
f 6995 6998 7211
f 6995 7211 7214
f 6993 7095 7098
f 6993 7098 6994
f 6992 7213 7212
f 6992 7212 6993
f 6991 6994 7166
f 6991 7166 7165
f 6989 6992 6991
f 6989 6991 6990
f 6988 7173 7172
f 6988 7172 6989
f 6987 6990 7162
f 6987 7162 7161
f 6984 6988 6987
f 6984 6987 6985
f 6983 7169 7168
f 6983 7168 6984
f 6981 7209 7208
f 6981 7208 6982
f 6980 7119 7122
f 6980 7122 6981
f 6979 6982 6983
f 6979 6983 6986
f 6917 7124 6977
f 6917 6977 6918
f 6978 6977 6980
f 6978 6980 6979
f 6922 6921 6976
f 6922 6976 7161
f 6975 6986 6985
f 6975 6985 6976
f 6919 6978 6975
f 6919 6975 6920
f 7215 7216 7217
f 7215 7217 7218
f 7219 7220 7221
f 7219 7221 7222
f 7223 7224 7225
f 7223 7225 7226
f 7227 7228 7229
f 7227 7229 7230
f 7231 7232 7233
f 7231 7233 7234
f 7235 7236 7237
f 7235 7237 7238
f 7239 7240 7241
f 7239 7241 7242
f 7243 7244 7245
f 7243 7245 7246
f 7247 7248 7249
f 7247 7249 7250
f 7251 7252 7253
f 7251 7253 7254
f 7255 7256 7257
f 7255 7257 7258
f 7259 7260 7261
f 7259 7261 7262
f 7263 7264 7265
f 7263 7265 7266
f 7267 7268 7269
f 7267 7269 7270
f 7271 7272 7273
f 7271 7273 7274
f 7275 7276 7277
f 7275 7277 7278
f 7279 7280 7281
f 7279 7281 7282
f 7283 7284 7285
f 7283 7285 7286
f 7287 7288 7289
f 7287 7289 7290
f 7291 7292 7293
f 7291 7293 7294
f 7295 7296 7297
f 7295 7297 7298
f 7299 7300 7301
f 7299 7301 7302
f 7303 7304 7305
f 7303 7305 7306
f 7307 7308 7309
f 7307 7309 7310
f 7311 7312 7313
f 7311 7313 7314
f 7315 7316 7317
f 7315 7317 7318
f 7319 7320 7321
f 7319 7321 7322
f 7323 7324 7325
f 7323 7325 7326
f 7327 7328 7329
f 7327 7329 7330
f 7331 7332 7333
f 7331 7333 7334
f 7335 7336 7337
f 7335 7337 7338
f 7339 7340 7341
f 7339 7341 7342
f 7343 7344 7345
f 7343 7345 7346
f 7347 7348 7349
f 7347 7349 7350
f 7351 7352 7353
f 7351 7353 7354
f 7355 7356 7357
f 7355 7357 7358
f 7359 6927 6928
f 7359 6928 7360
f 7361 6929 6930
f 7361 6930 7362
f 7363 6931 6932
f 7363 6932 7364
f 7365 6933 6934
f 7365 6934 7366
f 6935 7367 7368
f 6935 7368 6936
f 7369 6937 6938
f 7369 6938 7370
f 7371 6939 6940
f 7371 6940 7372
f 7373 6941 6942
f 7373 6942 7374
f 7375 6943 6944
f 7375 6944 7376
f 7377 6945 6946
f 7377 6946 7378
f 6947 7379 7380
f 6947 7380 6948
f 7381 6949 6950
f 7381 6950 7382
f 7220 7383 7384
f 7220 7384 7221
f 7217 7385 7383
f 7217 7383 7220
f 7216 7386 7385
f 7216 7385 7217
f 7216 7254 7387
f 7216 7387 7386
f 7253 7388 7387
f 7253 7387 7254
f 7253 7256 7389
f 7253 7389 7388
f 7255 7390 7389
f 7255 7389 7256
f 7233 7391 7390
f 7233 7390 7255
f 7232 7392 7391
f 7232 7391 7233
f 7232 7237 7393
f 7232 7393 7392
f 7236 7394 7393
f 7236 7393 7237
f 7236 7241 7395
f 7236 7395 7394
f 7240 7396 7395
f 7240 7395 7241
f 7240 7245 7397
f 7240 7397 7396
f 7244 7398 7397
f 7244 7397 7245
f 7244 7262 7399
f 7244 7399 7398
f 7261 7400 7399
f 7261 7399 7262
f 7248 7401 7400
f 7248 7400 7261
f 7247 7402 7401
f 7247 7401 7248
f 7229 7403 7402
f 7229 7402 7247
f 7228 7404 7403
f 7228 7403 7229
f 7225 7405 7404
f 7225 7404 7228
f 7224 7406 7405
f 7224 7405 7225
f 7221 7384 7406
f 7221 7406 7224
f 7263 7382 7380
f 7263 7380 7339
f 7340 7379 7377
f 7340 7377 7345
f 7298 7346 7378
f 7298 7378 7375
f 7295 7376 7373
f 7295 7373 7302
f 7299 7374 7371
f 7299 7371 7306
f 7303 7372 7369
f 7303 7369 7310
f 7307 7370 7368
f 7307 7368 7355
f 7329 7356 7367
f 7329 7367 7365
f 7278 7330 7366
f 7278 7366 7363
f 7274 7275 7364
f 7274 7364 7361
f 7266 7267 7360
f 7266 7360 7381
f 7270 7271 7362
f 7270 7362 7359
f 7297 7324 7350
f 7297 7350 7343
f 7296 7301 7320
f 7296 7320 7325
f 7300 7305 7316
f 7300 7316 7321
f 7304 7309 7313
f 7304 7313 7317
f 7308 7358 7351
f 7308 7351 7314
f 7239 7318 7312
f 7239 7312 7246
f 7243 7311 7354
f 7243 7354 7259
f 7235 7322 7315
f 7235 7315 7242
f 7231 7326 7319
f 7231 7319 7238
f 7234 7258 7347
f 7234 7347 7323
f 7336 7341 7344
f 7336 7344 7349
f 7252 7337 7348
f 7252 7348 7257
f 7249 7260 7353
f 7249 7353 7332
f 7328 7333 7352
f 7328 7352 7357
f 7215 7294 7338
f 7215 7338 7251
f 7218 7219 7290
f 7218 7290 7291
f 7222 7223 7286
f 7222 7286 7287
f 7230 7250 7331
f 7230 7331 7282
f 7226 7227 7281
f 7226 7281 7283
f 7277 7279 7334
f 7277 7334 7327
f 7273 7284 7280
f 7273 7280 7276
f 7269 7288 7285
f 7269 7285 7272
f 7265 7292 7289
f 7265 7289 7268
f 7264 7342 7335
f 7264 7335 7293
f 7380 7382 6950
f 7380 6950 6948
f 7377 7379 6947
f 7377 6947 6945
f 7375 7378 6946
f 7375 6946 6943
f 7373 7376 6944
f 7373 6944 6941
f 7371 7374 6942
f 7371 6942 6939
f 7369 7372 6940
f 7369 6940 6937
f 7368 7370 6938
f 7368 6938 6936
f 7365 7367 6935
f 7365 6935 6933
f 7363 7366 6934
f 7363 6934 6931
f 7361 7364 6932
f 7361 6932 6929
f 6928 6949 7381
f 6928 7381 7360
f 7359 7362 6930
f 7359 6930 6927
f 7355 7368 7367
f 7355 7367 7356
f 7351 7358 7357
f 7351 7357 7352
f 7345 7377 7378
f 7345 7378 7346
f 7343 7350 7349
f 7343 7349 7344
f 7340 7345 7344
f 7340 7344 7341
f 7339 7380 7379
f 7339 7379 7340
f 7336 7349 7348
f 7336 7348 7337
f 7335 7342 7341
f 7335 7341 7336
f 7332 7353 7352
f 7332 7352 7333
f 7329 7365 7366
f 7329 7366 7330
f 7328 7357 7356
f 7328 7356 7329
f 7327 7334 7333
f 7327 7333 7328
f 7323 7347 7350
f 7323 7350 7324
f 7319 7326 7325
f 7319 7325 7320
f 7315 7322 7321
f 7315 7321 7316
f 7312 7318 7317
f 7312 7317 7313
f 7311 7314 7351
f 7311 7351 7354
f 7308 7314 7313
f 7308 7313 7309
f 7307 7355 7358
f 7307 7358 7308
f 7307 7310 7369
f 7307 7369 7370
f 7304 7317 7316
f 7304 7316 7305
f 7303 7310 7309
f 7303 7309 7304
f 7303 7306 7371
f 7303 7371 7372
f 7300 7321 7320
f 7300 7320 7301
f 7299 7306 7305
f 7299 7305 7300
f 7299 7302 7373
f 7299 7373 7374
f 7297 7343 7346
f 7297 7346 7298
f 7296 7325 7324
f 7296 7324 7297
f 7295 7302 7301
f 7295 7301 7296
f 7295 7298 7375
f 7295 7375 7376
f 7293 7335 7338
f 7293 7338 7294
f 7289 7292 7291
f 7289 7291 7290
f 7285 7288 7287
f 7285 7287 7286
f 7280 7284 7283
f 7280 7283 7281
f 7279 7282 7331
f 7279 7331 7334
f 7277 7327 7330
f 7277 7330 7278
f 7276 7280 7279
f 7276 7279 7277
f 7275 7278 7363
f 7275 7363 7364
f 7273 7276 7275
f 7273 7275 7274
f 7272 7285 7284
f 7272 7284 7273
f 7271 7274 7361
f 7271 7361 7362
f 7269 7272 7271
f 7269 7271 7270
f 7268 7289 7288
f 7268 7288 7269
f 7267 7270 7359
f 7267 7359 7360
f 7265 7268 7267
f 7265 7267 7266
f 7264 7293 7292
f 7264 7292 7265
f 7263 7339 7342
f 7263 7342 7264
f 7263 7266 7381
f 7263 7381 7382
f 7259 7354 7353
f 7259 7353 7260
f 7257 7348 7347
f 7257 7347 7258
f 7252 7257 7256
f 7252 7256 7253
f 7251 7338 7337
f 7251 7337 7252
f 7249 7332 7331
f 7249 7331 7250
f 7248 7261 7260
f 7248 7260 7249
f 7243 7259 7262
f 7243 7262 7244
f 7243 7246 7312
f 7243 7312 7311
f 7239 7246 7245
f 7239 7245 7240
f 7239 7242 7315
f 7239 7315 7318
f 7235 7242 7241
f 7235 7241 7236
f 7235 7238 7319
f 7235 7319 7322
f 7233 7255 7258
f 7233 7258 7234
f 7231 7238 7237
f 7231 7237 7232
f 7231 7234 7323
f 7231 7323 7326
f 7229 7247 7250
f 7229 7250 7230
f 7227 7230 7282
f 7227 7282 7281
f 7225 7228 7227
f 7225 7227 7226
f 7223 7226 7283
f 7223 7283 7286
f 7221 7224 7223
f 7221 7223 7222
f 7219 7222 7287
f 7219 7287 7290
f 7217 7220 7219
f 7217 7219 7218
f 7215 7251 7254
f 7215 7254 7216
f 7215 7218 7291
f 7215 7291 7294
f 7402 7403 7407
f 7402 7407 7408
f 7403 7404 7409
f 7403 7409 7407
f 7404 7405 7410
f 7404 7410 7409
f 7405 7406 7411
f 7405 7411 7410
f 7384 7412 7411
f 7384 7411 7406
f 7383 7413 7412
f 7383 7412 7384
f 7383 7385 7414
f 7383 7414 7413
f 7385 7386 7415
f 7385 7415 7414
f 7386 7387 7416
f 7386 7416 7415
f 7387 7388 7417
f 7387 7417 7416
f 7388 7389 7418
f 7388 7418 7417
f 7389 7390 7419
f 7389 7419 7418
f 7390 7391 7420
f 7390 7420 7419
f 7391 7392 7421
f 7391 7421 7420
f 7392 7393 7422
f 7392 7422 7421
f 7393 7394 7423
f 7393 7423 7422
f 7394 7395 7424
f 7394 7424 7423
f 7395 7396 7425
f 7395 7425 7424
f 7396 7397 7426
f 7396 7426 7425
f 7397 7398 7427
f 7397 7427 7426
f 7398 7399 7428
f 7398 7428 7427
f 7399 7400 7429
f 7399 7429 7428
f 7400 7401 7430
f 7400 7430 7429
f 7401 7402 7408
f 7401 7408 7430
f 7411 7412 7431
f 7411 7431 7432
f 7410 7411 7432
f 7410 7432 7433
f 7409 7410 7433
f 7409 7433 7434
f 7407 7409 7434
f 7407 7434 7435
f 7408 7407 7435
f 7408 7435 7436
f 7408 7436 7437
f 7408 7437 7430
f 7429 7430 7437
f 7429 7437 7438
f 7428 7429 7438
f 7428 7438 7439
f 7427 7428 7439
f 7427 7439 7440
f 7426 7427 7440
f 7426 7440 7441
f 7425 7426 7441
f 7425 7441 7442
f 7424 7425 7442
f 7424 7442 7443
f 7423 7424 7443
f 7423 7443 7444
f 7422 7423 7444
f 7422 7444 7445
f 7421 7422 7445
f 7421 7445 7446
f 7420 7421 7446
f 7420 7446 7447
f 7419 7420 7447
f 7419 7447 7448
f 7418 7419 7448
f 7418 7448 7449
f 7417 7418 7449
f 7417 7449 7450
f 7416 7417 7450
f 7416 7450 7451
f 7415 7416 7451
f 7415 7451 7452
f 7414 7415 7452
f 7414 7452 7453
f 7413 7414 7453
f 7413 7453 7454
f 7412 7413 7454
f 7412 7454 7431
f 7455 7456 7457
f 7455 7457 7458
f 7459 7460 7461
f 7459 7461 7462
f 7463 7464 7465
f 7463 7465 7466
f 7467 7468 7469
f 7467 7469 7470
f 7471 7472 7473
f 7471 7473 7474
f 7475 7476 7477
f 7475 7477 7478
f 7479 7480 7481
f 7479 7481 7482
f 7483 7484 7485
f 7483 7485 7486
f 7487 7488 7489
f 7487 7489 7490
f 7491 7492 7493
f 7491 7493 7494
f 7495 7496 7497
f 7495 7497 7498
f 7499 7500 7501
f 7499 7501 7502
f 7503 7504 7505
f 7503 7505 7506
f 7507 7508 7509
f 7507 7509 7510
f 7511 7512 7513
f 7511 7513 7514
f 7515 7516 7517
f 7515 7517 7518
f 7519 7520 7521
f 7519 7521 7522
f 7523 7524 7525
f 7523 7525 7526
f 7527 7528 7529
f 7527 7529 7530
f 7531 7532 7533
f 7531 7533 7534
f 7535 7536 7537
f 7535 7537 7538
f 7539 7540 7541
f 7539 7541 7542
f 7543 7544 7545
f 7543 7545 7546
f 7547 7548 7549
f 7547 7549 7550
f 7544 7549 7551
f 7540 7545 7552
f 7536 7541 7553
f 7532 7537 7554
f 7528 7533 7555
f 7524 7529 7556
f 7520 7525 7557
f 7516 7521 7558
f 7512 7517 7559
f 7508 7513 7560
f 7504 7509 7561
f 7505 7562 7548
f 7485 7498 7448
f 7485 7448 7447
f 7481 7486 7446
f 7481 7446 7445
f 7476 7482 7444
f 7476 7444 7443
f 7472 7477 7442
f 7472 7442 7441
f 7473 7440 7439
f 7473 7439 7499
f 7474 7502 7538
f 7474 7538 7531
f 7471 7534 7527
f 7471 7527 7478
f 7475 7530 7523
f 7475 7523 7479
f 7480 7526 7519
f 7480 7519 7483
f 7484 7522 7515
f 7484 7515 7495
f 7492 7450 7449
f 7492 7449 7497
f 7493 7496 7518
f 7493 7518 7511
f 7488 7542 7535
f 7488 7535 7501
f 7489 7500 7438
f 7489 7438 7437
f 7469 7494 7514
f 7469 7514 7507
f 7465 7470 7510
f 7465 7510 7503
f 7462 7466 7506
f 7462 7506 7547
f 7458 7459 7550
f 7458 7550 7543
f 7455 7546 7539
f 7455 7539 7487
f 7456 7490 7436
f 7456 7436 7435
f 7457 7434 7433
f 7457 7433 7460
f 7461 7432 7431
f 7461 7431 7463
f 7464 7454 7453
f 7464 7453 7467
f 7468 7452 7451
f 7468 7451 7491
f 7543 7550 7549
f 7543 7549 7544
f 7539 7546 7545
f 7539 7545 7540
f 7535 7542 7541
f 7535 7541 7536
f 7531 7538 7537
f 7531 7537 7532
f 7527 7534 7533
f 7527 7533 7528
f 7523 7530 7529
f 7523 7529 7524
f 7519 7526 7525
f 7519 7525 7520
f 7515 7522 7521
f 7515 7521 7516
f 7511 7518 7517
f 7511 7517 7512
f 7507 7514 7513
f 7507 7513 7508
f 7505 7548 7547
f 7505 7547 7506
f 7503 7510 7509
f 7503 7509 7504
f 7501 7535 7538
f 7501 7538 7502
f 7499 7439 7438
f 7499 7438 7500
f 7495 7515 7518
f 7495 7518 7496
f 7497 7449 7448
f 7497 7448 7498
f 7493 7511 7514
f 7493 7514 7494
f 7492 7497 7496
f 7492 7496 7493
f 7491 7451 7450
f 7491 7450 7492
f 7488 7501 7500
f 7488 7500 7489
f 7487 7539 7542
f 7487 7542 7488
f 7489 7437 7436
f 7489 7436 7490
f 7504 7561 7562
f 7504 7562 7505
f 7548 7562 7551
f 7548 7551 7549
f 7544 7551 7552
f 7544 7552 7545
f 7540 7552 7553
f 7540 7553 7541
f 7536 7553 7554
f 7536 7554 7537
f 7532 7554 7555
f 7532 7555 7533
f 7528 7555 7556
f 7528 7556 7529
f 7524 7556 7557
f 7524 7557 7525
f 7520 7557 7558
f 7520 7558 7521
f 7516 7558 7559
f 7516 7559 7517
f 7512 7559 7560
f 7512 7560 7513
f 7508 7560 7561
f 7508 7561 7509
f 7484 7495 7498
f 7484 7498 7485
f 7483 7519 7522
f 7483 7522 7484
f 7480 7483 7486
f 7480 7486 7481
f 7479 7523 7526
f 7479 7526 7480
f 7475 7479 7482
f 7475 7482 7476
f 7475 7478 7527
f 7475 7527 7530
f 7473 7499 7502
f 7473 7502 7474
f 7471 7478 7477
f 7471 7477 7472
f 7471 7474 7531
f 7471 7531 7534
f 7472 7441 7440
f 7472 7440 7473
f 7476 7443 7442
f 7476 7442 7477
f 7481 7445 7444
f 7481 7444 7482
f 7485 7447 7446
f 7485 7446 7486
f 7469 7507 7510
f 7469 7510 7470
f 7468 7491 7494
f 7468 7494 7469
f 7465 7503 7506
f 7465 7506 7466
f 7464 7467 7470
f 7464 7470 7465
f 7461 7463 7466
f 7461 7466 7462
f 7459 7462 7547
f 7459 7547 7550
f 7457 7460 7459
f 7457 7459 7458
f 7455 7487 7490
f 7455 7490 7456
f 7455 7458 7543
f 7455 7543 7546
f 7456 7435 7434
f 7456 7434 7457
f 7460 7433 7432
f 7460 7432 7461
f 7463 7431 7454
f 7463 7454 7464
f 7467 7453 7452
f 7467 7452 7468
f 7551 7562 7552
f 7552 7562 7553
f 7553 7562 7554
f 7554 7562 7555
f 7555 7562 7556
f 7556 7562 7561
f 7556 7561 7560
f 7556 7560 7559
f 7556 7559 7557
f 7557 7559 7558
f 7583 7584 1
f 7583 1 2
f 3 7585 7586
f 3 7586 4
f 7587 7588 5
f 7587 5 6
f 7589 7590 7
f 7589 7 8
f 7591 7592 7593
f 7591 7593 7594
f 7595 7596 7597
f 7598 7599 7600
f 7598 7600 7601
f 7602 7603 7604
f 7602 7604 7605
f 7606 7607 7608
f 7606 7608 7609
f 7610 7611 7612
f 7610 7612 7613
f 7614 7615 7616
f 7614 7616 7617
f 7597 7618 7619
f 7597 7619 7615
f 7595 7614 7612
f 7596 7611 7620
f 7596 7620 7621
f 7604 7622 7623
f 7604 7623 7606
f 7600 7624 7625
f 7600 7625 7603
f 7599 7616 7626
f 7599 7626 7627
f 7594 7628 7629
f 7594 7629 7610
f 7586 7605 7609
f 7586 7609 7587
f 7584 7601 7602
f 7584 7602 7585
f 7590 7591 7613
f 7590 7613 7630
f 7612 7614 7617
f 7612 7617 7613
f 7604 7606 7609
f 7604 7609 7605
f 7600 7603 7602
f 7600 7602 7601
f 7598 7617 7616
f 7598 7616 7599
f 7595 7612 7611
f 7595 7611 7596
f 7595 7597 7615
f 7595 7615 7614
f 7591 7594 7610
f 7591 7610 7613
f 7589 7592 7591
f 7589 7591 7590
f 7587 7609 7608
f 7587 7608 7588
f 7586 7587 6
f 7586 6 4
f 7585 7602 7605
f 7585 7605 7586
f 7584 7585 3
f 7584 3 1
f 7583 7598 7601
f 7583 7601 7584
f 7590 7630 9
f 7590 9 7
f 7615 7619 7626
f 7615 7626 7616
f 7610 7629 7620
f 7610 7620 7611
f 7606 7623 7631
f 7606 7631 7607
f 7603 7625 7622
f 7603 7622 7604
f 7599 7627 7624
f 7599 7624 7600
f 7596 7621 7618
f 7596 7618 7597
f 7593 7632 7628
f 7593 7628 7594
f 7588 7608 7633
f 7588 7633 7634
f 7607 7635 7633
f 7607 7633 7608
f 7588 7634 10
f 7588 10 5
f 7589 7636 7637
f 7589 7637 7592
f 7592 7637 7638
f 7592 7638 7593
f 7589 8 11
f 7589 11 7636
f 7607 7631 7639
f 7607 7639 7635
f 7593 7638 7640
f 7593 7640 7632
f 7583 7630 7617
f 7583 7617 7598
f 7583 2 9
f 7583 9 7630
f 7613 7617 7630
f 7628 7632 7641
f 7628 7641 7642
f 7618 7621 7643
f 7618 7643 7644
f 7624 7627 7645
f 7624 7645 7646
f 7622 7625 7647
f 7622 7647 7648
f 7623 7649 7650
f 7623 7650 7631
f 7576 7651 7652
f 7576 7652 7580
f 7568 7653 7654
f 7568 7654 7569
f 7572 7655 7656
f 7572 7656 7573
f 7566 7657 7658
f 7566 7658 7571
f 7579 7578 7659
f 7579 7659 7660
f 7570 7661 7662
f 7570 7662 7575
f 7620 7629 7663
f 7620 7663 7664
f 7619 7665 7666
f 7619 7666 7626
f 7567 7574 7667
f 7567 7667 7668
f 7563 7577 7669
f 7564 7670 7565
f 7644 7653 7668
f 7644 7668 7665
f 7643 7664 7661
f 7643 7661 7654
f 7648 7657 7670
f 7646 7655 7658
f 7646 7658 7647
f 7645 7666 7667
f 7645 7667 7656
f 7642 7651 7662
f 7642 7662 7663
f 7563 7669 7670
f 7563 7670 7564
f 7665 7668 7667
f 7665 7667 7666
f 7661 7664 7663
f 7661 7663 7662
f 7577 7579 7660
f 7577 7660 7669
f 7565 7670 7657
f 7565 7657 7566
f 7571 7658 7655
f 7571 7655 7572
f 7574 7573 7656
f 7574 7656 7667
f 7567 7668 7653
f 7567 7653 7568
f 7570 7569 7654
f 7570 7654 7661
f 7575 7662 7651
f 7575 7651 7576
f 7649 7660 7659
f 7649 7659 7650
f 7623 7622 7648
f 7623 7648 7649
f 7647 7658 7657
f 7647 7657 7648
f 7625 7624 7646
f 7625 7646 7647
f 7645 7656 7655
f 7645 7655 7646
f 7626 7666 7645
f 7626 7645 7627
f 7619 7618 7644
f 7619 7644 7665
f 7643 7654 7653
f 7643 7653 7644
f 7620 7664 7643
f 7620 7643 7621
f 7629 7628 7642
f 7629 7642 7663
f 7641 7652 7651
f 7641 7651 7642
f 7641 7671 7672
f 7641 7672 7652
f 7580 7652 7672
f 7580 7672 7581
f 7632 7640 7671
f 7632 7671 7641
f 7650 7659 7673
f 7650 7673 7674
f 7578 7582 7673
f 7578 7673 7659
f 7631 7650 7674
f 7631 7674 7639
f 7648 7670 7669
f 7648 7669 7649
f 7649 7669 7660
f 330 331 7693
f 330 7693 7694
f 332 7695 7696
f 332 7696 333
f 334 335 7697
f 334 7697 7698
f 336 337 7699
f 336 7699 7700
f 7701 7702 7703
f 7701 7703 7704
f 7705 7706 7707
f 7708 7709 7710
f 7708 7710 7711
f 7712 7713 7714
f 7712 7714 7715
f 7716 7717 7718
f 7716 7718 7719
f 7720 7721 7722
f 7720 7722 7723
f 7724 7725 7726
f 7724 7726 7727
f 7705 7726 7728
f 7705 7728 7729
f 7707 7721 7727
f 7706 7730 7731
f 7706 7731 7722
f 7713 7719 7732
f 7713 7732 7733
f 7709 7714 7734
f 7709 7734 7735
f 7710 7736 7737
f 7710 7737 7725
f 7701 7723 7738
f 7701 7738 7739
f 7695 7698 7716
f 7695 7716 7712
f 7693 7696 7715
f 7693 7715 7708
f 7699 7740 7720
f 7699 7720 7704
f 7720 7724 7727
f 7720 7727 7721
f 7712 7716 7719
f 7712 7719 7713
f 7708 7715 7714
f 7708 7714 7709
f 7710 7725 7724
f 7710 7724 7711
f 7706 7722 7721
f 7706 7721 7707
f 7705 7707 7727
f 7705 7727 7726
f 7701 7704 7720
f 7701 7720 7723
f 7699 7704 7703
f 7699 7703 7700
f 7697 7717 7716
f 7697 7716 7698
f 332 334 7698
f 332 7698 7695
f 7695 7712 7715
f 7695 7715 7696
f 331 333 7696
f 331 7696 7693
f 7693 7708 7711
f 7693 7711 7694
f 337 338 7740
f 337 7740 7699
f 7725 7737 7728
f 7725 7728 7726
f 7722 7731 7738
f 7722 7738 7723
f 7718 7741 7732
f 7718 7732 7719
f 7713 7733 7734
f 7713 7734 7714
f 7709 7735 7736
f 7709 7736 7710
f 7705 7729 7730
f 7705 7730 7706
f 7701 7739 7742
f 7701 7742 7702
f 7634 7633 7717
f 7634 7717 7697
f 7633 7635 7718
f 7633 7718 7717
f 7634 7697 335
f 7634 335 10
f 7637 7636 7700
f 7637 7700 7703
f 7637 7703 7702
f 7637 7702 7638
f 7636 11 336
f 7636 336 7700
f 7635 7639 7741
f 7635 7741 7718
f 7638 7702 7742
f 7638 7742 7640
f 7694 7711 7724
f 7694 7724 7740
f 330 7694 7740
f 330 7740 338
f 7720 7740 7724
f 7739 7743 7744
f 7739 7744 7742
f 7729 7745 7746
f 7729 7746 7730
f 7735 7747 7748
f 7735 7748 7736
f 7733 7749 7750
f 7733 7750 7734
f 7732 7741 7751
f 7732 7751 7752
f 7687 7692 7753
f 7687 7753 7754
f 7679 7682 7755
f 7679 7755 7756
f 7683 7686 7757
f 7683 7757 7758
f 7677 7684 7759
f 7677 7759 7760
f 7691 7690 7761
f 7691 7761 7762
f 7681 7688 7763
f 7681 7763 7764
f 7731 7765 7766
f 7731 7766 7738
f 7728 7737 7767
f 7728 7767 7768
f 7680 7769 7770
f 7680 7770 7685
f 7676 7771 7689
f 7675 7678 7772
f 7745 7768 7769
f 7745 7769 7756
f 7746 7755 7764
f 7746 7764 7765
f 7749 7772 7760
f 7747 7750 7759
f 7747 7759 7758
f 7748 7757 7770
f 7748 7770 7767
f 7743 7766 7763
f 7743 7763 7754
f 7675 7772 7771
f 7675 7771 7676
f 7767 7770 7769
f 7767 7769 7768
f 7763 7766 7765
f 7763 7765 7764
f 7689 7771 7761
f 7689 7761 7690
f 7677 7760 7772
f 7677 7772 7678
f 7683 7758 7759
f 7683 7759 7684
f 7686 7685 7770
f 7686 7770 7757
f 7679 7756 7769
f 7679 7769 7680
f 7682 7681 7764
f 7682 7764 7755
f 7687 7754 7763
f 7687 7763 7688
f 7751 7762 7761
f 7751 7761 7752
f 7733 7732 7752
f 7733 7752 7749
f 7749 7760 7759
f 7749 7759 7750
f 7735 7734 7750
f 7735 7750 7747
f 7747 7758 7757
f 7747 7757 7748
f 7736 7748 7767
f 7736 7767 7737
f 7729 7728 7768
f 7729 7768 7745
f 7745 7756 7755
f 7745 7755 7746
f 7730 7746 7765
f 7730 7765 7731
f 7739 7738 7766
f 7739 7766 7743
f 7743 7754 7753
f 7743 7753 7744
f 7672 7671 7744
f 7672 7744 7753
f 7581 7672 7753
f 7581 7753 7692
f 7640 7742 7744
f 7640 7744 7671
f 7674 7673 7762
f 7674 7762 7751
f 7582 7691 7762
f 7582 7762 7673
f 7639 7674 7751
f 7639 7751 7741
f 7749 7752 7771
f 7749 7771 7772
f 7752 7761 7771
f 7773 7774 7775
f 7773 7775 7776
f 7777 7778 7779
f 7777 7779 7780
f 7781 7782 7783
f 7781 7783 7784
f 7785 7786 7787
f 7785 7787 7788
f 7789 7790 7791
f 7792 7793 7794
f 7792 7794 7795
f 7796 7797 7798
f 7796 7798 7799
f 7800 7801 7802
f 7800 7802 7803
f 7804 7805 7806
f 7804 7806 7807
f 7808 7809 7810
f 7808 7810 7811
f 7812 7813 7814
f 7812 7814 7815
f 7816 7817 7818
f 7816 7818 7819
f 7834 7835 7836
f 7834 7836 7837
f 7838 7839 7840
f 7838 7840 7841
f 7842 7843 7844
f 7842 7844 7845
f 7846 7847 7848
f 7846 7848 7849
f 7854 7855 7856
f 7854 7856 7857
f 7858 7859 7860
f 7858 7860 7861
f 7864 7865 7866
f 7864 7866 7867
f 7868 7869 7870
f 7868 7870 7871
f 7814 7855 7852
f 7814 7852 7829
f 7790 7859 7856
f 7790 7856 7813
f 7861 7563 7564
f 7861 7564 7870
f 7857 7858 7869
f 7857 7869 7866
f 7853 7854 7865
f 7853 7865 7862
f 7788 7871 7565
f 7788 7565 7566
f 7787 7811 7867
f 7787 7867 7868
f 7810 7826 7863
f 7810 7863 7864
f 7802 7822 7851
f 7802 7851 7848
f 7779 7803 7847
f 7779 7847 7844
f 7780 7843 7567
f 7780 7567 7568
f 7777 7569 7570
f 7777 7570 7840
f 7778 7839 7836
f 7778 7836 7800
f 7801 7835 7832
f 7801 7832 7823
f 7815 7828 7831
f 7815 7831 7817
f 7806 7824 7827
f 7806 7827 7809
f 7805 7849 7850
f 7805 7850 7825
f 7798 7820 7833
f 7798 7833 7834
f 7791 7812 7816
f 7791 7816 7793
f 7783 7807 7808
f 7783 7808 7786
f 7782 7845 7846
f 7782 7846 7804
f 7775 7799 7837
f 7775 7837 7838
f 7784 7785 7571
f 7784 7571 7572
f 7781 7573 7574
f 7781 7574 7842
f 7776 7841 7575
f 7776 7575 7576
f 7870 7564 7565
f 7870 7565 7871
f 7866 7869 7868
f 7866 7868 7867
f 7862 7865 7864
f 7862 7864 7863
f 7860 7577 7563
f 7860 7563 7861
f 7858 7861 7870
f 7858 7870 7869
f 7856 7859 7858
f 7856 7858 7857
f 7854 7857 7866
f 7854 7866 7865
f 7852 7855 7854
f 7852 7854 7853
f 7848 7851 7850
f 7848 7850 7849
f 7844 7847 7846
f 7844 7846 7845
f 7842 7574 7567
f 7842 7567 7843
f 7840 7570 7575
f 7840 7575 7841
f 7836 7839 7838
f 7836 7838 7837
f 7832 7835 7834
f 7832 7834 7833
f 7817 7831 7830
f 7817 7830 7818
f 7814 7829 7828
f 7814 7828 7815
f 7813 7856 7855
f 7813 7855 7814
f 7812 7815 7817
f 7812 7817 7816
f 7810 7864 7867
f 7810 7867 7811
f 7809 7827 7826
f 7809 7826 7810
f 7806 7809 7808
f 7806 7808 7807
f 7805 7825 7824
f 7805 7824 7806
f 7804 7846 7849
f 7804 7849 7805
f 7802 7848 7847
f 7802 7847 7803
f 7801 7823 7822
f 7801 7822 7802
f 7800 7836 7835
f 7800 7835 7801
f 7798 7834 7837
f 7798 7837 7799
f 7797 7821 7820
f 7797 7820 7798
f 7793 7816 7819
f 7793 7819 7794
f 7792 7795 7578
f 7792 7578 7579
f 7790 7813 7812
f 7790 7812 7791
f 7789 7860 7859
f 7789 7859 7790
f 7789 7791 7793
f 7789 7793 7792
f 7787 7868 7871
f 7787 7871 7788
f 7786 7808 7811
f 7786 7811 7787
f 7785 7788 7566
f 7785 7566 7571
f 7783 7786 7785
f 7783 7785 7784
f 7782 7804 7807
f 7782 7807 7783
f 7781 7842 7845
f 7781 7845 7782
f 7781 7784 7572
f 7781 7572 7573
f 7779 7844 7843
f 7779 7843 7780
f 7778 7800 7803
f 7778 7803 7779
f 7777 7840 7839
f 7777 7839 7778
f 7777 7780 7568
f 7777 7568 7569
f 7775 7838 7841
f 7775 7841 7776
f 7774 7796 7799
f 7774 7799 7775
f 7773 7776 7576
f 7773 7576 7580
f 7797 7872 7873
f 7797 7873 7821
f 7796 7874 7872
f 7796 7872 7797
f 7774 7875 7874
f 7774 7874 7796
f 7773 7876 7875
f 7773 7875 7774
f 7818 7830 7877
f 7818 7877 7878
f 7818 7878 7879
f 7818 7879 7819
f 7773 7580 7581
f 7773 7581 7876
f 7795 7880 7582
f 7795 7582 7578
f 7794 7881 7880
f 7794 7880 7795
f 7794 7819 7879
f 7794 7879 7881
f 7882 7883 7884
f 7882 7884 7885
f 7886 7887 7888
f 7886 7888 7889
f 7890 7891 7892
f 7890 7892 7893
f 7894 7895 7896
f 7894 7896 7897
f 7898 7899 7900
f 7901 7902 7903
f 7901 7903 7904
f 7905 7906 7907
f 7905 7907 7908
f 7909 7910 7911
f 7909 7911 7912
f 7913 7914 7915
f 7913 7915 7916
f 7917 7918 7919
f 7917 7919 7920
f 7921 7922 7923
f 7921 7923 7924
f 7925 7926 7927
f 7925 7927 7928
f 7943 7944 7945
f 7943 7945 7946
f 7947 7948 7949
f 7947 7949 7950
f 7951 7952 7953
f 7951 7953 7954
f 7955 7956 7957
f 7955 7957 7958
f 7963 7964 7965
f 7963 7965 7966
f 7967 7968 7969
f 7967 7969 7970
f 7973 7974 7975
f 7973 7975 7976
f 7977 7978 7979
f 7977 7979 7980
f 7922 7937 7962
f 7922 7962 7965
f 7899 7923 7964
f 7899 7964 7969
f 7967 7978 7675
f 7967 7675 7676
f 7963 7974 7979
f 7963 7979 7970
f 7961 7972 7975
f 7961 7975 7966
f 7894 7677 7678
f 7894 7678 7977
f 7895 7980 7973
f 7895 7973 7917
f 7918 7976 7971
f 7918 7971 7936
f 7910 7956 7959
f 7910 7959 7932
f 7887 7952 7957
f 7887 7957 7909
f 7886 7679 7680
f 7886 7680 7953
f 7889 7948 7681
f 7889 7681 7682
f 7888 7912 7944
f 7888 7944 7949
f 7911 7931 7942
f 7911 7942 7945
f 7921 7927 7939
f 7921 7939 7938
f 7914 7919 7935
f 7914 7935 7934
f 7915 7933 7960
f 7915 7960 7955
f 7906 7946 7941
f 7906 7941 7930
f 7898 7903 7928
f 7898 7928 7924
f 7891 7896 7920
f 7891 7920 7913
f 7892 7916 7958
f 7892 7958 7951
f 7883 7950 7943
f 7883 7943 7905
f 7890 7683 7684
f 7890 7684 7897
f 7893 7954 7685
f 7893 7685 7686
f 7882 7687 7688
f 7882 7688 7947
f 7977 7678 7675
f 7977 7675 7978
f 7973 7980 7979
f 7973 7979 7974
f 7971 7976 7975
f 7971 7975 7972
f 7967 7676 7689
f 7967 7689 7968
f 7967 7970 7979
f 7967 7979 7978
f 7963 7970 7969
f 7963 7969 7964
f 7963 7966 7975
f 7963 7975 7974
f 7961 7966 7965
f 7961 7965 7962
f 7955 7960 7959
f 7955 7959 7956
f 7951 7958 7957
f 7951 7957 7952
f 7953 7680 7685
f 7953 7685 7954
f 7947 7688 7681
f 7947 7681 7948
f 7943 7950 7949
f 7943 7949 7944
f 7941 7946 7945
f 7941 7945 7942
f 7926 7940 7939
f 7926 7939 7927
f 7921 7938 7937
f 7921 7937 7922
f 7922 7965 7964
f 7922 7964 7923
f 7921 7924 7928
f 7921 7928 7927
f 7917 7973 7976
f 7917 7976 7918
f 7918 7936 7935
f 7918 7935 7919
f 7913 7920 7919
f 7913 7919 7914
f 7914 7934 7933
f 7914 7933 7915
f 7915 7955 7958
f 7915 7958 7916
f 7909 7957 7956
f 7909 7956 7910
f 7910 7932 7931
f 7910 7931 7911
f 7911 7945 7944
f 7911 7944 7912
f 7905 7943 7946
f 7905 7946 7906
f 7906 7930 7929
f 7906 7929 7907
f 7902 7925 7928
f 7902 7928 7903
f 7901 7904 7690
f 7901 7690 7691
f 7898 7924 7923
f 7898 7923 7899
f 7899 7969 7968
f 7899 7968 7900
f 7898 7900 7904
f 7898 7904 7903
f 7894 7977 7980
f 7894 7980 7895
f 7895 7917 7920
f 7895 7920 7896
f 7894 7897 7684
f 7894 7684 7677
f 7890 7897 7896
f 7890 7896 7891
f 7891 7913 7916
f 7891 7916 7892
f 7892 7951 7954
f 7892 7954 7893
f 7890 7893 7686
f 7890 7686 7683
f 7886 7953 7952
f 7886 7952 7887
f 7887 7909 7912
f 7887 7912 7888
f 7888 7949 7948
f 7888 7948 7889
f 7886 7889 7682
f 7886 7682 7679
f 7882 7947 7950
f 7882 7950 7883
f 7883 7905 7908
f 7883 7908 7884
f 7882 7885 7692
f 7882 7692 7687
f 7873 7872 7907
f 7873 7907 7929
f 7872 7874 7908
f 7872 7908 7907
f 7874 7875 7884
f 7874 7884 7908
f 7875 7876 7885
f 7875 7885 7884
f 7877 7940 7926
f 7877 7926 7878
f 7878 7926 7925
f 7878 7925 7879
f 7876 7581 7692
f 7876 7692 7885
f 7582 7880 7901
f 7582 7901 7691
f 7880 7881 7902
f 7880 7902 7901
f 7879 7925 7902
f 7879 7902 7881
f 7860 7579 7577
f 7789 7579 7860
f 7789 7792 7579
f 7968 7689 7690
f 7900 7968 7690
f 7900 7690 7904
f 7981 7982 7983
f 7981 7983 7984
f 7985 7986 7987
f 7985 7987 7988
f 7989 7990 7991
f 7989 7991 7992
f 7993 7994 7995
f 7993 7995 7996
f 7997 7998 7999
f 7997 7999 8000
f 8001 8002 8003
f 8001 8003 8004
f 8005 8006 8007
f 8005 8007 8008
f 8009 8010 8011
f 8009 8011 8012
f 8013 8014 8015
f 8013 8015 8016
f 8017 8018 8019
f 8017 8019 8020
f 8021 8022 8023
f 8021 8023 8024
f 8025 8026 8027
f 8025 8027 8028
f 8029 8030 8031
f 8029 8031 8032
f 8033 8034 8035
f 8033 8035 8036
f 8037 8038 8039
f 8037 8039 8040
f 8041 8042 8043
f 8041 8043 8044
f 8045 8046 8047
f 8045 8047 8048
f 8049 8050 8051
f 8049 8051 8052
f 8053 8054 8055
f 8053 8055 8056
f 8057 8058 8059
f 8057 8059 8060
f 7999 8050 8047
f 7999 8047 8022
f 7998 8061 8062
f 7998 8062 8051
f 8052 8063 8064
f 8052 8064 8059
f 8048 8049 8058
f 8048 8058 8055
f 7996 8060 8065
f 7996 8065 8066
f 7995 8020 8056
f 7995 8056 8057
f 7986 8042 8039
f 7986 8039 8009
f 7987 8012 8034
f 7987 8034 8031
f 7988 8030 8067
f 7988 8067 8068
f 7985 8069 8070
f 7985 8070 8043
f 8000 8021 8025
f 8000 8025 8002
f 7991 8016 8017
f 7991 8017 7994
f 7990 8032 8033
f 7990 8033 8013
f 7983 8008 8040
f 7983 8040 8041
f 7997 8001 8071
f 7997 8071 8072
f 7992 7993 8073
f 7992 8073 8074
f 7989 8075 8076
f 7989 8076 8029
f 7984 8044 8077
f 7984 8077 8078
f 8059 8064 8065
f 8059 8065 8060
f 8055 8058 8057
f 8055 8057 8056
f 8051 8062 8063
f 8051 8063 8052
f 8049 8052 8059
f 8049 8059 8058
f 8047 8050 8049
f 8047 8049 8048
f 8045 8048 8055
f 8045 8055 8054
f 8043 8070 8077
f 8043 8077 8044
f 8039 8042 8041
f 8039 8041 8040
f 8031 8034 8033
f 8031 8033 8032
f 8029 8076 8067
f 8029 8067 8030
f 8022 8047 8046
f 8022 8046 8023
f 8021 8024 8026
f 8021 8026 8025
f 8019 8053 8056
f 8019 8056 8020
f 8015 8018 8017
f 8015 8017 8016
f 8013 8033 8036
f 8013 8036 8014
f 8011 8035 8034
f 8011 8034 8012
f 8009 8039 8038
f 8009 8038 8010
f 8007 8037 8040
f 8007 8040 8008
f 8002 8025 8028
f 8002 8028 8003
f 8001 8004 8079
f 8001 8079 8071
f 7999 8022 8021
f 7999 8021 8000
f 7998 8051 8050
f 7998 8050 7999
f 7997 8072 8061
f 7997 8061 7998
f 7997 8000 8002
f 7997 8002 8001
f 7995 8057 8060
f 7995 8060 7996
f 7994 8017 8020
f 7994 8020 7995
f 7993 7996 8066
f 7993 8066 8073
f 7991 7994 7993
f 7991 7993 7992
f 7990 8013 8016
f 7990 8016 7991
f 7989 8029 8032
f 7989 8032 7990
f 7989 7992 8074
f 7989 8074 8075
f 7987 8031 8030
f 7987 8030 7988
f 7986 8009 8012
f 7986 8012 7987
f 7985 8043 8042
f 7985 8042 7986
f 7985 7988 8068
f 7985 8068 8069
f 7983 8041 8044
f 7983 8044 7984
f 7982 8005 8008
f 7982 8008 7983
f 7981 7984 8078
f 7981 8078 8080
f 8004 8081 8082
f 8004 8082 8079
f 8003 8083 8081
f 8003 8081 8004
f 8003 8028 8084
f 8003 8084 8083
f 8027 8085 8084
f 8027 8084 8028
f 8005 8086 8087
f 8005 8087 8006
f 7982 8088 8086
f 7982 8086 8005
f 7981 8089 8088
f 7981 8088 7982
f 7981 8080 8090
f 7981 8090 8089
f 8078 7820 7821
f 8078 7821 8080
f 8068 7822 7823
f 8068 7823 8069
f 8074 7824 7825
f 8074 7825 8075
f 8066 7826 7827
f 8066 7827 8073
f 8061 8072 7828
f 8061 7828 7829
f 8071 8079 7830
f 8071 7830 7831
f 8070 7832 7833
f 8070 7833 8077
f 8067 8076 7850
f 8067 7850 7851
f 8062 7852 7853
f 8062 7853 8063
f 8064 7862 7863
f 8064 7863 8065
f 8063 7853 7862
f 8063 7862 8064
f 8062 8061 7829
f 8062 7829 7852
f 8071 7831 7828
f 8071 7828 8072
f 8065 7863 7826
f 8065 7826 8066
f 8073 7827 7824
f 8073 7824 8074
f 8076 8075 7825
f 8076 7825 7850
f 8067 7851 7822
f 8067 7822 8068
f 8070 8069 7823
f 8070 7823 7832
f 8077 7833 7820
f 8077 7820 8078
f 8080 7821 7873
f 8080 7873 8090
f 8079 8082 7877
f 8079 7877 7830
f 8091 8092 8093
f 8091 8093 8094
f 8095 8096 8097
f 8095 8097 8098
f 8099 8100 8101
f 8099 8101 8102
f 8103 8104 8105
f 8103 8105 8106
f 8107 8108 8109
f 8107 8109 8110
f 8111 8112 8113
f 8111 8113 8114
f 8115 8116 8117
f 8115 8117 8118
f 8119 8120 8121
f 8119 8121 8122
f 8123 8124 8125
f 8123 8125 8126
f 8127 8128 8129
f 8127 8129 8130
f 8131 8132 8133
f 8131 8133 8134
f 8135 8136 8137
f 8135 8137 8138
f 8139 8140 8141
f 8139 8141 8142
f 8143 8144 8145
f 8143 8145 8146
f 8147 8148 8149
f 8147 8149 8150
f 8151 8152 8153
f 8151 8153 8154
f 8155 8156 8157
f 8155 8157 8158
f 8159 8160 8161
f 8159 8161 8162
f 8163 8164 8165
f 8163 8165 8166
f 8167 8168 8169
f 8167 8169 8170
f 8108 8133 8156
f 8108 8156 8161
f 8109 8160 8171
f 8109 8171 8172
f 8159 8168 8173
f 8159 8173 8174
f 8155 8164 8169
f 8155 8169 8162
f 8103 8175 8176
f 8103 8176 8167
f 8104 8170 8163
f 8104 8163 8127
f 8097 8122 8148
f 8097 8148 8153
f 8096 8140 8145
f 8096 8145 8119
f 8095 8177 8178
f 8095 8178 8141
f 8098 8152 8179
f 8098 8179 8180
f 8107 8113 8138
f 8107 8138 8134
f 8100 8105 8130
f 8100 8130 8123
f 8101 8126 8146
f 8101 8146 8139
f 8092 8154 8147
f 8092 8147 8115
f 8110 8181 8182
f 8110 8182 8114
f 8099 8183 8184
f 8099 8184 8106
f 8102 8142 8185
f 8102 8185 8186
f 8091 8187 8188
f 8091 8188 8151
f 8167 8176 8173
f 8167 8173 8168
f 8163 8170 8169
f 8163 8169 8164
f 8159 8174 8171
f 8159 8171 8160
f 8159 8162 8169
f 8159 8169 8168
f 8155 8162 8161
f 8155 8161 8156
f 8155 8158 8165
f 8155 8165 8164
f 8151 8188 8179
f 8151 8179 8152
f 8147 8154 8153
f 8147 8153 8148
f 8139 8146 8145
f 8139 8145 8140
f 8141 8178 8185
f 8141 8185 8142
f 8132 8157 8156
f 8132 8156 8133
f 8131 8134 8138
f 8131 8138 8137
f 8127 8163 8166
f 8127 8166 8128
f 8123 8130 8129
f 8123 8129 8124
f 8125 8143 8146
f 8125 8146 8126
f 8119 8145 8144
f 8119 8144 8120
f 8121 8149 8148
f 8121 8148 8122
f 8115 8147 8150
f 8115 8150 8116
f 8112 8135 8138
f 8112 8138 8113
f 8111 8114 8182
f 8111 8182 8189
f 8107 8134 8133
f 8107 8133 8108
f 8108 8161 8160
f 8108 8160 8109
f 8109 8172 8181
f 8109 8181 8110
f 8107 8110 8114
f 8107 8114 8113
f 8103 8167 8170
f 8103 8170 8104
f 8104 8127 8130
f 8104 8130 8105
f 8103 8106 8184
f 8103 8184 8175
f 8099 8106 8105
f 8099 8105 8100
f 8100 8123 8126
f 8100 8126 8101
f 8101 8139 8142
f 8101 8142 8102
f 8099 8102 8186
f 8099 8186 8183
f 8095 8141 8140
f 8095 8140 8096
f 8096 8119 8122
f 8096 8122 8097
f 8097 8153 8152
f 8097 8152 8098
f 8095 8098 8180
f 8095 8180 8177
f 8091 8151 8154
f 8091 8154 8092
f 8092 8115 8118
f 8092 8118 8093
f 8091 8094 8190
f 8091 8190 8187
f 8082 8081 8111
f 8082 8111 8189
f 8081 8083 8112
f 8081 8112 8111
f 8083 8084 8135
f 8083 8135 8112
f 8084 8085 8136
f 8084 8136 8135
f 8087 8086 8118
f 8087 8118 8117
f 8086 8088 8093
f 8086 8093 8118
f 8088 8089 8094
f 8088 8094 8093
f 8089 8090 8190
f 8089 8190 8094
f 8187 8190 7929
f 8187 7929 7930
f 8177 8180 7931
f 8177 7931 7932
f 8183 8186 7933
f 8183 7933 7934
f 8175 8184 7935
f 8175 7935 7936
f 8172 7937 7938
f 8172 7938 8181
f 8182 7939 7940
f 8182 7940 8189
f 8179 8188 7941
f 8179 7941 7942
f 8178 7959 7960
f 8178 7960 8185
f 8171 8174 7961
f 8171 7961 7962
f 8173 8176 7971
f 8173 7971 7972
f 8173 7972 7961
f 8173 7961 8174
f 8172 8171 7962
f 8172 7962 7937
f 8181 7938 7939
f 8181 7939 8182
f 8175 7936 7971
f 8175 7971 8176
f 8183 7934 7935
f 8183 7935 8184
f 8186 8185 7960
f 8186 7960 7933
f 8177 7932 7959
f 8177 7959 8178
f 8180 8179 7942
f 8180 7942 7931
f 8187 7930 7941
f 8187 7941 8188
f 8090 7873 7929
f 8090 7929 8190
f 8082 8189 7940
f 8082 7940 7877
f 8191 8192 8193
f 8191 8193 8194
f 8195 8196 8197
f 8195 8197 8198
f 8199 8200 8201
f 8199 8201 8202
f 8203 8204 8205
f 8203 8205 8206
f 8207 8208 8209
f 8207 8209 8210
f 8211 8212 8213
f 8211 8213 8214
f 8215 8216 8217
f 8215 8217 8218
f 8219 8220 8221
f 8219 8221 8222
f 8223 8224 8225
f 8223 8225 8226
f 8227 8228 8229
f 8227 8229 8230
f 8231 8232 8233
f 8231 8233 8234
f 8235 8236 8237
f 8235 8237 8238
f 8239 8240 8241
f 8239 8241 8242
f 8243 8244 8245
f 8243 8245 8246
f 8247 8248 8249
f 8247 8249 8250
f 8251 8252 8253
f 8251 8253 8254
f 8255 8256 8257
f 8258 8259 8260
f 8258 8260 8261
f 8262 8263 8264
f 8262 8264 8265
f 8266 8267 8268
f 8266 8268 8269
f 8270 8271 8272
f 8270 8272 8273
f 8274 8275 8276
f 8277 8278 8279
f 8277 8279 8280
f 8281 8282 8283
f 8281 8283 8284
f 8285 8286 8287
f 8285 8287 8288
f 8289 8290 8291
f 8289 8291 8292
f 8293 8294 8295
f 8293 8295 8296
f 8297 8298 8299
f 8297 8299 8300
f 8266 8273 8293
f 8266 8293 8276
f 8222 8297 8294
f 8222 8294 8272
f 8209 8252 8249
f 8209 8249 8232
f 8023 8046 8253
f 8023 8253 8208
f 8045 8054 8264
f 8045 8264 8254
f 8250 8251 8263
f 8250 8263 8260
f 8247 8259 8290
f 8247 8290 8278
f 8233 8248 8277
f 8233 8277 8284
f 8019 8206 8265
f 8019 8265 8053
f 8229 8291 8258
f 8205 8230 8261
f 8205 8261 8262
f 8010 8038 8245
f 8010 8245 8195
f 8196 8244 8219
f 8196 8219 8271
f 8197 8270 8269
f 8197 8269 8241
f 8011 8198 8240
f 8011 8240 8035
f 8234 8283 8257
f 8234 8257 8236
f 8274 8285 8292
f 8224 8267 8275
f 8217 8298 8221
f 8210 8231 8235
f 8210 8235 8212
f 8201 8226 8227
f 8201 8227 8204
f 8200 8242 8268
f 8200 8268 8223
f 8193 8218 8220
f 8193 8220 8243
f 8024 8207 8211
f 8024 8211 8026
f 8015 8202 8203
f 8015 8203 8018
f 8014 8036 8239
f 8014 8239 8199
f 8007 8194 8246
f 8007 8246 8037
f 8294 8297 8300
f 8294 8300 8295
f 8286 8293 8296
f 8286 8296 8287
f 8285 8288 8289
f 8285 8289 8292
f 8278 8290 8289
f 8278 8289 8279
f 8277 8280 8281
f 8277 8281 8284
f 8274 8276 8286
f 8274 8286 8285
f 8272 8294 8293
f 8272 8293 8273
f 8266 8276 8275
f 8266 8275 8267
f 8266 8269 8270
f 8266 8270 8273
f 8053 8265 8264
f 8053 8264 8054
f 8260 8263 8262
f 8260 8262 8261
f 8258 8291 8290
f 8258 8290 8259
f 8255 8257 8283
f 8255 8283 8282
f 8045 8254 8253
f 8045 8253 8046
f 8251 8254 8264
f 8251 8264 8263
f 8249 8252 8251
f 8249 8251 8250
f 8247 8278 8277
f 8247 8277 8248
f 8247 8250 8260
f 8247 8260 8259
f 8037 8246 8245
f 8037 8245 8038
f 8241 8269 8268
f 8241 8268 8242
f 8035 8240 8239
f 8035 8239 8036
f 8236 8257 8256
f 8236 8256 8237
f 8233 8284 8283
f 8233 8283 8234
f 8232 8249 8248
f 8232 8248 8233
f 8231 8234 8236
f 8231 8236 8235
f 8229 8258 8261
f 8229 8261 8230
f 8228 8292 8291
f 8228 8291 8229
f 8225 8228 8227
f 8225 8227 8226
f 8224 8275 8274
f 8224 8274 8225
f 8223 8268 8267
f 8223 8267 8224
f 8221 8298 8297
f 8221 8297 8222
f 8219 8244 8243
f 8219 8243 8220
f 8219 8222 8272
f 8219 8272 8271
f 8217 8221 8220
f 8217 8220 8218
f 8216 8299 8298
f 8216 8298 8217
f 8212 8235 8238
f 8212 8238 8213
f 8209 8232 8231
f 8209 8231 8210
f 8208 8253 8252
f 8208 8252 8209
f 8207 8210 8212
f 8207 8212 8211
f 8205 8262 8265
f 8205 8265 8206
f 8204 8227 8230
f 8204 8230 8205
f 8201 8204 8203
f 8201 8203 8202
f 8200 8223 8226
f 8200 8226 8201
f 8199 8239 8242
f 8199 8242 8200
f 8197 8241 8240
f 8197 8240 8198
f 8196 8271 8270
f 8196 8270 8197
f 8195 8245 8244
f 8195 8244 8196
f 8193 8243 8246
f 8193 8246 8194
f 8192 8215 8218
f 8192 8218 8193
f 8026 8211 8214
f 8026 8214 8027
f 8023 8208 8207
f 8023 8207 8024
f 8018 8203 8206
f 8018 8206 8019
f 8014 8199 8202
f 8014 8202 8015
f 8010 8195 8198
f 8010 8198 8011
f 8006 8191 8194
f 8006 8194 8007
f 8006 8087 8301
f 8006 8301 8191
f 8191 8301 8302
f 8191 8302 8192
f 8192 8302 8303
f 8192 8303 8215
f 8215 8303 8304
f 8215 8304 8216
f 8255 8282 8305
f 8255 8305 8306
f 8255 8306 8307
f 8255 8307 8256
f 8281 8308 8305
f 8281 8305 8282
f 8279 8289 8288
f 8279 8288 8309
f 8287 8310 8309
f 8287 8309 8288
f 8279 8311 8312
f 8279 8312 8280
f 8027 8214 8313
f 8027 8313 8085
f 8213 8314 8313
f 8213 8313 8214
f 8213 8238 8315
f 8213 8315 8314
f 8237 8316 8315
f 8237 8315 8238
f 8280 8312 8308
f 8280 8308 8281
f 8287 8296 8317
f 8287 8317 8310
f 8295 8318 8317
f 8295 8317 8296
f 8295 8300 8319
f 8295 8319 8318
f 8299 8320 8319
f 8299 8319 8300
f 8237 8256 8307
f 8237 8307 8316
f 8216 8304 8320
f 8216 8320 8299
f 8279 8309 8311
f 8225 8274 8292
f 8225 8292 8228
f 8276 8293 8286
f 8321 8322 8323
f 8321 8323 8324
f 8325 8326 8327
f 8325 8327 8328
f 8329 8330 8331
f 8329 8331 8332
f 8333 8334 8335
f 8333 8335 8336
f 8337 8338 8339
f 8337 8339 8340
f 8341 8342 8343
f 8341 8343 8344
f 8345 8346 8347
f 8345 8347 8348
f 8349 8350 8351
f 8349 8351 8352
f 8353 8354 8355
f 8353 8355 8356
f 8357 8358 8359
f 8357 8359 8360
f 8361 8362 8363
f 8361 8363 8364
f 8365 8366 8367
f 8365 8367 8368
f 8369 8370 8371
f 8369 8371 8372
f 8373 8374 8375
f 8373 8375 8376
f 8377 8378 8379
f 8377 8379 8380
f 8381 8382 8383
f 8381 8383 8384
f 8385 8386 8387
f 8388 8389 8390
f 8388 8390 8391
f 8392 8393 8394
f 8392 8394 8395
f 8396 8397 8398
f 8396 8398 8399
f 8400 8401 8402
f 8400 8402 8403
f 8404 8405 8406
f 8407 8408 8409
f 8407 8409 8410
f 8411 8412 8413
f 8411 8413 8414
f 8415 8416 8417
f 8415 8417 8418
f 8419 8420 8421
f 8419 8421 8422
f 8423 8424 8425
f 8423 8425 8426
f 8427 8428 8429
f 8427 8429 8430
f 8399 8404 8426
f 8399 8426 8400
f 8349 8401 8425
f 8349 8425 8430
f 8338 8363 8378
f 8338 8378 8383
f 8132 8339 8382
f 8132 8382 8157
f 8158 8381 8393
f 8158 8393 8165
f 8377 8389 8394
f 8377 8394 8384
f 8380 8409 8421
f 8380 8421 8390
f 8362 8411 8410
f 8362 8410 8379
f 8128 8166 8392
f 8128 8392 8333
f 8358 8391 8420
f 8334 8395 8388
f 8334 8388 8357
f 8121 8328 8374
f 8121 8374 8149
f 8327 8402 8352
f 8327 8352 8375
f 8326 8370 8396
f 8326 8396 8403
f 8120 8144 8371
f 8120 8371 8325
f 8361 8367 8385
f 8361 8385 8412
f 8406 8419 8418
f 8355 8405 8398
f 8346 8350 8429
f 8337 8343 8368
f 8337 8368 8364
f 8330 8335 8360
f 8330 8360 8353
f 8331 8356 8397
f 8331 8397 8369
f 8322 8376 8351
f 8322 8351 8345
f 8131 8137 8344
f 8131 8344 8340
f 8124 8129 8336
f 8124 8336 8329
f 8125 8332 8372
f 8125 8372 8143
f 8116 8150 8373
f 8116 8373 8321
f 8424 8427 8430
f 8424 8430 8425
f 8416 8423 8426
f 8416 8426 8417
f 8415 8418 8419
f 8415 8419 8422
f 8408 8422 8421
f 8408 8421 8409
f 8407 8410 8411
f 8407 8411 8414
f 8404 8406 8418
f 8404 8418 8417
f 8400 8426 8425
f 8400 8425 8401
f 8398 8405 8404
f 8398 8404 8399
f 8396 8399 8400
f 8396 8400 8403
f 8165 8393 8392
f 8165 8392 8166
f 8388 8395 8394
f 8388 8394 8389
f 8390 8421 8420
f 8390 8420 8391
f 8385 8387 8413
f 8385 8413 8412
f 8157 8382 8381
f 8157 8381 8158
f 8381 8384 8394
f 8381 8394 8393
f 8377 8384 8383
f 8377 8383 8378
f 8379 8410 8409
f 8379 8409 8380
f 8377 8380 8390
f 8377 8390 8389
f 8149 8374 8373
f 8149 8373 8150
f 8369 8397 8396
f 8369 8396 8370
f 8143 8372 8371
f 8143 8371 8144
f 8366 8386 8385
f 8366 8385 8367
f 8361 8412 8411
f 8361 8411 8362
f 8362 8379 8378
f 8362 8378 8363
f 8361 8364 8368
f 8361 8368 8367
f 8357 8388 8391
f 8357 8391 8358
f 8358 8420 8419
f 8358 8419 8359
f 8353 8360 8359
f 8353 8359 8354
f 8354 8406 8405
f 8354 8405 8355
f 8355 8398 8397
f 8355 8397 8356
f 8349 8430 8429
f 8349 8429 8350
f 8351 8376 8375
f 8351 8375 8352
f 8349 8352 8402
f 8349 8402 8401
f 8345 8351 8350
f 8345 8350 8346
f 8346 8429 8428
f 8346 8428 8347
f 8342 8365 8368
f 8342 8368 8343
f 8337 8364 8363
f 8337 8363 8338
f 8338 8383 8382
f 8338 8382 8339
f 8337 8340 8344
f 8337 8344 8343
f 8333 8392 8395
f 8333 8395 8334
f 8334 8357 8360
f 8334 8360 8335
f 8329 8336 8335
f 8329 8335 8330
f 8330 8353 8356
f 8330 8356 8331
f 8331 8369 8372
f 8331 8372 8332
f 8325 8371 8370
f 8325 8370 8326
f 8326 8403 8402
f 8326 8402 8327
f 8327 8375 8374
f 8327 8374 8328
f 8321 8373 8376
f 8321 8376 8322
f 8322 8345 8348
f 8322 8348 8323
f 8136 8341 8344
f 8136 8344 8137
f 8131 8340 8339
f 8131 8339 8132
f 8128 8333 8336
f 8128 8336 8129
f 8124 8329 8332
f 8124 8332 8125
f 8120 8325 8328
f 8120 8328 8121
f 8116 8321 8324
f 8116 8324 8117
f 8087 8117 8324
f 8087 8324 8301
f 8301 8324 8323
f 8301 8323 8302
f 8302 8323 8348
f 8302 8348 8303
f 8303 8348 8347
f 8303 8347 8304
f 8306 8305 8413
f 8306 8413 8387
f 8306 8387 8386
f 8306 8386 8307
f 8305 8308 8414
f 8305 8414 8413
f 8309 8415 8422
f 8309 8422 8408
f 8309 8310 8416
f 8309 8416 8415
f 8312 8311 8408
f 8312 8408 8407
f 8085 8313 8341
f 8085 8341 8136
f 8313 8314 8342
f 8313 8342 8341
f 8314 8315 8365
f 8314 8365 8342
f 8315 8316 8366
f 8315 8366 8365
f 8308 8312 8407
f 8308 8407 8414
f 8310 8317 8423
f 8310 8423 8416
f 8317 8318 8424
f 8317 8424 8423
f 8318 8319 8427
f 8318 8427 8424
f 8319 8320 8428
f 8319 8428 8427
f 8307 8386 8366
f 8307 8366 8316
f 8304 8347 8428
f 8304 8428 8320
f 8309 8408 8311
f 8354 8359 8419
f 8354 8419 8406
f 8404 8417 8426
# 16843 faces, 0 coords texture

# End of File
